"id","X","treatment","outcome","estimated_control_probability","estimated_treatment_probability","estimated_CATE","cate_se","cate_lower","cate_upper","true_CATE","CATE_error"
1,-2.15783000843202,1,0,0.0911849130555433,0.163307742018353,0.0721228289628102,0.0272871065700027,0.0186410828432986,0.125604575082322,0,0.0721228289628102
2,0.262624602491902,0,0,0.0989026684508639,0.0914574830336452,-0.00744518541721871,0.0097015738079744,-0.0264599206742056,0.0115695498397682,0,-0.00744518541721871
3,-0.386676890194971,1,0,0.0967770294846938,0.107326775695782,0.0105497462110887,0.0102187652457344,-0.0094786656370204,0.0305781580591978,0,0.0105497462110887
4,1.44067391441077,1,0,0.102865546700354,0.0679738023068148,-0.0348917443935391,0.0151372188392292,-0.0645601481445296,-0.00522334064254866,-0.04,0.00510825560646085
5,-0.816303408846286,1,0,0.0953930591814388,0.119117654373906,0.0237245951924676,0.0126232795959079,-0.0010165781822913,0.0484657685672265,0,0.0237245951924676
6,-1.65162532995243,0,0,0.0927528090941943,0.14525666533375,0.0525038562395557,0.0207269327428769,0.0118798145535329,0.0931278979255785,0,0.0525038562395557
7,0.379407906987762,0,1,0.0992893683810088,0.0888372801423762,-0.0104520882386326,0.00998188487850612,-0.0300162230983295,0.0091120466210644,0,-0.0104520882386326
8,-0.697574000048641,1,0,0.0957737460663465,0.115751509879621,0.0199777638132743,0.0118131274663038,-0.003175540565462,0.0431310681920106,0,0.0199777638132743
9,0.0894578348580843,1,0,0.0983317362758567,0.0954706904526765,-0.00286104582318017,0.00947256644641042,-0.0214269348993071,0.0157048432529468,0,-0.00286104582318017
10,-0.337491574719086,0,0,0.0969366105297214,0.106044448629945,0.00910783810022399,0.0100435017999225,-0.0105770637062872,0.0287927399067352,0,0.00910783810022399
11,-0.866052453494144,1,0,0.0952339496054749,0.120553100719696,0.0253191511142213,0.0129923221322864,-0.000145332340602683,0.0507836345690452,0,0.0253191511142213
12,-1.55520943781429,1,0,0.093054174175213,0.142012457520625,0.0489582833454119,0.0196074634797565,0.0105283610969047,0.0873882055939192,0,0.0489582833454119
13,0.271615954996067,0,0,0.0989323934567111,0.0912533040912074,-0.00767908936550368,0.00971979057587863,-0.0267295288314976,0.0113713501004903,0,-0.00767908936550368
14,-1.72156336985557,0,0,0.0925347538744009,0.147648259098164,0.055113505223763,0.0215657571210821,0.012845397967104,0.097381612480422,0,0.055113505223763
15,0.497346776305901,0,1,0.0996812594329454,0.0862600956941392,-0.0134211637388062,0.0103522892941833,-0.0337112779129452,0.0068689504353327,0,-0.0134211637388062
16,0.895864774269119,0,0,0.101015660353569,0.0780458684221509,-0.0229697919314179,0.0120830348319171,-0.0466521050259183,0.000712521163082475,-0.04,0.0170302080685821
17,0.483980759182466,1,0,0.0996367773874445,0.0865487309693032,-0.0130880464181413,0.0103063351072333,-0.0332880920409192,0.00711199920463662,0,-0.0130880464181413
18,-0.591984926376802,0,0,0.0961134411000582,0.112827665763067,0.0167142246630085,0.0111818377390824,-0.00520177458656369,0.0386302239125807,0,0.0167142246630085
19,0.261699282032813,0,0,0.0988996098344246,0.0914785188525129,-0.00742109098191174,0.00969973244156143,-0.0264322172270469,0.0115900352632234,0,-0.00742109098191174
20,-1.22220671705925,0,0,0.0941018017761553,0.131270454048736,0.037168652272581,0.016087692733837,0.00563735391991386,0.0686999506252482,0,0.037168652272581
21,-1.83430679028504,0,0,0.0921842077173545,0.151572059547031,0.0593878518296769,0.0229644042020353,0.0143784466672675,0.104397256992086,0,0.0593878518296769
22,1.43717741714836,1,0,0.102853579366174,0.0680344256931604,-0.0348191536730137,0.0151161498485234,-0.0644462629610301,-0.00519204438499719,-0.04,0.00518084632698634
23,0.821306973755994,0,0,0.100764810498049,0.0795261652907624,-0.0212386452072864,0.0117152185087409,-0.0442000515554355,0.00172276114086278,-0.04,0.0187613547927136
24,0.215319856984302,0,0,0.0987464120173988,0.092538476622299,-0.00620793539509983,0.00961558332335322,-0.0250541323992161,0.0126382616090164,0,-0.00620793539509983
25,-1.17519273939143,1,0,0.0942505565246541,0.129810713210917,0.0355601566862632,0.015636846516475,0.00491250068219154,0.0662078126903348,0,0.0355601566862632
26,2.11243492908281,0,1,0.105187734835273,0.0572157790381903,-0.0479719557970823,0.019388916912557,-0.0859735346449335,-0.009970376949231,-0.04,-0.00797195579708227
27,1.09519712017616,0,0,0.101689038041791,0.0742113559681471,-0.0274776820736436,0.0131368245610289,-0.0532253850844814,-0.00172997906280582,-0.04,0.0125223179263564
28,0.572350023793888,0,0,0.099931197629081,0.0846565398387713,-0.0152746577903097,0.0106272881802061,-0.0361037598768419,0.0055544442962224,0,-0.0152746577903097
29,1.84778947460345,1,0,0.104267418113387,0.0612485580864092,-0.043018860026978,0.0176721237194236,-0.0776555860473843,-0.00838213400657174,-0.04,-0.00301886002697799
30,-0.762108227132698,0,0,0.0955666591728009,0.117570765433319,0.0220041062605181,0.0122408287309297,-0.00198747719302726,0.0459956897140634,0,0.0220041062605181
31,0.154475342917118,1,0,0.0985457544201622,0.0939457394474164,-0.00460001497274586,0.00953034233982237,-0.0232791427191349,0.0140791127736432,0,-0.00460001497274586
32,-2.09719175580635,0,0,0.0913714666539108,0.161053771266327,0.0696823046124162,0.0264425562155804,0.0178558467707029,0.12150876245413,0,0.0696823046124162
33,-0.594463549807673,1,0,0.0961054546901055,0.112895555793054,0.0167901011029485,0.0111956439560361,-0.00515295783461571,0.0387331600405128,0,0.0167901011029485
34,-0.169894244804135,0,0,0.0974821427201416,0.101775904794372,0.00429376207423074,0.00961590265774844,-0.0145530608137992,0.0231405849622607,0,0.00429376207423074
35,0.254732107584999,0,0,0.0988765827716224,0.0916370472271408,-0.00723953554448163,0.00968606912435836,-0.0262238821799894,0.0117448110910262,0,-0.00723953554448163
36,-0.222387992304802,1,0,0.0973109807780271,0.103096222028769,0.00578524125074213,0.00972131566925349,-0.0132681873433396,0.0248386698448239,0,0.00578524125074213
37,-1.02101680814515,1,0,0.0947398566786962,0.12512034568408,0.0303804890053835,0.0142456702740726,0.00245948833256833,0.0583014896781987,0,0.0303804890053835
38,-0.0685653802157388,0,0,0.0978132968274479,0.0992696489492704,0.00145635212182249,0.00948611532470909,-0.0171360922678008,0.0200487965114458,0,0.00145635212182249
39,0.110230797610083,0,0,0.0984000695855034,0.0949810800848873,-0.00341898950061606,0.00948717120837804,-0.0220135033842024,0.0151755243829702,0,-0.00341898950061606
40,0.282380974190214,0,0,0.0989679925853023,0.0910093875090295,-0.00795860507627279,0.00974236804425866,-0.0270532955671537,0.0111360854146081,0,-0.00795860507627279
41,-0.97864062052609,1,0,0.0948747417089935,0.123856867169948,0.0289821254609543,0.0138878884991102,0.00176236418139027,0.0562018867405183,0,0.0289821254609543
42,0.0642084027273336,0,1,0.0982487344093395,0.0960688480796446,-0.00217988632969497,0.00945980093891068,-0.0207207554708781,0.0163609828114881,0,-0.00217988632969497
43,0.263157542368139,0,1,0.0989044301043687,0.0914453693927767,-0.00745906071159197,0.00970263718070109,-0.0264758801408254,0.0115577587176414,0,-0.00745906071159197
44,0.790312231034701,1,0,0.100660691491698,0.0801490617679322,-0.0205116297237656,0.0115673157414869,-0.0431831519748831,0.00215989252735189,-0.04,0.0194883702762344
45,1.64045145795521,1,0,0.103551368276312,0.064592113325693,-0.0389592549506194,0.016362499101189,-0.071029163886019,-0.00688934601521992,-0.04,0.00104074504938056
46,0.00985089365050169,1,0,0.0980702580839259,0.0973679515781144,-0.000702306505811504,0.00945131065054807,-0.0192265349875855,0.0178219219759625,0,-0.000702306505811504
47,-0.454994205369719,1,0,0.0965557641214666,0.109130521801095,0.0125747576796289,0.0104985648725647,-0.00800205135995528,0.033151566719213,0,0.0125747576796289
48,-0.60415155479276,1,0,0.0960742445120464,0.113161254432981,0.0170870099209351,0.0112500842007412,-0.00496274993556072,0.0391367697774309,0,0.0170870099209351
49,0.37751524246454,0,0,0.0992830905650258,0.0888791995499771,-0.0104038910150486,0.00997661941502824,-0.029957705755967,0.00914992372586976,0,-0.0104038910150486
50,-1.28801083762167,0,0,0.0938939473398097,0.133336990365065,0.0394430430252551,0.0167386455266117,0.0066359006431137,0.0722501854073964,0,0.0394430430252551
51,-0.00603834327921938,1,0,0.0980181422952186,0.0977506421109878,-0.000267500184230759,0.00945382132031779,-0.0187966494883305,0.018261649119869,0,-0.000267500184230759
52,-1.05348160413592,0,0,0.0946366361709692,0.126095767020448,0.0314591308494787,0.0145271226332167,0.00298649368937734,0.0599317680095801,0,0.0314591308494787
53,1.38524444789812,1,0,0.10267597535254,0.0689407751564788,-0.0337352001960609,0.0148049188221417,-0.0627523078814977,-0.0047180925106241,-0.04,0.0062647998039391
54,1.33548694223022,0,0,0.102506065957934,0.069819633539465,-0.0326864324184686,0.0145098747758597,-0.0611252643993398,-0.00424760043759743,-0.04,0.00731356758153136
55,-1.01570375899615,0,1,0.0947567588990463,0.124961329516023,0.0302045706169767,0.014200211582704,0.00237266734202841,0.058036473891925,0,0.0302045706169767
56,-1.2909597202857,0,0,0.0938846423918179,0.133430239476117,0.0395455970842988,0.016768350352303,0.0066802343136354,0.0724109598549621,0,0.0395455970842988
57,1.02069649466395,0,0,0.101436897973492,0.0756237959504646,-0.0258131020230272,0.0127322883776182,-0.0507679286839367,-0.000858275362117689,-0.04,0.0141868979769728
58,1.01051205279245,1,0,0.101402472849864,0.0758187875126274,-0.0255836853372364,0.0126779135639516,-0.0504319393216934,-0.000735431352779415,-0.04,0.0144163146627636
59,-0.673463269853816,0,0,0.0958512190106522,0.115078117291744,0.0192268982810914,0.0116613290623187,-0.00362888669292341,0.0420826832551062,0,0.0192268982810914
60,-0.892618477540262,0,0,0.0951490822710224,0.121325727526543,0.0261766452555205,0.0131962215718713,0.000312526242642192,0.0520407642683988,0,0.0261766452555205
61,-1.69034659396653,0,1,0.0926320256697919,0.146576775291316,0.053944749621524,0.0211885963814532,0.0124158638309201,0.0954736354121279,0,0.053944749621524
62,-1.60823351442929,0,0,0.0928883293749575,0.143789066262816,0.0509007368878587,0.0202177694518317,0.0112746369145344,0.090526836861183,0,0.0509007368878587
63,-0.379884252448872,1,0,0.0967990541315676,0.107148874041202,0.0103498199096349,0.0101932429159258,-0.00962856909124767,0.0303282089105174,0,0.0103498199096349
64,1.04873012190244,0,0,0.101531709891132,0.0750894394243223,-0.0264422704668099,0.0128831409704798,-0.0516927627767028,-0.00119177815691708,-0.04,0.0135577295331901
65,-2.22851174071261,1,0,0.0909678932518237,0.165967000458322,0.0749991072064979,0.0282912681336625,0.0195492405875537,0.130448973825442,0,0.0749991072064979
66,-0.532612933298974,1,0,0.0963049218247853,0.111212076012926,0.0149071541881411,0.0108662191800624,-0.0063902440528996,0.0362045524291817,0,0.0149071541881411
67,2.44943991673464,0,1,0.106370055663506,0.0524410278483438,-0.0539290278151625,0.0216370781836724,-0.0963369217858378,-0.0115211338444872,-0.04,-0.0139290278151625
68,-1.69522099655328,0,0,0.0926168309345395,0.146743658836061,0.0541268279015213,0.0212471974547239,0.0124830861178513,0.0957705696851913,0,0.0541268279015213
69,0.393308801324064,1,1,0.0993354873536079,0.0885299446304653,-0.0108055427231426,0.0100212466932214,-0.0304468253220477,0.00883573987576245,0,-0.0108055427231426
70,0.616015933051274,0,0,0.100076964832621,0.0837354745587965,-0.0163414902738246,0.0107998961514997,-0.0375088977675368,0.00482591721988758,0,-0.0163414902738246
71,-0.765138200966328,0,0,0.0955569459975186,0.117656788242349,0.0220998422448309,0.0122616593125081,-0.00193256839838504,0.0461322528880469,0,0.0220998422448309
72,-0.352375686634669,0,0,0.0968882944737064,0.10643106589082,0.00954277141711374,0.0100941941721262,-0.0102414856132078,0.0293270284474352,0,0.00954277141711374
73,0.798593142073584,1,0,0.100688499762974,0.0799822069273917,-0.0207062928355822,0.0116065272041068,-0.0434546681412159,0.00204208247005151,-0.04,0.0192937071644178
74,-1.19300998274161,1,0,0.0941941570343331,0.130362290139693,0.0361681331053598,0.0158062889654268,0.00518837600389036,0.0671478902068292,0,0.0361681331053598
75,-0.465032662192218,0,0,0.0965232897769297,0.109397792441702,0.012874502664772,0.0105431739261582,-0.00778973851323982,0.0335387438427838,0,0.012874502664772
76,0.126345743933972,0,0,0.0984531093399537,0.0946028064937647,-0.00385030284618901,0.00950101281749331,-0.0224719457851293,0.0147713400927513,0,-0.00385030284618901
77,0.0351917831219392,0,0,0.098153425855382,0.0967603844886751,-0.0013930413667069,0.00945200510427674,-0.0199186309527781,0.0171325482193643,0,-0.0013930413667069
78,0.485354614343119,1,0,0.0996413487571745,0.0865190226969653,-0.0131223260602092,0.0103110141311468,-0.0333315424013406,0.00708689028092213,0,-0.0131223260602092
79,1.33364112577754,0,0,0.102499767751348,0.0698524344143936,-0.0326473333369541,0.0144989920825302,-0.0610648356308447,-0.00422983104306349,-0.04,0.00735266666304591
80,0.31945719181469,1,0,0.0990906881959595,0.0901737896741274,-0.00891689852183207,0.00982638655332041,-0.0281762622645088,0.0103424652208446,0,-0.00891689852183207
81,-0.232282846675345,0,0,0.0972787475090827,0.103346788197153,0.00606804068807067,0.00974411105579456,-0.0130300660426452,0.0251661474187866,0,0.00606804068807067
82,-0.273945813825714,1,0,0.0971431315872386,0.104407732627412,0.0072646010401731,0.00985024347775021,-0.0120415214151679,0.0265707234955141,0,0.0072646010401731
83,-1.0961234522868,0,0,0.0945012111492892,0.127386842599255,0.0328856314499657,0.014906261499434,0.00366989576693898,0.0621013671329925,0,0.0328856314499657
84,1.06957168216173,1,0,0.101602248610953,0.0746944234666613,-0.0269078251442915,0.0129963780823058,-0.0523802581150767,-0.00143539217350636,-0.04,0.0130921748557085
85,1.69248321581235,0,0,0.103730652112555,0.063737408206726,-0.0399932439058286,0.0166878518973469,-0.0727008326039668,-0.00728565520769031,-0.04,6.75609417143813e-06
86,0.314791660031426,1,0,0.0990752411989434,0.0902785567755346,-0.00879668442340881,0.0098152895609366,-0.0280342984606765,0.0104409296138589,0,-0.00879668442340881
87,-0.345560513126369,0,0,0.0969104148785994,0.106253886764234,0.00934347188563467,0.0100707292530043,-0.0103947947483076,0.029081738519577,0,0.00934347188563467
88,-1.97608128560327,0,0,0.0917450908146384,0.156627322564368,0.06488223174973,0.0248029285938123,0.0162693849947392,0.113495078504721,0,0.06488223174973
89,-0.181817801836809,1,0,0.097443241026173,0.102074482555235,0.0046312415290619,0.00963755296987473,-0.0142580151909896,0.0235204982491134,0,0.0046312415290619
90,0.220773625364576,0,0,0.0987644156188353,0.0924132660253485,-0.0063511495934868,0.00962463726200471,-0.0252150919912782,0.0125127928043046,0,-0.0063511495934868
91,0.699727437203745,1,0,0.100356942256371,0.0819951342036807,-0.0183618080526905,0.0111538996489425,-0.0402230496517918,0.00349943354641076,-0.04,0.0216381919473095
92,0.543871901127066,1,1,0.0998362325897393,0.0852621862462744,-0.0145740463434649,0.0105195536150223,-0.0351919925623468,0.00604389987541695,0,-0.0145740463434649
93,1.46316397210225,1,0,0.102942552073909,0.0675850581282394,-0.0353574939456699,0.0152730716498871,-0.0652921643127484,-0.00542282357859141,-0.04,0.00464250605433012
94,-0.456892478020473,0,0,0.0965496224733487,0.109181018722041,0.0126313962486923,0.0105069325652655,-0.0079618131672192,0.0332246056646038,0,0.0126313962486923
95,0.000404417852525588,1,0,0.0980392712073299,0.0975953075224106,-0.000443963684919252,0.00945252794701231,-0.0189705780239217,0.0180826506540832,0,-0.000443963684919252
96,-0.154580171888322,1,0,0.097532126603346,0.101393561339168,0.00386143473582241,0.00959007267463935,-0.0149347623155924,0.0226576317872372,0,0.00386143473582241
97,-0.355124624679305,0,0,0.0968793733614595,0.106502605704487,0.00962323234302701,0.0101037799622258,-0.010179812490653,0.029426277176707,0,0.00962323234302701
98,-1.54861641584321,0,0,0.0930748139077864,0.141792838801473,0.0487180248936863,0.019532500253424,0.0104350278689558,0.0870010219184168,0,0.0487180248936863
99,0.717170639709624,0,0,0.100415369484748,0.0816366657780569,-0.018778703706691,0.0112311934886142,-0.0407914384477756,0.00323403103439366,-0.04,0.021221296293309
100,0.965463294368595,0,0,0.101250324774109,0.0766868386974628,-0.0245634860766466,0.0124402731466508,-0.0489459734019229,-0.000180998751370249,-0.04,0.0154365139233534
101,0.256912662789411,0,0,0.0988837891658875,0.0915874051851555,-0.00729638398073199,0.0096903071367425,-0.0262890369678787,0.0116962690064148,0,-0.00729638398073199
102,0.892158919117903,0,0,0.101003178916938,0.078118846311367,-0.0228843326055714,0.0120643740017075,-0.0465300711449393,0.000761405933796606,-0.04,0.0171156673944286
103,0.479294049718996,0,0,0.0996211842198944,0.0866501459659621,-0.0129710382539323,0.0102904506617667,-0.0331399509356814,0.00719787442781684,0,-0.0129710382539323
104,0.906809820956137,1,0,0.101052531608002,0.0778306962868797,-0.0232218353211224,0.0121383687366815,-0.047012600876085,0.000568930233840241,-0.04,0.0167781646788776
105,-0.64710264438555,0,0,0.0959359854576609,0.114345789490135,0.0184098040324741,0.0115004786366287,-0.00413071990029044,0.0409503279652386,0,0.0184098040324741
106,-1.27167374340663,0,1,0.0939455126259512,0.132821379870278,0.0388758672443267,0.0165749007518482,0.00638965872337836,0.071362075765275,0,0.0388758672443267
107,-1.23611993431385,1,0,0.0940578199707356,0.131705110769481,0.0376472907987456,0.0162234090467344,0.00584999336068497,0.0694445882368063,0,0.0376472907987456
108,0.729921219502254,0,0,0.100458097560942,0.0813755375429474,-0.0190825600179949,0.0112884157405942,-0.0412074483120746,0.00304232827608468,-0.04,0.0209174399820051
109,-0.817206877250807,0,0,0.0953901675503025,0.11914359053741,0.0237534229871074,0.0126298302645018,-0.00100058946216996,0.0485074354363849,0,0.0237534229871074
110,1.39769511008869,1,0,0.10271853023422,0.0687224689021884,-0.0339960613320315,0.0148792379823581,-0.0631588318948537,-0.0048332907692093,-0.04,0.00600393866796851
111,1.8485597021662,1,0,0.104270086262373,0.0612364442072571,-0.0430336420551162,0.0176770509904004,-0.0776800253491791,-0.00838725876105335,-0.04,-0.00303364205511623
112,-0.821410969368165,1,0,0.0953767130101791,0.119264343026746,0.0238876300165671,0.012660386778329,-0.000926272099304831,0.0487015321324391,0,0.0238876300165671
113,0.64287694939785,0,0,0.100166727157261,0.0831734150398374,-0.0169933121174232,0.0109103058286651,-0.0383771186019242,0.0043904943670778,0,-0.0169933121174232
114,0.63767894356307,0,0,0.100149351232166,0.083281913545494,-0.0168674376866719,0.0108886972700122,-0.0382088921744553,0.00447401680111163,0,-0.0168674376866719
115,0.413781494694097,1,0,0.0994034442768428,0.0880790608383474,-0.0113243834384954,0.0100813897669432,-0.0310835442958147,0.00843477741882389,0,-0.0113243834384954
116,1.35161493970729,1,0,0.102561111723848,0.0695336382859261,-0.0330274734379215,0.014605156193617,-0.0616530535659929,-0.00440189330985007,-0.04,0.00697252656207851
117,-1.03944610191839,0,0,0.094681249120222,0.125673267155119,0.0309920180348973,0.0144046696490327,0.00275938431359612,0.0592246517561986,0,0.0309920180348973
118,-1.12084048622273,0,1,0.0944227925150352,0.128140362020307,0.0337175695052717,0.0151308447658877,0.00406165870846542,0.0633734803020779,0,0.0337175695052717
119,1.57614060978904,1,0,0.10333015361603,0.0656632648032118,-0.0376668888128178,0.0159637286879545,-0.0689552221001775,-0.00637855552545818,-0.04,0.00233311118718218
120,0.395277479939647,0,0,0.0993420203757034,0.0884864967068649,-0.0108555236688386,0.0100269184748992,-0.0305079227555602,0.00879687541788306,0,-0.0108555236688386
121,-1.68682045236796,0,1,0.0926430189326824,0.146456149786346,0.0538131308536631,0.0211462717784527,0.0123671997606001,0.0952590619467261,0,0.0538131308536631
122,-0.408811158030902,1,0,0.0967052917306387,0.107908284253867,0.0112029925232281,0.010304834471378,-0.00899411190731961,0.0314000969537758,0,0.0112029925232281
123,-1.80548591539913,0,0,0.0922737050038823,0.150560933145399,0.0582872281415169,0.0226014687715627,0.0139891633515472,0.102585292931486,0,0.0582872281415169
124,-1.38440435487468,0,0,0.0935902136230779,0.136413800588188,0.04282358696511,0.0177327722543606,0.00806799200051216,0.0775791819297078,0,0.04282358696511
125,0.0322762933969732,1,0,0.0981438541376062,0.0968301128719491,-0.00131374126565716,0.00945163320506795,-0.0198386019426732,0.0172111194113589,0,-0.00131374126565716
126,-0.365480955816682,0,0,0.0968457706068007,0.106772504804574,0.00992673419777321,0.0101405170130307,-0.00994831393238263,0.029801782327929,0,0.00992673419777321
127,-0.375069758035835,0,0,0.0968146674987363,0.107022937871682,0.0102082703729458,0.0101754077108778,-0.00973516226838577,0.0301517030142775,0,0.0102082703729458
128,-0.516222378496908,1,0,0.0963578430337439,0.110769646150833,0.0144118031170892,0.0107842750482586,-0.00672498757687154,0.03554859381105,0,0.0144118031170892
129,0.66548747518212,1,0,0.100242340934863,0.0827029573407413,-0.0175393835941218,0.0110056184548907,-0.039109999393297,0.00403123220505337,0,-0.0175393835941218
130,-0.196576615289994,1,0,0.0973951082287029,0.102445132979186,0.005050024750483,0.00966621855107622,-0.0138954154763193,0.0239954649772853,0,0.005050024750483
131,-1.53965945559009,1,0,0.0931028606302239,0.14149492975824,0.0483920691280158,0.019430987849421,0.0103080327591153,0.0864761054969163,0,0.0483920691280158
132,1.18437509977497,1,0,0.101991582871087,0.0725525773732235,-0.0294390054978639,0.0136353012243499,-0.0561637048159446,-0.00271430617978329,-0.04,0.0105609945021361
133,-1.27600210931101,1,0,0.0939318483969436,0.132957821585255,0.0390259731883114,0.016618147397362,0.00645500279970385,0.0715969435769189,0,0.0390259731883114
134,0.241967559941312,1,0,0.0988344073147253,0.0919281276939045,-0.00690627962082076,0.00966196524643829,-0.0258433835237175,0.012030824282076,0,-0.00690627962082076
135,-0.292507562721694,0,0,0.0970827661200355,0.104883497162882,0.00780073104284668,0.00990279177782559,-0.0116083841880908,0.0272098462737842,0,0.00780073104284668
136,-0.265938886486751,0,0,0.0971691816018627,0.104203092686422,0.00703391108455938,0.00982857565089387,-0.0122297432105199,0.0262975653796387,0,0.00703391108455938
137,-0.577678731028063,0,0,0.0961595488998222,0.112436512042589,0.0162769631427668,0.0111031278570507,-0.00548476757279602,0.0380386938583296,0,0.0162769631427668
138,-1.05011643210533,1,0,0.0946473309194371,0.125994357209914,0.0313470262904772,0.0144976565116763,0.00293214166735907,0.0597619109135953,0,0.0313470262904772
139,1.86374512106962,0,0,0.104322702465444,0.060998069970465,-0.0433246324949787,0.0177742823774132,-0.0781615858057537,-0.00848767918420381,-0.04,-0.00332463249497873
140,0.467142119850474,1,0,0.0995807635999646,0.0869136009010773,-0.0126671626988872,0.0102498271387348,-0.0327564547385687,0.00742212934079424,0,-0.0126671626988872
141,-1.23211399968513,0,1,0.094070481453293,0.131579838114187,0.0375093566608936,0.0161842268489774,0.0057888549192717,0.0692298584025155,0,0.0375093566608936
142,-0.790071284922912,0,0,0.095477051628121,0.118366726792833,0.0228896751647125,0.0124355668006736,-0.00148358789194975,0.0472629382213748,0,0.0228896751647125
143,-0.317690803055926,1,1,0.0970009201371888,0.105532039354534,0.00853111921734528,0.00997924315334568,-0.0110278379561802,0.0280900763908707,0,0.00853111921734528
144,1.54067330361899,0,0,0.103208333126927,0.0662610464588378,-0.0369472866680888,0.0157454955159036,-0.0678078907979967,-0.00608668253818078,-0.04,0.00305271333191124
145,0.593852943720518,0,0,0.100002955893991,0.0842018252939734,-0.0158011306000171,0.0107111951285748,-0.0367946872834046,0.00519242608337032,0,-0.0158011306000171
146,0.501368127559021,0,0,0.0996946459275187,0.0861734265094336,-0.013521219418085,0.010366302498648,-0.0338387989682827,0.00679636013211257,0,-0.013521219418085
147,-1.00208236955526,0,0,0.0948001044905168,0.124554441285625,0.029754336795108,0.0140844491112137,0.00214932379504192,0.0573593497951741,0,0.029754336795108
148,0.763811776754349,1,1,0.100571745689621,0.0806851657647158,-0.0198865799249049,0.0114433708409718,-0.0423151746349454,0.00254201478513568,-0.04,0.0201134200750951
149,1.20013185845011,0,0,0.102045122056654,0.0722630652536309,-0.0297820568030227,0.013724836911817,-0.05668224284387,-0.00288187076217538,-0.04,0.0102179431969773
150,-1.41266397151613,0,0,0.0935013353907214,0.137327089913465,0.0438257545227431,0.0180331112600076,0.00848150592392453,0.0791700031215617,0,0.0438257545227431
151,0.107453128089143,0,1,0.0983909299053225,0.0950464182356156,-0.00334451166970691,0.0094850060913106,-0.0219347820018187,0.0152457586624049,0,-0.00334451166970691
152,-0.566137274329642,0,0,0.0961967605573507,0.11212181417617,0.0159250536188195,0.0110408505752392,-0.00571461586733756,0.0375647231049766,0,0.0159250536188195
153,0.59980223565302,0,0,0.100022817604704,0.0840764099960493,-0.015946407608655,0.0107347875967719,-0.0369862046800152,0.00509338946270516,0,-0.015946407608655
154,0.350411327193265,0,0,0.0991932277947014,0.0894814676520001,-0.00971176014270131,0.00990372945069006,-0.0291227131786825,0.00969919289327986,0,-0.00971176014270131
155,-0.700953001517697,1,1,0.0957628930842823,0.115846155706324,0.020083262622042,0.0118347537897129,-0.00311242857169425,0.0432789538157783,0,0.020083262622042
156,1.78157558233567,1,0,0.104038271662097,0.0622983586039161,-0.041739913058181,0.0172501882499088,-0.0755496607545383,-0.00793016536182369,-0.04,-0.00173991305818102
157,-1.15088529733867,0,0,0.0943275491709147,0.1290614196147,0.0347338704437849,0.0154085090582361,0.00453374763418292,0.0649339932533869,0,0.0347338704437849
158,-1.14280618895968,0,0,0.094353151828928,0.128813192529755,0.0344600407008265,0.0153333451324815,0.00440723647864022,0.0645128449230128,0,0.0344600407008265
159,0.313498503901104,0,0,0.0990709600987565,0.0903076147136436,-0.00876334538511288,0.00981224016910404,-0.027994982724214,0.0104682919539883,0,-0.00876334538511288
160,-0.8437469481795,1,0,0.0953052586650937,0.119907666210483,0.0246024075453894,0.012824771971688,-0.000533683629057743,0.0497384987198365,0,0.0246024075453894
161,1.47695053472985,0,1,0.102989782132069,0.0673477757147062,-0.0356420064173629,0.0153566306484506,-0.06574044941221,-0.00554356342251579,-0.04,0.00435799358263712
162,0.991951055947431,0,0,0.101339760220891,0.0761753441947738,-0.0251644160261168,0.012579423494569,-0.049819633021749,-0.000509199030484637,-0.04,0.0148355839738832
163,-0.701482281773713,1,0,0.0957611931937712,0.115860986935991,0.0200997937422202,0.0118381490940832,-0.00310255212579839,0.0433021396102388,0,0.0200997937422202
164,1.29785431247824,1,0,0.102377725431874,0.0704912029553471,-0.0318865224765271,0.01428891811475,-0.059892287359479,-0.00388075759357523,-0.04,0.00811347752347286
165,0.364363853783757,1,0,0.0992394782192456,0.0891709744486326,-0.0100685037706129,0.00994066077358298,-0.0295518408693656,0.00941483332813976,0,-0.0100685037706129
166,-0.63962428193154,1,0,0.0959600454246851,0.114138772466476,0.0181787270417911,0.0114558319114855,-0.00427429091766503,0.0406317450012473,0,0.0181787270417911
167,-0.0617188792457317,1,0,0.0978357080974144,0.0991023042973545,0.00126659619994005,0.00948081948388333,-0.0173154685323969,0.019848660932277,0,0.00126659619994005
168,0.555934873193825,1,0,0.0998764487784165,0.0850051638976284,-0.0148712848807881,0.0105647074597382,-0.0355777310090765,0.00583516124750035,0,-0.0148712848807881
169,-1.52199511351918,1,0,0.0931581948028255,0.140908944778663,0.0477507499758377,0.0192319061390309,0.0100569065892824,0.085444593362393,0,0.0477507499758377
170,0.14028936366146,0,0,0.0984990230719523,0.0942765907248829,-0.00422243234706944,0.00951473668964167,-0.022870973581149,0.0144261088870101,0,-0.00422243234706944
171,0.407313396781356,1,0,0.0993819696472484,0.0882212874414913,-0.0111606822057572,0.0100621122048899,-0.0308820597357422,0.00856069532422788,0,-0.0111606822057572
172,1.3495541782737,0,0,0.10255407677006,0.0695701209535846,-0.0329839558164754,0.0145929624382021,-0.0615856366230973,-0.00438227500985338,-0.04,0.00701604418352465
173,1.34601977720145,1,0,0.102542012153035,0.0696327334222885,-0.0329092787307464,0.0145720619767979,-0.0614699953857559,-0.00434856207573691,-0.04,0.00709072126925361
174,0.19294431191173,0,0,0.0986725780083237,0.0930537826367732,-0.00561879537155049,0.00958084054630739,-0.024396897783934,0.013159307040833,0,-0.00561879537155049
175,1.34117271345395,0,0,0.102525468828821,0.0697186846890899,-0.0328067841397307,0.0145434259782317,-0.061311375268889,-0.0043021930105724,-0.04,0.0071932158602693
176,1.00497774088006,0,0,0.101383770293045,0.0759249410226722,-0.0254588292703723,0.0126484641051094,-0.0502493633761345,-0.000668295164610221,-0.04,0.0145411707296277
177,-0.425703503434508,0,0,0.0966505751386389,0.108353939404989,0.0117033642663504,0.010373489818415,-0.00862830217173586,0.0320350307044367,0,0.0117033642663504
178,-0.671325835317858,0,0,0.0958580897488103,0.115018585274369,0.0191604955255589,0.0116480864164644,-0.00366933433952162,0.0419903253906394,0,0.0191604955255589
179,0.522878002407864,1,0,0.0997662763262902,0.085711178165234,-0.0140550981610562,0.0104427001369656,-0.0345224143308602,0.00641221800874787,0,-0.0140550981610562
180,-0.104583150413288,0,0,0.0976954719707888,0.100154154592083,0.00245868262129466,0.00952118061685906,-0.01620248847805,0.0211198537206393,0,0.00245868262129466
181,-0.814224553579889,1,0,0.0953997130407555,0.119057994536668,0.0236582814959129,0.0126082282148166,-0.00105339171398944,0.0483699547058153,0,0.0236582814959129
182,-1.56916299845169,0,0,0.093010505511575,0.142478197646284,0.0494676921347085,0.0197667919199328,0.0107254918817429,0.0882098923876742,0,0.0494676921347085
183,0.680545318112453,1,0,0.100292725277432,0.0823909928722298,-0.0179017324052018,0.0110702553246533,-0.0395990341411849,0.00379556933078134,-0.04,0.0220982675947982
184,-0.256725054338683,0,0,0.0971991659162476,0.103968045515714,0.0067688795994667,0.00980438915262559,-0.0124473700300946,0.025985129229028,0,0.0067688795994667
185,0.0421380950545849,0,0,0.0981762343428754,0.0965944334772511,-0.00158180086562427,0.00945319524235469,-0.0201097230794649,0.0169461213482163,0,-0.00158180086562427
186,-0.015910310708616,0,0,0.0979857752406478,0.0979890823412269,3.30710057905304e-06,0.00945653480065077,-0.0185311605272461,0.0185377747284042,0,3.30710057905304e-06
187,-1.38036463469265,1,1,0.0936029249788373,0.136283664238961,0.0426807392601238,0.01769016390542,0.00800865512489019,0.0773528233953574,0,0.0426807392601238
188,0.650221943107926,0,0,0.100191284613846,0.0830203213565577,-0.0171709632572878,0.0109410344415312,-0.0386149967163012,0.00427307020172556,0,-0.0171709632572878
189,-1.26178236287827,1,0,0.0939767454376093,0.132510022064882,0.0385332766272723,0.0164764412233548,0.00624004523610585,0.0708265080184386,0,0.0385332766272723
190,1.17566386652364,1,0,0.101961994050673,0.0727130947446253,-0.0292488993060474,0.0135859808843096,-0.0558769325339439,-0.00262086607815091,-0.04,0.0107511006939526
191,-0.797846024139607,0,0,0.0954521508523167,0.118588860148206,0.0231367092958891,0.0124906982329949,-0.0013446093825389,0.0476180279743171,0,0.0231367092958891
192,-0.441737599916882,1,0,0.0965986641081368,0.108778447086047,0.0121797829779097,0.0104410150920802,-0.00828423056460663,0.0326437965204261,0,0.0121797829779097
193,1.56145276176558,1,0,0.103279689452377,0.0659102096192685,-0.0373694798331083,0.0158732029090062,-0.0684803858540568,-0.00625857381215976,-0.04,0.0026305201668917
194,2.35650354752911,0,0,0.106042841106285,0.0537188410711863,-0.0523240000350984,0.0210106286309718,-0.0935040754443493,-0.0111439246258475,-0.04,-0.0123240000350984
195,-0.077041631834561,0,0,0.0977855570887549,0.0994771768586947,0.00169161976993974,0.00949327633990629,-0.0169148599515628,0.0202980994914423,0,0.00169161976993974
196,0.170165666147913,0,0,0.0985974643656878,0.0935810156595774,-0.0050164487061104,0.0095495088561017,-0.023733142134116,0.0137002447218952,0,-0.0050164487061104
197,-2.39206415941981,1,0,0.0904675064391926,0.172253167259738,0.0817856608205457,0.03069562722133,0.0216233369838715,0.14194798465722,0,0.0817856608205457
198,0.830865186983035,0,0,0.100796938187105,0.0793349693884702,-0.0214619687986351,0.0117614439591023,-0.0445139753646617,0.00159003776739153,-0.04,0.0185380312013649
199,1.09847206567523,0,1,0.101700134516987,0.0741498271644452,-0.0275503073525415,0.0131548678111754,-0.0533333744838305,-0.00176724022125256,-0.04,0.0124496926474585
200,0.695954467520248,0,0,0.100344308403938,0.082072859359007,-0.018271449044931,0.0111373340211071,-0.0401002226100935,0.00355732452023156,-0.04,0.021728550955069
201,1.6077818528821,0,0,0.103438939981832,0.0651342048631083,-0.0383047351187239,0.0161594457547367,-0.0699766668081365,-0.00663280342931134,-0.04,0.00169526488127607
202,-0.297187189271787,1,0,0.0970675525888825,0.105003744490778,0.00793619190189535,0.0099165498197994,-0.0114998885958086,0.0273722723995993,0,0.00793619190189535
203,-0.382720256317659,0,1,0.09678985804573,0.107223118439157,0.0104332603934272,0.0102038477207097,-0.00956591364289482,0.0304324344297492,0,0.0104332603934272
204,0.823000306642159,1,1,0.100770501576049,0.0794922623722424,-0.0212782392038071,0.0117233870736725,-0.0442556556450276,0.00169917723741343,-0.04,0.0187217607961929
205,0.462609862866291,0,0,0.0995656918170557,0.0870120460729887,-0.012553645744067,0.0102348859951815,-0.0326136536804962,0.00750636219236213,0,-0.012553645744067
206,0.332218481114076,1,0,0.0991329501919564,0.0898877871819558,-0.0092451630100006,0.00985749503935848,-0.0285654982649255,0.0100751722449243,0,-0.0092451630100006
207,0.193126981425751,1,0,0.0986731805754477,0.0930495653741052,-0.00562361520134244,0.00958110838681527,-0.024402242571475,0.0131550121687901,0,-0.00562361520134244
208,-1.25131075734094,0,0,0.0940098204964596,0.132181074209003,0.0381712537125431,0.016372768763321,0.00608121660923156,0.0702612908158546,0,0.0381712537125431
209,-0.424644781954843,0,0,0.0966540036685083,0.10832596070663,0.0116719570381217,0.0103691117943851,-0.00865112863054264,0.031995042706786,0,0.0116719570381217
210,1.53155713081,0,0,0.103177042106224,0.0664155092780862,-0.0367615328281374,0.0156896056108617,-0.0675125947570638,-0.00601047089921096,-0.04,0.00323846717186262
211,0.306946583737789,1,1,0.0990492719561538,0.0904549695121498,-0.00859430244400397,0.00979696700494501,-0.0277960049314234,0.0106074000434155,0,-0.00859430244400397
212,-0.240140554858989,0,0,0.0972531571912859,0.103546151637478,0.00629299444619251,0.00976287344625024,-0.0128418858940804,0.0254278747864654,0,0.00629299444619251
213,-1.06867382243008,1,0,0.0945883677242621,0.126554455847261,0.0319660881229992,0.014660980854807,0.00323109366954624,0.0607010825764522,0,0.0319660881229992
214,-1.44377197812966,0,0,0.0934035863303523,0.138338371809288,0.0449347854789352,0.0183682880774714,0.00893360238943474,0.0809359685684357,0,0.0449347854789352
215,0.320585304871631,0,0,0.0990944235601479,0.0901484737195614,-0.00894594984058651,0.00982909209275983,-0.0282106163431232,0.0103187166619502,0,-0.00894594984058651
216,-0.387828945389824,0,0,0.0967732944711188,0.107356974202445,0.0105836797313262,0.0102231355416685,-0.00945329773941546,0.0306206572020678,0,0.0105836797313262
217,0.873382842318052,0,0,0.100939961536599,0.0784895565848185,-0.0224504049517806,0.011970417793743,-0.0459119927074143,0.00101118280385311,-0.04,0.0175495950482194
218,2.08672470645112,1,0,0.105098012932063,0.0575963578673497,-0.0475016550647132,0.0192201445554299,-0.0851724461710094,-0.00983086395841704,-0.04,-0.0075016550647132
219,1.32208785754063,0,0,0.102460354029124,0.0700580644567964,-0.032402289572328,0.0144309800279549,-0.0606864906887365,-0.0041180884559196,-0.04,0.00759771042767195
220,1.19569731432994,1,0,0.102030051599167,0.0723444369577441,-0.0296856146414224,0.0136995962386693,-0.0565363298719546,-0.00283489941089019,-0.04,0.0103143853585776
221,1.03068333588091,0,0,0.101470665241211,0.0754330348954341,-0.0260376303457774,0.0127858324871521,-0.0510974015329577,-0.000977859158596998,-0.04,0.0139623696542226
222,-0.342302270262315,0,0,0.0969209919397314,0.106169271665311,0.0092482797255799,0.0100596623735478,-0.0104682962232065,0.0289648556743663,0,0.0092482797255799
223,0.449036654307861,1,0,0.0995205669598327,0.0873074734834243,-0.0122130934764084,0.0101908330707925,-0.0321867592676214,0.0077605723148045,0,-0.0122130934764084
224,-1.25149425415009,1,0,0.0940092408233564,0.132186832488932,0.0381775916655759,0.0163745804464919,0.00608400372849803,0.0702711796026538,0,0.0381775916655759
225,-0.990340004558441,0,0,0.0948374849511147,0.124204594450627,0.0293671094995119,0.0139855655451819,0.00195590472753103,0.0567783142714928,0,0.0293671094995119
226,-0.381774433456342,1,0,0.096792924904153,0.107198352495298,0.0104054275911451,0.0102003028197312,-0.00958679856693035,0.0303976537492206,0,0.0104054275911451
227,-0.388522141419411,0,0,0.0967710471611447,0.107375148361565,0.0106041012004204,0.0102257709750729,-0.00943804162487754,0.0306462440257183,0,0.0106041012004204
228,-0.802481348315706,0,0,0.0954373076950178,0.118721468362074,0.0232841606670557,0.0125237701985791,-0.00126197787281526,0.0478302992069267,0,0.0232841606670557
229,0.53765564927221,1,0,0.0998155141348444,0.0853949091407158,-0.0144206049941287,0.0104965662296498,-0.0349934967655817,0.00615228677732434,0,-0.0144206049941287
230,1.18679955714388,1,0,0.101999819205169,0.0725079612924005,-0.0294918579127686,0.0136490507350506,-0.0562435057766279,-0.00274021004890941,-0.04,0.0105081420872314
231,0.837754771674271,0,0,0.100820101548454,0.0791974154993034,-0.0216226860491507,0.01179493833067,-0.0447403403771349,0.00149496827883344,-0.04,0.0183773139508493
232,1.02263838293551,0,0,0.10144346305868,0.0755866688181386,-0.025856794240541,0.0127426824711519,-0.0508319929504285,-0.000881595530653527,-0.04,0.014143205759459
233,-0.49392048300002,1,0,0.0964298922818754,0.110170126761796,0.0137402344799209,0.0106764537573442,-0.00718523036708114,0.0346656993269229,0,0.0137402344799209
234,1.01825892046279,1,0,0.101428657619753,0.0756704238465556,-0.0257582337731976,0.0127192529776003,-0.050687511519548,-0.000828956026847141,-0.04,0.0142417662268024
235,0.731200198270023,0,0,0.100462384398562,0.0813493864740352,-0.0191129979245272,0.0112941886320315,-0.0412492008779107,0.00302320502885621,-0.04,0.0208870020754728
236,0.598407996918812,0,0,0.100018162624233,0.0841057863091264,-0.0159123763151066,0.0107292441335363,-0.0369413083981753,0.00511655576796217,0,-0.0159123763151066
237,-2.04736241365945,0,0,0.0915250235154904,0.159220446681148,0.0676954231656574,0.0257603135447007,0.0172061363875847,0.11818470994373,0,0.0676954231656574
238,0.32233253546055,0,1,0.09910020916965,0.0901092768037354,-0.00899093236591463,0.00983329955452446,-0.0282638453419763,0.0102819806101471,0,-0.00899093236591463
239,0.950733620782306,1,0,0.101200620606729,0.0769726383295294,-0.0242279822771996,0.012363630277813,-0.0484602523398821,4.28778548284756e-06,-0.04,0.0157720177228004
240,-2.19764674981765,0,0,0.0910626032859047,0.164801524722886,0.0737389214369814,0.0278501705377376,0.0191535902197172,0.128324252654246,0,0.0737389214369814
241,-0.686684121028054,1,0,0.0958087306466863,0.115446941567992,0.0196382109213057,0.01174401781435,-0.003379641028617,0.0426560628712285,0,0.0196382109213057
242,-0.0389638608968982,1,0,0.0979102270503081,0.0985479206585298,0.000637693608221732,0.00946634044713556,-0.0179159927335588,0.0191913799500022,0,0.000637693608221732
243,0.14187676136325,0,0,0.098504251284772,0.0942395169732787,-0.00426473431149328,0.00951640095674729,-0.0229165374491605,0.0143870688261739,0,-0.00426473431149328
244,-1.31284763510503,0,0,0.0938156027750953,0.134124101340586,0.0403084985654912,0.0169902434771712,0.00700823326166899,0.0736087638693134,0,0.0403084985654912
245,-0.211850217720647,1,1,0.097345318887936,0.102829966626788,0.005484647738852,0.00969805886923446,-0.0135231983647968,0.0244924938425008,0,0.005484647738852
246,-0.224836487032074,0,1,0.0973030037260948,0.103158174848708,0.00585517112261365,0.00972687009870033,-0.0132091439531386,0.0249194861983659,0,0.00585517112261365
247,0.293270881053033,0,0,0.0990040163097334,0.0907632382972238,-0.00824077801250958,0.00976604811513687,-0.0273818805894631,0.010900324564444,0,-0.00824077801250958
248,0.422462261807403,0,1,0.0994322716423305,0.0878885055582302,-0.0115437660841002,0.0101076574164196,-0.0313544105883517,0.0082668784201513,0,-0.0115437660841002
249,0.907510342984235,0,0,0.101054891906496,0.0778169430132969,-0.0232379488931987,0.0121419214049059,-0.0470356775499302,0.000559779763532855,-0.04,0.0167620511068013
250,0.924217631323692,1,1,0.101111198981399,0.077489589384149,-0.0236216095972503,0.0122270411020286,-0.0475861697947174,0.000342950600216715,-0.04,0.0163783904027497
251,0.200781507413138,1,0,0.098698433304884,0.0928730006412249,-0.00582543266365911,0.0095925667139917,-0.0246265179423806,0.0129756526150623,0,-0.00582543266365911
252,-1.375353488965,0,1,0.0936186951668719,0.136122379507233,0.0425036843403612,0.0176374231863115,0.00793497011509899,0.0770723985656234,0,0.0425036843403612
253,-0.691921220412591,0,0,0.0957919046331845,0.115593325781041,0.0198014211478561,0.0117771414002611,-0.0032813518374913,0.0428841941332036,0,0.0198014211478561
254,0.76136308922601,1,0,0.100563530468669,0.0807348674557753,-0.0198286630128941,0.0114320390162425,-0.0422350477545861,0.00257772172879793,-0.04,0.0201713369871059
255,0.75822504435922,1,0,0.100553003360585,0.0807986020506845,-0.0197544013099006,0.0114175474906061,-0.0421323831832642,0.00262358056346302,-0.04,0.0202455986900994
256,-0.937828839322744,1,0,0.0950048096566616,0.122650404031648,0.0276455943749867,0.0135538482587867,0.00108053993584385,0.0542106488141296,0,0.0276455943749867
257,-1.550001950822,0,0,0.0930704760913388,0.141838968512474,0.0487684924211348,0.0195482368793703,0.0104546521763114,0.0870823326659581,0,0.0487684924211348
258,1.71080942738021,0,0,0.103793863372234,0.0634388885911308,-0.0403549747811032,0.0168029961788329,-0.0732882421239799,-0.00742170743822648,-0.04,-0.000354974781103197
259,1.34040539000832,0,0,0.102522850123856,0.0697323003592434,-0.0327905497646126,0.0145388955593502,-0.0612862614359283,-0.00429483809329687,-0.04,0.00720945023538742
260,0.449451386117516,1,0,0.0995219454884334,0.0872984332265415,-0.0122235122618918,0.0101921635976358,-0.0321997858377982,0.00775276131401451,0,-0.0122235122618918
261,0.538724707323257,1,1,0.0998190769793701,0.0853720704045135,-0.0144470065748567,0.0105005058150572,-0.0350276197918223,0.00613360664210893,0,-0.0144470065748567
262,0.645046059500961,1,0,0.100173978863761,0.0831281770024815,-0.0170458018612795,0.0109193568982612,-0.0384473481162105,0.00435574439365156,0,-0.0170458018612795
263,-0.709292905006912,1,0,0.0957361109352627,0.116080044249165,0.0203439333139023,0.011888498734084,-0.00295709603515234,0.0436449626629569,0,0.0203439333139023
264,-0.960066531109966,1,0,0.0949339179197532,0.123306528106477,0.0283726101867237,0.013734562782187,0.00145336179023298,0.0552918585832144,0,0.0283726101867237
265,1.16383986726697,1,0,0.101921844495419,0.0729314930536472,-0.0289903514417719,0.013519246217389,-0.0554875871259837,-0.00249311575756018,-0.04,0.0110096485582281
266,0.421941775518164,0,0,0.0994305429854616,0.0878999204718751,-0.0115306225135865,0.0101060697612864,-0.0313381552709572,0.00827691024378407,0,-0.0115306225135865
267,0.0381602457542077,1,1,0.0981631723409181,0.0966894352433664,-0.00147373709755172,0.00945246134978866,-0.0200002209083944,0.0170527467132909,0,-0.00147373709755172
268,0.0828103541109383,0,0,0.0983098781113984,0.0956278450613329,-0.00268203305006548,0.00946867152227305,-0.0212402882151607,0.0158762221150297,0,-0.00268203305006548
269,0.795006060595138,1,0,0.100676453084883,0.0800544452572917,-0.0206220078275914,0.0115895141719862,-0.0433370382030009,0.00209302254781813,-0.04,0.0193779921724086
270,0.553895015213061,0,0,0.099869647177894,0.0850485771479453,-0.0148210700299487,0.0105570217477478,-0.0355124524395404,0.00587031237964307,0,-0.0148210700299487
271,0.584994400101366,1,0,0.0999733881431346,0.0843888844925719,-0.0155845036505627,0.0106763670033249,-0.0365097984628114,0.00534079116168599,0,-0.0155845036505627
272,0.509105117479322,1,0,0.0997204057406169,0.0860068987527545,-0.0137135069878624,0.0103935041619072,-0.0340844008183677,0.00665738684264289,0,-0.0137135069878624
273,-0.421045509082617,0,0,0.0966656602512245,0.108230890639829,0.0115652303886044,0.0103543030273865,-0.00872883063008707,0.0318592914072959,0,0.0115652303886044
274,0.460910041133642,1,0,0.0995600396722165,0.0870489939129304,-0.0125110457592861,0.0102293120162655,-0.0325601288977892,0.00753803737921712,0,-0.0125110457592861
275,-0.828003621057123,1,0,0.0953556176766634,0.119453914232279,0.0240982965556156,0.012708549999425,-0.000810003738983975,0.0490065968502152,0,0.0240982965556156
276,0.134101230545675,1,0,0.0984786443534486,0.0944212396587867,-0.00405740469466188,0.00950844731252548,-0.0226936189761085,0.0145788095867847,0,-0.00405740469466188
277,-0.689683126884883,0,0,0.0957990949681427,0.115530748220341,0.0197316532521979,0.0117629604202397,-0.00332332552304207,0.0427866320274378,0,0.0197316532521979
278,0.134135856926876,1,1,0.0984787583743657,0.0944204297069262,-0.00405832866743944,0.00950848162486216,-0.0226946101998302,0.0145779528649513,0,-0.00405832866743944
279,-0.903284123234805,1,0,0.0951150290378408,0.121637118204306,0.0265220891664652,0.013279393425656,0.000494956315641587,0.0525492220172888,0,0.0265220891664652
280,-0.689774474412082,0,0,0.0957988014860119,0.115533301739598,0.0197345002535861,0.0117635384709738,-0.00332161148027392,0.0427906119874462,0,0.0197345002535861
281,-0.440759549938055,1,0,0.0966018298709375,0.108752511147554,0.012150681276617,0.0104368307374796,-0.00830513108158352,0.0326064936348176,0,0.012150681276617
282,1.46707110991574,1,0,0.102955935214053,0.0675177332199927,-0.03543820199406,0.0152967310543552,-0.0654192439417917,-0.00545716004632833,-0.04,0.00456179800593998
283,1.36779885907375,1,0,0.102616374670504,0.0692477413006137,-0.0333686333698903,0.0147011100539924,-0.0621822796084752,-0.00455498713130549,-0.04,0.00663136663010965
284,-0.138131806911814,0,1,0.0975858381838155,0.100984318113965,0.00339847993014955,0.00956480269187284,-0.015348188865153,0.0221451487254521,0,0.00339847993014955
285,1.40711500637804,1,0,0.102750736696181,0.0685577288468753,-0.0341930078493054,0.0149355924130262,-0.0634662310666064,-0.00491978463200434,-0.04,0.00580699215069464
286,-1.7593694945814,1,0,0.0924170724225058,0.148954576855108,0.0565375044326025,0.0220284251987569,0.0133625844069043,0.0997124244583006,0,0.0565375044326025
287,-0.812933153979701,0,0,0.0954038466743008,0.119020946437905,0.0236170997636046,0.0125988933145591,-0.00107627737799358,0.0483104769052028,0,0.0236170997636046
288,0.114476245682577,1,0,0.0984140403248931,0.0948812935707023,-0.00353274675419081,0.00949060620937452,-0.0221339931160171,0.0150684996076354,0,-0.00353274675419081
289,-0.458977972282566,1,0,0.096542875492941,0.109236519654623,0.0126936441616816,0.010516162076923,-0.00791765476467346,0.0333049430880366,0,0.0126936441616816
290,-1.73662382098603,0,0,0.0924878581631311,0.148167505277756,0.0556796471146252,0.0217492942813757,0.0130518136339659,0.0983074805952844,0,0.0556796471146252
291,0.260714742353506,1,0,0.0988963555632588,0.0915009057122057,-0.00739544985105302,0.00969778009490755,-0.0264027495670612,0.0116118498649552,0,-0.00739544985105302
292,2.05864464667521,0,0,0.105000098095832,0.0580147313273139,-0.0469853667685183,0.0190362837064758,-0.0842957972326975,-0.00967493630433917,-0.04,-0.00698536676851835
293,1.84391096428298,0,1,0.104253983463948,0.0613095920342296,-0.0429443914297181,0.0176473188275162,-0.0775325007553455,-0.00835628210409071,-0.04,-0.00294439142971808
294,0.249808133260636,0,0,0.0988603115257449,0.0917492343518193,-0.00711107717392562,0.00967662798680138,-0.0260769195198486,0.0118547651719974,0,-0.00711107717392562
295,-1.02578418561737,1,0,0.0947246926826992,0.125263177828969,0.0305384851462694,0.0142866052925674,0.00253725331149799,0.0585397169810409,0,0.0305384851462694
296,1.01819322131125,0,0,0.101428435528375,0.0756716809584435,-0.0257567545699311,0.0127189018222634,-0.0506853440644681,-0.000828165075394016,-0.04,0.0142432454300689
297,1.98256482162972,1,0,0.104735213180488,0.0591626402632751,-0.0455725729172134,0.0185406481482824,-0.0819115755378761,-0.00923357029655068,-0.04,-0.00557257291721341
298,0.183001708163298,1,0,0.0986397855454978,0.0932835848701571,-0.00535620067534077,0.00956665848055317,-0.0241065067496197,0.0133941053989381,0,-0.00535620067534077
299,0.400628842296438,0,0,0.0993597807005387,0.0883684916330823,-0.0109912890674563,0.0100424565824353,-0.0306741422853367,0.00869156415042401,0,-0.0109912890674563
300,-0.79354730387709,1,1,0.0954659179876161,0.118465996145881,0.0230000781582654,0.0124601628947178,-0.00142139235688381,0.0474215486734146,0,0.0230000781582654
301,1.91419824824546,1,0,0.104497686797677,0.0602122950912661,-0.0442853917064111,0.0180985095420413,-0.0797578185826666,-0.00881296483015572,-0.04,-0.00428539170641114
302,-1.19576818599457,0,0,0.0941854287991944,0.130447855026419,0.0362624262272249,0.0158326749780283,0.00523095349136096,0.0672938989630887,0,0.0362624262272249
303,0.559822834995543,0,0,0.0998894137444857,0.0849224740686385,-0.0149669396758471,0.0105794124722971,-0.0357022070991434,0.0057683277474491,0,-0.0149669396758471
304,0.505988486692724,1,0,0.0997100284059253,0.0860739447260042,-0.013636083679921,0.0103825088168489,-0.0339854270301144,0.00671325967027228,0,-0.013636083679921
305,0.623782875189229,0,0,0.100102912523622,0.0835725996582432,-0.0165303128653784,0.0108314994390901,-0.0377596616645607,0.00469903593380395,0,-0.0165303128653784
306,0.325562111939147,1,0,0.0991109040666322,0.0900368657469933,-0.00907403831963896,0.00984113118743157,-0.0283623010141387,0.0102142243748608,0,-0.00907403831963896
307,-1.63838290884688,0,0,0.0927941486767585,0.144807466314078,0.0520133176373196,0.0205706238140039,0.01169563582235,0.0923309994522892,0,0.0520133176373196
308,0.650037301621201,1,0,0.100190667212802,0.083024166746633,-0.0171665004661693,0.0109402591957745,-0.0386090144714206,0.00427601353908191,0,-0.0171665004661693
309,-0.191972787670506,1,0,0.0974101203773973,0.102329385435768,0.00491926505837029,0.00965705499521988,-0.0140082149289833,0.0238467450457239,0,0.00491926505837029
310,0.87291201265794,0,0,0.100938376746549,0.0784988731831733,-0.0224395035633761,0.0119680745932142,-0.0458964987303647,0.00101749160361263,-0.04,0.0175604964366239
311,-2.05978925773822,0,0,0.0914867065576078,0.159676066567719,0.0681893600101111,0.0259294601312306,0.017368552014332,0.11901016800589,0,0.0681893600101111
312,-1.56274786191654,0,0,0.0930305798546126,0.142263916078346,0.049233336223733,0.019693427073078,0.0106349284283342,0.0878317440191319,0,0.049233336223733
313,2.91921735941099,1,0,0.108037710839596,0.0464102243951546,-0.0616274864444415,0.0248760384094848,-0.110383625805067,-0.0128713470838162,-0.04,-0.0216274864444415
314,0.283136906621403,1,0,0.0989704928268084,0.0909922814612691,-0.00797821136553928,0.00974398463033908,-0.0270760703069157,0.0111196475758371,0,-0.00797821136553928
315,1.67110787185455,1,0,0.103656966713432,0.0640872495313678,-0.0395697171820645,0.0165539084945181,-0.0720147816346915,-0.00712465272943742,-0.04,0.00043028281793555
316,-1.60238554939404,1,0,0.0929066071842988,0.143592222465575,0.050685615281276,0.0201498154068938,0.0111927027886338,0.0901785277739182,0,0.050685615281276
317,0.688228471077351,1,0,0.100318442184274,0.0822322283222089,-0.0180862138620648,0.0111035848355058,-0.0398488402389413,0.00367641251481174,-0.04,0.0219137861379352
318,0.141002096092977,0,0,0.0985013704788405,0.0942599432077329,-0.0042414272711076,0.00951548137030398,-0.0228914280524652,0.01440857351025,0,-0.0042414272711076
319,-0.987987634997922,0,0,0.0948449750337898,0.124134610462138,0.029289635428348,0.0139658579162473,0.00191705689929967,0.0566622139573964,0,0.029289635428348
320,0.022926316448779,1,0,0.0981131632454048,0.0970540345417637,-0.00105912870364112,0.00945095146262232,-0.019582653190017,0.0174643957827348,0,-0.00105912870364112
321,-1.6418626106221,1,0,0.0927832843015946,0.144925390139029,0.0521421058374346,0.0206116188403814,0.0117440752472199,0.0925401364276494,0,0.0521421058374346
322,1.10130417573857,1,0,0.101709731401726,0.0740966560772498,-0.0276130753244758,0.0131704881636191,-0.0534267577839803,-0.00179939286497137,-0.04,0.0123869246755242
323,-1.6353243177875,1,0,0.0928036991970285,0.144703879366122,0.0519001801690932,0.0205346360471518,0.0116530330810378,0.0921473272571486,0,0.0519001801690932
324,-0.227019057363281,1,0,0.0972958935320472,0.103213426911559,0.00591753337951148,0.00973186913712958,-0.0131565796315194,0.0249916463905424,0,0.00591753337951148
325,-0.034949336976298,1,0,0.0979233792074091,0.0984504013689913,0.000527022161582236,0.00946428214383069,-0.0180226299798514,0.0190766743030159,0,0.000527022161582236
326,0.0675531845972529,1,0,0.0982597260441436,0.0959894183534931,-0.00227030769065048,0.00946117440101002,-0.0208138687680824,0.0162732533867815,0,-0.00227030769065048
327,1.53126173557406,0,0,0.103176028310375,0.0664205199928734,-0.0367555083175015,0.0156877959988506,-0.0675030234720603,-0.00600799316294275,-0.04,0.00324449168249846
328,2.24462416430364,1,0,0.105650108257621,0.0552960645965245,-0.0503540436610965,0.0202629448068684,-0.0900686857032814,-0.0106394016189115,-0.04,-0.0103540436610965
329,0.172749750404737,1,1,0.0986059829420219,0.0935210701732585,-0.0050849127687634,0.0095528555894145,-0.023808165673528,0.0136383401360012,0,-0.0050849127687634
330,0.0848185798827584,0,0,0.0983164810782827,0.095580343766108,-0.00273613731217465,0.00946980814342177,-0.0212966202137854,0.0158243455894361,0,-0.00273613731217465
331,0.324879822106679,0,0,0.099108644545638,0.09005215915031,-0.00905648539532806,0.00983947076325811,-0.0283414937182488,0.0102285229275927,0,-0.00905648539532806
332,-2.19246267707915,0,0,0.0910785194492707,0.164606417487562,0.073527898038291,0.0277764796597586,0.0190869982878548,0.127968797788727,0,0.073527898038291
333,2.66375989077664,0,0,0.107128035450039,0.0496029283413806,-0.0575251071086588,0.0230998468094152,-0.102799974903505,-0.0122502393138125,-0.04,-0.0175251071086588
334,-0.922519132310102,1,0,0.0950536431437903,0.122200437788678,0.0271467946448876,0.0134312642132834,0.000822000520010427,0.0534715887697648,0,0.0271467946448876
335,-0.181127573489149,0,0,0.0974454925815356,0.10205717739978,0.00461168481824445,0.00963626292292796,-0.014275043456253,0.0234984130927419,0,0.00461168481824445
336,-0.346658406833228,1,0,0.0969068510765519,0.106282411950596,0.00937556087404424,0.0100744804086693,-0.0103700578899019,0.0291211796379904,0,0.00937556087404424
337,-0.483509993966076,0,0,0.096463541227678,0.109891246598995,0.0134277053713169,0.0106275876298769,-0.00740198362578519,0.034257394368419,0,0.0134277053713169
338,-0.213535788911196,0,0,0.0973398256046323,0.102872514605555,0.00553268900092314,0.00970170821722047,-0.0134823096933453,0.0245476876951915,0,0.00553268900092314
339,-1.07221909264189,1,0,0.094577106927772,0.126661701019491,0.0320845940917193,0.0146924133187626,0.00328799314096799,0.0608811950424706,0,0.0320845940917193
340,-0.914899385166763,0,0,0.095077956280089,0.121977016532741,0.0268990602526515,0.0133708152654884,0.000692743888355864,0.0531053766169472,0,0.0268990602526515
341,1.86640892827307,0,0,0.104331934752122,0.0609563442081435,-0.0433755905439787,0.0177913557254501,-0.0782460070020013,-0.00850517408595612,-0.04,-0.0033755905439787
342,-2.02020942749731,1,0,0.091608797311671,0.158228572750111,0.0666197754384399,0.0253930343881172,0.0168503425795431,0.116389208297337,0,0.0666197754384399
343,-1.26445723953812,1,0,0.0939682983863129,0.132594159947829,0.038625861561516,0.0165030163125846,0.00628054395257314,0.0709711791704589,0,0.038625861561516
344,-1.63689660719602,1,0,0.0927987895773193,0.144757121245453,0.0519583316681337,0.0205531304156187,0.0116749362839662,0.0922417270523012,0,0.0519583316681337
345,-0.186936442093656,1,0,0.0974265452436441,0.102202896426805,0.00477635118316116,0.00964726076563453,-0.0141319324669488,0.0236846348332712,0,0.00477635118316116
346,1.57343893487974,1,0,0.103320869627685,0.065708623048494,-0.0376122465791908,0.0159470616950457,-0.0688679131607186,-0.00635657999766302,-0.04,0.00238775342080919
347,-0.774288608646106,1,0,0.0955276179305758,0.117916905074021,0.0223892871434452,0.0123249674896476,-0.00176720524689113,0.0465457795337814,0,0.0223892871434452
348,-0.760582146548049,0,1,0.0955715516577261,0.117527459719071,0.0219559080613451,0.012230362245162,-0.00201516145705094,0.0459269775797411,0,0.0219559080613451
349,-0.460456116975185,0,0,0.0965380936617743,0.109275872276599,0.0127377786148252,0.0105227268601027,-0.00788638705012835,0.0333619442797788,0,0.0127377786148252
350,0.607067314611831,0,0,0.100047076825584,0.0839234870729626,-0.0161235897526209,0.010763815821965,-0.0372202810998948,0.00497310159465292,0,-0.0161235897526209
351,1.42539718888842,0,0,0.10281326867895,0.0682390441267691,-0.0345742245521805,0.0150452697363451,-0.0640624113731072,-0.00508603773125376,-0.04,0.0054257754478195
352,-0.126573709067786,0,0,0.0976235965423123,0.100697624857503,0.00307402831519119,0.00954857574242305,-0.0156408362436108,0.0217888928739932,0,0.00307402831519119
353,-1.05602610060196,1,1,0.0946285503044407,0.126172492052191,0.0315439417477501,0.0145494472518559,0.0030275491391473,0.060060334356353,0,0.0315439417477501
354,0.748196414417488,0,0,0.100519367168762,0.0810025942003193,-0.0195167729684425,0.0113714665335477,-0.0418044378255985,0.0027708918887135,-0.04,0.0204832270315575
355,-1.85271719511112,0,0,0.0921270788283645,0.152220868983489,0.0600937901551245,0.0231981673093307,0.0146262177215019,0.105561362588747,0,0.0600937901551245
356,-2.21432246696202,1,1,0.0910114223966939,0.165430389295074,0.0744189668983806,0.0280879857204708,0.0193675264879826,0.129470407308779,0,0.0744189668983806
357,1.45635325986737,1,0,0.102919226986654,0.0677025641706428,-0.035216662816011,0.0152318706467674,-0.0650705807008478,-0.00536274493117416,-0.04,0.00478333718398901
358,1.49344783562037,0,0,0.10304632385589,0.0670648542996693,-0.0359814695562212,0.0154568925461998,-0.0662764222596784,-0.00568651685276389,-0.04,0.00401853044377883
359,1.29669683492845,1,0,0.102373780283153,0.070511952946299,-0.0318618273368541,0.0142821533505227,-0.0598543335255567,-0.0038693211481516,-0.04,0.00813817266314586
360,-0.343909111840622,0,0,0.0969157756062896,0.106210993193483,0.00929521758719308,0.01006510788741,-0.0104320313726405,0.0290224665470266,0,0.00929521758719308
361,-0.167847011048202,0,1,0.0974888234005637,0.101724717981174,0.00423589458060987,0.00961232094568306,-0.0146039082807689,0.0230756974419886,0,0.00423589458060987
362,-0.622299524833485,0,0,0.0960158046970463,0.113660440302873,0.0176446356058269,0.0113540943739321,-0.00460898044414891,0.0398982516558026,0,0.0176446356058269
363,-0.415618272419385,0,0,0.0966832392396997,0.108087675924428,0.0114044366847287,0.010332192655733,-0.00884628880183725,0.0316551621712947,0,0.0114044366847287
364,0.642679068317765,0,0,0.100166065630147,0.0831775430774652,-0.0169885225526821,0.0109094811187682,-0.0383707126354875,0.00439366753012328,0,-0.0169885225526821
365,0.0968849674439578,1,0,0.0983561632032771,0.0952953771906377,-0.00306078601263932,0.0094773662287598,-0.0216360824893047,0.0155145104640261,0,-0.00306078601263932
366,-0.0758782419049323,0,0,0.0977893640323869,0.0994486702233623,0.00165930619097543,0.00949225381234628,-0.0169451694133363,0.0202637817952872,0,0.00165930619097543
367,-1.27885925328527,1,0,0.0939228296481587,0.133047951440396,0.0391251217922375,0.0166467482204552,0.00649809482043897,0.071752148764036,0,0.0391251217922375
368,-0.0484767981192266,0,0,0.0978790675881589,0.098779348870183,0.000900281282024143,0.00947181099460174,-0.0176641271357658,0.0194646896998141,0,0.000900281282024143
369,1.70437262098675,1,0,0.10377165748776,0.0635435903188362,-0.0402280671689233,0.0167625215129081,-0.0730820056243011,-0.00737412871354555,-0.04,-0.000228067168923339
370,-0.0705093105872066,1,0,0.0978069344189437,0.099317209007933,0.00151027458898927,0.00948769846065117,-0.0170852726900631,0.0201058218680417,0,0.00151027458898927
371,-0.311310945189142,1,1,0.0970216489628759,0.105367405569008,0.008345756606132,0.00995931522952881,-0.0111741425544257,0.0278656557666897,0,0.008345756606132
372,-0.204261235209087,0,1,0.0973700548384931,0.102638594914116,0.00526854007562291,0.00968196192828124,-0.0137077566034963,0.0242448367547421,0,0.00526854007562291
373,-0.220268801666974,0,0,0.0973178854476232,0.103042627982863,0.00572474253523945,0.00971655411163016,-0.0133193535773902,0.0247688386478691,0,0.00572474253523945
374,0.208658586245957,0,0,0.09872442625749,0.0926916163822732,-0.00603280987521683,0.00960483461063649,-0.0248579397895281,0.0127923200390945,0,-0.00603280987521683
375,-0.485914571706068,0,0,0.096455768182461,0.109955606339389,0.0134998381569278,0.0106387912859091,-0.00735180960249255,0.0343514859163482,0,0.0134998381569278
376,0.359560056971664,0,0,0.0992235522250147,0.0892777661041918,-0.00994578612082289,0.00992780283081512,-0.0294039221148353,0.00951234987318954,0,-0.00994578612082289
377,0.489809711275676,1,0,0.0996561739430578,0.0864227490858629,-0.0132334248571949,0.0103262575002072,-0.0334725176526876,0.00700566793829782,0,-0.0132334248571949
378,0.76702300011773,0,0,0.100582520082557,0.0806200289752406,-0.0199624911073162,0.0114582628716683,-0.0424202736611785,0.00249529144654606,-0.04,0.0200375088926838
379,0.475814648919857,1,0,0.0996096092970001,0.0867255057483284,-0.0128841035486718,0.0102787358555538,-0.0330300556321577,0.00726184853481413,0,-0.0128841035486718
380,-1.39027573986618,0,0,0.0935717415233231,0.136603129094798,0.043031387571475,0.0177948452740001,0.00815413172397209,0.0779086434189779,0,0.043031387571475
381,0.249924485932174,0,0,0.0988606959850024,0.0917465819654862,-0.00711411401951614,0.00967684901376342,-0.0260803895703244,0.0118521615312921,0,-0.00711411401951614
382,-1.05348819594799,0,0,0.0946366152227984,0.126095965733917,0.0314593505111184,0.0145271804182502,0.00298660009443259,0.0599321009278042,0,0.0314593505111184
383,-1.02919145584474,1,0,0.0947138562251541,0.125365346312602,0.030651490087448,0.0143159456390472,0.00259275223028232,0.0587102279446136,0,0.030651490087448
384,-1.34397276759198,1,0,0.0937175051859846,0.135116038080024,0.0413985328940396,0.0173100270571302,0.00747150329065062,0.0753255624974286,0,0.0413985328940396
385,-0.99677309796091,0,0,0.0948170043084611,0.124396154626369,0.0295791503179082,0.0140396344646878,0.00206197241101279,0.0570963282248037,0,0.0295791503179082
386,0.284318486418307,1,1,0.0989744010067839,0.0909655492053943,-0.00800885180138954,0.00974651963025674,-0.0271116792513054,0.0110939756485263,0,-0.00800885180138954
387,0.527362269887345,0,0,0.0997812152249072,0.0856150945107641,-0.0141661207141431,0.0104589285915647,-0.0346652440704862,0.00633300264219995,0,-0.0141661207141431
388,-0.0614219189885655,1,1,0.0978366802678278,0.099095051571541,0.00125837130371312,0.00948059963984944,-0.0173232625422352,0.0198400051496614,0,0.00125837130371312
389,-2.27725258137296,0,0,0.0908185112224195,0.167820907693818,0.0770023964713986,0.0289960309572712,0.0201712201005385,0.133833572842259,0,0.0770023964713986
390,-1.41147005633344,0,0,0.0935050887954274,0.137288401381366,0.0437833125859382,0.0180203422952766,0.00846409069811224,0.0791025344737641,0,0.0437833125859382
391,-0.899773730590776,1,0,0.0951262358019251,0.121534553995833,0.026408318193908,0.0132519367305464,0.000434999476633582,0.0523816369111824,0,0.026408318193908
392,-0.165767583785676,1,0,0.0974956095552192,0.101672749607413,0.00417714005219426,0.00960872357439349,-0.0146556120910179,0.0230098921954065,0,0.00417714005219426
393,0.44766919746277,1,0,0.0995160217852758,0.0873372870845175,-0.0121787347007582,0.0101864530278788,-0.0321438157656097,0.00778634636409322,0,-0.0121787347007582
394,-0.935802897589554,1,0,0.0950112705288533,0.122590778037898,0.0275795075090448,0.0135375404923156,0.00104641570485366,0.054112599313236,0,0.0275795075090448
395,0.151212047501905,1,0,0.0985350027479736,0.0940217550878512,-0.00451324766012236,0.00952660673163702,-0.0231850537490078,0.014158558428763,0,-0.00451324766012236
396,0.0839052776256617,1,0,0.0983134781276092,0.0956019438201613,-0.00271153430744792,0.00946928692586812,-0.0212709956414254,0.0158479270265296,0,-0.00271153430744792
397,0.154258981296119,1,0,0.0985450415350357,0.0939507776984699,-0.00459426383656576,0.00953009197868494,-0.0232729008841423,0.0140843732110108,0,-0.00459426383656576
398,-0.135979445675132,1,0,0.0975928685983323,0.100930874948269,0.00333800634993689,0.0095616852804771,-0.015402552431305,0.0220785651311788,0,0.00333800634993689
399,0.398088492127566,1,0,0.0993513493281446,0.0884244922013135,-0.0109268571268311,0.0100350585029653,-0.0305952103753956,0.0087414961217333,0,-0.0109268571268311
400,-0.53212370305257,1,0,0.0963065010570193,0.111198847877319,0.0148923468202998,0.0108637403912715,-0.0064001930839854,0.036184886724585,0,0.0148923468202998
401,-1.54405613698927,0,0,0.0930890924559294,0.141641098274325,0.0485520058183953,0.0194807695830063,0.0103703990445796,0.086733612592211,0,0.0485520058183953
402,-0.353900477123038,0,0,0.0968833459896549,0.106470742613167,0.00958739662351252,0.0100995026632048,-0.0102072648581352,0.0293820581051602,0,0.00958739662351252
403,0.591410746476003,1,0,0.0999948036336399,0.0842533577101115,-0.0157414459235285,0.0107015572720094,-0.0367161127551595,0.00523322090810258,0,-0.0157414459235285
404,1.19937108021128,0,0,0.102042536470058,0.0722770191602932,-0.0297655173097647,0.0137205043738019,-0.0566572117321406,-0.0028738228873887,-0.04,0.0102344826902353
405,1.69980293214218,0,0,0.103755895390233,0.0636180190739015,-0.0401378763163311,0.0167338082455497,-0.072935537801808,-0.00734021483085422,-0.04,-0.000137876316331088
406,0.723039658626087,0,1,0.100435034967959,0.0815163752486127,-0.0189186597193464,0.0112574577851051,-0.0409828715356323,0.00314555209693963,-0.04,0.0210813402806537
407,-0.034761868401409,1,0,0.097923993419881,0.0984458495551313,0.00052185613525034,0.00946418965038799,-0.0180276147223668,0.0190713269928675,0,0.00052185613525034
408,0.283470224825945,0,0,0.0989715952924225,0.0909847396995617,-0.00798685559286078,0.00974469873559555,-0.0270861141548211,0.0111124029690995,0,-0.00798685559286078
409,1.83122278083345,1,0,0.104210043952064,0.0615096562742609,-0.042700387677803,0.0175662489105384,-0.0771296028859241,-0.0082711724696818,-0.04,-0.00270038767780296
410,-0.970979338454488,0,0,0.0948991462058626,0.123629612899077,0.0287304666932145,0.013824385067242,0.00163516985300691,0.0558257635334222,0,0.0287304666932145
411,-0.0611427903213293,0,0,0.0978375940701199,0.099088234781286,0.00125064071116611,0.00948039374345802,-0.0173305895852705,0.0198318710076027,0,0.00125064071116611
412,1.81909007323545,1,0,0.104168043374102,0.0617015323409716,-0.0424665110331302,0.0174888393283563,-0.0767440062481162,-0.00818901581814416,-0.04,-0.00246651103313018
413,-1.90883900392543,1,0,0.0919531248283231,0.154212747897243,0.0622596230689196,0.023919971088887,0.0153773412234618,0.109141904914377,0,0.0622596230689196
414,-1.49857872953595,0,0,0.0932315929344645,0.140135274170893,0.0469036812364282,0.0189702892408751,0.00972259754800535,0.0840847649248511,0,0.0469036812364282
415,0.949126860626024,1,0,0.101195200026321,0.0770038732640521,-0.0241913267622687,0.0123553025099036,-0.0484072746997771,2.46211752396967e-05,-0.04,0.0158086732377313
416,-0.368569333728841,1,0,0.0968357518904686,0.10685310833745,0.0100173564469811,0.0101516628363414,-0.0098795370954418,0.0299142499894039,0,0.0100173564469811
417,0.743896463042008,0,0,0.100504948121784,0.0810902031866664,-0.0194147449351181,0.0113518175428116,-0.0416638984780988,0.00283440860786272,-0.04,0.0205852550648819
418,0.601069891527057,0,0,0.100027050126886,0.0840497088451827,-0.015977341281703,0.010739835433352,-0.03702703193096,0.00507234936755401,0,-0.015977341281703
419,1.51615593837577,1,0,0.103124196995603,0.0666772243709565,-0.0364469726246461,0.0155953762607482,-0.0670133484210635,-0.00588059682822878,-0.04,0.00355302737535385
420,-0.868717735167882,1,1,0.0952254320896915,0.120630423794433,0.0254049917047414,0.0130125667006921,-9.91703750403625e-05,0.0509091537845231,0,0.0254049917047414
421,1.24889443803428,1,1,0.102210968106155,0.071373847023723,-0.0308371210824318,0.0140044803383414,-0.0582853981677802,-0.00338884399708349,-0.04,0.00916287891756815
422,0.248225784684772,1,0,0.0988550831697881,0.0917853125612058,-0.00706977060858227,0.00967363205978849,-0.0260297410454597,0.0118901998282952,0,-0.00706977060858227
423,-0.0186775423810352,1,0,0.0979767040741401,0.0980560129870632,7.93089129231261e-05,0.0094574547903542,-0.0184569618615869,0.0186155796874332,0,7.93089129231261e-05
424,-0.239649195345289,0,0,0.0972547572332151,0.103533675045627,0.00627891781241219,0.00976168307542634,-0.0128536294439176,0.025411465068742,0,0.00627891781241219
425,-0.802496645531972,1,0,0.0954372587139468,0.118721906200015,0.0232846474860686,0.0125238795902882,-0.00126170545761242,0.0478310004297497,0,0.0232846474860686
426,1.50428070069234,0,0,0.10308346662145,0.0668796758427534,-0.0362037907786963,0.0155228880542423,-0.0666280923010583,-0.00577948925633424,-0.04,0.00379620922130374
427,0.305380414204997,1,0,0.0990440882532382,0.0904902252214973,-0.0085538630317409,0.0097933600420503,-0.0277484960017931,0.0106407699383114,0,-0.0085538630317409
428,-0.328496918255209,1,0,0.0969658189564444,0.105811411414742,0.00884559245829776,0.0100138607812687,-0.010781214019187,0.0284723989357825,0,0.00884559245829776
429,-0.159422316060654,0,0,0.0975163197694987,0.101514316241622,0.00399799647212375,0.00959799964764083,-0.0148137371608804,0.0228097301051279,0,0.00399799647212375
430,0.465157703947428,1,0,0.0995741642792394,0.0869566919981113,-0.0126174722811281,0.0102432711249801,-0.0326939147699682,0.00745897020771196,0,-0.0126174722811281
431,0.0966180506246571,1,0,0.0983552852529788,0.0953016726186435,-0.00305361263433532,0.00947718556988162,-0.021628555026106,0.0155213297574354,0,-0.00305361263433532
432,0.0982527084024726,1,0,0.0983606621248046,0.0952631238594559,-0.00309753826534875,0.00947830149476001,-0.0216746678296905,0.015479591298993,0,-0.00309753826534875
433,-1.44951448865006,1,1,0.0933855519652841,0.138525735650457,0.0451401836851725,0.0184306803279015,0.00901671403191478,0.0812636533384302,0,0.0451401836851725
434,0.379953242470697,0,0,0.0992911772804841,0.088825205169678,-0.010465972110806,0.00998340621980585,-0.0300330887446587,0.00910114452304657,0,-0.010465972110806
435,-0.64016510243108,1,0,0.095958305274171,0.114153732572561,0.0181954272983896,0.0114590459496816,-0.00426389006017592,0.0406547446569551,0,0.0181954272983896
436,-0.931782517119153,0,0,0.0950240929724564,0.122472527065919,0.0274484340934625,0.0135052561979773,0.000978618343440717,0.0539182498434842,0,0.0274484340934625
437,-0.581183393802764,1,0,0.0961482518056694,0.112532225332091,0.016383973526422,0.0111222553153127,-0.0054152463184501,0.0381831933712942,0,0.016383973526422
438,-0.793542085124911,1,0,0.0954659347023365,0.118465847052947,0.0229999123506109,0.0124601259032099,-0.00142148566251507,0.0474213103637369,0,0.0229999123506109
439,0.384582180793106,1,0,0.0993065328337363,0.0887227695426286,-0.0105837632911076,0.00999639510988024,-0.0301763376817052,0.00900881109948995,0,-0.0105837632911076
440,0.18383315838384,0,0,0.0986425274432253,0.0932643481677521,-0.00537817927547325,0.00956781454139567,-0.0241307511873674,0.0133743926364209,0,-0.00537817927547325
441,-0.488485862294789,0,0,0.0964474568398117,0.110024464783141,0.0135770079433293,0.0106508271047437,-0.00729822958753148,0.03445224547419,0,0.0135770079433293
442,-0.0242715802868345,1,0,0.097958368737934,0.098191439651208,0.000233070913273972,0.00945952828451139,-0.0183072638351063,0.0187734056616543,0,0.000233070913273972
443,0.427118753498093,0,0,0.0994477381313837,0.0877864424720961,-0.0116612956592876,0.0101219327998148,-0.0314999194008593,0.00817732808228407,0,-0.0116612956592876
444,0.00606908788017141,1,0,0.0980578517381417,0.0974589145729703,-0.000598937165171468,0.00945170125871599,-0.0191239312248867,0.0179260568945438,0,-0.000598937165171468
445,1.09902049421877,0,0,0.101701992858591,0.0741395280234889,-0.0275624648351023,0.013157891418777,-0.0533514581283939,-0.00177347154181065,-0.04,0.0124375351648977
446,0.491949584090097,1,0,0.0996632954758844,0.0863765414217278,-0.0132867540541566,0.0103336172869184,-0.0335402717665371,0.00696676365822399,0,-0.0132867540541566
447,0.775297511305467,0,0,0.100610287695044,0.0804524089467468,-0.0201578787482976,0.0114967988145132,-0.0426911903622462,0.00237543286565112,-0.04,0.0198421212517024
448,0.431038813607639,0,0,0.0994607602296922,0.0877006038844941,-0.0117601563451981,0.0101340498636499,-0.0316225290954849,0.00810221640508864,0,-0.0117601563451981
449,-1.36706125604807,1,0,0.0936447962431323,0.135855845535812,0.0422110492926794,0.0175504270044237,0.00781284445070971,0.076609254134649,0,0.0422110492926794
450,0.301933972153402,1,0,0.0990326820806553,0.0905678509240015,-0.00846483115665381,0.00978548269385417,-0.027644024807948,0.0107143624946403,0,-0.00846483115665381
451,0.276157815706961,1,0,0.0989474116664731,0.0911503218031311,-0.00779708986334195,0.00972921478602579,-0.0268660004418071,0.0112718207151232,0,-0.00779708986334195
452,-1.02213860210921,0,0,0.0947362882993393,0.125153942425581,0.030417654126242,0.0142552902093188,0.00247779872681076,0.0583575095256732,0,0.030417654126242
453,-0.231487341427497,1,0,0.0972813385780096,0.103326623816033,0.00604528523802345,0.00974224413785167,-0.0130491624007623,0.0251397328768092,0,0.00604528523802345
454,1.41896247824496,1,0,0.102791255691727,0.0683510535081925,-0.0344402021835345,0.0150066216684684,-0.0638526401833509,-0.00502776418371799,-0.04,0.00555979781646555
455,0.298406486974572,1,0,0.0990210089025412,0.0906473640808407,-0.0083736448217005,0.00977750580326689,-0.027537204054735,0.010789914411334,0,-0.0083736448217005
456,-0.90832843039281,0,0,0.0950989273922035,0.121784629815969,0.0266857024237653,0.0133189885422001,0.00058096457055145,0.0527904402769791,0,0.0266857024237653
457,-0.0224296787571483,0,0,0.0979644055211763,0.0981468304645168,0.000182424943340503,0.0094588139555914,-0.0183565097460835,0.0187213596327645,0,0.000182424943340503
458,1.80775545474335,1,0,0.104128819109236,0.0618812918974138,-0.0422475272118224,0.0174166209853818,-0.0763834770755552,-0.00811157734808969,-0.04,-0.00224752721182243
459,-0.295561637564776,0,0,0.0970728370389421,0.104961960650518,0.00788912361157557,0.00991174747587365,-0.0115375444649926,0.0273157916881437,0,0.00788912361157557
460,1.02866203376643,1,0,0.101463830058287,0.0754716085676689,-0.0259922214906183,0.0127749776018062,-0.0510307174934643,-0.000953725487772242,-0.04,0.0140077785093817
461,0.35634353690354,1,0,0.0992128897896185,0.0893493359892149,-0.00986355380040355,0.00991927693935242,-0.029304979354213,0.00957787175340589,0,-0.00986355380040355
462,-0.293629310873701,1,0,0.0970791191072485,0.104912310435493,0.007833191328244,0.00990607101510204,-0.0115823510896521,0.0272487337461401,0,0.007833191328244
463,0.417017778617651,1,0,0.0994141905613123,0.088007976169795,-0.0114062143915174,0.0100911298872632,-0.031184465533869,0.00837203675083424,0,-0.0114062143915174
464,-0.59175251466323,0,0,0.0961141899877602,0.112821301783747,0.0167071117959865,0.0111805457356069,-0.00520635517330585,0.0386205787652789,0,0.0167071117959865
465,0.511025939855267,1,0,0.0997268019129118,0.0859656009657325,-0.0137612009471793,0.0104003060954358,-0.0341454263224259,0.00662302442806725,0,-0.0137612009471793
466,1.3560726494268,0,0,0.102576330756408,0.0694547818240107,-0.0331215489323977,0.0146315519437063,-0.0617988637799891,-0.00444423408480639,-0.04,0.00687845106760227
467,0.574029201576645,1,0,0.0999367996331626,0.0846209507998431,-0.0153158488333196,0.0106337625023299,-0.0361576403580388,0.00552594269139961,0,-0.0153158488333196
468,0.423069498712146,1,1,0.099434288452102,0.0878751897884102,-0.0115590986636918,0.0101095117258533,-0.0313733775476495,0.008255180220266,0,-0.0115590986636918
469,-0.0810549360856239,0,1,0.0977724254268673,0.0995755709628869,0.0018031455360196,0.00949690067745162,-0.0168104377565396,0.0204167288285788,0,0.0018031455360196
470,-0.306879472663074,0,1,0.0970360496075882,0.105253183733414,0.00821713412582632,0.00994569656098814,-0.0112760729348743,0.0277103411865269,0,0.00821713412582632
471,1.31161539900574,0,0,0.102424639066455,0.0702449412734592,-0.0321796977929957,0.0143694881112988,-0.0603433769674178,-0.00401601861857356,-0.04,0.00782030220700432
472,-0.815145302437108,0,0,0.0953967659188769,0.119084415374513,0.0236876494556362,0.0126148909407724,-0.00103708245717822,0.0484123813684506,0,0.0236876494556362
473,-0.385043958515547,0,0,0.096782323741474,0.107283984909289,0.0105016611678153,0.0102125914202655,-0.0095146502047278,0.0305179725403584,0,0.0105016611678153
474,2.27124475796541,1,0,0.105743438707274,0.05491687237765,-0.0508265663296241,0.020440200100944,-0.0908886223642663,-0.010764510294982,-0.04,-0.0108265663296241
475,-1.13572805195001,0,0,0.094375587529035,0.128596054308091,0.0342204667790557,0.0152677948361935,0.00429613877676977,0.0641447947813416,0,0.0342204667790557
476,-1.14667604920282,0,0,0.0943408874825906,0.128932041496849,0.0345911540142581,0.0153693027259977,0.00446787420380934,0.0647144338247068,0,0.0345911540142581
477,-1.52496528549476,0,0,0.0931488885714137,0.141007333181291,0.0478584446098776,0.0192652770543198,0.010099195431225,0.0856176937885302,0,0.0478584446098776
478,1.73767607522659,0,0,0.103886594097573,0.0630036074858082,-0.0408829866117644,0.0169723017331863,-0.0741480867435563,-0.00761788647997242,-0.04,-0.000882986611764371
479,0.359456326696242,0,0,0.0992232083538388,0.089280073370323,-0.00994313498351573,0.00992752682991079,-0.029400730025696,0.0095144600586645,0,-0.00994313498351573
480,-0.0344660506125444,0,0,0.0979249626291736,0.0984386673592405,0.0005137047300669,0.00946404435687576,-0.0180354813574991,0.0190628908176329,0,0.0005137047300669
481,-1.78632255139302,0,0,0.0923332560784308,0.149891698718294,0.0575584426398633,0.0223621915381205,0.0137293526097609,0.101387532669966,0,0.0575584426398633
482,-0.171908629326026,1,0,0.0974755696342918,0.101826292571122,0.00435072293682996,0.00961946567473205,-0.0145030833361641,0.0232045292098241,0,0.00435072293682996
483,2.67276138557098,1,0,0.107159974577404,0.0494869696624399,-0.0576730049149639,0.0231618312136858,-0.103069359909784,-0.0122766499201441,-0.04,-0.0176730049149639
484,0.445397137967506,1,0,0.099508470286467,0.0873868433923281,-0.0121216268941389,0.0101791992215068,-0.0320724907597504,0.00782923697147265,0,-0.0121216268941389
485,-0.429496381499366,1,0,0.0966382932947627,0.108454225427395,0.011815932132632,0.0103892562712725,-0.00854663598521893,0.032178500250483,0,0.011815932132632
486,1.70444898056359,1,0,0.103771920890657,0.0635423473028511,-0.0402295735878054,0.0167630014602249,-0.0730844527226386,-0.00737469445297231,-0.04,-0.000229573587805433
487,-0.220267324920041,1,0,0.0973178902592585,0.103042590644731,0.00572470038547249,0.00971655080839678,-0.0133193892529387,0.0247687900238837,0,0.00572470038547249
488,-0.160390025208088,1,0,0.0975131610260677,0.101538464563707,0.00402530353763966,0.00959961048955143,-0.0147895872874941,0.0228401943627734,0,0.00402530353763966
489,-3.19279671279006,0,0,0.0880532938097331,0.205757423416288,0.117704129606555,0.0440607767254422,0.0313465940938275,0.204061665119282,0,0.117704129606555
490,-0.0162574494344083,1,0,0.0979846372561241,0.0979974763027423,1.2839046618196e-05,0.00945664637593164,-0.018521847264739,0.0185475253579754,0,1.2839046618196e-05
491,0.229148470652732,1,0,0.098792067766619,0.0922212879869174,-0.00657077977970164,0.00963898205652534,-0.0254628374581191,0.0123212778987158,0,-0.00657077977970164
492,-0.983794781186677,0,0,0.094858326639443,0.124009955212004,0.0291516285725607,0.0139308157952052,0.00184773133869678,0.0564555258064246,0,0.0291516285725607
493,-0.398938534369845,1,0,0.0967372832997993,0.107648570588977,0.0109112872891781,0.010265897328089,-0.00920950174286225,0.0310320763212184,0,0.0109112872891781
494,-0.111516506893526,1,1,0.0976728054276633,0.10032522221465,0.00265241678698677,0.0095293265158032,-0.0160247199809101,0.0213295535548836,0,0.00265241678698677
495,1.7085774958195,0,0,0.103786163113128,0.0634751751820346,-0.0403109879310937,0.0167889578854779,-0.0732167407245901,-0.00740523513759721,-0.04,-0.000310987931093666
496,-0.310159855149811,0,0,0.0970253893958499,0.105337725550029,0.00831233615417923,0.00995576011970115,-0.0112005951191552,0.0278252674275137,0,0.00831233615417923
497,1.30889829782711,1,0,0.102415374547078,0.0702935020910844,-0.0321218724559938,0.0143535586980937,-0.0602543305542392,-0.00398941435774854,-0.04,0.00787812754400615
498,-0.77090298616074,0,0,0.095538468286049,0.117820604637903,0.022282136351854,0.0123014736565881,-0.00182830897182692,0.0463925816755348,0,0.022282136351854
499,1.77140306273098,1,0,0.104003107088134,0.0624611219815426,-0.0415419851065916,0.017185660804778,-0.075225261334478,-0.00785870887870514,-0.04,-0.00154198510659157
500,0.143370992503202,0,1,0.0985091728724137,0.094204631066589,-0.00430454180582475,0.00951798648399593,-0.0229594525197958,0.0143503689081463,0,-0.00430454180582475
501,-0.994157953201469,0,0,0.0948253295058311,0.124318252109033,0.0294929226032023,0.014017623993971,0.00201888442619457,0.05696696078021,0,0.0294929226032023
502,-1.27866993108469,1,0,0.0939234272311911,0.133041977589161,0.0391185503579699,0.0166448517289065,0.00649524044130387,0.0717418602746359,0,0.0391185503579699
503,-0.672977338819085,1,0,0.0958527809870283,0.115064580743317,0.0192117997562885,0.0116583153535119,-0.00363807845700503,0.0420616779695821,0,0.0192117997562885
504,-1.12868297216361,1,1,0.094397923192422,0.12838024009881,0.0339823169063877,0.0152028310944078,0.00418531549830277,0.0637793183144726,0,0.0339823169063877
505,0.0307224848030905,1,0,0.0981387532358567,0.0968672928969013,-0.00127146033895539,0.0094514658948826,-0.0197959930940339,0.0172530724161231,0,-0.00127146033895539
506,-0.346125182475013,0,0,0.0969085819271843,0.106268557012544,0.00935997508535945,0.0100726571605889,-0.0103820701780142,0.0291020203487331,0,0.00935997508535945
507,-0.52908487135733,1,0,0.0963163109052891,0.1111167127348,0.0148004018295108,0.0108483887245265,-0.00646204936085166,0.0360628530198732,0,0.0148004018295108
508,-0.0691693843727981,0,0,0.0978113199058181,0.0992844243004232,0.00147310439460516,0.00948660345788096,-0.0171202967184547,0.020066505507665,0,0.00147310439460516
509,0.457397009162645,1,0,0.0995483592542814,0.0871253992206556,-0.0124229600336257,0.0102178438149512,-0.0324495659105855,0.00760364584333406,0,-0.0124229600336257
510,-1.2329535877034,1,0,0.0940678276566573,0.131606085138343,0.037538257481686,0.0161924317797881,0.00580167437117948,0.0692748405921926,0,0.037538257481686
511,-1.9498067778539,0,0,0.0918263284143057,0.15568019807069,0.063853869656384,0.0244555765975576,0.0159218203040105,0.111785919008757,0,0.063853869656384
512,-0.478166572775027,1,1,0.0964808163902705,0.109748345436188,0.0132675290459176,0.0106028706092809,-0.0075137154810112,0.0340487735728464,0,0.0132675290459176
513,-0.340091520324978,1,0,0.096928169166897,0.106111893303754,0.00918372413685653,0.010052209228705,-0.0105182439164664,0.0288856921901795,0,0.00918372413685653
514,-0.856799653187935,0,0,0.0952635243314273,0.120284997589779,0.0250214732583514,0.012922411079804,-0.000305987051485736,0.0503489335681886,0,0.0250214732583514
515,1.25251743938231,0,0,0.102223299796956,0.0713081838510879,-0.0309151159458679,0.0140254062534885,-0.0584044070712481,-0.00342582482048766,-0.04,0.00908488405413211
516,0.306953229716908,1,0,0.0990492939535087,0.0904548199322872,-0.00859447402122156,0.00979698234716408,-0.0277962065788378,0.0106072585363947,0,-0.00859447402122156
517,-0.0735906615001006,0,0,0.0977968500332397,0.0993926386520867,0.00159578861884699,0.00949028002740316,-0.017004818438063,0.020196395675757,0,0.00159578861884699
518,0.893675855841501,0,0,0.101008287842005,0.0780889663497864,-0.0229193214922185,0.0120720079425348,-0.0465800222806681,0.00074137929623113,-0.04,0.0170806785077815
519,-0.741329769430291,1,0,0.0956332923864759,0.116982320038103,0.021349027651627,0.0120997722887698,-0.00236609025549768,0.0450641455587516,0,0.021349027651627
520,2.10146032857666,0,1,0.105149428105721,0.0573779421505423,-0.0477714859551785,0.0193168254209291,-0.0856317680758474,-0.00991120383450973,-0.04,-0.00777148595517854
521,-1.63784407113684,1,1,0.0927958311457546,0.144789212738748,0.051993381592993,0.0205642806525607,0.0116881321460002,0.0922986310399859,0,0.051993381592993
522,0.339704193752256,1,0,0.0991577483452686,0.08972040011753,-0.00943734822773867,0.0098762528281625,-0.028794448073149,0.00991975161767168,0,-0.00943734822773867
523,0.117926056638956,0,0,0.0984253941169048,0.0948002771157428,-0.00362511700116198,0.00949350915172654,-0.0222320530254474,0.0149818190231234,0,-0.00362511700116198
524,0.198092791848923,1,0,0.0986895624191521,0.0929349861724995,-0.00575457624665257,0.00958848970680021,-0.024547670738114,0.0130385182448089,0,-0.00575457624665257
525,-0.539804797304012,0,0,0.0962817092017389,0.111406693377879,0.0151249841761405,0.0109028907710477,-0.00624428906248718,0.0364942574147681,0,0.0151249841761405
526,-0.478005990214245,0,0,0.096481335592908,0.109744053437811,0.0132627178449035,0.0106021316434959,-0.00751707833570101,0.034042514025508,0,0.0132627178449035
527,0.403370193471666,0,0,0.0993688799054555,0.0883080960439302,-0.0110607838615253,0.0100504844043253,-0.0307593713211844,0.00863780359813375,0,-0.0110607838615253
528,0.331631956500788,0,0,0.0991310074267935,0.0899009142668958,-0.00923009315989773,0.00985604115956835,-0.0285475788627961,0.0100873925430006,0,-0.00923009315989773
529,1.48573308963077,1,1,0.10301987944245,0.0671970212134005,-0.0358228582290495,0.015409969684826,-0.0660258438141626,-0.00561987264393645,-0.04,0.00417714177095047
530,-0.0640467359804429,0,0,0.0978280876001063,0.0991591744240217,0.00133108682391535,0.00948257121081848,-0.0172544112301252,0.0199165848779559,0,0.00133108682391535
531,0.0161045884259997,1,0,0.0980907766173,0.0972176989227046,-0.000873077694595409,0.00945094732950857,-0.0193965940802172,0.0176504386910264,0,-0.000873077694595409
532,0.567348726660265,1,0,0.0999145141605108,0.0847626194435483,-0.0151518947169625,0.0106080843529872,-0.0359433579937802,0.00563956855985522,0,-0.0151518947169625
533,-0.0425849223393309,1,0,0.0978983652836346,0.0986359558989635,0.000737590615328826,0.00946832435806056,-0.0178199841204132,0.0192951653510708,0,0.000737590615328826
534,-1.75004145632018,1,0,0.0924460958838226,0.148631381096507,0.0561852852126846,0.0219136718754599,0.0132352775677549,0.0991352928576142,0,0.0561852852126846
535,-1.76559095381913,0,0,0.0923977193885846,0.149170458712341,0.0567727393237569,0.022105178441106,0.0134473857073579,0.100098092940156,0,0.0567727393237569
536,1.40612035843768,1,0,0.102747335589949,0.0685751064782929,-0.0341722291116563,0.0149296368599801,-0.0634337796594791,-0.00491067856383361,-0.04,0.00582777088834367
537,0.857748929481455,0,0,0.100887350344992,0.078799455911194,-0.0220878944337983,0.0118929545731495,-0.0453976570669423,0.00122186819934577,-0.04,0.0179121055662017
538,-0.970434184417905,0,0,0.0949008829713828,0.123613455818052,0.0287125728466696,0.0138198802833818,0.00162610522058617,0.055799040472753,0,0.0287125728466696
539,-0.0694710508412113,0,0,0.0978103325568032,0.0992918044988676,0.00148147194206436,0.00948684852494159,-0.0171124094936081,0.0200753533777368,0,0.00148147194206436
540,-0.651901564106489,0,0,0.0959205488419261,0.114478806006672,0.0185582571647461,0.0115293593812977,-0.00403887198741644,0.0411553863169087,0,0.0185582571647461
541,0.223980697505624,0,0,0.0987750039473106,0.0923397073784568,-0.00643529656885382,0.00963006748133973,-0.02530988200097,0.0124392888632624,0,-0.00643529656885382
542,1.57262341163953,1,0,0.103318067322922,0.0657223205378476,-0.0375957467850743,0.01594203201029,-0.0688415553656274,-0.00634993820452122,-0.04,0.00240425321492568
543,-0.199856075758952,1,0,0.0973844158316129,0.102527654548065,0.00514323871645207,0.00967286864296699,-0.0138152354509501,0.0241017128838542,0,0.00514323871645207
544,-0.095649325910976,1,0,0.0977246853638747,0.0999341113979,0.00220942603402528,0.00951135031060456,-0.0164324780191035,0.0208513300871541,0,0.00220942603402528
545,-1.91780946698865,1,0,0.0919253475442212,0.15453309631244,0.0626077487682186,0.0240366232565348,0.0154968328754526,0.109718664660985,0,0.0626077487682186
546,-0.970790096305458,0,0,0.0948997490950641,0.12362400400218,0.0287242549071164,0.0138228210881469,0.00163202340960772,0.055816486404625,0,0.0287242549071164
547,1.02715058564656,1,0,0.101458719251332,0.0755004642388937,-0.0259582550124387,0.0127668666194267,-0.0509808537819416,-0.000935656242935779,-0.04,0.0140417449875613
548,0.70919018901499,0,0,0.100388634657083,0.0818004913643282,-0.0185881432927544,0.011195687413631,-0.0405312874056396,0.00335500082013072,-0.04,0.0214118567072456
549,-0.703687216312016,1,0,0.0957541118911819,0.115922790276657,0.0201686783854755,0.0118523163273497,-0.00306143474950599,0.0433987915204569,0,0.0201686783854755
550,1.53929747067148,1,0,0.103203610078929,0.0662843369268695,-0.0369192731520592,0.0157370550960062,-0.0677633343629539,-0.00607521194116455,-0.04,0.0030807268479408
551,-0.356633956219923,0,1,0.0968744754486641,0.106541903354151,0.00966742790548705,0.0101090726970266,-0.0101459904977824,0.0294808463087565,0,0.00966742790548705
552,1.78160766604871,1,0,0.104038382586356,0.0622978458817663,-0.0417405367045895,0.0172503918936729,-0.07555068353539,-0.00793038987378891,-0.04,-0.00174053670458947
553,-2.66649141490965,1,1,0.089633466411368,0.183221996159544,0.0935885297481758,0.0349806687007942,0.0250276789394916,0.16214938055686,0,0.0935885297481758
554,-1.20952774486946,1,0,0.0941418979933143,0.130875416882705,0.0367335188893907,0.0159649228227092,0.00544284514091917,0.0680241926378623,0,0.0367335188893907
555,-0.630700751035197,0,0,0.095988761957159,0.113892177411972,0.0179034154548128,0.0114031330279415,-0.00444631459087167,0.0402531455004973,0,0.0179034154548128
556,-1.35876474269538,0,0,0.093670917322754,0.135589614294132,0.0419186969713785,0.0174637324399597,0.0076904103534137,0.0761469835893433,0,0.0419186969713785
557,-1.37165734508549,1,0,0.0936303285412849,0.136003521437796,0.0423731928965111,0.0175986031889572,0.00788056446794318,0.076865821325079,0,0.0423731928965111
558,-0.564367735707172,0,0,0.0962024669942111,0.112073632728304,0.0158711657340927,0.0110313992297143,-0.00574997945523023,0.0374923109234156,0,0.0158711657340927
559,-0.358473074264738,0,1,0.096868507648624,0.106589804737939,0.00972129708931455,0.0101155501905431,-0.0101048169679572,0.0295474111465863,0,0.00972129708931455
560,0.110135315612147,0,0,0.0983997553977342,0.0949833254072348,-0.00341642999049935,0.00948709570111238,-0.0220107958825644,0.0151779359015657,0,-0.00341642999049935
561,-0.483784718564064,1,1,0.0964626531238077,0.109898598070791,0.0134359449469837,0.0106288651193343,-0.0073962478834455,0.0342681377774128,0,0.0134359449469837
562,-1.51429458421144,1,0,0.0931823262162082,0.140654128234444,0.0474718020182362,0.0191455837533747,0.00994714739862664,0.0849964566378458,0,0.0474718020182362
563,0.340834470855858,1,0,0.0991614931290835,0.0896951505646823,-0.00946634256440117,0.00987911754589754,-0.0288290571533981,0.00989637202459574,0,-0.00946634256440117
564,-1.54018053644529,1,0,0.0931012287740522,0.141512246608349,0.0484110178342972,0.0194368830441864,0.0103154270959745,0.0865066085726198,0,0.0484110178342972
565,0.855720510174938,0,1,0.100880526099553,0.0788397456535574,-0.0220407804459961,0.0118829564451747,-0.0453309471083966,0.0012493862164044,-0.04,0.0179592195540039
566,-0.00834010590971881,0,0,0.0980105946927211,0.0978061908980753,-0.000204403794645799,0.00945437472811853,-0.0187346377581038,0.0183258301688122,0,-0.000204403794645799
567,-0.574518935400957,1,0,0.096169735349856,0.112350278121448,0.0161805427715918,0.0110859688603893,-0.00554755692850382,0.0379086424716874,0,0.0161805427715918
568,1.21903137336299,0,0,0.10210937273106,0.0719172139758177,-0.0301921587552421,0.0138327715719121,-0.0573038928425593,-0.00308042466792494,-0.04,0.00980784124475787
569,-0.984381456294007,0,1,0.0948564583465066,0.124027390833545,0.0291709324870386,0.0139357124444301,0.00185743799704904,0.0564844269770281,0,0.0291709324870386
570,-1.68889046375109,1,0,0.0926365652270271,0.146526952674388,0.0538903874473608,0.0211711114545165,0.0123957714838251,0.0953850034108965,0,0.0538903874473608
571,1.4024535742892,1,0,0.102734798223316,0.0686392046247127,-0.0340955935986036,0.0149076919690845,-0.0633141329506263,-0.00487705424658098,-0.04,0.00590440640139637
572,0.333358191587633,1,0,0.0991367253901047,0.0898622841107518,-0.00927444127935294,0.00986032675876839,-0.0286003266023355,0.0100514440436297,0,-0.00927444127935294
573,0.467558218058308,0,0,0.0995821474144271,0.0869045678828719,-0.0126775795315552,0.0102512046102792,-0.0327695713658534,0.00741441230274304,0,-0.0126775795315552
574,1.07931610714406,1,0,0.101635243741086,0.0745103907391562,-0.0271248530019294,0.0130496292629959,-0.0527016563690012,-0.00154804963485752,-0.04,0.0128751469980706
575,0.692854327743244,0,0,0.100333928591333,0.082136774069518,-0.0181971545218153,0.0111237638217137,-0.0399993309849037,0.00360502194127316,-0.04,0.0218028454781847
576,0.345174830343436,1,0,0.0991758745846773,0.0895982496703333,-0.00957762491434397,0.00989019700341378,-0.0289620548410409,0.009806805012353,0,-0.00957762491434397
577,-0.283618341438332,1,0,0.0971116709629802,0.104655415175498,0.00754374421251813,0.00987722279727359,-0.0118152567374161,0.0269027451624523,0,0.00754374421251813
578,0.722154493138648,1,1,0.100432068800524,0.0815345071189093,-0.0188975616816147,0.0112534883999849,-0.0409539936460243,0.00315887028279496,-0.04,0.0211024383183853
579,-0.305466787854976,0,0,0.097040640711091,0.105216794553467,0.00817615384237586,0.0099413936688405,-0.011308619704686,0.0276609273894377,0,0.00817615384237586
580,-0.785459438978361,0,0,0.0954918250993611,0.118235131263766,0.0227433061644053,0.0124030655923608,-0.00156625569450976,0.0470528680233203,0,0.0227433061644053
581,0.35557651896918,0,0,0.0992103473540899,0.0893664103290942,-0.00984393702499572,0.00991725376714863,-0.0292813972341512,0.00959352318415977,0,-0.00984393702499572
582,-1.67696662493155,0,0,0.0926737458940078,0.146119496943617,0.0534457510496095,0.0210282957837248,0.0122310486572535,0.0946604534419655,0,0.0534457510496095
583,-0.267084637134368,1,0,0.0971654535948854,0.104232353877486,0.00706690028260094,0.00983163920085366,-0.0122027584600644,0.0263365590252663,0,0.00706690028260094
584,-0.34492957989654,0,0,0.0969124629632554,0.106237497074885,0.00932503411162919,0.0100685785863897,-0.0104090172932058,0.0290590855164642,0,0.00932503411162919
585,0.140433179692987,0,0,0.0984994967306045,0.0942732313561635,-0.00422626537444101,0.00951488661535097,-0.0228751004575111,0.0144225697086291,0,-0.00422626537444101
586,-1.27591837657154,0,0,0.0939321127161374,0.132955180979237,0.0390230682631001,0.0166173098539108,0.00645373942949238,0.0715923970967078,0,0.0390230682631001
587,-2.17552488551323,0,0,0.0911305393837821,0.163970241383934,0.072839702000152,0.0275365058310567,0.0188691423112038,0.1268102616891,0,0.072839702000152
588,1.054691886832,1,1,0.101551883179068,0.0749762488309895,-0.0265756343480783,0.0129154398744145,-0.0518894313464232,-0.00126183734973337,-0.04,0.0134243656519217
589,0.626776442675712,0,0,0.100112914988051,0.0835099006356714,-0.0166030143523797,0.0108437506635822,-0.0378563751103332,0.00465034640557382,0,-0.0166030143523797
590,-0.232715788542012,1,0,0.0972773373843385,0.103357763823777,0.006080426439439,0.00974512961469606,-0.01301967663004,0.025180529508918,0,0.006080426439439
591,-0.0982067290434543,1,0,0.09771632192096,0.0999970571821863,0.00228073526122632,0.00951408781186869,-0.0163665341957878,0.0209280047182404,0,0.00228073526122632
592,0.648525181242107,0,0,0.100185611137778,0.0830556646420333,-0.0171299464957444,0.0109339156979788,-0.03856002747378,0.00430013448229125,0,-0.0171299464957444
593,-1.42320419452407,1,0,0.0934682051276257,0.137669041100584,0.0442008359729583,0.0181461448009126,0.00863504570492084,0.0797666262409958,0,0.0442008359729583
594,0.685419708977378,0,0,0.100309040068595,0.0822902362127576,-0.0180188038558374,0.0110913733805531,-0.0397574962208077,0.00371988850913291,-0.04,0.0219811961441626
595,0.953301839042503,0,0,0.101209285305847,0.0769227370538891,-0.024286548251958,0.0123769546844709,-0.0485449336718054,-2.81628321106772e-05,-0.04,0.015713451748042
596,-1.27924710078425,0,0,0.093921605443765,0.133060190245452,0.0391385848016873,0.0166506339793187,0.00650394188246374,0.0717732277209108,0,0.0391385848016873
597,2.34043326516751,1,0,0.105986350178531,0.0539427546252964,-0.0520435955532346,0.0209027945197877,-0.0930123199882596,-0.0110748711182096,-0.04,-0.0120435955532346
598,0.671292844415069,1,0,0.100261763344122,0.082582556114379,-0.0176792072297434,0.0110304301083773,-0.0392984529761492,0.00394003851666238,0,-0.0176792072297434
599,-1.60081148999515,1,0,0.0929115274568695,0.143539277602685,0.050627750145816,0.020131551811492,0.0111706336423895,0.0900848666492424,0,0.050627750145816
600,-0.644459854750195,1,0,0.0959444874290508,0.114272594102093,0.0183281066730424,0.0114846507577215,-0.00418139518711247,0.0408376085331973,0,0.0183281066730424
601,0.1568813623247,1,0,0.0985536822699247,0.0938897285933889,-0.0046639536765358,0.00953315209557915,-0.0233485884430135,0.0140206810899419,0,-0.0046639536765358
602,1.71886845588873,1,0,0.1038216715695,0.0633080263800018,-0.0405136451894978,0.0168537197361446,-0.0735463288778731,-0.00748096150112244,-0.04,-0.000513645189497751
603,-1.91758960215353,1,1,0.0919260282715285,0.154525238119053,0.0625992098475247,0.0240337599247087,0.0154939059820136,0.109704513713036,0,0.0625992098475247
604,-1.41650552824686,0,0,0.0934892593046876,0.137451636832745,0.043962377528057,0.0180742446633736,0.00853750894007956,0.0793872461160344,0,0.043962377528057
605,1.33426771307129,1,0,0.102501905724101,0.069841298117351,-0.0326606076067496,0.0145026858469608,-0.0610853495458916,-0.00423586566760766,-0.04,0.0073393923932504
606,0.336418744542322,0,0,0.0991468638557029,0.0897938310021324,-0.00935303285357056,0.00986797403287282,-0.0286939065583777,0.00998784085123663,0,-0.00935303285357056
607,-0.683688372198918,1,0,0.0958183567256004,0.115363278710937,0.019544921985337,0.0117251641261552,-0.00343597741474829,0.0425258213854224,0,0.019544921985337
608,-0.039526666144631,1,0,0.097908383345326,0.0985615989840671,0.000653215638741128,0.00946664086548499,-0.0179010595121845,0.0192074907896668,0,0.000653215638741128
609,0.190732298307059,1,0,0.098665281557285,0.0931048646670343,-0.00556041689025075,0.00957761796799362,-0.0243322031652019,0.0132113693847004,0,-0.00556041689025075
610,-1.26246472410495,1,0,0.0939745905295615,0.132531481346028,0.038556890816467,0.0164832169451027,0.00625037925470547,0.0708634023782286,0,0.038556890816467
611,2.10041407886449,0,0,0.10514577682477,0.0573934242830951,-0.0477523525416753,0.0193099565297281,-0.0855991718829764,-0.00990553320037421,-0.04,-0.00775235254167529
612,-0.418019322037089,0,0,0.0966754618131861,0.108151014620569,0.011475552807383,0.0103419418836441,-0.00879428081476571,0.0317453864295318,0,0.011475552807383
613,-0.362432469586545,1,0,0.0968556608218123,0.106692994910614,0.00983733408880214,0.0101296008700565,-0.0100163187942741,0.0296909869718784,0,0.00983733408880214
614,-1.01404630182967,0,0,0.0947620322629347,0.12491175834386,0.0301497260809248,0.0141860652780243,0.00234554905366294,0.0579539031081867,0,0.0301497260809248
615,-1.54876093678924,1,1,0.0930743614348508,0.141797649866445,0.0487232884315937,0.0195341412695928,0.0104370750742743,0.0870095017889131,0,0.0487232884315937
616,-0.320880301828159,0,0,0.0969905586041631,0.105614430184732,0.00862387158056876,0.00998934786843417,-0.0109548904706042,0.0282026336317417,0,0.00862387158056876
617,-0.743592562672999,0,1,0.0956260339525545,0.117046278102778,0.0214202441502231,0.0121149809097081,-0.0023246821061951,0.0451651704066414,0,0.0214202441502231
618,-0.39537652468381,0,0,0.0967488280708535,0.107555001782741,0.0108061737118874,0.0102520650579208,-0.00928750456879886,0.0308998519925736,0,0.0108061737118874
619,-1.34533004204758,1,0,0.0937132295352402,0.135159434020376,0.0414462044851362,0.0173240844263612,0.00749162294433698,0.0754007860259354,0,0.0414462044851362
620,-0.596694678065208,1,0,0.0960982662452804,0.112956697363778,0.0168584311184979,0.0112081141853284,-0.00510906901935825,0.038825931256354,0,0.0168584311184979
621,1.18808231450229,0,0,0.102004177209764,0.0724843655800153,-0.0295198116297485,0.0136563294901786,-0.0562857255915108,-0.00275389766798609,-0.04,0.0104801883702515
622,-0.725759933027242,1,1,0.0956832496058474,0.116543058744533,0.0208598091386861,0.0119961445062988,-0.0026522020469976,0.0443718203243697,0,0.0208598091386861
623,1.2107128048825,0,0,0.102081088560597,0.0720692509113251,-0.0300118376492724,0.0137851927959594,-0.0570303190492938,-0.0029933562492509,-0.04,0.00998816235072763
624,-1.45162430363099,0,0,0.0933789268719935,0.138594627142977,0.045215700270983,0.0184536438541187,0.00904722293338151,0.0813841776085845,0,0.045215700270983
625,1.07449632491361,0,0,0.101618922520055,0.074601364741015,-0.0270175577790401,0.0130232660621176,-0.0525426902218734,-0.00149242533620677,-0.04,0.0129824422209599
626,-1.10006920624711,1,0,0.094488688719775,0.127506877860881,0.0330181891411055,0.0149418782996525,0.00373264581240607,0.062303732469805,0,0.0330181891411055
627,0.369072290579615,0,0,0.0992550902743489,0.089066414551219,-0.01018867572313,0.00995340765679282,-0.0296969962538891,0.00931964480762917,0,-0.01018867572313
628,-1.0713559295755,1,0,0.0945798484710222,0.126635583000747,0.0320557345297245,0.0146847537134629,0.00327414612949643,0.0608373229299525,0,0.0320557345297245
629,0.105237770226594,1,0,0.0983836410049205,0.0950985581576343,-0.00328508284728619,0.00948332605865477,-0.0218720603758997,0.0153018946813273,0,-0.00328508284728619
630,0.382535755775857,0,0,0.099299743978011,0.0887680425436291,-0.0105317014343819,0.0099906361923983,-0.0301129885541249,0.00904958568536117,0,-0.0105317014343819
631,0.200818214425375,1,0,0.0986985544173308,0.0928721546561992,-0.00582639976113164,0.0095926227642563,-0.024627594896353,0.0129747953740898,0,-0.00582639976113164
632,0.257711394746782,0,0,0.0988864289672191,0.0915692274801764,-0.00731720148704271,0.00969186824872774,-0.0263129141974563,0.0116785112233709,0,-0.00731720148704271
633,-1.1503825134251,1,0,0.094329142309246,0.129045959915937,0.034716817606691,0.0154038207501113,0.00452588371216212,0.0649077515012198,0,0.034716817606691
634,0.308557779780073,0,0,0.0990546049396531,0.0904187131294977,-0.00863589181015546,0.00980069539009931,-0.0278449017981978,0.0105731181778869,0,-0.00863589181015546
635,-1.22019268123014,0,0,0.0941081699779186,0.131207635429849,0.0370994654519308,0.016068132980297,0.00560650351174848,0.068592427392113,0,0.0370994654519308
636,-0.79254368419788,0,0,0.0954691324482831,0.118437327030066,0.0229681945817827,0.0124530525827206,-0.00143933997793303,0.0473757291414985,0,0.0229681945817827
637,-0.535040942603658,1,0,0.0962970845679859,0.111277746529712,0.0149806619617262,0.0108785510424246,-0.00634090628540658,0.036302230208859,0,0.0149806619617262
638,1.18017774723794,0,0,0.101977325075105,0.072629878993492,-0.0293474460816134,0.0136115209170532,-0.0560255368538513,-0.00266935530937562,-0.04,0.0106525539183866
639,0.242113284567588,0,0,0.0988348887143806,0.0919247999310651,-0.00691008878331557,0.00966223359584913,-0.0258477186413928,0.0120275410747617,0,-0.00691008878331557
640,1.17037951801778,1,0,0.101944048791829,0.0728106261129967,-0.0291334226788319,0.0135561260137561,-0.0557029414356804,-0.00256390392198345,-0.04,0.0108665773211681
641,-0.204683002095273,0,0,0.09736867996096,0.102649222345747,0.00528054238478673,0.00968284220605059,-0.0136974796070568,0.0242585643766302,0,0.00528054238478673
642,-1.11290838753836,0,0,0.0944479519783299,0.127898131977023,0.0334501799986931,0.0150583915275145,0.00393627493966157,0.0629640850577247,0,0.0334501799986931
643,0.150697822014582,1,0,0.0985333086099356,0.0940337385516482,-0.00449957005828742,0.00952602599794449,-0.0231702379300509,0.014171097813476,0,-0.00449957005828742
644,1.03676408354056,1,0,0.101491230202866,0.0753171016311392,-0.0261741285717272,0.0128185413853683,-0.0512980080213853,-0.00105024912206916,-0.04,0.0138258714282728
645,-1.94288694848895,1,0,0.091847734444267,0.155431535471547,0.0635838010272796,0.0243645946265984,0.0158300730612286,0.111337528993331,0,0.0635838010272796
646,0.60425206211411,0,0,0.100037675642066,0.083982715422744,-0.0160549602193225,0.0107525389747155,-0.0371295493521281,0.00501962891348307,0,-0.0160549602193225
647,0.822778766166937,0,0,0.100769756990261,0.0794966971748665,-0.0212730598153943,0.0117223178619519,-0.0442483806401506,0.00170226100936206,-0.04,0.0187269401846057
648,-0.966607683101544,0,0,0.094913074336837,0.123500098374513,0.0285870240376763,0.0137883128971434,0.00156242735170618,0.0556116207236464,0,0.0285870240376763
649,0.467024289115768,1,0,0.0995803717343454,0.0869161590264769,-0.0126642127078685,0.0102494372415865,-0.0327527405631815,0.00742431514744453,0,-0.0126642127078685
650,0.548223063301141,1,0,0.0998507370692515,0.0851693961095128,-0.0146813409597387,0.0105357582181573,-0.035331047617149,0.00596836569767153,0,-0.0146813409597387
651,-0.693908975201908,1,1,0.0957855189673941,0.115648928522291,0.0198634095548973,0.0117897680391009,-0.00324411118782194,0.0429709302976165,0,0.0198634095548973
652,-0.790037906942452,0,0,0.0954771585429589,0.11836577392208,0.0228886153791213,0.0124353310340096,-0.00148418558337073,0.0472614163416133,0,0.0228886153791213
653,0.887824225529997,1,0,0.100988581269781,0.0782042869082873,-0.0227842943614932,0.0120425950253516,-0.0463873468915836,0.000818758168597122,-0.04,0.0172157056385068
654,-0.324167027338558,0,1,0.0969798822500456,0.105699391910187,0.00871950966014168,0.00999985958647093,-0.0108798549797989,0.0283188743000823,0,0.00871950966014168
655,-1.48814964003844,1,0,0.0932642993788001,0.13979184602621,0.0465275466474102,0.0188546169945463,0.00957317639580266,0.0834819168990177,0,0.0465275466474102
656,-0.923447032947326,0,0,0.0950506827727813,0.12222766913337,0.0271769863605892,0.0134386510257138,0.000837714349387966,0.0535162583717904,0,0.0271769863605892
657,-0.914257416501148,1,0,0.0950800049318572,0.12195820922055,0.0268782042886927,0.0133657395535106,0.000681836137069524,0.0530745724403159,0,0.0268782042886927
658,-0.0613047915134673,1,0,0.0978370637149945,0.0990921910713109,0.00125512735631643,0.00948051315387026,-0.0173263369802275,0.0198365916928604,0,0.00125512735631643
659,-0.321244029290606,0,0,0.0969893770473669,0.105623829560743,0.00863445251337648,0.00999050621203749,-0.0109465798495407,0.0282154848762936,0,0.00863445251337648
660,-2.30874524165794,1,0,0.090722109263495,0.169027531837735,0.0783054225742401,0.029456719727279,0.0205713128060827,0.136039532342397,0,0.0783054225742401
661,0.120295402041753,1,0,0.0984331926273022,0.0947446705366591,-0.00368852209064312,0.00949556076053471,-0.0222994791943029,0.0149224350130167,0,-0.00368852209064312
662,0.399034450507209,0,0,0.0993544888710708,0.0884036353454528,-0.0109508535256179,0.0100378087173762,-0.0306245970953774,0.00872289004414157,0,-0.0109508535256179
663,0.508268838450402,0,0,0.0997176211178031,0.0860248844131519,-0.0136927367046513,0.010390548800572,-0.0340578381333783,0.00667236472407576,0,-0.0136927367046513
664,0.674801512861084,0,0,0.100273503545832,0.0825098649728144,-0.0177636385730172,0.0110454919641284,-0.0394124050142355,0.00388512786820113,-0.04,0.0222363614269828
665,1.07782800364143,0,0,0.101630204330452,0.0745384679909631,-0.027091736339489,0.013041484630896,-0.0526525765209777,-0.00153089615800027,-0.04,0.012908263660511
666,-1.56114443967952,1,0,0.0930355979152522,0.14221039978362,0.0491748018683681,0.0196751202231069,0.010612274839583,0.0877373288971533,0,0.0491748018683681
667,-0.15073624816981,1,0,0.0975446764449455,0.101297791122773,0.00375311467782731,0.00958393794412074,-0.0150310585227162,0.0225372878783708,0,0.00375311467782731
668,-1.30544582738887,1,0,0.093838944717895,0.133889118394839,0.0400501736769443,0.0169149286521373,0.00689752271769069,0.073202824636198,0,0.0400501736769443
669,0.997280164990681,0,0,0.101357762328247,0.0760728148711242,-0.0252849474571223,0.0126076199786621,-0.0499954285460676,-0.000574466368176985,-0.04,0.0147150525428777
670,1.42037257333982,0,0,0.10279607923537,0.0683264933339946,-0.0344695859013756,0.0150150867726628,-0.0638986152005383,-0.0050405566022128,-0.04,0.00553041409862445
671,-0.687960534224127,0,0,0.0958046294793483,0.115482604230675,0.0196779747513268,0.0117520716573845,-0.00335566244088079,0.0427116119435343,0,0.0196779747513268
672,1.11825953556757,0,0,0.101767203110778,0.0737790628449783,-0.0279881402657995,0.0132643281332344,-0.0539857456860604,-0.00199053484553861,-0.04,0.0120118597342005
673,-0.572265448615977,1,1,0.0961770006589256,0.112288813551683,0.0161118128927571,0.0110737815683793,-0.00559240015392983,0.037816025939444,0,0.0161118128927571
674,0.680535989701664,0,0,0.100292694057109,0.0823911858038333,-0.0179015082532757,0.0110702150001645,-0.0395987309547133,0.00379571444816188,-0.04,0.0220984917467243
675,-0.791687787821629,1,0,0.0954718738472965,0.118412882481451,0.0229410086341542,0.0124469944587902,-0.00145465222084428,0.0473366694891527,0,0.0229410086341542
676,-0.0321187755204592,0,0,0.0979326534800675,0.0983816941279054,0.000449040647837948,0.00946291998871746,-0.0180979417186324,0.0189960230143083,0,0.000449040647837948
677,-0.761275612765393,1,0,0.0955693284360804,0.117547136552718,0.0219778081166374,0.0122351162365555,-0.00200257905367263,0.0459581952869474,0,0.0219778081166374
678,2.90864575963029,1,0,0.107999931448615,0.0465383817639452,-0.06146154968467,0.0248018291963979,-0.110072241660324,-0.0128508577090161,-0.04,-0.02146154968467
679,0.907905312600854,1,1,0.1010562227159,0.0778091895983676,-0.0232470331175322,0.01214392506155,-0.0470486888691235,0.000554622634059105,-0.04,0.0167529668824678
680,0.297519207346402,1,0,0.0990180729034969,0.0906673741696518,-0.00835069873384509,0.00977551303856861,-0.0275103522198413,0.0108089547521511,0,-0.00835069873384509
681,-1.61684130503239,0,0,0.0928614316052215,0.144079214814786,0.051217783209564,0.0203180818722086,0.0113950745050991,0.0910404919140289,0,0.051217783209564
682,-0.196518489563816,1,0,0.0973952977520489,0.102443670883394,0.00504837313134519,0.00966610160354414,-0.0138968378825062,0.0239935841451966,0,0.00504837313134519
683,-0.0563656995512497,0,0,0.0978532343330235,0.0989716348895237,0.00111840055650024,0.00947698205900667,-0.0174561429612851,0.0196929440742855,0,0.00111840055650024
684,-0.154736690037365,0,0,0.0975316156252869,0.101397462643799,0.00386584701851216,0.00959032543464337,-0.0149308454334073,0.0226625394704316,0,0.00386584701851216
685,-0.463113785357965,1,0,0.0965294965771606,0.109346658623763,0.0128171620466028,0.0105345784201851,-0.00783023224927293,0.0334645563424784,0,0.0128171620466028
686,0.065780553363329,0,0,0.0982539006802291,0.0960315063449287,-0.00222239433530041,0.00946043436367142,-0.0207645049662015,0.0163197162956007,0,-0.00222239433530041
687,1.15429046838889,0,0,0.101889428801165,0.0731083187424973,-0.0287811100586677,0.0134655281447516,-0.0551730602551913,-0.00238915986214408,-0.04,0.0112188899413323
688,1.09061191344559,1,0,0.101673503821483,0.0742975805182472,-0.0273759233032355,0.0131115978680433,-0.0530741829043725,-0.00167766370209848,-0.04,0.0126240766967645
689,0.553730335264214,0,0,0.0998690980952662,0.0850520828239439,-0.0148170152713223,0.0105564021579848,-0.0355071833072933,0.0058731527646488,0,-0.0148170152713223
690,0.708741522599517,1,0,0.100387131794491,0.0818097106371404,-0.0185774211573505,0.0111936983789453,-0.0405166668338876,0.0033618245191866,-0.04,0.0214225788426495
691,0.688841538042776,0,0,0.100320494483017,0.0822195719222005,-0.0181009225608162,0.0111062543483478,-0.0398687810867192,0.00366693596508681,-0.04,0.0218990774391838
692,-0.190850419258877,1,0,0.0974137805062329,0.102301184882669,0.00488740437643653,0.0096548514842146,-0.0140357568087072,0.0238105655615802,0,0.00488740437643653
693,2.225807963002,0,1,0.105584183438121,0.0555655740825708,-0.0500186093555503,0.0201379032456847,-0.0894881744412445,-0.0105490442698561,-0.04,-0.0100186093555503
694,-0.0536440498878991,0,0,0.0978621460493158,0.0989052591154242,0.00104311306610837,0.00947513294678859,-0.0175278062583261,0.0196140323905429,0,0.00104311306610837
695,-0.432418733515319,1,0,0.0966288312807187,0.108531549805655,0.0119027185249367,0.0104014915693731,-0.00848383033653154,0.032289267386405,0,0.0119027185249367
696,-2.40000615158054,0,0,0.0904432712161541,0.172563166929664,0.0821198957135095,0.030815237823311,0.0217231394047835,0.142516652022236,0,0.0821198957135095
697,0.174878217728485,1,0,0.0986130000442955,0.0934717199384011,-0.00514128010589433,0.00955565237482727,-0.0238700146093404,0.0135874543975518,0,-0.00514128010589433
698,-0.506254544856433,0,0,0.0963900395041103,0.11050133871884,0.01411129921473,0.0107355578280674,-0.00693000748222907,0.0351526059116891,0,0.01411129921473
699,-0.0743214104170758,1,0,0.0977944586357384,0.0994105344273471,0.0016160757916087,0.00949090523266161,-0.0169857566450908,0.0202179082283082,0,0.0016160757916087
700,0.678797978728574,1,0,0.100286877433151,0.0824271387860332,-0.017859738647118,0.0110627080418896,-0.0395422479807032,0.0038227706864672,-0.04,0.022140261352882
701,-0.594941970819711,1,0,0.0961039132308297,0.112908663951833,0.0168047507210029,0.011198314551961,-0.00514354248839147,0.0387530439303973,0,0.0168047507210029
702,-1.16663367052136,1,0,0.0942776605365973,0.129546452766574,0.0352687922299771,0.0155560710548489,0.00477945322152718,0.065758131238427,0,0.0352687922299771
703,-1.57655328872441,0,0,0.0929873845214517,0.142725385314342,0.04973800079289,0.0198515483049794,0.0108296810777733,0.0886463205080067,0,0.04973800079289
704,-0.126658025324298,0,1,0.0976233210481358,0.100699713663607,0.0030763926154715,0.00954868955100738,-0.0156386950040569,0.0217914802349999,0,0.0030763926154715
705,0.972614888976378,0,0,0.101274465099191,0.0765484275937339,-0.0247260375054574,0.0124776772673496,-0.0491818355601768,-0.000270239450738029,-0.04,0.0152739624945426
706,-0.664141980388675,0,0,0.0958811853254697,0.114818696237567,0.0189375109120977,0.0116038361644806,-0.00380559005278769,0.0416806118769831,0,0.0189375109120977
707,0.318474867673849,0,1,0.099087435664446,0.0901958392000584,-0.00889159646438757,0.00982403772548414,-0.0281463565890993,0.0103631636603241,0,-0.00889159646438757
708,-0.411707043413426,1,1,0.0966959096020505,0.10798456912282,0.0112886595207694,0.0103164222965411,-0.00893115662975719,0.0315084756712959,0,0.0112886595207694
709,-0.83242116850604,0,0,0.0953414846322792,0.119581086161694,0.0242396015294151,0.0127409902827894,-0.000732280552226943,0.0492114836110572,0,0.0242396015294151
710,0.417519325731291,0,0,0.0994158560725654,0.0879969643751407,-0.0114188916974247,0.01009264499921,-0.0312001124046246,0.00836232900977524,0,-0.0114188916974247
711,-0.304796052971649,1,0,0.0970428206093559,0.105199521060443,0.00815670045108698,0.00993935720473231,-0.0113240816996671,0.027637482601841,0,0.00815670045108698
712,-0.576319682671231,1,0,0.0961639300391157,0.112399415198184,0.016235485159068,0.0110957376257142,-0.00551176096923776,0.0379827312873738,0,0.016235485159068
713,1.35126434284546,1,0,0.102559914838629,0.0695398438237933,-0.0330200710148352,0.0146030812802013,-0.0616415843873409,-0.00439855764232953,-0.04,0.00697992898516477
714,-1.00148691159896,1,0,0.0948019997445066,0.124536680149308,0.0297346804048018,0.0140794143640068,0.00213953532793261,0.057329825481671,0,0.0297346804048018
715,0.5615199811563,1,0,0.0998950735907808,0.0848864017611369,-0.0150086718296439,0.0105858543723321,-0.0357565651450008,0.00573922148571292,0,-0.0150086718296439
716,-0.94206463650679,1,0,0.094991302668884,0.122775149436338,0.0277838467674544,0.0135880287362315,0.00115179982354532,0.0544158937113636,0,0.0277838467674544
717,0.422114055885932,0,0,0.0994311151659524,0.0878961420001637,-0.0115349731657887,0.0101065950948639,-0.0313435355580512,0.00827358922647374,0,-0.0115349731657887
718,1.50446500618288,1,0,0.103084098654248,0.0668765294100913,-0.0362075692441564,0.015524011949854,-0.0666340735614397,-0.00578106492687315,-0.04,0.00379243075584356
719,0.729368230475723,0,0,0.100456244121412,0.0813868467911944,-0.0190693973302175,0.011285921583466,-0.041189397166154,0.00305060250571905,-0.04,0.0209306026697825
720,1.31786894998138,1,0,0.102445964664883,0.0701332938100956,-0.0323126708547875,0.0144061893838575,-0.0605482832016115,-0.00407705850796345,-0.04,0.00768732914521252
721,-0.826846277364849,1,0,0.0953593206721803,0.119420616064032,0.0240612953918519,0.0127000732289922,-0.000830390737994201,0.0489529815216979,0,0.0240612953918519
722,0.0165106817431406,0,0,0.0980921091521996,0.0972079491918417,-0.000884159960357955,0.00945093589260994,-0.0194076539300704,0.0176393340093544,0,-0.000884159960357955
723,0.470098999523877,1,0,0.0995905976419858,0.0868494288386604,-0.0127411688033254,0.0102596366482163,-0.0328496871282967,0.00736734952164582,0,-0.0127411688033254
724,-0.820336478897309,0,0,0.0953801515875851,0.119233470796263,0.0238533192086784,0.0126525654395034,-0.000945253364784508,0.0486518917821413,0,0.0238533192086784
725,0.59872977846119,1,0,0.100019236947394,0.0840990056132789,-0.015920231334115,0.0107305227452403,-0.0369516694500739,0.00511120678184391,0,-0.015920231334115
726,-0.859962279303473,0,0,0.0952534147052364,0.120376577840973,0.0251231631357363,0.0129462420538341,-0.00025100502491639,0.050497331296389,0,0.0251231631357363
727,0.132027583128402,1,0,0.0984718162718403,0.0944697560629161,-0.00400206020892414,0.00950641058123979,-0.0226342825704046,0.0146301621525563,0,-0.00400206020892414
728,-1.29569380476662,1,0,0.0938697061202392,0.133580055341061,0.0397103492208219,0.0168161325912577,0.00675133498270658,0.0726693634589373,0,0.0397103492208219
729,1.26520060045719,0,1,0.102266480143079,0.0710787537390277,-0.0311877264040509,0.0140988189092776,-0.0588209036907873,-0.0035545491173145,-0.04,0.0088122735959491
730,1.09799870191213,0,0,0.101698530555437,0.0741587176945594,-0.0275398128608778,0.0131522585246285,-0.0533177658845096,-0.00176185983724595,-0.04,0.0124601871391222
731,-0.716884880927819,0,1,0.0957117364489225,0.116293314087609,0.0205815776386866,0.0119378769150737,-0.00281623116673002,0.0439793864441032,0,0.0205815776386866
732,0.19296610002147,0,0,0.0986726498800164,0.0930532796090621,-0.00561937027095433,0.00958087247952619,-0.0243975352712966,0.013158794729388,0,-0.00561937027095433
733,0.113094616989698,1,0,0.0984094935261904,0.0949137575553797,-0.00349573597081067,0.0094894716622461,-0.0220947586611265,0.0151032867195051,0,-0.00349573597081067
734,-0.0506392964185261,1,0,0.0978719855955333,0.0988320250163133,0.000960039420779935,0.00947317117166088,-0.0176070348950585,0.0195271137366184,0,0.000960039420779935
735,0.788793968311627,1,0,0.100655593727209,0.0801796881999908,-0.0204759055272179,0.0115601510099148,-0.0431333851624953,0.00218157410805948,-0.04,0.0195240944727821
736,0.176104930153738,1,0,0.0986170444552355,0.0934432882303503,-0.0051737562248852,0.00955728070209348,-0.0239056821911281,0.0135581697413577,0,-0.0051737562248852
737,1.1855101837619,1,0,0.1019954388898,0.0725316858386856,-0.0294637530511141,0.0136417372401706,-0.0562010667284073,-0.00272643937382093,-0.04,0.0105362469488859
738,0.75958935772623,1,0,0.100557580062789,0.0807708868164612,-0.0197866932463276,0.0114238436918637,-0.0421770154473955,0.00260362895474036,-0.04,0.0202133067536724
739,0.185108495331274,0,0,0.0986467332911079,0.0932348484739017,-0.00541188481720618,0.00956959842564704,-0.0241679530779856,0.0133441834435732,0,-0.00541188481720618
740,0.945209655537238,1,0,0.101181985988013,0.0770800712452265,-0.0241019147427863,0.0123350270621215,-0.0482781235328714,7.4294047298671e-05,-0.04,0.0158980852572137
741,0.693577992107957,0,0,0.100336351461405,0.0821218504311301,-0.0182145010302746,0.0111269281632607,-0.04002287948883,0.0035938774282807,-0.04,0.0217854989697254
742,0.898370805875616,0,0,0.101024101522716,0.0779965535409272,-0.023027547981789,0.012095675425523,-0.0467346361845001,0.000679540220922221,-0.04,0.016972452018211
743,-0.425057083508407,0,0,0.0966526684713965,0.10833685579289,0.0116841873214933,0.0103708155527494,-0.00864223765220337,0.03201061229519,0,0.0116841873214933
744,0.159837151583857,0,0,0.0985634223925413,0.0938209603652709,-0.0047424620272704,0.00953666819437783,-0.0234339882207596,0.0139490641662188,0,-0.0047424620272704
745,0.548787082827108,1,1,0.099852617349999,0.0851573748924722,-0.0146952424575268,0.0105378655873976,-0.03534907948275,0.0059585945676965,0,-0.0146952424575268
746,-0.687707717434779,1,0,0.0958054417774752,0.115475539832757,0.0196700980552822,0.0117504754633506,-0.00336041065410669,0.042700606764671,0,0.0196700980552822
747,-1.23357411464154,0,0,0.0940658663184012,0.131625486775786,0.0375596204573845,0.016198498346027,0.00581114709553981,0.0693080938192291,0,0.0375596204573845
748,0.633396319413671,0,0,0.100135037263187,0.0833714018606692,-0.0167636354025182,0.0108709806943442,-0.0380703660400631,0.00454309523502659,0,-0.0167636354025182
749,-0.1715670001942,0,0,0.0974766843676054,0.101817745509214,0.0043410611416084,0.009618858697061,-0.014511555477011,0.0231936777602278,0,0.0043410611416084
750,0.0547773157195783,1,0,0.0982177478352191,0.0962931278609389,-0.00192461997428019,0.00945645462223095,-0.0204589304552902,0.0166096905067298,0,-0.00192461997428019
751,0.997696707864113,1,0,0.101359169559086,0.0760648061383015,-0.0252943634207842,0.0126098267004895,-0.0500091696050352,-0.000579557236533287,-0.04,0.0147056365792158
752,0.281269180559829,0,0,0.0989643154373956,0.0910345516227117,-0.00792976381468387,0.00973999784147603,-0.0270198087934748,0.011160281164107,0,-0.00792976381468387
753,0.0691840606594242,0,0,0.0982650858325764,0.0959507106509136,-0.00231437518166276,0.0094618794210895,-0.0208593180730589,0.0162305677097333,0,-0.00231437518166276
754,-0.66793283165584,1,0,0.0958689973915993,0.114924138060753,0.0190551406691534,0.0116271369972453,-0.00373362908876054,0.0418439104270673,0,0.0190551406691534
755,-1.67046262577572,0,0,0.0926940321763258,0.145897641491169,0.0532036093148432,0.0209506687473589,0.0121410531179909,0.0942661655116955,0,0.0532036093148432
756,0.235743100577669,0,0,0.0988138468324878,0.0920703703625043,-0.00674347646998354,0.00965065128026588,-0.02565840540666,0.0121714524666929,0,-0.00674347646998354
757,-0.651161273720141,0,1,0.095922929978472,0.114458277843203,0.0185353478647315,0.0115248924538549,-0.00405302627052158,0.0411237219999846,0,0.0185353478647315
758,-1.48222660278702,1,0,0.0932828790719383,0.139597115425253,0.0463142363533143,0.018789155792615,0.00948816769987681,0.0831403050067517,0,0.0463142363533143
759,1.29275313867079,1,0,0.102360339592408,0.0705826936036828,-0.0317776459887253,0.0142591191174527,-0.0597250059101992,-0.00383028606725144,-0.04,0.0082223540112747
760,-0.116701462164432,1,0,0.0976558578263143,0.100453320918145,0.00279746309183077,0.00953571384649071,-0.0158921926141709,0.0214871187978325,0,0.00279746309183077
761,0.330504967489487,1,1,0.0991272745583685,0.0899261424062921,-0.00920113215207641,0.00985325406034219,-0.0285131552408701,0.0101108909367173,0,-0.00920113215207641
762,-0.779245570162604,0,1,0.0955117336836665,0.118058023580341,0.022546289896675,0.0123595131356279,-0.00167791071560531,0.0467704905089553,0,0.022546289896675
763,0.160200393312673,1,0,0.0985646194311375,0.0938125124424841,-0.00475210698865342,0.00953710517805837,-0.0234444896544183,0.0139402756771114,0,-0.00475210698865342
764,2.07160672672479,1,0,0.105045286705984,0.0578212520899317,-0.0472240346160526,0.019121094839054,-0.0847006918455731,-0.00974737738653205,-0.04,-0.00722403461605257
765,-1.79715572514179,0,0,0.0922995872298824,0.150269719709451,0.0579701324795682,0.0224972555529453,0.0138763218448017,0.102063943114335,0,0.0579701324795682
766,-0.202316714863464,1,1,0.0973763938183854,0.102589610646338,0.00521321682795226,0.00967792529626197,-0.0137551681977903,0.0241816018536948,0,0.00521321682795226
767,1.22506519176062,0,1,0.102129892812156,0.0718071201952012,-0.0303227726169547,0.0138673520746647,-0.0575022832442342,-0.00314326198967518,-0.04,0.00967722738304529
768,0.725893520000425,1,1,0.100444598716062,0.0814579413172748,-0.0189866573987873,0.0112702752226827,-0.0410759909310995,0.00310267613352489,-0.04,0.0210133426012127
769,0.45752975536268,0,0,0.0995488005976176,0.0871225110068784,-0.0124262895907392,0.0102182758945928,-0.0324537423282348,0.00760116314675643,0,-0.0124262895907392
770,0.236642541004908,0,0,0.0988168176067495,0.0920498039408211,-0.0067670136659284,0.00965226821428042,-0.0256851117350388,0.012151084403182,0,-0.0067670136659284
771,0.48373120625458,0,0,0.0996359470443105,0.0865541282979062,-0.0130818187464043,0.0103054862904384,-0.0332802007188348,0.0071165632260263,0,-0.0130818187464043
772,1.50041709994365,1,0,0.103070218091145,0.0669456662352081,-0.0361245518559368,0.0154993360771458,-0.0665026923514249,-0.00574641136044869,-0.04,0.0038754481440632
773,-0.190976052892574,0,1,0.0974133707992913,0.102304341202596,0.00489097040330423,0.00965509754303621,-0.0140326730482679,0.0238146138548764,0,0.00489097040330423
774,1.33315046871224,1,0,0.102498093612456,0.0698611559784706,-0.0326369376339854,0.0144961000020768,-0.0610487715543469,-0.00422510371362397,-0.04,0.00736306236601456
775,1.34683802972226,0,0,0.102544805132049,0.0696182333147161,-0.0329265718173328,0.014576899199606,-0.0614967692548313,-0.00435637437983432,-0.04,0.00707342818266719
776,0.357706912090723,0,0,0.0992174091145712,0.0893189935946679,-0.00989841551990332,0.0099228825765101,-0.0293469079926831,0.00955007695287649,0,-0.00989841551990332
777,-0.0559583229196308,0,0,0.0978545681930341,0.0989616972381967,0.00110712904516261,0.00947670091524139,-0.0174668634409683,0.0196811215312935,0,0.00110712904516261
778,0.503635046730291,1,0,0.0997021928769534,0.0861246040592933,-0.01357758881766,0.0103742398327405,-0.0339107252568121,0.00675554762149209,0,-0.01357758881766
779,-0.163481257262574,0,0,0.0975030714063373,0.101615637650369,0.00411256624403181,0.00960481556629877,-0.0147125263440635,0.0229376588321271,0,0.00411256624403181
780,0.45078116223481,0,0,0.0995263656507389,0.0872694526903121,-0.0122569129604268,0.0101964363692642,-0.032241561014839,0.00772773509398533,0,-0.0122569129604268
781,0.17665673509508,0,0,0.0986188637773414,0.0934305014894118,-0.00518836228792956,0.00955801707811949,-0.0239217315246625,0.0135450069488034,0,-0.00518836228792956
782,1.46764148523469,0,0,0.102957889052525,0.0675079101396402,-0.0354499789128847,0.0153001863429227,-0.0654377931017648,-0.00546216472400455,-0.04,0.00455002108711532
783,-0.500729792004362,0,0,0.0964078887988231,0.110352872423821,0.0139449836249975,0.0107089219710727,-0.00704411775155472,0.0349340850015496,0,0.0139449836249975
784,-1.65919475295978,0,0,0.0927291866439091,0.145513948514073,0.0527847618701642,0.0208166415167757,0.0119848942182026,0.0935846295221259,0,0.0527847618701642
785,-0.614517570529484,1,0,0.0960408601350662,0.113446151844605,0.0174052917095388,0.0113091714162892,-0.0047602769613778,0.0395708603804555,0,0.0174052917095388
786,0.796312195468019,0,0,0.100680839395843,0.0800281348070183,-0.020652704588825,0.0115957041193798,-0.0433798670381921,0.00207445786054213,-0.04,0.019347295411175
787,1.16176761594922,0,0,0.101914809405327,0.0729698313090024,-0.0289449780963249,0.0135075755447731,-0.0554193396825341,-0.0024706165101157,-0.04,0.0110550219036751
788,0.244501904367454,0,0,0.0988427797904455,0.0918702689168843,-0.0069725108735612,0.00966665476353053,-0.0259188060610636,0.0119737843139412,0,-0.0069725108735612
789,0.103809432462026,0,1,0.0983789417882281,0.0951321886082036,-0.00324675318002444,0.00948226491393701,-0.0218316509032088,0.0153381445431599,0,-0.00324675318002444
790,0.36003946899448,1,0,0.0992251415142017,0.0892671032707405,-0.00995803824346118,0.00992907933451302,-0.0294186761387476,0.00950259965182526,0,-0.00995803824346118
791,-0.0689833736907995,0,0,0.0978119287199188,0.0992798738365753,0.00146794511665646,0.00948645276923971,-0.0171251606520936,0.0200610508854066,0,0.00146794511665646
792,-0.441436291165609,0,1,0.0965996393777023,0.108770456399033,0.0121708170213303,0.0104397251103097,-0.00829066820337516,0.0326323022460358,0,0.0121708170213303
793,0.374182700772044,1,0,0.0992720376507005,0.0889530532583107,-0.0103189843923899,0.00996740327854056,-0.0298547358377158,0.00921676705293608,0,-0.0103189843923899
794,0.685984493731845,1,0,0.100310930579347,0.0822785690181483,-0.0180323615611986,0.0110938263588237,-0.0397758616752342,0.00371113855283707,-0.04,0.0219676384388014
795,-1.011028938814,1,0,0.0947716329763322,0.124821558432625,0.0300499254562931,0.0141603550444301,0.00229613956091,0.0578037113516762,0,0.0300499254562931
796,-0.333502019009653,1,0,0.0969495648795829,0.105941029826405,0.00899146494682167,0.0100302620974828,-0.0106674875197419,0.0286504174133852,0,0.00899146494682167
797,0.379583684525357,1,0,0.0992899514388861,0.088833387864571,-0.0104565635743151,0.0099823750462935,-0.0300216591452217,0.00910853199659153,0,-0.0104565635743151
798,0.814396803976255,1,0,0.100741589248556,0.07966465364633,-0.0210769356022259,0.011681977585447,-0.0439731909379062,0.00181931973345451,-0.04,0.0189230643977741
799,-2.39086396872918,0,0,0.0904711693650631,0.172206358610749,0.0817351892456864,0.030677574647365,0.0216082478038119,0.141862130687561,0,0.0817351892456864
800,-0.0175342000805657,1,0,0.0979804519342687,0.098028354188286,4.79022540172541e-05,0.00945706620175562,-0.0184876069008348,0.0185834114088693,0,4.79022540172541e-05
801,-0.859725564428508,0,0,0.0952541713529398,0.120369721198651,0.0251155498457113,0.0129444560309542,-0.000255117774421242,0.0504862174658439,0,0.0251155498457113
802,-0.245651479868247,1,1,0.0972352132617201,0.103686176067076,0.00645096280535609,0.00977638060634792,-0.0127103910822417,0.0256123166929539,0,0.00645096280535609
803,-0.145973020608763,1,1,0.0975602296755822,0.101179228082186,0.00361899840660357,0.00957653006663777,-0.0151506556208714,0.0223886524340786,0,0.00361899840660357
804,0.525945224173601,0,0,0.0997764942607337,0.0856454467584392,-0.0141310475022944,0.0104537892374371,-0.0346200979096436,0.00635800290505471,0,-0.0141310475022944
805,0.91450722144358,1,0,0.101078469470259,0.0776796961156774,-0.0233987733545811,0.0121774782893284,-0.0472661922241831,0.000468645515020866,-0.04,0.0166012266454189
806,-0.591879577018396,1,1,0.0961137805609552,0.112824781011043,0.0167110004500876,0.011181252035527,-0.0052038508416106,0.0386258517417858,0,0.0167110004500876
807,-0.570865442929612,0,0,0.0961815145663036,0.112250642744777,0.0160691281784732,0.0110662310931188,-0.00562028620863701,0.0377585425655834,0,0.0160691281784732
808,-0.457802996492514,1,0,0.0965466767168355,0.109205247163964,0.0126585704471286,0.0105109574308138,-0.00794252756030017,0.0332596684545574,0,0.0126585704471286
809,0.13505446218917,1,0,0.0984817832847857,0.0943989447197741,-0.00408283856501161,0.00950939552289324,-0.0227209113046288,0.0145552341746056,0,-0.00408283856501161
810,0.581393441826229,0,0,0.099961371206623,0.0844650310096183,-0.0154963401970048,0.0106623135811402,-0.0363940908079118,0.00540141041390221,0,-0.0154963401970048
811,-2.40567783699197,0,0,0.0904259674798086,0.172784819890885,0.0823588524110763,0.0309008177324092,0.0217943625627176,0.142923342259435,0,0.0823588524110763
812,-1.72737464357824,1,0,0.0925166560160438,0.147848438601181,0.0553317825851367,0.0216364560614127,0.0129251079516845,0.097738457218589,0,0.0553317825851367
813,-1.02244244888053,1,0,0.0947353217962674,0.125163043699288,0.0304277219030207,0.0142578971521073,0.00248275698961417,0.0583726868164272,0,0.0304277219030207
814,-0.250194650676543,1,0,0.09722042262429,0.103801737195329,0.00658131457103893,0.00978773163802837,-0.0126022869298399,0.0257649160719177,0,0.00658131457103893
815,-1.5527299074456,1,0,0.0930619359673902,0.141929829140429,0.0488678931730387,0.0195792469447805,0.0104932743168532,0.0872425120292243,0,0.0488678931730387
816,0.350308128153921,1,0,0.0991928857776388,0.0894837678245711,-0.00970911795306771,0.0099034610172701,-0.0291195448692135,0.00970130896307809,0,-0.00970911795306771
817,0.15661170452568,0,0,0.0985527937174402,0.0938960045940013,-0.00465678912343892,0.00953283484821541,-0.0233408020965095,0.0140272238496316,0,-0.00465678912343892
818,0.485444228675199,1,0,0.0996416469466485,0.0865170851955563,-0.0131245617510922,0.0103113196924003,-0.0333343769812754,0.00708525347909103,0,-0.0131245617510922
819,1.10164159661019,0,0,0.101710874839221,0.0740903235513446,-0.0276205512878763,0.0131723502314838,-0.0534378833333323,-0.00180321924242031,-0.04,0.0123794487121237
820,-1.55606983896809,1,0,0.0930514809562172,0.142041139085768,0.0489896581295508,0.0196172614385175,0.0105405322347502,0.0874387840243514,0,0.0489896581295508
821,-0.243203307129363,0,0,0.097243184306369,0.103623950970177,0.00638076666380823,0.00977034474923607,-0.0127687571612345,0.0255302904888509,0,0.00638076666380823
822,-0.972883560477038,0,0,0.0948930799104322,0.123686063787059,0.0287929838766272,0.0138401348114293,0.00166681810504666,0.0559191496482078,0,0.0287929838766272
823,1.49473987298304,1,0,0.103050753256597,0.0670427430697781,-0.0360080101868193,0.0154647572689796,-0.0663183774636732,-0.00569764290996537,-0.04,0.0039919898131807
824,0.265793536990176,1,0,0.0989131438979814,0.0913854748602277,-0.00752766903775368,0.00970792719083953,-0.0265548566963363,0.0114995186208289,0,-0.00752766903775368
825,1.03371455338495,1,0,0.101480916293444,0.0753752223621667,-0.0261056939312769,0.0128021276178878,-0.0511974029878226,-0.00101398487473117,-0.04,0.0138943060687231
826,0.515993172004112,0,0,0.0997433440576684,0.0858588884868383,-0.0138844555708301,0.0104179850321253,-0.0343033310252731,0.00653441988361289,0,-0.0138844555708301
827,-0.0569941520036839,1,0,0.0978511766434593,0.0989869672640565,0.00113579062059727,0.00947741879189993,-0.0174396088779297,0.0197111901191242,0,0.00113579062059727
828,-0.646077431431878,1,0,0.0959392835332181,0.114317390079714,0.0183781065464956,0.0114943320614721,-0.00415037032033374,0.040906583413325,0,0.0183781065464956
829,0.877024120837438,0,0,0.100952218651416,0.0784175385057635,-0.0225346801456523,0.0119885609343402,-0.0460318278034229,0.000962467512118346,-0.04,0.0174653198543477
830,1.44849069479072,1,0,0.102892305369384,0.0678384535595961,-0.0350538518097877,0.0151843715485062,-0.0648146731727345,-0.00529303044684089,-0.04,0.00494614819021229
831,-0.0359014278101138,0,0,0.0979202598785998,0.0984735214187682,0.000553261540168368,0.00946475687723998,-0.0179973210616498,0.0191038441419865,0,0.000553261540168368
832,-0.863164680619511,0,0,0.0952431789120507,0.120469371181212,0.0252261922691613,0.012970441329025,-0.000195405599317432,0.0506477901376401,0,0.0252261922691613
833,-1.16296800631322,0,1,0.0942892707347444,0.129433415848822,0.0351441451140773,0.015521600704607,0.00472236675063601,0.0655659234775185,0,0.0351441451140773
834,0.607091911615164,1,0,0.100047158967659,0.0839229697591227,-0.0161241892085367,0.0107639145053772,-0.0372210739717443,0.00497269555467096,0,-0.0161241892085367
835,-1.13438684760703,1,0,0.0943798393074512,0.12855494494213,0.0341751056346786,0.0152554057949913,0.00427505970695196,0.0640751515624052,0,0.0341751056346786
836,1.31032403952114,1,0,0.102420235816184,0.0702680169551231,-0.0321522188610612,0.0143619160413208,-0.060301057051038,-0.00400338067108435,-0.04,0.00784778113893884
837,0.937325909746422,0,0,0.101155396127934,0.0772336364154093,-0.0239217597125249,0.0122943388948629,-0.0480182211601862,0.000174701735136413,-0.04,0.0160782402874751
838,-1.61623943300373,1,1,0.092863312117761,0.144058911289085,0.0511955991713237,0.0203110566765715,0.0113866595972918,0.0910045387453555,0,0.0511955991713237
839,-1.35364330318226,0,0,0.0936870451319666,0.135425489366059,0.0417384442340926,0.0174103894054887,0.00761470804251713,0.0758621804256682,0,0.0417384442340926
840,0.251242229675812,0,0,0.098865050243347,0.0917165473672805,-0.0071485028760665,0.00967935922552552,-0.026119698351522,0.011822692599389,0,-0.0071485028760665
841,1.36376028612371,1,0,0.102602581757145,0.0693189826557484,-0.0332835991013964,0.0146771338637562,-0.0620502528706318,-0.00451694533216097,-0.04,0.00671640089860361
842,0.249222590221718,0,0,0.0988583767606204,0.09176258349184,-0.00709579326878042,0.00967551719265247,-0.0260594584981773,0.0118678719606165,0,-0.00709579326878042
843,0.741288825841015,1,0,0.100496204814753,0.0811433743379761,-0.019352830476777,0.0113399339061217,-0.0415786925198402,0.00287303156628613,-0.04,0.020647169523223
844,-0.0244522924356606,1,0,0.0979577764765391,0.0981958173089282,0.000238040832389111,0.00945960004157982,-0.0183024345572609,0.0187785162220392,0,0.000238040832389111
845,1.35165035669055,1,0,0.102561232632816,0.0695330114365035,-0.0330282211963127,0.0146053658084693,-0.0616542121619453,-0.00440223023068013,-0.04,0.0069717788036873
846,2.46421535897542,0,0,0.106422159582742,0.0522405389918571,-0.054181620590885,0.0217371154614457,-0.0967855840231074,-0.0115776571586626,-0.04,-0.014181620590885
847,-1.01496686992163,0,0,0.0947591033520715,0.124939288581165,0.0301801852290939,0.0141939202192752,0.00236061279987951,0.0579997576583082,0,0.0301801852290939
848,1.53563293540994,1,0,0.103191031159293,0.0663464082698626,-0.0368446228894302,0.015714583347494,-0.0676446402825713,-0.00604460549628917,-0.04,0.00315537711056976
849,0.0947940004916616,1,0,0.098349285722938,0.095344704132697,-0.00300458159024097,0.00947596725823588,-0.0215771361350641,0.0155679729545821,0,-0.00300458159024097
850,1.57817477768532,1,0,0.103337144282032,0.0656291325019409,-0.0377080117800914,0.0159762823884914,-0.069020949868376,-0.00639507369180679,-0.04,0.00229198821990861
851,1.12236112809595,1,0,0.101781110150351,0.0737024237454641,-0.0280786864048866,0.0132871107300392,-0.0541209448943592,-0.00203642791541403,-0.04,0.0119213135951134
852,-0.113207345465559,0,0,0.0976672784460924,0.100366979855437,0.00269970140934507,0.00953138164419886,-0.0159814633361909,0.021380866154881,0,0.00269970140934507
853,-0.0213133236535712,1,0,0.0979680645067198,0.0981198021463213,0.000151737639601468,0.00945839611839704,-0.0183863781039702,0.0186898533831731,0,0.000151737639601468
854,-0.198324782846557,0,0,0.0973894083493182,0.102489115063476,0.00509970671415796,0.00966975079362394,-0.0138526565808226,0.0240520700091385,0,0.00509970671415796
855,0.653795733470341,0,0,0.100203235258929,0.0829459246013516,-0.0172573106575772,0.0109560675976164,-0.0387308085610916,0.00421618724593722,0,-0.0172573106575772
856,0.804074104398056,0,0,0.100706909229664,0.0798719436823085,-0.0208349655473558,0.0116326035370046,-0.0436344495263182,0.00196451843160653,-0.04,0.0191650344526442
857,-0.648289709832616,1,0,0.0959321668346898,0.114378680049989,0.0184465132152992,0.0115076058568139,-0.00410797981233828,0.0410010062429367,0,0.0184465132152992
858,-0.345580771377523,0,0,0.0969103491185357,0.10625441304771,0.0093440639291744,0.0100707983683241,-0.0103943381683055,0.0290824660266544,0,0.0093440639291744
859,0.783979053552881,0,0,0.100639428541353,0.0802768854473263,-0.0203625430940269,0.011537479883542,-0.0429755881381246,0.00225050195007088,-0.04,0.0196374569059731
860,0.228762188474688,1,0,0.0987907921846386,0.0922301349131741,-0.0065606572714645,0.0096383087069076,-0.0254513952088822,0.0123300806659532,0,-0.0065606572714645
861,-2.21834921321524,1,0,0.0909990674412906,0.165582531606967,0.0745834641656762,0.0281455882850325,0.0194191248033201,0.129747803528032,0,0.0745834641656762
862,-0.609378801079662,0,0,0.096057408554959,0.113304840880682,0.0172474323257228,0.0112797721743481,-0.00486051488981652,0.0393553795412621,0,0.0172474323257228
863,-1.84979995286592,0,0,0.0921361291318607,0.152117909414928,0.0599817802830672,0.0231610263135395,0.0145870028635454,0.105376557702589,0,0.0599817802830672
864,0.236617535906872,0,0,0.0988167350159898,0.0920503756465079,-0.00676635936948185,0.00965222318025814,-0.0256843691735305,0.0121516504345668,0,-0.00676635936948185
865,0.168374170973492,1,0,0.098591558987709,0.093622594917796,-0.00496896406991304,0.00954722006108982,-0.0236811715421274,0.0137432434023013,0,-0.00496896406991304
866,1.73017995022434,0,0,0.103860713720959,0.0631247752817158,-0.0407359384392427,0.0169250042132722,-0.073908337135445,-0.00756353974304047,-0.04,-0.00073593843924271
867,0.537908662207597,0,1,0.0998163573396005,0.0853895034187889,-0.0144268539208115,0.010497498090476,-0.0350015721059224,0.00614786426429938,0,-0.0144268539208115
868,0.43842828811527,1,0,0.0994853115451467,0.0875390008888719,-0.0119463106562748,0.0101571361373125,-0.0318539316714776,0.00796131035892803,0,-0.0119463106562748
869,-1.21616757816847,1,0,0.0941208981521602,0.131082167253755,0.0369612691015947,0.0160291077949625,0.00554479511915786,0.0683777430840314,0,0.0369612691015947
870,1.01155105213884,0,1,0.101405984367305,0.0757988736857107,-0.0256071106815945,0.0126834500949781,-0.0504662160674626,-0.000748005295726328,-0.04,0.0143928893184055
871,-1.15934063507993,0,0,0.0943007609090978,0.129321642426156,0.0350208815170584,0.0154875638796991,0.00466581410458471,0.0653759489295321,0,0.0350208815170584
872,-0.559125518663868,0,0,0.09621937395617,0.111931002482182,0.0157116285260118,0.0110035518374676,-0.0058549367774443,0.0372781938294678,0,0.0157116285260118
873,-0.400727664408681,1,0,0.0967314850439299,0.107695595430501,0.0109641103865708,0.0102728883039863,-0.0091703807064452,0.0310986014795868,0,0.0109641103865708
874,-1.52436150772292,1,0,0.0931507802783818,0.140987328097815,0.0478365478194336,0.0192584900010947,0.0100906010206633,0.0855824946182039,0,0.0478365478194336
875,1.13364557224249,0,0,0.101819380377723,0.0734919495686972,-0.0283274308090259,0.013349953332191,-0.0544928585354108,-0.00216200308264108,-0.04,0.0116725691909741
876,0.599310844618358,1,0,0.100021176962932,0.0840867624369181,-0.0159344145260139,0.0107328328279806,-0.0369703803209451,0.00510155126891722,0,-0.0159344145260139
877,-2.01121420809974,0,0,0.0916365650274269,0.157901093806787,0.0662645287793597,0.0252720628033112,0.0167321958698354,0.115796861688884,0,0.0662645287793597
878,-1.19884888797541,1,0,0.0941756808851532,0.130543480887696,0.0363678000025427,0.0158621951946103,0.00527846870536216,0.0674571312997232,0,0.0363678000025427
879,0.707851750344292,1,0,0.100384151453498,0.0818279966265149,-0.0185561548269827,0.0111897560877623,-0.0404876737547847,0.00337536410081917,-0.04,0.0214438451730173
880,0.244164329865864,0,0,0.0988416645408087,0.0918779738119712,-0.00696369072883751,0.00966602735797282,-0.0259087562240431,0.0119813747663681,0,-0.00696369072883751
881,0.426272493189412,1,0,0.0994449271273915,0.0878049832193236,-0.0116399439080679,0.0101193288735207,-0.0314734640478847,0.00819357623174896,0,-0.0116399439080679
882,1.32939561084863,0,0,0.102485282709349,0.0699279329602528,-0.0325573497490964,0.0144739784747939,-0.0609258262727004,-0.00418887322549241,-0.04,0.00744265025090361
883,0.429616434551436,1,0,0.0994560350350054,0.0877317413198012,-0.0117242937152042,0.0101296427693569,-0.0315780287194004,0.00812944128899196,0,-0.0117242937152042
884,1.48301423166944,1,1,0.103010561240716,0.067243657516473,-0.0357669037242434,0.0153934482895766,-0.0659375079696933,-0.00559629947879346,-0.04,0.00423309627575662
885,-0.249962836519718,0,0,0.0972211772642677,0.103795837961557,0.00657466069728901,0.00978714773439124,-0.0126077963734906,0.0257571177680686,0,0.00657466069728901
886,-0.171861243760674,0,0,0.0974757242523595,0.101825107015489,0.00434938276312934,0.0096193814179913,-0.0145042583696874,0.0232030238959461,0,0.00434938276312934
887,0.322098771709983,0,0,0.0990994350896735,0.0901145201089132,-0.00898491498076028,0.00983273543101356,-0.0282567222950578,0.0102868923335372,0,-0.00898491498076028
888,0.40711319765974,0,0,0.0993813050351663,0.0882256929155234,-0.0111556121196429,0.0100615195731491,-0.03087582811276,0.00856460387347413,0,-0.0111556121196429
889,-0.0690303681375654,1,0,0.0978117749064879,0.0992810234655639,0.001469248559076,0.00948649080938286,-0.0171239317669846,0.0200624288851366,0,0.001469248559076
890,1.09890629904028,0,0,0.10170160590752,0.0741416724281842,-0.0275599334793354,0.0131572617871528,-0.05334769271732,-0.0017721742413509,-0.04,0.0124400665206646
891,1.74635769531871,0,0,0.103916574521744,0.0628635484111879,-0.0410530261105566,0.0170271358174404,-0.0744255990726117,-0.00768045314850151,-0.04,-0.00105302611055662
892,0.793401108085031,0,0,0.100671063505745,0.0800867858282934,-0.0205842776774515,0.0115819157478709,-0.0432844154152557,0.00211586006035283,-0.04,0.0194157223225485
893,-0.573510648455056,1,0,0.0961729860366212,0.112322773142029,0.0161497871054073,0.0110805106915473,-0.00556761478033649,0.037867188991151,0,0.0161497871054073
894,0.0362936648483266,1,0,0.098157043612068,0.0967340429828013,-0.00142300062926665,0.00945216533146041,-0.0199489042548472,0.0171029029963139,0,-0.00142300062926665
895,1.9940886896398,1,0,0.104775297543827,0.0589874077365695,-0.0457878898072578,0.0186154819958808,-0.0822735640740381,-0.00930221554047757,-0.04,-0.00578788980725783
896,0.6114633114467,0,0,0.100061758277507,0.0838310783050238,-0.0162306799724833,0.0107814956350441,-0.0373620231166456,0.00490066317167906,0,-0.0162306799724833
897,-0.328727392021011,1,0,0.0969650704389071,0.105817376982274,0.00885230654336655,0.0100146109227389,-0.010775970184383,0.0284805832711161,0,0.00885230654336655
898,1.40051471555334,0,0,0.102728169478854,0.0686731197614392,-0.0340550497174149,0.0148960949260571,-0.0632508592827767,-0.00485924015205307,-0.04,0.00594495028258511
899,0.162025910713773,1,0,0.0985706354965537,0.0937700666590589,-0.00480056883749477,0.0095393174585496,-0.0234972874933461,0.0138961498183566,0,-0.00480056883749477
900,-0.85929500239073,0,0,0.0952555476375548,0.120357250477015,0.02510170283946,0.0129412083906971,-0.000262599522733796,0.0504660052016538,0,0.02510170283946
901,1.88565530785449,0,1,0.104398660766044,0.0606556619351399,-0.0437429988309037,0.0179148635367921,-0.0788554861509661,-0.00863051151084129,-0.04,-0.00374299883090368
902,0.12873590739219,0,0,0.0984609783470707,0.0945468161039985,-0.00391416224307219,0.00950325077118951,-0.0225401914906561,0.0147118670045117,0,-0.00391416224307219
903,0.613335348558603,1,0,0.10006801096136,0.0837917540643047,-0.0162762568970548,0.0107890507784691,-0.0374224078502282,0.00486989405611851,0,-0.0162762568970548
904,-0.585540782257882,1,0,0.0961342076496255,0.112651326001986,0.0165171183523602,0.0111461767290134,-0.00532898660182456,0.038363223306545,0,0.0165171183523602
905,0.758913182953079,0,0,0.100555311755375,0.0807846218305238,-0.0197706899248515,0.011420722386122,-0.042154894479081,0.00261351462937802,-0.04,0.0202293100751485
906,-0.359947177624481,1,0,0.0968637245308065,0.106628212698758,0.00976448816795181,0.0101207645139278,-0.0100718457753576,0.0296008221112612,0,0.00976448816795181
907,-0.513364917842219,0,1,0.0963670717546158,0.110692672690597,0.0143256009359813,0.0107702226905918,-0.00678364764305473,0.0354348495150172,0,0.0143256009359813
908,0.939421637924828,0,0,0.101162463878386,0.077192787006844,-0.0239696768715416,0.012305139506978,-0.0480873071299593,0.000147953386876159,-0.04,0.0160303231284584
909,0.495388333475684,0,1,0.0996747406398675,0.0863023331292524,-0.0133724075106151,0.0103454958910461,-0.0336492068592725,0.00690439183804232,0,-0.0133724075106151
910,-0.241427398703834,0,0,0.0972489668797959,0.103578833455266,0.00632986657547041,0.00976600178093252,-0.0128111451881114,0.0254708783390522,0,0.00632986657547041
911,0.262281313010641,1,0,0.0989015337089135,0.0914652867145726,-0.00743624699434091,0.00970088994079758,-0.0264496418962911,0.0115771479076093,0,-0.00743624699434091
912,-0.00230038799449898,0,0,0.098030400353855,0.0976604934026886,-0.000369906951166357,0.00945302509909332,-0.0188974956903424,0.0181576817880097,0,-0.000369906951166357
913,-1.23504744068185,0,0,0.0940612096315571,0.131671562083826,0.0376103524522692,0.0162129105331927,0.00583363172264156,0.0693870731818969,0,0.0376103524522692
914,-0.227933900029926,1,0,0.0972929133724334,0.103236594065091,0.00594368069265783,0.00973397794153171,-0.0131345654990517,0.0250219268843673,0,0.00594368069265783
915,-0.230781174070451,0,0,0.0972836387128521,0.103308726878743,0.00602508816589144,0.00974059189921738,-0.0130661211446772,0.0251162974764601,0,0.00602508816589144
916,2.08799728759216,0,0,0.105102452315676,0.0575774645413867,-0.0475249877742897,0.0192284887066986,-0.085212133116554,-0.00983784243202536,-0.04,-0.00752498777428969
917,-1.13072356499887,1,0,0.0943914532264863,0.128442718447817,0.0340512652213309,0.0152216188623961,0.00421744046463905,0.0638850899780228,0,0.0340512652213309
918,0.72719840382273,0,1,0.100448971860968,0.0814312360283076,-0.0190177358326607,0.0112761458106919,-0.0411185755060391,0.00308310384071763,-0.04,0.0209822641673393
919,1.65891961848063,1,0,0.10361497191293,0.0642875295369749,-0.0393274423759553,0.0164777099212571,-0.0716231603693176,-0.00703172438259295,-0.04,0.00067255762404473
920,-0.103730737434714,0,0,0.0976982590048018,0.100133140797173,0.00243488179237102,0.00952021032454572,-0.016224387568985,0.021094151153727,0,0.00243488179237102
921,0.39396250336624,0,0,0.0993376566088624,0.0885155155609031,-0.0108221410479593,0.0100231273564371,-0.0304671096790342,0.00882282758311555,0,-0.0108221410479593
922,0.714301813886036,0,0,0.100405758075868,0.0816955236309629,-0.0187102344449055,0.0112184021009324,-0.0406978985268216,0.00327742963701047,-0.04,0.0212897655550945
923,-0.885259166379929,1,0,0.0951725854123912,0.121111268310113,0.0259386828977218,0.0131392688393494,0.000186189189407698,0.0516911766060359,0,0.0259386828977218
924,1.16350080662196,1,0,0.101920693388309,0.0729377646682711,-0.0289829287200379,0.0135173361522717,-0.0554764207454116,-0.00248943669466413,-0.04,0.0110170712799621
925,-0.0452834917401522,1,1,0.0978895262224159,0.0987016090543169,0.000812082831901026,0.00946988150217608,-0.0177485438502262,0.0193727095140282,0,0.000812082831901026
926,-0.726675920829653,1,0,0.0956803099307332,0.116568861201587,0.0208885512708538,0.0120021915268335,-0.00263531185729174,0.0444124143989993,0,0.0208885512708538
927,0.137445320462824,1,0,0.0984896566215189,0.094343046172095,-0.00414661044942391,0.00951180684672648,-0.0227894092969093,0.0144961883980615,0,-0.00414661044942391
928,1.0760567304936,0,0,0.101624206264557,0.0745719007140706,-0.027052305550486,0.0130317960024954,-0.05259415636925,-0.00151045473172192,-0.04,0.012947694449514
929,-1.04664831148437,0,1,0.0946583539780206,0.125889918076352,0.0312315640983317,0.0144673592149,0.00287606108572397,0.0595870671109394,0,0.0312315640983317
930,-0.363290447597862,1,0,0.0968528771894426,0.106715367215988,0.00986249002654498,0.0101326645361611,-0.00999716753175709,0.029722147584847,0,0.00986249002654498
931,0.0356000157304364,0,0,0.0981547661725365,0.0967506245623069,-0.00140414161022956,0.00945206320878172,-0.0199298450790378,0.0171215618585787,0,-0.00140414161022956
932,2.16842393304658,1,0,0.105383355600336,0.0563951538079697,-0.0489882017923659,0.0197578438401127,-0.0877128641311533,-0.0102635394535785,-0.04,-0.0089882017923659
933,0.000952559815960982,0,1,0.0980410690158014,0.0975821020187133,-0.000458966997088098,0.00945243527066879,-0.018985399693795,0.0180674656996188,0,-0.000458966997088098
934,0.750396852677521,1,0,0.100526746619348,0.0809577949539421,-0.0195689516654056,0.0113815470460134,-0.0418763739639401,0.00273847063312887,-0.04,0.0204310483345944
935,0.0744462836240567,0,0,0.0982823816280414,0.0958259105933429,-0.0024564710346985,0.00946431184771398,-0.0210061813946736,0.0160932393252766,0,-0.0024564710346985
936,0.204787830922341,0,1,0.0987116526949436,0.0927807078786049,-0.00593094481633868,0.00959874607586113,-0.0247441414217717,0.0128822517890943,0,-0.00593094481633868
937,0.135195939011753,1,0,0.0984822491665835,0.094395636149349,-0.00408661301723454,0.00950953689527107,-0.0227249628416207,0.0145517368071516,0,-0.00408661301723454
938,-0.329564044142823,1,0,0.096962353258521,0.105839035321935,0.00887668206341427,0.0100173381832305,-0.0107569399966754,0.0285103041235039,0,0.00887668206341427
939,1.79246431808015,0,0,0.104075923711091,0.062124574361708,-0.0419513493493831,0.0173193474122921,-0.0758966465132125,-0.00800605218555363,-0.04,-0.00195134934938308
940,-0.431860789094566,1,1,0.0966306377335928,0.108516783059271,0.011886145325678,0.0103991496925679,-0.00849581354159594,0.0322681041929519,0,0.011886145325678
941,-0.487471402237786,1,0,0.0964507358658006,0.109997293313629,0.013546557447828,0.0106460717388082,-0.00731935973706582,0.0344124746327218,0,0.013546557447828
942,-0.173583046718935,1,0,0.097470106187252,0.101868193249018,0.00439808706176634,0.00962245663813676,-0.0144615813917801,0.0232577555153127,0,0.00439808706176634
943,-0.832311084583904,1,0,0.0953418368006249,0.119577915655392,0.0242360788547672,0.0127401802522709,-0.000734215596232088,0.0492063733057665,0,0.0242360788547672
944,-0.49463762062304,1,0,0.0964275747244644,0.110189360530809,0.013761785806345,0.0106798544138358,-0.00717034420490422,0.0346939158175942,0,0.013761785806345
945,-1.66983670631177,1,1,0.0926959846591608,0.145876305729039,0.0531803210698783,0.0209432084221532,0.0121323868417421,0.0942282552980145,0,0.0531803210698783
946,0.850676123053841,0,0,0.100863556959292,0.078940022130493,-0.0219235348287988,0.0118581453273488,-0.0451650725938444,0.00131800293624675,-0.04,0.0180764651712012
947,0.467933167869242,1,0,0.0995833943966469,0.0868964288771154,-0.0126869655195315,0.0102524466886932,-0.0327813917827872,0.00740746074372414,0,-0.0126869655195315
948,-1.05266349801641,0,0,0.0946392360689934,0.126071106882967,0.0314318708139738,0.0145199529614415,0.00297328595233273,0.0598904556756148,0,0.0314318708139738
949,1.17292349809784,1,0,0.10195268761154,0.0727636577256912,-0.0291890298858492,0.0135704926611241,-0.0557867067541176,-0.00259135301758087,-0.04,0.0108109701141508
950,-1.04919178018158,1,0,0.0946502697164643,0.125966504954663,0.031316235238199,0.0144895718281239,0.00291719630366997,0.0597152741727281,0,0.031316235238199
951,0.361771803551443,1,0,0.0992308845305779,0.0892285831584177,-0.0100023013721602,0.00993370432280579,-0.0294720040779294,0.00946740133360896,0,-0.0100023013721602
952,-0.392742221367947,1,0,0.0967573668593432,0.107485848489372,0.0107284816300284,0.0102419092169547,-0.00934529156813163,0.0308022548281884,0,0.0107284816300284
953,0.327890871418088,0,0,0.0991186165024183,0.0899846846481308,-0.0091339318542875,0.00984682217892608,-0.0284333486871528,0.0101654849785778,0,-0.0091339318542875
954,-0.558892494984708,0,0,0.0962201255552574,0.111924666057778,0.0157045405025204,0.0110023192670246,-0.00585960900725895,0.0372686900122998,0,0.0157045405025204
955,-0.904498978434046,1,0,0.095111150944723,0.121672630362602,0.026561479417879,0.0132889142227132,0.000515686147719057,0.052607272688039,0,0.026561479417879
956,-0.622248175723866,1,0,0.0960159700058316,0.113659025167874,0.0176430551620422,0.0113537963684287,-0.00460997680787981,0.0398960871319642,0,0.0176430551620422
957,-0.147147654923292,0,0,0.0975563939703159,0.101208454840432,0.0036520608701158,0.00957833694035823,-0.0151211345647759,0.0224252563050075,0,0.0036520608701158
958,1.03562269873095,0,0,0.101487369781435,0.0753388503633708,-0.0261485194180644,0.0128123956396512,-0.0512603534274587,-0.0010366854086701,-0.04,0.0138514805819356
959,-0.482516206912169,1,0,0.0964667539100965,0.109864657030409,0.0133979031203122,0.0106229719138627,-0.00742273923963926,0.0342185454802637,0,0.0133979031203122
960,0.160642651757606,0,0,0.0985660768814671,0.0938022277463557,-0.00476384913511138,0.00953763866139326,-0.023457277408999,0.0139295791387762,0,-0.00476384913511138
961,0.198226325517518,0,0,0.0986900029703504,0.0929319068170553,-0.00575809615329513,0.00958869085815353,-0.0245515848941645,0.0130353925875742,0,-0.00575809615329513
962,1.04508818357668,0,0,0.101519388130025,0.0751586628182081,-0.0263607253118166,0.0128634472159511,-0.0515726185721127,-0.0011488320515205,-0.04,0.0136392746881834
963,0.104255818928579,0,0,0.0983804103736733,0.0951216772213622,-0.00325873315231112,0.00948259468638286,-0.0218442772176124,0.0153268109129902,0,-0.00325873315231112
964,0.382873480694214,1,0,0.0993008643256918,0.088760569628763,-0.0105402946969288,0.00999158478487137,-0.030123441023755,0.00904285162989748,0,-0.0105402946969288
965,-0.855249452230801,0,1,0.0952684800424157,0.120240130347984,0.0249716503055682,0.0129107546571243,-0.000332963835628138,0.0502762644467646,0,0.0249716503055682
966,0.287497844018196,1,0,0.0989849176961742,0.090893653987182,-0.00809126370899214,0.00975339000757294,-0.0272075568510079,0.0110250294330237,0,-0.00809126370899214
967,-0.0186127645912948,0,0,0.0979769164114172,0.0980544457500692,7.75293386520298e-05,0.00945743245524253,-0.0184586976598436,0.0186137563371476,0,7.75293386520298e-05
968,-1.51605418539674,1,0,0.0931768115991696,0.140712320824684,0.0475355092255139,0.0191652838321445,0.00997224316102291,0.085098775290005,0,0.0475355092255139
969,0.894028565172077,1,0,0.101009475772503,0.0780820203334598,-0.0229274554390436,0.0120737838552492,-0.0465916369524532,0.000736726074366062,-0.04,0.0170725445609564
970,0.852564111324508,0,0,0.100869907788444,0.0789024774990331,-0.0219674302894107,0.0118674226664072,-0.045227151304883,0.00129229072606168,-0.04,0.0180325697105893
971,0.830846870581754,1,0,0.100796876612127,0.0793353353750961,-0.0214615412370308,0.0117613551064498,-0.0445133736550587,0.00159029118099714,-0.04,0.0185384587629692
972,0.152428824613674,1,0,0.0985390115759551,0.0939934048759098,-0.00454560670004536,0.00952798947344444,-0.0232201229130732,0.0141289095129825,0,-0.00454560670004536
973,0.132069109511863,0,0,0.0984719530052848,0.0944687842655733,-0.00400316873971147,0.00950645101859785,-0.0226354703569574,0.0146291328775344,0,-0.00400316873971147
974,0.947751915959117,1,0,0.101190561705293,0.0770306109988978,-0.0241599507063952,0.0123481813879748,-0.0483619415013937,4.20400886032325e-05,-0.04,0.0158400492936048
975,-0.480896894176738,0,0,0.0964719889763063,0.109821343102646,0.0133493541263399,0.0106154692567133,-0.00745658329581028,0.03415529154849,0,0.0133493541263399
976,-0.173186326492428,1,1,0.0974714006187423,0.101858264326937,0.00438686370819449,0.00962174558559173,-0.0144714111079725,0.0232451385243615,0,0.00438686370819449
977,-1.3034484808586,0,1,0.0938452443344382,0.133825768899329,0.0399805245648912,0.0168946537626293,0.00686761165886378,0.0730934374709187,0,0.0399805245648912
978,-1.18913767116353,0,0,0.0942064120482283,0.130242243938444,0.0360358318902155,0.0157693151178069,0.00512854219845099,0.06694312158198,0,0.0360358318902155
979,-0.0271785261952746,0,0,0.097948841974737,0.0982618800078126,0.000313038033075599,0.00946071887184549,-0.0182296302236,0.0188557062897512,0,0.000313038033075599
980,-0.309661966936095,0,1,0.0970270073087221,0.105324890150079,0.00829788284135705,0.00995422623458829,-0.0112120420723998,0.0278078077551138,0,0.00829788284135705
981,0.306072581182482,1,0,0.099046379155512,0.09047464247218,-0.00857173668333193,0.00979495203894158,-0.0277694899099546,0.0106260165432907,0,-0.00857173668333193
982,-0.00284460998203396,1,0,0.0980286155752303,0.0976736138556539,-0.000355001719576337,0.0094531331403558,-0.0188828022157357,0.0181727987765831,0,-0.000355001719576337
983,-0.19816349612369,0,0,0.0973899342102855,0.102485056556355,0.00509512234606965,0.00966942369378838,-0.0138565998450138,0.0240468445371531,0,0.00509512234606965
984,1.82750168070224,0,0,0.104197160788516,0.0615684452872016,-0.0426287155013142,0.0175424957896036,-0.0770113754478828,-0.0082460555547457,-0.04,-0.00262871550131423
985,-0.261761102475049,0,0,0.0971827762237253,0.104096458235158,0.00691368201143222,0.00981750971092648,-0.0123282834398559,0.0261556474627204,0,0.00691368201143222
986,-1.33424234844061,1,1,0.0937481628216102,0.13480527296158,0.0410571101399703,0.0172095231464377,0.0073270645818439,0.0747871556980967,0,0.0410571101399703
987,0.151110056588012,1,0,0.098534666732448,0.0940241317659806,-0.00451053496646744,0.00952649137800601,-0.0231821149663906,0.0141610450334557,0,-0.00451053496646744
988,0.721538846293381,1,0,0.100430005829211,0.0815471202934333,-0.0188828855357777,0.0112507293427332,-0.0409339098473427,0.00316813877578729,-0.04,0.0211171144642223
989,-1.50319254480839,1,0,0.093217126930639,0.140287431506742,0.0470703045761032,0.0190216290904643,0.00978859663151387,0.0843520125206925,0,0.0470703045761032
990,-0.436915145307001,0,0,0.0966142743795171,0.108650617796309,0.0120363434167918,0.0104204656024229,-0.00838739386609562,0.0324600806996791,0,0.0120363434167918
991,-1.03950340707495,1,0,0.0946810669329877,0.125674989700844,0.0309939227678561,0.0144051672251799,0.0027603138152267,0.0592275317204855,0,0.0309939227678561
992,1.08122043284747,0,0,0.10164169299695,0.0744744744717446,-0.0271672185252053,0.0130600584597679,-0.052764462742338,-0.00156997430807261,-0.04,0.0128327814747947
993,0.940943132928911,1,0,0.101167595327466,0.0771631428127301,-0.0240044525147358,0.0123129877741973,-0.0481374650942445,0.000128560064772892,-0.04,0.0159955474852642
994,0.577333252215816,0,0,0.099947823286551,0.0845509633201861,-0.0153968599663649,0.0106465406998341,-0.0362636962979795,0.00546997636524973,0,-0.0153968599663649
995,-0.681383467366698,1,0,0.0958257635411254,0.115298945079619,0.019473181538494,0.0117107048377061,-0.00347937817698896,0.0424257412539769,0,0.019473181538494
996,-1.45854838218106,1,0,0.0933571873274298,0.138820920119729,0.0454637327922991,0.0185291589031293,0.00914724867834586,0.0817802169062523,0,0.0454637327922991
997,-0.174132141000242,0,0,0.0974683146101032,0.101881937131017,0.00441362252091364,0.00962344325665308,-0.0144479796693912,0.0232752247112185,0,0.00441362252091364
998,-0.159315548804677,1,0,0.0975166682789438,0.101511652271647,0.00399498399270296,0.00959782246695614,-0.0148164023725404,0.0228063703579463,0,0.00399498399270296
999,-0.0578005747021969,0,1,0.0978485362972393,0.0990066446815251,0.00115810838428586,0.00947798456728074,-0.0174184000136108,0.0197346167821825,0,0.00115810838428586
1000,0.17057939074391,1,0,0.0985988281875773,0.0935714157762443,-0.00502741241133295,0.00955004108674339,-0.0237451489922277,0.0136903241695618,0,-0.00502741241133295
1001,2.1072868493671,1,0,0.105169763983024,0.0572917945213066,-0.0478779694617178,0.0193550902896811,-0.0858132493470137,-0.00994268957642198,-0.04,-0.00787796946171783
1002,-0.457758354195896,1,0,0.096546821144034,0.109204059144772,0.0126572380007385,0.0105107599235903,-0.00794347289964541,0.0332579489011223,0,0.0126572380007385
1003,0.626012615379612,1,0,0.100110362712858,0.0835258946160446,-0.0165844680968137,0.0108406209776762,-0.0378316947831084,0.00466275858948096,0,-0.0165844680968137
1004,0.159477290508371,1,0,0.098562236507428,0.0938293303365951,-0.00473290617083282,0.00953623633112412,-0.0234235859278985,0.0139577735862328,0,-0.00473290617083282
1005,0.253578835450888,1,0,0.0988727715764433,0.0916633121479254,-0.00720945942851793,0.00968384182591744,-0.0261894406392987,0.0117705217822628,0,-0.00720945942851793
1006,0.162550554090779,0,0,0.0985723645402322,0.0937578711664915,-0.00481449337374067,0.00953995823924778,-0.0235124679366825,0.0138834811892011,0,-0.00481449337374067
1007,-1.76116076432842,0,0,0.092411499963596,0.149016706680544,0.0566052067169477,0.0220505060479684,0.0133870090220471,0.0998234044118484,0,0.0566052067169477
1008,0.0617004023809564,1,0,0.0982404933278926,0.0961284449880649,-0.00211204833982778,0.0094588351093291,-0.0206510244898158,0.0164269278101602,0,-0.00211204833982778
1009,0.415670865710827,0,0,0.0994097179266727,0.0880375546844326,-0.0113721632422401,0.0100870684929511,-0.0311424541980129,0.00839812771353273,0,-0.0113721632422401
1010,1.30135073646685,0,0,0.102389643468133,0.0704285571571153,-0.0319610863110176,0.0143093641493764,-0.060006924685464,-0.00391524793657129,-0.04,0.00803891368898236
1011,-1.76860256016296,1,0,0.0923883525210245,0.149275052756018,0.0568867002349937,0.0221423944858213,0.0134884045113057,0.100284995958682,0,0.0568867002349937
1012,1.72195286983068,0,0,0.103832316281478,0.0632580084110051,-0.0405743078704731,0.0168731471895949,-0.0736450686679223,-0.00750354707302391,-0.04,-0.000574307870473086
1013,0.223665133511616,0,0,0.0987739620502607,0.09234694294268,-0.00642701910758069,0.00962952969325749,-0.0253005504944244,0.012446512279263,0,-0.00642701910758069
1014,0.435275224493364,1,0,0.0994748349231018,0.0876079233830306,-0.0118669115400711,0.0101472462773023,-0.0317551487858418,0.00802132570569955,0,-0.0118669115400711
1015,0.240098926959514,0,0,0.0988282344918121,0.0919708093328027,-0.00685742515900947,0.00965853824396633,-0.0257878122604862,0.0120729619424673,0,-0.00685742515900947
1016,0.586649489504574,1,0,0.099978911854841,0.084353906580576,-0.015625005274265,0.010682846556382,-0.0365629997771415,0.00531298922861149,0,-0.015625005274265
1017,0.747334171537487,0,0,0.100516475658418,0.0810201549720118,-0.0194963206864059,0.0113675211641969,-0.0417762527617286,0.00278361138891683,-0.04,0.0205036793135941
1018,0.457045795892932,1,0,0.0995471915785064,0.0871330411302057,-0.0124141504483007,0.0102167011209905,-0.0324385166862521,0.0076102157896507,0,-0.0124141504483007
1019,-0.739766310498858,0,0,0.095638307831273,0.11693814643701,0.0212998386057373,0.0120892859117943,-0.00239472638018698,0.0449944035916615,0,0.0212998386057373
1020,-0.301291745983208,0,0,0.0970542103694499,0.105109315026784,0.00805510465733394,0.00992878588737702,-0.0114049580921346,0.0275151674068025,0,0.00805510465733394
1021,-1.51253130355445,0,0,0.0931878526585264,0.14059583415017,0.0474079814916435,0.0191258573061938,0.00992198999805136,0.0848939729852356,0,0.0474079814916435
1022,-0.304582818503532,1,0,0.0970435136336786,0.105194030139132,0.0081505165054529,0.00993871066928572,-0.0113289984591111,0.0276300314700169,0,0.0081505165054529
1023,-0.560190311074243,0,0,0.0962159396208617,0.111959960510325,0.0157440208894631,0.0110091897471934,-0.00583359451400358,0.0373216362929298,0,0.0157440208894631
1024,1.00998009262858,1,0,0.101400675020042,0.0758289851070276,-0.0255716899130144,0.0126750798463173,-0.0504143899129658,-0.000728989913062909,-0.04,0.0144283100869856
1025,-1.48063546531516,0,1,0.0932878708010022,0.139544842630725,0.0462569718297224,0.0187715994202661,0.00946531303378786,0.0830486306256569,0,0.0462569718297224
1026,-0.213220535521965,0,0,0.0973408529956724,0.102864555646831,0.00552370265115842,0.00970102363027932,-0.013489954277361,0.0245373595796779,0,0.00552370265115842
1027,-1.32721345087764,1,0,0.0937703143652508,0.134581163182311,0.0408108488170605,0.0171372234137506,0.00722250813109274,0.0743991895030283,0,0.0408108488170605
1028,0.717714089217955,0,0,0.100417190292253,0.0816255205277287,-0.0187916697645246,0.0112336200701604,-0.0408091605180454,0.00322582098899609,-0.04,0.0212083302354754
1029,0.604767501228193,1,0,0.100039396827782,0.0839718685805656,-0.0160675282472163,0.010754600962618,-0.0371461588020474,0.00501110230761487,0,-0.0160675282472163
1030,0.280592380893831,0,0,0.0989620770487255,0.091049873236001,-0.00791220381272446,0.00973855931105581,-0.0269994293237011,0.0111750216982521,0,-0.00791220381272446
1031,0.510778622225081,1,0,0.0997259783461433,0.0859709173006176,-0.0137550610455257,0.0103994292231358,-0.0341375677826453,0.00662744569159377,0,-0.0137550610455257
1032,0.826630886775659,1,1,0.10078270445938,0.0794196175287014,-0.0213630869306783,0.0117409310025823,-0.0443748888407094,0.00164871497935283,-0.04,0.0186369130693217
1033,-1.00308076140993,1,0,0.0947969268340581,0.124584225885382,0.0297872990513239,0.014092895628986,0.00216573118062936,0.0574088669220185,0,0.0297872990513239
1034,0.130357090392559,1,0,0.0984663159998897,0.094508856235417,-0.00395745976447266,0.00950479576262714,-0.0225865171396308,0.0146715976106854,0,-0.00395745976447266
1035,1.77446391918123,0,0,0.104013686814218,0.0624121056543986,-0.041601581159819,0.0172050683147945,-0.0753228954083674,-0.00788026691127058,-0.04,-0.00160158115981901
1036,2.11794721623379,1,0,0.105206980062354,0.0571344907769815,-0.0480724892853728,0.0194251546110371,-0.0861450927171278,-0.00999988585361786,-0.04,-0.00807248928537282
1037,0.650050958862099,0,0,0.100190712879535,0.0830238823119491,-0.0171668305675859,0.0109403165329207,-0.0386094569515785,0.00427579581640673,0,-0.0171668305675859
1038,0.188166807886145,1,0,0.098656819744918,0.0931641410517207,-0.00549267869319731,0.00957392863799138,-0.024257234014217,0.0132718766278224,0,-0.00549267869319731
1039,1.45620424660994,1,0,0.102918716703608,0.0677051372312335,-0.0352135794723747,0.0152309697823172,-0.0650657316953343,-0.00536142724941511,-0.04,0.00478642052762532
1040,0.69395109849183,1,0,0.100337600663428,0.0821141570763837,-0.0182234435870439,0.0111285604290511,-0.0400350212277616,0.00358813405367376,-0.04,0.0217765564129561
1041,0.389495453105871,1,0,0.0993228339182347,0.0886141584422073,-0.0107086754760274,0.0100103287315783,-0.0303285592633274,0.00891120831127263,0,-0.0107086754760274
1042,0.701036217704876,0,1,0.100361325060015,0.0819681883015555,-0.0183931367584595,0.0111596588214667,-0.040265666128289,0.00347939261137001,-0.04,0.0216068632415405
1043,2.58921185415831,1,0,0.106863845759665,0.0505732121686929,-0.0562906335909725,0.0225882007875948,-0.100562693610218,-0.0120185735717274,-0.04,-0.0162906335909725
1044,-2.24557349971666,1,0,0.0909155768499613,0.16661408864208,0.0756985117921185,0.028536830142844,0.0197673524792073,0.13162967110503,0,0.0756985117921185
1045,1.49440750444448,1,0,0.103049613804842,0.0670484303990207,-0.0360011834058215,0.0154627339474236,-0.0663075850452968,-0.00569478176634635,-0.04,0.00399881659417845
1046,-0.114179468798839,1,0,0.097664100913754,0.100390994801214,0.00272689388746024,0.00953257539460684,-0.0159566105658819,0.0214103983408023,0,0.00272689388746024
1047,1.1002122011209,1,0,0.101706031042734,0.0741171530584988,-0.0275888779842347,0.0131644635846272,-0.0533907524858931,-0.0017870034825763,-0.04,0.0124111220157653
1048,-1.1181316562737,1,0,0.0944313838545556,0.128057595932452,0.0336262120778966,0.0151060615210564,0.00401887554837966,0.0632335486074136,0,0.0336262120778966
1049,0.231756977329832,1,0,0.0988006819678168,0.0921615659516039,-0.00663911601621288,0.00964355861478134,-0.0255401435839853,0.0122619115515595,0,-0.00663911601621288
1050,-1.12886738888182,1,1,0.0943973384588177,0.12838588545731,0.0339885469984923,0.0152045280536518,0.00418821961140593,0.0637888743855787,0,0.0339885469984923
1051,-0.607672140892811,0,0,0.0960629050899517,0.11325794342348,0.0171950383335282,0.0112700551050159,-0.00489386377608466,0.0392839404431411,0,0.0171950383335282
1052,1.38686154093074,0,1,0.102681501501755,0.0689123852799004,-0.0337691162218547,0.0148145605653687,-0.0628051213767647,-0.00473311106694467,-0.04,0.00623088377814531
1053,2.01195314011525,1,0,0.104837463622061,0.0587167213707313,-0.0461207422513295,0.018731661706129,-0.0828341245659304,-0.00940735993672853,-0.04,-0.00612074225132946
1054,1.61406723750496,1,0,0.103460561941934,0.065029582778777,-0.0384309791631574,0.0161984358406736,-0.0701793300167605,-0.00668262830955435,-0.04,0.00156902083684256
1055,-1.75321595361099,0,0,0.0924362177650382,0.148741305335813,0.0563050875707746,0.0219526806209415,0.0132786241896189,0.0993315509519303,0,0.0563050875707746
1056,1.21583652516083,0,0,0.102098509027226,0.0719755705965127,-0.0301229384307137,0.0138144851478354,-0.0571988317854346,-0.00304704507599281,-0.04,0.00987706156928631
1057,1.36961584157075,0,0,0.102622580735245,0.0692157114204825,-0.0334068693147626,0.0147119039141789,-0.0622416711305671,-0.00457206749895813,-0.04,0.00659313068523736
1058,0.785601233023573,0,0,0.100644874451375,0.0802441269878867,-0.0204007474634881,0.0115451093297072,-0.0430287459472915,0.00222725102031536,-0.04,0.0195992525365119
1059,-1.04361756081482,1,0,0.0946679878432022,0.12579871060348,0.0311307227602777,0.0144409412724408,0.00282699796343576,0.0594344475571196,0,0.0311307227602777
1060,0.137260950354313,0,0,0.0984890494522595,0.0943473557115574,-0.00414169374070213,0.0095116192177846,-0.022784124842219,0.0145007373608147,0,-0.00414169374070213
1061,0.364554480462788,1,0,0.0992401102494709,0.0891667390665391,-0.0100733711829317,0.00994117407996838,-0.0295577143437129,0.00941097197784939,0,-0.0100733711829317
1062,1.19234478349577,0,0,0.102018659590211,0.0724060103185901,-0.0296126492716211,0.0136805359284147,-0.0564260069805202,-0.00279929156272201,-0.04,0.0103873507283789
1063,-0.756964162673596,1,0,0.0955831515022211,0.117424847137586,0.0218416956353647,0.0122056158723103,-0.00208087188349395,0.0457642631542233,0,0.0218416956353647
1064,-0.474526584749091,1,0,0.0964925859734231,0.109651093154282,0.0131585071808586,0.010586175291419,-0.00759001512435054,0.0339070294860677,0,0.0131585071808586
1065,-0.656718221137061,0,0,0.0959050574035122,0.114612449625658,0.0187073922221461,0.0115585274492319,-0.00394690529266603,0.0413616897369582,0,0.0187073922221461
1066,2.22193335268854,0,0,0.10557061278127,0.0556212244560969,-0.0499493883251735,0.02011218043326,-0.0893685376249343,-0.0105302390254128,-0.04,-0.00994938832517353
1067,-0.901259370635378,0,0,0.095121492821462,0.121577951294412,0.0264564584729502,0.0132635468979392,0.000460384245731475,0.0524525327001689,0,0.0264564584729502
1068,-0.228388246973033,1,0,0.0972914333379213,0.103248101497097,0.00595666815917559,0.00973502820183486,-0.0131236365049025,0.0250369728232536,0,0.00595666815917559
1069,-0.664367069241502,0,0,0.0958804616055219,0.114824954690293,0.0189444930847709,0.0116052165947554,-0.00380131347373618,0.041690299643278,0,0.0189444930847709
1070,-0.0272667456701538,1,0,0.097948552871143,0.0982640184229573,0.000315465551814303,0.00946075621432426,-0.0182272758947748,0.0188582069984034,0,0.000315465551814303
1071,-0.380404924303712,0,0,0.0967973657315915,0.107162501438267,0.0103651357066756,0.0101951843988862,-0.0096170585308859,0.0303473299442372,0,0.0103651357066756
1072,1.9245104424812,1,0,0.104533484016717,0.0600528595632354,-0.0444806244534815,0.0181649974625053,-0.0800833652592535,-0.00887788364770962,-0.04,-0.00448062445348155
1073,-0.567892178503444,1,0,0.0961911016126192,0.112169615026572,0.0159785134139527,0.011050249285532,-0.00567957720587958,0.0376366040337849,0,0.0159785134139527
1074,-0.103536492467363,0,0,0.0976988941145426,0.100128352793356,0.00242945867881393,0.00951999017272637,-0.016229379192905,0.0210882965505329,0,0.00242945867881393
1075,0.405175327125481,1,0,0.0993748719836945,0.0882683469224735,-0.011106525061221,0.0100557956647147,-0.0308155223999558,0.00860247227751378,0,-0.011106525061221
1076,-0.720477000418727,0,0,0.0957002056714474,0.11639434057587,0.0206941349044229,0.0119613898542751,-0.00274975841499905,0.0441380282238448,0,0.0206941349044229
1077,-0.742858958144029,1,0,0.0956283871051859,0.117025539379325,0.0213971522741388,0.0121100461245289,-0.00233810198105667,0.0451324065293343,0,0.0213971522741388
1078,-0.354773785949373,1,0,0.0968805118954741,0.106493472934999,0.0096129610395248,0.0101025526858457,-0.0101876783766512,0.0294136004557008,0,0.0096129610395248
1079,-0.627492519043507,1,0,0.0959990881440929,0.113803633867377,0.0178045457232839,0.0113843402330297,-0.00450835112120461,0.0401174425677723,0,0.0178045457232839
1080,-0.183148611199048,1,1,0.0974388999982381,0.10210785546758,0.00466895546934239,0.00964005302473274,-0.0142252012681902,0.023563112206875,0,0.00466895546934239
1081,-0.541130382682111,1,0,0.0962774312580128,0.111442597231907,0.0151651659738943,0.0109096974123982,-0.00621744803663594,0.0365477799844246,0,0.0151651659738943
1082,0.114696984291235,1,0,0.098414766770413,0.0948761078197198,-0.00353865895069318,0.00949078896081414,-0.0221402634987592,0.0150629455973729,0,-0.00353865895069318
1083,-0.333032946595177,1,1,0.0969510880900963,0.105928876193009,0.00897778810291312,0.01002871512266,-0.0106781323487127,0.0286337085545389,0,0.00897778810291312
1084,1.3485022950256,0,1,0.102550486053355,0.0695887497836665,-0.0329617362696885,0.0145867404747138,-0.0615512222519602,-0.00437225028741674,-0.04,0.00703826373031153
1085,0.636154552365613,0,0,0.100144255996127,0.0833137567116478,-0.0168304992844794,0.0108823820840907,-0.0381595762353011,0.00449857766634222,0,-0.0168304992844794
1086,-0.330953976568486,0,0,0.0969578393496663,0.105875025019651,0.00891718566998434,0.0100218833412639,-0.0107253447361549,0.0285597160761235,0,0.00891718566998434
1087,-0.334663422818985,1,0,0.0969457935655623,0.1059711270073,0.00902533344173796,0.0100341011141807,-0.0106411433592895,0.0286918102427654,0,0.00902533344173796
1088,-1.47012611066657,1,0,0.0933208468503175,0.139199996148971,0.0458791492986531,0.0186559479778243,0.00931416316466473,0.0824441354326415,0,0.0458791492986531
1089,1.37952813796909,0,0,0.102656442915448,0.0690412181944986,-0.0336152247209493,0.0147708620943037,-0.0625655824463925,-0.00466486699550604,-0.04,0.00638477527905074
1090,0.886066657403928,0,0,0.100982662963049,0.0782389544728303,-0.0227437084902186,0.0120337793483122,-0.0463294826108124,0.000842065630375123,-0.04,0.0172562915097814
1091,1.58988167841194,1,0,0.103377384608046,0.0654330171318786,-0.0379443674761673,0.0160486076568595,-0.0693990604856257,-0.00648967446670896,-0.04,0.00205563252383267
1092,-0.234801216078712,1,1,0.0972705452429929,0.103410646511258,0.00614010126826482,0.00975006073592463,-0.0129696666212255,0.0252498691577552,0,0.00614010126826482
1093,0.0849555442233939,0,0,0.0983169314260088,0.0955771048674838,-0.00273982655852496,0.00946988692721095,-0.0213004638735251,0.0158208107564752,0,-0.00273982655852496
1094,-1.09110130481693,1,0,0.0945171518215363,0.127234201565541,0.0327170497440043,0.0148610584040405,0.00358991049993869,0.0618441889880699,0,0.0327170497440043
1095,0.365514933294757,0,0,0.0992432947229626,0.0891454022918297,-0.0100978924311329,0.0099437638779908,-0.0295873115027653,0.00939152664049937,0,-0.0100978924311329
1096,1.29166911197065,0,0,0.102356645345607,0.0706021499868917,-0.0317544953587154,0.0142527914540889,-0.05968945328789,-0.00381953742954077,-0.04,0.00824550464128463
1097,1.971872416462,0,0,0.104698033070351,0.0593256657157874,-0.0453723673545637,0.0184712918420007,-0.0815754341128137,-0.00916930059631376,-0.04,-0.00537236735456371
1098,-0.624254363028975,0,0,0.0960095116529036,0.113714325298688,0.0177048136457839,0.0113654549090473,-0.00457106864386263,0.0399806959354305,0,0.0177048136457839
1099,1.9076860077199,0,0,0.104475086120468,0.0603131840173308,-0.0441619021031376,0.0180565596385546,-0.0795521086794043,-0.00877169552687097,-0.04,-0.00416190210313762
1100,1.11611474137024,0,0,0.101759931548398,0.0738191679638386,-0.0279407635845593,0.0132524273636445,-0.0539150439250355,-0.00196648324408305,-0.04,0.0120592364154407
1101,-1.24219554438429,0,0,0.0940386198184319,0.131895298911601,0.037856679093169,0.0162829984145454,0.00594258864033729,0.0697707695460008,0,0.037856679093169
1102,0.774311811355796,0,0,0.100606979525046,0.0804723599607999,-0.0201346195642462,0.0114921959813265,-0.0426589097909221,0.00238967066242975,-0.04,0.0198653804357538
1103,0.0509756499806058,0,0,0.0982052596279197,0.0963836671314676,-0.0018215924964521,0.0094553262737207,-0.02035369145502,0.0167105064621158,0,-0.0018215924964521
1104,0.173765816170441,0,0,0.098609332638415,0.0934975089531607,-0.00511182368525431,0.00955418617227305,-0.0238376844845001,0.0136140371139915,0,-0.00511182368525431
1105,0.781324301486403,1,0,0.100630516688339,0.0803305221177601,-0.0202999945705784,0.0115250130116467,-0.0428886049947614,0.00228861585360457,-0.04,0.0197000054294216
1106,-0.837653369576985,1,0,0.0953247476935755,0.119731861598111,0.0244071139045357,0.0127795861738398,-0.000640414733516302,0.0494546425425877,0,0.0244071139045357
1107,-0.0683480092934369,1,0,0.0978140082969606,0.0992643320280405,0.00145032373107991,0.00948594048476342,-0.0171417779785468,0.0200424254407066,0,0.00145032373107991
1108,0.439973252383017,0,0,0.0994904453255927,0.087505247570829,-0.0119851977547637,0.0101620031685597,-0.0319023579759225,0.00793196246639512,0,-0.0119851977547637
1109,0.195794317483447,1,0,0.0986819796200591,0.0929880045365158,-0.00569397508354337,0.00958504919304575,-0.0244803262919577,0.013092376124871,0,-0.00569397508354337
1110,0.421239615552561,0,0,0.0994282109901253,0.0879153218385962,-0.0115128891515291,0.0101039304963785,-0.0313162290267268,0.00829045072366865,0,-0.0115128891515291
1111,-2.28609750043018,1,1,0.0907914267957147,0.168159099879099,0.0773676730833847,0.0291249968945932,0.0202837281201411,0.134451618046628,0,0.0773676730833847
1112,2.63055347471315,1,0,0.107010284802502,0.050032929660292,-0.0569773551422102,0.0228715677515009,-0.10180480420512,-0.0121499060793006,-0.04,-0.0169773551422102
1113,1.07903407435259,1,0,0.101634288629849,0.0745157113328477,-0.0271185772970017,0.0130480853083885,-0.0526923545686494,-0.00154480002535402,-0.04,0.0128814227029983
1114,1.09812308540171,1,0,0.101698952018425,0.0741563814783051,-0.0275425705401204,0.0131529441117287,-0.0533218672897768,-0.00176327379046388,-0.04,0.0124574294598796
1115,0.777190648264784,1,0,0.100616641642795,0.0804141036546373,-0.0202025379881578,0.0115056482584079,-0.0427531941934233,0.00234811821710773,-0.04,0.0197974620118422
1116,0.913372486263217,0,1,0.101074645391863,0.077701939383242,-0.0233727060086205,0.0121717028464084,-0.0472288052181047,0.000483393200863682,-0.04,0.0166272939913795
1117,-2.77261362668178,0,0,0.0893128022646953,0.187606570452347,0.0982937681876515,0.036721065651876,0.0263218020360437,0.170265734339259,0,0.0982937681876515
1118,-0.525694848657953,0,0,0.0963272555093008,0.111025148062203,0.0146978925529025,0.0108313549473573,-0.00653117304768758,0.0359269581534927,0,0.0146978925529025
1119,-0.447705182654315,1,0,0.0965793501787299,0.108936813175568,0.0123574629968376,0.0104667295082923,-0.00815694987533798,0.0328718758690131,0,0.0123574629968376
1120,1.5269475709926,1,0,0.1031612231108,0.0664937401001312,-0.0366674830106688,0.0156613772852138,-0.0673632184379814,-0.00597174758335614,-0.04,0.00333251698933121
1121,0.114933935316768,1,0,0.0984155465759279,0.0948705414772754,-0.00354500509865253,0.00949098559076692,-0.0221469950343443,0.0150569848370392,0,-0.00354500509865253
1122,0.722441680505951,1,0,0.100433031149689,0.0815286239245918,-0.018904407225097,0.0112547759280644,-0.0409633626981716,0.00315454824797759,-0.04,0.021095592774903
1123,-0.436126811961204,1,0,0.0966168264264645,0.108629733913115,0.0120129074866509,0.0104171259840234,-0.00840428426445129,0.0324300992377531,0,0.0120129074866509
1124,0.956434654689536,0,0,0.101219855744697,0.0768619056277543,-0.0243579501169423,0.0123932306295975,-0.048648235803052,-6.76644308325071e-05,-0.04,0.0156420498830577
1125,-1.44381380359388,1,0,0.0934034549661104,0.138339735700792,0.0449362807346816,0.0183687419277609,0.0089342081149594,0.0809383533544039,0,0.0449362807346816
1126,-0.641098859729312,1,0,0.0959553008719014,0.114179566065669,0.0182242651937675,0.0114646005804314,-0.00424593904101498,0.04069446942855,0,0.0182242651937675
1127,-0.258039431482917,0,0,0.097194888070904,0.104001546923965,0.00680665885306096,0.0098077904692823,-0.0124162572346475,0.0260295749407695,0,0.00680665885306096
1128,0.793237041655113,0,0,0.100670512569917,0.0800900925182681,-0.0205804200516489,0.0115811394748832,-0.0432790363223551,0.0021181962190572,-0.04,0.0194195799483511
1129,0.52663471452272,1,0,0.0997787913101865,0.0856306770812115,-0.014148114228975,0.0104562886085557,-0.0346420633137007,0.00634583485575061,0,-0.014148114228975
1130,-1.23749898242682,0,0,0.0940534615925784,0.131748259445654,0.0376947978530756,0.016236917418269,0.00587102449331721,0.0695185712128339,0,0.0376947978530756
1131,-1.19180283902536,0,1,0.0941979772252689,0.130324857181086,0.0361268799558175,0.0157947540446402,0.00516973088365426,0.0670840290279806,0,0.0361268799558175
1132,0.57452860606349,1,0,0.099938465779799,0.0846103688790262,-0.0153280969007728,0.0106356906079084,-0.0361736674429843,0.00551747364143863,0,-0.0153280969007728
1133,-0.0387180662059386,1,0,0.0979110322637687,0.0985419474355261,0.000630915171757396,0.00946621016048596,-0.0179225158128822,0.019184346156397,0,0.000630915171757396
1134,0.0837992430458569,0,0,0.0983131294897134,0.0956044518736891,-0.00270867761602431,0.00946922687751808,-0.0212680212573984,0.0158506660253498,0,-0.00270867761602431
1135,0.121289478338327,1,0,0.0984364647136308,0.0947213490849611,-0.00371511562866972,0.00949643553258823,-0.0223277872540491,0.0148975559967097,0,-0.00371511562866972
1136,0.524776769536555,1,0,0.0997726016405331,0.0856704816740989,-0.0141021199664343,0.0104495591835773,-0.0345828796205656,0.00637863968769705,0,-0.0141021199664343
1137,1.76335065599399,1,0,0.103975278813798,0.0625902442736503,-0.0413850345401479,0.0171346390708528,-0.0749683100071122,-0.00780175907318354,-0.04,-0.00138503454014789
1138,-0.337563054043398,1,0,0.0969363784457433,0.106046302355736,0.00910992390999238,0.0100437403540683,-0.010575445454053,0.0287952932740378,0,0.00910992390999238
1139,1.89877043998212,0,0,0.104444151718031,0.0604515623210582,-0.0439925893969728,0.0179991759793491,-0.0792703260678954,-0.00871485272605015,-0.04,-0.00399258939697278
1140,-0.394850331338472,1,0,0.0967505336117411,0.10754118551524,0.0107906519034988,0.0102500314381877,-0.00929904055575232,0.0308803443627499,0,0.0107906519034988
1141,-0.784775033908435,1,1,0.095494017679557,0.118215613082392,0.0227215954028355,0.0123982552101213,-0.00157853828013833,0.0470217290858092,0,0.0227215954028355
1142,-0.536525621940772,0,0,0.096292292522285,0.111317919454522,0.0150256269322374,0.0108861161803983,-0.00631076871286198,0.0363620225773367,0,0.0150256269322374
1143,-0.904309716684973,0,0,0.0951117551018131,0.121667097352038,0.0265553422502246,0.0132874303485798,0.000512457319923675,0.0525982271805255,0,0.0265553422502246
1144,0.909924440160728,0,0,0.101063026201077,0.0777695643492227,-0.0232934618518544,0.0121541745471864,-0.0471152062261532,0.000528282522444488,-0.04,0.0167065381481456
1145,-1.5382675188194,0,0,0.0931072198504236,0.141448680815807,0.0483414609653831,0.019415246621679,0.0102882768359292,0.086394645094837,0,0.0483414609653831
1146,1.05851946456019,0,0,0.101564836725569,0.0749036607722758,-0.0266611759532933,0.0129362158738644,-0.0520156931623028,-0.00130665874428386,-0.04,0.0133388240467067
1147,-0.720082054326943,0,0,0.0957014733957478,0.11638322919542,0.020681755799672,0.0119587999587872,-0.00275706141787005,0.0441205730172141,0,0.020681755799672
1148,-0.971979441271968,0,0,0.0948959601269825,0.123659258306141,0.0287632981791589,0.0138326540593071,0.00165179441231532,0.0558748019460025,0,0.0287632981791589
1149,1.5948670285306,1,0,0.103394525043979,0.0653496675346744,-0.0380448575093043,0.0160794467438382,-0.0695599940185569,-0.00652972100005159,-0.04,0.00195514249069573
1150,-0.104577178214089,1,0,0.0976954914971364,0.100154007351025,0.00245851585388868,0.009521173795021,-0.016202641874899,0.0211196735826764,0,0.00245851585388868
1151,1.01729581837123,1,0,0.101425401963802,0.0756888541183384,-0.0257365478454641,0.0127141062607867,-0.0506557382122212,-0.000817357478706895,-0.04,0.0142634521545359
1152,-0.0678673423355386,0,1,0.0978155815683239,0.0992525757509608,0.00143699418263694,0.00948555542686152,-0.0171543528273701,0.020028341192644,0,0.00143699418263694
1153,-1.51238354065676,1,0,0.0931883157876799,0.140590950024374,0.0474026342366942,0.0191242049043956,0.00991988139111458,0.0848853870822737,0,0.0474026342366942
1154,0.659983490778454,0,0,0.100223929924426,0.0828172554248888,-0.0174066744995374,0.0109822218446836,-0.0389314337853463,0.00411808478627143,0,-0.0174066744995374
1155,-0.255943867864773,1,0,0.0972017084890243,0.103948138819879,0.00674643033085516,0.00980237533713968,-0.0124658722928823,0.0259587329545926,0,0.00674643033085516
1156,0.279438862478084,0,0,0.0989582621055641,0.0910759923127487,-0.00788226979281537,0.00973611506417258,-0.0269647046679315,0.0112001650823008,0,-0.00788226979281537
1157,-1.64741236984953,0,0,0.0927659591260876,0.14511363129164,0.0523476721655525,0.0206771169436299,0.011821267651915,0.09287407667919,0,0.0523476721655525
1158,-0.570504718857415,0,1,0.0961826776458593,0.112240809529335,0.0160581318834755,0.0110642882582925,-0.00562747461734714,0.0377437383842981,0,0.0160581318834755
1159,0.516814658315338,0,0,0.0997460800508595,0.0858412518302609,-0.0139048282205986,0.0104209211414493,-0.0343294583435712,0.00651980190237402,0,-0.0139048282205986
1160,-0.031459054597041,1,0,0.0979348151537456,0.0983656866230884,0.000430871469342814,0.00946261309009343,-0.0181155093868776,0.0189772523255632,0,0.000430871469342814
1161,-0.0622522872340216,0,0,0.0978339618804408,0.099115333024656,0.0012813711442152,0.00948121643052141,-0.0173014715892362,0.0198642138776666,0,0.0012813711442152
1162,2.02911653713927,1,0,0.104897220791923,0.0584577549026495,-0.0464394658892733,0.0188434764593408,-0.0833720010931097,-0.00950693068543693,-0.04,-0.00643946588927329
1163,0.809297705896028,1,0,0.100724457054011,0.0797669870998715,-0.0209574699541395,0.0116575457055032,-0.0438058396850555,0.0018908997767764,-0.04,0.0190425300458605
1164,0.769741419350226,1,0,0.100591641805552,0.0805649257750924,-0.0200267160304593,0.0114708972493097,-0.0425092615094658,0.00245582944854724,-0.04,0.0199732839695407
1165,0.581172694598383,1,0,0.0999606345818684,0.0844697009988933,-0.0154909335829751,0.0106614540430621,-0.0363869995302058,0.00540513236425552,0,-0.0154909335829751
1166,-1.14326866220231,0,0,0.0943516860853488,0.128827390834187,0.0344757047488382,0.0153376378768276,0.00441448690233866,0.0645369225953377,0,0.0344757047488382
1167,1.65679679710569,1,0,0.103607659240415,0.0643224717447173,-0.0392851874956981,0.0164644517111624,-0.0715549198747754,-0.00701545511662091,-0.04,0.000714812504301852
1168,-1.43172829553934,0,0,0.09344141968477,0.137946107331312,0.0445046876465421,0.018237957781238,0.0087589472437535,0.0802504280493307,0,0.0445046876465421
1169,-1.29726616443523,1,0,0.0938647457186637,0.133629846042937,0.0397651003242728,0.0168320285539771,0.00677493057172781,0.0727552700768178,0,0.0397651003242728
1170,-0.798223290456593,1,0,0.0954509426992589,0.118599648259094,0.0231487055598348,0.0124933842987989,-0.00133787771082928,0.0476352888304988,0,0.0231487055598348
1171,0.651609342663504,1,0,0.100195923884883,0.0829914322051627,-0.0172044916797199,0.0109468642120932,-0.0386599512790731,0.00425096791963328,0,-0.0172044916797199
1172,1.15816092926181,0,0,0.101902566084212,0.0730366020900793,-0.028865963994133,0.0134872811500094,-0.0553005492975174,-0.00243137869074862,-0.04,0.011134036005867
1173,-0.549928120682596,1,0,0.0962490434046733,0.111681142988911,0.0154320995842379,0.0109552450279068,-0.006039786112271,0.0369039852807468,0,0.0154320995842379
1174,-0.752042321646711,1,0,0.095598933746242,0.117285379511824,0.0216864457655816,0.0121721035719761,-0.00217043885158294,0.0455433303827462,0,0.0216864457655816
1175,-0.526506557292212,0,0,0.0963246348269884,0.111047066336494,0.0147224315095054,0.0108354246738862,-0.0065146106085082,0.0359594736275191,0,0.0147224315095054
1176,1.33748428986621,1,0,0.102512881598138,0.0697841559456335,-0.0327287256525048,0.0145216560198197,-0.0611906484472306,-0.00426680285777892,-0.04,0.00727127434749523
1177,0.186257425012819,1,1,0.0986505224057163,0.093208279862309,-0.00544224254340731,0.00957121651201307,-0.024201482195188,0.0133169971083734,0,-0.00544224254340731
1178,-0.114783840218246,1,0,0.0976621254807141,0.10040592752417,0.00274380204345598,0.00953332203736983,-0.0159411658028109,0.0214287698897229,0,0.00274380204345598
1179,-0.472769593818365,0,0,0.0964982675089305,0.109604177359701,0.0131059098507707,0.0105781579055897,-0.00762689866696283,0.0338387183685042,0,0.0131059098507707
1180,-1.1727469713414,0,0,0.0942583008282658,0.129735153583234,0.0354768527549679,0.0156137234834808,0.00487451706277822,0.0660791884471575,0,0.0354768527549679
1181,-1.38935070465321,0,0,0.0935746515809512,0.136573285764253,0.0429986341833017,0.0177850542619791,0.00814056836673217,0.0778566999998712,0,0.0429986341833017
1182,-0.239337762977081,0,0,0.0972557713803091,0.103525767849095,0.00626999646878559,0.00976092977939279,-0.0128610743544488,0.02540106729202,0,0.00626999646878559
1183,-1.04334031820128,1,0,0.0946688691597754,0.125790370083344,0.0311215009235684,0.0144385273787078,0.00282250727150555,0.0594204945756313,0,0.0311215009235684
1184,-1.06792660448932,1,0,0.0945907412562585,0.126531862256581,0.0319411210003224,0.0146543653963409,0.00321909260720424,0.0606631493934405,0,0.0319411210003224
1185,1.28266760830962,1,0,0.102325973748667,0.0707639027603071,-0.0315620709883596,0.0142003132859129,-0.0593941735979345,-0.00372996837878475,-0.04,0.00843792901164037
1186,1.05753147854414,1,0,0.101561492976397,0.0749223912366839,-0.0266391017397129,0.0129308501721046,-0.0519831023665215,-0.0012951011129044,-0.04,0.0133608982602871
1187,1.80084168645121,0,0,0.104104899925117,0.061991179759864,-0.0421137201652532,0.0173726175168853,-0.076163424815538,-0.00806401551496839,-0.04,-0.00211372016525319
1188,0.159551112681362,0,0,0.0985624797797603,0.0938276132597795,-0.00473486651998074,0.00953632483837534,-0.0234257197480712,0.0139559867081097,0,-0.00473486651998074
1189,0.384672552817303,1,0,0.0993068326454139,0.0887207707255696,-0.0105860619198444,0.00999665003462004,-0.0301791359537507,0.00900701211406198,0,-0.0105860619198444
1190,1.19120382229114,0,0,0.102014782824032,0.0724269764946342,-0.029587806329398,0.013674053452231,-0.0563884586184464,-0.00278715404034963,-0.04,0.010412193670602
1191,0.846573709600561,0,0,0.100849758453784,0.0790216592462975,-0.0218280992074867,0.0118380232397838,-0.0450301984056111,0.00137399999063778,-0.04,0.0181719007925133
1192,-0.527034855344833,0,0,0.0963229291982362,0.111061333811616,0.0147384046133793,0.0108380764373241,-0.00650383486546814,0.0359806440922268,0,0.0147384046133793
1193,-0.572139534719304,1,0,0.0961774066235775,0.112285380076646,0.0161079734530684,0.0110731018329335,-0.00559490733662563,0.0378108542427624,0,0.0161079734530684
1194,0.29215788871341,1,0,0.0990003340045988,0.0907883682170053,-0.00821196578759346,0.0097635894351694,-0.0273482494403613,0.0109243178651743,0,-0.00821196578759346
1195,-0.696461781731218,0,0,0.0957773186301335,0.115720371349768,0.0199430527196346,0.011806027889131,-0.00319633674353749,0.0430824421828068,0,0.0199430527196346
1196,-0.552258453591246,0,0,0.0962415253215398,0.111744403406182,0.0155028780846424,0.0109674178943878,-0.0059928659917578,0.0369986221610425,0,0.0155028780846424
1197,0.716677149238146,0,0,0.10041371608856,0.0816467876523501,-0.0187669284362099,0.0112289909388593,-0.0407753462591008,0.00324148938668095,-0.04,0.0212330715637901
1198,0.476675329014499,1,0,0.0996124724101873,0.0867068588967576,-0.0129056135134297,0.0102816274912207,-0.0330572330986792,0.0072460060718199,0,-0.0129056135134297
1199,-0.250866725020034,1,0,0.0972182348057115,0.10381884189745,0.00660060709173876,0.00978942735657152,-0.0125863179564126,0.0257875321398901,0,0.00660060709173876
1200,-0.294589337111923,1,0,0.0970759979797158,0.104936975260874,0.00786097728115834,0.00990888684632691,-0.0115600840645251,0.0272820386268418,0,0.00786097728115834
1201,-0.439004978042432,1,0,0.0966075093205216,0.108705996999877,0.0120984876793552,0.010429345478737,-0.00834265384129499,0.0325396292000053,0,0.0120984876793552
1202,-0.713495746328669,0,0,0.0957226167796644,0.116198066267539,0.0204754494878745,0.0119157807946443,-0.00287905171730242,0.0438299506930514,0,0.0204754494878745
1203,0.304159055909722,0,0,0.0990400459730303,0.0905177275454198,-0.00852231842761045,0.00979055900401802,-0.0277114614640001,0.0106668246087792,0,-0.00852231842761045
1204,0.833564051761007,0,1,0.100806011433749,0.0792810592567041,-0.0215249521770449,0.0117745474079888,-0.0446026410309623,0.00155273667687249,-0.04,0.0184750478229551
1205,0.133157892412844,1,0,0.0984755380885513,0.0944433078437696,-0.00403223024478175,0.00950751635024745,-0.0226666198736925,0.014602159384129,0,-0.00403223024478175
1206,-0.342909169218117,1,0,0.0969190217177203,0.106185028056329,0.00926600633860881,0.0100617163242902,-0.0104545952796587,0.0289866079568763,0,0.00926600633860881
1207,-0.15977019716889,0,0,0.0975151842244477,0.101522996719088,0.00400781249464043,0.00959857770682246,-0.0148050541135407,0.0228206791028215,0,0.00400781249464043
1208,-1.72567901287852,0,0,0.0925219363344272,0.147790006465819,0.0552680701313915,0.0216158115543154,0.0129018579883286,0.0976342822744545,0,0.0552680701313915
1209,-0.439507265264735,1,0,0.0966058834148442,0.108719310977197,0.0121134275623532,0.0104314855188255,-0.00833190835979598,0.0325587634845023,0,0.0121134275623532
1210,0.188171915096199,1,0,0.098656836589497,0.0931640230145512,-0.00549281357494587,0.00957393593095153,-0.0242573831899048,0.0132717560400131,0,-0.00549281357494587
1211,-0.694280780170388,1,0,0.0957843245855252,0.115659331467971,0.0198750068824462,0.011792133145954,-0.00323714938452454,0.042987163149417,0,0.0198750068824462
1212,-0.432498535286393,1,0,0.0966285729095299,0.108533662010663,0.0119050891011333,0.0104018267503175,-0.00848211670291419,0.0322922949051809,0,0.0119050891011333
1213,-0.0746125171684014,0,0,0.0977935059947839,0.099417664324208,0.00162415832942411,0.00949115568099384,-0.0169781649769865,0.0202264816358348,0,0.00162415832942411
1214,1.15470105971341,0,0,0.101890822376519,0.0731007077276392,-0.0287901146488797,0.0134678345134476,-0.0551865852449824,-0.00239364405277688,-0.04,0.0112098853511203
1215,-1.06552887460526,1,0,0.0945983579868321,0.126459385512297,0.0318610275254644,0.014633159330321,0.00318056225799912,0.0605414927929298,0,0.0318610275254644
1216,1.04765145736726,0,1,0.10152806030977,0.075109935810649,-0.0264181244991208,0.0128773051568932,-0.0516571788245635,-0.00117907017367811,-0.04,0.0135818755008792
1217,-1.18183078128938,0,0,0.0942295406377569,0.130015977797419,0.0357864371596624,0.0156997707285461,0.00501545196617578,0.066557422353149,0,0.0357864371596624
1218,0.275229300180792,0,0,0.0989443412529668,0.0911713664857416,-0.00777297476722524,0.00972727607393304,-0.0268380855398122,0.0112921360053617,0,-0.00777297476722524
1219,-0.724867368008719,0,1,0.0956861141880277,0.116517920853324,0.020831806665296,0.0119902580904441,-0.00266866735731447,0.0443322806879065,0,0.020831806665296
1220,-1.23581657443161,1,0,0.0940587787411833,0.13169562063012,0.0376368418889371,0.0162204388691228,0.00584536589202291,0.0694283178858514,0,0.0376368418889371
1221,-1.5061514718496,1,0,0.0932078506685654,0.140385085630895,0.04717723496233,0.01905460798882,0.00983088956471365,0.0845235803599463,0,0.04717723496233
1222,-1.04888531711274,1,0,0.0946512437580498,0.12595727487334,0.0313060311152898,0.0144868933908642,0.00291224182132461,0.0596998204092549,0,0.0313060311152898
1223,-0.852458349590793,1,0,0.0952774032722785,0.120159384294427,0.0248819810221484,0.012889808445127,-0.000381579297920678,0.0501455413422175,0,0.0248819810221484
1224,-0.0326475513975863,0,0,0.0979309208980076,0.0983945260503632,0.000463605152355592,0.00946316885904333,-0.0180838649909903,0.0190110752957015,0,0.000463605152355592
1225,1.57710366159189,0,0,0.10333346320882,0.065647103227769,-0.0376863599810507,0.0159696715863669,-0.0689863411352626,-0.00638637882683891,-0.04,0.00231364001894927
1226,-0.250983406555843,0,0,0.097217854974185,0.103821811767604,0.00660395679341863,0.00978972219162837,-0.0125835461208255,0.0257914597076628,0,0.00660395679341863
1227,-0.952338350048264,1,0,0.0949585492874351,0.123078166502253,0.028119617214818,0.0136714051137871,0.00132415557373855,0.0549150788558974,0,0.028119617214818
1228,-1.27630264026253,1,0,0.0939308997161819,0.13296729953216,0.0390363998159781,0.0166211537849788,0.00645953701591814,0.0716132626160381,0,0.0390363998159781
1229,-0.72780132355937,0,0,0.0956766982918967,0.116600569455816,0.0209238711639195,0.012009629528024,-0.00261457017867624,0.0444623125065152,0,0.0209238711639195
1230,-0.979471694193675,1,0,0.094872094717724,0.12388154060732,0.0290094458895959,0.0138947991017292,0.00177614007778731,0.0562427517014046,0,0.0290094458895959
1231,-1.11242091858086,1,0,0.0944494983547921,0.127883258425694,0.0334337600709014,0.0150539505991577,0.00392855907150714,0.0629389610702956,0,0.0334337600709014
1232,-0.939922544064268,1,0,0.0949981330965956,0.122712050585963,0.0277139174893674,0.0135707289858056,0.00111577743323462,0.0543120575455001,0,0.0277139174893674
1233,-1.08752486043885,0,0,0.0945285051919818,0.127125595892684,0.0325970907007019,0.0148289566337241,0.00353286977029646,0.0616613116311074,0,0.0325970907007019
1234,-0.87961555918035,1,0,0.0951906126971018,0.120947028280535,0.0257564155834329,0.0130958362156578,8.90482533083409e-05,0.0514237829135575,0,0.0257564155834329
1235,-0.397210921882032,1,0,0.0967428824826133,0.10760317978888,0.0108602973062671,0.010259174193858,-0.00924731462481739,0.0309679092373516,0,0.0108602973062671
1236,-1.05000964209845,1,0,0.0946476703231497,0.125991140224845,0.0313434699016958,0.0144967225354701,0.00293041583830425,0.0597565239650873,0,0.0313434699016958
1237,0.841040529302278,0,0,0.100831150205461,0.0791318905580352,-0.0216992596474256,0.0118109633907359,-0.0448483225159891,0.00144980322113784,-0.04,0.0183007403525744
1238,-0.328086513489833,0,0,0.0969671518548168,0.105800789259376,0.00883363740455886,0.0100125262242284,-0.0107905533891916,0.0284578281983093,0,0.00883363740455886
1239,0.539057926149488,1,0,0.0998201875192329,0.0853649528429427,-0.0144552346762901,0.0105017349290559,-0.035038256912426,0.00612778755984567,0,-0.0144552346762901
1240,-0.639874429691013,0,0,0.0959592405427533,0.11414569180885,0.0181864512660964,0.0114573182269374,-0.00426947981811526,0.0406423823503081,0,0.0181864512660964
1241,-1.53465550071641,1,0,0.093118532700068,0.141328725624037,0.0482101929239686,0.0193744416172132,0.0102369851336568,0.0861834007142804,0,0.0482101929239686
1242,0.308372339573057,1,1,0.0990539911282318,0.0904228853822503,-0.00863110574598155,0.00980026535827839,-0.0278392728871427,0.0105770613951796,0,-0.00863110574598155
1243,-0.0681341513958934,0,0,0.0978147082726119,0.0992591012831411,0.0014443930105292,0.00948576889964583,-0.0171473723984468,0.0200361584195052,0,0.0014443930105292
1244,0.176746687208127,0,0,0.0986191603557498,0.0934284172161754,-0.00519074313957445,0.00955813734811773,-0.0239243481011724,0.0135428618220235,0,-0.00519074313957445
1245,-0.474174451187082,0,0,0.0964937246345492,0.10964168894839,0.0131479643138412,0.0105845663024416,-0.00759740443092052,0.0338933330586029,0,0.0131479643138412
1246,-1.11758292034561,1,0,0.0944331243136376,0.128040835310322,0.0336077109966845,0.0151010461901938,0.00401020433502888,0.06320521765834,0,0.0336077109966845
1247,0.472488609880617,0,0,0.09959854568088,0.0867975993405228,-0.0128009463403573,0.01026759970739,-0.0329250719745157,0.00732317929380114,0,-0.0128009463403573
1248,0.98510689452855,0,0,0.101316644320636,0.0763072083322164,-0.0250094359884193,0.0125433083057169,-0.0495938685146064,-0.000425003462232083,-0.04,0.0149905640115807
1249,-1.73529323487606,1,0,0.0924920005247156,0.148121569361722,0.0556295688370063,0.0217330376276631,0.0130335978121328,0.0982255398618797,0,0.0556295688370063
1250,0.0615332420393918,1,0,0.0982399440747486,0.0961324183465618,-0.00210752572818677,0.00945877268908201,-0.0206463795367386,0.016431328080365,0,-0.00210752572818677
1251,-2.20322312390563,0,1,0.0910454854711997,0.165011603755316,0.0739661182841161,0.0279295650679855,0.0192251766469966,0.128707059921236,0,0.0739661182841161
1252,-1.2152816995225,1,0,0.0941236996832599,0.131054566841289,0.0369308671580287,0.0160205305379765,0.00553120429037073,0.0683305300256866,0,0.0369308671580287
1253,0.952881442407487,0,0,0.10120786691936,0.0769309034602906,-0.0242769634590693,0.0123747724568162,-0.0485310717913073,-2.28551268312768e-05,-0.04,0.0157230365409307
1254,0.004400273133372,0,0,0.0980523775779764,0.097499078330306,-0.000553299247670322,0.00945191466581581,-0.0190787115776152,0.0179721130822746,0,-0.000553299247670322
1255,-0.99143083937275,0,0,0.0948340118487888,0.12423705873695,0.0294030468881617,0.0139947158863841,0.00197390777697833,0.056832185999345,0,0.0294030468881617
1256,0.578177423226104,1,1,0.0999506399568869,0.0845330902424882,-0.0154175497143987,0.0106498137305464,-0.0362908010683297,0.00545570163953238,0,-0.0154175497143987
1257,0.903374983472991,0,1,0.101040959172967,0.0778981642963774,-0.0231427948765896,0.0121209683469919,-0.0468994562944439,0.000613866541264566,-0.04,0.0168572051234104
1258,-1.71658545411882,1,0,0.092550258961431,0.147476964303345,0.054926705341914,0.0215053180392018,0.012777056508999,0.097076354174829,0,0.054926705341914
1259,-1.33652037259789,1,0,0.0937409846439499,0.134877973185555,0.0411369885416054,0.0172330092223754,0.00736091112050302,0.0749130659627078,0,0.0411369885416054
1260,-0.203039827927416,1,0,0.0973740364849737,0.102607824115226,0.00523378763025183,0.00967942222029405,-0.0137375313126812,0.0242051065731849,0,0.00523378763025183
1261,1.72458065565554,1,0,0.103841385871908,0.0632154243607869,-0.0406259615111211,0.0168897046766394,-0.0737291743868521,-0.00752274863539017,-0.04,-0.000625961511121147
1262,0.279886883570615,0,0,0.098959743795881,0.0910658469863204,-0.00789389680956067,0.00973706326807758,-0.0269781901301806,0.0111903965110593,0,-0.00789389680956067
1263,-2.54714228398806,1,0,0.089995337416344,0.178386379366128,0.0883910419497837,0.0330787271687266,0.0235579280446531,0.153224155854914,0,0.0883910419497837
1264,-0.33283092755842,1,0,0.0969517441095046,0.105923642272587,0.00897189816308233,0.0100280495031677,-0.0106827176983111,0.0286265140244757,0,0.00897189816308233
1265,0.442092128602504,0,0,0.0994974865482196,0.0874589749536088,-0.0120385115946108,0.0101687006798543,-0.0319687986966932,0.00789177550747166,0,-0.0120385115946108
1266,-0.942871005341438,0,1,0.0949887315379747,0.122798909582875,0.0278101780449007,0.0135945486128165,0.0011653523777015,0.0544550037121,0,0.0278101780449007
1267,-0.592421242153605,0,0,0.096112035197399,0.112839613961442,0.0167275787640434,0.0111842644530895,-0.00519317675758349,0.0386483342856704,0,0.0167275787640434
1268,0.386747677397637,1,0,0.0993137171498859,0.0886748850214963,-0.0106388321283895,0.0100025176886698,-0.0302434065529071,0.00896574229612804,0,-0.0106388321283895
1269,-0.212092187227503,1,0,0.0973445302913363,0.10283607357666,0.00549154328532402,0.00969858109023903,-0.0135173263526857,0.0245004129233337,0,0.00549154328532402
1270,-1.36387934249289,1,1,0.093654813536786,0.135753687370967,0.0420988738341807,0.0175171365020193,0.00776591717795086,0.0764318304904105,0,0.0420988738341807
1271,0.308534941030412,1,0,0.0990545293426749,0.0904192269732946,-0.00863530236938025,0.00980064241470056,-0.027844208527549,0.0105736037887885,0,-0.00863530236938025
1272,0.281745418507282,0,0,0.098965890532601,0.091023771782211,-0.00794211875039,0.00974101204047861,-0.0270341515226991,0.0111499140219191,0,-0.00794211875039
1273,-0.533540398525472,0,0,0.0963019280362301,0.111237157218788,0.0149352291825579,0.010870923916098,-0.00637139017166936,0.0362418485367852,0,0.0149352291825579
1274,-0.31344463726874,0,0,0.0970147159340817,0.105422440779314,0.0084077248452321,0.00996593775378391,-0.0111251542243524,0.0279406039148166,0,0.0084077248452321
1275,-0.537914049006778,1,0,0.0962878113393399,0.111355499433573,0.0150676880942334,0.0108932076394874,-0.00628260655527847,0.0364179827437453,0,0.0150676880942334
1276,0.250263857246336,0,0,0.0988618173630196,0.0917388460191565,-0.00712297134386305,0.00967749426552687,-0.0260905115648886,0.0118445688771625,0,-0.00712297134386305
1277,0.00515898943100282,1,0,0.0980548663372524,0.0974808162966134,-0.000574050040639026,0.00945181452353736,-0.0190992660953248,0.0179511660140468,0,-0.000574050040639026
1278,0.0942782697015002,1,0,0.0983475894787045,0.0953568739877044,-0.00299071549100009,0.00947562794473819,-0.0215626049935882,0.015581174011588,0,-0.00299071549100009
1279,1.51543674455829,1,0,0.103121729858106,0.0666894691285443,-0.0364322607295614,0.0155909819989623,-0.0669900239311398,-0.00587449752798296,-0.04,0.00356773927043861
1280,-1.1712551754482,0,1,0.094263024745127,0.129689084376173,0.0354260596310457,0.0155996358090513,0.00485133527336386,0.0660007839887275,0,0.0354260596310457
1281,0.437689522381321,1,0,0.0994828567748366,0.0875551450946934,-0.0119277116801432,0.0101548137394726,-0.0318307808792219,0.00797535751893552,0,-0.0119277116801432
1282,-0.791951116749586,1,0,0.0954710304086494,0.11842040273601,0.0229493723273603,0.0124488577774729,-0.00144994056514784,0.0473486852198685,0,0.0229493723273603
1283,1.75428088651061,1,0,0.103943942522477,0.0627359785046307,-0.0412079640178462,0.0170772321485684,-0.0746787239846698,-0.00773720405102249,-0.04,-0.00120796401784615
1284,0.335360058655939,0,0,0.0991433567215137,0.0898175045221781,-0.00932585219933559,0.00986532165320472,-0.02866152733552,0.0100098229368488,0,-0.00932585219933559
1285,0.692472108284153,0,0,0.100332648919496,0.0821446573181683,-0.0181879916013278,0.0111220933278524,-0.0399868939566117,0.00361091075395601,-0.04,0.0218120083986722
1286,1.15089974674633,1,0,0.101877921103339,0.0731711994958384,-0.0287067216075011,0.0134464933214093,-0.0550613642358218,-0.00235207897918047,-0.04,0.0112932783924989
1287,0.368352251131539,0,1,0.0992527026534763,0.0890823972447644,-0.0101703054087119,0.0099514491255975,-0.0296747872888656,0.00933417647144177,0,-0.0101703054087119
1288,-1.32310472465379,1,0,0.0937832651732661,0.134450306084901,0.0406670409116354,0.0170950778947402,0.00716130392503787,0.0741727778982329,0,0.0406670409116354
1289,-2.27969083889812,1,1,0.090811044197774,0.16791408207227,0.0771030378744964,0.0290315497942602,0.0202022458623653,0.134003829886628,0,0.0771030378744964
1290,-1.45334996815389,0,0,0.0933735083745202,0.138650996395962,0.0452774880214414,0.0184724423672779,0.00907216627508496,0.0814828097677979,0,0.0452774880214414
1291,1.11477876532345,0,1,0.101755402380181,0.073844159278088,-0.0279112431020935,0.0132450188727975,-0.0538710030673299,-0.00195148313685706,-0.04,0.0120887568979065
1292,-0.117092383907833,1,0,0.0976545801615577,0.100462984858282,0.00280840469672389,0.00953620568493199,-0.0158822149949089,0.0214990243883567,0,0.00280840469672389
1293,-1.20723193219523,1,1,0.094149159950772,0.130803994600924,0.0366548346501523,0.0159427855087065,0.00540754923984051,0.0679021200604642,0,0.0366548346501523
1294,-0.325340900891622,0,0,0.0969760693809507,0.105729751099327,0.00875368171837643,0.0100036382389376,-0.0108530889443089,0.0283604523810617,0,0.00875368171837643
1295,-0.533362522703624,0,0,0.0963025021996678,0.111232346584759,0.0149298443850917,0.010870021046928,-0.00637500537807958,0.0362346941482629,0,0.0149298443850917
1296,1.48846736539766,0,0,0.103029251237287,0.0671501507217237,-0.0358791005155633,0.0154265928406048,-0.0661146668873122,-0.00564353414381439,-0.04,0.00412089948443672
1297,1.29923147808525,1,0,0.10238241954126,0.0704665219887476,-0.0319158975525127,0.0142969692997094,-0.0599374424680179,-0.00389435263700751,-0.04,0.00808410244748729
1298,-0.653731291244078,0,1,0.0959146637697649,0.114529557874464,0.0186148941046986,0.0115404183223073,-0.00400391017354981,0.0412336983829471,0,0.0186148941046986
1299,0.116270001573766,0,0,0.0984199436712535,0.0948391607061714,-0.00358078296508206,0.00949210313840624,-0.0221849632538979,0.0150233973237338,0,-0.00358078296508206
1300,1.80218767756956,1,0,0.104109556195908,0.0619697722171486,-0.0421397839787599,0.0173811813955359,-0.0762062735227678,-0.0080732944347519,-0.04,-0.00213978397875987
1301,0.05198912194531,1,0,0.0982085886744414,0.0963595231714523,-0.00184906550298904,0.00945561465526606,-0.0203817296789996,0.0166835986730215,0,-0.00184906550298904
1302,1.42191404290876,0,0,0.102801352403889,0.0682996543159049,-0.034501698087984,0.0150243432404333,-0.063948869730601,-0.00505452644536699,-0.04,0.00549830191201601
1303,0.408623233512949,0,0,0.0993863180821626,0.0881924687824433,-0.0111938492997192,0.0100659956030953,-0.0309228381503246,0.00853513955088614,0,-0.0111938492997192
1304,0.00255323156401408,0,0,0.0980463191035753,0.0975435487269821,-0.000502770376593242,0.00945218020142256,-0.019028703146764,0.0180231623935775,0,-0.000502770376593242
1305,1.44347304996912,0,0,0.102875128088433,0.0679253060980596,-0.034949821990373,0.0151540958559838,-0.0646513040863688,-0.00524833989437714,-0.04,0.00505017800962702
1306,1.65945877664726,0,0,0.103616829271942,0.0642786576647884,-0.0393381716071539,0.0164810778952236,-0.0716404907081914,-0.0070358525061164,-0.04,0.000661828392846099
1307,-0.00137763884297511,1,0,0.0980334265803206,0.0976382507655569,-0.000395175814763685,0.00945284804602217,-0.018922417536297,0.0181320659067696,0,-0.000395175814763685
1308,-0.46540515606888,1,0,0.0965220849493136,0.109407721009223,0.0128856360599094,0.0105448462311705,-0.0077818827756978,0.0335531548955166,0,0.0128856360599094
1309,-3.08477716956984,1,0,0.0883755440967877,0.2009702661549,0.112594722058112,0.0421061951569517,0.0300680960244719,0.195121348091752,0,0.112594722058112
1310,0.0131486176070195,0,1,0.098081077524244,0.0972886939307386,-0.000792383593505419,0.00945107522230892,-0.0193161506444098,0.0177313834573989,0,-0.000792383593505419
1311,0.50244645304182,1,0,0.0996982357883221,0.0861501995778186,-0.0135480362105035,0.010370074730613,-0.0338730091994938,0.00677693677848676,0,-0.0135480362105035
1312,-1.97928152539711,1,0,0.0917352004754957,0.156743002479795,0.0650078020042989,0.024845440709995,0.0163116330326835,0.113703970975914,0,0.0650078020042989
1313,-0.29432438941009,1,0,0.0970768593384414,0.104930167759719,0.00785330842127799,0.0099081088718485,-0.0115662281224469,0.0272728449650028,0,0.00785330842127799
1314,1.25377739054498,0,0,0.102227588629898,0.0712853616052704,-0.0309422270246276,0.0140326882300057,-0.058445790561718,-0.00343866348753731,-0.04,0.00905777297537235
1315,0.201405697295821,1,0,0.0987004927976183,0.0928586159034935,-0.00584187689412481,0.0095935212568869,-0.0246448330425426,0.0129610792542929,0,-0.00584187689412481
1316,-0.265863666514649,1,0,0.0971694263546778,0.104201171906345,0.00703174555166687,0.00982837495752981,-0.0122315153916469,0.0262950064949807,0,0.00703174555166687
1317,-0.679788839592642,0,0,0.0958308881797035,0.115254454694668,0.0194235665149641,0.0117007250574851,-0.00350943319071204,0.0423565662206402,0,0.0194235665149641
1318,0.61349768101922,1,0,0.100068553175069,0.0837883448785373,-0.0162802082965312,0.0107897066522089,-0.0374276447386129,0.00486722814555046,0,-0.0162802082965312
1319,-0.300179874610296,0,0,0.0970578244426333,0.105080708085695,0.00802288364306118,0.00992545573320524,-0.0114306521241677,0.02747641941029,0,0.00802288364306118
1320,-0.946534462390377,0,0,0.0949770512809867,0.122906905364215,0.0279298540832284,0.0136242214159189,0.00122687079062811,0.0546328373758287,0,0.0279298540832284
1321,1.40496695139631,1,0,0.102743391746544,0.0685952629212456,-0.0341481288252986,0.0149227322184417,-0.0633961465243799,-0.00490011112621735,-0.04,0.00585187117470135
1322,0.607098218107984,0,0,0.1000471800283,0.0839228371240819,-0.0161243429042182,0.0107639398075241,-0.0372212772587223,0.00497259145028602,0,-0.0161243429042182
1323,0.820292390506299,1,0,0.100761400748592,0.0795464850101155,-0.0212149157384769,0.0117103285062845,-0.0441667378579272,0.00173690638097344,-0.04,0.0187850842615231
1324,-1.9310417005406,1,0,0.0918843873383048,0.15500663131581,0.0631222439775054,0.0242093370140174,0.0156728153404389,0.110571672614572,0,0.0631222439775054
1325,-0.2406868532709,1,0,0.0972513782762723,0.103560024798025,0.00630864652175264,0.00976419959248177,-0.0128288330173723,0.0254461260608776,0,0.00630864652175264
1326,-1.41508178805565,1,0,0.0934937347253258,0.137405466751994,0.0439117320266678,0.0180589914837302,0.008516759121441,0.0793067049318945,0,0.0439117320266678
1327,1.02417257449582,1,0,0.101448650079996,0.0755573483107925,-0.0258913017692036,0.0127509002579932,-0.0508826070453328,-0.000899996493074477,-0.04,0.0141086982307964
1328,-0.103032405489918,0,0,0.0977005423110953,0.100115928347888,0.00241538603679256,0.0095194205081422,-0.0162423353128581,0.0210731073864432,0,0.00241538603679256
1329,0.122767005719008,1,0,0.0984413282991873,0.0946866951630553,-0.00375463313613202,0.00949775101052118,-0.0223698830508824,0.0148606167786184,0,-0.00375463313613202
1330,0.62477436993946,0,0,0.100106225325662,0.0835518284773936,-0.0165543968482681,0.0108355528207051,-0.0377916901294314,0.00468289643289526,0,-0.0165543968482681
1331,1.13791652855464,0,0,0.101833868288795,0.0734124333856714,-0.0284214349031234,0.0133737995574128,-0.0546336003721103,-0.00220926943413651,-0.04,0.0115785650968766
1332,-1.72557443052868,0,0,0.0925222620203972,0.147786403139827,0.0552641411194301,0.0216145386767323,0.0129004237705867,0.0976278584682734,0,0.0552641411194301
1333,-1.54632528887362,0,0,0.0930819873389319,0.141716585978695,0.0486345986397629,0.0195064979920931,0.0104025651107575,0.0868666321687683,0,0.0486345986397629
1334,-0.525484745353815,1,0,0.0963279338591588,0.111019475335599,0.0146915414764403,0.0108303024445324,-0.00653546125651939,0.0359185442094,0,0.0146915414764403
1335,1.32234204220718,0,0,0.102461221030106,0.0700535343527584,-0.0324076866773473,0.0144324744165404,-0.0606948167415621,-0.00412055661313239,-0.04,0.00759231332265275
1336,0.00911123644197353,0,0,0.098067831502599,0.0973857364402438,-0.000682095062355267,0.00945137690236007,-0.0192064533952947,0.0178422632705842,0,-0.000682095062355267
1337,0.97646122735059,1,0,0.101287450589432,0.0764740808026169,-0.0248133697868155,0.0124978455166351,-0.0493086968837656,-0.000318042689865339,-0.04,0.0151866302131845
1338,-0.479863068704558,1,0,0.0964753313570552,0.109793697817334,0.0133183664602789,0.0106106912079552,-0.00747820615838906,0.0341149390789469,0,0.0133183664602789
1339,-0.961026249202096,1,0,0.0949308594919462,0.123334912415025,0.0284040529230788,0.013742432201172,0.00146938074879811,0.0553387250973595,0,0.0284040529230788
1340,1.30842899279942,1,0,0.102413774429548,0.0703018927884483,-0.0321118816410995,0.0143508083686646,-0.0602389491927182,-0.00398481408948088,-0.04,0.00788811835890047
1341,-0.832023182457764,1,0,0.0953427578308637,0.119569624183922,0.024226866353058,0.0127380621752418,-0.000739276743247967,0.0491930094493639,0,0.024226866353058
1342,0.587852202588174,0,0,0.0999829259715527,0.0843284972434823,-0.0156544287280704,0.0106875630640448,-0.0366016674160988,0.00529280995995795,0,-0.0156544287280704
1343,-0.043995430597057,1,0,0.0978937451288435,0.0986702671240176,0.000776521995174057,0.00946912987357726,-0.0177826315219697,0.0193356755123178,0,0.000776521995174057
1344,0.715711960737669,1,0,0.100410482379745,0.0816665877261066,-0.0187438946536385,0.0112246857405381,-0.0407438744428734,0.00325608513559639,-0.04,0.0212561053463615
1345,2.39560283453871,1,0,0.106180395394256,0.0531777115535542,-0.0530026838407022,0.0212735961202834,-0.0946981660581087,-0.0113072016232957,-0.04,-0.0130026838407022
1346,0.193327845577,0,1,0.0986738431645259,0.0930449282526745,-0.00562891491185138,0.00958140320763346,-0.0244081201201695,0.0131502902964667,0,-0.00562891491185138
1347,0.00863627700908215,0,0,0.0980662733391569,0.0973971582421922,-0.000669115096964656,0.00945142204464977,-0.0191935619071661,0.0178553317132368,0,-0.000669115096964656
1348,0.00976225899018597,1,0,0.0980699672988209,0.0973700826222843,-0.000699884676536672,0.00945131832965733,-0.0192241282090883,0.017824358856015,0,-0.000699884676536672
1349,0.200926387493501,0,0,0.0986989113282426,0.092869661636103,-0.00582924969213963,0.00959278800160388,-0.0246307686866112,0.0129722693023319,0,-0.00582924969213963
1350,-1.56120451715003,0,0,0.0930354098927798,0.142212404644172,0.0491769947513925,0.0196758059311315,0.0106131237595753,0.0877408657432097,0,0.0491769947513925
1351,-0.451353138409363,0,0,0.0965675453614818,0.109033721271215,0.0124661759097328,0.0104826036555852,-0.0080793497194221,0.0330117015388878,0,0.0124661759097328
1352,0.269168966815532,0,1,0.0989243030365699,0.091308830551575,-0.00761547248499485,0.00971477484032154,-0.0266560812899409,0.0114251363199512,0,-0.00761547248499485
1353,-0.725727000091791,0,1,0.095683355298858,0.116542131149134,0.0208587758502756,0.0119959272106233,-0.0026528094437101,0.0443703611442613,0,0.0208587758502756
1354,-0.605968992302691,0,0,0.0960683905955877,0.113211159342252,0.0171427687466643,0.0112603813608434,-0.0049271731727749,0.0392127106661034,0,0.0171427687466643
1355,-0.427853115201508,0,0,0.0966436142385744,0.10841076645303,0.0117671522144557,0.0103824096866654,-0.00858199684414819,0.0321163012730596,0,0.0117671522144557
1356,2.11503775886829,0,0,0.105196821792244,0.0571773822576122,-0.0480194395346315,0.0194060255664016,-0.0860545507278421,-0.00998432834142082,-0.04,-0.00801943953463146
1357,0.106460386247936,0,0,0.098387663558016,0.0950697799113429,-0.00331788364667311,0.00948424810052135,-0.0219066683441374,0.0152709010507911,0,-0.00331788364667311
1358,0.301401346651007,0,0,0.0990309194341891,0.0905798528259655,-0.00845106660822362,0.00978427267394484,-0.0276278886640749,0.0107257554476277,0,-0.00845106660822362
1359,1.76473634285567,1,0,0.103980067133549,0.0625680067179413,-0.0414120604156074,0.0171434154541522,-0.0750125372777531,-0.00781158355346177,-0.04,-0.00141206041560744
1360,0.0839724064533884,1,0,0.0983136988453569,0.0956003560412665,-0.0027133428040904,0.00946932499156774,-0.0212728787454682,0.0158461931372874,0,-0.0027133428040904
1361,2.32395139869286,1,0,0.105928439988622,0.0541733169627396,-0.051755123025882,0.020792349943987,-0.0925073800700499,-0.0110028659817142,-0.04,-0.011755123025882
1362,0.0541714287498125,1,0,0.0982157574439139,0.0963075523817903,-0.00190820506212364,0.00945626628565866,-0.020442146410235,0.0166257362859877,0,-0.00190820506212364
1363,-0.694267624984313,1,0,0.0957843668448616,0.115658963377552,0.0198745965326903,0.0117920494459919,-0.0032373956853693,0.0429865887507499,0,0.0198745965326903
1364,0.144733389671406,0,1,0.0985136604259952,0.0941728331810063,-0.00434082724498892,0.00951944810864509,-0.0229986026906312,0.0143169482006534,0,-0.00434082724498892
1365,2.33851786774872,0,0,0.105979618863027,0.0539695012378211,-0.052010117625206,0.0208899516086907,-0.0929536704170243,-0.0110665648333877,-0.04,-0.012010117625206
1366,-1.26349858972118,0,0,0.0939713256492175,0.132564000545568,0.0385926748963509,0.0164934877207358,0.00626603298425508,0.0709193168084468,0,0.0385926748963509
1367,0.716722554108722,1,0,0.100413868212554,0.081645856315298,-0.0187680118972558,0.0112291935520759,-0.0407768268347538,0.00324080304024229,-0.04,0.0212319881027442
1368,-2.14898408517865,1,0,0.0912121061765443,0.162977357553009,0.0717652513764648,0.0271629273074491,0.018526892139185,0.125003610613745,0,0.0717652513764648
1369,-2.35474675369287,0,0,0.0905814599153192,0.170802460582589,0.0802210006672696,0.0301371399782037,0.0211532917129483,0.139288709621591,0,0.0802210006672696
1370,-0.0829124022419507,1,0,0.0977663482695476,0.0996211397210515,0.00185479145150391,0.00949862904618658,-0.0167621793815278,0.0204717622845356,0,0.00185479145150391
1371,-0.10562223469125,1,1,0.0976920746955676,0.10017977553236,0.00248770083679263,0.00952237262952118,-0.0161758065644388,0.0211512082380241,0,0.00248770083679263
1372,1.00353330149826,0,0,0.1013788894835,0.0759526692210506,-0.0254262202624496,0.0126407893806477,-0.0502017121846755,-0.000650728340223634,-0.04,0.0145737797375504
1373,-1.43204302477417,1,0,0.0934404308369852,0.137956346208525,0.0445159153715402,0.018241354562864,0.0087635173991013,0.080268313343979,0,0.0445159153715402
1374,0.515627839374734,1,0,0.0997421273240943,0.0858667329419977,-0.0138753943820966,0.010416680404333,-0.0342917128130533,0.00654092404886014,0,-0.0138753943820966
1375,-1.1373976961465,0,0,0.0943702947966946,0.12864724636904,0.0342769515723459,0.0152832319253762,0.00432236743123573,0.064231535713456,0,0.0342769515723459
1376,0.176703590536633,1,0,0.0986190182629103,0.0934294158005089,-0.00518960246240145,0.00955807971789116,-0.0239230944708309,0.013543889546028,0,-0.00518960246240145
1377,0.564476664658423,0,0,0.0999049345740671,0.0848235915869904,-0.0150813429870767,0.0105971103246746,-0.0358512975636364,0.00568861158948297,0,-0.0150813429870767
1378,-0.792908978632502,0,0,0.0954679624474725,0.118447761232297,0.0229797987848245,0.0124556397496481,-0.00143280652889137,0.0473924040985403,0,0.0229797987848245
1379,1.82338543791092,0,1,0.10418291120475,0.061633538249132,-0.0425493729556178,0.017516232282288,-0.0768805573737401,-0.00821818853749559,-0.04,-0.00254937295561784
1380,1.70021978704366,0,0,0.103757333148213,0.0636112261877724,-0.0401461069604408,0.0167364267954107,-0.0729489007093369,-0.00734331321154476,-0.04,-0.000146106960440838
1381,0.651082240409693,1,0,0.100194161305814,0.0830024067239071,-0.0171917545819072,0.0109446484122753,-0.0386428712934203,0.00425936212960595,0,-0.0171917545819072
1382,1.29090437572181,0,1,0.1023540392775,0.0706158786460846,-0.0317381606314158,0.0142483285599633,-0.0596643714488373,-0.00381194981399427,-0.04,0.0082618393685842
1383,0.583200603120437,0,0,0.0999674018137258,0.0844268086559531,-0.0155405931577728,0.010669358809686,-0.0364521521628925,0.00537096584734697,0,-0.0155405931577728
1384,1.33333645301555,1,0,0.102498728194487,0.0698578499378834,-0.0326408782566032,0.014497196211466,-0.061054860707887,-0.0042268958053193,-0.04,0.00735912174339685
1385,1.22917396948114,0,0,0.102143868219916,0.071732239957364,-0.0304116282625524,0.013890933093644,-0.0576373568377502,-0.00318589968735456,-0.04,0.00958837173744762
1386,-0.326532696119768,0,0,0.0969721984371931,0.10576058165162,0.00878838321442689,0.0100074876735535,-0.0108259322014665,0.0284026986303203,0,0.00878838321442689
1387,-1.29519171533697,1,0,0.0938712901363361,0.133564159367754,0.0396928692314176,0.0168110593610213,0.00674379834185094,0.0726419401209843,0,0.0396928692314176
1388,0.885448547967939,0,0,0.10098058165959,0.0782511498596136,-0.0227294317999763,0.0120306810687521,-0.0463091334042183,0.000850269804265644,-0.04,0.0172705682000237
1389,-0.223270205824566,0,0,0.0973081065109853,0.103118540362011,0.00581043385102584,0.00972331043393677,-0.0132469044099928,0.0248677721120444,0,0.00581043385102584
1390,-0.654921727554053,1,0,0.0959108350641984,0.114562587996584,0.0186517529323851,0.0115476273672169,-0.00398118081424907,0.0412846866790194,0,0.0186517529323851
1391,1.51141924362581,0,0,0.103107949099878,0.0667579081962145,-0.0363500409036639,0.0155664450598252,-0.0668597125882427,-0.00584036921908517,-0.04,0.00364995909633609
1392,0.292828064552606,0,0,0.099002551248683,0.0907732357678849,-0.00822931548079807,0.00976506885655468,-0.027368498746199,0.0109098677846028,0,-0.00822931548079807
1393,1.00362236536029,1,0,0.101379190427273,0.0759509592366907,-0.025428231190582,0.0126412624644797,-0.0502046503400804,-0.000651812041083735,-0.04,0.014571768809418
1394,-0.561179114390554,1,0,0.0962127504755704,0.111986857806671,0.0157741073311005,0.011014433719679,-0.00581378606957389,0.0373620007317748,0,0.0157741073311005
1395,0.0763426199575443,1,0,0.0982886151426801,0.0957809722391728,-0.00250764290350734,0.00946524727701135,-0.0210591866712154,0.0160439008642007,0,-0.00250764290350734
1396,-0.0258231066918891,1,1,0.0979532839087442,0.0982290302342969,0.000275746325552773,0.00946015410344527,-0.0182658150053988,0.0188173076565043,0,0.000275746325552773
1397,-0.601868344294217,0,0,0.0960815991223624,0.113098587091228,0.0170169879688653,0.0112371857905265,-0.00500749146815197,0.0390414674058825,0,0.0170169879688653
1398,0.740350290015557,1,1,0.100493058105655,0.0811625193753634,-0.0193305387302913,0.0113356627428706,-0.0415480294472103,0.00288695198662764,-0.04,0.0206694612697087
1399,0.981235726503594,1,0,0.101303571666354,0.0763818855027757,-0.0249216861635787,0.0125229299531392,-0.0494661778526493,-0.000377194474508093,-0.04,0.0150783138364213
1400,-0.745903959619111,1,0,0.0956186201196306,0.117111641270345,0.0214930211507145,0.0121305548505169,-0.00228242946878628,0.0452684717702152,0,0.0214930211507145
1401,0.917942898692029,0,0,0.101090048548677,0.0776123849504576,-0.0234776635982192,0.01219498573398,-0.0473793964287998,0.000424069232361275,-0.04,0.0165223364017808
1402,-1.03705519201117,0,0,0.0946888506926067,0.125601416391831,0.0309125656992246,0.0143839270454522,0.00272058673388672,0.0591045446645624,0,0.0309125656992246
1403,-0.0644014323379988,0,0,0.0978269265086862,0.0991678422947669,0.00134091578608071,0.00948284254296493,-0.0172451140691948,0.0199269456413562,0,0.00134091578608071
1404,0.454241366388808,1,0,0.099537868152555,0.0871940833465474,-0.0123437848060077,0.0102076018097864,-0.0323503167217148,0.00766274710969952,0,-0.0123437848060077
1405,0.583657812413417,1,0,0.0999689276001931,0.0844171409427081,-0.015551786657485,0.0106711436591473,-0.0364668439032666,0.00536327058829665,0,-0.015551786657485
1406,-0.529088860602279,1,0,0.0963162980267654,0.111116820523406,0.014800522496641,0.0108484088264228,-0.00646196809271418,0.0360630130859962,0,0.014800522496641
1407,-0.171386692975515,1,0,0.0974772727133022,0.101813234742412,0.00433596202911005,0.00961853878853923,-0.0145160275803284,0.0231879516385485,0,0.00433596202911005
1408,0.953672359642405,1,0,0.101210535428984,0.0769155401722365,-0.0242949952567479,0.0123788783777272,-0.0485571510460949,-3.28394674008609e-05,-0.04,0.0157050047432521
1409,0.42477702251222,0,0,0.0994399598286152,0.0878377561924194,-0.0116022036361958,0.0101147377007127,-0.0314267252426621,0.00822231797027053,0,-0.0116022036361958
1410,-0.0906132251481796,0,0,0.0977411567261783,0.0998102599919239,0.00206910326574566,0.00950613882780491,-0.0165625864687898,0.0207007930002811,0,0.00206910326574566
1411,-1.47249652260573,1,0,0.0933134081045085,0.139277714711484,0.0459643066069754,0.0186819868008755,0.0093482853176068,0.082580327896344,0,0.0459643066069754
1412,-0.955781905875508,0,0,0.0949475732312456,0.123179875898063,0.0282323026668172,0.0136995007009873,0.00138177468670084,0.0550828306469336,0,0.0282323026668172
1413,0.759906137452382,1,0,0.100558642753088,0.0807644528607517,-0.0197941898923363,0.0114253065337933,-0.0421873792109013,0.00259899942622878,-0.04,0.0202058101076637
1414,0.580213903057013,1,0,0.0999574351884709,0.0844899873085402,-0.0154674478799307,0.0106577233804032,-0.0363562018627113,0.00542130610285,0,-0.0154674478799307
1415,0.908649820042207,0,0,0.101058731299266,0.077794576536419,-0.0232641547628465,0.0121477030473717,-0.0470732152305825,0.000544905704889579,-0.04,0.0167358452371535
1416,0.144678355216903,1,0,0.0985134791463528,0.094174117479998,-0.00433936166635476,0.00951938877055976,-0.0229970208114869,0.0143182974787774,0,-0.00433936166635476
1417,-1.0245258178628,0,0,0.0947286950670769,0.125225463165743,0.0304967680986664,0.0142757870267833,0.00251673967520699,0.0584767965221259,0,0.0304967680986664
1418,-2.07224123919721,0,0,0.0914483265615205,0.160133666771495,0.0686853402099747,0.0260996136900657,0.0175310373670374,0.119839643052912,0,0.0686853402099747
1419,0.451243033969295,0,0,0.0995279009485501,0.087259388903706,-0.0122685120448442,0.0101979227970183,-0.03225607344412,0.00771904935443168,0,-0.0122685120448442
1420,1.50324196486936,0,0,0.10307990458276,0.0668974115378173,-0.0361824930449425,0.0155165545104822,-0.0665943810496401,-0.00577060504024478,-0.04,0.00381750695505754
1421,1.32198728920649,1,0,0.102460011001398,0.0700598568702897,-0.0324001541311081,0.0144303887964938,-0.0606831964551462,-0.00411711180707008,-0.04,0.00759984586889188
1422,0.0383742139933535,1,0,0.098163874905688,0.0966843229823747,-0.00147955192331331,0.00945249725745732,-0.0200061061118933,0.0170470022652667,0,-0.00147955192331331
1423,0.912773419999198,0,1,0.101072626579342,0.077713684732024,-0.0233589418473183,0.0121686551776046,-0.0472090677357102,0.000491184041073688,-0.04,0.0166410581526817
1424,-0.819229208638252,1,0,0.0953836951826805,0.119201663967068,0.0238179687843879,0.0126445138528456,-0.000964822969207291,0.048600760537983,0,0.0238179687843879
1425,-0.181073207056406,0,0,0.0974456699292126,0.102055814454727,0.00461014452551432,0.00963616150319841,-0.0142763849699659,0.0234966740209945,0,0.00461014452551432
1426,-1.80960869894736,0,0,0.0922608977667234,0.150705232389312,0.0584443346225887,0.0226531602166246,0.0140449564619889,0.102843712783188,0,0.0584443346225887
1427,-1.47344032732878,0,0,0.0933104464368163,0.139308669305878,0.0459982228690618,0.0186923620060241,0.00936186655126961,0.0826345791868539,0,0.0459982228690618
1428,-0.725643497016309,1,0,0.0956836232891456,0.116539779214161,0.0208561559250157,0.0119953762827596,-0.00265434957019915,0.0443666614202305,0,0.0208561559250157
1429,0.508444673471379,1,0,0.0997182066034998,0.0860211024870127,-0.0136971041164871,0.0103911698869802,-0.0340634228522056,0.00666921461923127,0,-0.0136971041164871
1430,0.771791566489689,1,0,0.100598521610991,0.0805233913893484,-0.0200751302216429,0.011480442441615,-0.0425763839337934,0.0024261234905077,-0.04,0.0199248697783571
1431,-1.28137542621815,0,0,0.0939148878379683,0.13312736804085,0.0392124802028819,0.016671971213534,0.00653601707306673,0.0718889433326971,0,0.0392124802028819
1432,0.601014191828727,1,0,0.100026864150193,0.0840508819087805,-0.0159759822414122,0.0107396134826874,-0.0370252378753603,0.005073273392536,0,-0.0159759822414122
1433,-1.88199919850827,0,1,0.0920362800751083,0.153257501436051,0.0612212213609429,0.0235730487512914,0.015018894802605,0.107423547919281,0,0.0612212213609429
1434,1.05048340938961,1,0,0.10153764225745,0.0750561350661597,-0.0264815071912904,0.0128926319125596,-0.0517506014058389,-0.00121241297674186,-0.04,0.0135184928087096
1435,-0.590865154446278,0,0,0.0961170493285857,0.112797006655728,0.0166799573271425,0.0111756168327077,-0.0052238491699842,0.0385837638242691,0,0.0166799573271425
1436,-0.777110447777766,1,0,0.0955185752488643,0.117997221386173,0.0224786461373088,0.0123446117117225,-0.00171634822079858,0.0466736404954163,0,0.0224786461373088
1437,1.0945694949068,1,0,0.101686911586032,0.0742231529858385,-0.0274637586001934,0.013133369073162,-0.0532046889792631,-0.00172282822112373,-0.04,0.0125362413998066
1438,0.216538429388623,1,0,0.0987504344304527,0.0925104867602204,-0.00623994767023228,0.00961758654578534,-0.0250900709181685,0.012610175577704,0,-0.00623994767023228
1439,-0.211772376536708,0,0,0.0973455725793493,0.102828002099536,0.00548242952018635,0.00969789098959328,-0.013525087545412,0.0244899465857847,0,0.00548242952018635
1440,0.583616613805369,0,1,0.0999687901124657,0.0844180120481245,-0.0155507780643413,0.0106709827884411,-0.0364655200093326,0.00536396388065006,0,-0.0155507780643413
1441,0.882829247928542,1,0,0.100971762352325,0.0783028483273989,-0.0226689140249258,0.012017563715945,-0.0462229060900934,0.000885078040241811,-0.04,0.0173310859750742
1442,0.433444972696745,1,0,0.0994687540318927,0.087647953167404,-0.0118208008644887,0.0101415321488282,-0.031697838624247,0.00805623689526963,0,-0.0118208008644887
1443,0.294496011146149,0,0,0.0990080697605568,0.090735583692541,-0.00827248606801582,0.00976876459700747,-0.0274189128516004,0.0108739407155688,0,-0.00827248606801582
1444,1.60500898481311,0,0,0.103429402481918,0.0651804098338952,-0.0382489926480223,0.0161422564861475,-0.0698872339900796,-0.00661075130596508,-0.04,0.00175100735197768
1445,-0.896860712484534,1,0,0.0951355363728635,0.121449500043803,0.0263139636709392,0.0132292136585922,0.000385181356313179,0.0522427459855652,0,0.0263139636709392
1446,-0.00559332405763824,1,0,0.0980196015967564,0.0977399056401981,-0.000279695956558315,0.00945371987731722,-0.0188086464360305,0.0182492545229139,0,-0.000279695956558315
1447,-0.672671853579542,1,1,0.0958537629502166,0.115056071570551,0.0192023086203344,0.0116564216852671,-0.00364385807140068,0.0420484753120695,0,0.0192023086203344
1448,-1.39073846449695,0,0,0.0935702858736859,0.136618059498723,0.043047773625037,0.0177997445731427,0.00816091532766513,0.0779346319224089,0,0.043047773625037
1449,2.26860152915041,1,0,0.105734168431419,0.0549544135805555,-0.0507797548508639,0.0204225816877037,-0.0908072794300904,-0.0107522302716375,-0.04,-0.0107797548508639
1450,0.0340697218190599,1,0,0.0981497419661489,0.096787214987492,-0.00136252697865694,0.00945185302802205,-0.019887818500746,0.0171627645434321,0,-0.00136252697865694
1451,-1.80109746677749,0,0,0.0922873392721387,0.150407460426549,0.0581201211544104,0.0225465294565758,0.0139297354431504,0.10231050686567,0,0.0581201211544104
1452,0.877654009953842,1,0,0.100954339091055,0.0784050865431987,-0.0225492525478559,0.0119917032756208,-0.0460525590813637,0.000954053985651824,-0.04,0.0174507474521441
1453,0.656490197214495,0,0,0.100212246300368,0.0828898731736452,-0.0173223731267226,0.0109674370056989,-0.0388181546606042,0.00417340840715911,0,-0.0173223731267226
1454,2.12893203098037,1,0,0.105245340968246,0.0569728240010667,-0.0482725169671796,0.0194974238500474,-0.0864867655045846,-0.0100582684297745,-0.04,-0.00827251696717957
1455,1.64628785277064,0,1,0.103571464863152,0.0644957124171132,-0.0390757524460384,0.0163988759064881,-0.0712169586096967,-0.00693454628238004,-0.04,0.000924247553961609
1456,0.250565251535705,1,0,0.0988628132637885,0.0917319762482046,-0.00713083701558392,0.00967806802508399,-0.0260995017846772,0.0118378277535094,0,-0.00713083701558392
1457,0.377816132751171,0,0,0.0992840885702927,0.0888725341316454,-0.0104115544386473,0.00997745498946876,-0.0299670068753755,0.0091438979980809,0,-0.0104115544386473
1458,0.945995978090428,0,0,0.101184638393211,0.0770647700555686,-0.0241198683376424,0.0123390939571357,-0.0483040480954841,6.43114201993172e-05,-0.04,0.0158801316623576
1459,0.997463643574194,0,0,0.101358382182403,0.0760692870933972,-0.0252890950890055,0.0126085919447978,-0.050001481196571,-0.00057670898143997,-0.04,0.0147109049109945
1460,0.0716229483661084,0,0,0.0982731015948673,0.0958928513906229,-0.00238025020424433,0.00946297689163976,-0.020927344098393,0.0161668436899044,0,-0.00238025020424433
1461,-0.48706905930778,1,0,0.0964520363811757,0.109986518521463,0.0135344821402868,0.0106441881886703,-0.00732774335417369,0.0343967076347472,0,0.0135344821402868
1462,-1.49129622700124,0,0,0.0932544303505958,0.13989538828407,0.046640957933474,0.0188894616826682,0.00961829334809506,0.083663622518853,0,0.046640957933474
1463,1.01456195798233,1,0,0.101416160967967,0.0757411927200372,-0.0256749682479297,0.0126995081247684,-0.0505655467938495,-0.000784389702009846,-0.04,0.0143250317520703
1464,1.58800300684165,1,0,0.103370926085062,0.0654644521043081,-0.0379064739807535,0.0160369924122438,-0.0693384015290934,-0.00647454643241355,-0.04,0.00209352601924653
1465,1.03656899821484,0,0,0.101490570370968,0.0753208185126358,-0.0261697518583319,0.0128174907552637,-0.0512915721108239,-0.00104793160583986,-0.04,0.0138302481416681
1466,-0.843429331180508,1,1,0.0953062744081406,0.119898497200882,0.0245922227927409,0.0128224104884974,-0.000539239959702592,0.0497236855451844,0,0.0245922227927409
1467,1.40387451013099,0,0,0.102739656486955,0.0686143590133379,-0.0341252974736168,0.0149161940214313,-0.0633605005420338,-0.00489009440519983,-0.04,0.00587470252638319
1468,0.135551849725894,0,0,0.0984834211857775,0.0943873132972058,-0.00409610788857172,0.00950989327538662,-0.0227351562051491,0.0145429404280057,0,-0.00409610788857172
1469,-0.163567390729192,1,1,0.0975027902845427,0.101617788730447,0.00411499844590414,0.00960496189599322,-0.0147103809431221,0.0229403778349304,0,0.00411499844590414
1470,-0.417577874825468,1,0,0.0966768916972577,0.108139366979169,0.0114624752819112,0.010340145551291,-0.00880383759352108,0.0317287881573436,0,0.0114624752819112
1471,0.610633159690159,0,0,0.100058985646349,0.0838485219399636,-0.0162104637063851,0.0107781503159308,-0.0373352501455686,0.00491432273279829,0,-0.0162104637063851
1472,-0.673370151271734,0,0,0.0958515183291945,0.115075523186314,0.0192240048571192,0.0116607514071523,-0.00363064793357399,0.0420786576478125,0,0.0192240048571192
1473,0.328435845510766,1,0,0.0991204214364742,0.089972477212178,-0.00914794422429625,0.00984815926707962,-0.0284499817017867,0.0101540932531942,0,-0.00914794422429625
1474,0.483925270828696,0,0,0.0996365927592506,0.0865499310446053,-0.0130866617146453,0.0103061463426449,-0.0332863373656284,0.00711301393633776,0,-0.0130866617146453
1475,-2.22915234194729,0,0,0.0909659284894639,0.165991259632743,0.0750253311432789,0.0283004657853798,0.0195574374582264,0.130493224828331,0,0.0750253311432789
1476,-0.835750132238665,0,0,0.0953308355282445,0.119676997338315,0.0243461618100707,0.0127655250459121,-0.000673807523661096,0.0493661311438024,0,0.0243461618100707
1477,-0.938621789397796,1,0,0.0950022809895841,0.122673748334101,0.0276714673445165,0.0135602382199495,0.00109388881163197,0.054249045877401,0,0.0276714673445165
1478,2.22608681441399,0,0,0.105585160162606,0.0555615710088963,-0.0500235891537098,0.0201397548259773,-0.0894967832700921,-0.0105503950373275,-0.04,-0.0100235891537098
1479,-0.407260330147346,1,0,0.0967103164579784,0.107867451046372,0.0111571345883938,0.0102986598978799,-0.00902786790047777,0.0313421370772654,0,0.0111571345883938
1480,-0.120026552605418,0,0,0.0976449907795876,0.100535546536318,0.0028905557567299,0.00953994327273326,-0.0158073894723824,0.0215885009858423,0,0.0028905557567299
1481,0.0428130538474642,1,0,0.0981784508482755,0.0965783219163834,-0.00160012893189208,0.00945333367119439,-0.0201283224612729,0.0169280645974887,0,-0.00160012893189208
1482,-0.462938933850891,1,0,0.0965300621696779,0.109342000260772,0.0128119380910943,0.0105337967864977,-0.00783392423090505,0.0334578004130936,0,0.0128119380910943
1483,-0.625864026725152,1,0,0.0960043300763935,0.11375871229675,0.0177543822203568,0.0113748322620796,-0.00453987934350353,0.0400486437842171,0,0.0177543822203568
1484,1.72153973098323,1,0,0.103830890429844,0.0632647058816425,-0.0405661845482014,0.0168705445457538,-0.0736318442574574,-0.0075005248389453,-0.04,-0.000566184548201377
1485,-1.59091916474796,1,0,0.0929424547294497,0.143206912487009,0.0502644577575597,0.0200170366397345,0.0110317868664614,0.089497128648658,0,0.0502644577575597
1486,0.712793604029307,0,0,0.100400705457779,0.0817264821042597,-0.0186742233535194,0.0112116897662072,-0.0406487315011218,0.00330028479408312,-0.04,0.0213257766464806
1487,-0.959672403227439,1,0,0.0949351739512939,0.123294873135196,0.0283596991839021,0.0137313327202611,0.00144678159245403,0.0552726167753502,0,0.0283596991839021
1488,-0.154590505008954,1,0,0.0975320928691785,0.101393818894021,0.00386172602484217,0.00959008935436815,-0.0149345037182404,0.0226579557679247,0,0.00386172602484217
1489,0.999149200176088,1,0,0.101364076733333,0.0760368855989825,-0.0253271911343508,0.0126175247191305,-0.0500570851578905,-0.000597297110811117,-0.04,0.0146728088656492
1490,-1.87323417231874,0,0,0.0920634505662759,0.1529465997882,0.0608831492219242,0.0234604393911649,0.0149015329537562,0.106864765490092,0,0.0608831492219242
1491,-1.95879905019039,1,0,0.0917985181206589,0.156003818131315,0.0642053000106558,0.0245741181169498,0.0160409135496009,0.112369686471711,0,0.0642053000106558
1492,-0.924434674722368,1,0,0.0950475318945058,0.122256659455373,0.0272091275608667,0.0134465195160596,0.000854433591975064,0.0535638215297584,0,0.0272091275608667
1493,1.02674151061927,1,0,0.10145733604531,0.0755082757987104,-0.0259490602465995,0.0127646722380204,-0.0509673581075778,-0.000930762385621162,-0.04,0.0140509397534005
1494,1.70954002385696,1,0,0.103789483813975,0.0634595240946395,-0.0403299597193354,0.0167950114403856,-0.0732475772624293,-0.00741234217624148,-0.04,-0.000329959719335381
1495,0.420374893398599,1,0,0.0994253391643513,0.0879342922389247,-0.0114910469254266,0.0101012999909244,-0.0312892311046732,0.00830713725382001,0,-0.0114910469254266
1496,0.613039901268377,1,0,0.100067024131722,0.0837979591522705,-0.0162690649794518,0.010787857379869,-0.0374128769143497,0.004874746955446,0,-0.0162690649794518
1497,1.56921451207442,1,1,0.103306354374362,0.0657796049947197,-0.0375267493796423,0.015921014834108,-0.0687313650518219,-0.00632213370746265,-0.04,0.00247325062035771
1498,1.53777702818075,0,0,0.103198390828449,0.0663100842301907,-0.0368883065982582,0.0157277297534159,-0.0677140904735323,-0.00606252272298407,-0.04,0.0031116934017418
1499,-0.405735616765755,1,0,0.0967152568008456,0.107827318674954,0.011112061874108,0.0102926104188801,-0.00906108385379878,0.0312852076020147,0,0.011112061874108
1500,-0.546153219849768,1,0,0.0962612230434699,0.11157873402701,0.0153175109835399,0.0109356223583221,-0.00611591498730246,0.0367509369543823,0,0.0153175109835399
1501,0.153003788342016,1,0,0.0985409059181116,0.0939800112150184,-0.00456089470309314,0.00952864705949023,-0.0232366997610875,0.0141149103549012,0,-0.00456089470309314
1502,-0.90729107876647,0,0,0.0951022384640067,0.121754281769747,0.02665204330574,0.013310832343266,0.000563291308687822,0.0527407953027922,0,0.02665204330574
1503,0.473698859365345,0,0,0.0996025712845581,0.0867713602912004,-0.0128312109933578,0.0102716447621758,-0.0329632647892119,0.00730084280249634,0,-0.0128312109933578
1504,0.00609071752454421,0,0,0.0980579226909673,0.097458394104123,-0.000599528586844228,0.00945169865781073,-0.0191245175488788,0.0179254603751904,0,-0.000599528586844228
1505,0.221628296087023,0,0,0.0987672372633594,0.0923936578246794,-0.00637357943868003,0.00962607673017881,-0.0252403431422496,0.0124931842648895,0,-0.00637357943868003
1506,1.46902971705384,1,0,0.10296264462115,0.0674840073644079,-0.035478637256742,0.0153085976493226,-0.0654829373032288,-0.00547433721025513,-0.04,0.00452136274325805
1507,-2.5066216137086,1,0,0.0901184966511123,0.176767502507687,0.0866490058565751,0.0324463907072546,0.0230552486420411,0.150242763071109,0,0.0866490058565751
1508,-2.01881287442393,1,1,0.0916131078930893,0.158177693855019,0.0665645859619302,0.0253742300593939,0.0168320089100845,0.116297163013776,0,0.0665645859619302
1509,-0.483115760069324,1,0,0.096464815682742,0.109880697880399,0.0134158821976574,0.0106257555569039,-0.00741021600240048,0.0342419803977154,0,0.0134158821976574
1510,0.354204913381311,1,0,0.0992058010354712,0.0893969505366652,-0.00980885049880605,0.00991364542170591,-0.02923923848085,0.00962153748323794,0,-0.00980885049880605
1511,0.230961167140954,0,0,0.0987980538534022,0.0921797824252532,-0.00661827142814904,0.00964215693780988,-0.0255165517595394,0.0122800089032413,0,-0.00661827142814904
1512,-0.627311303928059,1,0,0.0959996714423719,0.113798634327415,0.017798962885043,0.0113832811663372,-0.00451185822687099,0.0401097839969569,0,0.017798962885043
1513,-0.887341404083249,1,0,0.0951659349251467,0.121171914054105,0.0260059791289578,0.0131553467541437,0.000221973286700282,0.0517899849712153,0,0.0260059791289578
1514,-0.0153281047908711,1,0,0.0979876838450639,0.0979750057941516,-1.26780509123736e-05,0.00945635013946456,-0.0185467837494632,0.0185214276476385,0,-1.26780509123736e-05
1515,0.813190771954214,1,0,0.100737536930652,0.0796888465883949,-0.021048690342257,0.011676191517282,-0.0439336051927219,0.00183622450820784,-0.04,0.018951309657743
1516,2.13831899278394,1,0,0.105278131669677,0.0568350139758724,-0.0484431176938045,0.0195592388300371,-0.0867785213656945,-0.0101077140219145,-0.04,-0.00844311769380449
1517,-1.76485582772589,1,0,0.0924000059486513,0.149144936728649,0.0567449307799973,0.0220961002594319,0.0134373700727247,0.10005249148727,0,0.0567449307799973
1518,1.67558979887359,1,0,0.103672413041588,0.0640137478095978,-0.0396586652319906,0.0165819609951297,-0.0721587115754928,-0.0071586188884883,-0.04,0.000341334768009439
1519,-2.65472129202643,0,0,0.0896690954739286,0.182740627997981,0.0930715325240524,0.0347904890096987,0.0248834270605065,0.161259637987598,0,0.0930715325240524
1520,-1.07306766709581,0,0,0.0945744117896497,0.126687382097962,0.0321129703083121,0.0146999477151169,0.00330160221206112,0.0609243384045631,0,0.0321129703083121
1521,0.366590710702654,1,0,0.0992468616741065,0.089121509012716,-0.0101253526613905,0.0099466716816776,-0.029620470923523,0.00936976560074207,0,-0.0101253526613905
1522,-0.875401982715788,0,0,0.0952040740495184,0.120824530220598,0.0256204561710792,0.0130635467652603,1.63750008142817e-05,0.0512245373413441,0,0.0256204561710792
1523,1.27370727935753,1,0,0.102295450537545,0.0709252556000688,-0.0313701949374761,0.0141481920047373,-0.0591001417131188,-0.00364024816183343,-0.04,0.0086298050625239
1524,1.17879714707932,1,0,0.101972635763363,0.0726553217570931,-0.0293173140062694,0.0136037056243827,-0.0559800870863444,-0.00265454092619443,-0.04,0.0106826859937306
1525,0.546897768522712,1,0,0.0998463190371301,0.0851976488057793,-0.0146486702313508,0.0105308126395515,-0.035288683732811,0.0059913432701093,0,-0.0146486702313508
1526,0.134179187619743,0,0,0.0984789010578024,0.0944194161597252,-0.00405948489807723,0.00950852457655046,-0.0226958506142301,0.0145768808180756,0,-0.00405948489807723
1527,-0.05492240394854,0,0,0.0978579601417349,0.0989364307629319,0.00107847062119694,0.00947599292317324,-0.017494134225979,0.0196510754683729,0,0.00107847062119694
1528,0.111576194291749,1,0,0.0984044967682565,0.0949494472423667,-0.00345504952588981,0.00948824332848092,-0.0220516647262648,0.0151415656744852,0,-0.00345504952588981
1529,1.59528310129215,0,0,0.103395955682754,0.0653427157199189,-0.0380532399628353,0.0160820216073881,-0.0695734231119109,-0.00653305681375973,-0.04,0.00194676003716466
1530,-1.20245777163013,1,0,0.0941642628558262,0.130655577421649,0.0364913145658233,0.0158968423426483,0.00533407610632137,0.0676485530253252,0,0.0364913145658233
1531,-1.74135454013714,1,0,0.0924731319053581,0.148330919522489,0.0558577876171312,0.0218071572008774,0.0131165448982081,0.0985990303360543,0,0.0558577876171312
1532,0.989425806126028,1,0,0.101331230738995,0.0762239729690956,-0.0251072577698995,0.0125660854684051,-0.0497363327146256,-0.000478182825173378,-0.04,0.0148927422301005
1533,1.85825662953054,1,0,0.104303682595974,0.0610841256810802,-0.0432195569148934,0.0177391206450516,-0.0779875944966054,-0.00845151933318142,-0.04,-0.00321955691489342
1534,-0.722983273492898,0,0,0.0956921612190008,0.116464873324264,0.0207727121052636,0.0119778519774049,-0.00270344638260192,0.0442488705931292,0,0.0207727121052636
1535,0.564598071584868,0,0,0.0999053395028861,0.0848210133858641,-0.015084326117022,0.0105975734142948,-0.035855188332559,0.00568653609851496,0,-0.015084326117022
1536,1.25736929386042,0,0,0.102239816227665,0.0712203363325164,-0.0310194798951489,0.014053461105299,-0.0585637575196694,-0.00347520227062835,-0.04,0.00898052010485114
1537,0.21731084806662,1,0,0.0987529842001883,0.0924927487133773,-0.006260235486811,0.00961886222733698,-0.0251128590246442,0.0125923880510222,0,-0.006260235486811
1538,-1.03595511002282,0,0,0.0946923484370048,0.125568368942376,0.0308760205053717,0.0143743946381158,0.00270272471509913,0.0590493162956443,0,0.0308760205053717
1539,-0.126112011812962,1,0,0.0976251051000536,0.100686187697392,0.00306108259733827,0.00954795374099875,-0.0156525628610738,0.0217747280557503,0,0.00306108259733827
1540,0.870381167954626,1,0,0.100929858423151,0.0785489699125493,-0.0223808885106014,0.0119554901237151,-0.0458132185706074,0.00105144154940451,-0.04,0.0176191114893986
1541,1.46475900622776,0,0,0.10294801536684,0.0675575661623114,-0.0353904492045282,0.0152827282161399,-0.0653440460936764,-0.00543685231538003,-0.04,0.0046095507954718
1542,-0.472661390194027,1,0,0.0964986174139209,0.109601288643654,0.0131026712297334,0.0105776650378016,-0.00762917128488621,0.0338345137443531,0,0.0131026712297334
1543,-1.08440647568767,0,0,0.094538405455576,0.127030964734966,0.0324925592793903,0.0148010268569263,0.00348307970560478,0.0615020388531759,0,0.0324925592793903
1544,0.34276158306648,0,0,0.0991678782417517,0.0896521150772947,-0.00951576316445704,0.00988402141215732,-0.0288880891547081,0.00985656282579402,0,-0.00951576316445704
1545,1.92602354483154,1,0,0.104538737433295,0.0600294989528552,-0.0445092384804399,0.0181747593416939,-0.0801311122178428,-0.00888736474303699,-0.04,-0.00450923848043989
1546,-1.00514101793911,1,1,0.0947903698028722,0.124645707952261,0.0298553381493883,0.0141103448943859,0.00219957034695327,0.0575111059518234,0,0.0298553381493883
1547,0.0889995488264965,0,0,0.0983302292064073,0.095481517479117,-0.00284871172729033,0.00947228574491939,-0.0214140506386045,0.0157166271840238,0,-0.00284871172729033
1548,1.07886966803056,0,0,0.101633731867322,0.0745188130455651,-0.0271149188217573,0.0130471853597889,-0.0526869322265618,-0.00154290541695276,-0.04,0.0128850811782427
1549,0.0543205765091212,0,0,0.0982162474039189,0.0963040014001871,-0.00191224600373179,0.00945631234832285,-0.0204462776330059,0.0166217856255424,0,-0.00191224600373179
1550,0.176806999202995,1,0,0.0986193592090603,0.0934270197551087,-0.00519233945395155,0.00955821802407658,-0.0239261025375232,0.0135414236296201,0,-0.00519233945395155
1551,-0.45758027158804,0,0,0.0965473972805643,0.10919932012966,0.012651922849096,0.0105099722217799,-0.00794724418410901,0.0332510898823009,0,0.012651922849096
1552,-3.13042316014707,0,0,0.088239240545648,0.202982943959595,0.114743703413947,0.0429264878558075,0.0306093332337683,0.198878073594126,0,0.114743703413947
1553,-0.815117990387596,0,0,0.0953968533377847,0.119083631583786,0.0236867782460008,0.0126146932204549,-0.00103756614211234,0.048411122634114,0,0.0236867782460008
1554,0.415521018422144,0,0,0.0994092203464164,0.0880408459201927,-0.0113683744262237,0.0100866173260667,-0.031137781111152,0.00840103225870463,0,-0.0113683744262237
1555,-0.621251898618455,1,1,0.0960191773826406,0.113631571712194,0.0176123943295535,0.011348018609268,-0.00462931344050218,0.0398541020996091,0,0.0176123943295535
1556,-2.15654880881388,1,0,0.0911888511204803,0.163259857412402,0.0720710062919212,0.027269100450901,0.0186245515173504,0.125517461066492,0,0.0720710062919212
1557,-0.803576804054139,0,0,0.0954338001466677,0.118752826101792,0.0233190259551242,0.012531608042778,-0.00124247447709325,0.0478805263873416,0,0.0233190259551242
1558,1.22054184661584,0,0,0.102114509273562,0.0718896390955909,-0.0302248701779711,0.0138414228078307,-0.0573535603761104,-0.00309617997983175,-0.04,0.0097751298220289
1559,-1.32463194721228,1,0,0.0937784511422557,0.13449893340129,0.0407204822590342,0.0171107333716581,0.00718406110151684,0.0742569034165516,0,0.0407204822590342
1560,-1.53992057670015,0,0,0.0931020428804207,0.141503607259623,0.0484015643792024,0.0194339418555666,0.0103117382646463,0.0864913904937585,0,0.0484015643792024
1561,-0.640473428984308,0,0,0.0959573132115865,0.114162262225924,0.0182049490143374,0.0114608793304023,-0.00425796170441058,0.0406678597330853,0,0.0182049490143374
1562,1.25980591552658,1,0,0.102248111740376,0.0711762566417889,-0.0310718550985874,0.0140675637959607,-0.05864377348889,-0.00349993670828485,-0.04,0.00892814490141259
1563,-0.543608766146106,0,1,0.0962694334471901,0.111509752095335,0.0152403186481451,0.0109224629796497,-0.00616731541444045,0.0366479527107306,0,0.0152403186481451
1564,0.610927002945695,0,0,0.100059967048217,0.0838423471563788,-0.0162176198918377,0.0107793340846395,-0.0373447264750561,0.00490948669138063,0,-0.0162176198918377
1565,-0.706999002357373,1,0,0.0957434767367354,0.116015671997739,0.0202721952610039,0.0118736640319906,-0.00299975860622635,0.0435441491282341,0,0.0202721952610039
1566,0.628107333312196,1,1,0.100117362203683,0.0834820394173468,-0.0166353227863361,0.0108492098785984,-0.0378993834091052,0.00462873783643289,0,-0.0166353227863361
1567,-1.42794864501612,0,0,0.0934532957019811,0.13782319632666,0.0443699006246785,0.0181972031188149,0.00870403789244136,0.0800357633569156,0,0.0443699006246785
1568,0.380179838744157,1,0,0.0992919289179541,0.0888201882464525,-0.0104717406715016,0.00998403891487453,-0.030040097364902,0.00909661602189884,0,-0.0104717406715016
1569,-0.665718187109696,1,0,0.095876117508339,0.114862527905048,0.0189864103967091,0.0116135109924417,-0.0037756528825366,0.0417484736759548,0,0.0189864103967091
1570,0.184705867674633,0,0,0.0986454054752078,0.0932441607103695,-0.00540124476483828,0.00956903385783611,-0.0241562064930414,0.0133537169633649,0,-0.00540124476483828
1571,-0.940895832650352,0,0,0.0949950295451711,0.122740716941209,0.0277456873960379,0.0135785857408373,0.00113214838300761,0.0543592264090681,0,0.0277456873960379
1572,0.734177372490481,1,0,0.100472363819455,0.0812885423468055,-0.0191838214726499,0.0113076497525279,-0.0413464077373977,0.00297876479209798,-0.04,0.0208161785273501
1573,-1.03638747099303,0,0,0.0946909737182496,0.125581356565344,0.0308903828470941,0.014378140260085,0.00270974577266224,0.059071019921526,0,0.0308903828470941
1574,0.387686773359766,0,0,0.0993168328664235,0.0886541265248434,-0.0106627063415801,0.0100051819388558,-0.0302725026005081,0.00894708991734786,0,-0.0106627063415801
1575,0.162031222198967,0,0,0.0985706530012422,0.0937699431848675,-0.00480070981637466,0.00953932393466461,-0.0234974411651782,0.0138960215324289,0,-0.00480070981637466
1576,-2.13303307438653,0,0,0.0912611593805401,0.162382967376254,0.0711218079957142,0.0269398484107554,0.0183206753616649,0.123922940629763,0,0.0711218079957142
1577,-1.06263329254632,0,0,0.0946075569479057,0.126371907404022,0.0317643504561167,0.0146075951657349,0.0031339900305349,0.0603947108816984,0,0.0317643504561167
1578,0.0931982505174979,0,0,0.098344037368189,0.0953823640283596,-0.00296167333982947,0.00947492473361527,-0.0215321845739432,0.0156088378942842,0,-0.00296167333982947
1579,-1.23970450881258,0,0,0.094046491568005,0.131817292508446,0.037770800940441,0.0162585426068457,0.00590464298991351,0.0696369588909685,0,0.037770800940441
1580,1.26221236430485,1,0,0.102256305114449,0.0711327475199409,-0.0311235575945077,0.0140815006185834,-0.0587227916552098,-0.00352432353380571,-0.04,0.00887644240549227
1581,-1.85942112771889,1,0,0.0921062839168133,0.152457690613659,0.0603514066968453,0.0232836609281462,0.0147162698494363,0.105986543544254,0,0.0603514066968453
1582,0.280264197998831,0,0,0.0989609916612326,0.0910573035836007,-0.00790368807763189,0.00973786293996656,-0.0269895487263537,0.0111821725710899,0,-0.00790368807763189
1583,0.310336273025065,1,0,0.0990604919658132,0.0903787072926716,-0.00868178467314167,0.00980483173890645,-0.0278989017558735,0.0105353324095902,0,-0.00868178467314167
1584,0.605214941365825,1,0,0.100040890968511,0.0839624537329108,-0.0160784372356006,0.0107563918947762,-0.0371605779529605,0.00500370348175937,0,-0.0160784372356006
1585,0.13727700317243,1,0,0.0984891023174085,0.0943469804796616,-0.0041421218377469,0.00951163554318871,-0.0227845849364678,0.014500341260974,0,-0.0041421218377469
1586,-0.899204811333467,0,0,0.095128052161269,0.121517938727774,0.0263898865665049,0.0132474944932329,0.000425274474375837,0.052354498658634,0,0.0263898865665049
1587,1.28911845593678,1,0,0.102347953449196,0.0706479493517271,-0.0317000040974692,0.0142379094481499,-0.0596057938309856,-0.00379421436395285,-0.04,0.00829999590253078
1588,-1.14942571674131,1,0,0.0943321741145752,0.129016544500408,0.0346843703858325,0.0153949028139442,0.00451091532500757,0.0648578254466575,0,0.0346843703858325
1589,0.662095332399228,1,0,0.100230993749409,0.0827733830416346,-0.0174576107077743,0.0109911842814604,-0.0389999360468794,0.00408471463133086,0,-0.0174576107077743
1590,1.52124673899748,0,0,0.103141662078035,0.0665906097449197,-0.0365510523331153,0.0156264963207925,-0.0671784223264163,-0.00592368233981437,-0.04,0.00344894766688469
1591,0.784227739315673,1,0,0.100640263401342,0.0802718626693451,-0.0203684007319969,0.0115386489342659,-0.0429837370734096,0.00224693560941579,-0.04,0.0196315992680031
1592,-0.702123543674621,0,0,0.095759133687721,0.11587895827043,0.0201198245827089,0.0118422655816366,-0.00309058945265718,0.0433302386180749,0,0.0201198245827089
1593,0.746641566142178,0,0,0.100514153076725,0.0810342633552075,-0.0194798897215176,0.0113643539204591,-0.041753614113184,0.00279383467014893,-0.04,0.0205201102784824
1594,-1.65681944363314,0,0,0.0927365988633219,0.145433171540004,0.052696572676682,0.020788462311058,0.0119519352530401,0.0934412101003239,0,0.052696572676682
1595,-0.849445715152381,0,0,0.0952870355843744,0.120072281913941,0.0247852463295666,0.0128672588659045,-0.000434117627360012,0.0500046102864932,0,0.0247852463295666
1596,0.423799669093827,0,1,0.0994367136077705,0.0878591806909003,-0.0115775329168702,0.0101117443364695,-0.0313961876372272,0.00824112180348686,0,-0.0115775329168702
1597,1.45463182561066,1,0,0.102913332220054,0.0677322942662851,-0.0351810379537689,0.0152214651867083,-0.0650145615116474,-0.00534751439589033,-0.04,0.00481896204623115
1598,-0.452149602552379,0,0,0.0965649681678339,0.109054889434149,0.0124899212663151,0.0104860851030317,-0.00806242787444899,0.0330422704070793,0,0.0124899212663151
1599,0.13213789324062,1,1,0.0984721794890483,0.094467174613558,-0.00400500487549035,0.00950651802994468,-0.0226374378325626,0.0146274280815819,0,-0.00400500487549035
1600,0.370206444822279,0,0,0.0992588511863127,0.0890412450112056,-0.0102176061751071,0.00995649932033746,-0.0297319862550661,0.00929677390485184,0,-0.0102176061751071
1601,0.0951938642438476,1,0,0.0983506008971496,0.0953352693834417,-0.00301533151370791,0.00947623190303666,-0.0215884047528092,0.0155577417253934,0,-0.00301533151370791
1602,0.949228761709411,0,0,0.101195543793073,0.0770018919926382,-0.0241936518004352,0.0123558304660707,-0.0484106345130164,2.33309121460655e-05,-0.04,0.0158063481995648
1603,0.156719844215985,0,0,0.0985531500489083,0.0938934877117031,-0.0046596623372052,0.00953296200163284,-0.0233439245263944,0.014024599851984,0,-0.0046596623372052
1604,0.411810621392238,0,0,0.0993969003743059,0.0881223762919417,-0.0112745240823643,0.0100754889781853,-0.0310221196062377,0.00847307144150916,0,-0.0112745240823643
1605,0.650836470748328,0,0,0.100193339485204,0.0830075242159056,-0.0171858152692982,0.0109436156577231,-0.038634907819084,0.00426327728048769,0,-0.0171858152692982
1606,0.884191581126874,0,0,0.100976349307382,0.078275955359329,-0.022700393948053,0.0120243838191245,-0.0462677531698231,0.00086696527371714,-0.04,0.017299606051947
1607,-0.721843748154736,1,0,0.0956958187093243,0.116432799652172,0.0207369809428482,0.0119703613739367,-0.00272449623199709,0.0441984581176935,0,0.0207369809428482
1608,-1.85345616020075,0,0,0.0921247864275738,0.152246958691411,0.0601221722638372,0.0232075814342744,0.014636148484379,0.105608196043295,0,0.0601221722638372
1609,0.1106090884162,1,0,0.0984013143770432,0.0949721847932784,-0.00342912958376475,0.00948747111750604,-0.0220242312784406,0.0151659721109111,0,-0.00342912958376475
1610,-0.505878870988297,0,1,0.0963912531324692,0.110491237720853,0.0140999845883834,0.0107337383454292,-0.00693775598813432,0.0351377251649012,0,0.0140999845883834
1611,1.31761958682838,1,0,0.102445114221781,0.0701377426604136,-0.032307371561367,0.014404724870703,-0.0605401135151532,-0.0040746296075808,-0.04,0.00769262843863302
1612,1.27498784324092,0,0,0.102299812262916,0.0709021750912803,-0.0313976371716357,0.0141556337077062,-0.059142169417081,-0.00365310492619034,-0.04,0.00860236282836432
1613,-0.476121582306373,1,0,0.0964874285303772,0.10969369859197,0.0132062700615927,0.0105934767744802,-0.00755656288745,0.0339691030106353,0,0.0132062700615927
1614,-0.312473432710909,0,0,0.097017871624743,0.105397386951198,0.00837951532645492,0.00996291807993866,-0.0111474452911478,0.0279064759440576,0,0.00837951532645492
1615,-0.385870761311158,0,0,0.0967796430665046,0.107305649304977,0.010526006238472,0.0102157143857601,-0.00949642603396555,0.0305484385109095,0,0.010526006238472
1616,-0.769809165905086,1,0,0.0955419740331345,0.11778950664954,0.0222475326164052,0.0122939008695949,-0.00184807031750657,0.0463431355503169,0,0.0222475326164052
1617,-0.369791729752688,0,0,0.0968317866860991,0.1068850264293,0.0100532397432014,0.0101560985314416,-0.00985234760186427,0.029958827088267,0,0.0100532397432014
1618,0.590050956729745,1,0,0.0999902647968277,0.08428206282727,-0.0157082019695577,0.0106962029087868,-0.0366723744421125,0.0052559705029971,0,-0.0157082019695577
1619,-0.154569191300913,1,0,0.0975321624512863,0.101393287646729,0.00386112519544229,0.00959005495087735,-0.0149350371180373,0.0226572875089219,0,0.00386112519544229
1620,2.24489425750098,0,0,0.105651054825769,0.0552922049532384,-0.0503588498725302,0.0202647411867699,-0.0900770127546247,-0.0106406869904356,-0.04,-0.0103588498725302
1621,-0.224633040985619,1,0,0.097303666519133,0.10315302591844,0.00584935939930674,0.00972640641687481,-0.0132140468767672,0.0249127656753806,0,0.00584935939930674
1622,1.24171236947101,1,0,0.102186526235402,0.0715041796539063,-0.0306823465814955,0.0139630572721782,-0.0580494359490348,-0.00331525721395613,-0.04,0.00931765341850454
1623,0.077570016125938,1,0,0.0982926499480839,0.0957518961129479,-0.00254075383513605,0.00946586932231102,-0.0210935167892282,0.0160120091189561,0,-0.00254075383513605
1624,-1.34855623622156,0,0,0.0937030671640647,0.135262631858456,0.0415595646943911,0.0173575358641861,0.00753941954022394,0.0755797098485582,0,0.0415595646943911
1625,0.819148886568718,0,0,0.100757557853165,0.0795693923935001,-0.0211881654596652,0.011704821016791,-0.044129193098063,0.00175286217873254,-0.04,0.0188118345403348
1626,-0.293888449430183,1,0,0.0970782766167801,0.104918967673418,0.0078406910566378,0.00990683023799256,-0.01157633941078,0.0272577215240556,0,0.0078406910566378
1627,2.05138126968855,1,0,0.104974783897246,0.0581234139869192,-0.0468513699103269,0.018988805437217,-0.0840687446767105,-0.00963399514394321,-0.04,-0.00685136991032685
1628,-1.11396201004063,0,0,0.0944446096952078,0.127930284930929,0.0334856752357211,0.0150679948504527,0.00395294800959875,0.0630184024618435,0,0.0334856752357211
1629,0.0216152334831152,1,1,0.0981088603565033,0.0970854704592095,-0.00102338989729384,0.00945091830015261,-0.0195468493864235,0.0175000695918358,0,-0.00102338989729384
1630,0.853929579658088,0,1,0.100874501182328,0.0788753339008243,-0.021999167281504,0.0118741390069868,-0.0452720520826204,0.00127371751961236,-0.04,0.018000832718496
1631,-1.12868707619132,0,0,0.0943979101796678,0.128380365728868,0.0339824555492,0.0152028688566112,0.00418538012855639,0.0637795309698436,0,0.0339824555492
1632,-0.647015651627968,0,0,0.0959362653064984,0.114343379466371,0.0184071141598722,0.0114999567597557,-0.00413238691301687,0.0409466152327612,0,0.0184071141598722
1633,-0.164804003939743,0,0,0.0974987543148566,0.101648676115296,0.00414992180043912,0.00960707049262572,-0.0146795903620448,0.022979433962923,0,0.00414992180043912
1634,0.918957013908688,1,0,0.101093466591728,0.0775925268023837,-0.0235009397893439,0.0122001594359207,-0.047412812889395,0.000410933310707177,-0.04,0.0164990602106561
1635,-0.763528699014143,0,0,0.0955621054616988,0.117611086708411,0.0220489812467122,0.0122505860076405,-0.00196172611777341,0.0460596886111979,0,0.0220489812467122
1636,1.15838770452246,0,0,0.101903335861024,0.0730324021300091,-0.0288709337310144,0.0134885565103755,-0.0553080186947837,-0.0024338487672452,-0.04,0.0111290662689856
1637,-0.498323878413657,0,0,0.0964156627138449,0.110288273108563,0.0138726103947179,0.0106974044992024,-0.00709391715177553,0.0348391379412114,0,0.0138726103947179
1638,-0.525371757956118,1,1,0.0963282986575909,0.111016424814409,0.0146881261568185,0.0108297365938677,-0.00653776752921763,0.0359140198428547,0,0.0146881261568185
1639,-0.249506740702865,0,1,0.097222662038446,0.103784232047247,0.00656157000880071,0.00978600038181577,-0.0126186382922534,0.0257417783098548,0,0.00656157000880071
1640,-0.0144152384575118,1,0,0.0979906764968095,0.0979529381840359,-3.77383127735942e-05,0.009456066824643,-0.0185712887244779,0.0184958120989307,0,-3.77383127735942e-05
1641,-0.243971872921601,0,0,0.0972406818579667,0.103643482015105,0.00640280015713783,0.00977223351276374,-0.0127504255763944,0.0255560258906701,0,0.00640280015713783
1642,0.962579811062345,1,0,0.101240592973299,0.0767427101762464,-0.0244978827970524,0.0124252273209732,-0.0488508808458829,-0.000144884748221857,-0.04,0.0155021172029476
1643,0.46556667005624,1,0,0.0995755242942265,0.086947809819908,-0.0126277144743185,0.0102446204471034,-0.0327068015859238,0.00745137263728675,0,-0.0126277144743185
1644,0.0411822218143742,0,0,0.0981730954153945,0.0966172546953856,-0.00155584072000892,0.00945300609689249,-0.0200833922155557,0.0169717107755379,0,-0.00155584072000892
1645,-0.351933160853118,0,0,0.0968897306685164,0.106419553322961,0.00952982265444503,0.0100926575452023,-0.010251422642448,0.0293110679513381,0,0.00952982265444503
1646,0.349818601986998,1,0,0.0991912634289476,0.0894946794534262,-0.00969658397552141,0.00990218865088912,-0.0291045170993853,0.00971134914834253,0,-0.00969658397552141
1647,-0.506441113342745,0,0,0.0963894367927712,0.110506355412753,0.0141169186199813,0.0107364618749952,-0.00692615997639661,0.0351599972163592,0,0.0141169186199813
1648,0.0180389107640412,1,0,0.0980971239533286,0.0971712663763711,-0.000925857576957512,0.00945090612018135,-0.0194492931937821,0.0175975780398671,0,-0.000925857576957512
1649,-0.839400923617099,0,0,0.095319158145229,0.119782257140887,0.0244630989956583,0.0127925189219615,-0.000609777362933349,0.04953597535425,0,0.0244630989956583
1650,-1.20078715828282,1,0,0.0941695483007155,0.130603675874069,0.036434127573354,0.0158807947819996,0.00530834175476319,0.0675599133919447,0,0.036434127573354
1651,0.701711714269959,0,0,0.100363587208544,0.0819542839574438,-0.0184093032511001,0.0111626338618388,-0.0402876635929114,0.00346905709071124,-0.04,0.0215906967488999
1652,0.529933574017403,1,1,0.0997897821703896,0.0855600436529526,-0.014229738517437,0.0104682803166291,-0.0347471909180997,0.0062877138832256,0,-0.014229738517437
1653,0.483501581481112,1,1,0.0996351830140145,0.0865590948897206,-0.0130760881242939,0.0103047055556046,-0.0332729398845687,0.00712076363598082,0,-0.0130760881242939
1654,1.41578006181329,0,0,0.102780370265608,0.0684065129595788,-0.0343738573060291,0.0149875256181529,-0.0637488677349803,-0.00499884687707796,-0.04,0.00562614269397089
1655,-0.795328335552547,0,1,0.0954602138178106,0.118516887381854,0.0230566735640437,0.0124727984025058,-0.00138956209129635,0.0475029092193837,0,0.0230566735640437
1656,0.354848175421632,1,0,0.0992079331662767,0.0893826264746356,-0.00982530669164117,0.00991533615345072,-0.0292590084470125,0.00960839506373016,0,-0.00982530669164117
1657,0.861498968762567,1,1,0.100899967744919,0.0787250198455574,-0.0221749478993614,0.011911470471273,-0.0455210010259688,0.00117110522724605,-0.04,0.0178250521006386
1658,-2.00014587499047,1,0,0.0916707427084787,0.157498897248789,0.0658281545403102,0.0251236902657321,0.0165866264607357,0.115069682619885,0,0.0658281545403102
1659,-0.819728387335021,1,0,0.0953820976473817,0.119216002188195,0.0238339045408133,0.0126481426118777,-0.00095599944979333,0.04862380853142,0,0.0238339045408133
1660,-1.33936029354545,1,0,0.0937320365891169,0.134968651968976,0.0412366153798591,0.0172623254314994,0.00740307924471045,0.0750701515150077,0,0.0412366153798591
1661,-0.732309559119363,1,0,0.0956622316990281,0.116727664195782,0.0210654324967543,0.0120395191272019,-0.00253159138374254,0.0446624563772511,0,0.0210654324967543
1662,1.65767073416376,1,0,0.103610669714229,0.0643080843656027,-0.0393025853486266,0.0164699094597302,-0.0715830147183333,-0.00702215597892,-0.04,0.000697414651373358
1663,2.34107743238589,1,0,0.105988614071621,0.0539337622823185,-0.0520548517893028,0.0209071141837056,-0.0930320426100324,-0.0110776609685732,-0.04,-0.0120548517893028
1664,-1.03109558025575,0,0,0.0947078008451636,0.12542247340227,0.0307146725571066,0.0143323726343303,0.00262373838081177,0.0588056067334015,0,0.0307146725571066
1665,-0.703896734252806,0,0,0.0957534390339149,0.115928664461969,0.0201752254280538,0.0118536644335335,-0.00305752994649514,0.0434079808026028,0,0.0201752254280538
1666,1.58526714236357,1,0,0.10336152133096,0.0655102552211373,-0.0378512661098228,0.0160200834131132,-0.0692500526288522,-0.00645247959079331,-0.04,0.00214873389017723
1667,0.227790977247888,1,0,0.0987875851132672,0.0922523816949527,-0.00653520341831447,0.00963662072572468,-0.0254226329734071,0.0123522261367781,0,-0.00653520341831447
1668,0.719538050335781,1,0,0.100423301621032,0.0815881242368158,-0.018835177384216,0.0112417723891073,-0.040868646389263,0.00319829162083099,-0.04,0.021164822615784
1669,0.217622502679406,1,0,0.0987540129949895,0.0924855926512129,-0.00626842034377659,0.00961937823200961,-0.025122055232184,0.0125852145446308,0,-0.00626842034377659
1670,2.97839696315501,1,0,0.108249413673192,0.0456989810450241,-0.0625504326281679,0.0252925902676201,-0.112122998628432,-0.0129778666279043,-0.04,-0.0225504326281679
1671,0.107505824557301,1,1,0.0983911032914336,0.095045178300738,-0.00334592499069561,0.00948504655985071,-0.0219362746396885,0.0152444246582973,0,-0.00334592499069561
1672,0.220009204733773,1,1,0.0987618919904254,0.0924308068383453,-0.00633108515208011,0.00962335451929345,-0.025192513420356,0.0125303431161958,0,-0.00633108515208011
1673,0.81275227855966,0,1,0.100736063610435,0.0796976444073878,-0.0210384192030473,0.011674088943428,-0.0439192130844834,0.00184237467838872,-0.04,0.0189615807969527
1674,-0.729446796361355,1,1,0.095671417865273,0.116646944174706,0.0209755263094329,0.0120205216238076,-0.00258426314861487,0.0445353157674807,0,0.0209755263094329
1675,0.748039893789391,1,0,0.100518842275187,0.0810057817020627,-0.0195130605731243,0.011370750145057,-0.0417993213346396,0.00277320018839107,-0.04,0.0204869394268757
1676,0.752308616513727,0,0,0.100533158354051,0.0809188912424507,-0.0196142671116004,0.0113903190081167,-0.0419388821399312,0.00271034791673044,-0.04,0.0203857328883996
1677,-0.821846495748726,1,0,0.0953753192730776,0.11927685852691,0.0239015392538322,0.0126635592990094,-0.000918580888313481,0.0487216593959778,0,0.0239015392538322
1678,-0.851495527539318,1,0,0.0952804816136164,0.12013154090365,0.0248510592900334,0.0128825950363317,-0.000398363008591213,0.050100481588658,0,0.0248510592900334
1679,0.995715439305313,0,0,0.101352476279976,0.0761029062505456,-0.02524957002943,0.0125993341152272,-0.0499438111244621,-0.000555328934397858,-0.04,0.01475042997057
1680,0.455272648542964,0,0,0.0995412965965779,0.087171631594822,-0.0123696650017559,0.0102109427435973,-0.0323827450274072,0.00764341502389544,0,-0.0123696650017559
1681,0.24192596569544,1,0,0.0988342699089872,0.0919290775586167,-0.00690519235037057,0.00966188868041475,-0.0258421461866187,0.0120317614858776,0,-0.00690519235037057
1682,1.4941577218518,0,0,0.10304875748801,0.0670527048523215,-0.0359960526356881,0.0154612134526134,-0.0662994741600965,-0.00569263111127965,-0.04,0.00400394736431193
1683,0.543434745808541,1,0,0.0998347754480616,0.0852715138104926,-0.0145632616375691,0.0105179307451091,-0.0351780270898694,0.00605150381473125,0,-0.0145632616375691
1684,0.75133939513327,1,0,0.100529907702989,0.0809386124203289,-0.01959129528266,0.0113858702069297,-0.0419071908208899,0.00272460025556992,-0.04,0.02040870471734
1685,0.263541808152006,0,0,0.0989057003272063,0.0914366359863325,-0.00746906434087377,0.00970340518926996,-0.026487389039242,0.0115492603574944,0,-0.00746906434087377
1686,-0.385489575473301,1,0,0.096780878945882,0.107295660760906,0.0105147818150244,0.0102142738141095,-0.0095048269888607,0.0305343906189096,0,0.0105147818150244
1687,0.943500573215122,0,0,0.101176221163529,0.0771133381834981,-0.0240628829800311,0.0123261930166553,-0.0482217773591647,9.60113991024351e-05,-0.04,0.0159371170199689
1688,1.37508606702437,1,0,0.102641266781917,0.0691193647207224,-0.0335219020611948,0.0147444253640727,-0.0624204447475161,-0.00462335937487351,-0.04,0.0064780979388052
1689,2.38175819572501,1,1,0.106131670922753,0.0533687288284193,-0.0527629420943336,0.0211803843476589,-0.094275732594461,-0.0112501515942063,-0.04,-0.0127629420943336
1690,0.381635490401578,0,0,0.0992967575484879,0.0887879656916173,-0.0105087918568706,0.00998811105450631,-0.0300851297972893,0.00906754608354817,0,-0.0105087918568706
1691,1.1005479689047,1,0,0.101707168841578,0.0741108499519782,-0.0275963188895999,0.0131663158160983,-0.0534018236982327,-0.00179081408096707,-0.04,0.0124036811104001
1692,-0.69846947770709,1,0,0.095770869783239,0.115776585660738,0.0200057158774988,0.011818850321957,-0.00315880509220654,0.0431702368472042,0,0.0200057158774988
1693,1.15080550919045,1,0,0.101877601288968,0.073172947837602,-0.0287046534513658,0.0134459645844776,-0.055058259774343,-0.00235104712838852,-0.04,0.0112953465486342
1694,-0.275087386464849,1,0,0.097139418062953,0.104436937683705,0.00729751962075212,0.00985338186612761,-0.0120147539627781,0.0266097932042823,0,0.00729751962075212
1695,1.22235559163758,0,1,0.102120677430082,0.071856540638368,-0.030264136791714,0.0138518158570397,-0.0574131969919927,-0.00311507659143533,-0.04,0.00973586320828598
1696,-1.21749704397021,1,0,0.0941166939469964,0.131123597318078,0.0370069033710819,0.0160419879009628,0.00556518484476744,0.0684486218973963,0,0.0370069033710819
1697,-0.0388630871920705,1,0,0.0979105571801729,0.0985454716495765,0.000634914469403614,0.0094662869634231,-0.0179186670462267,0.0191884959850339,0,0.000634914469403614
1698,0.158008385689371,0,0,0.0985573960146793,0.0938635023840571,-0.00469389363062225,0.00953448440536488,-0.0233811396762962,0.0139933524150517,0,-0.00469389363062225
1699,-1.15094205894572,0,0,0.0943273693156565,0.129063165030871,0.0347357957152143,0.0154090384318371,0.00453463535242005,0.0649369560780085,0,0.0347357957152143
1700,-1.65793135069983,0,0,0.0927331290598983,0.145470979450727,0.0527378503908291,0.0208016500700823,0.0119673654344626,0.0935083353471955,0,0.0527378503908291
1701,0.867953001954553,1,1,0.100921686295853,0.0785970616596187,-0.0223246246362346,0.0119434335592315,-0.0457333242640753,0.00108407499160619,-0.04,0.0176753753637654
1702,0.394650434341268,0,0,0.0993399394954669,0.0885003332541735,-0.0108396062412934,0.0100251093496007,-0.0304884595075865,0.00880924702499973,0,-0.0108396062412934
1703,0.0528097502641089,0,0,0.0982112843430114,0.0963399772878269,-0.00187130705518444,0.00945585478202924,-0.0204044418710026,0.0166618277606337,0,-0.00187130705518444
1704,-0.688319733767859,1,1,0.0958034753849537,0.11549264190215,0.0196891665171959,0.0117543403496199,-0.00334891723008498,0.0427272502644769,0,0.0196891665171959
1705,-1.48858536591612,1,0,0.0932629327021786,0.139806180284947,0.046543247582768,0.0188594392954155,0.00957942579513418,0.0835070693704018,0,0.046543247582768
1706,0.269795124192873,0,0,0.0989263732300763,0.0912946190479316,-0.00763175418214473,0.00971605418960231,-0.0266748704656048,0.0114113621013153,0,-0.00763175418214473
1707,1.56183663436486,1,0,0.103281008075283,0.0659037446497997,-0.0373772634254833,0.0158755661554264,-0.068492801324302,-0.00626172552666464,-0.04,0.00262273657451671
1708,1.40653468848603,0,0,0.102748752340945,0.0685678671650434,-0.0341808851759019,0.0149321175569714,-0.063447297800484,-0.00491447255131981,-0.04,0.00581911482409812
1709,0.562572474248199,0,0,0.0998985837140337,0.0848640383357685,-0.0150345453782652,0.0105898563351703,-0.0357902823966524,0.00572119164012192,0,-0.0150345453782652
1710,1.77593370895114,1,0,0.104018767420966,0.0623885813126824,-0.0416301861082833,0.0172143901786795,-0.0753697708743152,-0.00789060134225145,-0.04,-0.0016301861082833
1711,-1.82248459836223,0,0,0.0922209096595672,0.151156627043099,0.0589357173835313,0.0228150841726107,0.0142189741009645,0.103652460666098,0,0.0589357173835313
1712,0.767253413063142,1,0,0.100583293210399,0.0806153571000987,-0.0199679361103005,0.0114593327762333,-0.0424278156385771,0.00249194341797602,-0.04,0.0200320638896995
1713,0.163458852092763,1,0,0.09857535804114,0.0937367608691805,-0.00483859717195956,0.00954107285769075,-0.0235387563469061,0.013861562002987,0,-0.00483859717195956
1714,0.534924836949217,0,0,0.0998064136832943,0.0854532737803337,-0.0143531399029606,0.0104865289398908,-0.0349063589479835,0.00620007914206238,0,-0.0143531399029606
1715,1.7971428095388,1,0,0.104092105118007,0.06205004474477,-0.0420420603732375,0.0173490904680736,-0.0760456528551888,-0.00803846789128614,-0.04,-0.00204206037323745
1716,0.506763117414019,1,0,0.0997126075766068,0.0860572761986357,-0.0136553313779711,0.0103852369186765,-0.0340100217094929,0.00669935895355058,0,-0.0136553313779711
1717,0.913641337203481,1,0,0.101075551412861,0.0776966687952403,-0.0233788826176202,0.0121730709014707,-0.0472376631657553,0.00047989793051486,-0.04,0.0166211173823798
1718,0.417100924144886,0,0,0.0994144666648859,0.0880061505693202,-0.0114083160955657,0.0100913809554274,-0.0311870593224769,0.00837042713134548,0,-0.0114083160955657
1719,1.11181511537776,1,0,0.101745355780382,0.0738996263221625,-0.0278457294582196,0.0132285964393513,-0.053773302045363,-0.00191815687107628,-0.04,0.0121542705417804
1720,-0.287519925326135,1,0,0.0970989833414783,0.104755469062008,0.0076564857205297,0.00988835406792035,-0.0117243321189743,0.0270373035600337,0,0.0076564857205297
1721,0.921581746830997,0,0,0.101102313646778,0.0775411515522078,-0.0235611620945699,0.0122135626524399,-0.0474993050162757,0.000376980827135866,-0.04,0.0164388379054301
1722,0.591325307511444,1,0,0.0999945184418663,0.0842551610624745,-0.0157393573793918,0.0107012205932513,-0.0367133643327826,0.00523464957399903,0,-0.0157393573793918
1723,0.810118814583449,0,0,0.100727215679627,0.079750500219229,-0.0209767154603984,0.0116614743756855,-0.0438327852433787,0.00187935432258185,-0.04,0.0190232845396016
1724,1.76597217929284,1,0,0.10398433780108,0.0625481801882453,-0.0414361576128344,0.0171512440163774,-0.0750519781749921,-0.00782033705067661,-0.04,-0.00143615761283437
1725,0.757938421312492,0,0,0.10055204188335,0.0808044257339954,-0.0197476161493544,0.0114162255726777,-0.0421230071111878,0.00262777481247904,-0.04,0.0202523838506456
1726,1.75599823663863,1,0,0.103949875371376,0.062708359622411,-0.0412415157489651,0.0170880970941129,-0.07473357061775,-0.00774946088018022,-0.04,-0.00124151574896512
1727,0.992564302990878,0,0,0.10134183166834,0.0761635391836043,-0.0251782924847354,0.0125826648345478,-0.0498398623899877,-0.000516722579483087,-0.04,0.0148217075152646
1728,1.31285552978105,0,0,0.10242886779601,0.070222787606889,-0.0322060801891209,0.0143767619748671,-0.0603840158741653,-0.00402814450407656,-0.04,0.00779391981087908
1729,-0.491406492422036,0,0,0.0964380170812241,0.110102724280458,0.0136647071992343,0.0106645674765918,-0.00723746096558285,0.0345668753640515,0,0.0136647071992343
1730,0.378720220662743,0,0,0.0992870873399336,0.0888525091996906,-0.010434578140243,0.00997996909178128,-0.0299949581269572,0.00912580184647122,0,-0.010434578140243
1731,-0.688506228204808,0,0,0.0958028761903632,0.115497853705385,0.0196949775150218,0.0117555186290814,-0.00334541561756732,0.042735370647611,0,0.0196949775150218
1732,-0.13679062439107,0,0,0.0975902189330794,0.100951013580577,0.00336079464749763,0.00956285502526199,-0.0153820567913937,0.022103646086389,0,0.00336079464749763
1733,-0.650207016333828,1,0,0.0959259994156634,0.114431821129414,0.0185058217137507,0.011519140753323,-0.00407127929560997,0.0410829227231114,0,0.0185058217137507
1734,-0.416760379689155,1,0,0.0966795396815642,0.108117800175749,0.0114382604941852,0.0103368236227691,-0.00882154152098513,0.0316980625093555,0,0.0114382604941852
1735,0.723330437742424,0,0,0.100436009378495,0.0815104196848733,-0.0189255896936217,0.011258762371895,-0.0409923584530307,0.00314117906578726,-0.04,0.0210744103063783
1736,-0.602022735914937,0,0,0.0960811017847662,0.113102823727629,0.0170217219428628,0.0112380566614301,-0.00500446436976061,0.0390479082554862,0,0.0170217219428628
1737,0.337050793346201,1,0,0.099148957711605,0.0897797002938674,-0.00936925741773752,0.00986956110431986,-0.0287132417254218,0.00997472688994678,0,-0.00936925741773752
1738,0.134756965869324,0,0,0.0984808036387084,0.0944059022938183,-0.00407490134489011,0.0095090987864318,-0.02271239249173,0.0145625898019497,0,-0.00407490134489011
1739,2.10550152310685,0,0,0.10516353242121,0.057318178425064,-0.0478453539961461,0.0193433631920643,-0.0857576491924699,-0.00993305879982226,-0.04,-0.00784535399614607
1740,0.919279273084153,0,0,0.101094552777495,0.0775862173790016,-0.0235083353984933,0.0122018040732524,-0.0474234319284821,0.000406761131495535,-0.04,0.0164916646015067
1741,1.31489230772982,1,0,0.10243581335327,0.0701864166695056,-0.0322493966837639,0.0143887131179745,-0.0604507561788729,-0.00404803718865491,-0.04,0.00775060331623608
1742,0.0980386981436153,0,0,0.09835995816701,0.0952681698895703,-0.00309178827743971,0.00947815410174265,-0.0216686289567759,0.0154850524018965,0,-0.00309178827743971
1743,-0.888334635650558,0,0,0.0951627627758626,0.121200851417389,0.0260380886415268,0.0131630260381673,0.00023903167915592,0.0518371456038977,0,0.0260380886415268
1744,0.0275823248754652,0,0,0.0981284453210274,0.0969424705462414,-0.00118597477478601,0.00945119343833543,-0.0197099735248447,0.0173380239752727,0,-0.00118597477478601
1745,-1.66433340206163,1,0,0.0927131531651468,0.145688825560042,0.0529756723948953,0.0208776917693262,0.0120561484466876,0.093895196343103,0,0.0529756723948953
1746,-1.00242507150281,0,0,0.0947990137366377,0.124564664278656,0.0297656505420179,0.0140873477252579,0.00215495636282013,0.0573763447212156,0,0.0297656505420179
1747,0.984381438133541,0,1,0.101314194392928,0.0763211977227815,-0.0249929966701469,0.0125394866987519,-0.0495699389843198,-0.000416054355974041,-0.04,0.0150070033298531
1748,-0.772628549281621,1,0,0.0955329380062829,0.117869677930795,0.0223367399245118,0.0123134375920425,-0.0017971542817731,0.0464706341307968,0,0.0223367399245118
1749,0.577338014702554,0,0,0.099947839176919,0.0845508624775662,-0.0153969766993529,0.0106465591556014,-0.0362638492036069,0.00546989580490113,0,-0.0153969766993529
1750,-0.76270633570308,0,0,0.0955647417485483,0.117587741781661,0.022023000033113,0.0122449353885685,-0.00197663232150116,0.0460226323877272,0,0.022023000033113
1751,0.585627932475134,0,0,0.0999755024682835,0.0843754941503436,-0.0156000083179399,0.0106788457325398,-0.0365301613501772,0.00533014471429746,0,-0.0156000083179399
1752,1.97511024196542,1,0,0.10470929055173,0.0592762547109039,-0.0454330358408261,0.0184922860268244,-0.0816772504452152,-0.00918882123643708,-0.04,-0.00543303584082613
1753,0.295918186657981,1,0,0.0990127753387731,0.090703490736434,-0.00830928460233912,0.00977193121866942,-0.0274619178503338,0.0108433486456555,0,-0.00830928460233912
1754,0.950523857461945,1,0,0.101199912932696,0.0769767154062451,-0.0242231975264506,0.0123625427156722,-0.0484533360065061,6.94095360486216e-06,-0.04,0.0157768024735494
1755,-0.848544064428733,0,0,0.095289918606416,0.120046223664128,0.024756305057712,0.0128605219652705,-0.000449854816604332,0.0499624649320284,0,0.024756305057712
1756,-0.680730918248609,0,0,0.0958278606017764,0.11528073704355,0.0194528764417739,0.0117066185904593,-0.00349167437627349,0.0423974272598212,0,0.0194528764417739
1757,0.103957491881948,0,0,0.0983794288929213,0.0951287020301393,-0.00325072686278197,0.00948237410699247,-0.0218358386004224,0.0153343848748584,0,-0.00325072686278197
1758,-0.493518024776848,1,0,0.0964311929187951,0.110159334043521,0.0137281411247258,0.0106745472483392,-0.00719358703329024,0.0346498692827418,0,0.0137281411247258
1759,-0.0774046482170471,1,0,0.0977843692226738,0.099486073365568,0.00170170414289424,0.00949359798770312,-0.0169054059967058,0.0203088142824943,0,0.00170170414289424
1760,-0.711670318566713,1,0,0.0957284775120272,0.116146792750788,0.0204183152387605,0.0119039150978688,-0.00291292962808495,0.043749560105606,0,0.0204183152387605
1761,1.48652789215498,0,0,0.103022603569099,0.0671833937143922,-0.0358392098547072,0.0154148008901761,-0.0660516644283083,-0.0056267552811061,-0.04,0.00416079014529278
1762,-0.27737137748731,1,0,0.0971319886434718,0.104495391096847,0.00736340245337512,0.00985969775380498,-0.0119612500425331,0.0266880549492834,0,0.00736340245337512
1763,1.45818235943669,0,0,0.102925490762825,0.0676709878984279,-0.035254502864397,0.0152429305639319,-0.0651300977885484,-0.00537890794024555,-0.04,0.00474549713560304
1764,0.597028331164754,0,0,0.100013556488498,0.0841348647482229,-0.0158786917402752,0.0107237673232972,-0.0368968894725253,0.00513950599197487,0,-0.0158786917402752
1765,-0.0542564768248577,0,0,0.0978601406674737,0.098920191568286,0.00106005090081235,0.00947554305052907,-0.0175116722121834,0.0196317740138081,0,0.00106005090081235
1766,0.116576948847548,0,0,0.0984209538827198,0.0948319526143927,-0.00358900126832713,0.009492362002278,-0.0221936889210085,0.0150156863843543,0,-0.00358900126832713
1767,-1.10628881943124,0,0,0.0944689528818488,0.127696283137408,0.0332273302555597,0.0149982021537154,0.00383139420142639,0.062623266309693,0,0.0332273302555597
1768,-0.865285507439784,1,0,0.0952364006828971,0.120530858604076,0.0252944579211789,0.0129865054881334,-0.000158625120594242,0.0507475409629521,0,0.0252944579211789
1769,0.735282211913463,1,0,0.100476067440326,0.0812659734404749,-0.0192100939998512,0.0113126534277236,-0.0413824872877731,0.00296229928807066,-0.04,0.0207899060001488
1770,0.310748679778028,1,0,0.0990618571261547,0.0903694327973792,-0.00869242432877558,0.00980579401522466,-0.0279114274384343,0.0105265787808832,0,-0.00869242432877558
1771,-0.0691259782785387,0,0,0.097811461973928,0.0992833624208134,0.00147190044688537,0.00948656826546803,-0.0171214316903126,0.0200652325840833,0,0.00147190044688537
1772,-1.32757035253391,0,0,0.0937691894779765,0.134592535068996,0.0408233455910195,0.0171408884383219,0.00722782158888953,0.0744188695931495,0,0.0408233455910195
1773,0.347365559797875,0,0,0.0991831341072313,0.0895493762892935,-0.00963375781793786,0.00989583645595344,-0.0290292408685051,0.00976172523262937,0,-0.00963375781793786
1774,2.10156977820171,1,0,0.105149810077721,0.0573763227699385,-0.0477734873077822,0.0193175440240037,-0.0856351778645963,-0.00991179675096808,-0.04,-0.00777348730778218
1775,-0.237238006243555,1,0,0.0972626092658575,0.103472469446804,0.00620986018094659,0.00975587480522793,-0.0129113030749819,0.025331023436875,0,0.00620986018094659
1776,0.718936920265343,1,0,0.100421287449764,0.0816004473551586,-0.0188208400946052,0.0112390842254462,-0.0408490403956921,0.00320736020648165,-0.04,0.0211791599053948
1777,-0.633275800999108,1,0,0.0959804744819737,0.113963289280837,0.0179828147988634,0.0114182757653156,-0.00439659446670163,0.0403622240644284,0,0.0179828147988634
1778,1.10392361260074,1,0,0.101718608337177,0.0740475090223831,-0.0276710993147943,0.0131849494105281,-0.053513125297412,-0.00182907333217653,-0.04,0.0123289006852057
1779,-0.979440182378284,0,0,0.0948721950824706,0.12388060498777,0.0290084099052992,0.0138945369942912,0.00177561781462896,0.0562412019959694,0,0.0290084099052992
1780,0.991481682622794,0,0,0.101338174780533,0.0761843807697645,-0.0251537940107687,0.0125769431984709,-0.0498041497153776,-0.000503438306159829,-0.04,0.0148462059892313
1781,-1.10595618289789,1,0,0.0944700082978757,0.127686147313518,0.0332161390156426,0.0149951842286977,0.00382611798585209,0.0626061600454331,0,0.0332161390156426
1782,0.344407309074247,0,0,0.0991733313254386,0.0896153781294871,-0.00955795319595153,0.0098882287126781,-0.0289385253436955,0.00982261895179241,0,-0.00955795319595153
1783,-0.404468233294967,1,0,0.0967193635204873,0.107793969541157,0.0110746060206694,0.0102875978745688,-0.00908871530091633,0.0312379273422551,0,0.0110746060206694
1784,-1.30741601610065,1,0,0.0938327311283082,0.133951631366138,0.0401189002378296,0.0169349480747651,0.00692701193123422,0.0733107885444251,0,0.0401189002378296
1785,-0.336709127911477,0,0,0.0969391510641734,0.106024158729844,0.00908500766567022,0.0100408935637602,-0.0105947820918999,0.0287647974232403,0,0.00908500766567022
1786,1.18393536389315,1,0,0.101990089069405,0.0725606723242214,-0.0294294167451836,0.0136328084742542,-0.0561492303628543,-0.00270960312751283,-0.04,0.0105705832548164
1787,-1.95282071384751,1,0,0.0918170064066509,0.1557886046162,0.0639715982095492,0.0244952689542652,0.0159617532675674,0.111981443151531,0,0.0639715982095492
1788,1.82082415470756,1,0,0.104174045439615,0.0616740740184765,-0.0424999714211384,0.0174998964820245,-0.0767991382590856,-0.00820080458319127,-0.04,-0.00249997142113843
1789,-0.483738311458748,1,0,0.0964628031438252,0.10989735621316,0.0134345530693348,0.0106286492769684,-0.00739721671783104,0.0342663228565006,0,0.0134345530693348
1790,0.706576643102394,1,0,0.100379880548867,0.0818542082469886,-0.0185256723018781,0.0111841117501683,-0.0404461285312793,0.003394783927523,-0.04,0.0214743276981219
1791,-0.704241992983022,0,0,0.0957523302605451,0.115938344931214,0.0201860146706686,0.0118558866599903,-0.0030510961877012,0.0434231255290384,0,0.0201860146706686
1792,-0.619072455015019,1,0,0.0960261941347745,0.113571535024068,0.0175453408892931,0.0113354068164005,-0.00467164822096175,0.039762329999548,0,0.0175453408892931
1793,0.0691054239289487,0,0,0.0982648273911187,0.095952576718512,-0.00231225067260667,0.00946184489584417,-0.0208571258957654,0.016232624550552,0,-0.00231225067260667
1794,-0.902415450463753,0,0,0.0951178021249581,0.121611730986971,0.0264939288620126,0.0132725915623945,0.000480127418209172,0.052507730305816,0,0.0264939288620126
1795,-0.100997647929923,0,0,0.0977071955427717,0.100065790742428,0.00235859519965613,0.00951714530580702,-0.0162946668353601,0.0210118572346723,0,0.00235859519965613
1796,-0.248798738440036,0,0,0.0972249669088716,0.103766218339252,0.0065412514303799,0.00978422322650732,-0.0126354737102747,0.0257179765710345,0,0.0065412514303799
1797,-0.214442399676965,1,0,0.0973368710708754,0.102895406145508,0.00555853507463226,0.00970368221267024,-0.0134603325796233,0.0245774027288879,0,0.00555853507463226
1798,-0.521842213757891,0,0,0.0963396949941574,0.110921168379047,0.0145814733848894,0.0108121147849347,-0.00660988219029569,0.0357728289600744,0,0.0145814733848894
1799,-0.993431531107751,1,0,0.094827642154484,0.124296620159622,0.0294689780051381,0.014011517486915,0.00200690836203147,0.0569310476482447,0,0.0294689780051381
1800,-2.17408283814349,1,0,0.0911349694844494,0.163916170113824,0.0727812006293741,0.0275161312115313,0.0188505744608943,0.126711826797854,0,0.0727812006293741
1801,0.252986395185865,1,0,0.0988708138018883,0.0916768071686091,-0.00719400663327918,0.00968270146354075,-0.0261717527748723,0.0117837395083139,0,-0.00719400663327918
1802,-1.01499587342118,0,0,0.0947590110748644,0.124940156035763,0.0301811449608988,0.0141941677812401,0.00236108731914946,0.0580012026026481,0,0.0301811449608988
1803,-0.759514097870637,1,0,0.0955749758644459,0.117497159839153,0.0219221839747066,0.0122230471342151,-0.00203454818969049,0.0458789161391036,0,0.0219221839747066
1804,1.51199515333607,1,0,0.103109924474754,0.0667480934372064,-0.0363618310375472,0.0155699614005574,-0.0668783946233186,-0.00584526745177586,-0.04,0.00363816896245277
1805,1.9118270240817,0,0,0.104489456983798,0.0602490122692695,-0.0442404447145283,0.0180832314278255,-0.0796829270371691,-0.00879796239188741,-0.04,-0.00424044471452827
1806,-0.90241816034639,1,0,0.0951177934740154,0.121611810176989,0.026494016702974,0.0132726127735959,0.000480173685979815,0.0525078597199681,0,0.026494016702974
1807,-0.239726655405472,1,0,0.0972545049940563,0.103535641821777,0.00628113682772058,0.00976187057909998,-0.0128517779290565,0.0254140515844977,0,0.00628113682772058
1808,-1.03810707150186,0,0,0.0946855063177216,0.125633022760549,0.0309475164428271,0.0143930485354617,0.00273765968558522,0.059157373200069,0,0.0309475164428271
1809,-0.596987809884403,0,0,0.0960973218431735,0.112964732460219,0.0168674106170458,0.0112097555543191,-0.00510330654491744,0.0388381277790091,0,0.0168674106170458
1810,0.658327917493229,0,0,0.100218392564738,0.0828516638678805,-0.0173667286968577,0.0109752085993724,-0.0388777422744419,0.00414428488072661,0,-0.0173667286968577
1811,-1.35679679907628,0,0,0.0936771142349273,0.135526528482597,0.0418494142476698,0.0174432193671851,0.00766133251355547,0.0760374959817842,0,0.0418494142476698
1812,0.363489838144422,1,0,0.0992365804319976,0.0891903958284899,-0.0100461846035078,0.00993831028082977,-0.0295249148211183,0.00943254561410274,0,-0.0100461846035078
1813,-0.161032254873946,1,0,0.0975110647453943,0.101554493647185,0.00404342890179092,0.009600684437922,-0.0147735668234704,0.0228604246270522,0,0.00404342890179092
1814,0.701731944247892,1,0,0.100363654956759,0.0819538675790199,-0.0184097873777393,0.0111627229862948,-0.0402883224002746,0.00346874764479593,-0.04,0.0215902126222607
1815,-1.06208709436698,0,0,0.0946092922521432,0.126355412075173,0.0317461198230293,0.0146027784854697,0.00312519991729233,0.0603670397287663,0,0.0317461198230293
1816,1.22300229136053,1,0,0.102122876796534,0.0718447426208248,-0.0302781341757092,0.0138555228203864,-0.0574344598906393,-0.00312180846077914,-0.04,0.00972186582429078
1817,0.489235726548229,0,0,0.0996542637891778,0.0864351473172659,-0.0132191164719119,0.0103242875578964,-0.0334543482514239,0.00701611530760007,0,-0.0132191164719119
1818,0.0317974051697089,0,0,0.0981422819999934,0.0968415705029263,-0.00130071149706712,0.0094515793480822,-0.0198254666163308,0.0172240436221965,0,-0.00130071149706712
1819,0.442962568367546,0,1,0.0995003792289141,0.0874399724560416,-0.0120604067728725,0.0101714595633537,-0.0319961011872513,0.0078752876415062,0,-0.0120604067728725
1820,0.0973842256336134,0,0,0.0983578053960794,0.0952836028206301,-0.00307420257544924,0.00947770577541886,-0.0216501645513375,0.015501759400439,0,-0.00307420257544924
1821,0.73883605908014,1,0,0.100487981398981,0.0811934166042551,-0.0192945647947262,0.011328778344844,-0.0414985623394578,0.0029094327500054,-0.04,0.0207054352052738
1822,-1.59889715991646,1,0,0.0929175116795158,0.143474909338154,0.0505573976586382,0.0201093556404598,0.0111437848510296,0.0899710104662467,0,0.0505573976586382
1823,-1.41716663485124,1,0,0.0934871812309244,0.137473080111285,0.0439858988803604,0.0180813308044546,0.00854714171107476,0.0794246560496461,0,0.0439858988803604
1824,0.0443931480012419,0,0,0.0981836399131045,0.0965406137651785,-0.001643026147926,0.00945367349043517,-0.02017188571078,0.016885833414928,0,-0.001643026147926
1825,0.3354418798299,0,0,0.0991436277685472,0.0898156746994121,-0.00932795306913502,0.00986552637695335,-0.0286640294564935,0.0100081233182235,0,-0.00932795306913502
1826,-0.405585636677315,0,0,0.0967157427752131,0.107823371719834,0.011107628944621,0.0102920164871019,-0.00906435269839114,0.0312796105876332,0,0.011107628944621
1827,-1.2366276132906,0,0,0.0940562154683458,0.131720994009914,0.0376647785415686,0.0162283807998788,0.00585773664640472,0.0694718204367324,0,0.0376647785415686
1828,-0.831944637401534,0,0,0.09534300910643,0.119567362202514,0.0242243530960838,0.0127374844231981,-0.000740657627024549,0.0491893638191921,0,0.0242243530960838
1829,-2.12841967204764,0,0,0.0912753511287682,0.16221138207511,0.0709360309463416,0.026875530892739,0.0182609583311796,0.123611103561504,0,0.0709360309463416
1830,-0.122823336511345,0,0,0.0976358511771039,0.100604754032293,0.00296890285518915,0.00954358139318996,-0.0157361729589898,0.0216739786693681,0,0.00296890285518915
1831,-1.81394005042078,1,0,0.092247444343083,0.150856954117836,0.0586095097747532,0.0227075480309785,0.0141035334568219,0.103115486092685,0,0.0586095097747532
1832,-1.20336267889532,0,0,0.0941614000437518,0.130683697818959,0.0365222977752072,0.0159055410270314,0.00534801020760146,0.067696585342813,0,0.0365222977752072
1833,-1.36066921041519,0,0,0.0936649206415773,0.135650688849301,0.0419857682077236,0.0174836024971918,0.00771853699321312,0.076252999422234,0,0.0419857682077236
1834,0.42557514827671,0,1,0.0994426108254686,0.087820264033373,-0.0116223467920957,0.0101171863404813,-0.0314516676443197,0.00820697406012835,0,-0.0116223467920957
1835,0.730749561389494,0,1,0.100460873950622,0.0813585996982718,-0.0191022742523501,0.0112921539219644,-0.0412344892472831,0.00302994074258288,-0.04,0.0208977257476499
1836,-0.504503761146858,1,0,0.0963956955922247,0.110454271107261,0.0140585755150366,0.0107270886534662,-0.00696613190472547,0.0350832829347987,0,0.0140585755150366
1837,-1.2036471784384,1,0,0.0941605000021934,0.130692539831756,0.0365320398295622,0.0159082767810632,0.0053523902825835,0.0677116893765408,0,0.0365320398295622
1838,0.439321349254468,1,1,0.0994882790800664,0.0875194884673535,-0.0119687906127129,0.0101599478171189,-0.0318819224190722,0.00794434119364647,0,-0.0119687906127129
1839,1.196394067121,1,0,0.102032419329358,0.072331646294801,-0.0297007730345571,0.0137035598747,-0.0565592568489573,-0.00284228922015688,-0.04,0.0102992269654429
1840,0.294248331751397,1,0,0.0990072502795504,0.0907411738957822,-0.00826607638376813,0.009768214565961,-0.0274114251263112,0.010879272358775,0,-0.00826607638376813
1841,1.13200104916996,1,0,0.101813802324264,0.0735225882530802,-0.0282912140711839,0.0133407803412871,-0.0544386630657666,-0.00214376507660122,-0.04,0.0117087859288161
1842,-2.0295938030256,0,0,0.0915798363576113,0.158570806860149,0.0669909705025377,0.0255196112634662,0.0169734515266812,0.117008489478394,0,0.0669909705025377
1843,-1.14095437972216,1,0,0.0943590210809436,0.128756353839895,0.0343973327589512,0.0153161684010715,0.00437819431170074,0.0644164712062017,0,0.0343973327589512
1844,-1.18212198051128,0,0,0.0942286188039044,0.130024988711682,0.0357963699077778,0.0157025366536575,0.00501996360068897,0.0665727762148665,0,0.0357963699077778
1845,0.458870853705228,0,0,0.0995532594655442,0.0870933370345187,-0.0124599224310254,0.0102226466623315,-0.0324959417158737,0.00757609685382282,0,-0.0124599224310254
1846,-0.733527280611067,1,0,0.0956583244567969,0.116762014428817,0.0211036899720197,0.012047618332717,-0.00250920805959018,0.0447165880036295,0,0.0211036899720197
1847,0.418271074349461,1,0,0.0994183524862894,0.0879804615742511,-0.0114378909120382,0.0100949187599136,-0.0312235681083267,0.00834778628425022,0,-0.0114378909120382
1848,0.132933962164964,0,0,0.0984748007340944,0.0944485470829915,-0.00402625365110286,0.00950729644053895,-0.022660212264905,0.0146077049626993,0,-0.00402625365110286
1849,0.226062419478797,0,0,0.0987818774100715,0.0922919883517262,-0.0064898890583453,0.00963363414672433,-0.0253714650261602,0.0123916869094696,0,-0.0064898890583453
1850,-0.132837040161412,1,0,0.0976031336778715,0.100852894055219,0.00324976037734702,0.00955721252387912,-0.0154820319620512,0.0219815527167453,0,0.00324976037734702
1851,0.555904400167102,0,0,0.0998763471676488,0.0850058122914848,-0.014870534876164,0.0105645924951539,-0.0355767556780078,0.00583568592567973,0,-0.014870534876164
1852,-0.074949401335508,0,0,0.0977924035584904,0.099425915986727,0.00163351242823657,0.00949144649948189,-0.0169693808719367,0.0202364057284098,0,0.00163351242823657
1853,0.479217436288977,0,0,0.0996209293371117,0.0866518046855572,-0.0129691246515545,0.0102901919965562,-0.0331375303588069,0.00719928105569785,0,-0.0129691246515545
1854,1.09330144418561,0,0,0.101682615426564,0.074246992880325,-0.0274356225462391,0.0131263899878354,-0.0531628741694236,-0.00170837092305456,-0.04,0.0125643774537609
1855,0.815044176542638,1,0,0.100743764507086,0.0796516701523554,-0.0210920943547307,0.0116850853280185,-0.0439944407539244,0.00181025204446305,-0.04,0.0189079056452693
1856,-0.988378822048012,1,0,0.0948437294345657,0.124146246095629,0.0293025166610635,0.0139691328295473,0.00192351941989477,0.0566815139022323,0,0.0293025166610635
1857,0.785996323533216,0,0,0.100646200871599,0.0802361503373645,-0.0204100505342348,0.0115469688507912,-0.0430416936123915,0.00222159254392181,-0.04,0.0195899494657652
1858,-0.887438692693645,0,0,0.0951656242039033,0.121174748251659,0.0260091240477562,0.0131560986645462,0.00022364448819006,0.0517946036073223,0,0.0260091240477562
1859,1.07344204425739,1,1,0.101615352720972,0.0746212780298651,-0.0269940746911073,0.0130175056497119,-0.0525079169330894,-0.00148023244912529,-0.04,0.0130059253088927
1860,-0.638921805565688,1,1,0.0959623057631639,0.114119343206965,0.0181570374438009,0.011451660604007,-0.00428780490322905,0.0406018797908309,0,0.0181570374438009
1861,0.539240519586621,1,0,0.0998207960648106,0.0853610528712338,-0.0144597431935768,0.010502408680394,-0.0350440859580699,0.0061245995709163,0,-0.0144597431935768
1862,-1.01288249209668,0,0,0.0947657351957128,0.124876961237098,0.0301112260413852,0.0141761421835924,0.00232649792182504,0.0578959541609454,0,0.0301112260413852
1863,0.707227649927567,0,0,0.100382061041812,0.0818408249318398,-0.0185412361099717,0.0111869926973735,-0.0404673388921363,0.00338486667219292,-0.04,0.0214587638900283
1864,-1.62189236464058,1,1,0.0928456512238851,0.144249700851848,0.0514040496279633,0.0203771051870137,0.0114656573522322,0.0913424419036944,0,0.0514040496279633
1865,0.0777138990140843,1,0,0.0982931229423223,0.0957484881483858,-0.00254463479393648,0.00946594309548053,-0.0210975423407839,0.016008272752911,0,-0.00254463479393648
1866,0.855687104303976,1,0,0.100880413715046,0.0788404093396548,-0.0220400043753912,0.0118827918884433,-0.0453298485125248,0.00124983976174233,-0.04,0.0179599956246088
1867,1.92294752980468,0,0,0.104528057905973,0.0600769981240796,-0.0444510597818934,0.0181549158761689,-0.0800340410415388,-0.00886807852224802,-0.04,-0.00445105978189341
1868,0.800246217796415,0,0,0.100694051802089,0.0799489365511536,-0.0207451152509351,0.0116143816421005,-0.0435088849721552,0.00201865447028513,-0.04,0.0192548847490649
1869,0.419692880049777,1,0,0.099423074184213,0.0879492569559045,-0.0114738172283085,0.0100992284358814,-0.0312679412342788,0.00832030677766185,0,-0.0114738172283085
1870,-0.329193185925531,1,0,0.0969635576798465,0.105829434465785,0.00886587678593859,0.010016128484085,-0.0107653743073938,0.028497127879271,0,0.00886587678593859
1871,-0.387446672404073,1,0,0.0967745338026715,0.107346952957005,0.0105724191543337,0.0102216840608268,-0.00946171346623392,0.0306065517749013,0,0.0105724191543337
1872,-0.252750135371064,0,0,0.0972121039321123,0.103866789117895,0.00665468518578252,0.00979420213329018,-0.0125415982527716,0.0258509686243366,0,0.00665468518578252
1873,0.161296754380154,1,0,0.0985682324935439,0.0937870184784128,-0.0047812140151311,0.0095384305870847,-0.0234761944348523,0.0139137664045901,0,-0.0047812140151311
1874,-2.01926169276893,1,1,0.0916117225567005,0.158194043651068,0.0665823210943677,0.0253802723984817,0.0168379012755277,0.116326740913208,0,0.0665823210943677
1875,0.809055701757753,1,0,0.1007236440212,0.0797718468475039,-0.0209517971736957,0.0116563882258022,-0.0437978982860848,0.00189430393869345,-0.04,0.0190482028263043
1876,0.728616831945047,1,0,0.100453725726375,0.0814022160328137,-0.0190515096935614,0.0112825343327141,-0.0411648706400176,0.00306185125289483,-0.04,0.0209484903064386
1877,-1.59542029991443,0,0,0.0929283812773469,0.143358063346971,0.0504296820696243,0.0200690859744493,0.0110949963570657,0.0897643677821829,0,0.0504296820696243
1878,-1.68792528694334,1,0,0.0926395743230606,0.146493936137597,0.0538543618145368,0.021159527119627,0.0123824507301694,0.0953262728989043,0,0.0538543618145368
1879,-0.0334606650504765,1,0,0.0979282567107838,0.098414260970436,0.000486004259652215,0.00946355656711399,-0.0180622257775487,0.0190342342968531,0,0.000486004259652215
1880,0.526356601384465,0,1,0.099777864765625,0.0856366343070754,-0.0141412304585496,0.0104552801693161,-0.034633203038685,0.00635074212158591,0,-0.0141412304585496
1881,0.299905807902611,0,0,0.099025970315969,0.0906135601628741,-0.00841241015309485,0.00978088568181611,-0.0275825938263579,0.0107577735201682,0,-0.00841241015309485
1882,-1.92365466130371,0,0,0.0919072517985402,0.154742129286004,0.0628348774874639,0.0241128234667165,0.0155746119271272,0.110095143047801,0,0.0628348774874639
1883,-1.39346142455357,0,0,0.0935617203355393,0.136705947125969,0.0431442267904292,0.0178285967295412,0.00820081930563977,0.0780876342752186,0,0.0431442267904292
1884,-0.483654735705167,0,0,0.0964630733192719,0.109895119750727,0.0134320464314547,0.0106282606079763,-0.00739896157848465,0.0342630544413941,0,0.0134320464314547
1885,-1.91431438280442,1,1,0.0919361692710775,0.154408217102731,0.0624720478316539,0.0239911312658503,0.0154502946022144,0.109493801061093,0,0.0624720478316539
1886,-1.75069094749903,0,0,0.0924440747777036,0.148653865758609,0.0562097909809055,0.0219216492464791,0.0132441479760869,0.0991754339857241,0,0.0562097909809055
1887,-0.0785943420880295,1,0,0.0977804763838658,0.0995152343648376,0.00173475798097175,0.00949466072701723,-0.0168744350894089,0.0203439510513524,0,0.00173475798097175
1888,-0.898509663337358,1,0,0.0951302715667643,0.121497639610506,0.0263673680437417,0.0132420695133357,0.00041338871682791,0.0523213473706554,0,0.0263673680437417
1889,-0.160864013158828,0,0,0.0975116138937428,0.101550294370866,0.0040386804771232,0.00960040272327648,-0.0147777630975789,0.0228551240518253,0,0.0040386804771232
1890,-1.66062770846326,0,0,0.0927247153232747,0.145562696929137,0.0528379816058618,0.0208336537274237,0.0120047706337328,0.0936711925779909,0,0.0528379816058618
1891,-0.777780274601433,0,0,0.0955164288779308,0.118016293222582,0.0224998643446511,0.012349283059656,-0.00170428568716523,0.0467040143764674,0,0.0224998643446511
1892,1.17538302746221,0,1,0.101961040271425,0.0727182750620227,-0.0292427652094024,0.0135843930216068,-0.0558676862835889,-0.00261784413521588,-0.04,0.0107572347905976
1893,-0.268237747481221,0,0,0.0971617017700222,0.104261810357612,0.00710010858759001,0.00983473491240087,-0.0121756176382144,0.0263758348133944,0,0.00710010858759001
1894,0.309779329946882,0,0,0.0990586483838705,0.0903912335838308,-0.00866741480003967,0.00980353407486892,-0.0278819885079939,0.0105471589079146,0,-0.00866741480003967
1895,-1.10062082632241,0,0,0.0944869381908909,0.127523666594672,0.0330367284037815,0.0149468647030647,0.00374141190398169,0.0623320449035813,0,0.0330367284037815
1896,1.98519495669428,1,0,0.104744360590386,0.0591226033812952,-0.045621757209091,0.0185577200784052,-0.081994220197941,-0.00924929422024098,-0.04,-0.005621757209091
1897,1.29348483166431,0,0,0.102362833190478,0.0705695637951073,-0.0317932693953708,0.014263391093938,-0.0597490022368986,-0.00383753655384291,-0.04,0.00820673060462922
1898,0.246699439627932,1,0,0.0988500400924978,0.0918201259505053,-0.0070299141419925,0.00967075974994707,-0.0259842549550283,0.0119244266710433,0,-0.0070299141419925
1899,0.0397170945159478,0,1,0.0981682843565532,0.0966522435643935,-0.00151604079215968,0.00945273188444695,-0.0200430548411891,0.0170109732568698,0,-0.00151604079215968
1900,-0.187592912541136,1,1,0.0974244041784002,0.102219375980792,0.00479497180239137,0.00964852377614293,-0.0141157873028272,0.0237057309076099,0,0.00479497180239137
1901,0.109851823242833,1,0,0.0983988225587256,0.0949899921977726,-0.00340883036095301,0.00948687196853364,-0.0220027577452215,0.0151850970233155,0,-0.00340883036095301
1902,-0.573510133254607,0,0,0.096172987697637,0.11232275908942,0.0161497713917829,0.0110805079047428,-0.00556762503192433,0.0378671678154902,0,0.0161497713917829
1903,-0.489363035991074,1,0,0.0964446216430089,0.110047963893346,0.0136033422503373,0.0106549461039924,-0.00727996837070309,0.0344866528713777,0,0.0136033422503373
1904,-0.0523081119112656,1,0,0.0978665206831786,0.0988726926730152,0.00100617198983664,0.00947425040627204,-0.0175630175869705,0.0195753615666438,0,0.00100617198983664
1905,0.176272582353864,0,0,0.0986175972078236,0.093439403131318,-0.00517819407650552,0.00955750417481413,-0.0239105580412324,0.0135541698882214,0,-0.00517819407650552
1906,-0.809485693896122,0,1,0.095414882414201,0.118922093398727,0.0235072109845263,0.0125740301628444,-0.00113743527516897,0.0481518572442215,0,0.0235072109845263
1907,0.651860186007181,1,0,0.100196762690492,0.082986209991335,-0.0172105526991573,0.0109479190991619,-0.0386680798391728,0.00424697444085819,0,-0.0172105526991573
1908,-0.123784481981179,0,0,0.0976327104285952,0.100628547714996,0.00299583728640088,0.00954484870151718,-0.0157117224064567,0.0217033969792584,0,0.00299583728640088
1909,1.4191743088243,0,1,0.102791980292508,0.068347363450597,-0.0344446168419108,0.0150078931824948,-0.0638595469634249,-0.00502968672039666,-0.04,0.00555538315808923
1910,0.0109930282954142,0,0,0.0980740051715227,0.0973404949439266,-0.00073351022759606,0.00945121802992364,-0.019257557176282,0.0177905367210899,0,-0.00073351022759606
1911,-0.255039936976636,1,0,0.0972046506392108,0.103925108477126,0.00672045783791504,0.00980005228588111,-0.0124872916890214,0.0259282073648514,0,0.00672045783791504
1912,0.720366085685398,0,0,0.100426076129276,0.0815711523549826,-0.0188549237742929,0.0112454774442044,-0.040895654553891,0.00318580700530522,-0.04,0.0211450762257071
1913,-0.508345529416243,0,0,0.0963832847503972,0.110557575216814,0.0141742904664164,0.0107457070600738,-0.00688690835974604,0.0352354892925788,0,0.0141742904664164
1914,-1.16105650831675,0,0,0.0942953254991312,0.129374504910532,0.0350791794114005,0.0155036553724,0.00469257325277552,0.0654657855700255,0,0.0350791794114005
1915,-0.678973227982029,1,0,0.0958335093969013,0.115231704764581,0.0193981953676799,0.0116956281694957,-0.00352481462110376,0.0423212053564635,0,0.0193981953676799
1916,-2.05772461497836,1,0,0.0914930716821107,0.15960029507599,0.0681072233938793,0.0259013115432581,0.0173415856167419,0.118872861171017,0,0.0681072233938793
1917,1.49514625663609,0,0,0.103052146467896,0.0670357898382168,-0.0360163566296793,0.0154672313244023,-0.0663315729660575,-0.00570114029330107,-0.04,0.00398364337032071
1918,-1.09799562789773,0,0,0.0944952693398099,0.127443784719711,0.0329485153799012,0.0149231497259288,0.00369967938118205,0.0621973513786204,0,0.0329485153799012
1919,0.682131986632206,0,0,0.100298035664837,0.082358183136555,-0.0179398525282815,0.0110771191465333,-0.0396506071079458,0.00377090205138269,-0.04,0.0220601474717185
1920,1.84155933101635,1,0,0.104245838460603,0.0613466260505683,-0.0428992124100342,0.0176322843789285,-0.0774578547579022,-0.0083405700621662,-0.04,-0.00289921241003419
1921,1.22516292840024,0,0,0.102130225229395,0.0718053381610714,-0.0303248870683233,0.013867912692151,-0.0575054964856852,-0.00314427765096144,-0.04,0.00967511293167669
1922,0.81334776574235,0,0,0.100738064428134,0.0796856969209651,-0.0210523675071694,0.0116769444503603,-0.0439387580793504,0.0018340230650117,-0.04,0.0189476324928307
1923,-0.0304127619039655,1,0,0.097938243574516,0.0983403040778146,0.000402060503298565,0.00946213455680207,-0.0181433824449053,0.0189475034515025,0,0.000402060503298565
1924,0.0809237434601438,0,0,0.0983036753701651,0.0956724889806191,-0.00263118638954606,0.00946763538326799,-0.0211874107595084,0.0159250379804163,0,-0.00263118638954606
1925,-1.17500119471754,1,0,0.0942511630129871,0.129804794273222,0.035553631260235,0.0156350344038072,0.00490952693172826,0.0661977355887417,0,0.035553631260235
1926,0.48247061001592,0,0,0.0996317527278272,0.0865813971198549,-0.0130503556079723,0.0103012037433123,-0.0332403439422736,0.00713963272632895,0,-0.0130503556079723
1927,0.00734371760883884,0,0,0.0980620330491523,0.0974282477010188,-0.000633785348133506,0.00945155519519985,-0.0191584931286176,0.0178909224323506,0,-0.000633785348133506
1928,-0.215111108768868,0,0,0.0973346918808883,0.102912293658154,0.00557760177726604,0.00970514320816395,-0.0134441293755388,0.0245993329300709,0,0.00557760177726604
1929,-1.08465417608549,0,0,0.0945376190211564,0.127038479301945,0.0325008602807882,0.0148032433193709,0.00348703652043809,0.0615146840411383,0,0.0325008602807882
1930,0.288019588421022,1,0,0.0989866436190117,0.0908818606005752,-0.00810478301843649,0.00975452431228681,-0.027223299356839,0.011013733319966,0,-0.00810478301843649
1931,-2.05578610954688,0,0,0.091499048298058,0.159529179284556,0.0680301309864979,0.0258748993226326,0.0173162602105383,0.118744001762458,0,0.0680301309864979
1932,-0.116843821097408,0,0,0.0976553925473443,0.100456840064504,0.00280144751716012,0.00953589278880875,-0.0158885589093402,0.0214914539436605,0,0.00280144751716012
1933,1.52073647498293,0,0,0.103139911389956,0.0665992866374323,-0.0365406247525234,0.0156233758665726,-0.067161878767938,-0.00591937073710884,-0.04,0.00345937524747657
1934,-0.455825918821555,0,0,0.0965530731629897,0.109152644112657,0.0125995709496677,0.0105022272092033,-0.00798441613782734,0.0331835580371628,0,0.0125995709496677
1935,0.595937414710705,1,0,0.100009914501245,0.0841578638441038,-0.0158520506571407,0.01071944289845,-0.0368617726724364,0.00515767135815495,0,-0.0158520506571407
1936,0.406229158492792,1,0,0.0993783702887952,0.0882451489813722,-0.011133221307423,0.0100589055432864,-0.0308483138961546,0.0085818712813086,0,-0.011133221307423
1937,-0.991516038950364,1,0,0.0948337405871662,0.124239594664339,0.0294058540771725,0.0139954308815592,0.00197531360119677,0.0568363945531481,0,0.0294058540771725
1938,-1.73113735068054,0,0,0.0925049396366972,0.147978171241924,0.0554732316052267,0.0216823138233422,0.012976677409981,0.0979697858004724,0,0.0554732316052267
1939,0.644427609139318,0,0,0.100171911230756,0.0831410728593729,-0.0170308383713831,0.0109167742572069,-0.0384273227428626,0.00436564600009648,0,-0.0170308383713831
1940,0.511380183553174,1,0,0.0997279815536147,0.0859579866690337,-0.013769994884581,0.0104015626337344,-0.034156683029638,0.00661669326047605,0,-0.013769994884581
1941,1.02062477672514,0,0,0.101436655518573,0.0756251674526043,-0.0258114880659689,0.0127319046628998,-0.0507655626598501,-0.000857413472087756,-0.04,0.0141885119340311
1942,0.207341861632134,0,0,0.0987200808772832,0.0927219142381391,-0.00599816663914413,0.00960275044191084,-0.0248192116578155,0.0128228783795272,0,-0.00599816663914413
1943,0.361710097010101,1,0,0.0992306799566539,0.0892299550046974,-0.0100007249519565,0.00993353924537828,-0.0294701041119131,0.00946865420800008,0,-0.0100007249519565
1944,1.72531941677171,0,0,0.103843935772335,0.0632034573322808,-0.0406404784400544,0.0168943605727207,-0.0737528167044205,-0.00752814017568833,-0.04,-0.000640478440054403
1945,-0.13941977593738,0,0,0.0975816314126523,0.101016310418458,0.00343467900580534,0.00956668908461364,-0.0153156870513299,0.0221850450629405,0,0.00343467900580534
1946,-1.62793280418343,0,0,0.0928267830096458,0.144453801153255,0.0516270181436096,0.0204478447402981,0.0115499788911585,0.0917040573960607,0,0.0516270181436096
1947,-0.109040622855814,0,0,0.0976808990544279,0.100264104620022,0.00258320556559369,0.00952636574198268,-0.0160881281922486,0.0212545393234359,0,0.00258320556559369
1948,0.536292498747323,1,0,0.099810971333776,0.0854240387326396,-0.0143869326011364,0.0104915511937469,-0.0349499950828385,0.00617612988056573,0,-0.0143869326011364
1949,-0.38979028823996,1,0,0.0967669360074743,0.10740840354031,0.0106414675328362,0.010230603582165,-0.00941014702831363,0.030693082093986,0,0.0106414675328362
1950,-0.997262995366205,1,0,0.0948154448145696,0.124410752831444,0.0295953080168747,0.0140437623728744,0.00207003955860199,0.0571205764751474,0,0.0295953080168747
1951,1.29255387146552,0,0,0.10235966050227,0.070586269729774,-0.0317733907724959,0.0142579558319965,-0.0597184706963718,-0.00382831084862001,-0.04,0.00822660922750409
1952,-0.266695951166652,1,0,0.0971667182746062,0.104222426458584,0.0070557081839781,0.00983059853229139,-0.0122119108857853,0.0263233272537415,0,0.0070557081839781
1953,-0.444252201718462,0,0,0.0965905252430284,0.108845154250256,0.0122546290072274,0.0104518121297034,-0.00823054634017014,0.0327398043546249,0,0.0122546290072274
1954,-0.106611352028603,1,0,0.0976888408846082,0.100204169837235,0.00251532895262656,0.00952351674896277,-0.0161504208815045,0.0211810787867576,0,0.00251532895262656
1955,1.46221916100934,0,0,0.102939316038634,0.0676013477605968,-0.0353379682780368,0.0152673529664722,-0.065261430231583,-0.00541450632449059,-0.04,0.00466203172196323
1956,-0.266260583396394,1,0,0.0971681348618131,0.104211307732955,0.00704317287114184,0.0098294345673538,-0.0122221648692647,0.0263085106115483,0,0.00704317287114184
1957,0.192654355483275,0,0,0.0986716215434042,0.093060477167979,-0.00561114437542524,0.00958041593343231,-0.0243884145618662,0.0131661258110158,0,-0.00561114437542524
1958,-1.88611309377508,0,0,0.0920235299963224,0.153403602586231,0.0613800725899081,0.0236260186744172,0.0150739268899796,0.107686218289837,0,0.0613800725899081
1959,-0.923433657218433,0,0,0.0950507254460747,0.122227276555226,0.0271765511091511,0.0134385445050867,0.000837487874542575,0.0535156143437597,0,0.0271765511091511
1960,-0.132923090842339,1,0,0.0976028525692194,0.100855028747855,0.00325217617863538,0.00955733376230771,-0.0154798537837164,0.0219842061409872,0,0.00325217617863538
1961,-1.10097034317532,0,0,0.0944858290379045,0.127534305228934,0.0330484761910292,0.0149500250878571,0.00374696545085914,0.0623499869311993,0,0.0330484761910292
1962,-0.756160492873225,1,1,0.0955857283691612,0.117402064150492,0.0218163357813304,0.0122001317696036,-0.00209548309373551,0.0457281546563962,0,0.0218163357813304
1963,-1.21606192971162,0,0,0.0941212322543111,0.131078875413931,0.0369576431596196,0.0160280846626417,0.00554317447968317,0.0683721118395561,0,0.0369576431596196
1964,0.43319680853539,0,0,0.0994679295482472,0.0876533820855541,-0.0118145474626932,0.010140758878095,-0.0316900696396642,0.00806097471427786,0,-0.0118145474626932
1965,-0.845264661868974,1,0,0.095300405131865,0.119951488132263,0.0246510830003978,0.0128360656548215,-0.000507143386243858,0.0498093093870395,0,0.0246510830003978
1966,-0.848155473633198,0,1,0.0952911611469001,0.12003499466174,0.0247438335148397,0.0128576202160095,-0.000456639035432943,0.0499443060651124,0,0.0247438335148397
1967,-0.0220758274104082,0,0,0.0979655652975207,0.0981382625738073,0.00017269727628659,0.0094586802795926,-0.0183659754129941,0.0187113699655673,0,0.00017269727628659
1968,-0.333078059307412,1,0,0.0969509415954593,0.105930045006802,0.00897910341134249,0.0100288638132786,-0.0106771084685405,0.0286353152912255,0,0.00897910341134249
1969,0.258427724252759,1,0,0.0988887964826158,0.0915529278664498,-0.00733586861616603,0.00969327228602163,-0.0263343331891087,0.0116625959567766,0,-0.00733586861616603
1970,0.940143173645656,0,0,0.101164897327057,0.0771787275954917,-0.0239861697315654,0.012308860638698,-0.0481110932741362,0.0001387538110053,-0.04,0.0160138302684346
1971,0.790497776946982,1,0,0.100661314501944,0.080145319663716,-0.0205159948382282,0.011568191861513,-0.043189234253043,0.00215724457658668,-0.04,0.0194840051617718
1972,0.542748504736687,0,0,0.0998324880830185,0.0852861579730544,-0.0145463301099641,0.0105153850985877,-0.0351561061867652,0.00606344596683694,0,-0.0145463301099641
1973,0.0443740299648626,0,0,0.0981835771275813,0.0965410699288904,-0.0016425071986909,0.00945366924697388,-0.0201713584445136,0.0168863440471318,0,-0.0016425071986909
1974,-1.1746537474183,1,0,0.0942522631450781,0.129794058361734,0.0355417952166556,0.0156317478873415,0.00490413234205614,0.066179458091255,0,0.0355417952166556
1975,1.1938334267143,1,1,0.102023717909176,0.072378663589582,-0.0296450543195936,0.0136889970687355,-0.0564749955587896,-0.00281511308039756,-0.04,0.0103549456804064
1976,0.252283377816512,0,0,0.098868490659672,0.0916928233097378,-0.00717566734993422,0.00968135161355799,-0.0261507678341766,0.0117994331343082,0,-0.00717566734993422
1977,0.940529938829801,1,0,0.101166201751255,0.0771711922876468,-0.0239950094636087,0.0123108558266456,-0.0481238435026992,0.00013382457548184,-0.04,0.0160049905363913
1978,-0.214324538826503,0,1,0.0973372551604676,0.102892429953676,0.00555517479320809,0.0097034251495895,-0.0134631890266675,0.0245735386130837,0,0.00555517479320809
1979,-1.53612573869117,1,0,0.09311392776225,0.141377541996823,0.0482636142345728,0.0193910434461065,0.0102578674575525,0.086269361011593,0,0.0482636142345728
1980,-0.658135185261665,1,0,0.0959005005580528,0.114651790751325,0.0187512901932724,0.0115671424621891,-0.00391989243666226,0.0414224728232071,0,0.0187512901932724
1981,0.675892046374473,0,0,0.100277152781049,0.0824872836151691,-0.0177898691658794,0.011050183445199,-0.0394478307410302,0.0038680924092713,-0.04,0.0222101308341206
1982,-0.306592155668158,0,0,0.0970369833472783,0.105245781869642,0.00820879852236386,0.00994481991351203,-0.0112826903408564,0.0277002873855842,0,0.00820879852236386
1983,1.39964951798526,0,0,0.102725211585881,0.0686882590820566,-0.0340369525038246,0.0148909213312475,-0.0632226220096888,-0.00485128299796029,-0.04,0.00596304749617544
1984,-1.30267046463459,1,0,0.0938476982945901,0.133801099552156,0.0399534012575663,0.0168867617747936,0.00685595636346314,0.0730508461516695,0,0.0399534012575663
1985,1.97774740304168,1,0,0.104718460393948,0.0592360386729944,-0.0454824217209535,0.0185093906059363,-0.0817601606843726,-0.0092046827575344,-0.04,-0.00548242172095351
1986,-0.600139874394099,0,0,0.0960871671532567,0.113051165869502,0.0169639987162449,0.0112274492064683,-0.00504139736668574,0.0389693947991756,0,0.0169639987162449
1987,1.54066669068826,0,0,0.103208310425174,0.0662611583861116,-0.0369471520390628,0.015745454942522,-0.0678076766466041,-0.00608662743152148,-0.04,0.00305284796093721
1988,-1.569540961409,0,0,0.0930093229054027,0.142490830943689,0.0494815080382865,0.019771120414158,0.0107308240925321,0.0882321919840408,0,0.0494815080382865
1989,-0.283659836289048,1,0,0.0971115360174442,0.104656478843062,0.00754494282561796,0.00987734043101285,-0.0118142886822085,0.0269041743334445,0,0.00754494282561796
1990,-0.943580425192957,0,0,0.0949864695832747,0.122819816338664,0.0278333467553889,0.0136002880280679,0.00117727204100449,0.0544894214697732,0,0.0278333467553889
1991,-0.787150044782201,1,0,0.0954864092179104,0.118283356704786,0.0227969474868756,0.0124149623580562,-0.00153593160433493,0.0471298265780861,0,0.0227969474868756
1992,-0.740811776634161,0,0,0.0956349540377585,0.116967683188109,0.0213327291503505,0.0120962960419582,-0.00237557543822196,0.0450410337389229,0,0.0213327291503505
1993,0.297472251460506,0,0,0.0990179175291186,0.0906684332379735,-0.00834948429114506,0.00977540773267357,-0.0275089313813796,0.0108099627990895,0,-0.00834948429114506
1994,0.748294255194339,0,0,0.100519695280074,0.0810006017565242,-0.0195190935235499,0.0113719143909518,-0.0418076361650881,0.00276944911798823,-0.04,0.0204809064764501
1995,2.3263942607673,1,0,0.105937021394232,0.05413908558397,-0.051797935810262,0.020808709805072,-0.0925822575929486,-0.0110136140275754,-0.04,-0.011797935810262
1996,-0.68670968209482,0,0,0.0958086485164026,0.115447655643779,0.0196390071273763,0.0117441789765459,-0.00337916069464605,0.0426571749493986,0,0.0196390071273763
1997,0.382031609303587,1,1,0.0992980715747225,0.0887791989620325,-0.0105188726126901,0.00998922149330453,-0.0300973869731603,0.00905964174778024,0,-0.0105188726126901
1998,0.340601689171168,1,0,0.0991607218768711,0.0897003502111712,-0.00946037166569981,0.00987852686065032,-0.028821928532886,0.00990118520148633,0,-0.00946037166569981
1999,1.13015333969036,0,0,0.1018075354066,0.073557026479358,-0.0282505089272421,0.0133304799579431,-0.0543777695414436,-0.00212324831304061,-0.04,0.0117494910727579
2000,-1.08932184165862,1,0,0.0945228005486817,0.127180154810525,0.0326573542618436,0.0148450768813232,0.00356153822672181,0.0617531702969653,0,0.0326573542618436
2001,0.296944265823403,1,0,0.0990161704693605,0.090680342476892,-0.0083358279924685,0.00977422470584773,-0.0274929563927317,0.0108213004077947,0,-0.0083358279924685
2002,-1.69687386116029,1,0,0.0926116790491959,0.146800283203037,0.0541886041538408,0.0212670930631202,0.0125058676942635,0.095871340613418,0,0.0541886041538408
2003,-0.791983348464033,1,0,0.0954709271714044,0.118421323250812,0.0229503960794074,0.0124490858831163,-0.00144936389194649,0.0473501560507614,0,0.0229503960794074
2004,0.0327867763614597,1,0,0.0981455300219951,0.0968179006543728,-0.00132762936762228,0.00945169286267388,-0.0198526069713974,0.0171973482361528,0,-0.00132762936762228
2005,0.316294241880124,1,0,0.0990802158270793,0.0902448035035209,-0.00883541232355838,0.00981884720372211,-0.0280799992125555,0.0104091745654388,0,-0.00883541232355838
2006,0.515658535858079,0,0,0.0997422295576572,0.0858660737993509,-0.0138761557583063,0.0104167899969483,-0.0342926889868421,0.00654037747022949,0,-0.0138761557583063
2007,-1.98451329280889,0,0,0.0917190337658223,0.156932266353465,0.065213232587643,0.0249150352602177,0.0163806608040708,0.114045804371215,0,0.065213232587643
2008,-0.302334581316256,0,0,0.0970508208030512,0.105136152010342,0.00808533120729095,0.009931919776498,-0.0113808738519862,0.0275515362665681,0,0.00808533120729095
2009,-0.0157830300852862,0,0,0.0979861924928683,0.0979860048023833,-1.87690485001224e-07,0.00945649416631649,-0.0185345756764784,0.0185342002955084,0,-1.87690485001224e-07
2010,-1.72953952971244,0,0,0.0925099147951526,0.147923069223118,0.0554131544279659,0.0216628326737282,0.0129547825843411,0.0978715262715906,0,0.0554131544279659
2011,-1.57973000759127,0,0,0.0929774475410221,0.14283174882156,0.0498543012805378,0.0198880595310466,0.0108744208772979,0.0888341816837778,0,0.0498543012805378
2012,-0.704497405280719,0,0,0.0957515100298639,0.115945506710831,0.0201939966809675,0.0118575311747437,-0.00304633736709121,0.0434343307290261,0,0.0201939966809675
2013,2.6323966819057,1,0,0.107016817866623,0.0500089690458527,-0.0570078488207705,0.0228842232562458,-0.101860102217186,-0.0121555954243549,-0.04,-0.0170078488207705
2014,0.904695684429966,1,0,0.101045408655068,0.0778722163963729,-0.0231731922586946,0.0121276550377934,-0.0469429593496955,0.000596574832306268,-0.04,0.0168268077413054
2015,-1.03749050657418,0,0,0.0946874666285588,0.125614495688358,0.030927029059799,0.0143877011221142,0.00272765304012851,0.0591264050794694,0,0.030927029059799
2016,-0.110533464290819,1,0,0.0976760189071957,0.100300951689123,0.00262493278192739,0.00952814404574943,-0.0160498863872512,0.021299751951106,0,0.00262493278192739
2017,1.11103286761205,0,0,0.101742704152979,0.0739142730994428,-0.0278284310535365,0.013224264575908,-0.0537475133443451,-0.00190934876272797,-0.04,0.0121715689464635
2018,0.0454644961568452,1,0,0.098187158383636,0.0965150540619899,-0.00167210432164611,0.00945391644830614,-0.020201440073177,0.0168572314298848,0,-0.00167210432164611
2019,1.82542109215814,0,0,0.104189958004751,0.0616013390240369,-0.0425886189807137,0.0175292191135801,-0.0769452571204419,-0.00823198084098557,-0.04,-0.00258861898071374
2020,1.84385689299937,0,0,0.104253796178947,0.0613104433254376,-0.0429433528535091,0.0176469730938854,-0.0775307845536718,-0.00835592115334649,-0.04,-0.00294335285350915
2021,1.76342063241748,0,1,0.103975520616636,0.0625891211125209,-0.0413863995041149,0.0171350822372205,-0.074970543561199,-0.00780225544703076,-0.04,-0.00138639950411489
2022,1.34857979958863,0,0,0.102550750619724,0.06958737702201,-0.0329633735977142,0.0145871988700646,-0.0615537580183641,-0.00437298917706426,-0.04,0.00703662640228583
2023,0.203529307332369,1,0,0.0987074998613978,0.0928096913266967,-0.00589780853470108,0.00959679148895046,-0.0247071742201845,0.0129115571507823,0,-0.00589780853470108
2024,0.671445834039644,0,0,0.100262275230532,0.0825793853238621,-0.0176828899066696,0.0110310858203651,-0.0393034208249557,0.00393764101161641,0,-0.0176828899066696
2025,-1.59715292251756,1,0,0.0929229644912664,0.143416281267452,0.0504933167761858,0.0200891465063446,0.0111193131436018,0.0898673204087699,0,0.0504933167761858
2026,0.347552156158253,0,0,0.099183752462163,0.0895452145882789,-0.00963853787388416,0.00989631826010683,-0.0290349652432396,0.00975788949547131,0,-0.00963853787388416
2027,-0.735364068643949,0,0,0.0956524311165966,0.11681384426465,0.0211614131480536,0.0120598556734284,-0.00247546963061714,0.0447982959267243,0,0.0211614131480536
2028,0.0646981439547082,0,0,0.0982503437303424,0.0960572143506255,-0.00219312937971691,0.00945999594570635,-0.0207343807271963,0.0163481219677625,0,-0.00219312937971691
2029,-1.39815721243588,1,1,0.0935469505808023,0.136857622522402,0.0433106719415996,0.017878439498165,0.0082695744254179,0.0783517694577813,0,0.0433106719415996
2030,0.6155933871347,1,0,0.100075553368639,0.0837443437293979,-0.0163312096392408,0.0107981844591836,-0.0374952622776608,0.0048328429991791,0,-0.0163312096392408
2031,-0.197987854832203,0,0,0.097390506875924,0.102480637002768,0.00509013012684369,0.00966906776255806,-0.0138608944518474,0.0240411547055348,0,0.00509013012684369
2032,-0.527615866300497,1,0,0.0963210534151869,0.111077026729252,0.0147559733140654,0.0108409955156057,-0.00649198745308199,0.0360039340812129,0,0.0147559733140654
2033,1.54435846692457,0,0,0.103220984735281,0.0661987004792103,-0.0370222842560704,0.015768112540376,-0.0679272169393818,-0.00611735157275912,-0.04,0.00297771574392957
2034,-0.987444544248076,0,0,0.0948467043418381,0.124118458092347,0.0292717537505093,0.0139613128708162,0.001908083346814,0.0566354241542046,0,0.0292717537505093
2035,0.57458050169286,0,0,0.0999386389188835,0.0846092693273537,-0.0153293695915297,0.0106358910347206,-0.0361753329630745,0.00551659378001501,0,-0.0153293695915297
2036,-0.427977899172738,1,0,0.0966432101752864,0.108414066040781,0.0117708558654945,0.0103829287475265,-0.00857931053370297,0.0321210222646919,0,0.0117708558654945
2037,0.100443739173521,1,0,0.0983678694823348,0.0952114765057009,-0.00315639297663392,0.00947983293317765,-0.0217365241051188,0.015423738151851,0,-0.00315639297663392
2038,0.572315711934941,1,1,0.0999310831621743,0.0846572671970423,-0.0152738159651319,0.0106271560250772,-0.036102659032371,0.00555502710210721,0,-0.0152738159651319
2039,0.0118801250129132,1,0,0.0980769156249251,0.0973191741246732,-0.00075774150025186,0.00945115419630876,-0.0192816633373516,0.0177661803368479,0,-0.00075774150025186
2040,-1.321563205846,0,0,0.093788124492834,0.13440123863078,0.0406131141379456,0.0170792880024632,0.00713832477153076,0.0740879035043605,0,0.0406131141379456
2041,0.262539536006064,1,0,0.0989023872628691,0.0914594167152512,-0.00744297054761785,0.00970140426685753,-0.0264573735101218,0.0115714324148861,0,-0.00744297054761785
2042,0.668437410819055,1,1,0.100252209804396,0.0826417568130006,-0.0176104529913956,0.0110182091294333,-0.0392057460592152,0.00398484007642412,0,-0.0176104529913956
2043,-0.195555063508737,0,0,0.0973984391238139,0.102419439535541,0.00502100041172744,0.00966416788065514,-0.0139204205749054,0.0239624213983603,0,0.00502100041172744
2044,0.415869626211392,1,0,0.0994103779306938,0.0880331892936879,-0.011377188637006,0.0100876671379239,-0.031148652915365,0.00839427564135302,0,-0.011377188637006
2045,0.654798385935985,0,0,0.100206588325482,0.082925062954575,-0.0172815253709071,0.0109602948132167,-0.038763308464753,0.00420025772293883,0,-0.0172815253709071
2046,1.08215838180109,0,0,0.101644869620999,0.0744567902693268,-0.0271880793516721,0.0130651978957309,-0.052795396678193,-0.00158076202515111,-0.04,0.0128119206483279
2047,-0.0954546259905702,1,0,0.0977253221146925,0.0999293206598854,0.00220399854519292,0.00951114441237197,-0.0164375019548155,0.0208454990452013,0,0.00220399854519292
2048,-1.54806917308086,1,1,0.0930765272589038,0.141774622466125,0.0486980952072213,0.0195262872785092,0.0104272753895607,0.0869689150248818,0,0.0486980952072213
2049,1.01086264750081,1,0,0.10140365774657,0.0758120673543333,-0.0255915903922371,0.0126797815099529,-0.0504435054835817,-0.000739675300892514,-0.04,0.0144084096077629
2050,0.00894570537125213,0,0,0.0980672884548462,0.0973897169879315,-0.000677571466914745,0.0094513924043268,-0.0192019601831507,0.0178468172493212,0,-0.000677571466914745
2051,0.595699288585968,1,0,0.100009119541,0.0841628848644025,-0.0158462346765972,0.0107184996824151,-0.0368541080224348,0.00516163866924036,0,-0.0158462346765972
2052,1.24020713408394,1,0,0.102181404305293,0.0715315229128327,-0.0306498813924601,0.013954385814542,-0.0579999750153391,-0.00329978776958104,-0.04,0.00935011860753995
2053,-1.19255598169785,0,0,0.0941955937737937,0.130348210708731,0.0361526169349373,0.0158019498020239,0.00518136443746052,0.067123869432414,0,0.0361526169349373
2054,0.743482325845788,0,0,0.100503559490595,0.081098645548558,-0.0194049139420368,0.0113499285916083,-0.0416503652086906,0.0028405373246169,-0.04,0.0205950860579632
2055,-0.901423197500755,1,0,0.0951209698089209,0.121582737687694,0.0264617678787734,0.013264828076579,0.000463182587562831,0.0524603531699839,0,0.0264617678787734
2056,-0.676252134786774,1,0,0.0958422549252233,0.115155833310569,0.019313578385346,0.0116786604604794,-0.00357617550486561,0.0422033322755576,0,0.019313578385346
2057,-0.57153252962269,1,0,0.0961793637174677,0.112268829283656,0.0160894655661886,0.0110698267970984,-0.00560699627122075,0.0377859274035978,0,0.0160894655661886
2058,-0.323791955540652,0,0,0.0969811005522857,0.105689693273326,0.00870859272103985,0.0099986549438935,-0.0108884108628348,0.0283055963049145,0,0.00870859272103985
2059,-0.956550904988058,1,0,0.094945122263778,0.123202599039974,0.028257476776196,0.0137057850909505,0.00139463161808696,0.0551203219343051,0,0.028257476776196
2060,-0.46308204891227,0,0,0.0965295992348847,0.109345813094047,0.0128162138591619,0.0105344365297499,-0.00783090233657099,0.0334633300548949,0,0.0128162138591619
2061,-0.110873455659742,1,0,0.097674907494744,0.100309345210411,0.00263443771566703,0.00952855198174817,-0.0160411809933771,0.0213100564247112,0,0.00263443771566703
2062,-0.226194696670135,0,0,0.0972985790104957,0.103192555032308,0.00589397602181214,0.00972997569031665,-0.0131764259016587,0.024964377945283,0,0.00589397602181214
2063,0.221609724387242,0,1,0.098767175949235,0.0923940838643899,-0.00637309208484509,0.00962604539181148,-0.0252397943663433,0.0124936101966532,0,-0.00637309208484509
2064,-0.062198054573207,1,0,0.0978341394205565,0.0991140082981879,0.00127986887763133,0.00948117595147,-0.0173028945183371,0.0198626322735998,0,0.00127986887763133
2065,-0.00696592103671991,1,0,0.098015100655934,0.0977730241011058,-0.000242076554828191,0.00945403854504993,-0.0187716516115795,0.0182874985019231,0,-0.000242076554828191
2066,0.0388977469117575,1,1,0.0981655939450595,0.0966718154291335,-0.00149377851592604,0.00945258682744169,-0.0200205082584495,0.0170329512265974,0,-0.00149377851592604
2067,0.0786208901407269,1,1,0.098296104591494,0.0957270079400029,-0.00256909665149106,0.00946641225717352,-0.0211229237383597,0.0159847304353775,0,-0.00256909665149106
2068,-0.176065286117483,1,0,0.0974620074049738,0.101930337019556,0.00446832961458221,0.00962693949938124,-0.0144001250855511,0.0233367843147155,0,0.00446832961458221
2069,1.37605599314693,0,0,0.102644580320873,0.0691022944431826,-0.0335422858776907,0.0147501957010804,-0.0624521382167258,-0.00463243353865561,-0.04,0.00645771412230927
2070,-2.18482408572536,0,0,0.0911019760481159,0.164319270283748,0.073217294235632,0.0276681057817611,0.0189888033829358,0.127445785088328,0,0.073217294235632
2071,0.376089484788934,0,0,0.0992783616747372,0.0889107895261546,-0.0103675721485825,0.00997266786727394,-0.0299136419982193,0.00917849770105424,0,-0.0103675721485825
2072,-0.138229955667495,0,0,0.0975855176041436,0.10098675574797,0.0034012381438261,0.00956494589116774,-0.015345711316937,0.0221481876045892,0,0.0034012381438261
2073,-0.641623113151487,0,0,0.0959536141019455,0.11419407238493,0.0182404582829848,0.0114677222030836,-0.00423586421976938,0.0407167807857389,0,0.0182404582829848
2074,-1.72543183511985,0,0,0.0925227060867011,0.147781490212296,0.0552587841255948,0.0216128032196873,0.0128984682100565,0.0976191000411332,0,0.0552587841255948
2075,-2.08834467390731,1,0,0.0913987133825911,0.160727028045295,0.0693283146627044,0.0263206489765168,0.0177407906190103,0.120915838706398,0,0.0693283146627044
2076,0.536006030255064,1,0,0.0998100166794772,0.0854301615132595,-0.0143798551662177,0.0104904984611437,-0.0349408543299321,0.00618114399749674,0,-0.0143798551662177
2077,0.424834080814597,0,1,0.0994401493472617,0.0878365055670868,-0.011603643780175,0.0101149126295863,-0.0314285082409334,0.00822122068058347,0,-0.011603643780175
2078,0.42438046730583,0,0,0.0994386426828818,0.0878464484831527,-0.0115921941997291,0.0101135224782766,-0.0314143340139876,0.00822994561452937,0,-0.0115921941997291
2079,-0.779462164560395,1,1,0.0955110396754807,0.118064193086668,0.0225531534111872,0.0123610266049062,-0.00167401354637045,0.0467803203687448,0,0.0225531534111872
2080,-0.381376200561809,0,0,0.0967942162119721,0.10718792645297,0.0103937102409977,0.0101988126976693,-0.00959559533150391,0.0303830158134992,0,0.0103937102409977
2081,0.374057893770659,1,0,0.099271623729335,0.0889558202286554,-0.0103158035006796,0.00996705949418174,-0.0298508811410438,0.00921927413968462,0,-0.0103158035006796
2082,-0.137114026756658,1,0,0.097589162577084,0.100959043485597,0.00336988090851296,0.00956332311515092,-0.0153738879697022,0.0221136497867282,0,0.00336988090851296
2083,-1.24621199367272,0,0,0.0940259289578279,0.132021155861188,0.0379952269033603,0.0163224996174287,0.00600371551553128,0.0699867382911893,0,0.0379952269033603
2084,0.761681021409821,0,0,0.100564597081154,0.0807284127206571,-0.0198361843604967,0.0114335091411308,-0.0422454504940226,0.00257308177302914,-0.04,0.0201638156395033
2085,2.19137177774394,1,0,0.105463626084976,0.0560620170737393,-0.0494016090112366,0.0199095962630945,-0.0884237006336351,-0.0103795173888381,-0.04,-0.00940160901123656
2086,-0.776895078505713,0,0,0.0955192653802058,0.117991089790011,0.0224718244098057,0.0123431104145478,-0.00172022745990921,0.0466638762795206,0,0.0224718244098057
2087,1.2945824493217,1,0,0.102366573954898,0.0705498719118288,-0.0318167020430691,0.0142698009483943,-0.0597849979684775,-0.0038484061176607,-0.04,0.00818329795693091
2088,-1.25117770821115,0,0,0.0940102408055098,0.13217689915149,0.0381666583459798,0.0163714552670465,0.00607919564806013,0.0702541210438994,0,0.0381666583459798
2089,0.882678526682064,0,0,0.100971254887555,0.0783058241406818,-0.0226654307468735,0.0120168094975333,-0.0462179445711177,0.00088708307737068,-0.04,0.0173345692531265
2090,0.126979678062118,0,0,0.0984551963527359,0.0945879534791469,-0.00386724287358892,0.0095016017466633,-0.0224900400924919,0.014755554345314,0,-0.00386724287358892
2091,-0.538757421818408,1,0,0.0962850894235434,0.111378332072535,0.0150932426489912,0.0108975231149824,-0.00626551017706699,0.0364519954750494,0,0.0150932426489912
2092,-0.178224913367314,0,0,0.0974549616950399,0.101984431414146,0.00452946971910635,0.00963088725437757,-0.0143467224386395,0.0234056618768522,0,0.00452946971910635
2093,-1.66496590295357,1,0,0.0927111798244231,0.145710362695539,0.0529991828711163,0.020885214621553,0.0120649144034831,0.0939334513387495,0,0.0529991828711163
2094,-1.9846201873067,1,0,0.0917187034773229,0.156936135295892,0.0652174318185687,0.0249164584385821,0.0163820706566587,0.114052792980479,0,0.0652174318185687
2095,1.50358983855478,1,0,0.103081097501013,0.0668914713492666,-0.0361896261517466,0.0155186754936778,-0.0666056712071195,-0.0057735810963737,-0.04,0.00381037384825342
2096,-1.54661776725943,0,0,0.0930810715726391,0.141726318278355,0.0486452467057156,0.0195098159815652,0.0104067100368438,0.0868837833745873,0,0.0486452467057156
2097,2.18053648421961,0,0,0.105425718017678,0.0562190830974955,-0.0492066349201823,0.0198379043087479,-0.0880882128940801,-0.0103250569462844,-0.04,-0.00920663492018226
2098,-0.49684529416274,1,0,0.0964204405482397,0.110248589230012,0.0138281486817719,0.0106903509853951,-0.00712455423169483,0.0347808515952387,0,0.0138281486817719
2099,0.796089749790865,1,0,0.100680092358464,0.080032615138578,-0.020647477219886,0.0115946495250314,-0.0433725727023119,0.00207761826253994,-0.04,0.019352522780114
2100,0.552815793423853,0,0,0.0998660488412579,0.0850715538050547,-0.0147944950362032,0.0105529637102635,-0.0354779238384779,0.00588893376607152,0,-0.0147944950362032
2101,0.546457535672248,0,0,0.099844851505573,0.085207035590723,-0.0146378159148499,0.0105291717495496,-0.0352746133310037,0.00599898150130383,0,-0.0146378159148499
2102,-1.01827111473183,0,0,0.0947485911215568,0.125038147192729,0.0302895560711717,0.0142221566753697,0.00241464120496108,0.0581644709373823,0,0.0302895560711717
2103,-0.222169303225685,0,0,0.0973116932825785,0.103090690270015,0.00577899698743678,0.00972082233362973,-0.0132734646865901,0.0248314586614636,0,0.00577899698743678
2104,-0.952295090256448,1,0,0.0949586871817521,0.123076889233661,0.0281182020519087,0.0136710526379397,0.00132343125079554,0.0549129728530218,0,0.0281182020519087
2105,-0.974011492516169,0,0,0.0948894868119568,0.12371951190548,0.0288300250935232,0.0138494745474413,0.00168555377573418,0.0559744964113123,0,0.0288300250935232
2106,-0.806463736573008,0,0,0.0954245570070786,0.118835499716769,0.0234109427096906,0.0125523039173354,-0.00119112089128784,0.0480130063106691,0,0.0234109427096906
2107,0.0384019648417041,0,0,0.0981639660259342,0.0966836599596918,-0.00148030606624237,0.00945250194428586,-0.0200068694408375,0.0170462573083527,0,-0.00148030606624237
2108,-2.00613893808417,1,0,0.0916522354281404,0.157716567223825,0.0660643317956842,0.0252039624389956,0.0166654731475524,0.115463190443816,0,0.0660643317956842
2109,0.846803565604157,1,0,0.10085053153225,0.0790170831225454,-0.021833448409705,0.011839149337175,-0.0450377547181593,0.00137085789874927,-0.04,0.018166551590295
2110,-1.27486071031351,0,0,0.093935451509305,0.132921830107979,0.0389863785986741,0.0166067336266113,0.00643777878966578,0.0715349784076825,0,0.0389863785986741
2111,2.51330105525267,0,0,0.106595416154606,0.0515796801590282,-0.0550157359955776,0.0220703134244341,-0.0982727554349793,-0.0117587165561758,-0.04,-0.0150157359955776
2112,1.0565412595048,1,0,0.101558141767731,0.0749411683541891,-0.0266169734135418,0.0129254743918378,-0.0519504377046386,-0.00128350912244504,-0.04,0.0133830265864582
2113,0.112245580455672,1,0,0.0984066995266389,0.0949337122099713,-0.00347298731666763,0.00948878243618304,-0.0220706591487226,0.0151246845153874,0,-0.00347298731666763
2114,-0.868219247432631,1,0,0.0952270250691791,0.120615958804244,0.025388933735065,0.0130087767433515,-0.000107800164826213,0.0508856676349561,0,0.025388933735065
2115,-0.20692509626834,0,0,0.0973613714633535,0.102705733664921,0.00534436220156789,0.00968755003732138,-0.0136428869700117,0.0243316113731474,0,0.00534436220156789
2116,0.00838019859522979,0,0,0.0980654332512532,0.0974033168996028,-0.000662116351650421,0.00945144722732422,-0.0191866125189868,0.017862379815686,0,-0.000662116351650421
2117,-2.02256428085868,0,0,0.091601529266835,0.158314394312637,0.0667128650458018,0.0254247610925529,0.0168812489888629,0.116544481102741,0,0.0667128650458018
2118,2.07550167630711,0,0,0.105058868694831,0.0577632323376402,-0.0472956363571906,0.0191466000997862,-0.0848222829791625,-0.00976898973521873,-0.04,-0.00729563635719061
2119,-0.00119537434116851,1,0,0.0980340243405518,0.0976338578597443,-0.000400166480807512,0.00945281398647122,-0.0189273414468476,0.0181270084852326,0,-0.000400166480807512
2120,0.506687878183848,1,0,0.0997123570613274,0.0860588950704559,-0.0136534619908715,0.010384971802105,-0.0340076327034613,0.00670070872171826,0,-0.0136534619908715
2121,-0.478869883553825,1,0,0.0964785424441568,0.109767145031352,0.0132886025871956,0.0106061097332447,-0.00749899050604376,0.0340761956804349,0,0.0132886025871956
2122,1.6694414602666,0,0,0.103651224180417,0.0641145980257319,-0.0395366261546852,0.0165434828019174,-0.071961256625301,-0.0071119956840693,-0.04,0.000463373845314842
2123,0.247003034519765,1,0,0.0988510431583796,0.0918132005110173,-0.00703784264736232,0.00967132968447305,-0.0259933005115426,0.011917615216818,0,-0.00703784264736232
2124,0.732613225095943,0,0,0.100467120722854,0.081320503452734,-0.0191466172701204,0.0113005735223961,-0.0412953343786636,0.0030020998384228,-0.04,0.0208533827298796
2125,-0.678795212846961,0,0,0.0958340815114687,0.115226739891244,0.0193926583797756,0.0116945164010145,-0.0035281725828257,0.0423134893423769,0,0.0193926583797756
2126,-0.27418436112712,1,0,0.0971423555848017,0.104413834829177,0.00727147924437527,0.00985089827413852,-0.012035926588304,0.0265788850770545,0,0.00727147924437527
2127,0.584308511927869,1,0,0.0999710991326821,0.0844033836020352,-0.0155677155306469,0.0106736855340259,-0.0364877547596439,0.00535232369835009,0,-0.0155677155306469
2128,-0.87616168311647,1,0,0.0952016468655718,0.120846608493654,0.0256449616280827,0.0130693597720516,2.94871738649762e-05,0.0512604360823004,0,0.0256449616280827
2129,0.478403033048784,0,0,0.0996182199607344,0.0866694387051262,-0.0129487812556082,0.01028744436517,-0.0331118017043009,0.00721423919308451,0,-0.0129487812556082
2130,1.02847924694544,1,0,0.101463211971241,0.075475097686831,-0.0259881142844101,0.0127739964340107,-0.0510246872337141,-0.000951541335106099,-0.04,0.0140118857155899
2131,0.0968825202545485,0,0,0.0983561551538812,0.0952954349076962,-0.00306072024618505,0.00947736456965462,-0.0216360134710641,0.015514572978694,0,-0.00306072024618505
2132,0.732998221201893,0,0,0.100468411225597,0.0813126355476359,-0.0191557756779616,0.0113023144249052,-0.0413079048927233,0.00299635353680005,-0.04,0.0208442243220384
2133,0.496906787357876,1,0,0.0996797948706252,0.0862695832373462,-0.013410211633279,0.0103507612872887,-0.0336973309689364,0.00687690770237838,0,-0.013410211633279
2134,-0.269093847600356,1,0,0.0971589163980071,0.104283684397741,0.00712476799973404,0.00983704135032679,-0.0121554787613377,0.0264050147608058,0,0.00712476799973404
2135,0.542023480186897,1,0,0.0998300714962802,0.0853016322398616,-0.0145284392564186,0.0105126981266403,-0.0351329489649753,0.0060760704521381,0,-0.0145284392564186
2136,-0.146915156415793,0,0,0.0975571531710283,0.101202669315483,0.00364551614445496,0.00957797826479186,-0.0151269762992445,0.0224180085881545,0,0.00364551614445496
2137,-1.10535306570727,1,0,0.0944719219436858,0.127667771379376,0.0331958494356904,0.0149897139208714,0.00381655001222389,0.062575148859157,0,0.0331958494356904
2138,1.59970957184507,1,0,0.103411176894323,0.0652688000663268,-0.0381423768279966,0.0161094248766872,-0.069716269397957,-0.00656848425803613,-0.04,0.00185762317200344
2139,0.0364871183962058,1,0,0.0981576787813075,0.0967294189569175,-0.00142825982438996,0.0094521945746453,-0.0199542207655596,0.0170977011167797,0,-0.00142825982438996
2140,-0.0139920890078662,0,0,0.0979920637362328,0.0979427104817911,-4.93532544417058e-05,0.00945593807429993,-0.0185826513201106,0.0184839448112272,0,-4.93532544417058e-05
2141,0.229261807145621,1,0,0.0987924420294536,0.0922186924136037,-0.00657374961584992,0.0096391798337915,-0.025466194930586,0.0123186956988862,0,-0.00657374961584992
2142,1.31103998961522,0,0,0.102422677026965,0.0702552225673191,-0.0321674544596463,0.0143661138301234,-0.0603245201644908,-0.00401038875480172,-0.04,0.00783254554035372
2143,0.461234974182249,0,0,0.0995611200979549,0.0870419299727113,-0.0125191901252437,0.0102303762662659,-0.0325703591554182,0.00753197890493091,0,-0.0125191901252437
2144,-1.62204340065981,1,0,0.0928451793983805,0.144254801281233,0.0514096218828528,0.0203788719119488,0.0114677668898782,0.0913514768758274,0,0.0514096218828528
2145,-0.609312566201522,0,0,0.096057621868295,0.113303020491083,0.0172453986227879,0.0112793946221295,-0.00486180860400078,0.0393526058495766,0,0.0172453986227879
2146,1.33253598813474,1,0,0.102495997017615,0.0698720799599631,-0.0326239170576524,0.0144924785251651,-0.0610286530136962,-0.00421918110160857,-0.04,0.0073760829423476
2147,-0.676703823222116,1,0,0.0958408031600295,0.11516842459986,0.0193276214398303,0.0116814730921291,-0.00356764510711647,0.042222887986777,0,0.0193276214398303
2148,1.05214957131398,1,0,0.101543280113466,0.0750244982693525,-0.0265187818441134,0.0129016572551057,-0.0518055654050004,-0.00123199828322636,-0.04,0.0134812181558866
2149,0.168561942135736,0,0,0.0985921779306047,0.0936182361130251,-0.00497394181757967,0.00954745874655914,-0.0236866171047175,0.0137387334695582,0,-0.00497394181757967
2150,0.599148657060561,1,0,0.100020635461188,0.0840901795972782,-0.0159304558639098,0.0107321878817313,-0.0369651575874204,0.00510424585960082,0,-0.0159304558639098
2151,-0.694356621210411,1,0,0.0957840809563032,0.115661453568054,0.0198773726117511,0.0117926157106434,-0.00323572946463112,0.0429904746881333,0,0.0198773726117511
2152,0.459035538579377,1,0,0.0995538070201141,0.0870897551235617,-0.0124640518965525,0.0102231840863402,-0.0325011245131022,0.00757302071999727,0,-0.0124640518965525
2153,1.35486484030642,0,0,0.102572206987009,0.0694761396755826,-0.0330960673114265,0.0146243975008248,-0.0617593597086408,-0.00443277491421225,-0.04,0.0069039326885735
2154,-0.553979217481316,1,0,0.0962359741571059,0.111791136252758,0.0155551620956525,0.0109764356087601,-0.00595825637614035,0.0370685805674454,0,0.0155551620956525
2155,-0.466724305689147,0,0,0.0965178182814379,0.109442888389134,0.0129250701076958,0.0105507782997591,-0.00775407536869872,0.0336042155840902,0,0.0129250701076958
2156,0.718910046742136,1,0,0.100421197407064,0.0816009982998347,-0.0188201991072292,0.0112389640825462,-0.040848163932559,0.00320776571810064,-0.04,0.0211798008927708
2157,-0.594859083300062,0,1,0.0961041802905443,0.112906392838629,0.016802212548085,0.011197851732349,-0.00514517355153845,0.0387495986477084,0,0.016802212548085
2158,1.13796132513469,1,0,0.101834020257157,0.0734115997879452,-0.0284224204692114,0.0133740498494832,-0.0546350765016418,-0.00220976443678099,-0.04,0.0115775795307886
2159,-0.477615045438325,0,0,0.0964825996232815,0.109733605008418,0.0132510053851367,0.0106003335389388,-0.00752526657529536,0.0340272773455687,0,0.0132510053851367
2160,0.309491993796921,0,1,0.0990576972613816,0.0903976967161311,-0.00866000054525044,0.0098028654254426,-0.0278732637244108,0.01055326263391,0,-0.00866000054525044
2161,-0.626651237383336,0,0,0.0960017961025153,0.113780425384087,0.0177786292815719,0.0113794257734864,-0.00452463539920831,0.0400818939623521,0,0.0177786292815719
2162,-0.470165840600835,0,0,0.0965066877469537,0.109534683390722,0.0130279956437684,0.0105663261541158,-0.00768162306720212,0.033737614354739,0,0.0130279956437684
2163,0.69785803908324,1,0,0.100350682368699,0.0820336364039201,-0.0183170459647789,0.0111456849785053,-0.0401621871056784,0.00352809517612058,-0.04,0.0216829540352211
2164,0.0950556306870736,1,0,0.0983501462374896,0.0953385308973123,-0.00301161534017727,0.00947614026048265,-0.0215845089631733,0.0155612782828187,0,-0.00301161534017727
2165,0.979678275140234,0,0,0.101298312687997,0.0764119485873955,-0.024886364100602,0.0125147413716632,-0.0494148064648953,-0.000357921736308792,-0.04,0.015113635899398
2166,-0.357614092777011,0,0,0.0968712949382414,0.10656742947898,0.00969613454073824,0.0101125209332705,-0.0101240422813794,0.0295163113628559,0,0.00969613454073824
2167,0.11090947596576,1,0,0.098402302832629,0.0949651218832592,-0.00343718094936983,0.0094877101250747,-0.0220327510902723,0.0151583891915326,0,-0.00343718094936983
2168,0.671185390651111,0,0,0.100261403817069,0.0825847832164435,-0.017676620600625,0.0110299696191654,-0.0392949638047601,0.00394172260351013,0,-0.017676620600625
2169,0.299479557926592,1,0,0.0990245597866651,0.090623169304881,-0.00840139048178414,0.0097799231996637,-0.0275696877246927,0.0107669067611244,0,-0.00840139048178414
2170,3.18958708552022,1,0,0.109007876292262,0.0432445328091657,-0.0657633434830959,0.0267948577715159,-0.11828029968614,-0.0132463872800515,-0.04,-0.0257633434830959
2171,-1.27236615560619,1,0,0.0939433266284677,0.13284319859234,0.0388998719638727,0.0165818123466319,0.00640011696607261,0.0713996269616727,0,0.0388998719638727
2172,-0.22396151095508,1,0,0.0973058542797393,0.103136032062165,0.00583017778242612,0.00972487868884685,-0.0132302342017348,0.024890589766587,0,0.00583017778242612
2173,0.419605443756101,1,0,0.0994227838098312,0.0879511756469147,-0.0114716081629165,0.010098963056683,-0.0312652120352156,0.00832199570938269,0,-0.0114716081629165
2174,1.42738609673696,0,0,0.102820073528291,0.0682044575223964,-0.0346156160058948,0.0150572253593495,-0.064127235417323,-0.00510399659446659,-0.04,0.00538438399410521
2175,-2.0497697161359,0,0,0.0915175997069829,0.159308626041882,0.0677910263348992,0.0257930284676243,0.0172376194861392,0.118344433183659,0,0.0677910263348992
2176,-0.445938004415007,0,0,0.0965850692465966,0.10888989520035,0.0123048259537535,0.0104590818675766,-0.0081945978180525,0.0328042497255595,0,0.0123048259537535
2177,0.570570155189767,1,0,0.09992526000918,0.0846942777807401,-0.0152309822284399,0.0106204402402001,-0.0360466625991921,0.00558469814231222,0,-0.0152309822284399
2178,0.17032917219026,1,0,0.0985980033529538,0.0935772216318271,-0.00502078172112674,0.00954971903228062,-0.0237378870868735,0.01369632364462,0,-0.00502078172112674
2179,-0.720780832415742,1,0,0.0956992304214632,0.116402889186815,0.0207036587653521,0.0119633830496163,-0.00274414114515281,0.044151458675857,0,0.0207036587653521
2180,0.746091974343764,1,0,0.100512310110493,0.0810454601431059,-0.0194668499673876,0.0113618418846166,-0.0417356508592747,0.00280195092449964,-0.04,0.0205331500326124
2181,1.21321689869708,0,0,0.102089602061303,0.0720234528911111,-0.0300661491701918,0.0137995034105062,-0.0571126788593216,-0.00301961948106191,-0.04,0.00993385082980822
2182,-0.576655495079085,0,0,0.096162847470216,0.112408580603562,0.0162457331333459,0.011097562297388,-0.00550508928572418,0.0379965555524161,0,0.0162457331333459
2183,-1.31415697267495,1,0,0.093811474260392,0.13416570474442,0.0403542304840285,0.0170035956580384,0.00702779538659157,0.0736806655814654,0,0.0403542304840285
2184,0.96615917369463,1,0,0.101252673501944,0.0766733606605329,-0.024579312841411,0.0124439072496162,-0.0489689228776156,-0.000189702805206356,-0.04,0.015420687158589
2185,0.863205255223146,0,0,0.100905709188134,0.0786911723574366,-0.0222145368306974,0.0119199089279168,-0.0455771290284117,0.00114805536701701,-0.04,0.0177854631693026
2186,-1.68862423120656,0,0,0.0926373952416183,0.146517844839794,0.0538804495981752,0.0211679156298789,0.0123920973358302,0.0953688018605203,0,0.0538804495981752
2187,1.44410016447666,0,0,0.102877274797867,0.0679144454729934,-0.0349628293248733,0.0151578781931163,-0.0646717246654263,-0.00525393398432026,-0.04,0.00503717067512675
2188,0.910101279557832,0,0,0.101063622083841,0.0777660947675453,-0.0232975273162954,0.0121550727415561,-0.0471210321192099,0.000525977486619089,-0.04,0.0167024726837046
2189,0.148289120042382,0,0,0.09852537338282,0.0940898889466079,-0.00443548443621201,0.00952333451346927,-0.0231008770953391,0.014229908222915,0,-0.00443548443621201
2190,0.638753048980827,0,0,0.100152941538613,0.0832594830912527,-0.0168934584473604,0.0108931529920664,-0.0382436459898953,0.00445672909517441,0,-0.0168934584473604
2191,0.449001171055005,1,0,0.0995204490177057,0.0873082469809433,-0.0122122020367624,0.0101907192804943,-0.0321856448030891,0.00776124072956435,0,-0.0122122020367624
2192,-0.0599639782899074,0,1,0.0978414533102801,0.0990594508170907,0.00121799750681051,0.00947953218347534,-0.0173615441630895,0.0197975391767105,0,0.00121799750681051
2193,-2.6354250021776,0,0,0.0897275344436342,0.18195358410364,0.0922260496600061,0.034479937102254,0.0246466147503819,0.15980548456963,0,0.0922260496600061
2194,0.9444679681802,1,0,0.101179484201782,0.0770945064223845,-0.0240849777793977,0.0123311924575006,-0.0482536708825309,8.37153237354879e-05,-0.04,0.0159150222206023
2195,0.287338118550737,1,0,0.0989843893320243,0.0908972646590929,-0.00808712467293141,0.00975304314017058,-0.0272027379673312,0.0110284886214684,0,-0.00808712467293141
2196,-0.639951208830984,1,1,0.0959589934974076,0.114147815671527,0.0181888221741197,0.011457774528075,-0.0042680032438877,0.0406456475921271,0,0.0181888221741197
2197,-0.42305929505784,1,0,0.0966591382618122,0.108284073114682,0.0116249348528695,0.010362574224797,-0.00868533741485575,0.0319352071205947,0,0.0116249348528695
2198,-1.12263767400568,0,0,0.0944170929310254,0.128195298802587,0.0337782058715616,0.0151473103639227,0.00409002309562289,0.0634663886475004,0,0.0337782058715616
2199,-1.40551278882452,1,0,0.093523819143425,0.13709549451047,0.0435716753670447,0.0179567345706163,0.00837712232869153,0.078766228405398,0,0.0435716753670447
2200,-0.234332319139999,1,0,0.0972720723818297,0.103398754043601,0.00612668166177119,0.0097489484142906,-0.0129809061173773,0.0252342694409196,0,0.00612668166177119
2201,0.0615079263549458,0,0,0.0982398608930605,0.0961330201066925,-0.00210684078636804,0.00945876325710982,-0.0206456761085941,0.016431994535858,0,-0.00210684078636804
2202,0.0683611483722261,1,0,0.0982623813420511,0.0959702401542556,-0.00229214118779544,0.00946152078734219,-0.0208363811699632,0.0162520987943723,0,-0.00229214118779544
2203,0.414587070279432,0,1,0.0994061191446722,0.0880613615999625,-0.0113447575447097,0.0100838083940074,-0.0311086588239668,0.00841914373454743,0,-0.0113447575447097
2204,0.328416127103356,0,0,0.0991203561293275,0.0899729188790703,-0.00914743725025718,0.00984811085324866,-0.0284493798383826,0.0101545053378682,0,-0.00914743725025718
2205,0.483753465184977,0,0,0.099636021106706,0.0865536468695725,-0.0130823742371335,0.0103055619870842,-0.0332809045722636,0.00711615609799662,0,-0.0130823742371335
2206,-0.551621198383472,1,0,0.0962435811720753,0.111727101036935,0.0154835198648594,0.0109640845948039,-0.00600569106440675,0.0369727307941255,0,0.0154835198648594
2207,0.891424833824736,0,0,0.101000706657045,0.0781333097620548,-0.0228673968949904,0.0120606820297771,-0.0465058993023428,0.000771105512362053,-0.04,0.0171326031050096
2208,0.544471614109652,0,1,0.0998382316051759,0.0852493917014125,-0.0145888399037634,0.0105217814976348,-0.0352111526923275,0.00603347288480065,0,-0.0145888399037634
2209,0.166844599944454,1,1,0.0985865172501763,0.0936581082224041,-0.00492840902777225,0.00954528630208849,-0.0236368264019892,0.0137800083464447,0,-0.00492840902777225
2210,1.30533603462309,1,0,0.102403229397358,0.0703572149012897,-0.0320460144960685,0.0143326900022017,-0.0601375707019611,-0.00395445829017587,-0.04,0.00795398550393154
2211,-0.512646704967442,0,0,0.0963693914859335,0.110673333043042,0.014303941557109,0.0107667016216511,-0.00679840585361612,0.0354062889678341,0,0.014303941557109
2212,-0.492883942977804,1,0,0.0964332421327166,0.110142331757642,0.0137090896249257,0.0106715463353179,-0.00720675685164778,0.0346249361014992,0,0.0137090896249257
2213,1.75209861763868,0,0,0.103936403972465,0.0627710907089639,-0.0411653132635013,0.0170634292330103,-0.0746090200129493,-0.00772160651405325,-0.04,-0.0011653132635013
2214,0.906921365330295,1,0,0.101052907435904,0.0778285061992205,-0.0232244012366831,0.0121389343404875,-0.0470162753547351,0.000567472881368852,-0.04,0.0167755987633169
2215,-0.587563342062495,1,0,0.0961276894263137,0.112706646095485,0.0165789566691718,0.0111573329093534,-0.00528901399668444,0.0384469273350279,0,0.0165789566691718
2216,-0.702477525198167,1,0,0.0957579968414343,0.115888879623421,0.0201308827819869,0.0118445392408958,-0.00308398754364027,0.043345753107614,0,0.0201308827819869
2217,0.523560302361412,1,0,0.0997685492135838,0.0856965523366995,-0.0140719968768843,0.0104451627307027,-0.0345441396417216,0.006400145887953,0,-0.0140719968768843
2218,0.104010055845426,1,0,0.0983796018250443,0.0951274642548607,-0.00325213757018362,0.00948241291736731,-0.0218373253747609,0.0153330502343937,0,-0.00325213757018362
2219,-1.03976132924205,0,0,0.0946802469386553,0.125682742878645,0.0310024959399896,0.0144074069856155,0.0027644971375724,0.0592404947424068,0,0.0310024959399896
2220,-0.59431669946201,0,0,0.0961059278422918,0.112891532537084,0.0167856046947922,0.0111948245942116,-0.00515584832310578,0.0387270577126901,0,0.0167856046947922
2221,-0.577473425632347,1,1,0.0961602107276283,0.112430907301606,0.0162706965739775,0.011102010476811,-0.00548884411655838,0.0380302372645134,0,0.0162706965739775
2222,0.254305529937978,0,0,0.0988751730538282,0.0916467614292405,-0.00722841162458766,0.0096852441396761,-0.0262111413198304,0.0117543180706551,0,-0.00722841162458766
2223,0.129909413754532,1,1,0.0984648420242615,0.0945193371831842,-0.00394550484107732,0.00950436694274203,-0.0225737217447048,0.0146827120625501,0,-0.00394550484107732
2224,0.689201429332557,1,0,0.100321699269992,0.0822121430083866,-0.0181095562616052,0.0111078221308698,-0.039880487584787,0.00366137506157667,-0.04,0.0218904437383948
2225,1.69916053983762,0,0,0.103753679774484,0.0636284885432277,-0.0401251912312566,0.0167297732265574,-0.0729149442248316,-0.00733543823768171,-0.04,-0.000125191231256642
2226,-1.85465968086423,1,0,0.0921210530027,0.152289457729511,0.0601684047268113,0.0232229189695358,0.0146523199306292,0.105684489522994,0,0.0601684047268113
2227,-0.279616441968026,1,0,0.0971246863393588,0.104552876438393,0.00742819009903448,0.00986595378746863,-0.0119087239975406,0.0267651041956095,0,0.00742819009903448
2228,0.674877103782784,0,0,0.100273756490743,0.0825082995523198,-0.0177654569384229,0.0110458170026885,-0.0394148604435127,0.00388394656666678,-0.04,0.0222345430615771
2229,-0.615143183753356,1,0,0.0960388456418482,0.11346336606598,0.0174245204241317,0.0113127650280098,-0.00474809159633171,0.0395971324445952,0,0.0174245204241317
2230,0.246737052338585,0,0,0.0988501643629598,0.0918192679245793,-0.00703089643838058,0.00967083032264156,-0.0259853755713559,0.0119235826945947,0,-0.00703089643838058
2231,-1.31421586653793,0,0,0.0938112885640728,0.13416757631731,0.0403562877532374,0.0170041964452584,0.00702867513448702,0.0736839003719878,0,0.0403562877532374
2232,1.09087755958561,1,1,0.101674403746517,0.074292582544293,-0.0273818212022238,0.0131130582561563,-0.0530829431114658,-0.00168069929298177,-0.04,0.0126181787977762
2233,2.04012317816008,1,0,0.104935558033252,0.0582922475641177,-0.0466433104691345,0.0189152809308077,-0.0837165798509747,-0.00957004108729419,-0.04,-0.00664331046913447
2234,-2.47102629749844,1,0,0.0902268109428844,0.175354940844086,0.0851281299012016,0.031896540522589,0.0226120592455047,0.147644200556898,0,0.0851281299012016
2235,-0.272263502436624,0,0,0.0971486043601426,0.104364706905969,0.00721610254582677,0.00984564084483071,-0.0120809989147579,0.0265132040064115,0,0.00721610254582677
2236,-1.84096701812542,0,0,0.0921635368493114,0.151806513044906,0.0596429761955949,0.0230487984887351,0.0144681612707528,0.104817791120437,0,0.0596429761955949
2237,0.568845657380012,1,0,0.0999195074047197,0.0847308562752395,-0.0151886511294801,0.0106138197170801,-0.0359913555133582,0.0056140532543979,0,-0.0151886511294801
2238,0.454467657666256,0,0,0.0995386204371729,0.0871891563753579,-0.012349464061815,0.0102083343840163,-0.0323574317966289,0.00765850367299881,0,-0.012349464061815
2239,-0.837733341146254,1,0,0.0953244918982576,0.119734167398951,0.0244096755006931,0.0127801775466067,-0.000639012206683415,0.0494583632080697,0,0.0244096755006931
2240,-1.15443780902142,0,0,0.0943162932475402,0.12917069790193,0.0348544046543898,0.0154416753918769,0.00458927702535267,0.0651195322834269,0,0.0348544046543898
2241,-1.46843187273168,0,0,0.0933261639759397,0.139144469546232,0.0458183055702926,0.018637353560177,0.00928976382520635,0.0823468473153788,0,0.0458183055702926
2242,1.32362198952497,0,0,0.102465586913769,0.0700307271219268,-0.0324348597918418,0.0144400007539088,-0.0607367412062342,-0.00413297837744933,-0.04,0.00756514020815822
2243,0.532113271397226,0,0,0.099797044891806,0.0855134021094998,-0.0142836427823061,0.0104762340527265,-0.0348166842192621,0.00624939865464988,0,-0.0142836427823061
2244,-1.01546561321535,1,0,0.0947575165672357,0.124954206022924,0.0301966894556885,0.014198177997296,0.00236877193489927,0.0580246069764778,0,0.0301966894556885
2245,0.862237773042137,0,0,0.100902453694476,0.0787103626013165,-0.0221920910931591,0.0119151231913318,-0.0455453034195274,0.00116112123320927,-0.04,0.0178079089068409
2246,0.270978636557461,1,0,0.0989302862488465,0.0912677630400168,-0.00766252320882968,0.0097184800586077,-0.0267103941081715,0.0113853476905121,0,-0.00766252320882968
2247,0.51863222868274,0,1,0.0997521337792205,0.085802241708445,-0.0139498920707755,0.0104274298037599,-0.0343872789374645,0.00648749479591346,0,-0.0139498920707755
2248,-0.41143291419993,1,1,0.0966967976947504,0.107977345842591,0.0112805481478407,0.0103153221420911,-0.00893711173958647,0.0314982080352678,0,0.0112805481478407
2249,0.848933349723681,1,0,0.100857694920342,0.0789746935072561,-0.0218830014130863,0.0118495909830721,-0.0451077729714382,0.00134177014526569,-0.04,0.0181169985869137
2250,-0.105732083064373,1,0,0.0976917155536133,0.100182484429383,0.00249076887576924,0.00952249923802074,-0.0161729866735615,0.0211545244251,0,0.00249076887576924
2251,-0.478523048414543,0,0,0.0964796638263864,0.109757873726913,0.013278209900527,0.0106045118335816,-0.00750625136692182,0.0340626711679758,0,0.013278209900527
2252,0.845752271874591,1,0,0.100846995741809,0.0790380149462396,-0.0218089807955691,0.0118340001952161,-0.0450031949712326,0.00138523338009435,-0.04,0.0181910192044309
2253,-0.304199938974554,0,0,0.0970447580253225,0.105184171385845,0.00813941336052225,0.0099375508292923,-0.0113378283594268,0.0276166550804713,0,0.00813941336052225
2254,-0.314292763816064,0,1,0.0970119602301222,0.10544432390359,0.00843236367346796,0.00996858194311465,-0.0111056979119731,0.027970425258909,0,0.00843236367346796
2255,-0.22949068417321,0,0,0.0972878422338362,0.103276028096054,0.0059881858622181,0.0097375846999739,-0.013097129446139,0.0250735011705752,0,0.0059881858622181
2256,-0.447696602075625,1,1,0.0965793779470781,0.108936585321287,0.0123572073742089,0.010466692308287,-0.00815713258729609,0.0328715473357138,0,0.0123572073742089
2257,1.10164339081483,1,0,0.101710880919376,0.0740902898800478,-0.0276205910393279,0.0131723601334508,-0.0534379424922827,-0.00180323958637319,-0.04,0.0123794089606721
2258,0.377702538079392,1,0,0.0992837117937687,0.0888750504643153,-0.0104086613294533,0.00997713946897937,-0.029963495357386,0.0091461726984793,0,-0.0104086613294533
2259,1.91086609022677,1,0,0.104486122031186,0.0602638977980121,-0.0442222242331739,0.0180770411097956,-0.0796525737554233,-0.00879187471092455,-0.04,-0.00422222423317393
2260,1.36764207307711,0,0,0.102615839169617,0.0692505057767795,-0.0333653333928373,0.0147001788577434,-0.0621771545203115,-0.00455351226536321,-0.04,0.00663466660716267
2261,0.692555181805451,1,0,0.100332927048649,0.0821429438742198,-0.0181899831744288,0.0111224563530333,-0.0399895970459928,0.00360963069713528,-0.04,0.0218100168255712
2262,1.43426881343473,1,1,0.102843625133103,0.0680848941778928,-0.0347587309552099,0.0150986341265462,-0.0643515100589877,-0.00516595185143202,-0.04,0.00524126904479013
2263,0.771547380148031,1,0,0.100597702157873,0.080528337389496,-0.0200693647683769,0.011479304791791,-0.0425683887278452,0.00242965919109154,-0.04,0.0199306352316231
2264,-0.649263638469147,0,0,0.0959290339443961,0.114405671284148,0.0184766373397522,0.0115134616160367,-0.00408933276506411,0.0410426074445685,0,0.0184766373397522
2265,2.18919275695767,1,0,0.10545600165556,0.0560935704857859,-0.0493624311697739,0.0198951731426692,-0.0883562539955941,-0.0103686083439537,-0.04,-0.00936243116977392
2266,-0.345874070795966,0,0,0.0969093970473087,0.106262032849131,0.00935263580182251,0.0100717994458193,-0.0103877283714938,0.0290929999751388,0,0.00935263580182251
2267,0.923262463483438,0,0,0.101107979114617,0.0775082703840525,-0.0235997087305643,0.0122221547920991,-0.0475546919365522,0.000355274475423613,-0.04,0.0164002912694357
2268,-0.412072080285428,1,0,0.0966947270083477,0.107994188471044,0.0112994614626961,0.0103178883366954,-0.00892322807373281,0.0315221509991251,0,0.0112994614626961
2269,-2.57007188845485,1,0,0.0899257119889618,0.179307590813232,0.08938187882427,0.0334395648124949,0.0238415361330872,0.154922221515453,0,0.08938187882427
2270,1.32158315947769,1,0,0.102458632568796,0.0700670600380196,-0.0323915725307763,0.014428013096572,-0.0606699585685296,-0.00411318649302303,-0.04,0.0076084274692237
2271,-1.21593862458616,0,0,0.0941216221951664,0.131075033508846,0.0369534113136795,0.0160268906138783,0.00554128292631496,0.0683655397010441,0,0.0369534113136795
2272,-0.0612643488498321,0,0,0.0978371961148538,0.0990912033931479,0.00125400727829406,0.00948048332092359,-0.0173273985867489,0.019835413143337,0,0.00125400727829406
2273,-1.4570301514793,1,0,0.0933619537310467,0.138771274738058,0.0454093210070116,0.0185125808715046,0.00912532923797744,0.0816933127760458,0,0.0454093210070116
2274,-0.99673898101568,0,1,0.0948171129140306,0.124395138047506,0.0295780251334755,0.0140393470478536,0.00206141055322364,0.0570946397137273,0,0.0295780251334755
2275,-0.347912312775302,1,0,0.096902780996348,0.1063149988593,0.00941221786295174,0.0100787782103852,-0.0103418244375704,0.0291662601634739,0,0.00941221786295174
2276,0.703031274470235,0,0,0.100368006371564,0.0819271284775106,-0.0184408778940532,0.0111684505581733,-0.0403306387511892,0.00344888296308275,-0.04,0.0215591221059468
2277,0.430523250511076,1,0,0.0994590474873587,0.0877118889710169,-0.0117471585163419,0.010132451070027,-0.0316063976887092,0.00811208065602545,0,-0.0117471585163419
2278,0.553273175258018,1,0,0.0998675738277234,0.0850618154477667,-0.0148057583799567,0.0105546828397744,-0.0354925566141575,0.00588103985424401,0,-0.0148057583799567
2279,1.15788029102872,1,0,0.101901613479484,0.0730417999199822,-0.0288598135595015,0.013485702995941,-0.0552913057377497,-0.00242832138125327,-0.04,0.0111401864404985
2280,0.0100176170687915,0,0,0.0980708050581127,0.097363943157772,-0.000706861900340749,0.00945129639779194,-0.0192310624472261,0.0178173386465446,0,-0.000706861900340749
2281,-0.571618344756196,0,0,0.0961790870318427,0.112271169016885,0.0160920819850428,0.0110702896201965,-0.00560528696896988,0.0377894509390554,0,0.0160920819850428
2282,-2.60377815870704,1,0,0.0898234514914935,0.180668504798624,0.0908450533071301,0.0339739406320324,0.0242573532554447,0.157432753358816,0,0.0908450533071301
2283,-0.84241708069877,1,0,0.09530951166218,0.119869279460473,0.024559767798293,0.0128148889871438,-0.000556953082387877,0.0496764886789738,0,0.024559767798293
2284,-1.28970744167081,1,0,0.0938885937493076,0.133390633377464,0.0395020396281568,0.0167557303065816,0.0066614116925907,0.072342667563723,0,0.0395020396281568
2285,-1.39723492564328,0,0,0.0935498513027204,0.136827821204325,0.0432779699016043,0.0178686413562197,0.00825607639075077,0.0782998634124579,0,0.0432779699016043
2286,0.00819946741286449,0,0,0.0980648403504728,0.097407663673576,-0.000657176676896853,0.00945146535627869,-0.0191817083763311,0.0178673550225374,0,-0.000657176676896853
2287,-0.891318676829971,1,0,0.0951532330155189,0.121287825978273,0.0261345929627545,0.0131861366294967,0.00029024007371654,0.0519789458517925,0,0.0261345929627545
2288,-0.555344104753751,1,0,0.096231571249992,0.111828216280643,0.0155966450306506,0.0109836058595339,-0.00593082687441902,0.0371241169357202,0,0.0155966450306506
2289,-0.222927471140033,0,0,0.0973092231375708,0.103109869314943,0.00580064617737248,0.00972253460412613,-0.0132551714851591,0.0248564638399041,0,0.00580064617737248
2290,-0.329810914917737,1,0,0.096961551513632,0.105845426790604,0.00888387527697218,0.01001814415613,-0.0107513264609729,0.0285190770149173,0,0.00888387527697218
2291,1.63510323360363,0,0,0.103532955646023,0.0646805687874961,-0.0388523868585274,0.0163291916790451,-0.0708570144461069,-0.0068477592709479,-0.04,0.00114761314147261
2292,-0.645813823423963,0,1,0.0959401315676847,0.114310088870679,0.0183699573029945,0.011492752952285,-0.00415542456670042,0.0408953391726893,0,0.0183699573029945
2293,0.270002693368368,1,0,0.0989270595011389,0.091289908418883,-0.00763715108225588,0.00971647891590919,-0.0266810998139807,0.0114067976494689,0,-0.00763715108225588
2294,-0.316425464004159,0,0,0.0970050310418679,0.105499368945307,0.00849433790343927,0.00997526063798981,-0.0110568136834208,0.0280454894902993,0,0.00849433790343927
2295,-0.421592304820864,1,0,0.0966638893210843,0.108245328807212,0.0115814394861276,0.0103565452856999,-0.00871701627810231,0.0318798952503576,0,0.0115814394861276
2296,0.946656928473442,0,0,0.101186867943611,0.0770519106586202,-0.0241349572849908,0.012342513631606,-0.0483258394816333,5.59249116515621e-05,-0.04,0.0158650427150092
2297,1.39340779235511,1,0,0.102703874929641,0.0687975690990644,-0.0339063058305765,0.0148536250053561,-0.0630188758809381,-0.00479373578021489,-0.04,0.00609369416942351
2298,0.0330882953889713,1,0,0.0981465199025239,0.0968106880998754,-0.00133583180264849,0.00945172918889127,-0.0198608806045013,0.0171892169992044,0,-0.00133583180264849
2299,0.607942125882047,1,0,0.100049998308295,0.0839050901902956,-0.0161449081179991,0.0107673272418336,-0.0372484817217499,0.0049586654857517,0,-0.0161449081179991
2300,-0.120219082529889,0,0,0.0976443615871208,0.100540309407876,0.00289594782075472,0.00954019135671885,-0.0158024836440345,0.021594379285544,0,0.00289594782075472
2301,0.297750219796714,1,0,0.0990188373138269,0.0906621639526968,-0.00835667336113015,0.00977603134485655,-0.0275173427087837,0.0108039959865234,0,-0.00835667336113015
2302,-1.34581916972382,1,0,0.0937116887408077,0.135175075711278,0.0414633869704704,0.0173291526445736,0.00749887190450921,0.0754279020364317,0,0.0414633869704704
2303,-0.873669798562968,1,0,0.0952096084507959,0.120774202814318,0.0255645943635223,0.0130503069665814,-1.35372781694815e-05,0.051142726005214,0,0.0255645943635223
2304,-0.573434816705582,1,0,0.096173230519869,0.112320704771589,0.0161474742517198,0.0110801005285231,-0.00556912372926869,0.0378640722327084,0,0.0161474742517198
2305,-0.961466313694464,0,0,0.0949294571247442,0.123347929495994,0.0284184723712497,0.013746042540663,0.00147672406159486,0.0553602206809046,0,0.0284184723712497
2306,0.43886981930328,1,1,0.0994867786904209,0.0875293534176956,-0.0119574252727253,0.0101585256581811,-0.0318677696987863,0.00795291915333567,0,-0.0119574252727253
2307,0.823473349093121,1,0,0.100772091462993,0.0794827937535358,-0.0212892977094573,0.0117256706123661,-0.0442711898042746,0.00169259438535997,-0.04,0.0187107022905427
2308,-1.54965633478974,1,0,0.0930715581249224,0.141827460472245,0.0487559023473225,0.019544310593822,0.0104497574807668,0.0870620472138782,0,0.0487559023473225
2309,0.301391443055214,1,1,0.0990308866599468,0.090580076001927,-0.00845081065801981,0.00978425019365572,-0.0276275886533141,0.0107259673372745,0,-0.00845081065801981
2310,0.28398381967467,0,1,0.0989732940529025,0.090973120043407,-0.0080001740094955,0.00974580061650809,-0.0271015922183596,0.0111012441993686,0,-0.0080001740094955
2311,0.43044251105853,0,0,0.0994587792667389,0.0877136563841531,-0.0117451228825858,0.0101322008334148,-0.0316038716002056,0.00811362583503402,0,-0.0117451228825858
2312,-0.751603270798172,0,0,0.0956003417081794,0.117272945339012,0.0216726036308323,0.0121691226633432,-0.00217843851277044,0.045523645774435,0,0.0216726036308323
2313,-1.15094403662388,1,0,0.094327363049176,0.129063225844724,0.0347358627955476,0.0154090568765058,0.00453466628186704,0.0649370593092281,0,0.0347358627955476
2314,0.460390984371871,0,0,0.0995583137928152,0.0870602791163133,-0.0124980346765019,0.0102276131875816,-0.0325437881719687,0.00754771881896488,0,-0.0124980346765019
2315,-1.32790480517548,1,0,0.0937681353567789,0.134603192403673,0.0408350570468939,0.0171443235258514,0.00723280039692235,0.0744373136968654,0,0.0408350570468939
2316,1.25593153580907,0,0,0.102234921639947,0.0712463579095388,-0.0309885637304081,0.01404514384617,-0.0585165398265857,-0.00346058763423055,-0.04,0.00901143626959188
2317,2.45847290919166,1,0,0.106401906815229,0.0523183724500423,-0.0540835343651862,0.021698221837089,-0.0966112676944412,-0.0115558010359311,-0.04,-0.0140835343651862
2318,0.745851930771047,1,0,0.10051150517304,0.0810503509734068,-0.0194611541996332,0.0113607450478582,-0.0417278053309771,0.00280549693171062,-0.04,0.0205388458003668
2319,0.711796257153498,0,0,0.100397364393726,0.0817469601497256,-0.0186504042440007,0.0112072557516245,-0.0406162218827141,0.00331541339471269,-0.04,0.0213495957559993
2320,-0.850736846971655,1,0,0.095282907335071,0.120109604907474,0.0248266975724033,0.0128769154649452,-0.000411592970856207,0.0500649881156627,0,0.0248266975724033
2321,-0.66809625747909,0,0,0.0958684719937584,0.114928685613593,0.0190602136198345,0.0116281440037063,-0.00373052983447531,0.0418509570741443,0,0.0190602136198345
2322,0.188364908863215,1,0,0.0986574731226158,0.0931595626662387,-0.00549791045637714,0.00957421167165447,-0.0242630205131829,0.0132671996004286,0,-0.00549791045637714
2323,0.421833573141022,0,1,0.0994301836233819,0.0879022936531857,-0.0115278899701961,0.0101057399106839,-0.0313347762322655,0.0082789962918733,0,-0.0115278899701961
2324,-1.45634979064767,1,0,0.0933640897581074,0.138749032113418,0.0453849423553104,0.0185051554397366,0.00911550416511121,0.0816543805455096,0,0.0453849423553104
2325,-0.411298259085148,1,0,0.0966972339377693,0.107973797847919,0.0112765639101496,0.01031478198226,-0.00894003728346258,0.0314931651037619,0,0.0112765639101496
2326,0.649429226742301,1,1,0.100188633966331,0.0830368318122912,-0.0171518021540396,0.0109377071085329,-0.0385893141602118,0.0042857098521326,0,-0.0171518021540396
2327,1.95090727713496,1,0,0.104625165978726,0.0596465403172539,-0.0449786256614719,0.0183355219513572,-0.0809155883238756,-0.00904166299906824,-0.04,-0.00497862566147191
2328,-0.670793781730306,1,0,0.0958598000922645,0.115003770635942,0.0191439705436776,0.0116447954976875,-0.003679409239124,0.0419673503264792,0,0.0191439705436776
2329,-1.10038165591251,0,0,0.0944876971783933,0.127516387134834,0.0330286899564404,0.0149447024925729,0.00373761131133155,0.0623197686015492,0,0.0330286899564404
2330,-1.09575729488172,1,0,0.0945023732789371,0.127375708482102,0.0328733352031649,0.0149029608870076,0.00366406860162082,0.0620826018047089,0,0.0328733352031649
2331,0.167234901047348,0,0,0.0985878037300486,0.0936490451340161,-0.00493875859603247,0.0095457779522546,-0.023648139586868,0.013770622394803,0,-0.00493875859603247
2332,-0.357120512106979,1,0,0.0968728965793939,0.106554574268638,0.00968167768924434,0.0101107833544748,-0.0101350935410134,0.029498448919502,0,0.00968167768924434
2333,0.554283194415359,0,0,0.0998709414715028,0.0850403141801596,-0.0148306272913431,0.0105584827525483,-0.0355248732177251,0.0058636186350388,0,-0.0148306272913431
2334,0.477362958614124,1,0,0.0996147599112638,0.0866919638355363,-0.0129227960757274,0.010283940654624,-0.0330789493779378,0.00723335722648288,0,-0.0129227960757274
2335,-0.44973331714724,1,0,0.0965727869584108,0.108990681317002,0.012417894358591,0.0104755404718122,-0.00811378768475267,0.0329495764019346,0,0.012417894358591
2336,-0.350611249224114,1,1,0.0968940209783364,0.106385169549021,0.0094911485706848,0.0100880780778758,-0.0102811211351797,0.0292634182765493,0,0.0094911485706848
2337,-1.78566179007329,0,0,0.0923353100415672,0.149868666975091,0.0575333569335233,0.0223539703424478,0.0137203801508491,0.101346333716198,0,0.0575333569335233
2338,0.722867107169934,0,0,0.100434456746234,0.0815199095316758,-0.0189145472145579,0.0112566837773659,-0.0409772420035514,0.0031481475744355,-0.04,0.0210854527854421
2339,0.928609891569311,0,0,0.101126006443698,0.0774037394297786,-0.0237222670139198,0.0122495411692494,-0.0477309265327893,0.000286392504949658,-0.04,0.0162777329860802
2340,1.14281743723281,1,1,0.101850495372306,0.0733212864311183,-0.0285292089411881,0.0134012041337525,-0.0547950863928122,-0.002263331489564,-0.04,0.0114707910588119
2341,-1.21808960958446,1,0,0.0941148201151695,0.131142066987298,0.0370272468721289,0.0160477318562722,0.00557427040027938,0.0684802233439785,0,0.0370272468721289
2342,-0.729172552210614,0,1,0.0956722979140557,0.11663921398043,0.0209669160663747,0.0120187048940941,-0.00258931266686505,0.0445231447996145,0,0.0209669160663747
2343,0.225231918679146,0,0,0.0987791351982473,0.0923110231508734,-0.00646811204737391,0.00963220728167677,-0.0253468914110848,0.012410667316337,0,-0.00646811204737391
2344,0.582779776474106,1,0,0.0999659974607369,0.0844357079446074,-0.0155302895161295,0.010667716852273,-0.0364386303438555,0.00537805131159656,0,-0.0155302895161295
2345,0.771823744554366,1,0,0.100598629596242,0.080522739642554,-0.0200758899536882,0.011480592372497,-0.0425774375249676,0.00242565761759122,-0.04,0.0199241100463118
2346,-0.759282718911806,0,0,0.095575717689089,0.117490596653755,0.0219148789646662,0.0122214634962217,-0.00203874932629926,0.0458685072556317,0,0.0219148789646662
2347,0.926117117964752,0,0,0.101117602413336,0.0774524518234283,-0.0236651505899078,0.0122367653370387,-0.0476487699377718,0.000318468757956176,-0.04,0.0163348494100922
2348,0.547735454348236,0,0,0.099849111545002,0.0851797899919284,-0.0146693215530736,0.0105339376088213,-0.0353154598817553,0.00597681677560807,0,-0.0146693215530736
2349,-0.372281137561311,0,0,0.0968237120010917,0.106950053530945,0.0101263415298535,0.0101651740777626,-0.00979703355914133,0.0300497166188484,0,0.0101263415298535
2350,0.457175727190912,0,0,0.0995476235585695,0.0871302139362222,-0.0124174096223473,0.0102171237791143,-0.0324426042549992,0.00760778501030457,0,-0.0124174096223473
2351,-1.26923629267884,0,0,0.0939532082042909,0.132744597077176,0.0387913888728854,0.016550590382816,0.00635282779969108,0.0712299499460797,0,0.0387913888728854
2352,2.0147736684913,1,0,0.104847281688115,0.0586740906584673,-0.0461731910296473,0.0187500236456561,-0.0829225620844076,-0.009423819974887,-0.04,-0.00617319102964729
2353,-0.760537316161597,1,1,0.0955716953835297,0.117526187772587,0.0219544923890571,0.0122300550342376,-0.00201597500699132,0.0459249597851056,0,0.0219544923890571
2354,-0.267560867172803,1,0,0.0971639040903009,0.104244518396441,0.00708061430614047,0.00983291619972668,-0.0121915473083243,0.0263527759206052,0,0.00708061430614047
2355,1.46707019246101,1,0,0.102955932071309,0.0675177490215893,-0.0354381830497201,0.015296725496778,-0.0654192141048004,-0.00545715199463966,-0.04,0.00456181695027994
2356,-1.51141701053419,0,0,0.0931913452071804,0.140559006027525,0.0473676608203443,0.0191133989710735,0.0099060872148953,0.0848292344257934,0,0.0473676608203443
2357,0.0186408819021596,1,0,0.0980990993518859,0.0971568203654489,-0.000942278986436937,0.00945090014543805,-0.0194657028929799,0.017581144920106,0,-0.000942278986436937
2358,-0.533211338051451,1,0,0.0963029902093726,0.111228257953868,0.0149252677444951,0.0108692538674173,-0.00637807837446545,0.0362286138634556,0,0.0149252677444951
2359,-0.52643422673045,1,0,0.0963248683508385,0.111045113066866,0.0147202447160279,0.0108350617982929,-0.00651608617889198,0.0359565756109477,0,0.0147202447160279
2360,1.38375003593973,0,0,0.102670868679864,0.068967020857769,-0.0337038478220945,0.0147960114468989,-0.0627034973728587,-0.00470419827133035,-0.04,0.00629615217790547
2361,0.644532192428969,1,0,0.100172260875977,0.0831388919726669,-0.0170333689033105,0.0109172108822736,-0.0384307090441956,0.00436397123757456,0,-0.0170333689033105
2362,-0.0351093274476803,0,0,0.0979228550255095,0.0984542861515043,0.000531431125994838,0.00946436133573406,-0.0180183762287173,0.019081238480707,0,0.000531431125994838
2363,-0.309114917919254,0,0,0.0970287849998684,0.105310788991234,0.00828200399136565,0.00995254356217252,-0.0112246229450585,0.0277886309277898,0,0.00828200399136565
2364,0.621778415742731,1,0,0.100096215481331,0.083614606135845,-0.0164816093454861,0.0108233180295166,-0.0376949228765617,0.00473170418558953,0,-0.0164816093454861
2365,1.10872899377283,1,0,0.101734894943685,0.0739574262656867,-0.027777468677998,0.0132115131903129,-0.0536715587122872,-0.00188337864370889,-0.04,0.012222531322002
2366,1.55025993664599,1,0,0.103241248048421,0.0660989723151947,-0.0371422757332267,0.0158043601039447,-0.06811825233566,-0.0061662991307935,-0.04,0.00285772426677327
2367,-0.00523210064324077,1,0,0.0980207861303566,0.0977311915883601,-0.000289594541996535,0.00945363885786524,-0.0188183862262608,0.0182391971422677,0,-0.000289594541996535
2368,-0.605673905267615,1,0,0.0960693410411706,0.113203055259448,0.0171337142182777,0.0112587076616074,-0.00493294731093794,0.0392003757474934,0,0.0171337142182777
2369,0.870190985368162,1,0,0.100929218331909,0.0785527356572207,-0.0223764826746879,0.0119545451968292,-0.0458069607120294,0.00105399536265353,-0.04,0.0176235173253121
2370,-0.352952146407235,0,0,0.0968864236314761,0.106446064475446,0.00955964084397004,0.0100961985755614,-0.0102285447448949,0.029347826432835,0,0.00955964084397004
2371,-0.277623920271834,0,0,0.0971311671975237,0.104501856113331,0.00737068891580719,0.00986039911784867,-0.0119553382283667,0.0266967160599811,0,0.00737068891580719
2372,-0.175355608695547,0,0,0.0974643228024438,0.101912566556048,0.00444824375360373,0.00962565187678091,-0.0144176872526072,0.0233141747598147,0,0.00444824375360373
2373,0.703928630567765,1,0,0.100371011685904,0.0819086662976164,-0.0184623453882877,0.0111724099673112,-0.040359866544734,0.00343517576815859,-0.04,0.0215376546117123
2374,-0.198300325548399,0,0,0.0973894880899935,0.102488499627848,0.00509901153785407,0.00966970117678488,-0.0138532545099089,0.024051277585617,0,0.00509901153785407
2375,0.49468489820226,0,0,0.0996723993063932,0.0863175085804639,-0.0133548907259293,0.0103430608329681,-0.0336269174484536,0.00691713599659504,0,-0.0133548907259293
2376,-0.494424685374379,1,0,0.0964282628572904,0.110183649259404,0.0137553864021136,0.0106788442151974,-0.00717476365618728,0.0346855364604145,0,0.0137553864021136
2377,1.65646886024065,1,0,0.103606529607691,0.0643278712501629,-0.0392786583575279,0.0164624039140299,-0.0715443771279777,-0.00701293958707803,-0.04,0.000721341642472138
2378,0.0138091286958289,1,0,0.098083244710489,0.0972728260981447,-0.000810418612344335,0.00945103983062223,-0.0193341162968174,0.0177132790721288,0,-0.000810418612344335
2379,0.566247113761752,0,0,0.0999108397017993,0.0847860013178452,-0.0151248383839541,0.0106038704615035,-0.0359080425852291,0.00565836581732084,0,-0.0151248383839541
2380,1.93859859476563,0,0,0.104582406408002,0.0598356831178201,-0.0447467232901815,0.0182559485806823,-0.0805277250119339,-0.00896572156842911,-0.04,-0.00474672329018148
2381,-0.827016032343945,0,0,0.0953587775221654,0.119425499616544,0.0240667220943785,0.0127013159936708,-0.00082739980947882,0.0489608439982358,0,0.0240667220943785
2382,-0.0612223169699808,0,0,0.0978373337176061,0.0990901769129252,0.00125284319531906,0.00948045233177062,-0.0173285019321001,0.0198341883227382,0,0.00125284319531906
2383,0.502303181478963,0,0,0.0996977588153521,0.0861532852941287,-0.0135444735212234,0.0103695731789828,-0.0338684634870822,0.00677951644463543,0,-0.0135444735212234
2384,0.200240252810619,1,0,0.098696647485191,0.0928854757171483,-0.00581117176804262,0.00959174145649828,-0.024610639571799,0.0129882960357138,0,-0.00581117176804262
2385,-0.00732056004668531,1,1,0.0980139377741009,0.0977815825715125,-0.000232355202588394,0.0094541236616341,-0.0187620970847792,0.0182973866796024,0,-0.000232355202588394
2386,0.54593735834663,1,0,0.0998431175010374,0.0852181281860117,-0.0146249893150257,0.0105272341155917,-0.0352579890384068,0.00600801040835538,0,-0.0146249893150257
2387,0.164359663187413,1,0,0.0985783269472247,0.0937158287886326,-0.00486249815859208,0.00954218486460408,-0.0235648368270393,0.0138398405098551,0,-0.00486249815859208
2388,-0.719815812651976,1,1,0.0957023280045023,0.116375739294034,0.0206734112895316,0.0119570547087026,-0.00276198530070059,0.0441088078797638,0,0.0206734112895316
2389,-2.35944658663068,1,1,0.0905671012634964,0.170984630300731,0.0804175290372343,0.0302071561351971,0.0212125909368698,0.139622467137599,0,0.0804175290372343
2390,0.901751267658688,1,0,0.10103548906284,0.0779300763977122,-0.0231054126651277,0.0121127540030112,-0.0468459742646229,0.000635148934367544,-0.04,0.0168945873348723
2391,-0.862221574521227,0,0,0.0952461932474212,0.120442037162793,0.025195843915372,0.012963307490072,-0.000211771885687401,0.0506034597164314,0,0.025195843915372
2392,0.971910720959926,0,0,0.101272087941833,0.0765620458017867,-0.0247100421400461,0.0124739888320134,-0.0491586109943472,-0.000261473285745047,-0.04,0.0152899578599539
2393,0.873952621378722,1,0,0.100941879415124,0.0784782833661166,-0.0224635960490074,0.0119732542899969,-0.045930743235141,0.0010035511371262,-0.04,0.0175364039509926
2394,0.904428226304147,1,0,0.101044507566381,0.0778774705249663,-0.0231670370414146,0.0121263005181686,-0.0469341493227345,0.000600075239905219,-0.04,0.0168329629585854
2395,-0.559317961370004,0,0,0.0962187532516941,0.111936235657382,0.0157174824056875,0.0110045700957608,-0.00585107864735002,0.0372860434587251,0,0.0157174824056875
2396,0.36278892285498,0,0,0.0992342566110637,0.0892059735264916,-0.0100282830845721,0.00993642886472696,-0.0295033257943811,0.009446759625237,0,-0.0100282830845721
2397,-0.059433848389069,0,0,0.0978431889141773,0.0990465086518098,0.00120331973763248,0.00947914893160053,-0.0173754707723959,0.0197821102476609,0,0.00120331973763248
2398,-0.273776861665897,0,1,0.0971436811976734,0.104403410907161,0.00725972970948741,0.00984978003916702,-0.0120454844229215,0.0265649438418963,0,0.00725972970948741
2399,0.253323506857652,1,0,0.09887192781487,0.0916691279830367,-0.00720279983183332,0.00968335003787275,-0.0261818171557585,0.0117762174920918,0,-0.00720279983183332
2400,1.33372078250399,1,0,0.102500039545141,0.069851018589226,-0.0326490209559152,0.0144994616337837,-0.0610674435533515,-0.00423059835847879,-0.04,0.00735097904408485
2401,-1.03425875931949,0,0,0.0946977422628011,0.125517423640988,0.0308196813781869,0.0143597096461067,0.00267516764336538,0.0589641951130085,0,0.0308196813781869
2402,0.807051314915975,0,1,0.100716910342726,0.0798121078534235,-0.0209048024893021,0.0116468086722153,-0.0437321280216728,0.00192252304306864,-0.04,0.0190951975106979
2403,-1.39985516064088,1,0,0.0935416105053906,0.136912501620762,0.0433708911153711,0.0178964891334201,0.00829441696415534,0.0784473652665868,0,0.0433708911153711
2404,0.12161966843364,0,0,0.0984375515837336,0.0947136038224742,-0.00372394776125938,0.00949672792454432,-0.0223371924643421,0.0148892969418233,0,-0.00372394776125938
2405,0.871768116675042,1,0,0.100934526539566,0.078521512376894,-0.0224130141626716,0.0119623843609872,-0.0458588566794317,0.00103282835408846,-0.04,0.0175869858373284
2406,0.851767980281448,0,0,0.100867229713563,0.0789183074105299,-0.0219489223030332,0.0118635092847877,-0.0452009732314737,0.00130312862540726,-0.04,0.0180510776969668
2407,-1.47673515210302,1,0,0.0933001079081301,0.139416777079829,0.0461166691716992,0.0187286156506786,0.00940925701607584,0.0828240813273225,0,0.0461166691716992
2408,0.64713932139844,1,0,0.100180977439084,0.0830845420384662,-0.0170964354006176,0.0109281103003847,-0.0385151380084527,0.00432226720721753,0,-0.0170964354006176
2409,-0.54123658716844,0,0,0.0962770885210735,0.111445474248218,0.0151683857271442,0.0109102433909189,-0.00621529838162298,0.0365520698359113,0,0.0151683857271442
2410,0.628122742939033,1,0,0.100117413696495,0.0834817168776053,-0.01663569681889,0.0108492731327831,-0.0378998814175829,0.00462848777980297,0,-0.01663569681889
2411,1.56655247242163,0,0,0.103297208446803,0.0658243712021497,-0.0374728372446536,0.015904610194849,-0.0686453004147062,-0.00630037407460106,-0.04,0.00252716275534639
2412,-1.0297572567157,0,1,0.0947120568636313,0.12538231900827,0.0306702621446392,0.0143208245636731,0.00260196177092348,0.058738562518355,0,0.0306702621446392
2413,-1.33329395685685,0,0,0.093751151400211,0.134775016012774,0.041023864612563,0.0171997531860369,0.00731296782495264,0.0747347614001734,0,0.041023864612563
2414,1.02300411257587,1,0,0.101444699550082,0.0755796782742347,-0.025865021275847,0.0127446410020365,-0.0508440586357309,-0.000885983915963052,-0.04,0.014134978724153
2415,-0.666950336182227,0,0,0.0958721560715247,0.114896802045693,0.0190246459741686,0.0116210873431991,-0.0037522666796958,0.0418015586280331,0,0.0190246459741686
2416,-1.44790453952193,0,0,0.0933906076984354,0.138473185540572,0.0450825778421361,0.0184131720211862,0.00899342383947063,0.0811717318448016,0,0.0450825778421361
2417,0.259701949530605,1,0,0.0988930080043785,0.091523940144027,-0.00736906786035152,0.00969577911530255,-0.0263724457284001,0.0116343100076971,0,-0.00736906786035152
2418,0.601088447480703,1,0,0.100027112083751,0.0840493180507893,-0.0159777940329615,0.0107399093777416,-0.037027629610559,0.00507204154463593,0,-0.0159777940329615
2419,1.16957073110943,1,0,0.101941302458045,0.0728255642423878,-0.0291157382156569,0.0135515608926022,-0.0556763094994587,-0.00255516693185514,-0.04,0.0108842617843431
2420,1.89065002344769,0,0,0.104415983298079,0.0605778575496348,-0.0438381257484439,0.0179469585091752,-0.079013518058462,-0.00866273343842573,-0.04,-0.00383812574844387
2421,1.74988935294393,0,0,0.10392877265892,0.0628066559463428,-0.0411221167125776,0.0170494594219031,-0.0745384431353848,-0.00770579028977041,-0.04,-0.00112211671257758
2422,-0.569910328269837,1,0,0.0961845941617882,0.112224608285729,0.0160400141239405,0.0110610892487042,-0.00563932243330295,0.0377193506811839,0,0.0160400141239405
2423,-1.23701444031606,0,0,0.0940549929309629,0.131733097367859,0.037678104436896,0.016232169961547,0.00586363592133095,0.069492572952461,0,0.037678104436896
2424,1.32577288029243,0,0,0.102472923945362,0.0699924161155042,-0.0324805078298576,0.0144526534376292,-0.0608071880486499,-0.00415382761106529,-0.04,0.00751949217014241
2425,-0.0137073786726057,0,0,0.0979929971312078,0.0979358294475974,-5.71676836103874e-05,0.00945585236491039,-0.0185902977619626,0.0184759623947419,0,-5.71676836103874e-05
2426,0.515511252549709,0,0,0.099741739036605,0.085869236441498,-0.013872502595107,0.0104162642104525,-0.0342880053010475,0.00654300011083351,0,-0.013872502595107
2427,0.573608896705719,1,0,0.0999353974030895,0.0846298576034891,-0.0153055397996004,0.0106321407001328,-0.0361441526504231,0.00553307305122229,0,-0.0153055397996004
2428,-1.92349750804117,1,0,0.0919077382769172,0.15473650622764,0.0628287679507225,0.024110772805239,0.0155725216130263,0.110085014288419,0,0.0628287679507225
2429,2.61621854798349,1,0,0.106959488063998,0.0502196468319457,-0.0567398412320524,0.0227732068549239,-0.101374506480184,-0.0121051759839209,-0.04,-0.0167398412320524
2430,1.09456193317945,1,0,0.101686885966401,0.0742232951286676,-0.0274635908377334,0.0131333274456239,-0.0532044396283276,-0.00172274204713915,-0.04,0.0125364091622666
2431,-0.292554200921998,0,1,0.0970826144880979,0.104884694974554,0.00780208048645575,0.00990292788169221,-0.0116073015031585,0.02721146247607,0,0.00780208048645575
2432,-1.13166819812517,1,0,0.094388458278366,0.128471649760483,0.0340831914821165,0.0152303240848952,0.00423230480284897,0.0639340781613841,0,0.0340831914821165
2433,-1.31950222555203,1,0,0.0937946216600546,0.134335660043234,0.0405410383831795,0.0170581962874791,0.00710758801850567,0.0739744887478534,0,0.0405410383831795
2434,0.916968438225909,1,0,0.101086764257333,0.0776314709742918,-0.0234552932830411,0.0121900169099176,-0.0473472873974139,0.000436700831331644,-0.04,0.0165447067169589
2435,0.361848072287928,1,0,0.0992311373826478,0.0892268875949018,-0.0100042497877459,0.00993390839102951,-0.029474352459884,0.00946585288439215,0,-0.0100042497877459
2436,0.294910794057531,0,0,0.0990094421398257,0.0907262226037556,-0.0082832195360701,0.00976968668682962,-0.0274314535824966,0.0108650145103564,0,-0.0082832195360701
2437,-0.520469648343961,1,0,0.0963441271147427,0.110884144479981,0.0145400173652387,0.0108052905614231,-0.00663796297764122,0.0357179977081187,0,0.0145400173652387
2438,-1.59520433863577,1,1,0.0929290564679297,0.143350808202911,0.0504217517349813,0.0200665865268682,0.011091964849663,0.0897515386202995,0,0.0504217517349813
2439,1.99198442302026,0,0,0.104767977099383,0.0590193689759591,-0.0457486081234238,0.0186018107863842,-0.0822074873119655,-0.00928972893488218,-0.04,-0.00574860812342383
2440,-0.426703267095679,0,0,0.0966473376355906,0.108380365860162,0.0117330282245711,0.010377633231397,-0.00860675915373292,0.0320728156028752,0,0.0117330282245711
2441,1.35770609233762,1,0,0.10258190798206,0.0694259070971383,-0.0331560008849219,0.0146412306383959,-0.0618522856255222,-0.00445971614432161,-0.04,0.0068439991150781
2442,-0.277003089136695,1,1,0.0971331865861508,0.10448596366326,0.00735277707710909,0.00985867601477799,-0.0119698728471046,0.0266754270013228,0,0.00735277707710909
2443,1.14073742633086,0,0,0.10184343832269,0.0733599576766748,-0.0284834806460151,0.0133895679213854,-0.0547265515404833,-0.00224040975154682,-0.04,0.0115165193539849
2444,-0.818247911546828,1,0,0.0953868357245002,0.11917348190524,0.02378664618074,0.0126373853858794,-0.000982174034336432,0.0485554663958164,0,0.02378664618074
2445,0.465021766080961,0,0,0.0995737122221238,0.0869596445623279,-0.012614067659796,0.0102428228255568,-0.0326896314979121,0.00746149617832017,0,-0.012614067659796
2446,-0.58802159111301,1,0,0.0961262126548295,0.112719183200341,0.0165929705455119,0.0111598651819981,-0.00527996328352686,0.0384659043745506,0,0.0165929705455119
2447,0.349138933382633,0,0,0.0991890109644631,0.0895098313817129,-0.00967917958275027,0.00990042467757452,-0.0290836553824479,0.00972529621694735,0,-0.00967917958275027
2448,0.167555315800992,0,0,0.0985888598671951,0.0936416054475946,-0.00494725441960057,0.0095461824845292,-0.0236574282791249,0.0137629194399237,0,-0.00494725441960057
2449,1.26554338873856,0,0,0.10226764740423,0.0710725623934796,-0.0311950850107509,0.0141008063879654,-0.0588321576841354,-0.0035580123373664,-0.04,0.0088049149892491
2450,0.112331429559715,1,0,0.0984069820346605,0.0949316943532226,-0.00347528768143782,0.00948885185026229,-0.0220730955625882,0.0151225201997125,0,-0.00347528768143782
2451,0.100138156677709,0,0,0.0983668642458078,0.0952186782450181,-0.00314818600078977,0.00947961689235791,-0.0217278936970488,0.0154315216954692,0,-0.00314818600078977
2452,0.110693797744253,0,0,0.0984015931207515,0.0949701930041363,-0.00343140011661515,0.00948753844059389,-0.0220266337621185,0.0151638335288882,0,-0.00343140011661515
2453,-1.10392200969409,0,0,0.0944764627164848,0.12762417861928,0.033147715902795,0.0149767425098165,0.0037938399778247,0.0625015918277654,0,0.033147715902795
2454,-0.261856468989103,1,0,0.0971824658795878,0.104098891309868,0.00691642543028052,0.00981776047917339,-0.01232603151774,0.0261588823783011,0,0.00691642543028052
2455,0.710959474499099,0,0,0.100394561288292,0.0817641450129895,-0.0186304162753025,0.0112035384723768,-0.0405889481805699,0.00332811562996498,-0.04,0.0213695837246975
2456,-1.49778448311057,1,0,0.093234083391634,0.140109094947692,0.0468750115560584,0.0189614616289321,0.00971122966911323,0.0840387934430035,0,0.0468750115560584
2457,-0.0705955531741927,0,0,0.0978066521588589,0.0993193194823716,0.00151266732351273,0.00948776951175071,-0.0170830192131358,0.0201083538601613,0,0.00151266732351273
2458,0.0415973887970815,1,0,0.0981744587431817,0.0966073421031936,-0.00156711663998817,0.00945308725554287,-0.0200948272035668,0.0169605939235904,0,-0.00156711663998817
2459,-1.2266181922327,0,0,0.0940878544341524,0.13140813901105,0.0373202845768972,0.0161306119841973,0.00570486603928033,0.068935703114514,0,0.0373202845768972
2460,-0.0642556036631097,1,0,0.0978274038744444,0.0991642785337408,0.00133687465929637,0.00948273084681397,-0.017248936275546,0.0199226855941388,0,0.00133687465929637
2461,-0.919092789281121,1,0,0.0950645752517549,0.122099929238299,0.0270353539865445,0.0134040359502505,0.000763926276573415,0.0533067816965156,0,0.0270353539865445
2462,0.198153709873878,1,0,0.0986897633982772,0.0929335813599854,-0.00575618203829183,0.00958858145472305,-0.0245494563523777,0.013037092275794,0,-0.00575618203829183
2463,-1.33384953883921,1,0,0.0937494006357804,0.134792740290562,0.0410433396547812,0.0172054760178225,0.0073212263229815,0.0747654529865809,0,0.0410433396547812
2464,1.88414273389056,1,0,0.104393415400452,0.0606792422492676,-0.0437141731511843,0.0179051475314801,-0.0788076174507615,-0.00862072885160697,-0.04,-0.00371417315118425
2465,0.255879149191188,0,0,0.0988803735066314,0.091610930914134,-0.00726944259249736,0.00968829409778013,-0.0262581500957784,0.0117192649107837,0,-0.00726944259249736
2466,-1.22048656222792,0,0,0.094107240728336,0.131216800110378,0.0371095593820418,0.0160709857094915,0.00561100619538049,0.0686081125687031,0,0.0371095593820418
2467,-1.45730527007563,0,1,0.0933610899948191,0.138780269872996,0.0454191798781768,0.0185155841448089,0.00912930180163058,0.0817090579547231,0,0.0454191798781768
2468,-1.35128776712327,0,0,0.0936944637331156,0.135350058618585,0.0416555948854697,0.0173858995806204,0.00757985786862378,0.0757313319023156,0,0.0416555948854697
2469,0.535543427660109,0,0,0.0998084750766216,0.0854400497031021,-0.0143684253735195,0.0104887993304206,-0.0349260943022118,0.00618924355517274,0,-0.0143684253735195
2470,-1.03107804591895,0,0,0.0947078566052077,0.12542194723954,0.0307140906343323,0.0143322212652706,0.00262345313594273,0.0588047281327218,0,0.0307140906343323
2471,-2.57514756359777,0,0,0.0899103063349569,0.17951201115657,0.0896017048216135,0.0335197336475178,0.0239042341011032,0.155299175542124,0,0.0896017048216135
2472,1.68501653843576,1,0,0.103704907610453,0.0638594094703722,-0.0398454981400809,0.0166410194777164,-0.0724612969824346,-0.00722969929772729,-0.04,0.000154501859919075
2473,0.134069830138177,1,1,0.0984785409554147,0.0944219741567016,-0.00405656679871312,0.0095084162054876,-0.0226927201114858,0.0145795865140596,0,-0.00405656679871312
2474,0.789850544964298,0,0,0.100659141296431,0.0801583737802906,-0.0205007675161402,0.0115651362228141,-0.0431680179891554,0.00216648295687507,-0.04,0.0194992324838598
2475,-1.10488546936815,1,0,0.0944734056158476,0.127653526084056,0.0331801204682085,0.0149854742308152,0.00380913068455772,0.0625511102518593,0,0.0331801204682085
2476,1.38565956652199,1,0,0.102677393926968,0.0689334862517731,-0.0337439076751944,0.014807393611878,-0.0627658658593838,-0.00472194949100509,-0.04,0.00625609232480556
2477,-0.204004580965384,0,0,0.0973708914895911,0.102632128369741,0.0052612368801499,0.00968142708572828,-0.0137140115268281,0.0242364852871279,0,0.0052612368801499
2478,0.883154838407234,1,0,0.10097285859367,0.0782964202805458,-0.0226764383131238,0.0120191932093815,-0.0462336241267399,0.000880747500492374,-0.04,0.0173235616868762
2479,-0.817396374820741,1,0,0.0953895610563918,0.119149031125749,0.0237594700693572,0.012631204949951,-0.000997236713890782,0.0485161768526051,0,0.0237594700693572
2480,0.0844492481875513,0,0,0.0983152667006298,0.0955890781193053,-0.00272618858132451,0.00946959650304816,-0.0212862566754253,0.0158338795127763,0,-0.00272618858132451
2481,-0.973372924044002,1,0,0.0948915209970435,0.123700574603319,0.0288090536062756,0.0138441859677285,0.00167494771425283,0.0559431594982983,0,0.0288090536062756
2482,0.308808464926332,0,0,0.0990554347187305,0.0904130731946674,-0.00864236152406311,0.00980127710129468,-0.0278525116450978,0.0105677885969716,0,-0.00864236152406311
2483,-0.575253107115516,1,0,0.0961673684641197,0.112370309234323,0.0162029407702032,0.0110899484111629,-0.00553295870608322,0.0379388402464897,0,0.0162029407702032
2484,1.53622539752544,0,0,0.103193064758605,0.0663363692550737,-0.0368566955035315,0.0157182155358128,-0.0676638318549626,-0.00604955915210047,-0.04,0.00314330449646847
2485,1.45335321580439,1,0,0.102908954025921,0.0677543843807975,-0.0351545696451237,0.0152137386091804,-0.0649729493893238,-0.00533618990092364,-0.04,0.00484543035487627
2486,0.258116848435178,1,0,0.098887769011713,0.0915600013237692,-0.00732776768794383,0.00969266249374257,-0.0263250370899815,0.0116695017140938,0,-0.00732776768794383
2487,-1.20623790884238,0,0,0.0941523043330942,0.130773081002647,0.0366207766695525,0.0159332095286956,0.00539225983517866,0.0678492935039263,0,0.0366207766695525
2488,-1.21347300301492,1,0,0.0941294197952492,0.130998230462767,0.0368688106675183,0.0160030315322741,0.00550344522080213,0.0682341761142344,0,0.0368688106675183
2489,0.854830216262786,1,0,0.100877530998073,0.0788574351797605,-0.0220200958183126,0.0118785720004546,-0.0453016691269695,0.00126147749034431,-0.04,0.0179799041816874
2490,0.658236380844375,1,0,0.100218086412046,0.0828535666900674,-0.0173645197219785,0.0109748211668503,-0.038874773945773,0.00414573450181599,0,-0.0173645197219785
2491,0.888684023612178,1,0,0.100991476603289,0.0781873327406018,-0.0228041438626872,0.0120469107802179,-0.0464156551168817,0.00080736739150717,-0.04,0.0171958561373128
2492,-0.699038965779166,1,0,0.0957690406220878,0.11579253531308,0.020023494690992,0.0118224929789077,-0.00314816575514467,0.0431951551371287,0,0.020023494690992
2493,-0.51134085959707,1,0,0.0963736093192521,0.110638177525138,0.0142645682058863,0.0107603109326048,-0.00682525368447178,0.0353543900962444,0,0.0142645682058863
2494,-1.33053944008045,1,0,0.0937598319382458,0.134687169973874,0.0409273380356277,0.0171714032831813,0.00727200603657945,0.074582670034676,0,0.0409273380356277
2495,-0.926257178744273,1,0,0.0950417177966189,0.122310171087537,0.0272684532909184,0.0134610557876606,0.000885268753219259,0.0536516378286176,0,0.0272684532909184
2496,-0.871896717497115,1,0,0.0952152738175765,0.120722705906624,0.0255074320890478,0.0130367752894844,-4.41779528833723e-05,0.0510590421309789,0,0.0255074320890478
2497,1.17675062177275,1,1,0.101965684938708,0.0726930518160831,-0.0292726331226248,0.0135921266710516,-0.0559127118711922,-0.00263255437405747,-0.04,0.0107273668773752
2498,1.06121315788847,0,0,0.101573953782651,0.0748526149788275,-0.0267213388038238,0.0129508555313771,-0.0521045492143042,-0.00133812839334337,-0.04,0.0132786611961762
2499,0.44621742740146,1,0,0.0995111965711946,0.0873689489764125,-0.0121422475947821,0.0101818146659141,-0.0320982376372354,0.0078137424476712,0,-0.0121422475947821
2500,1.00710739825838,0,1,0.101390966857656,0.0758840759761649,-0.0255068908814908,0.0126597882906527,-0.0503196199830721,-0.000694161779909556,-0.04,0.0144931091185092
2501,1.41284068013459,1,0,0.102770317044387,0.0684577741215961,-0.0343125429227913,0.0149698986197842,-0.0636530050697842,-0.00497208077579852,-0.04,0.00568745707720866
2502,0.128411888597576,0,0,0.0984599115645243,0.0945544046149106,-0.0039055069496137,0.00950294460049062,-0.0225309361136547,0.0147199222144273,0,-0.0039055069496137
2503,-0.372566291644314,1,0,0.0968227871088905,0.106957504409925,0.0101347173010342,0.0101662172705066,-0.00979070240816775,0.0300601370102362,0,0.0101347173010342
2504,-0.644506892149851,1,0,0.0959443361017646,0.11427389650535,0.0183295604035857,0.011484931990284,-0.00418049266226289,0.0408396134694342,0,0.0183295604035857
2505,-0.976430919137087,1,0,0.0948817799870303,0.123791284690057,0.0289095047030271,0.0138695350908683,0.00172571544261082,0.0560932939634434,0,0.0289095047030271
2506,-1.19984506450034,1,0,0.0941725289907751,0.130574415233071,0.0364018862422964,0.015871751922232,0.00529382410316721,0.0675099483814256,0,0.0364018862422964
2507,0.0992185093499291,1,0,0.0983638390522006,0.0952403547449654,-0.00312348430723521,0.00947897151293466,-0.0217019270830683,0.0154549584685979,0,-0.00312348430723521
2508,-1.16691607574095,1,0,0.0942767661323151,0.129555164691372,0.0352783985590565,0.0155587297643676,0.00478384857570459,0.0657729485424085,0,0.0352783985590565
2509,-0.211444492874897,1,0,0.0973466411881417,0.102819727456705,0.00547308626856345,0.00969718447521478,-0.0135330460542985,0.0244792185914254,0,0.00547308626856345
2510,-0.406742901295207,1,0,0.096711992994339,0.107853830197306,0.0111418372029667,0.0102966045901166,-0.00903913695671173,0.0313228113626451,0,0.0111418372029667
2511,0.774229379155726,1,0,0.100606702873499,0.0804740286304607,-0.020132674243038,0.0114918112046429,-0.042656210321272,0.00239086183519596,-0.04,0.019867325756962
2512,-2.27304280012267,1,0,0.0908314047382868,0.167660134335523,0.0768287295972362,0.0289347647447565,0.0201176327963742,0.133539826398098,0,0.0768287295972362
2513,-1.94880234420484,1,0,0.0918294352844654,0.155644083840813,0.0638146485563471,0.0244423573739609,0.0159085084061267,0.111720788706568,0,0.0638146485563471
2514,0.401950646701259,0,0,0.0993641679952214,0.0883393658798479,-0.0110248021153735,0.0100463216368237,-0.0307152307006533,0.00866562646990639,0,-0.0110248021153735
2515,-0.184226501737449,1,0,0.0974353841042337,0.102134892983312,0.00469950887907823,0.00964209025739974,-0.0141986407611098,0.0235976585192663,0,0.00469950887907823
2516,0.758618216445941,0,0,0.100554322269942,0.0807906140983807,-0.0197637081715614,0.0114193612837922,-0.0421452450142453,0.00261782867112247,-0.04,0.0202362918284386
2517,0.391402964664233,0,0,0.0993291632354742,0.0885720240060379,-0.0107571392294363,0.0100157788239352,-0.0303877050014683,0.00887342654259558,0,-0.0107571392294363
2518,-0.65606290178611,1,0,0.0959071649245902,0.114594259066991,0.0186870941424007,0.0115545484434572,-0.00395940466439882,0.0413335929492001,0,0.0186870941424007
2519,-1.02190333767598,1,0,0.0947370366556211,0.125146895822378,0.030409859166757,0.01425327207156,0.0024739592446487,0.0583457590888652,0,0.030409859166757
2520,0.185873329890485,0,0,0.0986492556641283,0.0932171611765885,-0.00543209448753978,0.00957067441357505,-0.0241902716459059,0.0133260826708263,0,-0.00543209448753978
2521,-0.228376546730994,1,0,0.097291471451191,0.103247805146014,0.00595633369482346,0.00973500113124762,-0.0131239179118786,0.0250365853015255,0,0.00595633369482346
2522,0.0776361108016931,1,0,0.0982928672245439,0.0957503306019041,-0.00254253662263976,0.00946590318885175,-0.021095365953932,0.0160102927086525,0,-0.00254253662263976
2523,1.58409596344894,0,0,0.103357495540682,0.0655298718952555,-0.0378276236454262,0.0160128471278215,-0.069212227305902,-0.00644301998495041,-0.04,0.00217237635457381
2524,-0.737774381011341,1,0,0.0956446981143296,0.116881887894056,0.0212371897797263,0.0120759516725122,-0.00243124057744387,0.0449056201368965,0,0.0212371897797263
2525,-1.38131108902648,0,0,0.0935999467332754,0.136314144125186,0.0427141973919107,0.017700139165298,0.00802256210657982,0.0774058326772416,0,0.0427141973919107
2526,0.115964019895703,0,0,0.0984189366469072,0.0948463466108718,-0.00357259003603533,0.00949184587665315,-0.0221762661010805,0.0150310860290099,0,-0.00357259003603533
2527,-1.68458513341393,0,0,0.0926499884735875,0.146379724530643,0.0537297360570556,0.0211194703656732,0.0123363347677751,0.0951231373463361,0,0.0537297360570556
2528,-0.447494407339892,0,1,0.0965800322889034,0.108931216231523,0.0123511839426193,0.0104658159070879,-0.00816143830409937,0.032863806189338,0,0.0123511839426193
2529,0.150898218771173,0,0,0.0985339688226048,0.0940290683611655,-0.00450490046143924,0.00952625205671984,-0.0231760114002607,0.0141662104773823,0,-0.00450490046143924
2530,1.26381042950698,0,0,0.102261746460074,0.071103867722021,-0.031157878738053,0.014090760527539,-0.0587752618868081,-0.0035404955892979,-0.04,0.00884212126194701
2531,1.191101857575,0,0,0.102014436373944,0.0724288504593249,-0.0295855859146187,0.0136734742365454,-0.056385102961784,-0.00278606886745348,-0.04,0.0104144140853813
2532,-0.462420177961153,0,0,0.0965317402078021,0.109328180682339,0.012796440474537,0.0105314793843697,-0.00784487982275359,0.0334377607718276,0,0.012796440474537
2533,-0.124458024968795,0,0,0.0976305095364377,0.10064522461883,0.00301471508239257,0.00954574198669665,-0.0156945954172447,0.0217240255820298,0,0.00301471508239257
2534,-0.774429018744234,1,0,0.095527167963429,0.117920900362395,0.0223937323989662,0.0123259436085674,-0.00176467314929747,0.0465521379472299,0,0.0223937323989662
2535,-0.0378221411509546,1,0,0.0979139673279672,0.0985201776847452,0.000606210356777936,0.00946573997435023,-0.0179462990799696,0.0191587197935255,0,0.000606210356777936
2536,-0.103692357386301,1,0,0.0976983844931799,0.10013219473945,0.00243381024627025,0.0095201667975705,-0.016225373803782,0.0210929942963225,0,0.00243381024627025
2537,2.10330884000158,0,0,0.10515587945344,0.0573505979428265,-0.0478052815106132,0.0193289630059542,-0.0856893528607905,-0.00992121016043597,-0.04,-0.00780528151061322
2538,0.495731270938317,0,0,0.0996758821001641,0.0862949356974242,-0.0133809464027399,0.0103466839855414,-0.0336600743738184,0.00689818156833855,0,-0.0133809464027399
2539,1.45336102005472,1,0,0.102908980748603,0.0677542495291093,-0.0351547312194942,0.0152137857642826,-0.0649732033859963,-0.00533625905299202,-0.04,0.00484526878050585
2540,0.124456544598553,1,0,0.0984468900265798,0.0946470826370184,-0.00379980738956134,0.00949927760579914,-0.0224180493760755,0.0148184345969528,0,-0.00379980738956134
2541,0.872157892807481,1,0,0.10093583846133,0.0785137975279882,-0.0224220409333419,0.0119643228537002,-0.0458716828260038,0.00102760095932008,-0.04,0.0175779590666581
2542,-0.0883147426133539,1,1,0.0977486750987355,0.0997537794291963,0.00200510433046083,0.00950383926638414,-0.0166220783465096,0.0206322870074313,0,0.00200510433046083
2543,0.113767767124773,0,0,0.0984117087710518,0.0948979393753062,-0.0035137693957456,0.00949002242333389,-0.0221138715579576,0.0150863327664664,0,-0.0035137693957456
2544,-1.69946130678652,0,1,0.092603614644476,0.146888961071119,0.0542853464266429,0.0212982631948011,0.0125415176315779,0.096029175221708,0,0.0542853464266429
2545,1.28737773755678,1,0,0.102342021960971,0.0706792213026636,-0.0316628006583077,0.0142277584552623,-0.0595486948113572,-0.00377690650525832,-0.04,0.00833719934169225
2546,-0.27587187021753,1,0,0.0971368662186566,0.104457011454747,0.00732014523608994,0.00985554565773258,-0.011996369301056,0.0266366597732359,0,0.00732014523608994
2547,1.44768154288125,0,0,0.102889535167078,0.0678524525454684,-0.0350370826216094,0.0151794873066278,-0.0647883310463828,-0.00528583419683596,-0.04,0.00496291737839064
2548,-0.536810621317533,1,0,0.0962913726644984,0.111325632509357,0.0150342598448591,0.0108875705069456,-0.00630498622789485,0.036373505917613,0,0.0150342598448591
2549,0.0506363524954225,1,0,0.0982041451280803,0.0963917514287085,-0.00181239369937179,0.00945523174652223,-0.0203443073880351,0.0167195199892915,0,-0.00181239369937179
2550,0.490656331610457,0,0,0.0996589914557087,0.0864044647877394,-0.0132545266679693,0.0103291663825482,-0.0334993207680857,0.00699026743214717,0,-0.0132545266679693
2551,-0.19229892688883,1,0,0.0974090568355814,0.102337581279201,0.00492852444361955,0.00965769753430508,-0.0140002148971997,0.0238572637844388,0,0.00492852444361955
2552,-1.8717791187111,0,0,0.0920679617490389,0.152895038060878,0.0608270763118394,0.0234417781511828,0.0148820354019432,0.106772117221736,0,0.0608270763118394
2553,-1.15041843363202,1,0,0.0943290284904484,0.129047064345206,0.0347180358547574,0.0154041556483203,0.00452644557180037,0.0649096261377144,0,0.0347180358547574
2554,-0.0675785944335852,0,0,0.0978165266801354,0.0992455140755934,0.00142898739545795,0.00948532514730472,-0.0171619082749114,0.0200198830658273,0,0.00142898739545795
2555,-1.67480048523709,1,0,0.0926805017438473,0.146045577533017,0.0533650757891697,0.0210024208422999,0.0122010873501085,0.094529064228231,0,0.0533650757891697
2556,1.52076015226777,0,0,0.10313999262485,0.0665988839887988,-0.0365411086360515,0.0156235206560191,-0.0671626464335665,-0.00591957083853648,-0.04,0.00345889136394851
2557,-0.0170485447533707,1,0,0.0979820439443331,0.0980166077174666,3.45637731334891e-05,0.00945690475344822,-0.0185006289488507,0.0185697564951176,0,3.45637731334891e-05
2558,-0.0449625859378224,0,0,0.0978905772998671,0.0986937997392941,0.000803222439427001,0.00946969280977232,-0.0177570344123847,0.0193634792912387,0,0.000803222439427001
2559,0.066643019787362,0,0,0.0982567349486034,0.0960110265462625,-0.00224570840234088,0.00946079100674451,-0.0207885180408206,0.0162971012361388,0,-0.00224570840234088
2560,0.306561624620739,0,0,0.0990479977973162,0.0904636340982457,-0.00858436369907052,0.00979607885021497,-0.0277843254352064,0.0106155980370654,0,-0.00858436369907052
2561,0.990658060681553,0,0,0.101335392819073,0.0762002398671437,-0.025135152951929,0.0125725922027064,-0.0497769808615427,-0.000493325042315394,-0.04,0.014864847048071
2562,-1.20514101185594,0,0,0.0941557742435777,0.130738975292816,0.0365832010492383,0.0159226487313963,0.00537538299721918,0.0677910191012574,0,0.0365832010492383
2563,1.69347058500736,0,0,0.103734056905037,0.0637212914254273,-0.04001276547961,0.0166940483967703,-0.0727324990934484,-0.00729303186577156,-0.04,-1.27654796099955e-05
2564,-0.0159917883304852,1,0,0.0979855081409753,0.0979910524470961,5.54430612081935e-06,0.00945656088996516,-0.0185289744558209,0.0185400630680626,0,5.54430612081935e-06
2565,-0.656413561387196,0,0,0.0959060371906481,0.114603992472773,0.0186979552821246,0.0115566771833798,-0.00395271577825553,0.0413486263425048,0,0.0186979552821246
2566,0.0203624779317125,0,0,0.0981047490515018,0.0971155163461914,-0.000989232705310455,0.009450900991228,-0.0195126582695712,0.0175341928589503,0,-0.000989232705310455
2567,-0.285828918608726,0,0,0.0971044821709472,0.10471209379584,0.00760761162489272,0.00988351206488303,-0.0117637160630451,0.0269789393128306,0,0.00760761162489272
2568,-0.791513009341585,1,1,0.0954724336638533,0.118407891314843,0.02293545765099,0.0124457579945857,-0.00145777977869938,0.0473286950806794,0,0.02293545765099
2569,0.29839976772546,1,1,0.0990209866683247,0.0906475155996062,-0.00837347106871854,0.00977749069162355,-0.0275370006834763,0.0107900585460392,0,-0.00837347106871854
2570,-2.21301613049517,0,0,0.0910154308525368,0.165381056147476,0.0743656252949395,0.0280693133319035,0.0193507820936386,0.12938046849624,0,0.0743656252949395
2571,-0.771071248627159,0,0,0.095537929006876,0.117825389075471,0.0222874600685946,0.0123026393404983,-0.00182526995356761,0.0464001900907568,0,0.0222874600685946
2572,0.0236584750187202,1,0,0.0981155662153308,0.0970364834838489,-0.00107908273148187,0.00945097667463541,-0.0196026566324954,0.0174444911695316,0,-0.00107908273148187
2573,1.82967603579035,0,0,0.10420468865263,0.0615340866566893,-0.0426706019959409,0.017556374236766,-0.0770804631991092,-0.00826074079277263,-0.04,-0.00267060199594089
2574,-1.12051604107915,1,0,0.0944238214900757,0.128130446458922,0.033706624968846,0.0151278741980931,0.00405653637793077,0.0633567135597612,0,0.033706624968846
2575,-0.75016551591825,0,0,0.0956049524751083,0.117232235293469,0.0216272828183609,0.0121593709248336,-0.00220464626897641,0.0454592119056982,0,0.0216272828183609
2576,0.292853863283689,0,0,0.0990026366034103,0.0907726532825932,-0.00822998332081706,0.00976512587081535,-0.0273692783321155,0.0109093116904814,0,-0.00822998332081706
2577,-0.358596054974137,1,0,0.0968681085971585,0.106593008550921,0.00972489995376245,0.0101159844452308,-0.0101020652270574,0.0295518651345823,0,0.00972489995376245
2578,0.0306228923400442,1,0,0.0981384262980011,0.0968696764115244,-0.0012687498864767,0.00945145590420343,-0.0197932630601839,0.0172557632872305,0,-0.0012687498864767
2579,1.02619949526758,1,0,0.101455503353729,0.0755186270856637,-0.0259368762680652,0.0127617652993139,-0.0509494766338734,-0.000924275902256973,-0.04,0.0140631237319348
2580,-0.20370602651281,0,0,0.0973718647366259,0.102624606580617,0.00525274184399162,0.00968080571303046,-0.0137212886948777,0.0242267723828609,0,0.00525274184399162
2581,0.975698873576102,0,0,0.10128487671578,0.0764888112559754,-0.024796065459805,0.0124938452901157,-0.0492835522568471,-0.000308578662762932,-0.04,0.015203934540195
2582,-1.26306020147455,0,0,0.0939727100383603,0.132550210660318,0.0385775006219579,0.0164891319331583,0.00625939589663827,0.0708956053472775,0,0.0385775006219579
2583,-1.10144771700028,1,0,0.0944843141638315,0.127548836812745,0.0330645226489139,0.0149543427098684,0.00375454952510265,0.0623744957727251,0,0.0330645226489139
2584,-0.88852911429365,0,0,0.095162141667647,0.121206518164218,0.0260443764965715,0.0131645304342749,0.000242370972011199,0.0518463820211319,0,0.0260443764965715
2585,0.693055160798503,1,0,0.100334600986785,0.0821326321783705,-0.0182019688084149,0.0111246417927688,-0.040005866063151,0.00360192844632107,-0.04,0.0217980311915851
2586,-1.98378620824578,0,0,0.0917212803800732,0.156905952294264,0.0651846719141905,0.0249053562707475,0.0163710706013867,0.113998273226994,0,0.0651846719141905
2587,-0.00567996454789316,1,0,0.0980193174848122,0.0977419958339771,-0.000277321650835105,0.00945373948621611,-0.0188063105630429,0.0182516672613727,0,-0.000277321650835105
2588,0.699796606505312,0,0,0.100357173884132,0.0819937099056834,-0.0183634639784484,0.0111542038572523,-0.0402253018148807,0.0034983738579838,-0.04,0.0216365360215516
2589,0.338239993630442,1,0,0.099152897409684,0.0897531187893443,-0.00939977862033967,0.00987255440176411,-0.0287496296832097,0.00995007244253036,0,-0.00939977862033967
2590,1.04202512817555,1,1,0.101509025929036,0.0752169286003841,-0.0262920973286521,0.0128469056972969,-0.0514715698081365,-0.00111262484916777,-0.04,0.0137079026713479
2591,-0.192987582857708,0,0,0.0974068111586428,0.102354889040124,0.00494807788148117,0.0096590575949868,-0.013983327129291,0.0238794828922534,0,0.00494807788148117
2592,-0.856982243741404,1,0,0.0952629406377644,0.120290283233042,0.0250273425952772,0.0129237850998961,-0.000302810744454617,0.050357495935009,0,0.0250273425952772
2593,-0.819814154883105,1,0,0.0953818231655505,0.119218465893103,0.0238366427275522,0.0126487662692499,-0.000954483609042687,0.0486277690641471,0,0.0238366427275522
2594,0.640987115297172,0,0,0.100160409498553,0.0832128468619168,-0.0169475626366358,0.0109024363363181,-0.0383159451995601,0.00442081992628844,0,-0.0169475626366358
2595,-0.309286169956117,1,0,0.0970282284959167,0.105315203137166,0.00828697464124918,0.00995307001745599,-0.01122068412857,0.0277946334110684,0,0.00828697464124918
2596,-3.48833018974579,0,0,0.0871770602307525,0.219283976225622,0.132106915994869,0.0496422914444283,0.0348098126537488,0.229404019335989,0,0.132106915994869
2597,0.29277234805278,1,0,0.0990023669116756,0.0907744937498266,-0.008227873161849,0.00976494574110329,-0.0273668151253992,0.0109110688017012,0,-0.008227873161849
2598,0.366627647760321,0,0,0.0992469841481967,0.0891206887342382,-0.0101262954139584,0.00994677165374585,-0.0296216096177442,0.00936901878982732,0,-0.0101262954139584
2599,1.38891494867892,0,0,0.102688519064255,0.068876351011734,-0.0338121680525211,0.0148268084694772,-0.0628721786583699,-0.0047521574466723,-0.04,0.00618783194747891
2600,-0.16425384580419,0,0,0.097500549863201,0.10163493356658,0.00413438370337928,0.00960613060759884,-0.0146932863183023,0.0229620537250609,0,0.00413438370337928
2601,-0.627089708360403,1,0,0.0960003847222389,0.113792520992189,0.0177921362699497,0.0113819864600486,-0.00451614726426802,0.0401004198041675,0,0.0177921362699497
2602,-0.157556959956363,1,0,0.0975224088206947,0.101467782310758,0.00394537349006374,0.00959491961768303,-0.0148603233951518,0.0227510703752793,0,0.00394537349006374
2603,0.406016494237159,0,0,0.0993776643183979,0.0882498299062473,-0.0111278344121506,0.0100582774221143,-0.0308416959060069,0.00858602708170579,0,-0.0111278344121506
2604,1.82403833031684,0,0,0.104185171268715,0.0616232093262307,-0.0425619619424846,0.0175203971943135,-0.0769013094381756,-0.00822261444679351,-0.04,-0.00256196194248455
2605,0.551272938642429,0,0,0.0998609048616769,0.0851044109972345,-0.0147564938644424,0.0105471722454399,-0.035428571604245,0.00591558387536015,0,-0.0147564938644424
2606,0.306142242902631,0,0,0.0990466097212661,0.0904730743123086,-0.0085735354089575,0.00979511244617351,-0.0277716030279776,0.0106245322100626,0,-0.0085735354089575
2607,-0.332643595658333,1,0,0.0969523524386974,0.105918789071029,0.00896643663233168,0.0100274326133163,-0.0106869701471707,0.0286198434118341,0,0.00896643663233168
2608,-0.0255064740911475,0,0,0.097954321592046,0.0982213577772638,0.000267036185217812,0.00946002459662855,-0.0182742713170372,0.0188083436874728,0,0.000267036185217812
2609,-0.49672170779483,0,0,0.0964208399095614,0.110245272849026,0.013824432939465,0.0106897622745803,-0.00712711612200732,0.0347759820009372,0,0.013824432939465
2610,-0.678005022193783,0,1,0.0958366211053359,0.11520470358126,0.0193680824759244,0.0116895843046195,-0.00354308175537457,0.0422792467072234,0,0.0193680824759244
2611,0.332485410917222,1,0,0.0991338343637221,0.0898818135627334,-0.00925202080098871,0.00985815747065266,-0.0285736543973924,0.010069612795415,0,-0.00925202080098871
2612,-0.248252109827003,1,0,0.0972267464677866,0.103752312353774,0.00652556588598777,0.00978285437376858,-0.0126484763525988,0.0256996081245743,0,0.00652556588598777
2613,0.727837769607773,0,1,0.10045111467226,0.0814181539079329,-0.0190329607643269,0.0112790245636725,-0.0411394426898676,0.00307352116121383,-0.04,0.0209670392356731
2614,0.662195626284827,0,0,0.100231329229914,0.0827713000156652,-0.0174600292142484,0.0109916103739211,-0.0390031896792305,0.00408313125073368,0,-0.0174600292142484
2615,0.692879326027102,1,0,0.100334012286164,0.0821362585057246,-0.0181977537804393,0.0111238730967998,-0.040000144418761,0.0036046368578823,-0.04,0.0218022462195607
2616,2.12002725868131,1,1,0.105214242989484,0.0571038451358544,-0.0481103978536296,0.0194388335999808,-0.086209811611059,-0.0100109840962002,-0.04,-0.00811039785362962
2617,-0.23989419649625,0,0,0.0972539594190975,0.103539895944182,0.00628593652508469,0.00976227633147171,-0.0128477734917277,0.025419646541897,0,0.00628593652508469
2618,-0.842577008784463,0,0,0.0953090001934533,0.119873895238129,0.0245648950446758,0.0128160768644494,-0.000554154032742084,0.0496839441220936,0,0.0245648950446758
2619,-0.950655774935206,1,0,0.0949639127727954,0.12302849596497,0.0280645831921742,0.0136577043972243,0.0012959744621203,0.0548331919222282,0,0.0280645831921742
2620,-0.0994123726744335,0,0,0.0977123793413111,0.100026744109217,0.00231436476790575,0.00951539964292597,-0.0163354758307344,0.0209642053665459,0,0.00231436476790575
2621,-1.16159235720421,0,0,0.0942936281361583,0.129391017069227,0.0350973889330684,0.0155086839272955,0.00470092698795398,0.0654938508781829,0,0.0350973889330684
2622,-1.11662996414628,0,0,0.0944361469309906,0.128011732608057,0.0335755856770669,0.0150923404465066,0.00399514195949682,0.063156029394637,0,0.0335755856770669
2623,-0.544147157667603,1,0,0.0962676961215966,0.111524345157126,0.0152566490355295,0.0109252429088803,-0.00615643358822742,0.0366697316592865,0,0.0152566490355295
2624,0.897738343769313,0,0,0.101021971115572,0.0780089967391968,-0.0230129743763751,0.0120924836143679,-0.0467138067441769,0.000687857991426778,-0.04,0.0169870256236249
2625,-0.173453886999253,1,0,0.0974705276120481,0.101864960607779,0.00439443299573135,0.00962222497781809,-0.0144647814119338,0.0232536474033965,0,0.00439443299573135
2626,1.47013314678344,0,0,0.10296642470188,0.067465013952909,-0.0355014107489706,0.0153152848604301,-0.0655188174883851,-0.00548400400955602,-0.04,0.00449858925102942
2627,0.66286963250039,1,0,0.100233583789502,0.0827573026680868,-0.0174762811214152,0.0109944749182716,-0.0390250559901565,0.00407249374732612,0,-0.0174762811214152
2628,-0.739055671919952,0,0,0.095640587577837,0.116918073005837,0.0212774854279995,0.0120845254637151,-0.00240774925113934,0.0449627201071384,0,0.0212774854279995
2629,0.178672139035916,0,0,0.0986255088955804,0.093383812725101,-0.00524169617047941,0.00956072722231215,-0.0239803771922229,0.0134969848512641,0,-0.00524169617047941
2630,1.55449337670361,0,0,0.103255786175473,0.0660275179788539,-0.0372282681966194,0.0158303838033817,-0.0682552503126937,-0.00620128608054511,-0.04,0.00277173180338062
2631,-0.670995794725839,0,0,0.0958591506965608,0.115009395342795,0.0191502446462347,0.0116460447550748,-0.00367558363605348,0.0419760729285229,0,0.0191502446462347
2632,2.94359643531578,1,1,0.108124877849185,0.0461159605293614,-0.062008917319824,0.0250474047467368,-0.111100928529626,-0.0129169061100223,-0.04,-0.022008917319824
2633,-0.885993854701776,0,0,0.0951702388339153,0.121132663320459,0.0259624244865435,0.013144938434901,0.000198818575141282,0.0517260303979458,0,0.0259624244865435
2634,1.68790586657515,1,0,0.103714869110884,0.0638121737031201,-0.0399026954077639,0.0166591362854608,-0.0725540025408115,-0.0072513882747163,-0.04,9.73045922361207e-05
2635,-0.71093895011581,1,0,0.0957308257392054,0.116126255227142,0.0203954294879369,0.0118991680264869,-0.002926511289968,0.0437173702658418,0,0.0203954294879369
2636,0.65160104841617,1,0,0.100195896149507,0.0829916048851029,-0.0172042912644036,0.010946829336266,-0.0386596825083914,0.00425109997958417,0,-0.0172042912644036
2637,1.854605391296,1,0,0.104291031258288,0.0611414374037482,-0.0431495938545402,0.017715741215846,-0.0778718085970302,-0.00842737911205026,-0.04,-0.00314959385454023
2638,0.0470322475085475,0,0,0.0981923073203866,0.0964776623066248,-0.00171464501376187,0.00945429024443447,-0.0202447133922418,0.0168154233647181,0,-0.00171464501376187
2639,0.434333600812713,0,0,0.0994717063990587,0.0876285157487307,-0.011843190650328,0.0101443040391852,-0.0317256612153552,0.00803927991469911,0,-0.011843190650328
2640,0.848016138596426,1,0,0.10085460988597,0.0789929464356882,-0.0218616634502821,0.0118450925272789,-0.0450776181972932,0.00135429129672897,-0.04,0.0181383365497179
2641,0.841029661696019,1,0,0.100831113660381,0.0791321071993374,-0.0216990064610432,0.0118109103340177,-0.0448479653403498,0.00144995241826336,-0.04,0.0183009935389568
2642,0.946884050622308,0,0,0.101187634093299,0.0770474922425744,-0.0241401418507249,0.0123436889880123,-0.0483333277035926,5.30440021427325e-05,-0.04,0.0158598581492751
2643,-1.44679600218167,0,1,0.093394088987788,0.138437011665165,0.0450429226773765,0.0184011239572874,0.00897738244603617,0.0811084629087169,0,0.0450429226773765
2644,-0.901004114411614,0,0,0.0951223077247206,0.12157049400914,0.0264481862844191,0.0132615510621422,0.000456023823481384,0.0524403487453567,0,0.0264481862844191
2645,-0.828162032774136,1,0,0.0953551108382038,0.119458472552001,0.024103361713797,0.0127097109771023,-0.000807214055236861,0.0490139374828309,0,0.024103361713797
2646,-0.318792265883333,1,0,0.0969973417693999,0.105560485827678,0.00856314405827815,0.00998272201990392,-0.0110026315684085,0.0281289196849648,0,0.00856314405827815
2647,-0.579012512945318,1,0,0.0961552493849099,0.112472929605234,0.0163176802203244,0.0111103954104387,-0.00545829463813445,0.0380936550787833,0,0.0163176802203244
2648,0.507758401556507,1,1,0.0997159215106722,0.086035863936221,-0.0136800575744512,0.0103887467482731,-0.0340416270455741,0.00668151189667165,0,-0.0136800575744512
2649,-0.543647270428928,0,0,0.0962693091975055,0.111510795695588,0.0152414864980824,0.010922661711989,-0.00616653707273057,0.0366495100688953,0,0.0152414864980824
2650,-0.750980453733651,0,0,0.0956023390091536,0.117255308762065,0.0216529697529118,0.0121648964890803,-0.00218978924134324,0.0454957287471669,0,0.0216529697529118
2651,-2.14812611581983,0,1,0.0912147440354606,0.162945342093016,0.0717305980575553,0.0271509008248395,0.0185158102930511,0.124945385822059,0,0.0717305980575553
2652,0.00273355698837805,0,0,0.0980469105736533,0.0975392063153409,-0.000507704258312439,0.00945215291883104,-0.0190335835555864,0.0180181750389615,0,-0.000507704258312439
2653,-1.82036750315065,1,0,0.0922274835580344,0.151082331075635,0.0588548475176004,0.0227884096050958,0.0141903854266659,0.103519309608535,0,0.0588548475176004
2654,0.595522167740539,0,0,0.10000852824442,0.0841666197312587,-0.0158419085131609,0.0107177982760341,-0.0368484071277533,0.00516459010143153,0,-0.0158419085131609
2655,-0.338855147883107,0,0,0.0969321832722654,0.106079816098399,0.00914763282613344,0.0100480607207653,-0.0105462043010381,0.028841469953305,0,0.00914763282613344
2656,0.17557002756733,1,0,0.0986152808893754,0.0934556847984053,-0.00515959609097009,0.00955656920039401,-0.0238901275395071,0.0135709353575669,0,-0.00515959609097009
2657,-0.653767073717048,1,0,0.0959145486834531,0.114530550582385,0.018616001898932,0.0115406348529879,-0.00400322677165194,0.0412352305695159,0,0.018616001898932
2658,0.445453279206082,0,0,0.0995086568733687,0.0873856185791255,-0.0121230382942432,0.0101793781011166,-0.0320742527574474,0.00782817616896108,0,-0.0121230382942432
2659,1.61779280561552,0,0,0.103473379923874,0.0649676434255659,-0.0385057364983085,0.0162215638399899,-0.070299417397606,-0.00671205559901092,-0.04,0.00149426350169154
2660,0.603572774319489,1,0,0.100035407363049,0.0839970122217282,-0.0160383951413212,0.0107498233486495,-0.037107661744842,0.00503087146219969,0,-0.0160383951413212
2661,0.537452939949351,0,0,0.0998148385792303,0.0853992403298336,-0.0144155982493968,0.0104958198713377,-0.0349870271854385,0.00615583068664498,0,-0.0144155982493968
2662,0.358870755308465,1,0,0.0992212671745862,0.0892930992074496,-0.00992816796713657,0.00992597007563244,-0.0293827118269985,0.00952637589272533,0,-0.00992816796713657
2663,0.30776146586694,0,0,0.0990519691459255,0.0904366307665873,-0.00861533837933816,0.00979885043695633,-0.0278207323256671,0.0105900555669908,0,-0.00861533837933816
2664,-0.728772808529695,1,0,0.0956735807034775,0.116627947093263,0.0209543663897851,0.0120160577880599,-0.00259667411096434,0.0445054068905346,0,0.0209543663897851
2665,0.812889752099623,0,0,0.100736525513956,0.0796948860780777,-0.0210416394358783,0.0116747480626518,-0.0439237251672547,0.00184044629549798,-0.04,0.0189583605641217
2666,-0.424203833520592,0,1,0.0966554316538897,0.108314309690546,0.0116588780366561,0.010367291339352,-0.00866063960570794,0.0319783956790201,0,0.0116588780366561
2667,1.72331936705514,1,0,0.103837032548817,0.0632358605801834,-0.0406011719686332,0.0168817566844109,-0.0736888070658468,-0.00751353687141963,-0.04,-0.00060117196863322
2668,0.506982402993924,0,0,0.09971333770939,0.0860525581359239,-0.0136607795734661,0.0103860097735982,-0.0340169846727995,0.00669542552586724,0,-0.0136607795734661
2669,-1.12767314627872,0,0,0.0944011251241326,0.128349331094978,0.033948205970845,0.0151935423271385,0.0041694102120687,0.0637270017296212,0,0.033948205970845
2670,-0.503896555995569,0,0,0.0963976573006025,0.110437951264044,0.0140402939634419,0.0107241575158147,-0.00697866853208943,0.0350592564589732,0,0.0140402939634419
2671,-0.928588115283802,1,0,0.0950342821763853,0.122378640488043,0.0273443583116581,0.0134796784229897,0.000924674079416567,0.0537640425438997,0,0.0273443583116581
2672,-1.8820530251854,0,0,0.0920361132413672,0.153259412304241,0.0612232990628736,0.0235737413362122,0.0150196150630345,0.107426983062713,0,0.0612232990628736
2673,-1.53172718211907,0,0,0.09312770510646,0.141231538493816,0.0481038333873558,0.0193414057911871,0.0101953746262548,0.0860122921484569,0,0.0481038333873558
2674,-0.924505206552973,1,0,0.0950473068800458,0.122258730007809,0.0272114231277628,0.0134470816796822,0.000855627338417368,0.0535672189171082,0,0.0272114231277628
2675,0.083856455574143,0,0,0.0983133176023178,0.0956030986089458,-0.00271021899337201,0.00946925926547219,-0.0212696261139697,0.0158491881272257,0,-0.00271021899337201
2676,-0.0737597820449489,1,0,0.0977962965766044,0.099396780097822,0.00160048352121768,0.00949042427873823,-0.0170004062631138,0.0202013733055491,0,0.00160048352121768
2677,-0.282287591656658,1,0,0.0971159987873226,0.104621308164705,0.00750530937738253,0.00987345882744491,-0.0118463143272486,0.0268569330820136,0,0.00750530937738253
2678,-0.0203556204207207,1,0,0.097971203589123,0.0980966202699182,0.000125416680795229,0.00945804674514364,-0.0184120143037826,0.0186628476653731,0,0.000125416680795229
2679,0.613859089066389,0,0,0.100069760339177,0.0837807553077659,-0.0162890050314112,0.010791167273798,-0.0374393042392024,0.0048612941763801,0,-0.0162890050314112
2680,0.837158553182426,0,0,0.100818096825111,0.0792093106687277,-0.0216087861563836,0.011792034017228,-0.0447207481346217,0.00150317582185452,-0.04,0.0183912138436164
2681,0.947277980964695,0,0,0.101188962948205,0.0770398293039929,-0.0241491336442119,0.0123457278852046,-0.0483463156621447,4.80483737209832e-05,-0.04,0.0158508663557881
2682,1.02654470629604,0,0,0.101456670596507,0.0755120341726246,-0.0259446364238826,0.0127636166614671,-0.0509608653928335,-0.000928407454931657,-0.04,0.0140553635761174
2683,-1.3530534825965,0,0,0.0936889026824912,0.13540659836103,0.0417176956785388,0.0174042545741359,0.00760598353546591,0.0758294078216118,0,0.0417176956785388
2684,-0.74263124710023,1,0,0.0956291175349291,0.117019102722265,0.0213899851873357,0.0121085151663498,-0.00234226844496688,0.0451222388196384,0,0.0213899851873357
2685,0.877877126106275,0,1,0.100955090191993,0.078400676305592,-0.0225544138864015,0.0119928166106953,-0.046059902516558,0.000951074743755016,-0.04,0.0174455861135985
2686,1.70109781129838,0,0,0.103760361565053,0.0635969204980609,-0.0401634410669924,0.0167419427404147,-0.0729770458694371,-0.00734983626454769,-0.04,-0.000163441066992391
2687,-1.04612745529059,0,0,0.0946600095642285,0.125874239392364,0.031214229828135,0.014462815215366,0.00286763289095975,0.0595608267653102,0,0.031214229828135
2688,-1.79602630281387,0,0,0.0923030968911066,0.15023027217579,0.0579271752846832,0.0224831499126055,0.0138610111969615,0.101993339372405,0,0.0579271752846832
2689,-1.8616427248514,1,0,0.0920993936807756,0.1525362368901,0.0604368432093241,0.0233120361065892,0.0147460920341118,0.106127594384536,0,0.0604368432093241
2690,-1.06291458279712,1,0,0.0946066632830979,0.126380403162199,0.0317737398791013,0.0146100764249431,0.0031385162748351,0.0604089634833674,0,0.0317737398791013
2691,-1.09914670373487,0,0,0.0944916162838179,0.127478805418448,0.0329871891346305,0.0149335431941353,0.0037179823125521,0.062256395956709,0,0.0329871891346305
2692,-2.50112654897972,1,0,0.0901352101350077,0.176548854998093,0.086413644863085,0.0323611633181892,0.0229869302616155,0.149840359464554,0,0.086413644863085
2693,-0.089075612897812,1,0,0.0977461862229609,0.0997724731311434,0.00202628690818257,0.00950459501686276,-0.0166023770125073,0.0206549508288725,0,0.00202628690818257
2694,0.736081597487808,1,0,0.10047874720046,0.0812496476985889,-0.0192290995018708,0.0113162765045547,-0.0414085938898948,0.00295039488615331,-0.04,0.0207709004981292
2695,0.346221446938834,0,0,0.0991793427480013,0.0895748975113356,-0.0096044452366657,0.00989288729377141,-0.0289941480355716,0.00978525756224017,0,-0.0096044452366657
2696,-0.0960715650900813,0,0,0.0977233044764702,0.0999445016120749,0.00222119713560474,0.00951179805662558,-0.0164215844835995,0.020863978754809,0,0.00222119713560474
2697,1.2551905976266,0,0,0.102232399330746,0.0712597713677518,-0.0309726279629942,0.0140408588282048,-0.0584922055782868,-0.00345305034770156,-0.04,0.00902737203700584
2698,-0.43004340746653,0,0,0.0966365220668971,0.108468695854722,0.0118321737878246,0.0103915407691796,-0.00853487186364714,0.0321992194392964,0,0.0118321737878246
2699,0.403169906190706,1,0,0.09936821507862,0.0883125073747767,-0.0110557077038434,0.0100498963230698,-0.0307531425454216,0.00864172713773491,0,-0.0110557077038434
2700,-0.397560983794508,0,0,0.0967417479104548,0.107612375856254,0.0108706279457995,0.0102605343053632,-0.00923964975484998,0.030980905646449,0,0.0108706279457995
2701,-2.29282307007171,1,0,0.0907708369911356,0.168416620894667,0.0776457839035319,0.0292232814703929,0.0203692047114852,0.134922363095579,0,0.0776457839035319
2702,-0.455503356173776,0,0,0.0965541167869401,0.109144063970232,0.012589947183292,0.0105008061258302,-0.00799125463197279,0.0331711489985567,0,0.012589947183292
2703,-0.429048251418732,0,0,0.0966397443269832,0.10844237234734,0.0118026280203568,0.0103873867718981,-0.00855627594605126,0.0321615319867649,0,0.0118026280203568
2704,1.6019299229629,1,0,0.103418812715735,0.0652317527126203,-0.0381870600031146,0.0161231774882009,-0.0697879071963352,-0.00658621280989391,-0.04,0.00181293999688544
2705,-1.07986844385679,0,0,0.0945528144808507,0.126893360207902,0.0323405457270511,0.0147604829425532,0.00341053076522901,0.0612705606888732,0,0.0323405457270511
2706,0.0671764020236515,0,0,0.0982584878050683,0.0959983630088526,-0.00226012479621571,0.00946101481153365,-0.0208033730840217,0.0162831234915902,0,-0.00226012479621571
2707,1.03635281955122,1,0,0.101489839200079,0.0753249374737306,-0.0261649017263481,0.0128163266235416,-0.0512844403225915,-0.00104536313010481,-0.04,0.0138350982736519
2708,-0.802972902756994,0,0,0.0954357337687213,0.118735538364914,0.023299804596193,0.0125272861670577,-0.00125322511526688,0.047852834307653,0,0.023299804596193
2709,-1.67163166434281,0,0,0.0926903855956172,0.145937497522895,0.0532471119272778,0.0209646072982626,0.0121572366726574,0.0943369871818981,0,0.0532471119272778
2710,0.607118485195358,0,0,0.100047247710612,0.0839224108780038,-0.0161248368326079,0.0107640211218868,-0.0372219305603343,0.00497225689511857,0,-0.0161248368326079
2711,-0.594066953796778,0,0,0.0961067325282396,0.112884690547473,0.0167779580192339,0.0111934315221851,-0.00516076462766428,0.0387166806661321,0,0.0167779580192339
2712,1.34214712788231,0,0,0.102528794374831,0.069701397864657,-0.0328273965101739,0.0145491802277561,-0.0613432657611581,-0.00431152725918967,-0.04,0.00717260348982612
2713,-1.1189488710742,1,1,0.094428791897981,0.128082560458339,0.0336537685603576,0.0151135338698225,0.00403178649637934,0.0632757506243359,0,0.0336537685603576
2714,-0.00694632381517917,1,0,0.0980151649167159,0.0977725511826467,-0.000242613734069197,0.00945403387485636,-0.0187721796374093,0.0182869521692709,0,-0.000242613734069197
2715,-1.6517405177453,1,0,0.0927524495787729,0.145260577713012,0.052508128134239,0.0207282959167171,0.0118814146765848,0.0931348415918931,0,0.052508128134239
2716,-1.73573745037961,1,0,0.0924906175808568,0.148136903735794,0.055646286154937,0.0217384640161614,0.0130396796040407,0.0982528927058332,0,0.055646286154937
2717,0.929448600286653,0,0,0.101128834169779,0.077387356162211,-0.0237414780075684,0.012253843319327,-0.0477585695856461,0.000275613570509401,-0.04,0.0162585219924316
2718,-0.375069819054419,1,0,0.0968146673008392,0.107022939466963,0.0102082721661237,0.0101754079355798,-0.00973516091561583,0.0301517052478632,0,0.0102082721661237
2719,-1.34777606982587,1,0,0.0937055245636585,0.13523767020575,0.0415321456420918,0.0173494417086977,0.00752786474116728,0.0755364265430163,0,0.0415321456420918
2720,1.18353301235741,1,0,0.101988722280943,0.0725680798086314,-0.0294206424723115,0.0136305279339793,-0.056135986313178,-0.00270529863144497,-0.04,0.0105793575276885
2721,1.06737204046453,1,0,0.101594801824107,0.0747360235589693,-0.0268587782651381,0.0129843843314236,-0.0523077039161545,-0.00140985261412168,-0.04,0.0131412217348619
2722,0.0831602078043581,0,0,0.0983110283880797,0.0956195683263237,-0.00269146006175597,0.00946886703571829,-0.0212500984261624,0.0158671783026504,0,-0.00269146006175597
2723,-0.780022661992853,0,0,0.0955092437598187,0.118080159673373,0.0225709159135543,0.0123649446736227,-0.00166393031757657,0.0468057621446851,0,0.0225709159135543
2724,0.251911439153925,0,1,0.0988672615967392,0.0917012978335195,-0.00716596376321971,0.00968063893621021,-0.0261396674255279,0.0118077398990884,0,-0.00716596376321971
2725,-0.843804165421916,0,0,0.0953050756846822,0.119909318029795,0.0246042423451129,0.012825197455031,-0.000532682761362518,0.0497411674515884,0,0.0246042423451129
2726,-0.406376442460523,1,0,0.0967131803840282,0.107844184412802,0.0111310040287738,0.0102951504178824,-0.00904712000569826,0.0313091280632459,0,0.0111310040287738
2727,-0.598975008305693,0,1,0.0960909197737183,0.113019217116842,0.0169282973431236,0.0112209010461258,-0.00506426458137075,0.038920859267618,0,0.0169282973431236
2728,1.14125612877099,1,0,0.101845198132917,0.0733503122825426,-0.0284948858503741,0.0133924689638631,-0.0547436426836162,-0.00224612901713195,-0.04,0.0115051141496259
2729,0.735310821251812,1,0,0.100476163345595,0.0812653891042936,-0.0192107742413017,0.0113127830546044,-0.0413834215932414,0.00296187311063803,-0.04,0.0207892257586983
2730,-0.196579319072946,1,0,0.0973950994128211,0.102445200990651,0.00505010157783035,0.0096662239918009,-0.0138953493125964,0.0239955524682571,0,0.00505010157783035
2731,-0.97180988784337,0,0,0.0948965002753023,0.123654231912708,0.0287577316374052,0.0138312517284571,0.00164897638852201,0.0558664868862885,0,0.0287577316374052
2732,0.227645441537357,1,0,0.0987871045425721,0.0922557157838107,-0.00653138875876141,0.00963636839775206,-0.0254183237601154,0.0123555462425926,0,-0.00653138875876141
2733,-2.06143366104749,0,0,0.0914816372818026,0.159736436297316,0.0682547990155132,0.0259518924165946,0.0173900245483297,0.119119573482697,0,0.0682547990155132
2734,-1.305313313231,1,0,0.0938393626548514,0.133884914681062,0.040045552026211,0.0169135828734349,0.00689553874474503,0.073195565307677,0,0.040045552026211
2735,-0.394131134097959,0,0,0.0967528647760537,0.107522304065996,0.0107694392899423,0.0102472559575073,-0.00931481332713553,0.0308536919070201,0,0.0107694392899423
2736,-0.413740824495735,1,0,0.096689321016489,0.108038172337417,0.0113488513209282,0.0103246055014485,-0.00888700361649501,0.0315847062583515,0,0.0113488513209282
2737,1.70791968326023,0,0,0.10378389372811,0.0634858735448687,-0.040298020183241,0.0167848211970005,-0.0731956652163065,-0.00740037515017548,-0.04,-0.000298020183240995
2738,0.527918572172007,0,0,0.0997830686302436,0.0856031815231983,-0.0141798871070452,0.0104609489900549,-0.0346829703716634,0.00632319615757293,0,-0.0141798871070452
2739,0.120322292435875,0,0,0.0984332811380371,0.0947440396089559,-0.00368924152908119,0.00949558431480677,-0.0223002447982659,0.0149217617401035,0,-0.00368924152908119
2740,-0.368993390426524,1,0,0.0968343763202678,0.106864179969125,0.0100298036488573,0.0101532000573068,-0.00987010279129405,0.0299297100890087,0,0.0100298036488573
2741,0.762315971875576,1,0,0.100566727270198,0.0807155232134844,-0.0198512040567132,0.0114364462146212,-0.0422662267485002,0.00256381863507382,-0.04,0.0201487959432868
2742,-0.451287734610492,0,1,0.0965677569974108,0.109031983150713,0.0124642261533022,0.0104823180157194,-0.00808073963200328,0.0330091919386077,0,0.0124642261533022
2743,0.550383217251446,0,1,0.0998579385789808,0.0851233640572133,-0.0147345745217675,0.0105438377767206,-0.0354001168229728,0.00593096777943774,0,-0.0147345745217675
2744,0.52883533489249,1,1,0.0997861230309165,0.0855835526998794,-0.0142025703310371,0.0104642819565093,-0.0347121860898677,0.00630704542779352,0,-0.0142025703310371
2745,0.380554287122322,1,0,0.0992931710034551,0.0888118983847777,-0.0104812726186774,0.00998508514734217,-0.0300516798900338,0.00908913465267909,0,-0.0104812726186774
2746,-1.50154796348239,0,0,0.0932222830655483,0.140233179606639,0.0470108965410909,0.0190033174426739,0.00976507876666815,0.0842567143155136,0,0.0470108965410909
2747,1.53133852843263,1,0,0.103176291862461,0.0664192173412314,-0.0367570745212299,0.015688266428746,-0.0675055117014408,-0.00600863734101902,-0.04,0.00324292547877008
2748,1.23631891968991,0,0,0.102168174761439,0.0716021986938458,-0.0305659760675936,0.0139320026243979,-0.0578721994439309,-0.00325975269125632,-0.04,0.00943402393240637
2749,0.734977225032321,1,0,0.100475045057215,0.0812722029337137,-0.0192028421235013,0.0113112717384715,-0.0413725273502512,0.00296684310324851,-0.04,0.0207971578764987
2750,1.16413744149305,0,0,0.101922854766096,0.0729259892239027,-0.0289968655421931,0.0135209227389207,-0.0554973871482264,-0.00249634393615986,-0.04,0.0110031344578069
2751,-0.665400813294184,1,0,0.0958771379088295,0.114853701100463,0.0189765631916334,0.011611561394092,-0.00378167894506257,0.0417348053283293,0,0.0189765631916334
2752,1.6906573354097,0,0,0.103724356102051,0.0637672219756518,-0.0399571341263994,0.0166763952658381,-0.0726422682393963,-0.00727200001340245,-0.04,4.28658736006324e-05
2753,1.0240672098162,1,0,0.101448293840008,0.0755593616404491,-0.0258889321995592,0.0127503357128964,-0.0508791309876308,-0.000898733411487454,-0.04,0.0141110678004409
2754,0.265141515275045,0,0,0.0989109884495977,0.0914002866795306,-0.00751070177006713,0.00970661398334893,-0.0265353155892639,0.0115139120491296,0,-0.00751070177006713
2755,0.111081145858412,1,0,0.0984028677337301,0.0949610856787336,-0.00344178205499646,0.00948784705848382,-0.022037620580449,0.0151540564704561,0,-0.00344178205499646
2756,-0.203151460170877,1,0,0.0973736725707394,0.102610636116571,0.00523696354583206,0.00967965375316699,-0.0137348091931932,0.0242087362848573,0,0.00523696354583206
2757,-0.0914152439309071,0,0,0.0977385334314674,0.099829974673239,0.00209144124177162,0.00950695286656925,-0.0165418439794239,0.0207247264629672,0,0.00209144124177162
2758,1.05951546980798,0,0,0.101568207713939,0.0748847826335057,-0.0266834250804334,0.0129416271911443,-0.0520485482764204,-0.00131830188444643,-0.04,0.0133165749195666
2759,0.0134046470337234,1,1,0.0980819175708619,0.0972825429164888,-0.000799374654373117,0.00945106103802747,-0.0193231139045967,0.0177243645958505,0,-0.000799374654373117
2760,-0.747352961145007,0,0,0.0956139726922981,0.117152633209083,0.0215386605167852,0.0121403379532169,-0.00225596463166465,0.045333285665235,0,0.0215386605167852
2761,-1.6525666035315,0,0,0.0927498712989956,0.145288638465376,0.0525387671663802,0.0207380738990398,0.011892889215532,0.0931846451172283,0,0.0525387671663802
2762,0.584104373062072,1,0,0.0999704178702766,0.0844076993657302,-0.0155627185045464,0.0106728878791724,-0.0364811943587583,0.00535575734966553,0,-0.0155627185045464
2763,-0.000991881562498056,0,0,0.098034691725527,0.0976289535221197,-0.000405738203407308,0.00945277631561947,-0.0189328393359347,0.0181213629291201,0,-0.000405738203407308
2764,-1.19177390375537,1,0,0.0941980687970604,0.130323960024134,0.0361258912270733,0.0157944776499899,0.00516928387847018,0.0670824985756763,0,0.0361258912270733
2765,0.493776240480765,0,0,0.0996693749772242,0.086337114942785,-0.0133322600344392,0.010339919283907,-0.0335981294339482,0.00693360936506969,0,-0.0133322600344392
2766,0.601826019718805,0,0,0.100029574806883,0.0840337858770079,-0.0159957889298749,0.0107428498234405,-0.0370513876751409,0.00505980981539099,0,-0.0159957889298749
2767,0.349121788168308,0,0,0.0991889541447335,0.0895102136318046,-0.00967874051292894,0.00990038021907819,-0.029083129175575,0.00972564814971708,0,-0.00967874051292894
2768,1.19030133946298,0,0,0.10201171645389,0.0724435643829159,-0.0295681520709738,0.0136689274595461,-0.0563587575989748,-0.00277754654297283,-0.04,0.0104318479290262
2769,0.882934781682026,1,0,0.10097211767625,0.0783007647494758,-0.0226713529267746,0.0120180918514805,-0.0462263801185707,0.000883674265021443,-0.04,0.0173286470732254
2770,0.611715272196119,0,0,0.10006259981694,0.0838257846103881,-0.0162368152065517,0.0107825115863001,-0.0373701495785859,0.00489651916548239,0,-0.0162368152065517
2771,-0.0730688338496914,1,0,0.0977985577616103,0.0993798610368009,0.00158130327519057,0.00948983661512788,-0.0170184347096296,0.0201810412600107,0,0.00158130327519057
2772,0.825278292082905,1,0,0.100778158047686,0.0794466747140606,-0.0213314833336249,0.0117343901073388,-0.044330465324552,0.00166749865730211,-0.04,0.0186685166663751
2773,-0.282802837017922,0,0,0.0971143231014639,0.104634512697469,0.0075201895960051,0.00987491420470545,-0.0118342865956406,0.0268746657876508,0,0.0075201895960051
2774,-0.722261588628355,1,0,0.0956944775684326,0.116444559516634,0.0207500819482013,0.0119731069049308,-0.00271677636851097,0.0442169402649135,0,0.0207500819482013
2775,-1.59524959066616,0,0,0.0929289149896809,0.143352328403817,0.0504234134141358,0.0200671102373734,0.011092600075089,0.0897542267531826,0,0.0504234134141358
2776,1.01850755692251,0,0,0.101429498121791,0.0756656665180788,-0.0257638316037117,0.0127205820017501,-0.0506957141895303,-0.000831949017893057,-0.04,0.0142361683962883
2777,-0.0270083373042684,0,0,0.0979493997020381,0.098257754794336,0.000308355092297916,0.00946064703407144,-0.0182341723649278,0.0188508825495236,0,0.000308355092297916
2778,-0.0543391232021184,1,0,0.0978598700460885,0.0989222068409336,0.0010623367948451,0.00947559865967162,-0.0175094953100673,0.0196341688997575,0,0.0010623367948451
2779,-0.991106694979613,1,0,0.0948350438782585,0.124227411129777,0.0293923672515186,0.0139919960737629,0.00196855887511748,0.0568161756279197,0,0.0293923672515186
2780,-0.323949391331959,1,0,0.0969805891701923,0.105693764165171,0.00871317499497834,0.00999916043151915,-0.0108848193264372,0.0283111693163939,0,0.00871317499497834
2781,-0.622504460448859,1,0,0.096015144947972,0.113666088295984,0.0176509433480122,0.0113552839304952,-0.00460500418998476,0.0399068908860093,0,0.0176509433480122
2782,-0.348200149393584,1,0,0.0969018467228281,0.106322480491573,0.00942063376874529,0.0100797668255874,-0.0103353461819676,0.0291766137194582,0,0.00942063376874529
2783,-1.37421261278627,1,0,0.0936222858627456,0.136085682656975,0.0424633967942297,0.0176254334294883,0.00791818206052436,0.0770086115279351,0,0.0424633967942297
2784,0.706611489483403,0,0,0.100379997262841,0.0818534918290465,-0.0185265054337948,0.01118426591748,-0.0404472638255744,0.00339425295798472,-0.04,0.0214734945662052
2785,-1.34866600805659,0,0,0.0937027214049464,0.135266144352409,0.0415634229474622,0.0173586749848914,0.00754104515773869,0.0755858007371857,0,0.0415634229474622
2786,0.716873948025129,1,0,0.100414375442595,0.0816427510187434,-0.0187716244238512,0.0112298691831432,-0.040781763573908,0.00323851472620564,-0.04,0.0212283755761488
2787,0.93199637150043,0,0,0.101137424470454,0.0773376076884346,-0.0237998167820198,0.0122669233078756,-0.0478425446665709,0.000242911102531204,-0.04,0.0162001832179802
2788,0.990030988553498,1,0,0.101333274792603,0.0762123163675101,-0.0251209584250924,0.0125692805978285,-0.0497562957084144,-0.000485621141770434,-0.04,0.0148790415749076
2789,0.228600576263986,1,0,0.0987902585127408,0.0922338365043401,-0.00655642200840072,0.00963802732687241,-0.0254466084510835,0.012333764434282,0,-0.00655642200840072
2790,-1.25148204925423,0,0,0.0940092793789675,0.132186449482718,0.0381771701037507,0.016374459940736,0.00608381835361429,0.0702705218538872,0,0.0381771701037507
2791,0.247286575878416,1,0,0.0988519799763405,0.0918067329457289,-0.00704524703061161,0.00967186259053788,-0.0260017493714861,0.0119112553102629,0,-0.00704524703061161
2792,1.76150492151668,0,0,0.103968901076078,0.0626198761466418,-0.041349024929436,0.0171229512746723,-0.0749093927368278,-0.00778865712204411,-0.04,-0.00134902492943597
2793,-0.0421735451201156,0,0,0.0978997127965356,0.0986259509712917,0.000726238174756047,0.00946809288533417,-0.0178308828827788,0.0192833592322909,0,0.000726238174756047
2794,1.22911418978136,1,0,0.102143664875843,0.0717333288931618,-0.030410335982681,0.0138905898156452,-0.0576353917453644,-0.00318528021999757,-0.04,0.009589664017319
2795,0.671081151969792,1,0,0.10026105504838,0.0825869437344717,-0.017674111313908,0.0110295229526614,-0.0392915790677822,0.0039433564399662,0,-0.017674111313908
2796,-0.723690136414899,1,0,0.0956898924912874,0.116484772909934,0.0207948804186467,0.0119825033413498,-0.00269039457502978,0.0442801554123231,0,0.0207948804186467
2797,-0.677768391342829,0,0,0.0958373816249721,0.11519810529113,0.0193607236661584,0.0116881082670136,-0.00354754758459322,0.04226899491691,0,0.0193607236661584
2798,0.878216418006986,1,0,0.100956232397897,0.0783939701087252,-0.0225622622891718,0.0119945099264798,-0.0460710697572805,0.00094654517893681,-0.04,0.0174377377108282
2799,0.276404160149559,1,0,0.0989482262920783,0.0911447391722784,-0.00780348711979992,0.00972973018527678,-0.0268734078622346,0.0112664336226348,0,-0.00780348711979992
2800,-1.14326426501259,1,0,0.0943517000215241,0.128827255830609,0.0344755558090853,0.0153375970558158,0.00441441797029886,0.0645366936478717,0,0.0344755558090853
2801,-0.867753441668549,1,0,0.0952285136309173,0.120602443523847,0.0253739298929295,0.0130052367667802,-0.000115865780375798,0.0508637255662348,0,0.0253739298929295
2802,-1.24863751814764,0,0,0.0940182657197157,0.132097209887964,0.0380789441682487,0.0163463958534439,0.00604059701846369,0.0701172913180336,0,0.0380789441682487
2803,0.200105908952611,0,0,0.0986962042344665,0.09288857236691,-0.00580763186755641,0.0095915369743915,-0.024606698893748,0.0129914351586352,0,-0.00580763186755641
2804,0.596227590701859,1,0,0.100010883232354,0.0841517456914538,-0.0158591375409,0.0107205926339927,-0.036871112996451,0.00515283791465098,0,-0.0158591375409
2805,1.66745640638264,1,0,0.10364438395819,0.0641471901405112,-0.039497193817679,0.0165310667018434,-0.0718974891793213,-0.00709689845603665,-0.04,0.000502806182321021
2806,0.772028280765098,0,0,0.100599315994623,0.0805185970006655,-0.0200807189939579,0.0114815454736688,-0.0425841346092077,0.00242269662129185,-0.04,0.0199192810060421
2807,1.65274581157582,0,0,0.103593705715115,0.0643892011342343,-0.0392045045808805,0.0164391620195854,-0.0714246700752865,-0.00698433908647446,-0.04,0.000795495419119517
2808,-1.34866873869829,1,0,0.0937027128039909,0.13526623172883,0.0415635189248392,0.0173587033219968,0.00754108559540966,0.0755859522542687,0,0.0415635189248392
2809,-1.13336612717853,1,0,0.0943830752284543,0.128523666263193,0.0341405910347385,0.015245983943326,0.00425901159694354,0.0640221704725335,0,0.0341405910347385
2810,1.11116991819172,1,0,0.101743168716287,0.0739117067766324,-0.0278314619396542,0.0132250234381245,-0.0537520315730762,-0.00191089230623221,-0.04,0.0121685380603458
2811,-0.711566194854273,0,0,0.0957288118220887,0.116143868665042,0.0204150568429534,0.011903239020936,-0.00291486293745289,0.0437449766233597,0,0.0204150568429534
2812,0.217501614215895,1,1,0.0987536139321463,0.0924883683744878,-0.00626524555765851,0.00961917798940054,-0.025118487977764,0.012587996862447,0,-0.00626524555765851
2813,0.486181492463474,0,0,0.0996441002037953,0.0865011467178926,-0.0131429534859028,0.0103138352213291,-0.0333576990621885,0.007071792090383,0,-0.0131429534859028
2814,0.371951650505906,1,0,0.0992646386229756,0.089002527343201,-0.0102621112797747,0.00996127273543905,-0.029785847081416,0.00926162452186666,0,-0.0102621112797747
2815,0.211964331672036,1,0,0.0987353364424219,0.0926155902914024,-0.00611974615101943,0.00961012608948335,-0.0249552471732955,0.0127157548712567,0,-0.00611974615101943
2816,0.516836801328593,0,0,0.0997461537999791,0.0858407764828458,-0.0139053773171333,0.0104210003320997,-0.0343301626509286,0.00651940801666203,0,-0.0139053773171333
2817,0.798495538747763,0,0,0.100688171959822,0.0799841717210198,-0.0207040002388022,0.011606063728971,-0.0434514671498619,0.00204346667225752,-0.04,0.0192959997611978
2818,0.128902967556042,1,0,0.0984615283712464,0.094542903772841,-0.0039186245984054,0.00950340897025887,-0.0225449639104677,0.0147077147136569,0,-0.0039186245984054
2819,-0.493922520031221,1,0,0.0964298856987774,0.110170181391199,0.0137402956924214,0.0106764634106391,-0.00718518807469089,0.0346657794595336,0,0.0137402956924214
2820,-0.490707178161204,0,0,0.096440277257291,0.110083981424101,0.0136437041668104,0.0106612707785249,-0.00725200258852779,0.0345394109221486,0,0.0136437041668104
2821,0.412942666391015,0,0,0.0994006590633105,0.0880974940850036,-0.0113031649783069,0.0100788754554068,-0.031057397875569,0.00845106791895513,0,-0.0113031649783069
2822,-0.685954000403548,0,0,0.0958110766244164,0.115426546487505,0.019615469863089,0.0117394165133287,-0.00339336370255001,0.0426243034287279,0,0.019615469863089
2823,1.66370647567801,1,0,0.103631463302946,0.0642088014526958,-0.03942266185025,0.0165076209980585,-0.0717770044768817,-0.00706831922361828,-0.04,0.000577338149749994
2824,0.504516479920592,0,0,0.0997051274512231,0.0861056274714071,-0.0135994999798161,0.0103773333928945,-0.0339386996854541,0.00673969972582188,0,-0.0135994999798161
2825,-0.0423527720223282,1,0,0.0978991257163867,0.0986303097602625,0.000731184043875802,0.00946819354039651,-0.0178261342939561,0.0192885023817077,0,0.000731184043875802
2826,-0.677796368714234,1,1,0.0958372917068283,0.115198885403944,0.0193615936971158,0.0116882827597417,-0.00354701955309828,0.0422702069473299,0,0.0193615936971158
2827,0.0803059096824565,0,0,0.0983016441508177,0.0956871131761941,-0.00261453097462364,0.00946730273676716,-0.0211701033694248,0.0159410414201775,0,-0.00261453097462364
2828,0.0984310121373731,0,0,0.0983612486342468,0.0952589199164315,-0.00310232871781531,0.00947842459394185,-0.02167969955212,0.0154750421164894,0,-0.00310232871781531
2829,-0.576401015128866,1,0,0.0961636678441439,0.112401634963782,0.0162379671196378,0.0110961794692201,-0.00551014500602639,0.037986079245302,0,0.0162379671196378
2830,0.0592762067322211,1,1,0.0982325282071708,0.0961860818685369,-0.00204644633863393,0.00945795380039623,-0.0205836951548543,0.0164908024775864,0,-0.00204644633863393
2831,1.59081622924125,0,1,0.103380597552715,0.0654173849391375,-0.0379632126135779,0.0160543869427737,-0.0694292328152845,-0.00649719241187136,-0.04,0.00203678738642205
2832,0.0339681024117267,1,0,0.0981494083410502,0.0967896452178383,-0.00135976312321193,0.00945183980789384,-0.0198850287343258,0.017165502487902,0,-0.00135976312321193
2833,1.09731875005282,0,1,0.101696226623153,0.0741714899961206,-0.0275247366270322,0.0131485112450189,-0.0532953451175892,-0.00175412813647524,-0.04,0.0124752633729678
2834,-0.483392834844528,0,0,0.0964639199709007,0.109888111619586,0.013424191648685,0.010627043030457,-0.00740442995316819,0.0342528132505382,0,0.013424191648685
2835,-0.148948454038962,0,0,0.0975505138186855,0.101253276115364,0.00370276229667867,0.00958113235745126,-0.0150759120550371,0.0224814366483945,0,0.00370276229667867
2836,-1.07305021873098,0,1,0.0945744672063138,0.126686853999502,0.0321123867931887,0.0146997927506611,0.00330132242168999,0.0609234511646873,0,0.0321123867931887
2837,-0.267485468565639,0,0,0.0971641494124737,0.10424259237852,0.00707844296604583,0.00983271387794712,-0.0121933221050177,0.0263502080371093,0,0.00707844296604583
2838,-0.735164673292604,0,0,0.0956530708615005,0.116808216831238,0.0211551459697372,0.0120585260290682,-0.00247913075387531,0.0447894226933497,0,0.0211551459697372
2839,0.524408304617847,1,0,0.0997713741549146,0.0856783776547723,-0.0140929965001423,0.0104482267094032,-0.0345711445528821,0.00638515155259748,0,-0.0140929965001423
2840,0.0784835167105874,1,0,0.0982956529839104,0.0957302610685848,-0.00256539191532565,0.00946634074080104,-0.0211190788326799,0.0159882950020286,0,-0.00256539191532565
2841,0.90057250621237,0,0,0.101031518117015,0.077953250975706,-0.0230782671413094,0.0121067951804668,-0.0468071496632275,0.000650615380608646,-0.04,0.0169217328586906
2842,0.968573643989376,1,0,0.101260823182856,0.0766266131871431,-0.0246342099957128,0.0124565255468017,-0.0490485514399473,-0.000219868551478448,-0.04,0.0153657900042872
2843,-0.297182227491147,0,0,0.0970675687185736,0.10500361692882,0.00793604821024635,0.00991653512365056,-0.0115000034835352,0.0273720999040279,0,0.00793604821024635
2844,0.452406261710395,0,0,0.0995317677019819,0.0872340478251084,-0.0122977198768735,0.0102016717702319,-0.0322926291286271,0.00769718937488001,0,-0.0122977198768735
2845,-1.27363834334506,0,0,0.0939393103547602,0.132883294634084,0.0389439842793239,0.0165945177681435,0.00641932711295269,0.0714686414456951,0,0.0389439842793239
2846,0.902456110548185,0,0,0.101037863564443,0.0779162221234392,-0.0231216414410034,0.0121163189056796,-0.0468691901213372,0.000625907239330408,-0.04,0.0168783585589966
2847,1.92522956437526,1,0,0.104535980743315,0.0600417560633823,-0.0444942246799325,0.0181696367290846,-0.0801060582811144,-0.00888239107875047,-0.04,-0.00449422467993246
2848,1.14044969840573,0,0,0.101842462155092,0.0733653085488649,-0.0284771536062269,0.0133879589037998,-0.0547170708841768,-0.00223723632827699,-0.04,0.0115228463937731
2849,0.87232016933813,0,0,0.10093638466166,0.0785105857889334,-0.0224257988727263,0.0119651300401591,-0.0458770228217765,0.00102542507632388,-0.04,0.0175742011272737
2850,0.506894675888149,1,0,0.0997130456128416,0.0860544456098771,-0.0136586000029645,0.0103857005559346,-0.0340141990468139,0.00669699904088484,0,-0.0136586000029645
2851,0.938843136310316,1,0,0.101160512863527,0.0772040610367034,-0.0239564518268233,0.0123021569980994,-0.0480682364752555,0.000155332821608966,-0.04,0.0160435481731767
2852,0.584210598524953,1,0,0.0999707723706749,0.0844054535949518,-0.0155653187757231,0.0106733029217047,-0.0364846080983504,0.00535397054690416,0,-0.0155653187757231
2853,0.0561648468862593,1,0,0.0982223061309899,0.0962601017892437,-0.00196220434174615,0.00945689806733268,-0.0204973839591846,0.0165729752756923,0,-0.00196220434174615
2854,-1.10708065758499,0,0,0.09446644051637,0.127720414134756,0.0332539736183857,0.0150053888479171,0.00384395190244921,0.0626639953343222,0,0.0332539736183857
2855,0.293862799721919,0,0,0.0990059747063422,0.0907498760940317,-0.00825609861231053,0.00976735925860118,-0.0273997709832327,0.0108875737586116,0,-0.00825609861231053
2856,0.588379258051203,1,0,0.0999846850913861,0.0843173645002009,-0.0156673205911853,0.0106896320533873,-0.0366186144238093,0.00528397324143881,0,-0.0156673205911853
2857,0.392046920455904,1,0,0.0993313000272656,0.0885578039487895,-0.0107734960784761,0.0100176238213913,-0.0304076779790736,0.00886068582212142,0,-0.0107734960784761
2858,-0.952321890556152,1,0,0.0949586017534645,0.123077680525564,0.0281190787720991,0.0136712710023306,0.0013238799846444,0.0549142775595538,0,0.0281190787720991
2859,-0.430138230903229,1,0,0.0966362150388752,0.108471204382774,0.011834989343899,0.0103919370434892,-0.00853283299094747,0.0322028116787455,0,0.011834989343899
2860,0.890927222360005,0,0,0.100999030826656,0.07814311543733,-0.0228559153893261,0.0120581802187523,-0.0464895143371739,0.000777683558521786,-0.04,0.0171440846106739
2861,0.564270177855122,0,0,0.0999042458814776,0.084827976710234,-0.0150762691712436,0.0105963228725386,-0.0358446803699772,0.00569214202749004,0,-0.0150762691712436
2862,-1.02867140041501,0,0,0.0947155101338921,0.125349747608605,0.0306342374747134,0.014311462875515,0.00258428567262194,0.0586841892768048,0,0.0306342374747134
2863,-0.381643317941539,0,0,0.0967933500569102,0.10719491969212,0.0104015696352101,0.0101998120475531,-0.00958969462707167,0.0303928338974918,0,0.0104015696352101
2864,1.1027072904371,1,0,0.101714486291981,0.0740703264759787,-0.0276441598160024,0.0131782327489892,-0.0534730213839074,-0.00181529824809735,-0.04,0.0123558401839976
2865,-0.025234161506908,0,0,0.0979552140355358,0.0982147596842168,0.000259545648680984,0.00945991395191718,-0.0182815449939247,0.0188006362912866,0,0.000259545648680984
2866,-0.553521800026692,1,0,0.0962374497526134,0.11177871195208,0.0155412621994669,0.0109740360943332,-0.00596745331046875,0.0370499777094026,0,0.0155412621994669
2867,-0.272252086494981,0,0,0.0971486414985925,0.104364414992655,0.00721577349406229,0.00984560970293102,-0.0120812669295206,0.0265128139176452,0,0.00721577349406229
2868,-2.49484401301933,0,0,0.0901543221692587,0.176299134551167,0.0861448123819085,0.0322638760798264,0.0229087772637855,0.149380847500032,0,0.0861448123819085
2869,0.546292839254783,0,0,0.0998443024892519,0.0852105475412127,-0.0146337549480392,0.0105285581190437,-0.0352693496705017,0.00600183977442329,0,-0.0146337549480392
2870,1.82311303160039,1,1,0.104181968251029,0.0616378482640471,-0.0425441199869822,0.0175144946496611,-0.0768718987077374,-0.00821634126622709,-0.04,-0.00254411998698224
2871,-1.37898723676271,0,0,0.0936072594436091,0.136239316377283,0.0426320569336736,0.0176756546842644,0.00798841034934863,0.0772757035179986,0,0.0426320569336736
2872,0.207340223092006,0,0,0.0987200754699718,0.0927219519465139,-0.00599812352345783,0.00960274785671254,-0.0248191634752336,0.0128229164283179,0,-0.00599812352345783
2873,-0.413502247902772,0,0,0.0966900938824077,0.108031883098925,0.0113417892165173,0.0103236436308159,-0.00889218048910813,0.0315757589221426,0,0.0113417892165173
2874,0.00360802721268234,0,0,0.0980497788941199,0.0975181506670125,-0.000531628227107422,0.00945202478447243,-0.0190572563856534,0.0179939999314385,0,-0.000531628227107422
2875,0.102138867977887,0,0,0.0983734459018026,0.0951715358298617,-0.00320191007194082,0.009481045772178,-0.0217844183211854,0.0153805981773038,0,-0.00320191007194082
2876,0.521858348798498,0,0,0.0997628797275246,0.0857330397463066,-0.0140298399812179,0.0104390243982652,-0.0344899518355527,0.00643027187311684,0,-0.0140298399812179
2877,-0.297236236112762,0,0,0.0970673931481866,0.105005005438818,0.00793761229063156,0.00991669510255785,-0.0114987529560466,0.0273739775373097,0,0.00793761229063156
2878,-0.421376503523633,1,0,0.0966645882422764,0.108239630361595,0.0115750421193189,0.010355660024517,-0.00872167856487561,0.0318717628035134,0,0.0115750421193189
2879,-1.03866366136708,1,0,0.0946837367232262,0.125649749660139,0.0309660129369125,0.0143978777408166,0.00274669111110108,0.0591853347627239,0,0.0309660129369125
2880,0.619061753253589,1,0,0.100087139553341,0.0836715685293753,-0.0164155710239652,0.010812257810154,-0.0376072069234289,0.00477606487549844,0,-0.0164155710239652
2881,-1.06172444222986,1,0,0.0946104444353874,0.126344460902526,0.0317340164671382,0.0145995813865884,0.00311936276006366,0.0603486701742127,0,0.0317340164671382
2882,-1.38143364234225,1,1,0.0935995610960879,0.136318091287029,0.0427185301909414,0.0177014311574885,0.00802436264744871,0.077412697734434,0,0.0427185301909414
2883,-0.573979343763612,1,1,0.0961714749648412,0.112335557912445,0.0161640829476033,0.011083046845445,-0.00555828970843919,0.0378864556036458,0,0.0161640829476033
2884,-0.277980066834656,1,0,0.0971300087700887,0.10451097395466,0.00738096518457174,0.00986138923002016,-0.011947002543799,0.0267089329129424,0,0.00738096518457174
2885,1.71828921016267,1,0,0.103819672625096,0.0633174237496056,-0.0405022488754907,0.0168500721766099,-0.0735277834785465,-0.00747671427243497,-0.04,-0.000502248875490739
2886,0.174132401706998,0,1,0.0986105411975141,0.09348900962676,-0.0051215315707541,0.00955466825856212,-0.0238483372417639,0.0136052741002557,0,-0.0051215315707541
2887,-1.19988826391236,1,0,0.0941723923103271,0.130575756848616,0.0364033645382889,0.0158721664740328,0.00529448989256055,0.0675122391840172,0,0.0364033645382889
2888,1.7998264385957,0,0,0.104101387936836,0.0620073315097562,-0.0420940564270798,0.017366158903992,-0.0761311024287037,-0.00805701042545582,-0.04,-0.00209405642707976
2889,0.947134429810575,1,0,0.101188478701775,0.0770426216550539,-0.0241458570467213,0.0123449848504946,-0.0483415827433832,4.98686499406445e-05,-0.04,0.0158541429532787
2890,-0.0591577428976444,1,0,0.0978440928728658,0.0990397686303411,0.00119567575747533,0.00947895035698759,-0.0173827255534634,0.0197740770684141,0,0.00119567575747533
2891,0.34921279698974,0,0,0.0991892557508962,0.089508184620027,-0.00968107113086922,0.00990061623209803,-0.029085922370534,0.00972378010879556,0,-0.00968107113086922
2892,0.790683328242066,1,0,0.100661937533689,0.0801415776104401,-0.0205203599232488,0.011569068120701,-0.0431953167745132,0.00215459692801567,-0.04,0.0194796400767512
2893,-1.34464947945829,1,0,0.0937153734039739,0.135137673021157,0.0414222996171828,0.0173170346302152,0.00748153542292802,0.0753630638114376,0,0.0414222996171828
2894,0.493017789213427,0,0,0.0996668506499038,0.0863534833460369,-0.0133133673038669,0.0103373004395695,-0.0335741038627931,0.00694736925505935,0,-0.0133133673038669
2895,0.0861559144717663,0,0,0.0983208784006752,0.0955487230103256,-0.0027721553903496,0.0094705842992075,-0.0213341595293468,0.0157898487486476,0,-0.0027721553903496
2896,-1.11171629277667,0,0,0.0944517336485069,0.127861761638722,0.0334100279902153,0.0150475337327249,0.003917403817923,0.0629026521625076,0,0.0334100279902153
2897,-0.100282436678,1,0,0.0977095342299482,0.100048172824128,0.0023386385941801,0.00951635481334541,-0.0163130741040813,0.0209903512924415,0,0.0023386385941801
2898,0.479993194212943,1,0,0.0996235102082615,0.0866350104610269,-0.0129884997472346,0.0102928126251502,-0.0331620417921482,0.00718504229767898,0,-0.0129884997472346
2899,-0.821860002253183,0,0,0.0953752760509208,0.119277246674614,0.0239019706236928,0.012663657705899,-0.000918342392412352,0.048722283639798,0,0.0239019706236928
2900,-0.113865345319509,0,0,0.0976651276638369,0.100383234262286,0.00271810659844922,0.00953218868352989,-0.0159646399151096,0.0214008531120081,0,0.00271810659844922
2901,-1.24286509753825,0,0,0.0940365041104123,0.131916272541994,0.0378797684315815,0.0162895774090904,0.00595278338638703,0.0698067534767759,0,0.0378797684315815
2902,-0.812651933289148,0,0,0.0954047468532337,0.11901288000794,0.0236081331547063,0.0125968620449622,-0.00108126277163913,0.0482975290810518,0,0.0236081331547063
2903,-0.466744104091223,0,0,0.096517754246614,0.109443416272801,0.0129256620261868,0.010550867446971,-0.00775365817553252,0.033604982227906,0,0.0129256620261868
2904,1.76962745809774,1,0,0.103996970218743,0.0624895728470712,-0.0415073973716719,0.0171744058434931,-0.0751686142807925,-0.00784618046255121,-0.04,-0.00150739737167187
2905,0.117027239693785,1,0,0.0984224358770086,0.09482137925012,-0.00360105662688863,0.00949274318677409,-0.0222064913874538,0.0150043781336766,0,-0.00360105662688863
2906,0.905225889135673,1,0,0.101047194979935,0.0778618016553627,-0.023185393324572,0.0121303407899223,-0.0469604243930169,0.000589637743872794,-0.04,0.016814606675428
2907,-2.13607139646717,1,0,0.0912518139783318,0.162496050941008,0.0712442369626764,0.0269822565636293,0.0183599858763436,0.124128488049009,0,0.0712442369626764
2908,-0.0382177167740639,0,0,0.0979126714064988,0.0985297891019727,0.000617117695473901,0.00946594666312258,-0.0179357968438235,0.0191700322347713,0,0.000617117695473901
2909,-0.376539288007634,1,1,0.0968099015863098,0.107061363596985,0.0102514620106755,0.0101808291370344,-0.00970259643066796,0.0302055204520189,0,0.0102514620106755
2910,0.867734527124241,0,0,0.100920951035504,0.078601390046739,-0.0223195609887646,0.0119423496021052,-0.045726136099677,0.00108701412214779,-0.04,0.0176804390112354
2911,-0.222182661561267,0,0,0.097311649760039,0.10309102816271,0.00577937840267143,0.00972085245539892,-0.0132731423089382,0.0248318991142811,0,0.00577937840267143
2912,-1.90839018459119,0,0,0.0919545148077975,0.154196734171966,0.0622422193641687,0.023914143868375,0.0153713586610442,0.109113080067293,0,0.0622422193641687
2913,1.00308179280423,0,0,0.101377363863112,0.0759613385197383,-0.0254160253433737,0.0126383913649197,-0.0501868172411384,-0.000645233445608982,-0.04,0.0145839746566263
2914,0.621059434337213,1,0,0.100093813410097,0.083629678152914,-0.0164641352571828,0.0108203877207613,-0.0376717054886343,0.00474343497426878,0,-0.0164641352571828
2915,-0.83577616698346,1,0,0.0953307522492522,0.119677747690376,0.0243469954411239,0.0127657172235411,-0.000673350553839307,0.0493673414360872,0,0.0243469954411239
2916,0.414301898767244,0,0,0.0994051722415934,0.0880676267135967,-0.0113375455279967,0.0100829517603297,-0.0310997678360977,0.00842467678010433,0,-0.0113375455279967
2917,0.829872057461181,0,1,0.100793599592078,0.0793548156941886,-0.021438783897889,0.0117566277923834,-0.0444813509506031,0.00160378315482498,-0.04,0.018561216102111
2918,0.123704482772678,1,0,0.0984444143089087,0.0946647134664774,-0.00377970084243132,0.00949859513074272,-0.0223966052024146,0.0148372035175519,0,-0.00377970084243132
2919,0.419938185919762,1,0,0.0994238888446874,0.0879438741967024,-0.011480014647985,0.0100999732110352,-0.0312755983864334,0.00831556909046338,0,-0.011480014647985
2920,1.56939612689503,0,0,0.103306978371638,0.06577655189938,-0.0375304264722581,0.0159221342746138,-0.0687372362075119,-0.00632361673700435,-0.04,0.00246957352774187
2921,0.964752076779395,0,0,0.101247924326614,0.0767006160560814,-0.0245473082705324,0.0124365601665263,-0.0489225182884895,-0.000172098252575362,-0.04,0.0154526917294676
2922,0.554306860668619,1,0,0.0998710203816231,0.0850398104325481,-0.014831209949075,0.0105585718499274,-0.0355256305031112,0.00586321060496111,0,-0.014831209949075
2923,-0.448530356561228,0,0,0.0965766797958456,0.10895872733601,0.0123820475401642,0.0104703099839856,-0.00813938293541779,0.0329034780157462,0,0.0123820475401642
2924,0.237667158122101,1,0,0.0988202019257279,0.0920263802846212,-0.00679382164110671,0.00965411757759487,-0.0257155443957077,0.0121279011134943,0,-0.00679382164110671
2925,1.65267046956327,1,0,0.103593446217051,0.0643904428071927,-0.0392030034098585,0.0164386918076338,-0.0714222473057744,-0.00698375951394258,-0.04,0.000796996590141492
2926,0.537156065344781,0,0,0.0998138492127039,0.0854055838610461,-0.0144082653516579,0.010494727176346,-0.0349775526448697,0.00616102194155395,0,-0.0144082653516579
2927,-0.922458323066002,0,1,0.0950538371522749,0.122198653386103,0.0271448162338281,0.0134307803179799,0.000820970526318212,0.0534686619413381,0,0.0271448162338281
2928,1.19371812901387,1,1,0.102023326126672,0.0723807812954334,-0.0296425448312383,0.0136883416080749,-0.0564712013911461,-0.00281388827133044,-0.04,0.0103574551687617
2929,0.708265374758398,0,0,0.100385536901392,0.0818194956380994,-0.0185660412632924,0.0111915883488493,-0.0405011513568352,0.0033690688302504,-0.04,0.0214339587367076
2930,0.219094127232772,0,0,0.0987588710648162,0.0924518086384822,-0.00630706242633397,0.0096218248353123,-0.0251654925690991,0.0125513677164312,0,-0.00630706242633397
2931,-0.469477934388809,1,0,0.0965089124660061,0.109516329682255,0.0130074172162493,0.0105632101152883,-0.00769609417084495,0.0337109286033435,0,0.0130074172162493
2932,3.00223488832226,0,0,0.108334791864633,0.0454154295534947,-0.0629193623111382,0.0254609230527166,-0.112821854507608,-0.013016870114668,-0.04,-0.0229193623111382
2933,0.3322914260142,0,0,0.0991331918121665,0.0898861547132848,-0.00924703709888169,0.00985767601694803,-0.0285677270633641,0.0100736528656007,0,-0.00924703709888169
2934,-1.74925813468506,0,0,0.0924485335003623,0.148604267107404,0.0561557336070414,0.021904053254357,0.0132245781130543,0.0990868891010285,0,0.0561557336070414
2935,-1.89456182576877,0,0,0.0919973500583518,0.153704009000488,0.0617066589421358,0.023735036122997,0.0151868429693045,0.108226474914967,0,0.0617066589421358
2936,1.39043691383805,1,0,0.102693720685017,0.0688496540347291,-0.0338440666502877,0.0148358898641467,-0.0629218764626182,-0.00476625683795728,-0.04,0.00615593334971228
2937,-0.939889190544709,0,0,0.0949982394534664,0.122711068323846,0.0277128288703793,0.013570459850421,0.00111521630990721,0.0543104414308513,0,0.0277128288703793
2938,-0.20200859307206,0,0,0.0973773983044273,0.10258185067379,0.00520445236936294,0.00967728895649538,-0.0137626854533552,0.0241715901920811,0,0.00520445236936294
2939,0.879738309964382,1,0,0.100961355897338,0.0783638959559315,-0.0225974599414066,0.0120021093073219,-0.0461211619222704,0.000926242039457289,-0.04,0.0174025400585934
2940,-0.478385066114229,1,0,0.096480109951951,0.109754185491326,0.0132740755393754,0.0106038764279415,-0.00750914035590313,0.0340572914346539,0,0.0132740755393754
2941,-2.04690419895082,1,0,0.09152643665155,0.159203666783877,0.0676772301323271,0.0257540892885931,0.017200142672056,0.118154317592598,0,0.0676772301323271
2942,-0.0135092056313336,1,0,0.09799364682681,0.0979310401481571,-6.26066786529045e-05,0.00945579314284587,-0.0185956206838916,0.0184704073265858,0,-6.26066786529045e-05
2943,-1.61730162926208,0,0,0.0928599933732385,0.144094744979081,0.051234751605843,0.0203234560206003,0.0114015097640826,0.0910679934476033,0,0.051234751605843
2944,-1.49235791172279,1,1,0.0932511006694521,0.139930338793258,0.0466792381238056,0.0189012293176315,0.00963350939771521,0.083724966849896,0,0.0466792381238056
2945,0.122657831054627,0,0,0.0984409689209793,0.0946892553567784,-0.00375171356420088,0.0094976531851881,-0.0223667717448217,0.0148633446164199,0,-0.00375171356420088
2946,-0.724525194616961,1,0,0.0956872123735154,0.116508285248946,0.0208210728754311,0.0119880030411266,-0.00267498133173369,0.0443171270825958,0,0.0208210728754311
2947,-0.457563565668357,0,0,0.0965474513280582,0.10919887557217,0.012651424244112,0.0105098983418214,-0.00794759798703524,0.0332504464752592,0,0.012651424244112
2948,-0.136754597166522,0,0,0.0975903366124252,0.100950119079265,0.00335978246683973,0.00956280294094311,-0.0153829668886625,0.0221025318223419,0,0.00335978246683973
2949,0.811823855669073,1,1,0.100732944209908,0.0797162749740063,-0.021016669235902,0.0116696391784138,-0.0438887417381706,0.00185540326636668,-0.04,0.018983330764098
2950,0.470346736166794,0,0,0.0995914216080501,0.0868440542492286,-0.0127473673588215,0.0102604607265356,-0.0328575008476189,0.00736276612997593,0,-0.0127473673588215
2951,-0.477736164643175,0,1,0.0964822080104977,0.109736841959218,0.0132546339487198,0.0106008904703499,-0.00752272957721978,0.0340319974746595,0,0.0132546339487198
2952,-1.57492186389666,0,0,0.0929924880934103,0.142670787299917,0.0496782992065066,0.0198328160970343,0.010806693944313,0.0885499044687001,0,0.0496782992065066
2953,-1.12642294059249,1,0,0.0944050893811353,0.12831107327774,0.0339059838966044,0.0151820504537466,0.00414971179579119,0.0636622559974177,0,0.0339059838966044
2954,1.35325276331932,1,0,0.102566703172448,0.0695046557193807,-0.0330620474530674,0.014614851341872,-0.0617066297225433,-0.0044174651835914,-0.04,0.00693795254693264
2955,0.0291051833785396,1,1,0.0981334441483798,0.0969060057346307,-0.00122743841374916,0.00945131459013609,-0.0197516746169738,0.0172967977894755,0,-0.00122743841374916
2956,-0.807573830655409,1,0,0.0954210030136661,0.118867302936581,0.023446299922915,0.0125602774858592,-0.00117139158519836,0.0480639914310284,0,0.023446299922915
2957,-0.879065332440006,1,0,0.0951923704410842,0.1209310258848,0.0257386554437156,0.0130916130245551,7.95654160520853e-05,0.0513977454713791,0,0.0257386554437156
2958,-0.471227592429769,1,0,0.0965032540845862,0.109563016796539,0.0130597627119525,0.0105711437301239,-0.00765929827448678,0.0337788236983917,0,0.0130597627119525
2959,1.41004557878599,0,0,0.10276075809585,0.0685065521263624,-0.034254205969488,0.0149531464408362,-0.0635618344490802,-0.00494657748989573,-0.04,0.00574579403051204
2960,-0.229960035164083,0,0,0.0972863133951048,0.103287919578857,0.00600160618375192,0.00973867659384652,-0.0130858491972705,0.0250890615647743,0,0.00600160618375192
2961,-1.9547933668259,0,0,0.0918109055146698,0.155859591171517,0.0640486856568471,0.0245212693999165,0.0159878807778067,0.112109490535888,0,0.0640486856568471
2962,-1.38612452019132,0,0,0.0935848014326408,0.136469246092351,0.0428844446597106,0.0177509402224995,0.00809324113188808,0.077675648187533,0,0.0428844446597106
2963,1.60731984536128,0,0,0.103437350816263,0.0651419012899409,-0.0382954495263218,0.0161565812305507,-0.069961766851497,-0.00662913220114665,-0.04,0.00170455047367817
2964,0.626904406668848,1,0,0.100113342576391,0.0835072214362503,-0.0166061211401403,0.0108442752280548,-0.0378605100255676,0.00464826774528694,0,-0.0166061211401403
2965,0.706339431999277,1,0,0.100379086040565,0.0818590852980396,-0.0185200007425251,0.0111830624040553,-0.0404384002913374,0.00339839880628715,-0.04,0.0214799992574749
2966,-0.553092603009368,1,0,0.0962388343294223,0.111767055268123,0.015528220938701,0.0109717862014882,-0.00597608486228931,0.0370325267396913,0,0.015528220938701
2967,0.584622224253034,1,0,0.099972146077146,0.084396751701987,-0.015575394375159,0.0106749117158566,-0.0364978368763826,0.00534704812606468,0,-0.015575394375159
2968,0.395665027423898,1,0,0.099343306489603,0.0884779459624268,-0.0108653605271762,0.0100280378248154,-0.0305199534994197,0.00878923244506739,0,-0.0108653605271762
2969,-0.786536666918219,1,1,0.0954883741514853,0.118265857802544,0.0227774836510585,0.0124106436854109,-0.00154693099730625,0.0471018982994232,0,0.0227774836510585
2970,-0.128189525347728,1,0,0.0976183171594345,0.100737660927967,0.00311934376853276,0.00955076841857488,-0.0155998183565566,0.0218385058936221,0,0.00311934376853276
2971,1.67693165513448,1,0,0.103677037955499,0.0639917572105454,-0.0396852807449534,0.0165903630727721,-0.07220179485803,-0.00716876663187688,-0.04,0.000314719255046579
2972,-0.275769719768007,0,0,0.097137198500088,0.10445439738386,0.00731719888377225,0.00985526357494513,-0.0119987627812697,0.0266331605488142,0,0.00731719888377225
2973,0.746701398632183,0,0,0.100514353717009,0.0810330444780155,-0.0194813092389932,0.0113646274635532,-0.0417555697652722,0.00279295128728577,-0.04,0.0205186907610068
2974,-0.803502821778316,0,0,0.095434037027468,0.118750708111959,0.0233166710844909,0.0125310784444313,-0.00124379135404051,0.0478771335230224,0,0.0233166710844909
2975,0.825997775298038,0,0,0.100780576389452,0.0794322811867049,-0.0213482952027468,0.0117378686856627,-0.0443540950819062,0.00165750467641255,-0.04,0.0186517047972532
2976,1.53530910561146,0,0,0.103189919643202,0.0663518960224969,-0.0368380236207049,0.015712598205139,-0.067634150206326,-0.00604189703508391,-0.04,0.00316197637929506
2977,1.09713552145242,0,0,0.101695605783752,0.074174932131379,-0.0275206736523732,0.0131475016094265,-0.0532893032935315,-0.00175204401121489,-0.04,0.0124793263476268
2978,0.598829089574178,0,0,0.100019568516739,0.0840969129942159,-0.0159226555225234,0.0107309174570328,-0.0369548672593798,0.00510955621433308,0,-0.0159226555225234
2979,1.20408083258125,0,0,0.102058544002603,0.0721906745690172,-0.029867869433586,0.0137473411825065,-0.0568121630344831,-0.00292357583268901,-0.04,0.010132130566414
2980,0.415283962396821,1,0,0.0994084331868967,0.0880460528298038,-0.0113623803570929,0.0100859038626582,-0.0311303886794365,0.00840562796525061,0,-0.0113623803570929
2981,0.655232160210726,1,0,0.100208038982657,0.082916039127238,-0.0172919998554186,0.0109621249137996,-0.038777369880495,0.00419337016965783,0,-0.0172919998554186
2982,1.27603799825951,0,1,0.102303389316218,0.0708832525822317,-0.0314201367339864,0.0141617382408066,-0.0591766336444509,-0.00366363982352188,-0.04,0.0085798632660136
2983,0.786167000899363,0,0,0.100646773884117,0.0802327046832133,-0.0204140692009035,0.0115477723165033,-0.0430472870429187,0.00221914864111176,-0.04,0.0195859307990965
2984,1.53667016512927,0,0,0.103194591426517,0.0663288337873335,-0.0368657576391838,0.0157209424920387,-0.0676782387266051,-0.0060532765517625,-0.04,0.0031342423608162
2985,-0.200321787425731,0,0,0.0973828975039388,0.102539378095677,0.00515648059173862,0.00967382128315222,-0.0138038607161168,0.024116821899594,0,0.00515648059173862
2986,1.05364061093543,0,0,0.101548325636845,0.07499619705464,-0.0265521285822051,0.01290973895644,-0.0518547519866411,-0.00124950517776912,-0.04,0.0134478714177949
2987,0.332300198322771,0,0,0.0991332208692988,0.089885958395412,-0.00924726247388682,0.00985769778360623,-0.0285679951002353,0.0100734701524617,0,-0.00924726247388682
2988,-0.180240090291111,0,0,0.0974483876591315,0.102034930563377,0.00458654290424534,0.00963461084250354,-0.0142969473521207,0.0234700331606114,0,0.00458654290424534
2989,0.287672989090404,0,0,0.0989854970705192,0.0908896948959826,-0.00809580217453654,0.00975377056876432,-0.0272128412027814,0.0110212368537083,0,-0.00809580217453654
2990,0.737553979633961,0,0,0.100483683196217,0.0812195852645749,-0.0192640979316426,0.0113229558811533,-0.0414566836572391,0.00292848779395391,-0.04,0.0207359020683574
2991,0.911366202590042,1,0,0.101067884493262,0.0777412811624786,-0.0233266033307837,0.0121614999308892,-0.0471627051933129,0.000509498531745558,-0.04,0.0166733966692163
2992,0.112124793958753,0,0,0.0984063020495815,0.0949365513243865,-0.00346975072519498,0.00948868487832836,-0.0220672313473684,0.0151277298969784,0,-0.00346975072519498
2993,1.97529924680815,0,0,0.104709947729024,0.0592733715841147,-0.045436576144909,0.018493511755862,-0.0816831931340667,-0.00918995915575133,-0.04,-0.00543657614490901
2994,0.616823159369889,0,0,0.100079661324561,0.0837185333812391,-0.0163611279433222,0.0108031683423559,-0.0375349488132631,0.00481269292661866,0,-0.0163611279433222
2995,1.44916823900233,0,0,0.102894625052024,0.0678267335540136,-0.0350678914980104,0.0151884619473055,-0.0648367298952862,-0.00529905310073463,-0.04,0.00493210850198959
2996,0.0905015382877574,0,1,0.0983351685619006,0.0954460370141637,-0.00288913154773685,0.00947321243707437,-0.0214562867422995,0.0156780236468258,0,-0.00288913154773685
2997,0.52097739424322,0,0,0.0997599452361398,0.0857519316601475,-0.0140080135759923,0.0104358529534911,-0.0344619095127907,0.00644588236080614,0,-0.0140080135759923
2998,-1.2199865622779,0,0,0.0941088217294559,0.131201207933429,0.0370923862039735,0.0160661324427132,0.00560334524540514,0.0685814271625418,0,0.0370923862039735
2999,0.819823565715788,1,0,0.100759825185462,0.0795558760716419,-0.0212039491138205,0.0117080699955736,-0.0441513446336188,0.00174344640597778,-0.04,0.0187960508861795
3000,-0.514431037669134,0,0,0.0963636284224583,0.110721386044174,0.0143577576217152,0.0107754574966513,-0.00676175098866347,0.0354772662320938,0,0.0143577576217152
3001,1.60897846809828,0,0,0.103443056075203,0.0651142747883257,-0.0383287812868772,0.0161668658912052,-0.0700152561765285,-0.00664230639722585,-0.04,0.00167121871312285
3002,-0.536282979068682,1,0,0.0962930756773263,0.111311353079526,0.0150182774021996,0.0108848785336017,-0.00631569249975283,0.0363522473041521,0,0.0150182774021996
3003,0.0714791935422956,1,0,0.0982726291073888,0.0958962609111414,-0.00237636819624734,0.00946291077058114,-0.0209233324955025,0.0161705961030078,0,-0.00237636819624734
3004,2.19302823326714,0,0,0.105469422375293,0.0560380418626466,-0.0494313805126464,0.0199205623575869,-0.088474965285301,-0.0103877957399919,-0.04,-0.00943138051264643
3005,-1.02030390143151,1,0,0.0947421244674689,0.125098998772592,0.0303568743051233,0.0142395606970905,0.00244784818315385,0.0582659004270928,0,0.0303568743051233
3006,0.279810668342727,1,0,0.0989594917363428,0.091067572789453,-0.00789191894688977,0.00973690186277713,-0.0269758959189339,0.0111920580251544,0,-0.00789191894688977
3007,0.0544018049689988,1,0,0.0982165142455626,0.0963020675231405,-0.00191444672242204,0.00945633751701441,-0.0204485276814252,0.0166196342365811,0,-0.00191444672242204
3008,-0.230768380875357,0,1,0.0972836803834129,0.10330840267635,0.00602472229293724,0.00974056201016517,-0.0130664284361656,0.02511587302204,0,0.00602472229293724
3009,-2.07313648668674,1,0,0.091445567751881,0.160166607251614,0.0687210394997331,0.0261118726679811,0.0175427095015944,0.119899369497872,0,0.0687210394997331
3010,-0.245583025305167,0,0,0.0972354361361,0.103684435711551,0.00644899957545049,0.0097762110650408,-0.0127120220172914,0.0256100211681924,0,0.00644899957545049
3011,0.337185557355281,0,0,0.0991494041638901,0.0897766876356341,-0.009372716528256,0.00986989984079437,-0.0287173647472306,0.00997193169071858,0,-0.009372716528256
3012,0.381091140517421,1,0,0.0992949518279652,0.0888000142788254,-0.0104949375491398,0.00998658669090249,-0.0300682877917957,0.00907841269351612,0,-0.0104949375491398
3013,-0.803134785034711,0,0,0.0954352154369676,0.11874017231622,0.0233049568792525,0.0125284444419612,-0.00125034300930243,0.0478602567678074,0,0.0233049568792525
3014,1.08294316123106,0,0,0.101647527561664,0.0744419969106141,-0.0272055306510496,0.0130694994052713,-0.0528212787813491,-0.00158978252075016,-0.04,0.0127944693489504
3015,1.73500582804035,1,0,0.103877374413697,0.0630467446194158,-0.040830629794281,0.0169554483424198,-0.0740626978871531,-0.00759856170140893,-0.04,-0.000830629794280995
3016,-0.688845003692059,1,1,0.0958017877351568,0.115507321702204,0.0197055339670471,0.0117576597027572,-0.00333905559283489,0.042750123526929,0,0.0197055339670471
3017,1.04876977853115,1,0,0.101531844068609,0.0750886859816149,-0.0264431580869937,0.0128833555687169,-0.0516940710017023,-0.001192245172285,-0.04,0.0135568419130063
3018,1.98893819830589,0,1,0.104757380516724,0.059065666165494,-0.0456917143512301,0.0185820249034627,-0.0821118139218434,-0.00927161478061672,-0.04,-0.00569171435123005
3019,0.0678099014920213,1,0,0.098260569713446,0.0959833244321139,-0.00227724528133218,0.00946128384358115,-0.0208210208622619,0.0162665302995976,0,-0.00227724528133218
3020,-1.38870172470449,0,0,0.093576693247944,0.136552351758423,0.0429756585104794,0.0177781876988773,0.00813105091028687,0.077820266110672,0,0.0429756585104794
3021,-0.34724208666326,1,0,0.0969049564786823,0.106297579713759,0.00939262323507629,0.0100764791854844,-0.0103569130594406,0.0291421595295932,0,0.00939262323507629
3022,-0.582840701922754,0,0,0.0961429099740949,0.112577511637715,0.0164346016636203,0.0111313354207056,-0.00538241486079772,0.0382516181880384,0,0.0164346016636203
3023,-2.06425898016517,0,0,0.0914729281337407,0.159840203255004,0.0683672751212632,0.0259904613731144,0.0174269068883795,0.119307643354147,0,0.0683672751212632
3024,-1.93275762796869,1,0,0.0918790769091264,0.155068125022018,0.0631890481128913,0.0242317900965891,0.0156956122426423,0.11068248398314,0,0.0631890481128913
3025,1.3110928397884,1,0,0.102422857234883,0.0702542781935362,-0.0321685790413463,0.0143664237317421,-0.0603262521422024,-0.0040109059404902,-0.04,0.00783142095865372
3026,0.124737140323441,0,0,0.0984478137358479,0.0946405052935965,-0.00380730844225141,0.00949953344787863,-0.0224260518700271,0.0148114349855243,0,-0.00380730844225141
3027,0.65219323378337,0,0,0.100197876392605,0.0829792768559803,-0.0172185995366248,0.0109493200913155,-0.038678872570804,0.00424167349755435,0,-0.0172185995366248
3028,-0.88003131800127,0,0,0.0951892845410658,0.120959121120012,0.0257698365789466,0.0130990286493712,9.62121937206975e-05,0.0514434609641725,0,0.0257698365789466
3029,-0.449008119560391,0,0,0.0965751337153743,0.108971417066407,0.012396283351033,0.0104723857737676,-0.00812921559776119,0.0329217822998271,0,0.012396283351033
3030,-0.168699592117428,0,0,0.0974860411470823,0.101746032219397,0.0042599910723144,0.00961380774120692,-0.0145827258547435,0.0231027079993723,0,0.0042599910723144
3031,0.119217504829318,1,1,0.0984296447468201,0.0947699642720422,-0.00365968047477791,0.00949462157877021,-0.0222687968160043,0.0149494358664485,0,-0.00365968047477791
3032,0.982790463663856,1,1,0.101308821721393,0.0763518856314351,-0.0249569360899581,0.0125311100252624,-0.0495174604257813,-0.000396411754134938,-0.04,0.0150430639100419
3033,-0.800520245894053,0,0,0.0954435872522985,0.118665349128188,0.02322176187589,0.012509759777076,-0.00129691674242674,0.0477404404942068,0,0.02322176187589
3034,-0.936892709619756,1,0,0.0950077949919531,0.122622849466322,0.0276150544743684,0.0135463096511501,0.00106477543468693,0.0541653335140499,0,0.0276150544743684
3035,-0.500205811379889,1,1,0.0964095818214291,0.110338800604878,0.0139292187834484,0.0107064093599809,-0.00705495796585659,0.0349133955327535,0,0.0139292187834484
3036,-0.604958564322596,0,0,0.0960716451170973,0.11318341169068,0.0171117665735823,0.0112546532392303,-0.00494694843379621,0.0391704815809608,0,0.0171117665735823
3037,0.0486630928518512,1,0,0.0981976637308954,0.096438779455473,-0.0017588842754224,0.0094547020920583,-0.0202897598604122,0.0167719913095674,0,-0.0017588842754224
3038,-0.702092800302402,0,0,0.0957592324236375,0.115878096633602,0.0201188642099641,0.0118420681583586,-0.00309116288288726,0.0433288913028155,0,0.0201188642099641
3039,0.879109388144316,1,0,0.100959238583317,0.0783763228189254,-0.0225829157643912,0.0119989680664228,-0.0461004610262261,0.000934629497443815,-0.04,0.0174170842356088
3040,0.496975168167884,0,0,0.0996800224840814,0.0862681086703611,-0.0134119138137204,0.0103509986944689,-0.0336994984589006,0.0068756708314598,0,-0.0134119138137204
3041,0.723833516402665,0,0,0.100437695231731,0.0815001168654012,-0.0189375783663296,0.0112610201845825,-0.0410087723572898,0.00313361562463063,-0.04,0.0210624216336704
3042,-0.254552466029537,1,0,0.0972062373120088,0.103912690569142,0.00670645325713361,0.00979880271338225,-0.012498847152709,0.0259117536669762,0,0.00670645325713361
3043,-1.79553739785234,0,0,0.0923046161923763,0.150213198749583,0.0579085825572063,0.0224770456171261,0.0138543826687753,0.101962782445637,0,0.0579085825572063
3044,-0.0441764949058258,0,0,0.097893152062286,0.0986746723615431,0.000781520299257141,0.00946923460576887,-0.0177778384892102,0.0193408790877245,0,0.000781520299257141
3045,1.0252582984442,1,0,0.10145232099797,0.0755366049464854,-0.0259157160514849,0.0127567190090434,-0.0509184258701075,-0.000913006232862272,-0.04,0.0140842839485151
3046,-0.190339876914722,1,0,0.0974154454642801,0.102288359308836,0.0048729138445554,0.0096538531054077,-0.0140482905540838,0.0237941182431946,0,0.0048729138445554
3047,-0.73338828348312,1,0,0.0956587704427354,0.116758093069312,0.0210993226265768,0.0120466932946581,-0.00251176236375323,0.0447104076169068,0,0.0210993226265768
3048,-1.2120853473054,1,0,0.0941338085514448,0.130955022397009,0.0368212138455646,0.0159896180515067,0.00548213833805997,0.0681602893530691,0,0.0368212138455646
3049,-0.605536426665274,1,0,0.0960697838487548,0.113199279807292,0.0171294959585374,0.0112579281382402,-0.0049356377329535,0.0391946296500283,0,0.0171294959585374
3050,-0.724515078902456,0,0,0.0956872448394809,0.116508000400904,0.0208207555614235,0.0119879363880266,-0.0026751680080657,0.0443166791309128,0,0.0208207555614235
3051,-0.497698422025114,1,0,0.0964176837612635,0.110271484891748,0.0138538011304846,0.0106944184947929,-0.00710687395490867,0.0348144762158778,0,0.0138538011304846
3052,-0.0747893374461699,0,0,0.0977929273580413,0.0994219952955289,0.0016290679374876,0.00949130819082772,-0.0169735542827047,0.0202316901576799,0,0.0016290679374876
3053,-0.0163343853355879,1,0,0.0979843850476993,0.0979993367322027,1.49516845033837e-05,0.0094566712530584,-0.0185197833851263,0.0185496867541331,0,1.49516845033837e-05
3054,0.0352620054694498,1,0,0.0981536564095829,0.0967587055671922,-0.00139495084239069,0.00945201499372246,-0.0199205598114193,0.0171306581266379,0,-0.00139495084239069
3055,1.24847643869909,1,1,0.102209545437283,0.0713814264221554,-0.0308281190151277,0.0140020673268592,-0.0582716666848768,-0.00338457134537861,-0.04,0.00917188098487228
3056,0.281486340252849,1,0,0.0989650336621297,0.0910296359818643,-0.00793539768026534,0.00974046010519221,-0.0270263486792913,0.0111555533187606,0,-0.00793539768026534
3057,0.277266119827929,0,0,0.0989510767156296,0.0911252079574555,-0.00782586875817405,0.00973153699695131,-0.0268993307864177,0.0112475932700696,0,-0.00782586875817405
3058,0.605202828104296,1,0,0.100040850518331,0.0839627086024499,-0.0160781419158811,0.010756343398137,-0.0371601875815748,0.00500390374981262,0,-0.0160781419158811
3059,1.49723247314474,1,0,0.103059298938366,0.0670001051731661,-0.0360591937652003,0.0154799349465166,-0.0663993087433957,-0.0057190787870048,-0.04,0.00394080623479975
3060,0.666718685987471,0,0,0.100246459787157,0.0826774091438324,-0.0175690506433251,0.011010869101879,-0.0391499575214929,0.0040118562348427,0,-0.0175690506433251
3061,1.49369405919804,1,1,0.103047167953846,0.0670606400403447,-0.0359865279135012,0.0154583911886245,-0.0662844179021365,-0.00568863792486589,-0.04,0.00401347208649881
3062,0.811552084526598,0,0,0.100732031104484,0.0797217293301599,-0.0210103017743242,0.0116683371471897,-0.0438798223422867,0.00185921879363838,-0.04,0.0189896982256758
3063,-1.7286214913573,1,0,0.0925127734132654,0.147891417672907,0.0553786442596416,0.0216516448641313,0.0129422001198925,0.0978150883993906,0,0.0553786442596416
3064,0.916026166125151,0,0,0.101083588542721,0.0776499306366072,-0.0234336579061136,0.0121852146168465,-0.0473162396990238,0.000448923886796675,-0.04,0.0165663420938864
3065,-0.0700040446660868,0,0,0.0978085880991629,0.0993048452592069,0.00149625716004392,0.00948728358816931,-0.0170984769838858,0.0200909913039737,0,0.00149625716004392
3066,-0.307465984202909,1,0,0.0970341435527401,0.105268294876408,0.0082341513236677,0.0099474884884679,-0.0112625678503562,0.0277308704976916,0,0.0082341513236677
3067,-1.00278803618442,1,0,0.0947978585026551,0.124575492505265,0.0297776340026098,0.0140904185065368,0.0021609212027011,0.0573943468025186,0,0.0297776340026098
3068,0.8051207852934,0,0,0.10071042516333,0.0798509028738087,-0.0208595222895211,0.01163759430149,-0.04366878798713,0.00194974340808772,-0.04,0.0191404777104789
3069,0.191120994494121,0,0,0.098666563658678,0.0930958866840155,-0.0055706769746625,0.00957818145603923,-0.0243435676658888,0.0132022137165638,0,-0.0055706769746625
3070,0.0139857871508795,1,1,0.0980838243473162,0.0972685825232725,-0.000815241824043716,0.00945103102977683,-0.0193389222591768,0.0177084386110894,0,-0.000815241824043716
3071,-0.212901600605524,0,1,0.0973418923944234,0.102856504298185,0.00551461190376125,0.00970033200723494,-0.0134976894685004,0.0245269132760229,0,0.00551461190376125
3072,0.0350312464235491,0,0,0.0981528987826733,0.0967642228020086,-0.00138867598066479,0.00945198266038733,-0.019914221577521,0.0171368696161915,0,-0.00138867598066479
3073,0.296547435156006,0,1,0.0990148574083501,0.0906892943125533,-0.00832556309579681,0.00977333683633847,-0.0274809513037988,0.0108298251122052,0,-0.00832556309579681
3074,-1.04616918908033,1,0,0.094659876908833,0.125875495590952,0.0312156186821194,0.0144631792455393,0.00286830825891514,0.0595629291053237,0,0.0312156186821194
3075,1.47552785133575,1,0,0.102984907410522,0.0673722259038599,-0.0356126815066621,0.0153479982019581,-0.0656942052172853,-0.00553115779603877,-0.04,0.00438731849333795
3076,-0.181642638427117,0,0,0.0974438124125594,0.102070090675348,0.00462627826278848,0.00963722515911465,-0.0142623359599795,0.0235148924855565,0,0.00462627826278848
3077,-0.619143783541317,1,0,0.0960259644842354,0.113573499458598,0.0175475349743626,0.0113358189741757,-0.00467026195028753,0.0397653318990126,0,0.0175475349743626
3078,2.10987478249164,1,0,0.105178797568901,0.0572535697854952,-0.0479252277834058,0.0193720928614263,-0.0858938320969669,-0.00995662346984474,-0.04,-0.00792522778340583
3079,0.531166068323442,0,0,0.0997938887665711,0.0855336676931972,-0.0142602210733739,0.0104727747443857,-0.0347864823905706,0.00626604024382279,0,-0.0142602210733739
3080,-0.520921887109664,1,0,0.0963426667804368,0.110896342078741,0.0145536752983045,0.0108075372698216,-0.00662870851212017,0.0357360591087292,0,0.0145536752983045
3081,0.297392658684245,0,0,0.0990176541616063,0.0906702284417244,-0.00834742571988188,0.00977522926873763,-0.0275065230272294,0.0108116715874657,0,-0.00834742571988188
3082,2.16490505766999,0,0,0.105371051506489,0.0564464020699185,-0.0489246494365705,0.0197346014715892,-0.0876037575701365,-0.0102455413030045,-0.04,-0.0089246494365705
3083,0.957368811147324,0,0,0.10122300787327,0.0768437751886013,-0.024379232684669,0.0123980885865064,-0.0486790397913586,-7.94255779794466e-05,-0.04,0.015620767315331
3084,2.18397657106331,1,0,0.105437752110756,0.0561691715735876,-0.0492685805371685,0.0198606581837897,-0.088194755286657,-0.0103424057876799,-0.04,-0.00926858053716848
3085,-0.383472246897699,0,0,0.0967874197560867,0.107242812564849,0.010455392808762,0.0102066719577696,-0.00954931663048124,0.0304601022480053,0,0.010455392808762
3086,0.583171814371438,1,0,0.0999673057413853,0.0844274174291172,-0.0155398883122681,0.0106692464570564,-0.0364512271102802,0.00537145048574392,0,-0.0155398883122681
3087,-1.06278195606021,1,0,0.0946070846399778,0.126376397400171,0.031769312760193,0.0146089064674811,0.00313638223041583,0.0604022432899702,0,0.031769312760193
3088,-0.370371909211513,1,0,0.0968299047525273,0.106900178483997,0.0100702737314693,0.0101582086064431,-0.00983944928460403,0.0299799967475426,0,0.0100702737314693
3089,0.184585778711307,0,1,0.0986450094398348,0.0932469383682186,-0.00539807107161626,0.00956886571641106,-0.024152703248682,0.0133565611054495,0,-0.00539807107161626
3090,0.324379958199958,1,0,0.0991069891888016,0.0900633649949743,-0.00904362419382729,0.00983825629280551,-0.0283262521984006,0.0102390038107461,0,-0.00904362419382729
3091,2.50610174688518,0,0,0.106569989397223,0.0516761100533275,-0.0548938793438953,0.0220213610905013,-0.0980549539718295,-0.011732804715961,-0.04,-0.0148938793438953
3092,-0.0616564806557355,0,0,0.0978359123734053,0.0991007802836337,0.00126486791022831,0.00948077322132742,-0.0173171061491652,0.0198468419696219,0,0.00126486791022831
3093,0.641093933239373,0,0,0.100160766578287,0.0832106176279017,-0.0169501489503853,0.0109028807347629,-0.0383194025182561,0.00441910461748556,0,-0.0169501489503853
3094,-0.90780799537555,0,0,0.0951005885303269,0.121769403512451,0.0266688149821243,0.0133148957353562,0.000572098882920168,0.0527655310813284,0,0.0266688149821243
3095,-0.531016478633256,0,0,0.0963100752560882,0.111168915083764,0.0148588398276763,0.010858137856356,-0.00642271930995235,0.0361403989653049,0,0.0148588398276763
3096,0.777525482459527,1,0,0.100617765486046,0.0804073304299344,-0.0202104350561118,0.0115072146982184,-0.0427641614269898,0.00234329131476622,-0.04,0.0197895649438882
3097,0.348898310528033,0,0,0.0991882135361053,0.089515196168339,-0.00967301736776623,0.00989980090570032,-0.0290762705970559,0.0097302358615234,0,-0.00967301736776623
3098,-0.571924981871641,0,0,0.0961780983765816,0.112279529767311,0.0161014313907298,0.0110719438880269,-0.00559917986865131,0.0378020426501108,0,0.0161014313907298
3099,-1.22904982860508,0,0,0.0940801673524249,0.131484084324173,0.0374039169717484,0.0161543140648655,0.00574204320966321,0.0690657907338335,0,0.0374039169717484
3100,-0.686865188753864,1,0,0.0958081488591903,0.115451999971664,0.0196438511124735,0.0117451595511753,-0.00337623860050677,0.0426639408254538,0,0.0196438511124735
3101,0.906793303391365,0,0,0.101052475955263,0.0778310206013068,-0.0232214553539563,0.0121382849845567,-0.0470120567577708,0.000569146049858173,-0.04,0.0167785446460437
3102,1.2785930630243,1,0,0.102312092877828,0.0708372329204774,-0.0314748599573509,0.0141765975394314,-0.0592604805579555,-0.00368923935674625,-0.04,0.00852514004264911
3103,-1.17097145976633,0,1,0.0942639231824472,0.129680324326722,0.0354164011442748,0.0155969579507765,0.00484692529236729,0.0659858769961823,0,0.0354164011442748
3104,1.37743545767227,1,0,0.102649293120754,0.0690780231906488,-0.0335712699301056,0.0147584045308993,-0.0624972112799409,-0.00464532858027035,-0.04,0.00642873006989437
3105,1.35771097915844,0,0,0.102581924668019,0.0694258207284091,-0.0331561039396097,0.0146412595996352,-0.061852445443196,-0.00445976243602337,-0.04,0.00684389606039033
3106,2.06328869605404,0,0,0.105016286281962,0.0579453419139464,-0.0470709443680153,0.0190666577016023,-0.084440906768709,-0.00970098196732167,-0.04,-0.00707094436801534
3107,0.831957890581758,1,0,0.100800611632905,0.0793131384747695,-0.0214874731581355,0.0117667465219511,-0.0445498725563716,0.00157492624010059,-0.04,0.0185125268418645
3108,-1.23951762874312,0,0,0.0940470821386256,0.131811441965459,0.0377643598268335,0.0162567092410333,0.00590179520726872,0.0696269244463983,0,0.0377643598268335
3109,-0.0928342388460962,0,0,0.0977338922452685,0.0998648639249209,0.00213097167965239,0.0095084078908711,-0.0165051653367714,0.0207671086960762,0,0.00213097167965239
3110,0.274799204798207,1,0,0.098942919043056,0.0911811160224812,-0.00776180302057483,0.00972638014805766,-0.0268251578107132,0.0113015517695635,0,-0.00776180302057483
3111,-1.01035846672675,1,0,0.0947737664177242,0.12480152317772,0.030027756759996,0.0141546496205952,0.00228515328984581,0.0577703602301461,0,0.030027756759996
3112,0.516700308873238,0,0,0.0997456992014466,0.0858437066249936,-0.013901992576453,0.0104205122308732,-0.0343258212494236,0.00652183609651765,0,-0.013901992576453
3113,1.26730098698846,1,1,0.102273632555527,0.0710408249709244,-0.0312328075846022,0.0141109996528888,-0.0588898586901214,-0.00357575647908299,-0.04,0.00876719241539781
3114,-0.48033798191058,1,0,0.0964737959392518,0.109806396602725,0.0133326006634732,0.010612884969565,-0.0074682716489407,0.0341334729758872,0,0.0133326006634732
3115,0.4147572351799,0,0,0.0994066841757198,0.0880576233312733,-0.0113490608444465,0.0100843197894922,-0.0311139644404357,0.00841584275154279,0,-0.0113490608444465
3116,-1.11301052363775,0,0,0.0944476279793206,0.127901248519464,0.0334536205401436,0.0150593221773902,0.00393789144087349,0.0629693496394137,0,0.0334536205401436
3117,0.0544411481035083,0,1,0.0982166434909719,0.0963011308591711,-0.0019155126318008,0.00945634972833753,-0.0204496175245575,0.0166185922609559,0,-0.0019155126318008
3118,-1.01311516114137,0,0,0.0947649948943857,0.124883917216056,0.0301189223216703,0.0141781253530209,0.002330307261455,0.0579075373818855,0,0.0301189223216703
3119,-0.839805368689199,1,0,0.0953178645702025,0.119793923041526,0.0244760584713235,0.0127955149842189,-0.000602690061388109,0.0495548070040351,0,0.0244760584713235
3120,0.987209288097767,0,0,0.101323744578734,0.0762666799605945,-0.02505706461814,0.0125543904594532,-0.0496632177665215,-0.000450911469758453,-0.04,0.01494293538186
3121,-0.549201193790899,0,0,0.0962513887120748,0.11166141586494,0.0154100271528654,0.0109514570729632,-0.00605443428837889,0.0368744885941097,0,0.0154100271528654
3122,-1.53921567989141,0,0,0.0931042504119645,0.141480183351757,0.048375932939793,0.0194259682525243,0.0103017348000269,0.0864501310795591,0,0.048375932939793
3123,1.4751453102784,1,0,0.102983596696155,0.0673788016464067,-0.0356047950497479,0.0153456774282597,-0.0656817701275062,-0.00552781997198954,-0.04,0.00439520495025215
3124,-0.535961609431616,0,0,0.0962941129399286,0.111302656730937,0.0150085437910085,0.0108832400879243,-0.00632221481642565,0.0363393023984427,0,0.0150085437910085
3125,-0.180903465672783,0,0,0.0974462236411133,0.10205155920892,0.00460533556780657,0.00963584503366435,-0.0142805736587847,0.0234912447943978,0,0.00460533556780657
3126,0.251764085850028,0,0,0.0988667746748275,0.0917046554342117,-0.00716211924061579,0.00968035687268761,-0.0261352700685783,0.0118110315873467,0,-0.00716211924061579
3127,-0.96832574196469,0,0,0.0949076003685093,0.123550983623936,0.0286433832554264,0.0138024750048524,0.0015910293484015,0.0556957371624513,0,0.0286433832554264
3128,-1.0020565600447,1,1,0.0948001866376417,0.124553671402459,0.0297534847648174,0.0140842308403533,0.00214889956777655,0.0573580699618582,0,0.0297534847648174
3129,-0.440972457293362,0,0,0.0966011407222066,0.108758156564453,0.0121570158422467,0.0104377408889158,-0.00830058037998926,0.0326146120644827,0,0.0121570158422467
3130,2.45935560874699,1,0,0.106405019744605,0.0523064011727666,-0.0540986185718383,0.0217041991800457,-0.0966380672780116,-0.0115591698656649,-0.04,-0.0140986185718383
3131,-0.200004317124141,1,0,0.0973839325282079,0.102531386158921,0.00514745363071328,0.00967317165612969,-0.0138116144315746,0.0241065216930011,0,0.00514745363071328
3132,0.173966725266194,1,1,0.0986099949938345,0.0934928507676291,-0.00511714422620549,0.00955445024912824,-0.0238435226065766,0.0136092341541656,0,-0.00511714422620549
3133,-0.41976977308226,0,0,0.0966697921432165,0.10819721134943,0.0115274192062136,0.0103490819941712,-0.00875640877541391,0.0318112471878412,0,0.0115274192062136
3134,-1.36239113607778,0,0,0.0936594990349137,0.135705929409249,0.0420464303743354,0.0175015837856711,0.00774395648200982,0.0763489042666609,0,0.0420464303743354
3135,-1.61205927629613,1,0,0.0928763737062739,0.143917963707921,0.0510415900016469,0.0202623112127154,0.0113281897811825,0.0907549902221113,0,0.0510415900016469
3136,-0.472324620345819,0,0,0.0964997064554012,0.109592298314171,0.0130925918587694,0.0105761317038624,-0.00763624537655311,0.0338214290940919,0,0.0130925918587694
3137,0.529381100005144,1,0,0.0997879414093042,0.0855718692504464,-0.0142160721588579,0.0104662681586888,-0.0347295808024262,0.0062974364847104,0,-0.0142160721588579
3138,0.193007258907638,0,0,0.0986727856495543,0.0930523293698967,-0.00562045627965765,0.00958093281322513,-0.0243987395318769,0.0131578269725616,0,-0.00562045627965765
3139,-0.332745833929698,1,0,0.0969520204364907,0.105921437730365,0.00896941729387436,0.0100277692468563,-0.0106846492752424,0.0286234838629911,0,0.00896941729387436
3140,0.512997060189175,1,0,0.0997333659523175,0.0859232404472937,-0.0138101255050238,0.0104073061698544,-0.0342080707740199,0.00658781976397223,0,-0.0138101255050238
3141,0.691587440404986,0,0,0.100329687104542,0.0821629061716483,-0.0181667809328936,0.0111182290646032,-0.0399581094713823,0.00362454760559514,-0.04,0.0218332190671064
3142,-0.765378992937231,0,0,0.0955561741295102,0.117663626812737,0.0221074526832268,0.0122633175552372,-0.00192820805601592,0.0461431134224694,0,0.0221074526832268
3143,-0.562849333246171,0,0,0.0962073638042323,0.112032303702938,0.0158249398987055,0.0110233098650415,-0.00578035042720093,0.0374302302246119,0,0.0158249398987055
3144,0.182974282060781,1,0,0.0986396951027932,0.0932842194700145,-0.00535547563277873,0.00956662044020389,-0.0241057071493431,0.0133947558837856,0,-0.00535547563277873
3145,1.25740927967341,1,0,0.102239952355114,0.0712196127660096,-0.0310203395891047,0.0140536924631146,-0.0585650706666114,-0.00347560851159805,-0.04,0.00897966041089528
3146,1.16314445249405,0,0,0.101919483582439,0.0729443566964948,-0.0289751268859442,0.0135153288834141,-0.0554646847366497,-0.0024855690352387,-0.04,0.0110248731140558
3147,-0.404298206555466,0,0,0.096719914472255,0.107789496254107,0.011069581781852,0.0102869265150273,-0.00909242369921165,0.0312315872629156,0,0.011069581781852
3148,1.91075831794253,1,0,0.104485748009786,0.06026556747973,-0.0442201805300557,0.018076346882606,-0.0796491693920163,-0.00879119166809501,-0.04,-0.00422018053005567
3149,-1.58787924719524,0,0,0.0929519605549074,0.143104905312535,0.0501529447576278,0.0199819377200402,0.0109890664850265,0.0893168230302291,0,0.0501529447576278
3150,-0.978767781353276,1,0,0.0948743366941642,0.123860642127071,0.0289863054329067,0.0138889455981179,0.00176447227735952,0.0562081385884539,0,0.0289863054329067
3151,-0.680070530050825,0,0,0.0958299828962105,0.115262312820183,0.0194323299239727,0.0117024865685939,-0.00350412228003504,0.0423687821279804,0,0.0194323299239727
3152,-0.530850381305421,1,0,0.0963106114402824,0.111164425403447,0.0148538139631643,0.0108572982989624,-0.0064260996722099,0.0361337275985385,0,0.0148538139631643
3153,0.167753670744904,1,0,0.0985895136811663,0.0936370001244419,-0.00495251355672438,0.00954643332668947,-0.0236631790578486,0.0137581519443999,0,-0.00495251355672438
3154,1.15221707078649,0,0,0.101882391804408,0.0731467638762586,-0.0287356279281496,0.0134538860714872,-0.0551047600803696,-0.00236649577592955,-0.04,0.0112643720718504
3155,1.80228738453529,0,0,0.104109901125739,0.0619681866855971,-0.0421417144401415,0.0173818158364904,-0.0762094474655707,-0.00807398141471225,-0.04,-0.00214171444014146
3156,0.581647407064299,0,0,0.0999622186845312,0.0844596585709679,-0.0155025601135632,0.0106633027443827,-0.0364022494488005,0.00539712922167405,0,-0.0155025601135632
3157,0.18342998404004,1,0,0.0986411978749149,0.0932736756958457,-0.00536752217906919,0.00956725327782381,-0.0241189940345766,0.0133839496764383,0,-0.00536752217906919
3158,-0.424117404062879,0,0,0.0966557115527765,0.108312026126253,0.011656314573476,0.0103669347191498,-0.00866250410613546,0.0319751332530876,0,0.011656314573476
3159,-0.207590958669237,1,0,0.0973592010628015,0.10272252183452,0.0053633207717181,0.00968895735884028,-0.0136266866993532,0.0243533282427894,0,0.0053633207717181
3160,0.153096284150942,1,0,0.0985412106685557,0.0939778567040522,-0.00456335396450352,0.00952875309845183,-0.0232393668550436,0.0141126589260365,0,-0.00456335396450352
3161,0.405588447058473,1,0,0.0993762433661134,0.0882592522762114,-0.011116991089902,0.0100570139845494,-0.0308283762916344,0.00859439411183039,0,-0.011116991089902
3162,-0.0222098715963942,1,0,0.0979651259554439,0.0981415081406094,0.000176382185165552,0.0094587307832853,-0.018362389489534,0.0187151538598651,0,0.000176382185165552
3163,0.260989430566866,0,0,0.0988972635007559,0.0914946592455075,-0.00740260425524843,0.00969832409059124,-0.0264109701832044,0.0116057616727076,0,-0.00740260425524843
3164,0.968224329329503,0,1,0.101259644087809,0.0766333747830234,-0.0246262693047858,0.0124546991094431,-0.0490370309975775,-0.000215507611994178,-0.04,0.0153737306952142
3165,-0.432453202865537,0,0,0.096628719680526,0.108532462141055,0.011903742460529,0.0104016363395215,-0.00848309014521628,0.0322905750662743,0,0.011903742460529
3166,1.77433854725375,0,0,0.104013253452555,0.0624141126457044,-0.041599140806851,0.0172042732447453,-0.0753188967467379,-0.00787938486696411,-0.04,-0.00159914080685099
3167,-1.38297376580593,1,0,0.0935947149277712,0.136367703345275,0.0427729884175038,0.017717673989386,0.0080469855084851,0.0774989913265225,0,0.0427729884175038
3168,0.76694091063303,0,0,0.100582244640688,0.0806216934892389,-0.0199605511514486,0.0114578817396446,-0.0424175867002713,0.00249648439737398,-0.04,0.0200394488485514
3169,1.5779864760575,1,0,0.103336497142954,0.0656322914143872,-0.0377042057285672,0.01597512013305,-0.069014865838046,-0.00639354561908847,-0.04,0.00229579427143276
3170,-0.669676288834661,1,0,0.0958633924821353,0.114972660278548,0.0191092677964125,0.0116378905472438,-0.00370057853220457,0.0419191141250296,0,0.0191092677964125
3171,-0.538996441706712,1,0,0.0962843180191819,0.111384803804582,0.0151004857853998,0.0108987472482029,-0.0062606662976828,0.0364616378684824,0,0.0151004857853998
3172,0.0803653923140896,0,0,0.0983018397070846,0.095685705128605,-0.00261613457847962,0.00946733461938888,-0.021171769462071,0.0159395003051118,0,-0.00261613457847962
3173,-0.103358857604336,1,0,0.0976994749185622,0.100123974395216,0.0024244994766542,0.00951978915663505,-0.0162339444107654,0.0210829433640738,0,0.0024244994766542
3174,1.2389900341207,0,0,0.102177262992512,0.0715536391218143,-0.0306236238706981,0.0139473768359147,-0.057959980147899,-0.00328726759349715,-0.04,0.00937637612930192
3175,1.42201487846449,1,0,0.102801697357661,0.068297898976385,-0.0345037983812765,0.0150249488521463,-0.0639521570010398,-0.00505543976151324,-0.04,0.0054962016187235
3176,-0.7998512147828,0,0,0.0954457296110785,0.118646209274491,0.0232004796634129,0.0125049862883966,-0.00130884308901159,0.0477098024158375,0,0.0232004796634129
3177,-1.23428812553133,0,0,0.0940636095449253,0.131647814321493,0.0375842047765678,0.0162054814048941,0.00582204487084182,0.0693463646822939,0,0.0375842047765678
3178,0.73424101344091,0,0,0.1004725771521,0.0812872421778151,-0.0191853349742845,0.0113079378537938,-0.0413484859071375,0.00297781595856843,-0.04,0.0208146650257155
3179,-1.20697885101046,0,0,0.0941499605105632,0.130796123321482,0.0366461628109183,0.0159403469283232,0.00540365693033115,0.0678886686915055,0,0.0366461628109183
3180,2.13448581371262,1,0,0.10526474045178,0.0568912510116807,-0.0483734894400997,0.019533990151455,-0.0866594066113116,-0.0100875722688877,-0.04,-0.00837348944009966
3181,-1.09345885088599,1,0,0.0945096684938421,0.12730583636123,0.0327961678673883,0.014882259946305,0.00362747436406758,0.061964861370709,0,0.0327961678673883
3182,0.220663555581942,0,0,0.0987640522352159,0.0924157915623827,-0.00634826067283317,0.00962445228351067,-0.0252118405194384,0.012515319173772,0,-0.00634826067283317
3183,0.6200446059039,0,0,0.100090423019915,0.0836509562170204,-0.0164394668028943,0.010816255507754,-0.0376389380456752,0.00476000443988659,0,-0.0164394668028943
3184,-0.0272570565850208,1,0,0.0979485846231577,0.0982637835602444,0.000315198937086758,0.00946075210953717,-0.0182275344642674,0.018857932338441,0,0.000315198937086758
3185,-0.682189352845282,0,0,0.0958231737685992,0.115321435101923,0.019498261333324,0.0117157557630685,-0.00346419801395796,0.0424607206806059,0,0.019498261333324
3186,-0.75611247512916,1,0,0.0955858823340332,0.117400703031624,0.0218148206975911,0.0121998042530091,-0.00209635625674525,0.0457259976519274,0,0.0218148206975911
3187,2.59295006946623,0,0,0.106877079895045,0.0505241321656104,-0.056352947729435,0.0226137852982785,-0.100675152468182,-0.0120307429906879,-0.04,-0.016352947729435
3188,0.831013526821277,1,0,0.1007974368683,0.0793320054134598,-0.0214654314548404,0.0117621635920606,-0.0445188484755475,0.00158798556586665,-0.04,0.0185345685451596
3189,0.717520958792612,1,0,0.100416543212537,0.0816294811544322,-0.0187870620581047,0.0112327575880407,-0.0408028623777334,0.0032287382615241,-0.04,0.0212129379418953
3190,-0.803549131725702,1,1,0.0954338887494942,0.118752033885106,0.0233181451356118,0.0125314099473388,-0.00124296703667926,0.0478792573079028,0,0.0233181451356118
3191,0.0722247189698198,1,0,0.0982750794918594,0.0958785800077627,-0.00239649948409669,0.00946325562765511,-0.0209441396907967,0.0161511407226033,0,-0.00239649948409669
3192,-0.303428739389899,1,0,0.0970472645340267,0.10516431626639,0.00811705173236293,0.00993521882620878,-0.0113556193455306,0.0275897228102564,0,0.00811705173236293
3193,-0.523276763074887,1,0,0.0963350629174027,0.110959875809729,0.0146248128923266,0.0108192642649174,-0.00658055540613267,0.0358301811907859,0,0.0146248128923266
3194,0.0459943591042919,1,0,0.0981888985757909,0.0965024150835204,-0.00168648349227049,0.00945404035562377,-0.0202160620976813,0.0168430951131403,0,-0.00168648349227049
3195,1.47683030187858,0,0,0.102989370155016,0.0673498417139484,-0.035639528441068,0.015355901023156,-0.0657365413966156,-0.0055425154855204,-0.04,0.00436047155893201
3196,0.11526328088181,1,0,0.098416630460894,0.0948628051311723,-0.00355382532972168,0.00949125967705954,-0.0221563524646756,0.0150487018052323,0,-0.00355382532972168
3197,-1.16963447659488,0,0,0.0942681570861456,0.129639050203985,0.0353708931178394,0.0155843447882214,0.00482613861027101,0.0659156476254077,0,0.0353708931178394
3198,-0.371394604273428,0,0,0.0968265875064398,0.106926891947443,0.0101003044410028,0.0101619355780814,-0.00981672330525283,0.0300173321872585,0,0.0101003044410028
3199,1.09544252927146,0,0,0.101689869522517,0.0742067436601522,-0.0274831258623646,0.0131381759091428,-0.0532334774668362,-0.00173277425789303,-0.04,0.0125168741376354
3200,0.229641863736254,1,0,0.0987936970718292,0.0922099890346152,-0.00658370803721392,0.00963984375877716,-0.0254774546210104,0.0123100385465825,0,-0.00658370803721392
3201,0.295873464657412,0,0,0.0990126273632376,0.090704499781973,-0.00830812758126463,0.00977183142422339,-0.0274605652357392,0.0108443100732099,0,-0.00830812758126463
3202,-0.552871586987121,0,0,0.0962395473274773,0.111761053045574,0.015521505718097,0.0109706282118558,-0.00598053046491944,0.0370235419011134,0,0.015521505718097
3203,-0.396737581329903,1,0,0.0967444166273082,0.107590746311469,0.0108463296841606,0.0102573368653837,-0.0092576811492865,0.0309503405176076,0,0.0108463296841606
3204,-1.36465333709854,0,0,0.0936523767601433,0.135778531194877,0.0421261544347339,0.0175252296592798,0.00777733548175242,0.0764749733877154,0,0.0421261544347339
3205,0.223616059142659,0,0,0.0987738000223875,0.0923480682142394,-0.00642573180814814,0.00962944612818272,-0.0252990994104549,0.0124476357941587,0,-0.00642573180814814
3206,0.112507825468423,0,0,0.098407562511934,0.0949275483422035,-0.00348001416973051,0.00948899467170018,-0.0220781019757553,0.0151180736362943,0,-0.00348001416973051
3207,-1.13965504242665,0,0,0.0943631394855014,0.128716485263146,0.0343533457776448,0.0153041277091014,0.00435780665300462,0.0643488849022849,0,0.0343533457776448
3208,0.835816739702474,0,0,0.100813585244781,0.0792360871946244,-0.0215774980501569,0.0117855017112517,-0.0446766569439454,0.00152166084363168,-0.04,0.0184225019498431
3209,-1.35652514480484,0,0,0.09367796968346,0.135517822082851,0.0418398523993913,0.0174403892875302,0.00765731751947393,0.0760223872793086,0,0.0418398523993913
3210,-0.9425271636,0,0,0.0949898278799324,0.122788777593959,0.0277989497140262,0.0135917679828183,0.00115957398147772,0.0544383254465747,0,0.0277989497140262
3211,0.301051618341394,1,0,0.0990297620745113,0.0905877341979595,-0.00844202787655178,0.00978347923582615,-0.0276172948222665,0.0107332390691629,0,-0.00844202787655178
3212,0.19006295435073,1,0,0.0986630737833688,0.0931203267853936,-0.0055427469979752,0.00957665041399712,-0.0243126369019402,0.0132271429059898,0,-0.0055427469979752
3213,0.581477160292094,0,0,0.0999616505730893,0.0844632599757964,-0.0154983905972929,0.010662639620894,-0.0363967802343748,0.00539999903978913,0,-0.0154983905972929
3214,0.340780243915871,1,1,0.0991613134639242,0.0896963618080306,-0.00946495165589362,0.00987897991249634,-0.0288273964883811,0.00989749317659385,0,-0.00946495165589362
3215,1.49259771844818,0,0,0.103043409550969,0.0670794064374925,-0.0359640031134767,0.0154517187985869,-0.0662488154579476,-0.00567919076900575,-0.04,0.00403599688652333
3216,0.0784951323187302,0,0,0.0982956911695107,0.0957299859965249,-0.00256570517298578,0.00946634678155573,-0.0211194039300017,0.0159879935840301,0,-0.00256570517298578
3217,1.3121028242952,1,0,0.102426301122498,0.0702362331491649,-0.0321900679733331,0.0143723468012079,-0.0603593500770201,-0.00402078586964614,-0.04,0.00780993202666689
3218,0.510750580602002,1,0,0.0997258849680268,0.0859715201015923,-0.0137543648664345,0.0103993298208591,-0.0341366767786717,0.00662794704580271,0,-0.0137543648664345
3219,0.502322983028991,1,0,0.0996978247376232,0.086152858811589,-0.0135449659260343,0.0103696424919216,-0.0338690917427567,0.00677915989068814,0,-0.0135449659260343
3220,0.34342074775266,0,0,0.0991700623401131,0.0896373991522058,-0.00953266318790726,0.0098857044165592,-0.0289082878061718,0.00984296143035732,0,-0.00953266318790726
3221,0.841788711332488,1,1,0.10083366618542,0.0791169771575178,-0.0217166890279026,0.0118146169485799,-0.0448729127382557,0.00143953468245046,-0.04,0.0182833109720974
3222,0.216047837680286,0,0,0.0987488150077048,0.0925217544369845,-0.00622706057072028,0.0096167786878746,-0.0250756004462468,0.0126214793048063,0,-0.00622706057072028
3223,-0.242841816246887,0,0,0.0972443613396971,0.103614765771398,0.00637040443170059,0.00976945830983266,-0.012777382004037,0.0255181908674381,0,0.00637040443170059
3224,-1.81733672807595,0,0,0.0922368953023988,0.150976023269239,0.0587391279668402,0.0227502576266605,0.0141494423795779,0.103328813554102,0,0.0587391279668402
3225,-0.0974141171391364,0,0,0.0977189139213292,0.0999775447271113,0.00225863080578212,0.00951323282150136,-0.0163869629009049,0.0209042245124691,0,0.00225863080578212
3226,-0.299565911562834,1,0,0.097059820145259,0.105064914594907,0.00800509444964805,0.00992362181342529,-0.0114448469008616,0.0274550358001577,0,0.00800509444964805
3227,-0.856941482627767,0,0,0.0952630709399767,0.120289103260279,0.0250260323203023,0.0129234783471775,-0.000303519795148786,0.0503555844357533,0,0.0250260323203023
3228,0.535436823050841,0,0,0.0998081198244389,0.0854423285374085,-0.0143657912870305,0.0104884079262054,-0.0349226930775575,0.00619111050349653,0,-0.0143657912870305
3229,0.428306316206386,0,0,0.0994516829511377,0.087760430084994,-0.0116912528661437,0.0101255940408648,-0.0315370525083121,0.00815454677602468,0,-0.0116912528661437
3230,-0.726271393615138,1,0,0.0956816081679602,0.116557465464609,0.0208758572966486,0.0119995202186311,-0.00264277016362861,0.0443944847569257,0,0.0208758572966486
3231,0.329399155658068,1,0,0.0991236119556343,0.0899509026864355,-0.00917270926919879,0.00985052763605915,-0.0284793886645912,0.0101339701261936,0,-0.00917270926919879
3232,-0.944170362692674,0,0,0.0949845886296318,0.122837204254879,0.0278526156252474,0.0136050632308837,0.00118718168532518,0.0545180495651697,0,0.0278526156252474
3233,1.16614603055714,0,0,0.101929674199874,0.0728888490648149,-0.0290408251350591,0.0135322431068393,-0.0555635342545045,-0.00251811601561368,-0.04,0.0109591748649409
3234,-2.53538319843075,0,0,0.0900310625578927,0.177915389829024,0.0878843272711308,0.0328945220558658,0.0234122487529754,0.152356405789286,0,0.0878843272711308
3235,-0.817660394395864,0,0,0.095388716057826,0.119156611643512,0.0237678955856859,0.0126331206607979,-0.000992565921826737,0.0485283570931986,0,0.0237678955856859
3236,0.0735074705309578,0,0,0.0982792957524772,0.0958481650540665,-0.00243113069841072,0.00946386027728371,-0.020979955996606,0.0161176945997846,0,-0.00243113069841072
3237,0.669046780678419,1,0,0.100254248529898,0.0826291197221847,-0.0176251288077136,0.0110208144004485,-0.039225528112893,0.00397527049746573,0,-0.0176251288077136
3238,-2.05863216132905,1,0,0.0914902737420007,0.15963359804416,0.0681433243021594,0.0259136824460785,0.0173534400010377,0.118933208603281,0,0.0681433243021594
3239,0.904012838926541,1,0,0.101043108105873,0.0778856313194645,-0.0231574767864089,0.0121241972083587,-0.046920466656253,0.000605513083435323,-0.04,0.0168425232135911
3240,-1.02906813362599,1,0,0.0947142484188841,0.125361647197288,0.0306473987784038,0.0143148824816362,0.00259074467147362,0.0587040528853341,0,0.0306473987784038
3241,0.893093469914831,0,0,0.10100632638431,0.0781004366978203,-0.0229058896864898,0.0120690763479597,-0.0465608446551549,0.000749065282175439,-0.04,0.0170941103135102
3242,1.69077897075637,0,0,0.103724775515194,0.0637652354568652,-0.0399595400583285,0.0166771583888493,-0.0726461698649432,-0.00727291025171389,-0.04,4.04599416714765e-05
3243,-0.64776105896997,1,0,0.0959338674135525,0.114364031463733,0.0184301640501801,0.0115044304407346,-0.00411810527630599,0.0409784333766661,0,0.0184301640501801
3244,-0.176301885200432,1,0,0.0974612354864069,0.101936262118088,0.00447502663168092,0.00962736984074828,-0.0143942715220328,0.0233443247853947,0,0.00447502663168092
3245,-0.372466493391259,1,0,0.0968231108018537,0.106954896698621,0.0101317858967672,0.0101658520892829,-0.00979291807038844,0.0300564898639229,0,0.0101317858967672
3246,0.770593873240057,0,0,0.10059450238699,0.0805476533491203,-0.0200468490378696,0.0114748644083949,-0.0425371700058041,0.00244347193006481,-0.04,0.0199531509621304
3247,0.174525372401986,0,0,0.0986118367578466,0.0934798993270867,-0.00513193743075996,0.00955518623588377,-0.023859758318665,0.0135958834571451,0,-0.00513193743075996
3248,1.09123774442839,0,1,0.101675623950032,0.0742858063748216,-0.0273898175752107,0.0131150385931797,-0.0530948208736958,-0.00168481427672553,-0.04,0.0126101824247893
3249,0.144010148319678,1,0,0.0985112781432916,0.0941897121899118,-0.00432156595337983,0.00951867029380678,-0.0229778169099524,0.0143346850031927,0,-0.00432156595337983
3250,0.519494722218008,0,0,0.0997550065754598,0.0857837358158904,-0.0139712707595693,0.0104305243339996,-0.0344147227940773,0.00647218127493861,0,-0.0139712707595693
3251,0.0703883030446215,1,0,0.0982690436790543,0.095922137755648,-0.00234690592340633,0.0094624148562628,-0.0208928982484582,0.0161990864016455,0,-0.00234690592340633
3252,0.484768739696649,0,0,0.0996393992933303,0.0865316905332571,-0.0131077087600732,0.0103090175273216,-0.0333130118296157,0.00709759430946936,0,-0.0131077087600732
3253,1.01677365978661,0,0,0.101423636905464,0.0756988480576908,-0.0257247888477731,0.0127113167680768,-0.0506385119092837,-0.000811065786262461,-0.04,0.0142752111522269
3254,-0.495263641187697,1,0,0.0964255516686612,0.110206152927818,0.0137806012591568,0.010682826617685,-0.00715735416459162,0.0347185566829052,0,0.0137806012591568
3255,0.309252707230316,0,0,0.0990569051958775,0.0904030793733453,-0.00865382582253224,0.00980230902537056,-0.0278659984775905,0.010558346832526,0,-0.00865382582253224
3256,2.05564356674904,0,1,0.104989638129689,0.0580596136574794,-0.04693002447221,0.0190166626198633,-0.0842019983132911,-0.00965805063112893,-0.04,-0.00693002447221003
3257,2.0262437706331,1,0,0.10488721669128,0.0585010252936742,-0.0463861913976057,0.0188247480053201,-0.0832820195060753,-0.00949036328913617,-0.04,-0.00638619139760574
3258,-0.183666580440671,0,0,0.0974372104573141,0.102120847276596,0.00468363681928174,0.00964103062083963,-0.0142124359714118,0.0235797096099753,0,0.00468363681928174
3259,0.746796879349256,1,0,0.100514673899609,0.0810310994278154,-0.0194835744717938,0.0113650640101511,-0.0417586906136823,0.0027915416700947,-0.04,0.0205164255282062
3260,-0.345989293265755,0,0,0.0969090230290827,0.106265026414471,0.00935600338538811,0.0100721929355817,-0.0103851320136908,0.0290971387844671,0,0.00935600338538811
3261,0.139264267475475,0,0,0.0984956469724954,0.0943005388399298,-0.00419510813256559,0.00951367298070944,-0.0228415645354479,0.0144513482703167,0,-0.00419510813256559
3262,-1.67890711730622,0,0,0.0926676941782281,0.146185742481812,0.0535180483035834,0.0210514935158759,0.0122578791916882,0.0947782174154787,0,0.0535180483035834
3263,-0.448764793566486,1,0,0.0965759211355979,0.108964953990149,0.0123890328545512,0.010471328316481,-0.00813439351604588,0.0329124592251483,0,0.0123890328545512
3264,0.517750913953883,0,1,0.09974919836928,0.0858211551703121,-0.013928043198968,0.0104242717111721,-0.0343592403179251,0.00650315391998917,0,-0.013928043198968
3265,0.721273693562858,0,0,0.100429117340395,0.0815525532050435,-0.0188765641353518,0.0112495414789699,-0.0409252602767223,0.00317213200601866,-0.04,0.0211234358646482
3266,-1.49539243510407,1,0,0.093241584312383,0.14003027518245,0.046788690870067,0.0189348936234681,0.00967698131697239,0.0839004004231617,0,0.046788690870067
3267,-0.329443918264602,0,0,0.096962743385045,0.105835925393655,0.00887318200860966,0.0100169462059882,-0.0107596717902023,0.0285060358074216,0,0.00887318200860966
3268,1.49844335101924,1,0,0.103063450563389,0.0669794012343385,-0.0360840493290506,0.0154873104886829,-0.0664386201042584,-0.00572947855384275,-0.04,0.00391595067094943
3269,0.384284819067689,1,0,0.0993055463337124,0.0887293467729634,-0.0105761995607489,0.00999555666225862,-0.0301671306242052,0.00901473150270736,0,-0.0105761995607489
3270,0.659711395071978,1,0,0.10022301983321,0.0828229096061713,-0.0174001102270387,0.0109810684326265,-0.0389226088667563,0.00412238841267882,0,-0.0174001102270387
3271,-0.379184275208919,0,0,0.096801324012527,0.107130556138203,0.0103292321256762,0.0101906367314848,-0.00964404884756494,0.0303025130989174,0,0.0103292321256762
3272,-0.627730757294196,0,0,0.0959983213036014,0.11381020690868,0.0178118856050784,0.0113857329534227,-0.00450374092122102,0.0401275121313778,0,0.0178118856050784
3273,0.857677323678092,0,0,0.100887109433396,0.0788008778701258,-0.0220862315632706,0.0118926014199198,-0.0453953020288033,0.00122283890226199,-0.04,0.0179137684367294
3274,0.299412379965814,1,0,0.0990243374856863,0.0906246838110938,-0.00839965367459246,0.00977977162608625,-0.0275676538387482,0.0107683464895633,0,-0.00839965367459246
3275,-0.101443569696076,1,0,0.0977057374372882,0.100076776603336,0.00237103916604765,0.0095176405948242,-0.0162831936176042,0.0210252719496995,0,0.00237103916604765
3276,-1.53658901855791,0,0,0.093112476764,0.141392927215739,0.0482804504517391,0.0193962768950333,0.0102644463033074,0.0862964546001708,0,0.0482804504517391
3277,1.25798065064529,0,1,0.102241897544386,0.0712092742178805,-0.0310326233265053,0.0140569986778179,-0.0585838344657555,-0.00348141218725509,-0.04,0.00896737667349472
3278,-0.72613360796787,0,0,0.0956820503629596,0.11655358419378,0.0208715338308203,0.0119986106232757,-0.0026453108553199,0.0443883785169604,0,0.0208715338308203
3279,-0.821228306785675,1,0,0.095377297557962,0.119259094282949,0.0238817967249868,0.0126590565930653,-0.000929498275675514,0.0486930917256492,0,0.0238817967249868
3280,1.07735612311354,0,0,0.101628606369773,0.0745473733736526,-0.0270812329961201,0.0130389028865817,-0.0526370130517356,-0.00152545294050452,-0.04,0.0129187670038799
3281,0.296192145597926,0,0,0.0990136818146121,0.0906973097253211,-0.00831637208929098,0.00977254284780244,-0.0274702041083583,0.0108374599297763,0,-0.00831637208929098
3282,1.54857030365787,1,0,0.103235446157352,0.0661275109298307,-0.0371079352275209,0.0157939786119224,-0.0680635644794847,-0.00615230597555706,-0.04,0.0028920647724791
3283,0.818501736686203,0,1,0.10075538307851,0.0795823591734212,-0.0211730239050888,0.0117017059530618,-0.0441079461307679,0.00176189832059027,-0.04,0.0188269760949112
3284,-0.672015246172974,1,0,0.0958558736040798,0.115037783879028,0.0191819102749486,0.0116523538786532,-0.00365628366232731,0.0420201042122245,0,0.0191819102749486
3285,0.607117772231375,0,0,0.100047245329655,0.0839224258726313,-0.0161248194570234,0.0107640182613452,-0.0372219075781914,0.0049722686641446,0,-0.0161248194570234
3286,0.577470192654464,0,0,0.0999482801987394,0.0845480637372743,-0.0154002164614651,0.0106470714191735,-0.036268092983871,0.00546766006094074,0,-0.0154002164614651
3287,0.599935052710718,1,0,0.100023261054453,0.0840736120551286,-0.0159496489993243,0.0107353161354744,-0.0369904819875058,0.00509118398885719,0,-0.0159496489993243
3288,-2.98228404101461,1,1,0.0886822919441788,0.196505558242322,0.107823266298143,0.0402946865395698,0.0288471319122556,0.186799400684031,0,0.107823266298143
3289,-1.48766613811874,0,0,0.0932658159284646,0.139775941499491,0.0465101255710265,0.0188492670126528,0.0095662410912481,0.0834540100508049,0,0.0465101255710265
3290,-0.325914929026515,1,0,0.0969742049237919,0.105744599644488,0.00877039472069636,0.0100054906724873,-0.0108400066450301,0.0283807960864228,0,0.00877039472069636
3291,-0.307964030711636,1,0,0.0970325250192415,0.105281128270067,0.0082486032508256,0.00994901265605146,-0.0112511032367684,0.0277483097384196,0,0.0082486032508256
3292,0.946344634888256,0,0,0.101185814494068,0.077057986372135,-0.0241278281219334,0.0123408977260992,-0.0483155432019801,5.98869581132436e-05,-0.04,0.0158721718780666
3293,1.10664679139975,0,1,0.101727837569112,0.0739964473127988,-0.0277313902563131,0.0131999974699903,-0.0536029098935139,-0.00185987061911223,-0.04,0.0122686097436869
3294,0.730637618743278,0,0,0.100460498743582,0.0813608885015129,-0.0190996102420695,0.0112916485950493,-0.0412308348144485,0.00303161433030936,-0.04,0.0209003897579305
3295,1.01078900011006,1,0,0.101403408841193,0.0758134789735238,-0.0255899298676696,0.0126793890983094,-0.0504410758463259,-0.000738783889013325,-0.04,0.0144100701323304
3296,-2.60598777174221,1,0,0.0898167514711154,0.180758000050003,0.0909412485788879,0.0340091355746088,0.0242845677073147,0.157597929450461,0,0.0909412485788879
3297,-1.56052471528049,0,0,0.093037537466108,0.142189720179074,0.0491521827129656,0.0196680478474679,0.0106035172857181,0.0877008481402132,0,0.0491521827129656
3298,1.51504555322966,0,0,0.103120387929133,0.0666961303002501,-0.0364242576288833,0.0155885920528367,-0.0669773366221305,-0.00587117863563618,-0.04,0.00357574237111666
3299,-1.13524603635097,1,0,0.0943771155564678,0.128581278718026,0.0342041631615585,0.0152633411695453,0.00428856418550231,0.0641197621376147,0,0.0342041631615585
3300,-0.558272060235595,0,0,0.0962221267430904,0.111907796606087,0.0156856698629962,0.0109990396953544,-0.00587205180442481,0.0372433915304171,0,0.0156856698629962
3301,-2.26224879108407,0,0,0.0908644716393281,0.167248468499069,0.0763839968597412,0.0287780175408652,0.0199801189331834,0.132787874786299,0,0.0763839968597412
3302,-0.434469220764107,0,0,0.0966221926911105,0.108585833858555,0.0119636411674449,0.0104101219457842,-0.00843982292096213,0.0323671052558519,0,0.0119636411674449
3303,-0.486627990235212,1,0,0.096453462091208,0.109974707701392,0.0135212456101845,0.0106421249535846,-0.00733693601781624,0.0343794272381853,0,0.0135212456101845
3304,-0.810729100627858,0,0,0.0954109019860597,0.118957738857574,0.0235468368715139,0.0125829880907503,-0.00111536660425313,0.048209040347281,0,0.0235468368715139
3305,0.227821049999137,1,0,0.0987876844161852,0.0922516927694614,-0.00653599164672376,0.00963667288548639,-0.0254235234330708,0.0123515401396232,0,-0.00653599164672376
3306,0.277496132313826,1,1,0.0989518373587002,0.0911199967222745,-0.00783184063642568,0.00973202004259453,-0.0269062494167329,0.0112425681438815,0,-0.00783184063642568
3307,-0.335053360496026,0,0,0.0969445273881035,0.105981233731078,0.00903670634297429,0.0100353928533785,-0.0106323022203582,0.0287057149063068,0,0.00903670634297429
3308,0.156654497704955,1,0,0.0985529347252563,0.0938950086028253,-0.00465792612243091,0.00953288515417841,-0.0233420376933771,0.0140261854485153,0,-0.00465792612243091
3309,0.252681722829974,0,0,0.0988698069968821,0.0916837479051276,-0.00718605909175449,0.0096821160205109,-0.0261626577860941,0.0117905396025851,0,-0.00718605909175449
3310,0.462851195567514,0,0,0.0995664943051533,0.0870068015426096,-0.0125596927625437,0.0102356786783499,-0.032621254329434,0.00750186880434663,0,-0.0125596927625437
3311,2.56688426816855,1,0,0.106784831047146,0.0508672980011156,-0.05591753304603,0.0224355483758923,-0.0998903998361851,-0.0119446662558749,-0.04,-0.01591753304603
3312,1.56611770906452,0,0,0.103295714805269,0.0658316850926891,-0.0374640297125803,0.0159019316515135,-0.0686312430341643,-0.0062968163909964,-0.04,0.00253597028741966
3313,-1.61221952937822,1,0,0.092875872938713,0.143923365046532,0.0510474921078185,0.0202641784552527,0.0113304321592307,0.0907645520564063,0,0.0510474921078185
3314,0.0929667227385865,0,0,0.0983432759037618,0.0953878292176909,-0.00295544668607091,0.00947477528154187,-0.0215256649995033,0.0156147716273615,0,-0.00295544668607091
3315,0.294506171668296,0,0,0.0990081033781569,0.090735354372923,-0.00827274900523392,0.00976878717007335,-0.0274192200312146,0.0108737220207468,0,-0.00827274900523392
3316,0.847158437381307,0,0,0.10085172508865,0.0790100185787005,-0.0218417065099496,0.0118408882158969,-0.0450494209580723,0.0013660079381731,-0.04,0.0181582934900504
3317,-0.727747076029183,1,0,0.0956768723801004,0.11659904085837,0.0209221684782697,0.012009270780893,-0.00261556973286974,0.0444599066894091,0,0.0209221684782697
3318,-0.129878083206025,0,0,0.0976128003788831,0.100779514463966,0.00316671408508246,0.0095530861365411,-0.015556990683747,0.0218904188539119,0,0.00316671408508246
3319,-0.160670332159496,0,1,0.097512246080448,0.101545460326298,0.00403321424584967,0.00960007874350624,-0.0147825943401711,0.0228490228318704,0,0.00403321424584967
3320,1.29801186674286,1,0,0.10237826245055,0.0704883789312793,-0.0318898835192703,0.0142898390722457,-0.0598974534457451,-0.00388231359279542,-0.04,0.00811011648072973
3321,-1.70921640275912,1,1,0.0925732161809387,0.147223690034627,0.0546504738536882,0.0214160529994524,0.0126757812837605,0.096625166423616,0,0.0546504738536882
3322,-0.170460201089309,1,0,0.0974802959229417,0.101790059380676,0.00430976345773403,0.00961689982856959,-0.0145390138491918,0.0231585407646598,0,0.00430976345773403
3323,-0.298062571860618,1,0,0.0970647069441339,0.105026251761429,0.00796154481729505,0.00991914619502274,-0.011479624482337,0.0274027141169271,0,0.00796154481729505
3324,-0.149346290212494,1,0,0.0975492148063576,0.101263180496961,0.00371396569060349,0.00958175406530458,-0.0150659271861137,0.0224938585673207,0,0.00371396569060349
3325,-0.087636911406529,1,0,0.097750892393742,0.0997371285244212,0.00198623613067925,0.0095031705604012,-0.0166396359066484,0.0206121081680069,0,0.00198623613067925
3326,0.197862172923466,0,0,0.0986888015706384,0.092940304579831,-0.00574849699080744,0.00958814263689375,-0.0245409112377521,0.0130439172561372,0,-0.00574849699080744
3327,-0.329951619344068,1,0,0.0969610945603895,0.105849069771497,0.00888797521110767,0.0100186037746911,-0.010748127362664,0.0285240777848793,0,0.00888797521110767
3328,-0.329116160739399,1,0,0.0969638078331223,0.105827440517738,0.00886363268461611,0.0100158773963262,-0.0107671262857521,0.0284943916549843,0,0.00886363268461611
3329,-1.38080282464056,1,0,0.0936015460985055,0.136297775119825,0.0426962290213192,0.0176947816990849,0.00801509417681434,0.077377363865824,0,0.0426962290213192
3330,-1.16610759463398,1,0,0.0942793266894102,0.129530225169657,0.0352508984802473,0.0155511194813549,0.00477126437751245,0.0657305325829821,0,0.0352508984802473
3331,-0.808420798640902,0,0,0.0954182915045333,0.118891572776764,0.0234732812722308,0.0125663668646148,-0.00115634519893168,0.0481029077433933,0,0.0234732812722308
3332,-0.0104642969270113,1,1,0.0980036298166493,0.0978574792921711,-0.000146150524478167,0.0094549281774781,-0.0186774692287482,0.0183851681797918,0,-0.000146150524478167
3333,-1.47402294761069,0,0,0.0933086182112374,0.139327780770996,0.0460191625597589,0.0186987688775164,0.00937024900458835,0.0826680761149295,0,0.0460191625597589
3334,1.40644844311191,0,0,0.102748457433996,0.0685693740147304,-0.034179083419266,0.0149316011673847,-0.0634444839388562,-0.00491368289967588,-0.04,0.00582091658073398
3335,0.928481675748564,0,0,0.10112557416724,0.0774062442671287,-0.0237193299001113,0.0122488836486335,-0.0477267007022545,0.000288040902031911,-0.04,0.0162806700998887
3336,-0.822275667277256,1,0,0.0953739458900939,0.11928919252167,0.0239152466315761,0.0126666868116466,-0.000911003322699808,0.048741496585852,0,0.0239152466315761
3337,-0.921484059488391,0,0,0.0950569455339316,0.122170067395723,0.0271131218617914,0.0134230307736399,0.00080446498208436,0.0534217787414985,0,0.0271131218617914
3338,0.1514334686108,1,0,0.0985357322373538,0.0940165955321103,-0.00451913670524351,0.00952685745518127,-0.0231914342032457,0.0141531607927587,0,-0.00451913670524351
3339,0.117607585759202,1,0,0.0984243459375053,0.0948077535913761,-0.00361659234612917,0.00949323697768869,-0.0222229949191029,0.0149898102268445,0,-0.00361659234612917
3340,-0.618550269311355,1,0,0.096027875387718,0.11355715458861,0.0175292792008925,0.0113323907054439,-0.00468179844051401,0.0397403568422989,0,0.0175292792008925
3341,-2.80963589935909,1,0,0.0892011775848344,0.189155058596763,0.0999538810119289,0.0373390772817928,0.0267706343236573,0.1731371277002,0,0.0999538810119289
3342,-0.330007776290592,0,0,0.096960912185009,0.105850523762897,0.00888961157788765,0.0100187872656392,-0.0107468506315336,0.0285260737873089,0,0.00888961157788765
3343,1.60848108124977,0,0,0.103441345156156,0.0651225582635435,-0.0383187868926124,0.0161637814649605,-0.069999216417911,-0.00663835736731368,-0.04,0.00168121310738765
3344,-1.61973369602208,0,0,0.0928523949823708,0.144176819811667,0.0513244248292961,0.0203518659692091,0.01143550051146,0.0912133491471322,0,0.0513244248292961
3345,2.45460408065594,0,0,0.106388263945969,0.0523708725095118,-0.0540173914364568,0.0216720285099871,-0.0964937867879568,-0.0115409960849569,-0.04,-0.0140173914364568
3346,-0.682344746567193,0,0,0.0958226744065891,0.115325772147218,0.0195030977406288,0.0117167302709336,-0.00346127160697119,0.0424674670882288,0,0.0195030977406288
3347,-0.303644766453102,0,0,0.0970465624094174,0.105169877713818,0.0081233153044009,0.0099358715024921,-0.0113506349955015,0.0275972656043033,0,0.0081233153044009
3348,1.05872704120128,0,0,0.101565539262319,0.0748997260340309,-0.0266658132282885,0.0129373434712993,-0.0520225404876596,-0.00130908596891745,-0.04,0.0133341867717115
3349,0.861521636756783,1,0,0.100900044018019,0.0787245700948466,-0.0221754739231723,0.0119115825203066,-0.0455217466618501,0.00117079881550558,-0.04,0.0178245260768277
3350,-2.25546250258978,0,1,0.0908852666380161,0.166990064383559,0.0761047977455429,0.0286797207196208,0.0198935780484188,0.132316017442667,0,0.0761047977455429
3351,-0.98513614347708,0,0,0.094854055060095,0.124049822764663,0.0291957677045681,0.0139420145260132,0.00186992136164801,0.0565216140474881,0,0.0291957677045681
3352,0.367037542048167,1,0,0.0992483432646654,0.0891115864776617,-0.0101367567870037,0.00994788164169748,-0.0296342465271979,0.00936073295319052,0,-0.0101367567870037
3353,-1.33935426091122,0,0,0.093732055595997,0.134968459292217,0.0412364036962197,0.0172622631136786,0.0074029897017555,0.075069817690684,0,0.0412364036962197
3354,-0.286988752671282,0,0,0.097100710583123,0.10474184247816,0.00764113189503739,0.00988683022640353,-0.0117366992699755,0.0270189630600503,0,0.00764113189503739
3355,0.980400868728757,1,0,0.101300752608253,0.0763979991990871,-0.0249027534091655,0.012518539818551,-0.049438640592556,-0.000366866225774996,-0.04,0.0150972465908345
3356,-0.290293311792146,0,0,0.0970899654223396,0.104826642320485,0.00773667689814504,0.00989635340375757,-0.0116598193515002,0.0271331731477902,0,0.00773667689814504
3357,2.29452793171432,1,0,0.105825127922868,0.0545872285752421,-0.0512378993476255,0.0205955669622817,-0.0916044688348806,-0.0108713298603703,-0.04,-0.0112378993476255
3358,-1.57103378229446,0,0,0.0930046521584312,0.142540737159895,0.0495360850014643,0.0197882229998585,0.0107518806036945,0.0883202893992341,0,0.0495360850014643
3359,0.366693591891866,0,0,0.0992472028028587,0.0891192242990683,-0.0101279785037904,0.009946950156743,-0.0296236425670217,0.00936768555944091,0,-0.0101279785037904
3360,-0.570777880782746,0,0,0.0961817968910334,0.112248255761291,0.0160664588702571,0.0110657593910322,-0.00562203099775186,0.0377549487382662,0,0.0160664588702571
3361,0.385807621375482,1,0,0.0993105983351781,0.0886956691343602,-0.0106149292008179,0.00999985623370188,-0.0302142872694519,0.00898442886781618,0,-0.0106149292008179
3362,-2.26250090025552,1,1,0.0908636991920654,0.167258074310249,0.0763943751181835,0.0287816729887673,0.0199833326453904,0.132805417590977,0,0.0763943751181835
3363,0.450668438051174,1,0,0.099525990949924,0.0872719090123708,-0.0122540819375531,0.0101960737773842,-0.0322380193249394,0.00772985544983311,0,-0.0122540819375531
3364,0.350147020094887,0,0,0.0991923518435154,0.0894873588205766,-0.00970499302293878,0.00990304209497335,-0.0291145988664706,0.00970461282059305,0,-0.00970499302293878
3365,-0.387124212730696,0,1,0.0967755792300877,0.107338500351032,0.0105629211209444,0.010220460721832,-0.00946881379925264,0.0305946560411414,0,0.0105629211209444
3366,0.15779660147289,0,0,0.0985566981380726,0.0938684301722461,-0.00468826796582651,0.00953423325849954,-0.0233750217726896,0.0139984858410365,0,-0.00468826796582651
3367,-0.461696716267949,1,0,0.096534080458572,0.109308910330773,0.012774829872201,0.0105282514552413,-0.0078601638002533,0.0334098235446553,0,0.012774829872201
3368,-0.349595111333643,1,0,0.0968973190042203,0.106358745800422,0.00946142679620134,0.0100845688382517,-0.010303964926387,0.0292268185187897,0,0.00946142679620134
3369,0.122422344591662,0,0,0.0984401937569875,0.094694777828571,-0.00374541592841647,0.00949744251808839,-0.0223600612091091,0.0148692293522762,0,-0.00374541592841647
3370,0.302712550341416,1,1,0.0990352587219295,0.0905503094303985,-0.00848494929153105,0.00978725502533826,-0.0276676166487027,0.0106977180656406,0,-0.00848494929153105
3371,1.22503667185223,0,0,0.102129795811772,0.0718076402069592,-0.0303221556048132,0.0138671884872955,-0.0575013456067408,-0.00314296560288557,-0.04,0.00967784439518683
3372,0.752017368374853,1,0,0.100532181533274,0.0809248169370789,-0.019607364596195,0.0113889818082421,-0.0419293587609313,0.00271462956854143,-0.04,0.020392635403805
3373,-2.37805555819299,1,0,0.0905102683538841,0.171707444965463,0.0811971766115792,0.0304852931255867,0.0214471000272827,0.140947253195876,0,0.0811971766115792
3374,0.228857659807247,0,0,0.0987911074489489,0.0922279482856589,-0.00656315916328996,0.00963847502316575,-0.0254542230745837,0.0123279047480038,0,-0.00656315916328996
3375,0.832282777681649,1,0,0.100801703859749,0.0793066486771365,-0.0214950551826122,0.0117683238105292,-0.0445605460096545,0.00157043564443013,-0.04,0.0185049448173878
3376,1.30331532202311,1,0,0.102396340564285,0.0703933800523803,-0.0320029605119042,0.0143208600285856,-0.0600713303955711,-0.00393459062823728,-0.04,0.00799703948809579
3377,-1.49055461960069,1,1,0.093256756260827,0.139870979011058,0.046614222750231,0.0188812449767912,0.00960766261244246,0.0836207828880195,0,0.046614222750231
3378,-0.0264235558585774,1,0,0.0979513161153091,0.0982435814359254,0.000292265320616297,0.00946040221775992,-0.018249782305456,0.0188343129466886,0,0.000292265320616297
3379,-1.06078532765062,0,1,0.0946134281576682,0.126316105802877,0.0317026776452087,0.0145913058612808,0.00310424366969017,0.0603011116207273,0,0.0317026776452087
3380,-1.13393283247765,1,0,0.0943812786286661,0.128541031424903,0.0341597527962371,0.0152512142416616,0.00426792216207601,0.0640515834303981,0,0.0341597527962371
3381,0.289771555656644,1,0,0.0989924392969465,0.0908422696252596,-0.0081501696716869,0.0097583472987715,-0.0272761789259128,0.010975839582539,0,-0.0081501696716869
3382,0.471056333481688,1,0,0.09959378174506,0.0868286613644825,-0.0127651203805775,0.0102628230362688,-0.0328798839113723,0.00734964315021725,0,-0.0127651203805775
3383,-0.738332462555544,1,0,0.095642907701692,0.116897647556698,0.0212547398550057,0.0120796846087835,-0.00242100692281275,0.0449304866328242,0,0.0212547398550057
3384,-0.0806835628140375,1,0,0.097773640506256,0.0995664623783227,0.00179282187206668,0.00949655898227685,-0.0168200917102563,0.0204057354543897,0,0.00179282187206668
3385,-0.121241187389996,0,0,0.0976410213841735,0.100565597946183,0.00292457656200915,0.00954151423877442,-0.0157764477039648,0.0216256008279831,0,0.00292457656200915
3386,0.620565202143085,0,0,0.100092162241424,0.0836400401810042,-0.0164521220604195,0.0108183747242295,-0.0376557468911677,0.00475150277032877,0,-0.0164521220604195
3387,0.875567369133041,0,0,0.100947314838062,0.0784463432319099,-0.022500971606152,0.0119812979362766,-0.0459838840492982,0.000981940836994266,-0.04,0.017499028393848
3388,-0.307625174659467,1,0,0.0970336262187422,0.105272396660092,0.00823877044134987,0.00994797540594604,-0.0112589030733946,0.0277364439560943,0,0.00823877044134987
3389,1.03898173591967,0,0,0.101498731176911,0.0752748614425792,-0.0262238697343318,0.0128304903202378,-0.0513711686659878,-0.00107657080267587,-0.04,0.0137761302656682
3390,0.186973471739395,1,0,0.0986528839588041,0.0931917249593015,-0.00546115899950265,0.00957223022674954,-0.0242223854956574,0.0133000674966521,0,-0.00546115899950265
3391,-0.453581984940814,1,0,0.0965603334285176,0.109092967899474,0.0125326344709565,0.0104923603037653,-0.00803201383724129,0.0330972827791542,0,0.0125326344709565
3392,-0.0820555181982531,0,1,0.0977691517345727,0.0996001156926073,0.00183096395803463,0.00949782771122835,-0.0167844362873394,0.0204463642034087,0,0.00183096395803463
3393,0.51775260100595,1,0,0.0997492039882996,0.085821118961709,-0.0139280850265906,0.0104242777527012,-0.0343592939867272,0.00650312393354592,0,-0.0139280850265906
3394,-0.570524887545281,1,0,0.096182612615799,0.112241359301041,0.0160587466852421,0.0110643968571766,-0.00562707266548217,0.0377445660359663,0,0.0160587466852421
3395,0.536743929742897,0,0,0.0998124757409705,0.0854143909643064,-0.0143980847766641,0.0104932109774772,-0.0349644003746997,0.00616823082137155,0,-0.0143980847766641
3396,-0.218569952898437,0,0,0.0973234208903282,0.102999682135778,0.00567626124545015,0.00971276773322779,-0.0133604137018791,0.0247129361927794,0,0.00567626124545015
3397,-0.440173330790523,0,1,0.0966037273958557,0.108736968385177,0.0121332409893215,0.0104343268035215,-0.0083176637485015,0.0325841457271445,0,0.0121332409893215
3398,-0.2128652465433,0,0,0.0973420108717848,0.102855586593924,0.00551357572213909,0.00970025323321434,-0.0134985712558792,0.0245257227001574,0,0.00551357572213909
3399,-0.152266347819834,0,1,0.0975396807236749,0.101335903481082,0.0037962227574066,0.0095863631566136,-0.0149927037722778,0.022585149287091,0,0.0037962227574066
3400,-0.701051797724584,0,0,0.0957625757782489,0.115848923999551,0.0200863482213025,0.0118353874018504,-0.00311058482940346,0.0432832812720084,0,0.0200863482213025
3401,1.38206978716739,0,0,0.102665127238209,0.0689965413780955,-0.0336685858601139,0.0147859997287668,-0.0626486128039158,-0.00468855891631206,-0.04,0.00633141413988608
3402,-0.922330643987957,0,1,0.0950542445063698,0.122194906810386,0.027140662304016,0.0134297643772045,0.000818807803836235,0.0534625168041959,0,0.027140662304016
3403,-1.09099613505764,1,0,0.0945174856639721,0.127231006750987,0.0327135210870151,0.0148601133552952,0.00358823410445382,0.0618388080695763,0,0.0327135210870151
3404,0.617743133797268,1,0,0.100082734523647,0.0836992297677112,-0.0163835047559359,0.0108069010820237,-0.0375646416611894,0.00479763214931748,0,-0.0163835047559359
3405,-0.64556710652,1,0,0.0959409252690593,0.114303255866201,0.0183623305971413,0.0114912755199922,-0.00416015555847015,0.0408848167527527,0,0.0183623305971413
3406,0.601886251767189,1,0,0.100029775921576,0.0840325175948439,-0.0159972583267323,0.0107430900566273,-0.0370533279203923,0.00505881126692767,0,-0.0159972583267323
3407,-0.805322447412492,0,0,0.0954282109957417,0.118802810460341,0.0233745994645997,0.0125441152612584,-0.00121141466538591,0.0479606135945853,0,0.0233745994645997
3408,-0.133898762512821,1,1,0.0975996653149271,0.100879235419756,0.00327957010482885,0.009558713296691,-0.0154551636952296,0.0220143039048873,0,0.00327957010482885
3409,0.885458517712044,0,0,0.100980615229497,0.0782509531413472,-0.0227296620881494,0.0120307310336857,-0.0463094616218617,0.000850137445562827,-0.04,0.0172703379118506
3410,-0.0176798990126571,0,0,0.0979799743280949,0.0980318784306504,5.19041025554973e-05,0.00945711505691007,-0.0184837008066397,0.0185875090117507,0,5.19041025554973e-05
3411,-0.308148200444881,1,0,0.097031926517218,0.105285874205966,0.00825394768874792,0.00994957685550466,-0.0112468646094545,0.0277547599869503,0,0.00825394768874792
3412,-1.60362175119779,1,0,0.0929027431676407,0.143633814587887,0.0507310714202467,0.0201641669670253,0.0112100303866248,0.0902521124538685,0,0.0507310714202467
3413,-0.552573073901763,1,0,0.096240510338679,0.111752946650881,0.0155124363122019,0.0109690648302166,-0.00598653569910755,0.0370114083235114,0,0.0155124363122019
3414,1.56119518774258,0,0,0.103278804680185,0.0659145478685873,-0.0373642568115975,0.0158716172794417,-0.0684720550557069,-0.00625645856748814,-0.04,0.00263574318840249
3415,0.546822982020129,0,0,0.0998460697323639,0.0851992433612626,-0.0146468263711013,0.010530533818578,-0.0352862933934952,0.00599264065129253,0,-0.0146468263711013
3416,1.66275023994569,1,0,0.103628168752083,0.0642245212101655,-0.0394036475419172,0.0165016442804239,-0.0717462760172395,-0.00706101906659493,-0.04,0.000596352458082809
3417,0.455375557343853,1,0,0.0995416387173114,0.0871693914834145,-0.0123722472338969,0.0102112764574522,-0.0323859813266849,0.00764148685889111,0,-0.0123722472338969
3418,-0.00271622228669798,0,0,0.098029036620684,0.0976705184610285,-0.000358518159655569,0.00945310741026639,-0.0188862682257664,0.0181692319064553,0,-0.000358518159655569
3419,1.07266710273598,1,0,0.101612728836389,0.0746359182676758,-0.0269768105687127,0.0130132729427711,-0.0524823568575337,-0.00147126427989176,-0.04,0.0130231894312873
3420,0.72953214517728,0,0,0.100456793507062,0.0813834944016186,-0.0190732991054435,0.0112866607742794,-0.041194747728752,0.00304814951786503,-0.04,0.0209267008945565
3421,0.118123402754679,1,0,0.0984260436448066,0.0947956444502167,-0.00363039919458988,0.00949367823622443,-0.0222376666184015,0.0149768682292217,0,-0.00363039919458988
3422,-1.31640872594212,0,0,0.0938043745651363,0.134237278336318,0.040432903771182,0.0170265789229438,0.00706142230228333,0.0738043852400807,0,0.040432903771182
3423,0.090784016816573,1,0,0.0983360975291152,0.0954393655356549,-0.00289673199346031,0.00947338887960435,-0.0214642330090271,0.0156707690221065,0,-0.00289673199346031
3424,0.0770900563314547,0,0,0.0982910721641634,0.0957632650730816,-0.00252780709108177,0.0094656245267808,-0.0210800902547511,0.0160244760725876,0,-0.00252780709108177
3425,0.479268805813553,1,0,0.0996211002366845,0.0866506925061363,-0.0129704077305482,0.0102903654287703,-0.0331391533586941,0.00719833789759771,0,-0.0129704077305482
3426,-0.271667937727443,0,0,0.0971505418738285,0.104349478878137,0.00719893700430832,0.00984401782225399,-0.0120949833904799,0.0264928573990966,0,0.00719893700430832
3427,1.84344753283583,1,0,0.104252378300694,0.0613168885966943,-0.0429354897039998,0.0176443557003415,-0.0775177914070832,-0.00835318800091644,-0.04,-0.00293548970399982
3428,0.972433410142658,1,0,0.101273852451258,0.0765519370784305,-0.0247219153728278,0.0124767265657019,-0.0491758500865576,-0.000267980659098051,-0.04,0.0152780846271722
3429,1.42872039392713,1,0,0.102824638916213,0.068181263538367,-0.0346433753778463,0.0150652486207207,-0.0641707200926007,-0.00511603066309201,-0.04,0.00535662462215366
3430,-1.36597647927245,1,0,0.0936482112271858,0.13582101053558,0.0421727993083937,0.0175390718876628,0.00779685008631565,0.0765487485304717,0,0.0421727993083937
3431,1.34431486758157,0,1,0.102536192922965,0.0696629547990493,-0.032873238123916,0.014561985985709,-0.0614142061992826,-0.00433227004854934,-0.04,0.00712676187608403
3432,-1.2741419870004,1,0,0.0939377204033642,0.132899171000683,0.0389614505973192,0.0165995500368456,0.00642693036553128,0.0714959708291072,0,0.0389614505973192
3433,0.546611304270055,0,0,0.099845364096376,0.0852037567811648,-0.0146416073152112,0.0105297447859245,-0.0352795278620216,0.00599631323159922,0,-0.0146416073152112
3434,0.898236100337881,0,1,0.101023647772601,0.07799920361495,-0.0230244441576506,0.0120949955225459,-0.0467301997750137,0.000681311459712619,-0.04,0.0169755558423494
3435,-1.36066640042106,0,0,0.0936649294892757,0.135650598718251,0.0419856692289755,0.0174835731659297,0.00771849550268224,0.0762528429552687,0,0.0419856692289755
3436,-0.862507228406609,0,0,0.0952452802376224,0.120450315696441,0.0252050354588182,0.0129654676011613,-0.000206814082178857,0.0506168849998153,0,0.0252050354588182
3437,-1.14683707366907,1,1,0.0943403771954148,0.128936988813514,0.0345966116180993,0.0153708007368689,0.00447039576029454,0.064722827475904,0,0.0345966116180993
3438,-0.629722861064736,0,0,0.0959919093408841,0.113865182404991,0.0178732730641068,0.011397396225877,-0.00446521305614487,0.0402117591843584,0,0.0178732730641068
3439,0.082347676671015,1,0,0.0983083569022832,0.0956387919310012,-0.00266956497128201,0.00946841457738568,-0.021227316533652,0.015888186591088,0,-0.00266956497128201
3440,0.0665957973684909,1,0,0.0982565797626964,0.0960121477707807,-0.00224443199191572,0.00946077131183658,-0.0207872030290852,0.0162983390452537,0,-0.00224443199191572
3441,0.259895533332675,1,0,0.0988936478442976,0.0915195369719256,-0.00737411087237198,0.0096961609997582,-0.0263782372201999,0.011630015475456,0,-0.00737411087237198
3442,-0.858618939313644,0,1,0.0952577086981863,0.120337671357672,0.0250799626594852,0.0129361115057366,-0.000274349991752659,0.0504342753107231,0,0.0250799626594852
3443,2.13096763290222,1,0,0.105252451003651,0.0569429126858129,-0.0483095383178376,0.0195108241545176,-0.0865500509693862,-0.010069025666289,-0.04,-0.00830953831783757
3444,-0.982039246561274,0,0,0.0948639174141982,0.123957794375971,0.0290938769617724,0.0139161760488229,0.00181867310356056,0.0563690808199843,0,0.0290938769617724
3445,-0.742587656859842,1,1,0.0956292573601089,0.117017870601728,0.021388613241619,0.01210822214154,-0.00234306607260987,0.0451202925558478,0,0.021388613241619
3446,0.757124487850794,1,0,0.100549311587432,0.0808209655379199,-0.0197283460495124,0.0114124732409111,-0.0420963825762252,0.00263969047720037,-0.04,0.0202716539504876
3447,0.567220167799619,0,0,0.099914085342868,0.0847653478201724,-0.0151487375226955,0.0106075922900105,-0.0359392363738009,0.00564176132840978,0,-0.0151487375226955
3448,-1.4345660093834,0,0,0.093432504210821,0.138038447862473,0.044605943651652,0.0182686019781749,0.00880014172653202,0.080411745576772,0,0.044605943651652
3449,-1.10445123591125,0,0,0.09447478344706,0.127640298402165,0.0331655149551049,0.0149815381649652,0.00380223971876088,0.062528790191449,0,0.0331655149551049
3450,0.740199282570965,0,0,0.100492551818292,0.0811656001358722,-0.0193269516824193,0.0113349758220932,-0.0415430960593543,0.00288919269451565,-0.04,0.0206730483175807
3451,-0.398575066924199,0,0,0.0967384612718075,0.107639019550134,0.0109005582783265,0.0102644806251545,-0.00921745406698556,0.0310185706236386,0,0.0109005582783265
3452,-2.04475007545867,0,0,0.0915330802402574,0.159124801641041,0.0675917214007837,0.0257248403915694,0.0171719607252665,0.118011482076301,0,0.0675917214007837
3453,0.203300557397259,0,0,0.0987067450568132,0.0928149602468869,-0.00589178480992636,0.00959643754302947,-0.0247004567741522,0.0129168871542994,0,-0.00589178480992636
3454,-0.342342601992342,0,1,0.0969208610066748,0.106170318699111,0.00924945769243621,0.0100597987641803,-0.0104673855770777,0.0289663009619501,0,0.00924945769243621
3455,2.1061388975642,1,0,0.105165757096692,0.0573087578700521,-0.0478569992266402,0.019347549626781,-0.0857774996842324,-0.009936498769048,-0.04,-0.0078569992266402
3456,0.573648178933606,0,1,0.0999355284565549,0.0846290251262485,-0.0153065033303063,0.0106322922403905,-0.0361454131945764,0.00553240653396379,0,-0.0153065033303063
3457,1.30785243203832,0,0,0.102411808648876,0.0703122023768138,-0.0320996062720622,0.0143474298953324,-0.0602200521376271,-0.00397916040649734,-0.04,0.00790039372793779
3458,0.558703186358186,1,0,0.0998856799621841,0.0849462794608944,-0.0149394005012897,0.0105751702255524,-0.0356663532737528,0.00578755227117337,0,-0.0149394005012897
3459,-1.47333383729237,1,0,0.0933107805992858,0.139305176392395,0.0459943957931094,0.0186911911498525,0.00936033431124465,0.0826284572749741,0,0.0459943957931094
3460,0.213826431147779,0,0,0.0987414825334349,0.0925727900707258,-0.00616869246270908,0.00961314381140867,-0.0250101081112742,0.012672723185856,0,-0.00616869246270908
3461,0.147008934398368,1,0,0.0985211561712453,0.0941197441886578,-0.00440141198258751,0.00952192334218118,-0.0230640387968139,0.0142612148316389,0,-0.00440141198258751
3462,-0.662272063237104,0,0,0.0958871977904264,0.114766715853961,0.0188795180635346,0.0115923834430152,-0.00384113597975361,0.0416001721068228,0,0.0188795180635346
3463,-1.7068508101194,0,0,0.0925805869287259,0.147142460964995,0.0545618740362692,0.0213874495445386,0.012643243207806,0.0964805048647324,0,0.0545618740362692
3464,-0.265443030607529,0,0,0.0971707950415077,0.104190431332126,0.00701963629061832,0.00982725364712347,-0.0122414269246836,0.0262806995059202,0,0.00701963629061832
3465,0.552545915208067,0,0,0.0998651490324907,0.0850773003985122,-0.0147878486339785,0.0105519498179446,-0.0354692902438239,0.00589359297586686,0,-0.0147878486339785
3466,-2.34059998476159,1,1,0.0906246926588202,0.170255049294937,0.0796303566361164,0.029926946035558,0.0209746202391489,0.138286093033084,0,0.0796303566361164
3467,0.433840118360117,1,0,0.0994700668493794,0.0876393094624327,-0.0118307573869468,0.0101427641528898,-0.0317102098302948,0.0080486950564012,0,-0.0118307573869468
3468,0.0196264946485504,0,1,0.0981023337662133,0.0971331719199488,-0.000969161846264541,0.00945089737863475,-0.0194925803299727,0.0175542566374436,0,-0.000969161846264541
3469,-0.401622667479717,0,1,0.096728584612794,0.107719126142192,0.0109905415293979,0.0102763963559336,-0.00915082521909067,0.0311319082778865,0,0.0109905415293979
3470,-1.84236247675338,1,0,0.0921592063928947,0.151855673723947,0.0596964673310527,0.0230665057227388,0.0144869468652976,0.104905987796808,0,0.0596964673310527
3471,-0.539141013658727,0,0,0.0962838514354405,0.111388718412263,0.0151048669768227,0.0108994879019467,-0.00625773676092282,0.0364674707145683,0,0.0151048669768227
3472,0.300530806142236,0,0,0.0990280385673812,0.0905994722094381,-0.00842856635794308,0.00978229923611679,-0.0276015205467257,0.0107443878308395,0,-0.00842856635794308
3473,1.47512398595255,0,0,0.102983523632274,0.0673791682213835,-0.0356043554108908,0.0153455480640394,-0.0656810769394363,-0.00552763388234521,-0.04,0.00439564458910924
3474,0.0682689834478375,1,0,0.0982620784473562,0.0959724276501579,-0.00228965079719833,0.00946148098776772,-0.0208338127736335,0.0162545111792369,0,-0.00228965079719833
3475,-0.142151169302171,0,0,0.0975727106565592,0.101084186205951,0.00351147554939145,0.00957074144784671,-0.0152468329937328,0.0222697840925157,0,0.00351147554939145
3476,0.316447847782054,1,0,0.099080724385772,0.0902413536153495,-0.00883937077042259,0.00981921176559663,-0.0280846721875639,0.0104059306467188,0,-0.00883937077042259
3477,-0.716152805084574,0,0,0.0957140865798241,0.116272734179324,0.0205586475994995,0.0119330967510031,-0.00282979225649844,0.0439470874554974,0,0.0205586475994995
3478,-0.883348852776513,0,0,0.0951786871547014,0.12105565292261,0.0258769657679089,0.0131245436429016,0.000153332914297557,0.0516005986215202,0,0.0258769657679089
3479,-1.57220942116556,0,0,0.0930009739606227,0.142580049980521,0.0495790760198987,0.0198016991325688,0.0107684588873658,0.0883896931524316,0,0.0495790760198987
3480,0.107509002964173,1,0,0.0983911137492895,0.0950451035140725,-0.00334601023521701,0.00948504900147672,-0.021936364669709,0.015244344199275,0,-0.00334601023521701
3481,1.55439457089888,0,0,0.103255446844167,0.0660291848592957,-0.0372262619848718,0.0158297762240112,-0.0682520532672622,-0.00620047070248143,-0.04,0.00277373801512817
3482,-1.0787387241381,1,0,0.0945564018394394,0.126859124078145,0.0323027222387052,0.0147504083729777,0.00339245307041075,0.0612129914069996,0,0.0323027222387052
3483,0.54267792550055,0,0,0.09983225283236,0.085287664240455,-0.0145445885919049,0.0105151234140411,-0.0351538517764193,0.00606467459260947,0,-0.0145445885919049
3484,1.30194040489354,0,0,0.102391653554212,0.0704179970775866,-0.0319736564766259,0.0143128140550386,-0.0600262565419203,-0.0039210564113315,-0.04,0.00802634352337412
3485,0.370484810771785,0,0,0.0992597742810477,0.0890350683994885,-0.0102247058815591,0.00995725939234836,-0.0297405756752851,0.00929116391216683,0,-0.0102247058815591
3486,-0.496604015188519,0,0,0.0964212202269488,0.110242114705557,0.0138208944786085,0.010689201761254,-0.00712955599693143,0.0347713449541484,0,0.0138208944786085
3487,-0.792932333642199,0,0,0.0954678876441951,0.118448428367509,0.0229805407233144,0.0124558051915616,-0.00143238885059338,0.0473934702972222,0,0.0229805407233144
3488,0.515580836965981,0,0,0.0997419707843984,0.0858677422291034,-0.013874228555295,0.0104165126057544,-0.0342902181070811,0.00654176099649113,0,-0.013874228555295
3489,-0.401838212057866,1,0,0.0967278861103629,0.107724793744888,0.0109969076345252,0.0102772422848615,-0.00914611710419555,0.0311399323732459,0,0.0109969076345252
3490,-0.484724078137611,1,0,0.0964596165056106,0.109923738048222,0.0134641215426115,0.0106332381533248,-0.00737664227694238,0.0343048853621653,0,0.0134641215426115
3491,1.04125128982923,1,0,0.101506408211527,0.0752316552044628,-0.0262747530070645,0.0128427298965632,-0.0514460410675043,-0.00110346494662475,-0.04,0.0137252469929355
3492,0.284036483936715,0,0,0.0989734682460838,0.0909719286337854,-0.00800153961229844,0.00974591371004216,-0.0271031794804162,0.0111001002558193,0,-0.00800153961229844
3493,-0.40783219890711,0,0,0.0967084635594716,0.107882506736223,0.0111740431767515,0.0103009342550636,-0.00901541697028805,0.031363503323791,0,0.0111740431767515
3494,-0.1498782909293,1,0,0.0975474777448641,0.1012764263326,0.00372894858773543,0.00958258777600754,-0.0150525783319331,0.022510475507404,0,0.00372894858773543
3495,-0.753787676256094,1,0,0.0955933368720959,0.117334820264941,0.0217414833928451,0.0121839673972896,-0.0021386538946528,0.045621620680343,0,0.0217414833928451
3496,2.26238289420466,1,0,0.105712361393439,0.0550428308442559,-0.0506695305491829,0.0203811472988015,-0.0906158452184397,-0.0107232158799261,-0.04,-0.0106695305491829
3497,1.20103252856062,1,0,0.102048183155875,0.0722465487144889,-0.029801634441386,0.0137299673538935,-0.056711875963928,-0.00289139291884395,-0.04,0.010198365558614
3498,0.586837427256991,1,0,0.099979539097302,0.0843499356212439,-0.0156296034760581,0.0106835831229034,-0.0365690416227888,0.00530983467067255,0,-0.0156296034760581
3499,0.583322957175155,1,0,0.0999678101283342,0.0844242213748881,-0.0155435887534461,0.0106698363587964,-0.0364560837376229,0.00536890623073079,0,-0.0155435887534461
3500,-0.960225159045112,1,0,0.0949334123984643,0.123311219247154,0.02837780684869,0.0137358630876168,0.00145600990038787,0.0552996037969921,0,0.02837780684869
3501,-1.73313930755197,0,0,0.0924987064535244,0.148047234118436,0.0555485276649112,0.0217067385818685,0.0130041018226229,0.0980929535071995,0,0.0555485276649112
3502,0.578595454124995,1,0,0.0999520347895335,0.0845242408187592,-0.0154277939707743,0.0106514357661707,-0.0363042244561108,0.00544863651456206,0,-0.0154277939707743
3503,0.852809603180841,1,0,0.100870733601879,0.0788975968350788,-0.0219731367668004,0.0118686297613316,-0.0452352236448504,0.00128895011124971,-0.04,0.0180268632331996
3504,2.31383479540543,0,0,0.10589290841203,0.0543152964019617,-0.051577612010068,0.0207246349996167,-0.092197150202055,-0.010958073818081,-0.04,-0.011577612010068
3505,-0.465058694553423,1,0,0.0965232055750884,0.109398486290658,0.0128752807155697,0.0105432907585142,-0.00778918944965215,0.0335397508807915,0,0.0128752807155697
3506,0.584814354704889,0,0,0.0999727872742123,0.0843926902846545,-0.0155800969895578,0.0106756629066959,-0.036504011797772,0.00534381781865629,0,-0.0155800969895578
3507,-0.522028085883498,0,0,0.0963390948125963,0.11092618296878,0.0145870881561841,0.0108130401468256,-0.00660608109497979,0.035780257407348,0,0.0145870881561841
3508,-0.893753385098757,1,1,0.0951454582238537,0.121358829219449,0.0262133709955948,0.0132050362236902,0.000331975582615312,0.0520947664085743,0,0.0262133709955948
3509,1.90042282190194,0,0,0.104449884387251,0.0604258933361952,-0.0440239910510554,0.0180098070957948,-0.0793225643273271,-0.00872541777478369,-0.04,-0.0040239910510554
3510,0.820794032685796,0,0,0.100763086624204,0.0795364377028006,-0.0212266489214037,0.0117127458752384,-0.044183208996941,0.00172991115413368,-0.04,0.0187733510785963
3511,0.515666228060233,1,0,0.0997422551762817,0.0858659086261491,-0.0138763465501326,0.0104168174604216,-0.0342929336060869,0.00654024050582174,0,-0.0138763465501326
3512,-1.80897490985806,0,0,0.0922628664994492,0.150683042094079,0.05842017559463,0.0226452088575868,0.0140363818113725,0.102803969377887,0,0.05842017559463
3513,1.734900142866,1,0,0.103877009524572,0.0630484525019223,-0.0408285570226497,0.0169547814238932,-0.0740593179792291,-0.00759779606607035,-0.04,-0.000828557022649702
3514,0.748621272974275,1,0,0.10052079194868,0.0809939426432375,-0.0195268493054426,0.0113734115321729,-0.041818326289854,0.00276462767896881,-0.04,0.0204731506945574
3515,0.644618852120434,0,0,0.100172550599441,0.0831370848881128,-0.0170354657113284,0.0109175727130566,-0.0384335150275165,0.00436258360485972,0,-0.0170354657113284
3516,0.840101710077909,1,0,0.10082799323127,0.0791506075363066,-0.0216773856949636,0.0118063813036797,-0.0448174678379228,0.00146269644799568,-0.04,0.0183226143050364
3517,0.354139630659628,0,0,0.0992055846542344,0.0893984043581608,-0.00980718029607357,0.00991347398530683,-0.0292372322689497,0.00962287167680257,0,-0.00980718029607357
3518,0.672770283854591,1,0,0.1002667067906,0.0825519400348154,-0.0177147667557847,0.0110367663485591,-0.0393464313047442,0.0039168977931747,0,-0.0177147667557847
3519,0.330668029917167,0,0,0.0991278146540196,0.0899224917881606,-0.00920532286585907,0.00985365679347108,-0.0285181352970808,0.0101074895653627,0,-0.00920532286585907
3520,-1.23376497598571,1,1,0.0940652630583978,0.131631454809035,0.0375661917506372,0.0162003647115485,0.00581406037958847,0.069318323121686,0,0.0375661917506372
3521,1.05539283360477,0,0,0.101554255260766,0.0749629508997777,-0.0265913043609886,0.0129192422990465,-0.0519125539746661,-0.00127005474731102,-0.04,0.0134086956390114
3522,-1.48689999164057,1,0,0.0932682190649185,0.13975074264056,0.0464825235756412,0.0188407918544527,0.00955525010069826,0.083409797050584,0,0.0464825235756412
3523,-0.791952038557213,0,0,0.095471027456125,0.118420429062093,0.0229494016059678,0.012448864301055,-0.00144992407252641,0.0473487272844621,0,0.0229494016059678
3524,-1.22189216654785,0,0,0.0941027963313873,0.131260641404812,0.037157845073425,0.0160846364682468,0.00563253689124175,0.0686831532556083,0,0.037157845073425
3525,-1.13818088334249,0,0,0.0943678122035506,0.128671265233921,0.0343034530303701,0.0152904784770383,0.00433466590899011,0.06427224015175,0,0.0343034530303701
3526,0.916893922550947,1,0,0.10108651311591,0.077632930633646,-0.0234535824822641,0.0121896370545111,-0.0473448320937208,0.000437667129192673,-0.04,0.0165464175177359
3527,1.32595979743336,0,0,0.102473561571531,0.0699890877202053,-0.032484473851326,0.0144537532810457,-0.0608133097236031,-0.00415563797904885,-0.04,0.00751552614867401
3528,1.8733531307004,1,0,0.10435600552865,0.0608476959638559,-0.0435083095647937,0.0178358876340716,-0.0784660069598773,-0.00855061216971,-0.04,-0.00350830956479367
3529,-0.00951677625187532,0,0,0.098006736527978,0.0978345985321239,-0.000172137995854083,0.00945467623419193,-0.018702962900357,0.0183586869086489,0,-0.000172137995854083
3530,0.194577612467506,0,0,0.0986779658502708,0.0930160809698194,-0.00566188488045134,0.00958324467836169,-0.0244446993050754,0.0131209295441727,0,-0.00566188488045134
3531,0.0446406245584912,0,0,0.098184452653835,0.0965347090529448,-0.00164974360089019,0.00945372871207796,-0.0201787113961752,0.0168792241943948,0,-0.00164974360089019
3532,1.94031236039544,1,0,0.104588358994536,0.059809314724342,-0.0447790442701938,0.0182670216222011,-0.0805817487545225,-0.0089763397858652,-0.04,-0.00477904427019383
3533,0.290303427258076,0,0,0.0989941988396787,0.0908302534569248,-0.0081639453827539,0.00975951219666671,-0.0272922377949,0.0109643470293922,0,-0.0081639453827539
3534,0.00302490089872389,0,0,0.0980478661927387,0.0975321908348812,-0.000515675357857501,0.00945210946082888,-0.0190414694790124,0.0180101187632974,0,-0.000515675357857501
3535,-0.293020483912247,1,0,0.0970810985022576,0.104896671212275,0.00781557271001714,0.00990428975175614,-0.011596478495874,0.0272276239159083,0,0.00781557271001714
3536,-0.0293044623615543,1,0,0.097941875291802,0.0983134236414921,0.000371548349690165,0.0094616386248582,-0.018172922589765,0.0189160192891453,0,0.000371548349690165
3537,0.356320569613883,1,1,0.099212813659066,0.0893498472139402,-0.00986296644512585,0.00991921630265127,-0.0293042731531849,0.00957834026293319,0,-0.00986296644512585
3538,-1.57633649860787,0,1,0.0929880626895863,0.142718129113269,0.0497300664236824,0.0198490583773605,0.0108266268770228,0.088633505970342,0,0.0497300664236824
3539,0.941326157077921,1,0,0.101168887164959,0.0771556817687799,-0.0240132053961788,0.0123149644436513,-0.0481500921766266,0.000123681384269037,-0.04,0.0159867946038212
3540,0.731827050029836,1,0,0.100464485518353,0.0813365721362986,-0.0191279133820543,0.011297020219349,-0.0412696661445991,0.00301383938049057,-0.04,0.0208720866179457
3541,0.67758434911465,1,0,0.100282815940849,0.0824522527347616,-0.0178305632060877,0.0110574731792979,-0.0395028123975292,0.00384168598535385,-0.04,0.0221694367939123
3542,-0.755174615705188,1,0,0.0955888895461452,0.117374121057283,0.0217852315111379,0.0121934107071836,-0.00211341432364705,0.0456838773459229,0,0.0217852315111379
3543,0.395469863024583,0,0,0.0993426588157709,0.0884822519244761,-0.0108604068912948,0.0100274740173175,-0.0305138948211482,0.00879308103855865,0,-0.0108604068912948
3544,0.633050823354762,0,0,0.100133882578523,0.0833786250425431,-0.0167552575359801,0.0108695548601303,-0.0380591935898178,0.00454867851785759,0,-0.0167552575359801
3545,-0.5570057314461,0,0,0.0962262113521122,0.11187337236787,0.0156471610157582,0.0109923558883944,-0.00589746063074162,0.0371917826622581,0,0.0156471610157582
3546,0.787001399838845,1,0,0.10064957524065,0.0802158616862306,-0.0204337135544199,0.0115517016544382,-0.0430746327572705,0.00220720564843077,-0.04,0.0195662864455801
3547,1.51060728891948,1,0,0.103105164145692,0.066771747953676,-0.0363334161920164,0.0155614880854008,-0.066833372385251,-0.00583345999878176,-0.04,0.0036665838079836
3548,0.0301355726903193,1,0,0.0981368265600025,0.0968813400320348,-0.00125548652796774,0.0094514082924474,-0.0197799063843479,0.0172689333284124,0,-0.00125548652796774
3549,0.984433484930011,1,1,0.101314370157619,0.0763201939963011,-0.0249941761613182,0.0125397608328051,-0.0495716557683621,-0.000416696554274225,-0.04,0.0150058238386818
3550,-0.205411563625701,1,0,0.0973663050337073,0.102667582502339,0.00530127746863136,0.00968436677385941,-0.0136797326212094,0.0242822875584722,0,0.00530127746863136
3551,-0.94391248070371,0,0,0.0949854108551171,0.122829603137727,0.0278441922826099,0.0136029755534069,0.00118285011535363,0.0545055344498662,0,0.0278441922826099
3552,0.714178407172909,1,0,0.100405344645479,0.0816980563541389,-0.01870728829134,0.0112178525539502,-0.040693875280963,0.00327929869828299,-0.04,0.02129271170866
3553,0.28712323950256,0,0,0.0989836785264476,0.0909021223081806,-0.00808155621826705,0.00975257678394995,-0.0271962554712704,0.0110331430347363,0,-0.00808155621826705
3554,-0.194514065831913,0,0,0.0974018335292002,0.102393262873532,0.00499142934433174,0.00966208835525791,-0.0139459158474176,0.0239287745360811,0,0.00499142934433174
3555,0.0870823156853659,0,0,0.0983239246257753,0.0955268240998736,-0.00279710052590175,0.00947113097201346,-0.02136017612391,0.0157659750721065,0,-0.00279710052590175
3556,-0.101777069858477,0,0,0.0977046469483346,0.100084993512909,0.00238034656457459,0.00951801223666105,-0.0162746146236926,0.0210353077528418,0,0.00238034656457459
3557,-0.210259180603243,1,1,0.0973505043380562,0.102789819216754,0.00543931487869817,0.00969463889861405,-0.0135618282057064,0.0244404579631028,0,0.00543931487869817
3558,2.02465358743175,1,0,0.104881679411337,0.0585249899798262,-0.0463566894315103,0.0188143833814917,-0.083232203250563,-0.00948117561245759,-0.04,-0.00635668943151028
3559,-0.0963568115005422,1,0,0.0977223716188934,0.0999515213320123,0.00222914971311892,0.00951210148067207,-0.0164142266062884,0.0208725260325263,0,0.00222914971311892
3560,-1.45834304531934,1,0,0.0933578319586964,0.13881420483637,0.0454563728776733,0.0185269161106012,0.00914428455630001,0.0817684611990467,0,0.0454563728776733
3561,-1.39908773495874,1,0,0.0935440240380971,0.136887695491651,0.0433436714535543,0.0178883294217335,0.00828319004336836,0.0784041528637402,0,0.0433436714535543
3562,0.295026549551694,1,0,0.0990098251394373,0.0907236103141351,-0.00828621482530219,0.00976994423469689,-0.0274349536562728,0.0108625240056685,0,-0.00828621482530219
3563,0.834750036625047,0,0,0.100809998796231,0.0792573796638155,-0.0215526191324157,0.0117803126422821,-0.0446416076379106,0.00153636937307915,-0.04,0.0184473808675843
3564,-0.983403800255425,1,0,0.0948595717538758,0.123998336668812,0.0291387649149366,0.0139275536780168,0.00184126131327528,0.0564362685165979,0,0.0291387649149366
3565,0.797343456822865,1,0,0.100684302736174,0.0800073669170977,-0.0206769358190758,0.0116005953475482,-0.0434136848994931,0.00205981326134146,-0.04,0.0193230641809242
3566,1.2960011124916,1,0,0.102371409046262,0.0705244278127889,-0.0318469812334731,0.0142780881846773,-0.0598315198435276,-0.00386244262341869,-0.04,0.00815301876652686
3567,-0.326410030799574,1,0,0.0969725968470505,0.105757408056381,0.00878481120933092,0.0100070908622641,-0.0108287264707266,0.0283983488893885,0,0.00878481120933092
3568,0.980495662358032,0,0,0.1013010726937,0.0763961694182526,-0.0249049032754471,0.0125190382112202,-0.0494417672905194,-0.000368039260374705,-0.04,0.0150950967245529
3569,1.60252781114286,1,0,0.103420868947557,0.0652217800775257,-0.038199088870031,0.016126881530366,-0.0698071958524925,-0.00659098188756953,-0.04,0.001800911129969
3570,0.936757963093614,1,0,0.101153480828477,0.0772447101001121,-0.0239087707283653,0.012291413846983,-0.0479994991875288,0.000181957730798279,-0.04,0.0160912292716347
3571,0.272841933267472,1,0,0.0989364471016485,0.0912254959138701,-0.00771095118777837,0.0097223197979642,-0.0267663478379689,0.0113444454624122,0,-0.00771095118777837
3572,0.427117099858457,1,0,0.0994477326384569,0.0877864786982953,-0.0116612539401616,0.0101219277074706,-0.031499867700922,0.00817735982059877,0,-0.0116612539401616
3573,-0.366511676419936,0,0,0.0968424268401474,0.10679939961384,0.00995697277369219,0.0101442271274349,-0.0099253470470744,0.0298392925944588,0,0.00995697277369219
3574,1.03339015911519,1,0,0.101479819204353,0.0753814073879863,-0.0260984118163669,0.012800382790655,-0.051186701074377,-0.00101012255835674,-0.04,0.0139015881836331
3575,0.0202069153371666,1,0,0.098104238535427,0.0971192479135136,-0.000984990621913401,0.00945089982309738,-0.0195084138966802,0.0175384326528534,0,-0.000984990621913401
3576,0.685109428892852,0,0,0.100308001477837,0.0822966465489181,-0.0180113549289186,0.011090026304976,-0.0397474070742733,0.00372469721643612,-0.04,0.0219886450710814
3577,0.327871872946555,0,0,0.0991185535807103,0.0899851102413819,-0.0091334433393284,0.00984677560251892,-0.0284327688841132,0.0101658822054564,0,-0.0091334433393284
3578,-0.5116855648535,0,0,0.0963724959177201,0.110647456610964,0.014274960693244,0.0107619964754102,-0.00681816480030696,0.0353680861867949,0,0.014274960693244
3579,0.199359626757884,0,0,0.0986937420021576,0.0929057759910792,-0.00578796601107839,0.00959040363479517,-0.024584811732479,0.0130088797103222,0,-0.00578796601107839
3580,0.00641063994106972,1,0,0.09805897215413,0.0974506961787288,-0.000608275975401168,0.00945166068119607,-0.0191331905046388,0.0179166385538364,0,-0.000608275975401168
3581,2.15960654260422,0,0,0.105352527118331,0.0565236512873734,-0.0488288758309573,0.0196996184385683,-0.0874394184797324,-0.0102183331821823,-0.04,-0.00882887583095734
3582,-0.914567293035137,1,0,0.0950790160482722,0.121967287147363,0.0268882710990911,0.0133681892525316,0.000687101625613733,0.0530894405725685,0,0.0268882710990911
3583,0.783872796081197,0,0,0.100639071827546,0.080279031647554,-0.020360040179992,0.0115369804391549,-0.0429721063310786,0.00225202597109467,-0.04,0.019639959820008
3584,-0.546550933812476,0,0,0.0962599397627679,0.111589519704024,0.0153295799412563,0.010937684143993,-0.0061078870552448,0.0367670469377574,0,0.0153295799412563
3585,0.27593620785437,1,0,0.0989466788463107,0.0911553441189374,-0.00779133472737324,0.00972875151279418,-0.0268593373069894,0.0112766678522429,0,-0.00779133472737324
3586,-0.226878341018554,1,0,0.0972963519319388,0.103209863868662,0.00591351193672358,0.00973154547496967,-0.0131599667081307,0.0249869905815779,0,0.00591351193672358
3587,1.55364671003301,1,0,0.103252878478441,0.0660418027410303,-0.0372110757374109,0.0158251777712046,-0.0682278542179157,-0.00619429725690605,-0.04,0.00278892426258912
3588,0.841531858569209,1,0,0.100832802436921,0.0791220966756118,-0.0217107057613093,0.0118133624820016,-0.0448644707623491,0.00144305923973051,-0.04,0.0182892942386907
3589,0.727953115169401,0,0,0.100451501253059,0.081415794016058,-0.0190357072370011,0.0112795440686184,-0.0411432073735255,0.00307179289952331,-0.04,0.0209642927629989
3590,0.239595597726587,0,0,0.0988265718578985,0.0919823089720603,-0.00684426288583821,0.00965761961851637,-0.0257728495145177,0.0120843237428413,0,-0.00684426288583821
3591,1.59458503848916,1,0,0.103393555449758,0.0653543794635305,-0.0380391759862275,0.0160777017431263,-0.069550892356932,-0.00652745961552304,-0.04,0.00196082401377248
3592,-0.94756000740968,1,0,0.0949737817501927,0.122937152238052,0.0279633704878596,0.0136325432484316,0.00124407670324905,0.0546826642724701,0,0.0279633704878596
3593,0.946015235453988,0,0,0.101184703352482,0.0770643953580502,-0.0241203079944319,0.0123391935766998,-0.0483046830030315,6.40670141675917e-05,-0.04,0.0158796920055681
3594,-1.45462520681327,1,0,0.0933695043722163,0.138692664737075,0.0453231603648589,0.0184863434932338,0.00909059291228431,0.0815557278174334,0,0.0453231603648589
3595,-0.315429600741002,0,0,0.0970082665678028,0.105473662537478,0.00846539596967529,0.00997213675216783,-0.0110796329134819,0.0280104248528325,0,0.00846539596967529
3596,-0.541175093355067,1,0,0.0962772869701975,0.111443808409504,0.0151665214393067,0.0109099272505505,-0.00621654304572438,0.0365495859243378,0,0.0151665214393067
3597,-1.08677989016791,0,0,0.0945308702429262,0.127102983394562,0.0325721131516362,0.014822279187802,0.00352097977474668,0.0616232465285258,0,0.0325721131516362
3598,-0.124722050984852,1,0,0.0976296468080476,0.100651762564574,0.00302211575652601,0.00954609331817834,-0.015687883340162,0.021732114853214,0,0.00302211575652601
3599,0.548759179970593,1,0,0.099852524329068,0.0851579695631733,-0.0146945547658947,0.0105377612959597,-0.0353481873836559,0.00595907785186641,0,-0.0146945547658947
3600,-0.40273391706215,0,0,0.0967249835009383,0.107748348526689,0.0110233650257511,0.0102807620731148,-0.00912655837117933,0.0311732884226814,0,0.0110233650257511
3601,-0.247378165064276,1,0,0.0972295916704744,0.103730083016343,0.00650049134586889,0.00978067172837505,-0.0126692729863553,0.0256702556780931,0,0.00650049134586889
3602,1.29285004097103,0,0,0.102360669830812,0.0705809546181466,-0.0317797152126658,0.014259684835853,-0.0597281839218295,-0.00383124650350206,-0.04,0.0082202847873342
3603,0.666109840776251,0,0,0.100244422957538,0.0826900420675412,-0.0175543808899968,0.011008271835897,-0.0391301972203814,0.00402143544038791,0,-0.0175543808899968
3604,-0.710199296421212,1,0,0.0957332006204527,0.116105488254232,0.0203722876337788,0.0118943712488634,-0.00294025163274213,0.0436848269002997,0,0.0203722876337788
3605,2.09428489719479,0,1,0.105124388993188,0.0574842011647184,-0.0476401878284698,0.0192697304577994,-0.0854081655175512,-0.00987221013938833,-0.04,-0.00764018782846975
3606,0.097416671011474,0,0,0.0983579121183908,0.0952828376826641,-0.00307507443572669,0.00947772791512957,-0.0216510798046505,0.0155009309331972,0,-0.00307507443572669
3607,-0.815968821346462,0,0,0.0953941300784435,0.119108050499896,0.0237139204214523,0.0126208550803759,-0.00102250099018377,0.0484503418330884,0,0.0237139204214523
3608,1.01397317586183,1,0,0.101414170864196,0.0757524690525184,-0.0256617018116775,0.0126963663723205,-0.0505461226359512,-0.000777280987403872,-0.04,0.0143382981883225
3609,0.638197948613388,0,0,0.100151086044976,0.0832710745202507,-0.0168800115247253,0.010890849649059,-0.0382256845979216,0.00446566154847102,0,-0.0168800115247253
3610,-0.52691033402955,0,0,0.0963233312172301,0.111057970783706,0.0147346395664758,0.0108374511967036,-0.00650637446327385,0.0359756535962254,0,0.0147346395664758
3611,-1.27519762712699,0,0,0.0939343879339499,0.132932453171698,0.0389980652377476,0.0166101020194902,0.00644286350001082,0.0715532669754844,0,0.0389980652377476
3612,1.9960374310581,1,0,0.104782077341,0.0589578232046393,-0.0458242541363608,0.0186281453543081,-0.0823347481295819,-0.00931376014313979,-0.04,-0.00582425413636083
3613,-0.355592863035637,0,0,0.096877853863407,0.106514795607342,0.00963694174393481,0.0101054196804905,-0.0101693168784888,0.0294432003663584,0,0.00963694174393481
3614,0.738094942593016,1,0,0.100485496767879,0.0812085426743988,-0.0192769540934798,0.0113254118982168,-0.0414743535240661,0.00292044533710639,-0.04,0.0207230459065202
3615,-1.06060037263965,1,0,0.0946140158002483,0.126310522016522,0.0316965062162741,0.0145896766406038,0.00310126545460537,0.0602917469779428,0,0.0316965062162741
3616,-0.0638079526113523,1,0,0.0978288692596008,0.0991533395496439,0.00132447029004311,0.00948238920724158,-0.0172606710435417,0.0199096116236279,0,0.00132447029004311
3617,1.39061410815141,1,0,0.102694326297236,0.0688465464704626,-0.0338477798267738,0.0148369473488572,-0.062927662271051,-0.00476789738249656,-0.04,0.00615222017322623
3618,0.377679547974504,1,0,0.0992836355391866,0.0888755597456028,-0.0104080757935838,0.00997707562160865,-0.0299627846829693,0.00914663309580176,0,-0.0104080757935838
3619,2.0401465664876,1,0,0.104935639510325,0.0582918963412942,-0.0466437431690304,0.0189154335923287,-0.0837173117619538,-0.00957017457610709,-0.04,-0.00664374316903042
3620,-1.18767072426849,0,0,0.0942110549853898,0.130196791417787,0.0359857364323969,0.0157553297524132,0.0051058575531146,0.0668656153116793,0,0.0359857364323969
3621,1.68775029536048,1,0,0.103714332728404,0.063814716207308,-0.0398996165210957,0.016658160634535,-0.0725490114134672,-0.0072502216287242,-0.04,0.00010038347890428
3622,2.02910567717499,0,0,0.104897182971678,0.0584579184218494,-0.0464392645498287,0.0188434056499283,-0.0833716609697666,-0.0095068681298907,-0.04,-0.00643926454982868
3623,0.714036672830872,0,0,0.10040486981674,0.0817009653105114,-0.0187039045062285,0.0112172214621942,-0.0406892545787389,0.00328144556628194,-0.04,0.0212960954937715
3624,0.780736147924042,1,0,0.100628542384829,0.0803424096104844,-0.020286132774345,0.0115222542046149,-0.0428693360361054,0.00229707048741545,-0.04,0.019713867225655
3625,-1.54140221064562,1,0,0.0930974029874596,0.141552852907304,0.0484554499198441,0.0194507093703183,0.0103327600802646,0.0865781397594237,0,0.0484554499198441
3626,0.898436214223331,1,0,0.101024321848723,0.077995266786413,-0.0230290550623099,0.012096005580847,-0.0467367903575656,0.000678680232945785,-0.04,0.0169709449376901
3627,-0.242366645838979,0,0,0.0972459085388769,0.103602693160691,0.00635678462181451,0.00976829498716287,-0.0127887217433879,0.0255022909870169,0,0.00635678462181451
3628,-0.529707047158733,1,0,0.0963143023468457,0.111133524907058,0.0148192225602126,0.0108515255067234,-0.006449376610283,0.0360878217307082,0,0.0148192225602126
3629,0.381752193536647,0,0,0.0992971446805928,0.0887853827878968,-0.010511761892696,0.00998843810545717,-0.0300887408411995,0.00906521705580754,0,-0.010511761892696
3630,-0.751494847717805,1,1,0.095600689405546,0.117269874910955,0.0216691855054089,0.012168386747252,-0.00218041426915952,0.0455187852799774,0,0.0216691855054089
3631,-0.134995150000286,0,0,0.0975960838256168,0.100906443237694,0.00331035941207762,0.00956027424505318,-0.0154274337905525,0.0220481526147077,0,0.00331035941207762
3632,-0.192579043458325,0,0,0.0974081433821502,0.102344621042697,0.00493647766054701,0.00965825020770835,-0.0139933449002379,0.0238663002213319,0,0.00493647766054701
3633,-2.15523230357358,1,1,0.0911928978648494,0.163210665038302,0.0720177671734523,0.0272506054142352,0.0186075620046392,0.125427972342265,0,0.0720177671734523
3634,-0.305549821648576,1,0,0.0970403708530771,0.105218933103964,0.00817856225088708,0.00994164606571066,-0.0113067059849501,0.0276638304867243,0,0.00817856225088708
3635,0.458650198296632,0,0,0.0995525258208395,0.0870981365185795,-0.0124543893022599,0.01022192682698,-0.0324889977357445,0.0075802191312247,0,-0.0124543893022599
3636,0.670869271943245,1,1,0.100260346129466,0.0825913354548572,-0.0176690106746088,0.0110286151744864,-0.0392846992159541,0.00394667786673648,0,-0.0176690106746088
3637,0.0866422692861491,0,0,0.0983224776392216,0.0955372256602097,-0.0027852519790119,0.00947087037963596,-0.0213478168253456,0.0157773128673218,0,-0.0027852519790119
3638,1.49325499375319,1,0,0.10304566276415,0.0670681550716993,-0.0359775076924504,0.0154557188574973,-0.0662701600083217,-0.00568485537657912,-0.04,0.00402249230754959
3639,-0.740653946221846,0,0,0.0956354603416439,0.116963223712031,0.0213277633703873,0.0120952372335606,-0.00237846599185927,0.0450339927326339,0,0.0213277633703873
3640,0.442591907882263,1,0,0.0994991474258266,0.0874480638576192,-0.0120510835682074,0.0101702842091129,-0.031984474330605,0.00788230719419033,0,-0.0120510835682074
3641,1.3691479404942,1,0,0.102620982545875,0.069223958298424,-0.0333970242474505,0.014709123925798,-0.0622263773861511,-0.00456767110874992,-0.04,0.0066029757525495
3642,0.296770070829521,1,0,0.0990155940788977,0.0906842719264344,-0.00833132215246335,0.00977383482578378,-0.0274876864018429,0.0108250420969162,0,-0.00833132215246335
3643,-0.266078008200804,0,0,0.0971687289252508,0.104206645312287,0.00703791638703589,0.00982894698005916,-0.0122264656998338,0.0263022984739056,0,0.00703791638703589
3644,0.450103985595249,0,0,0.0995241147006485,0.0872842096827813,-0.0122399050178672,0.010194259235177,-0.0322202859678789,0.00774047593214447,0,-0.0122399050178672
3645,1.85064053453824,0,0,0.1042772947854,0.0612037287753967,-0.0430735660100031,0.0176903645709486,-0.0777460434424457,-0.00840108857756051,-0.04,-0.00307356601000308
3646,-0.365946412358548,1,0,0.0968442606037857,0.106784649321429,0.00994038871764363,0.0101421912347015,-0.00993794082668915,0.0298187182619764,0,0.00994038871764363
3647,-0.760156968097993,1,0,0.0955729147836744,0.117515396858228,0.0219424820745538,0.0122274491923982,-0.00202287796534008,0.0459078421144476,0,0.0219424820745538
3648,-0.0761404897785988,1,0,0.0977885058710184,0.0994550954692418,0.00166658959822337,0.0094924832050353,-0.0169383356074972,0.0202715148039439,0,0.00166658959822337
3649,1.87336666706242,0,0,0.104356052454703,0.0608474843523563,-0.0435085681023468,0.0178359744739354,-0.078466435700436,-0.00855070050425762,-0.04,-0.0035085681023468
3650,0.281135045292179,1,0,0.0989638718064336,0.0910375880366354,-0.00792628376979812,0.0097397124784818,-0.0270157694473978,0.0111632019078016,0,-0.00792628376979812
3651,-0.567778589947059,0,0,0.0961914678864996,0.112166520512771,0.0159750526262717,0.0110496401722728,-0.00568184415351005,0.0376319494060534,0,0.0159750526262717
3652,-0.883535188032277,1,0,0.0951780919649153,0.121061076773215,0.0258829848082995,0.0131259789008637,0.000156538900773977,0.051609430715825,0,0.0258829848082995
3653,-0.496205378906437,1,0,0.0964225084088138,0.110231418355945,0.0138089099471313,0.0106873041341571,-0.00713782124764254,0.0347556411419052,0,0.0138089099471313
3654,0.00782184264970347,1,0,0.0980636015373903,0.097416746502634,-0.000646855034756283,0.00945150418611338,-0.0191714628392681,0.0178777527697555,0,-0.000646855034756283
3655,1.45046406826617,1,0,0.102899061662898,0.0678043238232052,-0.0350947378396928,0.0151962864461961,-0.0648789119729913,-0.00531056370639424,-0.04,0.00490526216030723
3656,0.715590806651923,0,0,0.100410076479004,0.0816690734147373,-0.0187410030642672,0.0112241455826106,-0.0407399241634183,0.00325791803488391,-0.04,0.0212589969357328
3657,-0.111977172971571,1,0,0.0976712995833413,0.10033659748239,0.0026652978990484,0.00952988376522958,-0.0160129310576545,0.0213435268557513,0,0.0026652978990484
3658,0.241666154094268,1,0,0.0988334116305414,0.0919350109316186,-0.00689840069892282,0.00966141071558864,-0.0258344177413259,0.0120376163434803,0,-0.00689840069892282
3659,-0.774245591603264,0,0,0.0955277557861114,0.11791568107234,0.0223879252862287,0.0123246684670834,-0.00176798103065135,0.0465438316031087,0,0.0223879252862287
3660,1.37746515935953,1,0,0.102649394595648,0.0690775006854351,-0.0335718939102125,0.0147585813041887,-0.0624981817293284,-0.00464560609109646,-0.04,0.00642810608978755
3661,0.874790161153186,0,0,0.100944698635972,0.0784617151248498,-0.0224829835111222,0.0119774254499824,-0.0459583060206011,0.000992338998356792,-0.04,0.0175170164888778
3662,0.90645803854376,1,0,0.101051346351099,0.077837603632523,-0.0232137427185764,0.0121365851875306,-0.0470010125814387,0.0005735271442859,-0.04,0.0167862572814236
3663,-0.990768263870293,1,0,0.0948361214053217,0.124217338988817,0.0293812175834953,0.0139891570751619,0.00196297354210417,0.0567994616248863,0,0.0293812175834953
3664,2.05092473109676,0,0,0.104973192956629,0.058130251598443,-0.046842941358186,0.0189858223081712,-0.0840544692990786,-0.00963141341729341,-0.04,-0.00684294135818601
3665,1.62977253538733,0,0,0.103514606235645,0.0647688465744106,-0.0387457596612347,0.0162960190103575,-0.0706853700129154,-0.006806149309554,-0.04,0.00125424033876532
3666,-0.496760581616886,0,0,0.0964207142911707,0.110246315999999,0.0138256017088279,0.0106899474381086,-0.00712631026649119,0.034777513684147,0,0.0138256017088279
3667,0.791453372926936,0,0,0.100664523174893,0.080126049656404,-0.0205384735184892,0.0115727058432478,-0.0432205601749311,0.0021436131379528,-0.04,0.0194615264815108
3668,-0.742402666589634,0,0,0.0956298507586827,0.117012641797057,0.0213827910383739,0.0121069787440339,-0.00234645126152455,0.0451120333382723,0,0.0213827910383739
3669,-4.0687191076535,1,0,0.0854791764379375,0.247671315686202,0.162192139248265,0.0615526550361985,0.0415511522244977,0.282833126272031,0,0.162192139248265
3670,-0.514376805099216,1,0,0.0963638035790574,0.110719925263943,0.0143561216848856,0.0107751909728754,-0.0067628645484912,0.0354751079182624,0,0.0143561216848856
3671,-2.2284152059351,0,0,0.09096818933308,0.165963344991955,0.0749951556588748,0.0282898822529311,0.019548005316251,0.130442306001499,0,0.0749951556588748
3672,1.43755359991986,0,0,0.102854866854104,0.0680279009107489,-0.0348269659433554,0.0151184159510912,-0.0644585167107901,-0.00519541517592072,-0.04,0.00517303405664459
3673,0.510751608786465,1,0,0.0997258883918618,0.0859714979990025,-0.0137543903928593,0.010399333465507,-0.034136709448475,0.00662792866275652,0,-0.0137543903928593
3674,-1.48603024078927,0,0,0.0932709472397761,0.139722140804602,0.0464511935648263,0.0188311740449383,0.00954277065014181,0.0833596164795108,0,0.0464511935648263
3675,0.953618987175463,0,0,0.101210355351362,0.0769165768250671,-0.0242937785262946,0.0123786012539052,-0.0485553911629311,-3.2165889658077e-05,-0.04,0.0157062214737054
3676,0.837351575183472,1,0,0.100818745837858,0.0792054595034175,-0.0216132863344408,0.0117929741518839,-0.044727090942745,0.00150051827386334,-0.04,0.0183867136655592
3677,-0.0681495860865989,0,0,0.0978146577533662,0.0992594787916382,0.00144482103827194,0.00948578126914651,-0.0171469686144799,0.0200366106910237,0,0.00144482103827194
3678,-0.29855996939163,1,0,0.0970630900652383,0.105039042421965,0.00797595235672705,0.00992062466527087,-0.0114681146913436,0.0274200194047977,0,0.00797595235672705
3679,0.806696123859933,0,0,0.100715717130546,0.0798192443143515,-0.0208964728161944,0.0116451124543187,-0.0437204738225778,0.00192752819018906,-0.04,0.0191035271838056
3680,0.0983791563802442,0,0,0.0983610780604308,0.0952601425245641,-0.00310093553586664,0.00947838876530052,-0.0216782361473247,0.0154763650755914,0,-0.00310093553586664
3681,-1.70086726959441,0,0,0.0925992328832377,0.146937165326531,0.0543379324432931,0.0213152131312789,0.0125608823831913,0.0961149825033949,0,0.0543379324432931
3682,-1.44302452892272,1,0,0.0934059339257456,0.138314000053037,0.0449080661272917,0.0183601789094842,0.0089227767149907,0.0808933555395927,0,0.0449080661272917
3683,-1.00495303671841,0,0,0.0947909680604316,0.124640097147966,0.0298491290875347,0.0141087517204594,0.00219648384861682,0.0575017743264526,0,0.0298491290875347
3684,-0.383232724418344,0,0,0.0967881963890928,0.107236539287385,0.0104483428982926,0.0102057718291072,-0.00955460232119093,0.0304512881177761,0,0.0104483428982926
3685,-0.290892463341823,1,0,0.0970880173245941,0.104842023919452,0.00775400659485782,0.00989809102125717,-0.0116458953225055,0.0271539085122211,0,0.00775400659485782
3686,-0.859636022928806,0,0,0.0952544575694354,0.120367127642862,0.0251126700734266,0.0129437805351923,-0.000256673599340833,0.050482013746194,0,0.0251126700734266
3687,-0.0199021523593226,1,0,0.0979726899614321,0.0980856454613164,0.000112955499884271,0.00945788424351555,-0.0184241569873551,0.0186500679871236,0,0.000112955499884271
3688,-0.270155909498769,1,1,0.0971554610162803,0.104310826560846,0.00715536554456524,0.00983991226409573,-0.0121305081040964,0.0264412391932268,0,0.00715536554456524
3689,0.0576371335020593,1,0,0.0982271430701732,0.096225069432149,-0.0020020736380242,0.00945738706449123,-0.020538211672282,0.0165340643962336,0,-0.0020020736380242
3690,1.90028993023494,1,0,0.104449423331037,0.0604279573692734,-0.0440214659617631,0.0180089520251561,-0.0793183633303787,-0.00872456859314742,-0.04,-0.00402146596176307
3691,-0.36888982776617,0,0,0.0968347122588995,0.106861475974212,0.010026763715313,0.0101528244870147,-0.00987240662059208,0.0299259340512181,0,0.010026763715313
3692,-0.407110908328373,1,0,0.0967108006013202,0.107863517496121,0.0111527168948006,0.0102980661235187,-0.00903112181770802,0.0313365556073092,0,0.0111527168948006
3693,2.22547756378829,1,0,0.10558302616901,0.0555703175061704,-0.0500127086628398,0.0201357094454263,-0.0894779739790383,-0.0105474433466413,-0.04,-0.0100127086628398
3694,0.088325162751893,0,1,0.0983280115313533,0.0954974518751475,-0.00283055965620575,0.00947187595739994,-0.0213950953987405,0.015733976086329,0,-0.00283055965620575
3695,1.01957120462069,1,0,0.101433093794773,0.075645318131814,-0.025787775662959,0.0127262690240091,-0.0507308046075844,-0.000844746718333501,-0.04,0.0142122243370411
3696,-0.442957100809914,1,0,0.096594716944179,0.108810793428787,0.0122160764846076,0.01044624431283,-0.00825818614224554,0.0326903391114607,0,0.0122160764846076
3697,-0.158110138795905,1,0,0.0975206030527522,0.101481580160697,0.0039609771079445,0.00959582957533528,-0.0148465032614969,0.0227684574773859,0,0.0039609771079445
3698,-0.993601476517276,0,0,0.0948271011091159,0.124301680633804,0.0294745795246877,0.0140129458049129,0.00200971042974676,0.0569394486196287,0,0.0294745795246877
3699,0.0659434672395368,0,0,0.0982544360481241,0.0960276375550993,-0.00222679849302475,0.00946050123448854,-0.020769040188319,0.0163154432022695,0,-0.00222679849302475
3700,1.48826471961983,0,0,0.103028556638202,0.0671536234000963,-0.0358749332381052,0.0154253605691273,-0.0661080844021389,-0.00564178207407152,-0.04,0.00412506676189477
3701,2.09397998174406,1,0,0.105123325088389,0.0574887206652895,-0.0476346044230995,0.0192677298898674,-0.0853986610710855,-0.00987054777511348,-0.04,-0.00763460442309948
3702,-0.623334880348859,1,0,0.0960124716192783,0.113688977041361,0.0176765054220824,0.0113601075539271,-0.00458889624411608,0.0399419070882808,0,0.0176765054220824
3703,0.108283547321879,0,0,0.0983936622483901,0.0950268803596062,-0.00336678188878389,0.00948564654727795,-0.0219583074915254,0.0152247437139576,0,-0.00336678188878389
3704,0.353191919232699,1,0,0.0992024434879747,0.089419511934425,-0.00978293155354969,0.00991098837073612,-0.0292081118113878,0.00964224870428841,0,-0.00978293155354969
3705,-0.867863441011511,1,0,0.0952281621073845,0.120605635019484,0.0253774729120994,0.0130060725960553,-0.000113960956482331,0.0508689067806812,0,0.0253774729120994
3706,-0.324334302981682,1,0,0.0969793389123708,0.105703717590335,0.00872437867796401,0.0100003972580319,-0.0108760397788716,0.0283247971347996,0,0.00872437867796401
3707,1.54945061807597,0,0,0.103238468960272,0.0661126406192481,-0.0371258283410242,0.0157993871101304,-0.0680920580546862,-0.00615959862736216,-0.04,0.00287417165897583
3708,-0.444848487481119,1,0,0.0965885953694814,0.108860977739881,0.0122723823703997,0.0104543806364672,-0.00821782715774882,0.0327625918985483,0,0.0122723823703997
3709,0.908706629720527,1,0,0.101058922719117,0.0777934615891768,-0.0232654611299402,0.0121479913881837,-0.047075086735283,0.000544164475402648,-0.04,0.0167345388700598
3710,1.50516896988321,0,0,0.103086512765538,0.0668645127237495,-0.0362220000417885,0.0155283050534806,-0.0666569186875617,-0.00578708139601531,-0.04,0.00377799995821148
3711,-0.937803376908539,1,0,0.0950048908556703,0.122649654486245,0.0276447636305752,0.0135536431372283,0.00108011122229922,0.0542094160388512,0,0.0276447636305752
3712,0.251542716399632,0,0,0.0988660431741295,0.0917096997787358,-0.00715634339539369,0.00967993342885592,-0.0261286642886966,0.0118159774979092,0,-0.00715634339539369
3713,-0.79796495904497,1,0,0.0954517699751482,0.118592261057075,0.0231404910819267,0.0124915449193086,-0.00134248707118241,0.0476234692350358,0,0.0231404910819267
3714,-0.201981597353748,0,0,0.0973774863116981,0.102581170817945,0.00520368450624729,0.0096772332472467,-0.0137633441283498,0.0241707131408444,0,0.00520368450624729
3715,1.03476320364471,0,0,0.101484462860741,0.075355231581972,-0.0261292312787693,0.012807769585403,-0.0512319983884467,-0.0010264641690919,-0.04,0.0138707687212307
3716,-0.235961657087068,0,0,0.0972667659233699,0.103440083570351,0.00617331764698158,0.00975282248902251,-0.0129418631791148,0.025288498473078,0,0.00617331764698158
3717,-0.193535228769562,0,0,0.0974050253422892,0.102368654693453,0.00496362935116404,0.00966014237838764,-0.0139699017960048,0.0238971604983329,0,0.00496362935116404
3718,-0.962074030870228,1,0,0.0949275205240089,0.123365907674004,0.0284383871499947,0.0137510303204325,0.00148686297162884,0.0553899113283606,0,0.0284383871499947
3719,0.269552885164937,1,0,0.0989255723379287,0.0913001167601428,-0.00762545557778585,0.00971555891628522,-0.0266676011433819,0.0114166899878102,0,-0.00762545557778585
3720,-0.146020792787151,0,0,0.0975600736754755,0.10118041658336,0.00362034290788481,0.00957660329723079,-0.0151494546489151,0.0223901404646847,0,0.00362034290788481
3721,-2.35196569878745,0,1,0.0905899573951627,0.170694737007646,0.0801047796124837,0.0300957525673912,0.0211181884927682,0.139091370732199,0,0.0801047796124837
3722,-0.568269563891624,0,0,0.0961898847171987,0.112179896741236,0.0159900120240372,0.0110522737607076,-0.00567204649422685,0.0376520705423012,0,0.0159900120240372
3723,-0.564565995964821,0,0,0.0962018276262695,0.112079030108979,0.0158772024827097,0.0110324568778737,-0.00574601565891402,0.0375004206243334,0,0.0158772024827097
3724,-1.28367203891112,1,0,0.0939076395523873,0.133199889802095,0.0392922502497078,0.0166950221535583,0.00657060810763525,0.0720138923917803,0,0.0392922502497078
3725,1.93433169538445,0,0,0.104567587077039,0.0599013819132833,-0.0446662051637552,0.0182283878046511,-0.0803931887571005,-0.00893922157040992,-0.04,-0.00466620516375523
3726,-1.03851253587285,1,0,0.0946842172012753,0.12564520777734,0.0309609905760647,0.0143965663301259,0.00274423906797605,0.0591777420841534,0,0.0309609905760647
3727,1.23524606228283,1,0,0.102164524660467,0.0716217112836522,-0.0305428133768146,0.0139258306799466,-0.0578369399643129,-0.00324868678931627,-0.04,0.00945718662318541
3728,-0.86674662504278,0,1,0.0952317311562397,0.120573235363674,0.0253415042074341,0.012997590241117,-0.000133304550964445,0.0508163129658327,0,0.0253415042074341
3729,-0.755431091699131,0,0,0.0955880671567992,0.117381389899382,0.0217933227425828,0.0121951585139243,-0.00210874873046577,0.0456953942156315,0,0.0217933227425828
3730,-0.622821516519311,0,0,0.0960141242575833,0.113674826793153,0.0176607025355698,0.011357124952816,-0.0045988533398706,0.0399202584110102,0,0.0176607025355698
3731,0.40477699698776,1,0,0.0993735497130471,0.0882771167796668,-0.0110964329333803,0.0100546219456776,-0.0308031298250745,0.00861026395831382,0,-0.0110964329333803
3732,-1.51521081606571,1,0,0.0931794546950161,0.140684426852824,0.047504972157808,0.01915583982478,0.00996021600762109,0.0850497283079949,0,0.047504972157808
3733,0.197260884894824,0,0,0.0986868178503646,0.0929541724396123,-0.00573264541075223,0.00958723968253669,-0.0245232898996774,0.0130579990781729,0,-0.00573264541075223
3734,0.703075532841827,0,1,0.100368154594368,0.0819262178181328,-0.018441936776235,0.0111686457673215,-0.0403320802362709,0.00344820668380089,-0.04,0.021558063223765
3735,-0.444503019425664,0,0,0.0965897134695623,0.10885180989244,0.012262096422878,0.010452892145975,-0.00822519571751472,0.0327493885632706,0,0.012262096422878
3736,-0.422036783645968,0,0,0.0966624497903412,0.108257066538542,0.0115946167482007,0.0103583699421944,-0.00870741527704255,0.0318966487734439,0,0.0115946167482007
3737,-1.66421700604659,0,0,0.0927135163134016,0.145684862475055,0.0529713461616535,0.0208763075755441,0.0120545351834065,0.0938881571399005,0,0.0529713461616535
3738,2.5981195420793,1,0,0.106895383385105,0.0504563351093235,-0.0564390482757815,0.0226491779361391,-0.100830621310053,-0.0120474752415098,-0.04,-0.0164390482757815
3739,-1.23777904006038,1,0,0.0940525765135369,0.131757023560512,0.037704447046975,0.0162396619444945,0.00587529451466013,0.0695335995792899,0,0.037704447046975
3740,-0.299224754204661,1,0,0.0970609291018275,0.10505613962116,0.00799521051933295,0.00992260429348405,-0.0114527365287383,0.0274431575674042,0,0.00799521051933295
3741,-1.60884862942486,1,1,0.092886407021219,0.14380978421485,0.0509233771936315,0.0202249263967752,0.0112832498659787,0.0905635045212842,0,0.0509233771936315
3742,-1.56379256964159,1,0,0.0930273104742544,0.142298793589895,0.0492714831156407,0.0197053613845486,0.0106496844995791,0.0878932817317023,0,0.0492714831156407
3743,-0.710842178694271,1,1,0.0957311364500429,0.116123538029643,0.0203924015795999,0.0118985402148795,-0.00292830871016543,0.0437131118693652,0,0.0203924015795999
3744,0.200952995391324,0,0,0.0986989991196707,0.0928690484240588,-0.00582995069561186,0.00959282865986706,-0.0246315493788149,0.0129716479875912,0,-0.00582995069561186
3745,-0.691631365383843,0,0,0.0957928358247752,0.115585219713533,0.0197923838887574,0.0117753026820097,-0.00328678527503954,0.0428715530525543,0,0.0197923838887574
3746,0.510931469783238,1,0,0.0997264873272172,0.0859676316573755,-0.0137588556698416,0.0103999711111716,-0.0341424244879949,0.00662471314831166,0,-0.0137588556698416
3747,0.879590307498094,0,0,0.100960857632025,0.0783668201736834,-0.0225940374583415,0.0120013699866991,-0.0461162903974118,0.000928215480728693,-0.04,0.0174059625416585
3748,-0.537308514175157,1,0,0.0962897656951838,0.111339108309354,0.0150493426141699,0.0108901128485055,-0.0062948863564777,0.0363935715848175,0,0.0150493426141699
3749,-1.17786089749685,1,0,0.0942421086931995,0.129893186063863,0.0356510773706633,0.0156621097168178,0.00495390640378569,0.0663482483375409,0,0.0356510773706633
3750,0.466694035945609,1,0,0.0995792734300524,0.086923329242333,-0.0126559441877194,0.0102483448598851,-0.0327423310142404,0.00743044263880167,0,-0.0126559441877194
3751,-0.556824704689751,1,0,0.0962267952759368,0.111868452041767,0.0156416567658304,0.0109914014989706,-0.00590109431177152,0.0371844078434322,0,0.0156416567658304
3752,1.48071116974587,1,0,0.103002668658946,0.0672831852042259,-0.0357194834547198,0.0153794598015559,-0.0658626707674509,-0.00557629614198873,-0.04,0.00428051654528019
3753,1.23175420990548,1,0,0.102152645397472,0.071685253316829,-0.0304673920806433,0.0139057551950977,-0.0577221714408655,-0.00321261272042105,-0.04,0.00953260791935674
3754,1.29489717333616,0,0,0.102367646580607,0.0705442265213063,-0.0318234200593011,0.014271639186889,-0.0597953188659539,-0.00385152125264824,-0.04,0.00817657994069892
3755,0.988794645048109,1,0,0.101329098979323,0.0762361316958873,-0.0250929672834358,0.0125627540979424,-0.0497155128620359,-0.000470421704835747,-0.04,0.0149070327165642
3756,0.805685137280002,0,0,0.100712320938346,0.0798395601392965,-0.0208727607990494,0.0116402866993623,-0.0436873034995202,0.00194178190142144,-0.04,0.0191272392009506
3757,-0.565885922591935,0,0,0.0961975711020822,0.112114969204495,0.0159173981024126,0.0110395064958048,-0.0057196370364607,0.0375544332412859,0,0.0159173981024126
3758,0.528064886747984,1,0,0.0997835561045031,0.0856000485055169,-0.0141835075989861,0.010461480642138,-0.0346876328825396,0.00632061768456735,0,-0.0141835075989861
3759,0.372740656527187,1,0,0.099267255216779,0.0889850281048619,-0.010282227111917,0.00996343716736732,-0.0298102051221848,0.00924575089835067,0,-0.010282227111917
3760,-0.88395442171326,1,0,0.0951767528660145,0.121073280602231,0.0258965277362167,0.0131292089125143,0.000163751122186452,0.0516293043502469,0,0.0258965277362167
3761,0.450354278914592,1,1,0.0995249466758888,0.0872787550429791,-0.0122461916329097,0.0101950636270578,-0.0322281491620373,0.00773576589621796,0,-0.0122461916329097
3762,-1.46677240184208,1,1,0.0933313722535774,0.139090100394257,0.0457587281406799,0.0186191542009069,0.00926585648430473,0.082251599797055,0,0.0457587281406799
3763,0.249441084410533,0,0,0.0988590987103316,0.0917576020833196,-0.00710149662701202,0.00967593138643625,-0.0260659736613078,0.0118629804072837,0,-0.00710149662701202
3764,-1.44473291777336,1,0,0.0934005682799748,0.138369710053233,0.0449691417732583,0.0183787174423645,0.00894751750418585,0.0809907660423308,0,0.0449691417732583
3765,-0.177882047577318,0,1,0.097456080252595,0.10197584160468,0.00451976135208525,0.00963025754954898,-0.0143551966068757,0.0233947193110462,0,0.00451976135208525
3766,0.526906536943661,0,0,0.0997796969043753,0.0856248549664264,-0.0141548419379489,0.0104572746186738,-0.0346507235669943,0.00634103969109645,0,-0.0141548419379489
3767,-0.877093494002567,0,0,0.0951986698775589,0.120873693361478,0.0256750234839195,0.0130764949618959,4.55643145840234e-05,0.051304482653255,0,0.0256750234839195
3768,1.14594976409635,1,0,0.101861123531813,0.07326308610749,-0.0285980374243228,0.0134187421293042,-0.0548982887155895,-0.00229778613305621,-0.04,0.0114019625756772
3769,0.359563771231802,0,0,0.099223564537997,0.0892776834891296,-0.0099458810488674,0.00992781271484621,-0.0294040364152248,0.00951227431748998,0,-0.0099458810488674
3770,0.0337016335666287,1,0,0.0981485335061211,0.0967960180848323,-0.00135251542128874,0.00945180557779829,-0.0198777139426482,0.0171726831000707,0,-0.00135251542128874
3771,0.683371400184648,0,0,0.100302184005713,0.0823325623451773,-0.0179696216605362,0.0110824877178063,-0.039690898446544,0.00375165512547159,-0.04,0.0220303783394638
3772,-1.5530930756084,1,0,0.0930607990884536,0.141941928922475,0.0488811298340218,0.0195833779098356,0.0104984144351067,0.0872638452329369,0,0.0488811298340218
3773,0.0467706220033944,0,0,0.0981914480518561,0.0964839013231003,-0.00170754672875577,0.00945422635774093,-0.0202374898916173,0.0168223964341057,0,-0.00170754672875577
3774,1.37015143425286,0,0,0.102624410162948,0.0692062725767093,-0.0334181375862391,0.0147150864279565,-0.062259177014428,-0.00457709815805016,-0.04,0.00658186241376093
3775,-0.534370427985421,0,0,0.096299248833565,0.111259607689902,0.0149603588563373,0.0108751405358137,-0.0063545249206692,0.0362752426333439,0,0.0149603588563373
3776,-0.258186954004551,1,0,0.0971944079463432,0.104005307636787,0.00681089969044384,0.00980817324203686,-0.0124127666180779,0.0260345659989655,0,0.00681089969044384
3777,-0.691654893237074,0,0,0.0957927602386222,0.115585877673569,0.0197931174349464,0.0117754519090413,-0.0032863442084579,0.0428725790783508,0,0.0197931174349464
3778,0.62416114772255,0,0,0.100104176403861,0.0835646745370056,-0.0165395018668554,0.0108330453684806,-0.0377718806319659,0.00469287689825503,0,-0.0165395018668554
3779,0.20801734374342,1,0,0.098722310043923,0.0927063702727171,-0.00601593977120589,0.00960381794954209,-0.0248390770663877,0.0128071975239759,0,-0.00601593977120589
3780,0.453511870162322,0,0,0.0995354430436185,0.0872099681605608,-0.0123254748830578,0.010205242188474,-0.0323273820259756,0.00767643225986005,0,-0.0123254748830578
3781,-1.45928171101303,1,0,0.0933548851591911,0.138844904939616,0.0454900197804252,0.0185371703634107,0.00915783349285705,0.0818222060679933,0,0.0454900197804252
3782,1.88080032003004,0,0,0.104381825267233,0.0607313793162966,-0.0436504459509361,0.0178836833032339,-0.0787018211361948,-0.00859907076567743,-0.04,-0.00365044595093612
3783,0.0705771981586744,0,0,0.098269664512028,0.0959176565571222,-0.00235200795490582,0.00946249998716494,-0.0208981671334598,0.0161941512236482,0,-0.00235200795490582
3784,1.44504741736327,1,0,0.102880517465417,0.067898043613354,-0.0349824738520627,0.0151635922460914,-0.0647025685306527,-0.00526237917347267,-0.04,0.00501752614793732
3785,2.26071430169976,1,0,0.105706510774508,0.0550665778702843,-0.050639932904224,0.0203700333583434,-0.0905644646504564,-0.0107154011579915,-0.04,-0.010639932904224
3786,0.82522501932766,1,0,0.100777978988255,0.0794477405499505,-0.0213302384383044,0.011734132606721,-0.0443287157372947,0.00166823886068587,-0.04,0.0186697615616956
3787,-0.958838120246866,1,0,0.0949378327458717,0.123270205219606,0.028332372473734,0.0137244986026596,0.0014328495066509,0.0552318954408172,0,0.028332372473734
3788,-0.582607379606592,1,0,0.0961436620019862,0.112571135092279,0.0164274730902928,0.0111300557306556,-0.00538703528771572,0.0382419814683014,0,0.0164274730902928
3789,0.414432881819066,0,0,0.0994056071657201,0.0880647490139403,-0.0113408581517797,0.0100833451627851,-0.0311038515145248,0.0084221352109653,0,-0.0113408581517797
3790,-2.05507890527862,0,0,0.0915012287705366,0.159503241260936,0.0680020124903991,0.0258652676506342,0.0173070194446671,0.118697005536131,0,0.0680020124903991
3791,0.594018595652997,1,0,0.100003508875505,0.0841983309355671,-0.0158051779399378,0.0107118498470317,-0.0368000178479207,0.00518966196804522,0,-0.0158051779399378
3792,-0.45770586422117,0,0,0.096546990960365,0.109202662297958,0.0126556713375935,0.0105105277189446,-0.00794458445004786,0.0332559271252348,0,0.0126556713375935
3793,0.0138947161599141,0,0,0.0980835255324783,0.0972707701509442,-0.000812755381534094,0.0094510355317508,-0.019336444640374,0.0177109338773058,0,-0.000812755381534094
3794,-1.72964490858543,0,0,0.0925095866680173,0.14792670276791,0.0554171160998927,0.0216641171322143,0.0129562267638955,0.0978780054358899,0,0.0554171160998927
3795,-1.11005406949013,1,0,0.0944570069290565,0.127811062599916,0.0333540556708595,0.0150324074877769,0.00389107839388649,0.0628170329478326,0,0.0333540556708595
3796,0.154969667871872,1,0,0.0985473831777738,0.0939342293810411,-0.0046131537967327,0.00953091577298908,-0.023293405451476,0.0140670978580106,0,-0.0046131537967327
3797,-0.563768047717453,1,0,0.0962044009463929,0.11205730837602,0.0158529074296268,0.0110282020844842,-0.00576197147019172,0.0374677863294454,0,0.0158529074296268
3798,-0.924736395741582,0,0,0.0950465693311372,0.122265517074849,0.0272189477437117,0.013448924563685,0.000859539968092973,0.0535783555193304,0,0.0272189477437117
3799,0.3099882039002,0,0,0.0990593397907136,0.0903865355848681,-0.00867280420584543,0.00980402049541155,-0.0278883312805446,0.0105427228688537,0,-0.00867280420584543
3800,-1.15443795229338,0,1,0.0943162927936158,0.129170702310686,0.0348544095170706,0.0154416767308878,0.00458927926362027,0.0651195397705209,0,0.0348544095170706
3801,0.400752534580887,1,0,0.0993601912490573,0.0883657657252053,-0.010994425523852,0.010042817813874,-0.0306779867423423,0.00868913569463822,0,-0.010994425523852
3802,-0.406711588827806,0,0,0.0967120944516134,0.10785300597329,0.011140911521677,0.0102964802895342,-0.00903981901333651,0.0313216420566905,0,0.011140911521677
3803,0.19872971813547,0,1,0.0986916637674056,0.0929202991463269,-0.00577136462107873,0.00958945040626595,-0.024566342048893,0.0130236128067355,0,-0.00577136462107873
3804,-0.418736946939722,0,0,0.0966731374070082,0.108169951598552,0.0114968141915441,0.0103448657633183,-0.00877875012946132,0.0317723785125495,0,0.0114968141915441
3805,-0.667147702767406,0,0,0.0958715215391284,0.114902292930745,0.0190307713916171,0.0116223020177814,-0.00374852198068163,0.0418100647639158,0,0.0190307713916171
3806,-1.24313493241205,0,0,0.0940356514764905,0.13192472586976,0.0378890743932696,0.0162922294675915,0.00595689140892811,0.0698212573776112,0,0.0378890743932696
3807,-1.22691112639927,0,0,0.0940869283576173,0.131417286011939,0.0373303576543221,0.0161334656433626,0.00570934604751713,0.068951369261127,0,0.0373303576543221
3808,0.226500804032496,1,0,0.0987833249294563,0.0922819421470002,-0.00650138278245606,0.00963438943686136,-0.0253844390917375,0.0123816735268253,0,-0.00650138278245606
3809,0.100038725672459,0,0,0.098366537162036,0.0952210216655521,-0.0031455154964839,0.00947954676786275,-0.021725085751258,0.0154340547582902,0,-0.0031455154964839
3810,-0.65708345798387,1,1,0.0959038828119516,0.114622589074717,0.0187187062627653,0.0115607465639253,-0.00393994063692333,0.041377353162454,0,0.0187187062627653
3811,-0.995930032956536,0,0,0.0948196880970419,0.12437103599917,0.029551347902128,0.0140325341892949,0.00204808627928301,0.0570546095249731,0,0.029551347902128
3812,1.79758942286387,1,1,0.104093649927037,0.0620429344427452,-0.0420507154842917,0.0173519306413053,-0.0760598746034872,-0.00804155636509626,-0.04,-0.00205071548429173
3813,-1.42098572010598,1,0,0.0934751774107735,0.137597008842015,0.0441218314312419,0.0181223082964808,0.00860275985340807,0.0796409030090757,0,0.0441218314312419
3814,0.788313943250372,1,0,0.100653982028359,0.0801893734995344,-0.0204646085288248,0.0115578873441326,-0.0431176514606961,0.0021884344030464,-0.04,0.0195353914711752
3815,-1.88070085017173,1,0,0.092040304338795,0.153211415471501,0.0611711111327058,0.0235563468280247,0.0150015197424431,0.107340702522969,0,0.0611711111327058
3816,-0.064226053317268,0,1,0.0978275006068612,0.0991635563963032,0.00133605578944201,0.00948270823708101,-0.0172497108311381,0.0199218224100221,0,0.00133605578944201
3817,-0.654445443772774,0,0,0.0959123668814246,0.114549371921096,0.0186370050396715,0.011544741763692,-0.00399027302798021,0.0412642831073233,0,0.0186370050396715
3818,0.260815584263381,1,0,0.0988966888790328,0.0914986125017994,-0.00739807637723337,0.00969797973931886,-0.0264057673890975,0.0116096146346307,0,-0.00739807637723337
3819,0.905499520455375,0,0,0.101048116888472,0.0778564272504083,-0.0231916896380641,0.0121317271678739,-0.0469694379573631,0.000586058681234933,-0.04,0.0168083103619359
3820,-0.934756970502422,0,1,0.0950146062185939,0.122560004859684,0.0275453986410906,0.0135291315860294,0.00102878799036967,0.0540620092918115,0,0.0275453986410906
3821,-0.264980849042824,1,0,0.0971722989315795,0.104178631053509,0.00700633212193003,0.00982602350831555,-0.0122523200656123,0.0262649843094724,0,0.00700633212193003
3822,0.575003725703734,0,0,0.0999400509286281,0.0846003026465278,-0.0153397482821003,0.0106375260492906,-0.0361889162233165,0.00550941965911587,0,-0.0153397482821003
3823,0.379043765711092,1,0,0.0992881605262453,0.0888453438865015,-0.0104428166397439,0.00998087006584648,-0.0300049625031769,0.00911932922368915,0,-0.0104428166397439
3824,0.687900350106553,0,0,0.100317343784102,0.0822390029116303,-0.0180783408724713,0.0111021566858907,-0.0398381681275375,0.00368148638259498,-0.04,0.0219216591275287
3825,-0.44857453343119,0,0,0.0965765368349231,0.108959900651167,0.0123833638162439,0.0104705018395332,-0.00813844268930146,0.0329051703217893,0,0.0123833638162439
3826,-0.523191988162374,1,0,0.0963353366451591,0.11095758805954,0.0146222514143807,0.0108188412802184,-0.00658228784930249,0.035826790678064,0,0.0146222514143807
3827,0.719677442695389,1,0,0.100423768679961,0.0815852669467974,-0.0188385017331638,0.0112423959232747,-0.0408731928427222,0.00319618937639463,-0.04,0.0211614982668362
3828,-0.0472364908205644,1,0,0.0978831296921404,0.0987491475926378,0.000866017900497409,0.0094710503723771,-0.0176968997251264,0.0194289355261212,0,0.000866017900497409
3829,1.60657080438606,1,0,0.10343477438867,0.0651543811077021,-0.0382803932809682,0.0161519374722224,-0.0699376090070669,-0.00662317755486938,-0.04,0.00171960671903184
3830,-0.341344774143346,1,0,0.0969241004045473,0.106144417213773,0.00922031680922529,0.010056428803121,-0.0104899214579831,0.0289305550764337,0,0.00922031680922529
3831,2.00793113370532,1,0,0.104823464697284,0.058777561988476,-0.0460459027088082,0.0187054869106989,-0.0827079833670635,-0.00938382205055296,-0.04,-0.00604590270880823
3832,0.319188235046506,0,0,0.0990897976552434,0.0901798262711194,-0.00890997138412403,0.00982574279832604,-0.0281680733901969,0.0103481306219488,0,-0.00890997138412403
3833,1.44699389301757,1,0,0.10288718098955,0.0678643515525265,-0.0350228294370231,0.0151753370680426,-0.0647659435436422,-0.00527971533040396,-0.04,0.00497717056297691
3834,-1.92890720010417,0,0,0.0918909935466393,0.154930164997711,0.0630391714510717,0.0241814247754306,0.0156444497963631,0.11043389310578,0,0.0630391714510717
3835,-0.0629749873168286,1,0,0.0978315960225349,0.0991329877273755,0.00130139170484068,0.00948175845916643,-0.0172825133852335,0.0198852967949149,0,0.00130139170484068
3836,0.116312757391542,0,0,0.0984200843867805,0.0948381566350833,-0.00358192775169718,0.00949213914906625,-0.0221861786201097,0.0150223231167153,0,-0.00358192775169718
3837,1.70557556177404,0,0,0.103775807109163,0.0635240109343955,-0.0402517961747675,0.0167700829917816,-0.0731205548564071,-0.00738303749312789,-0.04,-0.000251796174767498
3838,-1.64347571411719,0,0,0.0927782482339446,0.144980083751984,0.0522018355180397,0.0206306420330675,0.0117665201552891,0.0926371508807902,0,0.0522018355180397
3839,-1.05999028082807,1,1,0.0946159542187328,0.126292104859568,0.031676150640835,0.0145843039291727,0.00309144020007058,0.0602608610815994,0,0.031676150640835
3840,1.00421555159932,1,0,0.101381194803697,0.0759395712405644,-0.0254416235631329,0.0126444137775744,-0.0502242191728007,-0.000659027953464973,-0.04,0.0145583764368671
3841,-0.164518251938047,1,0,0.0974996869185484,0.101641538033167,0.00414185111461907,0.00960658195859992,-0.014686703538769,0.0229704057680072,0,0.00414185111461907
3842,-0.425881053532139,1,0,0.0966500001767001,0.108358632120447,0.0117086319437473,0.0103742250038459,-0.00862447543130564,0.0320417393188002,0,0.0117086319437473
3843,-0.201866103018154,0,0,0.0973778628292917,0.10257826227216,0.00520039944286788,0.00967699498737459,-0.013766162210961,0.0241669610966967,0,0.00520039944286788
3844,0.966470144707181,1,0,0.101253723105118,0.0766673383662077,-0.0245863847389098,0.0124455316216706,-0.0489791784858385,-0.000193590991980998,-0.04,0.0154136152610902
3845,0.614016571015938,0,0,0.100070286359618,0.0837774483814351,-0.0162928379781833,0.0107918039145968,-0.0374443849790115,0.00485870902264485,0,-0.0162928379781833
3846,0.927611388914032,0,0,0.101122640060114,0.0774232482421967,-0.0236993918179176,0.0122444217479102,-0.0476980174553406,0.000299233819505331,-0.04,0.0163006081820824
3847,1.5943500748616,1,0,0.103392747557246,0.0653583058431493,-0.0380344417140969,0.0160762478068785,-0.0695433084221198,-0.0065255750060739,-0.04,0.00196555828590313
3848,1.01630336110381,0,0,0.101422047173039,0.0757078504529936,-0.0257141967200459,0.0127088048460918,-0.0506229965049339,-0.000805396935157864,-0.04,0.0142858032799541
3849,0.34274897459079,1,0,0.0991678364648231,0.0896523965841476,-0.00951543988067548,0.0098839892477514,-0.0288877028298494,0.00985682306849841,0,-0.00951543988067548
3850,-1.97063017095999,0,1,0.0917619396882134,0.156430439749969,0.0646685000617559,0.0247306179563011,0.0161973795519862,0.113139620571526,0,0.0646685000617559
3851,-0.263830531187337,0,0,0.0971760420347522,0.104149266616826,0.00697322458207386,0.00982297056972092,-0.012279443955776,0.0262258931199238,0,0.00697322458207386
3852,-0.0396425045495856,1,0,0.0979080038718161,0.0985644145113052,0.000656410639489152,0.00946670306070816,-0.0178979864118339,0.0192108076908122,0,0.000656410639489152
3853,0.208265215816414,0,0,0.098723128060774,0.0927006669113736,-0.00602246114940037,0.00960421056267224,-0.0248463679521771,0.0128014456533764,0,-0.00602246114940037
3854,-1.10402406929781,0,0,0.0944761388726018,0.127627287133205,0.0331511482606036,0.0149776672116395,0.0037954599533637,0.0625068365678435,0,0.0331511482606036
3855,0.820616642428155,0,1,0.10076249046352,0.0795399904900934,-0.0212224999734265,0.0117118909571513,-0.0441773844403033,0.00173238449345031,-0.04,0.0187775000265735
3856,-0.496818212855978,0,0,0.0964205280595973,0.110247862508639,0.0138273344490416,0.0106902219707758,-0.00712511560041781,0.0347797844985011,0,0.0138273344490416
3857,-2.12028454278361,1,0,0.0913003812502726,0.161909170183057,0.0706087889327844,0.0267623364879968,0.0181555732741686,0.1230620045914,0,0.0706087889327844
3858,-1.32210510987515,1,0,0.0937864162266105,0.134418486031727,0.0406320698051167,0.0170848373758363,0.00714640386675375,0.0741177357434797,0,0.0406320698051167
3859,0.954826632352597,0,0,0.101214429991302,0.0768931238796566,-0.0243213061116457,0.012384873402619,-0.048595211933867,-4.74002894244908e-05,-0.04,0.0156786938883543
3860,-0.745417466606778,1,0,0.0956201805089867,0.117097881278446,0.0214777007694592,0.012127273671616,-0.00229131885756905,0.0452467203964874,0,0.0214777007694592
3861,-0.0467862875076423,0,0,0.0978846041805851,0.0987381872504639,0.000853583069878719,0.00947077780059563,-0.0177088003248702,0.0194159664646276,0,0.000853583069878719
3862,-0.123894202556352,0,0,0.0976323518988654,0.100631264225751,0.00299891232688558,0.00954499392649098,-0.0157089320016903,0.0217067566554614,0,0.00299891232688558
3863,-0.38104835413787,1,0,0.0967952792965477,0.107179343852048,0.0103840645555006,0.0101975870341312,-0.00960283876060911,0.0303709678716104,0,0.0103840645555006
3864,-1.29526610944422,0,0,0.0938710554326845,0.133566514557833,0.0396954591251485,0.0168118109740201,0.00674491510117381,0.0726460031491232,0,0.0396954591251485
3865,-0.602196984266268,0,0,0.0960805404859787,0.113107605415801,0.0170270649298227,0.0112390397683605,-0.00500104823697721,0.0390551780966227,0,0.0170270649298227
3866,0.583473374024265,0,0,0.099968312094906,0.0844210407806828,-0.0155472713142233,0.0106704235329528,-0.0364609171385994,0.00536637451015291,0,-0.0155472713142233
3867,1.12925104714931,0,0,0.101804475205053,0.0735738491050612,-0.0282306260999919,0.0133254522666374,-0.0543480326203088,-0.00211321957967507,-0.04,0.0117693739000081
3868,0.926512327737218,0,0,0.10111893476532,0.077444726981378,-0.0236742077839425,0.0122387897623725,-0.04766179493255,0.000313379364665082,-0.04,0.0163257922160575
3869,0.231539393810816,0,0,0.098799963405387,0.09216654622052,-0.00663341718486694,0.00964317490564775,-0.025533692696557,0.0122668583268231,0,-0.00663341718486694
3870,1.17724821570513,0,0,0.101967374929578,0.0726838764357695,-0.0292834984938087,0.0135949413269237,-0.0559290938665144,-0.00263790312110298,-0.04,0.0107165015061913
3871,-0.632996605958519,1,0,0.0959813730052647,0.113955577238049,0.0179742042327848,0.011416631409088,-0.00440198215379653,0.0403503906193661,0,0.0179742042327848
3872,-0.537751954464036,1,0,0.0962883344939082,0.111351111515797,0.0150627770218889,0.0108923788983983,-0.00628589332493595,0.0364114473687137,0,0.0150627770218889
3873,1.34883295500406,1,0,0.102551614784787,0.0695828933051314,-0.0329687214796557,0.0145886961951683,-0.061562040603582,-0.00437540235572938,-0.04,0.00703127852034429
3874,-0.958833246316583,1,0,0.094937848278902,0.123270061120653,0.0283322128417513,0.0137244586901994,0.00143276810165279,0.0552316575818499,0,0.0283322128417513
3875,-1.23987583945374,0,0,0.0940459501389611,0.13182265644827,0.0377767063093093,0.0162602235904324,0.00590725369149327,0.0696461589271254,0,0.0377767063093093
3876,-2.60832102963588,0,0,0.0898096770219835,0.18085254075032,0.0910428637283366,0.0340463218284362,0.0243132991385417,0.157772428318131,0,0.0910428637283366
3877,-0.175205557688549,1,0,0.0974648123659706,0.101908809600814,0.00444399723484375,0.00962538023918446,-0.0144214013714613,0.0233093958411488,0,0.00444399723484375
3878,-0.377373213828275,1,0,0.0968071971293718,0.107083174747821,0.0102759776184488,0.0101839144411023,-0.00968412790774911,0.0302360831446468,0,0.0102759776184488
3879,1.98733926417663,0,0,0.104751818850884,0.0590899807359737,-0.0456618381149102,0.0185716419172287,-0.0820615874064528,-0.00926208882336748,-0.04,-0.00566183811491015
3880,0.754906958023088,0,1,0.100541873337258,0.0808660432531431,-0.0196758300841147,0.0114022619242092,-0.0420238527978571,0.00267219262962761,-0.04,0.0203241699158853
3881,-0.947769961049031,0,1,0.0949731124113186,0.122943345287109,0.0279702328757899,0.0136342477488609,0.00124759833172618,0.0546928674198536,0,0.0279702328757899
3882,-0.239273412792695,0,0,0.0972559809311635,0.103524134079235,0.00626815314807137,0.0097607742427965,-0.012862612829036,0.0253989191251787,0,0.00626815314807137
3883,-1.62080881676879,0,0,0.0928490362114904,0.144213114245238,0.0513640780337475,0.0203644336168324,0.0114505215791991,0.0912776344882958,0,0.0513640780337475
3884,1.05218623762326,1,0,0.101543404185785,0.0750238021935762,-0.0265196019922092,0.0129018559368191,-0.0518067749620989,-0.00123242902231946,-0.04,0.0134803980077908
3885,-2.23312766813385,0,1,0.0909537367797237,0.166141866291372,0.0751881295116486,0.0283575816753561,0.0196082907392976,0.130767968284,0,0.0751881295116486
3886,-0.686761325814748,1,0,0.0958084825801175,0.115449098378145,0.0196406157980276,0.0117445046047065,-0.00337819024346201,0.0426594218395173,0,0.0196406157980276
3887,1.49653480184276,1,0,0.103056906964485,0.0670120368552489,-0.0360448701092365,0.0154756860914659,-0.0663766574845571,-0.00571308273391591,-0.04,0.00395512989076347
3888,0.673406023919083,1,0,0.100268834015151,0.0825387691586525,-0.0177300648564981,0.0110394955322694,-0.039367078507237,0.00390694879424088,0,-0.0177300648564981
3889,-1.96269200537126,0,0,0.0917864807730426,0.156144090473092,0.0643576097000499,0.0246255463346361,0.0160924257845408,0.112622793615559,0,0.0643576097000499
3890,2.54940957024317,1,0,0.106723026025,0.0510985927393728,-0.0556244332856272,0.0223162645704158,-0.0993635081131095,-0.011885358458145,-0.04,-0.0156244332856272
3891,0.906619298618433,1,1,0.101051889681496,0.0778344371763728,-0.0232174525051236,0.012137402740182,-0.0470063247417382,0.00057141973149093,-0.04,0.0167825474948764
3892,0.612878940586387,0,0,0.100066486507241,0.0838013398808371,-0.0162651466264044,0.0107872073755801,-0.0374076845763061,0.00487739132349737,0,-0.0162651466264044
3893,0.621362012850024,0,0,0.100094824299457,0.0836233348945465,-0.01647148940491,0.0108216206452778,-0.0376814761240096,0.0047384973141897,0,-0.01647148940491
3894,-1.30025167132383,1,0,0.0938553278376115,0.133724428984993,0.0398691011473815,0.0168622462059701,0.00681970588523298,0.07291849640953,0,0.0398691011473815
3895,1.18721337508603,0,0,0.102001225080839,0.0725003485343346,-0.0295008765465045,0.0136513985603479,-0.0562571260633883,-0.00274462702962066,-0.04,0.0104991234534955
3896,-0.0842055864841783,0,0,0.0977621174981476,0.0996528760404027,0.00189075854225511,0.00949985139224995,-0.0167286080450375,0.0205101251295477,0,0.00189075854225511
3897,-0.93211044002016,0,0,0.0950230470500241,0.122482168545829,0.0274591214958051,0.0135078855978519,0.000984152216728082,0.0539340907748821,0,0.0274591214958051
3898,1.42592909833684,1,0,0.102815088514883,0.0682297927640908,-0.0345852957507918,0.0150484666685094,-0.0640797484436216,-0.00509084305796192,-0.04,0.00541470424920822
3899,1.68207930486024,0,0,0.103694781814288,0.0639074618061676,-0.0397873200081201,0.0166226095741668,-0.0723670361025576,-0.00720760391368254,-0.04,0.00021267999187994
3900,0.679353277159675,0,0,0.100288735825056,0.0824156501749751,-0.0178730856500813,0.0110651052233214,-0.0395602933729372,0.00381412207277455,-0.04,0.0221269143499187
3901,-0.354978804578665,0,0,0.0968798465721444,0.106498809741717,0.00961896316957214,0.0101032697283515,-0.0101830816240907,0.0294210079632349,0,0.00961896316957214
3902,-0.45863679180524,1,0,0.0965439792494712,0.109227438178711,0.01268345892924,0.0105146495416035,-0.00792487548236345,0.0332917933408434,0,0.01268345892924
3903,0.149413757838014,0,0,0.0985290783184234,0.0940636682427207,-0.00446541007570274,0.00952458528379921,-0.0231332541996294,0.0142024340482239,0,-0.00446541007570274
3904,-1.94804700679696,1,0,0.0918317717232898,0.15561693032291,0.0637851585996205,0.0244324193645162,0.0158984965899896,0.111671820609251,0,0.0637851585996205
3905,-0.95522234110873,1,0,0.0949493567214883,0.123163343592445,0.0282139868709571,0.0136949301857533,0.00137241693609026,0.055055556805824,0,0.0282139868709571
3906,-0.300838499578011,0,0,0.097055683606008,0.105097652782308,0.00804196917629979,0.00992742697820849,-0.0114154301601401,0.0274993685127397,0,0.00804196917629979
3907,-0.492307717796119,0,0,0.0964351044004211,0.110126882834886,0.0136917784344652,0.0106688222477599,-0.00721872892860395,0.0346022857975344,0,0.0136917784344652
3908,0.182739424827394,0,0,0.0986389206201472,0.0932896538811249,-0.00534926673902232,0.00956629493437299,-0.0240988602758813,0.0134003267978367,0,-0.00534926673902232
3909,0.230168965016343,1,0,0.0987954377162208,0.0921979195215884,-0.00659751819463236,0.00964076636546618,-0.0254930730543112,0.0122980366650465,0,-0.00659751819463236
3910,-0.173643101202153,1,0,0.0974699102408926,0.101869696338374,0.0043997860974813,0.00962256440546332,-0.0144600935761439,0.0232596657711065,0,0.0043997860974813
3911,-0.241308497514116,1,0,0.0972493540474627,0.103575813353603,0.00632645930614063,0.00976571207405213,-0.0128139846423895,0.0254669032546708,0,0.00632645930614063
3912,0.391430881156747,1,0,0.0993292558678982,0.0885714075015317,-0.0107578483663665,0.0100158587540917,-0.0303885707986264,0.00887287406589337,0,-0.0107578483663665
3913,-1.42689700128577,0,0,0.0934566003061644,0.137789014136882,0.0443324138307181,0.0181858760968531,0.00868875165357815,0.079976076007858,0,0.0443324138307181
3914,-0.659923312098732,0,0,0.0958947503586655,0.114701453755181,0.0188067033965156,0.0115780363579017,-0.00388583087666708,0.0414992376696982,0,0.0188067033965156
3915,0.320959313344841,0,0,0.0990956619901559,0.0901400820189768,-0.00895557997117909,0.00982999098598732,-0.0282220082720676,0.0103108483297094,0,-0.00895557997117909
3916,-1.10607706344741,1,0,0.0944696247570951,0.127689830605683,0.0332202058485876,0.0149962808732029,0.0038280354350631,0.0626123762621122,0,0.0332202058485876
3917,-0.484943821811175,0,0,0.0964589061641394,0.109929619751558,0.013470713587419,0.0106342622375835,-0.00737205740039897,0.034313484575237,0,0.013470713587419
3918,1.86115684345835,1,0,0.104313732642436,0.0610386382207446,-0.0432750944216917,0.0177576980104238,-0.0780795429704609,-0.0084706458729225,-0.04,-0.0032750944216917
3919,0.199637371153475,0,0,0.0986946583665838,0.0928993729714703,-0.00579528539511348,0.00959082492328723,-0.0245929568267856,0.0130023860365586,0,-0.00579528539511348
3920,-1.01010137424708,0,0,0.0947745844970967,0.124793841391869,0.0300192568947727,0.0141524626010582,0.00228093990414852,0.0577575738853968,0,0.0300192568947727
3921,-0.743895196954282,1,0,0.0956250632202876,0.117054834388622,0.0214297711683341,0.0121170178057823,-0.00231914733102976,0.045178689667698,0,0.0214297711683341
3922,0.841744399955543,1,0,0.100833517173958,0.0791178603379896,-0.0217156568359688,0.0118144005179644,-0.0448714563501105,0.00144014267817283,-0.04,0.0182843431640312
3923,-0.0414489681968895,1,0,0.0979020862709229,0.0986083310467482,0.000706244775825343,0.00946768897776253,-0.017850084637416,0.0192625741890667,0,0.000706244775825343
3924,-1.45712639643321,0,0,0.0933616515687109,0.138774421457533,0.0454127698888219,0.0185136314670713,0.00912671899031471,0.081698820787329,0,0.0454127698888219
3925,0.585148741263233,1,0,0.0999739032313817,0.0843856221595596,-0.0155882810718222,0.0106769706994202,-0.0365147591066753,0.00533819696303093,0,-0.0155882810718222
3926,-0.87179635030778,1,1,0.0952155945208681,0.120719791434516,0.0255041969136476,0.0130360099413272,-4.59130734598336e-05,0.051054306900755,0,0.0255041969136476
3927,-0.0698963461778138,1,0,0.0978089405877848,0.0993022100773615,0.00149326948957668,0.00948719546461205,-0.0171012919353547,0.020087830914508,0,0.00149326948957668
3928,-1.02355543287945,0,1,0.0947317815923009,0.125196386307219,0.0304646047149185,0.0142674510819849,0.00250091444304111,0.0584282949867958,0,0.0304646047149185
3929,-0.751424486528877,0,0,0.0956009150444563,0.11726788239309,0.0216669673486335,0.0121679092200174,-0.00218169648975353,0.0455156311870204,0,0.0216669673486335
3930,-0.999807171503388,0,0,0.0948073462898718,0.124486589087057,0.0296792427971852,0.0140652234249552,0.00211191144976385,0.0572465741446066,0,0.0296792427971852
3931,0.358562495294485,0,0,0.0992202453008993,0.089299957035689,-0.0099202882652103,0.00992515145296374,-0.0293732276541246,0.00953265112370402,0,-0.0099202882652103
3932,1.44548617095963,0,0,0.102882019451966,0.0678904477579357,-0.0349915716940303,0.015166239259374,-0.0647168544233208,-0.00526628896473984,-0.04,0.00500842830596967
3933,-0.0227241540162279,0,0,0.0979634403640817,0.0981539611754431,0.000190520811361394,0.00945892607419184,-0.0183486336264814,0.0187296752492042,0,0.000190520811361394
3934,1.0621258761234,0,0,0.101577043127549,0.0748353261182384,-0.0267417170093105,0.0129558193884305,-0.0521346564008401,-0.00134877761778101,-0.04,0.0132582829906895
3935,-0.61343533962551,1,0,0.0960443450399891,0.113416378819641,0.0173720337796521,0.0113029623198496,-0.00478136528586654,0.0395254328451707,0,0.0173720337796521
3936,-0.647514904071526,1,0,0.0959346592607009,0.114357211222257,0.0184225519615562,0.0115029526222489,-0.00412282089392215,0.0409679248170347,0,0.0184225519615562
3937,-0.249244294856941,1,0,0.0972235164137411,0.103777554312721,0.00655403789898006,0.00978534106472299,-0.0126248781643178,0.0257329539622779,0,0.00655403789898006
3938,-0.515785938713452,1,0,0.0963592525491982,0.110757886429228,0.0143986338800303,0.0107821242346675,-0.00673394129675454,0.0355312090568152,0,0.0143986338800303
3939,-1.87283894245145,0,0,0.0920646758995315,0.152932592891659,0.0608679169921277,0.0234553695990966,0.0148962373338226,0.106839596650433,0,0.0608679169921277
3940,-0.792219289626021,1,0,0.0954701714617572,0.11842806175094,0.0229578902891826,0.0124507558753126,-0.00144514280673058,0.0473609233850957,0,0.0229578902891826
3941,-1.18942454553592,1,0,0.0942055041049821,0.130251134155807,0.0360456300508245,0.0157720514564362,0.00513297723389706,0.0669582828677519,0,0.0360456300508245
3942,-0.118534041739836,1,0,0.0976498684639822,0.100498631086897,0.00284876262291443,0.00953803195257579,-0.0158454364875264,0.0215429617333552,0,0.00284876262291443
3943,1.06544765499204,0,0,0.101588287301692,0.0747724354122238,-0.0268158518894681,0.0129738996042652,-0.0522442278528664,-0.0013874759260699,-0.04,0.0131841481105319
3944,-0.627244072470941,1,1,0.095999887848929,0.113796779528862,0.0177968916799331,0.0113828883150261,-0.00451315945755985,0.0401069428174261,0,0.0177968916799331
3945,-0.0272995621054707,0,0,0.0979484453287633,0.0982648138946584,0.000316368565895064,0.00946077012342234,-0.0182264001420253,0.0188591372738154,0,0.000316368565895064
3946,-0.901618985585231,0,0,0.0951203447644853,0.121588458078288,0.0264681133138025,0.013266359432375,0.000466526620384294,0.0524697000072206,0,0.0264681133138025
3947,-1.02671578406907,0,0,0.0947217297234724,0.125291105126482,0.0305693754030096,0.0142946204441943,0.00255243415971891,0.0585863166463004,0,0.0305693754030096
3948,-1.68983411114866,0,0,0.092633623337287,0.146559238697021,0.0539256153597342,0.0211824414873423,0.0124087929399162,0.0954424377795522,0,0.0539256153597342
3949,-1.10160512892374,0,0,0.0944838146455243,0.127553628848653,0.0330698142031286,0.0149557667140172,0.00375705008247204,0.0623825783237852,0,0.0330698142031286
3950,0.665363079289537,1,0,0.100241924793284,0.0827055390128626,-0.017536385780421,0.0110050882973678,-0.0391059624899451,0.00403319092910308,0,-0.017536385780421
3951,0.299575029834731,0,0,0.0990248757169155,0.0906210169596387,-0.00840385875727674,0.00978013866710113,-0.0275725783086025,0.010764860794049,0,-0.00840385875727674
3952,0.724819720082967,1,0,0.100441000145042,0.0814799233111626,-0.0189610768338798,0.0112654489747122,-0.0410409510939894,0.00311879742622988,-0.04,0.0210389231661202
3953,-1.44482842274092,1,0,0.0934002683295949,0.138372824994752,0.0449725566651576,0.0183797542328802,0.00894890032401481,0.0809962130063003,0,0.0449725566651576
3954,0.527119744708918,0,0,0.0997804072251161,0.0856202885593222,-0.0141601186657938,0.0104580482731711,-0.0346575166297905,0.00633727929820289,0,-0.0141601186657938
3955,1.52796638690036,1,0,0.103164719278125,0.0664764419729707,-0.0366882773051546,0.0156676145049988,-0.0673962374586097,-0.00598031715169951,-0.04,0.00331172269484541
3956,-0.568286948796,1,0,0.096189828659158,0.112180370405873,0.0159905417467146,0.0110523670499161,-0.00567169961503813,0.0376527831084673,0,0.0159905417467146
3957,1.33328615466872,0,0,0.102498556575214,0.0698587440225891,-0.0326398125526245,0.0144968997435796,-0.0610532139375283,-0.00422641116772061,-0.04,0.00736018744737554
3958,0.262161515400417,1,0,0.09890113772114,0.0914680101033212,-0.00743312761781877,0.00970065149428601,-0.026446055173194,0.0115797999375565,0,-0.00743312761781877
3959,-1.35233274435251,1,0,0.0936911725831656,0.13538351729113,0.0416923447079644,0.0173967604365026,0.00759532080474796,0.0757893686111808,0,0.0416923447079644
3960,-0.388561576597804,1,1,0.0967709193154923,0.10737618235134,0.0106052630358481,0.0102259210332384,-0.00943717389804985,0.030647699969746,0,0.0106052630358481
3961,-0.702561194702636,1,0,0.0957577281304,0.115891224810413,0.0201334966800134,0.0118450767964406,-0.0030824272351213,0.0433494205951482,0,0.0201334966800134
3962,1.25172461700162,1,0,0.102220601136987,0.0713225481726709,-0.0308980529643164,0.0140208253186124,-0.0583783656223241,-0.00341774030630877,-0.04,0.00910194703568356
3963,-0.148142856470403,0,0,0.0975531442983683,0.101233222890176,0.00368007859180768,0.00957987801868587,-0.0150961373011036,0.0224562944847189,0,0.00368007859180768
3964,1.10445386463715,1,0,0.101720405376909,0.074037563845475,-0.0276828415314335,0.0131878784158298,-0.0535306082589531,-0.00183507480391391,-0.04,0.0123171584685665
3965,1.44649749239039,0,0,0.102885481585706,0.0678729424091787,-0.0350125391765277,0.0151723414295327,-0.0647497819395567,-0.00527529641349876,-0.04,0.00498746082347225
3966,-0.752668913264786,0,0,0.0955969244048405,0.117303126927157,0.0217062025223163,0.0121763602030254,-0.00215902493840029,0.0455714299830329,0,0.0217062025223163
3967,-1.0139551454655,0,0,0.0947623222935448,0.12490903253156,0.0301467102380154,0.0141852877467863,0.00234405714397696,0.0579493633320539,0,0.0301467102380154
3968,-0.94150346039852,0,0,0.0949930920322827,0.122758616375486,0.0277655243432035,0.0135834937998346,0.00114236571130451,0.0543886829751025,0,0.0277655243432035
3969,-1.74454726955814,0,0,0.0924631944467378,0.1484412907609,0.0559780963141619,0.021846265423971,0.0131602028864761,0.0987959897418478,0,0.0559780963141619
3970,1.21565164179854,0,0,0.102097880384554,0.0719789489851034,-0.0301189313994506,0.0138134274298011,-0.0571927516649186,-0.00304511113398271,-0.04,0.00988106860054937
3971,-0.194997987595849,1,0,0.0974002555811001,0.102405430709442,0.00500517512834234,0.0096630537723238,-0.0139340622460862,0.0239444125027709,0,0.00500517512834234
3972,-0.768451616620989,0,0,0.0955463252045821,0.117750920572675,0.0222045953680929,0.0122845141610327,-0.00187260995510355,0.0462818006912894,0,0.0222045953680929
3973,-0.134042356839929,1,0,0.097599196239106,0.10088279846835,0.00328360222924404,0.00955891708851823,-0.0154515309954562,0.0220187354539442,0,0.00328360222924404
3974,-0.0399360555138103,0,0,0.0979070422379377,0.0985715497778413,0.000664507539903603,0.00946686122591471,-0.0178901995095279,0.0192192145893351,0,0.000664507539903603
3975,-0.428719228161346,1,0,0.0966408097071469,0.108433670377667,0.0117928606705198,0.010386015299942,-0.00856335526024853,0.0321490766012882,0,0.0117928606705198
3976,1.37474442660829,1,1,0.102640099665248,0.0691253783729523,-0.0335147212922957,0.0147423931414877,-0.0624092808955418,-0.00462016168904951,-0.04,0.00648527870770433
3977,0.500723739509688,1,0,0.0996925007456883,0.0861873092161304,-0.0135051915295579,0.0103640512205814,-0.0338183586558259,0.00680797559671007,0,-0.0135051915295579
3978,0.859926061875599,0,0,0.1008946753644,0.0787562332858706,-0.0221384420785291,0.0119036991870428,-0.0454692637679317,0.00119237961087353,-0.04,0.0178615579214709
3979,-0.870972339836094,1,0,0.0952182275181637,0.120695866033921,0.0254776385157568,0.0130297290069173,-6.01610661179267e-05,0.0510154380976316,0,0.0254776385157568
3980,0.643660886327185,0,0,0.100169347938816,0.0831570630022347,-0.0170122849365808,0.0109135746754193,-0.038402498242991,0.00437792836982937,0,-0.0170122849365808
3981,-1.07629509963694,0,0,0.0945641618424443,0.12678509710182,0.0322209352593756,0.0147286421626988,0.00335332707930786,0.0610885434394434,0,0.0322209352593756
3982,-0.967298150849435,1,0,0.0949108743790712,0.123520546396412,0.0286096720173409,0.0137940022643248,0.00157392437660038,0.0556454196580813,0,0.0286096720173409
3983,-0.0413037245828618,1,0,0.0979025620471431,0.0986047994174372,0.000702237370294026,0.00946760859577326,-0.0178539344971434,0.0192584092377314,0,0.000702237370294026
3984,1.01966087390354,1,0,0.101433396927958,0.0756436029201607,-0.0257897940077976,0.0127267485756164,-0.0507337628563022,-0.000845825159292924,-0.04,0.0142102059922024
3985,-0.253065234819099,0,0,0.0972110782547093,0.103874812723907,0.00666373446919721,0.00979500423586778,-0.0125341210615209,0.0258615899999153,0,0.00666373446919721
3986,0.7961762586601,1,0,0.100680382879861,0.0800308727155506,-0.0206495101643102,0.0115950596363289,-0.0433754094501089,0.00207638912148851,-0.04,0.0193504898356898
3987,0.939569350074393,1,0,0.1011629620476,0.0771899085856482,-0.0239730534619514,0.0123059011853877,-0.0480921765826201,0.000146069658717201,-0.04,0.0160269465380486
3988,0.536298866509471,0,0,0.0998109925543922,0.085423902636989,-0.0143870899174032,0.0104915745990869,-0.0349501982727288,0.00617601843792238,0,-0.0143870899174032
3989,-1.28042265368211,0,0,0.0939178950082469,0.133097291479418,0.0391793964711714,0.0166624163940649,0.00652166044339445,0.0718371324989483,0,0.0391793964711714
3990,1.59674564997215,0,0,0.103400984698997,0.0653182846647802,-0.0380827000342164,0.0160910738745456,-0.0696206253008992,-0.00654477476753357,-0.04,0.0019172999657836
3991,1.21748198182481,0,0,0.102104104080259,0.0719455094774519,-0.0301585946028069,0.0138239012346503,-0.0572529431485602,-0.00306424605705358,-0.04,0.00984140539719313
3992,-1.93186852560458,1,1,0.0918818284567537,0.155036259766694,0.0631544313099401,0.0242201545008454,0.0156838007882874,0.110625061831593,0,0.0631544313099401
3993,0.875618524492395,0,1,0.100947487037013,0.0784453315598582,-0.0225021554771548,0.0119815528814973,-0.0459855676037516,0.00098125664944199,-0.04,0.0174978445228452
3994,-0.269464281606105,1,0,0.0971577111913014,0.104293150538526,0.00713543934722476,0.00983804148347829,-0.0121467676388037,0.0264176463332532,0,0.00713543934722476
3995,-0.387447264068639,1,1,0.0967745318844801,0.107346968466793,0.0105724365823125,0.0102216863063364,-0.0094617004393731,0.0306065736039981,0,0.0105724365823125
3996,1.31461948035334,1,0,0.102434882968366,0.0701912875635158,-0.0322435954048505,0.0143871119236907,-0.0604418166168311,-0.00404537419286991,-0.04,0.00775640459514951
3997,-1.00334335765596,0,0,0.0947960910651767,0.124592060822146,0.029795969756969,0.0140951182369966,0.00217004565462194,0.0574218938593162,0,0.029795969756969
3998,-0.234432875729953,0,0,0.0972717448797583,0.103401304323002,0.00612955944324367,0.00974918678033505,-0.012978495524767,0.0252376144112544,0,0.00612955944324367
3999,0.851207410869128,1,0,0.100865344073349,0.0789294552626034,-0.0219358888107455,0.0118607549370326,-0.0451825413167851,0.00131076369529415,-0.04,0.0180641111892545
4000,0.0563687056563882,1,0,0.0982229758605277,0.0962552503875237,-0.00196772547300401,0.00945696464225513,-0.0205030355748928,0.0165675846288847,0,-0.00196772547300401
