"id","X","treatment","outcome","estimated_control_probability","estimated_treatment_probability","estimated_CATE","cate_se","cate_lower","cate_upper","true_CATE","CATE_error"
1,-0.9653464644216,1,0,0.0945393842174101,0.0847306119098035,-0.00980877230760667,0.0177186169025545,-0.0445366232924762,0.0249190786772628,-0.0148218074028074,0.00501303509520073
2,0.0866711759008467,1,1,0.109017003651746,0.0685270811989079,-0.0404899224528382,0.00908008197886851,-0.0582865561080916,-0.0226932887975847,-0.0389443397368546,-0.00154558271598355
3,0.968292574863881,1,0,0.12261406637324,0.0572100267715341,-0.0654040396017057,0.0175858758241929,-0.0998717228537173,-0.0309363563496941,-0.0611826739681921,-0.00422136563351359
4,0.398720265366137,1,0,0.113671404865525,0.0643021050562697,-0.0493692998092551,0.0108801984410608,-0.0706940968983831,-0.0280445027201271,-0.0465898448823108,-0.0027794549269443
5,-0.27836077241227,0,1,0.103785366547211,0.0737951344968909,-0.0299902320503205,0.00997319549106284,-0.0495373360235809,-0.0104431280770601,-0.0302958731164286,0.000305641066108097
6,0.028959340415895,0,1,0.108174742192222,0.0693361414616103,-0.0388386007306114,0.00899448344305082,-0.0564674643385328,-0.02120973712269,-0.037556231783552,-0.00128236894705941
7,-0.464323872234672,0,0,0.101206403712401,0.0766200540861915,-0.0245863496262097,0.0115343139457259,-0.0471931895462106,-0.00197950970620882,-0.0260068893609759,0.00142053973476621
8,0.618398394435644,0,0,0.117051129134716,0.0614746190878209,-0.0555765100468951,0.0131205216765215,-0.0812922599912543,-0.029860760102536,-0.0521180698390441,-0.00345844020785103
9,-0.552164207678288,0,0,0.10000810782529,0.077988622379315,-0.0220194854459755,0.012448551100043,-0.0464181972617662,0.00237922636981526,-0.0240074651098395,0.00198797966386404
10,0.754812878090888,0,0,0.119193458396339,0.0597777314659902,-0.0594157269303487,0.0147599012135944,-0.0883446017243628,-0.0304868521363347,-0.0556135861288213,-0.00380214080152744
11,-0.767969824839383,0,0,0.0971175655606525,0.0814463876093695,-0.0156711779512831,0.0150370104621384,-0.0451431768922263,0.0138008209896602,-0.0191654821219616,0.00349430417067854
12,-0.588875606190413,0,1,0.099511047322284,0.078567196409188,-0.020943850913096,0.0128574391973942,-0.0461439686734022,0.00425626684721024,-0.0231767877850441,0.00223293687194813
13,0.640345737338066,0,1,0.117393533579302,0.0611986048159507,-0.0561949287633509,0.0133735896073987,-0.0824066827378714,-0.0299831747888304,-0.0526771782355645,-0.00351775052778643
14,-0.463702356442809,1,0,0.101214927495375,0.0766104496756942,-0.0246044778196805,0.0115281972725181,-0.0471993292804889,-0.00200962635887217,-0.0260210962512981,0.00141661843161756
15,0.431574281770736,0,0,0.114171395001394,0.0638716654213857,-0.0502997295800078,0.011175815550052,-0.0722039255559725,-0.0283955336040432,-0.0474088251977515,-0.00289090438225632
16,0.420704870950431,0,0,0.114005766741831,0.0640137738972203,-0.0499919928446104,0.0110762450342998,-0.0717010341957786,-0.0282829514934422,-0.0471375734362032,-0.00285441940840719
17,-0.995623252820224,0,0,0.0941493664683415,0.0852449071345575,-0.00890445933378402,0.0181510582100858,-0.0444798797068422,0.0266709610392742,-0.0141624846366592,0.00525802530287518
18,-0.0748939625918865,1,0,0.106673478658379,0.0708143592035973,-0.0358591194547821,0.00906145408211196,-0.053619243103285,-0.0180989958062792,-0.0350781789809428,-0.000780940473839281
19,-0.581612970679998,0,0,0.0996092063846141,0.0784524261289326,-0.0211567802556814,0.0127753959212449,-0.0461960961495612,0.00388253563819841,-0.0233408912101589,0.00218411095447749
20,-0.415652478579432,0,0,0.101875838922499,0.0758712593646556,-0.0260045795578431,0.0110718166395822,-0.0477049414148556,-0.00430421770083071,-0.0271220111778343,0.00111743161999115
21,0.158592423889786,1,0,0.110074691984531,0.0675310624625982,-0.0425436295219333,0.00930559906941074,-0.0607822685525478,-0.0243049904913188,-0.0406853916779333,-0.00185823784399997
22,0.910379798151553,1,0,0.121677863486489,0.0578961715463004,-0.0637816919401885,0.0167928196391068,-0.0966950136317146,-0.0308683702486624,-0.0596598160763403,-0.00412187586384818
23,0.391524084843695,0,0,0.113562144655843,0.0643967464126647,-0.0491653982431786,0.0108176275159644,-0.0703675585726384,-0.0279632379137189,-0.0464108215614809,-0.00275457668169774
24,-0.283630257938057,0,0,0.103711495255994,0.0738738457229984,-0.0298376495329955,0.010009021643188,-0.0494549714741259,-0.0102203275918651,-0.0301732749876706,0.000335625454675127
25,0.678127151913941,1,0,0.117985002397597,0.0607261701651037,-0.0572588322324932,0.0138193330128539,-0.0843442272280523,-0.0301734372369341,-0.0536425913287676,-0.00361624090372561
26,-0.362405060324818,0,1,0.10261270754972,0.0750597623374768,-0.0275529452122436,0.0106070357385954,-0.0483423532426199,-0.00676353718186743,-0.0283479708807047,0.000795025668461052
27,0.695579457562417,1,0,0.118259089190187,0.0605090928917122,-0.0577499962984752,0.014029324540658,-0.0852469671255889,-0.0302530254713616,-0.0540897997942651,-0.00366019650421014
28,-0.934957150369883,0,0,0.0949323059183829,0.0842172381342367,-0.0107150677841462,0.0172898235075467,-0.0446024991579916,0.0231723635896993,-0.015485428407895,0.00477036062374883
29,0.998955079820007,1,0,0.123112253114257,0.056849840084255,-0.0662624130300023,0.0180128139877606,-0.101566879706232,-0.0309579463537722,-0.061992645459597,-0.00426976757040526
30,-0.340037945657969,1,0,0.102923642115731,0.0747212692138438,-0.0282023729018869,0.0104258077330129,-0.0486365805683314,-0.00776816523544232,-0.0288648291199119,0.000662456218025027
31,-0.307371315546334,0,0,0.103379253077067,0.0742294290083961,-0.0291498240686712,0.0101771575631756,-0.0490966863574847,-0.00920296177985768,-0.0296217001217998,0.000471876053128616
32,-0.145467389374971,0,0,0.105663793141316,0.0718354395075784,-0.0338283536337377,0.00926664235355769,-0.0519906389043243,-0.0156660683631512,-0.0334086202866572,-0.000419733347080509
33,0.230454464443028,0,0,0.111140480191483,0.0665492896422327,-0.0445911905492505,0.00965404821792423,-0.0635127773613951,-0.0256696037371059,-0.0424375209922616,-0.0021536695569889
34,0.703334158286452,0,0,0.118381052838929,0.0604128706241959,-0.0579681822147335,0.0141234261716551,-0.085649588849488,-0.030286775579979,-0.0542887665397418,-0.0036794156749917
35,0.0555762038566172,0,0,0.108562482855126,0.0689619079092259,-0.0396005749459004,0.00902316184191639,-0.0572856471827326,-0.0219155027090681,-0.0381954444782798,-0.00140513046762056
36,0.50343030737713,0,0,0.115271618763396,0.0629395798213709,-0.052332038942025,0.0118747946952085,-0.075606208868441,-0.029057869015609,-0.0492095450213357,-0.00312249392068927
37,0.644876330625266,1,0,0.11746432422568,0.0611417715842369,-0.0563225526414429,0.0134263796717627,-0.0826377732408585,-0.0300073320420273,-0.0527927506817917,-0.0035298019596512
38,-0.346054788678885,1,0,0.102839917564178,0.0748121870026357,-0.0280277305615424,0.0104737043258965,-0.048555813825021,-0.00749964729806387,-0.0287256823262183,0.000697951764675891
39,-0.794217351358384,1,0,0.096771131167921,0.0818763471390569,-0.0148947840288641,0.015378581165686,-0.0450362492469347,0.0152466811892065,-0.018583247490426,0.00368846346156191
40,0.541791630443186,1,0,0.115862755776259,0.0624471827318211,-0.0534155730444378,0.0122744340423864,-0.0774730216981276,-0.029358124390748,-0.0501762605173056,-0.00323931252713218
41,-0.571303462143987,0,0,0.0997486937213826,0.0782897699926656,-0.021458923728717,0.0126598967114936,-0.0462718653312416,0.0033540178738075,-0.0235740350117723,0.00211511128305526
42,-0.592267777770758,1,0,0.099465229486503,0.0786208549637755,-0.0208443745227275,0.0128959487551125,-0.0461199696292221,0.00443122058376719,-0.0231001784808548,0.00225580395812734
43,0.778677905909717,1,0,0.119571714462471,0.0594854131401763,-0.0600863013222945,0.0150615602270336,-0.0896064169182614,-0.0305661857263276,-0.0562301275643152,-0.00385617375797931
44,0.498997905291617,0,0,0.115203486020874,0.0629967059744836,-0.05220678004639,0.0118297472790274,-0.0753926586594944,-0.0290209014332855,-0.0490980892874539,-0.0031086907589361
45,-0.586354333441705,0,0,0.0995451141468518,0.0785273357411095,-0.0210177784057424,0.0128288944030655,-0.0461619493972182,0.0041263925857335,-0.0232337445671873,0.00221596616144494
46,-0.721343681681901,0,0,0.0977357020941219,0.0806876784896493,-0.0170480236044727,0.0144431050303264,-0.0453559892888416,0.0112599420798963,-0.0202032989452732,0.00315527534080054
47,-0.462165155913681,0,0,0.101236012179855,0.0765866997438837,-0.0246493124359712,0.0115130914920385,-0.0472145571110811,-0.00208406776086131,-0.0260562379149714,0.0014069254790002
48,0.770052301231772,1,0,0.119434880735518,0.059590911731989,-0.059843969003529,0.0149520684200644,-0.0891494846012339,-0.030538453405824,-0.0560071156046478,-0.00383685339888115
49,0.0969533864408731,0,1,0.109167667616024,0.0683838562323752,-0.0407838113836487,0.00910438448759035,-0.0586280770807309,-0.0229395456865664,-0.0391924867660614,-0.00159132461758728
50,0.894915146287531,1,0,0.121428909849691,0.0580806977463556,-0.0633482121033355,0.0165841363487822,-0.0958525220616502,-0.0308439021450208,-0.059254692259482,-0.00409351984385349
51,0.0207561943680048,0,0,0.108055488550879,0.0694518562136642,-0.0386036323372152,0.00898940607999243,-0.0562225444964057,-0.0209847201780247,-0.0373595698966154,-0.0012440624405998
52,0.634363851509988,1,0,0.117300123107395,0.0612737191808277,-0.0560264039265671,0.0133041738877866,-0.082102105590687,-0.0299507022624472,-0.0525246659091132,-0.00350173801745393
53,0.790055428165942,1,0,0.119752410882352,0.0593465238030275,-0.0604058870793242,0.0152067678871094,-0.0902106044593188,-0.0306011696993296,-0.0565245904876325,-0.00388129659169171
54,-0.680790661368519,0,0,0.0982761754722833,0.0800330405598275,-0.0182431349124559,0.0139408425343457,-0.0455666841939176,0.00908041436900586,-0.0211096409702493,0.00286650605779344
55,0.2659572949633,1,0,0.111670348855533,0.0660691596448182,-0.0456011892107145,0.00986795828267074,-0.0649420320456928,-0.0262603463757361,-0.0433078026626079,-0.00229338654810656
56,0.387269143015146,1,0,0.11349758460402,0.0644527667506516,-0.0490448178533682,0.0107810112661763,-0.0701752116519944,-0.027914424054742,-0.0463050301232552,-0.00273978773011298
57,0.950762608554214,1,0,0.12233002940155,0.0574169099813795,-0.0649131194201705,0.0173439441539128,-0.0989066253117137,-0.0309196135286273,-0.0607207540170618,-0.00419236540310872
58,0.243441760540009,1,0,0.111334055882635,0.0663732784914385,-0.0449607773911969,0.00972924098933147,-0.0640297393271974,-0.0258918154551964,-0.0427555200903116,-0.00220525730088529
59,0.852852771058679,1,0,0.120753999620026,0.0585853867192042,-0.0621686129008221,0.0160235117850425,-0.0935741189053584,-0.0307631068962857,-0.0581560409924893,-0.00401257190833279
60,-0.241301132831722,0,0,0.10430620941473,0.0732437450873772,-0.0310624643273527,0.00973718176325274,-0.0501469898942482,-0.0119779387604571,-0.0311598663263484,9.74019989957442e-05
61,0.990200103260577,1,0,0.122969830078842,0.0569524652261109,-0.0660173648527315,0.0178904313431073,-0.101081965953108,-0.0309527637523547,-0.0617611159383324,-0.00425624891439907
62,-0.648419193923473,0,0,0.0987095183340718,0.0795139597483213,-0.0191955585857504,0.0135501649252933,-0.0457533938239032,0.00736227665240231,-0.0218356185794568,0.00264005999370638
63,-0.561768344137818,1,0,0.0998778581584669,0.0781396063942719,-0.0217382517641949,0.0125540984806109,-0.0463438326445613,0.00286732911617145,-0.0237898699046199,0.00205161814042497
64,0.0181832094676793,1,0,0.108018107466093,0.0694881879078348,-0.0385299195582583,0.00898817986216038,-0.0561464283746608,-0.0209134107418557,-0.0372979181397618,-0.00123200141849647
65,0.379480933770537,1,0,0.113379497334557,0.0645554234552824,-0.0488240738792749,0.0107147320609187,-0.0698245628226722,-0.0278235849358776,-0.0461115078441385,-0.00271256603513643
66,0.309731137473136,0,0,0.112326698986734,0.0654816063306066,-0.0468450926561273,0.0101665795557312,-0.0667712224313216,-0.026918962880933,-0.0443851036613783,-0.00245998899474899
67,-0.827191411051899,0,0,0.0963374790423635,0.0824194232297037,-0.0139180558126598,0.0158146653457339,-0.044914230317852,0.0170781186925323,-0.0178538202894807,0.00393576447682087
68,0.280609887093306,0,1,0.111889677350795,0.0658719421424931,-0.0460177352083024,0.00996376025750153,-0.0655463464635969,-0.0264891239530078,-0.0436678853350266,-0.00234984987327577
69,-0.660409696865827,0,0,0.0985488085971824,0.0797058694417997,-0.0188429391553827,0.0136937708298248,-0.0456822367943844,0.00799635848361897,-0.0215664553199748,0.00272351616459209
70,0.961687875445932,0,0,0.122506984282904,0.0572878910429262,-0.0652190932399778,0.0174945373195951,-0.0995077563125761,-0.0309304301673795,-0.0610085403690249,-0.00421055287095289
71,-0.788257022388279,1,0,0.0968497030660454,0.08177853020052,-0.0150711728655254,0.0153005757662105,-0.0450597503100243,0.0149174045789735,-0.0187153369546767,0.00364416408915133
72,0.786667467094958,0,1,0.119698579046056,0.0593878500156575,-0.0603107290303986,0.0151634361649541,-0.0900305177955808,-0.0305909402652163,-0.0564368704497806,-0.00387385858061795
73,-0.556308138649911,0,0,0.0999518900292728,0.0780537352072206,-0.0218981548220522,0.0124939655467549,-0.046385877317776,0.00258956767367157,-0.0239135541346284,0.00201539931257616
74,0.400273273698986,0,0,0.113694996339844,0.0642816974974994,-0.0494132988423442,0.0108938070004175,-0.0707647682176928,-0.0280618294669955,-0.0466284969639329,-0.00278480187841128
75,-0.984788127243519,0,0,0.0942887758152607,0.0850605323463471,-0.0092282434689136,0.0179957111700037,-0.044499189238306,0.0260427023004788,-0.0143982253637318,0.0051699818948182
76,-0.861146012321115,1,0,0.0958927466491084,0.0829820730578088,-0.0129106735912996,0.0162714610060666,-0.0448021511390379,0.0189808039564388,-0.0171050381535365,0.00419436456223694
77,0.346543521620333,0,0,0.112881274167059,0.0649912580825153,-0.0478900160845434,0.0104454027834427,-0.0683626293441054,-0.0274174028249813,-0.0452947517015739,-0.00259526438296947
78,-0.318181946873665,1,0,0.103228276870733,0.0743918670815991,-0.0288364097891339,0.0102572761381872,-0.048940301599463,-0.00873251797880487,-0.0293709576113883,0.000534547822254382
79,-0.807878578081727,0,0,0.0965912570538872,0.082100948219065,-0.0144903088348222,0.0155583285994598,-0.0449840725494029,0.0160034548797585,-0.0182807721090015,0.00379046327417927
80,0.986210471019149,1,0,0.122904975072735,0.0569992890933592,-0.065905685979376,0.0178347880547956,-0.100861228238681,-0.0309501437200715,-0.0616556773793522,-0.00425000860002384
81,0.817740821279585,1,0,0.12019309259432,0.0590098268691959,-0.0611832657251239,0.015563727235317,-0.0916876105715504,-0.0306789208786974,-0.0572425531182598,-0.0039407126068641
82,0.148648777976632,1,0,0.109927924842545,0.0676679652189489,-0.0422599596235966,0.00926683133449066,-0.0604226152900055,-0.0240973039571876,-0.0404439352272877,-0.00181602439630887
83,0.0452870614826679,0,0,0.108412451454976,0.0691063511613325,-0.0393061002936436,0.00900986957065703,-0.0569651201575348,-0.0216470804297525,-0.0379481475066277,-0.00135795278701595
84,0.357371128629893,0,0,0.113044845274923,0.0648476837121976,-0.0481971615627249,0.0105319394833609,-0.0688393836374676,-0.0275549394879823,-0.0455629474870235,-0.00263421407570143
85,0.848482669331133,1,0,0.120684065199748,0.05863805697179,-0.0620460082279581,0.0159658692356862,-0.0933385369117791,-0.0307534795441372,-0.0580421673400791,-0.00400384088787903
86,-0.116052641998976,0,0,0.106083598117624,0.0714082162727917,-0.0346753818448321,0.00916587397757453,-0.0526401647277111,-0.0167105989619532,-0.0341030808638161,-0.000572300981016023
87,0.458745444659144,1,0,0.114586346753071,0.0635177100597823,-0.0510686366932892,0.0114320380899835,-0.0734750196195469,-0.0286622537670315,-0.0480881996351381,-0.00298043705815109
88,-0.766422037500888,1,0,0.0971380289296091,0.081421097728391,-0.0157169312012181,0.0150170271867053,-0.0451497636420193,0.0137159012395831,-0.0191998604786175,0.00348292927739938
89,0.55356463463977,0,0,0.116044701964055,0.062296789647643,-0.0537479123164123,0.0124004539715535,-0.0780523554926039,-0.0294434691402208,-0.0504736982292853,-0.00327421408712702
90,0.108306861948222,1,0,0.109334240912992,0.0682260314523585,-0.0411082094606338,0.00913434324735605,-0.0590111932478783,-0.0232052256733893,-0.0394667819580889,-0.00164142750254494
91,-0.996923851314932,1,0,0.0941326448346758,0.0852670629793333,-0.00886558185534253,0.0181697490520446,-0.0444776356054808,0.0267464718947958,-0.0141342031476398,0.00526862129229727
92,-0.753020004369318,0,0,0.0973153787977935,0.0812024159658671,-0.0161129628319264,0.0148447516290718,-0.0452081413843495,0.0129822157204966,-0.0194977453146454,0.00338478248271898
93,-0.273844186682254,0,0,0.103848720192297,0.0737277309035315,-0.0301209892887655,0.0099429287629437,-0.0496087715649825,-0.0106332070125484,-0.0304010044686245,0.000280015179859001
94,-0.288864019792527,0,0,0.103638170791276,0.0739520998059144,-0.029686070985362,0.0100451478889196,-0.049374199067023,-0.00999794290370106,-0.0300515700590228,0.000365499073660791
95,-0.634129606187344,1,0,0.0989013476558766,0.0792858042585657,-0.0196155433973109,0.0133807693061627,-0.0458413693228288,0.00661028252820695,-0.0221567903378142,0.00254124694050329
96,0.203421197365969,0,0,0.110738493559326,0.0669170506760213,-0.0438214428833051,0.00950925174492633,-0.0624592338232853,-0.0251836519433248,-0.0417769240087199,-0.00204451887458516
97,0.747330732177943,1,0,0.119075081053406,0.0598696555336537,-0.0592054255197519,0.0146661618794828,-0.0879505745949725,-0.0304602764445313,-0.0554205980234412,-0.00378482749631068
98,-0.717649792321026,1,0,0.0977848227559175,0.0806278472685767,-0.0171569754873409,0.0143967884126412,-0.0453741622691612,0.0110602112944794,-0.0202857127261405,0.00312873723879962
99,0.182188614737242,0,0,0.110423656563326,0.0672072209412836,-0.0432164356220428,0.00940698982043151,-0.0616537968730235,-0.0247790743710621,-0.0412593247786371,-0.00195711084340569
100,0.997724152635783,0,0,0.123092220238717,0.0568642584094521,-0.0662279618292654,0.0179955844021346,-0.1014986591382,-0.0309572645203307,-0.0619600804001717,-0.00426788142909368
101,0.377036008052528,0,0,0.113342448709199,0.0645876815028168,-0.0487547672063817,0.0106941254991823,-0.0697148680309304,-0.0277946663818329,-0.0460507873731394,-0.00270397983324227
102,-0.669869848061353,1,0,0.098422177890059,0.0798575789654791,-0.0185645989245798,0.0138079934003327,-0.0456277686879987,0.00849857083883907,-0.0213543084102967,0.00278970948571687
103,-0.974928588140756,1,0,0.0944157935302185,0.084893072923054,-0.00952272060716457,0.017854920692022,-0.0445177221103467,0.0254722808960175,-0.0146129439328146,0.00509022332565003
104,-0.624806036241353,0,0,0.0990266899567742,0.0791372616586667,-0.0198894282981074,0.0132712906420335,-0.0459006799848565,0.00612182338864168,-0.0223665803773653,0.00247715207925788
105,0.123737569432706,0,0,0.109560991020276,0.0680120701943957,-0.0415489208258805,0.00918026214525547,-0.0595419039992177,-0.0235559376525434,-0.0398400780660622,-0.00170884275981834
106,0.203821841627359,0,0,0.110744441864849,0.0669115865572984,-0.0438328553075504,0.00951127963443283,-0.0624746208379281,-0.0251910897771728,-0.0417867013055405,-0.00204615400200995
107,0.0043029896914959,1,0,0.107816647518277,0.0696844863017497,-0.0381321612165271,0.00898458640915753,-0.0557416269944639,-0.0205226954385903,-0.0369656021343205,-0.00116655908220657
108,0.524021426215768,1,0,0.11558859520063,0.0626748283634008,-0.052913766837229,0.0120871719483467,-0.0766041885309313,-0.0292233451435266,-0.049727979329732,-0.00318578750749697
109,-0.135132888332009,0,0,0.105811119133191,0.0716850719592149,-0.0341260471739764,0.00922880127541179,-0.0522141652942608,-0.016037929053692,-0.0336523820958405,-0.000473665078135885
110,0.868263195734471,0,0,0.12100089058276,0.0584000078528843,-0.0626008827298753,0.0162276985633923,-0.0944065874660967,-0.030795177993654,-0.0585580046076707,-0.00404287812220462
111,0.614596616011113,1,0,0.116991905008402,0.0615225490896858,-0.0554693559187159,0.0130771424068808,-0.0811000840569037,-0.029838627780528,-0.0520213463736673,-0.00344800954504855
112,-0.299965891987085,1,1,0.103482786461496,0.0741183451621494,-0.0293644412993463,0.0101235464591261,-0.0492062277550514,-0.00952265484364122,-0.0297936136946321,0.000429172395285796
113,0.747707670554519,1,0,0.119081042279073,0.0598650213839079,-0.0592160208951647,0.0146708745780604,-0.0879704066898673,-0.030461635100462,-0.0554303169218498,-0.00378570397331485
114,0.924163092393428,1,0,0.121900120696692,0.0577321713972926,-0.0641679492993991,0.0169799350464236,-0.0974480104502188,-0.0308878881485795,-0.0600214363719337,-0.00414651292746545
115,0.799144381191581,0,0,0.119896929990167,0.0592357901805197,-0.0606611398096475,0.0153233966560924,-0.0906944453764101,-0.0306278342428848,-0.0567600691265295,-0.00390107068311796
116,-0.169037229847163,0,0,0.10532846416169,0.0721794711927955,-0.0331489929688947,0.00936263544085458,-0.051499421233348,-0.0147985647044415,-0.0328535961211063,-0.000295396847788433
117,-0.636279862374067,0,0,0.0988724605316212,0.0793200981616412,-0.01955236236998,0.0134061362251984,-0.0458279065432066,0.00672318180324668,-0.0221084335903692,0.00255607122038922
118,-0.0847503058612347,0,1,0.106531956419339,0.0709561544168529,-0.0355758020024858,0.00908250847119594,-0.0533771914953098,-0.0177744125096618,-0.0348443111648438,-0.000731490837641978
119,0.524157147388905,0,0,0.11559068698236,0.0626730867729957,-0.0529176002093643,0.0120885884181941,-0.0766107981329527,-0.0292244022857758,-0.0497314000487511,-0.00318620016061315
120,0.796760918572545,1,0,0.119859017121236,0.0592648099257349,-0.0605942071955007,0.0152927587433349,-0.0905674635566971,-0.0306209508343043,-0.0566982966511958,-0.00389591054430492
121,0.592528325971216,1,0,0.116648638260871,0.0618014600270108,-0.0548471782338604,0.0128281001233218,-0.079989792465645,-0.0297045640020758,-0.0514606308900009,-0.00338654734385949
122,-0.0600178246386349,1,0,0.10688739108005,0.0706008439057232,-0.036286547174327,0.00903444793490128,-0.0539937397469357,-0.0185793546017182,-0.0354315844596376,-0.000854962714689357
123,-0.583280903287232,0,0,0.0995866556173446,0.0784787706285711,-0.0211078849887735,0.0127941887128392,-0.0461840340773473,0.00396826409980024,-0.023303193300631,0.00219530831185746
124,0.485501827206463,1,0,0.114996246498524,0.0631709455077457,-0.0518253009907781,0.0116940847002078,-0.0747452858353463,-0.0289053161462099,-0.0487590291719997,-0.0030662718187784
125,-0.00436908518895507,1,0,0.107690947224624,0.0698073897378446,-0.037883557486779,0.00898493093758469,-0.0554936985280247,-0.0202734164455333,-0.0367582092599173,-0.00112534822686172
126,0.418147852178663,0,0,0.113966833279129,0.0640472475556747,-0.0499195857234546,0.0110530716298561,-0.071583208036514,-0.0282559634103953,-0.0470738049416243,-0.00284578078183031
127,0.50103641487658,0,0,0.115234816653612,0.0629704270356136,-0.052264389617998,0.0118504351535943,-0.0754908157201703,-0.0290379635158258,-0.0491493427697072,-0.00311504684829081
128,0.405278051737696,1,0,0.11377105207802,0.0642159724308695,-0.0495550796471505,0.0109379137927376,-0.0709929967469201,-0.0281171625473808,-0.0467530996860702,-0.00280197996108029
129,0.962763006333262,0,0,0.122524409911545,0.0572752093065172,-0.0652492006050275,0.0175093903399357,-0.0995669750625549,-0.0309314261475,-0.0610368782503644,-0.00421232235466305
130,-0.768010104075074,0,0,0.0971170330783545,0.0814470458425527,-0.0156699872358017,0.0150375307414179,-0.0451430059053947,0.0138030314337912,-0.0191645875345554,0.00349460029875365
131,-0.0060544814914465,0,0,0.107666532644209,0.0698312989749204,-0.0378352336692883,0.00898522911490524,-0.0554459591273433,-0.0202245082112333,-0.0367179235875718,-0.00111731008171648
132,-0.604884791187942,1,0,0.0992949769956075,0.0788207296024514,-0.020474247393156,0.0130402253055882,-0.0460326193423968,0.00508412455608473,-0.0228154503248117,0.00234120293165568
133,0.289171795360744,0,0,0.112018011165063,0.0657569560068133,-0.04626105515825,0.0100217014461552,-0.0659032290565272,-0.0266188812599729,-0.0438785364683839,-0.00238251868986614
134,-0.537581258453429,0,0,0.100206167979381,0.0777598783747411,-0.0224462896046399,0.0122902850928678,-0.0465348057463904,0.00164222653711052,-0.024338243036411,0.00189195343177109
135,0.0725888293236494,1,0,0.108810952906233,0.0687236907283846,-0.040087262177848,0.0090512011998639,-0.0578272905464069,-0.022347233809289,-0.0386048924642454,-0.00148236971360257
136,0.12474839668721,0,1,0.109575859238898,0.0679980758545245,-0.0415777833843734,0.00918347754683304,-0.0595770686289984,-0.0235784981397484,-0.0398645517671759,-0.0017132316171975
137,-0.807503214105964,0,0,0.0965961953899032,0.0820947694577401,-0.0145014259321631,0.0155533721249809,-0.0449854751352749,0.0159826232709486,-0.0182890779536115,0.00378765202144836
138,-0.783706725109369,0,0,0.0969097255867097,0.0817039254295304,-0.0152058001571793,0.015241197011194,-0.045077997380399,0.0146663970660403,-0.018816227592251,0.00361042743507168
139,0.838056141044945,0,0,0.120517351358064,0.0587639011522095,-0.0617534502058548,0.0158288145043236,-0.0927773565522943,-0.0307295438594153,-0.0577706846691448,-0.00398276553671
140,0.662427589297295,0,0,0.11773891258262,0.0609220684241482,-0.0568168441584717,0.0136326059690854,-0.0835362608733049,-0.0300974274436385,-0.0532409754888065,-0.00357586866966519
141,-0.407764903735369,0,0,0.101984695005357,0.0757505456729355,-0.0262341493324212,0.0110001426615206,-0.047794032773804,-0.00467426589103832,-0.0273032168700654,0.00106906753764421
142,-0.389762066304684,1,0,0.10223353768598,0.0754756853572719,-0.0267578523287079,0.0108401618552139,-0.048004179151512,-0.00551152550590376,-0.0277173219571469,0.000959469628439007
143,0.805095716845244,0,0,0.119991640937082,0.0591633880742156,-0.0608282528628666,0.0154000619106494,-0.0910118195674266,-0.0306446861583067,-0.0569143763878051,-0.00391387647506153
144,-0.467824551742524,1,0,0.101158405514556,0.0766741714288122,-0.0244842340857441,0.0115688640880471,-0.0471587910403552,-0.00180967713113301,-0.0259268850434954,0.00144265095775128
145,0.235937004908919,0,0,0.111222161531771,0.0664749343567939,-0.0447472271749769,0.00968535285781779,-0.0637301699538618,-0.0257642843960919,-0.0425717127634428,-0.00217551441153407
146,0.0225391867570579,1,0,0.108081399059553,0.069426689877932,-0.0386547091816213,0.00899035846948331,-0.0562754879899132,-0.0210339303733294,-0.0374023017063543,-0.00125240747526698
147,0.282102757599205,1,0,0.11191204462379,0.0658518794989178,-0.0460601651248727,0.0099737599007192,-0.0656083753207321,-0.0265119549290132,-0.0437046018444997,-0.00235556328037295
148,0.673284912016243,1,0,0.117909053061476,0.0607865284404832,-0.0571225246209933,0.0137615174901136,-0.0840946032742341,-0.0301504459677525,-0.0535186518011293,-0.00360387281986398
149,-0.468105262611061,1,0,0.101154557532318,0.0766785124828561,-0.0244760450494622,0.0115716417692397,-0.0471560461591712,-0.0017960439397531,-0.0259204708566029,0.00144442580714073
150,-0.0744623397476971,1,0,0.106679679894214,0.0708081557821957,-0.0358715241120187,0.00906058950199945,-0.0536299532146394,-0.0181130950093981,-0.0350884255574693,-0.00078309855454943
151,-0.462452007457614,1,0,0.101232077345824,0.0765911311220181,-0.0246409462238058,0.0115159078777016,-0.0472117109133821,-0.00207018153422948,-0.0260496798606354,0.00140873363682962
152,0.423074733931571,0,0,0.114041860896105,0.063982764828282,-0.050059096067823,0.0110978080267463,-0.0718104001075853,-0.0283077920280608,-0.0471966892216819,-0.00286240684614113
153,-0.681048478465527,0,0,0.0982727309995701,0.0800371870834872,-0.018235543916083,0.0139439914774544,-0.0455652650126271,0.00909417718046122,-0.0211038679370028,0.00286832402091985
154,-0.291769955307245,0,0,0.103597478731372,0.0739955816545585,-0.0296018970768133,0.0100654379245948,-0.0493297928976428,-0.00987400125598391,-0.0299840226588247,0.000382125582011349
155,-0.269696646835655,0,1,0.103906927384343,0.073665884706937,-0.0302410426774062,0.00991549636568999,-0.0496750584429963,-0.010807026911816,-0.0304975862751225,0.000256543597716347
156,0.108016777783632,1,0,0.109329982148966,0.0682300597096574,-0.0410999224393091,0.00913353721408484,-0.0590013264303717,-0.0231985184482465,-0.0394597697928158,-0.00164015264649327
157,-0.598473785445094,0,0,0.0993814539240499,0.0787191105266134,-0.0206623433974365,0.0129667110026634,-0.046076629960596,0.00475194316572304,-0.0229600849087713,0.0022977415113348
158,-0.722871080506593,1,0,0.0977153974558356,0.0807124301379906,-0.017002967317845,0.0144622889996298,-0.0453485328911292,0.0113425982554392,-0.0201692297475599,0.00316626242971491
159,-0.0237442296929657,1,0,0.107410573207935,0.0700827052130027,-0.0373278679949323,0.00899289652640073,-0.0549536213033731,-0.0197021146864915,-0.0362954935265788,-0.00103237446835352
160,0.173643230926245,0,0,0.110297166919876,0.0673243336871714,-0.0429728332327047,0.00936876057721522,-0.0613352665438253,-0.0246103999215842,-0.0410513183076692,-0.00192151492503555
161,-0.481680091004819,1,0,0.100968628872506,0.0768887095981007,-0.024079919274405,0.0117072252845209,-0.0470256591909627,-0.00113417935784728,-0.0256104945066283,0.00153057523222332
162,0.294317706953734,1,0,0.1120952047271,0.0656879363916078,-0.0464072683354922,0.0100572092414068,-0.066119036233633,-0.0266955004373514,-0.0440052299184817,-0.00240203841701053
163,-0.739589299540967,0,0,0.0974933978403986,0.0809838036415588,-0.0165095941988398,0.0146734897476407,-0.0452691056317333,0.0122499172340536,-0.0197966428481143,0.00328704864927446
164,0.787475753109902,0,0,0.119711420127892,0.0593779881272784,-0.0603334320006132,0.0151737670015704,-0.0900734688334935,-0.030593395167733,-0.0564577955788917,-0.00387563642172154
165,-0.0913969893008471,0,0,0.106436613442407,0.0710519228599974,-0.0353846905824092,0.00909811983919029,-0.0532166777942515,-0.0175527033705669,-0.0346867289305242,-0.000697961651885029
166,0.153373076114804,0,0,0.109997633574918,0.0676028896635134,-0.0423947439114044,0.00928495389416939,-0.0605929191420913,-0.0241965686807175,-0.0405586231016247,-0.0018361208097797
167,0.860928213689476,0,0,0.120883322332129,0.0584881749044201,-0.0623951474277093,0.0161303330980733,-0.0940100193585673,-0.0307802754968513,-0.0583666006255905,-0.0040285468021188
168,-0.552568725775927,0,0,0.1000026187752,0.077994976307407,-0.0220076424677927,0.0124529758133655,-0.0464150265623374,0.002399741626752,-0.0239982961705818,0.00199065370278911
169,-0.123038945253938,0,0,0.105983757234897,0.0715094732899925,-0.034474283944904,0.00918786271928866,-0.052482163969608,-0.0164664039202,-0.0339379579461241,-0.000536325998779882
170,-0.98893831577152,0,0,0.0942353558808479,0.0851311108205316,-0.00910424506031632,0.0180551368721076,-0.0444916630655884,0.0262831729449558,-0.0143079016858339,0.00520365662551758
171,0.917587937787175,1,0,0.121794051992096,0.0578103512266887,-0.0639837007654069,0.0168905435963764,-0.0970885578936082,-0.0308788436372056,-0.0598488659083148,-0.0041348348570921
172,0.709167152643204,0,0,0.118472864202683,0.0603405877406463,-0.0581322764620366,0.0141945239379108,-0.0859530321580333,-0.0303115207660398,-0.0544385307559007,-0.00369374570613586
173,0.913656860589981,0,1,0.121730674842563,0.0578571399323248,-0.0638735349102377,0.016837212635774,-0.0968738652763974,-0.030873204544078,-0.0597457471326868,-0.00412778777755087
174,0.271390331443399,0,0,0.111751629813977,0.065995969417879,-0.045755660396098,0.00990298088746732,-0.0651651462751224,-0.0263461745170736,-0.0434412560655174,-0.0023144043305806
175,-0.127061307895929,1,0,0.10592631144623,0.0715678320964124,-0.0343584793498175,0.00920107569180027,-0.0523922563247729,-0.016324702374862,-0.0338429397828374,-0.000515539566980062
176,0.521798172034323,1,0,0.115554334321443,0.0627033638579518,-0.0528509704634908,0.0120639992938718,-0.0764959745889962,-0.0292059663379855,-0.0496719510878436,-0.00317901937564724
177,-0.950839270837605,0,1,0.0947267744270576,0.0844851852073482,-0.0102415892197094,0.0175132526324787,-0.0445669336315191,0.0240837551921002,-0.0151383739796563,0.00489678475994686
178,0.983475216198713,0,1,0.122860528079043,0.0570314119987684,-0.0658291160802745,0.0177966855363753,-0.100709978775755,-0.0309482533847941,-0.061583414686836,-0.00424570139343849
179,-0.771061680279672,0,0,0.0970766995131066,0.0814969280353798,-0.0155797714777268,0.0150769826039448,-0.0451301143769954,0.0139705714215419,-0.0190968229199516,0.00351705144222485
180,-0.59565229061991,0,0,0.0994195337999658,0.078674425774279,-0.0207451080256869,0.0129344904490414,-0.0460962434641853,0.00460602741281164,-0.0230237667210668,0.00227865869537995
181,0.253808330744505,1,1,0.111488781237631,0.0662330953339358,-0.0452556859036947,0.00979180993887367,-0.0644472807273485,-0.026064091080041,-0.0430096465386863,-0.00224603936500843
182,0.421263337135315,0,0,0.114014271554176,0.0640064652451313,-0.0500078063090443,0.0110813190165374,-0.0717267924826565,-0.0282888201354321,-0.0471515029964843,-0.00285630331255995
183,-0.704973049461842,0,0,0.097953563177358,0.0804228253021166,-0.0175307378752415,0.0142386893379012,-0.0454380561645824,0.0103765804140994,-0.0205687591933695,0.00303802131812803
184,0.591713215224445,0,0,0.116635976172496,0.0618117844218913,-0.0548241917506046,0.0128189935403441,-0.0799489574077306,-0.0296994260934787,-0.0514399444744585,-0.00338424727614611
185,-0.673863088712096,1,0,0.0983687691046102,0.079921696446399,-0.0184470726582112,0.0138564481840835,-0.0456052120526602,0.00871106673623779,-0.0212648155270432,0.00281774286883197
186,0.332828529179096,1,0,0.112674380308601,0.0651735438764627,-0.0475008364321378,0.0103386961225357,-0.0677643084794118,-0.0272373643848639,-0.0449554555313778,-0.00254538090076004
187,-0.758053727913648,1,0,0.0972487333967486,0.0812844886730404,-0.0159642447237082,0.0149092974121423,-0.0451859306863034,0.0132574412388869,-0.0193858177178249,0.00342157299411665
188,0.655872338451445,0,0,0.11763629107028,0.061004039241087,-0.0566322518291928,0.0135552655624019,-0.0832000841323767,-0.0300644195260089,-0.0530734734457153,-0.00355877838347748
189,0.310624168720096,0,0,0.11234012420952,0.0654696703628175,-0.0468704538467021,0.0101730529122035,-0.0668092711674412,-0.026931636525963,-0.0444071310033538,-0.00246332284334829
190,-0.739458987955004,0,0,0.0974951264944312,0.0809816851838311,-0.0165134413106002,0.0146718349592349,-0.0452697094178162,0.0122428267966159,-0.0197995447490982,0.00328610343849804
191,-0.532552974298596,1,0,0.10027454102516,0.0776811486733465,-0.0225933923518132,0.0122362840897425,-0.0465760684723089,0.00138928376868256,-0.0244524037728228,0.00185901142100963
192,-0.507857980206609,0,1,0.100610937896388,0.077295548712534,-0.0233153891838541,0.0119754518972237,-0.0467868436010044,0.000156065233296129,-0.025013867551128,0.00169847836727387
193,-0.931750431656837,1,0,0.0949738526661069,0.0841632313325687,-0.0108106213335382,0.0172448911911307,-0.0446099869854665,0.0229887443183901,-0.0155555629376813,0.00474494160414307
194,0.534040005411953,1,0,0.115743093475545,0.0625463900564842,-0.0531967034190603,0.0121923044249924,-0.0770931809805938,-0.0293002258575269,-0.0499806143249237,-0.00321608909413663
195,-0.193097102455795,0,0,0.104987132206587,0.0725322221349411,-0.0324549100716459,0.00947419546882745,-0.0510239919730403,-0.0138858281702516,-0.03228835082116,-0.000166559250485927
196,0.683978158049285,1,0,0.118076830518998,0.0606533124625952,-0.0574235180564028,0.0138894545840393,-0.0846463488060245,-0.0302006873067811,-0.0537924323813489,-0.00363108567505387
197,0.303773360326886,1,0,0.112237169683965,0.0655612878558901,-0.0466758818280753,0.0101237736397835,-0.0665181135496869,-0.0268336501064637,-0.0442382007796005,-0.00243768104847479
198,0.702007632236928,1,0,0.118360181910204,0.0604293203342933,-0.0579308615759111,0.0141072949437972,-0.0855806515850375,-0.0302810715667847,-0.0542547199483377,-0.0036761416275734
199,-0.301092585548759,0,0,0.103467028525481,0.0741352360758002,-0.0293317924496809,0.0101316356916003,-0.0491894335096981,-0.00947415138966367,-0.0297674500492025,0.000435657599521629
200,0.47472682595253,1,0,0.114831023499596,0.06331037743019,-0.0515206460694065,0.0115874317952007,-0.0742315950613141,-0.0288096970774988,-0.0484886625780705,-0.00303198349133597
201,-0.610261596273631,0,0,0.0992225018472753,0.0789060483260609,-0.0203164535212144,0.0131022014896488,-0.0459962965591131,0.00536338951668437,-0.0226942154532377,0.00237776193202331
202,-0.274070187937468,1,0,0.103845549285391,0.0737311023023966,-0.0301144469829941,0.00994443352898775,-0.0496051785464627,-0.0106237154195256,-0.0303957428018676,0.000281295818873466
203,-0.564550440758467,1,0,0.0998401560175472,0.0781833929253072,-0.0216567630922399,0.0125848646063932,-0.0463226444710835,0.00300911828660362,-0.023726874734806,0.00207011164256605
204,0.222548918332905,0,0,0.111022792237961,0.0666566421984132,-0.0443661500395478,0.00961004770640556,-0.0632014974338144,-0.0255308026452811,-0.0422441527753493,-0.00212199726419849
205,0.641380709130317,1,0,0.117409701782017,0.0611856174435226,-0.0562240843384944,0.0133856327077398,-0.0824594423559458,-0.029988726321043,-0.0527035749851323,-0.00352050935336206
206,-0.0816985019482672,0,0,0.106575758041908,0.0709122225850777,-0.0356635354568304,0.00907572131519105,-0.0534516223683274,-0.0178754485453335,-0.0349166990571171,-0.000746836399713319
207,-0.3870506323874,1,0,0.102271062835576,0.0754343676848694,-0.0268366951507069,0.0108165108014412,-0.0480366667599201,-0.0056367235414937,-0.0277797531867954,0.000943058036088486
208,-0.199194086249918,0,1,0.104900790878501,0.0726218643786906,-0.0322789264998106,0.00950459217813115,-0.0509075848566887,-0.0136502681429324,-0.0321453235654444,-0.000133602934366178
209,-0.965244102757424,1,0,0.0945407052648511,0.0847288779333275,-0.00981182733152355,0.017717163643403,-0.0445368299807958,0.0249131753177487,-0.0148240395935066,0.00501221226198305
210,-0.504837992601097,0,0,0.100652145082347,0.0772485136444598,-0.0234036314378869,0.0119440653723798,-0.0468135693967434,6.30652096951859e-06,-0.0250826206886691,0.00167898925078217
211,-0.224910805467516,0,0,0.104537297743434,0.0730010948016982,-0.0315362029417356,0.00964201533061885,-0.0504342057281316,-0.0126382001553396,-0.0315429785553464,6.7756136107669e-06
212,-0.0637945802882314,0,0,0.106833047230682,0.0706549947855814,-0.0361780524451005,0.00904075849699879,-0.0538976134921426,-0.0184584913980584,-0.0353418128165718,-0.000836239628528697
213,0.824741753749549,0,0,0.120304751376021,0.0589249688154341,-0.0613797825605872,0.0156547843902115,-0.0920625961511417,-0.0306969689700328,-0.0574244302513948,-0.00395535230919244
214,0.334450167138129,0,0,0.112698825826962,0.0651519659376399,-0.0475468598893218,0.0103511408813817,-0.0678347232157301,-0.0272589965629136,-0.0449955489589952,-0.00255131093032664
215,-0.794905298389494,0,1,0.0967620659867097,0.0818876441237071,-0.0148744218630025,0.0153876010668006,-0.0450335657624018,0.0152847220363968,-0.0185680063254773,0.00369358446247476
216,-0.987867288757116,0,0,0.094249139210521,0.0851128917570653,-0.00913624745345566,0.0180397918748254,-0.0444935898167117,0.0262210949098004,-0.0143312079611639,0.00519496050770824
217,-0.408144203945994,1,0,0.101979457940363,0.0757563465536305,-0.026223111386732,0.0110035675721786,-0.047789707529655,-0.0046565152438091,-0.0272944998448572,0.00107138845812516
218,0.10897169355303,1,0,0.109344001942773,0.06821680009158,-0.0411272018511935,0.00913619856026108,-0.0590338219849119,-0.0232205817174751,-0.0394828536053795,-0.001644348245814
219,-0.0306161153130233,1,0,0.107311285822621,0.0701805937847836,-0.0371306920378374,0.00899810736662034,-0.0547666584054378,-0.019494725670237,-0.0361315921420715,-0.000999099895765937
220,0.40225594677031,0,0,0.113725120977679,0.0642556526251443,-0.0494694683525351,0.0109112343979396,-0.0708550947993713,-0.0280838419056989,-0.0466778515633602,-0.00279161678917489
221,0.17374957120046,0,0,0.110298740199235,0.0673228751525691,-0.0429758650466655,0.0093692258401588,-0.0613392102563987,-0.0246125198369322,-0.0410539056876012,-0.00192195935906427
222,-0.576092097442597,0,0,0.0996838820428665,0.078365283280063,-0.0213185987628034,0.0127134027804505,-0.0462364103334378,0.00359921280783096,-0.0234657142784997,0.00214711551569626
223,0.0164131103083491,1,0,0.107992397542128,0.0695131927075735,-0.0384792048345547,0.00898743793329144,-0.056094259497095,-0.0208641501720144,-0.0372555135833497,-0.00122369125120497
224,0.767508393153548,0,0,0.119394550876081,0.0596220593731257,-0.0597724915029557,0.0149198756917153,-0.0890149105125323,-0.0305300724933791,-0.055941381316187,-0.0038311101867687
225,0.0210232092067599,0,0,0.108059368472413,0.0694480868519816,-0.0386112816204316,0.00898954335695049,-0.0562304628375159,-0.0209921004033474,-0.0373659687863161,-0.00124531283411552
226,0.738998753484339,0,0,0.118943377910697,0.0599721762187722,-0.0589712016919244,0.0145622571693978,-0.0875127012775542,-0.0304297021062945,-0.0552058636231283,-0.00376533806879607
227,-0.0650166966952384,1,0,0.106815467371168,0.0706725256287629,-0.0361429417424051,0.00904288020061411,-0.0538666612521191,-0.0184192222326911,-0.0353127708520733,-0.000830170890331806
228,0.246101653669029,0,0,0.111373737966356,0.0663372835118935,-0.0450364544544622,0.00974508123919498,-0.0641364627097013,-0.0259364461992231,-0.0428206996438774,-0.00221575481058478
229,0.689979122020304,0,0,0.1181710764359,0.0605786724050011,-0.0575924040308992,0.0139616673265382,-0.0849567691550437,-0.0302280389067547,-0.053946206663478,-0.00364619736742122
230,0.59852990694344,0,0,0.116741904719799,0.0617254920957921,-0.0550164126240069,0.0128953551311497,-0.0802908442489141,-0.0297419809990998,-0.0516129957264081,-0.00340341689759881
231,0.709107358474284,0,0,0.118471922729533,0.0603413283035405,-0.0581305944259928,0.0141937937504339,-0.0859499189808328,-0.0303112698711527,-0.0544369950669446,-0.00369359935904819
232,0.442748046945781,1,0,0.11434187947689,0.0637258842207473,-0.0506159952561431,0.011279938650568,-0.0727242687590778,-0.0285077217532084,-0.0476879827882628,-0.0029280124678803
233,-0.951678652316332,1,0,0.0947159230324097,0.0844993679107676,-0.0102165551216421,0.0175251019073397,-0.044565123685422,0.0241320134421378,-0.015120046022321,0.00490349090067891
234,-0.663081796374172,0,0,0.098513025987603,0.0797486943794005,-0.0187643316082025,0.0137259523380045,-0.0456667038442047,0.00813804062779969,-0.0215065134419329,0.00274218183373038
235,-0.0842866241000593,1,0,0.106538610482366,0.070949477929393,-0.0355891325529732,0.00908146178851582,-0.053388470585441,-0.0177897945205055,-0.034855308160559,-0.000733824392414248
236,-0.734128900803626,0,0,0.097565856430855,0.0808950779767767,-0.0166707784540782,0.0146042643368748,-0.0452946105750556,0.0119530536668991,-0.0199182705451849,0.00324749209110665
237,-0.744694977998734,0,0,0.097425689756795,0.0810668457495254,-0.0163588440072696,0.0147384298615727,-0.0452456357246217,0.0125279477100824,-0.0196829727041226,0.00332412869685296
238,0.979834086727351,0,0,0.122801382366879,0.0570741999113199,-0.0657271824555588,0.0177460223684914,-0.100508747166644,-0.0309456177444734,-0.0614872512401643,-0.00423993121539448
239,0.292035205289721,0,0,0.112060959299665,0.0657185421634132,-0.0463424171362517,0.0100413966433284,-0.0660231929116568,-0.0266616413608466,-0.0439490261635962,-0.00239339097265551
240,0.546971352305263,0,0,0.115942775358567,0.0623809731790715,-0.0535618021794957,0.0123296897014451,-0.0777275499348825,-0.0293960544241088,-0.0503070792372558,-0.00325472294223986
241,0.234234261326492,0,0,0.111196787675214,0.0664980190334901,-0.0446987686417237,0.00967556157402704,-0.0636625208570163,-0.025735016426431,-0.0425300281853001,-0.00216874045642357
242,0.454984825104475,1,0,0.114528837250488,0.0635665899403004,-0.0509622473101877,0.0113959680933226,-0.0732979343420676,-0.0286265602783078,-0.0479940596931091,-0.00296818761707864
243,-0.981187682133168,1,0,0.0943351415994011,0.0849993458557518,-0.00933579574364934,0.0179442349926196,-0.0445058500593071,0.0258342585720084,-0.0144766124296009,0.00514081668595156
244,0.853422380983829,1,0,0.120763117621177,0.0585785248166223,-0.0621845928045546,0.0160310336189863,-0.0936048413327186,-0.0307643442763905,-0.0581708873259066,-0.00401370547864797
245,0.212405200581998,1,0,0.110871944917734,0.0667946233186358,-0.0440773215990978,0.00955558614632947,-0.0628059262970734,-0.0253487169011221,-0.0419962630935675,-0.00208105850553029
246,-0.223802580498159,0,0,0.104552938992151,0.072984714863816,-0.0315682241283355,0.00963579095248786,-0.0504540273577686,-0.0126824208989024,-0.0315689046124737,6.80484138239346e-07
247,0.919947428628802,1,0,0.121832105544214,0.057782285010027,-0.0640498205341866,0.0169225944530654,-0.097217496187172,-0.0308821448812011,-0.0599107793234068,-0.00413904121077979
248,0.6894307192415,0,0,0.118162460995311,0.0605854898758594,-0.0575769711194517,0.0139550558418333,-0.0849283779716903,-0.0302255642672131,-0.0539321499732072,-0.00364482114624452
249,-0.389793291222304,0,0,0.102233105616809,0.0754761612932949,-0.026756944323514,0.0108404349065662,-0.0480038063171345,-0.0055100823298934,-0.0277166030930929,0.00095965876957893
250,-0.349024144466966,1,0,0.102798621115289,0.074857093055061,-0.0279415280602281,0.0104975755105297,-0.0485163979858559,-0.00736665813460036,-0.0286570421933319,0.000715514133103751
251,-0.158906231634319,0,0,0.105472483041651,0.0720314106361506,-0.0334410724055004,0.00931973927056642,-0.0517074257211142,-0.0151747190898867,-0.033092004642062,-0.000349067763438425
252,0.734599348623306,0,0,0.118873887596441,0.0600263748992452,-0.058847512697196,0.0145076013563634,-0.0872818888577327,-0.0304131365366592,-0.0550925544787658,-0.00375495821843016
253,0.126184800174087,1,0,0.109596990285371,0.0679781942407363,-0.0416187960446347,0.00918809029430278,-0.0596271221081701,-0.0236104699810992,-0.0398993335657157,-0.00171946247891899
254,-0.571987669914961,0,0,0.0997394310325788,0.0783005553717711,-0.0214388756608077,0.012667526575706,-0.0462667715223955,0.00338902020078007,-0.0235585549549847,0.00211967929417698
255,0.558002542238683,1,0,0.116113352110319,0.0622401858366091,-0.0538731662737103,0.0124483525334105,-0.0782714889060529,-0.0294748436413678,-0.050585911484225,-0.00328725478948533
256,-0.643030427396297,1,0,0.0987818204151252,0.0794278493455485,-0.0193539710695767,0.0134860584302758,-0.0457861598863199,0.00707821774716659,-0.0219566851558524,0.00260271408627573
257,-0.150682933628559,1,0,0.105589510385757,0.0719114363999981,-0.0336780739857589,0.00928672999618575,-0.0518797303124308,-0.0154764176590871,-0.0332856939408344,-0.000392380044924506
258,-0.97166410414502,1,0,0.0944578827375785,0.0848376932094972,-0.0096201895280813,0.0178084256332001,-0.0445240623905133,0.0252836833343507,-0.0146840798936942,0.0050638903656129
259,0.0642482470721006,0,0,0.108689076058518,0.0688403833150278,-0.0398486927434905,0.00903651381608908,-0.0575599343688237,-0.0221374511181573,-0.0384040708364575,-0.00144462190703304
260,0.0907382192090154,1,0,0.109076575708368,0.0684703965563101,-0.0406061791520583,0.00908937164065949,-0.0584210202098507,-0.022791338094266,-0.0390424619473588,-0.00156371720469954
261,0.0119369444437325,0,1,0.107927407167032,0.0695764611356229,-0.0383509460314088,0.0089859316449364,-0.055963048423023,-0.0207388436397947,-0.0371483155163271,-0.00120263051508174
262,0.978438685648143,1,0,0.122778722267484,0.0570906056448762,-0.0656881166226083,0.0177266242829223,-0.100431661784609,-0.0309445714606074,-0.0614504077773361,-0.00423770884527223
263,-0.0522395670413971,0,0,0.106999389332862,0.0704894405511112,-0.0365099487817511,0.0090226258706672,-0.0541939705342381,-0.018825927029264,-0.0356165750799,-0.000893373701851066
264,-0.944539734628052,0,0,0.0948082493929922,0.0843788133314135,-0.0104294360615787,0.0174244546486417,-0.044580739623168,0.0237218675000106,-0.015275970034402,0.0048465339728233
265,0.214824539143592,1,0,0.110907906624281,0.0667616899180231,-0.0441462167062577,0.00956837010061614,-0.0628998774942152,-0.0253925559183002,-0.0420553634685562,-0.00209085323770151
266,0.0758577100932598,0,0,0.108858752178562,0.0686780060061752,-0.0401807461723869,0.00905744930135351,-0.0579330205948372,-0.0224284717499365,-0.0386836447719541,-0.00149710140043276
267,0.310826587025076,1,0,0.112343167423114,0.0654669651862894,-0.0468762022368243,0.0101745222485173,-0.0668178994038196,-0.026934505069829,-0.0444121240901119,-0.0024640781467124
268,0.214827578514814,1,0,0.110907951808742,0.0667616485538718,-0.0441463032548699,0.00956838624214325,-0.0628999956796392,-0.0253926108301006,-0.0420554377242765,-0.00209086553059343
269,-0.0348802539519966,0,1,0.107249716674443,0.0702413990866708,-0.0370083175877719,0.00900196771895221,-0.0546518501069104,-0.0193647850686334,-0.0360299439937483,-0.00097837359402364
270,-0.549702428281307,1,0,0.100041518360901,0.0779499644379159,-0.0220915539229848,0.012421663457361,-0.0464375669274897,0.00225445908152015,-0.0240632722204451,0.00197171829746034
271,0.787794410716742,0,0,0.119716482906074,0.0593741006111626,-0.0603423822949112,0.0151778410361621,-0.090090404088863,-0.0305943605009594,-0.0564660455496577,-0.00387633674525352
272,0.773790478240699,1,0,0.119494165307784,0.0595451690998793,-0.0599489962079045,0.0149994566193952,-0.08934739096959,-0.030550601446219,-0.0561037406950465,-0.00384525551285799
273,0.3065569344908,0,0,0.112278991525996,0.0655240480855996,-0.0467549434403959,0.0101436906969596,-0.0666362118767508,-0.026873675004041,-0.0443068253506421,-0.00244811808975382
274,-0.0322180725634098,0,0,0.107288151797601,0.0702034314920783,-0.037084720305523,0.0089995013623078,-0.0547234188544654,-0.0194460217565806,-0.0360933998176404,-0.000991320487882613
275,0.487531643360853,0,0,0.11502739467847,0.0631447111198931,-0.0518826835585765,0.0117143423217412,-0.0748423726117625,-0.0289229945053905,-0.0488099943745106,-0.00307268918406593
276,-0.358109352178872,0,1,0.10267235935955,0.0749946440342479,-0.027677715325302,0.0105715613132134,-0.0483975947595572,-0.00695783589104675,-0.0284471492655471,0.000769433940245142
277,-0.758656405378133,1,0,0.0972407568090518,0.0812943201379726,-0.0159464366710792,0.014917038296799,-0.04518329448881,0.0132904211466516,-0.0193724203910788,0.0034259837199996
278,-0.582963713444769,1,0,0.0995909437348966,0.0784737600861984,-0.0211171836486983,0.0127906126288396,-0.0461863237414271,0.00395195644403057,-0.0233103618318147,0.00219317818311644
279,-0.545150958467275,1,0,0.100103315679524,0.0778785377577563,-0.0222247779217675,0.0123721334675358,-0.0464737139300603,0.00202415808652526,-0.02416648586418,0.0019417079424125
280,-0.989048887044191,1,0,0.0942339330127746,0.085132991931585,-0.00910094108118964,0.0180567214304819,-0.0444914647638067,0.0262895826014274,-0.0143054957102203,0.00520455462903066
281,-0.340245806146413,1,0,0.102920748724765,0.0747244084050172,-0.0281963403197474,0.0104274517438486,-0.04863377018822,-0.00775891045127481,-0.0288600207438301,0.000663680424082703
282,-0.135009460151196,1,0,0.105812879787571,0.0716832778288831,-0.0341296019586877,0.00922836517885139,-0.0522168653454199,-0.0160423385719554,-0.0336552949115453,-0.000474307047142367
283,0.00328648136928678,0,0,0.107801906726901,0.0696988822214749,-0.0381030245054261,0.00898452372079202,-0.0557123674164243,-0.020493681594428,-0.0369412831173013,-0.00116174138812485
284,0.762459666468203,1,0,0.11931454572662,0.0596839212093004,-0.0596306245173195,0.014856120013558,-0.0887480846938979,-0.0305131643407411,-0.0558109734355504,-0.0038196510817691
285,0.576088561676443,0,0,0.11639349030131,0.0620100018451231,-0.054383488456187,0.0126457343976319,-0.0791686724336048,-0.0295983044787692,-0.0510437427738969,-0.00333974568229009
286,0.0511259194463491,0,0,0.108497568550969,0.0690243485107582,-0.0394732200402103,0.00901707238370739,-0.0571463571582675,-0.0218000829221531,-0.038088452055941,-0.00138476798426931
287,0.848197715822607,1,0,0.120679506323216,0.0586414928895738,-0.0620380134336418,0.0159621146869992,-0.093323183337258,-0.0307528435300256,-0.0580347439532917,-0.0040032694803501
288,0.69498049467802,1,0,0.1182496734062,0.0605165309353666,-0.0577331424708332,0.0140220763678579,-0.0852159071403048,-0.0302503778013616,-0.0540744384119241,-0.00365870405890913
289,-0.801894755102694,1,0,0.0966700078444093,0.0820025005975518,-0.0146675072468574,0.0154794336625901,-0.045006639726611,0.0156716252328961,-0.0184132134359472,0.00374570618908977
290,-0.527712686918676,1,1,0.100340396903334,0.0776054314685508,-0.0227349654347833,0.012184582986929,-0.0466163092558036,0.00114637838623712,-0.0245623480019801,0.00182738256719684
291,0.887522707227618,0,0,0.121310059753385,0.0581691000977527,-0.0631409596556327,0.0164848595662859,-0.0954506906957535,-0.0308312286155118,-0.0590612613538278,-0.00407969830180489
292,0.699435019399971,0,0,0.11831971472549,0.0604612342058358,-0.0578584805196542,0.0140760507035356,-0.0854470329431436,-0.0302699280961648,-0.0541887044505761,-0.00366977606907808
293,0.94146689446643,0,1,0.122179641387314,0.0575268999670357,-0.0646527414202784,0.0172163052380758,-0.0983960796337551,-0.0309094032068016,-0.060476146658862,-0.00417659476141638
294,0.997434842400253,0,0,0.123087512230501,0.0568676477106083,-0.066219864519893,0.0179915359410049,-0.10148262699082,-0.0309571020489655,-0.061952427089627,-0.004267437430266
295,-0.399499617051333,0,0,0.102098874490341,0.0756242405784469,-0.0264746339118941,0.0109260633266458,-0.0478893245249239,-0.00505994329886442,-0.0274932476059349,0.00101861369404076
296,0.737701406702399,1,0,0.118922882160353,0.059988154180159,-0.0589347279801937,0.0145461246477654,-0.0874446084044442,-0.0304248475559432,-0.055172444433525,-0.0037622835466687
297,0.303456366527826,0,0,0.112232407870188,0.0655655299738921,-0.0466668778962954,0.0101215147078813,-0.0665046821927352,-0.0268290735998557,-0.0442303870205814,-0.00243649087571402
298,0.464668212458491,1,0,0.114676972015789,0.0634407979916618,-0.0512361740241276,0.0114892324522222,-0.0737546558404919,-0.0287176922077634,-0.0482365374280867,-0.00299963659604094
299,-0.0514775225892663,0,0,0.107010367478658,0.0704785349837848,-0.0365318324948734,0.00902155286141914,-0.0542137511878791,-0.0188499138018676,-0.0356347064386932,-0.000897126056180149
300,0.600203438196331,0,0,0.11676792345904,0.0617043241194448,-0.0550635993395949,0.0129141727790147,-0.0803749128765913,-0.0297522858025986,-0.0516554989933232,-0.00340810034627171
301,0.698874816298485,0,1,0.118310904322423,0.0604681857485495,-0.0578427185738739,0.0140692540928008,-0.0854179498851062,-0.0302674872626415,-0.0541743314457202,-0.00366838712815366
302,0.553683299105614,0,0,0.116046537129897,0.0622952755027131,-0.0537512616271842,0.0124017319368052,-0.0780582095692426,-0.0294443136851257,-0.0504766980230898,-0.00327456360409435
303,-0.805592364165932,1,0,0.096621338269504,0.0820633220554326,-0.0145580162140715,0.0155281557547387,-0.0449926422396877,0.0158766098115448,-0.0183313646818805,0.00377334846780904
304,0.999331341125071,0,1,0.123118377184286,0.0568454334759804,-0.0662729437083056,0.0180180820978624,-0.101587735690602,-0.0309581517260093,-0.0620026005449511,-0.00427034316335448
305,0.909887100104243,1,0,0.121669925139741,0.0579020419874106,-0.0637678831523305,0.0167861504160772,-0.0966681334069138,-0.0308676328977471,-0.0596468990598361,-0.00412098409249435
306,0.518751985859126,0,0,0.115507406198175,0.0627424813792346,-0.0527649248189403,0.0120323433626427,-0.0763478844593396,-0.0291819651785411,-0.0495952046285457,-0.00316972019039462
307,-0.775133944582194,1,0,0.0970228985052767,0.0815635381375885,-0.0154593603676882,0.0151297381800691,-0.0451131022961443,0.0141943815607678,-0.0190064225872808,0.00354706221959255
308,0.588111044839025,0,0,0.116580033643821,0.0618574297005401,-0.0547226039432812,0.0127788293522531,-0.0797686492382805,-0.0296765586482818,-0.0513485467464405,-0.00337405719684067
309,-0.78308071102947,1,0,0.0969179858744728,0.0816936664178067,-0.0152243194566661,0.0152330396764808,-0.0450805285976381,0.0146318896843059,-0.0188301111317483,0.00360579167508221
310,-0.730670033488423,1,0,0.0976117798744508,0.0808389209390849,-0.0167728589353659,0.0145605358603457,-0.0453109848172474,0.0117652669465157,-0.0199953473559644,0.00322248842059853
311,0.736148284282535,1,0,0.118898349632003,0.0600072874836686,-0.0588910621483341,0.0145268280278666,-0.0873631218925596,-0.0304190024041087,-0.0551324423792233,-0.00375861976911083
312,-0.483407560735941,1,0,0.100944990224018,0.0769154961637389,-0.0240294940602787,0.0117246538908517,-0.0470093934175454,-0.00104959470301195,-0.0255710772443291,0.00154158318405043
313,0.604909275192767,0,0,0.116841113058936,0.0616448377926377,-0.0551962752662978,0.0129672340606713,-0.0806115870043147,-0.0297809635282809,-0.0517750535686654,-0.00342122169763242
314,-0.202159352134913,0,0,0.104858821465844,0.0726654987503121,-0.0321933227155319,0.00951968157860192,-0.050851555753881,-0.0135350896771827,-0.0320757930767212,-0.000117529638810655
315,0.191976469941437,1,0,0.110568693483695,0.0670733126626396,-0.0434953808210557,0.00945285322834794,-0.0620226326997609,-0.0249681289423506,-0.0414977927849611,-0.00199758803609461
316,-0.398189387284219,0,0,0.102116984850713,0.075604236207237,-0.0265127486434756,0.0109144178234165,-0.0479046144895939,-0.00512088279735728,-0.0275233855473924,0.0010106369039168
317,-0.254711871035397,0,0,0.104117466361228,0.0734428364043463,-0.0306746299568814,0.00981930832404434,-0.0499201206251026,-0.0114291392886601,-0.030846854311134,0.00017222435425264
318,0.073288650251925,1,0,0.108821184500957,0.068713907911151,-0.0401072765898058,0.00905251557521087,-0.057849881086707,-0.0223646720929046,-0.0386217500655322,-0.00148552652427356
319,0.325858611613512,0,0,0.112569364398253,0.0652663631376478,-0.0473030012606055,0.0102857405521672,-0.0674626822971763,-0.0271433202240346,-0.0447832054675876,-0.00251979579301788
320,0.229753897059709,0,0,0.111130046607929,0.0665587964377132,-0.0445712501702156,0.00965009450096576,-0.0634850878395165,-0.0256574125009147,-0.0424203790662455,-0.00215087110397012
321,0.662874274887145,1,1,0.117745908203933,0.0609164865476015,-0.0568294216563313,0.0136378896386557,-0.0835591941732285,-0.0300996491394341,-0.0532523934256606,-0.00357702823067067
322,-0.761401326395571,0,0,0.0972044344736124,0.0813391116891913,-0.015865322784421,0.014952329361485,-0.0451713498179123,0.0134407042490703,-0.0193114112385549,0.00344608845413387
323,0.539050416555256,0,0,0.115820427211722,0.0624822487067319,-0.0533381785049896,0.012245312975846,-0.0773385509170687,-0.0293378060929105,-0.0501070564050116,-0.00323112209997802
324,-0.835567458067089,0,1,0.0962275998906333,0.0825578962983976,-0.0136697035922356,0.015926634230327,-0.0448853330786193,0.017545925894148,-0.0176688882652977,0.00399918467306207
325,-0.230972905177623,0,0,0.104451775142184,0.0730907546190946,-0.0313610205230889,0.00967653720771266,-0.0503266849452675,-0.0123953561009103,-0.0314012100065716,4.01894834826805e-05
326,0.192078327294439,0,0,0.11057020368763,0.0670719204483368,-0.043498283239293,0.00945334205802806,-0.0620264932065657,-0.0249700732720202,-0.0415002756284598,-0.00199800761083316
327,0.325844609178603,0,0,0.112569153509284,0.0652665497335233,-0.0473026037757612,0.0102856350408088,-0.0674620780138696,-0.0271431295376527,-0.0447828595418518,-0.00251974423390936
328,-0.998170212842524,1,0,0.0941166230161437,0.0852882997906284,-0.00882832322551531,0.0181876692059951,-0.0444754998319939,0.0268188533809633,-0.0141071042035269,0.00527878097801159
329,0.434131338261068,0,0,0.114210389914043,0.0638382767777266,-0.0503721131363169,0.0111994872907326,-0.0723227048714669,-0.0284215214011669,-0.047472681126921,-0.00289943200939587
330,-0.296150047332048,0,0,0.103536170635194,0.074061165928167,-0.0294750047070271,0.0100963311064846,-0.0492634500517283,-0.00968655936232599,-0.0298822450140156,0.000407240306988455
331,0.183496891986579,0,0,0.110443033027709,0.0671893079627886,-0.0432537250649205,0.00941299233655315,-0.0617028510313162,-0.0248045990985248,-0.0412911857169037,-0.00196253934801678
332,-0.373144574463367,1,0,0.102463708917244,0.0752227891562665,-0.027240919760978,0.0106970835574187,-0.0482068182731342,-0.00627502124882184,-0.0281001991679564,0.000859279406978383
333,-0.21140241343528,1,0,0.104728093283131,0.0728016669965656,-0.0319264262865657,0.0095679903049647,-0.0506793426887249,-0.0131735098844065,-0.0318591879292149,-6.72383573507712e-05
334,0.616702140308917,1,0,0.117024701665662,0.0614959998886192,-0.0555287017770426,0.0131011499956408,-0.0812064839245556,-0.0298509196295297,-0.0520749097363057,-0.00345379204073695
335,0.914496907964349,0,0,0.12174421576821,0.0578471384842995,-0.0638970772839108,0.0168486019781705,-0.0969197303509753,-0.0308744242168463,-0.0597677794926983,-0.00412929779121245
336,-0.674962004180998,1,1,0.0983540758637911,0.079939349432473,-0.018414726431318,0.0138698074246713,-0.04559904945618,0.00876959659354393,-0.0212401935441359,0.00282546711281786
337,-0.230665493290871,0,0,0.104456110544898,0.073086205487687,-0.031369905057211,0.00967476737033101,-0.0503321006618631,-0.012407709452559,-0.0314083971400786,3.84920828675542e-05
338,0.518737347330898,1,0,0.115507180723846,0.0627426694144799,-0.0527645113093661,0.0120321915027158,-0.0763471733097779,-0.0291818493089543,-0.0495948358786051,-0.00316967543076103
339,-0.0899721076712012,0,0,0.106457046245166,0.0710313824694048,-0.0354256637757615,0.00909467762199619,-0.0532509043658765,-0.0176004231856466,-0.0347205019256197,-0.000705161850141835
340,0.662124485708773,1,0,0.117734165829312,0.0609258563423655,-0.0568083094869465,0.0136290216565636,-0.0835207010783276,-0.0300959178955654,-0.0532332280138105,-0.00357508147313598
341,0.481973328627646,1,0,0.114942118022435,0.0632165738314702,-0.0517255441909646,0.0116589948680377,-0.0745767542282558,-0.0288743341536734,-0.0486704595382372,-0.00305508465272739
342,-0.943796488456428,0,0,0.0948178662938515,0.0843662711453644,-0.0104515951484871,0.0174139931209127,-0.0445823944925043,0.0236792041955302,-0.0152922094691404,0.00484061432065334
343,0.524693660438061,1,0,0.115598956229463,0.0626662026151596,-0.0529327536143032,0.0120941898987565,-0.076636930238054,-0.0292285769905524,-0.0497449227945225,-0.0031878308197807
344,0.137353716418147,0,0,0.10976141905085,0.0678237863003443,-0.0419376327505062,0.00922569547412297,-0.0600196636121214,-0.023855601888891,-0.040169953049102,-0.00176767970140417
345,-0.057924878783524,0,0,0.106917517018626,0.070570851899329,-0.0363466651192967,0.00903111124830604,-0.0540473179063511,-0.0186460123322423,-0.0354813471419113,-0.000865317977385399
346,-0.227791623678058,0,0,0.104496648164142,0.0730436901093195,-0.0314529580548224,0.00965832103583591,-0.0503829194361864,-0.0125229966734584,-0.0314755971631366,2.26391083142027e-05
347,-0.87240144982934,0,0,0.0957457300726265,0.0831693526180078,-0.0125763774546187,0.0164245509799547,-0.0447679058375719,0.0196151509283346,-0.0168573487595203,0.00428097130490164
348,-0.591988430824131,0,0,0.0994690018979524,0.0786164348900016,-0.0208525670079509,0.0128927729486694,-0.0461219376481952,0.00441680363229349,-0.0231064863615377,0.00225391935358685
349,0.475284130778164,1,0,0.114839564098042,0.0633031586977751,-0.0515364054002666,0.0115929113658116,-0.0742580941532223,-0.0288147166473109,-0.048502639257337,-0.00303376614292963
350,-0.295450478792191,1,0,0.103545960333874,0.0740506875163473,-0.029495272817527,0.0100913720645294,-0.0492739986185983,-0.00971654701645578,-0.0298984975784967,0.000403224760969653
351,0.6329923751764,0,0,0.117278715826371,0.0612909529087761,-0.0559877629175952,0.013288304872359,-0.0820323618830069,-0.0299431639521834,-0.0524897122540595,-0.00349805066353567
352,-0.0786882946267724,0,0,0.106618978178656,0.0708689141652624,-0.0357500640133937,0.00906926208402084,-0.0535254910644292,-0.0179746369623582,-0.0349881215763536,-0.000761942437040086
353,-0.364061407744884,0,0,0.102589715090457,0.0750848846538252,-0.0275048304366318,0.010620797575644,-0.0483212111719843,-0.00668844970127928,-0.028309740476111,0.000804910039479207
354,-0.643053189851344,1,0,0.0987815149078921,0.0794282129015019,-0.0193533020063902,0.0134863286489002,-0.0457860204419054,0.00707941642912505,-0.0219561736340795,0.00260287162768934
355,-0.683966822456568,0,0,0.0982337490125628,0.080084137068026,-0.0181496119445369,0.0139796760898497,-0.045549273596178,0.00925004970710424,-0.0210385302380778,0.00288891829354094
356,0.569876619614661,0,0,0.116297206109161,0.0620889725617483,-0.0542082335474126,0.0125775505765125,-0.0788597796911081,-0.029556687403717,-0.0508863982525188,-0.00332183529489378
357,-0.996636304538697,0,0,0.094136341558781,0.0852621641373996,-0.00887417742138139,0.0181656159271088,-0.0444781303955018,0.026729775552739,-0.0141404555564187,0.00526627813503732
358,-0.400655508041382,0,1,0.102082899806954,0.0756418925656226,-0.0264410072413318,0.0109363593556315,-0.0478758777003572,-0.00500613678230642,-0.0274666629263215,0.00102565568498967
359,0.39186477381736,1,0,0.11356731529943,0.0643922628807628,-0.0491750524186674,0.0108205716322504,-0.070382983110014,-0.0279671217273209,-0.0464192941390711,-0.00275575827959632
360,-0.00737518910318613,1,0,0.107647404330428,0.0698500399867514,-0.0377973643436768,0.00898551535649858,-0.0554086508249456,-0.020186077862408,-0.0366863596788685,-0.00111100466480828
361,0.511473901569843,1,0,0.115395350509844,0.0628360349203937,-0.0525593155894501,0.0119571538763109,-0.075994906544623,-0.0291237246342772,-0.0494119344464937,-0.00314738114295638
362,0.360239954665303,1,0,0.11308821886278,0.064809692493398,-0.0482785263693822,0.0105552006442175,-0.0689663394816424,-0.0275907132571219,-0.0456340562229463,-0.00264447014643585
363,0.919852640014142,0,0,0.121830576608733,0.0577834122769029,-0.0640471643318304,0.0169213062746277,-0.0972123152014723,-0.0308820134621884,-0.0599082917657901,-0.00413887256604029
364,-0.276205888018012,0,0,0.103815588606811,0.0737629688527242,-0.0300526197540864,0.00995870412974722,-0.0495713211810812,-0.0105339183270915,-0.030346026028384,0.000293406274297636
365,0.839824847877026,0,1,0.120545617899843,0.0587425357225648,-0.0618030821772784,0.0158520165005039,-0.0928724636006006,-0.0307337007539562,-0.0578167172734046,-0.00398636490387377
366,0.754050651099533,1,0,0.11918139431392,0.0597870899765344,-0.0593943043373857,0.0147503331786732,-0.0883044261275513,-0.0304841825472201,-0.0555939191425528,-0.0038003851948329
367,0.613594323862344,0,0,0.116976295626168,0.0615351910609685,-0.0554411045651995,0.0130657289455328,-0.0810494627302062,-0.0298327464001927,-0.0519958526508299,-0.00344525191436956
368,0.401494279038161,0,0,0.113713547412412,0.06426565691369,-0.0494478904987223,0.0109045323289048,-0.0708203811316283,-0.0280753998658162,-0.04665889023245,-0.00278900026627225
369,-0.880725579801947,0,0,0.0956371313969176,0.0833081052001451,-0.0123290261967725,0.0165382923979765,-0.0447434836625991,0.020085431269054,-0.016674332496926,0.00434530630015346
370,-0.0723422151058912,0,0,0.106710144876809,0.0707776919621329,-0.0359324529146757,0.00905641283278573,-0.0536826958960621,-0.0181822099332893,-0.0351387628992041,-0.000793690015471575
371,0.818606110289693,0,0,0.120206888353594,0.0589993325315422,-0.0612075558220523,0.0155749645431172,-0.0917339253870503,-0.0306811862570542,-0.057265025387689,-0.00394253043436327
372,-0.699630481190979,0,0,0.0980247559451832,0.0803365621035634,-0.0176881938416198,0.0141724589785684,-0.0454657030119851,0.0100893153287455,-0.0206881492237378,0.00299995538211801
373,-0.281962625682354,1,0,0.103734868247647,0.0738489276561186,-0.029885940591528,0.00999762417217188,-0.049480923899952,-0.0102909572831041,-0.0302120667907318,0.000326126199203778
374,-0.684362960513681,0,0,0.0982284586325668,0.0800905120296001,-0.0181379466029667,0.0139845256476671,-0.0455471132132708,0.00927122000733739,-0.0210296626379005,0.00289171603493379
375,0.309455321636051,1,0,0.11232255284278,0.0654852932051753,-0.0468372596376049,0.0101645832309473,-0.0667594766881215,-0.0269150425870884,-0.0443783008387276,-0.00245895879887732
376,-0.965438852552325,0,0,0.0945381918994492,0.0847321769652043,-0.00980601493424489,0.0177199286157391,-0.0445364368297143,0.0249244069612245,-0.0148197927220007,0.00501377778775581
377,0.256773458328098,0,0,0.111533071567988,0.0661930496680955,-0.0453400218998929,0.00981011636197636,-0.0645674966535136,-0.0261125471462721,-0.043082382310938,-0.00225763958895489
378,-0.479244644753635,1,0,0.101001963799592,0.0768509595033351,-0.024151004296257,0.0116827203711474,-0.0470487154651582,-0.00125329312735567,-0.0256660773927669,0.00151507309650995
379,-0.780622487422079,1,0,0.0969504283406335,0.0816533928207905,-0.015297035519843,0.0152010352589025,-0.0450905171550154,0.0144964461153294,-0.0188846366830432,0.00358760116320023
380,0.333218498621136,0,0,0.112680258513099,0.065168354234002,-0.0475119042790967,0.0103416845694927,-0.067781233574776,-0.0272425749834174,-0.0449650965511185,-0.00254680772797821
381,0.938845805358142,1,0,0.122137265630862,0.0575579493060146,-0.0645793163248475,0.017180397931677,-0.0982522775110008,-0.0309063551386942,-0.0604072175639103,-0.00417209876093724
382,0.372145552653819,0,0,0.1132683739884,0.0646522505987115,-0.0486161233896884,0.0106531975384762,-0.0694960068852925,-0.0277362398940842,-0.0459293762945973,-0.00268674709509106
383,-0.0456318100914359,1,0,0.107094614812304,0.0703949292287402,-0.0366996855835639,0.00901382847482064,-0.054366464757034,-0.0190329064100939,-0.0357738390317488,-0.000925846551815129
384,0.93321552593261,1,0,0.122046282374092,0.057624698627783,-0.064421583746309,0.0171033906087224,-0.0979436133529255,-0.0308995541396926,-0.0602592158917999,-0.00416236785450914
385,0.253860742319375,1,0,0.111489563979655,0.0662323872916463,-0.0452571766880088,0.00979213194956774,-0.0644494026410255,-0.026064950734992,-0.043010932028164,-0.00224624465984477
386,-0.0547117814421654,0,0,0.106963781003684,0.0705248309837431,-0.0364389500199409,0.00902621168372504,-0.0541299998368766,-0.0187479002030052,-0.0355577629383568,-0.00088118708158412
387,-0.168607582338154,1,0,0.105334568362294,0.0721731863683634,-0.0331613819939308,0.00936076664606949,-0.0515081474879108,-0.0148146164999509,-0.0328637020378934,-0.000297679956037446
388,0.168112187180668,0,0,0.110215363527143,0.0674002364266955,-0.042815127100448,0.00934492703528255,-0.0611308475277564,-0.0244994066731395,-0.0409167795461598,-0.00189834755428819
389,-0.740584560669959,0,0,0.0974801960622,0.080999985133303,-0.0164802109288971,0.0146861326691642,-0.0452645020326359,0.0123040801748418,-0.0197744806067307,0.00329426967783362
390,0.779362092725933,0,1,0.119582573972014,0.0594770524381916,-0.0601055215338227,0.01507026723641,-0.0896427025545802,-0.0305683405130652,-0.0562478253959019,-0.00385769613792081
391,-0.565296028740704,1,0,0.0998300541824431,0.0781951313114446,-0.0216349228709985,0.0125931242563119,-0.0463169928662075,0.00304714712421057,-0.0237099951767871,0.00207507230578865
392,-0.967098081950098,0,0,0.0945167809543447,0.0847602887858355,-0.00975649216850923,0.0177434943882838,-0.044533102129434,0.0250201177924156,-0.0147836133069374,0.00502712113842817
393,0.880750889889896,1,0,0.121201275554414,0.0582501915315601,-0.0629510840228535,0.0163941930682426,-0.0950831119922053,-0.0308190560535018,-0.0588841983965649,-0.00406688562628865
394,0.729635382536799,1,0,0.118795521991182,0.0600875837744033,-0.0587079382167783,0.0144461057669377,-0.0870217852368326,-0.030394091196724,-0.0549647658649692,-0.00374317235180906
395,0.868962915614247,1,0,0.121012111144584,0.0583916036821326,-0.0626205074624512,0.016237003444335,-0.0944444494302005,-0.0307965654947018,-0.0585762710953901,-0.00404423636706105
396,-0.718493116088212,0,1,0.0977736064528113,0.0806415033128451,-0.0171321031399662,0.0144073528290794,-0.0453699957975231,0.0111057895175907,-0.0202668949436857,0.00313479180371953
397,-0.619983854703605,1,0,0.0990915728742961,0.0790605347736257,-0.0200310381006705,0.0132149985630313,-0.0459319593399604,0.00586988313861941,-0.0224751571538143,0.00244411905314383
398,0.620577466674149,0,0,0.117085086458268,0.0614471626960933,-0.0556379237621745,0.0131454472604728,-0.0814025269533719,-0.0298733205709771,-0.0521735258706238,-0.00346439789155067
399,0.459747597109526,1,0,0.114601676472097,0.063504690169813,-0.0510969863022844,0.0114416824904362,-0.0735222719060819,-0.028671700698487,-0.0481132926512309,-0.00298369365105355
400,-0.114869515411556,1,0,0.106100514321133,0.0713910815632213,-0.0347094327579121,0.00916227135815028,-0.0526671546364696,-0.0167517108793547,-0.0341310555481816,-0.000578377209730523
401,-0.946997850202024,0,0,0.0947764499272513,0.0844203057814085,-0.0103561441458428,0.0174590766837417,-0.0445753056492996,0.0238630173576139,-0.0152222697600815,0.00486612561423866
402,0.051996776368469,1,1,0.108510268667151,0.0690121256614199,-0.0394981430057311,0.00901822322591113,-0.0571735357330596,-0.0218227502784027,-0.0381093852269983,-0.00138875777873283
403,-0.859790344256908,1,0,0.0959104677611596,0.0829595419546161,-0.0129509258065435,0.0162530772102517,-0.0448063717765855,0.0189045201634985,-0.0171348887099147,0.00418396290337121
404,-0.652399975340813,0,0,0.0986561377183729,0.079577625860116,-0.0190785118582569,0.013597694838436,-0.0457295040143577,0.00757248029784389,-0.0217462240451598,0.00266771218690288
405,0.386993496213108,1,0,0.113493403330773,0.0644563974663831,-0.0490370058643897,0.0107786490023129,-0.0701627697109214,-0.0279112420178579,-0.0462981782283303,-0.00273882763605938
406,0.0226172478869557,0,0,0.108082533571412,0.0694255882642728,-0.0386569453071397,0.00899040208576322,-0.0562778096017694,-0.02103608101251,-0.0374041727185272,-0.0012527725886125
407,0.370351148769259,1,0,0.113241205113607,0.0646759573300421,-0.048565247783565,0.0106382779605816,-0.0694158894438311,-0.0277146061232989,-0.0458848431862413,-0.00268040459732371
408,0.81205751048401,1,0,0.12010251454339,0.0590787982972228,-0.0610237162461676,0.0154900395403934,-0.09138363586444,-0.0306637966278952,-0.0570950023295907,-0.00392871391657691
409,-0.459029477089643,1,0,0.10127903413666,0.076538274064727,-0.0247407600719326,0.0114823781243757,-0.0472458076525795,-0.00223571249128566,-0.0261279381605893,0.00138717808865673
410,0.773903323337436,1,0,0.119495955338434,0.0595437887694298,-0.0599521665690042,0.0150008886516449,-0.0893533680623237,-0.0305509650756847,-0.056106658110385,-0.00384550845861917
411,-0.7439074087888,1,0,0.0974361312346183,0.0810540311440141,-0.0163821000906042,0.0147283993425534,-0.0452492323519323,0.0124850321707239,-0.0197005031822506,0.00331840309164641
412,-0.444585144054145,1,0,0.10147742196605,0.0763155662536449,-0.0251618557124049,0.0113426620242156,-0.0473930647686777,-0.00293064665613202,-0.0264585000145534,0.00129664430214855
413,0.384625827893615,1,0,0.113457493814061,0.0644875913443563,-0.0489699024697051,0.0107584078815349,-0.0700559944485055,-0.0278838104909048,-0.0462393317123633,-0.00273057075734183
414,-0.723900965414941,0,0,0.0977017086948408,0.0807291234336615,-0.0169725852611793,0.0144752348916074,-0.0453435243164873,0.0113983537941288,-0.0201462605408328,0.00317367527965353
415,0.748093038797379,1,0,0.119087137088664,0.0598602839430482,-0.0592268531456162,0.0146756937441613,-0.0879906843323121,-0.0304630219589204,-0.0554402535611363,-0.00378659958447992
416,0.0520158964209259,0,0,0.108510547518518,0.0690118573257901,-0.0394986901927281,0.00901824871588665,-0.0571741328794905,-0.0218232475059656,-0.0381098448443818,-0.00138884534834626
417,0.911706716287881,1,0,0.121699244999188,0.0578803642457648,-0.0638188807534227,0.0168107876740963,-0.0967674191464014,-0.0308703423604441,-0.0596946070094824,-0.00412427374394034
418,-0.0968961305916309,1,0,0.106357788146834,0.0711312472144607,-0.0352265409323736,0.00911189207492436,-0.0530855212302412,-0.0173675606345059,-0.0345564308816151,-0.000670110050758455
419,-0.368846949189901,1,1,0.102523310600027,0.0751575118031884,-0.0273657987968387,0.0106608177643054,-0.0482606176606221,-0.00647097993305537,-0.0281993190112529,0.000833520214414154
420,0.516568401362747,0,0,0.115473777110379,0.0627705358330734,-0.0527032412773058,0.0120097188416092,-0.076241857671312,-0.0291646248832996,-0.0495402053719855,-0.0031630359053203
421,0.51830952661112,0,0,0.11550059125569,0.0627481651017809,-0.0527524261539091,0.0120277544114516,-0.076326391615247,-0.0291784606925711,-0.0495840591580409,-0.00316836699586817
422,-0.0726484232582152,1,0,0.106705744366935,0.0707820910826169,-0.0359236532843177,0.0090570088624981,-0.0536750644624741,-0.0181722421061614,-0.0351314920625696,-0.000792161221748147
423,-0.227531915530562,1,0,0.104500312184689,0.0730398491682712,-0.0314604630164173,0.00965684364334472,-0.0503875287617075,-0.0125333972711271,-0.0314816708756959,2.12078592785672e-05
424,0.656357523519546,1,0,0.117643883915711,0.0609979686615631,-0.0566459152541483,0.0135609770587295,-0.0832249418844321,-0.0300668886238645,-0.0530858672299095,-0.00356004802423884
425,-0.345865300390869,1,1,0.102842553379549,0.0748093221809274,-0.0280332311986213,0.0104721862210039,-0.0485583390311856,-0.00750812336605697,-0.0287300632384296,0.000696832039808335
426,-0.608420003671199,1,0,0.0992473197806316,0.0788768165746683,-0.0203705032059633,0.0130809414752307,-0.0460086773812917,0.00526767096936508,-0.0227357322700536,0.00236522906409029
427,0.562529514078051,1,0,0.116183416337924,0.0621824955207673,-0.0540009208171565,0.0124974315665191,-0.0784954365867879,-0.0295064050475251,-0.0507004288327512,-0.0033004919844053
428,0.469671355094761,0,0,0.114753574545254,0.0633758956780977,-0.0513776788671558,0.011537910270091,-0.0739915674533891,-0.0287637902809226,-0.0483619121235238,-0.00301576674363203
429,0.232249247375876,0,1,0.111167213890188,0.0665249399451915,-0.0446422739449965,0.0096642253532329,-0.0635838075758119,-0.0257007403141812,-0.0424814423587669,-0.00216083158622964
430,-0.652366326190531,0,0,0.098656588831667,0.0795770875016824,-0.0190795013299846,0.0135972924595414,-0.0457297048379438,0.00757070217797471,-0.02174697954741,0.00266747821742545
431,0.424649306107312,0,0,0.114065847893372,0.063962169680666,-0.0501036782127061,0.0111121801765242,-0.0718831511484134,-0.0283242052769988,-0.0472359744476459,-0.00286770376506017
432,-0.241806162986904,1,1,0.104299096133535,0.0732512335805866,-0.0310478625529487,0.009740205709995,-0.0501383149465503,-0.0119574101593471,-0.0311480713152967,0.000100208762347977
433,0.374223723076284,1,0,0.113299846446967,0.0646248050004041,-0.048675041446563,0.0106705421699369,-0.0695889197951552,-0.0277611630979709,-0.0459809619152896,-0.00269407953127342
434,-0.436935871373862,0,0,0.101582621588676,0.0761978679842582,-0.0253847536044183,0.0112698677500688,-0.0474732885050825,-0.00329621870375405,-0.0266337410411081,0.00124898743668984
435,-0.440564724616706,0,1,0.10153270230726,0.0762536838540194,-0.025279018453241,0.0113042971778493,-0.0474350337923633,-0.00312300311411865,-0.0265505897750806,0.00127157132183961
436,0.528928111307323,1,0,0.115664239643357,0.0626118938789451,-0.0530523457644116,0.0121385169885498,-0.0768434018876969,-0.0292612896411264,-0.0498516774235048,-0.00320066834090683
437,-0.83685494447127,1,0,0.0962107202433729,0.0825791998267091,-0.0136315204166638,0.0159438870444069,-0.044880964797276,0.0176179239639485,-0.0176404750459721,0.00400895462930835
438,-0.288698943331838,0,1,0.103640482795115,0.0739496304536187,-0.0296908523414966,0.0100440002302816,-0.0493767310535606,-0.0100049736294326,-0.0300554077723077,0.000364555430811101
439,-0.113052774220705,1,0,0.106126494498958,0.0713647778765422,-0.0347617166224162,0.00915680791037904,-0.0527087303401106,-0.0168147029047218,-0.0341740181898012,-0.000587698432614969
440,-0.0716567528434098,0,0,0.106719996217471,0.0707678452264787,-0.0359521509909922,0.00905508741137113,-0.0536997961941417,-0.0182045057878428,-0.0351550398247407,-0.000797111166251523
441,-0.724677982740104,1,0,0.097691382066335,0.080741720109738,-0.016949661956597,0.0144850078432064,-0.0453397556450616,0.0114404317318677,-0.0201289324323175,0.00317927047572051
442,0.420022463891655,0,0,0.113995375199684,0.0640227056200969,-0.0499726695795872,0.0110700511951206,-0.0716695712290382,-0.0282757679301363,-0.0471205535426158,-0.00285211603697143
443,0.931768371257931,0,0,0.122022906312604,0.0576418669897667,-0.0643810393228377,0.0170836248326512,-0.0978643287202283,-0.0308977499254472,-0.0602211887480945,-0.00415985057474325
444,0.889566734433174,0,0,0.121342912058578,0.0581446440150117,-0.0631982680435664,0.0165122785604239,-0.0955617393246901,-0.0308347967624427,-0.0591147307872451,-0.0040835372563213
445,-0.243489511311054,0,0,0.104275389496021,0.0732761990487332,-0.0309991904472875,0.00975032416773997,-0.0501094746536483,-0.0118889062409266,-0.0311087607967553,0.000109570349467847
446,0.975741443224251,1,0,0.122734931591061,0.057122329688725,-0.0656126019023356,0.017689156642993,-0.100282711839489,-0.0309424919651819,-0.0613792061447568,-0.00423339575757883
447,-0.305366342421621,0,0,0.103407275057216,0.0741993386278154,-0.0292079364294001,0.010162539810446,-0.0491261484493289,-0.00928972440947141,-0.0296682324864734,0.000460296057073255
448,-0.152255251072347,0,0,0.105567125580876,0.0719343615447337,-0.0336327640361421,0.00929291525043863,-0.0518465432383848,-0.0154189848338994,-0.0332486479498287,-0.000384116086313425
449,0.255853721871972,1,0,0.111519331750578,0.0662054688034268,-0.045313862947151,0.00980441862685594,-0.0645301703451423,-0.0260975555491597,-0.0430598184945275,-0.00225404445262348
450,0.437582519836724,1,0,0.114263038559884,0.0637932389260783,-0.0504697996338058,0.0112315839546035,-0.0724832996741666,-0.0284562995934449,-0.0475588916883586,-0.00291090794544716
451,0.589454221073538,0,0,0.116600890753765,0.0618404058224428,-0.0547604849313225,0.0127937904752743,-0.0798358534886117,-0.0296851163740332,-0.0513826231926836,-0.00337786173863886
452,0.830270151142031,1,0,0.12039298776802,0.0588580401495205,-0.061534947618499,0.0157269096522746,-0.0923591241250726,-0.0307107711119255,-0.0575681446053149,-0.00396680301318415
453,-0.860905657988042,0,0,0.0958958883153969,0.0829780779806708,-0.0129178103347262,0.0162682007647578,-0.0448028979269184,0.0189672772574661,-0.0171103302596591,0.00419251992493295
454,-0.0365490764379501,0,0,0.107225629303387,0.070265209237867,-0.0369604200655201,0.00900360909513932,-0.0546071696228704,-0.0193136705081697,-0.0359901743921711,-0.000970245673348968
455,-0.189018897246569,1,0,0.105044919975664,0.0724723183685774,-0.0325726016070871,0.00945433891915887,-0.0511027653862738,-0.0140424378279004,-0.0323840677181984,-0.000188533888888669
456,-0.877446079161018,0,1,0.0956799034243174,0.083253415020717,-0.0124264884036004,0.016493428566822,-0.0447530143761556,0.0199000375689549,-0.0167464195094614,0.00431993110586102
457,0.414146280381829,1,0,0.113905928138006,0.0640996644300925,-0.0498062637079135,0.0110170006720735,-0.0713991882428311,-0.0282133391729958,-0.046974044321237,-0.00283221938667647
458,-0.669778023846447,0,0,0.0984234063241314,0.0798561051423334,-0.018567301181798,0.013806880853375,-0.0456282903932487,0.0084936880296527,-0.0213563666876828,0.00278906550588481
459,0.0859794709831476,0,0,0.109006874738824,0.0685367261995038,-0.0404701485393202,0.00907854421016465,-0.0582637682232975,-0.0226765288553428,-0.0389276554836187,-0.00154249305570146
460,-0.115079428069293,1,0,0.106097512841404,0.0713941213602766,-0.0347033914811273,0.00916290797485628,-0.0526623611055005,-0.0167444218567542,-0.0341260919873569,-0.000577299493770445
461,-0.225617382675409,1,0,0.104527326343755,0.0730115400184372,-0.0315157863253179,0.00964599786291568,-0.050421594731583,-0.0126099779190529,-0.0315264501955013,1.06638701833708e-05
462,0.971325561869889,0,0,0.122663267209022,0.0571743035289139,-0.0654889636801084,0.0176278949619979,-0.100039002928879,-0.0309389244313375,-0.0612626786278852,-0.00422628505222321
463,-0.100061429198831,0,0,0.106312439733115,0.0711769432854021,-0.0351354964477125,0.00912016957367122,-0.0530107003450061,-0.0172602925504189,-0.0344814634116735,-0.000654033036038983
464,-0.702757650986314,1,0,0.0979830790297485,0.0803870443578105,-0.017596034671938,0.0142111966078532,-0.045449468200548,0.010257398856672,-0.0206182592788875,0.00302222460694953
465,0.224132294766605,1,0,0.111046354842786,0.0666351280294215,-0.044411226813364,0.00961875197998208,-0.0632636342703522,-0.0255588193563758,-0.0422828696304426,-0.00212835718292144
466,0.514833435881883,1,1,0.115447063212241,0.0627928348227518,-0.0526542283894891,0.0119917827977891,-0.0761576907835826,-0.0291507659953956,-0.0494965144277849,-0.00315771396170423
467,-0.909420192241669,1,0,0.0952636182246038,0.0837880220141185,-0.0114755962104853,0.0169337032760691,-0.0446650447564687,0.0217138523354981,-0.0160445260593787,0.00456892984889341
468,0.378796615637839,0,0,0.113369126611268,0.0645644507522063,-0.048804675859062,0.0107089547223035,-0.069793841426847,-0.0278155102912771,-0.0460945110887474,-0.00271016477031465
469,0.0219517298974097,1,0,0.108072861512541,0.0694349807009099,-0.0386378808116311,0.00899003539676528,-0.0562580264090313,-0.0210177352142309,-0.0373882216802275,-0.0012496591314036
470,-0.252926488872617,1,0,0.104142576444629,0.0734163024962111,-0.0307262739484183,0.00980815694798877,-0.0499499083211926,-0.011502639575644,-0.0308885022828729,0.000162228334454572
471,0.998052919283509,0,0,0.123097570517594,0.0568604071025177,-0.0662371634150768,0.0180001854974638,-0.101516878705146,-0.0309574481250075,-0.0619687777532945,-0.0042683856617823
472,-0.0362865389324725,1,0,0.107229418389268,0.0702614629538983,-0.0369679554353701,0.00900334600873073,-0.0546141893528347,-0.0193217215179054,-0.0359964304728204,-0.000971524962549659
473,0.601421764586121,1,0,0.116786868198489,0.0616889181537841,-0.0550979500447045,0.0129278893377379,-0.0804361475427902,-0.0297597525466188,-0.0516864458094866,-0.00341150423521785
474,-0.0774227436631918,1,0,0.10663715339121,0.070850713741319,-0.0357864396498915,0.00906661641420618,-0.0535566812833753,-0.0180161980164077,-0.0350181553369473,-0.000768284312944192
475,0.992789411917329,0,0,0.12301193732837,0.0569220954405674,-0.0660898418878027,0.0179265867934575,-0.101225306368711,-0.0309543774068946,-0.0618295697155423,-0.00426027217226043
476,0.0878674713894725,1,0,0.109034523436724,0.0685104032521986,-0.0405241201845255,0.00908277049176581,-0.0583260232282296,-0.0227222171408213,-0.0389731976607691,-0.00155092252375637
477,-0.422364146914333,1,0,0.101783292607299,0.0759741156704715,-0.0258091769368276,0.0111335467215602,-0.0476305275312796,-0.0039878263423756,-0.0269679284778578,0.00115875154103021
478,-0.550249435473233,1,0,0.100034093685268,0.0779585527133331,-0.0220755409719348,0.0124276319610079,-0.0464332520286292,0.00228217008475952,-0.0240508707542653,0.00197532978233047
479,0.300321332644671,0,0,0.112185323557635,0.0656074978012074,-0.0465778257564279,0.0100992761144979,-0.0663720432107695,-0.0267836083020863,-0.0441531231903027,-0.00242470256612522
480,0.156350548844784,0,0,0.110041587164829,0.0675619058416239,-0.0424796813232049,0.00929665135941458,-0.0607007831644828,-0.024258579481927,-0.0406309324833646,-0.00184874883984027
481,0.883066465612501,1,0,0.121238464087789,0.0582224509561297,-0.0630160131316598,0.0164251660113906,-0.0952087469540768,-0.0308232793092427,-0.0589447299985525,-0.00407128313310728
482,0.730069458018988,0,0,0.118802372910941,0.0600822290159573,-0.0587201438949841,0.0144514758628097,-0.087044516109541,-0.0303957716804273,-0.0549759377933524,-0.00374420610163172
483,0.920267994981259,1,0,0.121837276385444,0.0577784728503722,-0.0640588035350717,0.0169269513183753,-0.09723501848715,-0.0308825885829934,-0.0599191921932919,-0.00413961134177978
484,-0.516685881651938,1,0,0.100490568676772,0.0774331901496462,-0.023057378527126,0.0120678454882979,-0.0467099210551841,0.000595164000931986,-0.0248130049438365,0.00175562641671046
485,0.71931092441082,1,0,0.118632674020323,0.0602150781135214,-0.0584175959068015,0.0143188007516355,-0.0864819296818121,-0.0303532621317908,-0.0546991881585468,-0.00371840774825465
486,-0.908485575113446,0,0,0.095275763396207,0.0837723510631181,-0.0115034123330889,0.0169207443111842,-0.0446674617746209,0.0216606371084431,-0.0160650132716253,0.00456160093853642
487,-0.272344603203237,0,0,0.103869762242209,0.0737053642941594,-0.0301643979480491,0.00993297024694856,-0.0496326618915763,-0.010696134004522,-0.0304359200708313,0.000271522122782152
488,0.676709439139813,0,0,0.117962761536812,0.0607438360770551,-0.0572189254597568,0.0138023853673391,-0.0842711036804841,-0.0301667472390294,-0.0536062979343515,-0.00361262752540528
489,-0.117052119690925,1,0,0.106069309556438,0.0714226942330339,-0.0346466153234045,0.00916894478262456,-0.0526174168735851,-0.0166758137732239,-0.0340794510350162,-0.000567164288388287
490,0.8669183854945,0,0,0.120979328005831,0.0584161632378967,-0.0625631647679345,0.0162098234126063,-0.0943338348523969,-0.0307924946834721,-0.0585229014399018,-0.0040402633280327
491,0.778127287980169,0,0,0.119562975596039,0.0594921424417651,-0.0600708331542741,0.0150545553690153,-0.0895772194808082,-0.03056444682774,-0.0562158856529435,-0.00385494750133064
492,0.0840606670826674,0,0,0.108978781246106,0.0685634882162795,-0.040415293029827,0.00907434269291413,-0.0582006778913128,-0.0226299081683411,-0.0388813790140993,-0.00153391401572765
493,0.982895060442388,1,0,0.122851102515254,0.0570382275494374,-0.0658128749658168,0.0177886087033596,-0.100677907359477,-0.0309478425721563,-0.0615680901667421,-0.00424478479907474
494,-0.465158685576171,1,0,0.10119495566102,0.076632956364889,-0.0245619992961307,0.0115425380729862,-0.047184958209366,-0.00193904038289537,-0.0259878081501349,0.00142580885400419
495,0.308036647271365,1,0,0.11230122902875,0.065504259903304,-0.0467969691254461,0.0101543373857915,-0.0666991046884659,-0.0268948335624262,-0.0443433131124304,-0.00245365601301565
496,-0.192688688635826,0,0,0.104992918125851,0.0725262209875067,-0.0324666971383445,0.00947218969867635,-0.0510318478024814,-0.0139015464742075,-0.0322979347180012,-0.000168762420343291
497,-0.0797973442822695,0,0,0.106603052802886,0.0708848674282709,-0.0357181853746151,0.00907161462588622,-0.0534982233229789,-0.0179381474262513,-0.0349618049418314,-0.000756380432783733
498,-0.192063028924167,1,0,0.105001782271322,0.0725170285619097,-0.0324847537094121,0.00946912443282879,-0.0510438965628848,-0.0139256108559394,-0.0323126172792571,-0.000172136430155005
499,0.90422748727724,0,1,0.121578769500515,0.0579695157069031,-0.0636092537936115,0.0167096382098423,-0.0963595428795967,-0.0308589647076262,-0.0594985684002932,-0.00411068539331828
500,0.289145392831415,1,0,0.112017615221851,0.0657573103049031,-0.0462603049169479,0.0100215205800677,-0.0659021243242075,-0.0266184855096882,-0.0438778866010934,-0.00238241831585446
501,0.889446575194597,1,0,0.121340980606029,0.058146081412057,-0.0631948991939719,0.0165106660569296,-0.0955552100263219,-0.030834588361622,-0.0591115872475456,-0.00408331194642635
502,-0.383875153958797,0,1,0.102315025689664,0.0753860051687276,-0.0269290205209365,0.0107889622635113,-0.0480749979879803,-0.00578304305389263,-0.0278528898677226,0.000923869346786114
503,0.860255673993379,0,0,0.120872547508745,0.0584962651286058,-0.0623762823801394,0.0161214218051266,-0.0939736884977662,-0.0307788762625127,-0.0583490581244135,-0.00402722425572593
504,0.559673112351447,0,0,0.116139203355012,0.0622188907972479,-0.053920312557764,0.0124664383132552,-0.0783540826672345,-0.0294865424482935,-0.0506281652319455,-0.00329214732581849
505,-0.653376339469105,0,0,0.0986430490098155,0.0795932483235488,-0.0190498006862667,0.0136093748077566,-0.0457236851615764,0.0076240837890429,-0.0217243034289311,0.00267450274266437
506,-0.195868811570108,0,0,0.104947873377763,0.0725729611455501,-0.0323749122322125,0.009487908651593,-0.0509708714779408,-0.0137789529864843,-0.0322233195991047,-0.000151592633107822
507,0.164424499031156,1,0,0.110160852654267,0.0674508868249377,-0.0427099658293292,0.00932943732710243,-0.0609953269864736,-0.0244246046721848,-0.0408271203428051,-0.00188284548652407
508,0.826569987926632,1,0,0.120333924861908,0.0589028276970314,-0.0614310971648766,0.0156786146944759,-0.0921606172935299,-0.0307015770362233,-0.0574719474034086,-0.00395914976146804
509,-0.758205993101001,1,0,0.0972467180736128,0.0812869724695484,-0.0159597456040644,0.0149112528696029,-0.0451852641928557,0.0132657729847269,-0.0193824328401686,0.00342268723610421
510,-0.723790667951107,1,0,0.0977031746367148,0.0807273354831513,-0.0169758391535635,0.0144738480175475,-0.0453440599856632,0.0113923816785361,-0.0201487203650694,0.00317288121150587
511,-0.146867114584893,0,0,0.105643852933538,0.0718558279472077,-0.0337880249863307,0.00927196845649845,-0.0519607492268591,-0.0156153007458023,-0.0333756236805622,-0.000412401305768487
512,0.769623030442744,1,0,0.119428074463166,0.0595961666595633,-0.059831907803603,0.0149466328850705,-0.0891267699484832,-0.0305370456587227,-0.0559960220981478,-0.00383588570545516
513,0.813998745754361,0,0,0.120133446447902,0.0590552313950018,-0.0610782150528998,0.0155151853631478,-0.0914874195781325,-0.0306690105276671,-0.0571453912539215,-0.00393282379897832
514,-0.0497467634268105,0,0,0.107035304781002,0.0704537719970772,-0.0365815327839253,0.00901917240967169,-0.0542587858772392,-0.0189042796906115,-0.0356758915283836,-0.000905641255541711
515,0.167207810096443,1,0,0.110201992969119,0.0674126547796865,-0.0427893381894325,0.00934109854962775,-0.0610975549227422,-0.0244811214561228,-0.0408947882663791,-0.00189454992305339
516,-0.870290320832282,1,0,0.0957732899104684,0.0831341962217506,-0.0126390936887178,0.0163957745683109,-0.0447742213412449,0.0194960339638094,-0.016903786985865,0.00426469329714725
517,-0.940216968767345,1,1,0.0948641941170695,0.0843058909002214,-0.0105583032168481,0.0173636549813456,-0.044590441620265,0.0234738351865688,-0.0153704351679746,0.00481213195112653
518,-0.877933396957815,1,0,0.0956735466278501,0.0832615396492123,-0.0124120069786379,0.0165000908031784,-0.0447515906945081,0.0199275767372324,-0.0167357063454,0.00432369936676213
519,-0.498391852714121,0,0,0.100740151640827,0.0771482053803818,-0.023591946260445,0.0118774528128193,-0.0468713260016449,-0.000312566519245189,-0.0252294401183906,0.00163749385794556
520,0.507512960582972,0,0,0.115334406338258,0.0628870040962403,-0.0524474022420181,0.0119164996478697,-0.0758033123736269,-0.0290914921104092,-0.0493122503607202,-0.00313515188129786
521,0.103031725157052,0,0,0.109256818667003,0.0682993191538117,-0.0409574995131913,0.00912001758001105,-0.0588324055083851,-0.0230825935179975,-0.0393392983782031,-0.00161820113498821
522,0.282183901872486,1,0,0.111913260498351,0.0658507891661402,-0.0460624713322111,0.00997430467983317,-0.0656117492755134,-0.0265131933889088,-0.0437065977106068,-0.00235587362160428
523,0.449271686375141,0,0,0.114441516819346,0.0636409154239887,-0.0508006013953574,0.0113415390997122,-0.073029609560046,-0.0285715932306687,-0.0478511106111414,-0.00294949078421596
524,0.769755765330046,0,1,0.119430178995889,0.0595945417362398,-0.0598356372596497,0.0149483134697561,-0.0891337932899866,-0.0305374812293127,-0.0559994522710066,-0.00383618498864306
525,-0.450153578538448,1,0,0.101400900680512,0.0764013518353462,-0.0249995488451658,0.0113961777872279,-0.0473356468695479,-0.00266345082078372,-0.0263310108603024,0.00133146201513658
526,0.955443876329809,0,0,0.122405824231854,0.0573615944585678,-0.0650442297732859,0.0174083943286567,-0.0991640556861244,-0.0309244038604474,-0.0608440253831866,-0.00420020439009933
527,-0.219246186781675,0,0,0.104617268674008,0.0729174054047218,-0.0316998632692866,0.00961048299425058,-0.0505360638120523,-0.0128636627265208,-0.0316755273157563,-2.4335953530262e-05
528,0.139340447727591,0,0,0.109790690353393,0.0677963542450391,-0.0419943361083542,0.00923270573566242,-0.0600901068301089,-0.0238985653865995,-0.0402181224813336,-0.00177621362702058
529,0.825443407054991,0,0,0.120315947071313,0.0589164704100311,-0.0613994766612819,0.0156639276505597,-0.09210021071282,-0.0306987426097438,-0.0574426656850333,-0.0039568109762486
530,0.594986573327333,1,0,0.116686832376932,0.0617703330103842,-0.0549164993665476,0.0128556044143604,-0.0801130210181882,-0.029719977714907,-0.0515230282835143,-0.00339347108303331
531,-0.53490036027506,1,0,0.100242616842569,0.0777178934735301,-0.0225247233690394,0.012261456900647,-0.0465567372922976,0.00150729055421878,-0.0243991025769209,0.00187437920788146
532,-0.96167782926932,1,0,0.0945867407914093,0.0846684864099637,-0.00991825438144558,0.0176665695247208,-0.0445440943802713,0.0247075856173801,-0.0149018220834474,0.00498356770200182
533,-0.863992841448635,1,0,0.0958555428053314,0.0830294052636454,-0.0128261375416859,0.0163101047683068,-0.0447933554716423,0.0191410803882704,-0.0170423658316511,0.00421622828996515
534,-0.409874046687037,1,1,0.101955576718821,0.0757828073163055,-0.0261727694025158,0.0110192152808227,-0.0477700344908218,-0.00457550431420983,-0.0272547488716963,0.00108197946918048
535,-0.345925678499043,1,0,0.102841713502966,0.0748102350101195,-0.0280314784928461,0.0104726698782249,-0.0485575342761444,-0.00750542270954777,-0.0287286673060224,0.000697188813176292
536,0.103034642059356,1,0,0.109256861464566,0.0682992786090113,-0.0409575828555548,0.00912002530703791,-0.0588325039954429,-0.0230826617156666,-0.0393393688521529,-0.00161821400340185
537,-0.145205341279507,0,0,0.105667526595349,0.0718316231003052,-0.0338359034950441,0.00926565053763882,-0.0519962448421504,-0.0156755621479378,-0.0334147982146461,-0.000421105280398001
538,0.0851981253363192,0,0,0.10899543417416,0.0685476226458646,-0.0404478115282951,0.0090768219232643,-0.0582380555919767,-0.0226575674646134,-0.0389088104313612,-0.00153900109693386
539,-0.82082715863362,0,0,0.0964210418793376,0.0823143505794388,-0.0141066912998988,0.0157299089821637,-0.0449367463850328,0.0167233637852352,-0.0179944309727172,0.00388773967281838
540,0.382966006640345,1,0,0.113432325849937,0.0645094677627694,-0.0489228580871677,0.0107442712092037,-0.0699812426973376,-0.0278644734769979,-0.0461980865437665,-0.00272477154340124
541,-0.81958182901144,1,0,0.0964374006694145,0.0822938046833899,-0.0141435959860245,0.015713356738503,-0.0449412092697202,0.0166540172976711,-0.018021954817539,0.00387835883151445
542,-0.540797817520797,1,0,0.100162451938611,0.0778102795396425,-0.0223521723989683,0.0123249836941514,-0.0465086965495485,0.00180435175161194,-0.0242652438845481,0.00191307148557979
543,-0.370401193853468,0,0,0.102501751989884,0.0751811134772381,-0.0273206385126457,0.0106738979165782,-0.0482410940037961,-0.00640018302149536,-0.0281634673792779,0.000842828866632159
544,0.748856611549854,1,0,0.119099214206321,0.0598508981639457,-0.0592483160423756,0.014685245691241,-0.0880308687013299,-0.0304657633834213,-0.0554599432801832,-0.00378837276219236
545,-0.92757614236325,0,1,0.0950279597901408,0.0840929760525471,-0.0109349837375937,0.0171864926206729,-0.044619890294676,0.0227499228194886,-0.0156468903943643,0.00471190665677061
546,0.321732476353645,0,0,0.112507236101719,0.0653213693232761,-0.0471858667784432,0.0102548022701501,-0.067284909896517,-0.0270868236603695,-0.0446812916572778,-0.00250457512116543
547,0.50568129774183,1,0,0.115306233315366,0.0629105868746811,-0.0523956464406847,0.0118977638896531,-0.0757148351609658,-0.0290764577204035,-0.0492661668483463,-0.00312947959233836
548,-0.228896361775696,0,0,0.104481063540329,0.0730600306590433,-0.0314210328812852,0.0096646219147909,-0.0503633437584719,-0.0124787220040985,-0.031449762718981,2.87298376957859e-05
549,-0.465012416709214,0,0,0.101196961407814,0.0766306955938116,-0.0245662658140026,0.0115410964265663,-0.0471863991521765,-0.0019461324758288,-0.0259911512866891,0.00142488547268645
550,0.663171386811882,1,0,0.117750561525321,0.0609127740397082,-0.056837787485613,0.0136414050134921,-0.0835744500105816,-0.0301011249606444,-0.0532599883287094,-0.0035777991569036
551,-0.255709308199584,0,0,0.104103440472893,0.073457663912879,-0.0306457765600141,0.00982556713638446,-0.049903534275008,-0.0113880188450202,-0.0308235900410438,0.000177813481029711
552,0.58111267676577,0,0,0.116471413969829,0.0619462002697396,-0.0545252137000891,0.0127011736225899,-0.0794190565617553,-0.0296313708384228,-0.0511710730314862,-0.00335414066860286
553,0.560242566745728,1,0,0.116148016522013,0.0622116334206583,-0.0539363831013549,0.0124726101607232,-0.0783822498095808,-0.029490516393129,-0.0506425700855337,-0.00329381301582116
554,0.819540207274258,1,0,0.120221782689211,0.0589880056453308,-0.06123377704388,0.0155871008468842,-0.0917839333271669,-0.0306836207605932,-0.0572892868923565,-0.00394449015152355
555,0.618226383812726,0,0,0.117048448990626,0.0614767869162553,-0.0555716620743704,0.0131185560250248,-0.08128355941259,-0.0298597647361508,-0.052113692799292,-0.00345796927507841
556,-0.625744010321796,1,0,0.0990140738189434,0.0791521938938196,-0.0198618799251238,0.0132822664841653,-0.0458946438671512,0.00617088401690355,-0.0223454666069518,0.00248358668182799
557,0.769967158790678,1,0,0.119433530738966,0.0595919539705042,-0.0598415767684622,0.0149509902223382,-0.0891449791374555,-0.0305381743994689,-0.0560049152572983,-0.00383666151116389
558,-0.573086190968752,1,0,0.0997245610405676,0.0783178745433468,-0.0214066864972208,0.0126797872058457,-0.0462586127523101,0.00344523975786854,-0.0235337032533572,0.00212701675613643
559,-0.932570181321353,1,1,0.0949632303134562,0.0841770343703838,-0.0107861959430724,0.0172563716803062,-0.0446080629403096,0.0230356710541647,-0.015537632121508,0.00475143617843558
560,0.634285342413932,1,0,0.117298897572819,0.0612747055899473,-0.0560241919828722,0.013303265013002,-0.0820981122851479,-0.0299502716805964,-0.0525226648826457,-0.00350152710022647
561,0.294866151176393,1,0,0.112103434651696,0.0656805843482374,-0.0464228503034581,0.0100610236106866,-0.0661420942280111,-0.0267036063789052,-0.0440187365913526,-0.00240411371210555
562,0.931088977027684,1,0,0.122011933306644,0.0576499286595043,-0.0643620046471401,0.0170743493030564,-0.0978271143405873,-0.0308968949536929,-0.0602033381339156,-0.0041586665132245
563,0.211848846171051,1,0,0.110863676557965,0.0668021988613745,-0.0440614776965908,0.00955266463527601,-0.0627843563381212,-0.0253385990550603,-0.0419826743114203,-0.00207880338517046
564,-0.835880475118756,1,0,0.096223495823332,0.0825630752075518,-0.0136604206157802,0.0159308277536677,-0.04488426925688,0.0175634280253196,-0.0176619800562895,0.0040015594405093
565,-0.745097067672759,1,0,0.0974203592953853,0.0810733888970447,-0.0163469703983406,0.0147435527559808,-0.0452438028042293,0.012549862007548,-0.0196740231018446,0.00332705270350397
566,-0.273740197531879,0,0,0.103850179239122,0.0737261796814769,-0.0301239995576453,0.0099422367253554,-0.0496104254651133,-0.0106375736501773,-0.0304034255393621,0.000279425981716798
567,-0.458378694485873,1,1,0.101287964998558,0.0765282272597297,-0.0247597377388282,0.0114760207768184,-0.0472523251472256,-0.0022671503304309,-0.0261428216183009,0.00138308387947266
568,-0.620951956138015,0,0,0.0990785439414058,0.0790759330095681,-0.0200026109318378,0.0132262815194039,-0.0459256463592572,0.00592042449558166,-0.0224533552963349,0.00245074436449714
569,-0.539817793760449,0,0,0.100175769580884,0.077794920105272,-0.0223808494756117,0.0123143989907117,-0.0465166279886631,0.00175492903743964,-0.024287482953457,0.00190663347784529
570,0.345564712304622,0,0,0.112866497620093,0.0650042516892394,-0.0478622459308536,0.0104376788234856,-0.0683197205070818,-0.0274047713546255,-0.0452705213567055,-0.00259172457414811
571,0.473540702369064,1,0,0.114812848204433,0.0633257437654871,-0.0514871044389456,0.0115757829692204,-0.0741752221514696,-0.0287989867264215,-0.0484589183405889,-0.00302818609835667
572,0.157728547230363,0,0,0.110061934450194,0.067542946000442,-0.0425189884497523,0.00930213695539599,-0.0607508418615875,-0.0242871350379171,-0.0406644051122267,-0.0018545833375256
573,0.553925151005387,1,0,0.116050277488096,0.06229218960667,-0.0537580878814264,0.0124043370531578,-0.0780701417577115,-0.0294460340051413,-0.0504828120615013,-0.0032752758199251
574,0.62293584831059,1,0,0.117121847657513,0.0614174599127981,-0.055704387744715,0.0131724743481242,-0.0815219630543161,-0.0298868124351139,-0.0522335590697492,-0.00347082867496579
575,-0.228765971492976,1,0,0.104482902859031,0.0730581018376202,-0.0314248010214109,0.00966387685230908,-0.050365651602967,-0.0124839504398549,-0.0314528117679683,2.80107465573526e-05
576,-0.715623818337917,1,0,0.0978117731316746,0.0805950490474896,-0.017216724084185,0.0143714325225993,-0.0453842142347272,0.0109507660663572,-0.0203309260577283,0.00311420197354332
577,-0.60096994927153,0,0,0.0993477756469919,0.0787586622763299,-0.020589113370662,0.0129952844454382,-0.0460594028525745,0.00488117611125044,-0.0229037601042148,0.00231464673355279
578,0.688366685528308,0,0,0.118145746513346,0.060598719461638,-0.0575470270517082,0.013942234983912,-0.0848733054841702,-0.0302207486192462,-0.0539048788447921,-0.00364214820691611
579,0.544038887601346,0,0,0.115897466914753,0.062418449220392,-0.0534790176943605,0.0122983703873849,-0.0775833807221688,-0.0293746546665521,-0.050233008656682,-0.00324600903767848
580,-0.844863778911531,0,0,0.0961057794724738,0.0827118312186582,-0.0133939482538156,0.0160514578074802,-0.0448542274558411,0.0180663309482099,-0.0174638064249173,0.0040698581711017
581,0.286028386093676,0,1,0.111970879898107,0.065799150192684,-0.0461717297054234,0.0100002630095204,-0.0657718850400115,-0.0265715743708354,-0.0438011772323465,-0.00237055247307694
582,-0.411149284336716,0,0,0.101937974690269,0.0758023195861954,-0.0261356551040736,0.0110307800943142,-0.0477555868103107,-0.00451572339783653,-0.0272254487467101,0.00108979364263649
583,-0.689344887156039,1,0,0.0981619472231095,0.0801707246248651,-0.0179912225982444,0.0140456306320386,-0.0455201527771926,0.0095377075807037,-0.0209181698294144,0.00292694723116997
584,-0.211977196391672,0,0,0.104719968660764,0.0728101424268771,-0.0319098262338873,0.0095710576767918,-0.0506687545743548,-0.0131508978934197,-0.031845724713374,-6.41015205132614e-05
585,-0.468900281004608,0,0,0.101143660131751,0.0766908082701264,-0.0244528518616246,0.0115795143839551,-0.04714828301264,-0.00175742071060916,-0.0259023057824082,0.0014494539207836
586,-0.681860264856368,1,0,0.0982618861216691,0.0800502444866244,-0.0182116416350447,0.0139539103116489,-0.0455608032893786,0.00913752001928925,-0.0210856913548806,0.00287404971983593
587,0.199855697806925,0,0,0.11068556943989,0.0669656963849141,-0.0437198730549763,0.00949136366191764,-0.0623226039965071,-0.0251171421134456,-0.0416899290224584,-0.00202994403251794
588,0.362524871714413,0,0,0.11312277475691,0.0647794486707933,-0.0483433260861168,0.0105738259588509,-0.0690676441442592,-0.0276190080279744,-0.0456907064730482,-0.00265261961306863
589,0.406568424776196,1,0,0.113790668583431,0.0641990368053005,-0.0495916317781301,0.0109493476297122,-0.0710519587865751,-0.0281313047696851,-0.0467852359845298,-0.00280639579360027
590,0.78316497290507,1,0,0.119642949357224,0.0594306016408836,-0.0602123477163399,0.0151187216148632,-0.089844497573759,-0.0305801978589208,-0.0563462169161386,-0.00386613080020132
591,0.412934665568173,0,0,0.113887492586768,0.0641155433387973,-0.0497719492479707,0.0110061258828924,-0.071343559587754,-0.0282003389081875,-0.0469438462731084,-0.00282810297486234
592,0.884920749813318,0,0,0.121268251294072,0.0582002455858181,-0.063068005708254,0.0164499911435429,-0.0953093958956008,-0.0308266155209072,-0.0589932133223156,-0.00407479238593839
593,-0.937571739777923,0,1,0.0948984429308319,0.0842612957205231,-0.0106371472103088,0.0173265038619714,-0.044596470757767,0.0233221763371493,-0.0154282597506108,0.00479111254030196
594,0.193703279364854,1,0,0.110594298735719,0.0670497137832863,-0.0435445849524325,0.00946117246280015,-0.0620881422310429,-0.0250010276738221,-0.0415398883751944,-0.0020046965772381
595,0.930451733060181,1,0,0.122001641848594,0.0576574911376334,-0.0643441507109602,0.017065651497625,-0.0977922130190173,-0.0308960884029032,-0.0601865961211981,-0.00415755458976212
596,-0.0286230118945241,1,1,0.10734007455531,0.0701521894366581,-0.0371878851186524,0.00899646758734743,-0.0548206375779353,-0.0195551326593695,-0.0361791182234737,-0.00100876689517871
597,-0.294703559018672,1,0,0.103556413565146,0.0740395013647664,-0.0295169122003797,0.0100860878016081,-0.0492852810364404,-0.00974854336431896,-0.0299158514370258,0.00039893923664611
598,-0.814958410803229,1,0,0.0964981561013241,0.0822175667007326,-0.0142805894005915,0.0156519984626507,-0.0449579426734631,0.0163967638722801,-0.0181241679440303,0.00384357854343878
599,0.954954871442169,1,0,0.122397904819628,0.0573673703722495,-0.065030534447378,0.0174016565135706,-0.0991371544853134,-0.0309239144094427,-0.0608311456903368,-0.00419938875704124
600,0.256139784120023,0,0,0.111523605036866,0.0662016058934935,-0.0453219991433729,0.00980618890884332,-0.064541776230302,-0.0261022220564439,-0.0430668362126492,-0.00225516293072374
601,-0.44649706967175,1,0,0.101451142559852,0.076345010823198,-0.0251061317366541,0.0113609872872602,-0.0473732576485015,-0.00283900582480674,-0.0264147188495865,0.00130858711293238
602,-0.317542413249612,1,0,0.10323720286504,0.0743822485052199,-0.0288549543598203,0.0102524758937959,-0.0489494378640253,-0.00876047085561528,-0.0293857836903484,0.000530829330528084
603,-0.433410055935383,0,0,0.101631144308559,0.076143672859403,-0.0254874714491559,0.0112365981232126,-0.047510799079403,-0.00346414381890874,-0.0267145590685886,0.00122708761943272
604,-0.197121286764741,1,0,0.104930137416465,0.0725913771381424,-0.0323387602783222,0.00949416296171468,-0.0509469777466371,-0.0137305428100073,-0.0321939391743734,-0.000144821103948763
605,0.950947212520987,1,0,0.12233301757593,0.0574147276868978,-0.0649182898890321,0.0173464835492585,-0.0989167729039952,-0.030919806874069,-0.0607256140517851,-0.00419267583724699
606,0.382914752699435,0,1,0.11343154876101,0.0645101433988786,-0.0489214053621318,0.0107438353786674,-0.0699789357601471,-0.0278638749641166,-0.0461968130360355,-0.00272459232609634
607,0.550565707497299,1,0,0.115998331422605,0.0623350670207803,-0.0536632644018249,0.0123682079223123,-0.07790450648286,-0.0294220223207898,-0.0503978984511773,-0.00326536595064759
608,0.103351135738194,0,0,0.109261505231007,0.0682948794947416,-0.0409666257362657,0.00912086499502098,-0.0588431926343589,-0.0230900588381725,-0.0393470156333337,-0.00161961010293202
609,0.923297845758498,1,1,0.1218861582163,0.0577424536693974,-0.0641437045469029,0.0169681582282471,-0.0974006835582442,-0.0308867255355616,-0.0599987205861646,-0.00414498396073831
610,0.280470536090434,1,0,0.111887589691991,0.0658738151664764,-0.0460137745255141,0.00996282908164163,-0.06554056070966,-0.0264869883413683,-0.043664458337413,-0.00234931618810113
611,-0.536853849422187,0,1,0.100216056497665,0.0777484845442931,-0.0224675719533718,0.0122824548403377,-0.0465407410821734,0.00160559717542974,-0.0243547545390935,0.00188718258572167
612,-0.0562267140485346,1,0,0.106941965955779,0.0705465257760529,-0.0363954401797261,0.00902848810476148,-0.0540909516999069,-0.0186999286595453,-0.0355217308949877,-0.000873709284738393
613,-0.12986649852246,0,0,0.105886265073344,0.0716085574673882,-0.0342777076059557,0.00921052850358205,-0.0523300117515562,-0.0162254034603553,-0.0337766964175497,-0.000501011188406036
614,-0.304315977729857,1,1,0.103421957885462,0.0741835793677174,-0.0292383785177441,0.0101549122726175,-0.0491416408382382,-0.00933511619725009,-0.029692613457253,0.000454234939508878
615,0.763040701858699,1,0,0.119323750801138,0.0596767987472783,-0.0596469520538592,0.0148634481808704,-0.0887787751744425,-0.0305151289332759,-0.0558259780682451,-0.00382097398561412
616,0.443690339103341,0,0,0.114356266695108,0.0637136045681291,-0.0506426621269793,0.011288799833663,-0.0727683032296405,-0.028517021024318,-0.0477115387699574,-0.00293112335702185
617,0.299968346022069,1,0,0.112180023218317,0.0656122246991777,-0.0465677985191392,0.0100967838106785,-0.0663571311477562,-0.0267784658905222,-0.0441444252543188,-0.00242337326482042
618,-0.787448611110449,1,0,0.0968603643141461,0.0817652712957919,-0.0150950930183543,0.0152900154868433,-0.0450629726956268,0.0148727866589183,-0.0187332581741269,0.00363816515577263
619,0.689551883377135,1,0,0.118164364444343,0.0605839835617597,-0.0575803808825832,0.0139565163720031,-0.0849346503213528,-0.0302261114438135,-0.0539352555913521,-0.00364512529123106
620,-0.446514571085572,0,0,0.10145090203091,0.0763452804014757,-0.0251056216294346,0.0113611552726114,-0.0473730767865204,-0.00283816647234885,-0.0264143181219984,0.00130869649256379
621,0.707659413572401,0,0,0.118449126476129,0.0603592639913386,-0.0580898624847901,0.0141761204976603,-0.0858745481007042,-0.030305176868876,-0.0543998104723433,-0.00369005201244681
622,-0.599543153308332,0,0,0.0993670247545612,0.0787360524503344,-0.0206309723042268,0.0129789441916826,-0.0460692354772801,0.00480729086882643,-0.0229359534750232,0.00230498117079638
623,-0.0446759085170925,0,0,0.107108396641657,0.0703812665865027,-0.0367271300551539,0.00901265075063424,-0.0543916009316349,-0.0190626591786729,-0.0357965978727764,-0.000930532182377479
624,0.728724893648177,0,0,0.118781153051727,0.0600988170235168,-0.0586823360282099,0.0144348464253728,-0.0869741151443073,-0.0303905569121124,-0.0549413339533999,-0.00374100207480996
625,-0.424039804376662,0,0,0.101760198817742,0.0759998150746893,-0.0257603837430532,0.0111490635869703,-0.047612146834862,-0.0039086206512444,-0.0269294751876194,0.00116909144456623
626,-0.735221022740006,1,0,0.0975513603114515,0.0809128166999808,-0.0166385436114707,0.014618091125801,-0.0452894757407652,0.0120123885178238,-0.0198939390815159,0.00325539547004517
627,0.842936322558671,1,0,0.120595357735317,0.058704967749209,-0.0618903899861082,0.0158928800656546,-0.0930398625254057,-0.0307409174468107,-0.0578977171887086,-0.00399267279739959
628,0.49740613438189,0,0,0.115179026637323,0.0630172330049847,-0.0521617936323387,0.0118136287328187,-0.0753160804753909,-0.0290075067892865,-0.049058075343647,-0.00310371828869171
629,0.253977851010859,0,0,0.111491312959812,0.0662308052637367,-0.0452605076960753,0.00979285165687591,-0.0644541442494955,-0.0260668711426551,-0.0430138043568249,-0.00224670333925042
630,-0.0966530931182206,1,0,0.10636127078618,0.0711277397058436,-0.035233531080336,0.00911126707697716,-0.0530912864047367,-0.0173757757559352,-0.0345621879862063,-0.00067134309412966
631,0.0418683774769306,0,0,0.108362642149012,0.0691544060253214,-0.0392082361236904,0.00900606749543287,-0.0568598040570757,-0.0215566681903052,-0.0378660360729595,-0.00134220005073093
632,-0.763835546560585,1,0,0.0971722336353963,0.0813788520496415,-0.0157933815857548,0.0149836734697445,-0.0451608419425624,0.0135740787710527,-0.0192573208977339,0.00346393931197906
633,-0.223772867117077,0,0,0.10455335838887,0.0729842757366593,-0.0315690826522103,0.009635624436471,-0.0504545595162475,-0.0126836057881731,-0.0315695997723528,5.17120142526362e-07
634,0.00306025007739663,0,0,0.107798626298042,0.0697020865119747,-0.0380965397860672,0.00898451349259724,-0.0557058626501719,-0.0204872169219624,-0.0369358710762528,-0.00116066870981437
635,-0.0285819270648062,0,0,0.107340668063209,0.0701516040355578,-0.0371890640276513,0.00899643488929056,-0.0548217523999204,-0.0195563756553822,-0.03618009800047,-0.00100896602718131
636,-0.0237639709375799,0,0,0.107410287863886,0.0700829862419995,-0.0373273016218866,0.0089929097085192,-0.0549530807668048,-0.0197015224769684,-0.036295022518854,-0.00103227910303262
637,0.354757135268301,1,0,0.113005337124226,0.0648823182843454,-0.0481230188398807,0.010510865275347,-0.0687239362259135,-0.0275221014538479,-0.0454981730872982,-0.00262484575258248
638,0.430368834640831,1,0,0.114153016049242,0.0638874111328006,-0.050265604916441,0.0111646886875174,-0.072147992642577,-0.0283832171903051,-0.0473787279646693,-0.00288687695177174
639,0.803079494275153,0,1,0.119959547064805,0.0591879075201887,-0.060771639544616,0.0153740626538079,-0.0909042486421418,-0.0306390304470901,-0.0568620888906965,-0.00390955065391945
640,-0.565833673346788,0,0,0.0998227702980125,0.0782035968800441,-0.0216191734179684,0.012599084090213,-0.0463129244729775,0.00307457763704065,-0.0236978240451315,0.00207865062716308
641,-0.152097990270704,0,0,0.105569364286658,0.0719320683031863,-0.0336372959834713,0.0092922939177961,-0.0518498573961122,-0.0154247345708303,-0.0332523529768619,-0.000384943006609385
642,-0.462069886736572,1,0,0.101237319047536,0.0765852280459368,-0.0246520910015993,0.0115121563626341,-0.0472155028567558,-0.00208867914644279,-0.0260584160168382,0.00140632501523891
643,0.0685505983419716,1,1,0.10875192923741,0.0687801664802058,-0.0399717627572042,0.00904386460451458,-0.0576974116631094,-0.0222461138512991,-0.0385076406001233,-0.00146412215708091
644,0.756640018895268,0,0,0.119222381610307,0.0597553036857678,-0.0594670779245388,0.0147828538651792,-0.0884409390890088,-0.0304932167600688,-0.0556607362679433,-0.0038063416565955
645,-0.757278854493052,1,0,0.0972589898990682,0.0812718497715768,-0.0159871401274914,0.0148993488748455,-0.0451893273152859,0.0132150470603031,-0.0194030440164156,0.0034159038889242
646,0.91723008453846,1,0,0.121788281477009,0.0578146090195342,-0.0639736724574747,0.0168856852585489,-0.0970690074185094,-0.0308783374964401,-0.0598394770924039,-0.00413419536507085
647,-0.870936519000679,0,0,0.0957648533313809,0.0831449558525729,-0.0126198974788079,0.0164045797477032,-0.0447722829658215,0.0195324880082056,-0.0168895716845781,0.00426967420577017
648,0.394903657026589,0,0,0.113613445574414,0.0643522834559866,-0.0492611621184271,0.0108469127769614,-0.0705207205047187,-0.0280016037321355,-0.0464948808531221,-0.00276628126530504
649,0.744997807778418,1,1,0.119038191934343,0.0598983444086925,-0.0591398475256509,0.0146370174536518,-0.0878278745758926,-0.0304518204754091,-0.0553604547274513,-0.00377939279819957
650,0.338596855755895,0,0,0.112761356492424,0.0650968192375137,-0.0476645372549101,0.0103831743716049,-0.0680151850684551,-0.0273138894413652,-0.0450981015533795,-0.00256643570153063
651,0.605806699488312,1,0,0.116855075163641,0.0616334995673635,-0.0552215755962777,0.0129773776721762,-0.0806567684475173,-0.029786382745038,-0.0517978596595374,-0.00342371593674026
652,0.612523953430355,1,1,0.116959628009226,0.0615486943880311,-0.0554109336211951,0.0130535508706011,-0.0809954231979348,-0.0298264440444555,-0.0519686301977755,-0.00344230342341963
653,-0.0433660154230893,0,1,0.107127284722415,0.0703625483457854,-0.0367647363766292,0.00901107590384831,-0.0544261206101286,-0.0191033521431298,-0.0358277882990534,-0.000936948077575751
654,-0.606203514151275,1,0,0.0992771972779956,0.0788416471845052,-0.0204355500934903,0.0130553987163329,-0.0460236613813133,0.00515256119433264,-0.0227857103655296,0.00235016027203929
655,0.0601971340365708,0,0,0.108629922385566,0.0688971283791342,-0.0397327940064315,0.00903003244515115,-0.0574313323781559,-0.0220342556347071,-0.0383065894753777,-0.00142620453105378
656,0.212315791752189,1,0,0.110870616116149,0.0667958406909993,-0.0440747754251494,0.00955511618324302,-0.0628024590124016,-0.0253470918378973,-0.0419940792599562,-0.00208069616519324
657,-0.774441488087177,1,0,0.0970320450649144,0.0815522081144821,-0.0154798369504323,0.0151207588358401,-0.0451159796875946,0.01415630578673,-0.0190217920233162,0.00354195507288389
658,-0.234196207486093,1,0,0.104406326764413,0.0731384692815384,-0.031267857482875,0.00969521746996815,-0.0502701345462961,-0.0122655804194539,-0.0313258637968402,5.80063139652282e-05
659,0.0829772651195526,0,0,0.108962921804281,0.068578602958276,-0.0403843188460054,0.00907201219684727,-0.0581651360191342,-0.0226035016728767,-0.0388552541211881,-0.00152906472481735
660,-0.779902859590948,0,0,0.0969599274806633,0.081641606429137,-0.0153183210515263,0.015191674559071,-0.0450934560521588,0.0144568139491062,-0.0189006010285103,0.00358227997698402
661,-0.301620077807456,1,0,0.103459651748353,0.0741431452337338,-0.0293165065146192,0.010135431229408,-0.0491815866920414,-0.009451426337197,-0.029755201808802,0.000438695294182813
662,-0.900924202054739,0,0,0.0953740729499827,0.0836456655895511,-0.0117284073604316,0.016816098139713,-0.0446873540747601,0.0212305393538969,-0.0162308269359609,0.00450241957552932
663,0.446664224844426,1,0,0.114401683273987,0.0636748642929315,-0.0507268189810551,0.0113168469380451,-0.0729074313981759,-0.0285462065639344,-0.0477858964493175,-0.00294092253173763
664,0.435667952056974,0,1,0.114233828735088,0.0638182203399568,-0.0504156083951316,0.0112137572171026,-0.0723941686720288,-0.0284370481182343,-0.0475110620488637,-0.00290454634626787
665,-0.796858953312039,1,0,0.0967363265166715,0.0819197334183534,-0.0148165930983181,0.0154132345504088,-0.0450259777023878,0.0153927915057516,-0.0185247292924147,0.00370813619409662
666,0.143860282376409,0,0,0.109857308369663,0.0677339843537332,-0.0421233240159297,0.0092490130548057,-0.0602510564958896,-0.0239955915359697,-0.0403277439554955,-0.00179558006043416
667,-0.525961476378143,1,0,0.10036423295112,0.0775780537243216,-0.0227861792267985,0.0121659460324875,-0.0466309952883319,0.00105863683473497,-0.0246021382069814,0.00181595898018293
668,0.612067472189665,1,1,0.116952520391712,0.0615544539986649,-0.0553980663930471,0.0130483606247831,-0.0809723832749126,-0.0298237495111817,-0.051957021530416,-0.00344104486263112
669,-0.6601004418917,0,0,0.0985529506386498,0.0797009144614702,-0.0188520361771796,0.0136900504833113,-0.045684042071005,0.00797996971664578,-0.0215733936590626,0.00272135748188298
670,0.512815047055483,0,0,0.115415992103195,0.0628187858679514,-0.0525972062352432,0.0119709617817975,-0.0760598601878718,-0.0291345522826146,-0.0494456958107364,-0.00315151042450678
671,-0.95679344702512,1,0,0.0946498238052693,0.0845858373295826,-0.0100639864756867,0.0175973937713745,-0.0445542444893503,0.0244262715379768,-0.0150083946905484,0.00494440821486166
672,-0.518308479338884,1,0,0.100468458334882,0.0774585135191286,-0.0230099448157538,0.0120849314384868,-0.0466959751908238,0.000676085559316246,-0.024776104145197,0.00176615932944323
673,-0.322590521536767,1,0,0.103166764809846,0.0744582031054869,-0.0287085617043587,0.0102905715370451,-0.0488777112973001,-0.00853941211141727,-0.029268780182422,0.000560218478063337
674,-0.50803888682276,1,0,0.100608469933963,0.077298367091705,-0.023310102842258,0.0119773356449173,-0.0467852493370437,0.000165043652527674,-0.025009749654867,0.001699646812609
675,-0.279168198350817,0,0,0.103774044474769,0.073807190150061,-0.0299668543247076,0.00997864921612752,-0.0495246474026763,-0.0104090612467388,-0.0302770837384822,0.000310229413774631
676,-0.730213515460491,0,1,0.0976178425124063,0.0808315117184157,-0.0167863307939906,0.0145547714762983,-0.0453131586907462,0.011740497102765,-0.0200055221951314,0.00321919140114081
677,0.849682368338108,1,1,0.120703260415319,0.0586235932888684,-0.0620796671264505,0.0159816819189741,-0.0934031881000147,-0.0307561461528863,-0.0580734233421661,-0.00400624378428439
678,-0.617397967260331,1,0,0.0991263818218019,0.0790194181158515,-0.0201069637059504,0.0131849059155408,-0.0459489044399595,0.00573497702805865,-0.0225334017104025,0.00242643800445208
679,-0.33574882755056,0,0,0.102983362156914,0.0746565203125769,-0.0283268418443372,0.0103920554668218,-0.0486948962846505,-0.00795878740402391,-0.0289640696182633,0.000637227773926111
680,0.619519784580916,0,0,0.117068603123004,0.0614604880984698,-0.0556081150245346,0.0131333432292235,-0.0813489947504156,-0.0298672352986536,-0.0521466069845508,-0.00346150803998381
681,0.57895405497402,1,0,0.116437928351131,0.0619736052375713,-0.05446432311356,0.0126773221170511,-0.0793114178833933,-0.0296172283437268,-0.0511163573519499,-0.00334796576161012
682,0.653934046626091,1,0,0.117605962242637,0.0610282965610862,-0.0565776656815509,0.0135324689872111,-0.0831008175183898,-0.030054513844712,-0.0530239669642723,-0.00355369871727858
683,0.688482014462352,1,0,0.118147558070711,0.0605972853971507,-0.0575502726735599,0.0139436241684773,-0.0848792738577377,-0.0302212714893821,-0.0539078345763461,-0.00364243809721381
684,0.484336154535413,1,0,0.114978362194988,0.0631860158551683,-0.0517923463398198,0.0116824748927885,-0.0746895763799787,-0.028895116299661,-0.0487297658626973,-0.00306258047712255
685,0.705295871477574,1,0,0.118411923339154,0.060388551896224,-0.0580233714429299,0.0141473072412518,-0.0857515841140062,-0.0302951587718536,-0.0543391242791198,-0.0036842471638101
686,0.00244638416916132,0,0,0.107789725480677,0.0697107818609118,-0.038078943619765,0.00898449256925995,-0.0556882254748822,-0.0204696617646478,-0.036921186416374,-0.00115775720339101
687,0.178150509484112,1,0,0.110363868290954,0.0672625387742189,-0.0431013295167352,0.00938871276819755,-0.0615028684035938,-0.0246997906298767,-0.0411610096044493,-0.00194031991228592
688,0.467454253695905,1,0,0.114719623272489,0.0634046489615901,-0.0513149743108994,0.011516298233014,-0.0738865040828292,-0.0287434445389696,-0.0483063455343138,-0.00300862877658561
689,0.372100340202451,1,0,0.113267689361753,0.064652847822765,-0.0486148415389879,0.0106528209730124,-0.069493986979845,-0.0277356960981307,-0.0459282541234043,-0.00268658741558357
690,0.450174963101745,1,0,0.11445531877098,0.0636291587928741,-0.0508261599781054,0.011350114827285,-0.073071976259978,-0.0285803436962328,-0.0478737061062308,-0.00295245387187463
691,-0.464218652807176,0,0,0.101207846700233,0.0766184280312459,-0.024589418668987,0.0115332780542914,-0.0471942282790843,-0.0019846090588898,-0.0260092944549391,0.00141987578595205
692,0.405693914741278,0,0,0.113777373787494,0.0642105139423477,-0.0495668598451461,0.0109415959451566,-0.0710119938310426,-0.0281217258592497,-0.0467634561549353,-0.00280340369021084
693,0.940349683631212,1,0,0.122161577632871,0.0575401324878221,-0.0646214451450488,0.0172009956668352,-0.0983347771502752,-0.0309081131398223,-0.060446764108566,-0.00417468103648275
694,-0.26143660582602,0,0,0.104022935952698,0.0735428570287957,-0.0304800789239021,0.00986190418150247,-0.0498090559386319,-0.0111511019091723,-0.0306900499616924,0.000209971037790285
695,-0.118397397454828,1,0,0.106050080105703,0.0714421855672715,-0.0346078945384317,0.00917311759898649,-0.0525868746583957,-0.0166289144184677,-0.0340476493983926,-0.000560245140039099
696,0.0693238885141909,0,0,0.108763229639523,0.0687693484818011,-0.0399938811577218,0.00904523677549463,-0.0577222194693285,-0.0222655428461151,-0.0385262605681779,-0.00146762058954393
697,0.836922418791801,1,0,0.120499235814056,0.0587775999967474,-0.0617216358173087,0.0158139525046845,-0.0927164131797173,-0.0307268584549001,-0.0577411826474369,-0.00398045316987183
698,0.611322583630681,0,0,0.11694092294763,0.0615638536439021,-0.0553770693037275,0.0130398954513939,-0.0809347947506272,-0.0298193438568277,-0.051938079601445,-0.00343898970228246
699,-0.0218946868553758,1,0,0.107437309842116,0.0700563804323352,-0.0373809294097807,0.00899170721132832,-0.0550043517035133,-0.0197575071160481,-0.0363396259678153,-0.0010413034419654
700,0.236437280196697,1,0,0.111229617470971,0.0664681533685346,-0.0447614641024367,0.00968824133621446,-0.0637500681949493,-0.0257728600099242,-0.0425839612682956,-0.00217750283414112
701,0.142524741124362,0,0,0.109837620088632,0.0677524081518233,-0.0420852119368085,0.00924414269432595,-0.0602033986856365,-0.0239670251879806,-0.0402953473686503,-0.00178986456815824
702,-0.962332345545292,0,0,0.0945782904119205,0.084679567106611,-0.00989872330530951,0.0176758495923429,-0.0445427519024487,0.0247453052918296,-0.0148875447935076,0.00498882148819809
703,0.709623510017991,0,0,0.118480049869426,0.0603349359422809,-0.0581451139271455,0.0142000977557038,-0.0859767941052731,-0.0303134337490179,-0.0544502516553108,-0.00369486227183469
704,0.188180006574839,1,0,0.110512417509286,0.0671252229011137,-0.0433871946081718,0.00943480263045758,-0.0618790679651124,-0.0248953212512312,-0.0414052693690548,-0.00198192523911701
705,-0.936681144870818,1,0,0.0949099763015827,0.084246286248958,-0.0106636900526246,0.0173140050889925,-0.044598516455193,0.0232711363499438,-0.0154477312858982,0.00478404123327357
706,-0.765656258910894,1,0,0.097148154747012,0.0814085880297508,-0.0157395667172612,0.0150071469624479,-0.0451530342743588,0.0136739008398363,-0.0192168712516322,0.00347730453437097
707,-0.977972376160324,1,0,0.0943765649053442,0.0849447382257402,-0.00943182667960392,0.0178983265954718,-0.0445119021902641,0.0256482488310562,-0.0145466363412673,0.00511480966166338
708,-0.0391065757721663,1,1,0.107188724227735,0.0703017131855653,-0.0368870110421701,0.00900626697254369,-0.0545389699435083,-0.0192350521408319,-0.0359292394876628,-0.00095777155450727
709,-0.692872950341552,1,0,0.0981148699526695,0.0802275733225827,-0.0178872966300869,0.0140890325362297,-0.04550129297811,0.00972669971793628,-0.0208392453287909,0.00295194869870403
710,-0.0677255596965551,1,0,0.106776510087524,0.0707113976724336,-0.0360651124150903,0.00904772172253633,-0.0537983211334022,-0.0183319036967784,-0.0352484107932473,-0.000816701621843004
711,-0.629427579697222,0,1,0.0989645421338751,0.0792108600112131,-0.0197536821226621,0.0133254527748526,-0.0458710896390624,0.00636372539373829,-0.0222625676970444,0.00250888557438234
712,0.0990779437124729,0,0,0.109198821258924,0.0683542970333062,-0.040844524225618,0.00910974207213478,-0.0586992905954514,-0.0229897578557845,-0.0392437916413163,-0.00160073258430166
713,-0.196984897833318,1,0,0.10493206865472,0.0725893715101722,-0.0323426971445473,0.00949348015840034,-0.0509495763429576,-0.013735817946137,-0.0321971383965355,-0.000145558748011795
714,-0.59557249257341,1,0,0.0994206109708908,0.0786731623291241,-0.0207474486417667,0.0129335803727988,-0.0460968003636065,0.00460190308007303,-0.023025568029955,0.00227811938818826
715,-0.368123473133892,0,0,0.102533347158391,0.0751465279229888,-0.0273868192354018,0.0106547429080803,-0.0482697315997727,-0.00650390687103089,-0.0282160092073954,0.000829189971993598
716,-0.851057165302336,1,0,0.0960246968981843,0.0828145304973398,-0.0132101664008445,0.0161349366844569,-0.0448340611952141,0.0184137283935252,-0.0173272753047004,0.00411710890385595
717,-0.485587795265019,0,1,0.100915162967617,0.0769493156216098,-0.0239658473460071,0.0117467061415422,-0.0469889683204052,-0.000942726371609026,-0.0255213381343737,0.00155549078836659
718,-0.680636268574744,1,0,0.098278238233242,0.080030557523707,-0.0182476807095351,0.0139389570793195,-0.0455675345670509,0.00907217314798077,-0.0211130981965335,0.00286541748699844
719,-0.0436870115809143,0,1,0.107122655828254,0.0703671349229499,-0.0367555209053046,0.00901145765458148,-0.0544176533564921,-0.0190933884541171,-0.0358201445493642,-0.000935376355940411
720,-0.0849450123496354,1,0,0.106529162393878,0.0709589581407648,-0.0355702042531135,0.00908294963853667,-0.0533724584180365,-0.0177679500881905,-0.0348396935212486,-0.000730510731864913
721,0.317792833317071,0,0,0.112447943812444,0.065373929587536,-0.0470740142249083,0.0102255505005661,-0.0671157249281133,-0.0270323035217033,-0.044584023550941,-0.0024899906739673
722,-0.87777366116643,1,0,0.0956756302530428,0.0832588764329879,-0.012416753820055,0.0164979068515897,-0.0447520570694674,0.0199185494293574,-0.0167392179137817,0.00432246409372673
723,0.826880522537977,1,0,0.120338880729358,0.0588990676935533,-0.0614398130358049,0.0156826644975063,-0.0921772706325421,-0.0307023554390676,-0.0574800193107112,-0.00395979372509369
724,-0.343288061209023,0,0,0.102878409168726,0.0747703676162442,-0.0281080415524814,0.0104516008965357,-0.0485928028904779,-0.00762328021448492,-0.0287896562021309,0.000681614649649477
725,0.375413646921515,0,0,0.1133178704572,0.064609095016788,-0.0487087754404118,0.0106805050209439,-0.0696421806181611,-0.0277753702626626,-0.0460105037963852,-0.00269827164402663
726,-0.137164188083261,0,0,0.105782147152621,0.0717146045282195,-0.0340675426244012,0.00923603217399633,-0.0521698330454872,-0.0159652522033152,-0.0336044499541418,-0.000463092670259416
727,0.393162912223488,0,0,0.113587019053998,0.0643751817954017,-0.0492118372585967,0.0108318063227747,-0.0704417875387483,-0.0279818869784452,-0.0464515801469604,-0.00276025711163631
728,-0.271061269100755,0,0,0.103887772889223,0.073686228050213,-0.0302015448390095,0.00992448381722577,-0.0496531756859226,-0.0107499139920964,-0.0304658046631189,0.000264259824109374
729,-0.938203564845026,1,0,0.0948902614387053,0.0842719455361679,-0.0106183159025374,0.0173353738405937,-0.0445950242886389,0.0233583924835641,-0.0154144468027224,0.00479613090018498
730,-0.261181105859578,1,1,0.104026526159752,0.0735390545486216,-0.0304874716111307,0.00986026872901399,-0.0498132431978847,-0.0111617000243768,-0.0306960057216066,0.000208534110475854
731,-0.40621892362833,0,1,0.10200604309189,0.0757269062284925,-0.026279136863398,0.0109862060610753,-0.0478117050698411,-0.00474656865695481,-0.0273387496640256,0.00105961280062764
732,0.175958985928446,0,0,0.110331432418417,0.0672925780459979,-0.043038854372419,0.00937895238676859,-0.0614212632632014,-0.0246564454816366,-0.0411076694731257,-0.00193118489929327
733,0.751663953997195,0,0,0.119143625898808,0.0598164023657687,-0.0593272235330389,0.014720400740003,-0.0881786788214416,-0.0304757682446362,-0.0555323474755657,-0.00379487605747324
734,0.925255852285773,1,0,0.121917756525604,0.0577191878976264,-0.064198568627978,0.0169948143574561,-0.0975077926925363,-0.0308893445634198,-0.0600501280710245,-0.00414844055695354
735,-0.888587672263384,1,0,0.0955346617409376,0.0834393494240268,-0.0120953123169108,0.0166461226081364,-0.0447211131110962,0.0205304884772745,-0.0165016042485864,0.00440629193167557
736,0.426482023671269,0,0,0.114093773007368,0.0639382058116416,-0.0501555671957262,0.0111289540176321,-0.0719679162558876,-0.0283432181355649,-0.0472817082081923,-0.00287385898753394
737,0.18443681159988,0,0,0.110456955706416,0.0671764412851665,-0.0432805144212498,0.00941732920684428,-0.0617381404972217,-0.0248228883452779,-0.0413140784796605,-0.00196643594158932
738,0.957949907518923,0,0,0.12244641621484,0.0573320028751825,-0.0651144133396574,0.0174429435338141,-0.0993019544502989,-0.0309268722290158,-0.0609100408415097,-0.00420437249814767
739,0.345815376844257,1,0,0.11287028160424,0.0650009239095119,-0.0478693576947281,0.0104396552875547,-0.0683307060693485,-0.0274080093201077,-0.0452767263097091,-0.00259263138501901
740,0.786988557316363,1,0,0.119703680001115,0.0593839322138561,-0.0603197477872594,0.0151675395405463,-0.0900475790208174,-0.0305919165537014,-0.0564451827139515,-0.00387456507330788
741,-0.834255444351584,1,0,0.0962448038264644,0.0825361920715691,-0.0137086117548953,0.0159090642197632,-0.044889804653366,0.0174725811435754,-0.0176978462723214,0.00398923451742609
742,-0.538790008053184,1,0,0.100189737955566,0.0777788151036154,-0.0224109228519509,0.0123033103888981,-0.0465249681048087,0.00170312240090683,-0.0243108080860314,0.00189988523408046
743,0.732107680290937,1,0,0.118834546304659,0.0600570914631177,-0.0587774548415412,0.014476710410676,-0.0871512858610823,-0.0304036238220001,-0.0550284027427588,-0.00374905209878243
744,0.954459350090474,0,1,0.122389880323325,0.0573732238127413,-0.065016656510584,0.0173948301826757,-0.0991098971858186,-0.0309234158353493,-0.0608180950235793,-0.00419856148700466
745,-0.923428027424961,0,0,0.0950817549699565,0.0840232140647488,-0.0110585409052077,0.0171285629770634,-0.0446299074471782,0.0225128256367627,-0.0157376800366158,0.00467913913140807
746,0.0254895957186818,0,1,0.108124286500442,0.0693850643864227,-0.0387392221140198,0.00899211894741448,-0.0563634513956524,-0.0211149928323872,-0.0374730287843754,-0.00126619332964435
747,-0.659295488614589,1,1,0.0985637325984588,0.0796880185664603,-0.0188757140319984,0.0136803709423988,-0.0456887483742484,0.0079373203102515,-0.0215914542659817,0.00271574023398327
748,-0.714038402307779,1,1,0.0978328676351124,0.0805693914501943,-0.0172634761849181,0.0143516138249379,-0.0453921224018234,0.0108651700319872,-0.0203663135332505,0.00310283734833238
749,0.536261919885874,0,0,0.115777382316933,0.0625179383851864,-0.0532594439317462,0.0122157764671894,-0.0772019258506293,-0.029316962012863,-0.0500366783396961,-0.00322276559205006
750,0.583138327579945,1,0,0.116502844479838,0.0619204937406886,-0.0545823507391493,0.0127235993974899,-0.0795201473119451,-0.0296445541663535,-0.0512224291421644,-0.00335992159698487
751,-0.766005793120712,1,0,0.0971435327725813,0.0814142977757177,-0.0157292349968637,0.0150116561748464,-0.045151540447861,0.0136930704541336,-0.0192091066536475,0.00347987165678382
752,-0.127037739381194,1,0,0.105926647962457,0.0715674900225324,-0.0343591579399246,0.00920099709935442,-0.0523927808765168,-0.0163255350033325,-0.033843496420333,-0.000515661519591627
753,0.493854479398578,1,0,0.115124467673009,0.0630630566418079,-0.0520614110312008,0.0117777771719655,-0.0751454301061911,-0.0289773919562104,-0.0489688170703888,-0.00309259396081196
754,0.435325055383146,0,0,0.114228597979122,0.063822695442077,-0.0504059025370454,0.0112105699605886,-0.0723782159059656,-0.0284335891681252,-0.0475024967972617,-0.00290340573978368
755,-0.54087669076398,0,0,0.100161380190523,0.0778115158022284,-0.0223498643882945,0.0123258360441699,-0.0465080591142131,0.00180833033762406,-0.024263454153462,0.00191358976516747
756,-0.945354258175939,1,0,0.094797711233327,0.0843925602582601,-0.0104051509750669,0.0174359231391655,-0.0445789323650399,0.0237686304149061,-0.0152581745130043,0.0048530235379374
757,0.483170805498958,0,0,0.114960485275884,0.063201085369804,-0.0517593999060801,0.0116708856036524,-0.0746339153569258,-0.0288848844552343,-0.048700514128434,-0.00305888577764607
758,-0.0755720701999962,0,0,0.106663736753976,0.0708241061967531,-0.0358396305572229,0.00906282214306519,-0.0536024355559228,-0.0180768255585231,-0.0350620818203998,-0.000777548736823133
759,0.2763581876643,0,0,0.111825996702786,0.0659291117432585,-0.0458968849595273,0.00993552177599407,-0.0653701498080891,-0.0264236201109655,-0.043563346726959,-0.00233353823256829
760,0.8206050330773,1,0,0.120238763461483,0.0589750960239224,-0.0612636674375607,0.0156009424823404,-0.0918409528278288,-0.0306863820472925,-0.0573169466762908,-0.00394672076126985
761,0.351131364237517,0,0,0.112950556813969,0.0649303870847109,-0.0480201697292579,0.0104818258086983,-0.0685641708065289,-0.0274761686519869,-0.0454083551782937,-0.00261181455096419
762,-0.597833756823093,1,0,0.0993900908349852,0.0787089721907618,-0.0206811186442234,0.0129593949093653,-0.0460810659280112,0.00471882863956428,-0.0229745290127946,0.00229341036857116
763,-0.652246715500951,0,0,0.0986581923928893,0.0795751738570097,-0.0190830185358796,0.013595862230975,-0.0457304188473589,0.00756438177559973,-0.02174966510703,0.00266664657115042
764,-0.6332031423226,1,0,0.0989137963383688,0.0792710324932252,-0.0196427638451436,0.0133698532560208,-0.04584719470553,0.00656166701524283,-0.0221776284590635,0.00253486461391993
765,0.314309027045965,1,0,0.112395534679994,0.0654204411294205,-0.0469750935505735,0.0101999196753473,-0.0669665687594557,-0.0269836183416913,-0.0444980419281217,-0.00247705162245183
766,-0.982210353482515,1,0,0.0943219697737773,0.08501672122147,-0.00930524855230731,0.0179588489264963,-0.0445039456520358,0.0258934485474212,-0.0144543447136391,0.00514909616133179
767,0.0143784424290061,0,0,0.107962851516612,0.0695419451467428,-0.0384209063698695,0.00898668751183266,-0.0560344902333774,-0.0208073225063617,-0.0372067801801199,-0.00121412618974964
768,-0.923940333537757,0,0,0.0950751096099447,0.0840318270584077,-0.011043282551537,0.0171357119213123,-0.0446286607667628,0.0225420956636887,-0.0157264653303324,0.00468318277879537
769,-0.961526338942349,0,0,0.0945886967608269,0.0846659219273396,-0.00992277483348729,0.0176644219664029,-0.0445444056953552,0.0246988560283806,-0.0149051267399591,0.00498235190647181
770,-0.287463900167495,1,0,0.103657781829984,0.0739311580481498,-0.0297266237818344,0.0100354307887401,-0.0493957066971094,-0.0100575408665593,-0.0300841221242769,0.000357498342442544
771,0.194530879147351,0,0,0.110606572284178,0.0670384063919373,-0.0435681658922403,0.00946518366349355,-0.0621195849797445,-0.0250167468047361,-0.0415600659027497,-0.00200809998949059
772,0.0628292793408036,1,0,0.108668353312029,0.068860254263016,-0.0398080990490125,0.00903419498111226,-0.0575147958413051,-0.02210140225672,-0.0383699219600766,-0.00143817708893593
773,0.731174829881638,0,0,0.118819820300311,0.0600685951572622,-0.0587512251430489,0.014465157216815,-0.0871024123187159,-0.0304000379673819,-0.0550043893106661,-0.00374683583238281
774,0.129088582005352,1,0,0.109639718965814,0.0679380187407131,-0.0417017002251014,0.00919757130979286,-0.0597286087375343,-0.0236747917126685,-0.0399696623894026,-0.00173203783569879
775,0.633253097999841,0,0,0.117282785170415,0.061287676363356,-0.0559951088070593,0.0132913203035052,-0.0820456179089154,-0.0299445997052032,-0.0524963567000877,-0.00349875210697163
776,-0.92152545414865,0,0,0.0951064377681381,0.0839912346370569,-0.0111152031310812,0.0171020273858171,-0.0446345608699003,0.0224041546077379,-0.0157793332154531,0.00466413008437192
777,0.0591018572449684,1,0,0.108613934193252,0.068912477661704,-0.0397014565315484,0.00902835355319179,-0.0573967043354985,-0.0220062087275983,-0.0382802407084934,-0.00142121582305498
778,-0.19012016011402,0,0,0.105029312422106,0.0724884900549557,-0.0325408223671498,0.00945966317965482,-0.0510814215051529,-0.0140002232291467,-0.0323582169370805,-0.000182605430069323
779,-0.155299617908895,0,0,0.105523795366965,0.0719787690435616,-0.0335450263234038,0.0093050611885485,-0.0517826111269003,-0.0153074415199073,-0.0331769346327475,-0.000368091690656283
780,0.712021863088012,1,0,0.118517819820904,0.0603052414681229,-0.0582125783527816,0.0142294174116996,-0.0861017240006999,-0.0303234327048633,-0.0545118589658359,-0.00370071938694571
781,-0.664572417270392,0,0,0.0984930698192128,0.0797725932441591,-0.0187204765750537,0.013743932690201,-0.0456580896537903,0.00821713650368295,-0.0214730816535695,0.0027526050785158
782,0.488442129921168,0,0,0.115041368771322,0.0631329468246141,-0.0519084219467079,0.0117234459396573,-0.0748859537631384,-0.0289308901302773,-0.0488328585323891,-0.00307556341431878
783,0.767606505192816,1,1,0.119396106077512,0.0596208578054813,-0.0597752482720304,0.0149211164399489,-0.0890200991034588,-0.0305303974406021,-0.0559439162028496,-0.00383133206918082
784,0.495681800879538,0,1,0.115152535374827,0.0630394765650587,-0.0521130588097682,0.0117962031914033,-0.075233192219235,-0.0289929254003013,-0.0490147363173899,-0.00309832249237826
785,0.377078709192574,1,0,0.113343095680601,0.0645871179805233,-0.0487559777000773,0.0106944845700802,-0.0697167822906538,-0.0277951731095008,-0.0460518477405767,-0.00270412995950057
786,0.773571039550006,1,0,0.1194906844787,0.0595478533776979,-0.0599428311010019,0.0149966721417074,-0.0893357683867035,-0.0305498938153003,-0.0560980675825871,-0.0038447635184148
787,-0.114459733944386,1,0,0.106106373882175,0.0713851477608335,-0.0347212261213413,0.00916103177800836,-0.0526765184674647,-0.016765933775218,-0.0341407454692752,-0.000580480652066145
788,0.810601043514907,0,0,0.120079311518136,0.0590964858229488,-0.0609828256951876,0.0154711892546692,-0.0913057994323423,-0.0306598519580328,-0.0570572031819172,-0.00392562251327037
789,-0.111015356145799,1,0,0.106155637119831,0.0713352897626522,-0.0348203473571789,0.00915077971138957,-0.0527555460219623,-0.0168851486923955,-0.0342222085547905,-0.000598138802388369
790,0.195357085671276,0,0,0.110618826359878,0.0670271198019377,-0.04359170655794,0.00946920364996598,-0.0621510046741485,-0.0250324084417314,-0.0415802111250166,-0.00201149543292335
791,-0.558255569078028,0,0,0.09992548031509,0.0780843520087524,-0.0218411283063376,0.0125153744177263,-0.0463708114181151,0.00268855480543989,-0.023869433690032,0.00202830538369438
792,-0.392590339295566,0,1,0.102194408532031,0.075518805604989,-0.0266756029270422,0.0108649572160499,-0.0479705277640685,-0.00538067809001589,-0.0276522178681027,0.000976614941060515
793,0.69424700550735,0,0,0.118238143733573,0.0605256407191562,-0.0577125030144168,0.0140132042173299,-0.0851778785883883,-0.0302471274404454,-0.0540556281614227,-0.00365687485299412
794,-0.485232729464769,0,0,0.100920020002753,0.0769438069672988,-0.0239762130354544,0.0117431105619745,-0.0469922868033963,-0.00096013926751248,-0.0255294377742348,0.0015532247387804
795,0.796635815408081,1,0,0.119857027436986,0.0592663334817545,-0.0605906939552317,0.0152911516672663,-0.0905608005052131,-0.0306205874052502,-0.0566950547542739,-0.00389563920095775
796,-0.279510418884456,1,0,0.103769246041372,0.0738123003817805,-0.029956945659592,0.00998096464968209,-0.0495192769039363,-0.0103946144152477,-0.0302691204669173,0.000312174807325323
797,-0.711195315700024,1,0,0.0978707060350487,0.0805233989919149,-0.0173473070431338,0.0143161251761782,-0.0454063967866103,0.0107117827003427,-0.0204297862092755,0.00308247916614169
798,0.807761954609305,1,0,0.120034093022439,0.0591309783573293,-0.0609031146651097,0.0154344841981525,-0.0911541478134412,-0.0306520815167782,-0.0569835375604013,-0.0039195771047084
799,-0.278058784548193,0,0,0.103789601431063,0.0737906259905695,-0.0299989754404939,0.00997115906685448,-0.0495420880956487,-0.0104558627853392,-0.0303029009681679,0.000303925527673957
800,0.962985202204436,1,0,0.122528011508948,0.0572725887177137,-0.0652554227912341,0.0175124607379681,-0.0995792151183232,-0.0309316304641449,-0.061042735193268,-0.00421268759796606
801,0.995380422100425,1,0,0.123054084655617,0.056891720930609,-0.0661623637250077,0.0179627993098243,-0.101368803433784,-0.030955924016231,-0.0618980867362377,-0.00426427698876999
802,0.437837882898748,1,0,0.114266935027655,0.0637899076198872,-0.0504770274077677,0.0112339655887716,-0.0724951953653224,-0.028458859450213,-0.047565271855098,-0.00291175555266966
803,0.397083663381636,1,0,0.113646548153081,0.0643236176203788,-0.049322930532702,0.0108658975975852,-0.0706196984836692,-0.0280261625817347,-0.0465491188278583,-0.00277381170484366
804,-0.477178204338998,1,1,0.101030255656806,0.0768189424271687,-0.0242113132296376,0.0116619896367372,-0.0470683929057219,-0.00135423355355322,-0.0257132488208604,0.00150193559122284
805,-0.421151821501553,0,1,0.101800003685361,0.0759555273201087,-0.0258444763652522,0.0111223464739998,-0.0476438748778679,-0.00404507785263644,-0.026995753003035,0.00115127663778283
806,-0.806133786682039,1,0,0.0966142136624888,0.0820722312862737,-0.0145419823762151,0.0155352979837545,-0.0449906069134715,0.0159066421610414,-0.0183193823445165,0.00377739996830141
807,0.407990115694702,0,0,0.113812284822371,0.0641803825021648,-0.0496319023202065,0.0109619742555712,-0.0711169770605813,-0.0281468275798316,-0.0468206475530407,-0.00281125476716575
808,-0.0107462187297642,0,1,0.107598593966414,0.0698978964254154,-0.0377006975409983,0.00898645543152687,-0.0553138265354653,-0.0200875685465313,-0.0366058132959375,-0.00109488424506078
809,0.577316003851593,1,0,0.116412523662715,0.0619944088117087,-0.0544181148510064,0.0126592546810905,-0.0792297980970639,-0.029606431604949,-0.0510748448465733,-0.00334327000443314
810,-0.940861667040735,0,0,0.0948558486336796,0.0843167629363964,-0.0105390856972832,0.0173727157186131,-0.0445889828194178,0.0235108114248515,-0.0153563442297129,0.00481725853242974
811,0.888896839693189,1,0,0.121332144436268,0.0581526580122968,-0.0631794864239711,0.0165032898154389,-0.0955253400886579,-0.0308336327592843,-0.0590972058650355,-0.00408228055893559
812,0.00225483905524015,0,0,0.107786948283149,0.069713495283612,-0.0380734529995375,0.00898448808382634,-0.0556827260633664,-0.0204641799357086,-0.036916604531525,-0.00115684846801251
813,0.430464648175985,1,0,0.114154476784159,0.0638861594713073,-0.0502683173128521,0.0111655723298842,-0.0721524369462022,-0.0283841976795021,-0.0473811200735232,-0.00288719723932893
814,-0.730523084755987,1,0,0.0976137313422511,0.0808365359150999,-0.0167771954271512,0.0145586801795669,-0.0453116842415395,0.0117572933872372,-0.0199986224905836,0.00322142706343243
815,-0.282406298443675,1,0,0.103728649419715,0.0738555563405756,-0.0298730930791395,0.0100006510906661,-0.0494740090387963,-0.0102721771194827,-0.0302017456369384,0.00032865255779891
816,0.892009382136166,0,0,0.121382181185747,0.058115431228003,-0.063266749957744,0.016545076129537,-0.0956945032931098,-0.0308389966223783,-0.0591786423931457,-0.00408810756459833
817,0.180043888743967,1,1,0.110391898173023,0.0672365961932514,-0.0431553019797713,0.00939723534107897,-0.061573544802533,-0.0247370591570095,-0.0412071025070888,-0.00194819947268246
818,-0.684353261720389,1,0,0.098228588155848,0.0800903559435462,-0.0181382322123019,0.0139844068979174,-0.0455471660773735,0.00927070165276979,-0.0210298797426546,0.00289164753035274
819,-0.556884666439146,0,0,0.0999440709088102,0.0780627980248002,-0.02188127288401,0.0125002991307287,-0.0463814089762156,0.00261886320819568,-0.0239004916285217,0.00201921874451173
820,-0.581102857831866,0,0,0.0996161041145335,0.0784443706638916,-0.021171733450642,0.0127696543116978,-0.0461997959965962,0.00385632909531234,-0.0233524217584179,0.00218068830777595
821,-0.781217272393405,0,0,0.096942577762543,0.0816631356495174,-0.0152794421130256,0.0152087749051977,-0.0450880931761897,0.0145292089501386,-0.0188714426830828,0.00359200057005722
822,-0.233452846296132,1,0,0.104416806564447,0.0731274627338066,-0.0312893438306399,0.0096908895140446,-0.0502831382563242,-0.0122955494049556,-0.031343238116057,5.38942854170707e-05
823,0.234988946001977,0,0,0.111208033171459,0.0664877865968689,-0.0447202465745906,0.00967989360439869,-0.0636924894133916,-0.0257480037357896,-0.0425485026170687,-0.00217174395752192
824,-0.342642321251333,0,0,0.102887394746858,0.0747606102798632,-0.0281267844669948,0.0104464614240938,-0.0486014726241056,-0.00765209630988398,-0.0288045898388282,0.000677805371833408
825,-0.0880944905802608,0,0,0.106483976550797,0.0710043240422406,-0.0354796525085565,0.0090902212440776,-0.0532961587584495,-0.0176631462586635,-0.0347650130236838,-0.000714639484872701
826,-0.468159175012261,1,0,0.101153818516444,0.076679346237139,-0.0244744722793047,0.0115721753633718,-0.0471555192142951,-0.00179342534431436,-0.0259192389888273,0.00144476670952257
827,-0.989752020686865,1,0,0.0942248853045669,0.0851449549846579,-0.00907993031990896,0.0180667993829473,-0.044490206426396,0.0263303457865781,-0.0142901964445996,0.00521026612469064
828,0.566410379949957,0,0,0.116243509972816,0.0621330787287494,-0.0541104312440662,0.0125396804397541,-0.0786877532836257,-0.0295331092045068,-0.0507986437518563,-0.00331178749220992
829,0.400075124111027,1,0,0.113691986047046,0.0642843009786682,-0.0494076850683782,0.0108920686092454,-0.0707557472596385,-0.0280596228771179,-0.0466235649767234,-0.00278412009165481
830,-0.912582618184388,1,0,0.0952225333741755,0.0838410669279839,-0.0113814664461916,0.0169775913951272,-0.0446569341248781,0.0218940012324949,-0.0159752174318273,0.00459375098563572
831,-0.865649151615798,1,0,0.0958339032207792,0.0830569548534271,-0.0127769483673521,0.0163326121667678,-0.0447882799876776,0.0192343832529734,-0.0170059101412859,0.00422896177393375
832,-0.769066079054028,0,0,0.0971030742597658,0.0814643040508764,-0.0156387702088894,0.0150511748978935,-0.0451385309337741,0.0138609905159953,-0.0191411359108798,0.0035023657019904
833,-0.219425927381963,1,0,0.104614730334843,0.0729200595440678,-0.0316946707907748,0.00961147268717802,-0.0505328110960341,-0.0128565304855155,-0.0316713203664589,-2.33504243159002e-05
834,-0.511552958283573,0,1,0.10056054096837,0.0773531321718395,-0.0232074087965301,0.0120140073151784,-0.0467544304442805,0.000339612851220365,-0.0249297745356788,0.00172236573914871
835,-0.354793090373278,0,0,0.102718431214102,0.0749444085935312,-0.0277740226205708,0.0105443905336136,-0.0484406483053785,-0.00710739693576305,-0.0285237425537086,0.00074971993313783
836,-0.271617390681058,1,0,0.103879967794309,0.0736945200121823,-0.0301854477821265,0.00992815725447788,-0.0496442784337531,-0.0107266171304998,-0.0304528539795955,0.000267406197469049
837,-0.0157361216843128,1,0,0.107526379075393,0.0699687906812271,-0.0375575883941658,0.0089883993627325,-0.0551745274237843,-0.0199406493645473,-0.0364866352427493,-0.00107095315141647
838,-0.666727304924279,0,0,0.0984642269307165,0.0798071537449664,-0.0186570731857501,0.0137699609694933,-0.0456457007544792,0.00833155438297893,-0.021424759938956,0.00276768675320588
839,-0.808176511898637,1,0,0.0965873375593545,0.0821058527256473,-0.0144814848337072,0.0155622633552744,-0.0449829605279725,0.0160199908605581,-0.0182741798026633,0.00379269496895607
840,-0.663311023730785,1,0,0.0985099568980551,0.0797523691160822,-0.018757587781973,0.0137287160495533,-0.0456653767930745,0.0081502012291286,-0.0215013720027894,0.00274378422081645
841,0.74736836226657,0,0,0.119075676156194,0.0598691928873297,-0.0592064832688644,0.014666632305677,-0.0879525543624829,-0.0304604121752459,-0.0554215682527705,-0.0037849150160939
842,0.937926083803177,1,0,0.122122399277853,0.057568848027428,-0.0645535512504251,0.0171678069884207,-0.0982018346412646,-0.0309052678595856,-0.0603830352340563,-0.0041705160163688
843,0.387080948799849,1,0,0.11349472988036,0.0644552455532644,-0.0490394843270953,0.0107793983316481,-0.0701667168321367,-0.0279122518220538,-0.0463003520618316,-0.00273913226526368
844,0.838403083849698,1,0,0.120522895564394,0.0587597096164727,-0.0617631859479213,0.0158333641869262,-0.0927960095084029,-0.0307303623874397,-0.0577797135919326,-0.00398347235598868
845,0.461009871214628,1,0,0.114620987759003,0.06348829433897,-0.0511326934200329,0.0114538494470025,-0.0735818258205019,-0.028683561019564,-0.0481449025027951,-0.00298779091723785
846,0.0766730974428356,1,0,0.10887067806787,0.0686666148250232,-0.0402040632428464,0.00905905086762523,-0.0579594766775081,-0.0224486498081846,-0.038703292674017,-0.00150077056882935
847,0.461546118371189,0,0,0.114629192557653,0.0634813301542481,-0.0511478624034046,0.0114590247633382,-0.0736071382375001,-0.0286885865693091,-0.0481583324179839,-0.00298952998542067
848,0.578836611937732,0,0,0.116436106755901,0.0619750965704304,-0.0544610101854701,0.0126760258171762,-0.0793055642542353,-0.0296164561167049,-0.0511133808079702,-0.00334762937749989
849,-0.0398942437022924,1,0,0.107177360320023,0.0703129593343912,-0.0368644009856314,0.00900712026081331,-0.0545180323012465,-0.0192107696700163,-0.0359104756291439,-0.000953925356487528
850,0.610149120911956,1,0,0.116922654898728,0.0615786641276498,-0.0553439907710787,0.0130265706414345,-0.0808756000703571,-0.0298123814718002,-0.0519082422801527,-0.00343574849092597
851,-0.0490863532759249,0,0,0.107044821518615,0.0704443252413108,-0.0366004962773044,0.00901828480978418,-0.054276009706806,-0.0189249828478027,-0.0356916084785086,-0.000908887798795756
852,0.975544651970267,0,0,0.122731737141919,0.0571246449283084,-0.0656070922136104,0.0176864244407164,-0.100271847132704,-0.0309423372945172,-0.0613740120350412,-0.00423308017856919
853,-0.555349291302264,1,0,0.0999648955380464,0.0780386645911417,-0.0219262309469048,0.012483440137357,-0.0463933240192862,0.00254086212547668,-0.0239352805194039,0.00200904957249913
854,0.0318837575614452,0,0,0.108217284006617,0.069294932375744,-0.0389223516308727,0.00899672303663217,-0.0565556047615536,-0.0212890985001918,-0.0376263802545813,-0.00129597137629139
855,-0.0707297655753791,0,0,0.10673331998595,0.0707545309723863,-0.0359787890135639,0.00905331437670402,-0.0537229591326224,-0.0182346188945053,-0.0351770537278135,-0.000801735285750373
856,0.350045271683484,1,0,0.112934151991286,0.0649447924479659,-0.0479893595433198,0.0104731706953782,-0.0685163969102015,-0.0274623221764382,-0.0453814567783436,-0.00260790276497624
857,-0.225099288858473,0,0,0.104534637735074,0.073003880986582,-0.0315307567484918,0.00964307662621617,-0.0504308396360355,-0.0126306738609481,-0.0315385694123309,7.81266383911156e-06
858,-0.0554378414526582,0,0,0.106953325241981,0.0705352278524744,-0.0364180973895067,0.00902729520487109,-0.0541112708688651,-0.0187249239101482,-0.035540493231403,-0.000877604158103673
859,-0.835767180193216,0,0,0.0962249812515019,0.0825612006936579,-0.0136637805578441,0.0159293098531434,-0.0448846541685842,0.0175570930528961,-0.0176644804240863,0.00400069986624222
860,-0.728268357459456,1,0,0.0976436783092335,0.0807999490305619,-0.0168437292786716,0.0145302289112363,-0.0453224546318175,0.0116349960744742,-0.0200488806158215,0.0032051513371499
861,-0.0168039868585765,1,0,0.107510930251727,0.0699839710559786,-0.0375269591957482,0.00898890100184863,-0.0551448814199675,-0.0199090369715289,-0.0364611381461036,-0.0010658210496446
862,0.2404351294972,0,0,0.111289215819474,0.0664139875424668,-0.0448752282770072,0.00971151501829309,-0.0639094479481815,-0.0258410086058329,-0.042681864764559,-0.00219336351244821
863,0.738568861968815,0,0,0.118936586057966,0.059977470267709,-0.0589591157902572,0.0145569100780469,-0.0874901352694173,-0.0304280963110971,-0.0551947892806164,-0.00376432650964083
864,-0.30765143642202,1,0,0.103375338576149,0.0742336339202495,-0.0291417046558991,0.0101792059054535,-0.0490925816218053,-0.00919082768999287,-0.0296151996639563,0.000473495008057226
865,0.9590052831918,1,0,0.122463514356698,0.0573195451354434,-0.0651439692212549,0.0174575031564043,-0.0993600466678016,-0.0309278917747083,-0.0609378473051399,-0.00420612191611504
866,0.758695568423718,0,0,0.119254927734803,0.0597300816541738,-0.0595248460806288,0.0148087044526255,-0.0885493734654727,-0.0305003186957848,-0.0557137911175159,-0.00381105496311288
867,-0.00938742700964212,0,0,0.107618266063976,0.0698786028463306,-0.0377396632176455,0.00898604029840128,-0.0553519785661376,-0.0201273478691535,-0.0366382766365449,-0.00110138658110065
868,-0.618294288869947,0,0,0.099114315094759,0.0790336677783883,-0.0200806473163707,0.0131953291892818,-0.0459430172915131,0.00578172265877172,-0.0225132113373779,0.00243256402100723
869,0.308517441153526,1,0,0.112308455350428,0.0654978314484055,-0.0468106239020228,0.0101578055413806,-0.06671955692509,-0.0269016908789555,-0.0443551700212582,-0.00245545388076457
870,-0.780353817623109,1,0,0.0969539747044593,0.0816489922433862,-0.0153049824610731,0.0151975400398008,-0.0450916135926881,0.0144816486705419,-0.0188905967736868,0.00358561431261371
871,0.84063277952373,0,0,0.120558531741652,0.0587327785825139,-0.0618257531591385,0.0158626214540617,-0.0929159199094918,-0.0307355864087852,-0.057837747388461,-0.00398800577067748
872,-0.560228299815208,1,0,0.099898733820468,0.0781153777797817,-0.0217833560406863,0.0125371045083272,-0.0463556293474224,0.0027889172660498,-0.0238247483848832,0.0020413923441969
873,0.385986586567014,0,0,0.113478130707638,0.0644696617189448,-0.0490084689886932,0.0107700301069189,-0.0701173401106662,-0.0278995978667201,-0.0462731505727209,-0.00273531841597226
874,0.288724082522094,0,0,0.112011297244257,0.0657629641487128,-0.0462483330955441,0.0100186362896084,-0.0658844993973825,-0.0266121667937057,-0.0438675167749024,-0.0023808163206417
875,0.425973481032997,1,0,0.114086023747173,0.0639448544695722,-0.0501411692776005,0.0111242947221686,-0.0719443862864599,-0.028337952268741,-0.0472690171519054,-0.00287215212569505
876,-0.647561949677765,0,0,0.0987210169864402,0.0795002556146016,-0.0192207613718386,0.0135399487709961,-0.0457585733155084,0.00731705057183111,-0.0218548737101956,0.00263411233835698
877,-0.297599539160728,1,0,0.103515889183453,0.0740828813264981,-0.0294330078569548,0.0101066361820874,-0.0492416507786954,-0.00962436493521408,-0.0298485735395849,0.000415565682630147
878,-0.652224749326706,0,0,0.0986584868850212,0.0795748224259968,-0.0190836644590243,0.0135955995877569,-0.0457305499992554,0.00756322108120673,-0.0217501583059676,0.00266649384694325
879,-0.506913170684129,0,0,0.100623828041086,0.0772808308720624,-0.0233429971690235,0.0119656203655275,-0.0467951821381365,0.000109187800089446,-0.0250353749835559,0.00169237781453238
880,-0.40170718356967,0,0,0.102068367330318,0.0756579563313663,-0.0264104109989518,0.0109457452170299,-0.0478636774082819,-0.00495714458962173,-0.0274424776997353,0.00103206670078351
881,-0.444692474324256,0,0,0.101475946552165,0.0763172189151363,-0.0251587276370283,0.0113436893800389,-0.047391950273714,-0.00292550500034259,-0.0264560420469478,0.00129731440991952
882,-0.934276849962771,0,0,0.0949411186367593,0.0842057780457054,-0.0107353405910539,0.0172802861080243,-0.0446040790053293,0.0231333978232216,-0.0155003056069897,0.00476496501593582
883,0.587984472047538,1,0,0.116578068363107,0.0618590341533519,-0.0547190342097552,0.0127774204464799,-0.0797623181001815,-0.029675750319329,-0.051345335828367,-0.00337369838138823
884,-0.276839375961572,0,0,0.103806703188029,0.073772423495248,-0.0300342796927809,0.00996295463307039,-0.0495613119532053,-0.0105072474323564,-0.0303312811017038,0.000297001408922942
885,0.911591628566384,1,0,0.121697390386161,0.057881735101476,-0.0638156552846845,0.0168092288638636,-0.0967611384657484,-0.0308701721036206,-0.0596915892962966,-0.00412406598838792
886,0.0592680578120053,0,0,0.10861636015624,0.0689101483120126,-0.0397062118442277,0.00902860629971115,-0.057401955022253,-0.0220104686662024,-0.0382842387648171,-0.00142197307941064
887,0.975372021086514,0,0,0.122728934939178,0.0571266759948889,-0.0656022589442893,0.0176840278369818,-0.100262316606377,-0.0309422012822012,-0.0613694557008729,-0.00423280324341641
888,0.718753783497959,0,0,0.118623891717053,0.0602219653126226,-0.0584019264044306,0.0143119541864412,-0.0864528411582425,-0.0303510116506187,-0.0546848646924787,-0.00371706171195187
889,-0.816853908356279,0,0,0.0964732436058654,0.0822488147800473,-0.0142244288258181,0.0156771360879961,-0.0449510509390236,0.0165021932873873,-0.0180822575345936,0.00385782870877547
890,-0.0919674560427666,1,0,0.106428433917713,0.0710601479647028,-0.0353682859530099,0.00909951255805002,-0.0532030028436579,-0.017533569062362,-0.0346732088731654,-0.00069507707984455
891,0.363506254274398,1,0,0.113137619502933,0.0647664628405063,-0.0483711566624269,0.0105818523511844,-0.0691112061604688,-0.0276311071643849,-0.0457150420209699,-0.00265611464145699
892,-0.276358473580331,0,0,0.103813448352083,0.0737652460505283,-0.0300482023015549,0.00995972719615006,-0.0495689089018531,-0.0105274957012567,-0.0303424743972973,0.00029427209574244
893,-0.816156338434666,1,1,0.0964824110885818,0.0822373137875618,-0.01424509730102,0.01566788219018,-0.0449535821077892,0.0164633875057493,-0.0180976802976016,0.00385258299658164
894,0.274295040871948,0,0,0.111795106941548,0.0659568700367597,-0.0458382369047878,0.00992194792231918,-0.0652848974890154,-0.0263915763205602,-0.0435126351880871,-0.0023256017167007
895,-0.114168580621481,1,1,0.106110537324935,0.0713809320189102,-0.0347296053060248,0.00916015361190372,-0.0526831764782106,-0.016776034133839,-0.0341476304799313,-0.000581974826093512
896,0.30717275198549,0,0,0.112288245721743,0.0655158120899882,-0.0467724336317545,0.0101481166012611,-0.0666623766811392,-0.0268824905823698,-0.0443220099376493,-0.00245042369410521
897,0.95234439522028,1,1,0.122355635733355,0.0573982134270833,-0.0649574223062717,0.0173657088583411,-0.0989935862346285,-0.0309212583779149,-0.0607624004147493,-0.00419502189152236
898,-0.849964248947799,1,0,0.096039000696183,0.0827963992368647,-0.0132426014593183,0.0161201871688713,-0.0448375877343506,0.0183523848157141,-0.0173513625703365,0.00410876111101824
899,0.458004870917648,0,1,0.114575019496616,0.0635273331374529,-0.0510476863591629,0.0114249197419355,-0.073440117579617,-0.0286552551387087,-0.0480696579532796,-0.00297802840588327
900,0.934082135558128,0,0,0.1220602826681,0.0576144198774168,-0.0644458627906828,0.0171152324748505,-0.0979911020284201,-0.0309006235529456,-0.0602819906557995,-0.00416387213488332
901,0.0134579744189978,0,1,0.107949487457617,0.0695549561425545,-0.0383945313150624,0.00898638401555668,-0.0560075203367999,-0.0207815422933248,-0.0371847367869265,-0.00120979452813588
902,0.0422412157058716,0,0,0.108368073324848,0.0691491637078705,-0.0392189096169779,0.00900646723015405,-0.0568712610160201,-0.0215665582179358,-0.0378749897122181,-0.00134391990475981
903,0.442658390849829,0,0,0.114340510661057,0.0637270527054665,-0.050613457955591,0.0112790961834396,-0.0727200802532958,-0.0285068356578861,-0.0476857416284993,-0.00292771632709166
904,0.594703144393861,1,0,0.1166824281504,0.0617739211198595,-0.0549085070305409,0.012852430171004,-0.0800988072795247,-0.0297182067815571,-0.051515833246238,-0.00339267378430293
905,0.699148691259325,0,0,0.118315211526421,0.0604647871493257,-0.0578504243770948,0.0140725765401781,-0.0854321675655272,-0.0302686811886624,-0.054181358091302,-0.0036690662857928
906,0.802968746982515,1,0,0.119957784423917,0.0591892546028383,-0.0607685298210785,0.0153726353407334,-0.0908983414363835,-0.0306387182057735,-0.056859217150025,-0.00390931267105353
907,-0.0467259781435132,0,0,0.107078841424479,0.0704105711141043,-0.0366682703103748,0.00901520602579741,-0.0543377494341462,-0.0189987911866034,-0.035747790867428,-0.000920479442946799
908,0.791937350295484,0,1,0.11978232206862,0.059323579834034,-0.0604587422345865,0.0152308710426581,-0.0903107009313704,-0.0306067835378025,-0.0565733297708831,-0.00388541246370335
909,-0.8744315514341,0,0,0.0957192346990152,0.0832031724237849,-0.0125160622752303,0.0164522497815697,-0.0447618793117638,0.0197297547613033,-0.0168127014533938,0.00429663917816354
910,0.412330752238631,0,0,0.113878304601916,0.0641234593384159,-0.0497548452634998,0.011000713672519,-0.0713158478658744,-0.0281938426611252,-0.0469287958351866,-0.00282604942831319
911,-0.338652929291129,0,0,0.102942923201924,0.0747003552446522,-0.028242567957272,0.0104148729053593,-0.0486553437553383,-0.00782979215920571,-0.028896870767618,0.000654302810345991
912,-0.829181844368577,1,0,0.0963113578740455,0.0824523099738683,-0.0138590479001772,0.015841229866896,-0.0449072879101135,0.0171891921097592,-0.0178098611012031,0.00395081320102595
913,0.820651085115969,1,0,0.120239497899847,0.0589745377628784,-0.0612649601369681,0.0156015412752543,-0.0918434191397816,-0.0306865011341546,-0.0573181429864288,-0.00394681715053928
914,-0.481832937803119,1,0,0.100966537122965,0.0768910793328216,-0.0240754577901434,0.0117087657938732,-0.0470242170495493,-0.00112669853073748,-0.025607006598112,0.00153154880796861
915,-0.868587006814778,1,0,0.0957955310771308,0.0831058409734417,-0.0126896901036892,0.0163725778205959,-0.0447793529661364,0.0193999727587581,-0.0169412611863101,0.00425157108262093
916,0.663940459024161,1,0,0.117762607356447,0.0609031652207184,-0.0568594421357287,0.0136505080728594,-0.0836139463292064,-0.0301049379422511,-0.0532796487519109,-0.00357979338381783
917,-0.137502194847912,0,0,0.105777326915461,0.0717195198150541,-0.0340578071004072,0.00923724524510696,-0.0521624750971807,-0.0159531391036337,-0.0335964750075159,-0.000461332092891294
918,-0.178575916215777,1,0,0.105193023998575,0.0723191318246145,-0.0328738921739609,0.00940524704334045,-0.05130783764461,-0.0144399467033118,-0.0326293420563122,-0.000244550117648734
919,-0.154922904912382,1,1,0.105529156240386,0.0719732726445812,-0.0335558835958046,0.00930354611235385,-0.0517904989045258,-0.0153212682870835,-0.0331858073515515,-0.000370076244253136
920,0.750129478052258,1,0,0.119119348969246,0.0598352552472273,-0.0592840937220184,0.0147011781112396,-0.0880978733503565,-0.0304703140936802,-0.0554927692180939,-0.00379132450392446
921,-0.235952222719789,0,0,0.104381574402108,0.0731644757108521,-0.0312170986912554,0.00970548848122822,-0.0502395065668311,-0.0121946908156798,-0.0312848260666918,6.7727375436373e-05
922,-0.961354812607169,1,0,0.094590911469162,0.0846630183530685,-0.00992789311609346,0.0176619905320202,-0.0445447584541405,0.0246889722219536,-0.0149088685236782,0.00498097540758474
923,0.259461747016758,1,0,0.111573240032911,0.0661567623072436,-0.0454164777256675,0.00982686973736175,-0.0646767884916631,-0.0261561669596719,-0.0431483457888859,-0.0022681319367816
924,0.0204190500080585,1,0,0.108050589770835,0.0694566158414309,-0.0385939739294042,0.00898923544052304,-0.0562125516413804,-0.020975396217428,-0.0373514906261522,-0.00124248330325204
925,-0.535345872864127,0,0,0.100236558941751,0.0777248691004811,-0.0225116898412696,0.0122662417640116,-0.0465530819243933,0.00152970224185409,-0.0243889878397119,0.00187729799844228
926,0.758732218760997,1,0,0.119255508100145,0.0597296320371866,-0.059525876062958,0.0148091656418178,-0.0885513073620089,-0.0305004447639071,-0.0557147371837817,-0.00381113887917632
927,0.228050705511123,1,0,0.111104684469165,0.0665819142413064,-0.0445227702278587,0.00964052646446885,-0.0634178548902229,-0.0256276855654945,-0.0423787093080506,-0.00214406091980812
928,0.79767727619037,0,1,0.119873592061492,0.0592536512775988,-0.0606199407838934,0.0153045334641719,-0.0906162751738583,-0.0306236063939284,-0.0567220442141233,-0.00389789656977005
929,-0.828001760877669,0,1,0.0963268437680008,0.0824328107161059,-0.0138940330518949,0.0158254771010755,-0.0449113982081662,0.0171233321043764,-0.0178359225400297,0.00394188948813481
930,0.292150028049946,1,0,0.112062681820212,0.0657170022031357,-0.0463456796170766,0.0100421897160978,-0.0660280097865467,-0.0266633494476064,-0.0439518532232776,-0.00239382639379897
931,-0.850746852345765,1,0,0.0960287579978915,0.0828093821012267,-0.0132193758966647,0.0161307480382943,-0.0448350610954116,0.0183963093020821,-0.0173341141802545,0.00411473828358975
932,-0.854340862482786,0,0,0.0959817321986099,0.0828690280980635,-0.0131127041005464,0.01617929925828,-0.0448235479418709,0.0185981397407781,-0.0172549191612224,0.00414221506067601
933,-0.294099849648774,1,0,0.103564863231827,0.0740304611222224,-0.029534402109605,0.0100818246030781,-0.0492944152300879,-0.00977438898912213,-0.0299298788784268,0.000395476768821793
934,0.0620181770063937,1,0,0.108656509450921,0.0688716151680131,-0.0397848942829084,0.00903289304560858,-0.0574890393285035,-0.0220807492373132,-0.0383504041302074,-0.00143449015270097
935,0.821904007811099,0,0,0.120259481009361,0.0589593512384515,-0.0613001297709095,0.0156178376473273,-0.0919105290760648,-0.0306897304657542,-0.0573506927687564,-0.00394943700215307
936,0.196796768344939,0,0,0.110640182191386,0.0670074568898028,-0.0436327253015829,0.00947624560425084,-0.0622058253945705,-0.0250596252085952,-0.0416153185809502,-0.00201740672063268
937,-0.120959477964789,0,0,0.106013466128988,0.0714793203795133,-0.0345341457494751,0.00918119012326166,-0.0525289477262828,-0.0165393437726674,-0.0339870948137562,-0.000547050935718899
938,0.385467676911503,1,0,0.113470260679762,0.0644764984276223,-0.0489937622521393,0.0107655946397321,-0.0700939400181716,-0.027893584486107,-0.0462602535925941,-0.00273350865954518
939,0.782671108841896,0,0,0.119635107171782,0.059436632089945,-0.0601984750818367,0.0151124234441022,-0.0898182807513957,-0.0305786694122777,-0.0563334370602506,-0.00386503802158607
940,-0.245146646164358,0,0,0.104252056674086,0.0733007834027495,-0.0309512732713361,0.00976034375863954,-0.0500811955149999,-0.0118213510276723,-0.0310700687214654,0.000118795450129265
941,0.719994949642569,1,0,0.118643457191334,0.0602066234188742,-0.0584368337724602,0.0143272098387094,-0.0865176490552786,-0.0303560184896419,-0.0547167747918834,-0.00372005898057683
942,0.918619399424642,0,1,0.12181068600755,0.0577980803846704,-0.0640126056228793,0.0169045510086722,-0.0971449167746971,-0.0308802944710616,-0.0598759297799337,-0.00413667584294563
943,0.537621991243213,1,0,0.115798375451056,0.0625005285972883,-0.0532978468537675,0.0122301717318003,-0.077268542972836,-0.029327150734699,-0.0500710023030652,-0.00322684455070225
944,0.774489881005138,1,0,0.11950526011428,0.0595366144308578,-0.059968645683422,0.0150083336403709,-0.0893844390865098,-0.0305528522803341,-0.0561218230895422,-0.00384682259387975
945,0.704608930740505,1,0,0.118401112503223,0.060397066637387,-0.0580040458658361,0.0141389412388208,-0.0857158614734529,-0.0302922302582192,-0.0543214891667892,-0.00368255669904685
946,0.586646922398359,0,0,0.116557302146053,0.0618759914788903,-0.0546813106671627,0.0127625418410773,-0.0796954330268596,-0.0296671883074658,-0.0513114071867256,-0.0033699034804371
947,0.208464236930013,1,0,0.110813387216013,0.066848302235416,-0.0439650849805968,0.00953503945006895,-0.0626534188939005,-0.025276751067293,-0.0419000225698396,-0.00206506241075717
948,0.762574271298945,0,0,0.119316361309257,0.0596825162945785,-0.0596338450146786,0.0148575652492751,-0.0887541378012116,-0.0305135522281455,-0.0558139329151594,-0.00381991209951917
949,0.589861027430743,0,0,0.116607208363483,0.0618352506821018,-0.0547719576813815,0.0127983253263494,-0.0798562143834532,-0.0296877009793098,-0.0513929448074102,-0.00337901287397131
950,-0.492999526206404,0,0,0.100813823388571,0.0770643871894413,-0.0237494361991296,0.0118221336851533,-0.0469203924424478,-0.000578479955811412,-0.0253523270636248,0.00160289086449521
951,-0.697797653265297,0,1,0.0980491900450621,0.080306988005681,-0.0177422020393811,0.0141497932053793,-0.0454752871106141,0.00999088303185198,-0.0207291211393857,0.00298691910000463
952,-0.182571473531425,0,0,0.105136336616139,0.0723777067702897,-0.0327586298458492,0.00942373045903658,-0.051228802145574,-0.0142884575461244,-0.0325354688208105,-0.000223161025038707
953,-0.125736990012228,1,0,0.105945221797784,0.0715486132605948,-0.0343966085371895,0.00919668098829008,-0.0524217720515423,-0.0163714450228367,-0.0338742193106047,-0.000522389226584825
954,0.27287279907614,0,0,0.111773817254953,0.065976011696122,-0.0457978055588313,0.00991264000376851,-0.0652262229579285,-0.026369388159734,-0.0434776830121027,-0.00232012254672856
955,0.314108120277524,1,0,0.112392512961309,0.0654231243304548,-0.0469693886308542,0.0101984483781038,-0.0669579801501286,-0.0269807971115798,-0.0444930843926211,-0.00247630423823308
956,0.686977869831026,1,0,0.11812393324097,0.0606159912663392,-0.0575079419746305,0.0139255146933346,-0.0848014492397496,-0.0302144347095114,-0.0538692880228743,-0.00363865395175622
957,-0.486854341812432,1,0,0.100897839246492,0.0769689683526848,-0.0239288708938069,0.011759545195635,-0.0469771559518226,-0.000880585835791235,-0.0254924483483809,0.00156357745457401
958,0.795305118430406,0,0,0.119835865335049,0.0592825415094577,-0.0605533238255912,0.0152740639991909,-0.0904899391615651,-0.0306167084896173,-0.0566605739232293,-0.00389274990236189
959,0.845317456871271,1,0,0.120633434357353,0.0586762331298211,-0.0619572012275314,0.0159241923128334,-0.0931680446435745,-0.0307463578114883,-0.0579597218619505,-0.00399747936558091
960,-0.207426510751247,0,0,0.104784308361741,0.0727430654331702,-0.0320412429285704,0.00954697494885,-0.0507529699896226,-0.0133295158675183,-0.0319523366883613,-8.8906240209137e-05
961,-0.105043623130769,0,0,0.106241095639758,0.0712489240152753,-0.0349921716244825,0.00913371490933457,-0.0528939238918348,-0.0170904193571302,-0.0343635114921299,-0.000628660132352583
962,-0.989321354776621,0,1,0.0942304268891328,0.085137627492361,-0.00909279939677175,0.0180606263605455,-0.0444909766016757,0.0263053778081322,-0.0142995670527264,0.00520676765595465
963,-0.257591150701046,0,0,0.104076982688789,0.073485646148986,-0.0305913365398026,0.00983743173674457,-0.0498723484441932,-0.0113103246354119,-0.0307797040056805,0.000188367465877939
964,-0.374323203694075,0,0,0.102447368443489,0.0752407006526398,-0.0272066677908489,0.0107070830044101,-0.0481921648589736,-0.00622117072272418,-0.028073022605268,0.000866354814419094
965,-0.1535086594522,0,0,0.105549284026088,0.0719526416711758,-0.0335966423549127,0.00929788880195636,-0.0518201695390054,-0.0153731151708199,-0.033219119986202,-0.00037752236871065
966,-0.549761709757149,1,0,0.100040713693832,0.0779508951436864,-0.0220898185501453,0.0124223101253368,-0.0464370990005927,0.00225746190030213,-0.0240619281900526,0.00197210963990731
967,0.432382490020245,0,0,0.114183718860619,0.063861110522245,-0.0503226083383735,0.0111832873692917,-0.0722414488109469,-0.0284037678658001,-0.0474290063442856,-0.0028936019940879
968,0.329280315898359,0,0,0.112620908613019,0.0652207805199311,-0.0474001280930875,0.0103116293196332,-0.0676105501814959,-0.0271897060046792,-0.0448677521887569,-0.00253237590433061
969,-0.680076376534998,0,0,0.098285718980084,0.0800215535991593,-0.0182641653809246,0.0139321213864171,-0.0455706215265423,0.00904229076469304,-0.0211256359489925,0.00286147056806788
970,-0.87847226858139,1,0,0.0956665177793586,0.0832705246293929,-0.0123959931499658,0.0165074595974443,-0.0447500194372066,0.019958033137275,-0.016723860388439,0.00432786723847324
971,0.162980248220265,1,0,0.110139510385889,0.0674707332311696,-0.042668777154719,0.00932345868930139,-0.0609424203970967,-0.0243951339123412,-0.0407920150831932,-0.00187676207152576
972,0.210591554176062,0,0,0.110844993078027,0.0668193215870939,-0.0440256714909329,0.00954608765047462,-0.0627356594791257,-0.02531568350274,-0.0419519681315959,-0.00207370335933698
973,0.122499512508512,1,0,0.109542782899833,0.0680292140400377,-0.0415135688597953,0.00917635851522666,-0.059498901058867,-0.0235282366607236,-0.0398101061342822,-0.0017034627255131
974,-0.556392092257738,0,1,0.0999507513801264,0.0780550548690052,-0.0218956965111212,0.0124948876079793,-0.0463852262136365,0.00259383319139404,-0.0239116519362558,0.00201595542513459
975,0.0779427345842123,0,0,0.108889250116821,0.0686488811358462,-0.0402403689809746,0.00906157883844161,-0.0580007371473905,-0.0224800008145588,-0.0387338895275145,-0.00150647945346014
976,-0.284013578668237,0,0,0.103706123415515,0.073879574465149,-0.0298265489503663,0.0100116492288015,-0.0494490208646655,-0.0102040770360671,-0.0301643592198796,0.000337810269513319
977,0.61351928813383,1,0,0.116975127116063,0.0615361375887937,-0.0554389895272689,0.0130648748733272,-0.0810456737415125,-0.0298323053130254,-0.0519939441900463,-0.00344504533722263
978,-0.0469180862419307,0,0,0.107076072229515,0.0704133177630894,-0.036662754466426,0.00901545113480927,-0.0543327139950329,-0.0189927949378191,-0.0357432177617207,-0.000919536704705286
979,-0.151716034393758,0,0,0.105574801841597,0.0719264987466585,-0.0336483030949388,0.00929078731307121,-0.05185791161658,-0.0154386945732975,-0.0332613520039185,-0.000386951091020271
980,0.120497009251267,1,1,0.109513337674061,0.0680569519452898,-0.0414563857287711,0.00917012527310269,-0.0594295009977729,-0.0234832704597693,-0.039761635651332,-0.0016947500774391
981,-0.297192073427141,1,0,0.10352159013445,0.0740767763327575,-0.0294448138016928,0.0101037352385766,-0.0492477709786311,-0.00964185662475455,-0.0298580384281979,0.000413224626505091
982,0.530905546154827,0,0,0.115694737145002,0.0625865474354204,-0.0531081897095821,0.0121592880682968,-0.0769399564010915,-0.0292764230180727,-0.0499015461810607,-0.00320664352852139
983,-0.23153671529144,0,0,0.104443824190996,0.0730990986512915,-0.0313447255397042,0.00967978850253152,-0.0503167623826309,-0.0123726886967775,-0.0313880289723483,4.33034326440679e-05
984,-0.669199146330357,1,0,0.0984311509233255,0.0798468144495708,-0.0185843364737547,0.0137998688733137,-0.045631582456825,0.0084629095093155,-0.0213693428747735,0.00278500640101876
985,-0.0849712244234979,1,0,0.106528786257251,0.0709593355957765,-0.0355694506614741,0.00908300910458777,-0.0533718213777155,-0.0177670799452326,-0.0348390718845408,-0.000730378776933258
986,-0.830648652743548,0,0,0.0962921124730231,0.0824765528181258,-0.0138155596548973,0.0158608232711534,-0.0449022020315128,0.0172710827217183,-0.017777471504028,0.00396191184913073
987,0.1588145471178,1,0,0.110077972459349,0.0675280072359375,-0.0425499652234115,0.00930649214251605,-0.060790354645148,-0.0243095758016751,-0.0406907881150052,-0.00185917710840635
988,-0.666348117869347,1,0,0.098469301754144,0.0798010712791295,-0.0186682304750144,0.0137653778545725,-0.0456478753035617,0.00831141435353287,-0.0214332622075749,0.00276503173256048
989,-0.63781112106517,1,0,0.0988518937669592,0.0793445280902256,-0.0195073656767336,0.0134242275334731,-0.0458183681626119,0.00680363680914472,-0.0220740033679865,0.00256663769125292
990,-0.646536155603826,1,0,0.0987347780508196,0.0794838598347116,-0.019250918216108,0.0135277329152856,-0.0457647875225448,0.00726295109032883,-0.0218779168003518,0.00262699858424383
991,0.485844357404858,1,0,0.11500150221953,0.0631665177585169,-0.0518349844610129,0.0116974994975827,-0.0747616621854504,-0.0289083067365753,-0.0487676287835309,-0.00306735567748198
992,-0.843956762459129,0,0,0.0961176590854126,0.0826968007229609,-0.0134208583624517,0.0160392537234728,-0.0448572179993584,0.0180155012744549,-0.0174838078943763,0.00406294953192457
993,-0.282967849168926,0,0,0.10372077880443,0.0738639469635925,-0.029856831840837,0.0100044878089107,-0.0494652676300721,-0.0102483960516019,-0.0301886829270184,0.000331851086181376
994,-0.653451525140554,1,0,0.0986420411678656,0.079594451459549,-0.0190475897083167,0.0136102745964142,-0.0457232377369888,0.00762805832035553,-0.02172261549883,0.00267502579051334
995,0.0374925071373582,1,0,0.108298916230916,0.0692159607535631,-0.0390829554773525,0.00900164914124769,-0.0567258635956639,-0.0214400473590411,-0.0377609750864306,-0.00132198039092186
996,0.33035268355161,1,1,0.112637066893702,0.065206500949837,-0.0474305659438649,0.0103197860135882,-0.0676569748586581,-0.0272041570290718,-0.0448942552529287,-0.00253631069093624
997,0.696706111542881,0,0,0.11827680211429,0.0604951041895916,-0.057781697924698,0.0140429662613461,-0.0853054060330474,-0.0302579898163486,-0.0541186972207081,-0.00366300070398987
998,-0.214397268835455,0,0,0.104685766766665,0.0728458374452831,-0.0318399293213815,0.00958405334145743,-0.0506243286965488,-0.0130555299462141,-0.0317890473207874,-5.08820005940686e-05
999,0.785553828813136,1,0,0.119680888841952,0.0594014400171206,-0.0602794488248311,0.0151492098473839,-0.089971354519943,-0.0305875431297192,-0.0564080431121881,-0.00387140571264302
1000,0.104537319857627,0,0,0.109278911106712,0.0682783944257781,-0.0410005166809337,0.00912403460835474,-0.058883295907006,-0.0231177374548614,-0.0393756770833575,-0.00162483959757621
1001,-0.419797371141613,1,0,0.101818676735958,0.0759347647323865,-0.0258839120035718,0.0111098591657633,-0.0476588358417801,-0.00410898816536347,-0.0270268433263065,0.00114293132273474
1002,0.523988365195692,0,0,0.115588085657721,0.062675252613224,-0.0529128330444973,0.0120868269356573,-0.0766025785257543,-0.0292230875632403,-0.0497271460662835,-0.00318568697821379
1003,-0.56373969046399,1,0,0.0998511417563291,0.0781706304671914,-0.0216805112891377,0.0125758900241146,-0.046328802809939,0.00296778023166351,-0.0237452308778529,0.00206471958871516
1004,0.738768892828375,1,0,0.118939746302237,0.0599750068635303,-0.0589647394387066,0.0145593979380014,-0.087500635033776,-0.0304288438436373,-0.0551999421719001,-0.00376479726680655
1005,-0.45804508542642,0,1,0.101292543474883,0.0765230774601441,-0.0247694660147391,0.0114727640902338,-0.0472556704347218,-0.00228326159475641,-0.0261504516481235,0.00138098563338438
1006,0.219825920183212,0,0,0.110982280880904,0.0666936560924189,-0.0442886247884848,0.00959520637869728,-0.0630948837149605,-0.0254823658620091,-0.0421775841282066,-0.00211104066027819
1007,0.767926799599081,0,1,0.119401183275803,0.0596169353520418,-0.0597842479237612,0.0149251674308169,-0.0890370385513924,-0.03053145729613,-0.0559521917151383,-0.0038320562086229
1008,-0.662138658575714,1,0,0.0985256544095171,0.0797335765935106,-0.0187920778160065,0.0137145862565912,-0.0456721729417932,0.00808801730978018,-0.0215276686563354,0.0027355908403289
1009,-0.674130202736706,1,0,0.0983651974300969,0.0799259870405344,-0.0184392103895625,0.0138596944412435,-0.0456037123311297,0.0087252915520047,-0.0212588304125761,0.00281962002301361
1010,0.588434916455299,0,0,0.116585062490917,0.0618533244396992,-0.0547317380512174,0.0127824351662673,-0.0797848506118195,-0.0296786254906152,-0.0513567629595305,-0.0033749750916869
1011,0.481136175338179,0,0,0.114929279034935,0.0632274038810481,-0.0517018751538867,0.0116506929816927,-0.074536813792938,-0.0288669365148353,-0.0486494506071265,-0.00305242454676018
1012,-0.697865597438067,1,0,0.0980482841595474,0.0803080841601543,-0.0177401999993931,0.0141506329345884,-0.0454749309096328,0.00999453091084652,-0.020727602156585,0.00298740215719186
1013,0.0432692389003932,1,0,0.108383049891443,0.0691347110228843,-0.0392483388685586,0.00900758833493513,-0.0569028875925945,-0.0215937901445226,-0.0378996792069089,-0.00134865966164967
1014,-0.348278491292149,0,0,0.102808989939457,0.0748458140914469,-0.0279631758480096,0.0104915666189708,-0.048526268562595,-0.00740008313342429,-0.0286742769865128,0.000711101138503173
1015,0.781853579450399,0,0,0.119622126403487,0.0594466159942995,-0.0601755104091873,0.0151020012914467,-0.0897748890349002,-0.0305761317834744,-0.0563122830468498,-0.00386322736233748
1016,-0.794997851364315,1,0,0.0967608464601458,0.0818891640722243,-0.0148716823879215,0.0153888148182245,-0.0450332051963978,0.0152898404205547,-0.018565955929577,0.00369427354165546
1017,-0.851139545906335,0,1,0.0960236187999668,0.0828158973212194,-0.0132077214787474,0.0161360487754473,-0.0448337959314057,0.018418352973911,-0.0173254597813322,0.00411773830258483
1018,-0.246521422639489,0,0,0.104232703021332,0.0733211846053743,-0.0309115184159576,0.00976870019919909,-0.050057818982157,-0.0117652178497581,-0.0310379741054256,0.000126455689468029
1019,-0.960782275069505,0,0,0.094598304277519,0.0846533271703926,-0.00994497710712644,0.0176538758696977,-0.0445459379992747,0.0246559837850218,-0.0149213586461332,0.00497638153900676
1020,-0.723971874453127,1,0,0.0977007662671342,0.0807302729066469,-0.0169704933604873,0.0144761265496626,-0.04534318003347,0.0114021933124954,-0.0201446791600772,0.00317418579958986
1021,-0.785777559969574,0,0,0.0968824052928653,0.0817378702806068,-0.0151445350122585,0.0152682015604082,-0.0450696601793568,0.0147805901548398,-0.0187703070661788,0.00362577205392028
1022,0.943073386326432,1,0,0.122205620169588,0.0575078772894171,-0.064697742880171,0.0172383312367437,-0.0984842512577605,-0.0309112345025815,-0.060518403172412,-0.00417933970775904
1023,-0.433194077573717,0,0,0.101634117298252,0.076140354217191,-0.0254937630810613,0.0112345660176469,-0.0475131078575868,-0.00347441830453581,-0.0267195105706106,0.0012257474895493
1024,-0.300062428694218,0,0,0.103481436215972,0.0741197922609726,-0.0293616439549991,0.0101242386042169,-0.0492047869901543,-0.00951850091984398,-0.029791371844302,0.000429727889302872
1025,-0.290675273630768,0,0,0.103612805991948,0.0739791990453141,-0.0296336069466336,0.0100577752206873,-0.0493464841437802,-0.00992072974948703,-0.0300094658949205,0.00037585894828689
1026,0.671817527152598,1,0,0.117886045856318,0.0608048303938994,-0.0570812154624191,0.0137440361881448,-0.0840190313933981,-0.0301433995314401,-0.0534811054355539,-0.00360011002686521
1027,-0.248942026402801,1,0,0.104198634270787,0.0733571182283591,-0.0308415160424281,0.00978351045961555,-0.0500168441856455,-0.0116661878992107,-0.0309814747372914,0.000139958694863284
1028,-0.895605769474059,1,0,0.0954432751569377,0.0835566633178655,-0.0118866118390722,0.0167427038498761,-0.0447017083886495,0.0209284847105051,-0.0163475245311697,0.00446091269209748
1029,0.680537057574838,1,0,0.118022816963542,0.0606961517092185,-0.0573266652543238,0.0138481801076132,-0.0844685995166696,-0.030184730991978,-0.0537042968625333,-0.00362236839179052
1030,-0.774864993989468,1,0,0.0970264509441086,0.0815591373782511,-0.0154673135658575,0.0151262501751561,-0.0451142191303061,0.0141795919985911,-0.0190123919689222,0.0035450784030647
1031,-0.33531579002738,0,0,0.102989393310336,0.0746499860078222,-0.0283394073025136,0.0103886659884168,-0.0487008184872268,-0.00797799611780051,-0.0289740914161934,0.000634684113679763
1032,0.900445885956287,1,0,0.12151789454835,0.058014640951022,-0.0635032535973283,0.0166586147880138,-0.0961535386141617,-0.030852968580495,-0.0593995058605833,-0.00410374773674505
1033,0.238783160224557,0,0,0.111264585532191,0.066436364674418,-0.044828220857773,0.00970185690371397,-0.0638435109722136,-0.0258129307433323,-0.0426414048718764,-0.00218681598589657
1034,0.0741634704172611,1,0,0.108833975825541,0.0687016805884351,-0.0401322952371063,0.00905417645072594,-0.0578781549901998,-0.0223864354840127,-0.0386428247734664,-0.00148947046363986
1035,-0.494716345798224,0,0,0.100790362442552,0.0770910643309171,-0.023699298111635,0.0118397061106483,-0.0469046956760445,-0.000493900547225569,-0.0253131951987247,0.00161389708708969
1036,0.30958619248122,0,0,0.112324520114755,0.0654835438095139,-0.0468409763052416,0.0101655302834812,-0.0667650495446159,-0.0269169030658672,-0.04438152866161,-0.00245944764363156
1037,0.956744741648436,0,1,0.122426893834072,0.0573462318603613,-0.0650806619737109,0.0174263245294791,-0.099235630434397,-0.0309256935130249,-0.0608782914770434,-0.00420237049666753
1038,0.626819731201977,0,0,0.117182409377431,0.0613685733531451,-0.0558138360242859,0.0132170973242318,-0.0817188707599409,-0.029908801288631,-0.0523324556899542,-0.00348138033433172
1039,0.0197573760524392,0,0,0.108040976073419,0.0694659578858172,-0.0385750181876017,0.00898890928245446,-0.0561929566415102,-0.0209570797336932,-0.0373356351666874,-0.00123938302091429
1040,-0.449260849971324,0,0,0.101413165087316,0.0763875927835419,-0.0250255723037742,0.0113875687250237,-0.0473447968762953,-0.00270634773125299,-0.0263514452711093,0.00132587296733514
1041,-0.184306127019227,0,0,0.105111734434286,0.0724031504379586,-0.0327085839963276,0.00943187075365974,-0.0511947109803374,-0.0142224570123179,-0.0324947255823534,-0.00021385841397422
1042,0.839822348672897,1,0,0.120545577954842,0.0587425659070361,-0.061803012047806,0.0158519837020978,-0.0928723291874337,-0.0307336949081784,-0.0578166522228919,-0.00398635982491413
1043,0.14876289665699,0,0,0.109929608248603,0.0676663925895126,-0.0422632156590909,0.00926726275109783,-0.0604267168865122,-0.0240997144316695,-0.0404467049557955,-0.00181651070329537
1044,0.0752316429279745,0,0,0.108849596072471,0.068686753521195,-0.0401628425512762,0.00905623125149407,-0.0579127296398706,-0.0224129554626817,-0.0386685598842841,-0.00149428266699205
1045,0.304259076248854,1,0,0.112244466348175,0.0655547883366106,-0.0466896780115643,0.0101272385687481,-0.0665387008691555,-0.0268406551539731,-0.04425017394788,-0.0024395040636843
1046,0.0185160054825246,1,1,0.108022941784876,0.0694834876896518,-0.0385394540952246,0.00898832860717281,-0.0561562544464943,-0.0209226537439548,-0.0373058914417596,-0.00123356265346496
1047,0.594591344706714,0,0,0.116680690925142,0.0617753365176762,-0.0549053544074662,0.0128511782981226,-0.0800932010306893,-0.0297175077842431,-0.0515129951917392,-0.00339235921572702
1048,0.667327902279794,0,0,0.117815676943034,0.0608608592382307,-0.0569548177048038,0.0136906637848495,-0.0837880256475556,-0.030121609762052,-0.053366263080888,-0.00358855462391578
1049,-0.248713779263198,0,0,0.104201846311419,0.0733537292298519,-0.0308481170815667,0.00978210868342497,-0.0500206977939361,-0.0116755363691972,-0.0309868016907545,0.000138684609187822
1050,0.719029565341771,0,0,0.118628238841006,0.0602185560928731,-0.0584096827481327,0.0143153429012202,-0.0864672392608653,-0.0303521262354,-0.0546919546315932,-0.00371772811653948
1051,0.910891204606742,0,0,0.121686103734861,0.0578900787874663,-0.0637960249473948,0.0167997435277451,-0.0967229172112851,-0.0308691326835045,-0.0596732242605584,-0.00412280068683642
1052,0.934212872758508,1,0,0.122062394880114,0.0576128693689744,-0.0644495255111394,0.0171170192953252,-0.097998266852654,-0.0309007841696247,-0.060285426645157,-0.00416409886598237
1053,0.785844870842993,0,0,0.119685511842223,0.0593978880785637,-0.0602876237636591,0.0151529269870456,-0.0899868149186336,-0.0305884326086847,-0.05641557662997,-0.00387204713368913
1054,-0.526984873227775,1,0,0.100350302698094,0.0775940520380511,-0.0227562506600428,0.0121768329218427,-0.0466224046326161,0.00110990331253054,-0.0245788842445529,0.00182263358451011
1055,0.622617416083813,1,0,0.11711688352072,0.0614214696434491,-0.0556954138772707,0.0131688220568148,-0.0815058308274443,-0.0298849969270971,-0.0522254524559319,-0.00346996142133879
1056,-0.968582080677152,1,0,0.094497634891414,0.0847854388955825,-0.00971219599583151,0.0177645846541663,-0.0445301421183104,0.0251057501266474,-0.014751259461724,0.00503906346589249
1057,0.989815371111035,0,0,0.12296357463525,0.0569569790163864,-0.0660065956188632,0.0178850620353739,-0.101060673069461,-0.0309525181682657,-0.0617509462974262,-0.00425564932143704
1058,-0.328205996192992,1,0,0.103088460062236,0.0745427781762517,-0.0285456818859842,0.0103334975767286,-0.0487989649707043,-0.00829239880126421,-0.0291386936027121,0.000593011716727865
1059,0.720433559734374,1,0,0.118650372013614,0.060201202691226,-0.0584491693223881,0.0143326038023359,-0.0865405565796483,-0.0303577820651279,-0.0547280523245798,-0.00372111699780829
1060,-0.00930034695193172,1,0,0.107619526885554,0.0698773665584291,-0.0377421603271245,0.00898601536130109,-0.0553544267997984,-0.0201298938544507,-0.0366403572434321,-0.00110180308369245
1061,0.229498064145446,1,0,0.11112623668973,0.0665622684398257,-0.0445639682499046,0.00964865331667557,-0.0634749812499017,-0.0256529552499076,-0.0424141194840809,-0.00214984876582375
1062,0.866504786070436,0,0,0.120972697052946,0.0584211327058134,-0.0625515643471322,0.0162043280274978,-0.0943114636747009,-0.0307916650195635,-0.0585121063549026,-0.00403945799222959
1063,-0.818855739198625,0,0,0.09644693981103,0.0822818275470676,-0.0141651122639625,0.0157037108803204,-0.0449438200130202,0.0166135954850952,-0.0180380040769671,0.00387289181300461
1064,0.163158154115081,1,0,0.110142139176349,0.067468288216017,-0.0426738509603323,0.00932419247709704,-0.0609489324003618,-0.0243987695203028,-0.0407963391509491,-0.00187751180938323
1065,-0.317021150141954,1,0,0.103244478658584,0.0743744095616968,-0.0288700690968872,0.0102485689722961,-0.0489568951756622,-0.00878324301811213,-0.0293978686256243,0.000527799528737136
1066,0.56034358497709,0,0,0.11614957999241,0.0622103460825483,-0.0539392339098619,0.0124737053783435,-0.0783872472051786,-0.0294912206145451,-0.0506451255181805,-0.00329410839168136
1067,-0.441371160559356,1,1,0.101521611757361,0.0762660928446977,-0.0252555189126636,0.011311974078812,-0.0474265807011858,-0.0030844571241414,-0.0265321150980459,0.0012765961853823
1068,0.656011648010463,0,0,0.117638471135019,0.0610022961581665,-0.0566361749768524,0.013556905274285,-0.0832072210562721,-0.0300651288974328,-0.0530770319686533,-0.00355914300819914
1069,-0.600123416166753,0,0,0.0993591959453991,0.0787452469116706,-0.0206139490337285,0.0129855870911031,-0.0460652320503989,0.00483733398294188,-0.0229228602452492,0.00230891121152067
1070,0.411080059595406,1,0,0.113859278519974,0.0641398561131971,-0.0497194224067767,0.0109895224440184,-0.0712584906043474,-0.028180354209206,-0.0468976295898134,-0.00282179281696329
1071,-0.371212071739137,0,1,0.102490506062503,0.0751934296052661,-0.0272970764572368,0.0106807380346239,-0.0482309383334067,-0.00636321458106685,-0.0281447650611923,0.000847688603955548
1072,0.688122038263828,1,0,0.118141903736399,0.0606017616477016,-0.0575401420886971,0.0139392884676312,-0.0848606454553688,-0.0302196387220253,-0.0538986089666204,-0.00364153312207666
1073,0.356474075000733,0,0,0.113031285760729,0.0648595674449468,-0.0481717183157823,0.0105246943645258,-0.0687997402185445,-0.02754369641302,-0.0455407166996459,-0.00263100161613637
1074,-0.796498992945999,0,0,0.0967410685472457,0.0819138201143438,-0.0148272484329019,0.0154085095379396,-0.0450273721827055,0.0153728753169017,-0.0185327024804932,0.0037054540475913
1075,0.517415888141841,0,0,0.115486828128061,0.0627596460265136,-0.0527271821015474,0.0120184931167876,-0.0762829957588937,-0.0291713684442011,-0.0495615500863396,-0.00316563201520777
1076,-0.497856474947184,0,1,0.100747464010778,0.0771398797474236,-0.0236075842633542,0.0118719439233438,-0.0468761667795872,-0.000339001747121207,-0.0252416381301688,0.00163405386681461
1077,-0.663163070101291,0,1,0.0985119378165228,0.079749997258317,-0.0187619405582058,0.0137269321717737,-0.0456662332331064,0.00814235211669482,-0.0215046905057635,0.00274274994755769
1078,0.0392811927013099,0,0,0.108324960927699,0.0691907934492471,-0.0391341674784518,0.00900339433178682,-0.056780496107366,-0.0214878388495376,-0.0378039144288414,-0.00133025304961037
1079,0.401787650771439,1,1,0.1137180050836,0.0642618033878453,-0.0494562016957546,0.0109071127150589,-0.070833749792589,-0.0280786535989202,-0.0466661934001279,-0.00279000829562667
1080,-0.360038433223963,0,0,0.102645567620767,0.0750238803983759,-0.0276216872223914,0.0105874530811975,-0.0483727139495461,-0.00687066049523666,-0.0284026059681436,0.000780918745752226
1081,0.405103110242635,0,0,0.11376839280982,0.0642182687876969,-0.0495501240221228,0.0109363656029137,-0.0709850067255963,-0.0281152413186494,-0.0467487431500224,-0.00280138087210045
1082,0.0605524582788348,1,0,0.108635109639263,0.0688921495214811,-0.0397429601177814,0.00903058382273676,-0.0574425791697155,-0.0220433410658474,-0.0383151380258472,-0.00142782209193425
1083,-0.569986650254577,0,0,0.0997665226501678,0.0782690165045683,-0.0214975061455995,0.012645226726849,-0.0462816951065669,0.00328668281536787,-0.0236038304376432,0.00210632429204368
1084,0.1600840264,0,0,0.11009672268207,0.0675105484563633,-0.0425861742257068,0.00931161883154155,-0.0608366117732932,-0.0243357366781205,-0.0407216321398949,-0.00186454208581193
1085,0.0691649443469942,0,0,0.108760906839939,0.0687715719139727,-0.0399893349259665,0.00904495346899788,-0.057717117967043,-0.0222615518848901,-0.0385224332526314,-0.00146690167333512
1086,-0.00724284024909139,1,0,0.107649321054793,0.0698481617296853,-0.0378011593251081,0.00898548458902476,-0.0554123855032363,-0.0201899331469798,-0.0366895225303104,-0.00111163679479765
1087,0.10183015698567,1,0,0.109239190191512,0.0683160227901808,-0.0409231674013313,0.00911685289116258,-0.0587918707203598,-0.0230544640823028,-0.0393102695736475,-0.00161289782768378
1088,-0.563254526350647,0,0,0.0998577162873003,0.0781629941488329,-0.0216947221384674,0.012570522972798,-0.0463324944319849,0.0029430501550501,-0.0237562161230947,0.0020614939846273
1089,-0.178832114674151,1,0,0.105189388347339,0.0723228863870121,-0.0328665019603268,0.00940642102675931,-0.0513027483961953,-0.0144302555244583,-0.0326233217263061,-0.000243180234020708
1090,0.332571427337825,0,0,0.112670505030353,0.0651769655513277,-0.0474935394790253,0.0103367273528112,-0.0677531528085454,-0.0272339261495053,-0.0449490995377086,-0.00254443994131674
1091,-0.41693218331784,0,0,0.101858187487335,0.0758908609705321,-0.0259673265168025,0.0110835343701323,-0.0476906547036736,-0.00424399832993134,-0.0270926247632946,0.00112529824649211
1092,-0.669492406770587,0,0,0.0984272274269395,0.0798515210086538,-0.0185757064182857,0.0138034207823128,-0.0456299140150705,0.00847850117849918,-0.0213627690253912,0.00278706260710553
1093,-0.165171790868044,1,0,0.105383393466929,0.0721229462366293,-0.0332604472302997,0.00934597996092921,-0.051578231353954,-0.0149426631066454,-0.0329445319908618,-0.000315915239437865
1094,0.96994252037257,0,0,0.122640829531257,0.05719059072108,-0.0654502388101769,0.0176087284104313,-0.0999627123081694,-0.0309377653121844,-0.0612261934229612,-0.00422404538721569
1095,0.632263009436429,0,0,0.11726733258598,0.0613001198343916,-0.0559672127515881,0.0132798725949688,-0.0819952847570074,-0.0299391407461688,-0.0524711255148964,-0.00349608723669168
1096,-0.9080571946688,1,0,0.0952813305814954,0.0837651691948378,-0.0115161613866576,0.0169148063666448,-0.0446685726707503,0.021636249897435,-0.0160744041478644,0.00455824276120676
1097,0.0742353377863765,0,0,0.108835026704575,0.0687006761909833,-0.0401343505135915,0.00905431377335399,-0.0578804794140903,-0.0223882216130927,-0.0386445561635428,-0.0014897943500487
1098,0.422482437919825,0,0,0.114032839009531,0.0639905135626211,-0.0500423254469102,0.0110924111184014,-0.0717830517406886,-0.0283015991531319,-0.0471819131838268,-0.00286041226308344
1099,0.220938518643379,1,0,0.11099883198162,0.0666785301626283,-0.0443203018189918,0.0096012508870276,-0.0631384077640991,-0.0255021958738844,-0.042204781433131,-0.00211552038586078
1100,-0.0487325587309897,1,0,0.107049920126137,0.07043926491234,-0.0366106552137972,0.00901781401394903,-0.0542852459004178,-0.0189360645271765,-0.0357000287746769,-0.000910626439120266
1101,-0.0633609523065388,1,0,0.106839285480297,0.0706487755058471,-0.0361905099744497,0.00904001503845316,-0.0539086138695184,-0.0184724060793811,-0.0353521182463798,-0.000838391728069939
1102,0.826966003980488,1,0,0.120340244971172,0.0588980327098651,-0.0614422122613069,0.0156837794016636,-0.0921818550300388,-0.030702569492575,-0.0574822413247822,-0.00395997093652471
1103,0.397037229500711,0,0,0.113645842984388,0.0643242280753676,-0.0493216149090202,0.0108654924558175,-0.070617588796714,-0.0280256410213263,-0.0465479634410678,-0.00277365146795235
1104,0.479687254410237,1,1,0.114907060632187,0.0632461523092652,-0.0516609083229213,0.0116363455652978,-0.0744677265425674,-0.0288540901032753,-0.0486130931563929,-0.00304781516652845
1105,0.19772626971826,0,0,0.110653972060453,0.0669947647811862,-0.043659207279267,0.00948081706232817,-0.062241267265443,-0.0250771472930909,-0.0416379876662888,-0.00202121961297816
1106,0.913453567773104,1,0,0.121727398111731,0.0578595605427461,-0.0638678375689854,0.0168344569826791,-0.0968627669543253,-0.0308729081836455,-0.0597404155517327,-0.00412742201725271
1107,0.584286046214402,1,0,0.116520656039954,0.0619059330354357,-0.0546147230045182,0.0127363243029164,-0.0795774599336565,-0.0296519860753799,-0.0512515318221244,-0.0033631911823938
1108,0.386852108407766,0,0,0.113491258677987,0.0644582598471281,-0.0490329988308592,0.0107774377898498,-0.0701563887445858,-0.0279096089171326,-0.0462946637524842,-0.00273833507837497
1109,0.912299213465303,0,0,0.12170879334471,0.0578733072580345,-0.0638354860866753,0.0168188139376301,-0.0967997556671106,-0.0308712165062401,-0.0597101434323216,-0.00412534265435373
1110,-0.241669000126421,0,0,0.104301028011413,0.073249199685459,-0.0310518283259536,0.00973938388924238,-0.0501406699804783,-0.0119629866714289,-0.0311512747051713,9.94463792177262e-05
1111,0.16778556117788,0,0,0.110210534435081,0.0674047212103447,-0.0428058132247367,0.00934354210704138,-0.0611188192425713,-0.0244928072069021,-0.0409088369181761,-0.0018969763065606
1112,0.686144493985921,1,0,0.118110845594604,0.0606263576346695,-0.057484487959935,0.0139154890853305,-0.0847583453944429,-0.030210630525427,-0.0538479337346569,-0.00363655422527809
1113,-0.0237058931961656,0,0,0.107411127333525,0.0700821594719066,-0.0373289678616186,0.00899287095682712,-0.054954671054616,-0.0197032646686212,-0.0362964082023366,-0.001032559659282
1114,0.911706156563014,0,0,0.121699235979287,0.057880370912797,-0.0638188650664899,0.0168107800927028,-0.0967673886002104,-0.0308703415327694,-0.0596945923328599,-0.00412427273363
1115,0.937329637352377,0,1,0.122112759167128,0.057575916967183,-0.0645368421999454,0.017159644079354,-0.0981691265830052,-0.0309045578168857,-0.0603673540301439,-0.00416948816980153
1116,-0.40080628823489,0,0,0.102080816152814,0.0756441954578983,-0.0264366206949158,0.0109377039602111,-0.0478741265304908,-0.00499911485934084,-0.0274631953061117,0.0010265746111959
1117,-0.647218968253583,1,0,0.0987256179045132,0.0794947732270758,-0.0192308446774374,0.0135358632245214,-0.0457606490971596,0.00729895974228485,-0.0218625780800034,0.00263173340256605
1118,0.98837382113561,1,0,0.122940138594138,0.0569738946923939,-0.065966243901744,0.0178649503773936,-0.100980903227031,-0.0309515845764573,-0.0617128453270457,-0.00425339857469827
1119,0.254152283072472,0,0,0.111493918090314,0.0662284489162828,-0.0452654691740309,0.00979392417764192,-0.0644612078295251,-0.0260697305185367,-0.0430180827201016,-0.0022473864539293
1120,-0.115975459571928,0,0,0.106084701590326,0.071407098357414,-0.034677603232912,0.00916563788479677,-0.0526419233824495,-0.0167132830833744,-0.0341049057208416,-0.000572697512070369
1121,-0.416669473517686,1,0,0.101861810918424,0.0758868365897603,-0.0259749743286633,0.0110811268276049,-0.0476935838188894,-0.00425636483843719,-0.0270986571872423,0.00112368285857901
1122,-0.159289274830371,0,0,0.10546703466959,0.0720370035626945,-0.0334300311068951,0.00932131652657005,-0.0516994757874704,-0.0151605864263198,-0.0330829863478955,-0.000347044758999618
1123,0.884218407794833,1,0,0.121256968135484,0.0582086553166059,-0.0630483128188779,0.0164405858598642,-0.0952712689889502,-0.0308253566488056,-0.0589748483446341,-0.00407346447424379
1124,-0.234801954124123,1,0,0.104397787721804,0.0731474393732078,-0.0312503483485959,0.0096987530152881,-0.0502595549535098,-0.012241141743682,-0.0313117068242426,6.13584756467001e-05
1125,-0.276664819568396,0,0,0.103809151481092,0.0737698181752378,-0.0300393333058542,0.00996178261342636,-0.0495640684499872,-0.0105145981617213,-0.0303353439475431,0.000296010641688882
1126,0.663101836573333,0,1,0.117749472225869,0.0609136430730677,-0.0568358291528011,0.0136405820393058,-0.0835708786780044,-0.0301007796275979,-0.0532582104349298,-0.00357761871787134
1127,0.526371365878731,1,0,0.115624817932622,0.0626446800326885,-0.052980137899934,0.0121117276203821,-0.0767186878264418,-0.0292415879734261,-0.0497872139007935,-0.00319292399914046
1128,-0.839680656790733,1,0,0.0961736828926798,0.0826259733094136,-0.0135477095832663,0.0159817916936515,-0.0448714457112446,0.0177760265447121,-0.0175781270243373,0.00403041744107102
1129,0.851708076428622,1,0,0.120735677776433,0.0585991787567832,-0.0621364990196502,0.0160084017814415,-0.0935123899613224,-0.0307606080779781,-0.0581262082523945,-0.00401029076725574
1130,0.860638129059225,1,0,0.120878674756674,0.0584916643090514,-0.0623870104476229,0.0161264890828172,-0.093994348247023,-0.0307796726482227,-0.0583590339201869,-0.00402797652743597
1131,-0.761690334416926,0,0,0.0972006108618026,0.0813438290233662,-0.0158567818384363,0.0149560484172693,-0.0451700980873214,0.0134565344104488,-0.0193049886018011,0.00344820676336478
1132,0.813652886543423,1,1,0.120127934977057,0.0590594295351914,-0.0610685054418655,0.0155107034801049,-0.0914689256377511,-0.0306680852459798,-0.0571364130031152,-0.00393209243875026
1133,-0.3234350560233,1,0,0.103154984872632,0.074470917060918,-0.0286840678117137,0.0102969905808654,-0.0488657984993581,-0.00850233712406929,-0.0292492114046786,0.000565143592964883
1134,0.149239791091532,0,0,0.109936643335942,0.0676598210416641,-0.0422768222942783,0.00926906901809953,-0.0604438637399694,-0.0241097808485871,-0.0404582798092195,-0.00181854248505876
1135,0.9259600546211,1,0,0.121929122667554,0.0577108224518158,-0.0642183002157386,0.0170044064049254,-0.0975463243478746,-0.0308902760836027,-0.0600686194400476,-0.00414968077569101
1136,0.27349943574518,0,0,0.111783197008174,0.0659675772861157,-0.0458156197220583,0.00991673608613776,-0.065252065295077,-0.0263791741490396,-0.0434930822513311,-0.00232253747072725
1137,0.693945321720093,1,0,0.118233401866602,0.0605293879417477,-0.0577040139248544,0.0140095563698812,-0.0851622398492052,-0.0302457880005037,-0.0540478919217617,-0.00365612200309271
1138,-0.40313611831516,0,0,0.102048624671988,0.0756797875434043,-0.0263688371285837,0.0109585255961917,-0.0478471526207798,-0.0048905216363876,-0.0274096206228426,0.00104078349425892
1139,-0.0534612904302776,0,0,0.106981791040424,0.0705069278074152,-0.0364748632330085,0.00902437790129708,-0.0541623189024299,-0.0187874075635871,-0.0355875093992209,-0.000887353833787581
1140,-0.511054405476898,1,0,0.1005673395727,0.0773453603075633,-0.0232219792651364,0.0120087953110704,-0.0467587855725478,0.000314827042275048,-0.0249411192332706,0.00171913996813424
1141,-0.46356100961566,0,0,0.101216866086404,0.0766082655683974,-0.0246086005180063,0.011526806936896,-0.0472007269710689,-0.00201647406494372,-0.0260243273394142,0.00141572682140787
1142,0.0401499168947339,0,0,0.10833761223399,0.0691785733140714,-0.039159038919919,0.00900427229846343,-0.056807088331899,-0.021510989507939,-0.0378247718423415,-0.00133426707757751
1143,0.879384823143482,1,0,0.121179340906329,0.0582665628132512,-0.062912778093078,0.0163759352781144,-0.0950090214513411,-0.0308165347348148,-0.0588484947089611,-0.00406428338411689
1144,-0.297878672834486,1,0,0.103511983917426,0.0740870638087255,-0.0294249201087005,0.0101086253125014,-0.0492374616544131,-0.00961237856298788,-0.0298420898504157,0.000417169741715212
1145,-0.339768961537629,1,0,0.102927386446588,0.0747172070893884,-0.0282101793571995,0.0104236814186106,-0.0486402195239956,-0.00778013919040349,-0.028871051594621,0.00066087223742145
1146,-0.509285214357078,0,0,0.100591468758098,0.077317786428397,-0.0232736823297012,0.011990324443093,-0.0467742864011138,0.000226921741711312,-0.0249813819935011,0.00170769966379987
1147,0.618810280226171,0,0,0.117057547055094,0.0614694284328818,-0.0555881186222122,0.0131252296407207,-0.0813130960068424,-0.0298631412375819,-0.052128551133704,-0.00345956748850818
1148,0.895006609614938,0,0,0.121430380956797,0.0580796047736917,-0.0633507761831048,0.0165853666086536,-0.0958574974064591,-0.0308440549597506,-0.0592570864124207,-0.00409368977068415
1149,-0.362625137437135,0,1,0.102609652303329,0.0750630998678319,-0.0275465524354972,0.0106088615890355,-0.0483395390669771,-0.00675356580401734,-0.028342890895474,0.00079633845997679
1150,-0.281634486746043,0,0,0.103739467884713,0.0738440254547887,-0.0298954424299241,0.00999538798208887,-0.0494860428863228,-0.0103048419735254,-0.0302197005686436,0.000324258138719509
1151,-0.40399851417169,0,0,0.10203671114944,0.0756929659937738,-0.0263437451556663,0.0109662542078335,-0.0478372084483307,-0.00485028186300188,-0.0273897927883489,0.0010460476326826
1152,-0.197276619728655,1,0,0.104927937972956,0.0725936614043133,-0.0323342765686431,0.00949494112118178,-0.0509440192014877,-0.0137245339357984,-0.0321902956412918,-0.000143980927351274
1153,0.897873078007251,1,0,0.12147649336156,0.0580453606971958,-0.0634311326643637,0.0166239471199242,-0.0960134703003134,-0.030848795028414,-0.0593321307590058,-0.0040990019053579
1154,-0.835939528420568,1,1,0.0962227215740238,0.0825640522855085,-0.0136586692885153,0.0159316189710726,-0.0448840686872327,0.0175667301102021,-0.0176606767870565,0.00400200749854121
1155,-0.358389442320913,0,0,0.102668468987383,0.0749988883162086,-0.0276695806711743,0.0105738647601618,-0.0483939747784888,-0.00694518656385987,-0.0284406813506731,0.000771100679498777
1156,0.249615550041199,1,0,0.111426179613781,0.0662897595423535,-0.0451364200714277,0.00976623421560399,-0.0642778873985943,-0.0259949527442611,-0.0429068328014226,-0.00222958727000513
1157,-0.452510945033282,1,0,0.101368521235643,0.0764376953383157,-0.0249308258973268,0.0114189648763764,-0.0473115857957525,-0.00255006599890117,-0.0262770595393647,0.00134623364203786
1158,-0.0681959968060255,0,0,0.106769745811159,0.0707181504334331,-0.0360515953777257,0.0090485819950988,-0.0537864901992769,-0.0183167005561745,-0.0352372353949629,-0.000814359982762788
1159,-0.256719058845192,1,0,0.104089243134263,0.0734726772762079,-0.030616565858055,0.0098319242613785,-0.0498867833090824,-0.0113463484070275,-0.0308000408695403,0.000183475011485329
1160,0.742489128373563,0,0,0.118998534737281,0.059929208973363,-0.059069325763918,0.0146057219570336,-0.0876960147679096,-0.0304426367599263,-0.0552957964245635,-0.00377352933935446
1161,-0.315143350511789,0,0,0.103270692758462,0.0743461768281315,-0.0289245159303308,0.0102345364583486,-0.0489838387871562,-0.00886519307350538,-0.029441408487859,0.000516892557528216
1162,0.307501298375428,0,0,0.112293183224281,0.0655114184763934,-0.0467817647478878,0.0101504807749049,-0.0666763414924676,-0.0268871880033079,-0.0443301114901849,-0.00245165325770287
1163,-0.581622940022498,0,1,0.0996090715837098,0.078452583567696,-0.0211564880160138,0.0127755081593764,-0.0461960238925891,0.00388304786056154,-0.0233406658695395,0.0021841778535257
1164,-0.0734070735052228,0,0,0.106694842511142,0.0707929912726616,-0.0359018512384803,0.00905849604385655,-0.0536561772385377,-0.0181475252384229,-0.0351134790442894,-0.00078837219419093
1165,-0.469760472886264,1,0,0.101131870564847,0.0767041140695409,-0.0244277564953062,0.0115880419742526,-0.0471399014161798,-0.00171561157443266,-0.025882653142323,0.00145489664701675
1166,-0.910941912326962,0,1,0.095243846725536,0.0838135427607279,-0.0114303039648081,0.0169548141099849,-0.0446611289849499,0.0218005210553338,-0.0160111730810634,0.00458086911625533
1167,-0.557827852666378,0,0,0.0999312801796942,0.078077626663129,-0.0218536535165652,0.0125106687351755,-0.0463741136600204,0.0026668066268901,-0.0238791232138614,0.00202546969729625
1168,0.21337815374136,0,0,0.110886405931066,0.0667813771188338,-0.0441050288122317,0.00956071175186809,-0.062843679512462,-0.0253663781120014,-0.0420200289859408,-0.00208499982629089
1169,-0.637947138864547,1,0,0.0988500670579766,0.0793466984708712,-0.0195033685871055,0.0134258356137045,-0.0458175228523215,0.00681078567811056,-0.0220709452603708,0.00256757667326532
1170,0.715578522533178,1,0,0.118573850299855,0.0602612309568723,-0.0583126193429829,0.0142729800089809,-0.0862871461126455,-0.0303380925733202,-0.0546032478554738,-0.00370937148750906
1171,-0.494820220395923,1,0,0.10078894311503,0.0770926786784355,-0.0236962644365948,0.011840770521732,-0.046903748208393,-0.000488780664796573,-0.0253108277671849,0.00161456333059012
1172,0.602062804624438,0,0,0.116796837317824,0.0616808135252084,-0.0551160237926151,0.0129351123614793,-0.0804683781570934,-0.0297636694281368,-0.0517027304631654,-0.00341329332944972
1173,0.179475046694279,1,0,0.110383476291324,0.0672443893404562,-0.0431390869508674,0.00939466608399924,-0.0615522941222858,-0.0247258797794489,-0.0411932535575022,-0.00194583339336519
1174,-0.74264319287613,0,0,0.097452894112267,0.0810334648414693,-0.0164194292707977,0.0147123083348204,-0.0452550237364941,0.0124161651948988,-0.0197286460308289,0.00330921676003124
1175,-0.723537459503859,0,0,0.0977065400545272,0.0807232310451589,-0.0169833090093683,0.0144706645602317,-0.0453452903797825,0.0113786723610459,-0.0201543674478276,0.00317105843845929
1176,0.0797240873798728,1,0,0.108915312148674,0.0686240071967253,-0.0402913049519486,0.00906519579279579,-0.0580587622186323,-0.0225238476852648,-0.0387768246635023,-0.00151448028844626
1177,0.658944135997444,1,0,0.117684369965283,0.0609656147966022,-0.0567187551686807,0.013591460818667,-0.0833575288705553,-0.030079981466806,-0.0531519511540914,-0.00356680401458927
1178,0.159247039351612,1,0,0.110084360060022,0.067522058825654,-0.0425623012343677,0.00930823440896618,-0.0608061054355979,-0.0243184970331375,-0.0407012957656081,-0.00186100546875959
1179,0.567594663240016,1,1,0.11626185349437,0.0621180060266101,-0.0541438474677598,0.0125526049559112,-0.0787465010935048,-0.0295411938420147,-0.0508286226797491,-0.00331522478801066
1180,-0.982880250085145,1,0,0.0943133425174701,0.0850281046286939,-0.00928523788877622,0.0179684248960849,-0.0445027035440156,0.0259322277664631,-0.0144397594720731,0.00515452158329688
1181,0.282846311572939,1,0,0.111923186548716,0.0658418890176366,-0.0460812975310794,0.00997875673240746,-0.0656393013370846,-0.0265232937250742,-0.0437228912864182,-0.00235840624466119
1182,0.252511442173272,0,0,0.111469414352309,0.0662506175961122,-0.0452187967561966,0.00978386008676237,-0.0643948101560298,-0.0260427833563634,-0.0429778401300135,-0.00224095662618311
1183,-0.0789690990932286,0,0,0.10661494577461,0.0708729531185245,-0.0357419926560857,0.00906985472758049,-0.0535185812671538,-0.0179654040450176,-0.0349814580969673,-0.00076053455911837
1184,-0.16523532057181,0,1,0.105382490482319,0.072123874911981,-0.0332586155703384,0.00934625082807837,-0.0515769305838496,-0.0149403005568271,-0.0329430371533266,-0.000315578417011762
1185,0.0354547072201967,0,0,0.108269250933528,0.0692446434920352,-0.0390246074414927,0.00899976351813456,-0.0566638198064139,-0.0213853950765715,-0.0377120647504564,-0.00131254269103628
1186,0.0339477127417922,0,1,0.108247317435122,0.0692658620363573,-0.0389814553987651,0.00899843940715796,-0.0566180725538606,-0.0213448382436696,-0.0376759009095654,-0.0013055544891997
1187,-0.239641115535051,1,0,0.104329593553117,0.0732191356268548,-0.0311104579262624,0.00972728042635477,-0.0501755772294391,-0.0120453386230856,-0.0311986402210448,8.81822947824337e-05
1188,0.887589369900525,1,0,0.121311131057744,0.0581683023495679,-0.0631428287081758,0.0164857534143452,-0.0954543116583007,-0.030831345758051,-0.0590630049968215,-0.00407982371135433
1189,0.471322629600763,1,0,0.114778866788903,0.0633544884253532,-0.0514243783635501,0.0115540487431554,-0.074069897775755,-0.0287788589513453,-0.0484033056489216,-0.00302107271462854
1190,-0.435855791904032,0,0,0.101597483596037,0.0761812623799978,-0.0254162212160396,0.0112596569653263,-0.0474847433463546,-0.00334769908572456,-0.0266584954960921,0.00124227428005252
1191,0.862400422804058,1,0,0.12090691162801,0.0584704688291844,-0.0624364427988255,0.0161498496385909,-0.0940895664462008,-0.0307833191514501,-0.0584050058980417,-0.00403143690078378
1192,-0.778454000130296,1,0,0.0969790550517473,0.0816178810524425,-0.0153611739993048,0.0151728397646136,-0.0450993934811446,0.014377045482535,-0.0189327460290619,0.00357157202975709
1193,-0.0405166000127792,0,0,0.107168382159504,0.0703218463764599,-0.0368465357830441,0.00900780601923488,-0.0545015111604676,-0.0191915604056206,-0.035895650861403,-0.000950884921641103
1194,0.407324889209121,0,0,0.113802169875566,0.0641891104490989,-0.0496130594264671,0.0109560622987438,-0.0710865469443821,-0.028139571908552,-0.0468040774169385,-0.00280898200952859
1195,0.887155428994447,0,0,0.121304157544446,0.0581734954782863,-0.06313066206616,0.0164799353654431,-0.0954307418499764,-0.0308305822823435,-0.0590516549604523,-0.00407900710570765
1196,-0.0539018800482154,1,0,0.106975445200322,0.0705132352132432,-0.0364622099870784,0.00902501933062823,-0.0541509228348875,-0.0187734971392693,-0.0355770283125963,-0.000885181674482073
1197,-0.757248430512846,0,0,0.0972593926214658,0.0812713535648984,-0.0159880390565675,0.0148989583570684,-0.0451894608435836,0.0132133827304487,-0.01940372040086,0.00341568134429255
1198,-0.802914769854397,0,1,0.0966565797704662,0.0820192745771176,-0.0146373051933486,0.0154928643882282,-0.0450027614116391,0.0157281510249419,-0.0183906319892503,0.0037533267959017
1199,0.639225316699594,0,0,0.117376032681181,0.0612126673505296,-0.0561633653306517,0.0133605631321167,-0.082349587882774,-0.0299771427785293,-0.0526486052654062,-0.00351476006524546
1200,0.962412296794355,1,0,0.122518725407255,0.0572793458208774,-0.0652393795863772,0.0175045446032763,-0.0995476565745738,-0.0309311025981807,-0.0610276340405958,-0.00421174554578144
1201,0.0983639247715473,0,1,0.109188350305681,0.0683642299362638,-0.0408241203694172,0.00910792869866618,-0.0586753325925616,-0.0229729081462727,-0.0392265479453174,-0.00159757242409977
1202,0.662560141645372,0,0,0.117740988470594,0.0609204119723805,-0.0568205764982133,0.013634173699307,-0.0835430659078182,-0.0300980870886083,-0.0532443636664271,-0.00357621283178617
1203,0.456737437751144,1,0,0.114555636058251,0.0635438054241738,-0.0510118306340772,0.0114127544509217,-0.073380418322283,-0.0286432429458714,-0.0480379285572267,-0.00297390207685046
1204,0.8980393409729,1,0,0.121479168469443,0.058043375029038,-0.0634357934404052,0.0166261863233211,-0.0960225198343669,-0.0308490670464434,-0.0593364842128297,-0.00409930922757546
1205,0.604236178100109,0,0,0.116830641981245,0.0616533431052873,-0.0551772988759575,0.0129596311793869,-0.0805777092404782,-0.0297768885114368,-0.051757949632533,-0.0034193492434245
1206,0.871225557290018,1,0,0.121048400535693,0.0583644353901623,-0.0626839651455304,0.016267111889138,-0.0945669185807242,-0.0308010117103366,-0.0586353473015916,-0.0040486178439388
1207,0.788118681870401,0,0,0.119721635061249,0.0593701448564466,-0.0603514902048021,0.015181987547138,-0.0901076390109281,-0.0305953413986761,-0.0564744411299716,-0.00387704907483045
1208,0.192909799981862,1,0,0.1105825323227,0.067060556654088,-0.0435219756686124,0.00945734128174318,-0.0620580239703329,-0.0249859273668919,-0.0415205442953089,-0.00200143137330353
1209,-0.603740541264415,1,0,0.0993104066714418,0.0788025836237712,-0.0205078230476706,0.0130270736652209,-0.0460404182554537,0.00502477216011255,-0.0228412585658107,0.00233343551814012
1210,-0.191407622769475,0,0,0.105011068563242,0.0725074002423157,-0.0325036683209258,0.00946592307564692,-0.0510565366296204,-0.0139508000122312,-0.0323279988722624,-0.000175669448663401
1211,0.480529999360442,0,0,0.114919983206081,0.0632352469129516,-0.0516847362931299,0.0116446872619583,-0.0745079039378005,-0.0288615686484593,-0.0486342393195511,-0.00305049697357881
1212,-0.501843980979174,0,0,0.10069301262555,0.0772019090308761,-0.0234911035946736,0.011913061178356,-0.0468402744498737,-0.000141932739473504,-0.025150802044675,0.00165969845000141
1213,0.531061314046383,1,0,0.115697139812641,0.0625845512344161,-0.0531125885782252,0.0121609261710449,-0.0769475658921238,-0.0292776112643267,-0.049905474902805,-0.00320711367542025
1214,0.868266754318029,1,0,0.121000947645192,0.0583999651087046,-0.0626009825364877,0.0162277458781313,-0.0944067800078933,-0.030795185065082,-0.058558097502705,-0.00404288503378266
1215,0.684509287588298,1,0,0.118085169350558,0.0606467027988372,-0.0574384665517206,0.0138958339864896,-0.0846738007003879,-0.0302031324030533,-0.0538060387431684,-0.00363242780855216
1216,0.886637346353382,0,0,0.121295832309911,0.0581796961314525,-0.0631161361784588,0.016472990607593,-0.0954026044870077,-0.0308296678699099,-0.0590381047984217,-0.00407803138003709
1217,-0.412349133286625,0,0,0.101921415707222,0.0758206825528226,-0.0261007331543996,0.0110416838988891,-0.0477420359248981,-0.00445943038390116,-0.0271978840506761,0.00109715089627647
1218,-0.166204638313502,1,0,0.105368713852366,0.0721380457382701,-0.0332306681140957,0.00935039555423904,-0.0515571066416077,-0.0149042295865838,-0.0329202305092926,-0.000310437604803135
1219,0.52527959132567,0,0,0.11560798773856,0.0626586851685073,-0.0529493025700528,0.0121003111527659,-0.0766654766312023,-0.0292331285089033,-0.0497596919510401,-0.00318961061901268
1220,-0.136149812489748,0,0,0.105796614093706,0.0716998553671091,-0.0340967587265966,0.00923240856081911,-0.0521919469963613,-0.0160015704568319,-0.0336283847631526,-0.00046837396344402
1221,-0.338136864360422,1,0,0.102950108261305,0.0746925639576089,-0.028257544303696,0.0104108072321656,-0.0486623515287297,-0.00785273707866238,-0.028908810764342,0.000651266460645963
1222,0.530079893767834,1,0,0.11568200245718,0.0625971293510231,-0.0530848731061568,0.012150609905867,-0.0768996309118517,-0.0292701153004619,-0.0498807229095123,-0.00320415019664452
1223,-0.139426801819354,1,0,0.105749884226323,0.0717475133315181,-0.0340023708948045,0.0092442059648918,-0.0521206816516628,-0.0158840601379462,-0.0335510707793025,-0.000451300115501999
1224,-0.885589953511953,1,0,0.0955737205677905,0.083389285468746,-0.0121844350990445,0.0166049624755096,-0.0447295635156824,0.0203606933175934,-0.0165674485635447,0.00438301346450018
1225,-0.352295847609639,1,0,0.102753136759328,0.0749066002410195,-0.0278465365183087,0.0105240548018461,-0.048473304901253,-0.00721976813536454,-0.0285814357527086,0.000734899234399851
1226,0.698550158645958,1,0,0.118305798639991,0.0604722147574427,-0.0578335838825478,0.0140653163673033,-0.0854010973936241,-0.0302660703714716,-0.0541660021533869,-0.00366758172916092
1227,0.0800275430083275,0,0,0.108919752393467,0.0686197707230848,-0.0402999816703821,0.00906582010027436,-0.0580686625572391,-0.022531300783525,-0.0387841394732305,-0.00151584219715156
1228,0.679019572213292,0,0,0.117999004413363,0.0607150523107068,-0.0572839521026559,0.0138300098255057,-0.0843902732664822,-0.0301776309388296,-0.0536654399456862,-0.00361851215696972
1229,-0.375606443267316,1,0,0.102429580280599,0.0752602063555957,-0.0271693739250035,0.0107179960280602,-0.0481762601264447,-0.00616248772356222,-0.0280434374748057,0.000874063549802226
1230,-0.805752721149474,0,0,0.0966192280747254,0.0820659606743325,-0.0145532674003929,0.0155302709047466,-0.0449920390438465,0.0158855042430607,-0.0183278157241662,0.00377454832377332
1231,0.0402297619730234,1,0,0.10833877508997,0.0691774502527337,-0.039161324837236,0.00900435398898889,-0.0568095343597038,-0.0215131153147682,-0.037826688952576,-0.00133463588466003
1232,0.612374968361109,1,0,0.116957308203729,0.0615505741382643,-0.0554067340654645,0.0130518566728478,-0.0809879030756249,-0.029825565055304,-0.0519648413341789,-0.00344189273128556
1233,-0.0300880125723779,0,0,0.107318913168962,0.070173066590108,-0.0371458465788545,0.00899766266794796,-0.0547809413530731,-0.0195107518046359,-0.0361441839825498,-0.0010016625963047
1234,-0.830717390403152,1,0,0.0962912106782037,0.0824776890468175,-0.0138135216313863,0.015861741816482,-0.0449019643237638,0.0172749210609913,-0.0177759537692752,0.00396243213788894
1235,0.0270961821079254,0,0,0.108147646289822,0.0693624077683244,-0.0387852385214981,0.00899317426352977,-0.0564115361847089,-0.0211589408582872,-0.0375115504894216,-0.00127368803207645
1236,-0.351994110271335,1,0,0.102757330870762,0.0749020331131449,-0.027855297757617,0.0105216049546924,-0.0484772645283724,-0.00723333098686161,-0.0285884076605102,0.000733109902893214
1237,0.096774754114449,1,0,0.109165048579768,0.0683863421033147,-0.0407787064764529,0.00910393925498145,-0.058622099533657,-0.0229353134192489,-0.0391881735565319,-0.00159053291992105
1238,-0.396215660031885,1,0,0.102144271632669,0.0755741108387238,-0.0265701607939449,0.0108969259512359,-0.0479277432005671,-0.00521257838732278,-0.0275687924566303,0.000998631662685382
1239,-0.947756657842547,1,0,0.0947666355246819,0.0844331180283115,-0.0103335174963704,0.0174697714333405,-0.0445736403238645,0.0239066053311237,-0.0152056952166322,0.00487217772026181
1240,-0.109552524983883,1,0,0.106176565369947,0.0713141247415774,-0.0348624406283696,0.00914651614810168,-0.052789282862663,-0.0169355983940763,-0.03425681435339,-0.000605626274979641
1241,0.155300067272037,0,0,0.110026078150404,0.0675763627040625,-0.0424497154463416,0.00929250009986341,-0.0606626809684088,-0.0242367499242745,-0.040605418574843,-0.00184429687149862
1242,-0.812976066023111,0,0,0.096524216175464,0.0821848984709347,-0.0143393177045293,0.0156257357744679,-0.0449651970544256,0.0162865616453669,-0.018168006508993,0.00382868880446366
1243,0.824716741684824,1,0,0.120304352296013,0.0589252717820795,-0.0613790805139332,0.0156544585152176,-0.0920612554012361,-0.0306969056266304,-0.057423780231124,-0.00395530028280923
1244,0.910189532674849,1,0,0.121674797877865,0.0578984384715728,-0.0637763594062926,0.0167902440216942,-0.0966846329804522,-0.0308680858321329,-0.0596548278274979,-0.00412153157879466
1245,-0.0816827481612563,1,0,0.106575984192414,0.0709119958687552,-0.0356639883236583,0.00907568690209617,-0.0534520077867287,-0.017875968860588,-0.0349170727886791,-0.000746915534979242
1246,-0.665082871448249,1,0,0.0984862367768797,0.0797807787703312,-0.0187054580065485,0.0137500945520876,-0.0456551481126606,0.00824423209956372,-0.0214616342192659,0.00275617621271744
1247,-0.951001533307135,0,0,0.0947246766360213,0.0844879267248958,-0.0102367499111256,0.017515542920815,-0.0445665832055885,0.0240930833833374,-0.0151348308560937,0.00489808094496813
1248,-0.533473348245025,0,0,0.100262022967574,0.077695553848042,-0.0225664691195322,0.0122461462546475,-0.0465684747280513,0.00143553648898698,-0.0244315037717218,0.00186503465218963
1249,-0.0404033814556897,0,0,0.107170015409962,0.0703202295756901,-0.0368497858342715,0.00900768050777131,-0.0545045152137467,-0.0191950564547962,-0.0358983477034883,-0.000951438130783154
1250,0.193555312696844,0,0,0.110592104472141,0.0670517356197178,-0.0435403688524231,0.00946045694274695,-0.062082523737499,-0.0249982139673472,-0.0415362810082518,-0.00200408784417128
1251,-0.33822198305279,1,0,0.102948923141759,0.0746938489850832,-0.0282550741566763,0.0104114774900888,-0.0486611950630998,-0.00784895325025278,-0.0289068413647029,0.000651767208026611
1252,-0.508119156584144,1,1,0.10060737489585,0.0772996176600037,-0.0233077572358465,0.0119781716092874,-0.04678454219069,0.000169027718997,-0.0250079225330426,0.00170016529719611
1253,0.542576550506055,0,0,0.115874878626386,0.0624371453127082,-0.0534377333136778,0.0122827880965025,-0.0775115556125599,-0.0293639110147957,-0.0501960799889407,-0.00324165332473711
1254,0.202564749866724,1,0,0.11072577894924,0.0669287325789454,-0.043797046370295,0.00950492885958224,-0.0624263646106915,-0.0251677281298984,-0.0417560246313814,-0.00204102173891358
1255,-0.692919754423201,0,1,0.0981142455502455,0.0802283277374699,-0.0178859178127757,0.0140896090309952,-0.0455010440697765,0.00972920844422512,-0.0208381984747773,0.00295228066200163
1256,0.317046349402517,1,0,0.112436712179833,0.0653838931427025,-0.0470528190371304,0.0102200397850741,-0.0670837289364421,-0.0270219091378187,-0.0445655975196413,-0.00248722151748909
1257,0.573414313606918,1,0,0.116352031366053,0.0620439873225187,-0.0543080440435341,0.0126163317569446,-0.0790355999041544,-0.0295804881829139,-0.0509759936114425,-0.00333205043209162
1258,0.183505790308118,0,0,0.110443164828021,0.0671891861418255,-0.0432539786861951,0.00941303329850355,-0.0617031849365383,-0.0248047724358518,-0.0412914024351173,-0.00196257625107776
1259,-0.009871412999928,0,0,0.107611258726344,0.0698854744325958,-0.0377257842937484,0.00898618255744426,-0.0553383784648412,-0.0201131901226556,-0.036626713068317,-0.00109907122543138
1260,0.739978997036815,1,0,0.118958866025664,0.0599601063038509,-0.0589987597218135,0.0145744547968343,-0.0875641662179157,-0.0304333532257114,-0.0552311172845499,-0.00376764243726364
1261,0.18805393949151,0,0,0.110510549214146,0.0671269472954569,-0.0433836019186895,0.00943420889967344,-0.0618743115846767,-0.0248928922527023,-0.041402197596112,-0.00198140432257753
1262,0.823504880070686,1,0,0.120285017806563,0.058939952593432,-0.0613450652131312,0.0156386742906289,-0.0919963035887163,-0.030693826837546,-0.0573922880402782,-0.00395277717285296
1263,0.579107359983027,1,0,0.116440306219197,0.061971658567236,-0.0544686476519611,0.0126790144643831,-0.0793190593616144,-0.0296182359423077,-0.0511202428558593,-0.00334840479610178
1264,0.221664850134403,0,0,0.111009638110396,0.0666686573042637,-0.0443409808061327,0.00960521147586241,-0.0631668493627138,-0.0255151122495516,-0.0422225381315686,-0.0021184426745641
1265,-0.454115921631455,0,0,0.101346481439319,0.0764624483241523,-0.0248840331151668,0.0114345235609528,-0.047295287475009,-0.0024727787553246,-0.0262403345957499,0.00135630148058311
1266,-0.102425259537995,0,0,0.106278584859888,0.0712110865780904,-0.0350674982817974,0.00912651759550966,-0.0529551440732675,-0.0171798524903274,-0.0344254932544516,-0.000642005027345835
1267,-0.9701041970402,0,0,0.0944780006559795,0.0848112420391867,-0.00966675861679285,0.0177862296314767,-0.0445271281152463,0.0251936108816606,-0.014718079166735,0.00505132054994215
1268,-0.830704308580607,1,1,0.0962913823028983,0.0824774728041108,-0.0138139094987875,0.0158615670008611,-0.0449020095588442,0.0172741905612692,-0.0177762426165448,0.0039623331177573
1269,-0.0171094387769699,1,0,0.107506511632706,0.0699883138071762,-0.0375181978255297,0.00898905004191775,-0.0551364121629168,-0.0198999834881427,-0.0364538454565895,-0.0010643523689402
1270,-0.104129623621702,0,0,0.106254180782781,0.0712357138867524,-0.0350184668960286,0.00913118275202703,-0.0529152562262549,-0.0171216775658022,-0.0343851458286672,-0.000633321067361352
1271,0.468300787266344,1,0,0.114732585514177,0.0633936689489491,-0.0513389165652276,0.0115245424855038,-0.0739266047751167,-0.0287512283553384,-0.0483275604968592,-0.00301135606836837
1272,0.486772754229605,1,0,0.115015748422284,0.0631545182038322,-0.0518612302184519,0.011706762477643,-0.074806063050197,-0.0289163973867068,-0.0487909387444215,-0.00307029147403039
1273,-0.135804270859808,1,0,0.105801542578258,0.0716948317833071,-0.0341067107949507,0.00923117998031305,-0.0521994910911714,-0.0160139304987299,-0.0336365385714317,-0.000470172223518972
1274,0.165995474904776,1,0,0.110184071703682,0.0674293051550061,-0.0427547665486761,0.00933599670243728,-0.0610529838452378,-0.0244565492521143,-0.0408653116363201,-0.00188945491235597
1275,0.982042997609824,0,0,0.122837260510777,0.0570482387958431,-0.0657890217149334,0.0177767494917648,-0.100630810480983,-0.0309472329488837,-0.0615455850171942,-0.00424343669773922
1276,-0.864600331988186,0,0,0.0958476054737456,0.0830395087556173,-0.0128080967181283,0.0163183578267221,-0.0447914903453409,0.0191752969090844,-0.0170289942030316,0.00422089748490333
1277,-0.636806443799287,1,0,0.0988653874391722,0.0793284985443394,-0.0195368888948328,0.0134123550973662,-0.0458246218335327,0.00675084404386713,-0.0220965928889486,0.00255970399411582
1278,0.557410857174546,1,0,0.116104197275864,0.0622477297777715,-0.0538564674980929,0.012441954108645,-0.0782422494483373,-0.0294706855478485,-0.0505709477056629,-0.00328551979242999
1279,-0.222062796354294,0,0,0.104577498100804,0.0729590070989503,-0.0316184910018536,0.00962607368284112,-0.0504852487327511,-0.0127517332709562,-0.031609611152474,-8.87984937963937e-06
1280,-0.73357396479696,1,1,0.0975732230281847,0.0808860658218931,-0.0166871572062917,0.0145972422000035,-0.0452972261919067,0.0119229117793233,-0.0199306349599633,0.00324347775367164
1281,-0.933759761042893,1,0,0.0949478175777068,0.0841970683046475,-0.0107507492730593,0.0172730386625928,-0.0446052829553091,0.0231037844091905,-0.0155116142278978,0.00476086495483851
1282,0.875670184381306,1,0,0.12111971303347,0.0583111017923416,-0.0628086112411287,0.0163263432985917,-0.0948076561056053,-0.0308095663766521,-0.0587514337550934,-0.00405717748603528
1283,-0.0763009157963097,0,0,0.106653266805463,0.0708345838702383,-0.0358186829352245,0.00906430584671519,-0.0535843959396421,-0.0180529699308069,-0.03504478142071,-0.000773901514514543
1284,-0.257972791790962,1,0,0.104071617726841,0.0734913221943012,-0.0305802955325394,0.00983984684836864,-0.0498660409687319,-0.0112945500963469,-0.0307708048172659,0.000190509284726519
1285,0.0687734903767705,0,0,0.108755186343137,0.0687770481544154,-0.0399781381887219,0.00904425852548338,-0.0577045591655387,-0.0222517172119052,-0.0385130074461242,-0.00146513074259774
1286,0.911751653533429,1,0,0.121699969159511,0.0578798289885985,-0.0638201401709127,0.0168113963483452,-0.0967698715434974,-0.0308704087983279,-0.0596957853179141,-0.00412435485299857
1287,0.15133771719411,0,0,0.109967596367154,0.0676309189014009,-0.0423366774657532,0.00927708024020904,-0.0605194206182512,-0.0241539343132553,-0.040509205759145,-0.00182747170660824
1288,0.65055558597669,1,0,0.117553115015554,0.0610705988556844,-0.0564825161598696,0.0134928133860836,-0.0829279444467134,-0.0300370878730259,-0.0529377000695277,-0.00354481609034195
1289,-0.214416367933154,1,0,0.104685496886164,0.0728461192128052,-0.0318393776733583,0.00958415642098437,-0.050623979080686,-0.0130547762660307,-0.0317886000786786,-5.07775946797309e-05
1290,-0.649323232471943,0,0,0.0986973932980409,0.0795284142863071,-0.0191689790117338,0.0135609461372441,-0.0457479450370199,0.00740998701355229,-0.0218153140605579,0.00264633504882412
1291,-0.663001752458513,0,0,0.0985140977032455,0.0797474112342875,-0.018766686468958,0.0137249873890642,-0.0456671674397904,0.00813379450187428,-0.0215083088076058,0.00274162233864775
1292,-0.0668952227570117,0,1,0.106788450178055,0.0706994802813346,-0.0360889698967206,0.00904621736526197,-0.0538192301289548,-0.0183587096644863,-0.0352681370007497,-0.000820832895970861
1293,-0.419515776447952,1,0,0.101822559306021,0.0759304487760963,-0.025892110529925,0.0111072664632221,-0.04766195276453,-0.0041222682953201,-0.0270333076154321,0.00114119708550706
1294,0.711257477290928,1,0,0.11850578092299,0.0603147039916805,-0.0581910769313097,0.0142200679689649,-0.0860618980081926,-0.0303202558544268,-0.0544922222907976,-0.00369885464051208
1295,0.898130191490054,0,0,0.12148063024116,0.0580422900339482,-0.0634383402072114,0.0166274099498416,-0.096027464865084,-0.0308492155493388,-0.0593388630874583,-0.00409947711975309
1296,0.822108650114387,0,0,0.12026274516192,0.0589568711421287,-0.0613058740197909,0.0156205003195228,-0.091921492066552,-0.0306902559730298,-0.0573560095849298,-0.00394986443486109
1297,-0.369006423279643,1,0,0.102521098382621,0.0751599331519169,-0.0273611652307041,0.0106621580059481,-0.0482586109198377,-0.00646371954157045,-0.0281956401881467,0.000834474957442613
1298,0.629330483265221,0,0,0.117221574202068,0.061336989792489,-0.0558845844095793,0.0132460188105146,-0.081846304216728,-0.0299228646024305,-0.0523964086205691,-0.00348817578901015
1299,-0.846564775332808,0,0,0.0960835042753421,0.0827400257434756,-0.0133434785318665,0.0160743597721426,-0.0448486447598054,0.0181616876960724,-0.0174263007047153,0.0040828221728488
1300,0.393417481798679,1,1,0.11359088338014,0.0643718326284648,-0.0492190507516747,0.0108340125707772,-0.0704533251984522,-0.0279847763048973,-0.0464579120438716,-0.00276113870780314
1301,-0.795840171631426,0,0,0.096749748237075,0.0819029982332669,-0.0148467500038081,0.0153998639310478,-0.0450299286754791,0.015336428667863,-0.0185472961871349,0.00370054618332681
1302,-0.763428519945592,1,0,0.0971776172834545,0.0813722058212937,-0.0158054114621608,0.0149784293005265,-0.0451625934361723,0.0135517705118507,-0.0192663645002882,0.00346095303812737
1303,0.0857984088361263,1,0,0.109004223509487,0.068539251103003,-0.0404649724064835,0.00907814370778971,-0.0582578071202302,-0.0226721376927368,-0.0389232883673204,-0.0015416840391631
1304,0.422150011640042,1,0,0.114027775745969,0.0639948629246729,-0.0500329128212958,0.011089384349419,-0.0717677067568792,-0.0282981188857123,-0.0471736205160321,-0.00285929230526367
1305,-0.911078296136111,1,0,0.095242074888811,0.0838158303965191,-0.0114262444922918,0.0169567068509121,-0.0446607792164832,0.0218082902318995,-0.0160081840570861,0.00458193956479427
1306,-0.185224409680814,0,0,0.105098712704415,0.0724166230243794,-0.0326820896800358,0.00943620832039056,-0.0511767181386185,-0.0141874612214531,-0.0324731599149569,-0.000208929765078927
1307,-0.579058904666454,1,0,0.0996437466464351,0.0784121010955,-0.0212316455509351,0.0127466762216152,-0.0462146718678939,0.00375138076602368,-0.0233986287108645,0.00216698315992939
1308,-0.0652154814451933,0,1,0.106812608139734,0.070675377508217,-0.0361372306315169,0.0090432289892321,-0.0538616337543603,-0.0184128275086734,-0.0353080473282994,-0.000829183303217462
1309,0.640888157300651,1,0,0.117402006956848,0.0611917979225602,-0.0562102090342881,0.0133799000875379,-0.0824343313226067,-0.0299860867459695,-0.0526910122018685,-0.00351919683241962
1310,-0.45068183215335,0,0,0.101393644091829,0.0764094945394375,-0.0249841495523913,0.0114012772927457,-0.0473302424239271,-0.00263805668085545,-0.0263189200457767,0.0013347704933854
1311,-0.00559626333415508,1,0,0.107673169891496,0.0698247978867817,-0.0378483720047142,0.00898514059985265,-0.055458923976454,-0.0202378200329744,-0.0367288756156688,-0.0011194963890454
1312,0.595554071012884,0,0,0.116695651205843,0.061763149276727,-0.0549325019291161,0.0128619624717897,-0.0801414851443296,-0.0297235187139026,-0.0515374352233126,-0.00339506670580352
1313,0.719462299253792,1,0,0.11863506026392,0.0602132069931248,-0.0584218532707954,0.0143206613727042,-0.0864898337960894,-0.0303538727455013,-0.0547030799762072,-0.00371877329458817
1314,0.247135660145432,1,0,0.11138916731293,0.0663232957240505,-0.0450658715888791,0.00975127899045247,-0.064178027213368,-0.0259537159643901,-0.0428460422198562,-0.00221982936902287
1315,0.721064728219062,0,0,0.118660323189898,0.060193402959939,-0.058466920229959,0.0143403684179768,-0.0865735258542293,-0.0303603146056888,-0.0547442818005471,-0.00372263842941193
1316,0.935620245989412,1,0,0.122085134629577,0.0575961807771909,-0.0644889538523861,0.0171362600493556,-0.0980754063788356,-0.0309025013259365,-0.0603224176590043,-0.00416653619338178
1317,-0.757521831430495,0,0,0.0972557736653682,0.0812758127571312,-0.0159799609082371,0.0149024679443218,-0.0451882613598705,0.0132283395433964,-0.0193976422341385,0.00341768132590144
1318,-0.811338277999312,0,0,0.0965457514187617,0.0821579173111469,-0.0143878341076149,0.0156040585144461,-0.0449712268085849,0.0161955585933551,-0.0182042314834633,0.00381639737584841
1319,-0.348382796626538,1,0,0.102807539445788,0.0748473917498573,-0.0279601476959308,0.0104924065877357,-0.0485248867190436,-0.00739540867281802,-0.0286718660310683,0.000711718335137498
1320,0.788405711296946,0,0,0.119726195664182,0.059366643616227,-0.060359552047955,0.0151856584366377,-0.0901228956652916,-0.0305962084306184,-0.0564818727313924,-0.00387767931656261
1321,-0.00563910510390997,0,1,0.107672549317209,0.069825405691702,-0.0378471436255066,0.00898514863999635,-0.0554577113556385,-0.0202365758953747,-0.036727851618944,-0.00111929200656258
1322,-0.464210068341345,1,1,0.101207964429105,0.0766182953688038,-0.024589669060301,0.0115331935463753,-0.0471943130379264,-0.00198502508267555,-0.0260094906787739,0.00141982161847291
1323,0.744660778902471,0,0,0.119032863518234,0.0599024900472495,-0.0591303734709847,0.0146328103652622,-0.0878101547795029,-0.0304505921624665,-0.0553517672352136,-0.0037786062357711
1324,0.434823478106409,1,0,0.114220946987797,0.063829241991841,-0.0503917049959564,0.0112059107631683,-0.0723548865057361,-0.0284285234861767,-0.047489968380667,-0.00290173661528941
1325,0.389702134300023,0,1,0.113534496358664,0.0644207285639733,-0.0491137677946908,0.0108019137227358,-0.0702851296553619,-0.0279424059340197,-0.0463655164998605,-0.00274825129483029
1326,-0.604416377842426,0,0,0.0993012930729345,0.078813300852042,-0.0204879922208925,0.0130348399096945,-0.046035808988139,0.00505982454635396,-0.022826014919918,0.00233802269902549
1327,0.23870594240725,1,1,0.11126343435806,0.0664374108175299,-0.0448260235405305,0.00970140686952406,-0.0638404316041671,-0.0258116154768939,-0.0426395138232284,-0.00218650971730212
1328,-0.950470191426575,0,0,0.0947315461812348,0.0844789496995993,-0.0102525964816355,0.0175080437501787,-0.0445677316717374,0.0240625387084663,-0.0151464333044095,0.00489383682277396
1329,-0.0314231291413307,1,0,0.107299631106641,0.0701920978184121,-0.0371075332882292,0.00899880114964944,-0.0547448594455797,-0.0194702071308787,-0.0361123513400438,-0.000995181948185417
1330,0.464302762877196,1,0,0.114671378404913,0.0634455411441996,-0.0512258372607136,0.011485689839321,-0.0737373756833803,-0.0287142988380468,-0.0482273820437074,-0.00299845521700617
1331,-0.0760851604864001,0,0,0.106656366060319,0.0708314820851173,-0.0358248839752012,0.00906386520247017,-0.0535897333327686,-0.0180600346176338,-0.0350499026136111,-0.000774981361590099
1332,0.607186436653137,1,0,0.116876543903658,0.0616160715122469,-0.0552604723914112,0.0129929881643679,-0.0807262612451274,-0.029794683537695,-0.0518329267449071,-0.00342754564650412
1333,0.187371568754315,1,0,0.110500437062915,0.0671362817399327,-0.0433641553229827,0.00943100151232358,-0.0618485786252797,-0.0248797320206857,-0.041385571500447,-0.00197858382253571
1334,0.586548169609159,0,0,0.116555769080278,0.0618772436293362,-0.0546785254509422,0.0127614440558156,-0.0796904961910635,-0.0296665547108209,-0.0513089023798887,-0.00336962307105353
1335,-0.728863073047251,1,0,0.0976357785860136,0.0808095978618852,-0.0168261807241285,0.0145377293829549,-0.0453196067317099,0.0116672452834529,-0.0200356233056405,0.00320944258151203
1336,0.573578262701631,1,0,0.116354572703988,0.0620419032875621,-0.0543126694164257,0.012618132188843,-0.0790437540587235,-0.0295815847741278,-0.0509801465537637,-0.00333252286266198
1337,0.739280642475933,0,0,0.118947831654812,0.0599687050359999,-0.0589791266188117,0.0145657641154543,-0.087527499692408,-0.0304307535452154,-0.0552131255685917,-0.00376600105022002
1338,-0.085683083627373,1,0,0.106518571705023,0.0709695871085635,-0.0355489845964598,0.00908463082725443,-0.0533545338307208,-0.0177434353621988,-0.0348221902841581,-0.000726794312301715
1339,-0.202833636663854,1,0,0.104849279930069,0.0726754243286737,-0.0321738556013955,0.00952314063322407,-0.0508388682622246,-0.0135088429405663,-0.0320599850488693,-0.000113870552526166
1340,0.286040163133293,1,0,0.111971056446903,0.0657989920617598,-0.0461720643851429,0.0100003429722215,-0.0657723764437452,-0.0265717523265405,-0.0438014670195198,-0.00237059736562306
1341,-0.408693071920425,1,0,0.101971880045381,0.0757647414646195,-0.026207138580762,0.0110085275172982,-0.0477834560374846,-0.00463082112403949,-0.0272818864000309,0.00107474781926887
1342,0.414785384200513,0,0,0.113915653589043,0.0640912900829591,-0.0498243635060838,0.0110227457298116,-0.0714285481472571,-0.0282201788649104,-0.0469899747058047,-0.00283438880027905
1343,-0.867584841325879,0,0,0.0958086190952983,0.0830891619284803,-0.0127194571668181,0.0163589384368665,-0.0447823873283844,0.0193434729947483,-0.0169633123533571,0.00424385518653904
1344,-0.722444356884807,0,0,0.0977210697728924,0.0807055143425605,-0.0170155554303319,0.01445692749554,-0.045350612648697,0.0113195017880333,-0.020178747484365,0.00316319205403312
1345,0.213377252221107,1,0,0.110886392530996,0.0667813893913865,-0.0441050031396096,0.00956070699288885,-0.062843644512412,-0.0253663617668072,-0.0420200069638384,-0.00208499617577118
1346,0.248862299136817,1,0,0.111414936223759,0.0662999442797327,-0.0451149919440262,0.00976167810540037,-0.0642475294592841,-0.0259824544287683,-0.0428883664497282,-0.00222662549429801
1347,-0.154819594696164,0,0,0.105530626454603,0.0719717653732939,-0.0335588610813087,0.00930313121384044,-0.0517926632038864,-0.0153250589587311,-0.0331882406735892,-0.000370620407719548
1348,0.272861507255584,1,0,0.111773648240689,0.0659761636910645,-0.0457974845496244,0.00991256626531181,-0.0652257574240022,-0.0263692116752465,-0.043477405530917,-0.00232007901870737
1349,-0.417152072302997,0,0,0.101855154751196,0.0758942295413541,-0.0259609252098419,0.0110855502915111,-0.0476882045300112,-0.00423364588967254,-0.0270875757213691,0.00112665051152722
1350,-0.284549952019006,0,0,0.103698607115115,0.0738875912704847,-0.0298110158446307,0.0100153308274523,-0.0494407035596909,-0.0101813281295704,-0.0301518841138074,0.000340868269176748
1351,0.587273634038866,0,0,0.116567031799961,0.0618680455485934,-0.0546989862513674,0.012769510985679,-0.0797267678834868,-0.0296712046192481,-0.0513273039474562,-0.00337168230391124
1352,0.81573718925938,1,0,0.120161152879193,0.0590341338954335,-0.0611270189837596,0.0155377250480005,-0.0915804004795265,-0.0306736374879927,-0.0571905247853623,-0.00393649419839732
1353,-0.914364515338093,1,0,0.0951993907319976,0.0838709689952541,-0.0113284217367435,0.0170023472715927,-0.044652410041708,0.021995566568221,-0.0159361737837317,0.00460775204698818
1354,0.32650890480727,0,0,0.112579158764965,0.06525769790375,-0.0473214608612154,0.0102906445348906,-0.0674907535273048,-0.0271521681951259,-0.0447992712920264,-0.00252218956918896
1355,0.867028246168047,1,0,0.120981089378547,0.0584148433097352,-0.0625662460688118,0.0162112832727792,-0.0943397774266355,-0.030792714710988,-0.0585257689176467,-0.00404047715116505
1356,-0.258650876581669,1,0,0.104062086077651,0.0735014081627944,-0.0305606779148565,0.00984414535469352,-0.0498548482686331,-0.01126650756108,-0.0307549939060638,0.000194315991207256
1357,-0.972756040282547,0,0,0.0944438024627899,0.0848562135017523,-0.00958758896103763,0.0178239710467431,-0.0445219302741389,0.0253467523520636,-0.0146602832761377,0.00507269431510007
1358,-0.248966089449823,1,0,0.104198295645203,0.0733574755232988,-0.0308408201219039,0.00978365830623246,-0.0500164380391656,-0.0116652022046421,-0.0309809131479617,0.000140093026057834
1359,0.0609389799647033,0,0,0.108640752580466,0.0688867338988159,-0.0397540186816498,0.00903118734834452,-0.0574548206220389,-0.0220532167412608,-0.0383244374804629,-0.00142958120118692
1360,0.801517027895898,1,0,0.119934681102032,0.059206915349064,-0.0607277657529677,0.015353933056364,-0.0908209215644801,-0.0306346099414553,-0.0568215762536053,-0.00390618949936238
1361,0.49964261893183,1,0,0.115213394069983,0.0629883937032491,-0.0522250003667341,0.0118362846495619,-0.0754236919906396,-0.0290263087428285,-0.0491142979368775,-0.00311070242985658
1362,-0.757813080213964,1,0,0.097251918592629,0.0812805632949092,-0.0159713552977198,0.0149062072666037,-0.0451869846863523,0.0132442740909127,-0.0193911674502242,0.00341981215250443
1363,-0.660233851987869,0,0,0.0985511637764233,0.0797030519654258,-0.0188481118109975,0.0136916553043093,-0.0456832630961806,0.00798703947418559,-0.0215704004908189,0.00272228867982141
1364,-0.968016494531184,1,0,0.0945049314879413,0.0847758528101661,-0.0097290786777752,0.017756545191356,-0.0445312677426909,0.0250731103871405,-0.0147635897380528,0.0050345110602776
1365,-0.674830873031169,1,0,0.0983558290729404,0.0799372427536663,-0.0184185863192741,0.0138682127358536,-0.0455997838114868,0.00876261117293859,-0.0212431314967887,0.0028245451775146
1366,-0.903799654915929,1,0,0.0953366769236187,0.083693821247524,-0.0116428556760947,0.0168558519084153,-0.0446797183453294,0.0213940069931399,-0.0161677573533226,0.00452490167722786
1367,-0.54671246977523,0,1,0.100082110527683,0.0779030359590295,-0.0221790745686532,0.0123890995173982,-0.0464612634236363,0.00210311428632996,-0.0241310704426086,0.00195199587395544
1368,0.658529195934534,0,0,0.117677874447658,0.0609708038688703,-0.0567070705787879,0.013586566736171,-0.0833362520552329,-0.0300778891023429,-0.0531413489083889,-0.00356572167039901
1369,0.92895122198388,1,0,0.121977411622209,0.0576753020969213,-0.0643021095252875,0.0170451795324306,-0.0977100475188707,-0.0308941715317043,-0.0601471782243997,-0.00415493130088784
1370,-0.282705043442547,0,0,0.103724462186458,0.0738600200430175,-0.0298644421434401,0.0100026914480469,-0.0494693571300789,-0.0102595271568014,-0.0301947961863013,0.000330354042861161
1371,-0.517703797202557,0,0,0.100476697536228,0.077449075549401,-0.0230276219868274,0.0120785603990654,-0.0467011653540874,0.000645921380432537,-0.0247898550396933,0.00176223305286588
1372,-0.119069204200059,0,0,0.106040478425289,0.0714519210159004,-0.0345885574093887,0.0091752184100486,-0.0525716550433728,-0.0166054597754046,-0.0340317698228849,-0.000556787586503793
1373,0.107443633489311,0,0,0.109321568169504,0.0682380193329081,-0.0410835488365962,0.0091319509015344,-0.0589818437121917,-0.0231852539610007,-0.0394459158477563,-0.00163763298883989
1374,0.920871975366026,0,0,0.121847019302247,0.0577712909860917,-0.0640757283161553,0.0169351616347537,-0.097268035192637,-0.0308834214396736,-0.0599350436687183,-0.00414068464743699
1375,-0.584063726477325,0,0,0.0995760732641043,0.0784911378784963,-0.0210849353856081,0.0128030190257243,-0.0461783915694088,0.00400852079819268,-0.0232855023201846,0.00220056693457653
1376,0.585177505388856,0,1,0.116534492315041,0.0618946256111369,-0.0546398667039038,0.0127462172969019,-0.079621993544953,-0.0296577398628547,-0.0512741388774903,-0.00336572782641353
1377,0.2550337635912,0,0,0.111507083753745,0.066216542466515,-0.0452905412872295,0.0097993536891162,-0.064496921589667,-0.0260841609847921,-0.0430397042802545,-0.00225083700697504
1378,-0.527743015438318,1,0,0.100339984140602,0.0776059056907698,-0.0227340784498323,0.0121849060744203,-0.0466160555106993,0.0011478986110347,-0.0245616589497835,0.00182758049995118
1379,0.0446508876048028,0,0,0.108403181050024,0.0691152912223481,-0.0392878898276758,0.00900913880919104,-0.0569454774254123,-0.0216303022299393,-0.0379328655008335,-0.00135502432684226
1380,0.859077663626522,0,0,0.120853676487145,0.0585104383722406,-0.0623432381149049,0.0161058194612065,-0.0939100642003739,-0.0307764120294359,-0.0583183338596495,-0.0040249042552554
1381,0.0993619477376342,0,0,0.109202986369355,0.0683503465512982,-0.0408526398180569,0.00911046694958871,-0.0587088269215932,-0.0229964527145205,-0.039250650733727,-0.00160198908432988
1382,-0.30149626173079,0,0,0.103461383226958,0.0741412886800837,-0.0293200945468743,0.0101345398410586,-0.0491834276352354,-0.00945676145851324,-0.0297580767313579,0.000437982184483571
1383,-0.872009368613362,1,0,0.0957508479800079,0.0831628223111147,-0.0125880256688932,0.0164192044371883,-0.0447690750205826,0.0195930236827961,-0.0168659726310862,0.00427794696219295
1384,0.156399892643094,0,0,0.110042315709893,0.0675612268364737,-0.0424810888734188,0.00929684700476915,-0.0607025741725454,-0.0242596035742922,-0.0406321310023952,-0.00184895787102364
1385,-0.0671267681755126,1,1,0.106785120479871,0.0707028033448256,-0.0360823171350453,0.00904663506191683,-0.0538133960376795,-0.018351238232411,-0.0352626360440265,-0.000819681091018758
1386,-0.748024875298142,1,0,0.0973815534948256,0.0811210472099822,-0.0162605062848434,0.0147808928484958,-0.0452305239272409,0.0127095113575541,-0.0196088669272169,0.00334836064237348
1387,-0.0539037985727191,1,0,0.106975417568417,0.070513262679653,-0.0364621548887635,0.00902502213481851,-0.0541508732326846,-0.0187734365448424,-0.0355769826742461,-0.000885172214517387
1388,-0.476675630081445,1,0,0.101037137518185,0.0768111574760793,-0.0242259800421061,0.0116569563039257,-0.0470731945671576,-0.00137876551705458,-0.0257247226873627,0.0014987426452566
1389,-0.397106777410954,0,0,0.102131951133651,0.0755877107650113,-0.0265442403686396,0.0109048157629822,-0.0479172865221294,-0.00517119421514977,-0.0275482906393057,0.00100405027066611
1390,-0.908490436151624,1,0,0.0952757002243578,0.0837724325624291,-0.0115032676619288,0.0169208116983046,-0.0446674491797897,0.0216609138559322,-0.0160649067109857,0.00456163904905694
1391,0.480273129418492,1,0,0.114916044251938,0.0632385707085361,-0.0516774735434015,0.0116421437329613,-0.0744956559628443,-0.0288592911239586,-0.0486277937458307,-0.00304967979757075
1392,-0.0812447085045278,1,0,0.106582272556991,0.0709056922088076,-0.0356765803481837,0.00907473259847823,-0.0534627294105326,-0.0178904312858348,-0.0349274647597011,-0.000749115588482632
1393,0.203238795511425,1,0,0.11073578555889,0.066919538469953,-0.043816247088937,0.00950832969824202,-0.062452230850624,-0.0251802633272501,-0.0417724728152217,-0.00204377427371531
1394,-0.272266414947808,1,0,0.103870859477695,0.0737041982708751,-0.0301666612068199,0.00993245225290224,-0.049633909900672,-0.0106994125129678,-0.030437740709227,0.000271079502407123
1395,0.987405498512089,1,0,0.122924398217089,0.0569852599952933,-0.0659391382217952,0.0178514467312051,-0.100927330886892,-0.030950945556698,-0.0616872551925765,-0.0042518830292187
1396,-0.3956234510988,0,0,0.102152460182184,0.0755650739929253,-0.0265873861892586,0.0108916895483582,-0.047934705434832,-0.00524006694368523,-0.0275824183010481,0.000995032111789501
1397,-0.565652977209538,0,0,0.0998252182746534,0.078200751606723,-0.0216244666679304,0.0125970807050694,-0.0463142911602109,0.00306535782435007,-0.0237019145523509,0.00207744788442046
1398,-0.0627894019708037,0,0,0.106847508395454,0.0706405788569017,-0.0362069295385523,0.00903904260226642,-0.0539231274937177,-0.0184907315833869,-0.0353657021560029,-0.00084122738254943
1399,-0.512478402350098,1,0,0.100547922067355,0.0773675606760891,-0.0231803613912663,0.0120236902583306,-0.0467463612588594,0.000385638476326826,-0.0249087172494366,0.00172835585817031
1400,0.747676857281476,1,0,0.119080554961949,0.0598654001953495,-0.0592151547665996,0.0146704892939978,-0.0879687854184157,-0.0304615241147835,-0.0554295224249639,-0.00378563234163573
1401,0.421823788899928,1,0,0.114022807160426,0.063999131389288,-0.0500236757711382,0.0110864156363239,-0.0717526511359748,-0.0282947004063016,-0.0471654828715291,-0.00285819289960913
1402,0.905999804846942,1,0,0.121607308717128,0.0579483782629156,-0.0636589304542123,0.0167335789000693,-0.0964561424308075,-0.0308617184776172,-0.0595450091341665,-0.00411392132004584
1403,0.970658048056066,0,0,0.122652437404155,0.0571821638666768,-0.0654702735374778,0.0176186431610544,-0.100002179589607,-0.0309383674853483,-0.0612450686903241,-0.00422520484715373
1404,-0.0513884332031012,1,0,0.107011650980676,0.0704772601333294,-0.0365343908473469,0.00902142841168355,-0.054216065623353,-0.0188527160713408,-0.0356368262354388,-0.000897564611908104
1405,-0.664659202098846,1,0,0.0984919080702436,0.0797739848516524,-0.0187179232185912,0.0137449801333341,-0.0456575892481445,0.0082217428109621,-0.0214711353799865,0.0027532121613953
1406,0.842001227196306,0,1,0.120580407499528,0.0587162557306263,-0.0618641517689019,0.0158805929933714,-0.092989542089049,-0.0307387614487549,-0.057873371468411,-0.00399078030049095
1407,0.62344869133085,1,0,0.11712984290691,0.0614110026561259,-0.0557188402507839,0.0131783584539256,-0.081547948195837,-0.0298897323057308,-0.0522466155250478,-0.00347222472573609
1408,0.564886777661741,1,0,0.116219914391104,0.0621524750608915,-0.0540674393302128,0.0125230746925568,-0.0786122147033291,-0.0295226639570966,-0.0507600806098731,-0.00330735872033972
1409,-0.740705589298159,0,0,0.097478590770057,0.0810019530830074,-0.0164766376870496,0.0146876706398826,-0.0452639431580059,0.0123106677839066,-0.0197717857106834,0.00329514802363376
1410,0.403082015924156,1,0,0.113737674285256,0.0642448040818715,-0.0494928702033842,0.0109185131751488,-0.0708927627914019,-0.0280929776153665,-0.0466984177813858,-0.00279445242199845
1411,-0.289739293511957,1,0,0.10362591277224,0.0739651941527991,-0.0296607186194407,0.0100512419445105,-0.0493607908305797,-0.00996064640830168,-0.0300312226393697,0.000370504019929031
1412,-0.259138009045273,1,0,0.104055239068443,0.0735086546548596,-0.030546584413583,0.00984723924343623,-0.0498468186778675,-0.0112463501492986,-0.0307436360760618,0.000197051662478784
1413,-0.155790126416832,0,0,0.105516815468664,0.0719859263465804,-0.0335308891220835,0.0093070390566261,-0.0517723504757783,-0.0152894277683887,-0.0331653821793858,-0.000365506942697692
1414,-0.205756918061525,0,1,0.104807922586923,0.0727184699608009,-0.032089452626122,0.00953825575563193,-0.0507840903824924,-0.0133948148697515,-0.0319914632303907,-9.79893957312669e-05
1415,-0.114267587196082,0,0,0.106109121531683,0.0713823655545279,-0.0347267559771555,0.00916045199266599,-0.052680911964889,-0.0167725999894219,-0.0341452892126502,-0.000581466764505253
1416,-0.400226056575775,0,0,0.102088834667841,0.0756353338310175,-0.0264535008368231,0.010932531604571,-0.0478808690416282,-0.00502613263201801,-0.0274765396624467,0.00102303882562357
1417,-0.0914232954382896,0,0,0.106436236244873,0.0710523021278623,-0.0353839341170102,0.00909818387871768,-0.0532160468440198,-0.0175518213900006,-0.0346861054585991,-0.000697828658411115
1418,0.852841345127672,0,1,0.120753816726108,0.0585855243713316,-0.0621682923547765,0.0160233609230691,-0.0935735026752783,-0.0307630820342746,-0.0581557431954853,-0.00401254915929116
1419,0.960008707363158,1,1,0.122479772737366,0.0573077029931824,-0.0651720697441839,0.0174713514303122,-0.0994152893088381,-0.0309288501795297,-0.0609642877772014,-0.00420778196698248
1420,-0.909384250175208,1,0,0.0952640852593018,0.0837874193155738,-0.011476665943728,0.0169332048218045,-0.0446651375373048,0.0217118056498488,-0.0160453138923315,0.00456864794860352
1421,-0.191035878844559,1,0,0.105016336035545,0.0725019396191529,-0.0325143964163924,0.00946411166708059,-0.0510637144295357,-0.0139650784032491,-0.0323367236920478,-0.000177672724344623
1422,0.368343220092356,1,0,0.113210810022732,0.0647024946331023,-0.0485083153896301,0.0106216455974209,-0.0693263582171235,-0.0276902725621368,-0.0458350204078603,-0.00267329498176983
1423,0.18598970444873,1,1,0.110479961496861,0.0671551885493459,-0.0433247729475149,0.00942453904159257,-0.0617965300399279,-0.0248530158551018,-0.0413519055767693,-0.00197286737074557
1424,-0.0984335034154356,1,0,0.106335760476316,0.0711534382280985,-0.035182322248218,0.00911588052117,-0.0530491197570814,-0.0173155247393546,-0.0345200165708516,-0.000662305677366401
1425,-0.553489582147449,1,0,0.0999901243459132,0.0780094423352318,-0.0219806820106815,0.0124630552338404,-0.0464078214063421,0.00244645738497917,-0.0239774250563183,0.00199674304563682
1426,-0.344011176377535,0,0,0.102868347726381,0.074781295506045,-0.0280870522203362,0.0104573649075672,-0.048583110812361,-0.00759099362831142,-0.0287729342624043,0.000685882042068077
1427,-0.874936352483928,0,0,0.0957126474296553,0.0832115839308139,-0.0125010634988414,0.0164591413903847,-0.044760387840448,0.0197582608427652,-0.0168016008468077,0.00430053734796631
1428,0.440214381553233,1,0,0.114303202480417,0.063758913083844,-0.050544289396573,0.0112561740406801,-0.0726059851200208,-0.0284825936731253,-0.047624655828155,-0.00291963356841805
1429,0.97588399425149,0,0,0.122737245620707,0.0571206526378402,-0.0656165929828667,0.0176911359097473,-0.100290582211575,-0.0309426037541588,-0.061382968703219,-0.00423362427964771
1430,-0.320337632670999,1,0,0.103198194915119,0.0744242969908786,-0.0287738979242408,0.0102735120612269,-0.0489096115589834,-0.00863818428949827,-0.0293209898834722,0.000547091959231357
1431,-0.361983137670904,0,0,0.102618565165877,0.0750533641448736,-0.0275652010210031,0.010603537585807,-0.0483477527979016,-0.00678264924410456,-0.0283577103182185,0.000792509297215416
1432,0.178542224690318,1,1,0.110369666792486,0.0672571708343632,-0.0431124959581227,0.00939046913663247,-0.0615174772638573,-0.0247075146523882,-0.0411705449038878,-0.00194195105423495
1433,-0.57397178420797,1,0,0.0997125747543897,0.0783318392684902,-0.0213807354858994,0.0126896808338409,-0.0462520528955358,0.00349058192373687,-0.0235136704797709,0.00213293499387146
1434,0.965082360897213,1,0,0.122562009072768,0.0572478602741827,-0.0653141487985852,0.0175414527142188,-0.0996947643549664,-0.030933533242204,-0.0610980215651316,-0.00421612723345365
1435,-0.464212919585407,0,0,0.10120792532663,0.0766183394312775,-0.0245895858953521,0.0115332216147191,-0.0471942848859204,-0.00198488690478377,-0.0260094255049811,0.00141983960962901
1436,0.241117439698428,0,0,0.111299390218992,0.0664047471948786,-0.0448946430241137,0.00971552093701334,-0.0639367141517047,-0.0258525718965227,-0.0426985778009669,-0.0021960652231468
1437,-0.556859571486712,0,0,0.099944411246143,0.0780624035207722,-0.0218820077253708,0.0125000233667753,-0.0463816033301595,0.00261758787941787,-0.0239010601949866,0.00201905246961579
1438,-0.679234445560724,0,0,0.0982969690189738,0.0800080157961249,-0.0182889532228489,0.0139218474518795,-0.0455752728267935,0.00899736638109567,-0.0211444906901599,0.00285553746731098
1439,0.327309440821409,1,0,0.112591217030109,0.0652470321360304,-0.0473441848940789,0.0102966919580687,-0.0675253302917968,-0.0271630394963611,-0.0448190503838251,-0.00252513451025383
1440,0.00617045909166336,1,0,0.107843733052853,0.0696580461317374,-0.0381856869211158,0.00898477290251604,-0.0557955182193187,-0.020575855622913,-0.0370102859726805,-0.00117540094843533
1441,0.43496563937515,0,0,0.114223115451059,0.0638273864498679,-0.0503957290011908,0.0112072309489646,-0.0723614980275841,-0.0284299599747975,-0.0474935192258844,-0.00290220977530637
1442,0.837516997475177,0,1,0.120508736186856,0.0587704152880042,-0.0617383208988514,0.0158217458566413,-0.0927483729504142,-0.0307282688472886,-0.05775665450452,-0.00398166639433142
1443,0.71498400811106,0,0,0.118564482913676,0.0602685854535104,-0.0582958974601659,0.0142656914344986,-0.0862561388863447,-0.0303356560339871,-0.0545879694101097,-0.00370792805005619
1444,-0.39968559704721,0,0,0.102096304053817,0.0756270804840943,-0.0264692235697227,0.0109277185219018,-0.0478871583058415,-0.00505128883360393,-0.0274889699971057,0.00101974642738296
1445,0.430680617224425,0,0,0.114157769421796,0.0638833382403344,-0.0502744311814618,0.0111675645926528,-0.072162455578086,-0.0283864067848376,-0.0473865121050783,-0.00288791907638349
1446,-0.0916741965338588,0,0,0.106432638692091,0.0710559195800502,-0.0353767191120407,0.00909879556230725,-0.0532100307168557,-0.0175434075072256,-0.0346801590265741,-0.00069656008546657
1447,-0.0672225835733116,0,0,0.106783742650127,0.0707041784980316,-0.0360795641520953,0.00904680831642184,-0.0538109826273195,-0.018348145676871,-0.0352603597395821,-0.000819204412513173
1448,-0.204941599164158,1,0,0.104819455923671,0.0727064619403708,-0.0321129939833004,0.00953402067929601,-0.0507993311425807,-0.0134266568240201,-0.0320105723682607,-0.000102421615039719
1449,-0.874043482355773,1,0,0.0957242989806196,0.083196706548875,-0.0125275924317446,0.0164469529164813,-0.0447630278034739,0.0197078429399847,-0.0168212354697713,0.00429364303802671
1450,0.171674164012074,0,1,0.110268038589805,0.0673513461774176,-0.0429166924123873,0.00936019335838082,-0.0612623342831448,-0.0245710505416299,-0.0410034136269404,-0.00191327878544694
1451,0.443537899293005,0,1,0.114353939088412,0.0637155909658739,-0.0506383481225377,0.0112873654706863,-0.0727611779254237,-0.0285155183196516,-0.047707727836561,-0.00293062028597667
1452,-0.470840161200613,0,0,0.101117074362887,0.07672081812531,-0.0243962562375765,0.011598759656045,-0.0471294074287609,-0.00166310504639221,-0.025857988001246,0.00146173176366945
1453,0.723146554082632,0,0,0.11869315095013,0.0601676832809398,-0.0585254676691907,0.014366000653347,-0.0866823115516298,-0.0303686237867516,-0.0547978199973499,-0.00372764767184079
1454,-0.489978012628853,0,0,0.100855125214818,0.0770174573495777,-0.02383766786524,0.0117912988588889,-0.0469481889596104,-0.000727146770869498,-0.025421212727445,0.00158354486220504
1455,0.0483418530784547,1,0,0.108456975959377,0.0690634375201989,-0.0393935384391779,0.00901352647993471,-0.057059725713548,-0.0217273511648078,-0.0380215423456749,-0.00137199609350298
1456,0.706680524162948,0,0,0.118433717121789,0.0603713923168293,-0.0580623248049593,0.0141641817839104,-0.0858236109719021,-0.0303010386380166,-0.054374674779205,-0.00368765002575433
1457,0.912591391243041,0,0,0.121713502152189,0.0578698275472205,-0.0638436746049681,0.0168227726401611,-0.0968157030997898,-0.0308716461101465,-0.0597178052472155,-0.00412586935775262
1458,-0.59058757731691,0,0,0.0994879214962265,0.0785942727779542,-0.0208936487182722,0.0128768593280643,-0.0461318292352669,0.00434453179872244,-0.0231381212927905,0.00224447257451825
1459,0.475346278399229,1,0,0.114840516533664,0.0633023537513298,-0.0515381627823345,0.0115935226681296,-0.0742610496658172,-0.0288152758988518,-0.0485041979098788,-0.00303396487245567
1460,0.322230447549373,0,0,0.112514732595031,0.0653147285003839,-0.0472000040946467,0.010258519785377,-0.0673063334086772,-0.0270936747806162,-0.0446935890948957,-0.00250641499975101
1461,-0.26300285384059,0,0,0.104000929910084,0.0735661706826981,-0.0304347592273858,0.00987195903029603,-0.049783443383621,-0.0110860750711506,-0.0306535436120628,0.000218784384676991
1462,-0.45110525470227,0,0,0.101387827893948,0.0764160219119634,-0.0249718059819842,0.0114053676358557,-0.0473259157787002,-0.00261769618526828,-0.026309229076063,0.00133742309407877
1463,0.717712721787393,0,1,0.11860748279909,0.0602348365629498,-0.0583726462361398,0.0142991672620835,-0.0863984990787377,-0.0303467933935418,-0.0546581023504429,-0.00371454388569686
1464,-0.953992581460625,1,0,0.0946860146754593,0.0845384766654903,-0.010147538009969,0.0175577879909705,-0.0445601701204611,0.0242650941005231,-0.0150695285375009,0.00492199052753189
1465,-0.662719325628132,0,0,0.0985178792260562,0.0797428839376638,-0.0187749952883925,0.0137215831266832,-0.045668804027564,0.0081188134507791,-0.0215146436814752,0.00273964839308273
1466,0.559514668770134,0,0,0.116136751304532,0.0622209102123074,-0.0539158410922246,0.0124647216941569,-0.0783462466900872,-0.029485435494362,-0.0506241574091971,-0.0032916836830275
1467,-0.886858887039125,0,0,0.0955571852341916,0.083410474193556,-0.0121467110406356,0.0166223786761186,-0.0447259745832146,0.0204325525019433,-0.0165395744524363,0.00439286341180069
1468,-0.864428710192442,1,0,0.0958498477850805,0.0830366543107168,-0.0128131934743637,0.0163160260183918,-0.0447920168412301,0.0191656298925027,-0.0170327717376065,0.00421957826324281
1469,0.620557294227183,1,0,0.117084772064061,0.0614474168171184,-0.0556373552469426,0.0131452163098052,-0.0814015057831493,-0.0298732047107359,-0.0521730124380298,-0.0034643428089128
1470,-0.344726950395852,1,0,0.102858389286944,0.074792113900377,-0.0280662753865669,0.0104630794473647,-0.048573534270783,-0.00755901650235082,-0.028756383237033,0.00069010785046611
1471,-0.890710196923465,0,0,0.0955070149035893,0.0834748135575972,-0.0120322013459922,0.0166752998895942,-0.0447151885610016,0.0206507858690172,-0.0164549944512793,0.00442279310528711
1472,-0.290770312771201,1,0,0.103611475215407,0.0739806212343417,-0.0296308539810651,0.0100584395633158,-0.0493450332658369,-0.00991667469629338,-0.0300072568321248,0.000376402851059655
1473,0.758783413562924,0,0,0.11925631878405,0.0597290039977234,-0.0595273147863263,0.0148098098672357,-0.0885540087439943,-0.0305006208286584,-0.0557160586966558,-0.00381125608967053
1474,-0.102631227113307,1,0,0.106275635433925,0.0712140623009798,-0.0350615731329452,0.00912707744698862,-0.0529503162131507,-0.0171728300527397,-0.0344206170234673,-0.000640956109477925
1475,0.547800519969314,1,1,0.115955589316736,0.0623703804684545,-0.0535852088482812,0.0123385626694174,-0.0777683473013297,-0.0294020703952328,-0.0503280270257158,-0.00325718182256542
1476,0.368713917210698,0,0,0.113216420927671,0.0646975946416835,-0.0485188262859873,0.010624711223125,-0.0693428776294508,-0.0276947749425239,-0.0458442177653777,-0.00267460852060965
1477,-0.855511227622628,1,0,0.0959664230079424,0.0828884598479264,-0.013077963160016,0.0161951279225421,-0.0448198306132174,0.0186639042931855,-0.0172291355423743,0.00415117238235832
1478,0.162621414288878,0,0,0.110134208316172,0.0674756650457835,-0.0426585432703886,0.00932198093600866,-0.0609292901695346,-0.0243877963712427,-0.0407832937267768,-0.00187524954361184
1479,0.667802828364074,0,0,0.11782311905759,0.0608549300549616,-0.0569681890026285,0.0136963015529748,-0.0838124467678591,-0.0301239312373978,-0.0533784089670161,-0.00358978003561236
1480,0.00708267977461219,1,0,0.107856965958184,0.0696451340227089,-0.038211831935475,0.00898489757960507,-0.0558219075962821,-0.020601756274668,-0.0370321161145174,-0.00117971582095763
1481,0.80458269175142,0,0,0.119983473991565,0.0591696261109047,-0.0608138478806608,0.015393443893884,-0.0909844435107115,-0.0306432522506101,-0.0569010708815318,-0.00391277699912897
1482,-0.679503868333995,0,0,0.0982933688167434,0.0800123477437361,-0.0182810210730074,0.0139251344957906,-0.0455737831646332,0.0090117410186185,-0.0211384569013274,0.00285743582832004
1483,0.0490472847595811,0,0,0.108467260120372,0.069053531139455,-0.0394137289809174,0.00901440573661136,-0.0570816395667069,-0.0217458183951279,-0.0380384943008971,-0.0013752346800203
1484,0.245354136452079,1,1,0.111362584749579,0.0663473974494527,-0.0450151873001266,0.00974061461758797,-0.0641064411378834,-0.0259239334623698,-0.0428023802978282,-0.00221280700229842
1485,-0.574126896914095,1,0,0.0997104754740003,0.0783342854411294,-0.0213761900328709,0.0126914145852864,-0.0462509055328986,0.00349852546715679,-0.0235101618892646,0.0021339718563937
1486,-0.285469870548695,0,0,0.103685717245761,0.073901342526912,-0.0297843747188491,0.0100216582380184,-0.0494264639307344,-0.0101422855069638,-0.030130489929931,0.000346115211081893
1487,0.561589826829731,0,0,0.116168869720001,0.0621944664940017,-0.0539744032259989,0.0124872258752364,-0.0784489162082789,-0.029499890243719,-0.0506766535389111,-0.00329774968708783
1488,0.573701797518879,1,0,0.116356487621165,0.0620403330209034,-0.0543161546002615,0.0126194889905826,-0.0790498985251031,-0.02958241067542,-0.0509832758205708,-0.00333287877969075
1489,0.113197425380349,0,0,0.109406061833349,0.068158151757397,-0.0412479100759522,0.00914825109914139,-0.0591781527517983,-0.0233176674001061,-0.0395850313366309,-0.00166287873932126
1490,-0.227825280278921,1,0,0.104496173337606,0.073044187885604,-0.0314519854520022,0.00965851260439485,-0.0503823223008423,-0.0125216486031622,-0.0314748100580744,2.28246060721693e-05
1491,-0.871890202630311,0,0,0.0957524035237134,0.0831608376350195,-0.0125915658886939,0.0164175796470801,-0.0447694307102887,0.0195862989329009,-0.0168685937627438,0.0042770278740499
1492,0.641728004906327,1,0,0.117415127626727,0.0611812599701583,-0.0562338676565686,0.0133896760652429,-0.0824771505091026,-0.0299905848040345,-0.0527124333180844,-0.00352143433848415
1493,0.949526862706989,0,0,0.122310028068306,0.0574315203481994,-0.0648785077201069,0.0173269499518478,-0.0988387055876566,-0.0309183098525573,-0.0606882231380181,-0.00419028458208884
1494,0.323347820434719,0,0,0.112531555192232,0.065299829772324,-0.0472317254199079,0.0102668776807294,-0.0673544359078158,-0.0271090149320001,-0.0447211849452442,-0.00251054047466373
1495,-0.60477759828791,1,0,0.0992964223512487,0.0788190295318382,-0.0204773928194106,0.0130389927019024,-0.0460333489098199,0.00507856327099877,-0.0228178679121921,0.00234047509278155
1496,-0.39884449634701,0,0,0.102107929395126,0.0756142376965449,-0.0264936916985809,0.0109202371600244,-0.0478969632348647,-0.00509042016229704,-0.0275083162351917,0.00101462453661083
1497,-0.728830142877996,0,0,0.0976362159889722,0.0808090635661647,-0.0168271524228075,0.0145373139981661,-0.0453197642911631,0.0116654594455481,-0.0200363573606514,0.00320920493784389
1498,-0.264311867300421,1,0,0.1039825412122,0.073585660610847,-0.0303968806013534,0.00988040110371532,-0.0497621109174453,-0.0110316502852616,-0.030623037188893,0.00022615658753956
1499,-0.716143646743149,1,0,0.0978048575194998,0.0806034633187204,-0.0172013942007794,0.0143779351870298,-0.0453816293394089,0.0109788409378501,-0.0203193243109093,0.0031179301101299
1500,-0.596617267467082,1,0,0.0994065086763595,0.0786897057543085,-0.020716802922051,0.0129455009575238,-0.0460895185606264,0.00465591271652438,-0.0230019850448233,0.0022851821227723
1501,-0.387844581156969,0,0,0.102260073642026,0.0754464639716162,-0.0268136096704101,0.0108234239855637,-0.048027130871522,-0.00560008846929827,-0.027761470691371,0.000947861020960852
1502,-0.042520662304014,0,0,0.107139475897786,0.0703504707777561,-0.0367890051200301,0.00901008351892703,-0.054448444314825,-0.0191295659252352,-0.0358479195028861,-0.000941085617143955
1503,-0.995288535486907,0,0,0.0941536703182403,0.0852392060310369,-0.00891446428720344,0.018146249512535,-0.0444804597862496,0.0266515312118428,-0.0141697636040879,0.00525529931688446
1504,-0.53122216835618,1,0,0.100292643847059,0.0776603239732715,-0.0226323198737876,0.0122220416125461,-0.0465870812519278,0.00132244150435269,-0.0244826271741941,0.00185030730040653
1505,-0.789749878458679,0,0,0.0968300181811634,0.0818030199603816,-0.0150269982207818,0.0153200893783289,-0.045053821642241,0.0149998252006774,-0.0186822462158724,0.0036552479950906
1506,-0.755479689221829,0,0,0.0972828080177312,0.0812425106318034,-0.0160402973859278,0.0148762671808232,-0.0451972452847365,0.0131166505128808,-0.0194430462838351,0.00340274889790727
1507,-0.116265357472003,1,0,0.106080556989149,0.0714112973413899,-0.0346692596477589,0.00916652542579078,-0.0526353193456795,-0.0167031999498383,-0.0340980516127465,-0.000571208035012399
1508,0.552749152760953,0,0,0.116032091082143,0.0623071960319714,-0.0537248950501715,0.0123916757398607,-0.0780121332083971,-0.0294376568919459,-0.0504530841261167,-0.0032718109240548
1509,0.326246665790677,0,0,0.112575208972262,0.0652611921409662,-0.0473140168312956,0.0102886660267482,-0.0674794316926828,-0.0271486019699083,-0.0447927924172691,-0.00252122441402646
1510,0.713703454006463,1,0,0.118544308211453,0.0602844295219865,-0.0582598786894666,0.0142500015502764,-0.0861893685076482,-0.0303303888712849,-0.0545550635579325,-0.00370481513153406
1511,-0.325853215996176,0,0,0.103121261900937,0.0745073320372844,-0.0286139298636523,0.0103154423958864,-0.0488318254441872,-0.00839603428311741,-0.0291931888705669,0.000579259006914589
1512,-0.230914148967713,0,0,0.10445260376354,0.0730898851149236,-0.0313627186486168,0.00967619877718373,-0.0503277197591474,-0.0123977175380861,-0.0314025836802268,3.9865031610048e-05
1513,-0.332387831062078,0,0,0.103030180820906,0.0746058184664884,-0.0284243623544173,0.0103658363268341,-0.048741028224649,-0.00810769648418549,-0.0290418642593993,0.000617501904982047
1514,0.485819898545742,1,0,0.11500112692032,0.0631668339186929,-0.0518342930016267,0.011697255609711,-0.0747604927146194,-0.028908093288634,-0.0487670147060763,-0.00306727829555042
1515,-0.671284344978631,1,0,0.0984032563261679,0.0798802854651914,-0.0185229708609765,0.0138251409999267,-0.0456197493020208,0.00857380758006781,-0.0213226041348978,0.0027996332739213
1516,-0.827078874222934,0,0,0.0963389560924436,0.0824175642073403,-0.0139213918851033,0.0158131642237091,-0.0449146242451904,0.0170718404749839,-0.017856305935079,0.00393491404997574
1517,-0.262644651345909,0,0,0.104005962351175,0.07356083822662,-0.0304451241245549,0.00986965503466217,-0.0497892925323272,-0.0111009557167827,-0.0306618921606332,0.000216768036078261
1518,0.555411021690816,1,0,0.116073259505014,0.0622732338527,-0.0538000256523139,0.0124203561411297,-0.078143476364089,-0.0294565749405389,-0.0505203783032005,-0.00327964734911344
1519,0.695454052183777,0,0,0.118257117745597,0.0605106501305675,-0.0577464676150292,0.0140278067444579,-0.0852404636162548,-0.0302524716138037,-0.0540865834906373,-0.00365988412439191
1520,0.441948644816875,0,0,0.114329675185319,0.0637363035050521,-0.0505933716802672,0.0112724309149281,-0.0726869302917421,-0.0284998130687923,-0.047668000614829,-0.0029253710654382
1521,-0.465302635915577,1,1,0.101192981742032,0.0766351813598943,-0.024557800382138,0.0115439571516436,-0.047183540638433,-0.00193206012584307,-0.0259845180518469,0.00142671766970885
1522,-0.459309329278767,1,0,0.101275193865848,0.076542594804705,-0.0247325990611429,0.0114851137312151,-0.0472430083326709,-0.0022221897896149,-0.0261215382009678,0.0013889391398249
1523,0.0265592853538692,0,0,0.108139839309897,0.0693699785039288,-0.0387698608059678,0.00899281401092834,-0.0563954523870546,-0.0211442692248811,-0.0374986764396557,-0.00127118436631213
1524,0.479072660207748,0,0,0.114897637298307,0.0632541064658177,-0.0516435308324895,0.011630267922186,-0.0744384370905255,-0.0288486245744536,-0.0485976728905991,-0.00304585794189043
1525,0.582029422279447,0,0,0.116485637512902,0.061934565072969,-0.0545510724399329,0.0127113176111373,-0.0794647971538118,-0.0296373477260541,-0.0511943138742809,-0.00335675856565204
1526,-0.0739389699883759,0,0,0.106687199707284,0.0708006344182435,-0.0358865652890402,0.00905954762188622,-0.0536429523441627,-0.0181301782339178,-0.0351008507576191,-0.000785714531421143
1527,0.479792062193155,0,0,0.11490866767628,0.0632447959666642,-0.0516638717096162,0.0116373824812664,-0.0744727222472156,-0.0288550211720167,-0.0486157228959572,-0.00304814881365896
1528,-0.721587666776031,1,0,0.0977324583999306,0.0806916318273758,-0.0170408265725549,0.0144461681901525,-0.045354795939862,0.0112731427947522,-0.0201978564391818,0.00315702986662693
1529,0.386673205066472,0,0,0.113488545018296,0.0644606164597803,-0.0490279285585152,0.0107759056499705,-0.0701483155332591,-0.0279075415837714,-0.0462902168249528,-0.00273771173356242
1530,0.00933421030640602,0,1,0.107889633342587,0.0696132740096631,-0.038276359332924,0.0089852996246725,-0.0558872229875833,-0.0206654956782646,-0.0370860053967925,-0.00119035393613149
1531,-0.460565193556249,1,0,0.101257961863009,0.0765619873056746,-0.0246959745573341,0.0114974033031763,-0.0472304709472915,-0.00216147816737668,-0.0260928198658562,0.00139684530852212
1532,-0.980086613912135,1,0,0.0943493250049458,0.0849806421145713,-0.00936868289037444,0.0179285073210461,-0.0445079115361875,0.0257705457554386,-0.0145005895012772,0.00513190661090276
1533,-0.959174602292478,0,0,0.094619065886699,0.0846261199253611,-0.0099929459613379,0.017631100118856,-0.0445492672021155,0.0245633752794397,-0.014956434150743,0.0049634881894051
1534,0.341556842438877,0,0,0.112806010616174,0.0650574810215042,-0.0477485295946701,0.0104062249557293,-0.0681443557229214,-0.0273527034664188,-0.0451713317438417,-0.00257719785082838
1535,-0.498047799337655,0,0,0.100744850783663,0.0771428549289292,-0.0236019958547335,0.0118739121817496,-0.0468744360865541,-0.000329555622912849,-0.0252372789361642,0.00163528308143073
1536,-0.156093475874513,1,1,0.105512499033037,0.0719903530284909,-0.0335221460045457,0.0093082651471594,-0.0517660104515275,-0.0152782815575639,-0.0331582379724312,-0.000363908032114502
1537,0.951282385271043,1,0,0.122338443159593,0.057410765643711,-0.0649276775158817,0.0173510946117995,-0.0989351980473558,-0.0309201569844076,-0.0607344383189493,-0.00419323919693239
1538,-0.84795261034742,1,0,0.0960653334645092,0.082763036001359,-0.0133022974631502,0.0160930595793144,-0.0448441146396637,0.0182395197133634,-0.0173957043543964,0.00409340689124622
1539,0.764483580365777,0,0,0.11934661231224,0.0596591150618818,-0.0596874972503578,0.0148816564906694,-0.0888550080023666,-0.0305199864983491,-0.0558632427553956,-0.00382425449496221
1540,-0.736348459962755,0,0,0.097536397454999,0.0809311327507157,-0.0166052647042833,0.0146323749178366,-0.0452841925515303,0.0120736631429636,-0.0198688234411026,0.00326355873681925
1541,0.335969352629036,0,0,0.11272173111728,0.0651317572879693,-0.047589973829311,0.0103628415694283,-0.0679007700828849,-0.0272791775757371,-0.0450331152794743,-0.00255685854983674
1542,-0.73223919654265,1,0,0.0975909436798091,0.0808643929492773,-0.0167265507305318,0.0145803621053932,-0.0453035353386551,0.0118504338775916,-0.0199603772930855,0.00323382656255375
1543,-0.0134665961377323,0,0,0.107559218824526,0.0699365380613695,-0.0376226807631562,0.00898743348357746,-0.0552377267044174,-0.020007634821895,-0.0365408329521393,-0.00108184781101691
1544,-0.607694495934993,1,0,0.0992570984882211,0.0788653032495895,-0.0203917952386316,0.013072575300334,-0.0460135720124741,0.00522998153521094,-0.0227520900881316,0.00236029484950002
1545,-0.176974165719002,0,0,0.105215756571806,0.0722956624076111,-0.0329200941641954,0.00939794215226018,-0.0513397223114162,-0.0145004660169746,-0.0326669845245449,-0.000253109639650535
1546,0.309261549264193,1,0,0.112319640080025,0.0654878835070217,-0.046831756573003,0.0101631815736128,-0.0667512264256252,-0.0269122867203807,-0.0443735216787896,-0.00245823489421335
1547,-0.361156809609383,1,0,0.102630038061553,0.0750408348495325,-0.0275892032120209,0.0105966952499076,-0.0483583442569865,-0.00682006216705532,-0.0283767859840383,0.000787582772017379
1548,-0.830454084090889,0,0,0.0962946651321613,0.0824733366891781,-0.0138213284429832,0.0158582234126645,-0.0449028751905955,0.017260218304629,-0.0177817676529695,0.00396043920998628
1549,0.791486112866551,1,0,0.119775149532871,0.0593290804611285,-0.0604460690717426,0.0152250895373729,-0.090286696226391,-0.0306054419170942,-0.0565616424654346,-0.00388442660630799
1550,0.23304425412789,1,0,0.111179057493948,0.0665141567876179,-0.0446649007063301,0.00966875543600798,-0.0636153131362316,-0.0257144882764286,-0.0425009000359342,-0.00216400067039588
1551,0.373035136144608,1,0,0.113281845183594,0.0646405008833843,-0.0486413443002102,0.0106606134849057,-0.0695357627837273,-0.0277469258166931,-0.0459514567598345,-0.0026898875403757
1552,-0.0961679210886359,0,1,0.106368223426855,0.0711207381971318,-0.0352474852297227,0.00911002391316185,-0.0531028039978186,-0.0173921664616268,-0.0345736812181178,-0.000673804011604912
1553,0.187519518658519,1,0,0.110502629485266,0.0671342577669272,-0.0433683717183391,0.00943169602180303,-0.0618541562342028,-0.0248825872024755,-0.0413891762324673,-0.00197919548587181
1554,-0.495278074871749,0,0,0.10078268726901,0.0770997947068853,-0.0236828925621245,0.0118454638316569,-0.0468995750523438,-0.000466210071905216,-0.0253003929733294,0.00161750041120489
1555,0.813138614408672,1,0,0.120119740150471,0.0590656724378453,-0.0610540677126259,0.0155040406200132,-0.0914414289426977,-0.030666706482554,-0.0571230634645387,-0.00393100424808718
1556,-0.004840605892241,1,0,0.107684116305002,0.0698140780249699,-0.0378700382800323,0.00898500677708403,-0.0554803279639653,-0.0202597485960993,-0.0367469379242302,-0.0011231003558021
1557,-0.639467904344201,1,0,0.0988296453364617,0.0793709684008883,-0.0194586769355734,0.013443826897468,-0.0458080934690015,0.00689073959785468,-0.0220367563512264,0.00257807941565297
1558,-0.805299325846136,0,0,0.0966251945716699,0.0820585004104486,-0.0145666941612213,0.0155242909715489,-0.0449937453509773,0.0158603570285348,-0.0183378502278712,0.00377115606664994
1559,-0.164952009916306,0,0,0.105386517394009,0.0721197335701737,-0.0332667838238354,0.00934504363764531,-0.0515827327875754,-0.0149508348600955,-0.0329497034516102,-0.000317080372225227
1560,-0.949703908525407,1,1,0.0947414539874881,0.0844660048685923,-0.0102754491188958,0.0174972315866344,-0.0445693928578559,0.0240184946200643,-0.0151631669538566,0.00488771783496078
1561,0.75188527489081,0,0,0.119147127767624,0.0598136836315825,-0.0593334441360417,0.0147231746720978,-0.0881903362314457,-0.0304765520406378,-0.0555380564482362,-0.00379538768780553
1562,0.229303156491369,1,0,0.111123334160174,0.0665649137158188,-0.0445584204443554,0.00964755628862991,-0.0634672833088929,-0.0256495575798178,-0.0424093506959338,-0.00214906974842156
1563,0.28556840820238,0,0,0.111963984591307,0.0658053266161323,-0.0461586579751745,0.00999714200443331,-0.0657526962521963,-0.0265646196981527,-0.0437898592319567,-0.00236879874321781
1564,0.272213865537196,0,0,0.111763954811138,0.0659848818968638,-0.0457790729142743,0.00990834125873021,-0.0651990649279178,-0.0263590809006308,-0.0434614911391112,-0.0023175817751631
1565,0.515815800987184,0,0,0.115462188387138,0.0627802078719155,-0.0526819805152222,0.0120019340846252,-0.0762053390659114,-0.0291586219645331,-0.0495212519934021,-0.00316072852182013
1566,0.684125694446266,0,0,0.118079146816435,0.0606514763721435,-0.0574276704442919,0.0138912264113962,-0.0846539739117199,-0.0302013669768638,-0.0537962118629852,-0.00363145858130666
1567,-0.804995126090944,1,0,0.096629197900598,0.0820534953883922,-0.0145757025122058,0.015520279624029,-0.0449948916052935,0.0158434865808818,-0.0183445829870768,0.00376888047487096
1568,-0.603648747317493,1,0,0.0993116445623749,0.0788011280837219,-0.0205105164786531,0.0130260191901953,-0.0460410449533634,0.00502001199605722,-0.0228433290742693,0.00233281259561623
1569,0.860452037770301,0,1,0.120875693386144,0.0584939028889627,-0.0623817904971817,0.0161240233862232,-0.0939842956200606,-0.0307792853743027,-0.0583541799450433,-0.00402761055213836
1570,-0.547990184277296,0,0,0.100064762275277,0.0779230869839812,-0.0221416752912959,0.0124030027846052,-0.0464511140492721,0.0021677634666802,-0.0241020955136812,0.00196042022238525
1571,0.0501042772084475,1,0,0.108482671125776,0.0690386902513814,-0.0394439808743948,0.0090157475912711,-0.0571145214469899,-0.0217734403017997,-0.0380638966946748,-0.00138008417971999
1572,-0.895219546277076,0,0,0.0954483023521543,0.0835502033490889,-0.0118980990030653,0.0167373807860861,-0.0447027625393268,0.0209065645331961,-0.0163560013164536,0.00445790231338828
1573,0.112787710037082,1,0,0.109400043324621,0.0681638360921251,-0.0412362072324962,0.00914706287498636,-0.0591641210317929,-0.0233082934331995,-0.0395751225850736,-0.0016610846474226
1574,-0.356284997891635,0,0,0.102697702314695,0.0749670044988274,-0.0277306978158675,0.0105565907144568,-0.0484212354157327,-0.00704016021600225,-0.0284892820141429,0.00075858419827543
1575,-0.242860011290759,1,1,0.104284254203542,0.0732668621181018,-0.0310173920854398,0.00974653325514004,-0.0501202462396362,-0.0119145379312433,-0.031123460489358,0.00010606840391823
1576,0.926154272630811,1,0,0.121932257593988,0.0577085154739228,-0.0642237421200655,0.0170070523519739,-0.0975569522131216,-0.0308905320270095,-0.0600737195688584,-0.00415002255120711
1577,-0.477378753013909,0,0,0.10102750961522,0.0768220491583208,-0.0242054604568994,0.0116639990864639,-0.0470664785820766,-0.00134444233172208,-0.025708670410356,0.00150320995345663
1578,-0.307245693169534,1,0,0.103381008607922,0.074227543354257,-0.0291534652536647,0.01017623944952,-0.0490985280727796,-0.00920840243454988,-0.0296246153598009,0.000471150106136169
1579,0.00488010654225945,0,1,0.107825017307826,0.069676314323952,-0.038148702983874,0.00898463418054531,-0.0557582623920104,-0.0205391435757377,-0.0369794102061145,-0.0011692927777595
1580,-0.931877669878304,1,0,0.0949722038378456,0.0841653736494089,-0.0108068301884367,0.0172466728853045,-0.0446096878967771,0.0229960275199037,-0.015552779700188,0.00474594951175129
1581,-0.121551267337054,0,0,0.10600501061658,0.0714879003111939,-0.0345171103053864,0.00918307806117356,-0.0525156125725065,-0.0165186080382663,-0.0339731100792368,-0.000544000226149602
1582,0.0536429542116821,1,0,0.108534279219835,0.0689890263256197,-0.0395452528942153,0.00902045287830324,-0.0572250156599303,-0.0218654901285003,-0.0381489600640791,-0.00139629283013622
1583,-0.708876718766987,1,0,0.0979015737041731,0.0804859089100692,-0.0174156647941039,0.0142872327997503,-0.0454181265203539,0.0105867969321461,-0.0204815620715193,0.00306589727741544
1584,-0.883737442549318,1,0,0.0955978650297413,0.0833583609200473,-0.012239504109694,0.0165795547878762,-0.04473483437364,0.020255826154252,-0.0166081477479493,0.0043686436382553
1585,0.48303734883666,1,0,0.114958438151795,0.0632028113560094,-0.0517556267957853,0.0116695594950151,-0.0746275431214623,-0.0288837104701083,-0.0486971644176136,-0.00305846237817173
1586,0.307519384659827,0,0,0.112293455036382,0.065511176618521,-0.0467822784178611,0.0101506109797845,-0.0666771103593156,-0.0268874464764066,-0.0443305574836209,-0.00245172093424019
1587,-0.839364964049309,1,0,0.0961778201277587,0.082620746511116,-0.0135570736166427,0.0159775542754332,-0.0448725045575258,0.0177583573242404,-0.0175850918242871,0.0040280182076444
1588,0.856689040083438,0,0,0.120815419966777,0.058539187007114,-0.0622762329596631,0.0160742085851314,-0.0937811028665051,-0.0307713630528211,-0.058256046390668,-0.0040201865689951
1589,0.998828510288149,0,0,0.123110193113613,0.0568513224835525,-0.0662588706300607,0.0180110420190205,-0.101559864311379,-0.0309578769487429,-0.06198929678177,-0.00426957384829069
1590,-0.262006254866719,0,0,0.104014931813637,0.0735513354866046,-0.0304635963270321,0.009865555330439,-0.0497997294621797,-0.0111274631918845,-0.0306767718510021,0.000213175523970009
1591,-0.575450808275491,0,0,0.0996925593846733,0.0783551667540506,-0.0213373926306227,0.0127062229718818,-0.0462411320350464,0.00356634677380109,-0.0234802176218518,0.00214282499122914
1592,-0.026757100597024,1,0,0.107367032260622,0.0701256073771308,-0.037241424883491,0.00899502754285003,-0.0548713549074229,-0.0196114948595591,-0.0362236198449105,-0.0010178050385805
1593,-0.14608099590987,1,0,0.105655051415752,0.0718443766617643,-0.0338106747539879,0.00926897131718927,-0.0519775247094137,-0.0156438247985622,-0.0333941547954895,-0.000416519958498424
1594,0.217157030012459,0,0,0.110942587068801,0.0667299530119953,-0.0442126340568061,0.00958081735057017,-0.0629906910063801,-0.0254345771072321,-0.0421123558347564,-0.00210027822204972
1595,0.760336540173739,0,0,0.119280915240239,0.0597099537370926,-0.0595709615031466,0.0148293630127217,-0.0886359789217515,-0.0305059440845416,-0.0557561534923542,-0.00381480801079237
1596,-0.392039129044861,0,0,0.102202033483915,0.0755104000015146,-0.0266916334824008,0.010860114786064,-0.0479770673310572,-0.00540619963374441,-0.027664904799168,0.000973271316767221
1597,0.979294199496508,0,0,0.12279261464145,0.0570805468413086,-0.065712067800141,0.0177385159918314,-0.100478920283318,-0.0309452153169638,-0.0614729957040991,-0.00423907209604195
1598,0.38370818644762,0,0,0.11344357896276,0.0644996849904988,-0.0489438939722616,0.0107505869220385,-0.0700146571521244,-0.0278731307923988,-0.0462165282379904,-0.00272736573427121
1599,0.876023011747748,1,0,0.121125375577567,0.0583068699761774,-0.0628185056013901,0.0163310502258585,-0.0948267758737875,-0.0308102353289927,-0.0587606513016157,-0.0040578542997744
1600,-0.703859336208552,0,1,0.0979684002377386,0.0804048358812051,-0.0175635643565335,0.0142248632099726,-0.0454437839330886,0.0103166552200215,-0.0205936423218189,0.00303007796528537
1601,-0.0438030562363565,0,1,0.107120982460802,0.0703687931035361,-0.036752189357266,0.00901159632977958,-0.0544145936068473,-0.0190897851076847,-0.035817381285155,-0.000934808072111
1602,0.675177905708551,1,0,0.11793873915599,0.0607629256927437,-0.0571758134632464,0.0137840960357966,-0.0841921452528491,-0.0301594816736438,-0.0535670966287441,-0.00360871683450235
1603,0.908088978845626,0,1,0.121640957610615,0.057923471137519,-0.0637174864730955,0.0167618222760668,-0.0965700544494477,-0.0308649184967434,-0.0595997634347373,-0.00411772303835822
1604,0.872642538510263,0,0,0.121071131575014,0.0583474272632836,-0.0627237043117306,0.0162859827069889,-0.0946436438702709,-0.0308037647531903,-0.0586723508068743,-0.0040513535048563
1605,-0.00407581962645054,1,0,0.107695195954508,0.0698032302103497,-0.0378919657441585,0.0089848867394329,-0.0555020201586185,-0.0202819113296985,-0.0367652198099322,-0.00112674593422626
1606,0.740198330488056,1,0,0.118962331792726,0.0599574059230534,-0.059004925869673,0.0145771850403861,-0.0875756835448059,-0.0304341681945402,-0.0552367682394637,-0.00376815763020934
1607,0.276753570418805,1,0,0.111831917287933,0.0659237933662686,-0.0459081239216648,0.00993813272084622,-0.0653865061281024,-0.0264297417152272,-0.0435730663161559,-0.00233505760550889
1608,-0.269900836516172,0,0,0.103904061081059,0.0736689283711032,-0.0302351327099562,0.00991683876800719,-0.0496717795357409,-0.0107984858841716,-0.0304928304952701,0.000257697785313898
1609,0.144517509732395,1,1,0.109866998219121,0.0677249196049443,-0.0421420786141772,0.00925142570787052,-0.0602745398072514,-0.024009617421103,-0.0403436880801483,-0.00179839053402891
1610,0.0600396324880421,1,0,0.108627623145403,0.0688993354215113,-0.0397282877238913,0.00902978909356625,-0.0574263491352737,-0.0220302263125089,-0.0383028003286044,-0.0014254873952869
1611,0.612164829391986,0,0,0.11695403625555,0.0615532255607489,-0.055400810694801,0.0130494674198987,-0.0809772968552313,-0.0298243245343707,-0.0519594973533764,-0.00344131334142459
1612,-0.26366590289399,0,0,0.10399161520147,0.0735760422396063,-0.030415572961864,0.00987623077188113,-0.0497726295777573,-0.0110585163459708,-0.0306380908373521,0.000222517875488052
1613,0.987509393598884,0,0,0.12292608698015,0.0569840404658927,-0.0659420465142569,0.0178528953654499,-0.100933078450301,-0.0309510145782132,-0.0616900007351707,-0.00425204577908625
1614,0.852286607492715,0,0,0.120744937374807,0.0585922078515858,-0.0621527295232211,0.0160160374134928,-0.0935435860287131,-0.0307618730177292,-0.0581412853441788,-0.00401144417904235
1615,0.506145150400698,0,0,0.11531336732204,0.0629046139615179,-0.0524087533605218,0.0119025047132751,-0.0757372339243593,-0.0290802727966843,-0.0492778362879914,-0.0031309170725304
1616,0.857052169274539,1,0,0.120821235220027,0.0585348156578738,-0.0622864195621536,0.0160790119952064,-0.0938007039797456,-0.0307721351445616,-0.0582655146259136,-0.00402090493624001
1617,-0.61173552647233,0,1,0.0992026426373777,0.0789294512777831,-0.0202731913595946,0.0131192415426582,-0.0459864322876864,0.00544004956849715,-0.0226609924289054,0.0023878010693108
1618,-0.553773851599544,1,0,0.0999862675811098,0.0780139085112447,-0.0219723590698651,0.0124661686914899,-0.0464056007303861,0.00246088259065589,-0.0239709824882384,0.00199862341837332
1619,-0.830265622120351,0,0,0.0962971377318332,0.082470221609655,-0.0138269161221782,0.0158557053974637,-0.0449035276506843,0.017249695406328,-0.0177859290382347,0.00395901291605653
1620,0.434885338880122,1,0,0.114221890579465,0.0638284345557418,-0.050393456023723,0.011206485200164,-0.0723577634093256,-0.0284291486381205,-0.0474915135071544,-0.00290194251656864
1621,-0.872532614506781,0,1,0.0957440180108485,0.0831715373347717,-0.0125724806760768,0.0164263398020306,-0.0447675150858736,0.01962255373372,-0.016854463847285,0.00428198317120818
1622,-0.466801108326763,1,0,0.10117243596856,0.0766583462936499,-0.0245140896749098,0.0115587459687877,-0.0471688154801813,-0.00185936386963839,-0.0259502719810187,0.00143618230610888
1623,-0.118201470002532,0,0,0.106052880508872,0.0714393465265433,-0.0346135339823285,0.00917250704312649,-0.0525913174347964,-0.0166357505298606,-0.0340522807559171,-0.000561253226411415
1624,0.252235640306026,1,0,0.111465296087091,0.0662543445105743,-0.0452109515765163,0.00978217392363771,-0.0643836601573531,-0.0260382429956796,-0.0429710765758693,-0.00223987500064703
1625,-0.20195675548166,0,0,0.104861688481348,0.0726625167385908,-0.0321991717427572,0.00951864427582653,-0.0508553717050255,-0.0135429717804888,-0.0320805429863722,-0.000118628756384957
1626,-0.999024907592684,0,0,0.0941056374365912,0.0853028657457754,-0.00880277169081578,0.0181999629286928,-0.0444740435510178,0.0268685001693863,-0.0140885228408636,0.00528575115004782
1627,-0.0268332273699343,0,0,0.107365932304505,0.0701266917086053,-0.0372392405958997,0.00899508449499144,-0.0548692822439776,-0.0196091989478218,-0.0362218040758843,-0.00101743652001541
1628,-0.154331825207919,0,0,0.105537568177034,0.0719646493266658,-0.0335729188503682,0.00930117578604797,-0.0518028884048983,-0.0153429492958382,-0.0331997297075889,-0.000373189142779312
1629,-0.844064828474075,0,0,0.0961162436260989,0.0826985913933293,-0.0134176522327696,0.0160407074859475,-0.0448568611917687,0.0180215567262294,-0.0174814247409713,0.00406377250820168
1630,0.0145889953710139,0,0,0.107965908689721,0.0695389692561138,-0.0384269394336069,0.00898676008623924,-0.0560406655403379,-0.020813213326876,-0.0372118227897658,-0.00121511664384114
1631,0.479207821190357,1,0,0.114899709611402,0.063252357115133,-0.0516473524962692,0.0116316040945391,-0.0744448776039944,-0.028849827388544,-0.0486010640187895,-0.00304628847747972
1632,-0.0850565447472036,1,0,0.106527561940293,0.0709605642250167,-0.0355669977152764,0.0090832027891348,-0.0533697480462544,-0.0177642473842984,-0.034837048467599,-0.000729949247677428
1633,-0.193145291414112,1,0,0.104986449541537,0.0725329302436268,-0.0324535192979106,0.00947443238309033,-0.0510230655427277,-0.0138839730530936,-0.0322872200374166,-0.000166299260494024
1634,-0.979725315235555,0,0,0.0943539794885437,0.0849745055818798,-0.0093794739066639,0.0179233480078266,-0.0445085904843818,0.025749642671054,-0.0145084577382873,0.0051289838316234
1635,0.238224498461932,0,0,0.111256257158698,0.0664439337410353,-0.0448123234176625,0.00969860381151282,-0.0638212375885505,-0.0258034092467745,-0.0426277236884903,-0.0021845997291722
1636,-0.0512426104396582,0,0,0.107013751864117,0.0704751734861189,-0.0365385783779985,0.00902122515973099,-0.0542198547874979,-0.0188573019684992,-0.0356402959887922,-0.000898282389206334
1637,0.739377291873097,0,0,0.118949358713539,0.0599675149380318,-0.0589818437755072,0.0145669666543736,-0.0875325737820755,-0.030431113768939,-0.0552156154715076,-0.00376622830399964
1638,0.932103584520519,1,0,0.122028320709196,0.0576378897500847,-0.0643904309591116,0.0170882022970134,-0.0978826920217924,-0.0308981698964308,-0.0602299967041317,-0.00416043425497992
1639,-0.653176976367831,1,0,0.0986457214583135,0.0795900581561632,-0.0190556633021503,0.0136069891704948,-0.0457248720143467,0.0076135454100461,-0.021728779219816,0.00267311591766569
1640,-0.139361509587616,1,0,0.105750815115817,0.0717465634871511,-0.0340042516286659,0.00924396833222996,-0.0521220966340654,-0.0158864066232664,-0.0335526109760076,-0.000451640652658285
1641,-0.162506934255362,1,1,0.105421276771811,0.0720840013728176,-0.0333372753989933,0.00933470465522518,-0.051632960329553,-0.0150415904684335,-0.0330072437492417,-0.000330031649751567
1642,-0.253403232898563,1,0,0.104135870867811,0.0734233868840873,-0.030712483983724,0.00981112815728665,-0.0499419418197127,-0.0114830261477354,-0.0308773804704497,0.000164896486725654
1643,-0.964273612480611,0,0,0.0945532309285327,0.0847124397133669,-0.00984079121516579,0.0177033882708992,-0.044538794630457,0.0248572122001254,-0.0148452040227503,0.00500441280758451
1644,0.538269709330052,1,0,0.115808374348596,0.0624922389800172,-0.0533161353685784,0.0122370346611978,-0.0773002825820944,-0.0293319881550624,-0.0500873503537511,-0.00322878501482728
1645,-0.606098406948149,0,0,0.0992786142847737,0.0788399797880273,-0.0204386344967464,0.0130541886937903,-0.0460243741839653,0.00514710519047258,-0.022788080616284,0.00234944611953763
1646,-0.59280499489978,0,1,0.0994579750520251,0.0786293559259218,-0.0208286191261032,0.0129020584826548,-0.0461161890785361,0.00445895082632958,-0.0230880481523325,0.00225942902622926
1647,-0.368836632464081,0,0,0.10252345371464,0.0751573551633393,-0.0273660985513009,0.0106607310757761,-0.0482607475086891,-0.00647144959391273,-0.0281995570042733,0.000833458452972401
1648,0.241152932401747,0,0,0.111299919497513,0.0664042665592102,-0.0448956529383031,0.00971572958766267,-0.0639381330136521,-0.025853172862954,-0.0426994472180613,-0.00219620572024177
1649,0.0973443053662777,1,0,0.109173399306472,0.0683784164453234,-0.0407949828611482,0.00910536166716736,-0.0586411637950078,-0.0229488019272886,-0.0392019260594644,-0.00159305680168382
1650,0.432580314110965,1,0,0.114186735532269,0.0638585272607958,-0.0503282082714731,0.0111851176609371,-0.0722506360497526,-0.0284057804931935,-0.0474339463084038,-0.00289426196306925
1651,-0.828163294587284,1,0,0.0963247238764979,0.0824354795906845,-0.0138892442858134,0.0158276328318694,-0.0449108345968012,0.0171323460251744,-0.0178323549954786,0.0039431107096652
1652,-0.300047715660185,1,0,0.10348164200413,0.0741195717088435,-0.0293620702952866,0.010124133103753,-0.0492050065533322,-0.00951913403724101,-0.0297917135204408,0.000429643225154194
1653,-0.901462443172932,1,0,0.0953670719835201,0.0836546776817596,-0.0117123943017605,0.0168235355770652,-0.0446859181254365,0.0212611295219156,-0.0162190199920398,0.00450662569027935
1654,0.840185082517564,0,0,0.120551375681503,0.0587381850927472,-0.061813190588756,0.015856744459542,-0.0928918386415134,-0.0307345425359986,-0.0578260938118541,-0.00398709677690191
1655,0.698229466564953,0,0,0.118300755508845,0.0604761948000932,-0.0578245607087517,0.0140614275706083,-0.0853844523183625,-0.030264669099141,-0.0541577748710748,-0.00366678583767691
1656,-0.694505569990724,1,0,0.0980930916443248,0.0802538926441763,-0.0178391990001485,0.0141091528561462,-0.0454926304505655,0.00981423245026847,-0.0208027317001266,0.00296353269997809
1657,-0.987637968268245,1,0,0.094252090631254,0.0851089912838209,-0.00914309934743307,0.0180365071452422,-0.0444940037590071,0.0262078050641409,-0.0143361984283846,0.00519309908095153
1658,0.164912810083479,0,0,0.110168069440472,0.0674441778447376,-0.0427238915957348,0.00933146993590573,-0.0610132365929284,-0.0244345465985413,-0.0408389908141619,-0.00188490078157293
1659,-0.848717427812517,0,0,0.096055321084362,0.0827757191372771,-0.0132796019470849,0.0161033702391418,-0.044841627645517,0.0182824237513472,-0.0173788447977149,0.00409924285063
1660,0.671947458293289,0,1,0.117888082896612,0.0608032096201832,-0.057084873276429,0.0137455833529395,-0.0840257215946837,-0.0301440249581743,-0.0534844297914991,-0.00360044348492991
1661,0.59950671903789,1,0,0.116757090809693,0.0617131358792833,-0.0550439549304095,0.0129063353182783,-0.0803399073266322,-0.0297480025341868,-0.0516378032911353,-0.00340615163927421
1662,-0.803797687869519,0,0,0.0966449578634955,0.0820337965455918,-0.0146111613179036,0.0155044958769528,-0.0449994148351809,0.0157770921993736,-0.0183710873731596,0.00375992605525596
1663,-0.482122519053519,1,0,0.100962574231154,0.0768955691802484,-0.0240670050509051,0.0117116852597798,-0.0470214863583422,-0.001112523743468,-0.0256003985989046,0.00153339354799948
1664,-0.131155977025628,0,1,0.105867861199305,0.0716272851128783,-0.0342405760864263,0.00921493919603905,-0.0523015250303893,-0.0161796271424632,-0.03374625205196,-0.000494324034466261
1665,-0.473867389839143,1,0,0.101075599036566,0.0767676707219313,-0.0243079283146344,0.0116288932385417,-0.0471001402422375,-0.00151571638703137,-0.0257888455144626,0.00148091719982816
1666,0.930590911768377,1,1,0.122003889513938,0.0576558393580261,-0.0643480501559124,0.0170675509745173,-0.0977998353702677,-0.030896264941557,-0.0601902526047482,-0.00415779755116415
1667,0.167563130613416,1,0,0.110207245955271,0.0674077754825299,-0.0427994704727408,0.00934260041958293,-0.0611106308170722,-0.0244883101284095,-0.0409034281789936,-0.00189604229374724
1668,0.668405014555901,1,0,0.117832555929791,0.0608474128780252,-0.0569851430517658,0.0137034527753037,-0.0838434169552066,-0.030126869148325,-0.0533938102822886,-0.00359133276947721
1669,-0.775758190546185,0,0,0.09701465358845,0.0815737533243674,-0.0154409002640826,0.015137836051081,-0.0451105137280733,0.0142287131999081,-0.0189925679727068,0.00355166770862422
1670,0.730550886131823,1,0,0.118809971586853,0.060076290637543,-0.0587336809493104,0.0144574334381589,-0.087069729796987,-0.0303976321016338,-0.0549883290295832,-0.00374535191972718
1671,-0.184081801213324,0,0,0.105114915708294,0.0723998595925471,-0.0327150561157465,0.00943081411149613,-0.051199112119171,-0.0142310001123219,-0.0324999941189304,-0.000215061996816063
1672,0.973019002471119,1,0,0.122690745433832,0.0571543668993627,-0.0655363785344695,0.0176513763946107,-0.100132440545467,-0.030940316523472,-0.0613073593574477,-0.00422901917702179
1673,-0.727866782341152,1,0,0.0976490128322885,0.0807934343583526,-0.016855578473936,0.0145251659018763,-0.0453243805110827,0.0116132235632108,-0.0200578328864,0.00320225441246404
1674,-0.959246068727225,1,0,0.0946181428770404,0.0846273292098815,-0.00999081366715887,0.0176321122624107,-0.0445491186728509,0.0245674913385331,-0.0149548748170367,0.00496406114987783
1675,0.903245912864804,1,0,0.121562965919773,0.0579812255111299,-0.0635817404086427,0.0166963865520782,-0.096306056722675,-0.0308574240946105,-0.0594728514560069,-0.00410888895263583
1676,0.781391925178468,1,0,0.119614796773982,0.0594522545432632,-0.0601625422307184,0.0150961179844857,-0.0897503897866777,-0.0305746946747592,-0.0563003382754374,-0.00386220395528104
1677,-0.425133260898292,0,0,0.101745131384586,0.0760165896182015,-0.0257285417663848,0.0111592116714169,-0.0476001947382208,-0.00385688879454872,-0.026904385689445,0.00117584392306022
1678,-0.288508038502187,0,0,0.103643156599038,0.0739467748335004,-0.0296963817655374,0.0100426736704107,-0.0493796604680311,-0.0100131030630437,-0.0300598460226386,0.000363464257101209
1679,0.93518578633666,1,0,0.122078114422638,0.0576013321030591,-0.0644767823195793,0.0171303192471867,-0.0980515910877385,-0.0309019735514202,-0.0603109978692888,-0.00416578445029055
1680,0.854828090406954,1,1,0.120785621982875,0.0585615939246196,-0.0622240280582552,0.0160496047640242,-0.0936806753618451,-0.0307673807546652,-0.0582075294965324,-0.00401649856172276
1681,0.636984831653535,0,0,0.117341043233553,0.0612407970086002,-0.0561002462249533,0.0133345484833105,-0.0822354810023451,-0.0299650114475615,-0.0525914781836825,-0.00350876804127077
1682,-0.260840754024684,0,0,0.104031308849325,0.0735339895410213,-0.0304973193083034,0.00985809222667331,-0.0498188250288574,-0.0111758135877495,-0.0307039396268854,0.000206620318581967
1683,0.34323517838493,0,0,0.112831336715224,0.0650351857678389,-0.0477961509473848,0.0104193626685709,-0.0682177265196449,-0.0273745753751246,-0.0452128635288792,-0.00258328741850556
1684,-0.8365125390701,0,0,0.0962152091062132,0.0825735336917252,-0.013641675414488,0.0159392975921128,-0.0448821246338951,0.0175987738049191,-0.017648031174075,0.00400635575958701
1685,-0.994178080931306,1,0,0.0941679499861121,0.0852202945887232,-0.0089476553973889,0.0181303006616343,-0.0444823917230747,0.026587080928297,-0.0141939138262631,0.0052462584288742
1686,-0.0286178225651383,0,0,0.107340149519755,0.070152115495756,-0.0371880340239989,0.00899646345487188,-0.0548207783837786,-0.0195552896642193,-0.0361792419766105,-0.00100879204738842
1687,-0.918239112943411,0,0,0.0951490862143871,0.0839360221679418,-0.0112130640464453,0.0170562432466217,-0.0446426865213784,0.0222165584284878,-0.0158512985604437,0.00463823451399841
1688,0.922428216785192,1,0,0.121872126405922,0.0577527897517395,-0.0641193366541829,0.0169563258745671,-0.0973531246784591,-0.0308855486299067,-0.0599758917827274,-0.0041434448714555
1689,-0.347205157857388,1,0,0.102823917010568,0.0748295812846851,-0.0279943357258825,0.0104829340992853,-0.0485405090127885,-0.00744816243897651,-0.0286990878591417,0.000704752133259198
1690,-0.0157154565677047,1,0,0.107526678057243,0.0699684969436399,-0.0375581811136035,0.00898838995281601,-0.0551751017001246,-0.0199412605270825,-0.0364871286840562,-0.00107105242954734
1691,-0.0780123830772936,0,0,0.106628684944201,0.0708591930579721,-0.0357694918862286,0.00906784391827242,-0.0535421393834731,-0.0179968443889841,-0.035004161686592,-0.000765330199636594
1692,0.25702404556796,0,0,0.111536815313165,0.0661896663818088,-0.0453471489313558,0.00981167175461288,-0.0645776721985259,-0.0261166256641856,-0.0430885303067809,-0.00225861862457487
1693,0.565130191855133,0,0,0.116223683796101,0.0621493758789844,-0.0540743079171164,0.0125257260091224,-0.0786242797752129,-0.0295243360590198,-0.0507662411454419,-0.00330806677167446
1694,-0.736029371153563,1,0,0.0975406320551866,0.0809259485336464,-0.0166146835215402,0.0146283312809191,-0.0452856859860623,0.0120563189429819,-0.0198759314341386,0.00326124791259842
1695,-0.630820881575346,1,1,0.0989458126347578,0.0792330606961437,-0.019712751938614,0.0133418220199214,-0.0458622425858035,0.0064367387085754,-0.0222312189020967,0.00251846696348265
1696,-0.391691255848855,1,0,0.102206845911493,0.0755050956001853,-0.026701750311308,0.0108570611760167,-0.0479811991942488,-0.0054223014283673,-0.0276729119696097,0.000971161658301654
1697,-0.733178332913667,1,0,0.0975784752173166,0.0808796413233954,-0.0166988338939211,0.0145922373819781,-0.0452990936164572,0.0119014258286149,-0.0199394503455243,0.00324061645160316
1698,-0.719058501534164,0,0,0.0977660874036935,0.0806506598495851,-0.0171154275541084,0.0144144387233444,-0.0453672083092228,0.011136353201006,-0.020254279864259,0.0031388523101506
1699,-0.965782054699957,1,0,0.0945337628111474,0.084737991041038,-0.00979577177010939,0.0177248017755991,-0.0445357448833951,0.0249442013431764,-0.0148123087634928,0.00501653699338341
1700,-0.17537598265335,1,0,0.105238442835219,0.0722722522614921,-0.0329661905737269,0.00939071349836442,-0.0513716508196553,-0.0145607303277985,-0.0327045490304063,-0.000261641543320631
1701,-0.401244981680065,0,0,0.102074753996589,0.075650896065755,-0.0264238579308344,0.0109416180913088,-0.0478690353223915,-0.00497868053927727,-0.0274531065865763,0.00102924865574192
1702,-0.642980981618166,0,1,0.0987824840565829,0.079427059615806,-0.0193554244407769,0.0134854714641968,-0.0457864628251453,0.00707561394359158,-0.0219577963136061,0.00260237187282923
1703,0.212374017573893,0,1,0.110871481471649,0.0667950478977652,-0.0440764335738835,0.0095554222177834,-0.0628047169778128,-0.0253481501699541,-0.0419955014383763,-0.00208093213550715
1704,0.124667601659894,0,0,0.109574670762936,0.0679991943184769,-0.0415754764444591,0.00918321960846078,-0.0595742561391642,-0.023576696749754,-0.0398625955033029,-0.00171288094115619
1705,-0.214974706526846,1,0,0.104677607533688,0.0728543567830263,-0.031823250750662,0.00958717340582075,-0.0506137653396109,-0.0130327361617131,-0.0317755258747107,-4.77248759512758e-05
1706,-0.318392619490623,1,0,0.103225336654809,0.0743950358451392,-0.0288303008096702,0.0102588590723595,-0.0489372951139668,-0.00872330650537353,-0.0293660738646428,0.000535773054972648
1707,0.516765499487519,1,0,0.11547681224224,0.0627680030575405,-0.0527088091846994,0.0120117586967167,-0.0762514236212499,-0.0291661947481489,-0.0495451693013863,-0.00316363988331312
1708,0.857396811712533,1,0,0.120826754644516,0.0585306671353208,-0.0622960875091956,0.0160835716013324,-0.0938193085905782,-0.030772866427813,-0.0582745011633808,-0.00402158634581478
1709,-0.39938614750281,0,0,0.102100442785415,0.0756225079519603,-0.0264779348334543,0.0109250537298499,-0.047890646673125,-0.00506522299378358,-0.0274958574852334,0.0010179226517791
1710,-0.216871094889939,0,0,0.104650815390564,0.0728823419712196,-0.031768473419344,0.00959747219938711,-0.0505791732727672,-0.0129577735659209,-0.0317311248587102,-3.73485606338236e-05
1711,0.838077970314771,0,0,0.120517700187102,0.0587636374170046,-0.0617540627700977,0.0158291007434085,-0.0927785301348345,-0.0307295954053609,-0.0577712527498369,-0.0039828100202608
1712,0.274025587830693,1,0,0.111791073198569,0.065960496153393,-0.0458305770451756,0.00992018138273899,-0.0652737752754488,-0.0263873788149025,-0.0435060128863259,-0.00232456415884974
1713,0.917087892536074,0,0,0.121785988644115,0.0578163009235044,-0.0639696877206104,0.0168837550068918,-0.097061239457916,-0.0308781359833047,-0.0598357465680656,-0.00413394115254478
1714,-0.0282791582867503,1,0,0.107345041923837,0.0701472901451323,-0.0371977517787044,0.00899619530053767,-0.0548299705656467,-0.0195655329917621,-0.036187318449416,-0.00101043332928841
1715,0.890654230490327,1,0,0.121360393792571,0.0581316364306619,-0.0632287573619092,0.0165268762160556,-0.0956208395223298,-0.0308366752014887,-0.0591431830221532,-0.00408557433975604
1716,0.765245035290718,1,0,0.119358678617516,0.0596497847720657,-0.0597088938454499,0.0148912715629868,-0.0888952497929095,-0.0305225378979903,-0.0558829107850284,-0.00382598306042151
1717,-0.517889251001179,0,0,0.100474170539514,0.0774519700281789,-0.0230222005113348,0.0120805139018146,-0.0466995726736268,0.000655171650957326,-0.0247856376062761,0.00176343709494134
1718,-0.171476201619953,1,0,0.105293818477369,0.0722151577005247,-0.0330786607768445,0.00937332681336306,-0.0514500437463597,-0.0147072778073293,-0.0327962361043579,-0.000282424672486563
1719,-0.100874750409275,1,0,0.106300790241972,0.0711886892346777,-0.035112101007294,0.00912233769180654,-0.0529915543380471,-0.017232647676541,-0.0344622043380546,-0.000649896669239446
1720,0.771203759126365,0,0,0.11945313924984,0.0595768182787646,-0.0598763209710754,0.0149666548431218,-0.0892104254326361,-0.0305422165095148,-0.0560368747646492,-0.00383944620642623
1721,0.300802245736122,0,0,0.112192545153832,0.0656010583298303,-0.0465914868240016,0.0101026754538706,-0.0663923668610849,-0.0267906067869184,-0.0441649738557163,-0.00242651296828532
1722,-0.736848733387887,0,0,0.0975297586993935,0.080939261273203,-0.0165904974261906,0.0146387162251679,-0.0452818540074217,0.0121008591550406,-0.0198576798244565,0.00326718239826593
1723,-0.336261159740388,1,0,0.10297622702651,0.0746642518105239,-0.0283119752159864,0.0103960699269313,-0.0486878978535316,-0.00793605257844116,-0.0289522132440813,0.00064023802809493
1724,-0.252886625006795,1,0,0.10414313716158,0.0734157101500504,-0.0307274270115292,0.00980790871946486,-0.0499505748653367,-0.0115042791577217,-0.0308894322779114,0.000162005266382177
1725,0.604535238351673,1,0,0.116835294230527,0.0616495640189327,-0.0551857302115945,0.0129630086299981,-0.0805927602576727,-0.0297787001655164,-0.051765548848503,-0.00342018136309154
1726,0.487786340992898,1,0,0.115031303613592,0.063141419994257,-0.0518898836193349,0.0117168878941358,-0.0748545619027345,-0.0289252053359354,-0.0488163901345994,-0.00307349348473554
1727,-0.931323854718357,1,0,0.0949793806897604,0.0841560493947985,-0.0108233312949619,0.0172389186098594,-0.0446109909027035,0.0229643283127797,-0.0155648942159019,0.00474156292093998
1728,-0.316814580000937,1,0,0.103247362091367,0.0743713032952541,-0.0288760587961127,0.0102470221006904,-0.0489598530622519,-0.00879226452997346,-0.0294026579052481,0.000526599109135429
1729,-0.0543378796428442,0,1,0.106969165796783,0.070519477422399,-0.0364496883743844,0.00902565908325469,-0.0541396551143004,-0.0187597216344684,-0.0355666568647846,-0.000883031509599778
1730,-0.778524303808808,0,0,0.0969781268380125,0.0816190321448523,-0.0153590946931601,0.0151737533380381,-0.0450991047460093,0.014380915359689,-0.0189311861418223,0.00357209144866216
1731,0.745637121144682,0,0,0.119048300025707,0.0598904812444883,-0.0591578187812188,0.014645000210803,-0.0878614917479741,-0.0304541458144635,-0.0553769349383361,-0.00378088384288267
1732,0.27215012582019,1,0,0.111763000841199,0.0659857399846504,-0.045777260856549,0.00990792589394698,-0.0651964387701769,-0.0263580829429211,-0.0434599249295358,-0.00231733592701321
1733,0.177259137388319,1,0,0.110350674437807,0.0672747553338028,-0.0430759191040037,0.00938472935888018,-0.0614696506520645,-0.0246821875559429,-0.0411393128317323,-0.00193660627227141
1734,0.0184048633091152,1,0,0.108021327271149,0.0694850573646247,-0.0385362699065238,0.00898827860581019,-0.0561529722569237,-0.020919567556124,-0.0373032286099083,-0.00123304129661554
1735,0.681622968520969,1,0,0.118039859754631,0.0606826298369108,-0.0573572299177202,0.0138611945144978,-0.08452467194884,-0.0301897878866003,-0.0537321065223012,-0.00362512339541896
1736,-0.536390442401171,1,0,0.100222356581266,0.0777412267279759,-0.0224811298532902,0.0122774696741602,-0.0465445282359268,0.00158226852934639,-0.0243652740408218,0.00188414418753158
1737,0.326776110567153,1,0,0.112583183490243,0.0652541376655338,-0.0473290458247097,0.0102926617862089,-0.0675022922307308,-0.0271557994186886,-0.0448058730507401,-0.00252317277396959
1738,0.612887423485518,0,0,0.116965287668878,0.0615441086977149,-0.0554211789711628,0.0130576849979385,-0.0810137712885913,-0.0298285866537343,-0.0519778739049246,-0.00344330506623819
1739,-0.28926645591855,1,0,0.103632534601166,0.0739581201013209,-0.029674414499845,0.0100479479733031,-0.0493680306460512,-0.00998079835363882,-0.030042214443257,0.000367799943411979
1740,0.382337525486946,0,0,0.11342279742526,0.064517752937924,-0.0489050444873355,0.0107389299040239,-0.0699529603317225,-0.0278571286429486,-0.046182471113652,-0.00272257337368354
1741,0.141646109055728,1,0,0.10982466915793,0.0677645314196821,-0.0420601377382477,0.00924096223447718,-0.0601720909003177,-0.0239481845761777,-0.040274036501815,-0.00178610123643271
1742,-0.0724797528237104,0,0,0.106708168305859,0.0707796678580032,-0.0359285004478559,0.00905668024696058,-0.0536792675513939,-0.0181777333443178,-0.0351354970731048,-0.000793003374751078
1743,0.496129053179175,1,0,0.115159406087579,0.0630337063958327,-0.0521256996917468,0.0118007194351975,-0.0752546847763957,-0.0289967146070979,-0.0490259767334469,-0.00309972295829991
1744,0.0759754879400134,0,0,0.108860474731387,0.0686763605097487,-0.0401841142216379,0.00905767957685376,-0.0579368399757752,-0.0224313884675005,-0.0386864826961601,-0.00149763152547775
1745,-0.236154342535883,0,0,0.104378725703218,0.0731674696338786,-0.0312112560693392,0.00970667494243897,-0.0502359893661569,-0.0121865227725214,-0.0312801030167886,6.88469474494358e-05
1746,0.374363983049989,0,0,0.113301970862333,0.064622953031585,-0.0486790178307481,0.0106717153265454,-0.0695951955240412,-0.0277628401374549,-0.0459844439233551,-0.00269457390739297
1747,-0.217405877541751,0,1,0.104643261084945,0.0728902356012458,-0.0317530254836994,0.00960039086906553,-0.050569445824575,-0.0129366051428237,-0.0317186052298003,-3.44202538990618e-05
1748,-0.143529703840613,1,0,0.105691402502734,0.07180722393003,-0.0338841785727037,0.00925934808389351,-0.0520321673374549,-0.0157361898079524,-0.0334543060384529,-0.000429872534250766
1749,0.962770986836404,0,0,0.122524539266824,0.057275115182129,-0.065249424084695,0.017509500613547,-0.0995674146745291,-0.030931433494861,-0.0610370886090727,-0.00421233547562232
1750,-0.0906678084284067,1,0,0.10644706946459,0.0710414106630804,-0.0354056588015096,0.0090963517857826,-0.0532341806923501,-0.0175771369106691,-0.0347040116153071,-0.000701647186202477
1751,-0.491372934542596,1,0,0.100836055811147,0.0770391198781895,-0.0237969359329572,0.0118055195935721,-0.0469353291551405,-0.000658542710773848,-0.0253894082708664,0.00159247233790924
1752,-0.350787514820695,1,0,0.102774103912392,0.0748837725160597,-0.0278903313963326,0.0105118241758196,-0.0484931281927564,-0.00728753459990881,-0.0286162891462459,0.000725957749913304
1753,-0.782512147445232,1,1,0.0969254886446511,0.0816843499119502,-0.0152411387327009,0.0152256334341637,-0.0450828319054707,0.0146005544400689,-0.0188427212563045,0.00360158252360364
1754,0.675010705366731,0,0,0.117936116844775,0.0607650100811427,-0.0571711067636327,0.0137821005497662,-0.0841835274724843,-0.0301586860547812,-0.0535628173201269,-0.00360828944350583
1755,0.633585155010223,0,0,0.117287968070852,0.0612835035868452,-0.0560044644840072,0.013295161664982,-0.0820625025160095,-0.0299464264520049,-0.0525048193326121,-0.00349964515139511
1756,0.298254606779665,1,0,0.112154293342639,0.0656351781448603,-0.0465191151977782,0.0100847173293835,-0.0662847979576369,-0.0267534324379195,-0.0441022014213784,-0.00241691377639983
1757,-0.573607501573861,0,0,0.0997175050749279,0.0783260946998743,-0.0213914103750535,0.0126856101338624,-0.0462547493593402,0.00347192860923307,-0.0235219106180177,0.00213050024296416
1758,-0.836175866425037,1,0,0.0962196229962902,0.0825679627675173,-0.0136516602287729,0.0159347857475848,-0.0448832663954013,0.0175799459378554,-0.0176554610275757,0.00400380079880276
1759,0.573032861575484,0,0,0.116346118750681,0.0620488363937977,-0.0542972823568833,0.0126121438699349,-0.0790166301097933,-0.0295779346039732,-0.0509663314390747,-0.00333095091780858
1760,-0.831901779398322,1,0,0.0962756734253216,0.0824972691514494,-0.0137784042738723,0.0158775739035815,-0.0448978772867651,0.0173410687390206,-0.0177498038602716,0.00397139958639935
1761,0.255945710465312,1,0,0.111520705889001,0.0662042265906286,-0.0453164792983726,0.00980498771005808,-0.0645339020789442,-0.0260990565178009,-0.0430620751493227,-0.00225440414904986
1762,0.0266181668266654,1,0,0.10814069547729,0.0693691481839399,-0.0387715472933506,0.00899285314828539,-0.0563972155822476,-0.0211458790044536,-0.0375000883034357,-0.00127145898991488
1763,-0.61809267802164,1,0,0.0991170291662541,0.0790304623775036,-0.0200865667887504,0.0131929839776815,-0.0459443402336202,0.00577120665611933,-0.0225177526362351,0.00243118584748466
1764,0.0686962814070284,0,0,0.108754058084163,0.0687781283160191,-0.039975929768144,0.0090441219267827,-0.0577020830164271,-0.0222497765198609,-0.0385111483772481,-0.00146478139089586
1765,-0.0182972121983767,0,1,0.107489331008861,0.0700052032999844,-0.0374841277088768,0.00898965306478869,-0.0551035239493727,-0.0198647314683808,-0.0364254893590693,-0.00105863834980748
1766,-0.903521546628326,1,0,0.0953402932225061,0.083689162624426,-0.01165113059808,0.016852004783004,-0.0446804530400646,0.0213781918439046,-0.0161738565900511,0.00452272599197106
1767,-0.506188101600856,0,0,0.100633721236432,0.0772695377960142,-0.0233641834404177,0.0119580829375966,-0.04680159532225,7.32284414145384e-05,-0.0250518816105381,0.00168769817012039
1768,0.859947413671762,1,0,0.120867609117239,0.0584999736546999,-0.0623676354625388,0.016117338197702,-0.0939570378566864,-0.0307782330683911,-0.0583410178776237,-0.00402661758491507
1769,-0.643735054880381,1,0,0.0987723636182221,0.0794391041756466,-0.0193332594425756,0.0134944254863302,-0.0457818473878421,0.00711532850269101,-0.0219408511571369,0.00260759171456135
1770,-0.0194604727439582,1,0,0.107472507293829,0.0700217478860227,-0.0374507594078065,0.00899027982698794,-0.0550713840796399,-0.0198301347359732,-0.0363977216875835,-0.00105303772022304
1771,-0.794636981096119,0,0,0.0967656015537322,0.0818832378360443,-0.0148823637176878,0.0153840826666176,-0.0450346116794453,0.0152698842440696,-0.0185739506610886,0.00369158694340075
1772,-0.680049874354154,1,0,0.0982860730896848,0.0800211274262841,-0.0182649456634006,0.0139317978905356,-0.0455707677687416,0.00904087644194027,-0.0211262294329882,0.00286128376958756
1773,-0.891196958720684,1,0,0.0955006756212736,0.0834829485321198,-0.0120177270891538,0.0166819951221507,-0.0447138367188421,0.0206783825405344,-0.0164443066465369,0.00442657955738306
1774,0.884028827305883,1,0,0.121253922670842,0.0582109255183958,-0.063042997152446,0.0164380476161075,-0.0952609784561713,-0.0308250158487208,-0.0589698913834406,-0.00407310576900544
1775,0.215625440701842,0,0,0.110919813691991,0.0667507909163787,-0.0441690227756127,0.00957263057993337,-0.0629310339495889,-0.0254070116016366,-0.0420749312967247,-0.00209409147888804
1776,-0.976802304387093,1,0,0.0943916431720486,0.084924874036095,-0.00946676913595358,0.0178816346290315,-0.0445141289935595,0.0255805907216523,-0.0145721236505752,0.00510535451462162
1777,-0.238464482594281,0,1,0.104346171213969,0.0732016968654139,-0.0311444743485556,0.00972029789480337,-0.0501959081413707,-0.0120930405557405,-0.0312261272493433,8.16529007876786e-05
1778,0.14084495510906,1,0,0.109812861412204,0.0677755874063115,-0.0420372740058925,0.00923807862509695,-0.0601435753974318,-0.0239309726143531,-0.0402546064608912,-0.00178266754500127
1779,0.296033610124141,1,0,0.112120955236109,0.0656649367922293,-0.0464560184438802,0.0100691623156503,-0.0661912139370427,-0.0267208229507177,-0.0440474903701087,-0.00240852807377145
1780,-0.146797569934279,0,0,0.105644843574493,0.0718548148317059,-0.0337900287427867,0.00927170270546443,-0.0519622321208595,-0.0156178253647138,-0.0333772629937185,-0.000412765749068164
1781,0.126872138120234,1,0,0.109607103032839,0.067968682533725,-0.0416384204991137,0.00919031564270597,-0.0596511081653725,-0.0236257328328549,-0.0399159788721151,-0.00172244162699862
1782,0.268106770701706,0,0,0.111702499912581,0.0660401943347754,-0.0456623055778061,0.00988174332709035,-0.0650301666033722,-0.02629444455224,-0.0433605922308186,-0.00230171334698747
1783,-0.472925217822194,1,0,0.101088505888519,0.0767530858588459,-0.0243354200296736,0.0116195015455851,-0.047109224577328,-0.00156161548201924,-0.0258103627563474,0.00147494272667378
1784,-0.252524313051254,1,0,0.104148233489463,0.0734103266768496,-0.0307379068126137,0.00980565415803067,-0.0499566358072092,-0.0115191778180181,-0.0308978849180559,0.000159978105442219
1785,0.787146288435906,1,0,0.119706185843359,0.0593820077367297,-0.0603241781066293,0.0151695555235141,-0.0900559605941976,-0.0305923956190609,-0.0564492660985023,-0.00387491200812697
1786,0.692398635204881,1,0,0.118209093627987,0.0605486027864647,-0.0576604908415227,0.0139908660093918,-0.0850820843324563,-0.0302388973505891,-0.0540082331460364,-0.00365225769548628
1787,0.653112642467022,0,0,0.117593111617332,0.0610385789842241,-0.0565545326331077,0.0135228182723546,-0.0830587694164029,-0.0300502958498125,-0.0530029901877193,-0.00355154244538838
1788,-0.738527003210038,1,0,0.0975074905757571,0.0809665355076714,-0.0165409550680857,0.0146600038476269,-0.0452740346226531,0.0121921244864817,-0.0198203000960314,0.0032793450279457
1789,0.31270006345585,0,0,0.112371337210919,0.0654419324404991,-0.0469294047704204,0.0101881576614455,-0.0668978268556693,-0.0269609826851714,-0.0444583422696886,-0.00247106250073177
1790,-0.295780484564602,0,0,0.103541342161024,0.0740556303022078,-0.0294857118588162,0.0100937102038751,-0.0492690203287959,-0.00970240338883659,-0.0298908306582113,0.000405118799395077
1791,0.992361324373633,1,0,0.12300497492807,0.0569271153935496,-0.0660778595345209,0.0179206069539824,-0.101201603745424,-0.0309541153236173,-0.0618182510695744,-0.00425960846494646
1792,0.424753945320845,0,0,0.114067442120564,0.06396080123568,-0.0501066408848843,0.0111131365669826,-0.0718879883114452,-0.0283252934583233,-0.0472385853940498,-0.00286805549083446
1793,-0.257078731898218,0,0,0.104084186457374,0.0734780257166828,-0.0306061607406907,0.0098341937763177,-0.0498808263592613,-0.0113314951221201,-0.0307916532161933,0.000185492475502605
1794,-0.153390039689839,0,0,0.105550972396939,0.0719509114973776,-0.0336000608995617,0.00929741648986625,-0.0518226623689684,-0.0153774594301551,-0.0332219142913191,-0.000378146608242647
1795,-0.910149633418769,0,0,0.0952541402378568,0.0838002545809148,-0.011453885656942,0.0169438210616184,-0.0446631646982054,0.0217553933843214,-0.0160285376220572,0.0045746519651152
1796,-0.116550131235272,0,0,0.106076485785483,0.0714154223274692,-0.0346610634580134,0.00916739933365032,-0.0526288359838646,-0.0166932909321623,-0.0340913188453875,-0.00056974461262594
1797,0.831249355804175,1,0,0.120408622257714,0.058846192995262,-0.0615624292624516,0.0157397048075733,-0.0924116838125873,-0.030713174712316,-0.0575936081656009,-0.00396882109685074
1798,-0.716671174857765,1,1,0.0977978399188173,0.0806120030416532,-0.0171858368771642,0.0143845364285182,-0.0453790102113642,0.0110073364570359,-0.0203075512981164,0.00312171442095224
1799,-0.882344697136432,1,0,0.0956160207888325,0.0833351182480806,-0.0122809025407519,0.0165604671267705,-0.0447388216763815,0.0201770165948778,-0.0166387506011568,0.00435784806040494
1800,0.379709643311799,0,0,0.113382963572678,0.0645524066571774,-0.0488305569155007,0.0107166646137245,-0.0698348335927956,-0.0278262802382058,-0.0461171886798947,-0.00271336823560599
1801,0.581142683979124,0,0,0.116471879515612,0.0619458193903661,-0.0545260601252461,0.0127015055224155,-0.0794205534986171,-0.0296315667518752,-0.0511718337240739,-0.00335422640117224
1802,-0.415614118799567,0,0,0.101876368074824,0.0758706718686089,-0.0260056962062148,0.011071465776791,-0.0477053703847929,-0.00430602202763674,-0.0271228921059245,0.0011171958997097
1803,-0.695487402379513,0,0,0.0980799965787294,0.080269724474663,-0.0178102721040663,0.0141212638298103,-0.0454874406266826,0.00986689641854995,-0.0207807756665722,0.00297050356250586
1804,-0.435155774932355,1,1,0.101607116933308,0.0761705017927676,-0.0254366151405403,0.0112530482104069,-0.0474921843492307,-0.00338104593184982,-0.0266745406302895,0.00123792548974925
1805,0.099112578202039,0,0,0.109199329189592,0.068353815257934,-0.0408455139316584,0.00910983036175708,-0.0587004533459717,-0.022990574517345,-0.0392446281020715,-0.00160088582958686
1806,-0.592194938566536,1,0,0.0994662131236065,0.078619702415735,-0.0208465107078715,0.0128951205912897,-0.0461204826431002,0.00442746122735717,-0.0231018232330595,0.00225531252518798
1807,0.901991003192961,1,0,0.121542764154496,0.0579961993326583,-0.0635465648218379,0.0166794526352578,-0.0962376912687848,-0.030855438374891,-0.0594399769872558,-0.00410658783458213
1808,0.0225593145005405,1,0,0.108081691587801,0.0694264058298021,-0.0386552857579985,0.00899036970035577,-0.0562760865783959,-0.021034484937601,-0.0374027841378177,-0.00125250162018078
1809,0.714427959639579,0,0,0.118555722190724,0.0602754648637152,-0.0582802573270083,0.0142588769282871,-0.0862271425664402,-0.0303333720875765,-0.054573680341566,-0.00370657698544234
1810,0.508548098150641,0,0,0.115350330558952,0.0628736802801573,-0.0524766502787946,0.0119271058354369,-0.0758533481560485,-0.0290999524015407,-0.0493382975679564,-0.00313835271083818
1811,0.727438112720847,1,0,0.118760848199431,0.0601146961661551,-0.0586461520332758,0.0144189444635548,-0.0869067638769264,-0.0303855401896252,-0.0549082216830489,-0.00373793035022692
1812,0.8387621329166,0,0,0.12052863346265,0.0587553721159602,-0.0617732613466899,0.0158380734147841,-0.092815314824168,-0.0307312078692119,-0.0577890579089975,-0.00398420343769242
1813,0.109931502491236,1,0,0.109358095165868,0.0682034749353162,-0.0411546202305516,0.00913889668894076,-0.0590665285993078,-0.0232427118617953,-0.0395060579121753,-0.00164856231837628
1814,-0.751135586760938,0,0,0.0973403385565815,0.0811717107822515,-0.01616862777433,0.0148206382695295,-0.0452165450105038,0.0128792894618438,-0.0195396599490153,0.00337103217468528
1815,0.998398433439434,1,0,0.123103193557318,0.0568563598725889,-0.0662468336847293,0.0180050215487881,-0.101536027461222,-0.0309576399082371,-0.0619779184703189,-0.0042689152144104
1816,-0.338968121446669,0,0,0.102938535068705,0.0747051142237285,-0.0282334208449768,0.0104173583851111,-0.048651068093841,-0.00781577359611272,-0.0288895785805256,0.000656157735548765
1817,-0.0194317195564508,1,0,0.107472923110353,0.0700213388974448,-0.0374515842129086,0.00899026390328475,-0.0550721776748571,-0.01983099075096,-0.0363984080036151,-0.00105317620929346
1818,0.96292052930221,0,0,0.122526963209339,0.0572733514614172,-0.065253611747922,0.0175115670337315,-0.0995756524468947,-0.0309315710489494,-0.0610410304425835,-0.00421258130533855
1819,0.111292424146086,1,0,0.109378080804016,0.0681845852125931,-0.0411934955914232,0.0091427621273637,-0.0591129800802729,-0.0232740111025736,-0.0395389633017073,-0.00165453228971593
1820,0.558867417741567,1,0,0.116126735006104,0.0622291602731254,-0.0538975747329784,0.0124577120160214,-0.0783142416141521,-0.0294809078518047,-0.0506077858950916,-0.00328978883788679
1821,-0.377108027227223,1,0,0.102408768919649,0.0752830368696949,-0.0271257320499539,0.0107308003205006,-0.0481577142034258,-0.00609374989648191,-0.0280088230570181,0.000883091007064227
1822,0.490399027243257,1,0,0.11507140811208,0.0631076688901887,-0.0519637392218915,0.0117430476006272,-0.0749796895878603,-0.0289477888559227,-0.0488820073114268,-0.00308173191046473
1823,-0.803225750569254,0,0,0.0966524861688217,0.0820243892267719,-0.0146280969420498,0.0154969605938352,-0.0450015815758032,0.0157453876917036,-0.0183837478157496,0.00375565087369981
1824,-0.163191427476704,1,0,0.105411544945966,0.0720940028719764,-0.0333175420739893,0.00933758465261398,-0.0516188716957066,-0.0150162124522719,-0.0329911340898253,-0.00032640798416398
1825,0.74874965660274,0,0,0.119097522479916,0.0598522127631544,-0.0592453097167618,0.0146839074776182,-0.0880252395252118,-0.0304653799083118,-0.0554571852148835,-0.00378812450187828
1826,-0.750367258675396,1,0,0.0973505169650897,0.0811591944854097,-0.01619132247968,0.0148108144365694,-0.0452199853570619,0.012837340397702,-0.0195567518041929,0.00336542932451293
1827,-0.573777290061116,1,0,0.0997152070749328,0.0783287721378056,-0.0213864349371272,0.012687507268241,-0.0462534922364697,0.00348062236221532,-0.023518069936609,0.0021316349994818
1828,-0.805302330758423,0,0,0.0966251550271688,0.0820585498518891,-0.0145666051752797,0.0155243305992498,-0.0449937340339024,0.0158605236833429,-0.0183377837220286,0.00377117854674885
1829,0.881995147559792,1,0,0.12122125731815,0.0582352837953807,-0.062985973522769,0.0164108322876531,-0.0951506137628962,-0.0308213332826417,-0.0589167228222797,-0.00406925070048927
1830,0.653455568943173,1,0,0.117598476452706,0.0610342859977945,-0.056564190454912,0.0135268466091841,-0.0830763226333106,-0.0300520582765134,-0.0530117475292668,-0.00355244292564519
1831,-0.680930379312485,0,1,0.0982743088075299,0.0800352876469702,-0.0182390211605597,0.0139425489584195,-0.0455659149717483,0.00908787265062884,-0.0211065123925341,0.00286749123197437
1832,-0.355580721050501,0,0,0.102707487234261,0.0749563369900598,-0.0277511502442011,0.0105508266814394,-0.0484303905469464,-0.00707190994145566,-0.0285055489987592,0.000754398754558148
1833,-0.829487155657262,1,0,0.0963073517245931,0.0824573555068002,-0.0138499962177928,0.0158453069651121,-0.0449062271933941,0.0172062347578085,-0.0178031189498382,0.00395312273204539
1834,-0.225871146190912,0,0,0.104523745372662,0.0730152916995215,-0.0315084536731409,0.0096474308302789,-0.0504170706438289,-0.0125998367024529,-0.0315205143991273,1.20607259864319e-05
1835,-0.73657612176612,0,0,0.0975333762749847,0.080934831743738,-0.0165985445312467,0.014635260441858,-0.0452831279016521,0.0120860388391586,-0.0198637521977128,0.00326520766646608
1836,0.037171418312937,0,0,0.108294241502502,0.0692204794597796,-0.0390737620427225,0.00900134477416562,-0.0567160736125149,-0.02143145047293,-0.0377532678051595,-0.00132049423756296
1837,-0.0504493247717619,0,0,0.107025181447654,0.0704638229846957,-0.036561358462958,0.00902012922432793,-0.054240486878538,-0.0188822300473781,-0.0356591725542839,-0.00090218590867415
1838,-0.873287688475102,0,0,0.0957341627397301,0.0831841150798255,-0.0125500476599047,0.0164366396273231,-0.0447652693563218,0.0196651740365124,-0.0168378569932798,0.00428780933337512
1839,0.5462032915093,0,0,0.115930906843697,0.062390786740768,-0.0535401201029291,0.0123214774310381,-0.0776897721040869,-0.0293904681017712,-0.0502876768024627,-0.00325244330046639
1840,0.316293683834374,0,0,0.112425388529715,0.0653939406362157,-0.0470314478934992,0.0102144937665835,-0.0670514877963117,-0.0270114079906868,-0.0445470203008318,-0.00248442759266743
1841,-0.319628306664526,0,0,0.103208092492622,0.0744136245305694,-0.0287944679620523,0.0102681601839844,-0.04891969211015,-0.00866924381395468,-0.0293374305570867,0.000542962595034356
1842,-0.885784959886223,0,0,0.0955711792947205,0.0833925413781523,-0.0121786379165682,0.0166076382946413,-0.0447290108423333,0.0203717350091968,-0.0165631647303215,0.00438452681375327
1843,-0.884456914849579,1,0,0.0955884872328027,0.0833703700592471,-0.0122181171735556,0.0165894199826362,-0.0447327828639317,0.0202965485168205,-0.0165923402992299,0.00437422312567428
1844,-0.322119798511267,0,0,0.103173331177625,0.0744511175216201,-0.0287222136560051,0.0102869993922097,-0.0488843619737216,-0.00856006533828866,-0.0292796880387051,0.000557474382699964
1845,0.775329380761832,1,0,0.119518578491185,0.0595263477008938,-0.0599922307902907,0.0150189933011235,-0.0894289167445411,-0.0305555448360402,-0.0561435292668728,-0.0038487015234179
1846,0.759930585045367,0,0,0.119274485812681,0.05971493253132,-0.0595595532813612,0.014824250562795,-0.0886145504822371,-0.0305045560804853,-0.0557456729286834,-0.0038138803526778
1847,-0.980778032913804,1,0,0.0943404182709171,0.0849923867472482,-0.00934803152366884,0.017938382764451,-0.0445066156828869,0.0258105526355492,-0.0144855327460866,0.00513750122241776
1848,-0.736568142659962,1,1,0.0975334821600931,0.0809347020985753,-0.0165987800615178,0.0146351593029028,-0.0452831652032136,0.012085605080178,-0.01986392993316,0.00326514987164222
1849,0.164629087783396,1,0,0.110163876236587,0.0674480758734414,-0.0427158003631456,0.0093302882458226,-0.0610028292903353,-0.0244287714359559,-0.0408320936698686,-0.00188370669327704
1850,0.934429877903312,0,0,0.122065900920894,0.0576102958321244,-0.06445560508877,0.0171199853654941,-0.0980101598209911,-0.0309010503565488,-0.060291130000338,-0.00416447508843199
1851,0.46352144703269,0,0,0.114659420296638,0.0634556829139473,-0.0512037373826907,0.0114781218505952,-0.0737004428200195,-0.0287070319453618,-0.0482078093515298,-0.0029959280311609
1852,-0.453008691314608,0,0,0.101361685648945,0.0764453711166232,-0.0249163145323214,0.0114237861977801,-0.0473065240470563,-0.00252610501758661,-0.0262656695446981,0.00134935501237666
1853,0.628641669172794,0,0,0.117210828370105,0.0613456530947318,-0.055865175275373,0.0132380785027283,-0.0818113323652345,-0.0299190181855115,-0.0523788617809447,-0.0034863134944283
1854,-0.787250035442412,1,0,0.0968629832707309,0.0817620147186839,-0.015100968552047,0.0152874222165377,-0.0450637655129184,0.0148618284088245,-0.0187376604945506,0.00363669194250363
1855,0.94040492689237,1,0,0.122162470785987,0.0575394781058465,-0.0646229926801408,0.0172017525305632,-0.0983378081110155,-0.0309081772492662,-0.0604482169223728,-0.00417477575776802
1856,-0.258104063570499,1,0,0.104069772415739,0.0734932746574784,-0.0305764977582604,0.00984067826260132,-0.0498638727364052,-0.0112891227801156,-0.0307677438702253,0.000191246111964909
1857,-0.583146485500038,0,0,0.0995884728032558,0.0784766472397909,-0.0211118255634649,0.0127926731204109,-0.0461850041454638,0.00396135301853402,-0.0233062311335188,0.0021944055700539
1858,0.38231995375827,0,0,0.113422531029699,0.0645179845976902,-0.0489045464320091,0.0107387806568732,-0.0699521697573558,-0.0278569231066623,-0.0461820345354525,-0.00272251189655656
1859,0.69499780330807,1,0,0.118249945491283,0.0605163159812549,-0.0577336295100277,0.0140222857824483,-0.0852168046245544,-0.030250454395501,-0.0540748823068684,-0.00365874720315929
1860,-0.587995461188257,1,0,0.0995229384492848,0.0785532794427141,-0.0209696590065706,0.012847466994923,-0.0461502316091868,0.00421091359604551,-0.0231966691411827,0.00222701013461205
1861,0.935932996217161,1,0,0.122090188412543,0.0575924728102934,-0.0644977156022499,0.0171405372225166,-0.0980925512340507,-0.0309028799704491,-0.0603306386271056,-0.00416707697514427
1862,-0.867051858454943,0,0,0.0958155803628395,0.0830802927320653,-0.0127352876307742,0.0163516872177824,-0.0447840056640916,0.0193134304025432,-0.0169750406868043,0.00423975305603011
1863,-0.387058644555509,1,0,0.102270951932431,0.0754344897461696,-0.0268364621862616,0.0108165805155713,-0.048036570432659,-0.00563635393986419,-0.0277795686812193,0.00094310649495772
1864,-0.163879618048668,1,0,0.105401761351767,0.0721040596853613,-0.0332977016664057,0.00934049148119487,-0.0516047285674508,-0.0149906747653605,-0.0329749385003408,-0.000322763166064867
1865,0.0360841304063797,0,0,0.108278413007212,0.0692357829689722,-0.0390426300382403,0.00900033426711293,-0.0566829610506033,-0.0214022990258773,-0.0377271708227734,-0.00131545921546689
1866,-0.221589998807758,1,0,0.104584173077156,0.0729520222900254,-0.0316321507871305,0.00962344443197447,-0.0504937552810229,-0.012770546293238,-0.0316206746098631,-1.14761772673708e-05
1867,0.263185714837164,0,0,0.111628904535063,0.0661065255620301,-0.0455223789730334,0.00985032138829045,-0.0648286541302272,-0.0262161038158395,-0.0432397514431395,-0.00228262752989385
1868,-0.379781832918525,0,0,0.102371720302008,0.0753237059305795,-0.0270480143714284,0.0107536918845107,-0.0481248631659102,-0.00597116557694673,-0.0279471990684952,0.000899184697066763
1869,0.70361642818898,1,0,0.118385494350156,0.0604093708506055,-0.0579761234995508,0.0141268605238346,-0.0856642613408873,-0.0302879856582144,-0.0542960118681275,-0.00368011163142334
1870,0.482825220096856,1,0,0.114955184322917,0.0632055548934614,-0.0517496294294557,0.0116674521196732,-0.0746174153753607,-0.0288818434835507,-0.0486918401610489,-0.0030577892684068
1871,-0.343621577136219,1,0,0.102873768511617,0.0747754076065096,-0.0280983609051076,0.010454258237594,-0.048588330535873,-0.0076083912743422,-0.0287819435465108,0.00068358264140321
1872,-0.391883300151676,0,0,0.102204189173501,0.0755080238664269,-0.0266961653070745,0.010858746691382,-0.0479789177394267,-0.00541341287472218,-0.027668491557152,0.000972326250077545
1873,-0.122880837880075,0,0,0.10598601582255,0.0715071802724868,-0.0344788355500627,0.00918735159158129,-0.0524857137828688,-0.0164719573172567,-0.0339416935994894,-0.000537141950573333
1874,0.276153061073273,0,0,0.111822925180938,0.0659318711014925,-0.0458910540794459,0.00993416842503072,-0.0653616664088611,-0.0264204417500307,-0.0435583043062832,-0.00233274977316267
1875,-0.108608093578368,1,0,0.106190078974545,0.0713004632843877,-0.0348896156901572,0.00914379222296988,-0.0528111191292957,-0.0169681122510188,-0.0342791591502693,-0.000610456539887949
1876,0.360974964220077,0,0,0.113099333759137,0.064799962260976,-0.048299371498161,0.0105611824970133,-0.0689989088264618,-0.0275998341698602,-0.045652277990319,-0.00264709350784197
1877,0.850469778291881,1,0,0.1207158604269,0.0586141020196788,-0.0621017584072216,0.0159920651853889,-0.0934456302090007,-0.0307578866054425,-0.058093939983197,-0.00400781842402459
1878,0.884803881403059,0,0,0.121266373734628,0.0582016448703727,-0.063064728864255,0.0164484259242084,-0.0953030512780783,-0.0308264064504317,-0.0589901573322701,-0.00407457153198491
1879,-0.851171621121466,0,0,0.096023199041073,0.0828164295050725,-0.0132067695360006,0.0161364817845695,-0.0448336926709434,0.0184201535989423,-0.0173247529038605,0.00411798336785994
1880,-0.0862828809767962,1,0,0.106509965811308,0.0709782258759419,-0.0355317399353657,0.00908600737903117,-0.0533399871615319,-0.0177234927091994,-0.0348079671256473,-0.000723772809718394
1881,-0.958134916145355,1,0,0.0946324946456731,0.0846085291553709,-0.0100239654903022,0.0176163788769212,-0.0445514336270798,0.0245035026464755,-0.0149791203321423,0.00495515484184012
1882,-0.557300611399114,0,0,0.0999384300201471,0.0780693371339226,-0.0218690928862245,0.0125048709003372,-0.0463781894822084,0.00264000370975934,-0.0238910679249868,0.00202197503876228
1883,-0.0983164198696613,1,0,0.106337437922631,0.0711517479755977,-0.0351856899470334,0.0091155746476332,-0.0530518879547808,-0.0173194919392859,-0.034522789625705,-0.000662900321328375
1884,0.864831430371851,0,0,0.120945872500086,0.0584412424088201,-0.0625046300912657,0.0161821049774979,-0.0942209730412079,-0.0307882871413235,-0.0584684358782723,-0.00403619421299341
1885,0.523312262259424,1,0,0.115577665855276,0.0626839291750097,-0.0528937366802661,0.012079774167604,-0.0765696589901471,-0.029217814370385,-0.0497101063132697,-0.00318363036699638
1886,0.383212470915169,0,0,0.113436062693945,0.0645062189306824,-0.0489298437632626,0.0107463675678407,-0.0699923371608596,-0.0278673503656655,-0.0462042105385617,-0.00272563322470089
1887,-0.867657467722893,1,0,0.0958076705598944,0.0830903705476333,-0.0127173000122611,0.0163599266587176,-0.0447821670530643,0.0193475670285422,-0.016961714248191,0.00424441423592994
1888,-0.28123426111415,0,0,0.103745078230067,0.0738380467263078,-0.0299070315037596,0.00999266342806812,-0.0494922919324037,-0.0103217710751156,-0.0302290116905041,0.000321980186744467
1889,0.0397353828884661,1,0,0.10833157517715,0.069184404215428,-0.039147170961722,0.00900385087817851,-0.0567943944051212,-0.0214999475183228,-0.0378148189692599,-0.00133235199246211
1890,-0.967156068887562,1,0,0.0945160327607503,0.0847612713939708,-0.00975476136677945,0.0177443182509395,-0.0445329860688377,0.0250234633352788,-0.0147823490044111,0.00502758763763165
1891,-0.10040914779529,0,0,0.106307459097416,0.0711819648031242,-0.0351254942942923,0.00912109444711041,-0.053002510910217,-0.0172484776783676,-0.0344732294063351,-0.000652264887957194
1892,0.74084719736129,0,0,0.118972585283869,0.0599494178965204,-0.059023167387349,0.0145852641638278,-0.0876097598534542,-0.0304365749212439,-0.0552534865286347,-0.00376968085871432
1893,-0.159844982437789,0,0,0.105459130775779,0.0720451183252618,-0.0334140124505172,0.00932361101796126,-0.0516879542515821,-0.0151400706494523,-0.0330699034775825,-0.000344108972934659
1894,-0.817672040313482,0,0,0.0964624926850246,0.0822623053717293,-0.0142001873132953,0.0156879936421607,-0.0449480898416237,0.0165477152150331,-0.0180641705098175,0.00386398319652221
1895,0.254300690256059,0,0,0.111496134583015,0.0662264441919843,-0.045269690391031,0.00979483717511024,-0.0644672184886811,-0.0260721622933808,-0.0430217228198853,-0.00224796757114566
1896,-0.721094886772335,0,0,0.0977390098319337,0.0806836473994983,-0.0170553624324354,0.0144399819814565,-0.0453572070534974,0.0112464821886266,-0.0202088488709869,0.00315348643855152
1897,0.991464348044246,1,0,0.122990387636203,0.0569376351027853,-0.0660527525334173,0.0179080802850144,-0.101151944924297,-0.0309535601425373,-0.0617945366085453,-0.00425821592487197
1898,-0.000242123380303383,0,0,0.107750750776366,0.0697488761226772,-0.038001874653689,0.00898451852822192,-0.0556112073874368,-0.0203925419199412,-0.0368568834851273,-0.00114499116856168
1899,0.360647097695619,0,0,0.113094375607285,0.0648043024685188,-0.0482900731387663,0.0105585130485973,-0.0689843784443133,-0.0275957678332193,-0.0456441496198464,-0.00264592351891991
1900,-0.677537837065756,0,0,0.0983196429040846,0.0799807415848971,-0.0183389013191875,0.0139011628946827,-0.0455846799359901,0.00890687729761517,-0.0211824901727182,0.00284358885353073
1901,-0.148745054379106,0,0,0.10561710538848,0.0718831904611029,-0.033733914927377,0.00927918910109852,-0.0519207913712667,-0.0155470384834873,-0.0333313609256939,-0.000402554001683111
1902,-0.390648343600333,1,0,0.102221274612428,0.0754891952324031,-0.0267320793800253,0.0108479181006088,-0.0479936081644587,-0.00547055059559196,-0.0276969188083019,0.000964839428276576
1903,0.24624334461987,0,0,0.111375852154751,0.0663353665891885,-0.0450404855655623,0.00974592920088944,-0.0641421557951828,-0.0259388153359417,-0.0428241722075124,-0.00221631335804987
1904,-0.601127669215202,1,0,0.0993456480284117,0.078761161961306,-0.0205844860671058,0.0129970919948255,-0.0460583182807177,0.00488934614650615,-0.0229002016731549,0.00231571560604915
1905,-0.602650506421924,0,0,0.0993251072662578,0.0787853009628423,-0.0205398063034155,0.0130145575075122,-0.0460478702928648,0.00496825768603384,-0.0228658466053012,0.00232604030188572
1906,0.687619843054563,1,0,0.118134015885273,0.0606080068873012,-0.0575260089979718,0.0139332415979655,-0.0848346607178795,-0.030217357278064,-0.0538857390787023,-0.00364026991926947
1907,0.47163786413148,1,0,0.114783695725083,0.0633504024665201,-0.0514332932585631,0.0115571337064294,-0.0740848590876786,-0.0287817274294475,-0.0484112086149328,-0.00302208464363026
1908,-0.425970696378499,1,0,0.101733593166023,0.076029438880978,-0.025704154285045,0.0111669956741276,-0.0475910636218496,-0.00381724494824036,-0.0268851724095734,0.0011810181245284
1909,0.554902974516153,1,0,0.116065401075783,0.0622797145760808,-0.0537856864997022,0.0124148762105466,-0.0781183967448967,-0.0294529762545077,-0.0505075330602589,-0.0032781534394433
1910,0.996327374130487,1,0,0.123069491589516,0.0568806235771637,-0.066188868012352,0.0179760424076268,-0.101421263715865,-0.0309564723088387,-0.0619231326217123,-0.00426573539063969
1911,-0.19128267141059,1,0,0.105012839051218,0.0725055647637429,-0.0325072742874752,0.00946531386653853,-0.0510589485682583,-0.0139556000066921,-0.0323309314419047,-0.000176342845570526
1912,-0.608066002838314,0,0,0.0992520910501284,0.0788711986249899,-0.0203808924251385,0.0130768586619764,-0.0460110644335329,0.0052492795832559,-0.0227437136863325,0.00236282126119401
1913,0.950657883659005,0,0,0.122328334253288,0.0574181480206128,-0.0649101862326748,0.0173425036472558,-0.0989008687830506,-0.0309195036822989,-0.0607179969849822,-0.00419218924769256
1914,-0.850571319460869,0,0,0.0960310552839896,0.082806469967548,-0.0132245853164416,0.0161283789525073,-0.0448356271923697,0.0183864565594866,-0.0173379827736121,0.00411339745717054
1915,-0.553296028170735,1,0,0.0999927504236389,0.0780064015299379,-0.021986348893701,0.0124609358567031,-0.0464093343865029,0.00243663659910084,-0.0239818117852688,0.00199546289156778
1916,0.603201468475163,0,0,0.116814547043169,0.0616664199231218,-0.055148127120047,0.0129479523815084,-0.0805256474613432,-0.0297706067787509,-0.0517316591150519,-0.00341646800499514
1917,-0.806089752819389,1,0,0.0966147930888474,0.082071506666131,-0.0145432864227164,0.0155347170295878,-0.0449907723107296,0.0159041994652967,-0.0183203568447373,0.00377707042202085
1918,-0.242477257270366,1,0,0.104289644524821,0.073261185532819,-0.0310284589920019,0.00974423238402799,-0.0501268035216856,-0.0119301144623181,-0.0311323987633392,0.000103939771337335
1919,-0.80243311310187,1,0,0.0966629203755855,0.082011353419468,-0.0146515669561175,0.0154865214057468,-0.0450045911571898,0.0157014572449548,-0.0184012948087509,0.00374972785263343
1920,0.356156127993017,1,0,0.113026480137922,0.0648637799396274,-0.0481627001982944,0.0105221297013393,-0.0687856954535786,-0.0275397049430102,-0.0455328378171002,-0.00262986238119421
1921,-0.909326824825257,0,0,0.0952648314541205,0.0837864563803709,-0.0114783750737496,0.0169324084478935,-0.0446652858031426,0.0217085356556434,-0.0160465726340407,0.00456819756029114
1922,-0.834780335891992,1,0,0.0962379207939544,0.0825448745626455,-0.013693046231309,0.0159160919844375,-0.0448880132954331,0.0175019208328152,-0.0176862607460706,0.00399321451476163
1923,-0.0608041379600763,1,1,0.1068760747888,0.0706121148537122,-0.0362639599350881,0.00903573109339169,-0.0539736674521246,-0.0185542524180517,-0.0354128914231297,-0.000851068511958444
1924,0.961571509484202,1,0,0.122505098361328,0.0572892637990391,-0.0652158345622885,0.0174929300725147,-0.099501347488495,-0.0309303216360821,-0.0610054734281929,-0.00421036113409565
1925,-0.454592272173613,1,0,0.101339940935416,0.0764697963246601,-0.0248701446107556,0.0114391482225487,-0.0472904631407665,-0.00244982608074475,-0.0262294358695064,0.00135929125875079
1926,0.390553210861981,1,0,0.113547410807276,0.0644095248941316,-0.0491378859131442,0.0108092475299309,-0.0703236217717873,-0.0279521500545011,-0.0463866785393938,-0.00275120737375039
1927,0.637649937998503,1,0,0.117351429193832,0.0612324452282321,-0.0561189839655998,0.0133422663826906,-0.0822693455478129,-0.0299686223833868,-0.0526084354661394,-0.00351054849946043
1928,0.477007961366326,0,1,0.114865984998151,0.0632808348926614,-0.0515851501054894,0.0116098860584421,-0.0743401086446496,-0.0288301915663293,-0.0485458762908706,-0.00303927381461885
1929,-0.843804471660405,1,0,0.0961196538369258,0.0826942773010601,-0.0134253765358657,0.0160372051571212,-0.0448577210565033,0.018006967984772,-0.0174871663667586,0.00406178983089294
1930,-0.283794423099607,1,0,0.103709194622249,0.0738762991272163,-0.0298328954950327,0.0100101466067326,-0.0494524223241945,-0.010213368665871,-0.0301694565820521,0.000336561087019367
1931,-0.845769710838795,0,0,0.0960939153738697,0.0827268462233278,-0.0133670691505418,0.0160636527525373,-0.0448512500056727,0.018117111704589,-0.0174438305542214,0.00407676140367956
1932,0.22495395783335,1,0,0.111058583932704,0.0666239662023218,-0.0444346177303823,0.00962329036989106,-0.0632959202681399,-0.0255733151926247,-0.0423029634219456,-0.00213165430843666
1933,0.90501191932708,1,0,0.121591400315029,0.0579601593305903,-0.0636312409844385,0.0167202322480267,-0.096402294003716,-0.0308601879651611,-0.0595191221392198,-0.00411211884521871
1934,0.43640895979479,0,0,0.114245133233763,0.0638085505381939,-0.0504365826955693,0.0112206506540839,-0.0724286538606795,-0.0284445115304592,-0.0475295727711947,-0.00290700992437463
1935,-0.17287373309955,1,0,0.105273971022643,0.0722356134109177,-0.0330383576117258,0.00937951632530556,-0.0514218718017302,-0.0146548434217214,-0.0327633749648229,-0.000274982646902899
1936,-0.506155577953905,1,0,0.100634165025138,0.077269031270038,-0.0233651337550997,0.0119577449925109,-0.0468018832767353,7.16157665358319e-05,-0.0250526220574157,0.00168748830231596
1937,0.681821477599442,0,0,0.118042975478814,0.0606801582865548,-0.0573628171922591,0.0138635746623882,-0.084534924227522,-0.0301907101569963,-0.0537371905777067,-0.00362562661455241
1938,-0.522765557747334,1,0,0.100407746153523,0.077528112777989,-0.0228796333755338,0.0121320284275353,-0.0466579721529191,0.000898705401851555,-0.0246747715480207,0.00179513817248692
1939,0.0781367998570204,1,0,0.108892089117597,0.0686461708979992,-0.0402459182195974,0.0090619689066993,-0.0580070509057499,-0.022484785533445,-0.0387385666260525,-0.00150735159354493
1940,-0.0983438678085804,0,0,0.106337044676179,0.0711521442187892,-0.0351849004573902,0.00911564632231604,-0.0530512389449347,-0.0173185619698458,-0.0345221395345683,-0.000662760922821928
1941,-0.845763465389609,0,0,0.0960939971598885,0.0827267427021514,-0.0133672544577371,0.0160635686625576,-0.0448512704995361,0.018116761584062,-0.0174439682611134,0.00407671380337633
1942,-0.927512092050165,1,1,0.0950287902249531,0.0840918984702262,-0.0109368917547269,0.0171855973593734,-0.0446200436319053,0.0227462601224516,-0.0156482919971765,0.00471140024244964
1943,0.47118516638875,0,0,0.114776761107066,0.0633562702519699,-0.0514204908550961,0.0115527039019717,-0.074063374427016,-0.0287776072831762,-0.0483998595092538,-0.0030206313458423
1944,0.268296769820154,1,0,0.111705342237835,0.0660376345649894,-0.045667707672846,0.00988296630993216,-0.0650379657007358,-0.0262974496449563,-0.0433652590187043,-0.00230244865414173
1945,0.936177988536656,1,0,0.122094147410001,0.05758956833775,-0.064504579072251,0.0171438881041108,-0.0981059823112929,-0.0309031758332091,-0.0603370786919877,-0.0041675003802633
1946,0.315058245323598,0,1,0.112406803850204,0.065410435881875,-0.0469963679683287,0.0102054129645711,-0.0669986098262462,-0.0269941261104111,-0.044516530371714,-0.00247983759661465
1947,0.64599819527939,0,0,0.117481859107522,0.0611277061737638,-0.0563541529337586,0.0134394800117373,-0.0826950497277097,-0.0300132561398075,-0.0528213769456225,-0.0035327759881361
1948,0.0687782457098365,0,0,0.10875525583342,0.0687769816273194,-0.0399782742061007,0.00904426694371217,-0.0577047116823427,-0.0222518367298587,-0.0385131219474272,-0.00146515225867352
1949,0.0733553529717028,0,0,0.108822159759085,0.0687129755392109,-0.040109184219874,0.00905264151522541,-0.057852035554668,-0.0223663328850801,-0.038623356891751,-0.00148582732812304
1950,0.327051268424839,1,0,0.112587328123459,0.0652504716627246,-0.0473368564607342,0.0102947404110616,-0.067514176896604,-0.0271595360248645,-0.0448126714644266,-0.00252418499630763
1951,0.299694580025971,0,0,0.112175912582371,0.0656158909596194,-0.0465600216227514,0.010094852478595,-0.0663455689100424,-0.0267744743354604,-0.0441376796043335,-0.0024223420184179
1952,0.736544942948967,1,0,0.11890461468445,0.0600024004032092,-0.0589022142812409,0.0145317545655646,-0.0873839298619229,-0.0304204987005589,-0.0551426580738206,-0.00375955620742031
1953,-0.427627422846854,0,0,0.101710770142637,0.0760548648772919,-0.0256559052653452,0.0111824255682798,-0.0475730566389734,-0.00373875389171698,-0.0268471666946254,0.00119126142928022
1954,0.169518787879497,1,0,0.110236161920704,0.0673809260635432,-0.0428552358571607,0.00935091991567373,-0.0611827021141995,-0.0245277696001218,-0.0409509870850176,-0.00190424877214306
1955,-0.801681896671653,0,0,0.0966728102480351,0.0819990005686859,-0.0146738096793491,0.0154766318447433,-0.0450074506970317,0.0156598313383334,-0.0184179260420217,0.00374411636267256
1956,0.17190316086635,0,0,0.110271425785011,0.0673482041853681,-0.0429232215996429,0.00936118502726552,-0.061270807105699,-0.0245756360935869,-0.0410089843209103,-0.00191423727873263
1957,-0.0187290855683386,1,0,0.10748308474786,0.0700113452389707,-0.0374717395088895,0.00898988157836146,-0.0550915836277581,-0.019851895390021,-0.0364151799311545,-0.00105655957773502
1958,-0.385596947278827,0,0,0.102291186275247,0.075412224534525,-0.0268789617407221,0.0108038793301253,-0.0480541761210845,-0.00570374736035971,-0.0278132312541943,0.000934269513472211
1959,-0.912386090029031,1,0,0.0952250861196718,0.0838377695764379,-0.0113873165432339,0.0169748622096619,-0.0446574351167012,0.0218828020302334,-0.015979524008808,0.0045922074655741
1960,-0.00334978569298983,1,0,0.107705715116789,0.0697929335057667,-0.0379127816110225,0.00898478712091022,-0.0555226407767658,-0.0203029224452792,-0.036782576615971,-0.0011302049950515
1961,0.529826963786036,0,0,0.115678101562416,0.0626003713443761,-0.0530777302180404,0.0121479530085508,-0.0768872806006849,-0.0292681798353959,-0.0498743442666291,-0.00320338595141128
1962,-0.182000685483217,0,0,0.105144433079716,0.0723693363295147,-0.0327750967502012,0.00942106720054045,-0.051240049159192,-0.0143101443412103,-0.0325488769012056,-0.000226219848995568
1963,0.518177976831794,1,0,0.115498565138361,0.0627498550504997,-0.052748710087861,0.0120263904927381,-0.0763200023176426,-0.0291774178580794,-0.0495807455386547,-0.00316796454920629
1964,0.422694146167487,0,0,0.114036063690198,0.0639877437812975,-0.0500483199089006,0.0110943395819815,-0.0717928259218415,-0.0283038138959597,-0.0471871945784903,-0.00286112533041034
1965,-0.967135509476066,0,0,0.094516298034025,0.0847609230066537,-0.00975537502737134,0.0177440261462175,-0.0445330272146946,0.025022277159952,-0.0147827972652147,0.00502742223784336
1966,0.981137630529702,0,0,0.122822554033263,0.0570588781453647,-0.0657636758878986,0.0177641523819591,-0.10058077477242,-0.0309465770033774,-0.061521674128343,-0.00424200175955558
1967,-0.900746167171746,1,0,0.0953763887721413,0.0836426848394522,-0.0117337039326891,0.0168136384388246,-0.0446878297218636,0.0212204218564854,-0.0162347324671839,0.00450102853449481
1968,0.943765269592404,0,0,0.122216810165846,0.0574996864301135,-0.0647171237357325,0.0172478216015408,-0.0985222328865243,-0.0309120145849406,-0.0605366043401439,-0.00418051939558856
1969,-0.731808611191809,1,1,0.0975966608297548,0.0808574025872685,-0.0167392582424862,0.0145749197442998,-0.0453055760188755,0.0118270595339031,-0.0199699727218746,0.00323071447938838
1970,0.80385363008827,1,0,0.119971868744079,0.0591784920658803,-0.0607933766781988,0.0153840419909462,-0.0909455449171052,-0.0306412084392925,-0.056882163584504,-0.00391121309369483
1971,0.282559690065682,0,0,0.111918891499794,0.0658457399320587,-0.0460731515677356,0.00997682929551401,-0.0656273776668472,-0.026518925468624,-0.043715841001281,-0.00235731056645461
1972,0.712705404497683,0,0,0.118528586335134,0.0602967809141715,-0.0582318054209622,0.0142377818911604,-0.0861373451473732,-0.0303262656945511,-0.0545294200880239,-0.00370238533293828
1973,0.881004118360579,0,0,0.121205341967045,0.058247157253099,-0.0629581847139465,0.0163975787156518,-0.0950968484302846,-0.0308195209976083,-0.0588908173566563,-0.00406736735729016
1974,0.0640540216118097,1,0,0.108686239365539,0.0688431028968648,-0.0398431364686739,0.00903619332349362,-0.0575537499400627,-0.0221325229972851,-0.038399396322804,-0.00144374014586988
1975,0.88463285472244,0,1,0.121263626136024,0.0582036926576324,-0.0630599334783917,0.0164461355049624,-0.0952937667529835,-0.0308261002037999,-0.0589856852246032,-0.0040742482537885
1976,-0.17577536823228,1,0,0.105232773138729,0.0722781017963856,-0.0329546713423431,0.00939251431616604,-0.0513636611263054,-0.0145456815583808,-0.0326951611189447,-0.000259510223398401
1977,0.817132545169443,0,0,0.120183395345593,0.0590172051682053,-0.0611661901773879,0.0155558305795995,-0.0916550578630097,-0.0306773224917662,-0.0572267568778214,-0.00393943329956652
1978,0.930922598578036,0,0,0.122009246230942,0.057651903062097,-0.0643573431688449,0.0170720781760257,-0.0978180015351076,-0.0308966848025823,-0.06019896684499,-0.00415837632385495
1979,-0.461273464374244,0,0,0.101248244663507,0.0765729260975875,-0.0246753185659193,0.0115043438171164,-0.0472234181132336,-0.00212721901860504,-0.0260766250875092,0.00140130652158989
1980,-0.0487946537323296,1,0,0.107049025246562,0.0704401530338175,-0.0366088722127444,0.00901789640629812,-0.0542836243854019,-0.0189341200400869,-0.0356985508948637,-0.00091032131788072
1981,-0.21412637270987,1,0,0.104689594740469,0.0728418410436749,-0.0318477536967943,0.00958259216414864,-0.0506292892170614,-0.0130662181765272,-0.0317953909643299,-5.23627324644088e-05
1982,-0.0282017043791711,0,0,0.107346160864252,0.0701461866107982,-0.0371999742534535,0.00899613439819977,-0.0548320736740069,-0.0195678748329,-0.0361891656097402,-0.00101080864371327
1983,0.869429127313197,1,0,0.12101958771606,0.0583860047529094,-0.0626335829631509,0.0162432047400596,-0.0944696792471781,-0.0307974866791238,-0.058588442479578,-0.00404514048357294
1984,-0.738258810248226,0,0,0.0975110487896796,0.0809621764339573,-0.0165488723557223,0.0146566005280526,-0.0452752815264961,0.0121775368150514,-0.0198262731028793,0.00327740074715697
1985,-0.999242988415062,0,0,0.0941028345798364,0.0853065827034113,-0.00879625187642512,0.0182031003940779,-0.0444736730557846,0.0268811693029344,-0.0140837819205803,0.00528753004415518
1986,-0.864317338913679,0,0,0.0958513029230239,0.083034802011109,-0.0128165009119149,0.01631451292966,-0.0447923586793615,0.0191593568555316,-0.0170352231417364,0.00421872222982147
1987,-0.354795504361391,1,1,0.102718397670615,0.0749444451498882,-0.0277739525207263,0.0105444102433131,-0.0484406168358351,-0.00710728820561743,-0.0285236867906557,0.000749734269929414
1988,-0.968118268996477,0,0,0.0945036184637947,0.0847775777068659,-0.00972604075692873,0.0177579917193519,-0.0445310649646189,0.0250789834507615,-0.0147613709177477,0.00503533016081897
1989,-0.453445283696055,0,0,0.101355690229977,0.0764521044186257,-0.0249035858113511,0.0114280180104956,-0.0473020895265975,-0.00250508209610475,-0.0262556793906091,0.00135209357925797
1990,0.511832949705422,1,0,0.115400876311224,0.0628314166138625,-0.0525694596973614,0.0119608483846747,-0.0760122917558679,-0.0291266276388548,-0.0494209725053411,-0.00314848719202027
1991,-0.531234896741807,0,0,0.100292470690332,0.0776605231252105,-0.0226319475651219,0.0122221777347017,-0.0465869757377847,0.00132308060754081,-0.0244823380867523,0.00185039052163036
1992,-0.603962199762464,1,0,0.0993074175435248,0.078806098475638,-0.0205013190678869,0.0130296203004084,-0.0460389055889194,0.00503626745314562,-0.0228362589009134,0.00233493983302652
1993,-0.0482968771830201,0,0,0.10705619911813,0.0704330338138688,-0.0366231653042612,0.0090172387652628,-0.0542966285241747,-0.0189497020843477,-0.0357103983816012,-0.000912766922659972
1994,-0.354368828702718,1,0,0.102724326677986,0.0749379840189455,-0.0277863426590407,0.0105409280830857,-0.0484461820655154,-0.00712650325256596,-0.0285335431875546,0.000747200528513896
1995,-0.389421365223825,1,0,0.102238252180943,0.0754704925068987,-0.0267677596740444,0.010837183551899,-0.0480082491296163,-0.00552727021847247,-0.0277251657616488,0.000957406087604421
1996,-0.459496059454978,0,0,0.101272631533443,0.076545477924401,-0.0247271536090421,0.0114869396529486,-0.0472411416214064,-0.00221316559667776,-0.0261172679508056,0.00139011434176352
1997,-0.033828373067081,0,0,0.107264901709107,0.0702263950660319,-0.0370385066430747,0.00900097087067671,-0.0546800853754952,-0.0193969279106543,-0.0360550146626104,-0.000983491980464345
1998,0.475118242669851,0,0,0.114837021834173,0.0633053073552047,-0.051531714478968,0.0115912798872928,-0.0742502055927854,-0.0288132233651506,-0.0484984788577122,-0.0030332356212558
1999,-0.63661947986111,1,0,0.098867898705228,0.07932551587619,-0.019542382829038,0.0134101467709985,-0.0458257875275912,0.00674102186951519,-0.0221007968895216,0.00255841406048359
2000,-0.514772466383874,0,0,0.10051664740066,0.0774033378269756,-0.0231133095736845,0.0120477384023022,-0.046726442937357,0.00049982378998795,-0.0248565268046587,0.00174321723097419
2001,-0.831055436749011,1,0,0.0962867758327699,0.0824832771365121,-0.0138034986962578,0.0158662596154653,-0.0449007961119321,0.0172937987194164,-0.0177684898116685,0.00396499111541066
2002,-0.205281664151698,0,0,0.104814645296705,0.072711470196892,-0.0321031750998134,0.00953578528521417,-0.0507929708231401,-0.0134133793764866,-0.0320026018680786,-0.000100573231734763
2003,0.636347422376275,1,0,0.117331090524417,0.0612488019944484,-0.0560822885299689,0.0133271557620108,-0.0822030338398656,-0.0299615432200723,-0.0525752281318325,-0.00350706039813645
2004,0.284104532562196,1,0,0.111942042807022,0.0658249866169953,-0.0461170561900271,0.00998723687815967,-0.0656916807762902,-0.0265424316037639,-0.0437538432694256,-0.00236321292060145
2005,-0.310500451829284,1,0,0.103335532949979,0.0742764131151076,-0.0290591198348712,0.010200122913989,-0.0490509933841714,-0.00906724628557095,-0.0295490957131187,0.000489975878247506
2006,-0.46167358988896,1,0,0.101242755463212,0.0765791064150026,-0.0246636490482097,0.0115082677826619,-0.0472194394266698,-0.00210785866974973,-0.0260674766098657,0.00140382756165596
2007,-0.52255347231403,0,0,0.100410634340731,0.0775247996721591,-0.022885834668572,0.0121297819415132,-0.0466597704142622,0.000888101077118279,-0.0246795923774144,0.00179375770884243
2008,-0.280620380770415,0,0,0.103753684099159,0.0738288772050559,-0.0299248068941035,0.0099884905869047,-0.049501888704354,-0.0103477250838529,-0.0302432941243443,0.000318487230240815
2009,-0.504759717267007,1,0,0.100653213334408,0.0772472948869866,-0.0234059184474211,0.0119432533724264,-0.0468142649156132,2.42802077113358e-06,-0.0250844029712985,0.00167848452387744
2010,0.943931625690311,1,0,0.122219500814979,0.0574977171869925,-0.064721783627987,0.0172501038386824,-0.0985313658813806,-0.0309122013745935,-0.0605409808136496,-0.00418080281433743
2011,0.427774427458644,1,0,0.114113468942211,0.0639213118952561,-0.0501921570469545,0.0111408119494181,-0.0720277472263474,-0.0283565668675617,-0.0473139640292707,-0.00287819301768384
2012,0.0703572700731456,1,0,0.108778332471635,0.0687548943762723,-0.0400234380953629,0.00904709468180425,-0.057755417836423,-0.0222914583543027,-0.0385511454777234,-0.00147229261763945
2013,0.533949026837945,0,0,0.115741689671765,0.0625475552969319,-0.0531941343748333,0.0121913445348029,-0.0770887305861661,-0.0292995381635004,-0.0499783189953563,-0.00321581537947698
2014,0.744506169576198,0,0,0.119030419218588,0.0599043919159725,-0.0591260273026154,0.0146308806758794,-0.0878020264894422,-0.0304500281157887,-0.0553477820170854,-0.00377824528553002
2015,0.776946930214763,1,0,0.119544243977876,0.0595065704253855,-0.06003767355249,0.0150395461341326,-0.0895146423192186,-0.0305607047857614,-0.0561853580190343,-0.00385231553345571
2016,-0.79322098242119,0,0,0.096784261815268,0.0818599879824965,-0.0149242738327715,0.0153655234598104,-0.0450401464176051,0.015191598752062,-0.0186053233429067,0.00368104951013515
2017,0.123904320877045,1,0,0.109563443638898,0.0680097614297218,-0.0415536822091764,0.00918079082771945,-0.0595477015811022,-0.0235596628372506,-0.0398441152085363,-0.00170956700064007
2018,-0.590091686230153,1,0,0.0994946196518108,0.0785864289347941,-0.0209081907170167,0.0128712309291659,-0.0461353397748799,0.00431895834084644,-0.0231493208169936,0.00224113009997688
2019,0.773912170901895,1,0,0.119496095685889,0.0595436805465651,-0.0599524151393238,0.0150010009331762,-0.089353836700401,-0.0305509935782467,-0.0561068868503271,-0.00384552828899672
2020,0.165614701341838,1,1,0.110178443470446,0.0674345355378324,-0.0427439079326138,0.0093344014736398,-0.0610389986381854,-0.0244488172270422,-0.0408560542708314,-0.0018878536617824
2021,0.393723196815699,0,0,0.113595524237525,0.0643678107965564,-0.0492277134409684,0.0108366634100126,-0.0704671834371761,-0.0279882434447608,-0.0464655162936672,-0.00276219714730123
2022,-0.0240338342264295,1,0,0.107406387270733,0.0700868280196279,-0.0373195592511055,0.00899309094150477,-0.0549456936061483,-0.0196934248960628,-0.0362885839239253,-0.00103097532718022
2023,-0.614493840374053,0,0,0.0991654876025759,0.0789732646281465,-0.0201922229744294,0.0131511885182199,-0.0459680788240371,0.00558363287517825,-0.0225988313069883,0.00240660833255889
2024,-0.263237954117358,0,0,0.103997627067688,0.0735696707453826,-0.030427956322305,0.0098734726498865,-0.0497796071184238,-0.0110763055261862,-0.0306480643384518,0.000220108016146792
2025,0.671642236411572,1,0,0.11788329772356,0.0608070170517201,-0.0570762806718402,0.0137419491272182,-0.0840100060385696,-0.0301425553051109,-0.0534766206003573,-0.00359966007148291
2026,-0.30463053798303,0,0,0.103417560520051,0.0741882985834577,-0.0292292619365928,0.0101571943493347,-0.0491369970452625,-0.00932152682792314,-0.0296853116525293,0.000456049715936463
2027,-0.524819535203278,0,0,0.100379778831475,0.0775602058255339,-0.0228195730059409,0.0121538128197522,-0.0466406084074963,0.00100146239561447,-0.0246280884531795,0.00180851544723856
2028,0.350013503804803,1,0,0.112933672186485,0.0649452138452467,-0.0479884583412379,0.0104729178395043,-0.0685150001197133,-0.0274619165627624,-0.0453806700525256,-0.00260778828871226
2029,0.0967931835912168,0,0,0.109165318782889,0.0683860856324194,-0.0407792331504698,0.00910398515201037,-0.0586227161641975,-0.022935750136742,-0.0391886185463264,-0.00159061460414336
2030,0.504526367411017,0,0,0.11528847227204,0.0629254609186008,-0.0523630113534389,0.0118859712328841,-0.075659086891171,-0.0290669358157069,-0.0492371139051494,-0.00312589744828955
2031,-0.575277260504663,0,0,0.0996949077907644,0.0783524291921655,-0.0213424785985989,0.0127042807084607,-0.0462424112366689,0.00355745403947105,-0.0234841427160222,0.00214166411742329
2032,-0.430865441448987,1,0,0.101666176386237,0.0761045816997204,-0.0255615946865162,0.01121269947053,-0.0475380818182263,-0.00358510755480599,-0.0267729032155056,0.00121130852898944
2033,-0.322125136852264,1,0,0.103173256708172,0.0744511978738114,-0.0287220588343607,0.0102870398801371,-0.0488842865069565,-0.00855983116176483,-0.0292795643329053,0.000557505498544615
2034,-0.754713508766145,0,0,0.0972929526219522,0.0812300193939899,-0.0160629332279623,0.0148664452677096,-0.045200630530809,0.0130747640748843,-0.0194600834276321,0.00339715019966978
2035,0.847654090262949,0,0,0.120670809450565,0.0586480483517294,-0.0620227610988357,0.0159549532524622,-0.0932938948486817,-0.0307516273489896,-0.0580205824451656,-0.00400217865367007
2036,-0.50158876972273,1,0,0.100696496879693,0.0771979376189816,-0.0234985592607118,0.0119104235612063,-0.0468425604812934,-0.000154558040130152,-0.0251566147647503,0.00165805550403854
2037,0.0648265643976629,1,0,0.108697522857744,0.0688322861949897,-0.0398652366627547,0.0090374739120496,-0.0575783600415922,-0.0221521132839171,-0.0384179899992369,-0.00144724666351775
2038,-0.931347163859755,1,0,0.0949790786184426,0.0841564418179603,-0.0108226368004822,0.0172392449375404,-0.0446109359987258,0.0229656623977613,-0.0155643843239975,0.00474174752351527
2039,0.067312790080905,0,0,0.10873384279021,0.0687974861683725,-0.0399363566218374,0.00904170047080141,-0.057657763903607,-0.0222149493400678,-0.0384778385254795,-0.00145851809635787
2040,-0.423466642387211,1,0,0.101768097571827,0.0759910236443992,-0.0257770739274278,0.0111437513116807,-0.0476184251509931,-0.0039357227038626,-0.0269426275154862,0.00116555358805837
2041,-0.759523725137115,0,0,0.0972292786386721,0.081308470609485,-0.0159208080291871,0.0149281831315359,-0.0451795093216158,0.0133378932632417,-0.0193531414777856,0.00343233344859851
2042,-0.710248749703169,0,0,0.0978833066967992,0.0805080917611864,-0.0173752149356128,0.0143043245095323,-0.0454111757974696,0.010660745926244,-0.0204509223149584,0.00307570737934558
2043,-0.697364063933492,0,0,0.0980549711770836,0.0802999931595569,-0.0177549780175267,0.0141444353485561,-0.0454775618823518,0.0099676058472984,-0.0207388148372301,0.00298383681970339
2044,-0.231743591371924,1,0,0.104440906921544,0.0731021605061474,-0.0313387464153968,0.00968098320894649,-0.0503131248398689,-0.0123643679909247,-0.0313831927016479,4.44462862511097e-05
2045,-0.639235423877835,1,0,0.0988327669758557,0.0793672578007839,-0.0194655091750718,0.0134410751414084,-0.0458095323657288,0.00687851401558523,-0.0220419825149627,0.00257647333989092
2046,0.106872803065926,0,0,0.109313188723188,0.0682459476772892,-0.0410672410458987,0.0091303792285688,-0.0589624554990862,-0.0231720265927113,-0.0394321186177197,-0.00163512242817904
2047,-0.432713874615729,1,0,0.101640727674067,0.0761329760748674,-0.0255077515991996,0.0112300503003595,-0.0475182457324775,-0.00349725746592178,-0.0267305200319868,0.00122276843278716
2048,0.168162384536117,0,0,0.1102161057002,0.0673995472094838,-0.0428165584907158,0.00934514010046681,-0.0611326965181118,-0.0245004204633199,-0.040918000227943,-0.00189855826277282
2049,-0.296130780130625,1,0,0.103536440247699,0.0740608773182044,-0.029475562929495,0.0100961944002613,-0.0492637403349221,-0.00968738552406782,-0.0298826926200525,0.000407129690557551
2050,-0.326131710782647,0,1,0.103117378718413,0.0745115269306096,-0.0286058517878029,0.010317574305792,-0.0488279258349711,-0.00838377774063482,-0.0291867377062613,0.000580885918458351
2051,0.911145602352917,1,0,0.121690203002983,0.057887048185341,-0.0638031548176416,0.0168031883380272,-0.0967367987856183,-0.0308695108496649,-0.0596798943874786,-0.00412326043016302
2052,0.538013536017388,0,0,0.115804419682438,0.0624955174113284,-0.0533089022711092,0.0122343197976703,-0.0772877284498883,-0.0293300760923301,-0.0500808845509018,-0.00322801772020739
2053,-0.543627876322716,1,0,0.100124002814371,0.0778546492582922,-0.0222693535560789,0.0123556118609303,-0.0464859078104581,0.00194720069830028,-0.0242010347795936,0.00193168122351468
2054,-0.531819494441152,1,0,0.100284518120121,0.0776696704110102,-0.0226148477091107,0.0122284317017561,-0.0465821334319605,0.00135243801373905,-0.0244690610660063,0.00185421335689557
2055,0.401019874494523,1,0,0.113706339339275,0.0642718888152693,-0.049434450524006,0.0109003624367595,-0.0707987683184879,-0.0280701327295242,-0.0466470809086054,-0.00278736961540062
2056,-0.150414249394089,1,0,0.105593336014374,0.0719075195289551,-0.0336858164854187,0.00928567902358435,-0.0518854129436431,-0.0154862200271943,-0.0332920250866218,-0.000393791398796924
2057,-0.740015289746225,1,0,0.0974877470394975,0.0809907292590036,-0.0164970177804938,0.0146789002014559,-0.0452671335080051,0.0122730979470174,-0.0197871567449349,0.00329013896444107
2058,-0.240180208347738,1,1,0.104321999015445,0.0732271267466134,-0.0310948722688316,0.00973048945733665,-0.0501662811571581,-0.012023463380505,-0.0311860476603481,9.1175391516523e-05
2059,0.688845410943031,1,0,0.118153266366894,0.0605927669296262,-0.057560499437268,0.0139480021414989,-0.0848980812908933,-0.0302229175836426,-0.0539171481859266,-0.0036433512513414
2060,0.081531161442399,1,0,0.108941756089166,0.0685987826289798,-0.040342973460186,0.00906894853145029,-0.058117785959476,-0.0225681609608961,-0.0388203875049434,-0.00152258595524265
2061,-0.693944640923291,1,1,0.0981005736643716,0.0802448490661287,-0.0178557245982429,0.0141022374351586,-0.0454956020725862,0.00978415287610036,-0.0208152762768713,0.00295955167862837
2062,0.808326739352196,1,0,0.120043087242173,0.0591241151963558,-0.0609189720458172,0.0154417817983211,-0.0911843082276527,-0.0306536358639817,-0.0569981902805939,-0.00392078176522333
2063,-0.200216232333332,0,0,0.104886322079383,0.0726369026969759,-0.032249419382407,0.00950977105383997,-0.0508882281491548,-0.0136106106156591,-0.0321213536889557,-0.000128065693451265
2064,0.397102154791355,0,0,0.11364682897416,0.0643233745197949,-0.0493234544543648,0.0108660589468703,-0.0706205386441197,-0.0280263702646098,-0.0465495789401734,-0.00277387551419136
2065,0.203205781523138,1,0,0.110735295428103,0.066919988759637,-0.0438153066684663,0.00950816289139419,-0.0624509634947391,-0.0251796498421934,-0.0417716671761064,-0.00204363949235985
2066,0.815356951672584,1,1,0.120155092373929,0.0590387478002662,-0.0611163445736626,0.015532793430096,-0.0915600602759512,-0.030672628871374,-0.0571806523572445,-0.00393569221641808
2067,0.532055516727269,1,0,0.115712476078322,0.062571811700479,-0.0531406643778429,0.0121713880620451,-0.076996146621312,-0.0292851821343738,-0.0499305517872186,-0.00321011259062433
2068,-0.80918554123491,0,0,0.0965740642403032,0.0821224650777226,-0.0144515991625806,0.0155755940393821,-0.0449792025175862,0.016076004192425,-0.0182518546255156,0.00380025546293499
2069,0.699015292339027,0,0,0.118313113558042,0.0604664425155228,-0.0578466710425197,0.014070958168498,-0.0854252422807456,-0.0302680998042939,-0.0541779355307006,-0.00366873551181913
2070,0.389075494371355,1,0,0.11352498838632,0.064428978884031,-0.0490960095022892,0.0107965211826273,-0.0702568021785624,-0.027935216826016,-0.0463499362430334,-0.00274607325925581
2071,0.155429817736149,0,0,0.110027993646061,0.0675745769061958,-0.0424534167398652,0.00929301141193694,-0.0606673844151814,-0.0242394490645491,-0.0406085697863191,-0.00184484695354615
2072,0.543427853379399,0,0,0.115888027984637,0.062426260704296,-0.053461767280341,0.0122918564603274,-0.0775533632457187,-0.0293701713149634,-0.0502175774307769,-0.00324418984956414
2073,-0.641113341785967,0,0,0.0988075536783876,0.079397235613799,-0.0194103180645886,0.0134633177050453,-0.0457979358788978,0.00697729974972069,-0.0219997701812408,0.00258945211665223
2074,-0.798317284788936,0,1,0.0967171169351198,0.0819436943603451,-0.0147734225747746,0.0154323867695868,-0.0450203448386571,0.0154734996891078,-0.0184924297234225,0.00371900714864786
2075,-0.815128013957292,1,0,0.0964959267756053,0.0822203622401629,-0.0142755645354424,0.0156542466832662,-0.0449573242397497,0.0164061951688649,-0.0181204176310071,0.00384485309556473
2076,-0.101803452242166,1,0,0.106287489488178,0.0712021036945079,-0.0350853857936703,0.00912483396887077,-0.0529697317375647,-0.0172010398497759,-0.0344402149855712,-0.000645170808099109
2077,0.0396260297857225,1,0,0.10832998266492,0.0691859424694227,-0.0391440401954972,0.00900374046185182,-0.0567910472268728,-0.0214970331641216,-0.0378121934926982,-0.00133184670279902
2078,-0.73003507591784,0,0,0.097620212311515,0.0808286158391604,-0.0167915964723545,0.0145525187990667,-0.0453140092028673,0.0117308162581582,-0.0200094993606248,0.00321790288827026
2079,-0.271303412038833,1,0,0.10388437438048,0.0736898383782418,-0.0301945360022385,0.00992608251403092,-0.0496493002373119,-0.0107397717671651,-0.0304601656724692,0.000265629670230704
2080,0.341568124480546,0,0,0.112806180845681,0.0650573311255179,-0.0477488497201635,0.0104063131059434,-0.0681448486196598,-0.0273528508206672,-0.0451716109037146,-0.00257723881644891
2081,-0.118073360528797,1,0,0.106054711620727,0.0714374902426135,-0.0346172213781138,0.00917210834425032,-0.0525942233951437,-0.0166402193610839,-0.0340553090717588,-0.000561912306355009
2082,0.194330448750407,1,0,0.110603599732931,0.0670411446847238,-0.0435624550482069,0.00946421078962259,-0.0621119673379626,-0.0250129427584513,-0.0415551791004745,-0.00200727594773242
2083,0.962642532773316,0,0,0.122522457180394,0.0572766302245701,-0.0652458269558237,0.0175077256910272,-0.0995603387614437,-0.0309313151502037,-0.0610337026993198,-0.00421212425650388
2084,-0.707557659130543,0,0,0.0979191383251008,0.0804645877518016,-0.0174545505732992,0.0142708156725647,-0.0454248353215358,0.0105157341749374,-0.0205110226168494,0.0030564720435502
2085,-0.210551453754306,1,0,0.104740122716886,0.0727891208869061,-0.0319510018299798,0.0095634626424631,-0.0506950441767018,-0.0132069594832579,-0.0318791214544389,-7.1880375540942e-05
2086,-0.222207956016064,0,0,0.104575448805874,0.072961151718683,-0.0316142970871911,0.00962688190820533,-0.0504826389106938,-0.0127459552636884,-0.0316062145202897,-8.08256690142811e-06
2087,0.0758369811810553,1,0,0.108858449011578,0.0686782956174816,-0.040180153394096,0.00905740880993305,-0.0579323484548206,-0.0224279583333715,-0.0386831453004572,-0.00149700809363884
2088,0.642022992484272,1,0,0.11741973642475,0.0611775590285707,-0.0562421773961793,0.0133931112839777,-0.0824921931537126,-0.0299921616386459,-0.0527199576929985,-0.00352221970318077
2089,0.687364339828491,1,0,0.118130002936802,0.0606111845259599,-0.0575188184108418,0.0139301659099334,-0.0848214418929788,-0.0302161949287048,-0.0538791914837051,-0.00363962692713672
2090,-0.472968311514705,1,0,0.101087915514389,0.0767537528956001,-0.0243341626187891,0.0116199308503093,-0.0471088085882412,-0.00155951664933692,-0.0258093785439999,0.00147521592521085
2091,0.147526926826686,1,0,0.109911377212031,0.0676834268600529,-0.0422279503519778,0.00926260702990149,-0.0603823265335323,-0.0240735741704234,-0.0404167089063207,-0.00181124144565713
2092,-0.279769347049296,1,0,0.103765615619423,0.0738161670608446,-0.0299494485585787,0.00998271808370995,-0.0495152164704669,-0.0103836806466905,-0.0302630955358943,0.000313646977315573
2093,-0.422145972028375,0,1,0.101786299819645,0.0759707701292294,-0.0258155296904154,0.0111315294623754,-0.0476329265295177,-0.00399813285131298,-0.0269729356503719,0.00115740595995655
2094,-0.471910641063005,1,0,0.101102406251636,0.0767373830082298,-0.0243650232434058,0.0116094013835607,-0.0471190318372544,-0.00161101464955732,-0.0258335357429487,0.00146851249954286
2095,0.728645048104227,1,0,0.118779893035815,0.0600998022197697,-0.0586800908160457,0.0144338593338267,-0.0869699352682633,-0.0303902463638282,-0.0549392791901397,-0.003740811625906
2096,-0.661563056055456,1,0,0.0985333623178711,0.0797243514065484,-0.0188090109113227,0.0137076534207917,-0.0456755179286316,0.0080574961059862,-0.0215405807329594,0.00273156982163669
2097,0.0352614698931575,0,0,0.108266438249388,0.0692473639452498,-0.039019074304138,0.0089995903875965,-0.05665794733944,-0.021380201268836,-0.0377074272693231,-0.00131164703481492
2098,0.270452114753425,0,0,0.111737589926935,0.0660086030597378,-0.0457289868671976,0.00989689058209321,-0.0651265359670339,-0.0263314377673613,-0.0434182051589368,-0.0023107817082608
2099,-0.966239444445819,1,0,0.0945278603992715,0.0847457400945061,-0.00978212030476547,0.0177312973388841,-0.0445348244881491,0.0249705838786182,-0.014802335166436,0.00502021486167053
2100,-0.600720634218305,1,0,0.0993511389526664,0.0787547110591413,-0.0205964278935251,0.0129924276879485,-0.0460611182336451,0.00486826244659492,-0.0229093851858268,0.00231295729230171
2101,-0.354629545472562,1,0,0.102720703769146,0.0749419319808178,-0.0277787717883283,0.0105430554575101,-0.0484427807720566,-0.00711476280459998,-0.0285275204662915,0.000748748677963186
2102,0.168693937826902,0,0,0.11022396503888,0.0673922493043485,-0.0428317157345315,0.00934739995197909,-0.0611522829895019,-0.024511148479561,-0.040930926730458,-0.00190078900407347
2103,0.437499637715518,0,0,0.11426177392451,0.0637943201890457,-0.0504674537354641,0.0112308111557374,-0.07247943911788,-0.0284554683530481,-0.0475568209396919,-0.00291063279577217
2104,0.680046417750418,0,0,0.118015117333188,0.0607022621299909,-0.0573128552031967,0.0138423031145724,-0.0844432707708453,-0.0301824396355481,-0.0536917328211935,-0.0036211223820032
2105,0.266128052957356,0,0,0.111672902694105,0.0660668581599133,-0.0456060445341915,0.00986904998141474,-0.0649490270593901,-0.0262630620089929,-0.0433119959395304,-0.00229404859466107
2106,0.459144076798111,0,0,0.114592444332724,0.0635125307627212,-0.0510799135700029,0.0114358727799219,-0.0734938123504318,-0.028666014789574,-0.0480981807288571,-0.00298173284114581
2107,-0.539964406285435,0,0,0.100173777148321,0.0777972177152601,-0.0223765594330605,0.0123159817656939,-0.0465154401280726,0.00176232126195151,-0.0242841558346026,0.00190759640154208
2108,-0.519494398031384,0,0,0.100452301136762,0.0774770265758109,-0.0229752745609513,0.0120974393600509,-0.0466858200118083,0.000735270889905652,-0.0247491378298366,0.00177386326888527
2109,-0.878168360795826,1,0,0.0956704817869089,0.0832654572558032,-0.0124050245311057,0.0165033035873287,-0.0447509051882007,0.0199408561259893,-0.0167305410878875,0.00432551655678183
2110,0.791662408970296,0,0,0.119777951760914,0.0593269313380122,-0.0604510204229021,0.0152273481779621,-0.0902960744317595,-0.0306059664140448,-0.0565662085703214,-0.00388481185258074
2111,-0.0874564242549241,0,0,0.106493129581011,0.0709951310061854,-0.0354979985748257,0.00908872745625334,-0.0533115770543826,-0.0176844200952689,-0.0347801409988128,-0.000717857576012948
2112,-0.19100793171674,1,1,0.105016732045314,0.0725015291133517,-0.032515202931962,0.00946397561668027,-0.0510642542912206,-0.0139661515727035,-0.0323373796231793,-0.000177823308782743
2113,-0.79330703895539,0,0,0.0967831276565314,0.0818614008078229,-0.0149217268487084,0.0153666509747158,-0.0450398093221488,0.0151963556247319,-0.0186034165672092,0.00368168971850078
2114,0.0745695964433253,1,0,0.108839914511542,0.0686960048679304,-0.0401439096436115,0.00905495422303228,-0.0578912938024137,-0.0223965254848094,-0.0386526091059303,-0.00149130053768123
2115,-0.592907062266022,0,1,0.0994565968151876,0.0786309711422391,-0.0208256256729485,0.0129032196251676,-0.0461154714228874,0.00446422007699043,-0.0230857435476289,0.00226011787468041
2116,0.339691664092243,1,0,0.112777870885582,0.0650822666590651,-0.0476956042265168,0.0103916822348006,-0.0680629271455106,-0.027328281307523,-0.0451251846157301,-0.00257041961078668
2117,-0.737503813114017,0,0,0.0975210662341964,0.0809499062389147,-0.0165711599952817,0.0146470227920257,-0.0452787971483894,0.012136477157826,-0.0198430886800671,0.00327192868478542
2118,0.900976526085287,0,0,0.121526435031106,0.058008306919533,-0.0635181281115725,0.0166657696210036,-0.0961824363433814,-0.0308538198797636,-0.0594134041493943,-0.00410472396217821
2119,0.561786925885826,1,0,0.116171920736671,0.0621919554084341,-0.0539799653282368,0.0124893657315642,-0.0784586723518515,-0.0295012583046222,-0.0506816402101242,-0.00329832511811264
2120,-0.861951728817075,1,0,0.0958822158173847,0.0829954666432199,-0.0128867491741648,0.0162823927305053,-0.044799652508092,0.0190261541597625,-0.0170872988009948,0.00420054962683002
2121,-0.227324897423387,0,0,0.10450323292366,0.0730367876172847,-0.0314664453063755,0.0096556670385861,-0.0503912049487148,-0.0125416856640363,-0.03148651245299,2.00671466144553e-05
2122,0.133779376279563,0,0,0.109708774103192,0.0678731653907957,-0.0418356087123967,0.00921332675547713,-0.0598933973309311,-0.0237778200938622,-0.0400833151243738,-0.0017522935880229
2123,-0.823013922199607,1,0,0.0963923223050289,0.0823504398903414,-0.0140418824146875,0.0157590000611984,-0.0449289549670008,0.0168451901376258,-0.0179461076035177,0.00390422518883019
2124,-0.944857822265476,1,0,0.0948041339073483,0.0843841815376757,-0.0104199523696726,0.0174289328617246,-0.0445800330676194,0.0237401283282741,-0.0152690203706689,0.00484906800099626
2125,0.0261967773549259,1,0,0.108134568385318,0.0693750906309611,-0.0387594777543567,0.00899257507563098,-0.056384601030866,-0.0211343544778475,-0.0374899843805489,-0.00126949337380784
2126,0.254565721843392,0,0,0.111500092981729,0.0662228642140009,-0.0452772287677282,0.00979646877351154,-0.0644779547394821,-0.0260765027959743,-0.0430282235927962,-0.00224900517493205
2127,0.76935355225578,0,0,0.119423801942305,0.0595994657043221,-0.0598243362379833,0.0149432213443267,-0.0891125118858739,-0.0305361605900927,-0.0559890583091033,-0.00383527792887999
2128,-0.479888898786157,1,0,0.100993144686735,0.0768609439669744,-0.0241322007197607,0.0116891951182748,-0.0470426021598408,-0.00122179927968061,-0.0256513726671543,0.0015191719473936
2129,-0.373376287054271,1,0,0.102460496279801,0.0752263101571789,-0.027234186122622,0.0106990475853207,-0.0482039340587308,-0.00626443818651329,-0.028094856148084,0.000860670025461956
2130,-0.901436329819262,1,1,0.0953674116324164,0.0836542404299329,-0.0117131712024836,0.0168231747005723,-0.0446859877212306,0.0212596453162635,-0.0162195928052119,0.00450642160272835
2131,0.310389894526452,0,0,0.112336602155449,0.0654728014003933,-0.0468638007550562,0.0101713532857165,-0.0667992868690936,-0.0269283146410187,-0.0444013522486919,-0.00246244850636427
2132,-0.47161329491064,1,0,0.101106480409226,0.0767327814678738,-0.0243736989413526,0.0116064438997176,-0.0471219109733838,-0.00162548690932141,-0.0258403275714802,0.00146662863012761
2133,0.869983604177833,1,0,0.121028480302177,0.058379346466387,-0.0626491338357903,0.016250581764522,-0.0944996888220768,-0.0307985788495039,-0.0586029189593143,-0.00404621487647605
2134,0.924692736938596,0,0,0.121908668247551,0.0577258781448385,-0.0641827901027124,0.01698714601695,-0.0974769844960573,-0.0308885957093674,-0.0600353424115848,-0.00414744769112757
2135,-0.657293082680553,0,0,0.0985905584149204,0.0796559469387012,-0.0189346114762192,0.0136563176327639,-0.0457005021978757,0.00783127924543739,-0.0216363878795237,0.00270177640330454
2136,-0.218030266929418,1,0,0.104634441609677,0.0728994528633371,-0.03173498874634,0.00960380658884846,-0.0505581037749714,-0.0129118737177085,-0.0317039886717687,-3.10000745712968e-05
2137,0.771839446853846,0,0,0.119463220298975,0.0595690390146699,-0.0598941812843054,0.0149747115719952,-0.0892440766442911,-0.0305442859243197,-0.056053305466651,-0.00384087581765442
2138,-0.684641845524311,1,0,0.0982247343063376,0.0800950003418819,-0.0181297339644557,0.0139879405990494,-0.0455455937564782,0.00928612582756672,-0.0210234199604119,0.00289368599595617
2139,-0.672492521349341,0,0,0.0983870972548355,0.0798996846307334,-0.018487412624102,0.0138398015022951,-0.0456129251217838,0.00863809987357972,-0.021295527639568,0.00280811501546596
2140,0.280936473514885,0,0,0.111894570172468,0.0658675526715839,-0.0460270175008844,0.00996594407983757,-0.0655599089693062,-0.0264941260324626,-0.0436759171181759,-0.00235110038270848
2141,-0.766348532401025,0,0,0.0971390008396816,0.0814198968788715,-0.01571910396081,0.0150160786187107,-0.045150077242505,0.0137118693208849,-0.0192014932456966,0.00348238928488656
2142,-0.581829995382577,1,0,0.0996062719122044,0.0784558535116543,-0.0211504184005501,0.0127778394950457,-0.0461945236110732,0.00389368680997301,-0.0233359857713138,0.0021855673707637
2143,-0.0743986875750124,1,0,0.106680594428124,0.0708072409953122,-0.0358733534328114,0.00906046240938801,-0.0536315334384909,-0.0181151734271319,-0.0350899366747738,-0.000783416758037579
2144,0.0598823530599475,0,0,0.108625327190444,0.0689015394166826,-0.0397237877737615,0.00902954673059829,-0.0574213741624555,-0.0220262013850674,-0.0382990165846161,-0.00142477118914536
2145,-0.0533954738639295,1,0,0.106982739029032,0.0705059856334392,-0.0364767533955926,0.00902428251929394,-0.0541640221197231,-0.0187894846714621,-0.0355890751336621,-0.000887678261930459
2146,-0.792897845152766,0,0,0.0967885206211338,0.0818546831040389,-0.0149338375170949,0.0153612901818822,-0.0450414130296527,0.0151737379954628,-0.0186124833112322,0.00367864579413728
2147,0.422089488245547,1,0,0.114026853920862,0.0639956548235775,-0.0500311990972841,0.0110888334528476,-0.0717649132954283,-0.0282974848991398,-0.0471721107363257,-0.00285908836095837
2148,-0.316222676541656,0,0,0.103255624637673,0.0743624032995488,-0.0288932213381238,0.01024259409772,-0.0489683368779176,-0.00881810579832999,-0.0294163815769736,0.00052316023884981
2149,-0.10217944579199,1,0,0.106282104971665,0.0712075353266962,-0.0350745696449684,0.00912585084715553,-0.0529609086336776,-0.0171882306562592,-0.0344313129627081,-0.000643256682260313
2150,-0.911298443097621,0,0,0.0952392149013433,0.0838195231544426,-0.0114196917469007,0.0169597622991917,-0.0446602150396766,0.0218208315458752,-0.0160033593369541,0.00458366759005338
2151,-0.411436241585761,0,0,0.101934014207947,0.0758067109228536,-0.0261273032850933,0.0110333858629792,-0.047752342204066,-0.00450226436612058,-0.0272188560529086,0.00109155276781533
2152,-0.420287817250937,0,0,0.101811914878672,0.075942282258112,-0.0258696326205604,0.0111143776451876,-0.0476534125157052,-0.00408585272541568,-0.0270155850610022,0.00114595244044178
2153,-0.525085875764489,0,0,0.100376152797997,0.0775643682424983,-0.0228117845554992,0.012156641315641,-0.0466383637071272,0.00101479459612885,-0.0246220356967056,0.00181025114120641
2154,-0.932883126661181,1,0,0.0949591754342858,0.0841823043216636,-0.0107768711126222,0.0172607554886595,-0.0446073302163468,0.0230535879911025,-0.0155307872607087,0.00475391614808655
2155,-0.754707360174507,1,0,0.0972930340361322,0.0812299191589943,-0.0160631148771379,0.0148663664650923,-0.0452006577296929,0.0130744279754171,-0.0194602201555112,0.00339710527837334
2156,-0.731823815964162,0,0,0.0975964589414325,0.0808576494206101,-0.0167388095208224,0.0145751118991115,-0.0453055039137221,0.0118278848720773,-0.0199696338827718,0.00323082436194937
2157,0.205522522795945,1,0,0.110769694738117,0.0668883967162771,-0.0438812980218404,0.00951992780648218,-0.0625400136579669,-0.0252225823857139,-0.0418282089765257,-0.0020530890453147
2158,-0.847290495410562,0,0,0.0960740020983395,0.0827520574318565,-0.013321944666483,0.0160841365962654,-0.0448462731175857,0.0182023837846198,-0.017410300914752,0.00408835624826902
2159,0.205963430926204,0,0,0.110776242465401,0.0668823858788274,-0.0438938565865732,0.00952218044751205,-0.0625569873179883,-0.0252307258551581,-0.0418389711511371,-0.00205488543543613
2160,0.967155608348548,1,1,0.122595626982469,0.057223423635737,-0.0653722033467317,0.0175701363724811,-0.0998090378402519,-0.0309353688532114,-0.0611526892976349,-0.00421951404909676
2161,0.700814632698894,0,0,0.118341414544821,0.0604441178157617,-0.0578972967290593,0.0140927994509708,-0.0855186760943078,-0.0302759173638108,-0.0542241043811665,-0.00367319234789281
2162,-0.349194783251733,1,1,0.102796248394923,0.0748596744058644,-0.0279365739890584,0.0104989519734304,-0.0485141417323977,-0.00735900624571911,-0.0286530982767149,0.000716524287656475
2163,-0.203936669044197,0,0,0.10483367300428,0.0726916638393102,-0.0321420091649701,0.00952882131354459,-0.0508181557546352,-0.0134658625753051,-0.0320341276347024,-0.000107881530267737
2164,-0.60445876698941,1,0,0.0993007214837102,0.0788139730917504,-0.0204867483919598,0.0130353271705945,-0.0460355201730214,0.00506202338910174,-0.0228250588557398,0.00233831046377996
2165,-0.543189578223974,1,0,0.100129956665326,0.0778477760962401,-0.0222821805690859,0.0123508623653893,-0.04648942598326,0.0019250648450882,-0.0242109778669594,0.00192879729787349
2166,-0.259784566704184,0,0,0.104046151834495,0.07351827374239,-0.030527878092105,0.00985135324349381,-0.0498361756483347,-0.0112195805358753,-0.0307285619683724,0.000200683876267444
2167,0.74648173712194,1,0,0.119061655265205,0.0598800944653296,-0.0591815607998755,0.0146555510628142,-0.0879059130565791,-0.0304572085431719,-0.0553987090877294,-0.00378285171214612
2168,0.0191394984722137,1,0,0.108031999387972,0.0694746826276106,-0.0385573167603618,0.00898861516469276,-0.0561746787540501,-0.0209399547666734,-0.0373208301213681,-0.00123648663899367
2169,-0.877729850355536,0,0,0.0956762017369986,0.0832581460049513,-0.0124180557320473,0.0164973078864377,-0.0447521850313338,0.0199160735672392,-0.0167401810423819,0.00432212531033458
2170,0.840309491381049,1,0,0.120553364215786,0.0587366826508194,-0.0618166815649671,0.0158583774711504,-0.0928985302616632,-0.030734832868271,-0.0578293321274665,-0.00398734943750061
2171,-0.609405768103898,1,0,0.0992340345942004,0.0788924624630873,-0.0203415721311131,0.0130923172676613,-0.046002042449901,0.00531889818767482,-0.0227135083203568,0.00237193618924372
2172,0.996902025304735,1,0,0.123078841987392,0.0568738902180976,-0.0662049517692947,0.0179840810487996,-0.101453102919991,-0.0309568006185982,-0.0619383327310938,-0.00426661903820093
2173,0.137378651183099,1,0,0.10976178638226,0.0678234419465125,-0.0419383444357474,0.00922578285902886,-0.0600205465686309,-0.0238561423028639,-0.040170557547637,-0.00176778688811041
2174,-0.470460083335638,1,0,0.101122282784779,0.076714937490635,-0.0244073452941437,0.0115949849710129,-0.0471330982386122,-0.00168159234967532,-0.0258666704699389,0.00145932517579515
2175,0.69820316741243,0,1,0.118300341942578,0.0604765212042732,-0.0578238207383045,0.0140611086968099,-0.0853830873667549,-0.0302645541098541,-0.0541571001842474,-0.00366672055405707
2176,-0.383743497543037,1,0,0.102316848766001,0.0753840006573179,-0.0269328481086826,0.0107878236059131,-0.0480765938478433,-0.0057891023695218,-0.0278559226227827,0.000923074514100126
2177,0.112388364505023,0,0,0.109394177422596,0.0681693769803559,-0.0412248004422402,0.00914590877957771,-0.0591504522561012,-0.0232991486283792,-0.0395654650104678,-0.00165933543177238
2178,0.200613218359649,0,0,0.110696811763905,0.0669553584470336,-0.0437414533168714,0.00949514018934182,-0.0623515861161402,-0.0251313205176026,-0.0417084092512662,-0.00203304406560516
2179,0.828339814674109,1,0,0.120362172146151,0.0588814013602998,-0.0614807707858509,0.015701703876582,-0.0922555448798645,-0.0307059966918372,-0.0575179549812629,-0.00396281580458795
2180,-0.0214798916131258,1,0,0.10744330684568,0.0700504778537456,-0.0373928289919347,0.00899145290371263,-0.0550157528518995,-0.0197699051319698,-0.0363495246150448,-0.00104330437688989
2181,0.767922592815012,1,1,0.119401116590079,0.059616986868436,-0.0597841297216432,0.0149251142199538,-0.0890368160578992,-0.0305314433853872,-0.0559520830218387,-0.00383204669980453
2182,-0.58108000876382,1,0,0.0996164130888544,0.0784440098597347,-0.0211724032291197,0.0127693971971442,-0.0461999618398091,0.00385515538156972,-0.0233529382499204,0.0021805350208007
2183,-0.907578192651272,0,1,0.0952875559838578,0.0837571393100872,-0.0115304166737707,0.0169081680623281,-0.044669817120484,0.0216089837729427,-0.0160849051810369,0.00455448850726625
2184,0.084068201482296,1,0,0.108978891545941,0.0685633831132772,-0.0404155084326641,0.00907435900572022,-0.0582009252666624,-0.0226300915986658,-0.0388815607066288,-0.00153394772603527
2185,-0.853742377366871,0,0,0.0959895616440255,0.0828590929603207,-0.0131304686837048,0.0161712084821444,-0.0448254548951964,0.0185645175277869,-0.0172681051139499,0.00413763643024513
2186,-0.743989447131753,1,0,0.0974350435356474,0.0810553659106789,-0.0163796776249685,0.0147294439614598,-0.0452488573017306,0.0124895020517937,-0.0196986770329802,0.00331899940801172
2187,0.343056834768504,0,0,0.112828645273387,0.0650375545722114,-0.0477910907011751,0.010417964302357,-0.0682099255260187,-0.0273722558763315,-0.0452084499384408,-0.0025826407627343
2188,0.551165034994483,1,0,0.116007597162911,0.0623274156360272,-0.0536801815268836,0.0123746443324036,-0.0779340387398874,-0.0294263243138798,-0.0504130449880667,-0.00326713653881688
2189,0.76632170425728,1,0,0.119375741724554,0.0596365944213157,-0.0597391473032384,0.0149048739101642,-0.0889521633612709,-0.0305261312452059,-0.0559107232614116,-0.00382842404182678
2190,-0.360662324819714,0,0,0.102636904125526,0.0750333380855969,-0.027603566039929,0.0105926062499766,-0.0483646927922971,-0.00684243928756088,-0.0283882018230784,0.000784635783149412
2191,0.709850637242198,1,0,0.118483626287372,0.0603321232496698,-0.0581515030377024,0.0142028724322357,-0.0859886214819012,-0.0303143845935036,-0.0544560853031151,-0.00369541773458732
2192,0.446985448244959,0,0,0.11440658987232,0.0636706810873789,-0.0507359087849409,0.0113198837853983,-0.0729224733135004,-0.0285493442563814,-0.0477939295094348,-0.00294197927550613
2193,0.528535526711494,1,0,0.11565818573706,0.0626169271050364,-0.053041258632024,0.0121343986136593,-0.076824242888849,-0.0292582743751989,-0.0498417780561191,-0.00319948057590486
2194,-0.853102297522128,0,0,0.095997935867807,0.0828484685293759,-0.0131494673384311,0.0161625579961614,-0.0448274989089472,0.018528564232085,-0.0172822083016966,0.00413274096326554
2195,-0.285503154620528,0,0,0.10368525089696,0.0739018401127308,-0.029783410784229,0.0100218874859674,-0.0494259493138378,-0.0101408722546203,-0.0301297158911585,0.00034630510692946
2196,0.744387431070209,1,0,0.11902854204896,0.059905852571616,-0.0591226894773436,0.0146293988118255,-0.0877957842639947,-0.0304495946906925,-0.0553447214498484,-0.0037779680274952
2197,-0.536561370827258,1,0,0.100220032744318,0.0777439037129962,-0.0224761290313216,0.0122793081692036,-0.0465431307980291,0.00159087273538587,-0.0243613938515746,0.00188526482025298
2198,-0.905876171775162,0,0,0.0953096794291463,0.0837286126629131,-0.0115810667662332,0.0168845917411648,-0.0446742584725786,0.0215121249401123,-0.0161222218903627,0.00454115512412952
2199,-0.100623156875372,0,0,0.106304393786164,0.0711850555407054,-0.0351193382454588,0.00912166520560225,-0.0529974735274714,-0.0172412029634463,-0.0344681617932996,-0.000651176452159223
2200,0.249608993530273,0,0,0.111426081743823,0.0662898481869444,-0.0451362335568789,0.00976619450696991,-0.0642776230565529,-0.025994844057205,-0.0429066720590161,-0.00222956149786283
2201,0.292565133422613,0,0,0.112068909241449,0.0657114352436802,-0.0463574739977688,0.0100450589349274,-0.0660454277328088,-0.0266695202627288,-0.0439620738351284,-0.00239540016264042
2202,0.39117044582963,1,0,0.113556777686335,0.0644014006770467,-0.0491553770092885,0.0108145734117742,-0.0703515514045303,-0.0279592026140467,-0.0464020272377189,-0.0027533497715696
2203,-0.81303857639432,1,0,0.0965233943128005,0.0821859284357606,-0.0143374658770399,0.0156265635129119,-0.0449649675644749,0.0162900358103952,-0.0181666239996843,0.00382915812264442
2204,-0.0614142748527229,0,0,0.106867294681482,0.0706208616493737,-0.0362464330321085,0.00903673787959735,-0.0539581138138482,-0.0185347522503689,-0.0353983876282654,-0.000848045403843145
2205,-0.954059216659516,1,0,0.0946851535171002,0.0845396031402207,-0.0101455503768796,0.0175587297241414,-0.0445600282504696,0.0242689274967105,-0.0150680739234138,0.00492252354653424
2206,0.0917387953959405,0,0,0.109091236035833,0.0684564576299931,-0.0406347784058398,0.00909172196544089,-0.0584542260155556,-0.0228153307961239,-0.0390666081016793,-0.00156817030416046
2207,0.118504066951573,1,0,0.109484039926722,0.0680845678243616,-0.0413994721023607,0.00916402099791635,-0.0593606232118456,-0.0234383209928759,-0.0397134061763563,-0.00168606592600443
2208,0.787451634183526,1,0,0.119711036937998,0.0593782823798127,-0.0603327545581852,0.0151734586693738,-0.0900721870710648,-0.0305933220453056,-0.0564571711564897,-0.00387558340169554
2209,-0.68027595244348,1,0,0.0982830523777367,0.0800247629804273,-0.0182582893973094,0.0139345576843314,-0.0455695205990948,0.00905294180447595,-0.021121166737706,0.0028628773403966
2210,0.0147373327054083,1,1,0.107968062554326,0.0695368727725268,-0.038431189781799,0.00898681192024164,-0.0560450174813078,-0.0208173620822901,-0.0372153754380495,-0.00121581434374949
2211,0.0179703789763153,0,0,0.108015015910845,0.0694911939566754,-0.0385238219541692,0.00898808627199909,-0.0561401473372263,-0.0209074965711121,-0.0372928191724901,-0.0012310027816791
2212,0.0587261840701103,1,0,0.10860845081799,0.0689177431000926,-0.0396907077178971,0.0090277849101654,-0.0573848410019955,-0.0219965744337988,-0.0382712039031814,-0.00141950381471573
2213,0.808194872923195,1,0,0.120040987211912,0.0591257175462952,-0.0609152696656167,0.0154400777614775,-0.0911772659966104,-0.030653273334623,-0.0569947690750255,-0.00392050059059119
2214,0.424550144467503,0,0,0.114064337137483,0.0639634665165105,-0.050100870620973,0.0111112739975137,-0.0718785674784563,-0.0283231737634896,-0.0472335002025237,-0.00286737041844926
2215,-0.063560881651938,0,0,0.106836409221173,0.0706516429159921,-0.0361847663051806,0.00904035720970356,-0.0539035408435765,-0.0184659917667846,-0.0353473667505721,-0.000837399554608452
2216,0.987952906638384,1,0,0.122933296288788,0.0569788347477293,-0.0659544615410591,0.0178590799811108,-0.100957615101057,-0.0309513079810616,-0.0617017213879123,-0.00425274015314678
2217,0.468384596984833,1,0,0.114733868889782,0.0633925819865949,-0.0513412869031874,0.0115253592096115,-0.0739305758629129,-0.0287519979434619,-0.0483296609495133,-0.00301162595367414
2218,0.115501070395112,1,0,0.109439906607105,0.0681261994801224,-0.0413137071269826,0.0091550103225042,-0.0592571976371832,-0.0233702166167819,-0.0396407513048204,-0.00167295582216218
2219,0.89795706095174,0,0,0.121477844608851,0.0580443576861967,-0.0634334869226542,0.0166250781694227,-0.0960180413748858,-0.0308489324704226,-0.0593343297714281,-0.0040991571512261
2220,-0.319499923381954,1,0,0.103209883978,0.0744116930367619,-0.028798190941238,0.0102671925211843,-0.0489215185050983,-0.00867486337737772,-0.0293404063302066,0.000542215388968568
2221,-0.677002537995577,0,0,0.098326797736954,0.0799721380263039,-0.01835465971065,0.0138946419248079,-0.0455876574613539,0.00887833804005381,-0.021194480698294,0.00283982098764395
2222,-0.120018044486642,1,0,0.106026918596739,0.0714656731662417,-0.034561245430497,0.0091782047898628,-0.0525501962613611,-0.0165722945996329,-0.0340093437558691,-0.000551901674627875
2223,-0.411226813681424,0,0,0.101936904644263,0.0758035060028061,-0.0261333986414564,0.0110314839900253,-0.0477547099579363,-0.00451208732497651,-0.027223667532324,0.0010902688908676
2224,0.785173195414245,0,0,0.119674842977927,0.0594060856480142,-0.0602687573299128,0.0151443493326996,-0.0899511365912972,-0.0305863780685283,-0.0563981908927124,-0.00387056643720037
2225,-0.365991363301873,1,0,0.102562930316843,0.0751141666119222,-0.0274487637049206,0.0106368910307795,-0.0482966870327255,-0.00660084037711574,-0.0282652025917595,0.000816438886838862
2226,0.705987330526114,1,0,0.118422806145667,0.060379982284232,-0.0580428238614354,0.0141557320466197,-0.0857875488476095,-0.0302980988752614,-0.0543568766337783,-0.00368594722765714
2227,-0.140595560427755,0,0,0.105733222132227,0.0717645179109693,-0.0339687042212573,0.00924847737828683,-0.0520953867945329,-0.0158420216479817,-0.0335235022727083,-0.000445201948548996
2228,0.37466293759644,1,0,0.113306499024418,0.0646190058515154,-0.0486874931729028,0.0106742168961936,-0.0696085738526113,-0.0277664124931944,-0.0459918657497,-0.00269562742320283
2229,-0.84108794759959,1,0,0.0961552419169622,0.0826492769200771,-0.0135059649968851,0.0160006893065604,-0.0448667397655585,0.0178548097717884,-0.0175470819205167,0.00404111692363163
2230,0.819240872282535,1,0,0.120217009568279,0.0589916351678822,-0.0612253744003963,0.0155832111111663,-0.0917679069417665,-0.030682841859026,-0.0572815119466286,-0.00394386245376769
2231,-0.229017763398588,1,0,0.104479351043674,0.0730618265562891,-0.0314175244873852,0.00966531594724696,-0.0503611956431899,-0.0124738533315805,-0.0314469238958186,2.93994084333976e-05
2232,-0.393909867387265,1,0,0.102176157402976,0.0755389310543208,-0.026637226348655,0.0108765689768488,-0.0479549098186443,-0.0053195428786657,-0.0276218496858836,0.000984623337228579
2233,-0.0943592842668295,1,0,0.106394145188713,0.0710946434001747,-0.0352995017885386,0.00910544260886345,-0.0531458413652074,-0.0174531622118698,-0.0346165308134492,-0.000682970975089375
2234,-0.887635323219001,0,0,0.095547068841264,0.0834234415827228,-0.0121236272585412,0.0166330402936404,-0.04472378718748,0.0204765326703976,-0.0165225204313364,0.0043988931727952
2235,0.285494839306921,0,0,0.111962881789887,0.0658063145237118,-0.0461565672661754,0.00999664321285185,-0.0657496279296618,-0.026563506602689,-0.0437880490786398,-0.00236851818753556
2236,0.977371287532151,0,0,0.122761391078431,0.0571031580373344,-0.0656582330410967,0.0177117925543771,-0.10037270854932,-0.030943757532873,-0.0614222283082843,-0.00423600473281239
2237,0.874763985630125,1,0,0.121105170450172,0.0583219720726608,-0.0627831983775109,0.0163142574088071,-0.0947585553332886,-0.0308078414217331,-0.0587277610172543,-0.00405543736025657
2238,-0.580458927899599,0,0,0.0996248119214441,0.0784342031021753,-0.0211906088192688,0.0127624104631288,-0.0462044736829184,0.00382325604438084,-0.0233669778947785,0.00217636907550969
2239,0.332918882369995,0,1,0.112675742223622,0.065172341438401,-0.0475034007852207,0.0103393882848319,-0.0677682294456666,-0.0272385721247748,-0.0449576892545463,-0.00254571153067441
2240,-0.674017049837857,0,0,0.0983667104227518,0.0799241694645998,-0.018442540958152,0.0138583192084305,-0.0456043474929354,0.00871926557663145,-0.0212613657647986,0.00281882480664665
2241,0.844871553592384,1,1,0.120626303146856,0.0586816131164881,-0.0619446900303682,0.0159183259661478,-0.0931440356181866,-0.0307453444425497,-0.05794810940104,-0.00399658062932817
2242,0.912266277708113,0,0,0.121708262553952,0.0578736995209568,-0.0638345630329949,0.0168183677223075,-0.0967979580474685,-0.0308711680185213,-0.0597092797682041,-0.00412528326479077
2243,-0.377469597384334,1,0,0.102403758259626,0.0752885352365891,-0.0271152230230368,0.010733889029049,-0.0481532589340224,-0.00607718711205118,-0.028000488913718,0.000885265890681226
2244,0.555841183755547,0,0,0.116079913575524,0.0622677471352838,-0.0538121664402407,0.0124249981749545,-0.0781647153711274,-0.0294596175093539,-0.0505312548508313,-0.00328091158940936
2245,0.172169658355415,0,0,0.110275367783695,0.067344547830413,-0.0429308199532816,0.0093623406423002,-0.0612806704231856,-0.0245809694833776,-0.0410154674346064,-0.0019153525186752
2246,0.289703947491944,1,0,0.112025991798502,0.0657498153843191,-0.0462761764141827,0.0100253497388231,-0.0659255008346941,-0.0266268519936713,-0.0438916351359194,-0.00238454127826331
2247,0.901616739109159,1,0,0.121536739742898,0.058000665825578,-0.0635360739173197,0.0166744039803072,-0.0962173051823931,-0.0308548426522464,-0.0594301733302154,-0.00410590058710433
2248,-0.760231342632324,0,0,0.097219914874773,0.0813200171740368,-0.0158998977007362,0.0149372800612739,-0.0451764286478213,0.0133766332463489,-0.0193374136098967,0.0034375159091605
2249,0.851473337505013,1,0,0.120731920869992,0.0586020074226917,-0.0621299134473002,0.0160053042050796,-0.0934997332508637,-0.0307600936437368,-0.0581200909788647,-0.00400982246843555
2250,-0.567707707174122,1,0,0.0997973850162272,0.0782331113349264,-0.0215642736813009,0.0126198826668978,-0.0462987891975419,0.00317024183494014,-0.0236554047657923,0.00209113108449143
2251,0.953487251419574,0,0,0.122374139426513,0.0573847085432614,-0.0649894308832518,0.0173814422184062,-0.099056431630692,-0.0309224301358116,-0.0607924945550119,-0.00419693632823986
2252,0.529393051750958,1,0,0.115671409679497,0.0626059334854914,-0.053065476194006,0.0121433967032017,-0.0768660963822637,-0.0292648560057483,-0.0498634018171488,-0.00320207437685719
2253,-0.717632706742734,1,0,0.0977850500079305,0.0806275706215363,-0.0171574793863943,0.0143965744395103,-0.0453742467885844,0.0110592880157959,-0.0202860939862251,0.00312861459983083
2254,0.38596548140049,0,0,0.113477810607471,0.0644699397693538,-0.0490078708381175,0.0107698496237117,-0.0701163882195047,-0.0278993534567303,-0.0462726260117731,-0.00273524482634436
2255,-0.16721843695268,1,0,0.105354306728368,0.0721528695950093,-0.0332014371333587,0.009354754381862,-0.0515364188060264,-0.0148664554606909,-0.0328963796078142,-0.00030505752554446
2256,-0.65420197090134,0,0,0.0986319821643397,0.0796064611517144,-0.0190255210126253,0.0136192584437015,-0.0457187770584234,0.00766773503317272,-0.0217057685308376,0.00268024751821226
2257,-0.929825236555189,1,0,0.0949988036117481,0.0841308227605896,-0.0108679808511585,0.0172179447364397,-0.0446145324223813,0.0228785707200643,-0.0155976790740448,0.0047296982228863
2258,-0.777540038339794,0,0,0.0969911227364268,0.0816029179683875,-0.0153882047680394,0.0151609664374229,-0.0451031529562087,0.01432674342013,-0.0189530258060371,0.00356482103799772
2259,-0.617288327775896,0,0,0.0991278579327808,0.0790176752357055,-0.0201101826970753,0.0131836314680409,-0.0459496255598844,0.00572926016573386,-0.0225358715466047,0.00242568884952941
2260,-0.835262595675886,1,0,0.0962315971899039,0.0825528525933688,-0.0136787445965351,0.0159225505898334,-0.0448863702946255,0.0175288811015552,-0.0176756166962993,0.00399687209976418
2261,-0.0208989577367902,1,0,0.107451706334111,0.0700422118784782,-0.0374094944556331,0.00899110438759762,-0.0550317352365645,-0.0197872536747018,-0.0363633886652569,-0.00104610579037624
2262,0.436922036577016,0,0,0.114252961085689,0.0638018559279592,-0.0504511051577297,0.0112254282597763,-0.0724525402579293,-0.0284496700575301,-0.0475423904826005,-0.00290871467512923
2263,0.465700868982822,0,0,0.11469277925221,0.0634273969790727,-0.0512653822731369,0.011499252470399,-0.0738035029642521,-0.0287272615820217,-0.0482624097678767,-0.00300297250526023
2264,0.779661644715816,0,0,0.119587328771663,0.059473392286032,-0.0601139364856309,0.0150740803711627,-0.0896585911131719,-0.0305692818580899,-0.0562555742844785,-0.00385836220115241
2265,-0.570080732926726,1,0,0.0997652487271129,0.0782704991185335,-0.0214947496085795,0.0126462742330752,-0.0462809916440236,0.00329149242686473,-0.0236017015107604,0.00210695190218094
2266,0.0998676149174571,1,0,0.109210402664378,0.0683433132694092,-0.0408670893949686,0.00911176265916901,-0.0587258160426167,-0.0230083627473204,-0.03926286377892,-0.00160422561604855
2267,0.306695954408497,0,0,0.112281080589211,0.065522188737249,-0.0467588918519617,0.0101446892190816,-0.0666421173557134,-0.02687566634821,-0.044310253167361,-0.00244863868460071
2268,0.135719608515501,1,1,0.109737348217493,0.0678463571750489,-0.0418909910424443,0.00922000188534922,-0.0599618626751202,-0.0238201194097684,-0.0401303403134003,-0.00176065072904399
2269,-0.365594293456525,1,0,0.102568440520989,0.0751081412727557,-0.0274602992482336,0.0106335748382978,-0.0483017229582085,-0.00661887553825869,-0.0282743651563241,0.000814065908090491
2270,-0.477050006855279,0,1,0.101032011054008,0.0768169565600782,-0.0242150544939299,0.0116607054077491,-0.0470696171274495,-0.00136049186041031,-0.0257161755414917,0.00150112104756179
2271,0.125548651907593,1,0,0.109587631416578,0.0679869986603531,-0.0416006327562254,0.00918604110924915,-0.0596049424908581,-0.0235963230215927,-0.0398839289374227,-0.00171670381880267
2272,-0.224906858056784,0,0,0.104537353452671,0.07300103645163,-0.0315363170010414,0.00964199311219075,-0.0504342762401186,-0.0126383577619643,-0.0315430708969664,6.75389592496439e-06
2273,0.0791922933422029,1,0,0.108907531177749,0.0686314320342691,-0.0402760991434803,0.00906410744247363,-0.05804142328273,-0.0225107750042305,-0.0387640062789036,-0.00151209286457665
2274,0.136078717187047,0,0,0.109742637584584,0.0678413964424058,-0.041901241142178,0.00922124748707241,-0.0599745541093703,-0.0238279281749856,-0.0401390449858411,-0.00176219615633685
2275,-0.780392477288842,1,0,0.0969534644008941,0.0816496254417447,-0.0153038389591493,0.015198042944287,-0.045091455765445,0.0144837778471463,-0.0188897391499813,0.00358590019083196
2276,0.976911436300725,0,0,0.122753925188916,0.0571085665966719,-0.0656453585922441,0.0177054045987408,-0.100347313937486,-0.0309434032470022,-0.0614100891209517,-0.00423526947129239
2277,0.864571605343372,1,0,0.12094170786236,0.0584443654617891,-0.0624973424005705,0.0161786558583708,-0.0942069252012452,-0.0307877595998959,-0.058461655754892,-0.00403568664567855
2278,0.786952436901629,1,0,0.119703106169804,0.0593843729271985,-0.060318733242606,0.015167077904381,-0.090045659685906,-0.030591806799306,-0.0564442476284639,-0.00387448561414209
2279,-0.685626689810306,0,0,0.0982115833641638,0.0801108520403522,-0.0181007313238116,0.0140000054216747,-0.0455402377336595,0.00933877508603635,-0.0210013761106245,0.00290064478681293
2280,0.895654055289924,0,1,0.121440794989706,0.0580718684495049,-0.0633689265402013,0.0165940766652016,-0.0958927191606928,-0.0308451339197097,-0.0592740346559646,-0.00409489188423668
2281,0.292116374243051,0,0,0.112062176958206,0.0657174535520377,-0.0463447234061684,0.0100419572453364,-0.0660265979413187,-0.0266628488710181,-0.0439510246270319,-0.00239369877913654
2282,-0.55587073136121,1,0,0.0999578226998293,0.0780468599583597,-0.0219109627414696,0.0124891627850163,-0.0463892719971596,0.00256734651422041,-0.0239234650377975,0.00201250229632793
2283,-0.371331328991801,0,0,0.102488852196158,0.0751952411164606,-0.0272936110796969,0.0106817449446584,-0.0482294464632702,-0.00635777569612363,-0.0281420146014499,0.000848403521753003
2284,-0.0440312414430082,1,0,0.107117692090288,0.070372053783674,-0.0367456383066139,0.00901187004751471,-0.054408579033098,-0.0190826975801298,-0.0358119478137406,-0.000933690492873285
2285,0.219596263952553,1,1,0.110978864765996,0.0666967786972836,-0.0442820860687124,0.00959396207575341,-0.0630859062062322,-0.0254782659311926,-0.0421719705923089,-0.00211011547640348
2286,0.93409089371562,0,1,0.122060424165369,0.0576143160067729,-0.0644461081585965,0.0171153521720769,-0.0979915819985866,-0.0309006343186064,-0.0602822208331879,-0.0041638873254086
2287,-0.14457280933857,1,0,0.105676538889523,0.0718224118235271,-0.0338541270659955,0.00926326339061735,-0.0520097896909139,-0.0156984644410771,-0.0334297111564889,-0.000424415909506599
2288,0.792176963295788,0,0,0.119786130930125,0.0593206591230492,-0.0604654718070762,0.0152339416553832,-0.0903234487942118,-0.0306074948199406,-0.0565795361029238,-0.00388593570415241
2289,0.288750564213842,1,0,0.11201169435505,0.0657626087599342,-0.0462490855951158,0.0100188174820881,-0.0658856070276887,-0.0266125641625429,-0.0438681685631348,-0.00238091703198098
2290,-0.0462891706265509,0,1,0.107085138141024,0.0704043262648197,-0.0366808118762043,0.00901465231547023,-0.0543492057476766,-0.0190124180047321,-0.0357581893299022,-0.000922622546302113
2291,-0.775875607971102,0,0,0.0970131028322789,0.0815756748782179,-0.015437427954061,0.0151393595402435,-0.0451100274019411,0.014235171493819,-0.0189899620819861,0.00355253412792509
2292,0.465151518583298,1,0,0.114684369916442,0.063434525692395,-0.0512498442240467,0.0114939202779532,-0.0737775140100096,-0.0287221744380838,-0.0482486459198088,-0.00300119830423786
2293,0.566308781504631,0,1,0.11624193641804,0.0621343719594038,-0.0541075644586363,0.0125385723509615,-0.0786827146840705,-0.0295324142332021,-0.0507960720583537,-0.00331149240028258
2294,-0.704712697304785,0,0,0.0979570314496983,0.0804186195958062,-0.0175384118538921,0.014235456283484,-0.0454393934730152,0.010362569765231,-0.0205745758756749,0.00303616402178281
2295,-0.0751363825984299,0,0,0.106669995887331,0.0708178435615461,-0.035852152325785,0.00906194178874243,-0.0536132318617187,-0.0180910727898514,-0.0350724242049325,-0.000779728120852523
2296,0.0492231994867325,1,0,0.10846982483294,0.0690510609729768,-0.0394187638599631,0.00901462703015979,-0.0570871081731376,-0.0217504195467887,-0.0380427218240947,-0.00137604203586841
2297,-0.758124616928399,0,0,0.0972477951325274,0.0812856450278177,-0.0159621501047097,0.0149102077785594,-0.0451856203526951,0.0132613201432756,-0.0193842418385287,0.00342209173381895
2298,0.482558287680149,0,0,0.114951089977885,0.063209007384422,-0.0517420825934634,0.0116648011187161,-0.0746046726729695,-0.0288794925139574,-0.0486851405397489,-0.00305694205371453
2299,-0.513124642893672,0,0,0.100539111082536,0.0773776376086227,-0.0231614734739129,0.0120304581250693,-0.0467407381165661,0.000417791168740286,-0.0248940139828186,0.0017325405089057
2300,-0.461976846680045,0,0,0.101238595351406,0.0765837908080013,-0.024654804543405,0.0115112432333948,-0.0472164266981392,-0.00209318238867089,-0.0260605431743941,0.00140573863098905
2301,0.487458012532443,1,0,0.115026264661499,0.0631456625849593,-0.0518806020765396,0.0117136065721151,-0.0748388490869568,-0.0289223550661223,-0.0488081454476666,-0.00307245662887296
2302,-0.562703963369131,0,0,0.0998651775142278,0.0781543293014766,-0.0217108482127512,0.0125644356007705,-0.0463366894763343,0.00291499305083195,-0.0237686827651501,0.00205783455239892
2303,-0.0904399012215436,1,0,0.106450337704651,0.0710381253456989,-0.0354122123589519,0.00909580197294446,-0.0532396566364315,-0.0175847680814724,-0.034709413613399,-0.00070279874555295
2304,-0.7547955699265,0,0,0.097291866046896,0.0812313571745575,-0.0160605088723385,0.014867497021474,-0.0452002675746841,0.0130792498300071,-0.0194582586191679,0.00339774974682939
2305,-0.423056692350656,1,0,0.101773747432982,0.0759847362089319,-0.0257890112240496,0.0111399547409685,-0.0476229213057541,-0.00395510114234517,-0.0269520350690007,0.00116302384495107
2306,-0.352818849962205,0,0,0.102745867450814,0.074914517065522,-0.0278313503852923,0.0105283048547034,-0.0484664487187691,-0.00719625205181541,-0.0285693518027415,0.000738001417449227
2307,-0.253527392633259,1,0,0.104134124578953,0.0734252319936693,-0.0307088925852832,0.00981190273538276,-0.0499398685664435,-0.0114779166041229,-0.0308744840714482,0.000165591486165
2308,-0.770085148978978,1,0,0.0970896049828891,0.0814809622654601,-0.015608642717429,0.015064350102678,-0.04513422636918,0.0139169409343221,-0.0191185060897341,0.00350986337230513
2309,-0.580644065048546,1,0,0.0996223082589944,0.078437126267831,-0.0211851819911635,0.0127644927000567,-0.0462031279641991,0.00383276398187217,-0.0233627927495005,0.00217761075833703
2310,-0.412393379490823,1,0,0.101920805115829,0.0758213597924315,-0.0260994453233973,0.0110420864123071,-0.0477415370056982,-0.00445735364109636,-0.0271968676225871,0.00109742229918981
2311,0.51951399166137,0,0,0.115519143749886,0.0627326939663544,-0.0527864497835314,0.0120402518883816,-0.0763849098495498,-0.029187989717513,-0.0496144005919786,-0.00317204919155285
2312,0.0547418678179383,0,0,0.108550310171937,0.0689736102422578,-0.0395766999296793,0.00902198074522241,-0.0572594572595291,-0.0218939425998296,-0.038175382023137,-0.00140131790654231
2313,-0.957974994089454,0,0,0.0946345603769517,0.0846058236793753,-0.0100287366975764,0.0176141150412852,-0.0445517677980406,0.0244942944028879,-0.0149826100592571,0.00495387336168072
2314,-0.255537828896195,1,0,0.104105851683423,0.0734551145728299,-0.0306507371105933,0.00982448965014577,-0.0499063829913656,-0.0113950912298211,-0.0308275894715129,0.000176852360919563
2315,0.864492589142174,1,0,0.120940441365894,0.0584453152542252,-0.0624951261116685,0.0161776070157443,-0.0942026532185699,-0.0307875990047672,-0.058459593866212,-0.00403553224545655
2316,0.134731013327837,0,0,0.109722788200866,0.0678600153814702,-0.0418627728193959,0.0092165891951605,-0.0599269557022115,-0.0237985899365803,-0.0401063787087843,-0.00175639411061158
2317,-0.75009096134454,0,0,0.0973541774396947,0.0811546939484888,-0.016199483491206,0.0148072828140675,-0.0452212245156772,0.0128222575332653,-0.0195628984818524,0.00336341499064645
2318,-0.708101632073522,1,0,0.0979118944316386,0.0804733798557404,-0.0174385145758982,0.0142775842564759,-0.0454220655048271,0.0105450363530306,-0.0204988728071746,0.00306035823127639
2319,0.618736609816551,0,0,0.117056399115382,0.0614703568098633,-0.0555860423055191,0.0131243874503634,-0.0813093690273808,-0.0298627155836575,-0.0521266764039304,-0.00345936590158874
2320,-0.405648530460894,0,0,0.102013920521268,0.0757181861077608,-0.0262957344135073,0.0109810734245545,-0.0478182428372239,-0.00477322598979059,-0.0273518609112014,0.00105612649769414
2321,0.00151655357331038,0,0,0.107776244528601,0.069723954729055,-0.0380522897995464,0.00898447988770054,-0.055661546799264,-0.0204430327998289,-0.0368989450696125,-0.00115334472993392
2322,-0.194524972699583,0,0,0.104966906058167,0.0725532065600105,-0.032413699498157,0.00948123797150485,-0.05099658445116,-0.0138308145451539,-0.0322548472189541,-0.000158852279202849
2323,0.937166163232177,1,0,0.122110117118724,0.0575778545653931,-0.0645322625533307,0.0171574071200289,-0.0981601625766786,-0.0309043625299829,-0.060363056291559,-0.00416920626177175
2324,0.285932915750891,1,0,0.111969448717709,0.0658004320909875,-0.046169016626722,0.00999961489307278,-0.065767901676415,-0.026570131577029,-0.0437988280908944,-0.00237018853582757
2325,0.26849070424214,0,0,0.111708243499163,0.0660350218717764,-0.0456732216273862,0.00988421537243602,-0.0650459277727979,-0.0263005154819744,-0.0433700225577785,-0.00230319906960769
2326,0.683040951378644,0,0,0.118062117445699,0.0606649772138111,-0.0573971402318882,0.013878203475363,-0.0845979192137183,-0.0301963612500581,-0.0537684250205532,-0.00362871521133498
2327,-0.754856088198721,0,0,0.0972910647290067,0.0812323437707026,-0.0160587209583041,0.0148682726993682,-0.0451999999613859,0.0130825580447777,-0.0194569128726841,0.00339819191437997
2328,0.115339685231447,0,0,0.109437535263711,0.0681284374905117,-0.0413090977731995,0.00915453246389858,-0.0592516516977435,-0.0233665438486556,-0.039636847346516,-0.00167225042668354
2329,-0.474235046189278,0,0,0.101070562894343,0.076773362747156,-0.0242972001471873,0.0116325612984777,-0.047096601340158,-0.00149779895421655,-0.0257804495376715,0.00148324939048425
2330,0.510186976287514,0,0,0.11537554643869,0.0628525907776503,-0.0525229556610394,0.0119439244612571,-0.0759326174391703,-0.0291132938829085,-0.0493795423086663,-0.00314341335237306
2331,0.575765953399241,1,0,0.116388488216787,0.0620141007654597,-0.054374387451327,0.012642183459398,-0.0791526117176951,-0.029596163184959,-0.0510355688684697,-0.00333881858285733
2332,-0.346876796334982,0,0,0.102828483985796,0.0748246158795892,-0.0280038681062068,0.010480297193945,-0.0485448731536153,-0.00746286305879831,-0.0287066786855757,0.000702810579368905
2333,0.514704830944538,1,1,0.115445083248911,0.0627944880375425,-0.0526505952113682,0.0119904547054177,-0.0761514545922457,-0.0291497358304906,-0.049493276126671,-0.00315731908469716
2334,-0.079979280475527,1,0,0.106600440493879,0.0708874848288278,-0.0357129556650516,0.00907200358765202,-0.0534937559644677,-0.0179321553656355,-0.0349574880527583,-0.000755467612293302
2335,-0.108120771124959,1,0,0.106197052527881,0.0712934149775896,-0.0349036375502917,0.00914239550845047,-0.0528224034792753,-0.016984871621308,-0.0342906897776204,-0.000612947772671277
2336,0.683924361597747,0,1,0.118075985933249,0.0606539819723673,-0.0574220039608821,0.0138888085643386,-0.0846435685351571,-0.030200439386607,-0.0537910542765706,-0.00363094968431149
2337,0.778390762861818,1,0,0.119567157141455,0.059488922330628,-0.0600782348108267,0.0150579069860243,-0.0895911901859885,-0.0305652794356649,-0.056222700416151,-0.00385553439467567
2338,-0.181359702721238,0,0,0.105153525890929,0.0723599375675811,-0.0327935883233483,0.00941808546527399,-0.0512526966386055,-0.0143344800080912,-0.0325639347801322,-0.000229653543216149
2339,0.147518084850162,1,1,0.10991124679898,0.06768354873546,-0.0422276980635195,0.00926257385657907,-0.0603820092265568,-0.0240733869004823,-0.0404164943315683,-0.00181120373195123
2340,0.518236759118736,0,0,0.115499470493797,0.0627490999010693,-0.0527503705927275,0.0120269999269866,-0.076322857291687,-0.0291778838937679,-0.0495822262055809,-0.00316814438714657
2341,0.515216520056129,0,0,0.115452961237113,0.0627879105213335,-0.0526650507157797,0.0119957400411165,-0.0761762691642731,-0.0291538322672864,-0.0495061608231234,-0.00315888989265631
2342,0.00653984118252993,0,0,0.10784909123148,0.0696528174131823,-0.0381962738182976,0.00898482073235225,-0.0558061988612568,-0.0205863487753384,-0.0370191253327544,-0.00117714848554324
2343,-0.320547966752201,1,1,0.103195260180851,0.0744274619305978,-0.0287677982502527,0.0102751008173741,-0.048906625789824,-0.00862897071068142,-0.0293161150022957,0.00054831675204298
2344,0.51402059616521,1,0,0.115434549470368,0.0628032845495183,-0.0526312649208494,0.0119833919796355,-0.0761182816135611,-0.0291442482281376,-0.0494760476512275,-0.00315521726962185
2345,0.660327705089003,1,0,0.117706030754156,0.060948315426235,-0.0567577153279214,0.0136077903828887,-0.0834284943875538,-0.030086936268289,-0.0531873063408869,-0.00357040898703453
2346,0.761614742688835,0,0,0.119301161086062,0.0596942798949157,-0.0596068811911467,0.0148454678984541,-0.0887034636057622,-0.0305102987765312,-0.0557891557509295,-0.0038177254402172
2347,0.994754910469055,0,0,0.123043908474686,0.0568990524321067,-0.066144856042579,0.017954053979547,-0.101334155218979,-0.0309555568661788,-0.0618815439498886,-0.00426331209269035
2348,0.910351470112801,0,1,0.12167740705328,0.0578965090565194,-0.0637808979967609,0.0167924361506483,-0.09669346806472,-0.0308683279288019,-0.059659073385213,-0.00412182461154793
2349,0.974036595318466,0,0,0.122707259716927,0.0571423900682777,-0.0655648696486495,0.0176654934725072,-0.100188600623891,-0.030941138673408,-0.0613342118671521,-0.00423065778149743
2350,0.877137968316674,0,1,0.121143271071752,0.0582934990657591,-0.062849772005993,0.0163459291976546,-0.0948872045272377,-0.0308123394847482,-0.0587897815188313,-0.00405999048716167
2351,-0.83319143159315,1,0,0.0962587578383167,0.0825185942591893,-0.0137401635791274,0.0158948238719742,-0.0448934459088044,0.0174131187505496,-0.0177213331411913,0.00398116956206389
2352,0.423369399271905,1,0,0.114046349487,0.0639789101837749,-0.0500674393032253,0.0111004948799179,-0.0718240094784358,-0.0283108691280149,-0.0472040405815504,-0.00286339872167491
2353,-0.860674001276493,0,0,0.0958989163823391,0.0829742276376016,-0.0129246887447375,0.0162650588556123,-0.0448036183081618,0.0189542408186868,-0.0171154309738281,0.00419074222909059
2354,-0.22425994835794,1,0,0.104546483550119,0.0729914745042709,-0.0315550090458481,0.00963835651533588,-0.0504458406860634,-0.0126641774056328,-0.031558204509437,3.19546358891476e-06
2355,-0.775057469960302,0,0,0.0970239086099093,0.0815622867838596,-0.0154616218260497,0.0151287463306342,-0.0451134197653351,0.0141901761132358,-0.0190081199328473,0.00354649810679763
2356,0.816466624848545,1,0,0.120172779896912,0.0590252836744209,-0.0611474962224908,0.0155471883198279,-0.0916194253902152,-0.0306755670547664,-0.0572094648108833,-0.00393803141160752
2357,-0.761360445059836,1,0,0.0972049753495676,0.0813384444236138,-0.0158665309259537,0.0149518033372211,-0.045171526970833,0.0134384651189255,-0.0193123197601326,0.00344578883417887
2358,-0.70991410408169,1,0,0.0978877618365748,0.0805026807318291,-0.0173850811047457,0.014300154314616,-0.0454128685347581,0.0106427063252668,-0.0204583951496361,0.00307331404489042
2359,0.115020625758916,0,1,0.109432847235695,0.0681328622515128,-0.0412999849841824,0.00915358965388056,-0.0592406910350467,-0.023359278933318,-0.0396291293810463,-0.00167085560313607
2360,-0.66029590042308,1,0,0.0985503327246763,0.0797040461267337,-0.0188462865979426,0.0136924017543503,-0.0456829008983221,0.00799032770243694,-0.0215690083945851,0.0027227217966425
2361,0.58012131229043,1,0,0.116456034391258,0.0619587848166658,-0.0544972495745921,0.0126902136714556,-0.0793696113267628,-0.0296248878224214,-0.0511459429243559,-0.00335130665023624
2362,0.396491755265743,1,0,0.113637559418938,0.0643313996970168,-0.049306159721921,0.0108607356185525,-0.0705928103798953,-0.0280195090639467,-0.0465343911333544,-0.00277176858856659
2363,0.119473884813488,0,0,0.109498296118289,0.0680711279178963,-0.0414271682003927,0.00916697912346601,-0.0593941171294166,-0.0234602192713688,-0.0397368747063648,-0.00169029349402789
2364,-0.741774750873446,0,0,0.0974644107141359,0.0810193397579281,-0.0164450709562078,0.0147012619868276,-0.0452590149776777,0.012368873065262,-0.0197479804460253,0.00330290948981746
2365,-0.449406648054719,1,1,0.101411162006723,0.0763898397204204,-0.0250213222863027,0.011388973968958,-0.0473433010863244,-0.00269934348628088,-0.0263481078572482,0.00132678557094554
2366,0.109686911571771,0,0,0.109354503597317,0.0682068703948046,-0.0411476332025121,0.00913820691483585,-0.0590581896388652,-0.0232370767661589,-0.0395001444805594,-0.00164748872195269
2367,-0.432290665339679,0,1,0.1016465538026,0.0761264741634335,-0.025520079639167,0.0112260733253377,-0.0475227790446347,-0.00351738023369931,-0.0267402232383057,0.0012201435991387
2368,0.490327751263976,1,0,0.115070313870847,0.0631085894215418,-0.0519617244493049,0.0117423328048497,-0.0749762738412935,-0.0289471750573163,-0.0488802169969103,-0.0030815074523946
2369,-0.694164994638413,0,0,0.0980976343891004,0.0802484016076329,-0.0178492327814676,0.0141049537493086,-0.0454944341337157,0.00979596857078053,-0.0208103482234624,0.00296111544199482
2370,-0.420897465199232,0,0,0.10180351012205,0.0759516278540606,-0.0258518822679893,0.0111199993515156,-0.0476466805050685,-0.00405708403091004,-0.0270015912394529,0.00114970897146361
2371,-0.019611434545368,1,0,0.107470324170865,0.0700238952199357,-0.0374464289509298,0.00899036378951021,-0.0550672181862828,-0.0198256397155767,-0.0363941183797581,-0.00105231057117167
2372,0.199655912816525,1,0,0.110682604607598,0.0669684231120526,-0.0437141814955451,0.00949036981517056,-0.0623149645332455,-0.0251133984578448,-0.0416850553648418,-0.00202912613070332
2373,0.80923961289227,0,0,0.120057626020585,0.0591130237023871,-0.0609446023181974,0.0154535814766683,-0.0912330654446226,-0.0306561391917722,-0.057021875574095,-0.0039227267441024
2374,0.392059789039195,0,0,0.113570275141854,0.0643896965740478,-0.0491805785678059,0.0108222577035206,-0.0703918138981175,-0.0279693432374943,-0.046424144094127,-0.00275643447367892
2375,-0.703216270077974,1,0,0.0979769681765642,0.0803944503311382,-0.0175825178454261,0.0142168846252749,-0.0454470996833261,0.010282063992474,-0.0206080112082651,0.00302549336283904
2376,-0.0873812511563301,1,0,0.106494207981062,0.0709940480109063,-0.0355001599701561,0.00908855215618189,-0.0533133948678865,-0.0176869250724258,-0.0347819233474332,-0.000718236622722926
2377,0.268779519479722,1,0,0.111712564300758,0.0660311311180185,-0.0456814331827393,0.00988607693036556,-0.0650577879146481,-0.0263050784508305,-0.0433771167906619,-0.00230431639207736
2378,0.462284633424133,1,0,0.114640492973942,0.063471740303603,-0.0511687526703391,0.011466158472741,-0.0736420103179402,-0.0286954950227379,-0.0481768291756418,-0.00299192349469728
2379,0.591404654551297,1,0,0.116631183242462,0.0618156931482754,-0.0548154900941867,0.0128155479766544,-0.0799335025705745,-0.0296974776177989,-0.0514321140662901,-0.0033833760278966
2380,0.295714375097305,0,0,0.11211616409404,0.0656692151833425,-0.0464469489106973,0.0100669342458864,-0.0661777774673675,-0.0267161203540271,-0.0440396274777561,-0.00240732143294117
2381,0.103209272958338,1,0,0.109259423722157,0.0682968512886322,-0.0409625724335251,0.00912048830592501,-0.0588384010345568,-0.0230867438324933,-0.0393435880670931,-0.00161898436643198
2382,-0.296298449859023,0,0,0.103534094008952,0.0740633889347661,-0.0294707050741856,0.0100973843042904,-0.0492612146486547,-0.00968019549971649,-0.0298787974283835,0.000408092354197899
2383,0.0822394103743136,1,0,0.1089521218349,0.0685888986737611,-0.0403632231611386,0.00907044228080182,-0.0581409633553595,-0.0225854829669177,-0.0388374632787608,-0.00152575988237783
2384,-0.495459757279605,1,0,0.10078020496627,0.0771026186031944,-0.0236775863630753,0.0118473269362852,-0.0468979204712656,-0.000457252254884976,-0.0252962524426532,0.00161866607957789
2385,0.106304542627186,1,0,0.109304847562356,0.0682538411747235,-0.0410510063876324,0.00912882279899267,-0.0589431702949062,-0.0231588424803586,-0.0394183842829757,-0.0016326221046567
2386,-0.292296472005546,0,0,0.103590107385934,0.0740034625014528,-0.0295866448844812,0.0100691318159133,-0.0493217805992577,-0.00985150916970478,-0.0299717860101684,0.000385141125687181
2387,-0.297651613596827,1,0,0.103515160617517,0.0740836615827806,-0.029431499034736,0.0101070071552226,-0.0492408690504609,-0.00962212901901104,-0.0298473639464517,0.000415864911715736
2388,0.168780403677374,1,0,0.110225243535496,0.0673910622498532,-0.0428341812856428,0.00934776818389345,-0.0611554702619034,-0.0245128923093823,-0.0409330295026498,-0.00190115178299303
2389,-0.0585054317489266,0,0,0.106909159769162,0.0705791700687642,-0.0363299897003979,0.00903202532281843,-0.0540324340405758,-0.01862754536022,-0.0354675426643266,-0.000862447036071329
2390,-0.540364935528487,1,0,0.100168334221894,0.0778034948489932,-0.0223648393729003,0.0123203070009617,-0.0465121973732619,0.00178251862746122,-0.0242750667499326,0.00191022737703225
2391,0.64097357634455,0,0,0.117403341373114,0.0611907260532041,-0.0562126153199102,0.0133808940897164,-0.0824386858166991,-0.0299865448231212,-0.0526931908125846,-0.00351942450732557
2392,0.205398654565215,0,0,0.110767855287995,0.0668900854843729,-0.0438777698036219,0.00951929573449067,-0.0625352466014093,-0.0252202930058344,-0.0418251855486891,-0.00205258425493276
2393,0.659168931655586,0,1,0.117687889071132,0.0609628037656666,-0.0567250853054653,0.0135941128357682,-0.0833690568653446,-0.0300811137455859,-0.0531576951558928,-0.00356739014957246
2394,0.968060472048819,0,1,0.122610301922137,0.0572127613971597,-0.0653975405249774,0.0175826622000625,-0.0998589251894337,-0.0309361558605211,-0.0611765525475788,-0.00422098797739859
2395,0.595921965315938,1,0,0.116701368537171,0.0617584926620479,-0.0549428758751226,0.0128660859510003,-0.0801599409610801,-0.0297258107891652,-0.0515467753196331,-0.00339610055548954
2396,-0.741443693172187,1,0,0.0974688012632818,0.0810139557433881,-0.0164548455198938,0.014697052574168,-0.0452605392441548,0.0123508482043672,-0.0197553513090041,0.00330050578911032
2397,0.366603935603052,1,0,0.113184487295185,0.0647254896569629,-0.0484589976382217,0.0106072921289234,-0.0692489081844068,-0.0276690870920367,-0.0457918716450931,-0.00266712599312864
2398,0.0498167667537928,1,0,0.10847847901785,0.0690427267999975,-0.0394357522178524,0.00901537969775689,-0.0571055717324095,-0.0217659327032953,-0.0380569867756478,-0.0013787654422046
2399,-0.03456179657951,0,0,0.107254313750317,0.0702368563004683,-0.0370174574498482,0.00900166284267848,-0.0546603924224705,-0.019374522477226,-0.0360375338746123,-0.000979923575235901
2400,0.512775657232851,1,0,0.115415385807994,0.0628192924145313,-0.0525960933934623,0.0119705559331297,-0.0760579518973187,-0.0291342348896058,-0.0494447041645195,-0.00315138922894276
2401,0.985628692433238,0,0,0.122895520204027,0.0570061200928997,-0.0658894001111277,0.0178266806505988,-0.100829052150198,-0.0309497480720571,-0.0616403056691245,-0.00424909444200323
2402,-0.308330707252026,1,1,0.103365846767503,0.074243831406679,-0.0291220153608236,0.0101841791219645,-0.0490826396519788,-0.00916139106966843,-0.0295994373038794,0.000477421943055792
2403,0.903844160959125,1,0,0.121572597645267,0.0579740883779163,-0.0635985092673503,0.0167044625038782,-0.0963386541560513,-0.0308583643786494,-0.0594885250615713,-0.00410998420577904
2404,-0.594941989518702,0,0,0.0994291223157539,0.078663180205604,-0.0207659421101498,0.0129263919576482,-0.0461012047971885,0.0045693205768889,-0.0230398010730237,0.00227385896287388
2405,0.0534070725552738,1,0,0.108530838449209,0.068992335801687,-0.0395385026475223,0.00902012903873527,-0.0572176306993473,-0.0218593745956973,-0.0381432889693158,-0.0013952136782065
2406,0.513220032211393,0,0,0.115422225867823,0.0628135780470802,-0.0526086478207428,0.0119751355760199,-0.0760794822597261,-0.0291378133817594,-0.0494558916179718,-0.00315275620277096
2407,-0.351011518854648,0,0,0.102770989819691,0.0748871622803724,-0.0278838275393184,0.0105136380692614,-0.0484901795015599,-0.00727747557707693,-0.0286111127121882,0.000727285172869789
2408,0.18178836395964,0,0,0.110417729175432,0.0672127020743547,-0.043205027101077,0.00940516133895736,-0.061638804594222,-0.0247712496079321,-0.0412495781609781,-0.00195544894009891
2409,-0.456682907883078,1,0,0.101311240009713,0.0765020533276989,-0.0248091866820141,0.0114594824896957,-0.0472693596432851,-0.00234901372074317,-0.0261816087768104,0.00137242209479626
2410,0.518480208236724,1,0,0.115503220124092,0.0627459725107343,-0.0527572476133581,0.0120295243566338,-0.0763346821035077,-0.0291798131232086,-0.0495883585389115,-0.00316888907444664
2411,0.646800652146339,1,0,0.117494402998546,0.061117647203438,-0.0563767557951076,0.0134488574367517,-0.0827360320043546,-0.0300174795858606,-0.0528418549887533,-0.0035349008063543
2412,-0.475714733358473,1,0,0.101050296449567,0.0767962750542906,-0.0242540213952765,0.011647342151612,-0.0470823925280513,-0.00142565026250176,-0.0257466616807368,0.00149264028546027
2413,0.758372801356018,0,0,0.119249816759875,0.0597340414150816,-0.0595157753447933,0.0148046433311195,-0.0885323430777486,-0.0304992076118379,-0.0557054595864111,-0.00381031575838216
2414,-0.16818918613717,0,1,0.105340513010325,0.07216706661153,-0.0331734463987953,0.00935895099602308,-0.0515166532840758,-0.0148302395135147,-0.0328735437161877,-0.000299902682607558
2415,-0.153538943268359,0,0,0.105548852986111,0.0719530833934797,-0.0335957695926313,0.00929800943844675,-0.0518195332199004,-0.0153720059653621,-0.0332184066008105,-0.000377362991820764
2416,0.27484492957592,1,0,0.111803339233369,0.0659494705816315,-0.0458538686517378,0.00992555748504814,-0.0653076038489141,-0.0264001334545615,-0.0435261502647225,-0.00232771838701531
2417,-0.442414339631796,0,0,0.101507266979989,0.0762821474561037,-0.0252251195238852,0.0113219184690239,-0.047415671959071,-0.00303456708869946,-0.0265082189839032,0.00128309946001797
2418,-0.456422467716038,0,0,0.10131481502357,0.076498034243138,-0.0248167807804315,0.0114569460505945,-0.0472719824124152,-0.00236157914844794,-0.0261875662962275,0.00137078551579595
2419,0.546616609208286,1,0,0.115937293534075,0.0623855055751327,-0.0535517879589423,0.0123258959001303,-0.0777101000003876,-0.029393475917497,-0.0502981176756822,-0.00325367028326012
2420,-0.513213329017162,1,0,0.100537901970061,0.0773790205994081,-0.0231588813706525,0.0120313873056957,-0.0467399671738685,0.00042220443256339,-0.0248919962667021,0.00173311489604956
2421,-0.443844768684357,0,0,0.10148760004291,0.0763041669170776,-0.0251834331258327,0.0113355796785207,-0.0474007610396173,-0.00296610521204811,-0.0264754560206677,0.00129202289483499
2422,0.123095442540944,1,0,0.109551546919844,0.0680209614699698,-0.0415305854498742,0.00917823274494283,-0.0595195910716884,-0.0235415798280601,-0.0398245324529672,-0.00170605299690704
2423,0.570484664291143,0,0,0.116306627657934,0.0620812385119853,-0.0542253891459486,0.0125842067853512,-0.0788899812192415,-0.0295607970726557,-0.050901795253422,-0.00332359389252661
2424,0.922957235015929,1,0,0.121880662160356,0.0577465018334678,-0.0641341603268887,0.0169635233158271,-0.0973820550768152,-0.0308862655769621,-0.0599897789027588,-0.00414438142412988
2425,-0.226266777142882,1,0,0.104518162662533,0.0730211411261353,-0.0314970215363975,0.00964966770742794,-0.0504100227057355,-0.0125840203670596,-0.0315112604665554,1.42389301578602e-05
2426,-0.931864966638386,0,0,0.0949723684528038,0.0841651597620438,-0.0108072086907599,0.0172464949997882,-0.0446097177498949,0.022995300368375,-0.0155530575722497,0.00474584888148978
2427,0.309369559865445,1,0,0.112321263674124,0.0654864396358726,-0.0468348240382513,0.0101639627848904,-0.0667558250368418,-0.0269138230396608,-0.0443761856174644,-0.00245863842078689
2428,-0.851706203538924,1,0,0.0960162033598594,0.0828252996192934,-0.013190903740566,0.0161436995390732,-0.0448319734143854,0.0184501659332533,-0.0173129720218935,0.00412206828132747
2429,0.883215743117034,1,0,0.121240861846946,0.0582206630383512,-0.0630201988085948,0.0164271638007143,-0.0952168482261349,-0.0308235493910547,-0.058948632764107,-0.00407156604448784
2430,-0.816390918102115,1,0,0.096479328149434,0.0822411811919985,-0.0142381469574355,0.0156709937261516,-0.0449527302626457,0.0164764363477748,-0.0180924938001137,0.00385434684267824
2431,0.740034950897098,0,0,0.118959750164517,0.0599594174025372,-0.0590003327619796,0.0145751512717157,-0.0875671043237656,-0.0304335612001936,-0.0552325588799889,-0.00376777388199068
2432,0.566123868804425,0,0,0.116239072541154,0.0621367257486249,-0.0541023467925295,0.0125365558718522,-0.0786735447915339,-0.0295311487935251,-0.0507913915549111,-0.0033109552376184
2433,-0.993655808735639,0,0,0.0941746667117246,0.0852114014201732,-0.00896326529155141,0.0181228019082254,-0.044483304330627,0.0265567737475242,-0.0142052730786339,0.00524200778708249
2434,0.150468533858657,1,0,0.109954771414523,0.0676428918414904,-0.0423118795730322,0.00927374826117242,-0.0604880921666211,-0.0241356669794433,-0.0404881055418927,-0.00182377403113946
2435,-0.0189658710733056,0,0,0.107479660212695,0.0700147129239555,-0.0374649472887394,0.00899000896141132,-0.055085041073798,-0.0198448535036809,-0.0364095277129224,-0.00105541957581705
2436,-0.833289356902242,0,0,0.0962574735198067,0.0825202137128939,-0.0137372598069128,0.0158961341482554,-0.0448931102309106,0.017418590617085,-0.0177191714544752,0.00398191164756238
2437,-0.413358005229384,1,0,0.101907494222316,0.0758361258913508,-0.0260713683309655,0.0110508691417265,-0.0477306738466145,-0.00441206281531654,-0.0271747092220797,0.00110334089111416
2438,0.505309576168656,1,0,0.11530051655246,0.0629153738210681,-0.0523851427313921,0.011893966580172,-0.0756968888618522,-0.0290733966009319,-0.0492568156053992,-0.00312832712599286
2439,0.682800049427897,1,0,0.118058335817022,0.0606679758896931,-0.0573903599273294,0.0138753126371259,-0.0845854729703296,-0.0301952468843291,-0.0537622544790201,-0.00362810544830926
2440,-0.538571698591113,0,0,0.100192705166917,0.0777753946725018,-0.0224173104944147,0.0123009566640688,-0.0465267425313775,0.00169212154254814,-0.0243157628149168,0.00189845232050213
2441,0.0827604867517948,0,0,0.10895974872493,0.068581627644121,-0.0403781210808092,0.0090715495099967,-0.0581580314043747,-0.0225982107572437,-0.0388500271174184,-0.00152809396339077
2442,0.595280803740025,1,0,0.116691404601207,0.0617666083639882,-0.0549247962372186,0.0128589004748488,-0.0801277780487073,-0.0297218144257299,-0.0515304977430041,-0.00339429849421447
2443,-0.0370294726453722,1,1,0.107218696265742,0.0702720647388355,-0.0369466315269062,0.00900409519936873,-0.0545943338310389,-0.0192989292227735,-0.0359787273140465,-0.000967904212859735
2444,0.171904958318919,0,0,0.110271452372299,0.0673481795236385,-0.0429232728486604,0.00936119281598821,-0.0612708736203324,-0.0245756720769884,-0.0410090280471591,-0.00191424480150131
2445,0.0434908717870712,0,1,0.108386278947574,0.0691315955157663,-0.039254683431808,0.0090078336734176,-0.0569097130104337,-0.0215996538531824,-0.0379050023773372,-0.00134968105447083
2446,-0.673108205199242,0,0,0.0983788635392324,0.0799095720547456,-0.0184692914844868,0.0138472774381858,-0.045609456547265,0.00867087357829131,-0.0212817307075642,0.00281243922307736
2447,0.199724127072841,1,0,0.110683616907209,0.0669674920912668,-0.0437161248159422,0.0094907090512806,-0.0623175727442005,-0.025114676887684,-0.0416867194074938,-0.00202940540844844
2448,0.879258179105818,0,0,0.121177307582851,0.05826808076533,-0.062909226817521,0.0163742432019311,-0.0950021537674058,-0.0308162998676362,-0.0588451849783514,-0.00406404183916958
2449,-0.68277343781665,1,0,0.0982496880671473,0.080064934994469,-0.0181847530726783,0.0139650747986658,-0.0455557967194711,0.00918629057411455,-0.0210652463036705,0.00288049323099221
2450,-0.207426401320845,1,0,0.104784309909338,0.0727430638208537,-0.0320412460884842,0.00954697437531278,-0.0507529720254241,-0.0133295201515444,-0.0319523392526302,-8.89068358540315e-05
2451,0.230640264693648,1,0,0.111143247467299,0.0665467685189341,-0.0445964789483654,0.00965509856959254,-0.063520124411951,-0.0256728334847798,-0.0424420674719281,-0.00215441147643729
2452,-0.562588955741376,1,0,0.0998667361596363,0.0781525194042288,-0.0217142167554075,0.0125631644261725,-0.0463375665625605,0.0029091330517454,-0.023771287016379,0.00205707026097148
2453,-0.851101175416261,1,0,0.0960241209454241,0.0828152606918444,-0.0132088602535798,0.0161355307902414,-0.0448339194738899,0.0184161989667304,-0.0173263053976012,0.00411744514402144
2454,-0.0205095349811018,1,0,0.107457337163906,0.0700366713760966,-0.0374206657878092,0.00899087576121897,-0.0550424584692726,-0.0197988731063459,-0.0363726827267577,-0.00104798306105153
2455,0.0587147818878293,0,0,0.108608284394033,0.0689179029190007,-0.0396903814750322,0.00902776770866251,-0.0573844810448044,-0.02199628190526,-0.0382709296293413,-0.00141945184569092
2456,0.786326744128019,0,0,0.119693166403509,0.059392007632409,-0.0603011587711004,0.0151590826590017,-0.0900124148214094,-0.0305899027207913,-0.0564280502390217,-0.00387310853207867
2457,-0.230409233365208,0,0,0.104459724677501,0.0730824135106966,-0.0313773111668045,0.00967329359041957,-0.050336618215909,-0.0124180041177,-0.0314143885312659,3.70773644613812e-05
2458,0.266966558527201,0,0,0.1116854440361,0.066055557820395,-0.0456298862157047,0.00987441930123088,-0.0649833924143644,-0.0262763800170451,-0.0433325880289374,-0.00229729818676734
2459,0.0386312580667436,1,0,0.10831549672162,0.0691999372307496,-0.0391155594908709,0.00900275046423448,-0.0567606261625717,-0.02147049281917,-0.0377883111612761,-0.00132724832959476
2460,-0.153880496509373,0,0,0.105543991648786,0.0719580654911508,-0.0335859261576351,0.00929937155938158,-0.0518123594928791,-0.0153594928223911,-0.0332103608956023,-0.0003755652620328
2461,0.558876779861748,1,0,0.116126879880849,0.0622290409333809,-0.053897838947468,0.0124578133748724,-0.0783147044883394,-0.0294809734065967,-0.0506080226921208,-0.00328981625534723
2462,-0.503444660454988,1,0,0.100671161900427,0.0772268219099815,-0.023444339990445,0.0119296228960899,-0.0468259712159255,-6.27087649644302e-05,-0.0251143480233892,0.00167000803294423
2463,-0.66766027873382,0,0,0.0984517415328005,0.0798221211989961,-0.0186296203338044,0.0137812430140918,-0.0456403603036186,0.00838111963600978,-0.0214038417592986,0.00277422142549419
2464,0.399130081757903,1,0,0.113677629899193,0.0642967192113342,-0.0493809106878585,0.0108837859381135,-0.0707127391420045,-0.0280490822337126,-0.0466000440186039,-0.00278086666925464
2465,0.753291206434369,0,0,0.11916937531861,0.0597964156905288,-0.0593729596280816,0.0147408042388629,-0.0882644050394083,-0.0304815142167549,-0.0555743254696033,-0.00379863415847832
2466,0.988251828588545,0,0,0.122938155472988,0.0569753264142855,-0.0659628290587029,0.017863248884785,-0.100974153519757,-0.030951504597649,-0.0617096212553007,-0.0042532078034022
2467,-0.73167638387531,0,0,0.0975984165541572,0.0808552560460993,-0.0167431605080579,0.0145732487599931,-0.0453062032153874,0.0118198821992716,-0.0199729194345374,0.00322975892647949
2468,-0.686462943442166,0,0,0.0982004178325069,0.0801243143256251,-0.0180761035068819,0.0140102565215376,-0.045535701703263,0.00938349468949926,-0.0209826597830688,0.00290655627618695
2469,0.592474633362144,1,0,0.116647804152766,0.0618021400613503,-0.0548456640914161,0.012827500053701,-0.0799871022083556,-0.0297042259744766,-0.0514592681910021,-0.00338639590041399
2470,0.657605516258627,1,1,0.117663416179501,0.0609823565155158,-0.0566810596639854,0.0135756776219927,-0.0832888988688175,-0.0300732204591533,-0.0531177493285553,-0.00356331033543007
2471,0.0454087308607996,1,0,0.108414224515629,0.0691046414808236,-0.0393095830348052,0.00901001054025815,-0.0569688791940375,-0.021650286875573,-0.037951070326954,-0.00135851270785122
2472,0.740671625826508,0,0,0.118969810800848,0.0599515792123975,-0.0590182315884506,0.0145830777929625,-0.087600538846403,-0.0304359243304982,-0.0552489627553089,-0.00376926883314172
2473,-0.427010715007782,1,0,0.101719265364228,0.0760453992703953,-0.0256738660938331,0.0111766771357338,-0.0475797507467036,-0.00376798144096269,-0.0268613134179192,0.00118744732408606
2474,-0.867578690871596,0,0,0.095808699423552,0.0830890595758396,-0.0127196398477125,0.0163588547496618,-0.0447824059853715,0.0193431262899466,-0.0169634476913206,0.00424380784360813
2475,0.322855879552662,1,0,0.112524148510204,0.0653063887807486,-0.0472177597294551,0.0102631952021594,-0.0673332526919918,-0.0271022667669185,-0.0447090350589033,-0.00250872467055182
2476,0.713975504040718,1,0,0.118548594020304,0.0602810631691708,-0.0582675308511328,0.0142533337529209,-0.0862035516664869,-0.0303315100357786,-0.0545620539517156,-0.00370547689941715
2477,0.0544169950298965,1,0,0.108545570711084,0.0689781673803069,-0.0395674033307766,0.0090215257730858,-0.0572492689316247,-0.0218855377299286,-0.038167570576685,-0.00139983275409164
2478,-0.783830099273473,0,0,0.0969080977324483,0.0817059474026839,-0.0152021503297643,0.0152428049868468,-0.0450774991273516,0.0146731984678229,-0.0188134915353935,0.00361134120562916
2479,-0.135782799683511,0,1,0.105801848829834,0.0716945196398761,-0.0341073291899579,0.00923110373613832,-0.0521999600503422,-0.0160146983295737,-0.0336370452397715,-0.000470283950186445
2480,0.427418776787817,0,0,0.114108048612843,0.0639259604398128,-0.05018208817303,0.0111375464092017,-0.0720112780112087,-0.0283528983348513,-0.0473050872780739,-0.00287700089495611
2481,0.206770678982139,1,0,0.110788231419347,0.0668713820810508,-0.0439168493382966,0.00952631601467625,-0.0625880856324092,-0.025245613044184,-0.0418586765856815,-0.00205817275261508
2482,-0.370132642332464,1,0,0.102505476726159,0.0751770349548244,-0.0273284417713346,0.0106716349749677,-0.0482444619784293,-0.00641242156423999,-0.0281696616505088,0.000841219879174158
2483,0.949401823338121,1,0,0.12230800438333,0.0574329988976834,-0.0648750054856464,0.0173252308344161,-0.0988318339449447,-0.0309181770263481,-0.0606849317200361,-0.0041900737656103
2484,0.0455925967544317,1,0,0.108416904000532,0.0691020578981709,-0.0393148461023607,0.00901022430973281,-0.0569745612420643,-0.0216551309626572,-0.0379554873389667,-0.00135935876339405
2485,0.443840836640447,0,0,0.114358564685668,0.0637116435361836,-0.0506469211494847,0.0112902162390303,-0.0727753383556533,-0.0285185039433161,-0.047715301204886,-0.0029316199445987
2486,-0.951218528673053,1,0,0.094721871302253,0.0844915931123429,-0.0102302781899101,0.0175186059866202,-0.0445661149830336,0.0241055586032133,-0.015130092681108,0.00489981449119787
2487,-0.19101201556623,1,0,0.105016674177235,0.0725015890994863,-0.0325150850777488,0.00946399549629125,-0.0510641754003289,-0.0139659947551687,-0.0323372837733605,-0.000177801304388332
2488,0.97598793823272,1,0,0.122738932966151,0.0571194298112335,-0.0656195031549177,0.0176925791973373,-0.100296321175321,-0.0309426851345139,-0.0613857122840396,-0.00423379087087809
2489,0.884664813987911,0,0,0.121264139567821,0.0582033099883626,-0.063060829579458,0.0164465634962086,-0.095295501701478,-0.0308261574574381,-0.0589865209085787,-0.00407430867087932
2490,0.318132710643113,0,0,0.112453057947524,0.0653693936060093,-0.0470836643415146,0.0102280629294921,-0.0671302993149284,-0.0270370293681008,-0.0445924134597914,-0.00249125088172319
2491,-0.716597539838403,0,0,0.0977988194437484,0.0806108109747408,-0.0171880084690077,0.0143836148575318,-0.0453793755572653,0.0110033586192499,-0.0203091945992303,0.00312118613022262
2492,-0.925850706640631,0,0,0.0950503329398138,0.0840639517069752,-0.0109863812328386,0.0171623839332922,-0.0446240356309401,0.022651273165263,-0.0156846507233581,0.00469826949051952
2493,-0.243677977938205,0,0,0.104272735612074,0.0732789946546712,-0.0309937409574032,0.00975146076786559,-0.050106252859075,-0.0118812290557313,-0.0311043600166057,0.000110619059202524
2494,-0.566283972002566,0,0,0.0998166701198691,0.0782106877745114,-0.0216059823453576,0.0126040781268112,-0.0463095215322366,0.00309755684152141,-0.0236876307191471,0.00208164837378949
2495,0.119028920307755,1,0,0.109491754998043,0.0680772940089126,-0.0414144609891306,0.00916561898472898,-0.059378744095216,-0.0234501778830452,-0.0397261067716263,-0.00168835421750428
2496,0.9486303916201,1,0,0.122295519874627,0.0574421216150484,-0.064853398259579,0.0173146265386708,-0.0987894426811352,-0.0309173538380228,-0.0606646262173233,-0.00418877204225571
2497,0.386481205467135,0,0,0.113485632773566,0.064463145672751,-0.0490224871008151,0.0107742619161895,-0.0701396524165481,-0.0279053217850821,-0.0462854444582602,-0.00273704264255489
2498,-0.198215942829847,1,0,0.104914638455932,0.0726074761363729,-0.0323071623195594,0.00949965849329211,-0.0509261508318419,-0.0136881738072768,-0.0321682637954682,-0.000138898524091151
2499,-0.440475157927722,0,1,0.101533934143853,0.0762523057655968,-0.0252816283782558,0.0113034451188798,-0.0474359737124852,-0.00312728304402632,-0.0265526417506215,0.00127101337236574
2500,0.971890640445054,0,0,0.122672435738134,0.0571676502150301,-0.0655047855231039,0.0176357287783406,-0.100070178769768,-0.0309393922764397,-0.0612775871271409,-0.00422719839596297
2501,-0.0957778487354517,1,0,0.106373813554922,0.071115109531655,-0.0352587040232667,0.00910902878420738,-0.0531120723744518,-0.0174053356720815,-0.0345829220327535,-0.000675781990513151
2502,-0.4943463713862,1,0,0.100795417863734,0.0770853146948802,-0.0237101031688536,0.0118359160723613,-0.0469080723947205,-0.000512133942986638,-0.0253216275677252,0.00161152439887165
2503,-0.352095585782081,0,1,0.10275592035688,0.0749035690285151,-0.0278523513283649,0.0105224286728326,-0.0484759325570084,-0.00722877009972132,-0.0285860629564906,0.000733711628125727
2504,-0.999869270715863,1,0,0.0940947857800412,0.0853172578412282,-0.00877752793881299,0.0182121119892559,-0.0444726115201647,0.0269175556425387,-0.0140701675203247,0.00529263958151171
2505,0.811287741642445,0,0,0.120090250847235,0.0590881458526507,-0.0610021049945838,0.0154800751066478,-0.0913424946815886,-0.0306617153075791,-0.0570750241016945,-0.00392708089288932
2506,-0.410875885281712,1,0,0.101941748174094,0.0757981359492216,-0.0261436122248728,0.0110282986128928,-0.0477586803168957,-0.0045285441328498,-0.0272317301173801,0.00108811789250733
2507,0.855693547055125,1,0,0.1207994790989,0.058551172322418,-0.0622483067764815,0.0160610444581968,-0.0937273754686438,-0.0307692380843192,-0.0582300917002864,-0.00401821507619512
2508,-0.510813493747264,1,0,0.100570624954795,0.0773416050274362,-0.0232290199273588,0.0120062778523413,-0.0467608921063287,0.000302852251611051,-0.0249466014353554,0.00171758150799658
2509,0.010614818893373,0,1,0.107908217531664,0.0695951589276068,-0.038313058604057,0.008985588181815,-0.0559244878203231,-0.0207016293877908,-0.0371166614893047,-0.00119639711475228
2510,0.0198055729269981,0,0,0.108041676317651,0.0694652773643683,-0.0385763989532831,0.00898893264920698,-0.056194383205185,-0.0209584147013813,-0.0373367900563357,-0.00123960889694744
2511,-0.400760697200894,1,0,0.102081446178185,0.0756434991312702,-0.0264379470469145,0.0109372973580208,-0.0478746559568404,-0.00500123813698855,-0.0274642437965436,0.00102629674962911
2512,0.337000109255314,1,0,0.112737274508994,0.0651180491826702,-0.0476192253263233,0.0103708035657783,-0.0679456268059883,-0.0272928238466583,-0.0450586070302924,-0.0025606182960309
2513,0.0445632007904351,0,0,0.108401903321453,0.0691165235566332,-0.0392853797648202,0.00900903891808352,-0.0569427715795836,-0.0216279879500568,-0.0379307591861839,-0.00135462057863629
2514,-0.96524160541594,1,0,0.0945407374949613,0.0847288356294999,-0.00981190186546144,0.0177171281886455,-0.0445368350246859,0.024913031293763,-0.0148240940530481,0.00501219218758666
2515,0.924727742560208,1,0,0.121909233196184,0.0577254622296758,-0.0641837709665081,0.0169876226630184,-0.0974788995689805,-0.0308886423640357,-0.0600362615255158,-0.00414750944099233
2516,0.777549555059522,0,0,0.119553806980518,0.0594992038921381,-0.0600546030883801,0.0150472078093522,-0.0895465884626001,-0.03056261771416,-0.0562009432658369,-0.00385365982254316
2517,0.804853469133377,1,0,0.119987784489161,0.0591663335650521,-0.0608214509241092,0.0153969367025195,-0.0909988923332904,-0.0306440095149281,-0.0569080935116608,-0.00391335741244845
2518,-0.4614421678707,0,0,0.101245930239327,0.0765755318270445,-0.0246703984122828,0.0115059979972413,-0.0472217400930657,-0.00211905673149987,-0.0260727678046575,0.0014023693923747
2519,-0.417147558648139,0,0,0.101855217003279,0.0758941603934184,-0.0259610566098601,0.0110855089034232,-0.0476882548108676,-0.0042338584088526,-0.0270876793618337,0.00112662275197358
2520,-0.109225570224226,1,0,0.106181243502562,0.0713093949785722,-0.0348718485239901,0.00914557059561152,-0.0527968375094572,-0.016946859538523,-0.0342645497126833,-0.000607298811306799
2521,-0.660591866355389,0,0,0.0985463687620929,0.0797087883502656,-0.0188375804118273,0.0136959627401874,-0.0456811741161971,0.00800601329254257,-0.0215623683222594,0.00272478791043211
2522,-0.592126328963786,1,0,0.0994671396511281,0.0786186168075857,-0.0208485228435424,0.0128943405673881,-0.0461209659600169,0.00442392027293204,-0.0231033724887675,0.00225484964522507
2523,0.0395758487284184,0,0,0.108329251883692,0.0691866483695644,-0.0391426035141279,0.00900368989817406,-0.0567895114425162,-0.0214956955857397,-0.0378109886969889,-0.00133161481713902
2524,0.559673821087927,1,0,0.116139214323419,0.0622188817643081,-0.0539203325591105,0.0124664459924983,-0.0783541177196207,-0.0294865473986002,-0.0506281831595454,-0.00329214939956508
2525,-0.834399605169892,1,0,0.0962429133662087,0.0825385766243137,-0.013704336741895,0.0159109942016944,-0.0448893123354416,0.0174806388516517,-0.01769466426539,0.00399032752349504
2526,0.954499609768391,1,0,0.122390532273564,0.0573727482166823,-0.0650177840568817,0.0173953847545213,-0.0991121116729606,-0.0309234564408029,-0.0608191553277275,-0.00419862872915425
2527,0.531902953051031,1,0,0.115710122563077,0.0625737664667193,-0.0531363560963582,0.0121697819151285,-0.0769886903497168,-0.0292840218429995,-0.0499267034925078,-0.00320965260385035
2528,-0.633770787157118,0,0,0.0989061688594052,0.0792800828621676,-0.0196260859972375,0.0133765405520129,-0.0458436237169223,0.00659145172244728,-0.0221648607159249,0.00253877471868737
2529,0.768523876089603,1,0,0.119410648428039,0.0596096239596962,-0.0598010244683427,0.0149327210070873,-0.0890686198334184,-0.0305334291032669,-0.0559676192264897,-0.00383340524185295
2530,0.981571190990508,1,0,0.122829596454227,0.0570537829613728,-0.065775813492854,0.0177701843469703,-0.100604734811553,-0.0309468921741548,-0.0615331242513108,-0.00424268924154322
2531,-0.181390973739326,0,0,0.105153082272472,0.0723603960699513,-0.0327926862025204,0.00941823071016812,-0.051252079192539,-0.0143332932125018,-0.0325632001437865,-0.00022948605873388
2532,0.357690974604338,0,0,0.113049680285664,0.0648434470374569,-0.0482062332482068,0.010534526022585,-0.0688535248466734,-0.0275589416497402,-0.0455708743969181,-0.00263535885128868
2533,-0.150901889894158,1,0,0.105586392893326,0.071914628483693,-0.0336717644096334,0.00928758774878951,-0.0518751019005163,-0.0154684269187506,-0.0332805346841192,-0.000391229725514246
2534,0.555148015264422,0,0,0.116069191286929,0.0622765887221831,-0.0537926025647457,0.012417518934269,-0.0781304924532571,-0.0294547126762343,-0.0505137284808646,-0.0032788740838811
2535,0.776285094209015,1,0,0.119533742120038,0.0595146617448675,-0.0600190803751708,0.0150311345526853,-0.0894795627452096,-0.030558598005132,-0.0561682425439834,-0.00385083783118739
2536,-0.0688448268920183,0,0,0.106760417093863,0.0707274648652221,-0.0360329522286404,0.00904977793374604,-0.053770191046868,-0.0182957134104129,-0.0352218230579728,-0.000811129170667634
2537,0.313826934900135,0,0,0.112388283939166,0.0654268798605918,-0.0469614040785743,0.0101963904264242,-0.0669459620866747,-0.0269768460704739,-0.044486146086109,-0.00247525799246531
2538,0.971872158814222,1,0,0.122672135860123,0.0571678678088218,-0.0655042680513009,0.0176354725374149,-0.100069159074979,-0.0309393770276225,-0.061277099511548,-0.00422716853975286
2539,0.241037886124104,1,0,0.111298203898697,0.0664058245065069,-0.0448923793921902,0.00971505336272538,-0.0639335340910167,-0.0258512246933637,-0.0426966290950995,-0.00219575029709068
2540,-0.945261090993881,0,1,0.0947989165605121,0.0843909877483981,-0.010407928812114,0.0174346111494225,-0.0445791387494427,0.0237632811252146,-0.0152602099403578,0.00485228112824376
2541,0.678581119515002,1,0,0.11799212493952,0.0607205143569243,-0.0572716105825961,0.0138247633965508,-0.0843676489346232,-0.0301755722305691,-0.0536542139913104,-0.00361739659128574
2542,-0.588050573598593,1,0,0.099522193820485,0.078554150821081,-0.020968042999404,0.0128480911905268,-0.0461498390029228,0.00421375300411485,-0.0231954241731713,0.0022273811737673
2543,-0.267570794560015,0,0,0.103936773090726,0.0736342034948916,-0.0303025695958345,0.00990157063520769,-0.0497092914312209,-0.010895847760448,-0.0305471050855752,0.000244535489740735
2544,-0.539552704896778,0,0,0.100179372170716,0.0777907659738583,-0.0223886061968579,0.0123115378208419,-0.0465187769200107,0.00174156452629501,-0.0242934988068757,0.00190489261001783
2545,-0.941116563044488,0,0,0.0948525492398866,0.0843210617922477,-0.010531487447639,0.0173762987573448,-0.044588407196643,0.023525432301365,-0.0153507732903189,0.00481928584267993
2546,-0.0687057860195637,1,0,0.106762416128461,0.0707254687360982,-0.0360369473923628,0.00904952072869839,-0.0537736820979603,-0.0183002126867653,-0.035225125757816,-0.000811821634546794
2547,0.465815635863692,0,0,0.114694536146299,0.063425907786782,-0.0512686283595169,0.0115003669451586,-0.0738089333810227,-0.0287283233380111,-0.0482652853222677,-0.00300334303724923
2548,0.113759849686176,0,0,0.10941432403156,0.068150349474883,-0.0412639745566773,0.00914988905700499,-0.0591974275709442,-0.0233305215424103,-0.0395986339321344,-0.00166534062454286
2549,0.202162790112197,0,0,0.110719811993742,0.0669342159434823,-0.0437855960502601,0.00950290566588884,-0.0624109489038838,-0.0251602431966363,-0.0417462164638714,-0.00203937958638868
2550,0.903018127661198,1,1,0.121559298777032,0.0579839432180866,-0.0635753555589454,0.0166933121312358,-0.0962936461188532,-0.0308570649990376,-0.0594668839250009,-0.00410847163394449
2551,0.940202129539102,0,1,0.122159192059101,0.0575418803685377,-0.0646173116905634,0.0171989741724548,-0.0983266816396095,-0.0309079417415173,-0.0604428837006401,-0.00417442798992331
2552,0.610308846924454,0,0,0.116925141310723,0.0615766480012386,-0.055348493309484,0.0130283835695252,-0.0808836558825268,-0.0298133307364413,-0.0519123033812091,-0.00343618992827494
2553,-0.193265606183559,1,0,0.104984745129018,0.0725346982269305,-0.0324500469020878,0.00947502412629722,-0.0510207529422785,-0.0138793408618972,-0.032284396800088,-0.000165650101999815
2554,0.881941408384591,0,1,0.121220394252135,0.0582359275827857,-0.0629844666693493,0.0164101134583535,-0.0951476980299382,-0.0308212353087604,-0.0589153180147343,-0.00406914865461502
2555,-0.471823256928474,0,0,0.101103603550598,0.0767360306805672,-0.0243675728700306,0.0116085321147972,-0.0471198777284098,-0.00161526801165142,-0.0258355317065245,0.00146795883649389
2556,-0.79073338676244,1,0,0.0968170515367499,0.0818191577058682,-0.0149978938308818,0.0153329539337509,-0.0450499313176452,0.0150541436558816,-0.0186604482313281,0.00366255440044633
2557,-0.519859741907567,0,0,0.100447324082381,0.0774827306770757,-0.0229645934053056,0.0121012960828428,-0.046682697893933,0.000753511083321858,-0.024740830979751,0.00177623757444543
2558,0.418064038734883,0,0,0.113965557322091,0.0640483450244279,-0.0499172122976633,0.0110523136876388,-0.0715793490712745,-0.0282550755240521,-0.0470717150293377,-0.00284549726832561
2559,-0.0762533042579889,1,0,0.106653950722906,0.0708338993768228,-0.0358200513460835,0.00906420850444781,-0.0535855735631629,-0.0180545291290042,-0.0350459115243241,-0.000774139821759418
2560,-0.585171634797007,0,0,0.0995610980574584,0.0785086439574146,-0.0210524541000438,0.0128155273849601,-0.0461704262174525,0.00406551801736482,-0.0232604670057919,0.00220801290574806
2561,-0.867573670577258,0,0,0.0958087649913513,0.0830889760308141,-0.0127197889605372,0.0163587864403513,-0.044782421214408,0.0193428432933336,-0.0169635581606832,0.004243769200146
2562,-0.170039888937026,1,0,0.1053142201349,0.0721941399147865,-0.0331200802201131,0.00936701361724858,-0.0514790895526166,-0.0147610708876097,-0.0328300138138149,-0.000290066406298244
2563,-0.988888990599662,1,0,0.0942359906198452,0.0851302716804974,-0.00910571893934783,0.0180544300321742,-0.0444917515638075,0.0262803136851118,-0.0143089749847839,0.00520325604543607
2564,-0.0764519525691867,1,0,0.106651097258535,0.0708367553103014,-0.0358143419482332,0.00906461503129981,-0.0535806609433012,-0.0180480229531651,-0.0350411964591404,-0.000773145489092783
2565,0.580637109000236,0,0,0.116464036007294,0.0619522369087744,-0.0545117990985197,0.0126959147602368,-0.0793953347793743,-0.0296282634176651,-0.0511590175440261,-0.0033527815544936
2566,-0.1519228015095,0,0,0.10557185825745,0.0719295137081874,-0.0336423445492629,0.00929160245678179,-0.0518535507232191,-0.0154311383753067,-0.0332564804495309,-0.000385864099732007
2567,0.321459314785898,0,0,0.112503124093565,0.0653250124063127,-0.047178111687252,0.0102527649413589,-0.0672731617142703,-0.0270830616602336,-0.0446745461723447,-0.00250356551490729
2568,-0.181564536876976,0,1,0.105150620092558,0.0723629409385714,-0.0327876791539866,0.00941903727546992,-0.0512486529829479,-0.0143267053250253,-0.0325591227417475,-0.000228556412239088
2569,0.734547150786966,1,0,0.118873063322137,0.0600270182281725,-0.0588460450939649,0.0145069537461181,-0.0872791519617447,-0.030412938226185,-0.055091210399794,-0.00375483469417087
2570,-0.686067346017808,0,0,0.0982056996483243,0.0801179456111394,-0.0180877540371849,0.0140054063919235,-0.045537846154202,0.0093623380798322,-0.0209915135291308,0.00290375949194591
2571,-0.713414122350514,1,0,0.0978411750067551,0.0805592904539602,-0.0172818845527949,0.014343815592112,-0.0453952465142186,0.0108314774086287,-0.0203802492985474,0.00309836474575247
2572,-0.746061616577208,1,0,0.097407573430464,0.0810890868258779,-0.016318486604586,0.0147558468838617,-0.0452394150583425,0.0126024418491705,-0.0196525558105224,0.00333406920593639
2573,0.133118461817503,0,0,0.109699042198527,0.0678822994974624,-0.0418167427010647,0.00921107407932684,-0.0598701161554757,-0.0237633692466537,-0.0400672986892206,-0.0017494440118441
2574,-0.318069859873503,1,0,0.103229841223758,0.0743901812120864,-0.0288396600116716,0.0102564342828427,-0.0489419018158452,-0.00873741820749796,-0.0293735560177979,0.000533896006126303
2575,0.313802855554968,0,0,0.112387921792783,0.0654272014752069,-0.0469607203175763,0.0101962142612004,-0.0669449330481827,-0.0269765075869698,-0.0444855519324671,-0.00247516838510918
2576,-0.269826629664749,1,0,0.10390510274825,0.0736678222257388,-0.0302372805225114,0.00991635081289294,-0.0496729709738461,-0.0108015900711768,-0.030494558835406,0.000257278312894571
2577,0.793578152544796,0,0,0.119808406172994,0.0593035823262694,-0.0605048238467249,0.0152519054658993,-0.0903980092554971,-0.0306116384379527,-0.0566158320294232,-0.00388899181730169
2578,0.452029421459883,0,0,0.114483659197486,0.0636050283663969,-0.0508786308310893,0.0113677562209338,-0.0731590236091506,-0.028598238053028,-0.0479201019037013,-0.002958528927388
2579,0.781040165573359,1,0,0.119609212189435,0.0594565511980022,-0.0601526609914333,0.0150916361533406,-0.0897317243197634,-0.0305735976631031,-0.0562912372803327,-0.00386142371110055
2580,-0.921671035233885,0,0,0.0951045488874276,0.0839936812479684,-0.0111108676394592,0.0171040570697052,-0.0446342034855991,0.0224124682066807,-0.0157761457394655,0.00466527810000634
2581,0.136827374342829,0,0,0.109753665390204,0.0678310555624966,-0.0419226098277073,0.00922385443965388,-0.0600010323280688,-0.0238441873273458,-0.0401571931822157,-0.00176541664549163
2582,-0.568836244288832,0,0,0.0997821008507428,0.0782508897614871,-0.0215312110892557,0.0126324260207975,-0.0462903111273854,0.00322788894887405,-0.0236298636597051,0.00209865257044945
2583,-0.269386083818972,1,0,0.103911287032469,0.073661255657067,-0.0302500313754018,0.00991345625383208,-0.0496800485952261,-0.0108200141555776,-0.0305048197762135,0.000254788400811667
2584,0.00777531880885363,1,0,0.107867014509617,0.0696353314806738,-0.038231683028943,0.00898500696458653,-0.0558419730803741,-0.0206213929775119,-0.0370486928136699,-0.0011829902152731
2585,-0.31411448540166,0,0,0.10328505822202,0.0743307120123713,-0.0289543462096487,0.0102268757085359,-0.0489986542727466,-0.00891003814655075,-0.0294652677705827,0.000510921560934022
2586,0.833332657814026,0,0,0.120441891168778,0.0588209950783914,-0.0616208960903865,0.0157669471388549,-0.0925235446286889,-0.0307182475520841,-0.0576477915365159,-0.00397310455387061
2587,0.613033496309072,1,0,0.116967562262838,0.0615422658717801,-0.055425296391058,0.013059346794659,-0.0810211457702083,-0.0298294470119077,-0.0519815888997998,-0.00344370749125822
2588,0.788114997092634,1,0,0.119721576514888,0.059370189805333,-0.0603513867095553,0.0151819404252456,-0.0901074431584693,-0.0305953302606413,-0.0564743457272363,-0.003877040982319
2589,0.315172703471035,1,0,0.112408525529296,0.0654089075045715,-0.0469996180247246,0.0102062530840193,-0.0670035064865031,-0.026995729562946,-0.0445193549755198,-0.00248026304920476
2590,-0.157432756386697,0,0,0.105493443935903,0.0720098997235854,-0.0334835442123173,0.00931370478012865,-0.051738070144008,-0.0152290182806266,-0.033126699007418,-0.000356845204899335
2591,-0.0895410892553627,0,0,0.106463227729939,0.0710251702009845,-0.0354380575289549,0.0090936466304553,-0.0532612774127814,-0.0176148376451285,-0.0347307189922789,-0.000707338536676046
2592,-0.690427982248366,1,0,0.0981474926311381,0.0801881729352007,-0.0179593196959374,0.0140589434281463,-0.0455143424757903,0.00959570308391544,-0.020893937672767,0.00293461797682957
2593,-0.952846302650869,0,0,0.0947008296795537,0.0845191008399459,-0.0101817288396079,0.0175415920264849,-0.0445626174430133,0.0241991597637976,-0.0150945526447327,0.00491282380512483
2594,0.75011116405949,1,0,0.119119059249572,0.0598354802902375,-0.059283578959334,0.0147009487921412,-0.0880969091304983,-0.0304702487881698,-0.0554922968884927,-0.00379128207084133
2595,0.182274870108813,0,0,0.1104249339716,0.0672060397932327,-0.043218894178367,0.00940738435005319,-0.061657028693197,-0.024780759663537,-0.0412614252580963,-0.00195746892027072
2596,-0.888917626813054,1,0,0.0955303634648669,0.0834448615596327,-0.0120855019052342,0.0166506564807051,-0.0447201889263647,0.0205491851158962,-0.0164943579767637,0.00440885607152947
2597,0.297379181254655,0,0,0.112141151798407,0.0656469062821576,-0.0464942455162489,0.0100785749654933,-0.0662478894641028,-0.0267406015683951,-0.0440806351192299,-0.00241361039701905
2598,-0.571738031227142,1,0,0.0997428105101869,0.0782966200822559,-0.0214461904279309,0.012664742170919,-0.0462686289564178,0.00337624810055587,-0.023564202861075,0.00211801243314405
2599,-0.499477738514543,1,1,0.100725321693972,0.0771650944652488,-0.0235602272287235,0.0118886374131971,-0.0468615283838451,-0.000258926073601781,-0.0252047012851341,0.00164447405641064
2600,0.277472908608615,0,0,0.111842689585899,0.0659141184188966,-0.0459285711670022,0.0099428908727819,-0.0654162791798668,-0.0264408631541377,-0.0435907506040175,-0.00233782056298473
2601,0.989362987224013,0,0,0.122956219577356,0.0569622869466544,-0.065993932630702,0.0178787495257769,-0.101035637789837,-0.0309522274715667,-0.0617389889303262,-0.00425494370037575
2602,-0.782578189857304,0,0,0.0969246171217727,0.0816854320358923,-0.0152391850858804,0.0152264935969052,-0.0450825641466443,0.0146041939748835,-0.0188412564727384,0.00360207138685797
2603,0.428065733984113,1,0,0.114117908795347,0.0639175045977404,-0.0502004041976066,0.0111434880516048,-0.0720412394409045,-0.0283595689543088,-0.0473212350404389,-0.00287916915716772
2604,0.400187870953232,1,1,0.113693698890976,0.0642828195894336,-0.0494108793015421,0.010893057677472,-0.0707608800309048,-0.0280608785721795,-0.0466263712585583,-0.00278450804298384
2605,-0.0815829574130476,0,1,0.106577416729415,0.0709105597730135,-0.0356668569564017,0.00907546906463338,-0.0534544494658906,-0.0178792644469129,-0.0349194401663809,-0.000747416790020848
2606,-0.549374592024833,1,0,0.100045968405265,0.0779448176664777,-0.0221011507387871,0.0124180879976963,-0.0464401559711208,0.00223785449354673,-0.0240707050653306,0.00196955432654354
2607,-0.416398284956813,1,1,0.101865551412889,0.0758826825306016,-0.0259828688822874,0.0110786426758289,-0.0476966095245006,-0.00426912824007424,-0.027104884463013,0.0011220155807256
2608,0.848275677766651,1,0,0.120680753595698,0.0586405528198166,-0.0620402007758814,0.0159631418645579,-0.0933273839105183,-0.0307530176412444,-0.0580367749355688,-0.00400342584031256
2609,-0.770662772934884,1,0,0.0970819711373195,0.0814904057670316,-0.015591565370288,0.015071821442707,-0.0451317925794121,0.0139486618388362,-0.0191056801291543,0.00351411475886635
2610,-0.46598800830543,0,0,0.101183584041949,0.0766457757573032,-0.0245378082846463,0.0115507174906559,-0.0471767985619288,-0.00189881800736377,-0.0259688539490433,0.00143104566439701
2611,-0.0606554318219423,1,0,0.106878214824244,0.0706099831851534,-0.0362682316390906,0.00903548718672022,-0.0539774611078354,-0.0185590021703458,-0.0354164265050534,-0.000851805134037209
2612,0.947924887761474,1,0,0.122284103273361,0.0574504658808247,-0.0648336373925364,0.0173049312445063,-0.0987506793867107,-0.0309165953983622,-0.0606460574667648,-0.00418757992577165
2613,-0.933542049489915,0,0,0.094950638180171,0.0841934014600636,-0.0107572367201074,0.0172699877207018,-0.044605790666132,0.0230913172259172,-0.0155163756929346,0.00475913897282719
2614,0.180580126587301,0,0,0.110399837854763,0.0672292504917095,-0.0431705873630531,0.00939966421616978,-0.0615935906935158,-0.0247475840325905,-0.0412201583990319,-0.00195042896402123
2615,-0.0713399890810251,0,1,0.106724548959971,0.0707632953101326,-0.0359612536498384,0.00905447903232174,-0.0537077064519621,-0.0182148008477147,-0.035162562039598,-0.00079869161024039
2616,-0.596630475483835,1,0,0.0994063304069138,0.0786899149162189,-0.0207164154906949,0.012945651729202,-0.0460894266363295,0.0046565956549398,-0.0230016869243092,0.00228527143361434
2617,-0.708142463117838,0,0,0.0979113507184751,0.080474039833464,-0.0174373108850111,0.0142780924109006,-0.045421857778311,0.0105472360082888,-0.0204979608578142,0.00306064997280312
2618,-0.021138203330338,0,0,0.107448247108692,0.0700456159400733,-0.0374026311686183,0.00899124683563219,-0.0550251511425672,-0.0197801111946695,-0.036357678946845,-0.00104495222177333
2619,-0.352480457630008,1,1,0.102750570777772,0.0749093946437654,-0.0278411761340069,0.0105255544515532,-0.0484708837763664,-0.00721146849164739,-0.0285771702753004,0.000735994141293488
2620,-0.327386420685798,1,0,0.103099885318737,0.074530428987415,-0.0285694563313223,0.0103271967570397,-0.0488103900363789,-0.0083285226262656,-0.0291576752622942,0.000588218930971947
2621,0.961660641245544,0,0,0.122506542901026,0.0572882123189442,-0.0652183305820822,0.017494161154449,-0.0995062563845419,-0.0309304047796226,-0.0610078225812568,-0.00421050800082543
2622,-0.144233289640397,1,0,0.105681376634508,0.0718174680010981,-0.0338639086334103,0.00926198608436515,-0.0520170677840771,-0.0157107494827434,-0.0334377162519799,-0.000426192381430379
2623,0.770526217762381,0,1,0.119442395274636,0.0595851107766605,-0.0598572844979759,0.0149580707699802,-0.0891745644853384,-0.0305400045106134,-0.0560193634422327,-0.00383792105574318
2624,0.302159404847771,0,0,0.112212927024432,0.0655828890112759,-0.0466300380131564,0.0101122921236617,-0.0664497663766814,-0.0268103096496314,-0.0441984200702244,-0.00243161794293199
2625,0.750650791451335,0,0,0.119127596183831,0.0598288496615435,-0.0592987465222874,0.0147077067715189,-0.0881253220896403,-0.0304721709549344,-0.0555062145952205,-0.00379253192706688
2626,-0.406097094062716,1,0,0.102007725576927,0.0757250436313472,-0.0262826819455796,0.0109851093658337,-0.0478131006688472,-0.00475226322231188,-0.0273415500185095,0.00105886807292994
2627,-0.210219195578247,0,0,0.104744819954174,0.0727842227849631,-0.0319605971692105,0.00956169920504465,-0.0507011832421033,-0.0132200110963177,-0.0318869049712362,-7.36921979743108e-05
2628,-0.678082761820406,0,0,0.0983123598903064,0.0799895007197089,-0.0183228591705975,0.0139078037077719,-0.045581653541883,0.00893593520068801,-0.0211702846563913,0.00284742548579382
2629,-0.909281776752323,0,0,0.0952654168201449,0.083785701000192,-0.011479715819953,0.0169317837359298,-0.0446654021363964,0.0217059704964905,-0.016047560075246,0.00456784425529305
2630,-0.209340721834451,0,0,0.104757240107064,0.0727712739152664,-0.0319859661917972,0.00955704866493618,-0.0507174373735687,-0.0132544950100257,-0.0319074854097341,-7.84807820631353e-05
2631,0.987194614484906,1,0,0.122920970463252,0.0569877354454161,-0.065933235017836,0.0178485064902299,-0.100915664916516,-0.0309508051191561,-0.0616816824391302,-0.00425155257870582
2632,-0.258187041152269,0,0,0.10406860599981,0.0734945088443486,-0.0305740971554616,0.00984120398775965,-0.0498625025359825,-0.0112856917749407,-0.0307658090496697,0.00019171189420809
2633,0.0205305577255785,0,0,0.108052209980345,0.0694550416003819,-0.0385971683799629,0.00898929154555099,-0.0562158560557732,-0.0209784807041525,-0.037354162748425,-0.00124300563153788
2634,0.937387661542743,1,0,0.122113696958713,0.0575752292426631,-0.0645384677160494,0.0171604381094265,-0.0981723083694539,-0.030904627062645,-0.0603688795048764,-0.00416958821117303
2635,0.943030301481485,1,0,0.122204923377087,0.057508387385543,-0.0646965359915436,0.0172377403381575,-0.0984818862291856,-0.0309111857539016,-0.0605172697949899,-0.00417926619655368
2636,0.245381524320692,0,0,0.11136299336886,0.0663470268652273,-0.0450159665036324,0.00974077806105389,-0.0641075406846959,-0.0259243923225688,-0.0428030514659899,-0.00221291503764246
2637,-0.256652536801994,0,0,0.104090178397644,0.0734716881138062,-0.0306184902838382,0.00983150480520958,-0.0498878856158814,-0.011349094951795,-0.0308015922101187,0.000183101926280498
2638,-0.266009674407542,1,0,0.103958695118442,0.0736109463762489,-0.0303477487421932,0.00989140278696427,-0.0497345419612223,-0.0109609555231641,-0.030583475751942,0.000235727009748797
2639,0.987480194307864,0,0,0.122925612358154,0.0569843832071866,-0.0659412291509669,0.0178524882272462,-0.100931463110795,-0.0309509951911391,-0.061689229108641,-0.00425200004232593
2640,-0.789483633823693,1,0,0.0968335286362929,0.0817986518247435,-0.0150348768115494,0.0153166080270991,-0.0450548769099807,0.0149851232868819,-0.0186881474727002,0.0036532706611508
2641,0.726450071670115,1,0,0.118745259372894,0.0601268914622957,-0.0586183679105987,0.0144067428382147,-0.0868550650080299,-0.0303816708131674,-0.0548827997313468,-0.00373556817925186
2642,0.068039748352021,1,0,0.108744464545291,0.0687873139173119,-0.0399571506279788,0.00904296663459579,-0.0576810395451839,-0.0222332617107737,-0.0384953406834642,-0.00146180994451461
2643,0.476408107671887,1,0,0.114856790527987,0.0632886022343716,-0.051568188293615,0.011603974881482,-0.0743115611388271,-0.0288248154484028,-0.0485308299347723,-0.00303735835884268
2644,-0.218645295128226,1,0,0.104625755002598,0.0729085329850381,-0.0317172220175603,0.00960717952210003,-0.0505469478738871,-0.0128874961612336,-0.0316895921231314,-2.76298944289419e-05
2645,0.272185214329511,1,1,0.111763525997703,0.0659852676087991,-0.0457782583889044,0.0099081545408846,-0.0651978844422952,-0.0263586323355136,-0.0434607871216343,-0.00231747126727005
2646,0.634940798394382,1,0,0.11730912964461,0.0612664707223665,-0.056042658922243,0.0133108547491932,-0.0821314548341057,-0.0299538630103804,-0.0525393715235903,-0.00350328739865274
2647,0.515413289424032,0,0,0.115455990831441,0.062785381317346,-0.0526706095140949,0.0119977733382864,-0.076185813151811,-0.0291554058763787,-0.049511115793867,-0.00315949372022788
2648,0.809296201448888,0,0,0.120058527321957,0.059112336210627,-0.0609461911113301,0.0154543131119044,-0.0912360882164679,-0.0306562940061922,-0.0570233438860052,-0.00392284722532489
2649,0.490293372888118,0,0,0.115069786091276,0.0631090334237463,-0.0519607526675296,0.0117419880618952,-0.0749746263757435,-0.0289468789593157,-0.0488793534833276,-0.00308139918420201
2650,0.0326340729370713,1,0,0.108228201295414,0.069284363048149,-0.0389438382472647,0.00899733400320774,-0.0565782888504295,-0.0213093876441,-0.0376443814656217,-0.00129945678164303
2651,0.680316617712379,1,0,0.11801935753815,0.0606988969926693,-0.0573204605454803,0.0138455393818002,-0.0844572190803396,-0.030183702010621,-0.0536986518790729,-0.00362180866640739
2652,-0.645817377138883,0,0,0.0987444215074828,0.0794723730797778,-0.0192720484277051,0.0135191790507525,-0.0457691524677283,0.00722505561231814,-0.0218940645270827,0.00262201609937762
2653,-0.900305787101388,0,0,0.0953821173146722,0.0836353121881464,-0.0117468051265258,0.0168075550577776,-0.0446890077079438,0.0211953974548922,-0.0162443933115309,0.00449758818500511
2654,0.798198826611042,1,0,0.119881888159555,0.0592473011453837,-0.0606345870141716,0.0153112376174145,-0.0906440613030389,-0.0306251127253042,-0.056735561276234,-0.00389902573793759
2655,0.833738187327981,0,0,0.120448368120693,0.0588160913014349,-0.0616322768192582,0.0157722532194577,-0.0925453250844412,-0.0307192285540752,-0.0576583400588361,-0.0039739367604221
2656,-0.368686642963439,0,0,0.10252553440341,0.0751550778920773,-0.0273704565113332,0.0106594709571254,-0.0482626356815496,-0.00647827734111678,-0.0282030170875448,0.000832560576211616
2657,-0.43188477633521,0,0,0.101652141769113,0.0761202388280349,-0.0255319029410784,0.0112222615673517,-0.0475271314381758,-0.00353667444398105,-0.0267495297016449,0.00121762676056647
2658,0.0821611154824495,0,0,0.108950975888825,0.0685899912518533,-0.0403609846369713,0.00907027651649838,-0.0581383999391275,-0.0225835693348151,-0.038835575541825,-0.00152540909514631
2659,0.851930249016732,0,0,0.120739233656394,0.0585965016364706,-0.0621427320199234,0.0160113338432946,-0.093524369697228,-0.0307610943426188,-0.0581319981840415,-0.0040107338358819
2660,-0.544918732251972,1,0,0.100106469627052,0.0778748950151982,-0.0222315746118542,0.0123696126788988,-0.0464755699652058,0.00201242074149747,-0.0241717532560725,0.00194017864421835
2661,-0.0692068259231746,0,0,0.106755212673899,0.0707326621194223,-0.0360225505544763,0.00905044993644709,-0.0537611064737954,-0.0182839946351572,-0.0352132245455683,-0.000809326008907985
2662,0.324720875825733,0,0,0.11255223022265,0.0652815261762543,-0.0472707040463957,0.0102771789763989,-0.0674136047028099,-0.0271278033899816,-0.0447550996510625,-0.00251560439533322
2663,-0.593745889607817,0,0,0.0994452705989881,0.0786442467365851,-0.020801023862403,0.0129127664138111,-0.0461095809742511,0.00450753324944515,-0.0230668042999945,0.0022657804375915
2664,0.694573076907545,0,0,0.118243269110322,0.0605215908214187,-0.0577216782889038,0.0140171477795941,-0.0851947831028839,-0.0302485734749237,-0.0540639900534788,-0.00365768823542501
2665,-0.584159024991095,1,0,0.099574785068904,0.0784926435516093,-0.0210821415172946,0.0128040944432228,-0.0461777054806606,0.00401342244607142,-0.0232833487638506,0.00220120724655599
2666,-0.289240739308298,1,0,0.103632894758796,0.0739577353768679,-0.0296751593819282,0.010047768946641,-0.0493684246423244,-0.00998189412153199,-0.0300428122780707,0.000367652896142483
2667,-0.996656467672437,1,1,0.0941360823356973,0.0852625076419026,-0.00887357469379466,0.0181659057320533,-0.0444780956751688,0.0267309462875795,-0.0141400171244501,0.00526644243065544
2668,-0.949837749358267,0,0,0.0947397233991108,0.0844682657144324,-0.0102714576846784,0.0174991198200007,-0.0445691022930308,0.0240261869236741,-0.0151602441289166,0.00488878644423825
2669,0.337050634436309,1,0,0.112738036456324,0.065117377313728,-0.0476206591425962,0.010371194324035,-0.067947826494371,-0.0272934917908214,-0.0450598566418006,-0.00256080250079559
2670,0.633446687832475,0,0,0.117285806786525,0.0612852435948851,-0.0560005631916399,0.0132935597011362,-0.0820554614321998,-0.0299456649510799,-0.0525012903952602,-0.00349927279637966
2671,-0.777023465838283,0,0,0.0969979440018038,0.0815944619176518,-0.0154034820841519,0.0151542583363675,-0.0451052826358482,0.0142983184675443,-0.0189644887311871,0.00356100664703517
2672,-0.0175778516568244,1,0,0.107499735956536,0.069994973933831,-0.0375047620227052,0.00898928339272916,-0.0551234337192784,-0.019886090326132,-0.0364426624879666,-0.00106209953473858
2673,-0.332103373017162,1,0,0.103034144184642,0.0746015287674753,-0.028432615417167,0.0103636265732655,-0.0487449502499896,-0.00812028058434439,-0.0290484495725222,0.000615834155355183
2674,-0.503400165587664,1,0,0.100671769238776,0.0772261292950137,-0.0234456399437625,0.0119291620880433,-0.046826368002068,-6.49118854571286e-05,-0.025115361278228,0.00166972133446545
2675,0.390173511579633,1,0,0.11354164899716,0.0644145230750196,-0.0491271259221405,0.0108059742202098,-0.0703064462116199,-0.0279478056326611,-0.0463772370831628,-0.00274988883897767
2676,0.601380582433194,0,0,0.116786227780432,0.0616894388511429,-0.0550967889292892,0.0129274254490444,-0.0804340772222428,-0.0297595006363355,-0.0516853996753905,-0.00341138925389869
2677,0.111862104851753,1,0,0.10938644772724,0.0681766794297015,-0.0412097682975381,0.00914439402256415,-0.0591324512422072,-0.023287085352869,-0.0395527387932502,-0.0016570295042879
2678,0.342408620286733,0,0,0.112818863328628,0.0650461649947189,-0.0477726983339094,0.0104128863999725,-0.0681815806529624,-0.0273638160148563,-0.0451924088018073,-0.00258028953210206
2679,0.855479524005204,0,0,0.120796052176599,0.0585537493700232,-0.0622423028065755,0.0160582150580905,-0.0937158259764317,-0.0307687796367193,-0.0582245119951366,-0.00401779081143888
2680,0.131690309382975,1,0,0.109678015370219,0.0679020410373299,-0.0417759743328888,0.00920624303505977,-0.0598198791145287,-0.0237320695512489,-0.0400326927999924,-0.00174328153289641
2681,0.582313523162156,1,0,0.116490045717431,0.0619309597214178,-0.0545590859960133,0.0127144629980896,-0.079478975555036,-0.0296391964369905,-0.05120151668751,-0.00335756930850326
2682,-0.801933601498604,1,0,0.0966694964171004,0.082003139363097,-0.0146663570540034,0.0154799450254563,-0.0450064917865577,0.0156737776785509,-0.0184123534013636,0.00374599634736018
2683,-0.929769221227616,1,0,0.0949995296703572,0.0841298799729816,-0.0108696496973756,0.0172171610336402,-0.0446146652393368,0.0228753658445856,-0.0155989045938364,0.0047292548964608
2684,-0.819674139842391,1,0,0.0964361879788793,0.0822953275004693,-0.01414086047841,0.0157145833172227,-0.0449408778122205,0.0166591568554005,-0.0180199144859133,0.0038790540075033
2685,-0.274356927257031,1,0,0.103841526317269,0.0737353799723135,-0.0301061463449551,0.00994634418016303,-0.0496006227159142,-0.010611669973996,-0.0303890672231391,0.000282920878183993
2686,-0.349577651824802,1,0,0.102790924810654,0.0748654665761645,-0.02792545823449,0.0105020422358084,-0.0485090827807931,-0.00734183368818696,-0.0286442494013396,0.00071879116684959
2687,0.551309001632035,1,0,0.116009823015863,0.0623255777996748,-0.0536842452161881,0.0123761910328784,-0.0779411339064174,-0.0294273565259588,-0.0504166835299842,-0.00326756168620388
2688,0.676963795907795,0,0,0.117966751579452,0.0607406662206916,-0.0572260853587607,0.0138054247632314,-0.0842842206859716,-0.0301679500315498,-0.0536128090720562,-0.00361327628670446
2689,-0.172101034782827,0,0,0.105284944317226,0.0722243027420342,-0.0330606415751917,0.00937608843284978,-0.0514374372194399,-0.0146838459309435,-0.0327815434081166,-0.000279098167075102
2690,0.211855511181056,1,0,0.110863775607999,0.0668021081032291,-0.0440616675047702,0.00955269959379934,-0.0627846146637474,-0.0253387203457931,-0.0419828370977292,-0.00207883040704104
2691,-0.279951502103359,0,0,0.103763061697635,0.0738188873676768,-0.029944174329958,0.00998395241766833,-0.0495123614919495,-0.0103759871679665,-0.0302588571088627,0.000314682778904677
2692,-0.286229291930795,1,0,0.103675077325028,0.0739126963916629,-0.0297623809333653,0.0100268942673628,-0.0494147325741875,-0.0101100292925431,-0.0301128298046333,0.000350448871267967
2693,-0.0299306586384773,1,1,0.107321185911679,0.0701708239252281,-0.0371503619864509,0.00899753158904023,-0.0547851998507312,-0.0195155241221706,-0.0361479359847044,-0.00100242600174651
2694,-0.686300322413445,1,0,0.0982025890352167,0.0801216962372157,-0.018080892798001,0.0140082625808699,-0.0455365829424861,0.00937479734648397,-0.02098629931509,0.00290540651708896
2695,0.435501273255795,0,1,0.114231286088467,0.0638203956078733,-0.0504108904805938,0.0112122077135002,-0.0723864137862364,-0.0284353671749513,-0.0475068985247425,-0.00290399195585134
2696,-0.839573633857071,0,0,0.0961750854381049,0.0826242013398494,-0.0135508840982556,0.0159803550926137,-0.0448718045399397,0.0177700363434286,-0.0175804881368821,0.00402960403862653
2697,-0.840526300948113,0,0,0.0961626012906918,0.082639975783553,-0.0135226255071388,0.0159931457238059,-0.0448686151252991,0.0178233641110215,-0.0175594714657879,0.0040368459586491
2698,0.0518092378042638,1,0,0.108507533593737,0.0690147576760505,-0.0394927759176863,0.00901797371533037,-0.0571676796132627,-0.0218178722221099,-0.0381048771273637,-0.00138789879032261
2699,0.888015205040574,0,0,0.121317974645753,0.0581632066483494,-0.0631547679974034,0.0164914638377996,-0.0954774431718352,-0.0308320928229715,-0.059074143512418,-0.00408062448498536
2700,-0.167587548494339,0,0,0.105349061704348,0.0721582674754302,-0.0331907942289179,0.00935634744031713,-0.051528898238783,-0.0148526902190528,-0.0328876963770366,-0.000303097851881297
2701,-0.215595697052777,0,0,0.104668833522983,0.0728635197103839,-0.0318053138125994,0.00959053706186581,-0.050602421046253,-0.0130082065789458,-0.0317609854327358,-4.43283798636229e-05
2702,-0.222448712214828,0,0,0.104572050002787,0.0729647088300434,-0.0316073411727435,0.00962822341951503,-0.050478312310098,-0.0127363700353889,-0.0316005811035246,-6.76006921888211e-06
2703,0.481712091714144,1,0,0.114938111432903,0.0632199532045268,-0.0517181582283765,0.0116564032686094,-0.0745642888241259,-0.0288720276326271,-0.0486639034292087,-0.00305425479916783
2704,0.676041686441749,0,0,0.117952287193014,0.0607521585110845,-0.0572001286819294,0.0137944087461841,-0.0842366730124745,-0.0301635843513843,-0.053589205307098,-0.0036109233748314
2705,-0.202732023317367,0,0,0.104850717771607,0.0726739284836651,-0.0321767892879416,0.00952261870221559,-0.0508407789827917,-0.0135127995930915,-0.0320623672208629,-0.000114422067078658
2706,-0.105722795240581,1,0,0.106231373289113,0.0712587416240866,-0.0349726316650269,0.0091356102177776,-0.0528780986686671,-0.0170671646613867,-0.0343474367694733,-0.000625194895553585
2707,-0.38291374174878,0,1,0.102328339245545,0.0753713684841032,-0.0269569707614418,0.0107806537494299,-0.048086663840121,-0.0058272776827625,-0.02787503724548,0.000918066484038246
2708,0.0196006605401635,0,0,0.108038699207838,0.0694681706915988,-0.0385705285162388,0.0089888337283599,-0.0561883188868431,-0.0209527381456345,-0.0373318800001946,-0.00123864851604415
2709,-0.721251198090613,1,0,0.0977369316553394,0.0806861800062916,-0.0170507516490479,0.0144419440525904,-0.0453564418588675,0.0112549385607717,-0.0202053619830353,0.00315461033398741
2710,0.671769082546234,1,0,0.11788528635709,0.0608054347069834,-0.0570798516501067,0.0137434593669773,-0.0840165370323717,-0.0301431662678416,-0.0534798659663217,-0.00359998568378498
2711,-0.0369987348094583,1,1,0.107219139859791,0.0702716260755925,-0.036947513784199,0.00900406391416707,-0.0545951547704632,-0.0192998727979348,-0.0359794597315871,-0.000968054052611883
2712,0.0740584805607796,0,1,0.108832440629673,0.0687031479205864,-0.0401292927090862,0.0090539760784911,-0.0578747597398159,-0.0223838256783564,-0.0386402954363996,-0.00148899727268659
2713,-0.0113308466970921,0,0,0.107590130906153,0.0699061991147724,-0.0376839317913803,0.00898664908975321,-0.0552974403489963,-0.0200704232337643,-0.0365918470968745,-0.0010920846945058
2714,0.79484433401376,1,0,0.119828538223182,0.0592881548796197,-0.0605403833435623,0.0152681497631299,-0.0904654069898607,-0.0306153596972639,-0.0566486352373809,-0.00389174810618139
2715,-0.279572004452348,1,0,0.103768382542288,0.0738132200470914,-0.0299551624951969,0.00998138157967472,-0.0495183109073109,-0.010392014083083,-0.0302676874348867,0.000312524939689768
2716,0.682654593605548,1,0,0.118056052532599,0.0606697865476696,-0.0573862659849297,0.0138735673911631,-0.0845779584086988,-0.0301945735611607,-0.053758528799293,-0.00362773718563672
2717,0.698808381333947,1,0,0.11830985952687,0.0604690101875394,-0.0578408493393308,0.0140684482439155,-0.085414501215771,-0.0302671974628907,-0.0541726269932755,-0.00366822234605533
2718,0.0587072870694101,0,0,0.108608175001294,0.0689180079704546,-0.0396901670308396,0.00902775640371486,-0.0573842444433216,-0.0219960896183577,-0.03827074934537,-0.0014194176854696
2719,-0.639596699737012,1,0,0.0988279159697186,0.0793730241609674,-0.0194548918087512,0.0134453516044714,-0.0458072967129931,0.00689751309549061,-0.0220338610786707,0.00257896926991945
2720,0.491943649947643,0,0,0.115095123652377,0.0630877231188955,-0.052007400533481,0.011758553608494,-0.0750537421164128,-0.0289610589505493,-0.0489208084146824,-0.00308659211879863
2721,-0.861178506631404,0,0,0.0958923219237418,0.0829826131791414,-0.0129097087446004,0.0162719017978193,-0.0448020502282988,0.018982632739098,-0.0171043227049771,0.00419461396037668
2722,-0.643913554027677,1,0,0.098769968111308,0.0794419555270517,-0.0193280125842563,0.0134965458021163,-0.0457807562720995,0.00712473110358681,-0.0219368401905453,0.00260882760628896
2723,-0.455547850113362,1,0,0.101326821556262,0.0764845386557726,-0.0248422829004891,0.0114484349877374,-0.0472808031558026,-0.00240376264517563,-0.0262075740969582,0.00136529119646906
2724,0.150177746079862,0,0,0.109950481082481,0.0676468978617831,-0.0423035832206983,0.00927263760494507,-0.0604776189680823,-0.0241295474733142,-0.0404810468115886,-0.00182253640910966
2725,0.389346114825457,0,0,0.113529094410053,0.0644254157836162,-0.0491036786264364,0.0107988492450746,-0.0702690342212601,-0.0279383230316126,-0.0463566646054253,-0.00274701402101109
2726,-0.525357662700117,1,0,0.100372452736048,0.0775686159872746,-0.0228038367487732,0.0121595285252087,-0.0466360747271696,0.00102840122962329,-0.0246158593265133,0.00181202257774014
2727,-0.677020625211298,0,0,0.0983265559747949,0.0799724287180772,-0.0183541272567177,0.0138948622207116,-0.0455875567794587,0.0088793022660233,-0.0211940755406503,0.0028399482839326
2728,-0.750827067997307,1,0,0.0973444255376704,0.0811666847068781,-0.0161777408307923,0.0148166930064903,-0.0452179254934999,0.0128624438319153,-0.0195465229604551,0.0033687821296628
2729,-0.849325638264418,0,0,0.0960473595440559,0.0827858064868909,-0.013261553057165,0.016111572405757,-0.0448396547067581,0.018316548592428,-0.0173654383248298,0.00410388526766475
2730,0.198290881235152,1,0,0.110662349242021,0.0669870562416679,-0.0436752930003534,0.0094836034751468,-0.0622628142553,-0.0250877717454068,-0.0416517586859561,-0.00202353431439727
2731,-0.768588764593005,0,0,0.0971093836060279,0.0814565027029577,-0.0156528809030701,0.015045006529155,-0.0451405518473839,0.0138347900412436,-0.0191517360636773,0.00349885516060717
2732,0.33015232346952,0,0,0.112634047743219,0.065209168709247,-0.0474248790339716,0.0103182604667903,-0.067648297931984,-0.0272014601359591,-0.0448893032303381,-0.00253557580363348
2733,-0.588596333749592,0,0,0.0995148202728483,0.078562780273012,-0.0209520399998363,0.0128542741119829,-0.0461459543067283,0.00424187430705573,-0.0231830960143307,0.00223105601449441
2734,0.72652603359893,1,0,0.118746457800078,0.060125953789308,-0.0586205040107696,0.0144076806524148,-0.0868590391902572,-0.030381968831282,-0.0548847541142706,-0.00373574989649902
2735,0.191346103791147,1,0,0.110559347663418,0.0670819292771034,-0.0434774183863142,0.00944983327062472,-0.061998751256647,-0.0249560855159814,-0.041482427735308,-0.00199499065100624
2736,-0.357586768921465,1,0,0.102679618240923,0.0749867257783426,-0.0276928924625804,0.010567267195452,-0.0484043555806779,-0.00698142934448287,-0.0284592173627025,0.000766324900122111
2737,-0.542663537431508,0,0,0.100137102830387,0.0778395277325654,-0.022297575097822,0.0123451649879221,-0.0464936538573541,0.00189850366171008,-0.0242229120046379,0.00192533690681591
2738,0.363918076269329,0,0,0.113143849376945,0.0647610142596319,-0.0483828351173132,0.0105852252748456,-0.0691294954242537,-0.0276361748103726,-0.0457252547730126,-0.00265758034430056
2739,0.00569546734914184,0,0,0.107836843266875,0.0696647703215018,-0.0381720729453731,0.00898471670878756,-0.0557817941058919,-0.0205623517848542,-0.0369989198346638,-0.00117315311070929
2740,0.40664189029485,1,0,0.113791785509427,0.0641980727251802,-0.0495937127842467,0.0109499993581224,-0.0710553171569033,-0.02813210841159,-0.0467870657439523,-0.00280664704029437
2741,-0.852949475403875,0,0,0.0959999353502699,0.0828459320790375,-0.0131540032712324,0.0161604930488896,-0.0448279876194658,0.018519981077001,-0.0172855756290606,0.00413157235782823
2742,-0.410537174437195,0,0,0.101946423270155,0.075792953184992,-0.0261534700851628,0.0110252259187745,-0.0477625158073784,-0.00454442436294731,-0.0272395122621319,0.00108604217696905
2743,-0.511037983000278,1,0,0.100567563527678,0.0773451043122311,-0.0232224592154472,0.0120086236781766,-0.0467589291285683,0.000314010697673912,-0.0249414929401486,0.00171903372470143
2744,-0.0430258451960981,1,0,0.107132190306497,0.070357688100108,-0.0367745022063892,0.00901067430774473,-0.0544350993259893,-0.0191139050867892,-0.0358358888969264,-0.000938613309462842
2745,0.655965112149715,0,0,0.117637742888283,0.061002878423612,-0.0566348644646707,0.0135563575154859,-0.0832048369565719,-0.0300648919727696,-0.0530758432511554,-0.00355902121351535
2746,-0.106990287080407,1,0,0.106213231236614,0.0712770668875757,-0.034936164349038,0.0091391785622439,-0.0528486251793166,-0.0170237035187594,-0.0343174404957093,-0.000618723853328673
2747,0.373810031916946,0,0,0.113293580771522,0.0646302675958262,-0.0486633131756959,0.010667083854169,-0.0695704133499358,-0.0277562130014559,-0.0459706921588496,-0.00269262101684626
2748,-0.512250709347427,0,1,0.100551026646913,0.0773640105089848,-0.0231870161379278,0.012021306924918,-0.0467483447578689,0.000374312482013379,-0.0249138979374475,0.00172688179951971
2749,0.815179986413568,1,0,0.120152271861967,0.0590408952594211,-0.0611113766025459,0.0155304985389861,-0.0915505944009106,-0.0306721588041812,-0.057176057790541,-0.00393531881200489
2750,0.768379800952971,1,0,0.119408364418251,0.0596113881288856,-0.0597969762893656,0.0149308980924439,-0.0890609988073934,-0.0305329537713377,-0.0559638964668085,-0.00383307982255708
2751,0.40853699343279,0,0,0.113820600831647,0.0641732081499058,-0.0496473926817409,0.0109668394360451,-0.0711420030006229,-0.0281527823628589,-0.0468342705712966,-0.0028131221104443
2752,-0.753843490500003,0,0,0.0973044732339975,0.0812158373843066,-0.0160886358496909,0.0148552976684196,-0.0452044842594151,0.0130272125600333,-0.0194794310395839,0.00339079518989295
2753,-0.32854491379112,1,0,0.103083735723808,0.0745478854641316,-0.0285358502596761,0.0103361067042434,-0.0487942471403561,-0.00827745337899615,-0.0291308445909269,0.000594994331250771
2754,0.143313635606319,0,0,0.109849249438771,0.0677415247868908,-0.0421077246518801,0.00924701433593369,-0.0602315397148357,-0.0239839095889245,-0.0403144832754013,-0.00179324137647882
2755,0.0600444455631077,1,0,0.108627693407034,0.0688992679757404,-0.039728425431294,0.00902979652054418,-0.0574265013992857,-0.0220303494633023,-0.0383029161199092,-0.00142550931138478
2756,-0.79543336853385,1,0,0.0967551080416062,0.0818963166851322,-0.014858791356474,0.0153945270687625,-0.0450315099702754,0.0153139272573274,-0.0185563078268157,0.00369751647034169
2757,0.205920605454594,1,0,0.110775606468829,0.0668829696903661,-0.0438926367784628,0.00952196145753754,-0.0625553382974149,-0.0252299352595107,-0.0418379257987429,-0.00205471097971993
2758,0.721334230154753,1,0,0.11866457245172,0.0601900728494279,-0.0584744996022922,0.0143436847553288,-0.0865876051283329,-0.0303613940762515,-0.0547512119252254,-0.00372328767706679
2759,0.0788953816518188,0,0,0.108903187111844,0.0686355777994659,-0.0402676093123782,0.00906350296537338,-0.058031748698282,-0.0225034699264744,-0.038756849802061,-0.00151075951031716
2760,-0.0946638626046479,0,0,0.10638977951853,0.0710990372010211,-0.035290742317509,0.00910620825574789,-0.0531385825344962,-0.0174429021005218,-0.0346093143160301,-0.000681428001478877
2761,0.901446013245732,0,1,0.121533991707664,0.0580027033868015,-0.0635312883208622,0.0166721012266216,-0.0962080062716466,-0.0308545703700778,-0.0594257013782856,-0.00410558694257662
2762,-0.951573065947741,0,1,0.0947172879755417,0.0844975837400135,-0.0102197042355282,0.0175236111547198,-0.0445653509778634,0.024125942506807,-0.0151223514307157,0.00490264719518751
2763,0.360976898577064,0,0,0.113099363011956,0.064799936655289,-0.0482994263566672,0.0105611982516411,-0.0689989945634712,-0.0275998581498632,-0.0456523259471247,-0.00264710040954246
2764,0.753017729148269,1,0,0.119165047515094,0.0597997742291935,-0.0593652732859006,0.0147373738720816,-0.0882499953018822,-0.0304805512699191,-0.0555672701278374,-0.00379800315806324
2765,-0.888658855576068,0,0,0.095533734430319,0.0834405385660894,-0.0120931958642297,0.0166471006733635,-0.0447209136310345,0.0205345219025752,-0.0165000409429384,0.00440684507870873
2766,0.675480452366173,1,0,0.117943484319498,0.0607591541913514,-0.0571843301281463,0.0137877074376224,-0.0842077401352612,-0.0301609201210315,-0.0535748401626578,-0.00360948996548854
2767,-0.603137223049998,0,0,0.0993185429947055,0.0787930174973956,-0.0205255254973099,0.0130201446654086,-0.0460445401150121,0.00499348912039225,-0.0228548673690753,0.00232934187176539
2768,0.980642328970134,0,0,0.122814509162556,0.057064699431248,-0.0657498097313082,0.0177572625948428,-0.10055340488122,-0.0309462145813961,-0.0615085940776488,-0.00424121565365938
2769,-0.791624251753092,1,0,0.0968053076465658,0.081833777830694,-0.0149715298158719,0.0153446127088387,-0.0450464180819113,0.0151033584501675,-0.0186407052744594,0.00366917545858752
2770,0.349313949700445,1,0,0.112923106951795,0.0649544939954403,-0.0479686129563545,0.010467354129809,-0.0684842500642068,-0.0274529758485021,-0.0453633463579396,-0.00260526659841486
2771,-0.846254403237253,1,0,0.0960875683721772,0.0827348805810034,-0.0133526877911739,0.0160701795370532,-0.0448496609088907,0.018144285326543,-0.0174331437390143,0.00408045594784043
2772,-0.0600072527304292,1,0,0.106887543233701,0.0706006923802201,-0.0362868508534811,0.00903443079297441,-0.0539940098285306,-0.0185796918784316,-0.0354318357956053,-0.000855015057875802
2773,-0.639594049658626,1,0,0.0988279515526876,0.079372981861407,-0.0194549696912806,0.0134453202307065,-0.045807313104073,0.00689737372151186,-0.0220339206510924,0.00257895095981184
2774,-0.992587488610297,0,0,0.0941884072699229,0.0851932128550403,-0.00899519441488265,0.0181074677304968,-0.0444851790178777,0.0264947901881124,-0.0142285103922282,0.00523331597734555
2775,-0.412248189095408,0,0,0.101922808734999,0.0758191375053737,-0.0261036712296249,0.0110407657081862,-0.0477431743794147,-0.00446416807983517,-0.0272002029666121,0.00109653173698716
2776,0.706484065856785,1,0,0.118430624748998,0.0603738266870516,-0.0580567980619464,0.0141617866544382,-0.0858133898613853,-0.0303002062625076,-0.0543696304713249,-0.00368716759062153
2777,-0.442384494002908,1,0,0.101507677362875,0.0762816880863481,-0.0252259892765272,0.0113216337413196,-0.047415983655667,-0.00303599489738732,-0.0265089026247875,0.00128291334826035
2778,0.873209948651493,0,0,0.121080234931011,0.0583406179025021,-0.0627396170285091,0.0162935425736123,-0.0946743736533593,-0.0308048604036588,-0.0586871698467025,-0.00405244718180657
2779,0.494309071917087,1,0,0.115131449668854,0.0630571897316538,-0.0520742599371999,0.0117823572287528,-0.0751672557585406,-0.0289812641158592,-0.0489802398527624,-0.0030940200844375
2780,-0.808532075025141,0,0,0.0965826601032827,0.0821117062596358,-0.014470953843647,0.0155669600254705,-0.0449816348423438,0.0160397271550499,-0.0182663125868119,0.00379535874316495
2781,-0.547438216861337,1,0,0.100072256321108,0.0779144244439763,-0.0221578318771312,0.0123969943469261,-0.046455494313653,0.00213983055939064,-0.0241146121313208,0.00195678025418961
2782,0.90851517720148,1,0,0.121647823080397,0.0579183912362039,-0.0637294318441929,0.0167675870076444,-0.0965932984868177,-0.0308655652015681,-0.059610934934365,-0.00411849690982789
2783,0.28284737188369,1,0,0.111923202437835,0.0658418747721789,-0.046081327665656,0.00997876386564083,-0.0656393454525417,-0.0265233098787703,-0.0437229173682048,-0.00235841029745122
2784,0.26273556984961,1,0,0.111622174643309,0.0661125961846482,-0.0455095784586603,0.00984747160388017,-0.0648102681410463,-0.0262088887762743,-0.0432287007177322,-0.00228087774092807
2785,0.131416715215892,1,0,0.109673987619838,0.0679058235731595,-0.041768164046678,0.00920532327428792,-0.0598102661303307,-0.0237260619630254,-0.0400260638384406,-0.00174210020823744
2786,-0.0304550169967115,0,0,0.107313612502377,0.0701782975267276,-0.0371353149756495,0.0089979709303288,-0.0547710139330323,-0.0194996160182667,-0.0361354332271978,-0.000999881748451725
2787,0.598946254234761,1,0,0.116748377287734,0.0617202252145376,-0.0550281520731965,0.012900034071455,-0.0803117542525879,-0.0297445498938051,-0.0516235691705776,-0.00340458290261889
2788,0.17549689905718,0,0,0.110324594319667,0.0672989134718577,-0.0430256808478092,0.00937690869586682,-0.0614040841780286,-0.0246472775175897,-0.0410964240946538,-0.00192925675315535
2789,0.92459941515699,0,0,0.121907162157247,0.0577269869503214,-0.0641801752069254,0.0169858753547575,-0.0974718791481365,-0.0308884712657142,-0.060032892154162,-0.00414728305276337
2790,0.986474753823131,0,0,0.122909270314032,0.0569961862498375,-0.0659130840641945,0.0178384715404399,-0.100875845822699,-0.0309503223056896,-0.0616626605437396,-0.00425042352045489
2791,0.574224088806659,1,0,0.11636458397765,0.0620336945205629,-0.0543308894570867,0.01262522715504,-0.0790758799776022,-0.0295858989365713,-0.0509965064419276,-0.00333438301515914
2792,-0.0205278978683054,0,0,0.107457071641253,0.0700369326245041,-0.0374201390167493,0.00899088645177503,-0.0550419526513175,-0.0197983253821811,-0.0363722444654449,-0.00104789455130438
2793,0.503951776772738,1,0,0.115279636842512,0.0629328621422732,-0.0523467747002384,0.0118801102996159,-0.0756313630198489,-0.0290621863806278,-0.0492226610098934,-0.00312411369034495
2794,0.389449575915933,0,0,0.113530664221003,0.0644240536207479,-0.0491066106002552,0.0107997395926219,-0.0702737112442054,-0.0279395099563049,-0.0463592369787363,-0.00274737362151888
2795,0.0954851978458464,0,0,0.109146143253282,0.0684042902221011,-0.0407418530311805,0.00910074919701047,-0.0585789936896529,-0.0229047123727082,-0.0391570385382328,-0.00158481449294774
2796,0.28579996433109,0,0,0.111967455691208,0.065802217293458,-0.0461652383977501,0.00999871262560783,-0.0657623550357073,-0.0265681217597928,-0.0437955567282483,-0.00236968166950177
2797,0.542025323025882,0,0,0.115866364971451,0.0624441941549076,-0.0534221708165434,0.012276920556483,-0.0774844929483094,-0.0293598486847773,-0.0501821611615195,-0.00324000965502389
2798,0.947273415047675,1,0,0.122273561829247,0.0574581721102542,-0.064815389718993,0.0172959807936309,-0.098714889151806,-0.0309158902861799,-0.060628912003208,-0.00418647771578499
2799,0.0313767972402275,0,0,0.108209908146528,0.0693020745238643,-0.0389078336226636,0.00899631863171589,-0.0565402941342734,-0.0212753731110538,-0.0376142182596142,-0.00129361536304936
2800,-0.599013121798635,0,0,0.0993741763303791,0.0787276547797291,-0.0206465215506499,0.0129728793553352,-0.0460728978628901,0.00477985476159025,-0.0229479138990218,0.00230139234837185
2801,-0.690705038607121,0,0,0.0981437954427255,0.0801926367799291,-0.0179511586627964,0.0140623504648758,-0.0455128591119331,0.00961054178634026,-0.020887739469873,0.00293658080707658
2802,-0.532094727735966,1,0,0.100280774180156,0.077673977368291,-0.022606796811865,0.0122313775141248,-0.0465798562208626,0.00136626259713271,-0.0244628103942126,0.00185601358234764
2803,-0.254068910609931,1,0,0.104126508508872,0.0734332798683432,-0.0306932286405289,0.00981528478505507,-0.0499308333172408,-0.011455623963817,-0.030861851945986,0.00016862330545709
2804,0.978459226433188,1,0,0.122779055805881,0.0570903641146971,-0.065688691691184,0.0177269097580969,-0.100432796374246,-0.0309445870081223,-0.0614509500874617,-0.00423774160372225
2805,-0.389148910995573,1,0,0.102242022439947,0.0754663400880256,-0.0267756823519214,0.010834803176873,-0.0480115063581725,-0.00553985834567019,-0.0277314385355354,0.000955756183614039
2806,0.954351029358804,0,0,0.122388126232553,0.0573745034467529,-0.0650136227858,0.0173933381206319,-0.099103939073166,-0.030923306498434,-0.0608152422425862,-0.0041983805432138
2807,-0.356376240495592,0,0,0.102696434689598,0.0749683866302721,-0.0277280480593255,0.0105573380958993,-0.0484200504999008,-0.00703604561875011,-0.0284871746255135,0.000759126566188047
2808,-0.420033107511699,0,0,0.101815426552024,0.0759383779987196,-0.0258770485533044,0.0111120305549043,-0.0476562282360255,-0.00409786887058331,-0.0270214318956776,0.00114438334237318
2809,0.663174781948328,0,1,0.117750614700348,0.0609127316176224,-0.0568378830827259,0.0136414451885369,-0.0835746243493354,-0.0301011418161165,-0.0532600751179789,-0.00357780796474704
2810,0.0691792042925954,0,0,0.108761115232066,0.0687713724322649,-0.0399897427998011,0.00904497885955907,-0.057717575605463,-0.0222619099941391,-0.0385227766242743,-0.00146696617552675
2811,0.890184997580945,1,0,0.121352850505983,0.0581372486095644,-0.0632156018964182,0.0165205767874974,-0.0955953374037415,-0.030835866389095,-0.0591309060594615,-0.00408469583695674
2812,-0.747702342923731,0,0,0.0973858277332494,0.0811157958357898,-0.0162700318974596,0.0147767761429545,-0.0452319809452612,0.0126919171503419,-0.0196160437683208,0.00334601187086116
2813,-0.81533907353878,1,0,0.0964931525957261,0.082223841219562,-0.014269311376164,0.015657044719595,-0.0449565551309033,0.0164179323785752,-0.0181157507044744,0.00384643932831036
2814,0.276182204019278,1,0,0.111823361556705,0.0659314790647047,-0.0458918824920005,0.00993436064879826,-0.065362871573077,-0.026420893410924,-0.0435590206916932,-0.00233286180030731
2815,0.218687056563795,1,0,0.110965341294625,0.0667091424004357,-0.044256198894189,0.00958904722303475,-0.063050386097391,-0.0254620116909871,-0.0421497479087849,-0.00210645098540414
2816,-0.068532794713974,0,0,0.106764903325185,0.0707229852729703,-0.0360419180522144,0.00904920142222833,-0.0537780269286306,-0.0183058091757982,-0.0352292349605317,-0.000812683091682705
2817,0.0445713172666728,0,0,0.108402021590146,0.0691164094883218,-0.0392856121018239,0.00900904815573679,-0.056943022022055,-0.0216282021815928,-0.0379309541503361,-0.00135465795148777
2818,-0.742071590851992,1,0,0.0974604741168372,0.0810241675646734,-0.0164363065521637,0.0147050370483806,-0.045257649558317,0.0123850364539895,-0.0197413716210596,0.00330506506889588
2819,-0.691726775839925,0,1,0.0981301619067936,0.0802091006489176,-0.0179210612578759,0.0140749207243111,-0.045507398962782,0.00966527644703013,-0.0208648829382277,0.00294382168035176
2820,0.186399461235851,1,0,0.110486032659695,0.0671495816995804,-0.0433364509601145,0.00942645074117113,-0.0618119549148508,-0.0248609470053782,-0.0413618878676262,-0.00197456309248829
2821,-0.384968121536076,1,0,0.10229989223021,0.0754026478429872,-0.0268972443872229,0.0107984258370499,-0.0480617701175675,-0.00573271865687828,-0.0278277144346185,0.000930470047395621
2822,-0.287568188738078,0,0,0.103656320979406,0.0739327177167442,-0.029723603262662,0.0100361532474307,-0.0493941021709508,-0.0100531043543732,-0.0300816973158752,0.000358094053213208
2823,-0.136867932509631,0,0,0.105786372144859,0.0717102966418969,-0.0340760755029623,0.00923497125444894,-0.0521762865599449,-0.0159758644459797,-0.0336114400385679,-0.00046463546439441
2824,-0.819502882193774,1,0,0.0964384378072579,0.0822925023477645,-0.0141459354594934,0.015712307780501,-0.0449414928232838,0.0166496219042971,-0.0180236997804201,0.00387776432092673
2825,-0.867890261579305,1,1,0.095804630217621,0.0830942447166809,-0.0127103855009401,0.0163630944955948,-0.0447814613879314,0.0193606903860512,-0.0169565918159791,0.004246206315039
2826,0.883675395511091,0,0,0.121248245237122,0.0582151580401275,-0.0630330871969948,0.0164333161646265,-0.0952417950262226,-0.0308243793677671,-0.0589606504594714,-0.00407243673752344
2827,-0.37071700161323,0,0,0.102497371975868,0.0751859099455949,-0.0273114620302733,0.0106765605967545,-0.0482371362786716,-0.00638578778187513,-0.0281561833253349,0.000844721295061551
2828,0.44005997152999,1,0,0.114300845743601,0.0637609264886239,-0.0505399192549769,0.0112547286582063,-0.072598782080832,-0.0284810564291218,-0.0476207969958612,-0.00291912225911573
2829,-0.639901341404766,1,0,0.0988238255799436,0.079377886874659,-0.0194459387052847,0.0134489586401252,-0.0458054132694989,0.00691353585892952,-0.0220270129875537,0.00258107428226901
2830,0.902126841712743,0,0,0.121544950768195,0.057994578306402,-0.063550372461793,0.0166812852309725,-0.0962450907303391,-0.030855654193247,-0.0594435353012595,-0.00410683716053354
2831,-0.838867623824626,1,1,0.0961843382227463,0.0826125128585153,-0.013571825364231,0.0159708800287273,-0.0448741750219466,0.0177305242934846,-0.0175960645380898,0.00402423917385881
2832,-0.93201628094539,1,0,0.0949704076626713,0.0841677075078248,-0.0108027001548465,0.0172486139405201,-0.0446093622615013,0.0230039619518084,-0.0155497477276724,0.00474704757282591
2833,-0.45494874054566,0,0,0.101335046711787,0.0764752954925336,-0.0248597512192537,0.0114426110696135,-0.0472868568047955,-0.00243264563371182,-0.0262212803292292,0.00136152910997553
2834,0.304744282271713,1,0,0.11225175576616,0.0655482962386515,-0.0467034595275089,0.0101307042849753,-0.066559275064086,-0.0268476439909317,-0.0442621351298367,-0.00244132439767217
2835,-0.181216275319457,1,0,0.105155560608965,0.07235783463859,-0.0327977259703746,0.0094174195783118,-0.0512555291711681,-0.0143399227695811,-0.0325673042860931,-0.000230421684281501
2836,0.129317487590015,1,0,0.109643087895566,0.0679348526358643,-0.0417082352597015,0.00919832756489407,-0.0597366260048959,-0.0236798445145072,-0.0399752072860352,-0.00173302797366633
2837,-0.349155979231,0,0,0.102796787957857,0.0748590873879918,-0.0279377005698653,0.0104986389151615,-0.0485146547302726,-0.00736074640945809,-0.0286539951352305,0.000716294565365153
2838,0.935751712881029,1,0,0.12208725900301,0.0575946220783352,-0.064492636924675,0.0171380579271885,-0.0980826132269256,-0.0309026606224244,-0.0603258733720948,-0.00416676355258019
2839,0.152165962848812,0,0,0.109979818496993,0.0676195117038821,-0.0423603067931108,0.00928027222380966,-0.0605493061185052,-0.0241713074677165,-0.0405293138772846,-0.00183099291582622
2840,0.064133764244616,0,0,0.108687404011196,0.0688419863133142,-0.0398454176978818,0.00903632478853421,-0.0575562888360154,-0.0221345465597482,-0.0384013155145989,-0.00144410218328289
2841,0.841479691211134,1,0,0.120572069915347,0.058722552323882,-0.0618495175914646,0.0158737424029628,-0.092961481001138,-0.0307375541817911,-0.0578597940066662,-0.00398972358479838
2842,-0.357702819164842,1,0,0.102678006219389,0.0749884841217859,-0.0276895220976032,0.0105682203888019,-0.0484028534403368,-0.00697619075486947,-0.0284565373436086,0.000767015246005445
2843,-0.729078887496144,1,0,0.097632912021517,0.0808130995554817,-0.0168198124660353,0.0145404519048445,-0.0453185745184674,0.0116789495863968,-0.0200308125855083,0.00321100011947302
2844,-0.817838298156857,0,0,0.0964603080522723,0.0822650471276713,-0.014195260924601,0.0156902006413196,-0.0449474890917947,0.0165569672425927,-0.018060495098013,0.00386523417341202
2845,0.52503561321646,0,0,0.115604226997786,0.0626618152859764,-0.0529424117118096,0.0120977618143861,-0.0766535891615503,-0.0292312342620689,-0.0497535420562164,-0.00318886965559318
2846,0.604430303908885,0,0,0.116833661828166,0.0616508900024019,-0.0551827718257644,0.0129618234486398,-0.0805874789590652,-0.0297780646924637,-0.0517628824046708,-0.00341988942109365
2847,-0.889122047461569,1,0,0.0955277005897785,0.0834482767243138,-0.0120794238654647,0.0166534657458234,-0.04471961694505,0.0205607692141205,-0.0164898687192288,0.00441044485376409
2848,-0.186361614614725,1,0,0.105082588515226,0.0724333107328831,-0.0326492777823432,0.00944160708384964,-0.0511544876228667,-0.0141440679418197,-0.0324464555876951,-0.000202822194648108
2849,-0.0208790372125804,1,0,0.107451994367172,0.0700419284498896,-0.0374100659172828,0.00899109259509644,-0.0550322835853366,-0.019787848249229,-0.0363638640848323,-0.00104620183245053
2850,-0.745616784319282,0,0,0.0974134698507761,0.0810818468848174,-0.0163316229659587,0.0147501761597344,-0.0452414370046594,0.0125781910727421,-0.019662455890265,0.00333083292430635
2851,-0.742956171743572,1,0,0.0974487439277184,0.0810385559478895,-0.0164101879798288,0.0147162907854503,-0.04525358790533,0.0124332119456723,-0.0197216784633787,0.00331149048354986
2852,-0.423042841255665,0,0,0.101773938331256,0.0759845237819535,-0.0257894145493029,0.0111398265088603,-0.0476230733006936,-0.00395575579791213,-0.0269523529310821,0.00116293838177922
2853,-0.845840237103403,1,0,0.0960929918157289,0.0827280152365973,-0.0133649765791316,0.0160646023502556,-0.0448510186115901,0.018121065453327,-0.0174422755150601,0.00407729893592852
2854,0.503410868346691,0,0,0.11527131987952,0.0629398302520062,-0.0523314896275141,0.0118745966073359,-0.075605271308834,-0.0290577079461942,-0.0492090561045954,-0.0031224335229187
2855,-0.243229742627591,1,0,0.104279047514341,0.0732723459499424,-0.0310067015643987,0.00974875879557996,-0.0501139176977035,-0.0118994854310939,-0.0311148266441834,0.000108125079784679
2856,0.798453234601766,0,0,0.119885935107679,0.0592442038346943,-0.0606417312729847,0.01531450850558,-0.0906576163848539,-0.0306258461611155,-0.0567421550494017,-0.00389957622358297
2857,-0.544781721197069,0,0,0.100108330464758,0.0778727459080959,-0.0222355845566621,0.0123681257296301,-0.0464766655430002,0.00200549642967598,-0.0241748610172353,0.00193927646057318
2858,0.414741968270391,0,0,0.11391499289178,0.0640918589411596,-0.0498231339506208,0.011022355261148,-0.0714265532872764,-0.0282197146139651,-0.0469888924821833,-0.00283424146843746
2859,0.147511000279337,0,0,0.109911142306547,0.0676836463874103,-0.042227495919137,0.00926254727805582,-0.0603817549892259,-0.0240732368490481,-0.0404163224052099,-0.00181117351392712
2860,-0.481082399841398,0,0,0.100976808806148,0.0768794436450451,-0.024097365161103,0.0117012042297493,-0.0470313040271594,-0.00116342629504665,-0.0256241340922237,0.0015267689311207
2861,0.38045418728143,1,0,0.113394248248793,0.0645425866430948,-0.0488516616056984,0.0107229616877367,-0.0698682803212651,-0.0278350428901317,-0.0461356830520694,-0.00271597855362897
2862,0.570784715935588,0,0,0.11631127715133,0.0620774223240192,-0.054233854827311,0.0125874928551336,-0.0789048874790282,-0.0295628221755939,-0.0509093935576801,-0.00332446126963094
2863,0.586303216405213,1,0,0.116551966434147,0.0618803496515065,-0.0546716167826405,0.0127587214610288,-0.0796782513350352,-0.0296649822302458,-0.051302689393388,-0.00336892738925251
2864,0.737035543192178,1,0,0.118912363898586,0.0599963564197587,-0.0589160074788277,0.0145378494894705,-0.0874096688908539,-0.0304223460668014,-0.0551552937472609,-0.00376071373156678
2865,0.37000664928928,1,0,0.113235989734794,0.0646805096038631,-0.0485554801309305,0.0106354196496796,-0.0694005196047721,-0.0277104406570889,-0.045876294397114,-0.0026791857338165
2866,0.84340400621295,0,0,0.120602835627139,0.058699322880454,-0.0619035127466845,0.0158990274135045,-0.0930650338663683,-0.0307419916270008,-0.0579098944643053,-0.00399361828237925
2867,-0.767208962701261,0,0,0.0971276244738425,0.0814339547015232,-0.0156936697723193,0.0150271848304496,-0.0451464108290273,0.0137590712843886,-0.0191823812310065,0.00348871145868717
2868,0.233202044386417,0,0,0.111181408303769,0.0665120167759531,-0.044669391527816,0.00966965616118603,-0.0636215693466265,-0.0257172137090056,-0.0425047621141485,-0.00216462941366752
2869,-0.751719789113849,0,0,0.0973325999848678,0.0811812287929002,-0.0161513711919676,0.0148281109135728,-0.0452139345413357,0.0129111921574005,-0.0195266648892763,0.00337529369730869
2870,0.282824002206326,0,0,0.111922852235692,0.0658421887484873,-0.0460806634872048,0.0099786066513992,-0.065638373139839,-0.0265229538345705,-0.0437223425157338,-0.00235832097147096
2871,-0.488068606238812,0,0,0.100881233114974,0.0769878141529803,-0.0238934189619938,0.0117718738034096,-0.0469658676472271,-0.000820970276760449,-0.0254647543989777,0.00157133543698392
2872,-0.664854286238551,0,0,0.0984892966122813,0.0797771131354738,-0.0187121834768075,0.0137473349343984,-0.0456564648316376,0.00823209787802262,-0.0214667603980372,0.00275457692122972
2873,0.763165733311325,1,0,0.119325731696788,0.0596752661877945,-0.0596504655089938,0.0148650254229301,-0.0887853799672092,-0.0305155510507785,-0.0558292069915869,-0.00382125851740693
2874,-0.863183769863099,0,0,0.0958661148609231,0.0830159509081832,-0.0128501639527399,0.0162991168364078,-0.0447958459319095,0.0190955180264298,-0.0170601756821791,0.00421001172943921
2875,0.368324808310717,0,1,0.113210531346672,0.064702738014843,-0.0485077933318291,0.0106214933928867,-0.0693255378439173,-0.027690048819741,-0.0458345636025268,-0.00267322972930234
2876,0.291872921865433,0,1,0.112058524834565,0.0657207187057297,-0.0463378061288357,0.0100402761956506,-0.0660163858671456,-0.0266592263905258,-0.0439450306269394,-0.0023927755018963
2877,-0.956804552581161,1,0,0.0946496803315231,0.0845860251646355,-0.0100636551668876,0.017597550899977,-0.044554221146953,0.0244269108131777,-0.0150081523234917,0.00494449715660405
2878,-0.909875201527029,0,0,0.095257705966934,0.0837956522285656,-0.0114620537383683,0.0169400141472352,-0.0446638713645484,0.0217397638878117,-0.0160345526990874,0.00457249896071906
2879,0.569489540997893,0,0,0.116291208737131,0.0620938964931253,-0.0541973122440053,0.0125733152892449,-0.0788405573771921,-0.0295540671108185,-0.0508765970834122,-0.00332071516059311
2880,-0.357012796215713,1,0,0.1026875914651,0.074978029747514,-0.0277095617175857,0.0105625561825015,-0.0484117914199695,-0.00700733201520188,-0.0284724729064083,0.000762911188822636
2881,-0.916828960180283,0,0,0.0951673916984906,0.0839123408804845,-0.0112550508180061,0.017036617420067,-0.0446462073797252,0.0221361057437129,-0.0158821852291674,0.00462713441116126
2882,-0.363848307635635,1,0,0.102592672967442,0.0750816520677858,-0.0275110208996567,0.010619024427932,-0.0483239263293545,-0.00669811546995887,-0.0283146587291907,0.000803637829534007
2883,0.454866655170918,1,0,0.114527030536916,0.0635681264606406,-0.050958904076275,0.0113948377743938,-0.0732923757237635,-0.0286254324287866,-0.0479911021139503,-0.00296780196232474
2884,0.725773183628917,0,0,0.118734580787732,0.0601352475632467,-0.0585993332244854,0.0143983880214522,-0.0868196551819647,-0.0303790112670061,-0.0548653851185135,-0.00373394810597192
2885,0.950349003076553,1,0,0.122323334620193,0.0574217996983698,-0.0649015349218235,0.0173382552835852,-0.0988838908324117,-0.0309191790112353,-0.0607098654364166,-0.00419166948540692
2886,0.778844207059592,0,0,0.11957435393935,0.0594833808536584,-0.060090973085692,0.0150636762902881,-0.0896152360894267,-0.0305667100819574,-0.0562344291552237,-0.00385654393046835
2887,0.670546261593699,0,0,0.117866116760616,0.0608206904162613,-0.0570454263443543,0.0137289060518002,-0.0839535877530167,-0.0301372649356918,-0.0534485817662262,-0.00359684457812805
2888,-0.319011133164167,1,0,0.103216704903908,0.0744043397342546,-0.0288123651696537,0.0102635111477152,-0.0489284773741008,-0.00869625296520656,-0.0293517362497378,0.000539371080084141
2889,-0.019809256773442,0,0,0.107467463438344,0.0700267092052668,-0.0374407542330769,0.00899047472775815,-0.0550617609034004,-0.0198197475627534,-0.0363893966415027,-0.0010513575915742
2890,0.66377955628559,0,0,0.117760087079267,0.0609051754287084,-0.0568549116505582,0.013648603139311,-0.0836056822428882,-0.0301041410582283,-0.0532755353358979,-0.00357937631466033
2891,0.438924145419151,0,0,0.114283511102176,0.0637757387323759,-0.0505077723698001,0.0112441068672628,-0.0725458168679547,-0.0284697278716455,-0.0475924136255104,-0.00291535874428973
2892,-0.046426635235548,0,0,0.107083156510688,0.0704062914820343,-0.0366768650286538,0.0090148260291947,-0.0543455993727696,-0.0190081306845379,-0.0357549168549413,-0.000921948173712474
2893,0.0897772735916078,0,0,0.109062497671062,0.0684837858685284,-0.0405787118025335,0.00908713850564439,-0.0583891759961237,-0.0227682476089434,-0.0390192744265821,-0.00155943737595144
2894,0.158431758638471,1,0,0.110072319218497,0.0675332724363772,-0.0425390467821199,0.00930495382985069,-0.0607764211664353,-0.0243016723978045,-0.0406814884239353,-0.0018575583581846
2895,0.855089284945279,0,0,0.120789803911565,0.0585584485051593,-0.0622313554064056,0.01605305678266,-0.0936947685421956,-0.0307679422706157,-0.0582143385514531,-0.00401701685495254
2896,-0.613627976737916,0,0,0.0991771496235463,0.0789595087645092,-0.0202176408590371,0.013141151875675,-0.0459738252507312,0.00553854353265693,-0.0226183425849459,0.00240070172590877
2897,-0.851931760553271,0,0,0.0960132518001657,0.0828290424567031,-0.0131842093434626,0.0161467454989167,-0.0448312489888736,0.0184628303019485,-0.0173080014753972,0.00412379213193465
2898,0.202099813614041,1,0,0.11071887715461,0.0669350750799526,-0.0437838020746571,0.00950258901391894,-0.0624085343018242,-0.0251590698474899,-0.0417446798182462,-0.00203912225641086
2899,0.307357406709343,0,0,0.11229102074995,0.0655133426895953,-0.0467776780603543,0.0101494451026602,-0.0666702249246347,-0.0268851311960739,-0.0443265632646206,-0.00245111479573372
2900,-0.962376635987312,0,0,0.0945777186078713,0.0846803169734732,-0.0098974016343981,0.0176764776534635,-0.0445426612087136,0.0247478579399174,-0.0148865786950475,0.0049891770606494
2901,0.459815154317766,1,0,0.11460270994499,0.0635038125611111,-0.0510988973838791,0.0114423331263387,-0.0735254582106125,-0.0286723365571456,-0.0481149843157849,-0.00298391306809416
2902,-0.934130703099072,1,0,0.0949430119417491,0.0842033162945918,-0.0107396956471573,0.0172782375740764,-0.0446044190086738,0.0231250277143591,-0.0155035017520932,0.00476380610493585
2903,0.744830445386469,0,0,0.119035545914316,0.0599004030236004,-0.0591351428907155,0.0146349281860656,-0.0878190750517341,-0.0304512107296968,-0.0553561406398832,-0.00377900225083225
2904,-0.630776155740023,1,0,0.0989464138140163,0.0792323479523558,-0.0197140658616605,0.0133412962671931,-0.0458625260524377,0.00643439432911664,-0.0222322251532188,0.00251815929155828
2905,0.212381477467716,1,0,0.110871592341446,0.0667949463257063,-0.0440766460157392,0.00955546143236036,-0.062805006278827,-0.0253482857526514,-0.0419956836485115,-0.0020809623672277
2906,-0.54952673567459,0,1,0.100043903187796,0.0779472061634556,-0.0220966970243402,0.0124197471606106,-0.0464389541562307,0.00224556010755026,-0.0240672555700805,0.00197055854574029
2907,-0.456970761995763,1,0,0.101307288819931,0.0765064956866256,-0.0248007931333052,0.0114622870070859,-0.047266462847655,-0.00233512341895541,-0.0261750243417019,0.0013742312083967
2908,-0.0304067456163466,1,0,0.10731430967562,0.0701776094911868,-0.0371367001844334,0.00899793018206992,-0.0547723192766964,-0.0195010810921704,-0.0361365841789894,-0.00100011600544399
2909,-0.100322196725756,1,0,0.106308704543885,0.071180709083683,-0.0351279954602021,0.00912086288316578,-0.0530045582191351,-0.017251432701269,-0.034475288388536,-0.00065270707166605
2910,0.696373295038939,1,0,0.11827156943158,0.0604992361735134,-0.0577723332580662,0.014038935395988,-0.0852881410154872,-0.0302565255006452,-0.0541101605004503,-0.00366217275761593
2911,0.374645072966814,1,0,0.11330622843056,0.0646192417168864,-0.0486869867136735,0.0106740673690973,-0.0696077743256585,-0.0277661991016885,-0.0459914222372753,-0.0026955644763982
2912,-0.914913123939186,0,0,0.095192266613256,0.0838801771623383,-0.0113120894509177,0.0170099729537671,-0.0446510238183015,0.0220268449164662,-0.0159241543605116,0.00461206490959394
2913,0.53309597633779,0,0,0.115728527781297,0.062558482030263,-0.0531700457510339,0.0121823488217098,-0.0770470106886892,-0.0292930808133787,-0.0499567981225327,-0.00321324762850123
2914,-0.209053846541792,1,1,0.104761296326672,0.0727670457788548,-0.0319942505478169,0.00955553372264151,-0.0507227524972522,-0.0132657485983816,-0.0319142065610228,-8.00439867941344e-05
2915,-0.26397352386266,0,0,0.103987293901832,0.073580622553014,-0.0304066713488183,0.00987821570074851,-0.0497676183538034,-0.0110457243438331,-0.0306309218756746,0.000224250526856325
2916,0.423773603979498,0,0,0.114052506924281,0.063973622959461,-0.0500788839648196,0.0111041826093732,-0.0718426819569471,-0.0283150859726922,-0.0472141251034507,-0.00286475886136894
2917,-0.524869277141988,0,0,0.100379101622236,0.0775609831857319,-0.0228181184365042,0.0121543410071007,-0.0466401890662398,0.00100395219323154,-0.0246269580247114,0.00180883958820725
2918,0.866115244105458,0,0,0.120966452083241,0.0584258134818339,-0.0625406386014074,0.0161991532167363,-0.0942903954862567,-0.0307908817165581,-0.0585019395964519,-0.00403869900495548
2919,-0.314906385261565,1,0,0.103274001213964,0.0743426147540262,-0.0289313864599373,0.0102327703094352,-0.0489872477285011,-0.00887552519137352,-0.0294469034783865,0.000515517018449173
2920,0.493830476887524,0,0,0.115124099033465,0.0630633664291507,-0.0520607326043143,0.0117775354162729,-0.075144277846854,-0.0289771873617745,-0.0489682139614356,-0.00309251864287866
2921,0.185947840102017,1,0,0.110479341230076,0.0671557614187478,-0.0433235798113277,0.00942434394323715,-0.0617949545179907,-0.0248522051046647,-0.0413508857213842,-0.00197269408994353
2922,0.970640460960567,0,0,0.122652152080637,0.0571823709780041,-0.0654697811026333,0.0176183994330996,-0.100001209456749,-0.0309383527485172,-0.0612446047347683,-0.00422517636786501
2923,-0.597226043231785,1,0,0.0993982922865228,0.0786993468445305,-0.0206989454419923,0.0129524520977268,-0.0460852850650171,0.00468739418103245,-0.022988244646123,0.00228929920413066
2924,0.700797705445439,0,0,0.118341148276625,0.060444327798927,-0.0578968204776981,0.0140925938588599,-0.085517796889814,-0.0302758440655823,-0.0542236700092644,-0.00367315046843374
2925,0.989684083499014,0,0,0.12296144006406,0.0569585193980296,-0.0660029206660299,0.0178832299590155,-0.101053407312948,-0.0309524340191117,-0.0617474760586499,-0.00425544460737999
2926,-0.956559837330133,0,1,0.0946528418765134,0.0845818862338539,-0.0100709556426595,0.0175940886745148,-0.0445547357855125,0.0244128245001934,-0.015013493033335,0.00494253739067546
2927,0.801244825124741,0,0,0.119930349570455,0.0592102273548889,-0.0607201222155665,0.0153504278605658,-0.0908064079695557,-0.0306338364615774,-0.0568145190671141,-0.00390560314845245
2928,0.324576098937541,0,0,0.112550050061999,0.0652834559080345,-0.0472665941539646,0.0102760911885699,-0.0674073627854111,-0.0271258255225182,-0.0447515234161604,-0.00251507073780424
2929,-0.525039758533239,1,0,0.100376780642307,0.0775636474996806,-0.022813133142626,0.0121561514970161,-0.0466387522673903,0.00101248598213816,-0.0246230837287295,0.00180995058610345
2930,0.568545132875443,1,0,0.116276577263421,0.0621059116055135,-0.0541706656579078,0.0125629885104573,-0.0787936706765946,-0.029547660639221,-0.0508526854602942,-0.00331798019761358
2931,-0.0259193065576255,0,0,0.107379138205728,0.0701136750640265,-0.0372654631417019,0.00899441088660511,-0.0548941845416029,-0.0196367417418009,-0.036243603734898,-0.00102185940680387
2932,0.240024071652442,1,0,0.111283086644269,0.0664195549672306,-0.0448635316770382,0.00970910640174041,-0.0638930305465167,-0.0258340328075597,-0.0426717965451412,-0.002191735131897
2933,0.377245999407023,0,0,0.113345630350854,0.0645849103138789,-0.0487607200369754,0.0106958915854674,-0.0697242823270365,-0.0277971577469143,-0.0460560019849833,-0.00270471805199214
2934,-0.769764329306781,1,0,0.0970938451489544,0.0814757176556801,-0.0156181274932743,0.0150602014998407,-0.0451355800328782,0.0138993250463296,-0.0191256300902786,0.0035075025970043
2935,-0.732027281075716,0,0,0.0975937573761531,0.0808609525268769,-0.0167328048492762,0.0145776834266416,-0.0453045393435203,0.0118389296449679,-0.0199650996992355,0.00323229484995929
2936,0.41416973574087,1,0,0.113906285053056,0.0640993570702748,-0.0498069279827811,0.011017211410436,-0.0714002655572994,-0.0282135904082628,-0.0469746289543956,-0.00283229902838549
2937,-0.00134634459391236,0,0,0.107734746713546,0.0697645277388576,-0.0379702189746888,0.00898458466234535,-0.0555796813289366,-0.0203607566204409,-0.036830477996301,-0.00113974097838776
2938,-0.345264934003353,1,0,0.102850904976426,0.0748002460712114,-0.0280506589052149,0.0104673804743582,-0.0485663476474348,-0.00753497016299498,-0.0287439440586064,0.00069328515339152
2939,-0.299515263177454,1,1,0.10348908955028,0.0741115905167149,-0.0293774990335654,0.0101203179207562,-0.0492129576703428,-0.00954204039678797,-0.0298040788242,0.000426579790634641
2940,0.0579350315965712,0,0,0.10859690384708,0.0689288331182543,-0.0396680707288255,0.00902659941443647,-0.0573598804839913,-0.0219762609736596,-0.0382521738583668,-0.00141589687045866
2941,0.920795298181474,1,0,0.121845782371533,0.0577722026996132,-0.0640735796719197,0.0169341191989775,-0.0972638434118237,-0.0308833159320156,-0.0599330312202142,-0.00414054845170545
2942,0.0165703371167183,1,0,0.107994680975782,0.0695109713511434,-0.0384837096246391,0.00898750048022414,-0.0560988868769148,-0.0208685323723633,-0.0372592798137504,-0.00122442981088865
2943,0.379301018547267,0,0,0.11337677067021,0.0645577967231297,-0.0488189739470807,0.0107132124016086,-0.0698164844129613,-0.0278214634812,-0.046107039085249,-0.00271193486183167
2944,-0.807439708616585,0,0,0.096597030898467,0.0820937241535352,-0.0145033067449317,0.0155525336678225,-0.0449857126022104,0.0159790991123469,-0.018290483196396,0.00378717645146425
2945,0.332822400145233,0,0,0.112674287924744,0.0651736254436001,-0.0475006624811436,0.0103386491755226,-0.0677640425139627,-0.0272372824483246,-0.0449553040093518,-0.00254535847179181
2946,0.461357440333813,1,0,0.114626305648978,0.0634837804146232,-0.0511425252343551,0.0114572033936753,-0.0735982312495088,-0.0286868192192014,-0.0481536070324396,-0.00298891820191551
2947,0.484086924232543,0,1,0.114974538699396,0.0631892384531129,-0.0517853002462834,0.0116799948650936,-0.0746776695214797,-0.0288929309710872,-0.0487235095769738,-0.00306179066930964
2948,0.548693273216486,1,1,0.115969387302165,0.062358977321985,-0.0536104099801805,0.0123481245625693,-0.0778122893994307,-0.0294085305609302,-0.0503505831873067,-0.00325982679287375
2949,-0.741739100776613,1,0,0.0974648835039111,0.0810187599622361,-0.016446123541675,0.0147008086531594,-0.0452591790454823,0.0123669319621323,-0.0197487741697136,0.0033026506280386
2950,0.955252907704562,1,0,0.122402731451059,0.0573638500321593,-0.0650388814188992,0.01740576289518,-0.0991535498168956,-0.0309242130209029,-0.0608389954643023,-0.00419988595459692
2951,0.109271751251072,0,0,0.109348407627694,0.0682126340910796,-0.041135773536614,0.00913703956325123,-0.0590440420059039,-0.023227505067324,-0.0394901075517243,-0.00164566598488966
2952,0.56299060350284,0,0,0.116190554708053,0.0621766223435056,-0.0540139323645475,0.012502442790373,-0.0785182699524511,-0.0295095947766439,-0.0507120958166788,-0.00330183654786872
2953,0.888648090418428,1,0,0.121328146348785,0.0581556340809947,-0.0631725122677906,0.0164999527168748,-0.0955118253394789,-0.0308331991961022,-0.0590906987140655,-0.00408181355372508
2954,0.302763486746699,1,1,0.112222000191191,0.0655748032136,-0.046647196977591,0.0101165837560905,-0.0664753367861114,-0.0268190571690706,-0.044213308701668,-0.00243388827592299
2955,-0.946383984293789,1,0,0.0947843903222655,0.084409942125076,-0.0103744481971894,0.0174504272158468,-0.0445766570550868,0.0238277606607079,-0.0152356792062362,0.00486123100904676
2956,-0.362916925922036,0,0,0.102605601639598,0.0750675251312587,-0.0275380765083395,0.0106112836492541,-0.0483358102906163,-0.0067403427260628,-0.028336155780906,0.00079807927256647
2957,-0.622189658228308,1,0,0.0990618888813064,0.0790956233992177,-0.0199662654820888,0.0132407199704093,-0.0459175997534712,0.00598506878929368,-0.0224254848837629,0.00245921940167414
2958,-0.184546794276685,1,0,0.105108321508641,0.0724066811647731,-0.0327016403438681,0.00943300566832186,-0.0511899917197411,-0.0142132889679951,-0.0324890733773494,-0.000212566966518689
2959,-0.889824582263827,0,0,0.0955185495623453,0.0834600146288017,-0.0120585349335436,0.0166631223697644,-0.0447176546482655,0.0206005847811783,-0.0164744410836553,0.00441590615011167
2960,-0.225517338141799,1,0,0.104528738146944,0.0730100609925891,-0.0315186771543547,0.00964543331179092,-0.0504233790607479,-0.0126139752479616,-0.0315287903830446,1.01132286898509e-05
2961,-0.277511396445334,0,0,0.10379727803973,0.0737824544450471,-0.0300148235946825,0.0099674724515033,-0.0495507106165242,-0.0104789365728409,-0.0303156402916931,0.000300816697010566
2962,-0.739730826113373,0,0,0.0974915204444435,0.0809861044770412,-0.0165054159674023,0.0146752871028267,-0.0452684501517278,0.0122576182169231,-0.0197934912414353,0.00328807527403295
2963,0.271603552158922,1,0,0.111754820757564,0.065993098588404,-0.0457617221691597,0.00990436743723888,-0.0651739256357992,-0.0263495187025202,-0.0434464949559548,-0.00231522721320492
2964,-0.704434745013714,1,0,0.0979607343024371,0.0804141297999621,-0.0175466045024751,0.0142320052951322,-0.0454408223087175,0.0103476133037674,-0.0205807859302453,0.00303418142777025
2965,0.216036541387439,1,0,0.110925925993399,0.0667451971288412,-0.044180728864558,0.00957482296043226,-0.0629470370253524,-0.0254144207037636,-0.0420849760204927,-0.0020957528440653
2966,0.447941991966218,1,0,0.114421201897661,0.0636582257938788,-0.0507629761037823,0.0113289354112583,-0.072967281493029,-0.0285586707145356,-0.0478178520171429,-0.0029451240866394
2967,-0.416473410557956,1,0,0.101864515195869,0.0758838332816587,-0.0259806819142106,0.0110793307330551,-0.0476957711238064,-0.00426559270461473,-0.0271031593450898,0.00112247743087924
2968,-0.748631424736232,0,0,0.0973735158808779,0.0811309237033239,-0.0162425921775539,0.0147886368411014,-0.0452277877665548,0.012742603411447,-0.0195953708574308,0.0033527786798769
2969,0.740589417982846,1,0,0.118968511724154,0.0599525912302084,-0.0590159204939457,0.0145820541471311,-0.0875962214429355,-0.0304356195449559,-0.0552468446172298,-0.00376907587671591
2970,0.602154789026827,0,0,0.116798267871712,0.0616796506538554,-0.0551186172178566,0.0129361491417424,-0.0804730036343103,-0.0297642308014028,-0.0517050672750096,-0.00341354994284698
2971,-0.530493514146656,0,1,0.100302556888551,0.0776489240221491,-0.0226536328664014,0.0122142522976777,-0.0465931274679353,0.00128586173513258,-0.0244991769735552,0.00184554410715383
2972,0.335242265835404,1,0,0.112710768068694,0.0651414284814155,-0.0475693395872785,0.0103572365031651,-0.0678691501128457,-0.0272695290617113,-0.045015135208358,-0.00255420437892052
2973,0.96373884472996,0,0,0.122540228062248,0.0572637010602456,-0.0652765270020027,0.0175228767908298,-0.0996207344175618,-0.0309323195864435,-0.0610626017312259,-0.00421392527077679
2974,0.89205743232742,1,1,0.121382953772541,0.0581148567110234,-0.0632680970615178,0.0165457216442712,-0.0956971155825141,-0.0308390785405215,-0.0591798997817579,-0.00408819727975991
2975,-0.448633269872516,0,0,0.101421787641953,0.0763779216553109,-0.0250438659866423,0.011381523342581,-0.0473512418273031,-0.00273649014598158,-0.026365811524696,0.00132194553805365
2976,0.985405615065247,0,0,0.12289189499202,0.0570087395775613,-0.065883155414459,0.0178235723944669,-0.100816715383456,-0.0309495954454616,-0.0616344117796532,-0.00424874363480575
2977,0.723001776263118,1,0,0.118690867732833,0.0601694715890742,-0.0585213961437586,0.0143642170189962,-0.0866747441671085,-0.0303680481204088,-0.0547940963862439,-0.00372729975751473
2978,-0.453217044938356,1,1,0.101358824434558,0.0764485843615344,-0.0249102400730234,0.011425805400926,-0.0473044071532016,-0.00251607299284526,-0.0262609019223556,0.00135066184933219
2979,0.919914403464645,0,1,0.121831572848138,0.0577826777571059,-0.0640488950910322,0.0169221456350918,-0.0972156910769538,-0.0308820991051107,-0.0599099126343058,-0.00413898245672642
2980,-0.683497003745288,0,0,0.0982400237186716,0.0800765769805993,-0.0181634467380723,0.013973926291421,-0.0455518389918748,0.00922494551573021,-0.0210490476179965,0.00288560087992419
2981,0.0625743255950511,0,0,0.108664630309755,0.0688638251485357,-0.0398008051612188,0.00903378389766306,-0.0575066962447563,-0.0220949140776814,-0.0383637867526668,-0.00143701840855202
2982,-0.0108437007293105,0,0,0.107597182778686,0.0698992807685603,-0.0376979020101256,0.00898648709368038,-0.0553110930612732,-0.020084710958978,-0.0366034844888417,-0.0010944175212839
2983,0.610307592898607,0,0,0.11692512178946,0.0615766638298204,-0.0553484579596395,0.0130283693350767,-0.080883592633676,-0.0298133232856031,-0.0519122714968175,-0.00343618646282203
2984,0.201502678915858,1,0,0.110710013478895,0.0669432218052873,-0.0437667916736081,0.00949959099596014,-0.0623856478935509,-0.0251479354536652,-0.0417301100311942,-0.00203668164241388
2985,-0.0612492659129202,0,0,0.106869669161693,0.0706184960167533,-0.0362511731449395,0.00903646463974824,-0.0539623183864157,-0.0185400279034632,-0.0354023100322317,-0.000848863112707772
2986,-0.484146917704493,1,0,0.100934874384925,0.0769269634265859,-0.0240079109583396,0.0117321252608041,-0.0470024539316283,-0.00101336798505095,-0.025554208649365,0.00154629769102539
2987,-0.694581258576363,1,0,0.0980920821019361,0.0802551130045143,-0.0178369690974218,0.0141100861888175,-0.0454922298462602,0.00981829165141652,-0.0208010390568393,0.00296406995941749
2988,-0.197339694015682,0,0,0.104927044881606,0.0725945889691672,-0.0323324559124392,0.00949525725659382,-0.0509428181593056,-0.0137220936655727,-0.0321888161690967,-0.000143639743342465
2989,-0.711494517046958,0,0,0.0978667233753642,0.0805282380278446,-0.0173384853475197,0.0143198568035938,-0.0454048889463343,0.010727918251295,-0.0204231056597781,0.00308462031225843
2990,0.21126102283597,1,0,0.110854941103595,0.0668102037641175,-0.0440447373394777,0.0095495853258272,-0.0627615806453912,-0.0253278940335642,-0.0419683177315906,-0.00207641960788708
2991,-0.0100583699531853,1,0,0.10760855199821,0.0698881289966586,-0.0377204230015514,0.00898623917117964,-0.0553331281335266,-0.0201077178695763,-0.0366222463731992,-0.00109817662835223
2992,0.710650921799242,0,0,0.118496228568786,0.0603222136830123,-0.0581740148857738,0.0142126522540114,-0.0860303014284282,-0.0303177283431195,-0.0544766412846256,-0.00369737360114823
2993,-0.231562033295631,1,0,0.10444346716451,0.073099473362285,-0.0313439938022255,0.00967993466393463,-0.0503163171162382,-0.0123716704882128,-0.0313874370923958,4.34432901703294e-05
2994,0.919834412634373,0,0,0.121830282603929,0.0577836290470903,-0.0640466535568391,0.0169210585699554,-0.0972113189342445,-0.0308819881794336,-0.0599078134235928,-0.00413884013324626
2995,-0.56197806308046,1,0,0.0998750156690578,0.0781429063114793,-0.0217321093575785,0.0125564147036642,-0.0463422299517096,0.00287801123655253,-0.023785120645763,0.00205301128818445
2996,-0.336871995590627,1,0,0.102967720630597,0.074673470768572,-0.0282942498620253,0.0104008623483331,-0.0486795654729167,-0.00790893425113376,-0.0289380780694102,0.000643828207384949
2997,-0.842176423408091,0,0,0.0961409808232789,0.0826673053106365,-0.0134736755126424,0.0160153148267562,-0.044863115774155,0.0179157647488701,-0.0175230727219368,0.00404939720929435
2998,-0.114464444108307,1,0,0.106106306528819,0.0713852159633371,-0.0347210905654821,0.00916104600216137,-0.052676410790433,-0.0167657703405311,-0.0341406340878985,-0.000580456477583563
2999,0.732100186869502,1,0,0.118834428006995,0.0600571838620299,-0.0587772441449646,0.0144766175798323,-0.0871508932193953,-0.0304035950705339,-0.0550282098380141,-0.00374903430695051
3000,-0.687520442064852,0,0,0.0981862998909534,0.0801413412424125,-0.0180449586485409,0.0140232283668176,-0.0455299811944838,0.00944006389740201,-0.0209589938465942,0.0029140351980533
3001,-0.664393155369908,0,0,0.0984954695552696,0.0797697188234064,-0.0187257507318632,0.0137417693163879,-0.045659123675841,0.00820762221211459,-0.0214771019078844,0.00275135117602119
3002,0.405532617121935,1,1,0.11377492179779,0.0642126310334599,-0.0495622907643301,0.0109401674650194,-0.0710046249806049,-0.0281199565480553,-0.0467594392185789,-0.0028028515457512
3003,0.225400779861957,1,0,0.111065234631074,0.0666178971071137,-0.0444473375239608,0.0096257645046521,-0.063313489276743,-0.0255811857711787,-0.042313891159343,-0.00213344636461782
3004,0.0565042207017541,0,0,0.108576023718121,0.0689488937760507,-0.0396271299420698,0.00902449692236588,-0.0573148188884995,-0.0219394409956402,-0.0382177615325688,-0.00140936840950104
3005,-0.540284811053425,1,0,0.10016942303927,0.077802239093226,-0.0223671839460445,0.012319441604197,-0.0465128457999149,0.00177847790782597,-0.0242768849617911,0.00190970101574664
3006,0.578615704085678,1,0,0.116432680441075,0.0619779018266167,-0.0544547786144584,0.0126735878903872,-0.0792945544345202,-0.0296150027943966,-0.0511077820882988,-0.00334699652615961
3007,-0.219072613399476,0,0,0.104619719969891,0.0729148424180725,-0.0317048775518183,0.00960952793585267,-0.0505392062145211,-0.0128705488891156,-0.0316795899871503,-2.52875646680195e-05
3008,0.244107124395669,1,0,0.111343981070364,0.066364272759953,-0.0449797083104114,0.00973318945027678,-0.0640564090876591,-0.0259030075331637,-0.0427718229217754,-0.00220788538863597
3009,-0.703725706320256,1,0,0.097970180610396,0.0804026776510783,-0.0175675029593178,0.0142232049660488,-0.0454444724375046,0.0103094665188691,-0.020596628121558,0.00302912516224022
3010,-0.545610291883349,1,0,0.100097077567737,0.077885743404541,-0.0222113341631955,0.0123771212973939,-0.0464700461383713,0.00204737781198026,-0.024156067533884,0.00194473337068846
3011,-0.717234168201685,1,0,0.0977903510265337,0.0806211177928232,-0.0171692332337105,0.0143915839737193,-0.0453762195026841,0.0110377530352632,-0.020294987440232,0.00312575420652153
3012,0.830936083104461,0,0,0.120403620192622,0.0588499829607135,-0.061553637231908,0.0157356106521673,-0.0923948673849008,-0.0307124070789153,-0.0575854614413212,-0.00396817579058684
3013,-0.970447885803878,0,0,0.0944735678172367,0.0848170692883268,-0.00965649852890994,0.0177911188132119,-0.0445264506474783,0.0252134535896584,-0.0147105878097434,0.00505408928083346
3014,0.265681112650782,0,0,0.11166621841004,0.0660728822017315,-0.0455933362083081,0.00986619382685038,-0.0649307207734263,-0.02625595164319,-0.043301020649338,-0.00229231555897014
3015,-0.623990445397794,1,0,0.0990376611526053,0.079124279816838,-0.0199133813357673,0.0132617538379867,-0.0459059412300571,0.00607917855852246,-0.0223849408284796,0.00247155949271228
3016,0.854897693265229,0,0,0.120786736366826,0.0585607557209155,-0.0622259806459104,0.0160505246141309,-0.0936844308225806,-0.0307675304692402,-0.0582093439488293,-0.00401663669708111
3017,-0.205992170609534,1,0,0.104804594960102,0.0727219351011479,-0.0320826598589537,0.00953948053042727,-0.0507796981298122,-0.0133856215880952,-0.0319859497522157,-9.67101067380419e-05
3018,0.773826509714127,0,0,0.119494736862592,0.0595447283566932,-0.0599500085058986,0.0149999138580965,-0.0893492994389709,-0.0305507175728262,-0.0561046722229852,-0.00384533628291337
3019,-0.486995385494083,0,0,0.100895910225819,0.0769711571819123,-0.0239247530439064,0.0117609762522479,-0.0469758429213432,-0.000873663166469536,-0.0254892313743365,0.00156447833043014
3020,0.410286537371576,1,1,0.113847208550313,0.0641502613376772,-0.0496969472126358,0.0109824341467479,-0.0712221226028446,-0.0281717718224271,-0.0468778576991149,-0.00281908951352093
3021,-0.126941775903106,1,0,0.10592801815898,0.0715660972223307,-0.0343619209366489,0.00920067723852304,-0.0523949169575315,-0.0163289249157663,-0.0338457628840372,-0.000516158052611675
3022,-0.752451698295772,1,0,0.097322905605607,0.0811931547260523,-0.0161297508795547,0.0148374766060032,-0.0452106706487765,0.0129511688896672,-0.0195103852266853,0.00338063434713062
3023,-0.6208421215415,0,0,0.0990800220441131,0.0790741858863449,-0.0200058361577682,0.0132250009651771,-0.0459263617450227,0.00591468942948628,-0.022455828695112,0.00244999253734381
3024,-0.627773036714643,1,0,0.0989867874727107,0.0791845041300372,-0.0198022833426735,0.0133060386282327,-0.0458816398309083,0.00627707314556123,-0.0222997996927692,0.00249751635009565
3025,0.51813212223351,1,0,0.115497858897413,0.0627504441296532,-0.0527474147677601,0.0120259151165723,-0.0763177752773776,-0.0291770542581427,-0.0495795905133801,-0.00316782425438002
3026,-0.832048188894987,1,0,0.0962737529269646,0.0824996898605353,-0.0137740630664294,0.0158795316634046,-0.0448973732180658,0.0173492470852071,-0.0177465715117738,0.00397250844534443
3027,-0.745667055714875,0,0,0.0974128034684003,0.081082665055699,-0.0163301384127013,0.0147508169427553,-0.0452412083630448,0.0125809315376423,-0.0196613370414866,0.00333119862878532
3028,-0.334239514078945,0,0,0.1030043845558,0.0746337478563182,-0.0283706366994822,0.0103802562695275,-0.0487155651380522,-0.00802570826091214,-0.0289990015151499,0.000628364815667713
3029,0.307301509194076,1,0,0.112290180704562,0.0655140902017983,-0.0467760905027641,0.0101490428798854,-0.0666678490248922,-0.026884331980636,-0.044325184901241,-0.00245090560152314
3030,-0.366034470964223,0,0,0.102562332120435,0.0751148207761721,-0.0274475113442632,0.0106372512106836,-0.0482961406117082,-0.00659888207681831,-0.0282642078842723,0.000816696540009064
3031,-0.172962890937924,1,0,0.105272704933374,0.0722369185981804,-0.0330357863351939,0.00937991275903923,-0.0514200775210386,-0.0146514951493493,-0.0327612786863196,-0.000274507648874336
3032,0.722281840164214,0,0,0.118679514551459,0.0601783650407747,-0.0585011495106842,0.0143553499308256,-0.086637118360572,-0.0303651806607965,-0.0547755808171856,-0.00372556869349865
3033,0.584297601133585,1,0,0.116520835373918,0.0619057864584755,-0.0546150489154423,0.0127364524821603,-0.0795780370712824,-0.0296520607596023,-0.0512518248372492,-0.00336322407819314
3034,0.47262548469007,0,0,0.114798825785578,0.06333760286772,-0.0514612229178578,0.0115668072310207,-0.0741317485067758,-0.0287906973289398,-0.0484359700076442,-0.00302525291021358
3035,-0.126889025326818,1,0,0.105928771354844,0.0715653316186631,-0.0343634397361806,0.00920050151034536,-0.0523960913361639,-0.0163307881361973,-0.0338470087552868,-0.000516430980893795
3036,0.927606038283557,0,0,0.121955693142176,0.0576912737221054,-0.0642644194200704,0.0170268370985001,-0.097636406903761,-0.0308924319363797,-0.0601118458881847,-0.00415257353188568
3037,0.0786847034469247,1,0,0.108900104806075,0.068638519630901,-0.040261585175174,0.00906307542818005,-0.0580248866035769,-0.0224982837467712,-0.0387517719430065,-0.00150981323216753
3038,0.791263094637543,1,0,0.119771604737399,0.0593317992509607,-0.0604398054864378,0.0152222326102953,-0.0902748331669078,-0.0306047778059678,-0.0565558663660264,-0.00388393912041142
3039,0.837781360838562,1,0,0.120512960478788,0.0587672210656266,-0.0617457394131609,0.0158252116674006,-0.0927625843289892,-0.0307288944973326,-0.0577635339509203,-0.00398220546224059
3040,-0.586892351973802,1,0,0.0995378437007235,0.0785358401215876,-0.0210020035791359,0.0128349800277925,-0.0461581021759001,0.00415409501762834,-0.0232215893214939,0.002219585742358
3041,0.154654031153768,1,0,0.110016541206199,0.0675852549610026,-0.0424312862451969,0.00928996025368785,-0.0606392737602337,-0.0242232987301601,-0.040589729091591,-0.00184155715360591
3042,0.47203243849799,1,1,0.114789740281741,0.0633452884789449,-0.0514444518027959,0.011560996943617,-0.0741035894376629,-0.0287853141679289,-0.0484211009948765,-0.0030233508079194
3043,0.783943720161915,1,0,0.119655316173409,0.0594210937197649,-0.0602342224536439,0.0151286562455489,-0.0898858438294066,-0.0305826010778811,-0.0563663700844474,-0.00386785236919648
3044,-0.20617011655122,0,0,0.104802077992206,0.0727245562478563,-0.0320775217443495,0.00954040778246332,-0.0507763773958032,-0.0133786660928957,-0.0319817794199692,-9.57423243802685e-05
3045,-0.158473945688456,1,0,0.105478632136368,0.072025099182784,-0.0334535329535842,0.00931796347659748,-0.0517164057769748,-0.0151906601301935,-0.0331021827040031,-0.000351350249581051
3046,-0.0674961791373789,1,0,0.106779808419729,0.0707081053079081,-0.0360717031118208,0.00904730435022744,-0.0538040937954391,-0.0183393124282024,-0.0352538599964229,-0.000817843115397884
3047,0.501349986996502,1,0,0.115239636720954,0.0629663856062402,-0.0522732511147133,0.0118536219783469,-0.0755059232786256,-0.029040578950801,-0.049157227734942,-0.00311602337977127
3048,0.521892872173339,1,0,0.115555793493226,0.0627021481333586,-0.0528536453598676,0.0120649851616568,-0.0765005817507251,-0.0292067089690101,-0.0496743373691802,-0.00317930799068737
3049,0.158465737011284,0,0,0.110072821020398,0.0675328050533493,-0.0425400159670484,0.00930509023726076,-0.0607776577049748,-0.0243023742291221,-0.0406823139003906,-0.00185770206665783
3050,-0.350455787498504,0,0,0.102778715722259,0.0748787528769437,-0.0278999628453151,0.0105091395801382,-0.0484974979308903,-0.00730242775973993,-0.0286239551274649,0.000723992282149789
3051,-0.730504409875721,0,0,0.0976139793457083,0.0808362328205363,-0.016777746525172,0.0145584443639602,-0.0453117731494642,0.0117562800991201,-0.0199990387120863,0.00322129218691426
3052,-0.415202233940363,0,0,0.101882049956257,0.0758643639431232,-0.0260176860131342,0.0110676998202208,-0.0477099790524674,-0.00432539297380093,-0.0271323512008667,0.00111466518773254
3053,0.855184057261795,1,0,0.1207913213213,0.0585573072544322,-0.0622340140668681,0.0160543094216497,-0.0936998823299637,-0.0307681458037725,-0.0582168092068035,-0.00401720486006461
3054,-0.444243893958628,1,0,0.101482113081601,0.0763103119346296,-0.0251718011469718,0.0113393966964741,-0.0473966102784734,-0.00294699201547014,-0.0264663151419891,0.00129451399501731
3055,0.340176639147103,1,0,0.112785187058781,0.0650758211670489,-0.0477093658917318,0.0103954577239909,-0.0680840886335626,-0.0273346431499009,-0.0451371827459919,-0.00257218314573989
3056,-0.00789187429472804,0,0,0.107639921794353,0.0698573730823222,-0.0377825487120308,0.00898563991293506,-0.0553940793194292,-0.0201710181046325,-0.0366740124157697,-0.00110853629626113
3057,-0.433874713256955,0,0,0.101624748459697,0.0761508130588474,-0.02547393540085,0.0112409723105313,-0.0475058362807034,-0.00344203452099662,-0.0267039067215974,0.0012299713207474
3058,0.14455863693729,1,0,0.109867604604096,0.0677243523990988,-0.0421432522049976,0.00925157703293085,-0.06027600998974,-0.0240104944202552,-0.0403446858476357,-0.00179856635736186
3059,0.317886494565755,1,0,0.112449353113242,0.0653726795611525,-0.0470766735520893,0.0102262426491055,-0.0671197408415036,-0.0270336062626751,-0.0445863355604816,-0.00249033799160774
3060,-0.40201172651723,0,0,0.102064159375424,0.075662608642327,-0.0264015507330973,0.0109484663824173,-0.0478601505285828,-0.00494295093761188,-0.0274354746278847,0.00103392389478736
3061,0.661122062243521,0,0,0.117718468559197,0.0609383853051416,-0.056780083254055,0.0136171732858903,-0.083469252465641,-0.030090914042469,-0.0532076072870438,-0.00357247596701122
3062,-0.96642857696861,1,0,0.0945254198243799,0.0847489445475898,-0.00977647527679013,0.0177339836288789,-0.0445344444918157,0.0249814939382354,-0.0147982111659714,0.00502173588918127
3063,-0.623317193239927,0,1,0.099046718446639,0.0791135650609258,-0.0199331533857132,0.0132538862983492,-0.0459102931856665,0.00604398641424013,-0.0224000980420131,0.0024669446562999
3064,-0.526474700309336,0,0,0.100357246845012,0.0775860763510872,-0.0227711704939251,0.0121714041454063,-0.0466266842602029,0.00108434327235274,-0.0245904762789136,0.00181930578498851
3065,-0.220478277187794,1,0,0.104599869894049,0.0729356008523661,-0.0316642690416833,0.00961728145699296,-0.0505137943265744,-0.0128147437567922,-0.0316466908927523,-1.75781489310453e-05
3066,0.677785597741604,0,0,0.117979643815955,0.0607304257823297,-0.0572492180336252,0.0138152484608885,-0.0843266074544391,-0.0301718286128113,-0.0536338470749873,-0.00361537095863787
3067,0.437047614250332,1,0,0.114254877056119,0.063800217494005,-0.0504546595621143,0.0112265981666255,-0.0724583876376036,-0.028450931486625,-0.0475455277718813,-0.002909131790233
3068,-0.107238593045622,1,1,0.106209677466605,0.0712806573786971,-0.0349290200879075,0.00913988237888498,-0.0528428603734543,-0.0170151798023607,-0.0343115645608947,-0.00061745552701279
3069,-0.961252172477543,1,0,0.0945922367569647,0.0846612809182513,-0.00993095583871338,0.0176605356596498,-0.0445449696793123,0.0246830580018856,-0.0149111076084633,0.00498015176974992
3070,0.0182675099931657,1,0,0.108019332028921,0.0694869972682108,-0.0385323347607103,0.00898821726373804,-0.0561489168828581,-0.0209157526385626,-0.0372999378312762,-0.00123239692943414
3071,-0.705299177207053,1,0,0.0979492188322129,0.0804280938247902,-0.0175211250074228,0.01424273999196,-0.0454363824328327,0.0103941324179872,-0.0205614731805036,0.00304034817308083
3072,-0.696429077070206,1,0,0.0980674385751435,0.0802849114491781,-0.0177825271259655,0.0141328871455945,-0.0454824769288997,0.00991742267696882,-0.0207597195578999,0.00297719243193445
3073,-0.724931652192026,1,0,0.0976880109877847,0.0807458328797392,-0.0169421781080455,0.0144881994294539,-0.0453385271906088,0.0114541709745179,-0.020123275674171,0.00318109756612554
3074,0.975851868279278,1,0,0.12273672411679,0.0571210305819043,-0.0656156935348859,0.0176906898438544,-0.100288808490509,-0.0309425785792628,-0.0613821207504724,-0.00423357278441352
3075,-0.7220194269903,0,0,0.097726718538199,0.0806986281547416,-0.0170280903834574,0.0144515899918986,-0.0453526862869181,0.0112965055200033,-0.0201882255925322,0.00316013520907477
3076,-0.642185560893267,1,0,0.0987931604210169,0.0794143564351852,-0.0193788039858317,0.0134760322548711,-0.0457913418598792,0.0070337338882158,-0.0219756719186813,0.00259686793284959
3077,0.386522746179253,0,0,0.11348626285644,0.0644625984486309,-0.0490236644078088,0.0107746175022291,-0.0701415266593727,-0.0279058021562448,-0.046286476991706,-0.00273718741610277
3078,-0.777562342118472,0,0,0.0969908282278891,0.0816032830888153,-0.0153875451390738,0.0151612561138331,-0.0451030610825742,0.0143279708044267,-0.0189525308898245,0.00356498575075075
3079,-0.236780897248536,0,0,0.104369895408736,0.0731767512647194,-0.0311931441440165,0.00971035844607939,-0.0502250969753064,-0.0121611913127265,-0.0312654625435004,7.23183994839408e-05
3080,-0.00589340412989259,0,0,0.107668865793766,0.0698290135845536,-0.0378398522092123,0.00898519736528707,-0.0554505154391592,-0.0202291889792655,-0.0367217734958983,-0.00111807871331402
3081,0.319130151998252,0,0,0.112468067623155,0.065356083506081,-0.0471119841170739,0.0102354483607438,-0.0671730942697512,-0.0270508739643966,-0.0446170370624995,-0.00249494705457443
3082,0.994923324324191,0,1,0.123046648256419,0.0568970783983772,-0.0661495698580417,0.017956408397207,-0.10134348360826,-0.0309556561078234,-0.0618859978541113,-0.00426357200393041
3083,0.406926763243973,1,0,0.113796116638467,0.0641943344955477,-0.0496017821429198,0.0109525273001319,-0.07106834119087,-0.0281352230949696,-0.0467941610233806,-0.00280762111953919
3084,0.501577799208462,0,0,0.115243138641622,0.0629634496329039,-0.0522796890087182,0.0118559379833985,-0.0755169004591197,-0.0290424775583167,-0.0491629563711945,-0.0031167326375237
3085,0.278574950993061,1,0,0.111859194749285,0.065899298740193,-0.0459598960090924,0.00995020031438825,-0.0654619302642525,-0.0264578617539324,-0.043617845807342,-0.00234205020175045
3086,0.702211051713675,1,0,0.118363382208504,0.0604267975400497,-0.0579365846684546,0.0141097677174313,-0.0855912212248459,-0.0302819481120634,-0.0542599406094735,-0.0036766440589811
3087,0.971523894462734,0,0,0.12266648513356,0.057171968250488,-0.0654945168830723,0.0176306443075842,-0.100049944750173,-0.0309390890159712,-0.0612679111489488,-0.0042266057341235
3088,0.212964792270213,0,1,0.110880261933356,0.0667870045004215,-0.0440932574329347,0.00955853156814588,-0.0628276350515898,-0.0253588798142796,-0.0420099317074808,-0.00208332572545392
3089,-0.484188481699675,0,0,0.100934305735476,0.0769276081214709,-0.0240066976140049,0.0117325454862866,-0.0470020642141046,-0.00101133101390518,-0.0255532603929358,0.00154656277893089
3090,0.583414241671562,1,1,0.116507126202356,0.0619169930229944,-0.0545901331793618,0.0127266572645578,-0.0795339230614802,-0.0296463432972434,-0.0512294251807861,-0.00336070799857571
3091,-0.0531422314234078,0,0,0.106986386674307,0.0705023605385963,-0.0364840261357112,0.00902391657640637,-0.0541705776249616,-0.0187974746464607,-0.0355950997056552,-0.000888926430055968
3092,0.369568225927651,1,0,0.113229352745012,0.0646863034349035,-0.0485430493101087,0.0106317848674705,-0.0693809647417288,-0.0277051338784885,-0.045865415306328,-0.00267763400378065
3093,0.363340222276747,1,0,0.113135107923708,0.0647686596354251,-0.0483664482882833,0.0105804933057677,-0.0691038341062552,-0.0276290624703114,-0.0457109247219368,-0.00265552356634649
3094,0.57032180018723,0,0,0.116304104041375,0.0620833099805707,-0.0542207940608041,0.0125824235458455,-0.0788818910488901,-0.0295596970727181,-0.0508976710902932,-0.00332312297051086
3095,-0.42979918140918,0,1,0.101680858926805,0.0760882069568611,-0.0255926519699442,0.0112027134572342,-0.0475495668752455,-0.00363573706464292,-0.02679735518059,0.00120470321064577
3096,-0.480510674417019,1,0,0.100984633926101,0.076870581194462,-0.0241140527316389,0.0116954491410913,-0.0470367118311976,-0.00119139363208008,-0.0256371818580876,0.00152312912644874
3097,-0.056392471306026,1,0,0.106939579286974,0.070548899899008,-0.0363906793879656,0.00902874082642839,-0.0540866862335117,-0.0186946725424196,-0.0355177887537085,-0.000872890634257113
3098,0.968266760464758,1,0,0.122613647687306,0.0572103309096328,-0.0654033167776734,0.0175855183923278,-0.0998702994761026,-0.0309363340792442,-0.0611819931385732,-0.00422132363910019
3099,-0.859565496910363,1,0,0.0959134072186939,0.0829558055463102,-0.0129576016723837,0.0162500292795023,-0.0448070738079295,0.0188918704631621,-0.0171398400035574,0.0041822383311737
3100,-0.698872614651918,0,0,0.0980348586832156,0.0803243321350008,-0.0177105265482148,0.0141630833399061,-0.0454696598044701,0.0100486067080405,-0.0207050900794285,0.00299456353121372
3101,-0.623033887706697,0,0,0.0990505299901491,0.0791090566718169,-0.0199414733183323,0.0132505769467671,-0.0459121269083725,0.00602918027170795,-0.0224064765093837,0.00246500319105144
3102,-0.422387015540153,0,0,0.101782977402282,0.0759744663507921,-0.0258085110514897,0.0111337582074522,-0.0476302761506732,-0.00398674595230629,-0.0269674036428049,0.00115889259131515
3103,0.257215140853077,1,0,0.11153967032908,0.0661870864300162,-0.0453525838990641,0.00981285874782779,-0.0645854336301853,-0.0261197341679428,-0.0430932188097143,-0.00225936508934976
3104,0.76266932208091,0,0,0.11931786713257,0.0596813511120176,-0.0596365160205525,0.0148587639674677,-0.0887591582515707,-0.0305138737895344,-0.055816387470207,-0.00382012855034554
3105,0.615431993734092,0,1,0.117004916298545,0.0615120142745054,-0.0554929020240394,0.0130866624859534,-0.0811422891743396,-0.0298435148737393,-0.0520425965437357,-0.00345030548030374
3106,-0.211047810036689,1,0,0.104733105920058,0.0727964386652021,-0.0319366672548554,0.00956610161656594,-0.050685881895775,-0.0131874526139358,-0.0318674942271805,-6.91730276748889e-05
3107,0.0868546119891107,0,1,0.109019689918631,0.0685245236122654,-0.0404951663063657,0.00908049184497894,-0.0582926032844341,-0.0226977293282973,-0.0389487644952272,-0.00154640181113848
3108,-0.532614689320326,0,0,0.100273701592257,0.0776821145256027,-0.022591587066654,0.0122369450787395,-0.0465755587017781,0.00139238456847004,-0.0244510022807098,0.00185941521405579
3109,-0.642818415071815,0,0,0.0987846659877294,0.0794244632134208,-0.0193602027743086,0.0134835418140266,-0.0457874591138406,0.00706705356522332,-0.0219614495858466,0.00260124681153796
3110,0.598706609103829,0,0,0.116744651707528,0.0617232567248232,-0.0550213949827053,0.0128973407132757,-0.0802997182770677,-0.0297430716883428,-0.0516174831524315,-0.00340391183027378
3111,0.652367668692023,0,0,0.11758145777526,0.0610479060445571,-0.0565335517307025,0.0135140706797282,-0.0830206435474986,-0.0300464599139065,-0.0529839667853444,-0.00354958494535814
3112,-0.999593210406601,0,0,0.0940983335516088,0.0853125521752161,-0.00878578137639273,0.0182081394832749,-0.0444730789890932,0.0269015162363077,-0.0140761685445203,0.00529038716812757
3113,-0.632983122486621,1,0,0.0989167528994118,0.0792675248130146,-0.0196492280863971,0.0133672620803104,-0.0458485803357135,0.00655012416291931,-0.0221825774363965,0.0025333493499994
3114,-0.900219539646059,0,0,0.0953832392730024,0.0836338683399752,-0.0117493709330272,0.016806363780983,-0.0446892386548322,0.0211904967887778,-0.0162462854124367,0.00449691447940951
3115,0.341767198871821,0,0,0.112809184623954,0.0650546862269477,-0.0477544983970061,0.0104078689026865,-0.0681535466020861,-0.0273554501919261,-0.0451765368002202,-0.00257796159678592
3116,-0.932606698013842,1,0,0.0949627571532702,0.0841776492904164,-0.0107851078628538,0.0172568831844471,-0.044607977389785,0.0230377616640774,-0.0155368334041909,0.00475172554133708
3117,-0.996712122578174,1,0,0.0941353668234388,0.0852634558001746,-0.00887191102326423,0.018166705672262,-0.0444779998586373,0.0267341778121089,-0.014138806955167,0.00526689593190277
3118,-0.0201691556721926,1,0,0.107462259066151,0.0700318289700304,-0.0374304300961205,0.00899067921334676,-0.0550518375508331,-0.0198090226414079,-0.0363808065975906,-0.0010496234985299
3119,-0.347356664482504,0,0,0.102821809860141,0.0748318724340574,-0.0279899374260834,0.0104841514068676,-0.0485384965920088,-0.00744137826015804,-0.0286955855187491,0.00070564809266566
3120,-0.304309988860041,1,0,0.103422041607907,0.0741834895218905,-0.0292385520860167,0.0101548688427025,-0.0491417292854416,-0.00933537488659189,-0.0296927524774786,0.000454200391461879
3121,-0.519271842669696,0,0,0.100455333100447,0.0774735520152018,-0.022981781085245,0.0120950907637507,-0.0466877233719394,0.000724161201449403,-0.0247541982291428,0.00177241714389779
3122,-0.223826482892036,1,0,0.104552601617099,0.0729850681135093,-0.0315675335035897,0.00963592491733063,-0.0504535992992898,-0.0126814677078895,-0.0315683454050994,8.11901509738255e-07
3123,0.797123956028372,1,0,0.119864791156761,0.0592603889191888,-0.0606044022375725,0.0152974229164599,-0.0905868002101116,-0.0306220042650333,-0.0567077045619803,-0.00389669767559216
3124,0.174968651961535,1,0,0.110316777617065,0.0673061566631098,-0.0430106209539551,0.00937457850673951,-0.0613844571974078,-0.0246367847105023,-0.0410835692713703,-0.00192705168258475
3125,0.172614452894777,1,0,0.110281947405795,0.0673384456438493,-0.0429435017619458,0.00936427312025363,-0.0612971398190395,-0.0245898637048522,-0.0410262883841,-0.00191721337784585
3126,-0.569064279552549,1,0,0.0997790127436807,0.0782544825674504,-0.0215245301762303,0.0126349622516229,-0.0462886011354344,0.00323954078297372,-0.0236247030875522,0.00210017291132185
3127,-0.978977807797492,1,0,0.0943636100166214,0.084961810703494,-0.00940179931312737,0.0179126759932681,-0.0445099991266681,0.0257064005004133,-0.0145247375240222,0.00512293821089483
3128,-0.276290646754205,1,0,0.103814399726172,0.0737642337901542,-0.0300501659360178,0.00995927236852582,-0.0495699810905533,-0.0105303507814823,-0.0303440531500242,0.000293887214006392
3129,0.68665037676692,1,0,0.118118790017451,0.0606200647572114,-0.0574987252602399,0.013921574232524,-0.0847845093640878,-0.030212941156392,-0.0538608961769738,-0.00363782908326607
3130,-0.131833962630481,1,0,0.105858185890255,0.0716371335994872,-0.0342210522907677,0.00921727477378923,-0.0522865788830041,-0.0161555256985312,-0.0337302464723087,-0.000490805818458978
3131,-0.0693241097033024,1,0,0.106753526545898,0.0707343460493801,-0.0360191804965181,0.0090506683887923,-0.0537581645745662,-0.0182801964184701,-0.0352104387860285,-0.000808741710489627
3132,-0.156040094792843,1,0,0.105513258594563,0.0719895740371823,-0.0335236845573812,0.00930804922861087,-0.0517671258117843,-0.015280243302978,-0.0331594951391057,-0.00036418941827545
3133,-0.283842872828245,0,0,0.103708515649539,0.0738770232097189,-0.0298314924398196,0.0100104787166464,-0.0494516701924513,-0.0102113146871879,-0.0301683296754354,0.000336837235615773
3134,-0.231743721291423,0,0,0.104440905089503,0.0731021624290489,-0.031338742660454,0.00968098395952056,-0.0503131225560243,-0.0123643627648838,-0.0313831896644696,4.44470040155617e-05
3135,0.372176356613636,0,0,0.113268840437454,0.0646518437034381,-0.0486169967340163,0.010653454117609,-0.0694973831154799,-0.0277366103525527,-0.0459301408505462,-0.00268685588347009
3136,0.0576884867623448,0,0,0.108593305714221,0.0689322894101212,-0.0396610163040999,0.00902623331992452,-0.0573521085272073,-0.0219699240809924,-0.038246243878916,-0.00141477242518388
3137,0.778070925269276,1,0,0.119562081093647,0.0594928313111464,-0.0600692497825009,0.0150538384512326,-0.0895742309760009,-0.0305642685890009,-0.0562144278583969,-0.003854821924104
3138,-0.0869237575680017,1,0,0.106500771189303,0.0709874573731016,-0.035513313816201,0.00908748843514102,-0.0533244638590017,-0.0177021637734004,-0.0347927707706652,-0.000720543045535829
3139,-0.332992420531809,1,1,0.103021757503203,0.0746149365813,-0.0284068209219035,0.0103705377868638,-0.0487327014844682,-0.00808094035933871,-0.0290278683826762,0.000621047460772746
3140,0.852150759659708,1,0,0.1207427630262,0.0585938446555617,-0.0621489183706379,0.016014244268914,-0.0935362603773363,-0.0307615763639395,-0.0581377449349428,-0.0040111734356951
3141,0.0498556182719767,0,0,0.108479045492439,0.0690421813251795,-0.03943686416726,0.00901542928495733,-0.0571067808709441,-0.0217669474635759,-0.0380579205070403,-0.0013789436602197
3142,-0.696491369511932,0,0,0.0980666079049292,0.0802859161706755,-0.0177806917342537,0.0141336563012904,-0.0454821490546505,0.00992076558614314,-0.0207583267473425,0.0029776350130888
3143,-0.583311767317355,1,0,0.0995862383725568,0.0784792581930073,-0.0211069801795495,0.0127945367390792,-0.0461838113870193,0.00396985102792028,-0.0233024957811156,0.00219551560156611
3144,-0.364602710586041,0,0,0.102582202026042,0.0750930964306317,-0.0274891055954107,0.0106253050499722,-0.0483143208181078,-0.00666389037271367,-0.028297247908992,0.000808142313581253
3145,-0.13208385463804,0,0,0.105854619960417,0.0716407638709149,-0.0342138560895022,0.00921813848926641,-0.0522810755329668,-0.0161466366460376,-0.0337243474023554,-0.000489508687146784
3146,0.328373215626925,0,0,0.112607242137357,0.0652328616724611,-0.0473743804648959,0.0103047457256026,-0.0675713109569201,-0.0271774499728717,-0.0448453358607112,-0.00252904460418468
3147,-0.061888983938843,1,0,0.106860463872229,0.0706276676726223,-0.0362327961996063,0.00903752791820595,-0.0539460254285652,-0.0185195669706474,-0.0353871037416783,-0.000845692457928031
3148,0.5892240004614,1,0,0.11659731561194,0.0618433234069533,-0.0547539922049869,0.0127912248432076,-0.0798243322158278,-0.029683652194146,-0.0513767821542962,-0.0033772100506907
3149,0.463111581746489,1,0,0.114653147706182,0.0634610037218729,-0.0511921439843095,0.0114741550658567,-0.0736810746664164,-0.0287032133022027,-0.0481975424613367,-0.00299460152297283
3150,-0.567647663876414,1,0,0.0997981982615355,0.0782321655454966,-0.0215660327160389,0.012619215693053,-0.0462992409875654,0.00316717555548766,-0.0236567637453839,0.00209073102934502
3151,0.504602379631251,1,0,0.115289641149348,0.0629244818763701,-0.0523651592729781,0.0118867468729418,-0.0756627550372881,-0.029067563508668,-0.0492390259322178,-0.00312613334076025
3152,-0.828849879559129,0,0,0.0963157139272634,0.0824468242873271,-0.0138688896399363,0.0158367975588377,-0.0449084424857101,0.0171706632058374,-0.0178171920563486,0.00394830241641225
3153,-0.209182873833925,1,0,0.104759471952219,0.072768947430791,-0.0319905245214282,0.0095562148668836,-0.0507203614890463,-0.0132606875538102,-0.031911183579782,-7.93409416462373e-05
3154,0.417630606796592,1,0,0.113958959050274,0.0640540207420436,-0.0499049383082309,0.0110483957291604,-0.0715593960243314,-0.0282504805921305,-0.0470609075615734,-0.00284403074665751
3155,0.623632088303566,1,0,0.117132702190176,0.0614086936409099,-0.055724008549266,0.0131804632581458,-0.0815572418347852,-0.0298907752637468,-0.0522512847885413,-0.00347272376072468
3156,-0.483857280574739,0,0,0.100938837076088,0.0769224710321448,-0.0240163660439436,0.0117291975614018,-0.047005170831846,-0.00102756125604112,-0.0255608166431883,0.00154445059924472
3157,-0.467429298441857,1,0,0.101163823863727,0.0766680594150401,-0.0244957644486867,0.0115649547960462,-0.0471626593317711,-0.00182886956560241,-0.0259359167944289,0.00144015234574217
3158,-0.377729644998908,0,0,0.102400154639113,0.0752924899867961,-0.0271076646523168,0.0107361118077782,-0.0481500571295573,-0.00606527217507622,-0.0279944950310052,0.00088683037868844
3159,0.146265584975481,0,1,0.109892774660615,0.0677008149106481,-0.0421919597499669,0.00925789385652888,-0.0603370982814581,-0.0240468212184756,-0.0403861009047447,-0.00180585884522216
3160,0.322373755276203,1,0,0.112516890040425,0.0653128174997169,-0.0472040725407081,0.010259590456555,-0.0673125003316868,-0.0270956447497294,-0.0446971282044402,-0.00250694433626791
3161,0.733740349300206,0,0,0.118860323466298,0.0600369627320493,-0.0588233607342489,0.014496946483903,-0.0872368537285035,-0.0304098677399944,-0.0550704364095722,-0.00375292432467671
3162,0.758008265402168,0,0,0.119244044607752,0.0597385138993498,-0.0595055307084026,0.0148000575616301,-0.0885131104983173,-0.030497950918488,-0.0556960502127364,-0.00380948049566625
3163,0.371870328206569,1,0,0.113264206475738,0.0646558861957728,-0.0486083202799651,0.0106509057659371,-0.0694837119839319,-0.0277329285759983,-0.0459225453141986,-0.00268577496576649
3164,-0.642614899668843,0,0,0.0987873975855871,0.0794212129130431,-0.019366184672544,0.0134811264542149,-0.0457887069938353,0.00705633764874731,-0.0219660231592796,0.00259983848673559
3165,0.417495254427195,1,0,0.113956898606451,0.0640557932543333,-0.0499011053521177,0.0110471727957264,-0.0715531661627321,-0.0282490445415033,-0.0470575326963225,-0.00284357265579516
3166,0.367258423473686,0,0,0.113194391837061,0.0647168358015272,-0.0484775560355342,0.0106126874445114,-0.069278041205957,-0.0276770708651114,-0.0458081075166245,-0.00266944851890972
3167,0.51132294209674,1,0,0.115393027290994,0.0628379767521589,-0.0525550505388348,0.0119556010052518,-0.0759875979226591,-0.0291225031550105,-0.0494081345511095,-0.0031469159877253
3168,0.650095527991652,0,0,0.117545920197868,0.0610763614422487,-0.0564695587556189,0.0134874211321842,-0.0829044184190243,-0.0300346990922134,-0.0529259550707539,-0.00354360368486498
3169,-0.569456732366234,1,1,0.0997736982545428,0.0782606662049586,-0.0215130320495842,0.012639328476951,-0.0462856606531797,0.00325959655401131,-0.0236158219115319,0.00210278986194773
3170,-0.603660991881043,0,1,0.0993114794370312,0.0788013222394673,-0.0205101571975639,0.0130261598436191,-0.0460409613479192,0.00502064695279142,-0.022843052884293,0.00233289568672912
3171,-0.401624829974025,0,0,0.102069505259344,0.0756566983124265,-0.0264128069469172,0.0109450096157414,-0.0478646316042149,-0.00496098228961945,-0.0274443714848138,0.0010315645378966
3172,0.767298222519457,1,0,0.119391219461392,0.0596246333867186,-0.0597665860746737,0.0149172180518107,-0.0890037962057533,-0.030529375943594,-0.0559359512961368,-0.00383063477853686
3173,0.606609842274338,0,0,0.11686757166648,0.0616233541643737,-0.0552442175021065,0.0129864622644456,-0.0806972158270085,-0.0297912191772046,-0.0518182715551636,-0.00342594594694294
3174,0.975941294338554,0,0,0.12273817578312,0.0571199785402506,-0.0656181972428689,0.0176919315286869,-0.100293745856044,-0.030942648629694,-0.0613844811240528,-0.00423371611881614
3175,-0.82613658439368,1,0,0.0963513244755684,0.0824019997974852,-0.0139493246780832,0.0158005984650405,-0.0449179286037415,0.0170192792475751,-0.0178771196862403,0.00392779500815707
3176,-0.328749015461653,0,0,0.103080890743085,0.0745509613108855,-0.0285299294321997,0.0103376789673367,-0.0487914078919168,-0.00826845097248269,-0.0291261179130266,0.000596188480826855
3177,-0.261652573011816,1,0,0.104019901333549,0.0735460713032273,-0.0304738300303214,0.00986328763194907,-0.049805518558101,-0.0111421415025419,-0.0306850158348927,0.00021118580457128
3178,0.138527759350836,1,0,0.109778715865284,0.0678075743035732,-0.0419711415617104,0.00922982646468267,-0.0600612690160431,-0.0238810141073778,-0.0401984172370072,-0.00177272432470325
3179,0.457026773132384,1,0,0.114560060745818,0.0635400447053238,-0.051020016040494,0.011415529683965,-0.0733940430855133,-0.0286459889954746,-0.0480451715293264,-0.00297484451116756
3180,0.864234730601311,0,0,0.12093630840786,0.0584484148723509,-0.0624878935355088,0.0161741845204927,-0.0941887126749798,-0.0307870743960379,-0.058452865291382,-0.00403502824412684
3181,-0.903938410338014,0,0,0.0953348727044004,0.0836961456432628,-0.0116387270611376,0.0168577715161561,-0.0446793520924088,0.0214018979701336,-0.0161647143449065,0.00452598728376889
3182,0.543214690405875,0,0,0.1158847353141,0.0624289860022511,-0.0534557493118485,0.012289585017382,-0.0775428933308602,-0.0293686052928367,-0.05021219437959,-0.00324355493225847
3183,-0.108211114536971,1,0,0.106195759688926,0.0712947215958446,-0.0349010380930819,0.00914265398815506,-0.0528203106329773,-0.0169817655531865,-0.0342885521036605,-0.00061248598942136
3184,0.348345636855811,1,0,0.112908484127495,0.0649673414834981,-0.047941142643997,0.0104596667618697,-0.0684417127875523,-0.0274405725004418,-0.0453393691580081,-0.00260177348598895
3185,0.00234258454293013,1,0,0.107788220490259,0.0697122522713727,-0.0380759682188864,0.00898449001793926,-0.055685245073507,-0.0204666913642658,-0.036918703450418,-0.0011572647684684
3186,-0.667195725254714,1,0,0.0984579581816552,0.0798146681690079,-0.0186432900126473,0.0137756243977755,-0.0456430176968387,0.00835643767154398,-0.0214142572696871,0.00277096725703975
3187,-0.149834299925715,0,0,0.105601593972818,0.0718990657131687,-0.0337025282596493,0.00928341648576851,-0.051897690225241,-0.0155073662940576,-0.0333056913041904,-0.000396836955458897
3188,-0.0432989737018943,1,0,0.107128251513315,0.0703615904501146,-0.0367666610632001,0.00901099651532311,-0.0544278896980493,-0.0191054324283509,-0.0358293847665594,-0.000937276296640678
3189,-0.547833121847361,0,0,0.100066894656624,0.0779206219668802,-0.0221462726897443,0.0124012927292929,-0.0464523598008968,0.00215981442140824,-0.0241056570525564,0.00195938436281212
3190,0.922915033996105,0,0,0.121879981224392,0.0577470034118052,-0.0641329778125872,0.016962949103088,-0.0973797471262257,-0.0308862084989487,-0.0599886710670611,-0.00414430674552613
3191,-0.62527687381953,0,0,0.0990203568185191,0.0791447569143053,-0.0198755999042139,0.013276799149136,-0.0458976480664924,0.00614644825806468,-0.0223559816022535,0.00248038169803965
3192,0.487743933685124,0,0,0.115030652765542,0.0631419679575394,-0.0518886848080022,0.0117164639979246,-0.0748525322700946,-0.0289248373459098,-0.0488153252252861,-0.00307335958271608
3193,-0.394315059296787,1,0,0.102170553547378,0.0755451120317578,-0.02662544151562,0.0108801401767599,-0.0479501244088168,-0.00530075862242333,-0.0276125252012124,0.000987083685592353
3194,-0.0277452473528683,0,0,0.107352755294068,0.0701396835076625,-0.0372130717864056,0.00899577870290717,-0.0548444740569961,-0.0195816695158151,-0.0362000517166001,-0.00101302006980552
3195,0.449546816758811,0,0,0.114445720622552,0.0636373342400597,-0.0508083863824926,0.0113441500038574,-0.073042511825273,-0.0285742609397122,-0.0478579927877139,-0.00295039359477871
3196,0.446450597606599,1,0,0.114398420278649,0.0636776464445475,-0.0507207738341014,0.0113148280967765,-0.0728974293950453,-0.0285441182731575,-0.0477805542666755,-0.00294021956742593
3197,0.995558956637979,1,0,0.123056989290293,0.0568896285244857,-0.0661673607658074,0.0179652957712034,-0.101378693448976,-0.030956028082639,-0.0619028086003196,-0.00426455216548777
3198,-0.882846689317375,0,0,0.095609476488647,0.0833434950078335,-0.0122659814808135,0.0165673455520129,-0.0447373820821885,0.0202054191205616,-0.0166277198509638,0.00436173837015033
3199,-0.31782109523192,0,0,0.103233313206408,0.0743864397375586,-0.0288468734688489,0.0102545667088164,-0.0489454548951925,-0.00874829204250528,-0.0293793229928618,0.000532449524012886
3200,0.393901836592704,0,0,0.113598236126294,0.0643654608104504,-0.0492327753158441,0.0108382130604084,-0.0704752825710161,-0.027990268060672,-0.0464699598262936,-0.00276281548955048
3201,-0.929910974577069,1,0,0.0949976923035972,0.0841322658260672,-0.0108654264775299,0.0172191443214707,-0.0446143291922099,0.0228834762371501,-0.0155958032846773,0.00473037680714737
3202,-0.56478211004287,1,0,0.0998370170754962,0.078187040106879,-0.0216499769686172,0.0125874303927095,-0.0463208871962327,0.00302093325899829,-0.0237216297861214,0.00207165281750419
3203,0.502787235658616,0,0,0.115261731602834,0.0629478649283905,-0.0523138666744432,0.0118682441044583,-0.0755751976789113,-0.0290525356699751,-0.0491933714472205,-0.00312049522722271
3204,0.90618816530332,1,0,0.121610342180925,0.0579461322179904,-0.0636642099629345,0.0167361243302149,-0.0964664108909401,-0.0308620090349288,-0.0595499453140439,-0.00411426464889055
3205,0.458924023900181,1,0,0.114589078312113,0.0635153897894049,-0.0510736885227082,0.011433755689662,-0.0734834378824756,-0.0286639391629407,-0.0480926709161541,-0.00298101760655407
3206,0.14967803331092,0,0,0.109943108578543,0.0676537826385664,-0.0422893259399768,0.00927073373121013,-0.0604596301634093,-0.0241190217165444,-0.0404689170075905,-0.00182040893238635
3207,0.209001434035599,1,0,0.110821367687004,0.0668409828462587,-0.043980384840745,0.00953781987877011,-0.0626741682941646,-0.0252866013873254,-0.0419131389906779,-0.00206724585006708
3208,-0.227189132943749,0,0,0.104505148411715,0.0730347798866833,-0.0314703685250319,0.00965489591654481,-0.0503936167959426,-0.0125471202541213,-0.0314896876592987,1.9319134266782e-05
3209,0.945912690833211,0,0,0.122251546548518,0.0574742711618833,-0.0647772753866345,0.0172772932982936,-0.0986401480016251,-0.0309144027716439,-0.060593104156699,-0.00418417122993552
3210,0.148549698293209,0,0,0.109926463300512,0.0676693306287431,-0.0422571326717694,0.00926645702691283,-0.0604190547088067,-0.0240952106347322,-0.0404415305297527,-0.0018156021420167
3211,-0.0650151544250548,0,0,0.10681548955476,0.0706725035028905,-0.0361429860518693,0.00904287749856489,-0.0538667002656642,-0.0184192718380745,-0.035312807499863,-0.000830178552006344
3212,0.975954108405858,1,0,0.122738383796962,0.0571198277922547,-0.0656185560047075,0.0176921094559066,-0.100294453348825,-0.03094265866059,-0.0613848193492324,-0.00423373665547505
3213,0.967374375090003,1,0,0.122599174769176,0.0572208456806535,-0.0653783290885228,0.0175731643271497,-0.0998210982641404,-0.0309355599129053,-0.0611584584551967,-0.00421987063332614
3214,-0.521168449893594,0,0,0.100429497441673,0.077503166646624,-0.0229263307950486,0.0121151245821465,-0.0466715386442716,0.000818877054174383,-0.0247110771689553,0.00178474637390667
3215,-0.0191903724335134,0,0,0.107476413426891,0.0700179060358692,-0.0374585073910222,0.00899013110602518,-0.0550788405751248,-0.0198381742069196,-0.0364041688469179,-0.00105433854410433
3216,0.280306646600366,1,0,0.111885134458378,0.0658760180768712,-0.0460091163815071,0.00996173442261104,-0.0655337570733777,-0.0264844756896366,-0.0436604279369153,-0.00234868844459181
3217,-0.450234716292471,0,0,0.101399786066033,0.0764026024721058,-0.024997183593927,0.0113969607973659,-0.0473348162899789,-0.002659550897875,-0.0263291537171615,0.00133197012323453
3218,0.896896874997765,0,1,0.121460787650423,0.0580570207143709,-0.0634037669360523,0.0166108029289886,-0.0959603424311624,-0.0308471914409421,-0.0593065712152934,-0.00409719572075887
3219,0.45657737320289,1,0,0.114553188320549,0.0635458859977708,-0.0510073023227781,0.0114112196387615,-0.0733728818344268,-0.0286417228111294,-0.0480339217305485,-0.0029733805922296
3220,-0.806376428343356,0,0,0.0966110208805094,0.0820762242958828,-0.0145347965846266,0.0155384994848598,-0.0449896959487461,0.0159201027794928,-0.0183140125863838,0.00377921600175719
3221,0.301564261317253,0,0,0.112203988736546,0.0655908560730725,-0.0466131326634733,0.0101080707240109,-0.0664245872357184,-0.0268016780912283,-0.044183752623088,-0.00242938004038535
3222,-0.448849889915437,0,0,0.101418811345723,0.0763812596842756,-0.0250375516614478,0.0113836093834113,-0.0473490160670062,-0.00272608725588936,-0.0263608526679144,0.00132330100646662
3223,-0.622613220475614,1,0,0.0990561898149631,0.0791023628074231,-0.01995382700754,0.0132456644892258,-0.0459148523577237,0.00600719834264367,-0.0224159479150551,0.00246212090751507
3224,0.463091043755412,1,0,0.114652833400019,0.0634612703538478,-0.0511915630461714,0.0114739563527508,-0.0736801042577475,-0.0287030218345953,-0.0481970280076416,-0.00299453503852977
3225,-0.212858996819705,1,0,0.104707505393468,0.0728231467337472,-0.0318843586597211,0.00957577779479746,-0.0506525382614825,-0.0131161790579597,-0.0318250716546342,-5.92870050868735e-05
3226,-0.0726637248881161,0,0,0.106705524471777,0.0707823109191631,-0.0359232135526143,0.00905703871072579,-0.0536746832322219,-0.0181717438730066,-0.0351311287349096,-0.000792084817704666
3227,-0.311655962374061,1,0,0.103319392353861,0.0742937700665349,-0.0290256222873257,0.0102086499678534,-0.0490342085550943,-0.00901703601955712,-0.0295222903149327,0.000496668027607009
3228,0.264683716464788,1,0,0.111651302960258,0.0660863273505638,-0.0455649756096941,0.00985983457076104,-0.0648898962619087,-0.0262400549574795,-0.0432765298611454,-0.00228844574854871
3229,0.738648499827832,1,0,0.118937844230568,0.0599764895065142,-0.0589613547240536,0.0145579005288104,-0.0874943154510385,-0.0304283939970687,-0.0551968407776053,-0.00376451394644829
3230,0.59935639007017,1,0,0.116754753596374,0.0617150373200146,-0.0550397162763593,0.0129046448811986,-0.0803323554767877,-0.0297470770759309,-0.0516339853078367,-0.00340573096852264
3231,0.110382023733109,0,0,0.109364710882306,0.068197221120417,-0.0411674897618891,0.0091401711502914,-0.0590818960289923,-0.0232530834947859,-0.039516950461337,-0.00165053930055212
3232,0.344177973922342,0,0,0.112845565682128,0.0650226646563056,-0.047822901025822,0.0104267641578437,-0.0682589832504888,-0.0273868188011553,-0.0452361968450887,-0.00258670418073333
3233,0.0646530566737056,0,0,0.108694988574498,0.0688347154137662,-0.0398602731607322,0.00903718494900477,-0.0575728301824089,-0.0221477161390554,-0.0384138138650866,-0.00144645929564555
3234,0.372226448729634,1,0,0.11326959896105,0.0646511820323881,-0.0486184169286617,0.0106538713889773,-0.069499621146979,-0.0277372127103445,-0.0459313841446396,-0.00268703278402214
3235,-0.549553743097931,0,0,0.100043536589518,0.0779476301589004,-0.0220959064306178,0.012420041710483,-0.0464387408696498,0.00224692800841407,-0.0240666432462407,0.00197073681562285
3236,0.776826058048755,0,1,0.119542325947304,0.0595080480790605,-0.0600342778682435,0.0150380096872971,-0.0895082352545102,-0.0305603204819768,-0.0561822321060326,-0.00385204576221088
3237,-0.926203112117946,1,0,0.0950457630324381,0.0840698789416731,-0.0109758840907651,0.0171673064844416,-0.0446231865118316,0.0226714183303014,-0.0156769380109239,0.00470105392015882
3238,0.578342080581933,0,1,0.116428436619734,0.0619813766707182,-0.0544470599490161,0.0126705688951492,-0.0792809186471421,-0.0296132012508902,-0.0511008475099137,-0.00334621243910243
3239,-0.118133648764342,0,0,0.1060538498972,0.071438363803085,-0.0346154860941155,0.00917229592043476,-0.0525928557537112,-0.0166381164345197,-0.0340538839435389,-0.000561602150576553
3240,0.777798069640994,0,0,0.119557750829903,0.0594961662792344,-0.0600615845506685,0.0150503681147529,-0.0895597640096542,-0.0305634050916828,-0.0562073706969608,-0.00385421385370775
3241,-0.112404077779502,0,0,0.10613577249437,0.0713553878931535,-0.0347803846012161,0.00915487723084777,-0.0527236142565636,-0.0168371549458687,-0.0341893605429516,-0.000591024058264542
3242,-0.883625876158476,0,1,0.0955993192899961,0.0833564988400365,-0.0122428204499596,0.0165780253136364,-0.0447351529994802,0.020249512099561,-0.016610599055481,0.00436777860552141
3243,-0.0864713378250599,0,0,0.106507261958467,0.0709809403846692,-0.0355263215737978,0.00908644180357487,-0.0533354202564237,-0.0177172228911718,-0.0348034983700483,-0.000722823203749459
3244,-0.527707828674465,1,0,0.100340463022829,0.0776053555044121,-0.022735107518417,0.0121845312334263,-0.0466163499044359,0.00114613486760195,-0.0245624583795885,0.00182735086117153
3245,0.060010748449713,0,0,0.108627201494878,0.0688997401757255,-0.0397274613191521,0.00902974453576477,-0.0574254353988484,-0.0220294872394558,-0.0383021054475042,-0.00142535587164794
3246,-0.203264751005918,1,0,0.104843179801914,0.0726817710570042,-0.0321614087449097,0.00952535762360164,-0.050830766627033,-0.0134920508627865,-0.0320498784846323,-0.00011153026027743
3247,0.0826285295188427,0,0,0.10895781724917,0.068583468890071,-0.0403743483590986,0.00907126845520747,-0.0581537078253996,-0.0225949888927977,-0.0388468453930535,-0.00152750296604515
3248,-0.228377621155232,0,0,0.104488381197752,0.073052357374159,-0.0314360238235927,0.00966165997048298,-0.0503725293966116,-0.0124995182505737,-0.031461893189561,2.5869365968309e-05
3249,0.900715775322169,0,0,0.121522238266539,0.0580114193123186,-0.0635108189542208,0.016662253615935,-0.0961682359427256,-0.030853401965716,-0.0594065745874769,-0.00410424436674391
3250,0.760044337250292,1,0,0.119276287364733,0.0597135373900903,-0.0595627499746431,0.0148256829977452,-0.0886205546964316,-0.0305049452528547,-0.0557486096311345,-0.00381414034350863
3251,0.0013797371648252,0,0,0.107774261049973,0.0697258931952702,-0.0380483678547026,0.00898447995463506,-0.0556576249856094,-0.0204391107237959,-0.0368956726231936,-0.00115269523150903
3252,0.796634742524475,0,0,0.119857010373595,0.0592663465479158,-0.0605906638256796,0.0152911378854485,-0.0905607433637945,-0.0306205842875646,-0.0566950269519747,-0.00389563687370487
3253,-0.378563145175576,1,0,0.102388605133247,0.0753051669706802,-0.0270834381625664,0.010743243685034,-0.0481398088623704,-0.00602706746276241,-0.0279752845535241,0.000891846390957695
3254,-0.457444407045841,0,1,0.101300787694046,0.0765138058116082,-0.0247869818824382,0.0114669041513766,-0.0472617010333091,-0.00231226273156719,-0.0261641904814689,0.00137720859903074
3255,0.168092429637909,1,0,0.110215071411045,0.0674005077025112,-0.0428145637085341,0.00934484318970961,-0.0611301198015394,-0.0244990076155289,-0.0409162990908015,-0.00189826461773263
3256,-0.630891376174986,0,0,0.0989448650930162,0.0792341840987522,-0.019710680994264,0.0133426507238014,-0.0458617958712121,0.00644043388268401,-0.0222296329086148,0.00251895191435076
3257,0.341944437939674,1,0,0.112811858993835,0.0650523315162566,-0.0477595274775783,0.0104092546335971,-0.0681612916653352,-0.0273577632898213,-0.0451809224865017,-0.00257860499107657
3258,-0.771900178864598,1,1,0.097065619453405,0.0815106393182622,-0.0155549801351427,0.0150878351647763,-0.0451265936627813,0.0140166333924958,-0.0190782062468747,0.00352322611173196
3259,0.16216683993116,0,0,0.110127491923165,0.0674819131972477,-0.0426455787259175,0.00932011329673827,-0.0609126651193574,-0.0243784923324777,-0.0407722458745617,-0.00187333285135582
3260,-0.822595291770995,1,0,0.0963978197417081,0.0823435298973644,-0.0140542898443437,0.0157534283713449,-0.0449304420852111,0.0168218623965238,-0.0179553577884592,0.00390106794411554
3261,0.31862023146823,0,0,0.112460394029389,0.065362887694652,-0.0470975063347372,0.0102316704482608,-0.0671512119150112,-0.0270438007544632,-0.0446044484647071,-0.0024930578700301
3262,-0.705852508079261,1,1,0.0979418483089072,0.0804370334850021,-0.017504814823905,0.0142496146406308,-0.0454335463131161,0.010423916665306,-0.0205491117387599,0.00304429691485486
3263,-0.779339826200157,1,0,0.0969673601418952,0.0816323858932352,-0.01533497424866,0.0151843534407317,-0.0450957601210209,0.0144258116237009,-0.0189130922051284,0.00357811795646842
3264,-0.665808089077473,0,1,0.0984765295938953,0.0797924095130891,-0.0186841200808062,0.0137588529219597,-0.0456509762764309,0.00828273611481856,-0.021445371452626,0.00276125137181981
3265,0.108070190064609,0,0,0.109330766290804,0.0682293179828084,-0.0411014483079959,0.00913368546711982,-0.0590031428696676,-0.0231997537463242,-0.0394610609054705,-0.00164038740252539
3266,0.614115382079035,1,0,0.116984410197217,0.0615286186193588,-0.0554557915778584,0.0130716612241471,-0.0810757767952954,-0.0298358063604214,-0.0520091056616102,-0.00344668591624822
3267,0.394179470837116,1,0,0.113602450939003,0.064361808721867,-0.0492406422171364,0.0108406224465825,-0.0704878717824345,-0.0279934126518383,-0.046476865932074,-0.00276377628506242
3268,-0.431997143197805,0,0,0.101650594761613,0.0761219649798324,-0.0255286297817811,0.0112233165788409,-0.0475259260634005,-0.00353133350016174,-0.0267469532513818,0.00121832346960068
3269,0.220153702422976,1,0,0.110987156770408,0.066689199516552,-0.0442979572538562,0.00959698433764793,-0.0631077009158411,-0.0254882135918712,-0.0421855964022227,-0.00211236085163346
3270,-0.853703937493265,1,0,0.0959900645380162,0.0828584548771577,-0.0131316096608584,0.0161706889030016,-0.0448255775159431,0.0185623581942262,-0.0172689520545539,0.00413734239369547
3271,-0.390192731283605,1,0,0.102227578579684,0.0754822498764191,-0.0267453287032651,0.0108439292487034,-0.0479990394816241,-0.00549161792490597,-0.0277074073236495,0.000962078620384443
3272,0.249619698151946,1,0,0.111426241533251,0.0662897034595967,-0.045136538073654,0.00976625933854547,-0.0642780546408811,-0.0259950215064269,-0.0429069344984486,-0.00222960357520544
3273,-0.966412993613631,1,0,0.0945256209105857,0.0847486805162362,-0.00977694039434951,0.0177337622874309,-0.0445344757881087,0.0249805949994096,-0.0147985509554991,0.00502161056114959
3274,0.610953134018928,1,0,0.116935171220833,0.06156851617478,-0.0553666550460531,0.0130356988765778,-0.080916155357455,-0.0298171547346513,-0.0519286853213536,-0.00343796972469954
3275,-0.214708939660341,1,0,0.104681362767428,0.0728504356265575,-0.0318309271408704,0.00958573646977892,-0.0506186253869292,-0.0130432288948116,-0.0317817490530619,-4.91780878084658e-05
3276,-0.986908821389079,1,0,0.0942614755118053,0.0850965904256159,-0.00916488508618932,0.0180260649717456,-0.0444953232137897,0.0261655530414111,-0.0143520668036428,0.00518718171745348
3277,-0.696294015273452,1,0,0.0980692396468345,0.0802827330623357,-0.0177865065844988,0.0141312195835286,-0.0454831880258421,0.00991017485684438,-0.0207627394626967,0.00297623287819785
3278,-0.069617903791368,0,0,0.106749302923802,0.0707385644309467,-0.0360107384928554,0.00905121717833634,-0.0537507981786449,-0.0182706788070659,-0.0352034606418424,-0.000807277851013026
3279,-0.268583226017654,0,1,0.103922558207884,0.0736492900228376,-0.0302732681850463,0.00990819128453975,-0.0496929662546778,-0.0108535701154147,-0.030523520608744,0.00025025242369774
3280,-0.643124100286514,0,0,0.0987805631859423,0.0794293454740939,-0.0193512177118483,0.0134871704750246,-0.0457855860962486,0.00708315067255191,-0.0219545801297388,0.00260336241789045
3281,-0.723861976526678,1,0,0.0977022268862365,0.0807284914095379,-0.0169737354766986,0.014474744636321,-0.045343713649302,0.0113962426959048,-0.0201471300575729,0.00317339458087429
3282,-0.807300190906972,1,0,0.0965988664827865,0.0820914277261375,-0.014507438756649,0.0155506917277479,-0.0449862344777199,0.0159713569644218,-0.0182935704588095,0.00378613170216047
3283,-0.856332376133651,1,0,0.0959556831167893,0.0829020959751985,-0.0130535871415908,0.0162062389374355,-0.044817231783815,0.0187100575006334,-0.0172110469799668,0.004157459838376
3284,0.713107819203287,1,0,0.118534925196534,0.0602918005337799,-0.0582431246627542,0.0142427079366748,-0.0861583192609596,-0.0303279300645488,-0.0545397592501771,-0.00370336541257711
3285,0.226927844807506,1,0,0.111087966777771,0.0665971591615073,-0.0444908076162635,0.00963425279317001,-0.0633735961088311,-0.0256080191236959,-0.0423512416277532,-0.00213956598851029
3286,-0.852332490961999,1,1,0.0960080081831154,0.0828356924576771,-0.0131723157254383,0.0161521578546183,-0.0448299633930959,0.0184853319422193,-0.0172991709311282,0.0041268552056899
3287,0.443959931842983,1,0,0.114360383213374,0.0637100917267595,-0.050650291486615,0.0112913373256371,-0.0727809059821566,-0.0285196769910733,-0.0477182786227276,-0.00293201286388737
3288,-0.659153962042183,0,0,0.0985656283870359,0.0796857514122279,-0.018879876974808,0.013678669697763,-0.0456895769388427,0.00792982298922683,-0.0215946298167421,0.00271475284193414
3289,-0.00213512359187007,1,0,0.107723315801578,0.069775710156356,-0.0379476056452216,0.00898465168197708,-0.0555571993555339,-0.0203380119349093,-0.0368116175116835,-0.00113598813353808
3290,0.857585919089615,0,0,0.120829783278315,0.0585283909332232,-0.0623013923450913,0.0160860737888665,-0.0938295176239235,-0.0307732670662591,-0.0582794322654275,-0.00402196007966384
3291,0.523416813462973,0,0,0.115579277099277,0.0626825873756216,-0.0528966897236554,0.0120808644450997,-0.0765747489381612,-0.0292186305091496,-0.049712741230212,-0.00318394849344344
3292,0.410276266746223,1,0,0.113847052334984,0.0641503960236853,-0.0496966563112984,0.0109823424642903,-0.0712216520071923,-0.0281716606154044,-0.0468776018002347,-0.00281905451106365
3293,0.666979886125773,0,0,0.117810223771764,0.0608652043658608,-0.0569450194059034,0.0136865337678898,-0.0837701326641587,-0.030119906147648,-0.0533573631963087,-0.00358765620959465
3294,-0.673197886906564,1,0,0.0983776642514222,0.0799110123693845,-0.0184666518820377,0.0138483666776542,-0.0456089518149445,0.00867564805086907,-0.0212797210864476,0.00281306920440988
3295,-0.996592176612467,1,0,0.0941369088824056,0.0852614123667039,-0.00887549651570173,0.0181649816837578,-0.0444782063956968,0.0267272133642934,-0.0141414150873538,0.00526591857165207
3296,0.00839644577354193,0,0,0.10787602629025,0.069626542095487,-0.0382494841947635,0.00898511586064855,-0.0558599876785543,-0.0206389807109727,-0.0370635590036614,-0.00118592519110208
3297,0.590145685710013,1,0,0.116611629218166,0.0618316436680037,-0.0547799855501627,0.0128014995301492,-0.0798704635773616,-0.0296895075229638,-0.0514001674976778,-0.00337981805248489
3298,0.592821969185024,1,0,0.116653200063802,0.0617977410639414,-0.0548554589998605,0.0128313823961794,-0.0800045063682334,-0.0297064116314877,-0.0514680835801041,-0.00338737541975642
3299,0.500377405434847,1,0,0.115224687275134,0.0629789213730727,-0.0522457659020611,0.0118437415905171,-0.0754590728616738,-0.0290324589424484,-0.0491327723850375,-0.00311299351702358
3300,0.485806574579328,0,0,0.115000922476479,0.0631670061476072,-0.0518339163288713,0.0116971227549583,-0.0747598556513335,-0.028907977006409,-0.0487666801879494,-0.00306723614092189
3301,-0.19836369343102,1,0,0.104912546647053,0.0726096493418662,-0.0323028973051867,0.00950040234055539,-0.0509233437313153,-0.0136824508790581,-0.0321647984854767,-0.000138098819710032
3302,0.185652562882751,1,0,0.110474966456795,0.0671598021046627,-0.0433151643521323,0.00942296902367443,-0.0617838442659707,-0.0248464844382939,-0.0413436926079408,-0.00197147174419151
3303,0.95454248925671,0,0,0.122391226651324,0.0573722416763227,-0.0650189849750012,0.0173959754232172,-0.0991144702804508,-0.0309234996695515,-0.060820284633673,-0.00419870034132817
3304,0.464093109127134,1,0,0.114668169529115,0.0634482623793683,-0.0512199071497464,0.0114836582904861,-0.073727463809864,-0.0287123504896288,-0.0482221298695176,-0.00299777728022883
3305,-0.647627583704889,0,0,0.0987201365617427,0.0795013047812667,-0.019218831780476,0.0135407307189914,-0.0457581763140543,0.00732051275310231,-0.021853399405704,0.00263456762522802
3306,-0.359091537538916,0,0,0.102658717658849,0.075009528325774,-0.0276491893330751,0.0105796446347426,-0.048384911786403,-0.00691346687974717,-0.0284244691530928,0.000775279820017728
3307,-0.4327711192891,1,0,0.101639939635571,0.0761338555838352,-0.0255060840517357,0.0112305884395705,-0.0475176329184857,-0.00349453518498573,-0.026729207574797,0.0012231235230613
3308,-0.616686465218663,1,0,0.0991359613467711,0.07900810837503,-0.0201278529717411,0.0131766375420205,-0.0459535879914397,0.00569788204795746,-0.0225494300929281,0.002421577121187
3309,-0.30608916003257,1,0,0.103397172012272,0.0742101852886201,-0.0291869867236524,0.0101678009204213,-0.0491155103296513,-0.00925846311765352,-0.0296514559510006,0.000464469227348174
3310,0.696827715262771,1,0,0.118278714069724,0.0604935945207815,-0.057785119548943,0.0140444392722713,-0.0853117147056548,-0.0302585243922313,-0.054121816419991,-0.00366330312895202
3311,0.809411943424493,0,0,0.120060370794162,0.0591109300900488,-0.0609494407041131,0.0154558096087129,-0.0912422708890984,-0.0306566105191278,-0.057026347087195,-0.00392309361691809
3312,-0.891707773320377,1,0,0.0954940234949477,0.0834914862623802,-0.0120025372325675,0.0166890227798878,-0.0447124208183162,0.0207073463531811,-0.0164330912333478,0.00443055400078026
3313,-0.739048585761338,1,0,0.0975005708812873,0.0809750136613768,-0.0165255572199105,0.0146666242539598,-0.0452716125324534,0.0122204980926325,-0.0198086842029538,0.00328312698304334
3314,-0.794219810049981,1,0,0.0967710987680229,0.0818763875114418,-0.0148947112565811,0.0153786133963654,-0.0450362396456226,0.0152468171324603,-0.0185831930174486,0.00368848176086748
3315,-0.0583483995869756,1,0,0.106911420241661,0.0705769200207928,-0.0363345002208679,0.00903177720799317,-0.0540364582649243,-0.0186325421768116,-0.0354712765213265,-0.000863223699541442
3316,-0.00123245641589165,1,0,0.107736397258552,0.0697629132978974,-0.0379734839606548,0.00898457634739471,-0.0555829300178989,-0.0203640379034108,-0.0368332012965229,-0.00114028266413191
3317,0.437947196885943,1,1,0.114268603034993,0.063788481627788,-0.0504801214072046,0.0112349853833449,-0.0725002881253947,-0.0284599546890146,-0.0475680030813938,-0.00291211832581085
3318,0.995969947893173,1,0,0.123063676060611,0.0568848120247623,-0.0661788640358488,0.0179710432908001,-0.101401461650427,-0.0309562664212705,-0.0619136787867962,-0.00426518524905264
3319,0.844033871311694,1,0,0.120612907304284,0.0586917213112378,-0.0619211859930466,0.0159073086452183,-0.0930989380286372,-0.0307434339574561,-0.0579262954486683,-0.00399489054437833
3320,-0.853351264260709,1,0,0.0959946785353542,0.0828526008820456,-0.0131420776533086,0.0161659223871096,-0.0448267033089133,0.018542548002296,-0.0172767225979205,0.00413464494461185
3321,-0.183185035828501,1,0,0.105127634025801,0.0723867054784334,-0.0327409285473676,0.00942660175634598,-0.0512167284864077,-0.0142651286083274,-0.0325210567872099,-0.000219871760157669
3322,0.0155033362098038,1,0,0.107979185559909,0.0695260476102613,-0.0384531379496479,0.00898708885366615,-0.0560675084286949,-0.0208387674706009,-0.0372337218920488,-0.00121941605759913
3323,0.975801683031023,0,0,0.122735909458768,0.0571216209879345,-0.0656142884708332,0.0176899930372059,-0.100286037710521,-0.0309425392311453,-0.0613807961356507,-0.00423349233518247
3324,0.845544785726815,0,0,0.120637070106226,0.0586734905017711,-0.0619635796044552,0.0159271835437441,-0.0931802857253525,-0.0307468734835578,-0.057965642290559,-0.00399793731389617
3325,-0.210888868197799,0,0,0.104735352774195,0.0727940953126503,-0.0319412574615444,0.00956525597231092,-0.0506888146701804,-0.0131937002529083,-0.0318712174045298,-7.00400570145879e-05
3326,0.264963322784752,0,0,0.111655484125998,0.0660825579313432,-0.0455729261946547,0.00986161527020549,-0.0649013369536477,-0.0262445154356617,-0.0432833952702709,-0.00228953092438381
3327,-0.195755326189101,1,0,0.104949480544189,0.072571292705788,-0.0323781878384014,0.00948734372545303,-0.0509730398492414,-0.0137833358275614,-0.0322259819041675,-0.000152205934233866
3328,0.0462237983010709,1,0,0.108426102968139,0.0690931892807626,-0.0393329136873762,0.0090109649192606,-0.0569940803950808,-0.0216717469796715,-0.0379706513116247,-0.00136226237575147
3329,0.805968126747757,1,0,0.120005530101139,0.0591527815774415,-0.060852748523698,0.015411319962696,-0.0910583806048053,-0.0306471164425906,-0.0569370042841236,-0.00391574423957439
3330,-0.000205489341169596,1,0,0.107751281768719,0.069748356914716,-0.038002924854003,0.0089845168877246,-0.0556122543724351,-0.0203935953355709,-0.0368577595724768,-0.00114516528152623
3331,0.692442542407662,0,0,0.118209783628472,0.060548057238427,-0.0576617263900447,0.0139913963218124,-0.0850843592742231,-0.0302390935058662,-0.0540093588896427,-0.00365236750040199
3332,-0.931876166723669,1,0,0.0949722233164645,0.0841653483404237,-0.0108068749760408,0.017246651836338,-0.0446096914291649,0.0229959414770834,-0.0155528125803402,0.00474593760429944
3333,-0.58713062480092,1,0,0.0995346239815891,0.0785396067345978,-0.0209950172469913,0.0128376761459403,-0.0461564001382233,0.00416636564424058,-0.0232162063135915,0.00222118906660016
3334,-0.882962273433805,1,1,0.09560796971483,0.0833454238721335,-0.0122625458426965,0.0165689295400325,-0.044737051003542,0.020211959318149,-0.0166251800842132,0.00436263424151668
3335,-0.647379907779396,1,0,0.0987234589603965,0.0794973457223572,-0.0192261132380393,0.013537780177268,-0.0457596748161049,0.00730744834002632,-0.0218589628746268,0.00263284963658749
3336,0.183851143345237,1,0,0.110448280240484,0.0671844583029391,-0.0432638219375447,0.00941462448730033,-0.0617161468606222,-0.0248114970144672,-0.0412998136412182,-0.00196400829632649
3337,-0.931146572344005,0,0,0.0949816781822111,0.0841530647957051,-0.0108286133865061,0.0172364367642596,-0.0446114086662569,0.0229541818932448,-0.0155687723374499,0.00474015895094382
3338,-0.459412481170148,0,0,0.101273778396923,0.0765441874607858,-0.0247295909361369,0.0114861223319938,-0.047241977028866,-0.00221720484340777,-0.0261191792563409,0.00138958832020401
3339,0.0172123801894486,0,0,0.108004005925063,0.0695019010193343,-0.0385021049057288,0.00898776268107997,-0.0561177960622387,-0.0208864137492189,-0.0372746600008078,-0.00122744490492102
3340,-0.794720028992742,0,0,0.0967645072347339,0.0818846016196673,-0.0148799056150666,0.0153851716048085,-0.0450342878564597,0.0152744766263264,-0.0185721107914637,0.00369220517639705
3341,0.0259363064542413,1,0,0.108130781235939,0.069378764035044,-0.0387520172008949,0.00899240553706483,-0.0563768081879206,-0.0211272262138693,-0.0374837391151178,-0.00126827808577714
3342,-0.476638662628829,0,0,0.101037643738186,0.0768105848732189,-0.0242270588649667,0.0116565862032933,-0.047073548006108,-0.00138056972382537,-0.0257255666831847,0.001498507818218
3343,-0.881076310761273,0,0,0.0956325580925531,0.083313956053744,-0.0123186020388091,0.0165430944529917,-0.0447424713595172,0.0201052672818989,-0.0166666243430312,0.00434802230422206
3344,-0.332539970055223,1,0,0.103028061118462,0.0746081128539295,-0.0284199482645329,0.010367018784432,-0.0487389317090698,-0.00810096481999596,-0.0290383422575988,0.000618393993065933
3345,0.449376923497766,0,0,0.114443124754387,0.0636395456021966,-0.05080357915219,0.0113425376450728,-0.0730345444298225,-0.0285726138745575,-0.0478537430148516,-0.00294983613733841
3346,-0.853111251723021,1,0,0.0959978187146655,0.0828486171480507,-0.0131492015666148,0.0161626789909455,-0.0448274702825502,0.0185290671493206,-0.0172820110036907,0.00413280943707589
3347,-0.52968600904569,0,0,0.100313543681046,0.0776362922222496,-0.022677251458796,0.0122056273951263,-0.046599841561959,0.00124533864436705,-0.0245175190433954,0.00184026758459944
3348,-0.109062199946493,0,0,0.106183581104484,0.0713070317549286,-0.0348765493495555,0.00914509914113025,-0.052800614301219,-0.0169524843978921,-0.034268414951454,-0.000608134398101527
3349,0.787863083183765,0,0,0.119717573986849,0.0593732628612884,-0.0603443111255602,0.0151787191032709,-0.0900940538994213,-0.0305945683516991,-0.0564678234989659,-0.0038764876265943
3350,0.765324662439525,0,0,0.119359940480603,0.0596488091604464,-0.0597111313201562,0.0148922772706889,-0.0888994584184909,-0.0305228042218216,-0.0558849676060046,-0.00382616371415163
3351,0.816964764147997,0,0,0.1201807206688,0.0590192404792557,-0.0611614801895445,0.0155536528616768,-0.0916460796264694,-0.0306768807526197,-0.0572223999681949,-0.00393908022134963
3352,0.494552266784012,1,0,0.115135185001556,0.0630540513002997,-0.0520811337012567,0.0117848084935897,-0.0751789339133942,-0.0289833334891191,-0.0489863509523782,-0.00309478274887845
3353,-0.810857886914164,0,0,0.0965520688858172,0.0821500048079106,-0.0144020640779066,0.0155977037548548,-0.0449730016789471,0.0161688735231339,-0.0182148579335363,0.00381279385562973
3354,0.507819791324437,0,0,0.115339126323532,0.0628830544369973,-0.0524560718865351,0.0119196421361533,-0.0758181411820017,-0.0290940025910686,-0.0493199708699067,-0.00313610101662842
3355,-0.373577319551259,0,0,0.10245770908652,0.0752293650797637,-0.027228344006756,0.0107007522838032,-0.0482014330904949,-0.00625525492301711,-0.0280902206718703,0.000861876665114288
3356,-0.397678293287754,1,0,0.102124050105996,0.0755964342261091,-0.0265276158798869,0.0109098824501896,-0.0479105925578241,-0.00514463920194982,-0.0275351427767907,0.00100752689690375
3357,-0.627801223192364,0,0,0.0989864084681096,0.0791849530566689,-0.0198014554114408,0.0133063691426114,-0.0458814596959542,0.0062785488730727,-0.022299165366796,0.00249770995535523
3358,-0.0837098518386483,1,0,0.106546887960973,0.0709411738777432,-0.0356057140832298,0.00908016755221397,-0.0534025154591584,-0.0178089127073012,-0.0348689879881283,-0.00073672609510151
3359,0.592826819047332,0,0,0.116653275408631,0.0617976796426565,-0.0548555957659745,0.0128314366140149,-0.0800047493993522,-0.0297064421325968,-0.051468206671895,-0.00338738909407953
3360,0.787931179162115,0,0,0.119718655916749,0.059372432155056,-0.0603462237616931,0.0151795898308098,-0.0900976731301708,-0.0305947743932154,-0.0564695865351574,-0.0038766372265357
3361,-0.794919867068529,0,0,0.0967618740212396,0.0818878833757077,-0.014873990645532,0.015387792118233,-0.0450335089988579,0.015285527707794,-0.0185676835733611,0.00369369292782915
3362,-0.579326202627271,1,0,0.0996401313068408,0.078416320457685,-0.0212238108491558,0.0127496786516596,-0.0462127218208678,0.00376510012255627,-0.023392585486975,0.00216877463781923
3363,0.61151136783883,1,0,0.116943862104042,0.061561471275332,-0.0553823908287096,0.0130420403564157,-0.0809443202122022,-0.0298204614452169,-0.0519428800993112,-0.00343951072939837
3364,0.62075379723683,0,0,0.117087834659136,0.0614449414256675,-0.0556428932334689,0.0131474662002985,-0.0814114534740115,-0.0298743329929262,-0.052178013911332,-0.00346487932213686
3365,-0.417255896609277,1,0,0.101853722821319,0.075895820116784,-0.0259579027045351,0.0110865023962416,-0.0476870481156856,-0.00422875729338453,-0.0270851917678737,0.00112728906333864
3366,-0.475064750295132,0,0,0.101059198458566,0.0767862095795176,-0.0242729888790488,0.011640845768807,-0.047088627335496,-0.00145735042260156,-0.0257615031030707,0.00148851422402191
3367,0.0333846784196794,1,0,0.108239123773598,0.0692737911269369,-0.038965332646661,0.00899796005493425,-0.0566010102886621,-0.0213296550046598,-0.0376623909747381,-0.00130294167192285
3368,0.250548902433366,0,0,0.111440112662963,0.0662771416614247,-0.0451629710015379,0.00977189606068127,-0.064315535341142,-0.0260104066619338,-0.0429297163704445,-0.00223325463109338
3369,0.735149548389018,0,0,0.118882576294263,0.0600195941788445,-0.0588629821154185,0.0145144288373617,-0.0873107398928169,-0.0304152243380201,-0.0551067223971894,-0.00375625971822911
3370,0.0409640367142856,1,0,0.108349469510206,0.0691671230990138,-0.0391823464111927,0.00900511309428782,-0.0568320437527069,-0.0215326490696785,-0.0378443198749282,-0.00133802653626448
3371,-0.21636897046119,0,1,0.104657908806595,0.0728749311080699,-0.0317829776985248,0.00959473753161905,-0.0505883177016129,-0.0129776376954367,-0.0317428805304968,-4.0097168028011e-05
3372,-0.509298323187977,0,1,0.100591289953866,0.0773179907040762,-0.0232732992497893,0.011990461160974,-0.0467741712833247,0.000227572783746046,-0.0249810836413456,0.00170778439155627
3373,0.724551282823086,1,0,0.118715306185487,0.0601503345330219,-0.0585649716524647,0.0143833149571706,-0.0867557509468154,-0.030374192358114,-0.0548339517567215,-0.00373101989574319
3374,-0.860008956398815,1,0,0.0959076098944472,0.0829631748959585,-0.0129444349984887,0.0162560409344917,-0.0448056897613012,0.0189168197643239,-0.0171300748188444,0.00418563982035574
3375,0.107977482490242,0,0,0.109329405260754,0.0682306054011812,-0.0410987998595724,0.00913342819058416,-0.0589999901685002,-0.0231976095506446,-0.0394588199285553,-0.00163997993101708
3376,-0.657504428643733,0,0,0.0985877267500301,0.0796593314145203,-0.0189283953355098,0.0136588546392707,-0.0456992584985482,0.0078424678275285,-0.021631644914743,0.00270324957923317
3377,-0.619265850167722,1,0,0.0991012369301488,0.0790491162497595,-0.0200521206803893,0.0132066363589466,-0.0459366523008418,0.00583241094006317,-0.0224913280651433,0.00243920738475396
3378,0.223606146872044,0,0,0.111038524624227,0.0666422763623529,-0.0443962482618743,0.00961585354559928,-0.0632429748918607,-0.0255495216318879,-0.0422700035372815,-0.0021262447245928
3379,0.144837255124003,1,0,0.109871712664929,0.0677205099523937,-0.0421512027125352,0.00925260327341243,-0.060285971891661,-0.0240164335334094,-0.0403514453781143,-0.00179975733442091
3380,0.553672814276069,1,0,0.116046374979237,0.0622954092865479,-0.0537509656926887,0.0124016190135154,-0.078057692309166,-0.0294442390762113,-0.0504764329690222,-0.00327453272366648
3381,0.148013366851956,1,0,0.109918552075659,0.0676767222162182,-0.0422418298594405,0.00926443497039087,-0.06039978873852,-0.024083870980361,-0.0404285139956867,-0.0018133158637538
3382,0.163499546702951,1,0,0.110147183848827,0.0674635965834059,-0.0426835872654208,0.00932560268417655,-0.0609614326605369,-0.0244057418703047,-0.0408046370373031,-0.0018789502281177
3383,0.595481425058097,1,0,0.116694522266319,0.061764068830204,-0.0549304534361148,0.0128611483914584,-0.0801378410831985,-0.0297230657890311,-0.0515355909299433,-0.00339486250617151
3384,0.235152948182076,0,0,0.111210477086484,0.0664855631570858,-0.0447249139293981,0.00968083661520829,-0.063699005035423,-0.0257508228233732,-0.0425525175208415,-0.00217239640855661
3385,0.938008691649884,0,0,0.122123734485056,0.0575678690433631,-0.0645558654416926,0.0171689377012947,-0.098206364989042,-0.0309053658943432,-0.0603852071569235,-0.0041706582847691
3386,-0.344001485034823,0,0,0.102868482566204,0.0747811490384451,-0.0280873335277586,0.010457287596315,-0.0485832405925133,-0.00759142646300384,-0.0287731583656549,0.000685824837896306
3387,-0.606134313624352,1,0,0.0992781302055216,0.0788405493996477,-0.0204375808058739,0.0130546020486144,-0.0460241306536609,0.00514896904191311,-0.0227872708896142,0.00234969008374029
3388,-0.455561079550534,1,0,0.101326639936439,0.0764847427733182,-0.0248418971631209,0.0114485636467634,-0.0472806695854917,-0.00240312474074998,-0.0262072714471193,0.00136537428399843
3389,-0.0320990271866322,1,0,0.107289870792874,0.0702017341296857,-0.0370881366631882,0.00899939544140498,-0.054726627610976,-0.0194496457154005,-0.036096237775489,-0.000991898887699245
3390,0.785408983938396,1,0,0.119678588139335,0.0594032078087993,-0.0602753803305358,0.0151473601281196,-0.0899636606425082,-0.0305871000185634,-0.0564042939385408,-0.003871086391995
3391,-0.0389589858241379,1,0,0.107190853667545,0.0702996061138443,-0.0368912475537007,0.00900610890461584,-0.0545428966475932,-0.0192395984598082,-0.0359327555437022,-0.000958492009998514
3392,0.209951640572399,1,0,0.110835484958749,0.0668280379650762,-0.0440074469936732,0.00954275368657218,-0.0627109005326915,-0.0253039934546549,-0.041936341340482,-0.00207110565319121
3393,0.482004484161735,1,0,0.114942595862851,0.0632161708132521,-0.0517264250495993,0.0116593040046673,-0.0745782409835508,-0.0288746091156477,-0.0486712414419021,-0.00305518360769716
3394,0.546890093013644,1,0,0.115941519643565,0.062382011366053,-0.0535595082775118,0.0123288205506203,-0.0777235525285848,-0.0293954640264387,-0.050305026427056,-0.00325448185045577
3395,0.752034729346633,0,0,0.119149492573911,0.0598118477793676,-0.0593376447945438,0.014725048064771,-0.0881982086721162,-0.0304770809169713,-0.0555419116991157,-0.00379573309542809
3396,-0.967966686934233,0,0,0.0945055740772522,0.0847750086713322,-0.00973056540591997,0.01775583729375,-0.0445313670170232,0.0250702362051833,-0.0147646756182577,0.00503411021233773
3397,0.183890116866678,1,1,0.110448857534198,0.0671839247798035,-0.043264932754394,0.00941480422793829,-0.0617176099626485,-0.0248122555461396,-0.0413007628745341,-0.00196416987985994
3398,-0.741317575797439,1,0,0.0974704739018972,0.0810119047735222,-0.0164585691283751,0.0146954492119332,-0.0452611203204016,0.0123439820636515,-0.0197581593204477,0.00329959019207263
3399,0.023997156880796,0,0,0.108102590390861,0.0694061173936105,-0.0386964729972504,0.00899119968322035,-0.0563189005541702,-0.0210740454403306,-0.0374372495233848,-0.00125922347386559
3400,-0.754837835207582,1,0,0.0972913064148689,0.0812320462010652,-0.0160592602138037,0.014868038743247,-0.0452000806713139,0.0130815602437065,-0.0194573187641467,0.00339805855034302
3401,0.452086353674531,1,0,0.114484529350486,0.0636042876928052,-0.050880241657681,0.0113682985608875,-0.0731616974025189,-0.028598785912843,-0.0479215264008412,-0.00295871525683979
3402,-0.590512675698847,0,0,0.0994889331900265,0.0785930879627237,-0.0208958452273028,0.012876009025059,-0.0461323591810312,0.00434066872642555,-0.0231398128854497,0.00224396765814689
3403,-0.121830911841244,1,0,0.106001015250504,0.0714919550079641,-0.0345090602425399,0.00918397323339966,-0.0525093170149831,-0.0165088034700967,-0.0339665020068858,-0.000542558235654085
3404,0.0978486412204802,1,0,0.109180794316792,0.0683713990104628,-0.0408093953063289,0.00910662809764883,-0.0586580583983212,-0.0229607322143367,-0.0392141045075174,-0.00159529079881154
3405,0.145892798900604,0,0,0.109887277256676,0.067705954693675,-0.0421813225630007,0.00925650827173576,-0.0603237453981999,-0.0240388997278015,-0.0403770555312872,-0.00180426703171351
3406,-0.808194505050778,0,0,0.0965871008534072,0.0821061489326338,-0.0144809519207735,0.0155625010073869,-0.04498289340462,0.0160209895630731,-0.0182737816785926,0.00379282975781912
3407,-0.293675100896508,1,0,0.103570808486575,0.0740241013330594,-0.0295467071535155,0.0100788293967034,-0.0493008497773778,-0.0097925645296533,-0.0299397485868746,0.000393041433359061
3408,-0.703888645861298,1,0,0.0979680097443418,0.0804053092627297,-0.0175627004816121,0.0142252269401426,-0.0454436329562005,0.0103182319929763,-0.0205929874377657,0.0030302869561536
3409,-0.949786332901567,1,0,0.094740388220693,0.0844673971786543,-0.0102729910420387,0.0174983944216917,-0.0445692138958309,0.0240232318117535,-0.015161366960631,0.0048883759185923
3410,-0.504581091459841,1,0,0.100655651143716,0.0772445137251377,-0.0234111374185785,0.0119414006594651,-0.0468158526360929,-6.4222010640741e-06,-0.0250884702242175,0.00167733280563901
3411,-0.8745511402376,1,0,0.0957176741195404,0.0832051650638234,-0.012512509055717,0.0164538822765614,-0.0447615257236393,0.0197365076122052,-0.0168100716411947,0.00429756258547767
3412,-0.460264758672565,1,0,0.10126208396244,0.0765573477130351,-0.0247047362494054,0.0114944613502178,-0.0472334665175199,-0.00217600598129089,-0.026099689712101,0.00139495346269559
3413,0.851302299648523,0,0,0.120729183538211,0.0586040685545865,-0.0621251149836245,0.0160030474287493,-0.0934905115868594,-0.0307597183803895,-0.0581156338416561,-0.00400948114196836
3414,-0.229250545147806,1,0,0.104476067483389,0.0730652702162749,-0.0314107972671136,0.00966664761628344,-0.0503570784462691,-0.0124645160879581,-0.0314414806834175,3.06834163038838e-05
3415,0.303783284500241,0,0,0.112237318765647,0.065561155051373,-0.0466761637142739,0.0101238443910178,-0.0665185341057567,-0.0268337933227911,-0.0442384454101638,-0.00243771830411008
3416,0.886794841382653,1,0,0.121298363095464,0.0581778110923497,-0.063120552003114,0.0164751016224992,-0.0954111578248497,-0.0308299461813782,-0.0590422239167113,-0.00407832808640268
3417,-0.807161747477949,0,0,0.0966006879639748,0.0820891490389554,-0.0145115389250194,0.015548864105688,-0.0449867525726756,0.0159636747226367,-0.0182966339891291,0.00378509506410969
3418,0.665508523583412,0,0,0.117787170960123,0.0608835781505559,-0.0569035928095668,0.0136690841110666,-0.0836945053689059,-0.0301126802502276,-0.053319739244723,-0.00358385356484376
3419,0.545812212862074,0,0,0.115924864078275,0.0623957841312284,-0.053529079947047,0.0123172984470488,-0.0776705412900938,-0.0293876186040001,-0.0502777981159745,-0.00325128183107248
3420,-0.216594198253006,1,1,0.104654727004027,0.072878255163079,-0.0317764718409483,0.00959596347548585,-0.0505842146498623,-0.0129687290320342,-0.0317376074555546,-3.88643853936818e-05
3421,-0.872824848163873,0,0,0.0957402036518785,0.0831764050506453,-0.0125637986012332,0.0164303256758346,-0.0447666451801328,0.0196390479776663,-0.0168480364163349,0.00428423781510166
3422,-0.856015515979379,1,0,0.0959598272380856,0.0828968339015863,-0.0130629933364993,0.0162019509594471,-0.0448182336962998,0.0186922470233011,-0.01721802672897,0.00415503339247069
3423,0.76352153159678,0,1,0.119331368828175,0.0596709052305463,-0.0596604635976282,0.014869514340533,-0.0888041761726748,-0.0305167510225817,-0.0558383956685403,-0.00382206792908795
3424,-0.928210149984807,0,0,0.0950197400089118,0.0841036432717888,-0.0109160967371229,0.0171953557597874,-0.0446183747276596,0.0227861812534137,-0.0156330169531084,0.00471692021598545
3425,-0.60075309779495,0,0,0.0993507010073426,0.0787552255410427,-0.0205954754662999,0.0129927996334432,-0.0460608948061939,0.00486994387359404,-0.0229086527304708,0.00231317726417088
3426,0.129277733154595,0,1,0.109642502801098,0.0679354024890451,-0.0417071003120534,0.00919819613187787,-0.0597352334532697,-0.0236789671708371,-0.0399742442850221,-0.00173285602703129
3427,-0.0388729465194046,1,0,0.107192095066828,0.0702983777984145,-0.0368937172684135,0.00900601702177762,-0.0545451862752523,-0.0192422482615747,-0.0359348052937373,-0.000958911974676208
3428,0.494419971946627,0,0,0.115133153016183,0.0630557585479737,-0.0520773944682098,0.0117834749461551,-0.0751725809754039,-0.0289822079610156,-0.0489830265751873,-0.00309436789302246
3429,-0.932366421911865,0,0,0.0949658705376418,0.0841736032543729,-0.0107922672832688,0.0172535176843643,-0.0446085405512479,0.0230240059847102,-0.0155420889318204,0.00474982164855155
3430,0.851623073685914,1,0,0.12073431732849,0.0586002030474523,-0.0621341142810379,0.0160072800604569,-0.0935078066899795,-0.0307604218720963,-0.0581239930721813,-0.00401012120885662
3431,0.616483150050044,0,0,0.117021290196678,0.0614987607049657,-0.0555225294917127,0.0130986510596172,-0.0811954138146198,-0.0298496451688056,-0.0520693382118319,-0.00345319127988077
3432,0.714399333111942,0,0,0.118555271185715,0.060275819049899,-0.0582794521358162,0.0142585261684951,-0.0862256498986885,-0.030333254372944,-0.0545729447326566,-0.00370650740315964
3433,-0.500039587728679,0,0,0.100717649277979,0.0771738343928623,-0.0235438148851172,0.0118944302943869,-0.0468564698787378,-0.000231159891496628,-0.0251919021497788,0.0016480872646616
3434,-0.859449820127338,0,0,0.0959149195071449,0.082953883343126,-0.012961036164019,0.0162484613445033,-0.0448074352034366,0.0188853628753987,-0.0171423873263527,0.00418135116233373
3435,-0.124878042843193,0,0,0.105957488565515,0.0715361505489503,-0.0344213380165646,0.00919385393275398,-0.0524409606038844,-0.0164017154292449,-0.033894509256702,-0.000526828759862645
3436,-0.372785751707852,1,0,0.10246868408159,0.0752173369448875,-0.0272513471367025,0.0106940438791733,-0.0482112879889731,-0.00629140628443194,-0.0281084734344699,0.00085712629776738
3437,-0.306963454466313,1,0,0.103384952895942,0.0742233069721323,-0.0291616459238095,0.0101741777897973,-0.0491026679641195,-0.00922062388349939,-0.0296311652219952,0.000469519298185742
3438,-0.696081101894379,0,0,0.0980720789422898,0.0802792991312148,-0.017792779811075,0.0141285911285516,-0.0454843095753282,0.00989874995317825,-0.0207675001624636,0.00297472035138863
3439,0.0435192477889359,1,0,0.108386692374736,0.0691311966419486,-0.0392554957327876,0.00900786517765381,-0.0569105870585816,-0.0216004044069936,-0.0379056839195339,-0.00134981181325369
3440,0.424824543762952,0,1,0.114068517731704,0.0639598779826433,-0.0501086397490605,0.0111137819186801,-0.071891252041706,-0.028326027456415,-0.0472403469743665,-0.00286829277469398
3441,0.515394926536828,0,0,0.11545570810108,0.0627856173433938,-0.0526700907576866,0.0119975835677165,-0.0761849224519205,-0.0291552590634527,-0.0495106533825057,-0.00315943737518089
3442,0.0438960795290768,0,0,0.108392182796,0.0691258998216502,-0.0392662829743501,0.00900828555739037,-0.0569221982292875,-0.0216103677194126,-0.0379147349439792,-0.00135154803037086
3443,-0.171439396217465,1,0,0.105294341224744,0.0722146190509387,-0.0330797221738055,0.00937316442945144,-0.0514507868767023,-0.0147086574709088,-0.0327971015963426,-0.000282620577462915
3444,-0.162715276237577,1,0,0.105418314572543,0.0720870454342588,-0.0333312691382844,0.009335580067179,-0.0516286698447453,-0.0150338684318236,-0.0330023402725395,-0.000328928865744933
3445,0.955342748202384,0,0,0.122404186430201,0.0573627888953602,-0.0650413975348412,0.0174070008198467,-0.0991584922206,-0.0309243028490824,-0.0608413617591159,-0.00420003577572527
3446,0.989191520493478,1,0,0.122953431894056,0.0569642989290083,-0.0659891329650473,0.0178763571664913,-0.101026149186145,-0.0309521167439499,-0.0617344568837699,-0.00425467608127743
3447,-0.209744584280998,1,0,0.10475153000448,0.0727772266607094,-0.0319743033437701,0.00955918452155736,-0.0507099607275953,-0.013238645959945,-0.0318980237055887,-7.6279638181416e-05
3448,0.49984133336693,0,0,0.115216448090553,0.0629858318910006,-0.0522306161995522,0.0118383006373682,-0.0754332590869514,-0.0290279733121529,-0.0491192940001845,-0.00311132219936767
3449,-0.726192710455507,0,0,0.0976712539999831,0.0807662813888548,-0.0169049726111283,0.0145040733388182,-0.0453324339843397,0.011522488762083,-0.0200951564257217,0.00319018381459335
3450,0.475004676729441,1,0,0.114835281444793,0.063306778351582,-0.0515285030932107,0.0115901631937848,-0.0742448055279707,-0.0288122006584507,-0.0484956307149358,-0.00303287237827489
3451,-0.594106187112629,1,0,0.0994404060556718,0.0786499495686279,-0.0207904564870439,0.0129168692374531,-0.0461070549854653,0.0045261420113775,-0.023058669878225,0.00226821339118108
3452,0.033831063657999,0,0,0.108245619832914,0.0692675047111818,-0.0389781151217319,0.00899833940919004,-0.0566145362844118,-0.021341693959052,-0.0376731018682255,-0.00130501325350641
3453,-0.270825020503253,0,0,0.103891088764832,0.0736827057631542,-0.0302083830016773,0.00992292517874084,-0.049656958973295,-0.0107598070300596,-0.0304713065150618,0.000262923513384482
3454,-0.777655046898872,1,0,0.0969896041232687,0.0816048007134903,-0.0153848034097784,0.0151624601817131,-0.0451026792829587,0.0143330724634019,-0.0189504738010756,0.00356567039129721
3455,-0.0920157791115344,0,0,0.106427741072376,0.0710608447368642,-0.0353668963355117,0.00909963091549127,-0.0532018452024818,-0.0175319474685415,-0.0346720636516346,-0.000694832683877065
3456,-0.725458946079016,0,0,0.0976810039757034,0.0807543825634748,-0.0169266214122285,0.0144948353266945,-0.0453359766143886,0.0114827337899315,-0.0201115175984291,0.00318489618620055
3457,0.932953499723226,0,0,0.122042049547746,0.0576278068274412,-0.0644142427203052,0.0170998109222387,-0.0979292562703377,-0.0308992291702728,-0.0602523301627517,-0.00416191255755354
3458,0.0475238007493317,1,0,0.108445051026716,0.0690749270808566,-0.039370123945859,0.00901252318796895,-0.0570343448041103,-0.0217059030876078,-0.0380018855310404,-0.00136823841481861
3459,-0.52441061893478,0,0,0.100385346156241,0.0775538156086146,-0.0228315305476264,0.0121494718429408,-0.0466440577909738,0.000980996695721013,-0.0246373816314855,0.00180585108385912
3460,0.67366751935333,0,0,0.11791505262156,0.0607817572185017,-0.0571332954030582,0.0137660785739864,-0.0841143136164201,-0.0301522771896963,-0.0535284425995687,-0.00360485280348949
3461,-0.581750474870205,0,0,0.0996073471299556,0.0784545976606948,-0.0211527494692607,0.0127769440816263,-0.0461950997017305,0.00388960076320909,-0.0233377831725225,0.00218503370326177
3462,0.166532936040312,0,0,0.11019201637255,0.0674219231204391,-0.0427700932521107,0.00933825420239768,-0.0610727351672899,-0.0244674513369315,-0.0408783789877356,-0.0018917142643751
3463,-0.42167385481298,0,0,0.101792807514386,0.0759635310438299,-0.0258292764705566,0.0111271666664676,-0.0476381223868078,-0.0040204305543054,-0.0269837712274441,0.00115449475688752
3464,-0.561056509613991,0,1,0.0998875067603318,0.0781284066643071,-0.0217591000960247,0.0125462403137842,-0.0463492792524262,0.00283107906037688,-0.0238059906926952,0.00204689059667055
3465,-0.901666253339499,0,0,0.095364421120361,0.083658090427293,-0.011706330693068,0.016826352299149,-0.0446853751905828,0.0212727138044468,-0.0162145493327546,0.00450821863968662
3466,-0.162551250308752,1,0,0.105420646681512,0.0720846488597987,-0.0333359978217135,0.0093348907757287,-0.0516320475417569,-0.01503994810167,-0.033006200731042,-0.000329797090671456
3467,0.305611772462726,1,1,0.112264789402101,0.0655366906358249,-0.0467280987662764,0.0101369115781745,-0.0665960803739654,-0.0268601171585874,-0.044283521741245,-0.00244457702503136
3468,0.353815337177366,1,0,0.112991105648767,0.064894801024342,-0.0480963046244246,0.0105033007616034,-0.0686823958359595,-0.0275102134128898,-0.0454748396340873,-0.00262146499033734
3469,0.237207932397723,1,1,0.111241103874834,0.0664577088098149,-0.044783395065019,0.00969270133212597,-0.0637807405888893,-0.0257860495411487,-0.0426028307542418,-0.00218056431077716
3470,0.00134267704561353,1,0,0.107773723781092,0.0697264182855269,-0.0380473054955654,0.00898448005811646,-0.055656562829292,-0.0204380481618388,-0.036894786207494,-0.00115251928807141
3471,-0.39071474224329,1,0,0.10222035593277,0.0754902074625783,-0.0267301484701914,0.0108484996922329,-0.0479928171532617,-0.00546747978712103,-0.0276953903033771,0.000965241833185748
3472,0.832904098089784,0,0,0.120435046714432,0.0588261777596961,-0.0616088689547358,0.0157613408442696,-0.0925005293575642,-0.0307172085519073,-0.0576366444350174,-0.00397222451971836
3473,-0.286991435103118,0,1,0.103664400241239,0.0739240925627794,-0.02974030767846,0.010032160461747,-0.0494029808706108,-0.0100776344863092,-0.0300951076936135,0.000354800015153482
3474,-0.783833925612271,0,0,0.0969080472464019,0.0817060101130926,-0.0152020371333093,0.0152428548585403,-0.0450774836776197,0.014673409411001,-0.0188134066795538,0.00361136954624448
3475,0.447605882305652,1,0,0.114416067349282,0.0636626020673563,-0.050753465281926,0.0113257534153386,-0.0729515340737712,-0.0285553964900808,-0.0478094458797057,-0.00294401940222026
3476,0.697086638305336,0,0,0.118282785163604,0.0604903801967265,-0.0577924049668773,0.0140475760573776,-0.0853251481094246,-0.03025966182433,-0.0541284580609312,-0.0036639469059461
3477,0.0282888719812036,0,1,0.108164990885954,0.0693455924855325,-0.0388193984004216,0.00899400177456083,-0.0564473179554502,-0.0211914788453931,-0.0375401520090171,-0.00127924639140455
3478,0.848917650058866,1,0,0.120691024598446,0.0586328124170011,-0.0620582121814448,0.0159716015012106,-0.0933619758992434,-0.0307544484636462,-0.0580534995372232,-0.00400471264422159
3479,-0.0548982005566359,1,0,0.106961096354842,0.0705275002905723,-0.0364335960642697,0.0090264885656356,-0.0541251885597781,-0.0187420035687613,-0.0355533287469771,-0.000880267317292585
3480,-0.279150512535125,1,0,0.103774292461154,0.073806926064247,-0.0299673663969072,0.00997852961885469,-0.0495249250685286,-0.0104098077252858,-0.0302774952842561,0.000310128887348916
3481,0.641426703426987,1,0,0.117410420344094,0.0611850403426053,-0.0562253800014887,0.0133861681293754,-0.0824617874260624,-0.029988972576915,-0.0527047481250682,-0.00352063187642051
3482,-0.735913937911391,0,0,0.0975421640002209,0.0809240731711632,-0.0166180908290578,0.014626868656981,-0.0452862266033382,0.0120500449452226,-0.0198785028668582,0.00326041203780042
3483,0.291440961882472,1,0,0.112052045091121,0.0657265124717061,-0.0463255326194151,0.0100372962999891,-0.0659982718695508,-0.0266527933692794,-0.0439343957731363,-0.00239113684627882
3484,-0.316500438377261,1,0,0.103251747209492,0.0743665796680159,-0.0288851675414762,0.0102446712118997,-0.0489643541502539,-0.00880598093269853,-0.0294099413878074,0.000524773846331185
3485,-0.980636558961123,1,1,0.0943422406513913,0.084989983512104,-0.00935225713928729,0.0179363618931556,-0.044506880463549,0.0258023661849744,-0.0144886134900351,0.00513635635074781
3486,-0.504707678686827,0,0,0.100653923529482,0.0772464846490486,-0.023407438880433,0.0119427135853764,-0.046814727385448,-1.50375417923287e-07,-0.0250855878660813,0.00167814898564835
3487,-0.627012201119214,0,0,0.0989970184050779,0.0791723871641246,-0.0198246312409533,0.0132971199798261,-0.0458865074995204,0.00623724501761379,-0.0223169226481767,0.00249229140722339
3488,-0.826267398428172,0,0,0.0963496073414684,0.082404160377468,-0.0139454469640004,0.0158023425530406,-0.0449174692393247,0.0170265753113238,-0.0178742300937704,0.00392878312976998
3489,-0.176589517388493,0,0,0.105221216273688,0.0722900274495342,-0.0329311888241537,0.00939619689225064,-0.0513473963246122,-0.0145149813236953,-0.0326760249578017,-0.000255163866352048
3490,0.429656816180795,0,0,0.11414216141007,0.0638967133120145,-0.0502454480980555,0.0111581262164605,-0.0721149736172702,-0.0283759225788407,-0.0473609522276812,-0.00288449587037429
3491,0.468528245110065,0,0,0.114736068598106,0.0633907189959997,-0.0513453496021063,0.0115267592734526,-0.0739373826365365,-0.028753316567676,-0.0483332611233566,-0.00301208847874967
3492,-0.900881947018206,1,0,0.0953746225857492,0.0836449581256118,-0.0117296644601375,0.0168155143333714,-0.0446874669350625,0.0212281380147876,-0.0162317538741302,0.00450208941399272
3493,0.516529832966626,0,0,0.115473183200271,0.0627710314607656,-0.0527021517395055,0.0120093197341565,-0.0762399858972784,-0.0291643175817325,-0.0495392340359584,-0.00316291770354706
3494,-0.97922948282212,1,0,0.0943603674577332,0.0849660846946968,-0.00939428276303636,0.0179162687571251,-0.0445095242643418,0.0257209587382691,-0.0145192562290959,0.00512497346605954
3495,0.781177734024823,1,0,0.119611396218528,0.0594548707994755,-0.0601565254190524,0.0150933888360883,-0.0897390239424443,-0.0305740268956605,-0.0562947965181442,-0.00386172890090818
3496,0.91538596060127,0,0,0.121758548034642,0.0578365553562354,-0.063921992678407,0.0168606599766179,-0.096968278988154,-0.03087570636866,-0.0597910992096265,-0.00413089346878048
3497,-0.126097959000617,1,0,0.105940067113072,0.0715538512615065,-0.0343862158515655,0.00919787452692831,-0.0524137186586634,-0.0163587130444677,-0.033865693054924,-0.000520522796641526
3498,0.937251336406916,0,0,0.122111493670843,0.0575768450316546,-0.0645346486391884,0.0171585726012318,-0.0981648329637184,-0.0309044643146583,-0.0603652954873802,-0.00416935315180817
3499,0.390273621305823,0,0,0.113543168104158,0.064413205243108,-0.0491299628610498,0.0108068370260055,-0.0703109742188144,-0.0279489515032852,-0.0463797263380124,-0.0027502365230374
3500,0.0247862958349288,1,0,0.108114061905377,0.0693949847115377,-0.0387190771938391,0.00899167842173696,-0.0563424430610095,-0.0210957113266687,-0.0374561674350449,-0.00126290975879423
3501,-0.340190590824932,0,0,0.102921517307835,0.0747235745096051,-0.0281979427982301,0.0104270149600483,-0.0486345165861852,-0.00776136901027509,-0.0288612980143377,0.000663355216107563
3502,-0.58330968208611,1,0,0.0995862665623413,0.0784792252521604,-0.0211070413101808,0.0127945132254622,-0.0461838264318081,0.00396974381144637,-0.0233025429067662,0.00219550159658535
3503,0.503969346638769,0,0,0.115279907004062,0.0629326358151888,-0.0523472711888733,0.011880289455975,-0.0756322106484952,-0.0290623317292514,-0.0492231029389008,-0.0031241682499725
3504,-0.623750304803252,0,0,0.0990408916911243,0.0791204578457099,-0.0199204338454144,0.0132589470785641,-0.0459074925923225,0.00606662490149373,-0.022390347105456,0.00246991326004159
3505,-0.531274354550987,1,1,0.100291933908702,0.0776611404962791,-0.0226307934124225,0.0122225997235373,-0.0465866486680049,0.00132506184315991,-0.0244814419221431,0.00185064850972059
3506,0.241839833091944,1,0,0.111310163213503,0.066394965312651,-0.0449151979008515,0.00971977290110874,-0.0639656027249331,-0.02586479307677,-0.0427162739102653,-0.00219892399058622
3507,-0.758436427917331,1,0,0.0972436681983706,0.081290731524629,-0.0159529366737416,0.0149142125515557,-0.0451842561325659,0.0132783827850827,-0.0193773103318685,0.00342437365812688
3508,-0.429282943718135,1,0,0.10168796826309,0.0760802801655288,-0.0256076880975609,0.0111978846451384,-0.0475551387050663,-0.0036602374900555,-0.0268091946806149,0.00120150658305401
3509,-0.752409659791738,1,0,0.0973234623961814,0.0811924696956652,-0.0161309927005163,0.0148369385594434,-0.045210857917859,0.0129488725168264,-0.0195113202478102,0.00338032754729393
3510,0.735790863167495,0,0,0.118892704564332,0.0600116914523537,-0.0588810131119785,0.0145223898299817,-0.0873443741481933,-0.0304176520757637,-0.0551232375776134,-0.00375777553436506
3511,0.673648667987436,1,0,0.117914757012299,0.0607819922921757,-0.057132764720123,0.0137658538168248,-0.0841133424175429,-0.0301521870227031,-0.0535279601902481,-0.00360480452987486
3512,0.55958271259442,0,0,0.116137804335634,0.0622200429641035,-0.0539177613715309,0.0124654588655935,-0.0783496117988598,-0.0294859109442021,-0.0506258785665544,-0.00329188280497655
3513,-0.496100501157343,1,0,0.100771451000637,0.0771125784653586,-0.023658872535278,0.0118539009481649,-0.0468920914699865,-0.000425653600569544,-0.025281650504066,0.00162277796878799
3514,-0.878442346584052,0,0,0.0956669080590685,0.0832700256960719,-0.0123968823629965,0.0165070503811451,-0.0447501066010291,0.019956341875036,-0.0167245181449797,0.00432763578198317
3515,-0.328307863790542,0,0,0.103087040059748,0.0745443132269182,-0.0285427268328303,0.010334281576666,-0.0487975465291914,-0.00828790713646909,-0.0291363344182076,0.000593607585377333
3516,-0.726142031140625,0,0,0.0976719273791123,0.080765459514613,-0.0169064678644993,0.0145034351527341,-0.0453326784159702,0.0115197426869717,-0.0200962864157578,0.00318981855125854
3517,0.520482834428549,0,1,0.115534068810872,0.0627202519394875,-0.0528138168713844,0.0120503169500464,-0.0764320040957679,-0.0291956296470008,-0.0496388092008131,-0.00317500767057127
3518,0.693534903228283,0,0,0.118226951171506,0.0605344861095769,-0.0576924650619289,0.0140045949274362,-0.0851409667377762,-0.0302439633860816,-0.0540373677217992,-0.00365509734012968
3519,-0.172937088180333,0,0,0.105273071345032,0.072236540867736,-0.0330365304772958,0.00937979800971504,-0.0514205967585977,-0.0146524641959938,-0.0327618853587053,-0.000274645118590496
3520,0.409322903957218,1,0,0.113832552582326,0.0641628992943868,-0.0496696532879391,0.0109738390172799,-0.071177982533948,-0.0281613240419301,-0.0468538493407818,-0.00281580394715725
3521,-0.680371146649122,0,0,0.0982817804779247,0.080026293840361,-0.0182554866375637,0.0139357198782294,-0.0455689956975322,0.00905802242240481,-0.0211190350319711,0.0028635483944074
3522,-0.892347062937915,1,0,0.0954856988757355,0.0835021724359131,-0.0119835264398224,0.0166978202533677,-0.0447106527567466,0.0207435998771018,-0.0164190557777233,0.00443552933790093
3523,0.825699160806835,1,0,0.120320028143805,0.0589133730134022,-0.0614066551304024,0.0156672611617821,-0.0921139227438786,-0.0306993875169262,-0.0574493128556941,-0.00395734227470829
3524,0.0828822618350387,0,0,0.108961531189859,0.0685799285139358,-0.0403816026759237,0.00907180927522577,-0.0581620221299826,-0.0226011832218648,-0.0388529633689646,-0.00152863930695912
3525,0.10913565941155,1,0,0.109346409400155,0.0682145235606963,-0.0411318858394592,0.00913665784347143,-0.0590394061517286,-0.0232243655271898,-0.0394868174813328,-0.00164506835812639
3526,-0.704601923935115,1,0,0.0979585071465428,0.0804168302332024,-0.0175416769133404,0.0142340808708181,-0.0454399627731743,0.0103566089464936,-0.0205770507725699,0.00303537385922955
3527,0.0788513426668942,0,0,0.108902542797682,0.0686361927336785,-0.0402663500640036,0.00906341350078532,-0.0580303141025369,-0.0225023860254703,-0.0387557883462365,-0.00151056171776713
3528,0.570844206959009,0,0,0.11631219902221,0.0620766657172023,-0.0542355333050078,0.0125881444941702,-0.0789078431457676,-0.029563223464248,-0.0509109000954945,-0.00332463320951329
3529,-0.10572554403916,0,0,0.106231333941647,0.0712587813612199,-0.0349725525804272,0.00913561791237625,-0.0528780346652036,-0.0170670704956508,-0.0343473717127745,-0.00062518086765271
3530,0.0374975497834384,1,0,0.108298989648154,0.0692158897902184,-0.039083099857936,0.0090016539429259,-0.0567260173873637,-0.0214401823285083,-0.0377610961299436,-0.00132200372799241
3531,0.777174768503755,0,0,0.119547859446671,0.0595037852118798,-0.0600440742347913,0.0150424425382139,-0.0895267198492038,-0.0305614286203789,-0.0561912503215759,-0.0038528239132154
3532,-0.116360152605921,0,1,0.106079201756677,0.0714126704371721,-0.0346665313195051,0.0091668161050578,-0.0526331607383201,-0.0166999019006901,-0.0340958103966826,-0.000570720922822517
3533,0.504027169197798,1,0,0.115280796111611,0.0629318909764418,-0.0523489051351691,0.0118808790874353,-0.0756350002512173,-0.0290628100191208,-0.0492245573360848,-0.00312434779908426
3534,0.48771750042215,0,0,0.115030247081478,0.0631423095154796,-0.0518879375659986,0.0117161997870361,-0.0748512671842651,-0.028924607947732,-0.0488146614498348,-0.00307327611616378
3535,0.907058042939752,1,0,0.1216243520303,0.0579357606959849,-0.0636885913343148,0.0167478820909907,-0.0965138370499798,-0.0308633456186497,-0.0595727425924429,-0.00411584874187187
3536,0.363712459802628,0,0,0.11314073885807,0.0647637345999705,-0.0483770042580999,0.0105835408729199,-0.0691203631979306,-0.0276336453182693,-0.0457201556481164,-0.00265684860998355
3537,-0.152274268679321,0,0,0.105566854856195,0.0719346388718543,-0.0336322159843403,0.00929299042896802,-0.0518461425337931,-0.0154182894348876,-0.0332481999034044,-0.000384016080935926
3538,0.120115815196186,0,0,0.109507733303646,0.0680622332864441,-0.0414455000172023,0.00916895003563651,-0.0594163118630971,-0.0234746881713075,-0.0397524099637891,-0.00169309005341316
3539,0.590763661079109,0,0,0.116621227118676,0.0618238137418497,-0.0547974133768267,0.012808393336016,-0.0799014030152408,-0.0296934237384126,-0.0514158482269132,-0.00338156514991354
3540,0.299114524852484,1,0,0.112167203405014,0.0656236596586609,-0.0465435437463528,0.0100907650682277,-0.066321079856534,-0.0267660076361716,-0.044123387539,-0.00242015620735279
3541,0.00764811132103205,0,0,0.107865168968648,0.0696371316830959,-0.0382280372855523,0.0089849859229662,-0.0558382860961654,-0.0206177884749392,-0.0370456483141736,-0.00118238897137869
3542,-0.245135099161416,0,0,0.104252219242456,0.0733006120713995,-0.0309516071710562,0.00976027374048514,-0.0500813921816591,-0.0118218221604533,-0.0310703383082928,0.000118731137236597
3543,0.910212512593716,1,0,0.121675168132977,0.0578981646720306,-0.0637770034609461,0.0167905550894105,-0.0966858867166263,-0.0308681202052659,-0.0596554302939629,-0.00412157316698319
3544,0.859254522249103,0,0,0.120856509494385,0.0585083102904864,-0.0623481992038985,0.0161081613612575,-0.0939196153291229,-0.030776783078674,-0.0583229463591607,-0.00402525284473777
3545,-0.560445504728705,1,0,0.0998957893219755,0.078118794520806,-0.0217769948011695,0.0125394997135729,-0.0463539626239227,0.00279997302158381,-0.0238198288809724,0.00204283407980294
3546,-0.91587747214362,1,0,0.0951797449415737,0.0838963655717456,-0.0112833793698282,0.0170233818429894,-0.0446485946771606,0.0220818359375042,-0.01590302800658,0.00461964863675182
3547,0.169279449153692,0,0,0.110232622748239,0.0673842114365289,-0.0428484113117101,0.00934989691110404,-0.0611738725166363,-0.0245229501067839,-0.0409451661968855,-0.00190324511482462
3548,0.601244677323848,0,0,0.116784114360192,0.0616911572321953,-0.0550929571279966,0.0129258946895009,-0.0804272451873759,-0.0297586690686174,-0.0516819473622211,-0.00341100976577555
3549,0.981899374630302,0,1,0.12283492744648,0.057049926445519,-0.0657850010009613,0.0177747508728856,-0.100622872545989,-0.0309471294559337,-0.0615417917627936,-0.00424320923816768
3550,0.776944440789521,0,1,0.119544204474768,0.0595066008580863,-0.0600376036166819,0.01503951448919,-0.0895145103604626,-0.0305606968729013,-0.0561852936388375,-0.00385230997784443
3551,-0.510415907483548,0,0,0.10057604716076,0.0773354079037531,-0.0232406392570064,0.0120021247537069,-0.0467643715122285,0.000283092998215769,-0.024955649208631,0.00171500995162463
3552,-0.967529501300305,0,0,0.0945112145657791,0.0847675995792768,-0.00974361498650236,0.0177496243353227,-0.0445322394228506,0.0250450094498459,-0.0147742071330962,0.00503059214659384
3553,0.125654632225633,1,0,0.10958919052629,0.0679855317981071,-0.0416036587281827,0.00918638180075008,-0.059608636205887,-0.0235986812504783,-0.0398864952327799,-0.00171716349540278
3554,0.666321304161102,0,0,0.117799904848597,0.0608734278318584,-0.0569264770167388,0.0136787210064357,-0.0837362775439243,-0.0301166764895534,-0.0533405220158406,-0.00358595500089824
3555,-0.407189230434597,1,0,0.101992643883778,0.0757417423120998,-0.0262509015716787,0.0109949488178524,-0.0478006052665307,-0.00470119787682669,-0.0273164475225985,0.00106554595091979
3556,-0.979741377290338,1,0,0.0943537725623803,0.0849747783817705,-0.00937899418060979,0.0179235773569961,-0.0445085602744398,0.0257505719132202,-0.0145081079388976,0.00512911375828781
3557,-0.0237472676672041,0,0,0.107410529296381,0.0700827484604033,-0.0373277808359779,0.00899289855432221,-0.0549535381190717,-0.019702023552884,-0.036295421043281,-0.00103235979269686
3558,-0.146225126925856,0,0,0.105652998150416,0.0718464760729134,-0.0338065220775031,0.00926951970150254,-0.0519744468464325,-0.0156385973085736,-0.0333907570993335,-0.000415764978169579
3559,-0.0591650041751564,1,0,0.10689966570655,0.0705886215292933,-0.0363110441772567,0.00903307450322181,-0.0540155448732385,-0.0186065434812749,-0.0354518602075016,-0.000859183969755123
3560,-0.0161640448495746,0,1,0.107520188069248,0.0699748735123649,-0.0375453145568831,0.00898859675927537,-0.0551626404766163,-0.01992798863715,-0.0364764175268605,-0.00106889703002262
3561,-0.0526866419240832,0,0,0.106992949155222,0.0704958393357692,-0.0364971098194529,0.00902326246703087,-0.0541823792778854,-0.0188118403610203,-0.0356059384401189,-0.000891171379333977
3562,-0.633987830020487,0,0,0.098903252579326,0.0792835435818417,-0.0196197089974843,0.0133790982987244,-0.0458422598086053,0.00660284181363663,-0.0221599790636919,0.00254027006620758
3563,-0.21257925638929,1,0,0.104711459071142,0.0728190210442407,-0.0318924380269011,0.00957427851771423,-0.0506576790995765,-0.0131271969542257,-0.0318316233932347,-6.08146336664173e-05
3564,0.270685450173914,1,0,0.111741081516687,0.0660054608505292,-0.0457356206661576,0.00989840360037128,-0.065136135227327,-0.0263351061049883,-0.0434239377397155,-0.00231168292644215
3565,-0.0276399431750178,0,0,0.107354276673,0.0701381833274285,-0.0372160933455718,0.00899569742570852,-0.0548473363157802,-0.0195848503753634,-0.0362025632001204,-0.00101353014545139
3566,0.538476914167404,0,0,0.115811573151559,0.0624895873503915,-0.0533219858011671,0.0122392311103433,-0.077310437975902,-0.0293335336264321,-0.0500925803173855,-0.00322940548378157
3567,0.793049573432654,1,0,0.119800002727821,0.0593100237686982,-0.060489978959123,0.0152451273183476,-0.0903698794428119,-0.0306100784754341,-0.0566021392857663,-0.0038878396733567
3568,0.0326236919499934,1,0,0.108228050242682,0.069284509269883,-0.038943540972799,0.00899732544893217,-0.0565779748098918,-0.0213091071357063,-0.0376441324007756,-0.00129940857202342
3569,-0.594859704375267,0,0,0.0994302331547515,0.0786618775527813,-0.0207683556019702,0.0129254541209669,-0.0461017801628902,0.00456506895894976,-0.0230416586494316,0.0022733030474614
3570,-0.927899784874171,0,0,0.0950237637506035,0.0840984212051926,-0.0109253425454109,0.0171910166974086,-0.0446191161299584,0.0227684310391366,-0.0156398083034199,0.00471446575800901
3571,-0.838995954953134,1,0,0.0961826562890598,0.0826146373566548,-0.0135680189324051,0.015972602058654,-0.0448737437067572,0.0177377058419471,-0.0175932331465541,0.00402521421414904
3572,-0.955194348003715,1,1,0.09467048475226,0.0845587947425612,-0.0101116900096988,0.0175747760938362,-0.0445576181899732,0.0243342381705756,-0.0150432959265243,0.0049316059168255
3573,0.872636870015413,1,0,0.121071040634382,0.0583474952933693,-0.0627235453410122,0.016285907192575,-0.094643336894021,-0.0308037537880035,-0.0586722027672539,-0.00405134257375834
3574,0.0883099348284304,0,0,0.109041003953624,0.0685042356773673,-0.0405367682762567,0.00908377416065188,-0.05834063847483,-0.0227328980776835,-0.0389838719593301,-0.00155289631692663
3575,-0.892315840814263,0,0,0.0954861054248878,0.0835016505073848,-0.011984454917503,0.0166973905364373,-0.04471073900472,0.020741829169714,-0.016419741232937,0.00443528631543398
3576,-0.800474786199629,1,0,0.0966887039236811,0.0819791546375385,-0.0147095492861427,0.0154607489391869,-0.0450120603809649,0.0155929618086796,-0.0184446527866868,0.00373510350054415
3577,-0.95662712585181,0,0,0.0946519725477961,0.084583024283275,-0.0100689482645211,0.0175950406365455,-0.0445545942186689,0.0244166976896266,-0.0150120245044978,0.00494307623997665
3578,0.211790683679283,1,0,0.110862812196939,0.0668029908710274,-0.0440598213259117,0.0095523596100106,-0.0627821021289076,-0.0253375405229159,-0.0419812537544116,-0.00207856757150014
3579,-0.99628622084856,1,0,0.094140842438003,0.0852562002186942,-0.00888464221930882,0.0181605845277275,-0.0444787338318501,0.0267094493932324,-0.0141480679884831,0.00526342576917428
3580,-0.0644762786105275,1,0,0.106823240845161,0.0706647730199908,-0.0361584678251706,0.00904193718535258,-0.0538803390589351,-0.0184365965914061,-0.0353256127353132,-0.000832855089857427
3581,0.301083852071315,0,0,0.112196774063259,0.06559728786742,-0.046599486195839,0.0101046680221237,-0.0664042715949351,-0.0267947007967429,-0.0441719134675511,-0.00242757272828788
3582,-0.743350266013294,0,0,0.0974435183552124,0.0810449669420766,-0.0163985514131358,0.0147213064634515,-0.0452517818868774,0.0124546790606057,-0.0197129053873719,0.00331435397423606
3583,0.966168229933828,0,0,0.122579615555896,0.0572350602955983,-0.0653445552602976,0.0175564731048513,-0.0997546102413522,-0.030934500279243,-0.0611266524862666,-0.00421790277403099
3584,-0.96053024334833,1,1,0.0946015587647727,0.0846490614191111,-0.00995249734566157,0.0176503043805589,-0.0445464582477266,0.0246414635564035,-0.0149268570217091,0.00497435967604753
3585,-0.984244864899665,0,0,0.0942957705267526,0.0850512975081036,-0.00924447301864897,0.0179879394140845,-0.0445001864263432,0.0260112403890452,-0.0144100513370184,0.00516557831836943
3586,0.538755180779845,0,1,0.115815869118321,0.0624860264983839,-0.053329842619937,0.0122421816029138,-0.0773240776538469,-0.0293356075860271,-0.0500996040920746,-0.00323023852786238
3587,-0.369243274908513,1,0,0.102517812865501,0.075163529482107,-0.027354283383394,0.010664149321972,-0.0482556319802163,-0.00645293478657175,-0.0281901764881654,0.000835893104771356
3588,-0.479945242870599,0,0,0.100992373432117,0.0768618172279305,-0.0241305562041863,0.011689761635843,-0.0470420679982966,-0.00121904441007607,-0.0256500866891489,0.00151953048496257
3589,-0.917730922345072,0,1,0.0951556827782764,0.0839274872102386,-0.0112281955680379,0.0170491691138748,-0.0446439529975651,0.0221875618614894,-0.0158624290290708,0.00463423346103292
3590,-0.287317332811654,0,0,0.103659834942946,0.0739289661381094,-0.0297308688048362,0.01003441580451,-0.0493979623875753,-0.010063775222097,-0.0300875299961111,0.000356661191274938
3591,0.0556253055110574,0,0,0.108563199269159,0.0689612192704844,-0.0396019799986743,0.00902323191766589,-0.0572871895814517,-0.0219167704158968,-0.0381966252289937,-0.00140535476968057
3592,-0.11190576152876,1,0,0.10614290015918,0.0713481754613855,-0.0347947246977945,0.00915340132073532,-0.0527350616224771,-0.0168543877731119,-0.0342011469099035,-0.000593577787891014
3593,-0.316655960399657,0,0,0.103249576249459,0.0743689181585948,-0.0288806580908638,0.010245834837077,-0.0489621253630805,-0.00879919081864701,-0.0294063355280478,0.00052567743718402
3594,-0.81965237762779,0,0,0.0964364738686077,0.0822949684950843,-0.0141415053735234,0.0157142941468459,-0.0449409559438099,0.0166579451967631,-0.0180203954911037,0.00387889011758032
3595,-0.897276767995209,0,0,0.0954215276755326,0.0835846176681211,-0.0118369100074116,0.0167657447812622,-0.0446971659526758,0.0210233459378527,-0.0163108531245992,0.00447394311718762
3596,0.743956439197063,0,1,0.119021728595289,0.0599111546762363,-0.0591105739190531,0.0146240208766409,-0.0877731281464311,-0.0304480196916751,-0.0553336126477742,-0.00377696127127891
3597,0.976015388965607,1,0,0.122739378583249,0.0571191068770965,-0.0656202717061523,0.0176929603666199,-0.100297836804622,-0.0309427066076827,-0.0613864368455997,-0.00423383486055256
3598,-0.630912639666349,1,0,0.0989445792848272,0.0792345229568099,-0.0197100563280173,0.0133429006975379,-0.045861661144486,0.00644154848845128,-0.0222291545228595,0.00251909819484216
3599,0.987161798868328,0,0,0.122920437078629,0.0569881206587434,-0.065932316419886,0.01784804897997,-0.100913849614934,-0.0309507832248379,-0.0616808152750775,-0.00425150114480852
3600,-0.975378933828324,0,1,0.0944099885123486,0.0849007153000133,-0.00950927321233534,0.0178613395519711,-0.0445168554498395,0.0254983090251689,-0.0146031321805753,0.00509385896823996
3601,0.636978385969996,0,0,0.117340942584958,0.0612408779526455,-0.0561000646323122,0.0133344737072516,-0.0822351528513217,-0.0299649764133027,-0.0525913138527584,-0.00350875077955379
3602,0.126375905238092,0,0,0.10959980191656,0.0679755495147887,-0.0416242524017711,0.00918870784801032,-0.0596337888483319,-0.0236147159552103,-0.0399039614548416,-0.00172029094692952
3603,0.0562461270019412,0,0,0.108572257677005,0.0689525129494906,-0.0396197447275139,0.00902412336045172,-0.0573067015060459,-0.021932787948982,-0.0382115546599282,-0.00140819006758574
3604,0.095384756103158,1,0,0.109144670864323,0.0684056883592916,-0.0407389825050309,0.00910050250571753,-0.0585756396574538,-0.022902325352608,-0.0391546136424327,-0.0015843688625982
3605,0.662727225571871,0,0,0.117743605199065,0.0609183240537899,-0.0568252811452751,0.0136361500594498,-0.0835516441495804,-0.0300989181409697,-0.0532486345727564,-0.00357664657251866
3606,-0.368600280489773,1,0,0.102526732460431,0.0751537666905271,-0.0273729657699035,0.0106587455636591,-0.0482637231950514,-0.00648220834475565,-0.0282050093920551,0.000832043622151599
3607,0.18733379105106,0,0,0.110499877253309,0.0671367985526657,-0.0433630787006431,0.00943082425607016,-0.0618471545870674,-0.0248790028142188,-0.0413846510724486,-0.0019784276281945
3608,-0.914120831526816,0,0,0.0952025553129899,0.0838668791584306,-0.0113356761545593,0.016998960640483,-0.0446530267845199,0.0219816744754013,-0.0159415128287531,0.00460583667419379
3609,0.656382771208882,0,0,0.117644279038018,0.0609976527808526,-0.0566466262571658,0.0135612743255914,-0.0832262355197926,-0.0300670169945389,-0.053086512184936,-0.00356011407222977
3610,0.454717078246176,1,0,0.114524743673862,0.063570071404221,-0.0509546722696412,0.0113934073137612,-0.0732853402658084,-0.028624004273474,-0.047987358525409,-0.0029673137442322
3611,0.120753942988813,0,0,0.109517115293135,0.0680533924117485,-0.0414637228813862,0.009170919453541,-0.0594383947154443,-0.0234890510473281,-0.0397678541785796,-0.00169586870280664
3612,-0.946393980178982,1,0,0.0947842610200774,0.0844101108724177,-0.0103741501476597,0.0174505680418857,-0.0445766350195214,0.023828334724202,-0.0152354608474558,0.00486131069979612
3613,-0.42166063003242,1,0,0.101792989810943,0.075963328274244,-0.0258296615366989,0.0111270445052646,-0.0476382680213919,-0.00402105505200587,-0.0269840747568808,0.00115441322018192
3614,-0.317909279838204,0,1,0.103232082411058,0.0743877660334922,-0.0288443163775659,0.0102552286143346,-0.0489441951148862,-0.00874443764024552,-0.0293772786413133,0.000532962263747425
3615,0.789195551071316,0,1,0.119738746182198,0.0593570099971098,-0.0603817361850883,0.0151957627719308,-0.0901648839356873,-0.0305985884344894,-0.0565023239368641,-0.00387941224822422
3616,0.715793876443058,1,0,0.118577243652674,0.0602585671082847,-0.0583186765443895,0.014275620862837,-0.0862983792924987,-0.0303389737962804,-0.054608782471335,-0.00370989407305454
3617,0.960988720413297,1,0,0.122495653582682,0.0572961393607581,-0.0651995142219241,0.0174848816410225,-0.0994692525122739,-0.0309297759315744,-0.06099011399382,-0.00420940022810411
3618,0.1699587428011,1,0,0.110242667923833,0.0673748872445941,-0.0428677806792387,0.00935280393208677,-0.0611989395405933,-0.024536621817884,-0.0409616874642589,-0.00190609321497977
3619,-0.454733411315829,0,0,0.101338003104408,0.0764719736072356,-0.0248660294971722,0.0114405190817703,-0.0472890348618853,-0.00244302413245909,-0.0262262067531639,0.00136017725599172
3620,0.150629889219999,0,1,0.109957152142096,0.0676406690340072,-0.0423164831080893,0.00927436543358641,-0.0604939053373819,-0.0241390608787967,-0.0404920224521512,-0.0018244606559381
3621,-0.526582806371152,0,0,0.100355775338911,0.0775877663430296,-0.0227680089958816,0.0121725542487371,-0.0466257769232662,0.00108975893150313,-0.0245880198701708,0.00182001087428925
3622,-0.695196466054767,0,0,0.0980838767428043,0.0802650328934915,-0.0178188438493128,0.0141176742551112,-0.0454889769347991,0.00985128923617339,-0.0207872814613152,0.00296843761200237
3623,0.986096187029034,1,0,0.122903117718637,0.0570006309072167,-0.0659024868114198,0.0178331953108812,-0.100854907350016,-0.030950066272824,-0.0616526577037032,-0.00424982910771659
3624,0.0197180095128715,1,0,0.108040404126588,0.069466513730888,-0.0385738903957002,0.00898889024238503,-0.0561917915317584,-0.0209559892596421,-0.0373346918729047,-0.00123919852279555
3625,0.300925908144563,1,0,0.112194402186967,0.0655994025735769,-0.0465949996133904,0.0101035502700931,-0.0663975942587629,-0.0267924049680179,-0.0441680212385438,-0.00242697837484661
3626,-0.600287966895849,1,0,0.0993569759544368,0.0787478544523542,-0.0206091215020827,0.0129874715084647,-0.0460640979089136,0.00484585490474826,-0.0229191474031017,0.00231002590101902
3627,-0.848704305943102,0,0,0.0960554928575452,0.0827755015195283,-0.0132799913380169,0.0161031933079677,-0.04484167025772,0.0182816875816862,-0.0173791340447399,0.00409914270672302
3628,0.86136070266366,0,0,0.120890251717375,0.0584829728919352,-0.06240727882544,0.0161360651007553,-0.0940333852751141,-0.030781172375766,-0.0583778822915471,-0.00402939653389295
3629,0.523900966625661,0,0,0.115586738663268,0.0626763741531665,-0.0529103645101011,0.0120859149375421,-0.0765983225078982,-0.029222406512304,-0.0497249433033596,-0.00318542120674147
3630,-0.780639911536127,0,0,0.0969501983513539,0.0816536782200705,-0.0152965201312833,0.0152012619535435,-0.0450904460797875,0.0144974058172209,-0.0188842501568642,0.00358773002558086
3631,0.110460981260985,1,0,0.109365870376811,0.0681961251430048,-0.0411697452338057,0.00914039503596419,-0.0590845903087642,-0.0232549001588472,-0.0395188595198049,-0.00165088571400079
3632,-0.432519196067005,1,1,0.10164340768782,0.0761299850972674,-0.0255134225905531,0.0112282205459544,-0.0475203304710964,-0.00350651471000975,-0.0267349835102093,0.00122156091965621
3633,0.343351313844323,1,0,0.112833089383546,0.0650336432708737,-0.0477994461126724,0.0104202735665039,-0.0682228070120748,-0.0273760852132701,-0.0452157376544267,-0.00258370845824572
3634,-0.664217052981257,1,1,0.0984978270464107,0.0797668951567625,-0.0187309318896482,0.0137396443539232,-0.0456601399837268,0.00819827620443037,-0.0214810513709724,0.00275011948132419
3635,0.968315044417977,0,0,0.122614430809849,0.0572097620427091,-0.0654046687671396,0.0175861869453746,-0.0998729618054622,-0.030936375728817,-0.0611832665822546,-0.004221402184885
3636,0.0565420594066381,1,0,0.108576575861033,0.0689483631896007,-0.0396282126714319,0.00902455183592347,-0.0573160092464567,-0.0219404160964071,-0.0382186715255955,-0.00140954114583642
3637,0.416445235721767,1,0,0.113940915470653,0.0640695453679071,-0.049871370102746,0.0110376948921646,-0.0715048545637303,-0.0282378856417616,-0.0470313531789759,-0.00284001692377006
3638,-0.325070358812809,1,0,0.103132178336515,0.0744955412296966,-0.0286366371068186,0.0103094571039862,-0.0488428017307921,-0.00843047248284513,-0.0292113242181951,0.000574687111376485
3639,-0.220564952120185,0,0,0.104598646023203,0.0729368810207804,-0.0316617650024223,0.00961776097342515,-0.0505122301222505,-0.0128112998825941,-0.0316446624422951,-1.71025601272204e-05
3640,-0.0552035211585462,0,0,0.106956699516466,0.0705318723313224,-0.0364248271851438,0.0090269440133453,-0.05411731234176,-0.0187323420285275,-0.0355460665239057,-0.000878760661238057
3641,-0.747010143939406,1,0,0.0973950014037661,0.0811045267084405,-0.0162904746953255,0.0147679438435604,-0.0452351127544139,0.0126541633637628,-0.0196314469921262,0.00334097229680068
3642,0.678292074706405,1,0,0.11798758991694,0.0607241153983172,-0.0572634745186225,0.0138213056284163,-0.0843527357696392,-0.0301742132676059,-0.0536468136867415,-0.00361666083188102
3643,0.407619390636683,1,0,0.113806647751958,0.0641852463763331,-0.0496214013756248,0.010958678747477,-0.0711000170388242,-0.0281427857124254,-0.0468114130200733,-0.00280998835555152
3644,0.43310023099184,0,1,0.114194664212693,0.0638517384546572,-0.0503429257580355,0.0111899306599816,-0.0722747868411001,-0.028411064674971,-0.0474469298828716,-0.00289599587516393
3645,-0.810464131180197,1,0,0.0965572473148524,0.0821435197896713,-0.0144137275251811,0.0155924962362788,-0.0449744585773639,0.0161470035270018,-0.01822356832856,0.00380984080337895
3646,-0.597812453750521,1,0,0.0993903783222685,0.0787086347612263,-0.0206817435610423,0.0129591514686901,-0.0460812137098742,0.0047177265877897,-0.0229750097935578,0.00229326623251553
3647,-0.447898220270872,1,0,0.101431887586728,0.0763665958298299,-0.0250652917568981,0.0113744497786866,-0.0473588036670834,-0.00277177984671289,-0.0263826390171671,0.00131734726026897
3648,0.701966755092144,1,0,0.118359538819286,0.0604298273016997,-0.0579297115175861,0.0141067980797414,-0.0855785276910579,-0.0302808953441142,-0.0542536708695332,-0.00367604064805289
3649,-0.00233688950538635,1,0,0.107720391999987,0.0697785708318089,-0.0379418211681784,0.00898467147255565,-0.0555514536673119,-0.0203321886690449,-0.0368067933255632,-0.0011350278426152
3650,-0.986067001707852,1,0,0.0942723116500618,0.0850822753395762,-0.00919003631048555,0.0180140128841809,-0.0444968527805206,0.0261167801595495,-0.0143703885898453,0.00518035227935975
3651,0.614514737389982,0,0,0.116990629788772,0.0615235817386305,-0.0554670480501411,0.0130762096653712,-0.0810959480485633,-0.0298381480517189,-0.0520192636589747,-0.00344778439116639
3652,0.0806146860122681,0,0,0.10892834407977,0.0686115744436537,-0.0403167696361167,0.00906703478180405,-0.0580878312550246,-0.0225457080172088,-0.0387982932037724,-0.00151847643234428
3653,-0.867608197499067,1,0,0.0958083140516146,0.083089550610733,-0.0127187634408816,0.0163592562388352,-0.0447823164828607,0.0193447896010975,-0.0169627984120376,0.004244034971156
3654,-0.971429731231183,1,0,0.0944609051695074,0.0848337184964524,-0.00962718667305501,0.017805089848726,-0.0445245215180576,0.0252701481719476,-0.0146891879052282,0.00506200123217319
3655,0.971559231635183,0,0,0.122667058482924,0.0571715521803401,-0.065495506302584,0.0176311341830744,-0.100051894308003,-0.0309391182971651,-0.0612688434451407,-0.00422666285744334
3656,0.988484775647521,1,0,0.122941942303941,0.056972592543808,-0.0659693497601328,0.0178664979813634,-0.100987042333463,-0.030951657186803,-0.0617157777159709,-0.00425357204416187
3657,0.159828489646316,0,0,0.110092948176491,0.0675140624424458,-0.042578885734045,0.00931058377695382,-0.0608272946119174,-0.0243304768561726,-0.040715423152934,-0.00186346258111096
3658,-0.706516057252884,0,0,0.0979330102986687,0.0804477550370184,-0.0174852552616503,0.0142578620182234,-0.0454301513139096,0.0104596407906091,-0.0205342888623953,0.00304903360074502
3659,-0.744484644848853,0,0,0.0974284782253529,0.0810634232201966,-0.0163650550051564,0.0147357505759945,-0.0452465954192709,0.0125164854089582,-0.0196876543763796,0.00332259937122325
3660,0.847686908673495,1,0,0.120671334461199,0.0586476525821793,-0.0620236818790192,0.0159553855334649,-0.0932956628840617,-0.0307517008739767,-0.0580214373461397,-0.00400224453287953
3661,-0.822898344136775,0,0,0.0963938400431621,0.0823485320842471,-0.014045307958915,0.0157574616746682,-0.0449293653290348,0.0168387494112048,-0.0179486614154218,0.00390335345650678
3662,-0.778001659084111,0,0,0.0969850274633554,0.081610475160084,-0.0153745523032714,0.0151669626092812,-0.0451012527723282,0.0143521481657855,-0.0189427827480032,0.00356823044473183
3663,-0.92320334399119,1,0,0.0950846695740308,0.0840194368945085,-0.0110652326795224,0.0171254281411166,-0.0446304550559396,0.0224999896968949,-0.0157425986669771,0.00467736598745474
3664,0.767677799332887,0,0,0.119397236191892,0.0596199846880064,-0.0597772515038852,0.0149220180851334,-0.0890238695274021,-0.0305306334803684,-0.055945758220724,-0.00383149328316122
3665,-0.223321837838739,0,0,0.104559724733388,0.072977610378616,-0.0315821143547717,0.00963309920967943,-0.0504626418652446,-0.0127015868442987,-0.0315801520822204,-1.96227255128134e-06
3666,-0.122963119763881,0,0,0.10598484040815,0.0715083735910294,-0.0344764668171207,0.00918761751366905,-0.0524838662476415,-0.0164690673865999,-0.0339397494919391,-0.000536717325181575
3667,0.828839293215424,0,0,0.120370145098878,0.0588753557654012,-0.0614947893334764,0.0157082236663695,-0.0922823419806603,-0.0307072366862925,-0.0575309406981577,-0.00396384863531869
3668,-0.737643426284194,1,0,0.0975192137511239,0.0809521751009503,-0.0165670386501735,0.014648793557356,-0.0452781464395538,0.0121440691392067,-0.0198399790738333,0.00327294042365976
3669,-0.241294229868799,0,0,0.104306306644995,0.0732436427364113,-0.0310626639085838,0.00973714046828666,-0.0501471085388332,-0.0119782192783345,-0.0311600275494994,9.73636409155633e-05
3670,0.727609345223755,1,0,0.1187635500018,0.0601125828951689,-0.0586509671066315,0.0144210598204561,-0.0869157249736232,-0.0303862092396398,-0.0549126276964255,-0.003738339410206
3671,-0.589437670540065,0,0,0.099503454259127,0.0785760850232941,-0.0209273692358329,0.0128638117273273,-0.0461399769252984,0.00428523845363259,-0.0231640923354772,0.00223672309964427
3672,-0.848187664989382,0,0,0.096062256217367,0.0827669337758892,-0.0132953224414778,0.0160962279873109,-0.0448433495835528,0.0182527047005972,-0.0173905227067951,0.0040952002653173
3673,-0.239544144831598,1,0,0.104330959691909,0.0732176982889074,-0.0311132614030019,0.00972670385177719,-0.0501772506407722,-0.0120492721652316,-0.0312009054103639,8.76440073620012e-05
3674,0.475902343634516,1,0,0.114849038748065,0.063295151925547,-0.0515538868225177,0.0115989945221537,-0.0742874983428163,-0.0288202753022191,-0.0485181443744474,-0.0030357424480703
3675,0.931850959546864,1,0,0.122024240267321,0.0576408870719805,-0.064383353195341,0.0170847525509181,-0.0978688528799194,-0.0308978535107626,-0.0602233587832893,-0.00415999441205167
3676,-0.817185062915087,0,1,0.0964688918360878,0.0822542751124289,-0.0142146167236589,0.0156815303329075,-0.0449498513986301,0.0165206179513123,-0.0180749362992823,0.00386031957562342
3677,-0.802735407836735,0,1,0.0966589408768267,0.0820163247710078,-0.0146426161058189,0.0154905021613754,-0.0450034424445546,0.0157182102329168,-0.0183946026132389,0.00375198650741999
3678,0.69638045411557,0,0,0.11827168198752,0.0604991472893564,-0.0577725346981631,0.0140390220928476,-0.0852885123783066,-0.0302565570180197,-0.0541103441272195,-0.00366219057094363
3679,-0.501382658723742,1,0,0.100699310874094,0.0771947304062175,-0.0235045804678766,0.0119082939944121,-0.0468444078142389,-0.000164753121514268,-0.025161309275377,0.0016567288075004
3680,-0.73964338330552,0,0,0.0974926803978868,0.0809846828888016,-0.0165079975090851,0.0146741765805568,-0.0452688551097576,0.0122528600915873,-0.0197954384703809,0.00328744096129575
3681,0.223121180199087,0,0,0.111031307699233,0.0666488658310109,-0.0443824418682224,0.00961318730011283,-0.0632239427530814,-0.0255409409833634,-0.0422581450636607,-0.00212429680456167
3682,0.612054574303329,0,1,0.116952319571284,0.0615546167438911,-0.0553977028273933,0.0130482140033466,-0.0809717323365238,-0.0298236733182628,-0.0519566935351231,-0.00344100929227023
3683,0.26060495711863,1,0,0.111590325734973,0.0661413365021382,-0.0454489892328345,0.0098340390215839,-0.0647233515377004,-0.0261746269279685,-0.0431764025183756,-0.00227258671445885
3684,0.536433813627809,0,0,0.115780035368922,0.0625157377849149,-0.053264297584007,0.0122175946682561,-0.0772103431114975,-0.0293182520565164,-0.0500410161407994,-0.00322328144320757
3685,-0.0507616787217557,1,0,0.107020680953779,0.0704682920103193,-0.0365523889434592,0.00902055877572864,-0.0542323592643141,-0.0188724186226044,-0.0356517397848276,-0.000900649158631618
3686,-0.199931240174919,1,0,0.104890356055831,0.0726327094629679,-0.032257646592863,0.00950832470653808,-0.05089362057099,-0.013621672614736,-0.0321280366681905,-0.000129609924672466
3687,0.616431368514895,1,0,0.117020483547377,0.0614994135331654,-0.0555210700142117,0.0130980602381752,-0.0811927963483711,-0.0298493436800523,-0.052068020810233,-0.00345304920397867
3688,0.740680566523224,0,1,0.11896995208556,0.0599514691491159,-0.0590184829364446,0.0145831891248548,-0.0876010084008962,-0.030435957471993,-0.0552491931191951,-0.00376928981724949
3689,-0.147887995000929,0,0,0.105629311766424,0.0718707014888015,-0.0337586102776223,0.00927588308835263,-0.0519390070555976,-0.0155782134996469,-0.0333515606747696,-0.000407049602852656
3690,-0.208928825333714,0,0,0.104763064084075,0.0727652032137514,-0.0319978608703234,0.00955487408265791,-0.0507250699491481,-0.0132706517914987,-0.0319171357199946,-8.07251503288017e-05
3691,-0.856143319513649,0,0,0.0959581557137856,0.082898956289057,-0.0130591994247286,0.0162036804092343,-0.044817829443825,0.0186994305943678,-0.0172152114667557,0.00415601204202708
3692,-0.542339479550719,1,0,0.100141505321259,0.0778344468761696,-0.0223070584450898,0.0123416568076985,-0.0464962612977324,0.00188214440755288,-0.0242302641112613,0.00192320566617154
3693,0.534552738536149,0,0,0.115751005249051,0.06253982342344,-0.0532111818256114,0.0121977158954026,-0.0771182656742523,-0.0293040979769706,-0.0499935506402871,-0.00321763118532432
3694,0.459231649059802,1,0,0.11459378389839,0.0635113930176973,-0.0510823908806927,0.011436715478773,-0.0734979413205196,-0.0286668404408658,-0.048100373448277,-0.00298201743241572
3695,0.650717886630446,1,0,0.117555653316282,0.06106856603419,-0.0564870872820918,0.0134947161290478,-0.0829362448766173,-0.0300379296875662,-0.0529418436371992,-0.00354524364489257
3696,-0.226239694748074,0,0,0.104518544811191,0.0730207406975906,-0.0314978041136006,0.0096495144760547,-0.0504105049549657,-0.0125851032722355,-0.031511893920924,1.40898073234252e-05
3697,-0.626030744519085,1,0,0.0990102174113874,0.0791567591207436,-0.0198534582906438,0.0132856234515021,-0.0458928017677487,0.00618588518646109,-0.0223390126023041,0.0024855543116603
3698,0.835224185604602,0,0,0.120472104447807,0.0587981254674609,-0.0616739789803456,0.0157917053081571,-0.0926251526388034,-0.0307228053218878,-0.0576969971837042,-0.00397698179664144
3699,0.106358380522579,1,0,0.10930563779322,0.0682530932959734,-0.0410525444972463,0.00912896990803677,-0.0589449967329482,-0.0231600922615443,-0.0394196854623675,-0.00163285903487875
3700,0.317916236352175,0,0,0.112449800634774,0.065372282624504,-0.0470775180102704,0.0102264624718883,-0.0671210161444218,-0.0270340198761189,-0.0445870697351929,-0.00249044827507748
3701,0.445263596251607,0,0,0.114380291202204,0.0636931072942295,-0.0506871839079742,0.011303622111053,-0.0728418761404887,-0.0285324916754597,-0.0477508729890282,-0.00293631091894601
3702,0.406004070769995,0,0,0.113782088799839,0.0642064432120619,-0.0495756455877771,0.0109443438509914,-0.0710261653701427,-0.0281251258054116,-0.0467711804267229,-0.00280446516105422
3703,-0.652285929769278,0,0,0.0986576666640755,0.0795758012392436,-0.0190818654248319,0.0135963311157376,-0.0457301847335589,0.00756645388389517,-0.0217487846451264,0.00266691922029452
3704,0.357666769530624,0,0,0.113049314378886,0.0648437676484723,-0.0482055467304136,0.0105343302200761,-0.0688524545630146,-0.0275586388978126,-0.0455702745010049,-0.00263527222940874
3705,0.50105551443994,0,0,0.115235110237139,0.0629701808667058,-0.0522649293704331,0.0118506292274442,-0.0754917358503615,-0.0290381228905047,-0.0491498230329003,-0.00311510633753279
3706,0.739769168198109,1,0,0.118955550526159,0.059962689772709,-0.0589928607534499,0.0145718431994663,-0.0875531486127687,-0.030432572894131,-0.055225711327057,-0.00376714942639285
3707,0.391464871354401,0,0,0.113561245992432,0.0643975257031348,-0.0491637202892969,0.0108171159987704,-0.070364878063479,-0.0279625625151148,-0.0464093490137626,-0.0027543712755343
3708,0.970630533993244,0,0,0.122651991031145,0.0571824878814946,-0.0654695031496508,0.0176182618625054,-0.100000661870357,-0.0309383444289446,-0.0612443428572385,-0.00422516029241227
3709,0.534914278890938,1,1,0.115756584311808,0.0625351935206725,-0.0532213907911352,0.0122015334508922,-0.0771359569110447,-0.0293068246712258,-0.0500026727491407,-0.00321871804199455
3710,0.289717602543533,1,0,0.112026196588512,0.0657496321650575,-0.0462765644234547,0.0100254434262413,-0.0659260724679314,-0.026627056378978,-0.0438919712576181,-0.00238459316583662
3711,-0.949836061801761,1,0,0.0947397452193732,0.0844682372078041,-0.0102715080115691,0.0174990960112199,-0.0445691059555686,0.0240260899324304,-0.0151602809816627,0.00488877297009362
3712,-0.785755479242653,0,0,0.0968826965651686,0.0817375082684975,-0.0151451882966711,0.0152679134539838,-0.0450697487855538,0.0147793721922116,-0.0187707966569163,0.00362560836024522
3713,0.439803815912455,1,0,0.114296936172516,0.063764266719469,-0.0505326694530468,0.0112523316075021,-0.0725868341458527,-0.028478504760241,-0.047614395591006,-0.00291827386204083
3714,0.480061426758766,0,0,0.114912798000632,0.0632413101797911,-0.0516714878208413,0.011640048088226,-0.0744855628520786,-0.0288574127896041,-0.0486224816694454,-0.00304900615139594
3715,0.551704766228795,1,0,0.116015942081616,0.0623205258442698,-0.0536954162373458,0.0123804440865691,-0.0779606407596332,-0.0294301917150585,-0.0504266861634607,-0.00326873007388515
3716,-0.434778509195894,0,0,0.101612309040633,0.0761647030819198,-0.0254476059587135,0.0112494894477578,-0.0474962001207821,-0.00339901179664478,-0.0266831884099948,0.00123558245128134
3717,-0.0314264665357769,0,0,0.107299582911038,0.0701921453968025,-0.0371074375142355,0.00899880405447373,-0.054744769364937,-0.019470105663534,-0.036112271773155,-0.000995165741080509
3718,-0.0348266246728599,1,0,0.107250490825147,0.0702406340473686,-0.0370098567777788,0.00900191618950107,-0.0546532883010489,-0.0193664252545086,-0.0360312221382017,-0.000978634639577078
3719,-0.345262851566076,0,0,0.10285093394591,0.0748002145914816,-0.028050719354428,0.0104673638160802,-0.0485663754470229,-0.00753506326183309,-0.0287439922071698,0.000693272852741813
3720,0.365969180129468,0,1,0.113174882091207,0.0647338836329763,-0.0484409984582307,0.0106020662380059,-0.0692206664464304,-0.027661330470031,-0.0457761262968609,-0.00266487216136979
3721,-0.940360049717128,1,0,0.0948623419075559,0.084308303672947,-0.0105540382346089,0.0173656656634388,-0.0445901175025128,0.023482041033295,-0.0153673078268551,0.00481326959224618
3722,0.277794613968581,1,0,0.111847507510451,0.0659097919765506,-0.0459377155339006,0.00994502214569921,-0.0654296007649243,-0.0264458303028769,-0.0435986598561801,-0.00233905567772053
3723,0.563694525975734,0,0,0.11620145324017,0.062167657052522,-0.0540337961876476,0.0125100975588816,-0.078553136846138,-0.0295144555291573,-0.0507299082786555,-0.00330388790899213
3724,-0.706172970123589,0,0,0.0979375798901633,0.0804422113114279,-0.0174953685787354,0.0142535972659478,-0.0454319058701316,0.0104411687126608,-0.0205419528934398,0.00304658431470438
3725,-0.249004961457103,1,0,0.104197748623591,0.0733580527092614,-0.0308396959143301,0.00978389716680654,-0.0500157819897144,-0.0116636098389458,-0.0309800059462408,0.000140310031910715
3726,0.991561446338892,0,1,0.122991966648628,0.0569364962489847,-0.0660554703996436,0.0179094361124372,-0.101157320163442,-0.0309536206358456,-0.0617971036093524,-0.00425836679029123
3727,0.459812432061881,1,0,0.114602668300459,0.0635038479246311,-0.0510988203758279,0.01144230690741,-0.0735253298144053,-0.0286723109372505,-0.0481149161489823,-0.00298390422684563
3728,0.428123274818063,0,0,0.114118785802948,0.06391675257959,-0.0502020332233576,0.0111440167983771,-0.072043904791286,-0.0283601616554292,-0.0473226712850039,-0.00287936193835369
3729,0.551564668305218,0,0,0.1160137759427,0.0623223141577479,-0.0536914617849519,0.0123789383387887,-0.0779537350958198,-0.0294291884740841,-0.0504231452546235,-0.00326831653032843
3730,0.489943504333496,1,0,0.115064415001066,0.0631135521976004,-0.0519508628034651,0.0117384804593633,-0.0749578617370443,-0.0289438638698859,-0.0488705656809323,-0.0030802971225328
3731,-0.575061227660626,1,0,0.0996978311632329,0.0783490215882703,-0.0213488095749626,0.0127018634250203,-0.046244004424549,0.00354638527462372,-0.0234890287767951,0.00214021920183248
3732,-0.46529185725376,1,0,0.101193129543246,0.0766350147554656,-0.0245581147877803,0.0115438508846266,-0.0471836467645493,-0.00193258281101135,-0.0259847644050728,0.00142664961729245
3733,0.321733852382749,1,0,0.112507256815957,0.065321350972021,-0.0471859058439361,0.0102548125364545,-0.0672849690835968,-0.0270868426042753,-0.0446813256375763,-0.00250458020635978
3734,0.781280490104109,1,0,0.119613027590818,0.0594536156630748,-0.0601594119277427,0.0150946980786343,-0.0897444765193718,-0.0305743473361136,-0.0562974551060291,-0.00386195682171363
3735,0.348304625134915,1,0,0.112907864831915,0.0649678856755279,-0.0479399791563867,0.0104593415278382,-0.0684399118529537,-0.0274400464598197,-0.045338353684227,-0.00260162547215969
3736,-0.724477206356823,0,0,0.0976940503088461,0.080738465036199,-0.0169555852726471,0.014482482107785,-0.0453407286106515,0.0114295580653573,-0.0201334097852894,0.00317782451264231
3737,0.102622189093381,1,0,0.10925080999143,0.068305011906624,-0.0409457980848059,0.00911893483618461,-0.0588185819410954,-0.0230730142285164,-0.0393294039664486,-0.00161639411835732
3738,-0.0988815799355507,0,0,0.10632934113625,0.0711599071349842,-0.0351694340012659,0.00911705432114771,-0.0530385321158107,-0.0173003358867212,-0.0345094044368651,-0.000660029564400831
3739,-0.866856628563255,0,0,0.0958181303656456,0.0830770441897164,-0.0127410861759292,0.0163490315772831,-0.0447845992495123,0.0193024268976538,-0.0169793368822743,0.00423825070634506
3740,0.615271079819649,0,0,0.117002409912378,0.0615140434031186,-0.0554883665092592,0.0130848281711638,-0.0811341584686354,-0.029842574549883,-0.0520385031076167,-0.00344986340164252
3741,0.154661992099136,1,1,0.110016658723226,0.0675851453772869,-0.0424315133459389,0.00928999149065625,-0.0606395620843087,-0.0242234646075691,-0.0405899224231158,-0.00184159092282311
3742,-0.319252484943718,1,0,0.103213336859881,0.0744079705184996,-0.0288053663413809,0.0102653283622173,-0.0489250402208043,-0.00868569246195752,-0.029346141765836,0.000540775424455093
3743,-0.932562645059079,0,0,0.094963327963835,0.0841769074645831,-0.0107864204992519,0.0172562661178023,-0.0446080805977833,0.0230352395992795,-0.0155377969599696,0.00475137646071772
3744,-0.56917852954939,0,0,0.0997774655753627,0.0782562826882163,-0.0215211828871463,0.0126362331644402,-0.0462877447896997,0.00324537901540706,-0.0236221175849956,0.00210093469784926
3745,0.95805930858478,0,0,0.122448188526134,0.0573307113780325,-0.0651174771481016,0.0174444525270305,-0.0993079758311002,-0.0309269784651031,-0.0609129231410574,-0.00420455400704422
3746,-0.213123214896768,0,0,0.104703771220161,0.0728270436930705,-0.0318767275270901,0.00957719548038069,-0.050647685741536,-0.0131057693126442,-0.031818883625788,-5.78439013021181e-05
3747,-0.814978106413037,0,0,0.096497897212684,0.0822178913356186,-0.0142800058770654,0.0156522595329018,-0.0449578708382267,0.0163978590840959,-0.0181237324260811,0.00384372654901572
3748,0.0935901487246156,0,0,0.109118366411962,0.0684306735453433,-0.0406876928666184,0.00909613818011902,-0.0585157960980513,-0.0228595896351854,-0.0391112917506891,-0.00157640111592926
3749,-0.138775470200926,1,0,0.105759170765704,0.0717380385481087,-0.0340211322175957,0.00924184011187169,-0.0521348059877418,-0.0159074584474496,-0.0335664356641018,-0.000454696553493887
3750,0.601963438559324,1,0,0.1167952919804,0.0616820697389202,-0.0551132222414797,0.0129339924738466,-0.0804633816665311,-0.0297630628164284,-0.051700206148899,-0.0034130160925807
3751,0.524870722554624,0,0,0.115601685391312,0.0626639308335663,-0.0529377545577459,0.0120960392561452,-0.0766455558553732,-0.0292299532601186,-0.0497493857849144,-0.0031883687728315
3752,-0.683358847163618,1,0,0.0982418689492903,0.0800743539580476,-0.0181675149912427,0.0139722358495378,-0.0455525940398361,0.00921756405735075,-0.0210521404851838,0.00288462549394111
3753,0.439752120058984,1,0,0.114296147179489,0.0637649408454221,-0.0505312063340673,0.0112518479604578,-0.0725844230960849,-0.0284779895720496,-0.047613103716382,-0.00291810261768528
3754,0.427055518142879,0,0,0.11410251256494,0.0639307087498084,-0.0501718038151317,0.011134212902102,-0.0719944600994528,-0.0283491475308106,-0.0472960209670585,-0.00287578284807319
3755,0.258653005119413,0,0,0.111561154464667,0.0661676770138082,-0.0453934774508584,0.00982181409915973,-0.0646438793480592,-0.0261430755536576,-0.0431284995383545,-0.00226497791250391
3756,0.361825653817505,0,0,0.113112199171909,0.064788702325916,-0.0483234968459933,0.0105681170837203,-0.0690366257144875,-0.0276103679774992,-0.0456733692877716,-0.00265012755822174
3757,0.269152399152517,1,0,0.111718142958961,0.0660261082113201,-0.0456920347476405,0.00988848280497317,-0.0650731049071315,-0.0263109645881495,-0.043386276220684,-0.0023057585269565
3758,0.837883154861629,0,0,0.120514587091012,0.0587659911627095,-0.0617485959283027,0.015826546305778,-0.092768056687283,-0.0307291351693224,-0.0577661829551334,-0.0039824129731693
3759,0.0335209956392646,0,0,0.108241107505252,0.0692718713239434,-0.0389692361813086,0.00899807534527112,-0.0566051397882178,-0.0213333325743994,-0.0376656618194779,-0.00130357436183071
3760,-0.121772926766425,1,0,0.106001843689994,0.0714911142377358,-0.0345107294522585,0.00918378745636441,-0.0525106221084034,-0.0165108367961135,-0.0339678721943843,-0.000542857257874167
3761,0.627741472795606,1,0,0.117196786160348,0.0613569767027319,-0.0558398094576156,0.0132277081158774,-0.0817656409627436,-0.0299139779524877,-0.0523559320462906,-0.00348387741132505
3762,-0.0130359968170524,0,0,0.107565450537994,0.069930420291979,-0.0376350302460152,0.00898726561716,-0.0552497471751439,-0.0200203133168864,-0.0365511173077834,-0.00108391293823176
3763,0.976011714432389,1,0,0.122739318933219,0.0571191501047032,-0.0656201688285155,0.0176929093433821,-0.100297633923277,-0.0309427037337544,-0.0613863398562484,-0.00423382897226713
3764,-0.682079819962382,0,0,0.0982589532077708,0.0800537763156798,-0.018205176892091,0.0139565939380244,-0.0455595983574689,0.0091492445732869,-0.0210807755697253,0.0028755986776343
3765,0.933325421996415,1,0,0.122048057695781,0.0576233950687497,-0.064424662627031,0.0171048920701146,-0.0979496350439004,-0.0308996902101616,-0.0602621038814376,-0.0041625587455934
3766,0.843180618714541,1,0,0.120599263787767,0.058702019069221,-0.0618972447185457,0.0158960909854833,-0.0930530105450648,-0.0307414788920266,-0.057904077957437,-0.00399316676110869
3767,0.539002967998385,1,0,0.115819694651253,0.0624828558368029,-0.0533368388144502,0.0122448096537655,-0.077336224733379,-0.0293374528955214,-0.0501058586980706,-0.00323098011637957
3768,0.759579680860043,1,0,0.119268928511219,0.0597192364722832,-0.0595496920389361,0.014819832351988,-0.088596029705754,-0.0305033543721181,-0.0557366139683958,-0.00381307807054026
3769,0.712146646343172,1,0,0.118519785228559,0.0603036968768144,-0.0582160883517447,0.0142309441088691,-0.0861082262711305,-0.0303239504323589,-0.0545150647284627,-0.00370102362328198
3770,-0.0547908977605402,1,0,0.106962641630806,0.0705259638268192,-0.0364366778039866,0.00902632908133264,-0.0541279577160051,-0.0187453978919681,-0.0355558810564915,-0.000880796747495055
3771,0.272144726477563,1,0,0.111762920031463,0.0659858126730863,-0.045777107358377,0.00990789071244256,-0.0651962163175234,-0.0263579983992307,-0.0434597922575816,-0.00231731510079545
3772,-0.195486535318196,0,0,0.104953287215105,0.0725673411362829,-0.0323859460788224,0.00948600686828868,-0.0509781778977678,-0.013793714259877,-0.0322322877088977,-0.000153658369924717
3773,0.76444526296109,1,0,0.119346005147893,0.0596595846103503,-0.0596864205375426,0.0148811727560912,-0.0888529831872001,-0.0305198578878851,-0.0558622530749636,-0.00382416746257899
3774,0.219845744781196,0,0,0.110982575774256,0.0666933865463927,-0.0442891892278629,0.0095953138446712,-0.063095658783777,-0.0254827196719488,-0.0421780687110988,-0.00211112051676409
3775,0.787398628890514,0,0,0.119710194819138,0.0593789290527752,-0.0603312657663627,0.0151727810727226,-0.09006937021421,-0.0305931613185153,-0.0564557988913534,-0.00387546687500927
3776,-0.19487931439653,0,0,0.104961887249835,0.0725584149423804,-0.0324034723074551,0.00948299287788983,-0.050989796813769,-0.0138171478011411,-0.0322465336552645,-0.000156938652190547
3777,-0.459763042163104,0,1,0.101268968066721,0.076549600318673,-0.0247193677480482,0.0114895511492192,-0.0472384741990486,-0.00220026129704775,-0.0261111625736367,0.00139179482558853
3778,0.362426053732634,1,0,0.113121280094704,0.0647807563823588,-0.0483405237123456,0.0105730186491914,-0.0690632594726311,-0.0276177879520601,-0.0456882561961865,-0.00265226751615907
3779,0.3853375534527,0,0,0.11346828724083,0.0644782129285977,-0.0489900743122321,0.0107644830572776,-0.0700880734166878,-0.0278920752077765,-0.0462570196100245,-0.00273305470220761
3780,0.726459431927651,0,0,0.118745407046134,0.0601267759186681,-0.0586186311274661,0.0144068583961337,-0.0868555547142566,-0.0303817075406756,-0.054883040555475,-0.00373559057199107
3781,-0.0973535189405084,0,0,0.106351234209187,0.0711378486608252,-0.0352133855483617,0.00911307238842098,-0.0530746792181732,-0.0173520918785501,-0.0345455965772483,-0.000667788971113359
3782,-0.759389176033437,0,0,0.0972310591916957,0.0813062752705248,-0.0159247839211709,0.0149264538361259,-0.0451800958568774,0.0133305280145357,-0.019356132152788,0.00343134823161711
3783,-0.812209258321673,0,0,0.0965342983810355,0.0821722649643544,-0.0143620334166811,0.0156155842147815,-0.0449680160752049,0.0162439492418427,-0.0181849662507715,0.00382293283409041
3784,-0.374150916468352,1,0,0.102449756883395,0.0752380821784971,-0.0272116747048981,0.0107056198939217,-0.0481943041291602,-0.00622904528063595,-0.0280769949717912,0.000865320266893125
3785,0.0475904741324484,1,0,0.108446022896498,0.0690739905856792,-0.0393720323108185,0.00901260430206748,-0.0570364121497815,-0.0217076524718554,-0.0380034875526969,-0.00136854475812156
3786,0.884929417166859,1,0,0.12126839054118,0.0582001418114364,-0.0630682487297436,0.0164501072286024,-0.0953098664396263,-0.030826631019861,-0.0589934399662536,-0.00407480876349002
3787,0.228023784700781,0,0,0.111104283633409,0.0665822797034015,-0.0445220039300075,0.00964037573334011,-0.0634167931647881,-0.025627214695227,-0.0423780507288152,-0.00214395320119233
3788,-0.0821767416782677,1,1,0.106568892963205,0.070919105360188,-0.0356497876030169,0.00907676904546479,-0.0534399280281159,-0.0178596471779179,-0.0349053539157953,-0.00074443368722156
3789,-0.448540827259421,1,0,0.101423057800093,0.0763764971920379,-0.0250465606080548,0.0113806333257927,-0.0473521920478649,-0.00274092916824478,-0.0263679277484318,0.00132136714037697
3790,-0.794762174133211,0,0,0.0967639518940359,0.0818852937203934,-0.0148786581736425,0.015385724237981,-0.0450341235561502,0.0152768072088652,-0.0185711771000173,0.0036925189263748
3791,-0.248742144554853,1,0,0.10420144713202,0.0733541503879903,-0.0308472967440292,0.00978228282883186,-0.0500202187751243,-0.0116743747129342,-0.0309861396800133,0.000138842935984061
3792,0.0702258059754968,1,0,0.108776411026644,0.0687567330335336,-0.0400196779931108,0.0090468567865242,-0.05775119146799,-0.0222881645182316,-0.0385479795430215,-0.00147169845008935
3793,0.365103394724429,0,0,0.113161782058115,0.0647453343712772,-0.0484164476868383,0.0105949490431349,-0.0691821662294198,-0.0276507291442567,-0.0457546517865619,-0.00266179590027635
3794,0.924531432799995,1,1,0.121906065021878,0.0577277946972753,-0.0641782703246024,0.0169849497420524,-0.0974681600982479,-0.0308883805509569,-0.0600311072236567,-0.00414716310094573
3795,-0.44962870888412,0,0,0.101408111240246,0.0763932620812578,-0.0250148491589881,0.011391114829616,-0.0473410239687956,-0.00268867434918065,-0.0263430248287652,0.00132817566977708
3796,-0.639881259761751,1,0,0.0988240952092893,0.0793775663215505,-0.0194465288877387,0.0134487208413388,-0.0458055373748961,0.0069124795994186,-0.0220274644001002,0.00258093551236145
3797,0.216954876668751,1,0,0.110939580993187,0.066732703045597,-0.0442068779475898,0.00957973382995328,-0.0629828112357782,-0.0254309446594014,-0.0421074158693154,-0.0020994620782744
3798,0.11995770316571,1,0,0.109505408791393,0.0680644239975882,-0.0414409847938047,0.00916846363223315,-0.059410843306547,-0.0234711262810625,-0.0397485834270342,-0.00169240136677053
3799,-0.475338319316506,0,0,0.10105545163936,0.0767904458533867,-0.0242650057859732,0.0116435793231862,-0.0470860019105533,-0.001444009661393,-0.0257552564378962,0.00149025065192305
3800,-0.788770281709731,0,0,0.0968429347965262,0.0817869492792049,-0.0150559855173213,0.0153072829298266,-0.0450577087609463,0.0149457377263036,-0.0187039594968157,0.00364797397949435
3801,0.375163913238794,0,0,0.113314087484707,0.0646123918338786,-0.0487016956508284,0.0106784121758302,-0.0696309989275295,-0.0277723923741273,-0.0460043034398418,-0.0026973922109866
3802,0.445114493370056,1,0,0.114378014130181,0.0636950496262997,-0.050682964503881,0.0113022158762406,-0.0728349005668094,-0.0285310284409526,-0.0477471448843394,-0.0029358196195416
3803,-0.334814694710076,1,0,0.102996372732574,0.0746424254035552,-0.0283539473290188,0.0103847479910189,-0.0487076793799405,-0.00800021527809716,-0.0289856888013031,0.000631741472284255
3804,-0.728268462698907,1,0,0.0976436769112669,0.0807999507379031,-0.0168437261733638,0.0145302302382515,-0.0453224541274116,0.0116350017806841,-0.0200488782697741,0.00320515209641032
3805,-0.0194721980951726,1,0,0.10747233772713,0.0700219146693732,-0.0374504230577565,0.0089902863268427,-0.0550710604690711,-0.0198297856464419,-0.0363974418132066,-0.00105298124454992
3806,0.569119056686759,1,0,0.116285468727799,0.0620986096739653,-0.0541868590538334,0.0125692630495278,-0.0788221619431179,-0.0295515561645488,-0.0508672164574479,-0.00331964259638548
3807,-0.373714649118483,0,0,0.102455805134221,0.0752314520277648,-0.0272243531064558,0.0107019171835755,-0.0481997253517941,-0.00624898086111752,-0.0280870541313298,0.000862701024874006
3808,-0.909825576934963,0,0,0.0952583507584294,0.0837948200252531,-0.0114635307331763,0.0169393258046763,-0.0446639992327318,0.0217369377663792,-0.0160356404014334,0.00457210966825706
3809,-0.257154625374824,1,0,0.104083119491671,0.0734791543200381,-0.0306039651716326,0.00983467300202606,-0.0498795700553321,-0.0113283602879332,-0.0307898834013988,0.000185918229766151
3810,-0.353978546801955,1,0,0.102729750229691,0.0749320744453716,-0.0277976757843192,0.0105377456792351,-0.0484512777938624,-0.0071440737747759,-0.0285425592283021,0.000744883443982929
3811,-0.418863301631063,0,1,0.101831555999851,0.0759204492654235,-0.0259111067344271,0.0111012635595208,-0.0476691834939749,-0.00415302997487938,-0.0270482865031429,0.00113717976871578
3812,-0.661017587874085,0,0,0.0985406671921591,0.0797156100825953,-0.0188250571095638,0.0137010863044632,-0.0456786928153865,0.00802857859625903,-0.0215528174750894,0.00272776036552565
3813,0.119707591831684,0,0,0.109501731823318,0.0680678895326842,-0.0414338422906338,0.00916769548219906,-0.0594021952569745,-0.0234654893242931,-0.0397425304987544,-0.00169131179187941
3814,0.266029063146561,0,0,0.111671422206701,0.0660681923405281,-0.0456032298661731,0.00986841704293289,-0.0649449718547428,-0.0262614878776034,-0.0433095650537367,-0.00229366481243639
3815,0.0136579447425902,1,0,0.107952390656171,0.0695521293313273,-0.0384002613248441,0.00898644804320214,-0.0560133758384607,-0.0207871468112275,-0.0371895255111206,-0.0012107358137235
3816,-0.572864567860961,1,0,0.0997275608551297,0.0783143801736647,-0.021413180681465,0.0126773126122716,-0.0462602568222728,0.00343389545934282,-0.0235387167956759,0.00212553611421092
3817,0.991042412351817,1,0,0.122983526320576,0.0569425841825507,-0.0660409421380256,0.0179021891504495,-0.10112858811733,-0.0309532961587209,-0.0617833821352005,-0.00425756000282508
3818,0.382539318408817,1,0,0.113425856738703,0.0645150926233641,-0.048910764115339,0.0107406442048312,-0.0699620399275671,-0.0278594883031109,-0.0461874848129722,-0.00272327930236679
3819,0.303991505876184,1,0,0.112240446722769,0.0655583687067731,-0.0466820780159961,0.0101253292659943,-0.0665273587089544,-0.0268367973230378,-0.0442435781167858,-0.00243849989921031
3820,-0.140323892701417,0,0,0.105737094883896,0.0717605650133641,-0.0339765298705323,0.00924748153780084,-0.0521012606323211,-0.0158517991087436,-0.0335299100495342,-0.000446619820998147
3821,0.585076179821044,1,0,0.116532919576195,0.0618959107452073,-0.054637008830988,0.0127450924257702,-0.0796169309651318,-0.0296570866968443,-0.0512715691976494,-0.00336543963333862
3822,-0.34875146811828,0,0,0.102802412761501,0.0748529682932975,-0.0279494444682032,0.0104953770095391,-0.0485200054110697,-0.00737888352533681,-0.0286633446047223,0.00071390013651907
3823,-0.859668283723295,0,0,0.0959120634638172,0.0829575135906216,-0.0129545498731957,0.0162514225710868,-0.0448067528100671,0.0188976530636757,-0.0171375765542261,0.00418302668103042
3824,-0.890865093097091,0,0,0.0955049975915233,0.0834774021715491,-0.0120275954199741,0.0166774302702581,-0.044714758104358,0.0206595672644097,-0.0164515933514128,0.00442399793143867
3825,-0.902203103527427,1,0,0.0953574388774766,0.0836670804424873,-0.0116903584349893,0.016833772963453,-0.0446839471672813,0.0213032302973026,-0.0162027737077337,0.00451241527274435
3826,0.398027985822409,1,0,0.113660889944855,0.0643112040124028,-0.0493496859324526,0.0108741441658259,-0.0706626168601676,-0.0280367550047376,-0.0465726170181732,-0.0027770689142794
3827,0.0768247987143695,1,0,0.108872896983515,0.0686644957104489,-0.0402084012730665,0.00905935073052703,-0.0579644024282161,-0.0224524001179169,-0.0387069483043889,-0.0015014529686776
3828,-0.761529148090631,0,0,0.0972027433602499,0.0813411980283851,-0.0158615453318648,0.0149539741376448,-0.045170796067392,0.0134477054036624,-0.0193085706305116,0.00344702529864682
3829,-0.421954384539276,1,0,0.101788940629716,0.0759678323964227,-0.0258211082332933,0.0111297586173709,-0.0476350342799644,-0.00400718218662209,-0.026977332721566,0.00115622448827273
3830,0.207976907957345,0,0,0.110806148009202,0.0668549428076435,-0.0439512052015585,0.00953252268884076,-0.0626346063534973,-0.0252678040496197,-0.0418881243585181,-0.00206308084304044
3831,-0.0766381067223847,1,0,0.106648423326301,0.0708394317139082,-0.0358089916123929,0.00906499691650528,-0.0535760590887099,-0.0180419241360759,-0.035036778035703,-0.000772213576689912
3832,-0.465998916886747,1,0,0.101183434471752,0.0766459443915945,-0.0245374900801573,0.0115508251416894,-0.0471766913495884,-0.0018982888107263,-0.0259686046430593,0.00143111456290195
3833,-0.712705463171005,0,0,0.0978506059854396,0.0805478255823283,-0.0173027804031113,0.0143349672128903,-0.0453987998599389,0.0107932390537162,-0.0203960696472964,0.00309328924418506
3834,-0.0450937054120004,0,0,0.107102372811172,0.070387237830207,-0.0367151349809654,0.00901316254505568,-0.0543806089560799,-0.0190496610058509,-0.0357866503786987,-0.000928484602266716
3835,0.0606215912848711,1,0,0.10863611891299,0.068891180857941,-0.0397449380550492,0.00903069148296467,-0.0574447681171525,-0.0220451079929458,-0.0383168012938071,-0.00142813676124205
3836,0.94070810964331,1,0,0.122167372635408,0.0575358868903614,-0.0646314857450467,0.0172059065937205,-0.0983544429900991,-0.0309085284999943,-0.0604561903147761,-0.00417529543027058
3837,0.905139371287078,1,0,0.121593452635325,0.0579586392709405,-0.0636348133643842,0.0167219538582691,-0.0964092406777321,-0.0308603860510362,-0.0595224617999859,-0.00411235156439827
3838,0.507435333449394,1,0,0.115333212224668,0.0628880033832711,-0.0524452088413973,0.0119157047893782,-0.07579956107899,-0.0290908566038045,-0.0493102971361993,-0.00313491170519797
3839,0.556128699798137,1,0,0.116084361274778,0.0622640801196172,-0.0538202811551611,0.0124281019841547,-0.078178913440295,-0.0294616488700271,-0.0505385248917697,-0.00328175626339137
3840,0.351084355264902,1,0,0.112949846726584,0.0649310105255554,-0.048018836201029,0.0104814507751421,-0.068562102226037,-0.0274755701760211,-0.0454071908831864,-0.00261164531784265
3841,0.170920812059194,1,0,0.110256896066263,0.0673616836364738,-0.042895212429789,0.00935693966585948,-0.0612344771803878,-0.0245559476791902,-0.0409850881019139,-0.00191012432787509
3842,0.155767698772252,1,0,0.110032981893742,0.0675699267449336,-0.042463055148808,0.00929434480520994,-0.0606796362269164,-0.0242464740706996,-0.0406167759951906,-0.0018462791536174
3843,0.607923705130816,0,1,0.116888017219938,0.0616067606438723,-0.0552812565760654,0.0130013372747008,-0.080763409385337,-0.0297991037667937,-0.0518516670095298,-0.00342958956653558
3844,-0.183473899494857,1,0,0.10512353708713,0.0723909424058901,-0.0327325946812397,0.00942795658803175,-0.051211050041589,-0.0142541393208903,-0.0325142719353386,-0.000218322745901063
3845,-0.559427719563246,0,0,0.0999095874058436,0.0781027854364525,-0.0218068019693911,0.0125282807130534,-0.0463617809551835,0.00274817701640122,-0.0238428817150053,0.00203607974561416
3846,0.49420900689438,1,0,0.115129912758507,0.0630584811137361,-0.0520714316447713,0.0117813488445125,-0.0751624510693183,-0.0289804122202242,-0.0489777254218288,-0.00309370622294249
3847,0.839349703863263,0,0,0.120538023836307,0.058748274599214,-0.0617897492370933,0.015845781625671,-0.0928469105302949,-0.0307325879438917,-0.0578043502911231,-0.00398539894597021
3848,-0.852284827269614,0,0,0.0960086318562136,0.0828349014675463,-0.0131737303886674,0.0161515140426927,-0.0448301162081379,0.0184826554308032,-0.0173002212368594,0.00412649084819203
3849,0.00839444668963552,1,0,0.107875997284965,0.0696265703822895,-0.0382494269026753,0.00898511549378161,-0.0558599296674201,-0.0206389241379305,-0.0370635111556812,-0.00118591574699407
3850,0.646957697812468,1,0,0.117496858049788,0.0611156787831316,-0.0563811792666559,0.0134506933281981,-0.0827440537570173,-0.0300183047762945,-0.0528458628615454,-0.00353531640511051
3851,-0.575288285966963,0,0,0.0996947585954353,0.0783526031064337,-0.0213421554890015,0.0127044040905136,-0.0462423299514516,0.00355801897344847,-0.0234838933534875,0.00214173786448595
3852,0.697820341680199,0,0,0.118294321973628,0.0604812727196447,-0.0578130492539837,0.0140564676141227,-0.0853632195275179,-0.0302628789804495,-0.054147279256048,-0.00366576999793569
3853,0.876888030208647,0,0,0.121139259267992,0.0582964961521379,-0.0628427631158541,0.0163425931693109,-0.0948736571416938,-0.0308118690900145,-0.0587832511528662,-0.00405951196298794
3854,0.0483020385727286,0,0,0.108456395547715,0.0690639966747323,-0.0393923988729827,0.00901347724364883,-0.0570584896460058,-0.0217263080999597,-0.0380205856140501,-0.00137181325893264
3855,-0.62989344727248,1,0,0.0989582793449106,0.0792182824498111,-0.0197399968950994,0.0133309239539485,-0.0458681277254807,0.00638813393528188,-0.0222520853829141,0.00251208848781468
3856,0.0411626505665481,0,0,0.1083523624015,0.0691643299541565,-0.039188032447343,0.00900532086028122,-0.0568381370027215,-0.0215379278919646,-0.0378490890804993,-0.00133894336684375
3857,-0.521253287326545,1,0,0.100428341920733,0.0775044915855707,-0.0229238503351627,0.012116021732296,-0.0466708165663674,0.00082311589604209,-0.0247091484964836,0.00178529816132094
3858,0.105107277166098,1,0,0.109287275434161,0.0682704747196549,-0.0410168007145065,0.00912557025372035,-0.0589025897501885,-0.0231310116788246,-0.0393894500114944,-0.00162735070301213
3859,-0.852268595248461,0,1,0.0960088442508858,0.0828346320949245,-0.0131742121559613,0.0161512947939131,-0.0448301682557203,0.0184817439437976,-0.0173005789228584,0.00412636676689707
3860,-0.7928302353248,1,0,0.0967894117098432,0.0818535732069313,-0.0149358385029119,0.0153604045504229,-0.0450416782097059,0.0151700012038822,-0.0186139814146807,0.00367814291176884
3861,0.931737800128758,0,0,0.122022412535102,0.0576422297230448,-0.0643801828120577,0.0170832074023848,-0.0978626540611598,-0.0308977115629555,-0.0602203854860163,-0.00415979732604137
3862,0.848806297872216,1,0,0.12068924300548,0.0586341549464182,-0.0620550880590618,0.0159701339690327,-0.0933559754666456,-0.0307542006514779,-0.0580505985216573,-0.00400448953740448
3863,0.29477417236194,1,1,0.112102054385693,0.0656818172957668,-0.0464202370899264,0.0100603835063274,-0.0661382264329888,-0.026702247746864,-0.0440164713542308,-0.00240376573569559
3864,-0.492875317111611,0,0,0.100815520937791,0.0770624574700434,-0.0237530634677476,0.0118208638109796,-0.0469215308034206,-0.000584596132074622,-0.0253551584394209,0.00160209497167331
3865,-0.972198257688433,1,0,0.0944509947109725,0.0848467525115978,-0.00960424219937474,0.0178160292991301,-0.04452301797318,0.0253145335744306,-0.014672438761201,0.00506819656182626
3866,-0.347843463532627,1,0,0.10281503972966,0.0748392344583668,-0.0279758052712936,0.0104880653924982,-0.0485320357080911,-0.00741957483449612,-0.0286843326551739,0.000708527383880296
3867,0.650325066875666,0,1,0.117549509894221,0.0610734862244146,-0.0564760236698069,0.0134901112803101,-0.0829161559266522,-0.0300358914129615,-0.052931814989181,-0.00354420868062586
3868,0.77326720347628,0,0,0.119485865047397,0.0595515702313274,-0.05993429481607,0.0149928172912557,-0.0893196767337206,-0.0305489128984195,-0.0560902127686152,-0.00384408204745484
3869,0.0941210412420332,1,0,0.109126147387991,0.0684232813832769,-0.0407028660047145,0.00909742070990716,-0.0585334829483413,-0.0228722490610876,-0.0391241067122559,-0.00157875929245857
3870,0.190914682578295,1,0,0.110552951803223,0.0670878270613217,-0.0434651247419014,0.00944777165121036,-0.0619824169124322,-0.0249478325713706,-0.0414719124863753,-0.00199321225552607
3871,0.431026285979897,0,0,0.114163039617446,0.0638788229672856,-0.0502842166501605,0.0111707546978672,-0.0721784935381119,-0.0283899397622091,-0.0473951425532885,-0.00288907409687203
3872,-0.235862032044679,1,0,0.104382845581552,0.0731631397875114,-0.0312197057940406,0.00970495933705293,-0.05024107656609,-0.0121983350219911,-0.0312869336340295,6.72278399889287e-05
3873,-0.774888585787266,0,0,0.0970261393267701,0.0815595233952332,-0.0154666159315369,0.0151265561144345,-0.0451141211259527,0.014180889262879,-0.0190118683409256,0.00354525240938874
3874,0.00543163809925318,1,0,0.107833016573685,0.0696685054625418,-0.038164511111143,0.00898468807784265,-0.055774176156041,-0.020554846066245,-0.0369926068614045,-0.00117190424973845
3875,-0.960772342514247,0,0,0.0945984325347718,0.0846531590536937,-0.00994527348107807,0.0176537351106342,-0.0445459584905313,0.0246554115283752,-0.014921575334378,0.00497630185329993
3876,-0.136549006216228,1,0,0.105790920617533,0.0717056593649272,-0.034085261252606,0.0092338315625838,-0.0521832385545794,-0.0159872839506325,-0.0336189652604468,-0.000466295992159187
3877,-0.0429936181753874,1,0,0.107132655061595,0.0703572276666201,-0.0367754273949744,0.00901063641920367,-0.0544359502543986,-0.0191149045355503,-0.0358366563448274,-0.000938771050147016
3878,-0.649672169238329,1,0,0.0986927136854802,0.0795339940264815,-0.0191587196589987,0.0135651094475996,-0.045745845622638,0.0074284063046406,-0.0218074774768192,0.00264875781782049
3879,0.104640087578446,1,0,0.109280419218284,0.0682769663784592,-0.0410034528398246,0.00912431089020291,-0.0588867735683689,-0.0231201321112803,-0.0393781603914053,-0.00162529244841931
3880,-0.655210696626455,1,0,0.0986184626055847,0.0796226068123681,-0.0189958557932166,0.0136313423927544,-0.0457127959439493,0.00772108435751611,-0.0216831252444038,0.0026872694511872
3881,0.614227754995227,0,0,0.116986160273,0.0615272012736565,-0.0554589589993434,0.013072940936833,-0.0810814524075555,-0.0298364655911313,-0.0520119639361723,-0.00344699506317112
3882,0.149218620732427,0,1,0.10993633102507,0.067660112754107,-0.0422762182709632,0.00926898871751822,-0.060443102330407,-0.0241093342115194,-0.040457765965172,-0.00181845230579122
3883,-0.202524728607386,1,0,0.104853651071611,0.0726708769965609,-0.0321827740750499,0.00952155466935969,-0.0508446783038241,-0.0135208698462757,-0.0320672270066471,-0.000115547068402805
3884,-0.78585594240576,0,0,0.0968813713371714,0.0817391553674433,-0.0151422159697282,0.0152692243127492,-0.0450693456945799,0.0147849137551235,-0.018768569119108,0.00362635314937981
3885,-0.136774686165154,0,0,0.105787701990563,0.0717089407854991,-0.0340787612050637,0.00923463777715212,-0.0521783186585549,-0.0159792037515726,-0.0336136402073396,-0.000465120997724146
3886,0.536413575988263,1,0,0.115779723013272,0.0625159968653745,-0.0532637261478972,0.012217380587819,-0.0772093520854411,-0.0293181002103532,-0.0500405054326768,-0.00322322071522036
3887,-0.122971833217889,1,0,0.105984715935259,0.0715084999616752,-0.0344762159735839,0.00918764568407279,-0.0524836706170815,-0.0164687613300864,-0.0339395436165345,-0.000536672357049427
3888,-0.808212653268129,0,0,0.0965868621080499,0.0821064476933214,-0.0144804144147285,0.0155627407098886,-0.0449828257068455,0.0160219968773884,-0.0182733801241603,0.00379296570943177
3889,0.436154890805483,0,0,0.114241257155628,0.0638118658649496,-0.0504293912906782,0.0112182862268448,-0.0724168282635558,-0.0284419543178006,-0.0475232258521031,-0.00290616543857508
3890,-0.279027624521405,1,0,0.103776015582711,0.0738050911160038,-0.0299709244667069,0.00997769878194373,-0.0495268547279058,-0.0104149942055081,-0.0302803548859159,0.000309430419208952
3891,0.978553153574467,0,1,0.122780580991601,0.0570892596784268,-0.0656913213131746,0.0177282151816799,-0.100437984579443,-0.0309446580469057,-0.0614534299313222,-0.0042378913818524
3892,0.993037992157042,0,1,0.123015980383871,0.0569191806643401,-0.0660967997195313,0.0179300595612331,-0.101239070700206,-0.0309545287388563,-0.0618361424124809,-0.00426065730705041
3893,0.113418706227094,0,0,0.109409312456534,0.06815508191987,-0.0412542305366644,0.00914889459226985,-0.0591857344358666,-0.0233227266374622,-0.0395903830662155,-0.0016638474704489
3894,-0.928531769663095,0,0,0.0950155705177882,0.0841090550134783,-0.0109065155043099,0.0171998527712373,-0.0446176074753264,0.0228045764667066,-0.015625979537611,0.00471946403330108
3895,0.404391523916274,0,0,0.113757576615488,0.0642276101621924,-0.0495299664532957,0.0109300730312121,-0.0709525159428639,-0.0281074169637275,-0.046731023438132,-0.0027989430151637
3896,-0.128766871988773,0,0,0.105901961543804,0.0715925906928639,-0.0343093708509404,0.00920679975752336,-0.0523543667885583,-0.0162643749133225,-0.033802661451845,-0.000506709399095397
3897,0.00582282152026892,1,0,0.107838690509405,0.0696629673815315,-0.0381757231278732,0.00898473118909162,-0.0557854726692665,-0.0205659735864799,-0.0370019672565144,-0.00117375587135877
3898,-0.263983975630254,0,0,0.103987147083616,0.0735807781789122,-0.0304063689047041,0.00987828317496571,-0.0497674481567248,-0.0110452896526833,-0.0306306783059229,0.000224309401218849
3899,-0.230829870793968,0,0,0.104453792323702,0.0730886379404328,-0.0313651543832693,0.00967571347293262,-0.0503292043149462,-0.0124011044515924,-0.0314045540509123,3.93996676430336e-05
3900,0.116305693052709,1,0,0.109451730154657,0.0681150423840622,-0.0413366877705948,0.00915740252455194,-0.0592848669106528,-0.0233885086305368,-0.0396602163171522,-0.00167647145344261
3901,0.980906974058598,0,1,0.122818807569363,0.057061588984555,-0.0657572185848076,0.0177609437303296,-0.100568028627696,-0.0309464085419191,-0.0615155828101432,-0.0042416357746644
3902,-0.725461984053254,1,0,0.0976809636064937,0.0807544318243918,-0.0169265317821019,0.0144948735655278,-0.0453359619309981,0.0114828983667942,-0.02011144985662,0.00318491807451807
3903,0.837649282533675,0,0,0.120510849968718,0.0587688169073982,-0.0617420330613199,0.0158234800629035,-0.0927554840946983,-0.0307285820279415,-0.0577600968945675,-0.00398193616675236
3904,-0.358601639047265,1,0,0.102665521722305,0.0750021039377646,-0.0276634177845409,0.0105756107461042,-0.0483912339614199,-0.00693560160766185,-0.0284357813648151,0.000772363580274198
3905,-0.834952034987509,1,0,0.0962356693567453,0.0825477149028803,-0.013687954453865,0.0159183912640377,-0.044887428023196,0.0175115191154659,-0.017682471087103,0.00399451663323797
3906,-0.12521462701261,1,0,0.105952681601705,0.0715410339067718,-0.0344116476949337,0.00919495954456078,-0.0524334372415756,-0.0163898581482917,-0.0338865583025057,-0.000525089392427985
3907,0.425404162611812,0,0,0.114077348919175,0.0639522984708835,-0.0501250504482913,0.0111190830478838,-0.0719180527632533,-0.0283320481333292,-0.0472548101641362,-0.00287024028415506
3908,-0.00935090286657214,1,0,0.107618794891025,0.0698780843054401,-0.0377407105855852,0.00898602981453644,-0.0553530053860797,-0.0201284157850906,-0.0366391493070036,-0.00110156127858159
3909,-0.609027918428183,1,1,0.0992391267022548,0.078886464960787,-0.0203526617414677,0.0130879557024342,-0.0460045835494943,0.00529926006655883,-0.0227220266539086,0.00236936491244086
3910,-0.813168998342007,1,0,0.0965216795945982,0.0821880773973065,-0.0143336021972917,0.0156282905980897,-0.0449644889094733,0.01629728451489,-0.0181637395513557,0.00383013735406402
3911,-0.215974440332502,1,0,0.104663482556344,0.072869108718163,-0.0317943738381806,0.00959259276262492,-0.050595510171285,-0.0129932375050761,-0.0317521176223515,-4.22562158290674e-05
3912,-0.369242079090327,1,0,0.102517829453209,0.0751635113245325,-0.0273543181286764,0.0106641392658511,-0.0482556470158639,-0.00645298924148895,-0.028190204073019,0.000835885944342567
3913,0.526353628374636,1,0,0.115624544484028,0.0626449075436387,-0.0529796369403892,0.0121115420323781,-0.0767178231210933,-0.0292414507596851,-0.0497867667413771,-0.00319287019901213
3914,0.554635874927044,0,0,0.116061269788083,0.0622831219896725,-0.0537781477984108,0.0124119963298517,-0.0781052135811635,-0.0294510820156581,-0.050500780096491,-0.0032773677019198
3915,-0.837100825272501,1,0,0.0962074969131885,0.0825832688879358,-0.0136242280252526,0.0159471832091048,-0.04488013276996,0.0176316767194547,-0.0176350491502273,0.00401082112497465
3916,0.161997852381319,0,0,0.110124995202486,0.0674842360779682,-0.0426407591245176,0.00931942025626047,-0.0609064871835811,-0.024375031065454,-0.0407681389745248,-0.00187262014999278
3917,-0.00096025737002492,1,0,0.1077403422425,0.0697590548346924,-0.0379812874078072,0.00898455786623275,-0.0555906972426394,-0.0203718775729749,-0.0368397102588621,-0.00114157714894506
3918,0.336638288572431,0,0,0.1127318181868,0.0651228607557707,-0.0476089574310291,0.0103680065814359,-0.0679298769221177,-0.0272880379399405,-0.045049658503891,-0.00255929892713812
3919,0.967319902032614,0,0,0.122598291359778,0.0572214875829045,-0.0653768037768731,0.0175724103415632,-0.0998180951678962,-0.0309355123858501,-0.0611570219191687,-0.00421978185770445
3920,0.887354257982224,1,0,0.121307352721391,0.058171115965451,-0.0631362367559397,0.0164826010243642,-0.0954415411352366,-0.0308309323766428,-0.0590568554128343,-0.00407938134310544
3921,0.0597624671645463,1,0,0.108623577132488,0.0689032194509639,-0.0397203576815237,0.00902936242317887,-0.0574175828343136,-0.0220231325287338,-0.0382961324737783,-0.00142422520774541
3922,0.34891101764515,1,0,0.112917021935897,0.0649598397746205,-0.0479571821612763,0.0104641533266797,-0.0684665458102735,-0.027447818512279,-0.0453533687383365,-0.00260381342293976
3923,0.0131093235686421,0,0,0.107944425857455,0.0695598849787988,-0.0383845408786561,0.00898627491368944,-0.0559973160646632,-0.020771765692649,-0.0371763878107279,-0.00120815306792819
3924,-0.0327675100415945,0,1,0.107280218326578,0.0702112659252007,-0.0370689524013772,0.0089999950717223,-0.0547086186029909,-0.0194292861997635,-0.0360803020473355,-0.000988650354041672
3925,0.0762150222435594,0,0,0.108863978099775,0.0686730140436462,-0.0401909640561286,0.00905814901226857,-0.0579446098867721,-0.0224373182254852,-0.0386922545137747,-0.00149870954235393
3926,0.136955577880144,0,0,0.109755553940415,0.0678292848886468,-0.041926269051768,0.00922430224370974,-0.0600055692319511,-0.0238469688715849,-0.0401603010995267,-0.00176596795224133
3927,-0.566793390084058,1,0,0.0998097694527736,0.0782187103373666,-0.0215910591154069,0.0126097305055817,-0.0463056767611031,0.00312355853028928,-0.0236760996441165,0.00208504052870958
3928,0.0224150298163295,1,0,0.10807959462963,0.069428442037852,-0.038651152591778,0.00899028942912802,-0.0562717960834601,-0.0210305091000959,-0.0373993258741589,-0.00125182671761912
3929,0.257482388522476,0,0,0.111543663189661,0.0661834785118097,-0.0453601846778511,0.0098145200206108,-0.0645962904437956,-0.0261240789119066,-0.043099775853999,-0.00226040882385208
3930,-0.501269954256713,1,0,0.100700849636352,0.0771929767076569,-0.0235078729286951,0.0119071297424605,-0.0468454183831633,-0.000170327474226819,-0.0251638763406106,0.00165600341191555
3931,0.0230645574629307,0,0,0.1080890348067,0.069419276057524,-0.038669758749176,0.00899065512280145,-0.0562911189872874,-0.0210483985110646,-0.0374148943595757,-0.0012548643896003
3932,-0.983871810138226,0,0,0.0943005740194112,0.0850449565306753,-0.00925561748873592,0.0179826035536596,-0.0445008728021707,0.0259896378246989,-0.0144181724983163,0.00516255500958038
3933,-0.8227578708902,1,0,0.0963956847264836,0.0823462133963474,-0.0140494713301362,0.0157555920474423,-0.0449298642982287,0.0168309216379564,-0.0179517653480979,0.00390229401796174
3934,-0.674554342404008,0,0,0.0983595263484862,0.0799328003353556,-0.0184267260131306,0.0138648503381944,-0.0456013333270296,0.00874788130076842,-0.021249327198611,0.0028226011854804
3935,0.288298528641462,0,0,0.112004915946102,0.0657686753985827,-0.0462362405475197,0.0100157264363679,-0.0658667036418064,-0.026605777453233,-0.0438570429454763,-0.00237919760204338
3936,-0.455875494517386,1,0,0.101322323587585,0.0764895940421803,-0.0248327295454049,0.0114516221123851,-0.0472774964502421,-0.00238796264056771,-0.0262000786888261,0.0013673491434212
3937,0.504382717423141,1,0,0.115286263323644,0.0629273111783828,-0.0523589521452612,0.0118845055989442,-0.0756521550932565,-0.0290657491972659,-0.0492335005439162,-0.003125451601345
3938,-0.514442378655076,0,0,0.100521146910054,0.0773981889996157,-0.0231229579104382,0.0120442742009836,-0.046729301564291,0.000483385743414541,-0.024864035666536,0.00174107775609779
3939,-0.307941799983382,1,0,0.103371281078999,0.0742379928169537,-0.0291332882620455,0.0101813307093408,-0.0490883297670452,-0.00917824675704589,-0.0296084617016262,0.000475173439580655
3940,0.607279045507312,1,0,0.116877985021979,0.06161490189479,-0.0552630831271889,0.0129940366129563,-0.0807309269023782,-0.0297952393519997,-0.0518352806466421,-0.00342780248054681
3941,0.149055738933384,1,0,0.109933928174656,0.0676623571880881,-0.0422715709865682,0.009268371258108,-0.060437244847806,-0.0241058971253303,-0.0404538125567718,-0.00181775842979637
3942,0.713290555402637,0,0,0.118537803765349,0.0602895390740882,-0.0582482646912612,0.0142449452672859,-0.0861678443768858,-0.0303286850056366,-0.0545444543957367,-0.0037038102955245
3943,-0.496105139609426,0,0,0.100771387631677,0.0771126505707649,-0.0236587370609122,0.0118539485575803,-0.0468920493083601,-0.000425424813464328,-0.0252815448014524,0.00162280774054021
3944,0.00459650065749884,0,0,0.107820904167201,0.0696803300740547,-0.038140574093146,0.00898460960239461,-0.0557500853289921,-0.0205310628572998,-0.0369726245660535,-0.00116794952709248
3945,-0.525928786955774,1,0,0.100364677940668,0.0775775427547256,-0.022787135185942,0.0121655984883927,-0.0466312700735667,0.0010569997016827,-0.024602881024291,0.00181574583834902
3946,0.354334871284664,1,0,0.112998956115664,0.0648879147612294,-0.0481110413544342,0.0105074717948549,-0.0687053076409202,-0.0275167750679481,-0.0454877110418091,-0.00262333031262506
3947,-0.303824704140425,0,0,0.103428825929198,0.0741762095482107,-0.0292526163809872,0.010151351934312,-0.0491489005666297,-0.00935633219534475,-0.0297040177077924,0.000451401326805191
3948,-0.716868091840297,0,0,0.0977952204867719,0.0806151909818403,-0.0171800295049316,0.0143870011390055,-0.0453780335829191,0.011017974573056,-0.020303156788732,0.00312312728380042
3949,0.761180778034031,0,0,0.119294287052306,0.0596996009149828,-0.0595946861373235,0.0148399987972547,-0.0886805493105604,-0.0305088229640866,-0.0557779506158913,-0.00381673552143222
3950,0.868763367179781,0,0,0.121008911136123,0.0583940002957677,-0.062614910840355,0.0162343495520851,-0.0944336512748757,-0.0307961704058342,-0.0585710616642607,-0.00404384917609426
3951,-0.89609754877165,0,1,0.0954368743551174,0.083564889474847,-0.0118719848802705,0.0167494830623926,-0.0447003684422236,0.0209563986816827,-0.0163367314502692,0.00446474656999874
3952,0.865940952207893,0,0,0.120963658000322,0.05842790790497,-0.0625357500953516,0.01619683815469,-0.0942809695419683,-0.030790530648735,-0.0584973908377825,-0.00403835925756913
3953,0.97010807460174,0,1,0.122643515202778,0.0571886408655642,-0.0654548743372135,0.0176110221895477,-0.0999718435596627,-0.0309379051147643,-0.0612305605383573,-0.00422431379885618
3954,0.236250712070614,0,0,0.111226836869538,0.0664706821336374,-0.0447561547359004,0.00968716351022103,-0.0637426463282843,-0.0257696631435166,-0.0425793933503458,-0.00217676138555463
3955,0.73499550530687,1,0,0.11888014360646,0.0600214925498851,-0.0588586510565753,0.0145125170739026,-0.0873026618464471,-0.0304146402667036,-0.0551027556307269,-0.00375589542584844
3956,-0.308139685541391,0,0,0.103368515936424,0.0742409635818471,-0.0291275523545765,0.0101827796951011,-0.0490854338194804,-0.00916967088967263,-0.0296038698241822,0.000476317469605664
3957,0.137577542103827,0,0,0.109764716421684,0.0678206952832233,-0.0419440211384607,0.00922648042535732,-0.0600275904762248,-0.0238604518006966,-0.0401753793540641,-0.0017686417843966
3958,-0.584623469505459,1,0,0.0995685071643106,0.0784999819415866,-0.0210685252227241,0.0128093369437939,-0.0461743642983984,0.00403731385295023,-0.023272853523157,0.00220432830043292
3959,-0.454398446250707,0,0,0.101342602205986,0.0764668063622691,-0.0248757958437165,0.0114372660775611,-0.047292425437338,-0.00245916625009513,-0.0262338704756687,0.00135807463195215
3960,0.520395294297487,1,0,0.115532720182814,0.0627213760485965,-0.0528113441342177,0.0120494070645243,-0.0764277480157478,-0.0291949402526875,-0.0496366036538308,-0.00317474048038687
3961,0.664934549946338,0,0,0.117778179194754,0.0608907471091857,-0.0568874320855684,0.0136622820938261,-0.083665012936094,-0.0301098512350428,-0.0533050637957339,-0.00358236828983448
3962,0.582227677572519,1,1,0.116488713693217,0.0619320491149293,-0.0545566645782879,0.0127135124823384,-0.0794746911606715,-0.0296386379959042,-0.0511993402212852,-0.00335732435700267
3963,-0.590709580108523,1,0,0.0994862736279489,0.078596202688007,-0.0208900709399419,0.0128782444612168,-0.0461309662680293,0.00435082438814559,-0.0231353659838499,0.00224529504390804
3964,-0.278292013797909,1,0,0.103786330760425,0.0737941079477627,-0.0299922228126624,0.00997273166442164,-0.049538417702411,-0.0104460279229138,-0.0302974732465412,0.000305250433878777
3965,0.591785885859281,0,0,0.116637105003787,0.0618108638921941,-0.0548262411115927,0.0128198051609359,-0.0799525975158478,-0.0296998847073376,-0.0514417886879493,-0.0033844524236434
3966,0.617591228801757,0,0,0.117038552929607,0.0614847923146002,-0.0555537606150068,0.0131113002210599,-0.0812514368387764,-0.0298560843912373,-0.0520975310963223,-0.00345622951868454
3967,-0.225945360958576,1,0,0.104522698115179,0.0730163889362804,-0.0315063091788982,0.00964785017647853,-0.0504157480530345,-0.0125968703047618,-0.0315187784651505,1.24692862523423e-05
3968,-0.735271000768989,1,0,0.0975506969814249,0.0809136285499099,-0.0166370684315151,0.0146187240975191,-0.0452892411625803,0.0120151042995502,-0.0198928256770443,0.00325575724552923
3969,-0.381828693673015,1,0,0.102343366744228,0.0753548526836563,-0.026988514060572,0.0107712947733288,-0.0480998638831608,-0.00587716423798308,-0.0279000352018962,0.000911521141324246
3970,0.102431890554726,1,0,0.10924801804738,0.0683076572995805,-0.0409403607477997,0.00911843316463473,-0.0588121613459193,-0.02306856014968,-0.0393248064812867,-0.00161555426651295
3971,-0.356368059292436,1,0,0.102696548349734,0.074968262701484,-0.0277282856482504,0.0105572710766541,-0.0484201567335188,-0.00703641456298198,-0.0284873635822574,0.000759077934006983
3972,0.648723190184683,0,0,0.117524460561303,0.0610935540682479,-0.0564309064930547,0.0134713473664128,-0.0828342621544524,-0.030027550831657,-0.0528909233954474,-0.00353998309760728
3973,-0.201518329791725,0,0,0.10486789303227,0.0726560639551993,-0.0322118290770703,0.00951640270182833,-0.0508636356350335,-0.0135600225191071,-0.0320908222655784,-0.000121006811491867
3974,0.722366848494858,1,0,0.118680855058999,0.0601773148592361,-0.0585035401997626,0.014356396728618,-0.0866415607356225,-0.0303655196639027,-0.0547777670203796,-0.00372577317938302
3975,0.398304134141654,1,0,0.113665084214812,0.0643075743212239,-0.0493575098935882,0.010876558312697,-0.0706751724622239,-0.0280398473249524,-0.0465794890194634,-0.00277802087412476
3976,-0.150301688350737,1,0,0.105594938737777,0.0719058786758001,-0.0336890600619767,0.0092852392551393,-0.0518877945898873,-0.0154903255340662,-0.0332946774703008,-0.00039438259167595
3977,0.479269530624151,1,0,0.114900655762629,0.0632515584422416,-0.0516490973203869,0.0116322142189542,-0.0744478182499918,-0.028850376390782,-0.0486026122961155,-0.00304648502427138
3978,-0.788902059663087,1,0,0.0968411971296198,0.0817891109824386,-0.0150520861471812,0.0153090052835068,-0.045057185141988,0.0149530128476256,-0.0187010384530279,0.00364895230584668
3979,-0.837358874734491,1,0,0.0962041141639093,0.0825875395235521,-0.0136165746403571,0.0159506429379406,-0.0448792603289788,0.0176461110482646,-0.0176293548598938,0.00401278021953668
3980,-0.825737322680652,0,0,0.0963565655647293,0.0823954057408233,-0.0139611598239061,0.0157952760004936,-0.0449193319107433,0.0169970122629312,-0.017885939321751,0.00392477949784492
3981,-0.601167562883347,1,0,0.0993451098751862,0.0787617942428922,-0.020583315632294,0.0129975492364031,-0.0460580440229301,0.00489141275834207,-0.0228993016123629,0.0023159859800689
3982,-0.579951760359108,1,0,0.0996316707793104,0.0784261958479028,-0.0212054749314075,0.0127567082195921,-0.0462081636030942,0.00379721374027912,-0.0233784431228731,0.00217296819146558
3983,0.962645857129246,0,0,0.122522511063836,0.0572765910152127,-0.0652459200486233,0.0175077716244619,-0.099560521882121,-0.0309313182151256,-0.0610337903251721,-0.00421212972345121
3984,-0.915879998356104,0,0,0.0951797121416612,0.0838964079827293,-0.0112833041589319,0.0170234169763752,-0.0446485883264351,0.0220819800085712,-0.0159029726663241,0.00461966850739216
3985,-0.620553011074662,0,0,0.0990839128515829,0.0790695872161707,-0.0200143256354122,0.0132216308108088,-0.0459282458414827,0.00589959457065821,-0.0224623393848778,0.00244801374946558
3986,-0.651719502173364,1,0,0.0986652607572594,0.0795667395017587,-0.0190985212555007,0.013589559720611,-0.0457335688736544,0.00753652636265297,-0.0217615027286064,0.00266298147310567
3987,0.173896986991167,0,0,0.11030092121372,0.0673208532857202,-0.0429800679279996,0.00936987125585904,-0.0613446781292604,-0.0246154577267388,-0.0410574925270084,-0.00192257540099116
3988,0.422451049555093,1,0,0.114032360917524,0.0639909242264484,-0.0500414366910753,0.0110921252556192,-0.071781602704096,-0.0283012706780546,-0.0471811301613891,-0.00286030652968622
3989,0.561932972632349,0,0,0.116174181528352,0.0621900948016402,-0.0539840867267122,0.0124909515938843,-0.0784659019833587,-0.0295022714700657,-0.050685335305401,-0.00329875142131118
3990,0.520002037286758,1,0,0.115526661902436,0.0627264261220254,-0.0528002357804105,0.0120453206913775,-0.0764086305177454,-0.0291918410430755,-0.049626695904423,-0.00317353987598747
3991,0.491251565981656,1,1,0.115084497136812,0.0630966592981582,-0.051987837838654,0.0117516022842985,-0.0750205550765176,-0.0289551206007904,-0.0489034224342065,-0.0030844154044475
3992,0.818770147394389,0,0,0.12020950383786,0.0589973432654574,-0.0612121605724022,0.0155770953979526,-0.091742706536134,-0.0306816146086704,-0.0572692857911744,-0.0039428747812278
3993,-0.988416256848723,1,0,0.0942420741694594,0.0851222297207013,-0.00911984444875816,0.0180476563454576,-0.0444926008912109,0.0262529119936945,-0.0143192617565805,0.00519941730782234
3994,-0.089899574406445,0,0,0.106458086464607,0.0710303370123442,-0.0354277494522623,0.00909450378958599,-0.0532526493371138,-0.0176028495674107,-0.0347222212585236,-0.000705528193738661
3995,0.878173227421939,0,0,0.121159889430971,0.0582810864878263,-0.0628788029431447,0.01635975111846,-0.0949433259313652,-0.0308142799549241,-0.0588168324819162,-0.00406197046122846
3996,0.922121406998485,0,0,0.121867176239627,0.0577564367917202,-0.0641107394479071,0.016952152341226,-0.0973363474971464,-0.0308851313986679,-0.0599678381445167,-0.00414290130339043
3997,0.202224242966622,0,1,0.110720724222182,0.0669333776026957,-0.0437873466194865,0.00950321474280294,-0.0624133052527304,-0.0251613879862427,-0.0417477159414478,-0.00203963067803874
3998,0.0217528566718102,1,0,0.108069971409892,0.069437787621322,-0.0386321837885703,0.00898992809259596,-0.0562521190736632,-0.0210122485034774,-0.0373834553195269,-0.00124872846904339
3999,-0.505722015630454,0,0,0.100640081196296,0.0772622792250376,-0.0233778019712585,0.0119532412126425,-0.0468057242465577,5.01203040406753e-05,-0.0250624929374451,0.00168469096618661
4000,-0.665769908577204,1,0,0.0984770406262719,0.0797917971512772,-0.0186852434749947,0.0137583917026612,-0.0456511956974053,0.00828070874741589,-0.0214462276100255,0.0027609841350308
