"replicate","scenario","previous_n","current_n","information_fraction","previous_harm_fraction","current_harm_fraction","harm_fraction_change","jaccard_similarity","fraction_newly_harmed","fraction_no_longer_harmed","mean_absolute_CATE_change"
1,"A_threshold",1000,1600,0.4,0.47,0.543,0.0730000000000001,0.865561694290976,0.073,0,0.00743925608857072
1,"A_threshold",1600,2200,0.55,0.544375,0.403125,-0.14125,0.74052812858783,0,0.14125,0.0124464414234893
1,"A_threshold",2200,2800,0.7,0.405,0.267727272727273,-0.137272727272727,0.661054994388328,0,0.137272727272727,0.0149323330444813
1,"A_threshold",2800,3400,0.85,0.268571428571429,0.222142857142857,-0.0464285714285714,0.827127659574468,0,0.0464285714285714,0.00526691252508019
1,"A_threshold",3400,4000,1,0.224117647058824,0.222058823529412,-0.00205882352941178,0.990813648293963,0,0.00205882352941176,0.00094311471962395
1,"B_smooth_logistic",1000,1600,0.4,1,1,0,1,0,0,0.00734989601541332
1,"B_smooth_logistic",1600,2200,0.55,1,1,0,1,0,0,0.00834322357664161
1,"B_smooth_logistic",2200,2800,0.7,1,0.869090909090909,-0.130909090909091,0.869090909090909,0,0.130909090909091,0.00559503283093845
1,"B_smooth_logistic",2800,3400,0.85,0.871785714285714,0.8525,-0.0192857142857142,0.977877918885703,0,0.0192857142857143,0.00197414601239248
1,"B_smooth_logistic",3400,4000,1,0.850882352941176,0.813235294117647,-0.0376470588235294,0.955755271344625,0,0.0376470588235294,0.00571483764503462
2,"A_threshold",1000,1600,0.4,0.181,0.341,0.16,0.530791788856305,0.16,0,0.00617167932134074
2,"A_threshold",1600,2200,0.55,0.3425,0.33375,-0.00875000000000004,0.974452554744526,0,0.00875,0.000565676678404297
2,"A_threshold",2200,2800,0.7,0.334090909090909,0.323181818181818,-0.0109090909090909,0.96734693877551,0,0.0109090909090909,0.00454788891095872
2,"A_threshold",2800,3400,0.85,0.323214285714286,0.234642857142857,-0.0885714285714286,0.725966850828729,0,0.0885714285714286,0.0045609979126617
2,"A_threshold",3400,4000,1,0.235,0.133235294117647,-0.101764705882353,0.566958698372966,0,0.101764705882353,0.00524467714699639
2,"B_smooth_logistic",1000,1600,0.4,0.991,1,0.00900000000000001,0.991,0.009,0,0.0130108651472449
2,"B_smooth_logistic",1600,2200,0.55,1,1,0,1,0,0,0.00234020514363988
2,"B_smooth_logistic",2200,2800,0.7,1,1,0,1,0,0,0.00687874068211519
2,"B_smooth_logistic",2800,3400,0.85,1,0.990714285714286,-0.00928571428571423,0.990714285714286,0,0.00928571428571429,0.00810948592929996
2,"B_smooth_logistic",3400,4000,1,0.989705882352941,1,0.0102941176470588,0.989705882352941,0.0102941176470588,0,0.00579662785580009
3,"A_threshold",1000,1600,0.4,0.833,0.749,-0.084,0.899159663865546,0,0.084,0.0176187021874941
3,"A_threshold",1600,2200,0.55,0.755625,0.603125,-0.1525,0.798180314309347,0,0.1525,0.00859557269261682
3,"A_threshold",2200,2800,0.7,0.597727272727273,0.379545454545455,-0.218181818181818,0.634980988593156,0,0.218181818181818,0.0126573065559877
3,"A_threshold",2800,3400,0.85,0.382142857142857,0.333214285714286,-0.0489285714285714,0.87196261682243,0,0.0489285714285714,0.00434271735420009
3,"A_threshold",3400,4000,1,0.331764705882353,0.356470588235294,0.0247058823529411,0.930693069306931,0.0247058823529412,0,0.000882391123702095
3,"B_smooth_logistic",1000,1600,0.4,0.973,1,0.027,0.973,0.027,0,0.0319650348752741
3,"B_smooth_logistic",1600,2200,0.55,1,0.97,-0.03,0.97,0,0.03,0.00392463123275598
3,"B_smooth_logistic",2200,2800,0.7,0.968636363636364,0.788636363636364,-0.18,0.814171750351947,0,0.18,0.0102000424298816
3,"B_smooth_logistic",2800,3400,0.85,0.783214285714286,0.897142857142857,0.113928571428571,0.873009554140127,0.113928571428571,0,0.0033273374877572
3,"B_smooth_logistic",3400,4000,1,0.894411764705882,1,0.105588235294118,0.894411764705882,0.105588235294118,0,0.00670631995789955
4,"A_threshold",1000,1600,0.4,0,0,0,1,0,0,0.00594919262397894
4,"A_threshold",1600,2200,0.55,0,0,0,1,0,0,0.00819842189901716
4,"A_threshold",2200,2800,0.7,0,0.000909090909090909,0.000909090909090909,0,0.000909090909090909,0,0.00429362350513757
4,"A_threshold",2800,3400,0.85,0.000714285714285714,0.154642857142857,0.153928571428571,0.0046189376443418,0.153928571428571,0,0.00599410289542955
4,"A_threshold",3400,4000,1,0.153529411764706,0.0773529411764706,-0.0761764705882353,0.503831417624521,0,0.0761764705882353,0.00602130254132836
4,"B_smooth_logistic",1000,1600,0.4,0.536,0.632,0.096,0.848101265822785,0.096,0,0.00845995511368347
4,"B_smooth_logistic",1600,2200,0.55,0.618125,0.55,-0.068125,0.889787664307381,0,0.068125,0.0116516313047026
4,"B_smooth_logistic",2200,2800,0.7,0.546818181818182,0.609090909090909,0.0622727272727273,0.897761194029851,0.0622727272727273,0,0.00655859650942347
4,"B_smooth_logistic",2800,3400,0.85,0.608214285714286,0.611071428571429,0.00285714285714289,0.995324371712449,0.00285714285714286,0,0.00432088361645241
4,"B_smooth_logistic",3400,4000,1,0.609705882352941,0.694705882352941,0.085,0.877646062658764,0.085,0,0.00575459072446489
5,"A_threshold",1000,1600,0.4,0.059,0,-0.059,0,0,0.059,0.0162742419438547
5,"A_threshold",1600,2200,0.55,0,0,0,1,0,0,0.0143879636820149
5,"A_threshold",2200,2800,0.7,0,0,0,1,0,0,0.00676212607537944
5,"A_threshold",2800,3400,0.85,0,0,0,1,0,0,0.00303872827403144
5,"A_threshold",3400,4000,1,0,0,0,1,0,0,0.00520145863312085
5,"B_smooth_logistic",1000,1600,0.4,0.69,0.725,0.035,0.951724137931034,0.035,0,0.00336970476061889
5,"B_smooth_logistic",1600,2200,0.55,0.73,0.765,0.035,0.954248366013072,0.035,0,0.00448114370869891
5,"B_smooth_logistic",2200,2800,0.7,0.767727272727273,0.840909090909091,0.0731818181818182,0.912972972972973,0.0731818181818182,0,0.00681557981095856
5,"B_smooth_logistic",2800,3400,0.85,0.834285714285714,0.813214285714286,-0.0210714285714286,0.974743150684932,0,0.0210714285714286,0.00118588285386226
5,"B_smooth_logistic",3400,4000,1,0.811176470588235,0.839705882352941,0.0285294117647059,0.966024518388792,0.0285294117647059,0,0.00194709302498041
6,"A_threshold",1000,1600,0.4,0.297,0.234,-0.063,0.787878787878788,0,0.063,0.0040924051831041
6,"A_threshold",1600,2200,0.55,0.224375,0.7925,0.568125,0.283123028391167,0.568125,0,0.0241240025425302
6,"A_threshold",2200,2800,0.7,0.792272727272727,0.124090909090909,-0.668181818181818,0.156626506024096,0,0.668181818181818,0.00990624497039685
6,"A_threshold",2800,3400,0.85,0.123214285714286,0.455357142857143,0.332142857142857,0.270588235294118,0.332142857142857,0,0.00788993068086973
6,"A_threshold",3400,4000,1,0.456176470588235,0.582058823529412,0.125882352941176,0.783729156139464,0.125882352941176,0,0.00505609830000581
6,"B_smooth_logistic",1000,1600,0.4,1,1,0,1,0,0,0.0129197309129179
6,"B_smooth_logistic",1600,2200,0.55,1,0.7725,-0.2275,0.7725,0,0.2275,0.00841340778326753
6,"B_smooth_logistic",2200,2800,0.7,0.775909090909091,0.754090909090909,-0.0218181818181817,0.971880492091388,0,0.0218181818181818,0.00132117023967147
6,"B_smooth_logistic",2800,3400,0.85,0.748928571428571,0.766428571428571,0.0175000000000001,0.977166821994408,0.0175,0,0.00218014565766737
6,"B_smooth_logistic",3400,4000,1,0.772941176470588,0.779117647058824,0.00617647058823534,0.9920724801812,0.00617647058823529,0,0.00334781864400559
7,"A_threshold",1000,1600,0.4,0.603,0.745,0.142,0.809395973154362,0.142,0,0.00996318725853316
7,"A_threshold",1600,2200,0.55,0.729375,0.5325,-0.196875,0.730077120822622,0,0.196875,0.0118300720046421
7,"A_threshold",2200,2800,0.7,0.524545454545455,0.477272727272727,-0.0472727272727272,0.909878682842288,0,0.0472727272727273,0.00146887467699802
7,"A_threshold",2800,3400,0.85,0.474285714285714,0.1,-0.374285714285714,0.210843373493976,0,0.374285714285714,0.0115668011245997
7,"A_threshold",3400,4000,1,0.100588235294118,0.398235294117647,0.297647058823529,0.252584933530281,0.297647058823529,0,0.00886570325125803
7,"B_smooth_logistic",1000,1600,0.4,0.076,0.427,0.351,0.177985948477752,0.351,0,0.00855669259155522
7,"B_smooth_logistic",1600,2200,0.55,0.426875,0.475,0.048125,0.898684210526316,0.048125,0,0.01180996096374
7,"B_smooth_logistic",2200,2800,0.7,0.462272727272727,0.579545454545455,0.117272727272727,0.797647058823529,0.117272727272727,0,0.00877088733542333
7,"B_smooth_logistic",2800,3400,0.85,0.578214285714286,0.543214285714286,-0.0349999999999999,0.939468807906115,0,0.035,0.0069852693580956
7,"B_smooth_logistic",3400,4000,1,0.549117647058823,0.573823529411765,0.0247058823529412,0.956945156330087,0.0247058823529412,0,0.00254309625068044
8,"A_threshold",1000,1600,0.4,0.442,0.117,-0.325,0.264705882352941,0,0.325,0.00873961214738332
8,"A_threshold",1600,2200,0.55,0.125,0,-0.125,0,0,0.125,0.00892422596689058
8,"A_threshold",2200,2800,0.7,0,0,0,1,0,0,0.00522149358960367
8,"A_threshold",2800,3400,0.85,0,0,0,1,0,0,0.00699173141016823
8,"A_threshold",3400,4000,1,0,0.00176470588235294,0.00176470588235294,0,0.00176470588235294,0,0.00536838767418131
8,"B_smooth_logistic",1000,1600,0.4,0.265,0.399,0.134,0.664160401002506,0.134,0,0.0122096451787855
8,"B_smooth_logistic",1600,2200,0.55,0.37875,0.446875,0.068125,0.847552447552448,0.068125,0,0.00446072064681862
8,"B_smooth_logistic",2200,2800,0.7,0.457272727272727,0,-0.457272727272727,0,0,0.457272727272727,0.00988765934107618
8,"B_smooth_logistic",2800,3400,0.85,0,0.915,0.915,0,0.915,0,0.00536209741200463
8,"B_smooth_logistic",3400,4000,1,0.910882352941176,0.653823529411765,-0.257058823529412,0.717791411042945,0,0.257058823529412,0.00700934590930446
9,"A_threshold",1000,1600,0.4,0.077,0.113,0.036,0.68141592920354,0.036,0,0.0049661664331956
9,"A_threshold",1600,2200,0.55,0.111875,0.125,0.013125,0.895,0.013125,0,0.00426722722029335
9,"A_threshold",2200,2800,0.7,0.121363636363636,0.139090909090909,0.0177272727272727,0.872549019607843,0.0177272727272727,0,0.00235994976721589
9,"A_threshold",2800,3400,0.85,0.143214285714286,0.197142857142857,0.0539285714285714,0.726449275362319,0.0539285714285714,0,0.00237695285262523
9,"A_threshold",3400,4000,1,0.197647058823529,0.118235294117647,-0.0794117647058823,0.598214285714286,0,0.0794117647058823,0.00436912901334914
9,"B_smooth_logistic",1000,1600,0.4,1,1,0,1,0,0,0.00689178956982823
9,"B_smooth_logistic",1600,2200,0.55,1,0.9625,-0.0375,0.9625,0,0.0375,0.012181563998477
9,"B_smooth_logistic",2200,2800,0.7,0.962727272727273,1,0.0372727272727272,0.962727272727273,0.0372727272727273,0,0.00102048453477152
9,"B_smooth_logistic",2800,3400,0.85,1,0.871785714285714,-0.128214285714286,0.871785714285714,0,0.128214285714286,0.00389110083751468
9,"B_smooth_logistic",3400,4000,1,0.872352941176471,0.924411764705882,0.0520588235294118,0.943684377982819,0.0520588235294118,0,0.00211323725254905
10,"A_threshold",1000,1600,0.4,0.349,0.289,-0.06,0.828080229226361,0,0.06,0.00276612830165458
10,"A_threshold",1600,2200,0.55,0.306875,0.799375,0.4925,0.383893666927287,0.4925,0,0.0139193560617531
10,"A_threshold",2200,2800,0.7,0.795909090909091,0.605909090909091,-0.19,0.761279268989149,0,0.19,0.00487596774221975
10,"A_threshold",2800,3400,0.85,0.610714285714286,0.443928571428571,-0.166785714285714,0.726900584795322,0,0.166785714285714,0.00487505953003028
10,"A_threshold",3400,4000,1,0.448529411764706,0.302352941176471,-0.146176470588235,0.674098360655738,0,0.146176470588235,0.00468348594365012
10,"B_smooth_logistic",1000,1600,0.4,1,1,0,1,0,0,0.00361946701674285
10,"B_smooth_logistic",1600,2200,0.55,1,1,0,1,0,0,0.00552228243808441
10,"B_smooth_logistic",2200,2800,0.7,1,1,0,1,0,0,0.00727956736577627
10,"B_smooth_logistic",2800,3400,0.85,1,1,0,1,0,0,0.00260022313299765
10,"B_smooth_logistic",3400,4000,1,1,1,0,1,0,0,0.00734905767795598
11,"A_threshold",1000,1600,0.4,0.369,0.347,-0.022,0.940379403794038,0,0.022,0.00478370718140262
11,"A_threshold",1600,2200,0.55,0.35125,0.355,0.00374999999999998,0.98943661971831,0.00375,0,0.00677186186523542
11,"A_threshold",2200,2800,0.7,0.347272727272727,0.565909090909091,0.218636363636364,0.613654618473896,0.218636363636364,0,0.00743333434678514
11,"A_threshold",2800,3400,0.85,0.57,0.691785714285714,0.121785714285714,0.823954568921012,0.121785714285714,0,0.00430448097913428
11,"A_threshold",3400,4000,1,0.693823529411765,0.569411764705882,-0.124411764705882,0.82068673166596,0,0.124411764705882,0.00485495535959752
11,"B_smooth_logistic",1000,1600,0.4,0.85,0.901,0.051,0.943396226415094,0.051,0,0.0144470942952709
11,"B_smooth_logistic",1600,2200,0.55,0.906875,0.9725,0.065625,0.932519280205656,0.065625,0,0.00958789289076976
11,"B_smooth_logistic",2200,2800,0.7,0.973181818181818,1,0.0268181818181819,0.973181818181818,0.0268181818181818,0,0.0133240447802571
11,"B_smooth_logistic",2800,3400,0.85,1,0.828571428571429,-0.171428571428571,0.828571428571429,0,0.171428571428571,0.00706400035641656
11,"B_smooth_logistic",3400,4000,1,0.829411764705882,0.898235294117647,0.0688235294117646,0.923379174852652,0.0688235294117647,0,0.00539529743137983
12,"A_threshold",1000,1600,0.4,0.736,0.163,-0.573,0.221467391304348,0,0.573,0.0193963034808553
12,"A_threshold",1600,2200,0.55,0.168125,0,-0.168125,0,0,0.168125,0.0144415630260102
12,"A_threshold",2200,2800,0.7,0,0.000454545454545455,0.000454545454545455,0,0.000454545454545455,0,0.00453144098290313
12,"A_threshold",2800,3400,0.85,0.000357142857142857,0,-0.000357142857142857,0,0,0.000357142857142857,0.00531084883817405
12,"A_threshold",3400,4000,1,0,0,0,1,0,0,0.0046417722895878
12,"B_smooth_logistic",1000,1600,0.4,0.336,0.445,0.109,0.755056179775281,0.109,0,0.00969028821204506
12,"B_smooth_logistic",1600,2200,0.55,0.433125,0.381875,-0.05125,0.881673881673882,0,0.05125,0.00742249938408447
12,"B_smooth_logistic",2200,2800,0.7,0.377272727272727,0.436818181818182,0.0595454545454546,0.863683662851197,0.0595454545454545,0,0.00715577565897319
12,"B_smooth_logistic",2800,3400,0.85,0.447142857142857,0.501785714285714,0.0546428571428572,0.891103202846975,0.0546428571428571,0,0.00896639305162471
12,"B_smooth_logistic",3400,4000,1,0.503823529411765,0.587352941176471,0.083529411764706,0.85778668002003,0.0835294117647059,0,0.00519842631973581
13,"A_threshold",1000,1600,0.4,0.08,0.001,-0.079,0.0125,0,0.079,0.012635671994063
13,"A_threshold",1600,2200,0.55,0.001875,0.013125,0.01125,0.142857142857143,0.01125,0,0.00370409700533859
13,"A_threshold",2200,2800,0.7,0.0131818181818182,0.107727272727273,0.0945454545454545,0.122362869198312,0.0945454545454545,0,0.00923568767302533
13,"A_threshold",2800,3400,0.85,0.114642857142857,0.114642857142857,0,1,0,0,0.0041355778819916
13,"A_threshold",3400,4000,1,0.116176470588235,0.173235294117647,0.0570588235294118,0.67062818336163,0.0570588235294118,0,0.00514769699186104
13,"B_smooth_logistic",1000,1600,0.4,0.822,0.989,0.167,0.831142568250758,0.167,0,0.0110440644954359
13,"B_smooth_logistic",1600,2200,0.55,0.986875,0.858125,-0.12875,0.869537682077264,0,0.12875,0.00186061317844071
13,"B_smooth_logistic",2200,2800,0.7,0.855909090909091,1,0.144090909090909,0.855909090909091,0.144090909090909,0,0.00358877682016028
13,"B_smooth_logistic",2800,3400,0.85,1,0.855,-0.145,0.855,0,0.145,0.0103534784356415
13,"B_smooth_logistic",3400,4000,1,0.857647058823529,0.852352941176471,-0.00529411764705889,0.993827160493827,0,0.00529411764705882,0.00544944584335171
14,"A_threshold",1000,1600,0.4,0.411,0.27,-0.141,0.656934306569343,0,0.141,0.0118446217894871
14,"A_threshold",1600,2200,0.55,0.27125,0.18,-0.09125,0.663594470046083,0,0.09125,0.00947933563301854
14,"A_threshold",2200,2800,0.7,0.185909090909091,0.132272727272727,-0.0536363636363636,0.711491442542787,0,0.0536363636363636,0.00374160463744607
14,"A_threshold",2800,3400,0.85,0.131428571428571,0.045,-0.0864285714285714,0.342391304347826,0,0.0864285714285714,0.00481076349380918
14,"A_threshold",3400,4000,1,0.0438235294117647,0.0535294117647059,0.00970588235294118,0.818681318681319,0.00970588235294118,0,0.000915221256354467
14,"B_smooth_logistic",1000,1600,0.4,1,0.639,-0.361,0.639,0,0.361,0.0177303011607006
14,"B_smooth_logistic",1600,2200,0.55,0.625625,0.629375,0.00375000000000003,0.994041708043694,0.00375,0,0.00690919249184299
14,"B_smooth_logistic",2200,2800,0.7,0.629545454545455,0.614090909090909,-0.0154545454545454,0.975451263537906,0,0.0154545454545455,0.00133610290636114
14,"B_smooth_logistic",2800,3400,0.85,0.613928571428571,0.581071428571429,-0.0328571428571428,0.946480511925538,0,0.0328571428571429,0.00343056248481314
14,"B_smooth_logistic",3400,4000,1,0.579411764705882,0.623235294117647,0.0438235294117647,0.929683813119396,0.0438235294117647,0,0.00582986630573106
15,"A_threshold",1000,1600,0.4,0.352,0.001,-0.351,0,0.001,0.352,0.0175037685109562
15,"A_threshold",1600,2200,0.55,0.00125,0,-0.00125,0,0,0.00125,0.00848854310758593
15,"A_threshold",2200,2800,0.7,0,0,0,1,0,0,0.0016499726196015
15,"A_threshold",2800,3400,0.85,0,0.00107142857142857,0.00107142857142857,0,0.00107142857142857,0,0.00272054271110012
15,"A_threshold",3400,4000,1,0.00117647058823529,0.00117647058823529,0,1,0,0,0.00317447917303487
15,"B_smooth_logistic",1000,1600,0.4,1,1,0,1,0,0,0.0112879074939512
15,"B_smooth_logistic",1600,2200,0.55,1,1,0,1,0,0,0.00335959126039268
15,"B_smooth_logistic",2200,2800,0.7,1,1,0,1,0,0,0.00856306111975209
15,"B_smooth_logistic",2800,3400,0.85,1,0.9525,-0.0475,0.9525,0,0.0475,0.00375405692740027
15,"B_smooth_logistic",3400,4000,1,0.953235294117647,0.945,-0.00823529411764712,0.991360691144708,0,0.00823529411764706,0.00290404520542232
16,"A_threshold",1000,1600,0.4,0.139,0.091,-0.048,0.654676258992806,0,0.048,0.0107383667774286
16,"A_threshold",1600,2200,0.55,0.1,0.44625,0.34625,0.224089635854342,0.34625,0,0.00898787225521997
16,"A_threshold",2200,2800,0.7,0.443636363636364,0.490909090909091,0.0472727272727272,0.903703703703704,0.0472727272727273,0,0.00684505269358528
16,"A_threshold",2800,3400,0.85,0.49,0.113214285714286,-0.376785714285714,0.231049562682216,0,0.376785714285714,0.0125773900397388
16,"A_threshold",3400,4000,1,0.112352941176471,0.08,-0.0323529411764706,0.712041884816754,0,0.0323529411764706,0.000807327751066015
16,"B_smooth_logistic",1000,1600,0.4,0.752,1,0.248,0.752,0.248,0,0.0123107014870838
16,"B_smooth_logistic",1600,2200,0.55,1,1,0,1,0,0,0.00784506573063219
16,"B_smooth_logistic",2200,2800,0.7,1,0.957727272727273,-0.0422727272727272,0.957727272727273,0,0.0422727272727273,0.00242931371838027
16,"B_smooth_logistic",2800,3400,0.85,0.954285714285714,1,0.0457142857142857,0.954285714285714,0.0457142857142857,0,0.00482949323433992
16,"B_smooth_logistic",3400,4000,1,1,1,0,1,0,0,0.00826980698554946
17,"A_threshold",1000,1600,0.4,0,0,0,1,0,0,0.0209388770413477
17,"A_threshold",1600,2200,0.55,0,0.00125,0.00125,0,0.00125,0,0.0102199225040813
17,"A_threshold",2200,2800,0.7,0.000909090909090909,0.0686363636363636,0.0677272727272727,0.0132450331125828,0.0677272727272727,0,0.0114209911009243
17,"A_threshold",2800,3400,0.85,0.0717857142857143,0.116428571428571,0.0446428571428571,0.616564417177914,0.0446428571428571,0,0.00894405831421846
17,"A_threshold",3400,4000,1,0.112647058823529,0.286764705882353,0.174117647058824,0.392820512820513,0.174117647058824,0,0.00404617907017485
17,"B_smooth_logistic",1000,1600,0.4,0.628,0.657,0.029,0.9558599695586,0.029,0,0.00693218109846546
17,"B_smooth_logistic",1600,2200,0.55,0.651875,0.62125,-0.030625,0.953020134228188,0,0.030625,0.00638790185071029
17,"B_smooth_logistic",2200,2800,0.7,0.610909090909091,0.673636363636364,0.0627272727272726,0.906882591093117,0.0627272727272727,0,0.0077482073393076
17,"B_smooth_logistic",2800,3400,0.85,0.669642857142857,0.69,0.0203571428571429,0.970496894409938,0.0203571428571429,0,0.00362680707994714
17,"B_smooth_logistic",3400,4000,1,0.689705882352941,0.734705882352941,0.045,0.938751000800641,0.045,0,0.00435573755954609
18,"A_threshold",1000,1600,0.4,0.001,0.001,0,1,0,0,0.0100518303788897
18,"A_threshold",1600,2200,0.55,0.000625,0.1,0.099375,0.00625,0.099375,0,0.0103742835933395
18,"A_threshold",2200,2800,0.7,0.105,0.299545454545455,0.194545454545455,0.350531107738998,0.194545454545455,0,0.00766313751920746
18,"A_threshold",2800,3400,0.85,0.293214285714286,0.471785714285714,0.178571428571429,0.621498864496594,0.178571428571429,0,0.00891352557158133
18,"A_threshold",3400,4000,1,0.477941176470588,0.543823529411765,0.0658823529411764,0.878853434288805,0.0658823529411765,0,0.00270632047289824
18,"B_smooth_logistic",1000,1600,0.4,0.752,0.763,0.011,0.985583224115334,0.011,0,0.00241891941379989
18,"B_smooth_logistic",1600,2200,0.55,0.768125,0.871875,0.10375,0.881003584229391,0.10375,0,0.0123157577934406
18,"B_smooth_logistic",2200,2800,0.7,0.860454545454545,0.870909090909091,0.0104545454545454,0.987995824634656,0.0104545454545455,0,0.00879082429415497
18,"B_smooth_logistic",2800,3400,0.85,0.871785714285714,0.888928571428571,0.0171428571428571,0.980715146645239,0.0171428571428571,0,0.00710585633130291
18,"B_smooth_logistic",3400,4000,1,0.885588235294118,0.882647058823529,-0.00294117647058822,0.996678844237795,0,0.00294117647058824,0.00271318180796076
19,"A_threshold",1000,1600,0.4,0.47,0.223,-0.247,0.474468085106383,0,0.247,0.025210471581836
19,"A_threshold",1600,2200,0.55,0.22,0,-0.22,0,0,0.22,0.0090149695156762
19,"A_threshold",2200,2800,0.7,0,0.140454545454545,0.140454545454545,0,0.140454545454545,0,0.0083340628945572
19,"A_threshold",2800,3400,0.85,0.145,0.275714285714286,0.130714285714286,0.525906735751295,0.130714285714286,0,0.00654246722312542
19,"A_threshold",3400,4000,1,0.278823529411765,0.0367647058823529,-0.242058823529412,0,0.0367647058823529,0.278823529411765,0.00588261589595198
19,"B_smooth_logistic",1000,1600,0.4,0.424,0.875,0.451,0.299,0.576,0.125,0.00945368242269498
19,"B_smooth_logistic",1600,2200,0.55,0.878125,1,0.121875,0.878125,0.121875,0,0.00586525396250623
19,"B_smooth_logistic",2200,2800,0.7,1,1,0,1,0,0,0.00713801430474439
19,"B_smooth_logistic",2800,3400,0.85,1,1,0,1,0,0,0.000145806262035384
19,"B_smooth_logistic",3400,4000,1,1,1,0,1,0,0,0.00698337580677528
20,"A_threshold",1000,1600,0.4,0.98,0.59,-0.39,0.602040816326531,0,0.39,0.0118465539532261
20,"A_threshold",1600,2200,0.55,0.581875,0.454375,-0.1275,0.780880773361976,0,0.1275,0.00744595595348334
20,"A_threshold",2200,2800,0.7,0.455454545454545,0.426363636363636,-0.0290909090909091,0.936127744510978,0,0.0290909090909091,0.0045123194158376
20,"A_threshold",2800,3400,0.85,0.426428571428571,0.293928571428571,-0.1325,0.6892797319933,0,0.1325,0.00797789017730461
20,"A_threshold",3400,4000,1,0.294705882352941,0.294705882352941,0,1,0,0,0.000723366465493498
20,"B_smooth_logistic",1000,1600,0.4,0.684,0.769,0.085,0.889466840052016,0.085,0,0.0145341968328442
20,"B_smooth_logistic",1600,2200,0.55,0.766875,0.935625,0.16875,0.819639278557114,0.16875,0,0.0144553531153863
20,"B_smooth_logistic",2200,2800,0.7,0.934545454545455,0.848181818181818,-0.0863636363636364,0.907587548638132,0,0.0863636363636364,0.00581263694938728
20,"B_smooth_logistic",2800,3400,0.85,0.847857142857143,0.726785714285714,-0.121071428571429,0.857203032855939,0,0.121071428571429,0.00673169596695874
20,"B_smooth_logistic",3400,4000,1,0.729705882352941,0.770588235294118,0.0408823529411765,0.946946564885496,0.0408823529411765,0,0.00197431027435259
21,"A_threshold",1000,1600,0.4,0.947,0.024,-0.923,0.0253431890179514,0,0.923,0.0174663410338573
21,"A_threshold",1600,2200,0.55,0.021875,0.066875,0.045,0.327102803738318,0.045,0,0.00856139681762778
21,"A_threshold",2200,2800,0.7,0.0681818181818182,0.277272727272727,0.209090909090909,0.245901639344262,0.209090909090909,0,0.00585941289358726
21,"A_threshold",2800,3400,0.85,0.280357142857143,0.138214285714286,-0.142142857142857,0.492993630573248,0,0.142142857142857,0.00433703137565415
21,"A_threshold",3400,4000,1,0.134411764705882,0.113235294117647,-0.0211764705882353,0.842450765864333,0,0.0211764705882353,0.00184589981918965
21,"B_smooth_logistic",1000,1600,0.4,0.515,0.71,0.195,0.725352112676056,0.195,0,0.00910631512807899
21,"B_smooth_logistic",1600,2200,0.55,0.713125,1,0.286875,0.713125,0.286875,0,0.00945855884175775
21,"B_smooth_logistic",2200,2800,0.7,1,0.972272727272727,-0.0277272727272727,0.972272727272727,0,0.0277272727272727,0.00504459622778003
21,"B_smooth_logistic",2800,3400,0.85,0.9725,0.928214285714286,-0.0442857142857143,0.954461990451708,0,0.0442857142857143,0.00445661766701535
21,"B_smooth_logistic",3400,4000,1,0.926764705882353,1,0.0732352941176471,0.926764705882353,0.0732352941176471,0,0.00243068619116725
22,"A_threshold",1000,1600,0.4,0.239,0.088,-0.151,0.368200836820084,0,0.151,0.0158800293169303
22,"A_threshold",1600,2200,0.55,0.085,0.0925,0.00749999999999999,0.918918918918919,0.0075,0,0.00480512535666218
22,"A_threshold",2200,2800,0.7,0.0904545454545455,0.0154545454545455,-0.075,0.170854271356784,0,0.075,0.00945684586644697
22,"A_threshold",2800,3400,0.85,0.0164285714285714,0.0475,0.0310714285714286,0.345864661654135,0.0310714285714286,0,0.00492175333114133
22,"A_threshold",3400,4000,1,0.0482352941176471,0.0288235294117647,-0.0194117647058824,0.597560975609756,0,0.0194117647058824,0.00552249322485635
22,"B_smooth_logistic",1000,1600,0.4,0.777,0.348,-0.429,0.447876447876448,0,0.429,0.0168535216108449
22,"B_smooth_logistic",1600,2200,0.55,0.345,1,0.655,0.345,0.655,0,0.0154365176744858
22,"B_smooth_logistic",2200,2800,0.7,1,1,0,1,0,0,0.00299621525051611
22,"B_smooth_logistic",2800,3400,0.85,1,1,0,1,0,0,0.00382229294816014
22,"B_smooth_logistic",3400,4000,1,1,0.746764705882353,-0.253235294117647,0.746764705882353,0,0.253235294117647,0.00489364376179578
23,"A_threshold",1000,1600,0.4,0,0.001,0.001,0,0.001,0,0.00942571427604053
23,"A_threshold",1600,2200,0.55,0.00125,0.0075,0.00625,0.166666666666667,0.00625,0,0.0105706634560931
23,"A_threshold",2200,2800,0.7,0.00909090909090909,0,-0.00909090909090909,0,0,0.00909090909090909,0.00698170284683101
23,"A_threshold",2800,3400,0.85,0,0.148571428571429,0.148571428571429,0,0.148571428571429,0,0.0066295650279449
23,"A_threshold",3400,4000,1,0.150588235294118,0,-0.150588235294118,0,0,0.150588235294118,0.00458622162332523
23,"B_smooth_logistic",1000,1600,0.4,1,0.258,-0.742,0.258,0,0.742,0.0174768966713509
23,"B_smooth_logistic",1600,2200,0.55,0.2525,0.3725,0.12,0.677852348993289,0.12,0,0.00544388229686526
23,"B_smooth_logistic",2200,2800,0.7,0.371818181818182,0.499545454545455,0.127727272727273,0.744313011828935,0.127727272727273,0,0.0099520415393386
23,"B_smooth_logistic",2800,3400,0.85,0.493571428571429,0.642142857142857,0.148571428571429,0.768631813125695,0.148571428571429,0,0.00734885167905882
23,"B_smooth_logistic",3400,4000,1,0.639411764705882,0.784117647058823,0.144705882352941,0.815453863465866,0.144705882352941,0,0.00651966299461947
24,"A_threshold",1000,1600,0.4,0,0,0,1,0,0,0.00639359367144474
24,"A_threshold",1600,2200,0.55,0,0.001875,0.001875,0,0.001875,0,0.0153886591143696
24,"A_threshold",2200,2800,0.7,0.00181818181818182,0,-0.00181818181818182,0,0,0.00181818181818182,0.00279007560871704
24,"A_threshold",2800,3400,0.85,0,0.0353571428571429,0.0353571428571429,0,0.0353571428571429,0,0.00579381248433263
24,"A_threshold",3400,4000,1,0.0355882352941176,0.152058823529412,0.116470588235294,0.234042553191489,0.116470588235294,0,0.00696482645209257
24,"B_smooth_logistic",1000,1600,0.4,1,1,0,1,0,0,0.00486596537949967
24,"B_smooth_logistic",1600,2200,0.55,1,0.89375,-0.10625,0.89375,0,0.10625,0.00998070128307508
24,"B_smooth_logistic",2200,2800,0.7,0.899090909090909,0.848636363636364,-0.0504545454545454,0.943882709807887,0,0.0504545454545455,0.00202653556591945
24,"B_smooth_logistic",2800,3400,0.85,0.853928571428571,1,0.146071428571429,0.853928571428571,0.146071428571429,0,0.00767994952374557
24,"B_smooth_logistic",3400,4000,1,1,1,0,1,0,0,0.000885470166810651
25,"A_threshold",1000,1600,0.4,0,0,0,1,0,0,0.015704473722751
25,"A_threshold",1600,2200,0.55,0,0.29875,0.29875,0,0.29875,0,0.0187987403292174
25,"A_threshold",2200,2800,0.7,0.288181818181818,0.504090909090909,0.215909090909091,0.571686203787196,0.215909090909091,0,0.00533796086977198
25,"A_threshold",2800,3400,0.85,0.505357142857143,0.395357142857143,-0.11,0.782332155477032,0,0.11,0.00882456725080877
25,"A_threshold",3400,4000,1,0.391764705882353,0.357941176470588,-0.0338235294117647,0.913663663663664,0,0.0338235294117647,0.00211991884848751
25,"B_smooth_logistic",1000,1600,0.4,1,1,0,1,0,0,0.0117194824567861
25,"B_smooth_logistic",1600,2200,0.55,1,1,0,1,0,0,0.00201392958589891
25,"B_smooth_logistic",2200,2800,0.7,1,1,0,1,0,0,0.00627084168123063
25,"B_smooth_logistic",2800,3400,0.85,1,1,0,1,0,0,0.00372371679312729
25,"B_smooth_logistic",3400,4000,1,1,1,0,1,0,0,0.00386435324572377
26,"A_threshold",1000,1600,0.4,0,0.569,0.569,0,0.569,0,0.00797306076096461
26,"A_threshold",1600,2200,0.55,0.5625,0.51875,-0.04375,0.922222222222222,0,0.04375,0.003490494288855
26,"A_threshold",2200,2800,0.7,0.520454545454546,0.536363636363636,0.0159090909090909,0.970338983050847,0.0159090909090909,0,0.00106038391042709
26,"A_threshold",2800,3400,0.85,0.533214285714286,0.4675,-0.0657142857142857,0.876758204956464,0,0.0657142857142857,0.00655589626210039
26,"A_threshold",3400,4000,1,0.467647058823529,0.332352941176471,-0.135294117647059,0.710691823899371,0,0.135294117647059,0.00679564238290677
26,"B_smooth_logistic",1000,1600,0.4,0.733,0.625,-0.108,0.852660300136426,0,0.108,0.00376121240959888
26,"B_smooth_logistic",1600,2200,0.55,0.633125,0.793125,0.16,0.798266351457841,0.16,0,0.0093230383922344
26,"B_smooth_logistic",2200,2800,0.7,0.795909090909091,0.936363636363636,0.140454545454545,0.85,0.140454545454545,0,0.00555689459198688
26,"B_smooth_logistic",2800,3400,0.85,0.936785714285714,1,0.0632142857142857,0.936785714285714,0.0632142857142857,0,0.00198763762410511
26,"B_smooth_logistic",3400,4000,1,1,1,0,1,0,0,0.00597093888657846
27,"A_threshold",1000,1600,0.4,0.596,0.663,0.0670000000000001,0.89894419306184,0.067,0,0.0109557627193718
27,"A_threshold",1600,2200,0.55,0.659375,0.286875,-0.3725,0.435071090047393,0,0.3725,0.0126057426693447
27,"A_threshold",2200,2800,0.7,0.288181818181818,0.0168181818181818,-0.271363636363636,0.0583596214511041,0,0.271363636363636,0.00849766295404038
27,"A_threshold",2800,3400,0.85,0.0171428571428571,0.285714285714286,0.268571428571429,0.06,0.268571428571429,0,0.0063114713593116
27,"A_threshold",3400,4000,1,0.294117647058824,0.223235294117647,-0.0708823529411765,0.759,0,0.0708823529411765,0.00460259979171909
27,"B_smooth_logistic",1000,1600,0.4,0,0.521,0.521,0,0.521,0,0.0107527551255278
27,"B_smooth_logistic",1600,2200,0.55,0.51625,1,0.48375,0.51625,0.48375,0,0.00712777158518632
27,"B_smooth_logistic",2200,2800,0.7,1,1,0,1,0,0,0.00488796631198465
27,"B_smooth_logistic",2800,3400,0.85,1,1,0,1,0,0,0.00756528679566329
27,"B_smooth_logistic",3400,4000,1,1,1,0,1,0,0,0.00198860479952036
28,"A_threshold",1000,1600,0.4,0.16,0.306,0.146,0.522875816993464,0.146,0,0.017788292888248
28,"A_threshold",1600,2200,0.55,0.304375,0.47,0.165625,0.647606382978723,0.165625,0,0.00996287760411693
28,"A_threshold",2200,2800,0.7,0.462272727272727,0.332272727272727,-0.13,0.718780727630285,0,0.13,0.00620714449597361
28,"A_threshold",2800,3400,0.85,0.324642857142857,0.224285714285714,-0.100357142857143,0.690869086908691,0,0.100357142857143,0.00221275827723883
28,"A_threshold",3400,4000,1,0.221764705882353,0.0847058823529412,-0.137058823529412,0.381962864721485,0,0.137058823529412,0.00270854841565099
28,"B_smooth_logistic",1000,1600,0.4,0.566,1,0.434,0.566,0.434,0,0.00863021094278161
28,"B_smooth_logistic",1600,2200,0.55,1,1,0,1,0,0,0.0059842616447759
28,"B_smooth_logistic",2200,2800,0.7,1,1,0,1,0,0,0.00345442988036018
28,"B_smooth_logistic",2800,3400,0.85,1,1,0,1,0,0,0.00128718563896556
28,"B_smooth_logistic",3400,4000,1,1,1,0,1,0,0,0.00863803935246728
29,"A_threshold",1000,1600,0.4,0.007,0.209,0.202,0.0334928229665072,0.202,0,0.0184426064952942
29,"A_threshold",1600,2200,0.55,0.216875,0.223125,0.00624999999999998,0.971988795518207,0.00625,0,0.00310502330362668
29,"A_threshold",2200,2800,0.7,0.227272727272727,0.184090909090909,-0.0431818181818182,0.81,0,0.0431818181818182,0.00169961442644176
29,"A_threshold",2800,3400,0.85,0.183571428571429,0.157142857142857,-0.0264285714285714,0.856031128404669,0,0.0264285714285714,0.00195151376546882
29,"A_threshold",3400,4000,1,0.158235294117647,0.238529411764706,0.0802941176470588,0.663378545006165,0.0802941176470588,0,0.00268311378143571
29,"B_smooth_logistic",1000,1600,0.4,1,0.782,-0.218,0.782,0,0.218,0.0094360225005594
29,"B_smooth_logistic",1600,2200,0.55,0.788125,1,0.211875,0.788125,0.211875,0,0.0104634159344981
29,"B_smooth_logistic",2200,2800,0.7,1,1,0,1,0,0,0.00153618785690007
29,"B_smooth_logistic",2800,3400,0.85,1,0.942142857142857,-0.0578571428571428,0.942142857142857,0,0.0578571428571429,0.00512053738560046
29,"B_smooth_logistic",3400,4000,1,0.938529411764706,1,0.0614705882352942,0.938529411764706,0.0614705882352941,0,0.00188881421520077
30,"A_threshold",1000,1600,0.4,0.418,0.093,-0.325,0.222488038277512,0,0.325,0.0249685702969261
30,"A_threshold",1600,2200,0.55,0.090625,0.25375,0.163125,0.357142857142857,0.163125,0,0.0161716255981661
30,"A_threshold",2200,2800,0.7,0.261363636363636,0.234090909090909,-0.0272727272727273,0.895652173913044,0,0.0272727272727273,0.0011936904285268
30,"A_threshold",2800,3400,0.85,0.230714285714286,0.289285714285714,0.0585714285714286,0.797530864197531,0.0585714285714286,0,0.00634485554060158
30,"A_threshold",3400,4000,1,0.293529411764706,0.0814705882352941,-0.212058823529412,0.277555110220441,0,0.212058823529412,0.0072986981948177
30,"B_smooth_logistic",1000,1600,0.4,1,1,0,1,0,0,0.00434923940038573
30,"B_smooth_logistic",1600,2200,0.55,1,1,0,1,0,0,0.00977373510473437
30,"B_smooth_logistic",2200,2800,0.7,1,0.886818181818182,-0.113181818181818,0.886818181818182,0,0.113181818181818,0.00607628003421613
30,"B_smooth_logistic",2800,3400,0.85,0.885714285714286,0.851428571428571,-0.0342857142857143,0.961290322580645,0,0.0342857142857143,0.002781738926308
30,"B_smooth_logistic",3400,4000,1,0.852647058823529,0.841764705882353,-0.0108823529411765,0.987236978268368,0,0.0108823529411765,0.00118425263621766
31,"A_threshold",1000,1600,0.4,0.001,0.032,0.031,0,0.032,0.001,0.0161456256227186
31,"A_threshold",1600,2200,0.55,0.026875,0.20625,0.179375,0.13030303030303,0.179375,0,0.00540486131487464
31,"A_threshold",2200,2800,0.7,0.202272727272727,0.118181818181818,-0.0840909090909091,0.584269662921348,0,0.0840909090909091,0.0027308165377847
31,"A_threshold",2800,3400,0.85,0.110357142857143,0.118214285714286,0.00785714285714285,0.933534743202417,0.00785714285714286,0,0.00309135263558482
31,"A_threshold",3400,4000,1,0.120588235294118,0.0723529411764706,-0.0482352941176471,0.6,0,0.0482352941176471,0.00408185797211802
31,"B_smooth_logistic",1000,1600,0.4,0.553,0.444,-0.109,0.802893309222423,0,0.109,0.0130621412675419
31,"B_smooth_logistic",1600,2200,0.55,0.435,0.50375,0.06875,0.863523573200993,0.06875,0,0.00846122963795752
31,"B_smooth_logistic",2200,2800,0.7,0.496363636363636,0.53,0.0336363636363637,0.936535162950257,0.0336363636363636,0,0.00547908306216573
31,"B_smooth_logistic",2800,3400,0.85,0.528214285714286,0.41,-0.118214285714286,0.776200135226504,0,0.118214285714286,0.00911123499253521
31,"B_smooth_logistic",3400,4000,1,0.407352941176471,0.434117647058824,0.026764705882353,0.938346883468835,0.0267647058823529,0,0.00346490130900398
32,"A_threshold",1000,1600,0.4,0.305,0.02,-0.285,0.0655737704918033,0,0.285,0.00888057190604317
32,"A_threshold",1600,2200,0.55,0.015625,0,-0.015625,0,0,0.015625,0.00583684871270236
32,"A_threshold",2200,2800,0.7,0,0,0,1,0,0,0.00389307109472444
32,"A_threshold",2800,3400,0.85,0,0,0,1,0,0,0.00187030821189368
32,"A_threshold",3400,4000,1,0,0.0214705882352941,0.0214705882352941,0,0.0214705882352941,0,0.0036595970812153
32,"B_smooth_logistic",1000,1600,0.4,1,1,0,1,0,0,0.013846992793435
32,"B_smooth_logistic",1600,2200,0.55,1,1,0,1,0,0,0.0090847157637886
32,"B_smooth_logistic",2200,2800,0.7,1,1,0,1,0,0,0.00603234971212859
32,"B_smooth_logistic",2800,3400,0.85,1,1,0,1,0,0,0.00410352811509997
32,"B_smooth_logistic",3400,4000,1,1,0.972941176470588,-0.0270588235294118,0.972941176470588,0,0.0270588235294118,0.00396497536152737
33,"A_threshold",1000,1600,0.4,0.009,0.806,0.797,0.00866336633663366,0.799,0.002,0.0273418227399652
33,"A_threshold",1600,2200,0.55,0.808125,0.001875,-0.80625,0,0.001875,0.808125,0.0177477539731653
33,"A_threshold",2200,2800,0.7,0.00136363636363636,0.00318181818181818,0.00181818181818182,0.428571428571429,0.00181818181818182,0,0.00188502391967313
33,"A_threshold",2800,3400,0.85,0.00392857142857143,0.025,0.0210714285714286,0.157142857142857,0.0210714285714286,0,0.00701341613668898
33,"A_threshold",3400,4000,1,0.0264705882352941,0.00264705882352941,-0.0238235294117647,0.1,0,0.0238235294117647,0.00154286472607571
33,"B_smooth_logistic",1000,1600,0.4,0.839,0.904,0.0650000000000001,0.928097345132743,0.065,0,0.0024051271924846
33,"B_smooth_logistic",1600,2200,0.55,0.909375,0.708125,-0.20125,0.778694158075601,0,0.20125,0.00699230809636027
33,"B_smooth_logistic",2200,2800,0.7,0.703181818181818,0.769090909090909,0.0659090909090909,0.914302600472813,0.0659090909090909,0,0.00776676561226952
33,"B_smooth_logistic",2800,3400,0.85,0.763928571428571,0.749642857142857,-0.0142857142857142,0.981299672744273,0,0.0142857142857143,0.00116736884715766
33,"B_smooth_logistic",3400,4000,1,0.752058823529412,0.772058823529412,0.02,0.974095238095238,0.02,0,0.00230399147192916
34,"A_threshold",1000,1600,0.4,0.423,0.381,-0.042,0.900709219858156,0,0.042,0.00253118515341667
34,"A_threshold",1600,2200,0.55,0.37625,0.380625,0.00437500000000002,0.988505747126437,0.004375,0,0.00237670411596502
34,"A_threshold",2200,2800,0.7,0.373636363636364,0.383636363636364,0.00999999999999995,0.9739336492891,0.01,0,0.00312268238009226
34,"A_threshold",2800,3400,0.85,0.383571428571429,0.4125,0.0289285714285714,0.92987012987013,0.0289285714285714,0,0.00271235646656595
34,"A_threshold",3400,4000,1,0.410882352941176,0.423529411764706,0.0126470588235294,0.970138888888889,0.0126470588235294,0,0.00219767905474368
34,"B_smooth_logistic",1000,1600,0.4,0.981,1,0.019,0.981,0.019,0,0.00440996317439107
34,"B_smooth_logistic",1600,2200,0.55,1,0,-1,0,0,1,0.0139313063327166
34,"B_smooth_logistic",2200,2800,0.7,0,0.606363636363636,0.606363636363636,0,0.606363636363636,0,0.00533504287678447
34,"B_smooth_logistic",2800,3400,0.85,0.611785714285714,0.95,0.338214285714286,0.643984962406015,0.338214285714286,0,0.00608836694188456
34,"B_smooth_logistic",3400,4000,1,0.95,0.643823529411765,-0.306176470588235,0.677708978328173,0,0.306176470588235,0.00538920460624355
35,"A_threshold",1000,1600,0.4,0.587,0.541,-0.0459999999999999,0.921635434412266,0,0.046,0.0171172927513098
35,"A_threshold",1600,2200,0.55,0.548125,0.61375,0.065625,0.893075356415479,0.065625,0,0.0041363680768043
35,"A_threshold",2200,2800,0.7,0.607727272727273,0.649090909090909,0.0413636363636363,0.936274509803922,0.0413636363636364,0,0.00249641911735914
35,"A_threshold",2800,3400,0.85,0.641785714285714,0.607142857142857,-0.0346428571428572,0.946021146355036,0,0.0346428571428571,0.00277032619349288
35,"A_threshold",3400,4000,1,0.605588235294118,0.588823529411765,-0.0167647058823529,0.972316658572122,0,0.0167647058823529,0.0042778678625232
35,"B_smooth_logistic",1000,1600,0.4,0.542,0.47,-0.0720000000000001,0.867158671586716,0,0.072,0.0133332570709234
35,"B_smooth_logistic",1600,2200,0.55,0.46375,0.58,0.11625,0.799568965517241,0.11625,0,0.0121775838937248
35,"B_smooth_logistic",2200,2800,0.7,0.575909090909091,0.562272727272727,-0.0136363636363637,0.976322020520916,0,0.0136363636363636,0.00287272595709064
35,"B_smooth_logistic",2800,3400,0.85,0.556785714285714,0.605357142857143,0.0485714285714285,0.91976401179941,0.0485714285714286,0,0.00430510287288078
35,"B_smooth_logistic",3400,4000,1,0.603823529411765,0.585294117647059,-0.0185294117647059,0.969313200194837,0,0.0185294117647059,0.00123110739463209
36,"A_threshold",1000,1600,0.4,0.565,0.366,-0.199,0.647787610619469,0,0.199,0.0156076161424499
36,"A_threshold",1600,2200,0.55,0.37375,0.29375,-0.08,0.785953177257525,0,0.08,0.00589792859488074
36,"A_threshold",2200,2800,0.7,0.291818181818182,0.222727272727273,-0.0690909090909091,0.763239875389408,0,0.0690909090909091,0.00723008593567358
36,"A_threshold",2800,3400,0.85,0.2225,0.235357142857143,0.0128571428571428,0.945371775417299,0.0128571428571429,0,0.00106327775925508
36,"A_threshold",3400,4000,1,0.237647058823529,0.286176470588235,0.0485294117647059,0.830421377183967,0.0485294117647059,0,0.00627587154518279
36,"B_smooth_logistic",1000,1600,0.4,1,0.657,-0.343,0.657,0,0.343,0.0160489584756462
36,"B_smooth_logistic",1600,2200,0.55,0.64625,0.76875,0.1225,0.840650406504065,0.1225,0,0.00881251198840391
36,"B_smooth_logistic",2200,2800,0.7,0.759545454545455,0.942727272727273,0.183181818181818,0.805689488910318,0.183181818181818,0,0.0130639190836064
36,"B_smooth_logistic",2800,3400,0.85,0.944642857142857,0.985714285714286,0.0410714285714286,0.958333333333333,0.0410714285714286,0,0.0030713018284552
36,"B_smooth_logistic",3400,4000,1,0.985294117647059,1,0.0147058823529411,0.985294117647059,0.0147058823529412,0,0.00235189703445735
37,"A_threshold",1000,1600,0.4,0,0.002,0.002,0,0.002,0,0.0118752616727108
37,"A_threshold",1600,2200,0.55,0.00375,0.0525,0.04875,0.0714285714285714,0.04875,0,0.0104311115132305
37,"A_threshold",2200,2800,0.7,0.0545454545454545,0.055,0.000454545454545457,0.991735537190083,0.000454545454545455,0,0.00366167111073234
37,"A_threshold",2800,3400,0.85,0.0510714285714286,0.0364285714285714,-0.0146428571428571,0.713286713286713,0,0.0146428571428571,0.00203364344368641
37,"A_threshold",3400,4000,1,0.0379411764705882,0.0158823529411765,-0.0220588235294118,0.418604651162791,0,0.0220588235294118,0.005683533991367
37,"B_smooth_logistic",1000,1600,0.4,0.747,0.674,-0.073,0.902275769745649,0,0.073,0.0140315824663242
37,"B_smooth_logistic",1600,2200,0.55,0.666875,0.73375,0.066875,0.90885860306644,0.066875,0,0.00756809214512013
37,"B_smooth_logistic",2200,2800,0.7,0.727272727272727,0.699545454545455,-0.0277272727272727,0.961875,0,0.0277272727272727,0.00226117144415866
37,"B_smooth_logistic",2800,3400,0.85,0.696071428571429,0.602857142857143,-0.0932142857142857,0.866085171883017,0,0.0932142857142857,0.00820507021890528
37,"B_smooth_logistic",3400,4000,1,0.601470588235294,0.718529411764706,0.117058823529412,0.837085550552599,0.117058823529412,0,0.00840748686052077
38,"A_threshold",1000,1600,0.4,0.414,0.024,-0.39,0.0579710144927536,0,0.39,0.0217409064824485
38,"A_threshold",1600,2200,0.55,0.0275,0.09875,0.07125,0.278481012658228,0.07125,0,0.00326577742135906
38,"A_threshold",2200,2800,0.7,0.101818181818182,0.155909090909091,0.0540909090909091,0.653061224489796,0.0540909090909091,0,0.0042812215359162
38,"A_threshold",2800,3400,0.85,0.152142857142857,0.187142857142857,0.035,0.812977099236641,0.035,0,0.00499915870173153
38,"A_threshold",3400,4000,1,0.182941176470588,0.190294117647059,0.00735294117647059,0.961360123647604,0.00735294117647059,0,0.00279564881424656
38,"B_smooth_logistic",1000,1600,0.4,0.953,0.884,-0.069,0.927597061909759,0,0.069,0.0187390772678933
38,"B_smooth_logistic",1600,2200,0.55,0.875625,1,0.124375,0.875625,0.124375,0,0.0115152924817608
38,"B_smooth_logistic",2200,2800,0.7,1,1,0,1,0,0,0.00154712129171014
38,"B_smooth_logistic",2800,3400,0.85,1,1,0,1,0,0,0.00646092168980439
38,"B_smooth_logistic",3400,4000,1,1,1,0,1,0,0,0.00224900294705249
39,"A_threshold",1000,1600,0.4,0.92,0.516,-0.404,0.560869565217391,0,0.404,0.0142989417367673
39,"A_threshold",1600,2200,0.55,0.526875,0.260625,-0.26625,0.494661921708185,0,0.26625,0.0129048917919246
39,"A_threshold",2200,2800,0.7,0.262272727272727,0.478636363636364,0.216363636363636,0.547958214624881,0.216363636363636,0,0.0100047350262075
39,"A_threshold",2800,3400,0.85,0.476785714285714,0.303214285714286,-0.173571428571429,0,0.303214285714286,0.476785714285714,0.00582267018606931
39,"A_threshold",3400,4000,1,0.302941176470588,0.0870588235294118,-0.215882352941176,0.287378640776699,0,0.215882352941176,0.00308897976374653
39,"B_smooth_logistic",1000,1600,0.4,0.851,0.945,0.094,0.900529100529101,0.094,0,0.0120216350696891
39,"B_smooth_logistic",1600,2200,0.55,0.953125,1,0.046875,0.953125,0.046875,0,0.0137755642609362
39,"B_smooth_logistic",2200,2800,0.7,1,0.671818181818182,-0.328181818181818,0.671818181818182,0,0.328181818181818,0.00891756375163944
39,"B_smooth_logistic",2800,3400,0.85,0.680357142857143,0.721428571428571,0.0410714285714285,0.943069306930693,0.0410714285714286,0,0.00883080981298715
39,"B_smooth_logistic",3400,4000,1,0.713823529411765,0.644705882352941,-0.0691176470588236,0.903172641120725,0,0.0691176470588235,0.00337517701232382
40,"A_threshold",1000,1600,0.4,0.241,0.284,0.043,0.848591549295775,0.043,0,0.016210103424863
40,"A_threshold",1600,2200,0.55,0.2925,0.233125,-0.059375,0.797008547008547,0,0.059375,0.00718822322942033
40,"A_threshold",2200,2800,0.7,0.234545454545455,0.127272727272727,-0.107272727272727,0.542635658914729,0,0.107272727272727,0.00829044526283282
40,"A_threshold",2800,3400,0.85,0.127857142857143,0.189642857142857,0.0617857142857143,0.674199623352166,0.0617857142857143,0,0.00658396626724858
40,"A_threshold",3400,4000,1,0.191176470588235,0.0691176470588235,-0.122058823529412,0.361538461538462,0,0.122058823529412,0.00722929181725324
40,"B_smooth_logistic",1000,1600,0.4,0.978,0.944,-0.034,0.965235173824131,0,0.034,0.00685976811414756
40,"B_smooth_logistic",1600,2200,0.55,0.941875,1,0.058125,0.941875,0.058125,0,0.00881037128403444
40,"B_smooth_logistic",2200,2800,0.7,1,1,0,1,0,0,0.00453300393082208
40,"B_smooth_logistic",2800,3400,0.85,1,1,0,1,0,0,0.00354514171075086
40,"B_smooth_logistic",3400,4000,1,1,1,0,1,0,0,0.00244112048685864
41,"A_threshold",1000,1600,0.4,0.656,0.697,0.0409999999999999,0.941176470588235,0.041,0,0.00811382603876722
41,"A_threshold",1600,2200,0.55,0.689375,0.544375,-0.145,0.789664551223935,0,0.145,0.0106001197683591
41,"A_threshold",2200,2800,0.7,0.544545454545455,0.489090909090909,-0.0554545454545455,0.898163606010017,0,0.0554545454545455,0.005318710896167
41,"A_threshold",2800,3400,0.85,0.481428571428571,0.500714285714286,0.0192857142857142,0.961483594864479,0.0192857142857143,0,0.000951785318113268
41,"A_threshold",3400,4000,1,0.494117647058824,0.412058823529412,-0.0820588235294118,0.833928571428571,0,0.0820588235294118,0.00392443589539378
41,"B_smooth_logistic",1000,1600,0.4,1,0.712,-0.288,0.712,0,0.288,0.0180547269648789
41,"B_smooth_logistic",1600,2200,0.55,0.713125,0.736875,0.0237499999999999,0.967769296013571,0.02375,0,0.004686719309648
41,"B_smooth_logistic",2200,2800,0.7,0.742727272727273,0.714545454545455,-0.0281818181818181,0.962056303549572,0,0.0281818181818182,0.0119760147143672
41,"B_smooth_logistic",2800,3400,0.85,0.715,0.628214285714286,-0.0867857142857142,0.878621378621379,0,0.0867857142857143,0.00492203975194147
41,"B_smooth_logistic",3400,4000,1,0.634705882352941,0.545,-0.0897058823529412,0.858665430954588,0,0.0897058823529412,0.00560675558412144
42,"A_threshold",1000,1600,0.4,0,0,0,1,0,0,0.0129247898995357
42,"A_threshold",1600,2200,0.55,0,0,0,1,0,0,0.0166964098666179
42,"A_threshold",2200,2800,0.7,0,0,0,1,0,0,0.0116075377649406
42,"A_threshold",2800,3400,0.85,0,0.00392857142857143,0.00392857142857143,0,0.00392857142857143,0,0.00692451477082601
42,"A_threshold",3400,4000,1,0.00411764705882353,0.0255882352941176,0.0214705882352941,0.160919540229885,0.0214705882352941,0,0.00691241600040746
42,"B_smooth_logistic",1000,1600,0.4,0.535,0.421,-0.114,0.786915887850467,0,0.114,0.006763543175284
42,"B_smooth_logistic",1600,2200,0.55,0.41625,0.57875,0.1625,0.719222462203024,0.1625,0,0.014126395539345
42,"B_smooth_logistic",2200,2800,0.7,0.567272727272727,0.590454545454545,0.0231818181818182,0.960739030023095,0.0231818181818182,0,0.00615831123797356
42,"B_smooth_logistic",2800,3400,0.85,0.590714285714286,0.546785714285714,-0.0439285714285714,0.925634824667473,0,0.0439285714285714,0.00439954932052437
42,"B_smooth_logistic",3400,4000,1,0.551176470588235,0.630588235294118,0.0794117647058824,0.874067164179104,0.0794117647058823,0,0.00693059812491771
43,"A_threshold",1000,1600,0.4,0.165,0.284,0.119,0.580985915492958,0.119,0,0.00741228629789916
43,"A_threshold",1600,2200,0.55,0.28125,0.15375,-0.1275,0.546666666666667,0,0.1275,0.007573647357738
43,"A_threshold",2200,2800,0.7,0.149090909090909,0.0954545454545455,-0.0536363636363636,0.640243902439024,0,0.0536363636363636,0.00237237883586732
43,"A_threshold",2800,3400,0.85,0.0896428571428571,0.0992857142857143,0.00964285714285713,0.902877697841727,0.00964285714285714,0,0.00413657114939501
43,"A_threshold",3400,4000,1,0.102352941176471,0.113235294117647,0.0108823529411765,0.903896103896104,0.0108823529411765,0,0.00190067733250559
43,"B_smooth_logistic",1000,1600,0.4,0.35,0.527,0.177,0,0.527,0.35,0.0155970178639054
43,"B_smooth_logistic",1600,2200,0.55,0.539375,0.854375,0.315,0.631309436722751,0.315,0,0.0180084998521638
43,"B_smooth_logistic",2200,2800,0.7,0.85,0.919090909090909,0.0690909090909091,0.924826904055391,0.0690909090909091,0,0.00200688849253351
43,"B_smooth_logistic",2800,3400,0.85,0.920357142857143,0.886071428571429,-0.0342857142857143,0.962747380675204,0,0.0342857142857143,0.00211420999428974
43,"B_smooth_logistic",3400,4000,1,0.886764705882353,0.818823529411765,-0.0679411764705882,0.923383084577114,0,0.0679411764705882,0.0035680167976257
44,"A_threshold",1000,1600,0.4,0.996,0.854,-0.142,0.857429718875502,0,0.142,0.0154503163027149
44,"A_threshold",1600,2200,0.55,0.855,0.9825,0.1275,0.870229007633588,0.1275,0,0.00614450068382894
44,"A_threshold",2200,2800,0.7,0.984090909090909,0.999545454545455,0.0154545454545454,0.984538426557526,0.0154545454545455,0,0.00202285553536385
44,"A_threshold",2800,3400,0.85,0.999642857142857,0.745714285714286,-0.253928571428572,0.745980707395498,0,0.253928571428571,0.00879682216549598
44,"A_threshold",3400,4000,1,0.741764705882353,0.732352941176471,-0.00941176470588245,0.98731165741475,0,0.00941176470588235,0.00209233688788835
44,"B_smooth_logistic",1000,1600,0.4,0.541,1,0.459,0.541,0.459,0,0.0231313016690746
44,"B_smooth_logistic",1600,2200,0.55,1,0.840625,-0.159375,0.840625,0,0.159375,0.00586171878940439
44,"B_smooth_logistic",2200,2800,0.7,0.841363636363636,1,0.158636363636364,0.841363636363636,0.158636363636364,0,0.0100278739578142
44,"B_smooth_logistic",2800,3400,0.85,1,0.885,-0.115,0.885,0,0.115,0.007071816154362
44,"B_smooth_logistic",3400,4000,1,0.888235294117647,0.958235294117647,0.0700000000000001,0.92694904849601,0.07,0,0.00428140298315998
45,"A_threshold",1000,1600,0.4,0.334,0.391,0.057,0.854219948849105,0.057,0,0.000954202483837195
45,"A_threshold",1600,2200,0.55,0.39,0.36625,-0.02375,0.939102564102564,0,0.02375,0.00827323931488711
45,"A_threshold",2200,2800,0.7,0.369090909090909,0.598181818181818,0.229090909090909,0.617021276595745,0.229090909090909,0,0.00667232432991782
45,"A_threshold",2800,3400,0.85,0.596428571428571,0.549285714285714,-0.0471428571428572,0.920958083832335,0,0.0471428571428571,0.000756648293294363
45,"A_threshold",3400,4000,1,0.546470588235294,0.434705882352941,-0.111764705882353,0.795479009687836,0,0.111764705882353,0.00367327249972045
45,"B_smooth_logistic",1000,1600,0.4,0.835,1,0.165,0.835,0.165,0,0.00929817500701264
45,"B_smooth_logistic",1600,2200,0.55,1,1,0,1,0,0,0.0103680204677128
45,"B_smooth_logistic",2200,2800,0.7,1,1,0,1,0,0,0.00997064506249716
45,"B_smooth_logistic",2800,3400,0.85,1,1,0,1,0,0,0.00172152115459855
45,"B_smooth_logistic",3400,4000,1,1,1,0,1,0,0,0.000706424485596663
46,"A_threshold",1000,1600,0.4,0.008,0.001,-0.007,0.125,0,0.007,0.0231805998518533
46,"A_threshold",1600,2200,0.55,0.000625,0.253125,0.2525,0,0.253125,0.000625,0.0180468766215457
46,"A_threshold",2200,2800,0.7,0.258181818181818,0.114090909090909,-0.144090909090909,0.441901408450704,0,0.144090909090909,0.00538349368896077
46,"A_threshold",2800,3400,0.85,0.116071428571429,0.196071428571429,0.08,0.591985428051002,0.08,0,0.0031230702882112
46,"A_threshold",3400,4000,1,0.195588235294118,0.279705882352941,0.0841176470588235,0.699263932702418,0.0841176470588235,0,0.0049372321017791
46,"B_smooth_logistic",1000,1600,0.4,0.697,0.699,0.002,0.997138769670958,0.002,0,0.00588770808435784
46,"B_smooth_logistic",1600,2200,0.55,0.705625,0.64875,-0.0568749999999999,0.919397697077059,0,0.056875,0.00579222128504859
46,"B_smooth_logistic",2200,2800,0.7,0.652272727272727,0.603636363636364,-0.0486363636363636,0.925435540069686,0,0.0486363636363636,0.00503755538145257
46,"B_smooth_logistic",2800,3400,0.85,0.609285714285714,0.584285714285714,-0.025,0.958968347010551,0,0.025,0.00322834855920896
46,"B_smooth_logistic",3400,4000,1,0.585,0.655,0.0700000000000001,0.893129770992366,0.07,0,0.00694306024528501
47,"A_threshold",1000,1600,0.4,0.79,0.635,-0.155,0.80379746835443,0,0.155,0.0219462443470046
47,"A_threshold",1600,2200,0.55,0.631875,0.498125,-0.13375,0.788328387734916,0,0.13375,0.0141880573953622
47,"A_threshold",2200,2800,0.7,0.497272727272727,0.565909090909091,0.0686363636363637,0.878714859437751,0.0686363636363636,0,0.0062157440582832
47,"A_threshold",2800,3400,0.85,0.565357142857143,0.655714285714286,0.0903571428571428,0.862200435729848,0.0903571428571429,0,0.00847264296458809
47,"A_threshold",3400,4000,1,0.655588235294118,0.570294117647059,-0.0852941176470589,0.869896814715119,0,0.0852941176470588,0.00726196304184434
47,"B_smooth_logistic",1000,1600,0.4,0.718,0.748,0.03,0.959893048128342,0.03,0,0.00737270320432371
47,"B_smooth_logistic",1600,2200,0.55,0.73375,0.85875,0.125,0.854439592430859,0.125,0,0.00931534134716285
47,"B_smooth_logistic",2200,2800,0.7,0.862727272727273,0.762727272727273,-0.1,0.8840885142255,0,0.1,0.00842810844416276
47,"B_smooth_logistic",2800,3400,0.85,0.7625,0.751428571428571,-0.0110714285714285,0.985480093676815,0,0.0110714285714286,0.00777911292504042
47,"B_smooth_logistic",3400,4000,1,0.748235294117647,0.791176470588235,0.0429411764705881,0.945724907063197,0.0429411764705882,0,0.00438912676515856
48,"A_threshold",1000,1600,0.4,0.927,0.657,-0.27,0.70873786407767,0,0.27,0.0184967804328726
48,"A_threshold",1600,2200,0.55,0.64625,0.7775,0.13125,0.831189710610932,0.13125,0,0.00976748377236356
48,"A_threshold",2200,2800,0.7,0.780909090909091,0.773636363636364,-0.00727272727272721,0.990686845168801,0,0.00727272727272727,0.00127483033830081
48,"A_threshold",2800,3400,0.85,0.780357142857143,0.661071428571429,-0.119285714285714,0.847139588100686,0,0.119285714285714,0.00682974544987744
48,"A_threshold",3400,4000,1,0.658823529411765,0.563823529411765,-0.095,0.855803571428571,0,0.095,0.00512262186195416
48,"B_smooth_logistic",1000,1600,0.4,1,1,0,1,0,0,0.00895204873154396
48,"B_smooth_logistic",1600,2200,0.55,1,0.896875,-0.103125,0.896875,0,0.103125,0.00420094381763947
48,"B_smooth_logistic",2200,2800,0.7,0.898636363636364,1,0.101363636363636,0.898636363636364,0.101363636363636,0,0.00403009803141102
48,"B_smooth_logistic",2800,3400,0.85,1,0.848571428571429,-0.151428571428571,0.848571428571429,0,0.151428571428571,0.00369659994019745
48,"B_smooth_logistic",3400,4000,1,0.850588235294118,1,0.149411764705882,0.850588235294118,0.149411764705882,0,0.00371429945906006
49,"A_threshold",1000,1600,0.4,0,0.149,0.149,0,0.149,0,0.0109620441566549
49,"A_threshold",1600,2200,0.55,0.151875,0.10375,-0.048125,0.683127572016461,0,0.048125,0.00665846995393402
49,"A_threshold",2200,2800,0.7,0.104545454545455,0.0554545454545455,-0.0490909090909091,0.530434782608696,0,0.0490909090909091,0.00289584217640982
49,"A_threshold",2800,3400,0.85,0.0539285714285714,0.158214285714286,0.104285714285714,0.340857787810384,0.104285714285714,0,0.00935867142582535
49,"A_threshold",3400,4000,1,0.158823529411765,0.167058823529412,0.00823529411764706,0.950704225352113,0.00823529411764706,0,0.00604881809033278
49,"B_smooth_logistic",1000,1600,0.4,0,0.134,0.134,0,0.134,0,0.00850512117214387
49,"B_smooth_logistic",1600,2200,0.55,0.139375,0.61625,0.476875,0.226166328600406,0.476875,0,0.0134344199352369
49,"B_smooth_logistic",2200,2800,0.7,0.618181818181818,0.72,0.101818181818182,0.858585858585859,0.101818181818182,0,0.00198026287575247
49,"B_smooth_logistic",2800,3400,0.85,0.722857142857143,0.575,-0.147857142857143,0.795454545454545,0,0.147857142857143,0.00329388884808874
49,"B_smooth_logistic",3400,4000,1,0.569705882352941,0.675588235294118,0.105882352941176,0.843273835437527,0.105882352941176,0,0.00418819128765614
50,"A_threshold",1000,1600,0.4,1,0.768,-0.232,0.768,0,0.232,0.0233742341313173
50,"A_threshold",1600,2200,0.55,0.7725,0.45375,-0.31875,0.587378640776699,0,0.31875,0.00496244547783148
50,"A_threshold",2200,2800,0.7,0.455,0.365454545454545,-0.0895454545454545,0.803196803196803,0,0.0895454545454545,0.00264522286768619
50,"A_threshold",2800,3400,0.85,0.362142857142857,0.5525,0.190357142857143,0.65546218487395,0.190357142857143,0,0.00459139154737728
50,"A_threshold",3400,4000,1,0.547941176470588,0.619411764705882,0.0714705882352941,0.884615384615385,0.0714705882352941,0,0.00368585351561477
50,"B_smooth_logistic",1000,1600,0.4,1,1,0,1,0,0,0.00456549953849543
50,"B_smooth_logistic",1600,2200,0.55,1,1,0,1,0,0,0.00424888354769274
50,"B_smooth_logistic",2200,2800,0.7,1,1,0,1,0,0,0.00246372179917532
50,"B_smooth_logistic",2800,3400,0.85,1,1,0,1,0,0,0.00559866336955944
50,"B_smooth_logistic",3400,4000,1,1,1,0,1,0,0,0.00313894448193474
51,"A_threshold",1000,1600,0.4,0.238,0.254,0.016,0.937007874015748,0.016,0,0.0105525591330077
51,"A_threshold",1600,2200,0.55,0.2525,0.331875,0.079375,0.760828625235405,0.079375,0,0.00541169229670857
51,"A_threshold",2200,2800,0.7,0.332727272727273,0.335909090909091,0.00318181818181823,0.990527740189445,0.00318181818181818,0,0.00027686292511606
51,"A_threshold",2800,3400,0.85,0.3375,0.380714285714286,0.0432142857142857,0.886491557223265,0.0432142857142857,0,0.00268147502334254
51,"A_threshold",3400,4000,1,0.377058823529412,0.395882352941176,0.0188235294117647,0.952451708766716,0.0188235294117647,0,0.00176606833654788
51,"B_smooth_logistic",1000,1600,0.4,0.442,0.683,0.241,0.64714494875549,0.241,0,0.00935221829831012
51,"B_smooth_logistic",1600,2200,0.55,0.688125,0.885,0.196875,0.777542372881356,0.196875,0,0.00494124099247659
51,"B_smooth_logistic",2200,2800,0.7,0.882272727272727,0.627272727272727,-0.255,0.71097372488408,0,0.255,0.00452719535487544
51,"B_smooth_logistic",2800,3400,0.85,0.62,0.613214285714286,-0.00678571428571428,0.98905529953917,0,0.00678571428571429,0.00231176186670797
51,"B_smooth_logistic",3400,4000,1,0.616176470588235,0.497058823529412,-0.119117647058824,0.806682577565632,0,0.119117647058824,0.00132762382166637
52,"A_threshold",1000,1600,0.4,0.273,0.079,-0.194,0.289377289377289,0,0.194,0.00786114916739683
52,"A_threshold",1600,2200,0.55,0.07625,0.040625,-0.035625,0.532786885245902,0,0.035625,0.0021285585425504
52,"A_threshold",2200,2800,0.7,0.0395454545454545,0.0404545454545455,0.000909090909090908,0.97752808988764,0.000909090909090909,0,0.00189174485871999
52,"A_threshold",2800,3400,0.85,0.0428571428571429,0.297142857142857,0.254285714285714,0.144230769230769,0.254285714285714,0,0.00619620374872776
52,"A_threshold",3400,4000,1,0.302647058823529,0.302941176470588,0.000294117647058778,0.999029126213592,0.000294117647058824,0,0.00101099733779898
52,"B_smooth_logistic",1000,1600,0.4,0.751,0.923,0.172,0.8136511375948,0.172,0,0.0115956208518845
52,"B_smooth_logistic",1600,2200,0.55,0.915625,0.95875,0.043125,0.955019556714472,0.043125,0,0.00287270460477158
52,"B_smooth_logistic",2200,2800,0.7,0.955909090909091,1,0.0440909090909091,0.955909090909091,0.0440909090909091,0,0.0120984076674666
52,"B_smooth_logistic",2800,3400,0.85,1,1,0,1,0,0,0.0024964722427127
52,"B_smooth_logistic",3400,4000,1,1,1,0,1,0,0,0.00363398236033163
53,"A_threshold",1000,1600,0.4,0.281,0.02,-0.261,0.0711743772241993,0,0.261,0.00995053766183567
53,"A_threshold",1600,2200,0.55,0.0175,0.194375,0.176875,0.090032154340836,0.176875,0,0.00924802656222438
53,"A_threshold",2200,2800,0.7,0.187727272727273,0.335454545454545,0.147727272727273,0.559620596205962,0.147727272727273,0,0.0108319155037976
53,"A_threshold",2800,3400,0.85,0.338928571428571,0.365714285714286,0.0267857142857143,0.9267578125,0.0267857142857143,0,0.0059663206692324
53,"A_threshold",3400,4000,1,0.375,0.39,0.015,0.961538461538462,0.015,0,0.00295771668162656
53,"B_smooth_logistic",1000,1600,0.4,0.614,0.29,-0.324,0,0.29,0.614,0.0165674254365271
53,"B_smooth_logistic",1600,2200,0.55,0.28,0.041875,-0.238125,0.149553571428571,0,0.238125,0.00347849860309837
53,"B_smooth_logistic",2200,2800,0.7,0.0427272727272727,0.426363636363636,0.383636363636364,0.100213219616205,0.383636363636364,0,0.00816687920711527
53,"B_smooth_logistic",2800,3400,0.85,0.43,0.331428571428571,-0.0985714285714286,0.770764119601329,0,0.0985714285714286,0.00468133189067614
53,"B_smooth_logistic",3400,4000,1,0.334117647058824,0.469411764705882,0.135294117647059,0.711779448621554,0.135294117647059,0,0.00622732059827805
54,"A_threshold",1000,1600,0.4,0.411,0.384,-0.027,0.934306569343066,0,0.027,0.00785834946108245
54,"A_threshold",1600,2200,0.55,0.385,0.22125,-0.16375,0.574675324675325,0,0.16375,0.0108152513303246
54,"A_threshold",2200,2800,0.7,0.223636363636364,0.344545454545455,0.120909090909091,0.649076517150396,0.120909090909091,0,0.0073671539880971
54,"A_threshold",2800,3400,0.85,0.34,0.370357142857143,0.0303571428571429,0.918032786885246,0.0303571428571429,0,0.00320893826398835
54,"A_threshold",3400,4000,1,0.368529411764706,0.075,-0.293529411764706,0.203511572226656,0,0.293529411764706,0.00842559767161957
54,"B_smooth_logistic",1000,1600,0.4,0.638,0.659,0.021,0.968133535660091,0.021,0,0.0174885399617056
54,"B_smooth_logistic",1600,2200,0.55,0.67,0.595,-0.0750000000000001,0.888059701492537,0,0.075,0.00480691756788619
54,"B_smooth_logistic",2200,2800,0.7,0.581818181818182,0.6,0.0181818181818182,0.96969696969697,0.0181818181818182,0,0.00157123774323845
54,"B_smooth_logistic",2800,3400,0.85,0.606071428571429,0.638214285714286,0.0321428571428571,0.949636261891438,0.0321428571428571,0,0.00302517578817785
54,"B_smooth_logistic",3400,4000,1,0.642941176470588,0.669705882352941,0.0267647058823529,0.960035133948177,0.0267647058823529,0,0.00183742602260566
55,"A_threshold",1000,1600,0.4,0.548,0.406,-0.142,0.740875912408759,0,0.142,0.0135157390193288
55,"A_threshold",1600,2200,0.55,0.418125,0.4225,0.00437499999999996,0.989644970414201,0.004375,0,0.00382386681297932
55,"A_threshold",2200,2800,0.7,0.413181818181818,0.393181818181818,-0.02,0.951595159515952,0,0.02,0.00228915524814688
55,"A_threshold",2800,3400,0.85,0.390714285714286,0.390714285714286,0,1,0,0,0.00136853981895448
55,"A_threshold",3400,4000,1,0.394411764705882,0.337647058823529,-0.0567647058823529,0.856077554064131,0,0.0567647058823529,0.00304307358538464
55,"B_smooth_logistic",1000,1600,0.4,0,0.523,0.523,0,0.523,0,0.0203880613927179
55,"B_smooth_logistic",1600,2200,0.55,0.513125,1,0.486875,0.513125,0.486875,0,0.0118597038010242
55,"B_smooth_logistic",2200,2800,0.7,1,0.766363636363636,-0.233636363636364,0.766363636363636,0,0.233636363636364,0.0075673169960675
55,"B_smooth_logistic",2800,3400,0.85,0.7675,0.670357142857143,-0.0971428571428571,0.873429502093997,0,0.0971428571428571,0.00494807410662458
55,"B_smooth_logistic",3400,4000,1,0.668235294117647,0.626176470588235,-0.0420588235294117,0.93705985915493,0,0.0420588235294118,0.00129639040185583
56,"A_threshold",1000,1600,0.4,0.024,0,-0.024,0,0,0.024,0.0195171215556295
56,"A_threshold",1600,2200,0.55,0,0.035,0.035,0,0.035,0,0.00535884963555773
56,"A_threshold",2200,2800,0.7,0.0368181818181818,0.336818181818182,0.3,0.109311740890688,0.3,0,0.00949935691440468
56,"A_threshold",2800,3400,0.85,0.347142857142857,0.226785714285714,-0.120357142857143,0.653292181069959,0,0.120357142857143,0.00470109666344161
56,"A_threshold",3400,4000,1,0.228529411764706,0.447647058823529,0.219117647058824,0.510512483574244,0.219117647058824,0,0.00815871972387415
56,"B_smooth_logistic",1000,1600,0.4,0.502,0.694,0.192,0.723342939481268,0.192,0,0.0158210641651833
56,"B_smooth_logistic",1600,2200,0.55,0.68125,0.685625,0.00437500000000002,0.993618960802188,0.004375,0,0.00105892435759192
56,"B_smooth_logistic",2200,2800,0.7,0.695909090909091,0.786818181818182,0.0909090909090909,0.884459849797805,0.0909090909090909,0,0.00359579172483396
56,"B_smooth_logistic",2800,3400,0.85,0.786071428571429,0.747857142857143,-0.0382142857142856,0.951385733757383,0,0.0382142857142857,0.0037526404200637
56,"B_smooth_logistic",3400,4000,1,0.749117647058824,0.851176470588235,0.102058823529412,0.880096751900484,0.102058823529412,0,0.00334611566623847
57,"A_threshold",1000,1600,0.4,0.087,0.192,0.105,0.453125,0.105,0,0.0129277061809482
57,"A_threshold",1600,2200,0.55,0.19125,0.09375,-0.0975,0.490196078431373,0,0.0975,0.00710164934794223
57,"A_threshold",2200,2800,0.7,0.0940909090909091,0.136363636363636,0.0422727272727273,0.69,0.0422727272727273,0,0.00266491061636211
57,"A_threshold",2800,3400,0.85,0.141071428571429,0.0353571428571429,-0.105714285714286,0.250632911392405,0,0.105714285714286,0.00545476193891361
57,"A_threshold",3400,4000,1,0.0358823529411765,0.135882352941176,0.1,0.264069264069264,0.1,0,0.00537156032254237
57,"B_smooth_logistic",1000,1600,0.4,1,1,0,1,0,0,0.01172565916436
57,"B_smooth_logistic",1600,2200,0.55,1,0.83125,-0.16875,0.83125,0,0.16875,0.0155363637049714
57,"B_smooth_logistic",2200,2800,0.7,0.831818181818182,0.866363636363636,0.0345454545454545,0.9601259181532,0.0345454545454545,0,0.00331966312738892
57,"B_smooth_logistic",2800,3400,0.85,0.868214285714286,0.743571428571429,-0.124642857142857,0.856437679967092,0,0.124642857142857,0.007666287089225
57,"B_smooth_logistic",3400,4000,1,0.742647058823529,0.642941176470588,-0.0997058823529412,0.865742574257426,0,0.0997058823529412,0.00858382687369
58,"A_threshold",1000,1600,0.4,0,0,0,1,0,0,0.00948885137365411
58,"A_threshold",1600,2200,0.55,0,0.005,0.005,0,0.005,0,0.0099770822171283
58,"A_threshold",2200,2800,0.7,0.00636363636363636,0.00363636363636364,-0.00272727272727273,0.571428571428571,0,0.00272727272727273,0.00357622899005169
58,"A_threshold",2800,3400,0.85,0.00321428571428571,0.309285714285714,0.306071428571429,0.0103926096997691,0.306071428571429,0,0.0107642667176202
58,"A_threshold",3400,4000,1,0.307352941176471,0.265,-0.0423529411764706,0.862200956937799,0,0.0423529411764706,0.00291139186639469
58,"B_smooth_logistic",1000,1600,0.4,0.926,1,0.074,0.926,0.074,0,0.00773872726068913
58,"B_smooth_logistic",1600,2200,0.55,1,1,0,1,0,0,0.0088310771417786
58,"B_smooth_logistic",2200,2800,0.7,1,1,0,1,0,0,0.0091388867207204
58,"B_smooth_logistic",2800,3400,0.85,1,1,0,1,0,0,0.00275020063065248
58,"B_smooth_logistic",3400,4000,1,1,1,0,1,0,0,0.00523475849249492
59,"A_threshold",1000,1600,0.4,0.119,0,-0.119,0,0,0.119,0.019188328601789
59,"A_threshold",1600,2200,0.55,0,0,0,1,0,0,0.00359221112453064
59,"A_threshold",2200,2800,0.7,0,0.00363636363636364,0.00363636363636364,0,0.00363636363636364,0,0.00970075462095789
59,"A_threshold",2800,3400,0.85,0.00357142857142857,0.00464285714285714,0.00107142857142857,0.769230769230769,0.00107142857142857,0,0.0061694363512856
59,"A_threshold",3400,4000,1,0.00411764705882353,0.0117647058823529,0.00764705882352941,0.35,0.00764705882352941,0,0.00159738350891809
59,"B_smooth_logistic",1000,1600,0.4,0.123,0.376,0.253,0.327127659574468,0.253,0,0.0113615802550329
59,"B_smooth_logistic",1600,2200,0.55,0.393125,0.49,0.096875,0.802295918367347,0.096875,0,0.00548247683197076
59,"B_smooth_logistic",2200,2800,0.7,0.494090909090909,0.609545454545455,0.115454545454545,0.810589112602535,0.115454545454545,0,0.00544438448031203
59,"B_smooth_logistic",2800,3400,0.85,0.603214285714286,0.635,0.0317857142857143,0.949943757030371,0.0317857142857143,0,0.00578579311853776
59,"B_smooth_logistic",3400,4000,1,0.630882352941176,0.994705882352941,0.363823529411765,0.634240094618569,0.363823529411765,0,0.00478983013726892
60,"A_threshold",1000,1600,0.4,0.101,0.128,0.027,0.7890625,0.027,0,0.0024392641776475
60,"A_threshold",1600,2200,0.55,0.1275,0.260625,0.133125,0.489208633093525,0.133125,0,0.00440066984847099
60,"A_threshold",2200,2800,0.7,0.251818181818182,0.181363636363636,-0.0704545454545455,0.720216606498195,0,0.0704545454545455,0.00565900972227663
60,"A_threshold",2800,3400,0.85,0.185714285714286,0.211071428571429,0.0253571428571429,0.879864636209814,0.0253571428571429,0,0.00114467787960781
60,"A_threshold",3400,4000,1,0.211176470588235,0.327647058823529,0.116470588235294,0.644524236983842,0.116470588235294,0,0.00562165448968454
60,"B_smooth_logistic",1000,1600,0.4,1,1,0,1,0,0,0.00638472971001787
60,"B_smooth_logistic",1600,2200,0.55,1,1,0,1,0,0,0.00856625309136017
60,"B_smooth_logistic",2200,2800,0.7,1,1,0,1,0,0,0.0096997025490642
60,"B_smooth_logistic",2800,3400,0.85,1,1,0,1,0,0,0.00707093156230464
60,"B_smooth_logistic",3400,4000,1,1,1,0,1,0,0,0.00355462095620476
61,"A_threshold",1000,1600,0.4,0.298,0,-0.298,0,0,0.298,0.00680285732531057
61,"A_threshold",1600,2200,0.55,0,0.16875,0.16875,0,0.16875,0,0.00759871279989817
61,"A_threshold",2200,2800,0.7,0.176363636363636,0,-0.176363636363636,0,0,0.176363636363636,0.00715441735638751
61,"A_threshold",2800,3400,0.85,0,0,0,1,0,0,0.00633400659701202
61,"A_threshold",3400,4000,1,0,0,0,1,0,0,0.00593718875683383
61,"B_smooth_logistic",1000,1600,0.4,1,0.752,-0.248,0.752,0,0.248,0.0245397174003362
61,"B_smooth_logistic",1600,2200,0.55,0.745,0.744375,-0.000624999999999987,0.999161073825503,0,0.000625,0.0109846344714963
61,"B_smooth_logistic",2200,2800,0.7,0.744545454545455,0.957727272727273,0.213181818181818,0.777408637873754,0.213181818181818,0,0.00740769667028596
61,"B_smooth_logistic",2800,3400,0.85,0.958571428571429,0.816071428571429,-0.1425,0.851341281669151,0,0.1425,0.00465928591637753
61,"B_smooth_logistic",3400,4000,1,0.814411764705882,0.898529411764706,0.0841176470588235,0.906382978723404,0.0841176470588235,0,0.00667496686215828
62,"A_threshold",1000,1600,0.4,0.15,0.084,-0.066,0.56,0,0.066,0.0192267679381925
62,"A_threshold",1600,2200,0.55,0.091875,0.174375,0.0825,0.526881720430108,0.0825,0,0.0107985432442759
62,"A_threshold",2200,2800,0.7,0.169090909090909,0.123181818181818,-0.0459090909090909,0.728494623655914,0,0.0459090909090909,0.00237477890792023
62,"A_threshold",2800,3400,0.85,0.12,0.347142857142857,0.227142857142857,0.345679012345679,0.227142857142857,0,0.00848855174391705
62,"A_threshold",3400,4000,1,0.349705882352941,0.400294117647059,0.0505882352941176,0.873622336517267,0.0505882352941176,0,0.00508989423227654
62,"B_smooth_logistic",1000,1600,0.4,0,0.525,0.525,0,0.525,0,0.0216247364423971
62,"B_smooth_logistic",1600,2200,0.55,0.528125,0.669375,0.14125,0.788982259570495,0.14125,0,0.00780072782522036
62,"B_smooth_logistic",2200,2800,0.7,0.672272727272727,0.757727272727273,0.0854545454545454,0.887222555488902,0.0854545454545454,0,0.0102388750912733
62,"B_smooth_logistic",2800,3400,0.85,0.76,0.698571428571429,-0.0614285714285714,0.919172932330827,0,0.0614285714285714,0.00304972170524846
62,"B_smooth_logistic",3400,4000,1,0.694705882352941,0.749411764705882,0.0547058823529412,0.927001569858713,0.0547058823529412,0,0.00548183663421751
63,"A_threshold",1000,1600,0.4,0.223,0.505,0.282,0.441584158415842,0.282,0,0.0153603817314598
63,"A_threshold",1600,2200,0.55,0.498125,0.5425,0.044375,0.918202764976959,0.044375,0,0.00407138613282804
63,"A_threshold",2200,2800,0.7,0.539545454545455,0.516818181818182,-0.0227272727272727,0.95787700084246,0,0.0227272727272727,0.00231458981135325
63,"A_threshold",2800,3400,0.85,0.514642857142857,0.503928571428571,-0.0107142857142858,0.979181124219292,0,0.0107142857142857,0.00206662088144492
63,"A_threshold",3400,4000,1,0.502058823529412,0.447647058823529,-0.0544117647058824,0.891622729935559,0,0.0544117647058824,0.00297935568914941
63,"B_smooth_logistic",1000,1600,0.4,0.873,0.818,-0.055,0.936998854524628,0,0.055,0.0105163361512151
63,"B_smooth_logistic",1600,2200,0.55,0.81,1,0.19,0.81,0.19,0,0.0088655562203536
63,"B_smooth_logistic",2200,2800,0.7,1,1,0,1,0,0,0.00336207733633137
63,"B_smooth_logistic",2800,3400,0.85,1,0.930714285714286,-0.0692857142857143,0.930714285714286,0,0.0692857142857143,0.0055159004403408
63,"B_smooth_logistic",3400,4000,1,0.930588235294118,0.875,-0.0555882352941176,0.940265486725664,0,0.0555882352941176,0.00136701219681231
64,"A_threshold",1000,1600,0.4,0.753,0.503,-0.25,0.667994687915007,0,0.25,0.0145483178145418
64,"A_threshold",1600,2200,0.55,0.515625,0.434375,-0.08125,0.842424242424242,0,0.08125,0.00727771920533277
64,"A_threshold",2200,2800,0.7,0.43,0.305909090909091,-0.124090909090909,0.711416490486258,0,0.124090909090909,0.00657345226901664
64,"A_threshold",2800,3400,0.85,0.298928571428571,0.171071428571429,-0.127857142857143,0.572281959378734,0,0.127857142857143,0.00554486907393332
64,"A_threshold",3400,4000,1,0.168529411764706,0.111764705882353,-0.0567647058823529,0.663176265270506,0,0.0567647058823529,0.00972844899342009
64,"B_smooth_logistic",1000,1600,0.4,0.979,0.783,-0.196,0.799795709908069,0,0.196,0.0153792422930048
64,"B_smooth_logistic",1600,2200,0.55,0.781875,0.965625,0.18375,0.809708737864078,0.18375,0,0.0107052920897424
64,"B_smooth_logistic",2200,2800,0.7,0.966363636363636,0.842272727272727,-0.124090909090909,0.871589840075259,0,0.124090909090909,0.00694960790357258
64,"B_smooth_logistic",2800,3400,0.85,0.842857142857143,0.841071428571429,-0.00178571428571428,0.997881355932203,0,0.00178571428571429,0.00496128096618444
64,"B_smooth_logistic",3400,4000,1,0.843235294117647,0.865588235294118,0.0223529411764706,0.974176010873259,0.0223529411764706,0,0.00226491946443991
65,"A_threshold",1000,1600,0.4,0.363,0,-0.363,0,0,0.363,0.00514200418776991
65,"A_threshold",1600,2200,0.55,0,0.3075,0.3075,0,0.3075,0,0.0127647161339987
65,"A_threshold",2200,2800,0.7,0.3,0.428636363636364,0.128636363636364,0.699893955461294,0.128636363636364,0,0.00600190851449324
65,"A_threshold",2800,3400,0.85,0.436071428571429,0.577142857142857,0.141071428571429,0.755569306930693,0.141071428571429,0,0.00636631234874835
65,"A_threshold",3400,4000,1,0.577058823529412,0.468823529411765,-0.108235294117647,0.81243628950051,0,0.108235294117647,0.00642443922512433
65,"B_smooth_logistic",1000,1600,0.4,1,0.807,-0.193,0.807,0,0.193,0.0054757569240731
65,"B_smooth_logistic",1600,2200,0.55,0.80375,0.746875,-0.056875,0.929237947122862,0,0.056875,0.00488084827870065
65,"B_smooth_logistic",2200,2800,0.7,0.744545454545455,0.685,-0.0595454545454545,0.92002442002442,0,0.0595454545454545,0.00662929549063939
65,"B_smooth_logistic",2800,3400,0.85,0.681071428571429,0.7275,0.0464285714285715,0.936180657830142,0.0464285714285714,0,0.00422736435939972
65,"B_smooth_logistic",3400,4000,1,0.728235294117647,0.749117647058824,0.0208823529411765,0.972124067530428,0.0208823529411765,0,0.00133355049236521
66,"A_threshold",1000,1600,0.4,0,0,0,1,0,0,0.00737560615146365
66,"A_threshold",1600,2200,0.55,0.000625,0,-0.000625,0,0,0.000625,0.00805239998914309
66,"A_threshold",2200,2800,0.7,0,0.0504545454545455,0.0504545454545455,0,0.0504545454545455,0,0.00895142093180466
66,"A_threshold",2800,3400,0.85,0.0503571428571429,0.141785714285714,0.0914285714285714,0.355163727959698,0.0914285714285714,0,0.00609048264639232
66,"A_threshold",3400,4000,1,0.144117647058824,0.149117647058824,0.005,0.96646942800789,0.005,0,0.00770334279443962
66,"B_smooth_logistic",1000,1600,0.4,0.526,0,-0.526,0,0,0.526,0.0115224609291062
66,"B_smooth_logistic",1600,2200,0.55,0,0.18,0.18,0,0.18,0,0.00878091844666595
66,"B_smooth_logistic",2200,2800,0.7,0.180454545454545,0.217272727272727,0.0368181818181818,0.830543933054393,0.0368181818181818,0,0.00536246416646643
66,"B_smooth_logistic",2800,3400,0.85,0.218214285714286,0.467142857142857,0.248928571428571,0.467125382262997,0.248928571428571,0,0.00721317689250867
66,"B_smooth_logistic",3400,4000,1,0.459705882352941,0.540294117647059,0.0805882352941176,0.850843767011432,0.0805882352941176,0,0.00247448795260273
67,"A_threshold",1000,1600,0.4,0.924,0.849,-0.0750000000000001,0.918831168831169,0,0.075,0.00620037718050744
67,"A_threshold",1600,2200,0.55,0.849375,0.641875,-0.2075,0.75570272259014,0,0.2075,0.0105213739808164
67,"A_threshold",2200,2800,0.7,0.635909090909091,0.335454545454545,-0.300454545454545,0.527519656897784,0,0.300454545454545,0.00903721853210099
67,"A_threshold",2800,3400,0.85,0.3375,0.311428571428571,-0.0260714285714286,0.922751322751323,0,0.0260714285714286,0.00227555661316584
67,"A_threshold",3400,4000,1,0.312647058823529,0.377352941176471,0.0647058823529412,0.828526890101325,0.0647058823529412,0,0.00362669123421089
67,"B_smooth_logistic",1000,1600,0.4,0.727,1,0.273,0.727,0.273,0,0.0148032238960506
67,"B_smooth_logistic",1600,2200,0.55,1,1,0,1,0,0,0.00387579711154263
67,"B_smooth_logistic",2200,2800,0.7,1,0.961818181818182,-0.0381818181818182,0.961818181818182,0,0.0381818181818182,0.00330138830693872
67,"B_smooth_logistic",2800,3400,0.85,0.961428571428571,0.746071428571429,-0.215357142857143,0.776002971768202,0,0.215357142857143,0.0055863752264519
67,"B_smooth_logistic",3400,4000,1,0.747647058823529,0.892941176470588,0.145294117647059,0.837285902503294,0.145294117647059,0,0.00344332003930265
68,"A_threshold",1000,1600,0.4,0.379,1,0.621,0.379,0.621,0,0.0229877811860767
68,"A_threshold",1600,2200,0.55,1,0.989375,-0.010625,0.989375,0,0.010625,0.00594658081785888
68,"A_threshold",2200,2800,0.7,0.99,0.927272727272727,-0.0627272727272727,0.9366391184573,0,0.0627272727272727,0.00585871562995077
68,"A_threshold",2800,3400,0.85,0.923214285714286,0.9425,0.0192857142857142,0.979537703675635,0.0192857142857143,0,0.00283639383611258
68,"A_threshold",3400,4000,1,0.941176470588235,0.992941176470588,0.0517647058823529,0.947867298578199,0.0517647058823529,0,0.00263808748599868
68,"B_smooth_logistic",1000,1600,0.4,0.494,1,0.506,0.494,0.506,0,0.0261037958094748
68,"B_smooth_logistic",1600,2200,0.55,1,1,0,1,0,0,0.0135325445367439
68,"B_smooth_logistic",2200,2800,0.7,1,1,0,1,0,0,0.0021961412139977
68,"B_smooth_logistic",2800,3400,0.85,1,1,0,1,0,0,0.00794021212201201
68,"B_smooth_logistic",3400,4000,1,1,1,0,1,0,0,0.00420527891229799
69,"A_threshold",1000,1600,0.4,0.418,0.433,0.015,0.965357967667437,0.015,0,0.00625225868727907
69,"A_threshold",1600,2200,0.55,0.436875,0.975,0.538125,0.411875,0.563125,0.025,0.0101599212102022
69,"A_threshold",2200,2800,0.7,0.974090909090909,0.299090909090909,-0.675,0.307046196920205,0,0.675,0.00458374889685238
69,"A_threshold",2800,3400,0.85,0.2975,0.000714285714285714,-0.296785714285714,0,0.000714285714285714,0.2975,0.00698946684660153
69,"A_threshold",3400,4000,1,0.000588235294117647,0,-0.000588235294117647,0,0,0.000588235294117647,0.00264339639484447
69,"B_smooth_logistic",1000,1600,0.4,0.751,0.683,-0.0679999999999999,0.909454061251665,0,0.068,0.00971880507089779
69,"B_smooth_logistic",1600,2200,0.55,0.68625,0.769375,0.083125,0.89195775792039,0.083125,0,0.0109468796502078
69,"B_smooth_logistic",2200,2800,0.7,0.77,0.694545454545455,-0.0754545454545454,0.902007083825266,0,0.0754545454545455,0.009609285311543
69,"B_smooth_logistic",2800,3400,0.85,0.698571428571429,0.641785714285714,-0.0567857142857143,0.918711656441718,0,0.0567857142857143,0.00432389753633334
69,"B_smooth_logistic",3400,4000,1,0.643823529411765,0.605588235294118,-0.038235294117647,0.940612151667428,0,0.0382352941176471,0.00426829606697545
70,"A_threshold",1000,1600,0.4,0.657,0.806,0.149,0.815136476426799,0.149,0,0.00773233738461631
70,"A_threshold",1600,2200,0.55,0.8125,0.8575,0.045,0.947521865889213,0.045,0,0.00346116009255502
70,"A_threshold",2200,2800,0.7,0.855,0.679090909090909,-0.175909090909091,0.794258373205742,0,0.175909090909091,0.00907050189638155
70,"A_threshold",2800,3400,0.85,0.678214285714286,0.433214285714286,-0.245,0.638757240652975,0,0.245,0.00647973598164901
70,"A_threshold",3400,4000,1,0.428529411764706,0.409411764705882,-0.0191176470588235,0.955387783115992,0,0.0191176470588235,0.000446862147081666
70,"B_smooth_logistic",1000,1600,0.4,1,1,0,1,0,0,0.00216753886923161
70,"B_smooth_logistic",1600,2200,0.55,1,1,0,1,0,0,0.00504763199559778
70,"B_smooth_logistic",2200,2800,0.7,1,1,0,1,0,0,0.00281957135558539
70,"B_smooth_logistic",2800,3400,0.85,1,1,0,1,0,0,0.00114291839376548
70,"B_smooth_logistic",3400,4000,1,1,1,0,1,0,0,0.00305434765369095
71,"A_threshold",1000,1600,0.4,1,0.849,-0.151,0.849,0,0.151,0.0208611786032614
71,"A_threshold",1600,2200,0.55,0.849375,0.7625,-0.086875,0.897718910963944,0,0.086875,0.00904047441937403
71,"A_threshold",2200,2800,0.7,0.756363636363636,0.695,-0.0613636363636364,0.918870192307692,0,0.0613636363636364,0.00844731292212946
71,"A_threshold",2800,3400,0.85,0.688928571428571,0.229285714285714,-0.459642857142857,0.332814930015552,0,0.459642857142857,0.0134636088429524
71,"A_threshold",3400,4000,1,0.227647058823529,0.114705882352941,-0.112941176470588,0.503875968992248,0,0.112941176470588,0.00411664475613545
71,"B_smooth_logistic",1000,1600,0.4,0.136,0.568,0.432,0.23943661971831,0.432,0,0.023134559745245
71,"B_smooth_logistic",1600,2200,0.55,0.560625,0.58,0.0193749999999999,0.966594827586207,0.019375,0,0.00543050653608108
71,"B_smooth_logistic",2200,2800,0.7,0.575454545454545,0.601363636363636,0.0259090909090909,0.956916099773243,0.0259090909090909,0,0.00187985719484277
71,"B_smooth_logistic",2800,3400,0.85,0.603928571428571,0.535,-0.0689285714285715,0.885866351271437,0,0.0689285714285714,0.00413064818720207
71,"B_smooth_logistic",3400,4000,1,0.537058823529412,0.682058823529412,0.145,0.78740836567486,0.145,0,0.00657117737847706
72,"A_threshold",1000,1600,0.4,0.529,0,-0.529,0,0,0.529,0.015913713140561
72,"A_threshold",1600,2200,0.55,0,0.23125,0.23125,0,0.23125,0,0.00984715821364985
72,"A_threshold",2200,2800,0.7,0.226818181818182,0.103636363636364,-0.123181818181818,0.456913827655311,0,0.123181818181818,0.00425565084960308
72,"A_threshold",2800,3400,0.85,0.100357142857143,0.246785714285714,0.146428571428571,0.406657018813314,0.146428571428571,0,0.00663293325641169
72,"A_threshold",3400,4000,1,0.247352941176471,0.305882352941176,0.0585294117647059,0.808653846153846,0.0585294117647059,0,0.00245587061634203
72,"B_smooth_logistic",1000,1600,0.4,0.627,0.624,-0.003,0.995215311004785,0,0.003,0.00470412908689071
72,"B_smooth_logistic",1600,2200,0.55,0.6325,0.698125,0.065625,0.905998209489705,0.065625,0,0.00612849983811799
72,"B_smooth_logistic",2200,2800,0.7,0.685909090909091,0.638636363636364,-0.0472727272727272,0.931080185553347,0,0.0472727272727273,0.00467355448645129
72,"B_smooth_logistic",2800,3400,0.85,0.636428571428571,0.805714285714286,0.169285714285714,0.789893617021277,0.169285714285714,0,0.0144415562974941
72,"B_smooth_logistic",3400,4000,1,0.802647058823529,0.726176470588235,-0.0764705882352941,0.904727006229388,0,0.0764705882352941,0.00374387861575391
73,"A_threshold",1000,1600,0.4,0.112,0.306,0.194,0.366013071895425,0.194,0,0.0217826448917957
73,"A_threshold",1600,2200,0.55,0.29125,0.29875,0.00750000000000001,0.97489539748954,0.0075,0,0.00355869385949601
73,"A_threshold",2200,2800,0.7,0.292727272727273,0.329090909090909,0.0363636363636364,0.889502762430939,0.0363636363636364,0,0.00590347338730556
73,"A_threshold",2800,3400,0.85,0.327142857142857,0.350714285714286,0.0235714285714286,0.932790224032587,0.0235714285714286,0,0.006280982502348
73,"A_threshold",3400,4000,1,0.357352941176471,0.459117647058824,0.101764705882353,0.778347213324792,0.101764705882353,0,0.0064969751922689
73,"B_smooth_logistic",1000,1600,0.4,0.69,0.78,0.0900000000000001,0.884615384615385,0.09,0,0.00611170993111949
73,"B_smooth_logistic",1600,2200,0.55,0.7925,0.658125,-0.134375,0.830441640378549,0,0.134375,0.0140486111539653
73,"B_smooth_logistic",2200,2800,0.7,0.652272727272727,0.691363636363636,0.0390909090909092,0.943458251150559,0.0390909090909091,0,0.00705650296742761
73,"B_smooth_logistic",2800,3400,0.85,0.692857142857143,0.605,-0.0878571428571429,0.87319587628866,0,0.0878571428571429,0.00404708136800201
73,"B_smooth_logistic",3400,4000,1,0.609411764705882,0.636470588235294,0.0270588235294118,0.957486136783734,0.0270588235294118,0,0.00138516571434112
74,"A_threshold",1000,1600,0.4,0.081,0.826,0.745,0.0980629539951574,0.745,0,0.0212918523940173
74,"A_threshold",1600,2200,0.55,0.826875,0.37875,-0.448125,0.458049886621315,0,0.448125,0.0122870513445855
74,"A_threshold",2200,2800,0.7,0.373636363636364,0.458636363636364,0.085,0.814667988107037,0.085,0,0.00366822033382013
74,"A_threshold",2800,3400,0.85,0.4525,0.535,0.0825,0.845794392523365,0.0825,0,0.00258976297525195
74,"A_threshold",3400,4000,1,0.534705882352941,0.420588235294118,-0.114117647058823,0.786578657865787,0,0.114117647058824,0.00352956957730502
74,"B_smooth_logistic",1000,1600,0.4,1,1,0,1,0,0,0.00377932689244003
74,"B_smooth_logistic",1600,2200,0.55,1,1,0,1,0,0,0.00308452249164818
74,"B_smooth_logistic",2200,2800,0.7,1,0.811818181818182,-0.188181818181818,0.811818181818182,0,0.188181818181818,0.0146366452047522
74,"B_smooth_logistic",2800,3400,0.85,0.811428571428571,0.8875,0.0760714285714286,0.914285714285714,0.0760714285714286,0,0.00378569422623525
74,"B_smooth_logistic",3400,4000,1,0.884411764705882,0.894117647058824,0.00970588235294123,0.989144736842105,0.00970588235294118,0,0.00453599867745426
75,"A_threshold",1000,1600,0.4,0.007,0,-0.007,0,0,0.007,0.0106095277164489
75,"A_threshold",1600,2200,0.55,0,0,0,1,0,0,0.00730201698249552
75,"A_threshold",2200,2800,0.7,0,0.0640909090909091,0.0640909090909091,0,0.0640909090909091,0,0.0067622456311695
75,"A_threshold",2800,3400,0.85,0.0639285714285714,0.0257142857142857,-0.0382142857142857,0.402234636871508,0,0.0382142857142857,0.00525781347173733
75,"A_threshold",3400,4000,1,0.0258823529411765,0.0376470588235294,0.0117647058823529,0.6875,0.0117647058823529,0,0.00158055404540236
75,"B_smooth_logistic",1000,1600,0.4,0.493,0.631,0.138,0.781299524564184,0.138,0,0.0132381365336136
75,"B_smooth_logistic",1600,2200,0.55,0.6075,0.581875,-0.025625,0.957818930041152,0,0.025625,0.00634534122283254
75,"B_smooth_logistic",2200,2800,0.7,0.585454545454545,0.541818181818182,-0.0436363636363636,0.925465838509317,0,0.0436363636363636,0.00374034265790681
75,"B_smooth_logistic",2800,3400,0.85,0.543571428571429,0.557857142857143,0.0142857142857142,0.974391805377721,0.0142857142857143,0,0.00152005004462229
75,"B_smooth_logistic",3400,4000,1,0.561176470588235,0.656176470588235,0.095,0.855221873599283,0.095,0,0.00531688817631019
76,"A_threshold",1000,1600,0.4,0,0,0,1,0,0,0.00979391675369682
76,"A_threshold",1600,2200,0.55,0,0.0025,0.0025,0,0.0025,0,0.00207622696718002
76,"A_threshold",2200,2800,0.7,0.00363636363636364,0.165,0.161363636363636,0,0.165,0.00363636363636364,0.0101377153851776
76,"A_threshold",2800,3400,0.85,0.163214285714286,0.0625,-0.100714285714286,0.382932166301969,0,0.100714285714286,0.00205485732424103
76,"A_threshold",3400,4000,1,0.0647058823529412,0.283235294117647,0.218529411764706,0.228452751817238,0.218529411764706,0,0.00272866786868955
76,"B_smooth_logistic",1000,1600,0.4,0.385,0.464,0.079,0.829741379310345,0.079,0,0.00743764809851849
76,"B_smooth_logistic",1600,2200,0.55,0.465625,0.53875,0.0731249999999999,0.864269141531323,0.073125,0,0.00684919217626429
76,"B_smooth_logistic",2200,2800,0.7,0.545454545454545,0.440454545454545,-0.105,0.8075,0,0.105,0.0136334233458596
76,"B_smooth_logistic",2800,3400,0.85,0.44,0.423571428571429,-0.0164285714285714,0.962662337662338,0,0.0164285714285714,0.00116282886490149
76,"B_smooth_logistic",3400,4000,1,0.423235294117647,0.547058823529412,0.123823529411765,0.773655913978495,0.123823529411765,0,0.0102786254690079
77,"A_threshold",1000,1600,0.4,0.977,0.613,-0.364,0.627430910951894,0,0.364,0.0198736198644246
77,"A_threshold",1600,2200,0.55,0.6125,0.698125,0.085625,0.877350044762757,0.085625,0,0.00283982990979056
77,"A_threshold",2200,2800,0.7,0.691818181818182,0.618636363636364,-0.0731818181818181,0.894218134034166,0,0.0731818181818182,0.00379945539637566
77,"A_threshold",2800,3400,0.85,0.615714285714286,1,0.384285714285714,0.615714285714286,0.384285714285714,0,0.0088267342856276
77,"A_threshold",3400,4000,1,1,1,0,1,0,0,0.00151240038344023
77,"B_smooth_logistic",1000,1600,0.4,0.795,0.755,-0.04,0.949685534591195,0,0.04,0.000784943734044119
77,"B_smooth_logistic",1600,2200,0.55,0.750625,0.9225,0.171875,0.813685636856369,0.171875,0,0.0114744250118335
77,"B_smooth_logistic",2200,2800,0.7,0.919090909090909,0.915909090909091,-0.00318181818181817,0.996538081107814,0,0.00318181818181818,0.00676235406239418
77,"B_smooth_logistic",2800,3400,0.85,0.915,0.942857142857143,0.0278571428571428,0.970454545454545,0.0278571428571429,0,0.00211290576434498
77,"B_smooth_logistic",3400,4000,1,0.942352941176471,0.998823529411765,0.0564705882352941,0.943462897526502,0.0564705882352941,0,0.00342446299511187
78,"A_threshold",1000,1600,0.4,0.101,0.179,0.078,0.564245810055866,0.078,0,0.0124827822629902
78,"A_threshold",1600,2200,0.55,0.165625,0.188125,0.0225,0.880398671096346,0.0225,0,0.00391987459758644
78,"A_threshold",2200,2800,0.7,0.18,0.299545454545455,0.119545454545455,0.600910470409712,0.119545454545455,0,0.00388338587997511
78,"A_threshold",2800,3400,0.85,0.297857142857143,0.0160714285714286,-0.281785714285714,0.0539568345323741,0,0.281785714285714,0.00615134412401701
78,"A_threshold",3400,4000,1,0.0176470588235294,0.0126470588235294,-0.005,0.716666666666667,0,0.005,0.000929149019402323
78,"B_smooth_logistic",1000,1600,0.4,0.857,0.834,-0.023,0.97316219369895,0,0.023,0.000864500213863215
78,"B_smooth_logistic",1600,2200,0.55,0.833125,0.82375,-0.00937500000000002,0.988747186796699,0,0.009375,0.00231930938672412
78,"B_smooth_logistic",2200,2800,0.7,0.828636363636364,0.894545454545455,0.0659090909090909,0.926321138211382,0.0659090909090909,0,0.00258015478739836
78,"B_smooth_logistic",2800,3400,0.85,0.8975,0.868928571428571,-0.0285714285714286,0.96816553919618,0,0.0285714285714286,0.00210473770664511
78,"B_smooth_logistic",3400,4000,1,0.871176470588235,0.762941176470588,-0.108235294117647,0.87575962187711,0,0.108235294117647,0.00427965558100533
79,"A_threshold",1000,1600,0.4,0.814,0.823,0.00900000000000001,0.98906439854192,0.009,0,0.00292731356420502
79,"A_threshold",1600,2200,0.55,0.81625,0.66375,-0.1525,0.813169984686064,0,0.1525,0.0107169189657593
79,"A_threshold",2200,2800,0.7,0.662727272727273,0.537272727272727,-0.125454545454545,0.810699588477366,0,0.125454545454545,0.00871418605125658
79,"A_threshold",2800,3400,0.85,0.541071428571429,0.398571428571429,-0.1425,0.736633663366337,0,0.1425,0.0119642340035342
79,"A_threshold",3400,4000,1,0.399411764705882,0.262941176470588,-0.136470588235294,0.658321060382916,0,0.136470588235294,0.00942094526431994
79,"B_smooth_logistic",1000,1600,0.4,1,1,0,1,0,0,0.0107336497427696
79,"B_smooth_logistic",1600,2200,0.55,1,1,0,1,0,0,0.00463354008502881
79,"B_smooth_logistic",2200,2800,0.7,1,1,0,1,0,0,0.00530308629337289
79,"B_smooth_logistic",2800,3400,0.85,1,1,0,1,0,0,0.00376495257864812
79,"B_smooth_logistic",3400,4000,1,1,1,0,1,0,0,0.00325423682809046
80,"A_threshold",1000,1600,0.4,0.648,0.926,0.278,0.699784017278618,0.278,0,0.0113672640661644
80,"A_threshold",1600,2200,0.55,0.915625,0.220625,-0.695,0.240955631399317,0,0.695,0.0232436019875774
80,"A_threshold",2200,2800,0.7,0.219545454545455,0.258181818181818,0.0386363636363636,0.850352112676056,0.0386363636363636,0,0.00116352854062574
80,"A_threshold",2800,3400,0.85,0.258571428571429,0.340357142857143,0.0817857142857143,0.759706190975866,0.0817857142857143,0,0.00421697645458087
80,"A_threshold",3400,4000,1,0.338823529411765,0.389117647058824,0.0502941176470588,0.870748299319728,0.0502941176470588,0,0.00240720403319768
80,"B_smooth_logistic",1000,1600,0.4,0.823,1,0.177,0.823,0.177,0,0.0174013099274269
80,"B_smooth_logistic",1600,2200,0.55,1,0.706875,-0.293125,0.706875,0,0.293125,0.0167254830244036
80,"B_smooth_logistic",2200,2800,0.7,0.710454545454545,0.699545454545455,-0.0109090909090909,0.984644913627639,0,0.0109090909090909,0.00073016720799397
80,"B_smooth_logistic",2800,3400,0.85,0.702142857142857,0.792857142857143,0.0907142857142856,0.885585585585586,0.0907142857142857,0,0.00324404983452505
80,"B_smooth_logistic",3400,4000,1,0.792058823529412,0.737352941176471,-0.0547058823529413,0.930932046045303,0,0.0547058823529412,0.00271702243561037
81,"A_threshold",1000,1600,0.4,0.273,0.165,-0.108,0.604395604395604,0,0.108,0.00985133073892421
81,"A_threshold",1600,2200,0.55,0.169375,0.1975,0.028125,0.857594936708861,0.028125,0,0.0170061603637874
81,"A_threshold",2200,2800,0.7,0.201363636363636,0.0827272727272727,-0.118636363636364,0.410835214446953,0,0.118636363636364,0.00505943793747115
81,"A_threshold",2800,3400,0.85,0.0810714285714286,0,-0.0810714285714286,0,0,0.0810714285714286,0.00494034784247204
81,"A_threshold",3400,4000,1,0,0,0,1,0,0,0.000298072123790056
81,"B_smooth_logistic",1000,1600,0.4,1,1,0,1,0,0,0.0112491724197176
81,"B_smooth_logistic",1600,2200,0.55,1,1,0,1,0,0,0.00789851118701611
81,"B_smooth_logistic",2200,2800,0.7,1,1,0,1,0,0,0.00307494029397866
81,"B_smooth_logistic",2800,3400,0.85,1,1,0,1,0,0,0.00200307614998278
81,"B_smooth_logistic",3400,4000,1,1,1,0,1,0,0,0.00340152147265368
82,"A_threshold",1000,1600,0.4,0.887,0.855,-0.032,0.963923337091319,0,0.032,0.0067605579845713
82,"A_threshold",1600,2200,0.55,0.863125,0.920625,0.0575,0.937542430414121,0.0575,0,0.00339579454954909
82,"A_threshold",2200,2800,0.7,0.917272727272727,0.871363636363636,-0.0459090909090909,0.949950445986125,0,0.0459090909090909,0.00237288212400387
82,"A_threshold",2800,3400,0.85,0.865357142857143,0.909285714285714,0.0439285714285714,0.951688923802042,0.0439285714285714,0,0.00228277138182533
82,"A_threshold",3400,4000,1,0.909117647058823,0.877352941176471,-0.0317647058823529,0.965059851180848,0,0.0317647058823529,0.0043025860546674
82,"B_smooth_logistic",1000,1600,0.4,0.766,0.949,0.183,0.807165437302424,0.183,0,0.0147423309560426
82,"B_smooth_logistic",1600,2200,0.55,0.9475,1,0.0525,0.9475,0.0525,0,0.0159345800597488
82,"B_smooth_logistic",2200,2800,0.7,1,1,0,1,0,0,0.00573187428864029
82,"B_smooth_logistic",2800,3400,0.85,1,0.974642857142857,-0.0253571428571429,0.974642857142857,0,0.0253571428571429,0.00449845026433418
82,"B_smooth_logistic",3400,4000,1,0.976470588235294,1,0.0235294117647059,0.976470588235294,0.0235294117647059,0,0.00237245597296765
83,"A_threshold",1000,1600,0.4,0,0,0,1,0,0,0.00250467549432471
83,"A_threshold",1600,2200,0.55,0,0.3325,0.3325,0,0.3325,0,0.00963149966384806
83,"A_threshold",2200,2800,0.7,0.320909090909091,0.394545454545455,0.0736363636363636,0.813364055299539,0.0736363636363636,0,0.00328206860089933
83,"A_threshold",2800,3400,0.85,0.400357142857143,0.397857142857143,-0.0025,0.993755575379126,0,0.0025,0.00325105583850059
83,"A_threshold",3400,4000,1,0.398823529411765,0.397352941176471,-0.00147058823529411,0.996312684365782,0,0.00147058823529412,0.00113215326919795
83,"B_smooth_logistic",1000,1600,0.4,0.342,0.507,0.165,0,0.507,0.342,0.0166563408045233
83,"B_smooth_logistic",1600,2200,0.55,0.514375,1,0.485625,0.514375,0.485625,0,0.00476891806240915
83,"B_smooth_logistic",2200,2800,0.7,1,0.98,-0.02,0.98,0,0.02,0.0100353458696004
83,"B_smooth_logistic",2800,3400,0.85,0.981071428571429,1,0.0189285714285714,0.981071428571429,0.0189285714285714,0,0.00794938782118694
83,"B_smooth_logistic",3400,4000,1,1,1,0,1,0,0,0.00602212767778767
84,"A_threshold",1000,1600,0.4,0.344,0.443,0.099,0.776523702031603,0.099,0,0.00831140384738545
84,"A_threshold",1600,2200,0.55,0.44625,0.533125,0.086875,0.83704572098476,0.086875,0,0.00731798719964486
84,"A_threshold",2200,2800,0.7,0.539090909090909,0.58,0.0409090909090909,0.929467084639498,0.0409090909090909,0,0.0064088207508913
84,"A_threshold",2800,3400,0.85,0.574285714285714,0.605357142857143,0.0310714285714285,0.948672566371681,0.0310714285714286,0,0.00268992055639857
84,"A_threshold",3400,4000,1,0.599117647058824,0.606470588235294,0.00735294117647056,0.987875848690592,0.00735294117647059,0,0.00695450205329335
84,"B_smooth_logistic",1000,1600,0.4,1,0.87,-0.13,0.87,0,0.13,0.0113866059492328
84,"B_smooth_logistic",1600,2200,0.55,0.876875,0.92375,0.046875,0.949255751014885,0.046875,0,0.00203544373716438
84,"B_smooth_logistic",2200,2800,0.7,0.925,0.756818181818182,-0.168181818181818,0.818181818181818,0,0.168181818181818,0.00695928201552787
84,"B_smooth_logistic",2800,3400,0.85,0.758571428571429,0.771428571428571,0.0128571428571429,0.983333333333333,0.0128571428571429,0,0.00318377439500054
84,"B_smooth_logistic",3400,4000,1,0.778235294117647,0.890882352941176,0.112647058823529,0.873555628920436,0.112647058823529,0,0.0032306778729891
85,"A_threshold",1000,1600,0.4,0.616,0,-0.616,0,0,0.616,0.0245978020408963
85,"A_threshold",1600,2200,0.55,0.000625,0.073125,0.0725,0.00854700854700855,0.0725,0,0.00682990552413659
85,"A_threshold",2200,2800,0.7,0.0686363636363636,0.0577272727272727,-0.0109090909090909,0.841059602649007,0,0.0109090909090909,0.00712528311917932
85,"A_threshold",2800,3400,0.85,0.0596428571428571,0.118214285714286,0.0585714285714286,0.504531722054381,0.0585714285714286,0,0.00434337541593484
85,"A_threshold",3400,4000,1,0.114705882352941,0,-0.114705882352941,0,0,0.114705882352941,0.00389745571075304
85,"B_smooth_logistic",1000,1600,0.4,0.986,1,0.014,0.986,0.014,0,0.0255114971864375
85,"B_smooth_logistic",1600,2200,0.55,1,1,0,1,0,0,0.0115672427429766
85,"B_smooth_logistic",2200,2800,0.7,1,1,0,1,0,0,0.00833468867123367
85,"B_smooth_logistic",2800,3400,0.85,1,0.996785714285714,-0.00321428571428573,0.996785714285714,0,0.00321428571428571,0.00296692743412664
85,"B_smooth_logistic",3400,4000,1,0.996176470588235,0.921176470588235,-0.0750000000000001,0.924712134632418,0,0.075,0.00355059658268897
86,"A_threshold",1000,1600,0.4,0.115,0.28,0.165,0.410714285714286,0.165,0,0.0172363965096997
86,"A_threshold",1600,2200,0.55,0.271875,0.248125,-0.02375,0.91264367816092,0,0.02375,0.00397615030111741
86,"A_threshold",2200,2800,0.7,0.248636363636364,0.303636363636364,0.055,0.818862275449102,0.055,0,0.00261272884481678
86,"A_threshold",2800,3400,0.85,0.303928571428571,0.337857142857143,0.0339285714285714,0.899577167019027,0.0339285714285714,0,0.00623659201555516
86,"A_threshold",3400,4000,1,0.341470588235294,0.321470588235294,-0.02,0.941429801894918,0,0.02,0.00212789328403945
86,"B_smooth_logistic",1000,1600,0.4,1,0.767,-0.233,0.767,0,0.233,0.00382545372605654
86,"B_smooth_logistic",1600,2200,0.55,0.761875,1,0.238125,0.761875,0.238125,0,0.0145641050087732
86,"B_smooth_logistic",2200,2800,0.7,1,1,0,1,0,0,0.00678103382281784
86,"B_smooth_logistic",2800,3400,0.85,1,1,0,1,0,0,0.00509482978292793
86,"B_smooth_logistic",3400,4000,1,1,1,0,1,0,0,0.00681466444736821
87,"A_threshold",1000,1600,0.4,0.479,0.461,-0.018,0.962421711899791,0,0.018,0.00108402344869147
87,"A_threshold",1600,2200,0.55,0.46125,0.588125,0.126875,0.784272051009564,0.126875,0,0.00455266601000958
87,"A_threshold",2200,2800,0.7,0.579545454545455,0.615909090909091,0.0363636363636364,0.940959409594096,0.0363636363636364,0,0.00128756787190723
87,"A_threshold",2800,3400,0.85,0.6275,0.205714285714286,-0.421785714285714,0.327831531018782,0,0.421785714285714,0.0101502669386043
87,"A_threshold",3400,4000,1,0.205882352941176,0.112058823529412,-0.0938235294117647,0.544285714285714,0,0.0938235294117647,0.00900255694602545
87,"B_smooth_logistic",1000,1600,0.4,1,0.916,-0.084,0.916,0,0.084,0.00349482740070678
87,"B_smooth_logistic",1600,2200,0.55,0.91625,1,0.08375,0.91625,0.08375,0,0.0083405586365648
87,"B_smooth_logistic",2200,2800,0.7,1,1,0,1,0,0,0.00292960584343335
87,"B_smooth_logistic",2800,3400,0.85,1,1,0,1,0,0,0.00310034717029916
87,"B_smooth_logistic",3400,4000,1,1,1,0,1,0,0,0.00767465056492851
88,"A_threshold",1000,1600,0.4,0.161,0.087,-0.074,0.540372670807453,0,0.074,0.00624711308887288
88,"A_threshold",1600,2200,0.55,0.095,0.35125,0.25625,0.270462633451957,0.25625,0,0.016279387017557
88,"A_threshold",2200,2800,0.7,0.353181818181818,0.364545454545455,0.0113636363636364,0.968827930174564,0.0113636363636364,0,0.00178461894828734
88,"A_threshold",2800,3400,0.85,0.366428571428571,0.377857142857143,0.0114285714285714,0.969754253308129,0.0114285714285714,0,0.0017734278599744
88,"A_threshold",3400,4000,1,0.380588235294118,0.268529411764706,-0.112058823529412,0.705564142194745,0,0.112058823529412,0.00362322337239567
88,"B_smooth_logistic",1000,1600,0.4,0,1,1,0,1,0,0.0243639848235597
88,"B_smooth_logistic",1600,2200,0.55,1,1,0,1,0,0,0.00307297337976298
88,"B_smooth_logistic",2200,2800,0.7,1,1,0,1,0,0,0.00632541770599939
88,"B_smooth_logistic",2800,3400,0.85,1,1,0,1,0,0,0.00229187142259972
88,"B_smooth_logistic",3400,4000,1,1,0.807352941176471,-0.192647058823529,0.807352941176471,0,0.192647058823529,0.00750520005824149
89,"A_threshold",1000,1600,0.4,0.04,0.106,0.066,0.377358490566038,0.066,0,0.0176607317515446
89,"A_threshold",1600,2200,0.55,0.105625,0.165,0.059375,0.640151515151515,0.059375,0,0.00999061665136108
89,"A_threshold",2200,2800,0.7,0.163181818181818,0.174090909090909,0.0109090909090909,0.93733681462141,0.0109090909090909,0,0.00394185965338743
89,"A_threshold",2800,3400,0.85,0.175,0.240357142857143,0.0653571428571429,0.728083209509658,0.0653571428571429,0,0.00741559962007784
89,"A_threshold",3400,4000,1,0.236176470588235,0.248823529411765,0.0126470588235294,0.949172576832151,0.0126470588235294,0,0.0030201172499642
89,"B_smooth_logistic",1000,1600,0.4,0.68,0.89,0.21,0.764044943820225,0.21,0,0.0112235998236637
89,"B_smooth_logistic",1600,2200,0.55,0.89,1,0.11,0.89,0.11,0,0.00869754919858868
89,"B_smooth_logistic",2200,2800,0.7,1,1,0,1,0,0,0.00622147892903707
89,"B_smooth_logistic",2800,3400,0.85,1,1,0,1,0,0,0.0086705997533224
89,"B_smooth_logistic",3400,4000,1,1,1,0,1,0,0,0.0023006239791464
90,"A_threshold",1000,1600,0.4,0.842,0.639,-0.203,0.758907363420428,0,0.203,0.0119709934932515
90,"A_threshold",1600,2200,0.55,0.641875,0.726875,0.0850000000000001,0.883061049011178,0.085,0,0.0045235344512698
90,"A_threshold",2200,2800,0.7,0.731363636363636,0.565454545454545,-0.165909090909091,0.773151025481666,0,0.165909090909091,0.00349281589089248
90,"A_threshold",2800,3400,0.85,0.571785714285714,0.768928571428571,0.197142857142857,0.743613562470971,0.197142857142857,0,0.00395597525401412
90,"A_threshold",3400,4000,1,0.772058823529412,0.532058823529412,-0.24,0.689142857142857,0,0.24,0.00441923612932
90,"B_smooth_logistic",1000,1600,0.4,1,0.791,-0.209,0.791,0,0.209,0.0275225071099851
90,"B_smooth_logistic",1600,2200,0.55,0.799375,0.799375,0,1,0,0,0.000806259331466383
90,"B_smooth_logistic",2200,2800,0.7,0.806818181818182,0.807272727272727,0.000454545454545485,0.999436936936937,0.000454545454545455,0,0.00156104603835292
90,"B_smooth_logistic",2800,3400,0.85,0.797857142857143,0.798214285714286,0.000357142857142945,0.999552572706935,0.000357142857142857,0,0.00499210438024392
90,"B_smooth_logistic",3400,4000,1,0.797352941176471,0.828235294117647,0.0308823529411765,0.962713068181818,0.0308823529411765,0,0.00260891896617457
91,"A_threshold",1000,1600,0.4,0,0,0,1,0,0,0.02716643979146
91,"A_threshold",1600,2200,0.55,0,0.1875,0.1875,0,0.1875,0,0.00902876578405799
91,"A_threshold",2200,2800,0.7,0.193636363636364,0.208636363636364,0.015,0.928104575163399,0.015,0,0.00772113065319721
91,"A_threshold",2800,3400,0.85,0.213214285714286,0.258928571428571,0.0457142857142857,0,0.258928571428571,0.213214285714286,0.00643985482449156
91,"A_threshold",3400,4000,1,0.255294117647059,0.134117647058824,-0.121176470588235,0.525345622119816,0,0.121176470588235,0.00299605481462884
91,"B_smooth_logistic",1000,1600,0.4,1,0.778,-0.222,0.778,0,0.222,0.0117861859559977
91,"B_smooth_logistic",1600,2200,0.55,0.77375,1,0.22625,0.77375,0.22625,0,0.0076611821284411
91,"B_smooth_logistic",2200,2800,0.7,1,0.846363636363636,-0.153636363636364,0.846363636363636,0,0.153636363636364,0.0125822247210616
91,"B_smooth_logistic",2800,3400,0.85,0.847142857142857,0.780357142857143,-0.0667857142857143,0.921163575042159,0,0.0667857142857143,0.0041676471318473
91,"B_smooth_logistic",3400,4000,1,0.782058823529412,0.763235294117647,-0.0188235294117648,0.975930801053027,0,0.0188235294117647,0.00175455606559903
92,"A_threshold",1000,1600,0.4,0.028,0,-0.028,0,0,0.028,0.0190363647800539
92,"A_threshold",1600,2200,0.55,0,0.035625,0.035625,0,0.035625,0,0.017978520249443
92,"A_threshold",2200,2800,0.7,0.0404545454545455,0.102727272727273,0.0622727272727273,0.393805309734513,0.0622727272727273,0,0.00744300148734726
92,"A_threshold",2800,3400,0.85,0.100714285714286,0.188571428571429,0.0878571428571429,0.534090909090909,0.0878571428571429,0,0.00507601521428824
92,"A_threshold",3400,4000,1,0.197941176470588,0.189705882352941,-0.00823529411764706,0.958395245170877,0,0.00823529411764706,0.00261995408229103
92,"B_smooth_logistic",1000,1600,0.4,0.579,0.792,0.213,0.731060606060606,0.213,0,0.0166118180812562
92,"B_smooth_logistic",1600,2200,0.55,0.786875,1,0.213125,0.786875,0.213125,0,0.0153911301841033
92,"B_smooth_logistic",2200,2800,0.7,1,0.990454545454545,-0.00954545454545452,0.990454545454545,0,0.00954545454545455,0.0021806347259774
92,"B_smooth_logistic",2800,3400,0.85,0.991071428571429,1,0.0089285714285714,0.991071428571429,0.00892857142857143,0,0.00403783053921901
92,"B_smooth_logistic",3400,4000,1,1,1,0,1,0,0,0.00153097360449398
93,"A_threshold",1000,1600,0.4,0.123,0.002,-0.121,0.016260162601626,0,0.121,0.0109911088467714
93,"A_threshold",1600,2200,0.55,0.0025,0.141875,0.139375,0.0176211453744493,0.139375,0,0.0144892582697292
93,"A_threshold",2200,2800,0.7,0.14,0.216363636363636,0.0763636363636364,0.647058823529412,0.0763636363636364,0,0.00667817380347066
93,"A_threshold",2800,3400,0.85,0.220357142857143,0.34,0.119642857142857,0.648109243697479,0.119642857142857,0,0.00676665362548936
93,"A_threshold",3400,4000,1,0.344411764705882,0.295588235294118,-0.0488235294117647,0.858240819812126,0,0.0488235294117647,0.00220689056143063
93,"B_smooth_logistic",1000,1600,0.4,0.722,0.804,0.0820000000000001,0.898009950248756,0.082,0,0.0143327386010975
93,"B_smooth_logistic",1600,2200,0.55,0.81,0.805625,-0.00437500000000002,0.994598765432099,0,0.004375,0.000685259724411863
93,"B_smooth_logistic",2200,2800,0.7,0.805,0.911818181818182,0.106818181818182,0.882851445663011,0.106818181818182,0,0.00409469780367542
93,"B_smooth_logistic",2800,3400,0.85,0.913214285714286,1,0.0867857142857142,0.913214285714286,0.0867857142857143,0,0.00694037413932211
93,"B_smooth_logistic",3400,4000,1,1,0.885294117647059,-0.114705882352941,0.885294117647059,0,0.114705882352941,0.00486665296842165
94,"A_threshold",1000,1600,0.4,0.506,0.309,-0.197,0,0.309,0.506,0.0207875186653762
94,"A_threshold",1600,2200,0.55,0.291875,0.305,0.013125,0.956967213114754,0.013125,0,0.000445747943430634
94,"A_threshold",2200,2800,0.7,0.305,0.365909090909091,0.0609090909090909,0.833540372670807,0.0609090909090909,0,0.00229659381592505
94,"A_threshold",2800,3400,0.85,0.368214285714286,0.304285714285714,-0.0639285714285714,0.826382153249273,0,0.0639285714285714,0.00473528068629039
94,"A_threshold",3400,4000,1,0.299117647058824,0.442352941176471,0.143235294117647,0.676196808510638,0.143235294117647,0,0.00587035648380014
94,"B_smooth_logistic",1000,1600,0.4,1,0.645,-0.355,0.645,0,0.355,0.0125644877997135
94,"B_smooth_logistic",1600,2200,0.55,0.635,1,0.365,0.635,0.365,0,0.0117640785999386
94,"B_smooth_logistic",2200,2800,0.7,1,0.943636363636364,-0.0563636363636364,0.943636363636364,0,0.0563636363636364,0.00340509496318785
94,"B_smooth_logistic",2800,3400,0.85,0.945,0.8425,-0.1025,0.891534391534392,0,0.1025,0.00197142779925617
94,"B_smooth_logistic",3400,4000,1,0.844411764705882,1,0.155588235294118,0.844411764705882,0.155588235294118,0,0.00323188664674964
95,"A_threshold",1000,1600,0.4,0.516,0.639,0.123,0.807511737089202,0.123,0,0.00932802131157865
95,"A_threshold",1600,2200,0.55,0.638125,0.688125,0.0499999999999999,0.927338782924614,0.05,0,0.00659271762599944
95,"A_threshold",2200,2800,0.7,0.693636363636364,0.706818181818182,0.0131818181818182,0.981350482315113,0.0131818181818182,0,0.00139547751826487
95,"A_threshold",2800,3400,0.85,0.700714285714286,0.611785714285714,-0.0889285714285715,0.87308868501529,0,0.0889285714285714,0.00460408313468243
95,"A_threshold",3400,4000,1,0.609117647058824,0.508235294117647,-0.100882352941177,0.834379526798648,0,0.100882352941176,0.00419634358065463
95,"B_smooth_logistic",1000,1600,0.4,0.634,0.83,0.196,0.763855421686747,0.196,0,0.00875165176600184
95,"B_smooth_logistic",1600,2200,0.55,0.829375,1,0.170625,0.829375,0.170625,0,0.0125057376133811
95,"B_smooth_logistic",2200,2800,0.7,1,1,0,1,0,0,0.00516171496534493
95,"B_smooth_logistic",2800,3400,0.85,1,1,0,1,0,0,0.0056663806995158
95,"B_smooth_logistic",3400,4000,1,1,1,0,1,0,0,0.00200612370872856
96,"A_threshold",1000,1600,0.4,0.006,0.015,0.009,0,0.015,0.006,0.00705129928580473
96,"A_threshold",1600,2200,0.55,0.015625,0.0075,-0.008125,0,0.0075,0.015625,0.0076335653117787
96,"A_threshold",2200,2800,0.7,0.00590909090909091,0.377272727272727,0.371363636363636,0.0156626506024096,0.371363636363636,0,0.00926803104180212
96,"A_threshold",2800,3400,0.85,0.373214285714286,0.356071428571429,-0.0171428571428571,0.954066985645933,0,0.0171428571428571,0.00421394319944236
96,"A_threshold",3400,4000,1,0.353235294117647,0.192352941176471,-0.160882352941176,0.544546211490425,0,0.160882352941176,0.00618635891613565
96,"B_smooth_logistic",1000,1600,0.4,0.85,1,0.15,0.85,0.15,0,0.00633923160477338
96,"B_smooth_logistic",1600,2200,0.55,1,1,0,1,0,0,0.0042038746330377
96,"B_smooth_logistic",2200,2800,0.7,1,1,0,1,0,0,0.0110668953174519
96,"B_smooth_logistic",2800,3400,0.85,1,1,0,1,0,0,0.00956403868519106
96,"B_smooth_logistic",3400,4000,1,1,1,0,1,0,0,0.00703063107964669
97,"A_threshold",1000,1600,0.4,0.279,0.429,0.15,0.65034965034965,0.15,0,0.00825085279430513
97,"A_threshold",1600,2200,0.55,0.429375,0.298125,-0.13125,0.694323144104803,0,0.13125,0.00707270743351813
97,"A_threshold",2200,2800,0.7,0.306818181818182,0.280454545454545,-0.0263636363636364,0.914074074074074,0,0.0263636363636364,0.00331013119307902
97,"A_threshold",2800,3400,0.85,0.274642857142857,0.281071428571429,0.00642857142857145,0.97712833545108,0.00642857142857143,0,0.000686331473179198
97,"A_threshold",3400,4000,1,0.280294117647059,0.253823529411765,-0.0264705882352941,0.905561385099685,0,0.0264705882352941,0.00342212326962323
97,"B_smooth_logistic",1000,1600,0.4,1,1,0,1,0,0,0.00529557730915181
97,"B_smooth_logistic",1600,2200,0.55,1,1,0,1,0,0,0.00736987670166768
97,"B_smooth_logistic",2200,2800,0.7,0.999545454545455,0.747272727272727,-0.252272727272727,0.747612551159618,0,0.252272727272727,0.00549203692316432
97,"B_smooth_logistic",2800,3400,0.85,0.745357142857143,0.684285714285714,-0.0610714285714286,0.918064206995688,0,0.0610714285714286,0.00355414780133849
97,"B_smooth_logistic",3400,4000,1,0.683823529411765,0.634705882352941,-0.0491176470588235,0.928172043010753,0,0.0491176470588235,0.00367720627849569
98,"A_threshold",1000,1600,0.4,0.023,0.372,0.349,0.0618279569892473,0.349,0,0.0110781077681157
98,"A_threshold",1600,2200,0.55,0.355625,0.0675,-0.288125,0.189806678383128,0,0.288125,0.00904560313954438
98,"A_threshold",2200,2800,0.7,0.0677272727272727,0.307272727272727,0.239545454545455,0.220414201183432,0.239545454545455,0,0.00874163672409653
98,"A_threshold",2800,3400,0.85,0.306785714285714,0.253928571428571,-0.0528571428571428,0.827706635622817,0,0.0528571428571429,0.00241562301747178
98,"A_threshold",3400,4000,1,0.253235294117647,0.326176470588235,0.0729411764705882,0.776375112714157,0.0729411764705882,0,0.00411066595883015
98,"B_smooth_logistic",1000,1600,0.4,1,1,0,1,0,0,0.0136128514561224
98,"B_smooth_logistic",1600,2200,0.55,1,0.69625,-0.30375,0.69625,0,0.30375,0.0129670365745407
98,"B_smooth_logistic",2200,2800,0.7,0.691818181818182,0.746363636363636,0.0545454545454546,0.926918392204628,0.0545454545454545,0,0.00290822059806446
98,"B_smooth_logistic",2800,3400,0.85,0.74,0.842857142857143,0.102857142857143,0.877966101694915,0.102857142857143,0,0.00391039056282161
98,"B_smooth_logistic",3400,4000,1,0.846176470588235,0.931176470588235,0.085,0.908717624763108,0.085,0,0.0033447804235642
99,"A_threshold",1000,1600,0.4,0,0.102,0.102,0,0.102,0,0.0164429466368118
99,"A_threshold",1600,2200,0.55,0.1075,0,-0.1075,0,0,0.1075,0.0194300538430866
99,"A_threshold",2200,2800,0.7,0,0,0,1,0,0,0.00480346822987548
99,"A_threshold",2800,3400,0.85,0,0,0,1,0,0,0.00282162788700616
99,"A_threshold",3400,4000,1,0,0,0,1,0,0,0.00681916085508539
99,"B_smooth_logistic",1000,1600,0.4,1,1,0,1,0,0,0.010202505335149
99,"B_smooth_logistic",1600,2200,0.55,1,1,0,1,0,0,0.00822806418381694
99,"B_smooth_logistic",2200,2800,0.7,1,1,0,1,0,0,0.00448464529658552
99,"B_smooth_logistic",2800,3400,0.85,1,1,0,1,0,0,0.00381112742634911
99,"B_smooth_logistic",3400,4000,1,1,1,0,1,0,0,0.00399461867008437
100,"A_threshold",1000,1600,0.4,0.461,0.001,-0.46,0.00216919739696312,0,0.46,0.00858659368581559
100,"A_threshold",1600,2200,0.55,0.001875,0.438125,0.43625,0,0.438125,0.001875,0.00456322677231457
100,"A_threshold",2200,2800,0.7,0.44,0.489090909090909,0.0490909090909091,0.899628252788104,0.0490909090909091,0,0.00659513297240117
100,"A_threshold",2800,3400,0.85,0.493571428571429,0.0875,-0.406071428571429,0.177279305354559,0,0.406071428571429,0.00732246271289632
100,"A_threshold",3400,4000,1,0.0908823529411765,0,-0.0908823529411765,0,0,0.0908823529411765,0.0051909895496305
100,"B_smooth_logistic",1000,1600,0.4,0.588,0.884,0.296,0.665158371040724,0.296,0,0.0166509917799423
100,"B_smooth_logistic",1600,2200,0.55,0.896875,0.9025,0.00562499999999999,0.993767313019391,0.005625,0,0.00147154680605585
100,"B_smooth_logistic",2200,2800,0.7,0.903181818181818,1,0.0968181818181818,0.903181818181818,0.0968181818181818,0,0.00205673017827092
100,"B_smooth_logistic",2800,3400,0.85,1,1,0,1,0,0,0.00189117003720545
100,"B_smooth_logistic",3400,4000,1,1,0.902352941176471,-0.0976470588235294,0.902352941176471,0,0.0976470588235294,0.00409690404191118
101,"A_threshold",1000,1600,0.4,0.937,0.857,-0.0800000000000001,0.914621131270011,0,0.08,0.00309117542886861
101,"A_threshold",1600,2200,0.55,0.8525,0.82125,-0.03125,0.963343108504399,0,0.03125,0.0117768822875935
101,"A_threshold",2200,2800,0.7,0.83,0.912272727272727,0.0822727272727273,0.909815645241654,0.0822727272727273,0,0.00538154007339537
101,"A_threshold",2800,3400,0.85,0.911785714285714,0.885714285714286,-0.0260714285714286,0.971406188797493,0,0.0260714285714286,0.00847339298309699
101,"A_threshold",3400,4000,1,0.888529411764706,0.751176470588235,-0.137352941176471,0.845415425355842,0,0.137352941176471,0.00872251792170957
101,"B_smooth_logistic",1000,1600,0.4,0.735,0.793,0.0580000000000001,0.926860025220681,0.058,0,0.00887740724738378
101,"B_smooth_logistic",1600,2200,0.55,0.801875,0.86,0.058125,0.932412790697674,0.058125,0,0.00424444405059958
101,"B_smooth_logistic",2200,2800,0.7,0.854545454545454,1,0.145454545454546,0.854545454545454,0.145454545454545,0,0.00499707801003236
101,"B_smooth_logistic",2800,3400,0.85,1,1,0,1,0,0,0.00397528289501933
101,"B_smooth_logistic",3400,4000,1,1,1,0,1,0,0,0.00149171296952126
102,"A_threshold",1000,1600,0.4,0.687,0.451,-0.236,0.138,0.313,0.549,0.00887827712028418
102,"A_threshold",1600,2200,0.55,0.45125,0.859375,0.408125,0.525090909090909,0.408125,0,0.00763929459658077
102,"A_threshold",2200,2800,0.7,0.855909090909091,0.605454545454545,-0.250454545454545,0.707381837493362,0,0.250454545454545,0.00648585086372363
102,"A_threshold",2800,3400,0.85,0.616428571428571,0.310357142857143,-0.306071428571429,0,0.310357142857143,0.616428571428571,0.00815217448101999
102,"A_threshold",3400,4000,1,0.302352941176471,0.452352941176471,0.15,0.668400520156047,0.15,0,0.0050035480030771
102,"B_smooth_logistic",1000,1600,0.4,0.849,1,0.151,0.849,0.151,0,0.0183716381800196
102,"B_smooth_logistic",1600,2200,0.55,1,0.995,-0.005,0.995,0,0.005,0.00630401049658255
102,"B_smooth_logistic",2200,2800,0.7,0.994090909090909,0.801818181818182,-0.192272727272727,0.806584362139918,0,0.192272727272727,0.00996304014601928
102,"B_smooth_logistic",2800,3400,0.85,0.802857142857143,0.751071428571429,-0.0517857142857142,0.935498220640569,0,0.0517857142857143,0.00185030412850627
102,"B_smooth_logistic",3400,4000,1,0.747058823529412,0.840294117647059,0.0932352941176471,0.889044452222611,0.0932352941176471,0,0.00320672152529008
103,"A_threshold",1000,1600,0.4,0,0.079,0.079,0,0.079,0,0.0175044597336971
103,"A_threshold",1600,2200,0.55,0.085625,0.219375,0.13375,0.39031339031339,0.13375,0,0.00937690071850629
103,"A_threshold",2200,2800,0.7,0.223636363636364,0.34,0.116363636363636,0.657754010695187,0.116363636363636,0,0.00809637170233699
103,"A_threshold",2800,3400,0.85,0.343571428571429,0.298928571428571,-0.0446428571428572,0.87006237006237,0,0.0446428571428571,0.00394405989920422
103,"A_threshold",3400,4000,1,0.298235294117647,0.344411764705882,0.0461764705882353,0.865926558497011,0.0461764705882353,0,0.00384400791733215
103,"B_smooth_logistic",1000,1600,0.4,1,1,0,1,0,0,0.00962238952318147
103,"B_smooth_logistic",1600,2200,0.55,1,1,0,1,0,0,0.00233189510818141
103,"B_smooth_logistic",2200,2800,0.7,1,1,0,1,0,0,0.0137280506501262
103,"B_smooth_logistic",2800,3400,0.85,1,0.996071428571429,-0.00392857142857139,0.996071428571429,0,0.00392857142857143,0.00414032190181585
103,"B_smooth_logistic",3400,4000,1,0.996470588235294,0.958823529411765,-0.0376470588235294,0.962219598583235,0,0.0376470588235294,0.00624643434694364
104,"A_threshold",1000,1600,0.4,0,0,0,1,0,0,0.0094777768667737
104,"A_threshold",1600,2200,0.55,0,0,0,1,0,0,0.0046535378192853
104,"A_threshold",2200,2800,0.7,0,0,0,1,0,0,0.00673632139451892
104,"A_threshold",2800,3400,0.85,0,0,0,1,0,0,0.00800977135348645
104,"A_threshold",3400,4000,1,0,0,0,1,0,0,0.000493175426644573
104,"B_smooth_logistic",1000,1600,0.4,0.732,0.652,-0.08,0.890710382513661,0,0.08,0.00992287642166856
104,"B_smooth_logistic",1600,2200,0.55,0.64875,0.65,0.00124999999999997,0.998076923076923,0.00125,0,0.00460369306599261
104,"B_smooth_logistic",2200,2800,0.7,0.653636363636364,0.841363636363636,0.187727272727273,0.77687736358725,0.187727272727273,0,0.0115389564415462
104,"B_smooth_logistic",2800,3400,0.85,0.838571428571429,0.714285714285714,-0.124285714285714,0.851788756388416,0,0.124285714285714,0.00768873581061387
104,"B_smooth_logistic",3400,4000,1,0.717058823529412,0.854705882352941,0.137647058823529,0.838953888506538,0.137647058823529,0,0.00812507609037205
105,"A_threshold",1000,1600,0.4,1,0.623,-0.377,0.623,0,0.377,0.014598620983388
105,"A_threshold",1600,2200,0.55,0.635,0.133125,-0.501875,0,0.133125,0.635,0.0153004599848087
105,"A_threshold",2200,2800,0.7,0.141363636363636,0.397727272727273,0.256363636363636,0.355428571428571,0.256363636363636,0,0.00684287508615913
105,"A_threshold",2800,3400,0.85,0.396428571428571,0.5925,0.196071428571429,0.669077757685353,0.196071428571429,0,0.00937994194584032
105,"A_threshold",3400,4000,1,0.595294117647059,0.611470588235294,0.0161764705882352,0.973544973544973,0.0161764705882353,0,0.00800915967150582
105,"B_smooth_logistic",1000,1600,0.4,0.68,0.72,0.0399999999999999,0.944444444444444,0.04,0,0.012571116887566
105,"B_smooth_logistic",1600,2200,0.55,0.72375,0.79125,0.0675,0.914691943127962,0.0675,0,0.00384147643561275
105,"B_smooth_logistic",2200,2800,0.7,0.794545454545455,0.771363636363636,-0.0231818181818182,0.970823798627002,0,0.0231818181818182,0.00520925164080428
105,"B_smooth_logistic",2800,3400,0.85,0.771428571428571,0.984642857142857,0.213214285714286,0.783460282916213,0.213214285714286,0,0.00730198743241191
105,"B_smooth_logistic",3400,4000,1,0.983235294117647,0.862352941176471,-0.120882352941177,0.877056536045468,0,0.120882352941176,0.00287438751415126
106,"A_threshold",1000,1600,0.4,0.405,0.493,0.088,0.821501014198783,0.088,0,0.0132489315012304
106,"A_threshold",1600,2200,0.55,0.494375,0.580625,0.0862499999999999,0.851453175457481,0.08625,0,0.0106432015652456
106,"A_threshold",2200,2800,0.7,0.592272727272727,0.685909090909091,0.0936363636363636,0.863485752153744,0.0936363636363636,0,0.00765724068197232
106,"A_threshold",2800,3400,0.85,0.693214285714286,0.683928571428571,-0.00928571428571423,0.986604842864503,0,0.00928571428571429,0.00918758637460484
106,"A_threshold",3400,4000,1,0.686470588235294,0.569117647058824,-0.117352941176471,0.829048843187661,0,0.117352941176471,0.00739230848561603
106,"B_smooth_logistic",1000,1600,0.4,0.717,0.822,0.105,0.872262773722628,0.105,0,0.0111612239240204
106,"B_smooth_logistic",1600,2200,0.55,0.824375,0.90375,0.0793750000000001,0.912171507607192,0.079375,0,0.00402174941361411
106,"B_smooth_logistic",2200,2800,0.7,0.907272727272727,0.794545454545455,-0.112727272727273,0.875751503006012,0,0.112727272727273,0.00483243123199596
106,"B_smooth_logistic",2800,3400,0.85,0.793214285714286,0.775714285714286,-0.0175000000000001,0.977937865826204,0,0.0175,0.00326179677319957
106,"B_smooth_logistic",3400,4000,1,0.776176470588235,0.755,-0.0211764705882352,0.97271693823418,0,0.0211764705882353,0.00590033027999239
107,"A_threshold",1000,1600,0.4,0.76,0.697,-0.0630000000000001,0.917105263157895,0,0.063,0.00781486082052324
107,"A_threshold",1600,2200,0.55,0.69375,0.528125,-0.165625,0.761261261261261,0,0.165625,0.00851777552957215
107,"A_threshold",2200,2800,0.7,0.534545454545455,0.566363636363636,0.0318181818181819,0.943820224719101,0.0318181818181818,0,0.00195774154156612
107,"A_threshold",2800,3400,0.85,0.560714285714286,0.531428571428571,-0.0292857142857142,0.947770700636943,0,0.0292857142857143,0.002543569461447
107,"A_threshold",3400,4000,1,0.527058823529412,0.610588235294118,0.0835294117647059,0.863198458574181,0.0835294117647059,0,0.00442109960606322
107,"B_smooth_logistic",1000,1600,0.4,0.702,0.599,-0.103,0.853276353276353,0,0.103,0.0123344267484161
107,"B_smooth_logistic",1600,2200,0.55,0.5925,0.695,0.1025,0.852517985611511,0.1025,0,0.0084534238235278
107,"B_smooth_logistic",2200,2800,0.7,0.693181818181818,0.718181818181818,0.0249999999999999,0.965189873417722,0.025,0,0.00612957424775165
107,"B_smooth_logistic",2800,3400,0.85,0.711428571428571,0.727142857142857,0.0157142857142857,0.978388998035363,0.0157142857142857,0,0.00181191412394912
107,"B_smooth_logistic",3400,4000,1,0.727941176470588,0.644411764705882,-0.0835294117647059,0.885252525252525,0,0.0835294117647059,0.0052389317011543
108,"A_threshold",1000,1600,0.4,0,0.103,0.103,0,0.103,0,0.0123020529989297
108,"A_threshold",1600,2200,0.55,0.098125,0.105,0.00687499999999999,0.93452380952381,0.006875,0,0.000848761089091086
108,"A_threshold",2200,2800,0.7,0.106363636363636,0.295454545454545,0.189090909090909,0.36,0.189090909090909,0,0.0124020581461219
108,"A_threshold",2800,3400,0.85,0.294642857142857,0.281428571428571,-0.0132142857142857,0.955151515151515,0,0.0132142857142857,0.00440589892547501
108,"A_threshold",3400,4000,1,0.288823529411765,0.288529411764706,-0.000294117647058834,0.9989816700611,0,0.000294117647058824,0.00421192852340586
108,"B_smooth_logistic",1000,1600,0.4,1,1,0,1,0,0,0.0121615223637386
108,"B_smooth_logistic",1600,2200,0.55,1,1,0,1,0,0,0.00728872781565888
108,"B_smooth_logistic",2200,2800,0.7,1,1,0,1,0,0,0.00631195886208471
108,"B_smooth_logistic",2800,3400,0.85,1,1,0,1,0,0,0.00122967034786892
108,"B_smooth_logistic",3400,4000,1,1,1,0,1,0,0,0.0025399412951409
109,"A_threshold",1000,1600,0.4,0.75,0.72,-0.03,0.96,0,0.03,0.00411701337081761
109,"A_threshold",1600,2200,0.55,0.71125,0.63375,-0.0775,0.89103690685413,0,0.0775,0.0050034503450853
109,"A_threshold",2200,2800,0.7,0.640454545454545,0.568181818181818,-0.0722727272727273,0.887154009936125,0,0.0722727272727273,0.00669221829344064
109,"A_threshold",2800,3400,0.85,0.562142857142857,0.569285714285714,0.00714285714285712,0.987452948557089,0.00714285714285714,0,0.00530591676562651
109,"A_threshold",3400,4000,1,0.570588235294118,0.562647058823529,-0.00794117647058823,0.986082474226804,0,0.00794117647058823,0.000502781822776122
109,"B_smooth_logistic",1000,1600,0.4,0.618,0.719,0.101,0.859527121001391,0.101,0,0.00628627676228518
109,"B_smooth_logistic",1600,2200,0.55,0.715,0.76625,0.05125,0.933115823817292,0.05125,0,0.00469532978423054
109,"B_smooth_logistic",2200,2800,0.7,0.757272727272727,1,0.242727272727273,0.757272727272727,0.242727272727273,0,0.0126870221252176
109,"B_smooth_logistic",2800,3400,0.85,1,1,0,1,0,0,0.00410591103575741
109,"B_smooth_logistic",3400,4000,1,1,1,0,1,0,0,0.00324648997983909
110,"A_threshold",1000,1600,0.4,0,0.021,0.021,0,0.021,0,0.00974703165198547
110,"A_threshold",1600,2200,0.55,0.019375,0.016875,-0.0025,0.870967741935484,0,0.0025,0.000276939702388843
110,"A_threshold",2200,2800,0.7,0.0172727272727273,0.18,0.162727272727273,0.095959595959596,0.162727272727273,0,0.00824390822012551
110,"A_threshold",2800,3400,0.85,0.176428571428571,0.258928571428571,0.0825,0.681379310344828,0.0825,0,0.00432708677396814
110,"A_threshold",3400,4000,1,0.262352941176471,0.313823529411765,0.0514705882352942,0.835988753514527,0.0514705882352941,0,0.00266623666936404
110,"B_smooth_logistic",1000,1600,0.4,0.762,0.713,-0.049,0.935695538057743,0,0.049,0.00746636906893793
110,"B_smooth_logistic",1600,2200,0.55,0.7125,0.91375,0.20125,0.779753761969904,0.20125,0,0.00930005869758963
110,"B_smooth_logistic",2200,2800,0.7,0.917272727272727,0.810909090909091,-0.106363636363636,0.88404360753221,0,0.106363636363636,0.00439944207646035
110,"B_smooth_logistic",2800,3400,0.85,0.8075,0.6425,-0.165,0.795665634674923,0,0.165,0.00401023009354691
110,"B_smooth_logistic",3400,4000,1,0.636176470588235,0.681470588235294,0.0452941176470588,0.933534743202417,0.0452941176470588,0,0.00116935822266051
111,"A_threshold",1000,1600,0.4,0.012,0,-0.012,0,0,0.012,0.0127517694746128
111,"A_threshold",1600,2200,0.55,0,0,0,1,0,0,0.00384624902684925
111,"A_threshold",2200,2800,0.7,0,0.000454545454545455,0.000454545454545455,0,0.000454545454545455,0,0.00407290642273596
111,"A_threshold",2800,3400,0.85,0.000357142857142857,0,-0.000357142857142857,0,0,0.000357142857142857,0.00478388369260841
111,"A_threshold",3400,4000,1,0,0,0,1,0,0,0.00122678463936169
111,"B_smooth_logistic",1000,1600,0.4,1,1,0,1,0,0,0.0150705732045887
111,"B_smooth_logistic",1600,2200,0.55,1,1,0,1,0,0,0.00887180259748453
111,"B_smooth_logistic",2200,2800,0.7,1,0.945,-0.055,0.945,0,0.055,0.00939617541789374
111,"B_smooth_logistic",2800,3400,0.85,0.946785714285714,0.91,-0.0367857142857142,0.961146737080347,0,0.0367857142857143,0.0013910054226501
111,"B_smooth_logistic",3400,4000,1,0.908235294117647,0.888823529411765,-0.0194117647058824,0.978626943005181,0,0.0194117647058824,0.00180548419615071
112,"A_threshold",1000,1600,0.4,0.591,0.377,-0.214,0.637901861252115,0,0.214,0.00871916937907611
112,"A_threshold",1600,2200,0.55,0.385625,0.1825,-0.203125,0.473257698541329,0,0.203125,0.00889228480006987
112,"A_threshold",2200,2800,0.7,0.178181818181818,0.622272727272727,0.444090909090909,0.286340394448503,0.444090909090909,0,0.00507206958330221
112,"A_threshold",2800,3400,0.85,0.625,0.969642857142857,0.344642857142857,0.644567219152855,0.344642857142857,0,0.00564744599258515
112,"A_threshold",3400,4000,1,0.967941176470588,0.946176470588235,-0.0217647058823529,0.914117647058823,0.0320588235294118,0.0538235294117647,0.00485848714014151
112,"B_smooth_logistic",1000,1600,0.4,0.842,0.755,-0.087,0.89667458432304,0,0.087,0.0149037541904966
112,"B_smooth_logistic",1600,2200,0.55,0.759375,0.835,0.0756249999999999,0.909431137724551,0.075625,0,0.00592184283257559
112,"B_smooth_logistic",2200,2800,0.7,0.831363636363636,0.755,-0.0763636363636364,0.908146528157463,0,0.0763636363636364,0.00399443290007093
112,"B_smooth_logistic",2800,3400,0.85,0.751785714285714,0.694285714285714,-0.0575,0.923515439429929,0,0.0575,0.00859591192693869
112,"B_smooth_logistic",3400,4000,1,0.689411764705882,0.72,0.0305882352941176,0.957516339869281,0.0305882352941176,0,0.00195055484830773
113,"A_threshold",1000,1600,0.4,0,0.073,0.073,0,0.073,0,0.0098640483217258
113,"A_threshold",1600,2200,0.55,0.069375,0.045625,-0.02375,0.657657657657658,0,0.02375,0.00166525094920989
113,"A_threshold",2200,2800,0.7,0.0477272727272727,0.133181818181818,0.0854545454545454,0.358361774744027,0.0854545454545454,0,0.00301246506732874
113,"A_threshold",2800,3400,0.85,0.136071428571429,0.1875,0.0514285714285714,0.725714285714286,0.0514285714285714,0,0.00190174415342528
113,"A_threshold",3400,4000,1,0.191470588235294,0.312058823529412,0.120588235294118,0.613572101790763,0.120588235294118,0,0.00511025466062686
113,"B_smooth_logistic",1000,1600,0.4,0.503,0.761,0.258,0.660972404730618,0.258,0,0.0105305294513517
113,"B_smooth_logistic",1600,2200,0.55,0.75125,1,0.24875,0.75125,0.24875,0,0.0043347216831726
113,"B_smooth_logistic",2200,2800,0.7,1,0.737727272727273,-0.262272727272727,0.737727272727273,0,0.262272727272727,0.00898553851690036
113,"B_smooth_logistic",2800,3400,0.85,0.729642857142857,1,0.270357142857143,0.729642857142857,0.270357142857143,0,0.00704450642806565
113,"B_smooth_logistic",3400,4000,1,1,1,0,1,0,0,0.00121471833778834
114,"A_threshold",1000,1600,0.4,0.805,0.859,0.0539999999999999,0.937136204889406,0.054,0,0.00215292833404296
114,"A_threshold",1600,2200,0.55,0.85125,0.7525,-0.09875,0.883994126284875,0,0.09875,0.00960167191529955
114,"A_threshold",2200,2800,0.7,0.740909090909091,0.688181818181818,-0.0527272727272727,0.928834355828221,0,0.0527272727272727,0.00157755107920973
114,"A_threshold",2800,3400,0.85,0.683571428571429,0.57,-0.113571428571429,0.833855799373041,0,0.113571428571429,0.0033109837755634
114,"A_threshold",3400,4000,1,0.563529411764706,0.474705882352941,-0.0888235294117646,0.842379958246347,0,0.0888235294117647,0.00285915714024966
114,"B_smooth_logistic",1000,1600,0.4,1,1,0,1,0,0,0.0114967604751559
114,"B_smooth_logistic",1600,2200,0.55,1,1,0,1,0,0,0.00600641011000839
114,"B_smooth_logistic",2200,2800,0.7,1,1,0,1,0,0,0.00364818941872883
114,"B_smooth_logistic",2800,3400,0.85,1,1,0,1,0,0,0.00400527790993606
114,"B_smooth_logistic",3400,4000,1,1,1,0,1,0,0,0.00595132516655148
115,"A_threshold",1000,1600,0.4,0.063,0.166,0.103,0.379518072289157,0.103,0,0.0116371124625501
115,"A_threshold",1600,2200,0.55,0.176875,0.146875,-0.03,0.830388692579505,0,0.03,0.00239085233534332
115,"A_threshold",2200,2800,0.7,0.141818181818182,0.369545454545455,0.227727272727273,0.383763837638376,0.227727272727273,0,0.00577662961400886
115,"A_threshold",2800,3400,0.85,0.365714285714286,0.0625,-0.303214285714286,0.1708984375,0,0.303214285714286,0.00748406623030115
115,"A_threshold",3400,4000,1,0.0647058823529412,0.00617647058823529,-0.0585294117647059,0.0954545454545455,0,0.0585294117647059,0.00327102356700182
115,"B_smooth_logistic",1000,1600,0.4,0.671,0.927,0.256,0.723840345199569,0.256,0,0.0229601601368421
115,"B_smooth_logistic",1600,2200,0.55,0.92375,1,0.07625,0.92375,0.07625,0,0.011233395440835
115,"B_smooth_logistic",2200,2800,0.7,1,1,0,1,0,0,0.0134733443371427
115,"B_smooth_logistic",2800,3400,0.85,1,0.885714285714286,-0.114285714285714,0.885714285714286,0,0.114285714285714,0.00446603749586316
115,"B_smooth_logistic",3400,4000,1,0.882647058823529,0.800588235294118,-0.0820588235294119,0.90703098967011,0,0.0820588235294118,0.00393194441204071
116,"A_threshold",1000,1600,0.4,0,0,0,1,0,0,0.00560831804900094
116,"A_threshold",1600,2200,0.55,0,0.000625,0.000625,0,0.000625,0,0.0055766977172068
116,"A_threshold",2200,2800,0.7,0.000454545454545455,0.106363636363636,0.105909090909091,0.00427350427350427,0.105909090909091,0,0.00537032243488778
116,"A_threshold",2800,3400,0.85,0.1025,0.0339285714285714,-0.0685714285714286,0.331010452961672,0,0.0685714285714286,0.00736848286486783
116,"A_threshold",3400,4000,1,0.0314705882352941,0.268529411764706,0.237058823529412,0.117196056955093,0.237058823529412,0,0.00463179815835377
116,"B_smooth_logistic",1000,1600,0.4,1,1,0,1,0,0,0.00804153901242346
116,"B_smooth_logistic",1600,2200,0.55,1,1,0,1,0,0,0.00315002165429114
116,"B_smooth_logistic",2200,2800,0.7,1,1,0,1,0,0,0.0146687093266263
116,"B_smooth_logistic",2800,3400,0.85,1,1,0,1,0,0,0.00473719236057477
116,"B_smooth_logistic",3400,4000,1,1,1,0,1,0,0,0.00247328873425108
117,"A_threshold",1000,1600,0.4,0.058,0.148,0.09,0.391891891891892,0.09,0,0.00842388231392062
117,"A_threshold",1600,2200,0.55,0.156875,0.144375,-0.0125,0.920318725099602,0,0.0125,0.00566576226551586
117,"A_threshold",2200,2800,0.7,0.146363636363636,0.101363636363636,-0.045,0.692546583850932,0,0.045,0.00956086756368624
117,"A_threshold",2800,3400,0.85,0.101785714285714,0.0228571428571429,-0.0789285714285714,0.224561403508772,0,0.0789285714285714,0.00553969056172618
117,"A_threshold",3400,4000,1,0.0232352941176471,0.0644117647058823,0.0411764705882353,0.360730593607306,0.0411764705882353,0,0.00335864624510975
117,"B_smooth_logistic",1000,1600,0.4,1,1,0,1,0,0,0.00851579830092333
117,"B_smooth_logistic",1600,2200,0.55,1,1,0,1,0,0,0.0131825953971847
117,"B_smooth_logistic",2200,2800,0.7,1,1,0,1,0,0,0.00119520271965051
117,"B_smooth_logistic",2800,3400,0.85,1,1,0,1,0,0,0.00382598849432563
117,"B_smooth_logistic",3400,4000,1,1,1,0,1,0,0,0.001217659753587
118,"A_threshold",1000,1600,0.4,0.11,0.287,0.177,0.383275261324042,0.177,0,0.00782390702830661
118,"A_threshold",1600,2200,0.55,0.28125,0.15625,-0.125,0.555555555555556,0,0.125,0.0153073299829921
118,"A_threshold",2200,2800,0.7,0.146818181818182,0.182272727272727,0.0354545454545455,0.805486284289277,0.0354545454545455,0,0.00770110538653898
118,"A_threshold",2800,3400,0.85,0.183214285714286,0.194642857142857,0.0114285714285714,0.941284403669725,0.0114285714285714,0,0.0093142612571907
118,"A_threshold",3400,4000,1,0.193823529411765,0.327352941176471,0.133529411764706,0.592093441150045,0.133529411764706,0,0.00465008488038432
118,"B_smooth_logistic",1000,1600,0.4,1,1,0,1,0,0,0.00873245842471533
118,"B_smooth_logistic",1600,2200,0.55,1,1,0,1,0,0,0.00627656109987134
118,"B_smooth_logistic",2200,2800,0.7,1,1,0,1,0,0,0.00449765163624818
118,"B_smooth_logistic",2800,3400,0.85,1,1,0,1,0,0,0.00683776236140322
118,"B_smooth_logistic",3400,4000,1,1,1,0,1,0,0,0.00232140413015123
119,"A_threshold",1000,1600,0.4,0,0.042,0.042,0,0.042,0,0.0143309579630212
119,"A_threshold",1600,2200,0.55,0.0375,0,-0.0375,0,0,0.0375,0.0128096787180134
119,"A_threshold",2200,2800,0.7,0,0,0,1,0,0,0.00369783160820294
119,"A_threshold",2800,3400,0.85,0,0,0,1,0,0,0.00102722288237759
119,"A_threshold",3400,4000,1,0,0,0,1,0,0,0.00615577759924408
119,"B_smooth_logistic",1000,1600,0.4,0.669,1,0.331,0.669,0.331,0,0.0119249119530512
119,"B_smooth_logistic",1600,2200,0.55,1,1,0,1,0,0,0.0103545285022038
119,"B_smooth_logistic",2200,2800,0.7,1,1,0,1,0,0,0.00373735865989932
119,"B_smooth_logistic",2800,3400,0.85,1,1,0,1,0,0,0.00459214375887406
119,"B_smooth_logistic",3400,4000,1,1,0.830882352941177,-0.169117647058823,0.830882352941177,0,0.169117647058824,0.00300651472183899
120,"A_threshold",1000,1600,0.4,0.276,0.348,0.072,0.793103448275862,0.072,0,0.0189741900145268
120,"A_threshold",1600,2200,0.55,0.36875,0.3975,0.02875,0.927672955974843,0.02875,0,0.00264239424438049
120,"A_threshold",2200,2800,0.7,0.389545454545455,0.483636363636364,0.0940909090909091,0.805451127819549,0.0940909090909091,0,0.00858417743329269
120,"A_threshold",2800,3400,0.85,0.483214285714286,0.377142857142857,-0.106071428571429,0.780487804878049,0,0.106071428571429,0.00703593520196659
120,"A_threshold",3400,4000,1,0.369411764705882,0.325294117647059,-0.0441176470588235,0.880573248407643,0,0.0441176470588235,0.00235409226044925
120,"B_smooth_logistic",1000,1600,0.4,0.644,0.748,0.104,0.86096256684492,0.104,0,0.00844231367809523
120,"B_smooth_logistic",1600,2200,0.55,0.756875,0.665,-0.0918749999999999,0.878612716763006,0,0.091875,0.00794866464863179
120,"B_smooth_logistic",2200,2800,0.7,0.675,0.667272727272727,-0.0077272727272728,0.988552188552189,0,0.00772727272727273,0.000590302491718235
120,"B_smooth_logistic",2800,3400,0.85,0.6725,0.669285714285714,-0.00321428571428573,0.99522039298991,0,0.00321428571428571,0.00224428140959512
120,"B_smooth_logistic",3400,4000,1,0.666176470588235,0.695588235294118,0.0294117647058824,0.957716701902748,0.0294117647058824,0,0.00210709011654215
121,"A_threshold",1000,1600,0.4,0,0,0,1,0,0,0.00397835612386597
121,"A_threshold",1600,2200,0.55,0,0.03,0.03,0,0.03,0,0.0148979027581603
121,"A_threshold",2200,2800,0.7,0.0309090909090909,0.108181818181818,0.0772727272727273,0.285714285714286,0.0772727272727273,0,0.0117043762863718
121,"A_threshold",2800,3400,0.85,0.102142857142857,0.192142857142857,0.09,0.531598513011152,0.09,0,0.00278165235630271
121,"A_threshold",3400,4000,1,0.191176470588235,0.262647058823529,0.0714705882352941,0.727883538633819,0.0714705882352941,0,0.00218288182322178
121,"B_smooth_logistic",1000,1600,0.4,1,1,0,1,0,0,0.0207672824480401
121,"B_smooth_logistic",1600,2200,0.55,1,1,0,1,0,0,0.00965903879610067
121,"B_smooth_logistic",2200,2800,0.7,1,1,0,1,0,0,0.0059508277208041
121,"B_smooth_logistic",2800,3400,0.85,1,1,0,1,0,0,0.004833245921319
121,"B_smooth_logistic",3400,4000,1,1,1,0,1,0,0,0.00232317410982627
122,"A_threshold",1000,1600,0.4,0.792,0.556,-0.236,0.702020202020202,0,0.236,0.0144537482511796
122,"A_threshold",1600,2200,0.55,0.5625,0.59375,0.03125,0.947368421052632,0.03125,0,0.0111786305000369
122,"A_threshold",2200,2800,0.7,0.585,0.650454545454546,0.0654545454545455,0.89937106918239,0.0654545454545455,0,0.0041732026358978
122,"A_threshold",2800,3400,0.85,0.649285714285714,0.699285714285714,0.05,0.928498467824311,0.05,0,0.00241380457885628
122,"A_threshold",3400,4000,1,0.692647058823529,0.606764705882353,-0.0858823529411764,0.876008492569002,0,0.0858823529411765,0.00391625380822471
122,"B_smooth_logistic",1000,1600,0.4,0.43,0.319,-0.111,0.741860465116279,0,0.111,0.0051898899464937
122,"B_smooth_logistic",1600,2200,0.55,0.31875,0.436875,0.118125,0.729613733905579,0.118125,0,0.00604093034410083
122,"B_smooth_logistic",2200,2800,0.7,0.434545454545455,0.693636363636364,0.259090909090909,0.626474442988204,0.259090909090909,0,0.00833182917884465
122,"B_smooth_logistic",2800,3400,0.85,0.692142857142857,0.614285714285714,-0.0778571428571428,0.887512899896801,0,0.0778571428571429,0.00387402516357134
122,"B_smooth_logistic",3400,4000,1,0.608235294117647,0.691176470588235,0.0829411764705882,0.88,0.0829411764705882,0,0.00192264986862647
123,"A_threshold",1000,1600,0.4,0.238,0.007,-0.231,0.0294117647058824,0,0.231,0.0102025341782179
123,"A_threshold",1600,2200,0.55,0.004375,0,-0.004375,0,0,0.004375,0.00908947724652252
123,"A_threshold",2200,2800,0.7,0,0.00636363636363636,0.00636363636363636,0,0.00636363636363636,0,0.00416778287308897
123,"A_threshold",2800,3400,0.85,0.00714285714285714,0.00107142857142857,-0.00607142857142857,0.15,0,0.00607142857142857,0.00307358684767618
123,"A_threshold",3400,4000,1,0.000882352941176471,0,-0.000882352941176471,0,0,0.000882352941176471,0.0042661358111935
123,"B_smooth_logistic",1000,1600,0.4,0.717,0.789,0.0720000000000001,0.908745247148289,0.072,0,0.0118312065455822
123,"B_smooth_logistic",1600,2200,0.55,0.796875,0.76,-0.036875,0.953725490196078,0,0.036875,0.00651073821299661
123,"B_smooth_logistic",2200,2800,0.7,0.765909090909091,0.676363636363636,-0.0895454545454545,0.883086053412463,0,0.0895454545454545,0.00686483206595237
123,"B_smooth_logistic",2800,3400,0.85,0.676428571428571,0.697857142857143,0.0214285714285715,0.969293756397134,0.0214285714285714,0,0.00136726295964489
123,"B_smooth_logistic",3400,4000,1,0.697058823529412,0.680882352941176,-0.0161764705882352,0.976793248945148,0,0.0161764705882353,0.00457308374444678
124,"A_threshold",1000,1600,0.4,1,0.999,-0.001,0.999,0,0.001,0.0233118860303952
124,"A_threshold",1600,2200,0.55,0.999375,0.985,-0.014375,0.984375,0.000625,0.015,0.0124301442750354
124,"A_threshold",2200,2800,0.7,0.987272727272727,0.993181818181818,0.00590909090909086,0.994050343249428,0.00590909090909091,0,0.000435311436371272
124,"A_threshold",2800,3400,0.85,0.994285714285714,0.909642857142857,-0.0846428571428571,0.914870689655172,0,0.0846428571428571,0.00151315505446898
124,"A_threshold",3400,4000,1,0.911176470588235,0.140588235294118,-0.770588235294118,0.0517647058823529,0.0888235294117647,0.859411764705882,0.00938688384150572
124,"B_smooth_logistic",1000,1600,0.4,0.566,0.786,0.22,0.720101781170484,0.22,0,0.0126646850099476
124,"B_smooth_logistic",1600,2200,0.55,0.764375,0.99875,0.234375,0.765331664580726,0.234375,0,0.00548582944476737
124,"B_smooth_logistic",2200,2800,0.7,0.999090909090909,0.694090909090909,-0.305,0.694722474977252,0,0.305,0.00873280122185596
124,"B_smooth_logistic",2800,3400,0.85,0.678928571428571,0.7675,0.0885714285714285,0.88459748720335,0.0885714285714286,0,0.00582794100053613
124,"B_smooth_logistic",3400,4000,1,0.768823529411765,0.762941176470588,-0.00588235294117645,0.992348890589135,0,0.00588235294117647,0.0013174467207825
125,"A_threshold",1000,1600,0.4,0,0.033,0.033,0,0.033,0,0.0279212093191253
125,"A_threshold",1600,2200,0.55,0.033125,0.2075,0.174375,0.159638554216867,0.174375,0,0.00907462760266087
125,"A_threshold",2200,2800,0.7,0.204545454545455,0.159545454545455,-0.045,0.78,0,0.045,0.00653700308410326
125,"A_threshold",2800,3400,0.85,0.160357142857143,0.243928571428571,0.0835714285714286,0.657393850658858,0.0835714285714286,0,0.00360813106217434
125,"A_threshold",3400,4000,1,0.242352941176471,0.313823529411765,0.0714705882352941,0.772258669165886,0.0714705882352941,0,0.00427654803446213
125,"B_smooth_logistic",1000,1600,0.4,0.929,0.72,-0.209,0.77502691065662,0,0.209,0.013977955885977
125,"B_smooth_logistic",1600,2200,0.55,0.715,0.79125,0.07625,0.903633491311216,0.07625,0,0.007417221111708
125,"B_smooth_logistic",2200,2800,0.7,0.798636363636364,1,0.201363636363636,0.798636363636364,0.201363636363636,0,0.00553847442899588
125,"B_smooth_logistic",2800,3400,0.85,1,0.811428571428571,-0.188571428571429,0.811428571428571,0,0.188571428571429,0.00644627942420461
125,"B_smooth_logistic",3400,4000,1,0.812352941176471,0.716764705882353,-0.0955882352941176,0.882331643736423,0,0.0955882352941176,0.00373835480236139
126,"A_threshold",1000,1600,0.4,0.835,0.379,-0.456,0.453892215568862,0,0.456,0.0133091439580585
126,"A_threshold",1600,2200,0.55,0.38125,0.015625,-0.365625,0.040983606557377,0,0.365625,0.00560384619391106
126,"A_threshold",2200,2800,0.7,0.0177272727272727,0.23,0.212272727272727,0.0770750988142292,0.212272727272727,0,0.00284066538310734
126,"A_threshold",2800,3400,0.85,0.235,0.309642857142857,0.0746428571428572,0.758938869665513,0.0746428571428571,0,0.00477009880872228
126,"A_threshold",3400,4000,1,0.315588235294118,0.238823529411765,-0.076764705882353,0.756756756756757,0,0.0767647058823529,0.00538084725188713
126,"B_smooth_logistic",1000,1600,0.4,0.5,0.606,0.106,0.106,0.5,0.394,0.0142438655255283
126,"B_smooth_logistic",1600,2200,0.55,0.6075,1,0.3925,0.6075,0.3925,0,0.00605790413613221
126,"B_smooth_logistic",2200,2800,0.7,1,0.746363636363636,-0.253636363636364,0.746363636363636,0,0.253636363636364,0.00408019406458688
126,"B_smooth_logistic",2800,3400,0.85,0.746785714285714,0.611428571428571,-0.135357142857143,0.818747010999522,0,0.135357142857143,0.00523114018192263
126,"B_smooth_logistic",3400,4000,1,0.614411764705882,0.742647058823529,0.128235294117647,0.827326732673267,0.128235294117647,0,0.00275653811309862
127,"A_threshold",1000,1600,0.4,0.966,0.503,-0.463,0.520703933747412,0,0.463,0.0161905827797451
127,"A_threshold",1600,2200,0.55,0.503125,0.298125,-0.205,0.592546583850932,0,0.205,0.0130746823462742
127,"A_threshold",2200,2800,0.7,0.291363636363636,0.262727272727273,-0.0286363636363636,0.901716068642746,0,0.0286363636363636,0.0019469647281525
127,"A_threshold",2800,3400,0.85,0.26,0.188928571428571,-0.0710714285714286,0.726648351648352,0,0.0710714285714286,0.00301284140744496
127,"A_threshold",3400,4000,1,0.189705882352941,0.242941176470588,0.0532352941176471,0.780871670702179,0.0532352941176471,0,0.00282846298691262
127,"B_smooth_logistic",1000,1600,0.4,0.923,0.932,0.00900000000000001,0.990343347639485,0.009,0,0.00256662671258828
127,"B_smooth_logistic",1600,2200,0.55,0.94,0.964375,0.024375,0.974724562540506,0.024375,0,0.00147370045741047
127,"B_smooth_logistic",2200,2800,0.7,0.964545454545455,0.885454545454545,-0.0790909090909091,0.918001885014138,0,0.0790909090909091,0.00581786622828352
127,"B_smooth_logistic",2800,3400,0.85,0.884642857142857,0.804285714285714,-0.0803571428571429,0.90916431166734,0,0.0803571428571429,0.00340964429573987
127,"B_smooth_logistic",3400,4000,1,0.801764705882353,0.881176470588235,0.0794117647058824,0.909879839786382,0.0794117647058823,0,0.00372895015135006
128,"A_threshold",1000,1600,0.4,0.254,0.538,0.284,0.472118959107807,0.284,0,0.0205655310316925
128,"A_threshold",1600,2200,0.55,0.5175,0.62,0.1025,0.834677419354839,0.1025,0,0.00895630361071042
128,"A_threshold",2200,2800,0.7,0.615,0.715454545454545,0.100454545454545,0.859593392630241,0.100454545454545,0,0.00996463652319976
128,"A_threshold",2800,3400,0.85,0.713214285714286,0.724642857142857,0.0114285714285715,0.984228684080828,0.0114285714285714,0,0.00674213772296128
128,"A_threshold",3400,4000,1,0.730882352941176,0.677058823529412,-0.0538235294117647,0.92635814889336,0,0.0538235294117647,0.00202088948127369
128,"B_smooth_logistic",1000,1600,0.4,0,0.445,0.445,0,0.445,0,0.0131105323682948
128,"B_smooth_logistic",1600,2200,0.55,0.435,0.780625,0.345625,0.55724579663731,0.345625,0,0.0162869728589775
128,"B_smooth_logistic",2200,2800,0.7,0.775909090909091,1,0.224090909090909,0.775909090909091,0.224090909090909,0,0.00993773634662824
128,"B_smooth_logistic",2800,3400,0.85,1,1,0,1,0,0,0.00260021753999318
128,"B_smooth_logistic",3400,4000,1,1,1,0,1,0,0,0.00246361010718906
129,"A_threshold",1000,1600,0.4,0,0.019,0.019,0,0.019,0,0.0111769346632371
129,"A_threshold",1600,2200,0.55,0.01875,0.00375,-0.015,0.2,0,0.015,0.000928731573592552
129,"A_threshold",2200,2800,0.7,0.00363636363636364,0.129090909090909,0.125454545454545,0.028169014084507,0.125454545454545,0,0.00395240748873443
129,"A_threshold",2800,3400,0.85,0.119642857142857,0.110714285714286,-0.00892857142857144,0.925373134328358,0,0.00892857142857143,0.00106049422076898
129,"A_threshold",3400,4000,1,0.109411764705882,0.168235294117647,0.0588235294117647,0.65034965034965,0.0588235294117647,0,0.00313686804551456
129,"B_smooth_logistic",1000,1600,0.4,1,1,0,1,0,0,0.00177113210980504
129,"B_smooth_logistic",1600,2200,0.55,1,1,0,1,0,0,0.00340035936265702
129,"B_smooth_logistic",2200,2800,0.7,1,1,0,1,0,0,0.00897182507596453
129,"B_smooth_logistic",2800,3400,0.85,1,1,0,1,0,0,0.00423759897526083
129,"B_smooth_logistic",3400,4000,1,1,1,0,1,0,0,0.00215121022208698
130,"A_threshold",1000,1600,0.4,0.862,0.7,-0.162,0.812064965197216,0,0.162,0.00738684955148594
130,"A_threshold",1600,2200,0.55,0.700625,0.609375,-0.0912500000000001,0.869759143621766,0,0.09125,0.00537215464823161
130,"A_threshold",2200,2800,0.7,0.615909090909091,0.440454545454545,-0.175454545454546,0.715129151291513,0,0.175454545454545,0.00887530623654701
130,"A_threshold",2800,3400,0.85,0.438214285714286,0.423214285714286,-0.015,0.965770171149144,0,0.015,0.000791858544685142
130,"A_threshold",3400,4000,1,0.428529411764706,0.314411764705882,-0.114117647058824,0.733699382292382,0,0.114117647058824,0.00507391588330681
130,"B_smooth_logistic",1000,1600,0.4,0.763,0.822,0.0589999999999999,0.928223844282238,0.059,0,0.00731047706591195
130,"B_smooth_logistic",1600,2200,0.55,0.826875,0.744375,-0.0825,0.900226757369615,0,0.0825,0.00391447699416287
130,"B_smooth_logistic",2200,2800,0.7,0.747272727272727,0.746818181818182,-0.000454545454545485,0.999391727493917,0,0.000454545454545455,0.0100692941229137
130,"B_smooth_logistic",2800,3400,0.85,0.750357142857143,0.693571428571429,-0.0567857142857142,0.924321751546882,0,0.0567857142857143,0.00490740221676377
130,"B_smooth_logistic",3400,4000,1,0.689705882352941,0.667352941176471,-0.0223529411764706,0.967590618336887,0,0.0223529411764706,0.00601778322839775
131,"A_threshold",1000,1600,0.4,0,0.012,0.012,0,0.012,0,0.00624878439875157
131,"A_threshold",1600,2200,0.55,0.01,0.059375,0.049375,0.168421052631579,0.049375,0,0.00868202031057968
131,"A_threshold",2200,2800,0.7,0.0640909090909091,0.0809090909090909,0.0168181818181818,0.792134831460674,0.0168181818181818,0,0.00118143476057256
131,"A_threshold",2800,3400,0.85,0.0739285714285714,0.149285714285714,0.0753571428571429,0.495215311004785,0.0753571428571429,0,0.00385772889149513
131,"A_threshold",3400,4000,1,0.15,0.213529411764706,0.0635294117647059,0.702479338842975,0.0635294117647059,0,0.00371069102611103
131,"B_smooth_logistic",1000,1600,0.4,0,0.454,0.454,0,0.454,0,0.00537593683405876
131,"B_smooth_logistic",1600,2200,0.55,0.453125,0.58,0.126875,0.78125,0.126875,0,0.00341757072324163
131,"B_smooth_logistic",2200,2800,0.7,0.58,0.560909090909091,-0.019090909090909,0.967084639498433,0,0.0190909090909091,0.00431158273128339
131,"B_smooth_logistic",2800,3400,0.85,0.557857142857143,0.475357142857143,-0.0825,0.852112676056338,0,0.0825,0.00393629727958828
131,"B_smooth_logistic",3400,4000,1,0.477941176470588,0.633823529411765,0.155882352941176,0.754060324825986,0.155882352941176,0,0.00699906979005883
132,"A_threshold",1000,1600,0.4,0.681,0.749,0.0679999999999999,0.909212283044059,0.068,0,0.00423607511227221
132,"A_threshold",1600,2200,0.55,0.756875,0.764375,0.00750000000000006,0.990188062142273,0.0075,0,0.00737810370085346
132,"A_threshold",2200,2800,0.7,0.761818181818182,0.662272727272727,-0.0995454545454546,0.869331742243437,0,0.0995454545454545,0.00658104357578778
132,"A_threshold",2800,3400,0.85,0.666785714285714,0.648214285714286,-0.0185714285714286,0.97214783074451,0,0.0185714285714286,0.000570908937305329
132,"A_threshold",3400,4000,1,0.647352941176471,0.690882352941177,0.0435294117647059,0.936994465730098,0.0435294117647059,0,0.00202839886012978
132,"B_smooth_logistic",1000,1600,0.4,1,1,0,1,0,0,0.00280632745634265
132,"B_smooth_logistic",1600,2200,0.55,1,0.905625,-0.094375,0.905625,0,0.094375,0.00461054381099343
132,"B_smooth_logistic",2200,2800,0.7,0.900454545454546,0.83,-0.0704545454545455,0.921756688541141,0,0.0704545454545455,0.000950661841584651
132,"B_smooth_logistic",2800,3400,0.85,0.829642857142857,1,0.170357142857143,0.829642857142857,0.170357142857143,0,0.00491315629866882
132,"B_smooth_logistic",3400,4000,1,1,1,0,1,0,0,0.00330526899322318
133,"A_threshold",1000,1600,0.4,0.457,0.446,-0.011,0.975929978118162,0,0.011,0.00237466546966646
133,"A_threshold",1600,2200,0.55,0.46375,0.326875,-0.136875,0.704851752021563,0,0.136875,0.0150453457598754
133,"A_threshold",2200,2800,0.7,0.324090909090909,0.462272727272727,0.138181818181818,0.701081612586037,0.138181818181818,0,0.00885939521575943
133,"A_threshold",2800,3400,0.85,0.468571428571429,0.605,0.136428571428571,0.774498229043684,0.136428571428571,0,0.0074841823483548
133,"A_threshold",3400,4000,1,0.604705882352941,0.625882352941176,0.0211764705882352,0.966165413533835,0.0211764705882353,0,0.0010308593175206
133,"B_smooth_logistic",1000,1600,0.4,0.73,0.599,-0.131,0.820547945205479,0,0.131,0.00944336442963131
133,"B_smooth_logistic",1600,2200,0.55,0.588125,0.57375,-0.014375,0.975557917109458,0,0.014375,0.00386323361125775
133,"B_smooth_logistic",2200,2800,0.7,0.584545454545455,0.585909090909091,0.00136363636363634,0.99767261442979,0.00136363636363636,0,0.0058273523930518
133,"B_smooth_logistic",2800,3400,0.85,0.585714285714286,0.548214285714286,-0.0375,0.935975609756098,0,0.0375,0.00214099735050801
133,"B_smooth_logistic",3400,4000,1,0.545294117647059,0.606176470588235,0.0608823529411765,0.899563318777293,0.0608823529411765,0,0.00361361643110399
134,"A_threshold",1000,1600,0.4,0.554,0.535,-0.019,0.965703971119134,0,0.019,0.00502354671045384
134,"A_threshold",1600,2200,0.55,0.546875,0.22625,-0.320625,0.413714285714286,0,0.320625,0.0124306633050305
134,"A_threshold",2200,2800,0.7,0.230909090909091,0.252272727272727,0.0213636363636364,0.915315315315315,0.0213636363636364,0,0.00293432685819618
134,"A_threshold",2800,3400,0.85,0.254642857142857,0.318571428571429,0.0639285714285714,0.79932735426009,0.0639285714285714,0,0.00658247296478012
134,"A_threshold",3400,4000,1,0.320588235294118,0.350294117647059,0.0297058823529411,0.9151973131822,0.0297058823529412,0,0.00246001624129139
134,"B_smooth_logistic",1000,1600,0.4,0.707,0.711,0.004,0.994374120956399,0.004,0,0.00246211673816639
134,"B_smooth_logistic",1600,2200,0.55,0.713125,0.71875,0.00562499999999999,0.992173913043478,0.005625,0,0.00572495361931669
134,"B_smooth_logistic",2200,2800,0.7,0.732272727272727,0.69,-0.0422727272727274,0.942271880819367,0,0.0422727272727273,0.00453006090123449
134,"B_smooth_logistic",2800,3400,0.85,0.689642857142857,0.661428571428571,-0.0282142857142856,0.959088555152771,0,0.0282142857142857,0.00607336018803812
134,"B_smooth_logistic",3400,4000,1,0.654117647058824,0.748823529411765,0.0947058823529411,0.873527101335428,0.0947058823529412,0,0.00627676806874618
135,"A_threshold",1000,1600,0.4,0.918,0.954,0.0359999999999999,0.962264150943396,0.036,0,0.0149392307468423
135,"A_threshold",1600,2200,0.55,0.9575,0.78375,-0.17375,0.818537859007833,0,0.17375,0.00313046764052536
135,"A_threshold",2200,2800,0.7,0.78,0.735,-0.045,0.942307692307692,0,0.045,0.00151190298840257
135,"A_threshold",2800,3400,0.85,0.731071428571429,0.655714285714286,-0.0753571428571429,0.896922325354177,0,0.0753571428571429,0.00630366119019187
135,"A_threshold",3400,4000,1,0.65,0.612352941176471,-0.0376470588235295,0.942081447963801,0,0.0376470588235294,0.00167380870941781
135,"B_smooth_logistic",1000,1600,0.4,1,1,0,1,0,0,0.00858627315878762
135,"B_smooth_logistic",1600,2200,0.55,1,1,0,1,0,0,0.00756443260126149
135,"B_smooth_logistic",2200,2800,0.7,1,1,0,1,0,0,0.00313424059319215
135,"B_smooth_logistic",2800,3400,0.85,1,1,0,1,0,0,0.00356957587819156
135,"B_smooth_logistic",3400,4000,1,1,0.827941176470588,-0.172058823529412,0.827941176470588,0,0.172058823529412,0.00458785455730605
136,"A_threshold",1000,1600,0.4,0.221,0.002,-0.219,0.00904977375565611,0,0.219,0.0142362517800178
136,"A_threshold",1600,2200,0.55,0.004375,0.028125,0.02375,0,0.028125,0.004375,0.0141875159719529
136,"A_threshold",2200,2800,0.7,0.0277272727272727,0.000909090909090909,-0.0268181818181818,0.0327868852459016,0,0.0268181818181818,0.00246181865959165
136,"A_threshold",2800,3400,0.85,0.00142857142857143,0.0260714285714286,0.0246428571428571,0.0547945205479452,0.0246428571428571,0,0.0019678697755888
136,"A_threshold",3400,4000,1,0.0264705882352941,0.0676470588235294,0.0411764705882353,0.391304347826087,0.0411764705882353,0,0.00188095783339074
136,"B_smooth_logistic",1000,1600,0.4,1,0.797,-0.203,0.797,0,0.203,0.00760402943342618
136,"B_smooth_logistic",1600,2200,0.55,0.809375,0.655,-0.154375,0.809266409266409,0,0.154375,0.0118816687635381
136,"B_smooth_logistic",2200,2800,0.7,0.660454545454545,0.734545454545455,0.0740909090909091,0.899133663366337,0.0740909090909091,0,0.00203923643883941
136,"B_smooth_logistic",2800,3400,0.85,0.733928571428571,0.910714285714286,0.176785714285714,0.805882352941176,0.176785714285714,0,0.00417932838853758
136,"B_smooth_logistic",3400,4000,1,0.910588235294118,0.872352941176471,-0.0382352941176471,0.958010335917313,0,0.0382352941176471,0.00228744209195756
137,"A_threshold",1000,1600,0.4,0.403,0.27,-0.133,0.669975186104218,0,0.133,0.0107577959510708
137,"A_threshold",1600,2200,0.55,0.268125,0.49125,0.223125,0.545801526717557,0.223125,0,0.016283400034988
137,"A_threshold",2200,2800,0.7,0.484545454545455,0.467272727272727,-0.0172727272727273,0.964352720450281,0,0.0172727272727273,0.0076853603195909
137,"A_threshold",2800,3400,0.85,0.4675,0.475357142857143,0.00785714285714284,0.983471074380165,0.00785714285714286,0,0.00927549993206232
137,"A_threshold",3400,4000,1,0.481470588235294,0.516764705882353,0.0352941176470588,0.931701764371087,0.0352941176470588,0,0.00279897382536628
137,"B_smooth_logistic",1000,1600,0.4,1,0.978,-0.022,0.978,0,0.022,0.022701918778326
137,"B_smooth_logistic",1600,2200,0.55,0.976875,1,0.023125,0.976875,0.023125,0,0.00733319204733168
137,"B_smooth_logistic",2200,2800,0.7,1,1,0,1,0,0,0.00615425801533428
137,"B_smooth_logistic",2800,3400,0.85,1,1,0,1,0,0,0.00672764573489563
137,"B_smooth_logistic",3400,4000,1,1,0.898235294117647,-0.101764705882353,0.898235294117647,0,0.101764705882353,0.00508133646271604
138,"A_threshold",1000,1600,0.4,0.574,1,0.426,0.574,0.426,0,0.0264936562553018
138,"A_threshold",1600,2200,0.55,1,0.243125,-0.756875,0.243125,0,0.756875,0.0229593195411207
138,"A_threshold",2200,2800,0.7,0.231818181818182,0.139090909090909,-0.0927272727272727,0.6,0,0.0927272727272727,0.00447478139120604
138,"A_threshold",2800,3400,0.85,0.140357142857143,0.222142857142857,0.0817857142857143,0.631832797427653,0.0817857142857143,0,0.00606684489271222
138,"A_threshold",3400,4000,1,0.225588235294118,0.145,-0.0805882352941177,0.642764015645372,0,0.0805882352941176,0.0066664450956909
138,"B_smooth_logistic",1000,1600,0.4,1,1,0,1,0,0,0.0107866416179356
138,"B_smooth_logistic",1600,2200,0.55,1,1,0,1,0,0,0.0060825966384365
138,"B_smooth_logistic",2200,2800,0.7,1,1,0,1,0,0,0.00340779356346324
138,"B_smooth_logistic",2800,3400,0.85,1,1,0,1,0,0,0.00662074250175901
138,"B_smooth_logistic",3400,4000,1,1,1,0,1,0,0,0.00525610881000313
139,"A_threshold",1000,1600,0.4,0.242,0.468,0.226,0.517094017094017,0.226,0,0.011027244726044
139,"A_threshold",1600,2200,0.55,0.49125,0.47,-0.02125,0.956743002544529,0,0.02125,0.00222634167734968
139,"A_threshold",2200,2800,0.7,0.464090909090909,0.342272727272727,-0.121818181818182,0.737512242899119,0,0.121818181818182,0.00563649349614343
139,"A_threshold",2800,3400,0.85,0.347857142857143,0.331785714285714,-0.0160714285714286,0.953798767967146,0,0.0160714285714286,0.00070059636427022
139,"A_threshold",3400,4000,1,0.328823529411765,0.215294117647059,-0.113529411764706,0.65474060822898,0,0.113529411764706,0.00441262799069427
139,"B_smooth_logistic",1000,1600,0.4,1,1,0,1,0,0,0.00482909012432792
139,"B_smooth_logistic",1600,2200,0.55,1,0.659375,-0.340625,0.659375,0,0.340625,0.00979720417731465
139,"B_smooth_logistic",2200,2800,0.7,0.661363636363636,0.776818181818182,0.115454545454545,0.851375073142188,0.115454545454545,0,0.00646077338801158
139,"B_smooth_logistic",2800,3400,0.85,0.789285714285714,0.787142857142857,-0.00214285714285711,0.997285067873303,0,0.00214285714285714,0.00191303189406271
139,"B_smooth_logistic",3400,4000,1,0.791764705882353,0.790294117647059,-0.00147058823529411,0.9981426448737,0,0.00147058823529412,0.0032523815291031
140,"A_threshold",1000,1600,0.4,0.014,0.004,-0.01,0.285714285714286,0,0.01,0.0130118026691063
140,"A_threshold",1600,2200,0.55,0.004375,0.170625,0.16625,0.0256410256410256,0.16625,0,0.0155843949701979
140,"A_threshold",2200,2800,0.7,0.174090909090909,0.340909090909091,0.166818181818182,0.510666666666667,0.166818181818182,0,0.0136735472252984
140,"A_threshold",2800,3400,0.85,0.345357142857143,0.3125,-0.0328571428571429,0.904860392967942,0,0.0328571428571429,0.00144473173757446
140,"A_threshold",3400,4000,1,0.315588235294118,0.381764705882353,0.0661764705882353,0.826656394453005,0.0661764705882353,0,0.00297156758856119
140,"B_smooth_logistic",1000,1600,0.4,0.839,0.664,-0.175,0.791418355184744,0,0.175,0.0152847823818438
140,"B_smooth_logistic",1600,2200,0.55,0.670625,0.703125,0.0325,0.953777777777778,0.0325,0,0.00462955264506184
140,"B_smooth_logistic",2200,2800,0.7,0.705909090909091,0.641818181818182,-0.0640909090909091,0.90920798454604,0,0.0640909090909091,0.00565023740441828
140,"B_smooth_logistic",2800,3400,0.85,0.643928571428571,0.617857142857143,-0.0260714285714285,0.959511924570161,0,0.0260714285714286,0.00426481463239596
140,"B_smooth_logistic",3400,4000,1,0.617058823529412,0.650588235294118,0.0335294117647059,0.948462929475588,0.0335294117647059,0,0.00593827841025473
141,"A_threshold",1000,1600,0.4,0.997,0.379,-0.618,0.380140421263791,0,0.618,0.0148537694244489
141,"A_threshold",1600,2200,0.55,0.379375,0.67625,0.296875,0.560998151571165,0.296875,0,0.0101468979589669
141,"A_threshold",2200,2800,0.7,0.676818181818182,0.656818181818182,-0.0199999999999999,0.970449966420416,0,0.02,0.00685765826361974
141,"A_threshold",2800,3400,0.85,0.6525,0.51,-0.1425,0.781609195402299,0,0.1425,0.00545620884003352
141,"A_threshold",3400,4000,1,0.514411764705882,0.535,0.0205882352941177,0.961517317207257,0.0205882352941176,0,0.00136036124726326
141,"B_smooth_logistic",1000,1600,0.4,0.773,0.865,0.092,0.89364161849711,0.092,0,0.00887393679373914
141,"B_smooth_logistic",1600,2200,0.55,0.86625,0.921875,0.055625,0.939661016949152,0.055625,0,0.00371796882124882
141,"B_smooth_logistic",2200,2800,0.7,0.919090909090909,1,0.0809090909090909,0.919090909090909,0.0809090909090909,0,0.00829170709037299
141,"B_smooth_logistic",2800,3400,0.85,1,1,0,1,0,0,0.00742957950394278
141,"B_smooth_logistic",3400,4000,1,1,1,0,1,0,0,0.00389887165021335
142,"A_threshold",1000,1600,0.4,0,0,0,1,0,0,0.012531044085596
142,"A_threshold",1600,2200,0.55,0,0.01125,0.01125,0,0.01125,0,0.00518764250991153
142,"A_threshold",2200,2800,0.7,0.00909090909090909,0.149545454545455,0.140454545454545,0.060790273556231,0.140454545454545,0,0.00680158550859267
142,"A_threshold",2800,3400,0.85,0.151428571428571,0,-0.151428571428571,0,0,0.151428571428571,0.00769567330932797
142,"A_threshold",3400,4000,1,0,0,0,1,0,0,0.00167846095719123
142,"B_smooth_logistic",1000,1600,0.4,0.54,0.667,0.127,0.809595202398801,0.127,0,0.0126710189148399
142,"B_smooth_logistic",1600,2200,0.55,0.654375,0.8,0.145625,0.81796875,0.145625,0,0.0136263328476068
142,"B_smooth_logistic",2200,2800,0.7,0.812272727272727,0.994545454545455,0.182272727272727,0.81672760511883,0.182272727272727,0,0.00601547700481854
142,"B_smooth_logistic",2800,3400,0.85,0.995357142857143,1,0.00464285714285717,0.995357142857143,0.00464285714285714,0,0.00463497349538505
142,"B_smooth_logistic",3400,4000,1,1,0.852058823529412,-0.147941176470588,0.852058823529412,0,0.147941176470588,0.00386998742695147
143,"A_threshold",1000,1600,0.4,0.326,0.219,-0.107,0.671779141104294,0,0.107,0.00946252628860925
143,"A_threshold",1600,2200,0.55,0.2225,0.3125,0.09,0.712,0.09,0,0.0161564436336725
143,"A_threshold",2200,2800,0.7,0.311363636363636,0.349545454545455,0.0381818181818182,0.890767230169051,0.0381818181818182,0,0.00292139454114449
143,"A_threshold",2800,3400,0.85,0.345357142857143,0.262857142857143,-0.0825,0.761116856256463,0,0.0825,0.00598885443514849
143,"A_threshold",3400,4000,1,0.264117647058824,0.207941176470588,-0.0561764705882353,0.787305122494432,0,0.0561764705882353,0.00295644479279085
143,"B_smooth_logistic",1000,1600,0.4,1,0.811,-0.189,0.811,0,0.189,0.00871456386976249
143,"B_smooth_logistic",1600,2200,0.55,0.81375,0.760625,-0.053125,0.934715821812596,0,0.053125,0.00382488646754633
143,"B_smooth_logistic",2200,2800,0.7,0.765454545454545,0.947727272727273,0.182272727272727,0.807673860911271,0.182272727272727,0,0.0058519699303989
143,"B_smooth_logistic",2800,3400,0.85,0.950357142857143,1,0.0496428571428571,0.950357142857143,0.0496428571428571,0,0.00362713233720465
143,"B_smooth_logistic",3400,4000,1,1,1,0,1,0,0,0.00462482685010963
144,"A_threshold",1000,1600,0.4,0.847,0.695,-0.152,0.820543093270366,0,0.152,0.0135970938367982
144,"A_threshold",1600,2200,0.55,0.681875,0.804375,0.1225,0.847707847707848,0.1225,0,0.00996866898947596
144,"A_threshold",2200,2800,0.7,0.795,0.761818181818182,-0.0331818181818182,0.958261863922241,0,0.0331818181818182,0.00952020385600187
144,"A_threshold",2800,3400,0.85,0.7675,0.67,-0.0974999999999999,0.872964169381108,0,0.0975,0.00695511936594751
144,"A_threshold",3400,4000,1,0.670588235294118,0.543235294117647,-0.127352941176471,0.810087719298246,0,0.127352941176471,0.00791135973234443
144,"B_smooth_logistic",1000,1600,0.4,0.439,0.443,0.004,0.99097065462754,0.004,0,0.00992670340924518
144,"B_smooth_logistic",1600,2200,0.55,0.439375,0.650625,0.21125,0.675312199807877,0.21125,0,0.0152594712625754
144,"B_smooth_logistic",2200,2800,0.7,0.647272727272727,0.660909090909091,0.0136363636363637,0.979367262723521,0.0136363636363636,0,0.00457878814380289
144,"B_smooth_logistic",2800,3400,0.85,0.671428571428571,0.582857142857143,-0.0885714285714285,0.868085106382979,0,0.0885714285714286,0.00492978636161343
144,"B_smooth_logistic",3400,4000,1,0.590588235294118,0.613529411764706,0.0229411764705882,0.962607861936721,0.0229411764705882,0,0.00342487907175301
145,"A_threshold",1000,1600,0.4,0.059,0.035,-0.024,0.593220338983051,0,0.024,0.0117258452170479
145,"A_threshold",1600,2200,0.55,0.03125,0.143125,0.111875,0.218340611353712,0.111875,0,0.00618675171280933
145,"A_threshold",2200,2800,0.7,0.145454545454545,0.0936363636363636,-0.0518181818181818,0.64375,0,0.0518181818181818,0.00740680930823656
145,"A_threshold",2800,3400,0.85,0.0928571428571429,0.134285714285714,0.0414285714285714,0.691489361702128,0.0414285714285714,0,0.00690594539248803
145,"A_threshold",3400,4000,1,0.134411764705882,0.167941176470588,0.0335294117647059,0.800350262697023,0.0335294117647059,0,0.0014983733529485
145,"B_smooth_logistic",1000,1600,0.4,1,1,0,1,0,0,0.0105578412084653
145,"B_smooth_logistic",1600,2200,0.55,1,0.82875,-0.17125,0.82875,0,0.17125,0.00916948761049109
145,"B_smooth_logistic",2200,2800,0.7,0.832727272727273,0.786818181818182,-0.0459090909090909,0.944868995633188,0,0.0459090909090909,0.00157663062697346
145,"B_smooth_logistic",2800,3400,0.85,0.788214285714286,0.820357142857143,0.0321428571428571,0.960818458859382,0.0321428571428571,0,0.00307449192153266
145,"B_smooth_logistic",3400,4000,1,0.822647058823529,1,0.177352941176471,0.822647058823529,0.177352941176471,0,0.00498109808448092
146,"A_threshold",1000,1600,0.4,0.219,0.278,0.059,0.787769784172662,0.059,0,0.0110813591286879
146,"A_threshold",1600,2200,0.55,0.291875,0.351875,0.06,0.829484902309059,0.06,0,0.00485807331708547
146,"A_threshold",2200,2800,0.7,0.351363636363636,0.210454545454545,-0.140909090909091,0.598965071151358,0,0.140909090909091,0.0109546059567926
146,"A_threshold",2800,3400,0.85,0.207142857142857,0.1975,-0.00964285714285715,0.953448275862069,0,0.00964285714285714,0.00141360309044757
146,"A_threshold",3400,4000,1,0.199411764705882,0.203529411764706,0.00411764705882353,0.979768786127168,0.00411764705882353,0,0.00210457951141441
146,"B_smooth_logistic",1000,1600,0.4,1,0.968,-0.032,0.968,0,0.032,0.0274804650756565
146,"B_smooth_logistic",1600,2200,0.55,0.965625,1,0.034375,0.965625,0.034375,0,0.0141297513134671
146,"B_smooth_logistic",2200,2800,0.7,1,1,0,1,0,0,0.00441904766019317
146,"B_smooth_logistic",2800,3400,0.85,1,1,0,1,0,0,0.00483274317986774
146,"B_smooth_logistic",3400,4000,1,1,1,0,1,0,0,0.00530189265179015
147,"A_threshold",1000,1600,0.4,0,0,0,1,0,0,0.0079306859945287
147,"A_threshold",1600,2200,0.55,0,0.049375,0.049375,0,0.049375,0,0.012274274193034
147,"A_threshold",2200,2800,0.7,0.0522727272727273,0.135909090909091,0.0836363636363636,0.384615384615385,0.0836363636363636,0,0.0100684422811847
147,"A_threshold",2800,3400,0.85,0.140357142857143,0.202142857142857,0.0617857142857143,0.69434628975265,0.0617857142857143,0,0.00325453571638508
147,"A_threshold",3400,4000,1,0.204411764705882,0.159411764705882,-0.045,0.779856115107914,0,0.045,0.00305222730959794
147,"B_smooth_logistic",1000,1600,0.4,0.835,1,0.165,0.835,0.165,0,0.00580076684246019
147,"B_smooth_logistic",1600,2200,0.55,1,1,0,1,0,0,0.00580475876744393
147,"B_smooth_logistic",2200,2800,0.7,1,1,0,1,0,0,0.00205273247394764
147,"B_smooth_logistic",2800,3400,0.85,1,1,0,1,0,0,0.00300407614534694
147,"B_smooth_logistic",3400,4000,1,1,1,0,1,0,0,0.00342949544944728
148,"A_threshold",1000,1600,0.4,0.603,0.533,-0.07,0.136,0.397,0.467,0.00567555071481969
148,"A_threshold",1600,2200,0.55,0.548125,0.386875,-0.16125,0.705815279361459,0,0.16125,0.00386407732794625
148,"A_threshold",2200,2800,0.7,0.389090909090909,0.620909090909091,0.231818181818182,0.626647144948756,0.231818181818182,0,0.0037627507788839
148,"A_threshold",2800,3400,0.85,0.628214285714286,0.596428571428571,-0.0317857142857143,0.949403069926094,0,0.0317857142857143,0.000407387753496373
148,"A_threshold",3400,4000,1,0.599705882352941,0.802647058823529,0.202941176470588,0.747160131916453,0.202941176470588,0,0.00350061668197101
148,"B_smooth_logistic",1000,1600,0.4,0.782,0.596,-0.186,0.762148337595908,0,0.186,0.0154090321561284
148,"B_smooth_logistic",1600,2200,0.55,0.6,0.6575,0.0575,0.91254752851711,0.0575,0,0.00602258578962626
148,"B_smooth_logistic",2200,2800,0.7,0.659090909090909,0.691363636363636,0.0322727272727273,0.953320184089415,0.0322727272727273,0,0.0042680802378586
148,"B_smooth_logistic",2800,3400,0.85,0.688214285714286,0.636428571428571,-0.0517857142857142,0.924753502854177,0,0.0517857142857143,0.00559435134321739
148,"B_smooth_logistic",3400,4000,1,0.641764705882353,0.630882352941176,-0.0108823529411765,0.983043079743355,0,0.0108823529411765,0.00202764728660739
149,"A_threshold",1000,1600,0.4,0,0,0,1,0,0,0.015450534536855
149,"A_threshold",1600,2200,0.55,0,0.149375,0.149375,0,0.149375,0,0.00926133408454938
149,"A_threshold",2200,2800,0.7,0.149090909090909,0.344090909090909,0.195,0.4332892998679,0.195,0,0.00771670906827491
149,"A_threshold",2800,3400,0.85,0.343928571428571,0.298571428571429,-0.0453571428571428,0.868120456905504,0,0.0453571428571429,0.00468264102111353
149,"A_threshold",3400,4000,1,0.302058823529412,0.322647058823529,0.0205882352941176,0.936189608021878,0.0205882352941176,0,0.00288900598340971
149,"B_smooth_logistic",1000,1600,0.4,0.608,0.606,-0.002,0.996710526315789,0,0.002,0.00232586356495595
149,"B_smooth_logistic",1600,2200,0.55,0.615,0.66125,0.04625,0.930056710775047,0.04625,0,0.012935029210458
149,"B_smooth_logistic",2200,2800,0.7,0.659090909090909,0.669090909090909,0.01,0.985054347826087,0.01,0,0.00153205375052771
149,"B_smooth_logistic",2800,3400,0.85,0.662142857142857,0.692857142857143,0.0307142857142857,0.955670103092784,0.0307142857142857,0,0.00590171757595749
149,"B_smooth_logistic",3400,4000,1,0.695294117647059,0.680588235294118,-0.0147058823529412,0.978849407783418,0,0.0147058823529412,0.00338035998099279
150,"A_threshold",1000,1600,0.4,0.017,0.009,-0.008,0.529411764705882,0,0.008,0.00574058573600087
150,"A_threshold",1600,2200,0.55,0.0075,0.011875,0.004375,0.631578947368421,0.004375,0,0.007748181130588
150,"A_threshold",2200,2800,0.7,0.0104545454545455,0.0404545454545455,0.03,0.258426966292135,0.03,0,0.00746625424386137
150,"A_threshold",2800,3400,0.85,0.0407142857142857,0.0403571428571429,-0.000357142857142861,0.991228070175439,0,0.000357142857142857,0.00128775168380963
150,"A_threshold",3400,4000,1,0.0417647058823529,0.0238235294117647,-0.0179411764705882,0.570422535211268,0,0.0179411764705882,0.00102152320302245
150,"B_smooth_logistic",1000,1600,0.4,0.881,1,0.119,0.881,0.119,0,0.00757335245413735
150,"B_smooth_logistic",1600,2200,0.55,1,1,0,1,0,0,0.0132990322950961
150,"B_smooth_logistic",2200,2800,0.7,1,1,0,1,0,0,0.00143980817526552
150,"B_smooth_logistic",2800,3400,0.85,1,0.895,-0.105,0.895,0,0.105,0.00355264118763704
150,"B_smooth_logistic",3400,4000,1,0.892647058823529,0.998235294117647,0.105588235294118,0.894225103123159,0.105588235294118,0,0.00292075594247484
151,"A_threshold",1000,1600,0.4,0,0.144,0.144,0,0.144,0,0.00862946820434724
151,"A_threshold",1600,2200,0.55,0.1375,0.321875,0.184375,0.427184466019417,0.184375,0,0.00681581513554532
151,"A_threshold",2200,2800,0.7,0.317727272727273,0.255909090909091,-0.0618181818181818,0.805436337625179,0,0.0618181818181818,0.00500929211627792
151,"A_threshold",2800,3400,0.85,0.260357142857143,0.291785714285714,0.0314285714285714,0.892288861689106,0.0314285714285714,0,0.00295271354992413
151,"A_threshold",3400,4000,1,0.295,0.0723529411764706,-0.222647058823529,0.245264207377866,0,0.222647058823529,0.0110370073796015
151,"B_smooth_logistic",1000,1600,0.4,1,1,0,1,0,0,0.0139548525513268
151,"B_smooth_logistic",1600,2200,0.55,1,1,0,1,0,0,0.00308110516625586
151,"B_smooth_logistic",2200,2800,0.7,1,0.966363636363636,-0.0336363636363637,0.966363636363636,0,0.0336363636363636,0.00344247370220334
151,"B_smooth_logistic",2800,3400,0.85,0.964285714285714,1,0.0357142857142857,0.964285714285714,0.0357142857142857,0,0.00189378124575586
151,"B_smooth_logistic",3400,4000,1,1,1,0,1,0,0,0.00419699038055546
152,"A_threshold",1000,1600,0.4,0.418,0.778,0.36,0.537275064267352,0.36,0,0.0190437150415831
152,"A_threshold",1600,2200,0.55,0.77125,0.936875,0.165625,0.708125,0.22875,0.063125,0.00710984947556066
152,"A_threshold",2200,2800,0.7,0.938636363636364,0.511818181818182,-0.426818181818182,0.545278450363196,0,0.426818181818182,0.00783522225185796
152,"A_threshold",2800,3400,0.85,0.515,0.557857142857143,0.0428571428571428,0.923175416133163,0.0428571428571429,0,0.000970186887467649
152,"A_threshold",3400,4000,1,0.561764705882353,0.52,-0.0417647058823529,0.92565445026178,0,0.0417647058823529,0.00230462927531431
152,"B_smooth_logistic",1000,1600,0.4,1,1,0,1,0,0,0.010779552916833
152,"B_smooth_logistic",1600,2200,0.55,1,0.945625,-0.054375,0.945625,0,0.054375,0.00472741598343933
152,"B_smooth_logistic",2200,2800,0.7,0.941818181818182,0.633181818181818,-0.308636363636364,0.672297297297297,0,0.308636363636364,0.00741607069289039
152,"B_smooth_logistic",2800,3400,0.85,0.633928571428571,0.647142857142857,0.0132142857142857,0.979580573951435,0.0132142857142857,0,0.00285767970267496
152,"B_smooth_logistic",3400,4000,1,0.652352941176471,0.560294117647059,-0.0920588235294117,0.858881875563571,0,0.0920588235294118,0.00454887801541766
153,"A_threshold",1000,1600,0.4,0,0.009,0.009,0,0.009,0,0.00516941772172065
153,"A_threshold",1600,2200,0.55,0.005625,0.1775,0.171875,0.0316901408450704,0.171875,0,0.00765299452066419
153,"A_threshold",2200,2800,0.7,0.179090909090909,0.0854545454545454,-0.0936363636363636,0.477157360406091,0,0.0936363636363636,0.00665889407152842
153,"A_threshold",2800,3400,0.85,0.0882142857142857,0.115357142857143,0.0271428571428571,0.764705882352941,0.0271428571428571,0,0.00182967788891294
153,"A_threshold",3400,4000,1,0.114411764705882,0.0552941176470588,-0.0591176470588235,0.483290488431877,0,0.0591176470588235,0.00764647777744652
153,"B_smooth_logistic",1000,1600,0.4,0.578,0.631,0.053,0.916006339144215,0.053,0,0.0146199438681933
153,"B_smooth_logistic",1600,2200,0.55,0.618125,0.6725,0.054375,0.919144981412639,0.054375,0,0.00700399849905362
153,"B_smooth_logistic",2200,2800,0.7,0.670909090909091,0.780909090909091,0.11,0.859138533178114,0.11,0,0.0066773456096513
153,"B_smooth_logistic",2800,3400,0.85,0.774642857142857,0.862142857142857,0.0874999999999999,0.89850869925435,0.0875,0,0.00686510652194655
153,"B_smooth_logistic",3400,4000,1,0.863529411764706,0.808529411764706,-0.055,0.936307901907357,0,0.055,0.00823801734326071
154,"A_threshold",1000,1600,0.4,0.513,0.498,-0.015,0.970760233918129,0,0.015,0.0111422403352539
154,"A_threshold",1600,2200,0.55,0.496875,0.559375,0.0624999999999999,0.888268156424581,0.0625,0,0.00442122373079196
154,"A_threshold",2200,2800,0.7,0.563181818181818,0.209545454545455,-0.353636363636364,0.372074253430186,0,0.353636363636364,0.012001073990814
154,"A_threshold",2800,3400,0.85,0.205,0.369642857142857,0.164642857142857,0.554589371980676,0.164642857142857,0,0.00405260169373129
154,"A_threshold",3400,4000,1,0.362941176470588,0.422352941176471,0.0594117647058824,0.85933147632312,0.0594117647058824,0,0.00395449127255678
154,"B_smooth_logistic",1000,1600,0.4,0.333,0.637,0.304,0.52276295133438,0.304,0,0.0114596249900146
154,"B_smooth_logistic",1600,2200,0.55,0.625,0.59125,-0.0337499999999999,0.946,0,0.03375,0.00572767814707155
154,"B_smooth_logistic",2200,2800,0.7,0.590454545454545,0.529545454545455,-0.0609090909090909,0.896843725943033,0,0.0609090909090909,0.00440707948600079
154,"B_smooth_logistic",2800,3400,0.85,0.528928571428571,0.483214285714286,-0.0457142857142857,0.913571910871033,0,0.0457142857142857,0.00397086418697799
154,"B_smooth_logistic",3400,4000,1,0.479411764705882,0.665294117647059,0.185882352941176,0.720601237842617,0.185882352941176,0,0.0108554475307194
155,"A_threshold",1000,1600,0.4,0.105,0.124,0.019,0.846774193548387,0.019,0,0.00913814143431501
155,"A_threshold",1600,2200,0.55,0.126875,0.00375,-0.123125,0.0295566502463054,0,0.123125,0.00641406079882851
155,"A_threshold",2200,2800,0.7,0.00363636363636364,0.000454545454545455,-0.00318181818181818,0.125,0,0.00318181818181818,0.00208326732508888
155,"A_threshold",2800,3400,0.85,0.000357142857142857,0.0171428571428571,0.0167857142857143,0.0208333333333333,0.0167857142857143,0,0.00459032702205987
155,"A_threshold",3400,4000,1,0.0179411764705882,0.0367647058823529,0.0188235294117647,0.488,0.0188235294117647,0,0.000990137817258346
155,"B_smooth_logistic",1000,1600,0.4,0,0.935,0.935,0,0.935,0,0.0349967679634734
155,"B_smooth_logistic",1600,2200,0.55,0.926875,1,0.073125,0.926875,0.073125,0,0.00643064385191266
155,"B_smooth_logistic",2200,2800,0.7,1,1,0,1,0,0,0.00510289870699674
155,"B_smooth_logistic",2800,3400,0.85,1,1,0,1,0,0,0.00281127412274671
155,"B_smooth_logistic",3400,4000,1,1,1,0,1,0,0,0.0036184746965772
156,"A_threshold",1000,1600,0.4,0.786,0.206,-0.58,0,0.206,0.786,0.00986471584598834
156,"A_threshold",1600,2200,0.55,0.20375,0.28875,0.085,0,0.28875,0.20375,0.0150889045217594
156,"A_threshold",2200,2800,0.7,0.297272727272727,0.08,-0.217272727272727,0.269113149847095,0,0.217272727272727,0.00599263618822782
156,"A_threshold",2800,3400,0.85,0.0778571428571429,0,-0.0778571428571429,0,0,0.0778571428571429,0.00442912451879195
156,"A_threshold",3400,4000,1,0,0.00558823529411765,0.00558823529411765,0,0.00558823529411765,0,0.00261561753898257
156,"B_smooth_logistic",1000,1600,0.4,1,0.895,-0.105,0.895,0,0.105,0.0125850041246471
156,"B_smooth_logistic",1600,2200,0.55,0.88875,0.791875,-0.096875,0.890998593530239,0,0.096875,0.00608520005931397
156,"B_smooth_logistic",2200,2800,0.7,0.796818181818182,0.872727272727273,0.0759090909090908,0.913020833333333,0.0759090909090909,0,0.00758863531333929
156,"B_smooth_logistic",2800,3400,0.85,0.876785714285714,0.715357142857143,-0.161428571428571,0.815885947046843,0,0.161428571428571,0.00642181652660532
156,"B_smooth_logistic",3400,4000,1,0.715294117647059,0.660882352941176,-0.0544117647058824,0.923930921052632,0,0.0544117647058824,0.00424873768535744
157,"A_threshold",1000,1600,0.4,0.352,0.024,-0.328,0.0681818181818182,0,0.328,0.0158764723509401
157,"A_threshold",1600,2200,0.55,0.0375,0.370625,0.333125,0.101180438448567,0.333125,0,0.0172782513132346
157,"A_threshold",2200,2800,0.7,0.373181818181818,0.508181818181818,0.135,0.734347048300537,0.135,0,0.00517663003377419
157,"A_threshold",2800,3400,0.85,0.5175,0.410357142857143,-0.107142857142857,0.79296066252588,0,0.107142857142857,0.00317152092337288
157,"A_threshold",3400,4000,1,0.402647058823529,0.510588235294118,0.107941176470588,0.788594470046083,0.107941176470588,0,0.0058823397524943
157,"B_smooth_logistic",1000,1600,0.4,0.927,0.552,-0.375,0.59546925566343,0,0.375,0.00763814649742819
157,"B_smooth_logistic",1600,2200,0.55,0.5575,0.91375,0.35625,0.610123119015048,0.35625,0,0.0128407149582198
157,"B_smooth_logistic",2200,2800,0.7,0.919545454545455,1,0.0804545454545454,0.919545454545455,0.0804545454545455,0,0.0100152335649781
157,"B_smooth_logistic",2800,3400,0.85,1,0.795714285714286,-0.204285714285714,0.795714285714286,0,0.204285714285714,0.00917639537497089
157,"B_smooth_logistic",3400,4000,1,0.787941176470588,0.704411764705882,-0.0835294117647059,0.893990294886152,0,0.0835294117647059,0.00263028270245702
158,"A_threshold",1000,1600,0.4,0.513,0.492,-0.021,0.95906432748538,0,0.021,0.00394974580526784
158,"A_threshold",1600,2200,0.55,0.49375,0.483125,-0.010625,0.978481012658228,0,0.010625,0.0156031746102285
158,"A_threshold",2200,2800,0.7,0.488181818181818,0.424090909090909,-0.0640909090909091,0.868715083798883,0,0.0640909090909091,0.00410162404100759
158,"A_threshold",2800,3400,0.85,0.415,0.690357142857143,0.275357142857143,0.601138127263321,0.275357142857143,0,0.0110072539006424
158,"A_threshold",3400,4000,1,0.690588235294118,0.638235294117647,-0.0523529411764706,0.924190800681431,0,0.0523529411764706,0.00270413096864535
158,"B_smooth_logistic",1000,1600,0.4,1,1,0,1,0,0,0.0100041358759358
158,"B_smooth_logistic",1600,2200,0.55,1,1,0,1,0,0,0.01730151043757
158,"B_smooth_logistic",2200,2800,0.7,1,1,0,1,0,0,0.00594264056318896
158,"B_smooth_logistic",2800,3400,0.85,1,1,0,1,0,0,0.0025248106964275
158,"B_smooth_logistic",3400,4000,1,1,1,0,1,0,0,0.0025976461450808
159,"A_threshold",1000,1600,0.4,0.916,0.811,-0.105,0.885371179039301,0,0.105,0.00533518870991035
159,"A_threshold",1600,2200,0.55,0.799375,0.5725,-0.226875,0.71618451915559,0,0.226875,0.0124776198595426
159,"A_threshold",2200,2800,0.7,0.575909090909091,0.678181818181818,0.102272727272727,0.849195710455764,0.102272727272727,0,0.00813387392996775
159,"A_threshold",2800,3400,0.85,0.671785714285714,0.433571428571429,-0.238214285714286,0.645401382243488,0,0.238214285714286,0.00674005200231551
159,"A_threshold",3400,4000,1,0.431764705882353,0.297058823529412,-0.134705882352941,0.688010899182561,0,0.134705882352941,0.00372822930218953
159,"B_smooth_logistic",1000,1600,0.4,1,1,0,1,0,0,0.00556687915047695
159,"B_smooth_logistic",1600,2200,0.55,1,1,0,1,0,0,0.00798494911324434
159,"B_smooth_logistic",2200,2800,0.7,1,0.853636363636364,-0.146363636363636,0.853636363636364,0,0.146363636363636,0.00614228996775737
159,"B_smooth_logistic",2800,3400,0.85,0.858928571428571,0.855357142857143,-0.00357142857142856,0.995841995841996,0,0.00357142857142857,0.00690373106837151
159,"B_smooth_logistic",3400,4000,1,0.851764705882353,0.719117647058824,-0.132647058823529,0.844267955801105,0,0.132647058823529,0.00321089061568757
160,"A_threshold",1000,1600,0.4,0.098,0.328,0.23,0.298780487804878,0.23,0,0.00985082988470202
160,"A_threshold",1600,2200,0.55,0.345,0.369375,0.024375,0.934010152284264,0.024375,0,0.00540044679399827
160,"A_threshold",2200,2800,0.7,0.376818181818182,0.446363636363636,0.0695454545454545,0.844195519348269,0.0695454545454545,0,0.00904410550461412
160,"A_threshold",2800,3400,0.85,0.445,0.313214285714286,-0.131785714285714,0.703852327447833,0,0.131785714285714,0.00908112396215237
160,"A_threshold",3400,4000,1,0.319411764705882,0.211176470588235,-0.108235294117647,0.661141804788214,0,0.108235294117647,0.00612022072316863
160,"B_smooth_logistic",1000,1600,0.4,0.565,0.643,0.0780000000000001,0.878693623639191,0.078,0,0.00540386170055571
160,"B_smooth_logistic",1600,2200,0.55,0.653125,1,0.346875,0.653125,0.346875,0,0.0148339134074731
160,"B_smooth_logistic",2200,2800,0.7,1,0.75,-0.25,0.75,0,0.25,0.01101635193577
160,"B_smooth_logistic",2800,3400,0.85,0.748214285714286,0.899285714285714,0.151071428571429,0.832009531374106,0.151071428571429,0,0.00887584454783258
160,"B_smooth_logistic",3400,4000,1,0.900294117647059,0.867647058823529,-0.0326470588235294,0.963737340738321,0,0.0326470588235294,0.00243662517311539
161,"A_threshold",1000,1600,0.4,0.536,0.253,-0.283,0.472014925373134,0,0.283,0.0107653972161237
161,"A_threshold",1600,2200,0.55,0.24375,0.15875,-0.085,0.651282051282051,0,0.085,0.0053809378807398
161,"A_threshold",2200,2800,0.7,0.155,0.268636363636364,0.113636363636364,0.576988155668359,0.113636363636364,0,0.00615544456166038
161,"A_threshold",2800,3400,0.85,0.275357142857143,0.255357142857143,-0.02,0.927367055771725,0,0.02,0.00633057064307798
161,"A_threshold",3400,4000,1,0.251176470588235,0.304411764705882,0.053235294117647,0.82512077294686,0.0532352941176471,0,0.00302567485198874
161,"B_smooth_logistic",1000,1600,0.4,0.665,0.905,0.24,0.734806629834254,0.24,0,0.0101480872664685
161,"B_smooth_logistic",1600,2200,0.55,0.9075,1,0.0925,0.9075,0.0925,0,0.0087164447946668
161,"B_smooth_logistic",2200,2800,0.7,1,0.705,-0.295,0.705,0,0.295,0.0135752300131764
161,"B_smooth_logistic",2800,3400,0.85,0.697142857142857,0.601785714285714,-0.0953571428571429,0.863217213114754,0,0.0953571428571429,0.0103888069480012
161,"B_smooth_logistic",3400,4000,1,0.607058823529412,0.541470588235294,-0.0655882352941176,0.891957364341085,0,0.0655882352941176,0.00576434187766364
162,"A_threshold",1000,1600,0.4,0.028,0.035,0.007,0.8,0.007,0,0.00700104711385984
162,"A_threshold",1600,2200,0.55,0.045625,0.121875,0.07625,0.374358974358974,0.07625,0,0.00373019041655859
162,"A_threshold",2200,2800,0.7,0.130909090909091,0.245,0.114090909090909,0.534322820037106,0.114090909090909,0,0.0114390967878505
162,"A_threshold",2800,3400,0.85,0.247857142857143,0.238571428571429,-0.00928571428571429,0.962536023054755,0,0.00928571428571429,0.00092698684429895
162,"A_threshold",3400,4000,1,0.235882352941176,0.257647058823529,0.0217647058823529,0.915525114155251,0.0217647058823529,0,0.00504181706159349
162,"B_smooth_logistic",1000,1600,0.4,0.702,0.763,0.0610000000000001,0.920052424639581,0.061,0,0.0044366748346291
162,"B_smooth_logistic",1600,2200,0.55,0.765,0.840625,0.0756249999999999,0.91003717472119,0.075625,0,0.00732147526348617
162,"B_smooth_logistic",2200,2800,0.7,0.839090909090909,0.851363636363636,0.0122727272727272,0.985584623598505,0.0122727272727273,0,0.000842268800572625
162,"B_smooth_logistic",2800,3400,0.85,0.85,0.823571428571429,-0.0264285714285714,0.96890756302521,0,0.0264285714285714,0.00326038575292129
162,"B_smooth_logistic",3400,4000,1,0.824117647058824,1,0.175882352941176,0.824117647058824,0.175882352941176,0,0.00754511097100196
163,"A_threshold",1000,1600,0.4,0.232,0.351,0.119,0.660968660968661,0.119,0,0.00989539062651238
163,"A_threshold",1600,2200,0.55,0.36375,0.40875,0.045,0.889908256880734,0.045,0,0.0095068687061142
163,"A_threshold",2200,2800,0.7,0.42,0.127272727272727,-0.292727272727273,0.303030303030303,0,0.292727272727273,0.00720228725310796
163,"A_threshold",2800,3400,0.85,0.127857142857143,0.113214285714286,-0.0146428571428572,0.885474860335196,0,0.0146428571428571,0.00609884069398994
163,"A_threshold",3400,4000,1,0.108823529411765,0.287941176470588,0.179117647058824,0.377936670071502,0.179117647058824,0,0.00574879232921323
163,"B_smooth_logistic",1000,1600,0.4,0.958,1,0.042,0.958,0.042,0,0.0244457562159938
163,"B_smooth_logistic",1600,2200,0.55,1,0.7275,-0.2725,0.7275,0,0.2725,0.00551856961951605
163,"B_smooth_logistic",2200,2800,0.7,0.742272727272727,1,0.257727272727273,0.742272727272727,0.257727272727273,0,0.0119597482713361
163,"B_smooth_logistic",2800,3400,0.85,1,1,0,1,0,0,0.00597852320715818
163,"B_smooth_logistic",3400,4000,1,1,1,0,1,0,0,0.00176575374399684
164,"A_threshold",1000,1600,0.4,0.001,0.145,0.144,0,0.145,0.001,0.0209205903356765
164,"A_threshold",1600,2200,0.55,0.1375,0.021875,-0.115625,0.159090909090909,0,0.115625,0.00727819793332978
164,"A_threshold",2200,2800,0.7,0.0195454545454545,0,-0.0195454545454545,0,0,0.0195454545454545,0.00797753317833939
164,"A_threshold",2800,3400,0.85,0,0.000357142857142857,0.000357142857142857,0,0.000357142857142857,0,0.00487470277107965
164,"A_threshold",3400,4000,1,0.000294117647058824,0,-0.000294117647058824,0,0,0.000294117647058824,0.00374315367957161
164,"B_smooth_logistic",1000,1600,0.4,0.273,0.369,0.096,0.739837398373984,0.096,0,0.00794443767703061
164,"B_smooth_logistic",1600,2200,0.55,0.378125,0.520625,0.1425,0.726290516206483,0.1425,0,0.0102036778447548
164,"B_smooth_logistic",2200,2800,0.7,0.520909090909091,0.618181818181818,0.0972727272727273,0.842647058823529,0.0972727272727273,0,0.0065616433744648
164,"B_smooth_logistic",2800,3400,0.85,0.621071428571429,0.646428571428571,0.0253571428571429,0.960773480662983,0.0253571428571429,0,0.00091938249104432
164,"B_smooth_logistic",3400,4000,1,0.642647058823529,0.697647058823529,0.0549999999999999,0.921163575042159,0.055,0,0.00184132788846127
165,"A_threshold",1000,1600,0.4,0.285,0.191,-0.094,0.670175438596491,0,0.094,0.00470837244300092
165,"A_threshold",1600,2200,0.55,0.188125,0.066875,-0.12125,0.355481727574751,0,0.12125,0.00448187641299265
165,"A_threshold",2200,2800,0.7,0.0672727272727273,0.339545454545455,0.272272727272727,0.198125836680054,0.272272727272727,0,0.012435785354051
165,"A_threshold",2800,3400,0.85,0.338928571428571,0.622142857142857,0.283214285714286,0.544776119402985,0.283214285714286,0,0.0117052059740034
165,"A_threshold",3400,4000,1,0.622647058823529,0.447941176470588,-0.174705882352941,0.719414265470005,0,0.174705882352941,0.007427003711083
165,"B_smooth_logistic",1000,1600,0.4,0.537,1,0.463,0.537,0.463,0,0.0239030157974795
165,"B_smooth_logistic",1600,2200,0.55,1,1,0,1,0,0,0.00692848092223365
165,"B_smooth_logistic",2200,2800,0.7,1,1,0,1,0,0,0.00573001550707264
165,"B_smooth_logistic",2800,3400,0.85,1,1,0,1,0,0,0.00500743030821612
165,"B_smooth_logistic",3400,4000,1,1,1,0,1,0,0,0.00313470011073083
166,"A_threshold",1000,1600,0.4,0.185,0.108,-0.077,0.583783783783784,0,0.077,0.0108078937951975
166,"A_threshold",1600,2200,0.55,0.10875,0.18375,0.075,0.591836734693878,0.075,0,0.00513297491153318
166,"A_threshold",2200,2800,0.7,0.178636363636364,0.201363636363636,0.0227272727272727,0.887133182844244,0.0227272727272727,0,0.00587646115239217
166,"A_threshold",2800,3400,0.85,0.200714285714286,0.120714285714286,-0.08,0.601423487544484,0,0.08,0.00572456744015435
166,"A_threshold",3400,4000,1,0.122647058823529,0.132058823529412,0.00941176470588234,0.928730512249443,0.00941176470588235,0,0.00405204079128428
166,"B_smooth_logistic",1000,1600,0.4,0.644,0.716,0.072,0.899441340782123,0.072,0,0.0247395454033165
166,"B_smooth_logistic",1600,2200,0.55,0.71875,0.75875,0.04,0.947281713344316,0.04,0,0.00245360637471974
166,"B_smooth_logistic",2200,2800,0.7,0.755909090909091,0.680909090909091,-0.075,0.900781719783524,0,0.075,0.00636122268560409
166,"B_smooth_logistic",2800,3400,0.85,0.6825,0.67,-0.0125,0.981684981684982,0,0.0125,0.00109497579345395
166,"B_smooth_logistic",3400,4000,1,0.667352941176471,0.682647058823529,0.0152941176470588,0.977595863851788,0.0152941176470588,0,0.00229108824361561
167,"A_threshold",1000,1600,0.4,1,0.941,-0.0590000000000001,0.941,0,0.059,0.0184432553772788
167,"A_threshold",1600,2200,0.55,0.94,0.670625,-0.269375,0.71343085106383,0,0.269375,0.0128187182573887
167,"A_threshold",2200,2800,0.7,0.661818181818182,0.503636363636364,-0.158181818181818,0.760989010989011,0,0.158181818181818,0.00814270341382869
167,"A_threshold",2800,3400,0.85,0.505714285714286,0.6275,0.121785714285714,0.805919180421172,0.121785714285714,0,0.00419601462418047
167,"A_threshold",3400,4000,1,0.625,0.400882352941176,-0.224117647058824,0.641411764705882,0,0.224117647058824,0.00459553836224465
167,"B_smooth_logistic",1000,1600,0.4,0.955,0.793,-0.162,0.748,0.045,0.207,0.0130491888192833
167,"B_smooth_logistic",1600,2200,0.55,0.7925,0.61375,-0.17875,0.774447949526814,0,0.17875,0.00168126087811051
167,"B_smooth_logistic",2200,2800,0.7,0.605909090909091,1,0.394090909090909,0.605909090909091,0.394090909090909,0,0.0140953961846128
167,"B_smooth_logistic",2800,3400,0.85,1,0.839285714285714,-0.160714285714286,0.839285714285714,0,0.160714285714286,0.00786325060956066
167,"B_smooth_logistic",3400,4000,1,0.837058823529412,0.951176470588235,0.114117647058824,0.880024737167594,0.114117647058824,0,0.00283742988904525
168,"A_threshold",1000,1600,0.4,0,0.012,0.012,0,0.012,0,0.0112980625722882
168,"A_threshold",1600,2200,0.55,0.009375,0,-0.009375,0,0,0.009375,0.0046438974781257
168,"A_threshold",2200,2800,0.7,0,0.00181818181818182,0.00181818181818182,0,0.00181818181818182,0,0.00270505162797667
168,"A_threshold",2800,3400,0.85,0.00142857142857143,0,-0.00142857142857143,0,0,0.00142857142857143,0.00731723701265477
168,"A_threshold",3400,4000,1,0,0.313235294117647,0.313235294117647,0,0.313235294117647,0,0.00737702420590413
168,"B_smooth_logistic",1000,1600,0.4,1,1,0,1,0,0,0.0106146926369738
168,"B_smooth_logistic",1600,2200,0.55,1,1,0,1,0,0,0.0113945359563355
168,"B_smooth_logistic",2200,2800,0.7,1,1,0,1,0,0,0.0106105627832462
168,"B_smooth_logistic",2800,3400,0.85,1,1,0,1,0,0,0.00481520212015697
168,"B_smooth_logistic",3400,4000,1,1,1,0,1,0,0,0.0044022008171107
169,"A_threshold",1000,1600,0.4,0.018,0.338,0.32,0.0532544378698225,0.32,0,0.0127505744856554
169,"A_threshold",1600,2200,0.55,0.334375,0.306875,-0.0275,0.917757009345794,0,0.0275,0.00903274984905917
169,"A_threshold",2200,2800,0.7,0.305909090909091,0.362727272727273,0.0568181818181818,0.843358395989975,0.0568181818181818,0,0.00869310246743797
169,"A_threshold",2800,3400,0.85,0.371428571428571,0.409642857142857,0.0382142857142857,0.906713164777681,0.0382142857142857,0,0.00310746197744172
169,"A_threshold",3400,4000,1,0.410294117647059,0.256764705882353,-0.153529411764706,0.625806451612903,0,0.153529411764706,0.00713778867532016
169,"B_smooth_logistic",1000,1600,0.4,0.632,1,0.368,0.632,0.368,0,0.028842292419548
169,"B_smooth_logistic",1600,2200,0.55,1,1,0,1,0,0,0.00774240534080142
169,"B_smooth_logistic",2200,2800,0.7,1,1,0,1,0,0,0.00227902279873871
169,"B_smooth_logistic",2800,3400,0.85,1,1,0,1,0,0,0.00413879875138115
169,"B_smooth_logistic",3400,4000,1,1,1,0,1,0,0,0.00896940802886322
170,"A_threshold",1000,1600,0.4,1,0.751,-0.249,0.751,0,0.249,0.0114561582014392
170,"A_threshold",1600,2200,0.55,0.745625,0.72875,-0.016875,0.977367979882649,0,0.016875,0.00113894990132499
170,"A_threshold",2200,2800,0.7,0.724090909090909,0.551818181818182,-0.172272727272727,0.762084118016321,0,0.172272727272727,0.00763281742109941
170,"A_threshold",2800,3400,0.85,0.548928571428571,0.523214285714286,-0.0257142857142857,0.953155497722837,0,0.0257142857142857,0.00304330071447935
170,"A_threshold",3400,4000,1,0.530588235294118,0.517941176470588,-0.0126470588235295,0.976164079822616,0,0.0126470588235294,0.0046816018264466
170,"B_smooth_logistic",1000,1600,0.4,0.654,0.612,-0.042,0.935779816513762,0,0.042,0.00547572775570556
170,"B_smooth_logistic",1600,2200,0.55,0.615625,0.628125,0.0125000000000001,0.980099502487562,0.0125,0,0.00385011790572769
170,"B_smooth_logistic",2200,2800,0.7,0.624090909090909,0.694090909090909,0.07,0.899148657498363,0.07,0,0.00671464485666907
170,"B_smooth_logistic",2800,3400,0.85,0.69,0.78,0.0900000000000001,0.884615384615385,0.09,0,0.0055069363980053
170,"B_smooth_logistic",3400,4000,1,0.775588235294118,0.768235294117647,-0.00735294117647067,0.990519529768677,0,0.00735294117647059,0.00142678103727544
171,"A_threshold",1000,1600,0.4,0.585,0.688,0.103,0.850290697674419,0.103,0,0.00290032379821038
171,"A_threshold",1600,2200,0.55,0.69375,0.328125,-0.365625,0.472972972972973,0,0.365625,0.0167433713340087
171,"A_threshold",2200,2800,0.7,0.313181818181818,0.38,0.0668181818181818,0.824162679425837,0.0668181818181818,0,0.0059414325556583
171,"A_threshold",2800,3400,0.85,0.377857142857143,0.378214285714286,0.000357142857142889,0.999055712936733,0.000357142857142857,0,0.000688283634146129
171,"A_threshold",3400,4000,1,0.378529411764706,0.405882352941176,0.0273529411764706,0.932608695652174,0.0273529411764706,0,0.00229517052217496
171,"B_smooth_logistic",1000,1600,0.4,0.555,0.796,0.241,0.697236180904523,0.241,0,0.0109862537100165
171,"B_smooth_logistic",1600,2200,0.55,0.796875,0.701875,-0.095,0.88078431372549,0,0.095,0.00453306019508839
171,"B_smooth_logistic",2200,2800,0.7,0.7,0.856818181818182,0.156818181818182,0.816976127320955,0.156818181818182,0,0.00711000318677661
171,"B_smooth_logistic",2800,3400,0.85,0.857857142857143,0.751785714285714,-0.106071428571429,0.876353039134055,0,0.106071428571429,0.0036344897292749
171,"B_smooth_logistic",3400,4000,1,0.750882352941176,1,0.249117647058824,0.750882352941176,0.249117647058824,0,0.00557391945938948
172,"A_threshold",1000,1600,0.4,0.595,0.063,-0.532,0.105882352941176,0,0.532,0.0136152669174598
172,"A_threshold",1600,2200,0.55,0.069375,0.256875,0.1875,0.27007299270073,0.1875,0,0.00662738865314671
172,"A_threshold",2200,2800,0.7,0.267727272727273,0.389090909090909,0.121363636363636,0.688084112149533,0.121363636363636,0,0.00623144448748013
172,"A_threshold",2800,3400,0.85,0.392142857142857,0.625714285714286,0.233571428571429,0.626712328767123,0.233571428571429,0,0.00861654442506768
172,"A_threshold",3400,4000,1,0.619411764705882,0.478823529411765,-0.140588235294118,0.773029439696106,0,0.140588235294118,0.00598790162345089
172,"B_smooth_logistic",1000,1600,0.4,0.483,0.528,0.045,0.914772727272727,0.045,0,0.00384005039589641
172,"B_smooth_logistic",1600,2200,0.55,0.538125,0.496875,-0.04125,0.923344947735192,0,0.04125,0.00292642509402949
172,"B_smooth_logistic",2200,2800,0.7,0.495454545454545,0.511818181818182,0.0163636363636364,0.968028419182948,0.0163636363636364,0,0.00502496075946553
172,"B_smooth_logistic",2800,3400,0.85,0.509285714285714,0.517857142857143,0.00857142857142867,0.983448275862069,0.00857142857142857,0,0.00236587440588961
172,"B_smooth_logistic",3400,4000,1,0.518529411764706,0.496764705882353,-0.021764705882353,0.958026091888826,0,0.0217647058823529,0.00492221137162449
173,"A_threshold",1000,1600,0.4,0.078,0.089,0.011,0.876404494382023,0.011,0,0.00428981245884034
173,"A_threshold",1600,2200,0.55,0.0825,0.083125,0.000625000000000001,0.992481203007519,0.000625,0,0.013111652047264
173,"A_threshold",2200,2800,0.7,0.0763636363636364,0.0654545454545455,-0.0109090909090909,0.857142857142857,0,0.0109090909090909,0.0102409578859484
173,"A_threshold",2800,3400,0.85,0.0621428571428571,0.00535714285714286,-0.0567857142857143,0.0862068965517241,0,0.0567857142857143,0.00488261146515554
173,"A_threshold",3400,4000,1,0.00529411764705882,0.00117647058823529,-0.00411764705882353,0.222222222222222,0,0.00411764705882353,0.00169951333823845
173,"B_smooth_logistic",1000,1600,0.4,1,1,0,1,0,0,0.0101721290553651
173,"B_smooth_logistic",1600,2200,0.55,1,1,0,1,0,0,0.0091812841510596
173,"B_smooth_logistic",2200,2800,0.7,1,1,0,1,0,0,0.00488226639012662
173,"B_smooth_logistic",2800,3400,0.85,1,1,0,1,0,0,0.00875468343384035
173,"B_smooth_logistic",3400,4000,1,1,1,0,1,0,0,0.00598717627027012
174,"A_threshold",1000,1600,0.4,0.021,0.465,0.444,0.0451612903225806,0.444,0,0.0203828764816589
174,"A_threshold",1600,2200,0.55,0.449375,0.865,0.415625,0.519508670520231,0.415625,0,0.0105185264281896
174,"A_threshold",2200,2800,0.7,0.865,0.457272727272727,-0.407727272727273,0.528638991066737,0,0.407727272727273,0.0109495594456948
174,"A_threshold",2800,3400,0.85,0.4625,0.723928571428571,0.261428571428571,0.638875185002467,0.261428571428571,0,0.0121622180346617
174,"A_threshold",3400,4000,1,0.721764705882353,0.617941176470588,-0.103823529411765,0.856153219233904,0,0.103823529411765,0.00530429992481862
174,"B_smooth_logistic",1000,1600,0.4,0.702,0.976,0.274,0.719262295081967,0.274,0,0.0104852098937648
174,"B_smooth_logistic",1600,2200,0.55,0.97375,0.90625,-0.0675,0.930680359435173,0,0.0675,0.00221129777010397
174,"B_smooth_logistic",2200,2800,0.7,0.907727272727273,0.791363636363636,-0.116363636363636,0.871807711567351,0,0.116363636363636,0.00715277146870332
174,"B_smooth_logistic",2800,3400,0.85,0.787857142857143,0.891785714285714,0.103928571428571,0.883460152182619,0.103928571428571,0,0.00751598850202884
174,"B_smooth_logistic",3400,4000,1,0.892058823529412,0.856470588235294,-0.0355882352941177,0.960105506099571,0,0.0355882352941176,0.00604512016673919
175,"A_threshold",1000,1600,0.4,0.649,0.622,-0.027,0.958397534668721,0,0.027,0.0135009158450397
175,"A_threshold",1600,2200,0.55,0.615,0.424375,-0.190625,0.690040650406504,0,0.190625,0.0186234629102368
175,"A_threshold",2200,2800,0.7,0.423636363636364,0.340454545454545,-0.0831818181818182,0.803648068669528,0,0.0831818181818182,0.00387804403342625
175,"A_threshold",2800,3400,0.85,0.345357142857143,0.333571428571429,-0.0117857142857143,0.965873836608066,0,0.0117857142857143,0.00668933653328224
175,"A_threshold",3400,4000,1,0.338823529411765,0.306470588235294,-0.0323529411764706,0.904513888888889,0,0.0323529411764706,0.00357992237369481
175,"B_smooth_logistic",1000,1600,0.4,1,0.839,-0.161,0.839,0,0.161,0.00546989601022694
175,"B_smooth_logistic",1600,2200,0.55,0.84125,0.84625,0.00499999999999989,0.994091580502216,0.005,0,0.00461826024129302
175,"B_smooth_logistic",2200,2800,0.7,0.847727272727273,0.747727272727273,-0.1,0.882037533512064,0,0.1,0.00731155672448675
175,"B_smooth_logistic",2800,3400,0.85,0.751071428571429,0.744642857142857,-0.00642857142857145,0.991440798858773,0,0.00642857142857143,0.00102366447489348
175,"B_smooth_logistic",3400,4000,1,0.744411764705882,0.749411764705882,0.005,0.993328100470958,0.005,0,0.00170660972251732
176,"A_threshold",1000,1600,0.4,1,0.899,-0.101,0.899,0,0.101,0.01385165740919
176,"A_threshold",1600,2200,0.55,0.896875,0.855625,-0.04125,0.954006968641115,0,0.04125,0.00455767849066177
176,"A_threshold",2200,2800,0.7,0.848636363636364,0.94,0.0913636363636363,0.902804642166344,0.0913636363636364,0,0.00338849241865267
176,"A_threshold",2800,3400,0.85,0.942142857142857,0.924642857142857,-0.0175000000000001,0.981425322213798,0,0.0175,0.00199768288749203
176,"A_threshold",3400,4000,1,0.925588235294118,0.727058823529412,-0.198529411764706,0.785510009532889,0,0.198529411764706,0.00660111601922168
176,"B_smooth_logistic",1000,1600,0.4,0.673,0.796,0.123,0.845477386934673,0.123,0,0.00614452451699217
176,"B_smooth_logistic",1600,2200,0.55,0.783125,1,0.216875,0.783125,0.216875,0,0.0122573240088035
176,"B_smooth_logistic",2200,2800,0.7,1,1,0,1,0,0,0.00800762899434894
176,"B_smooth_logistic",2800,3400,0.85,1,0.974642857142857,-0.0253571428571429,0.974642857142857,0,0.0253571428571429,0.00542399182409435
176,"B_smooth_logistic",3400,4000,1,0.973529411764706,0.943823529411765,-0.0297058823529411,0.969486404833837,0,0.0297058823529412,0.00430368054427576
177,"A_threshold",1000,1600,0.4,0.123,0.552,0.429,0.222826086956522,0.429,0,0.019694303201144
177,"A_threshold",1600,2200,0.55,0.563125,0.613125,0.05,0.918450560652395,0.05,0,0.0115027830742087
177,"A_threshold",2200,2800,0.7,0.617727272727273,0.685,0.0672727272727274,0.901791639017916,0.0672727272727273,0,0.00190573371608218
177,"A_threshold",2800,3400,0.85,0.687142857142857,0.8925,0.205357142857143,0.769907963185274,0.205357142857143,0,0.00373905785254725
177,"A_threshold",3400,4000,1,0.888529411764706,0.142647058823529,-0.745882352941176,0.160542866600463,0,0.745882352941176,0.00468353046036839
177,"B_smooth_logistic",1000,1600,0.4,1,1,0,1,0,0,0.00712823541958748
177,"B_smooth_logistic",1600,2200,0.55,1,1,0,1,0,0,0.00679215991131808
177,"B_smooth_logistic",2200,2800,0.7,1,0.677727272727273,-0.322272727272727,0.677727272727273,0,0.322272727272727,0.014504186308669
177,"B_smooth_logistic",2800,3400,0.85,0.676071428571429,0.586785714285714,-0.0892857142857143,0.867934495509773,0,0.0892857142857143,0.00290830864037321
177,"B_smooth_logistic",3400,4000,1,0.584705882352941,0.585294117647059,0.000588235294117667,0.998994974874372,0.000588235294117647,0,0.00123707165140811
178,"A_threshold",1000,1600,0.4,0.238,0.004,-0.234,0.0168067226890756,0,0.234,0.0177711822204046
178,"A_threshold",1600,2200,0.55,0.005625,0.1525,0.146875,0.0368852459016393,0.146875,0,0.0067250218222944
178,"A_threshold",2200,2800,0.7,0.156818181818182,0.0140909090909091,-0.142727272727273,0.0898550724637681,0,0.142727272727273,0.00603908723371615
178,"A_threshold",2800,3400,0.85,0.0153571428571429,0.108571428571429,0.0932142857142857,0.141447368421053,0.0932142857142857,0,0.00633029459154514
178,"A_threshold",3400,4000,1,0.11,0.0929411764705882,-0.0170588235294118,0.844919786096257,0,0.0170588235294118,0.00263457272263698
178,"B_smooth_logistic",1000,1600,0.4,0.82,0.85,0.03,0.964705882352941,0.03,0,0.0175485662031168
178,"B_smooth_logistic",1600,2200,0.55,0.846875,1,0.153125,0.846875,0.153125,0,0.00410739311269261
178,"B_smooth_logistic",2200,2800,0.7,1,1,0,1,0,0,0.00201834855428736
178,"B_smooth_logistic",2800,3400,0.85,1,1,0,1,0,0,0.0038350751689
178,"B_smooth_logistic",3400,4000,1,1,0.737352941176471,-0.262647058823529,0.737352941176471,0,0.262647058823529,0.00405560987887214
179,"A_threshold",1000,1600,0.4,0.082,0.003,-0.079,0.0365853658536585,0,0.079,0.00719932219838671
179,"A_threshold",1600,2200,0.55,0.0025,0,-0.0025,0,0,0.0025,0.00707236879805032
179,"A_threshold",2200,2800,0.7,0,0,0,1,0,0,0.00110799173934947
179,"A_threshold",2800,3400,0.85,0,0,0,1,0,0,0.00298927149234041
179,"A_threshold",3400,4000,1,0,0,0,1,0,0,0.000773740814141006
179,"B_smooth_logistic",1000,1600,0.4,0.443,0.564,0.121,0.785460992907801,0.121,0,0.0110781348541203
179,"B_smooth_logistic",1600,2200,0.55,0.550625,0.661875,0.11125,0.831916902738432,0.11125,0,0.00707757343676514
179,"B_smooth_logistic",2200,2800,0.7,0.658636363636364,0.611363636363636,-0.0472727272727274,0.928226363008972,0,0.0472727272727273,0.00707083672625718
179,"B_smooth_logistic",2800,3400,0.85,0.608571428571429,0.6075,-0.0010714285714285,0.998239436619718,0,0.00107142857142857,0.00133279633519616
179,"B_smooth_logistic",3400,4000,1,0.608529411764706,0.663529411764706,0.055,0.917109929078014,0.055,0,0.00766300482957299
180,"A_threshold",1000,1600,0.4,0.507,0.299,-0.208,0.58974358974359,0,0.208,0.0135399306270267
180,"A_threshold",1600,2200,0.55,0.30375,0.08,-0.22375,0.263374485596708,0,0.22375,0.00739859113177695
180,"A_threshold",2200,2800,0.7,0.0790909090909091,0.176818181818182,0.0977272727272727,0.447300771208226,0.0977272727272727,0,0.00566566413513394
180,"A_threshold",2800,3400,0.85,0.176785714285714,0.1175,-0.0592857142857143,0.664646464646465,0,0.0592857142857143,0.00424786363293384
180,"A_threshold",3400,4000,1,0.117352941176471,0.314117647058824,0.196764705882353,0.373595505617978,0.196764705882353,0,0.00401389725031531
180,"B_smooth_logistic",1000,1600,0.4,1,1,0,1,0,0,0.0031389024108301
180,"B_smooth_logistic",1600,2200,0.55,1,1,0,1,0,0,0.00611689390423847
180,"B_smooth_logistic",2200,2800,0.7,1,1,0,1,0,0,0.00481035074793246
180,"B_smooth_logistic",2800,3400,0.85,1,1,0,1,0,0,0.00343154901996437
180,"B_smooth_logistic",3400,4000,1,1,1,0,1,0,0,0.00731983232692863
181,"A_threshold",1000,1600,0.4,0.29,0.047,-0.243,0.162068965517241,0,0.243,0.0124729020370973
181,"A_threshold",1600,2200,0.55,0.04625,0.225,0.17875,0.205555555555556,0.17875,0,0.0103341707600782
181,"A_threshold",2200,2800,0.7,0.226363636363636,0.0554545454545455,-0.170909090909091,0.244979919678715,0,0.170909090909091,0.0120552534418783
181,"A_threshold",2800,3400,0.85,0.0567857142857143,0.0585714285714286,0.00178571428571429,0.969512195121951,0.00178571428571429,0,0.00724618911632164
181,"A_threshold",3400,4000,1,0.0585294117647059,0.0408823529411765,-0.0176470588235294,0.698492462311558,0,0.0176470588235294,0.00501670553090048
181,"B_smooth_logistic",1000,1600,0.4,1,1,0,1,0,0,0.00591907312966169
181,"B_smooth_logistic",1600,2200,0.55,1,0.965625,-0.034375,0.965625,0,0.034375,0.00482937110029766
181,"B_smooth_logistic",2200,2800,0.7,0.967272727272727,1,0.0327272727272727,0.967272727272727,0.0327272727272727,0,0.00767981568300882
181,"B_smooth_logistic",2800,3400,0.85,1,0.909642857142857,-0.0903571428571428,0.909642857142857,0,0.0903571428571429,0.0039998079052744
181,"B_smooth_logistic",3400,4000,1,0.911176470588235,0.668823529411765,-0.242352941176471,0.734021949644932,0,0.242352941176471,0.00592415922614184
182,"A_threshold",1000,1600,0.4,0.099,0.001,-0.098,0,0.001,0.099,0.0163040325447301
182,"A_threshold",1600,2200,0.55,0.000625,0,-0.000625,0,0,0.000625,0.00283021616723649
182,"A_threshold",2200,2800,0.7,0,0,0,1,0,0,0.0093729735611795
182,"A_threshold",2800,3400,0.85,0,0,0,1,0,0,0.000381034832574639
182,"A_threshold",3400,4000,1,0,0.167058823529412,0.167058823529412,0,0.167058823529412,0,0.00841103320113105
182,"B_smooth_logistic",1000,1600,0.4,1,1,0,1,0,0,0.00878618225564855
182,"B_smooth_logistic",1600,2200,0.55,1,1,0,1,0,0,0.00277502573700918
182,"B_smooth_logistic",2200,2800,0.7,1,1,0,1,0,0,0.00884550289635292
182,"B_smooth_logistic",2800,3400,0.85,1,0.9025,-0.0975,0.9025,0,0.0975,0.00625726982148248
182,"B_smooth_logistic",3400,4000,1,0.903823529411765,1,0.0961764705882353,0.903823529411765,0.0961764705882353,0,0.00534197608109805
183,"A_threshold",1000,1600,0.4,0.02,0,-0.02,0,0,0.02,0.0102709936760703
183,"A_threshold",1600,2200,0.55,0,0.05625,0.05625,0,0.05625,0,0.00621934193548447
183,"A_threshold",2200,2800,0.7,0.0554545454545455,0.26,0.204545454545455,0.213286713286713,0.204545454545455,0,0.00712343534496402
183,"A_threshold",2800,3400,0.85,0.261428571428571,0.178214285714286,-0.0832142857142857,0.681693989071038,0,0.0832142857142857,0.00202234199612437
183,"A_threshold",3400,4000,1,0.178529411764706,0.345882352941176,0.167352941176471,0.516156462585034,0.167352941176471,0,0.00316472219528517
183,"B_smooth_logistic",1000,1600,0.4,0.561,0.584,0.0229999999999999,0.960616438356164,0.023,0,0.0107105030440602
183,"B_smooth_logistic",1600,2200,0.55,0.5925,0.7225,0.13,0.820069204152249,0.13,0,0.0106916848312784
183,"B_smooth_logistic",2200,2800,0.7,0.725909090909091,0.666818181818182,-0.0590909090909091,0.918597370068879,0,0.0590909090909091,0.00405968958360613
183,"B_smooth_logistic",2800,3400,0.85,0.6775,0.713214285714286,0.0357142857142857,0.949924887330996,0.0357142857142857,0,0.00271604896984945
183,"B_smooth_logistic",3400,4000,1,0.710588235294118,0.836764705882353,0.126176470588235,0.84920913884007,0.126176470588235,0,0.00740738664735631
184,"A_threshold",1000,1600,0.4,0.331,0.857,0.526,0.386231038506418,0.526,0,0.020642756477885
184,"A_threshold",1600,2200,0.55,0.84875,0.148125,-0.700625,0.174521354933726,0,0.700625,0.0151724273553254
184,"A_threshold",2200,2800,0.7,0.148181818181818,0.247727272727273,0.0995454545454545,0.598165137614679,0.0995454545454545,0,0.00441769628609281
184,"A_threshold",2800,3400,0.85,0.2625,0.153214285714286,-0.109285714285714,0.583673469387755,0,0.109285714285714,0.00143364285299442
184,"A_threshold",3400,4000,1,0.156470588235294,0.0161764705882353,-0.140294117647059,0.103383458646617,0,0.140294117647059,0.00375124658627793
184,"B_smooth_logistic",1000,1600,0.4,1,1,0,1,0,0,0.00551162933392897
184,"B_smooth_logistic",1600,2200,0.55,1,1,0,1,0,0,0.00700053316044863
184,"B_smooth_logistic",2200,2800,0.7,1,1,0,1,0,0,0.00544259339757028
184,"B_smooth_logistic",2800,3400,0.85,1,1,0,1,0,0,0.00379829309463541
184,"B_smooth_logistic",3400,4000,1,1,1,0,1,0,0,0.0026029731542223
185,"A_threshold",1000,1600,0.4,0.058,0,-0.058,0,0,0.058,0.0167061635085629
185,"A_threshold",1600,2200,0.55,0,0.009375,0.009375,0,0.009375,0,0.0107908688385022
185,"A_threshold",2200,2800,0.7,0.00772727272727273,0,-0.00772727272727273,0,0,0.00772727272727273,0.0117300217081393
185,"A_threshold",2800,3400,0.85,0,0,0,1,0,0,0.00272623858814965
185,"A_threshold",3400,4000,1,0,0,0,1,0,0,0.00549426302787495
185,"B_smooth_logistic",1000,1600,0.4,1,1,0,1,0,0,0.0293092075407733
185,"B_smooth_logistic",1600,2200,0.55,1,1,0,1,0,0,0.00862299438381176
185,"B_smooth_logistic",2200,2800,0.7,1,0.921363636363636,-0.0786363636363636,0.921363636363636,0,0.0786363636363636,0.00847857939369844
185,"B_smooth_logistic",2800,3400,0.85,0.919642857142857,1,0.0803571428571429,0.919642857142857,0.0803571428571429,0,0.00579001657292964
185,"B_smooth_logistic",3400,4000,1,1,1,0,1,0,0,0.00545266391308118
186,"A_threshold",1000,1600,0.4,0.646,0.442,-0.204,0.684210526315789,0,0.204,0.00867440767593891
186,"A_threshold",1600,2200,0.55,0.429375,0.236875,-0.1925,0.551673944687045,0,0.1925,0.01091588954447
186,"A_threshold",2200,2800,0.7,0.235,0.0977272727272727,-0.137272727272727,0.415860735009671,0,0.137272727272727,0.00753623022633519
186,"A_threshold",2800,3400,0.85,0.101071428571429,0.211785714285714,0.110714285714286,0.477234401349073,0.110714285714286,0,0.00605229804938377
186,"A_threshold",3400,4000,1,0.213823529411765,0.234411764705882,0.0205882352941176,0.912170639899624,0.0205882352941176,0,0.00531823453251846
186,"B_smooth_logistic",1000,1600,0.4,0.469,0.521,0.052,0.900191938579655,0.052,0,0.00412044398842893
186,"B_smooth_logistic",1600,2200,0.55,0.509375,0.57125,0.061875,0.891684901531729,0.061875,0,0.00433735649664937
186,"B_smooth_logistic",2200,2800,0.7,0.573181818181818,0.549090909090909,-0.0240909090909092,0.95796986518636,0,0.0240909090909091,0.00150498458295338
186,"B_smooth_logistic",2800,3400,0.85,0.547142857142857,0.587857142857143,0.0407142857142857,0.930741190765492,0.0407142857142857,0,0.00450336361826941
186,"B_smooth_logistic",3400,4000,1,0.591176470588235,0.531176470588235,-0.0600000000000001,0.898507462686567,0,0.06,0.00656842300932376
187,"A_threshold",1000,1600,0.4,0.56,0.394,-0.166,0.703571428571429,0,0.166,0.00558257053095462
187,"A_threshold",1600,2200,0.55,0.38625,0.038125,-0.348125,0.098705501618123,0,0.348125,0.0120696339169729
187,"A_threshold",2200,2800,0.7,0.0372727272727273,0.0263636363636364,-0.0109090909090909,0.707317073170732,0,0.0109090909090909,0.00389260796454719
187,"A_threshold",2800,3400,0.85,0.0271428571428571,0.0171428571428571,-0.01,0.631578947368421,0,0.01,0.00356941693106656
187,"A_threshold",3400,4000,1,0.0179411764705882,0.0697058823529412,0.0517647058823529,0.257383966244726,0.0517647058823529,0,0.00272455853625333
187,"B_smooth_logistic",1000,1600,0.4,1,1,0,1,0,0,0.0116819501421429
187,"B_smooth_logistic",1600,2200,0.55,1,1,0,1,0,0,0.0149665155949358
187,"B_smooth_logistic",2200,2800,0.7,1,1,0,1,0,0,0.00282146851490478
187,"B_smooth_logistic",2800,3400,0.85,1,1,0,1,0,0,0.00228494860920459
187,"B_smooth_logistic",3400,4000,1,1,1,0,1,0,0,0.00427808074533821
188,"A_threshold",1000,1600,0.4,0.617,0.563,-0.054,0.912479740680713,0,0.054,0.0169548879109766
188,"A_threshold",1600,2200,0.55,0.56875,0.603125,0.034375,0.94300518134715,0.034375,0,0.00923611840194809
188,"A_threshold",2200,2800,0.7,0.595909090909091,0.637727272727273,0.0418181818181818,0.934426229508197,0.0418181818181818,0,0.0068758491471547
188,"A_threshold",2800,3400,0.85,0.6375,0.690714285714286,0.0532142857142858,0.922957600827301,0.0532142857142857,0,0.00539013200957697
188,"A_threshold",3400,4000,1,0.691176470588235,0.79,0.0988235294117648,0.874906924795235,0.0988235294117647,0,0.00739451686800472
188,"B_smooth_logistic",1000,1600,0.4,0.783,0.856,0.073,0.639,0.217,0.144,0.0176244640296849
188,"B_smooth_logistic",1600,2200,0.55,0.8525,1,0.1475,0.8525,0.1475,0,0.00936664831634141
188,"B_smooth_logistic",2200,2800,0.7,1,1,0,1,0,0,0.0141061627614024
188,"B_smooth_logistic",2800,3400,0.85,1,1,0,1,0,0,0.00380889160846462
188,"B_smooth_logistic",3400,4000,1,1,1,0,1,0,0,0.00275182652051187
189,"A_threshold",1000,1600,0.4,0,0,0,1,0,0,0.0129883087585791
189,"A_threshold",1600,2200,0.55,0,0,0,1,0,0,0.0148739659207685
189,"A_threshold",2200,2800,0.7,0,0,0,1,0,0,0.00647574315234579
189,"A_threshold",2800,3400,0.85,0.000357142857142857,0.000714285714285714,0.000357142857142857,0.5,0.000357142857142857,0,0.00251184874157438
189,"A_threshold",3400,4000,1,0.000882352941176471,0.0270588235294118,0.0261764705882353,0.0326086956521739,0.0261764705882353,0,0.00522476955162485
189,"B_smooth_logistic",1000,1600,0.4,1,1,0,1,0,0,0.0131109681586277
189,"B_smooth_logistic",1600,2200,0.55,1,1,0,1,0,0,0.00795853328311247
189,"B_smooth_logistic",2200,2800,0.7,1,0.824090909090909,-0.175909090909091,0.824090909090909,0,0.175909090909091,0.0102209192091887
189,"B_smooth_logistic",2800,3400,0.85,0.825357142857143,0.641785714285714,-0.183571428571429,0.777585460839463,0,0.183571428571429,0.00680567831610183
189,"B_smooth_logistic",3400,4000,1,0.646764705882353,0.646764705882353,0,1,0,0,0.00364018731075898
190,"A_threshold",1000,1600,0.4,0,0.394,0.394,0,0.394,0,0.00548765934550122
190,"A_threshold",1600,2200,0.55,0.381875,0.698125,0.31625,0.547000895255148,0.31625,0,0.0134564325517717
190,"A_threshold",2200,2800,0.7,0.696818181818182,0.522272727272727,-0.174545454545455,0.749510763209393,0,0.174545454545455,0.0084816735784017
190,"A_threshold",2800,3400,0.85,0.524285714285714,0.478214285714286,-0.0460714285714285,0.912125340599455,0,0.0460714285714286,0.00405148150689298
190,"A_threshold",3400,4000,1,0.478823529411765,0.317352941176471,-0.161470588235294,0.662776412776413,0,0.161470588235294,0.00737586828803753
190,"B_smooth_logistic",1000,1600,0.4,0.36,0.646,0.286,0.557275541795666,0.286,0,0.010858207636619
190,"B_smooth_logistic",1600,2200,0.55,0.649375,0.751875,0.1025,0.863674147963425,0.1025,0,0.00712685204621873
190,"B_smooth_logistic",2200,2800,0.7,0.755909090909091,1,0.244090909090909,0.755909090909091,0.244090909090909,0,0.00298211279819781
190,"B_smooth_logistic",2800,3400,0.85,1,0.868928571428571,-0.131071428571429,0.868928571428571,0,0.131071428571429,0.000565741189285911
190,"B_smooth_logistic",3400,4000,1,0.865882352941176,0.619117647058824,-0.246764705882353,0.715013586956522,0,0.246764705882353,0.00769397633782784
191,"A_threshold",1000,1600,0.4,0.28,0.082,-0.198,0.292857142857143,0,0.198,0.00693213417840071
191,"A_threshold",1600,2200,0.55,0.079375,0.015,-0.064375,0.188976377952756,0,0.064375,0.00415578038925263
191,"A_threshold",2200,2800,0.7,0.0154545454545455,0.0263636363636364,0.0109090909090909,0.586206896551724,0.0109090909090909,0,0.00260627236282843
191,"A_threshold",2800,3400,0.85,0.0260714285714286,0,-0.0260714285714286,0,0,0.0260714285714286,0.00364481835388716
191,"A_threshold",3400,4000,1,0,0.0802941176470588,0.0802941176470588,0,0.0802941176470588,0,0.00862873948320899
191,"B_smooth_logistic",1000,1600,0.4,0.019,1,0.981,0.019,0.981,0,0.0245277808787766
191,"B_smooth_logistic",1600,2200,0.55,1,1,0,1,0,0,0.00262264735621538
191,"B_smooth_logistic",2200,2800,0.7,1,0.935909090909091,-0.0640909090909091,0.935909090909091,0,0.0640909090909091,0.00847410471537733
191,"B_smooth_logistic",2800,3400,0.85,0.933928571428571,0.756071428571429,-0.177857142857143,0.809560229445507,0,0.177857142857143,0.00605537520455978
191,"B_smooth_logistic",3400,4000,1,0.757352941176471,0.798529411764706,0.0411764705882354,0.948434622467772,0.0411764705882353,0,0.00345437428276942
192,"A_threshold",1000,1600,0.4,1,0.115,-0.885,0.115,0,0.885,0.0378876205660115
192,"A_threshold",1600,2200,0.55,0.1175,0.006875,-0.110625,0,0.006875,0.1175,0.0113325597710609
192,"A_threshold",2200,2800,0.7,0.00909090909090909,0.0386363636363636,0.0295454545454545,0.235294117647059,0.0295454545454545,0,0.00440528869527815
192,"A_threshold",2800,3400,0.85,0.0364285714285714,0.194642857142857,0.158214285714286,0.187155963302752,0.158214285714286,0,0.00823616816405689
192,"A_threshold",3400,4000,1,0.192352941176471,0.000294117647058824,-0.192058823529412,0.00152905198776758,0,0.192058823529412,0.00592962557037477
192,"B_smooth_logistic",1000,1600,0.4,0.622,0.675,0.053,0.921481481481481,0.053,0,0.0138752637227667
192,"B_smooth_logistic",1600,2200,0.55,0.656875,0.76125,0.104375,0.862889983579639,0.104375,0,0.012766143753223
192,"B_smooth_logistic",2200,2800,0.7,0.752727272727273,0.814090909090909,0.0613636363636364,0.924623115577889,0.0613636363636364,0,0.00909165419509936
192,"B_smooth_logistic",2800,3400,0.85,0.804642857142857,0.772142857142857,-0.0325,0.959609409675988,0,0.0325,0.00356666027426628
192,"B_smooth_logistic",3400,4000,1,0.770882352941176,0.784117647058823,0.013235294117647,0.983120780195049,0.0132352941176471,0,0.00323435568214494
193,"A_threshold",1000,1600,0.4,0.056,0.021,-0.035,0.375,0,0.035,0.00334842553272137
193,"A_threshold",1600,2200,0.55,0.026875,0,-0.026875,0,0,0.026875,0.0105251239690411
193,"A_threshold",2200,2800,0.7,0,0.0354545454545455,0.0354545454545455,0,0.0354545454545455,0,0.00788454803151026
193,"A_threshold",2800,3400,0.85,0.0371428571428571,0.0142857142857143,-0.0228571428571429,0.384615384615385,0,0.0228571428571429,0.00528299083142006
193,"A_threshold",3400,4000,1,0.015,0.0308823529411765,0.0158823529411765,0.485714285714286,0.0158823529411765,0,0.00286467389730636
193,"B_smooth_logistic",1000,1600,0.4,0.802,1,0.198,0.802,0.198,0,0.00395862875251721
193,"B_smooth_logistic",1600,2200,0.55,1,0.7825,-0.2175,0.7825,0,0.2175,0.0040167383620846
193,"B_smooth_logistic",2200,2800,0.7,0.777727272727273,1,0.222272727272727,0.777727272727273,0.222272727272727,0,0.00357717716521045
193,"B_smooth_logistic",2800,3400,0.85,1,1,0,1,0,0,0.00324847554393138
193,"B_smooth_logistic",3400,4000,1,1,1,0,1,0,0,0.00288512737566559
194,"A_threshold",1000,1600,0.4,0.058,0,-0.058,0,0,0.058,0.0164331806235374
194,"A_threshold",1600,2200,0.55,0,0.00625,0.00625,0,0.00625,0,0.00558116780494046
194,"A_threshold",2200,2800,0.7,0.00772727272727273,0,-0.00772727272727273,0,0,0.00772727272727273,0.00916080311999152
194,"A_threshold",2800,3400,0.85,0,0,0,1,0,0,0.0054037117970936
194,"A_threshold",3400,4000,1,0,0.0664705882352941,0.0664705882352941,0,0.0664705882352941,0,0.00512036728848
194,"B_smooth_logistic",1000,1600,0.4,1,1,0,1,0,0,0.0137216378764582
194,"B_smooth_logistic",1600,2200,0.55,1,1,0,1,0,0,0.0091266017431842
194,"B_smooth_logistic",2200,2800,0.7,1,0.887727272727273,-0.112272727272727,0.887727272727273,0,0.112272727272727,0.0104776581438127
194,"B_smooth_logistic",2800,3400,0.85,0.886428571428571,1,0.113571428571429,0.886428571428571,0.113571428571429,0,0.00499743750057818
194,"B_smooth_logistic",3400,4000,1,1,1,0,1,0,0,0.000528289465174897
195,"A_threshold",1000,1600,0.4,0.999,0.949,-0.05,0.94994994994995,0,0.05,0.00589649673358869
195,"A_threshold",1600,2200,0.55,0.945625,0.746875,-0.19875,0.789821546596167,0,0.19875,0.0112702978527434
195,"A_threshold",2200,2800,0.7,0.742727272727273,0.780909090909091,0.0381818181818182,0.951105937136205,0.0381818181818182,0,0.004367469585523
195,"A_threshold",2800,3400,0.85,0.774642857142857,0.743214285714286,-0.0314285714285715,0.959428307976026,0,0.0314285714285714,0.00301424331625775
195,"A_threshold",3400,4000,1,0.739117647058824,0.694411764705882,-0.0447058823529412,0.939514524472742,0,0.0447058823529412,0.00453864282510382
195,"B_smooth_logistic",1000,1600,0.4,0.741,1,0.259,0.741,0.259,0,0.0167278160295444
195,"B_smooth_logistic",1600,2200,0.55,1,1,0,1,0,0,0.0123309237790332
195,"B_smooth_logistic",2200,2800,0.7,1,1,0,1,0,0,0.00648200707708175
195,"B_smooth_logistic",2800,3400,0.85,1,1,0,1,0,0,0.00339727981281209
195,"B_smooth_logistic",3400,4000,1,1,1,0,1,0,0,0.00606703728800641
196,"A_threshold",1000,1600,0.4,0.119,0.015,-0.104,0.126050420168067,0,0.104,0.0124001786729482
196,"A_threshold",1600,2200,0.55,0.015625,0.145,0.129375,0.107758620689655,0.129375,0,0.0128756829332243
196,"A_threshold",2200,2800,0.7,0.142272727272727,0.118636363636364,-0.0236363636363636,0.833865814696486,0,0.0236363636363636,0.00280470258564119
196,"A_threshold",2800,3400,0.85,0.113571428571429,0.0392857142857143,-0.0742857142857143,0.345911949685535,0,0.0742857142857143,0.00643070928602849
196,"A_threshold",3400,4000,1,0.0355882352941176,0,-0.0355882352941176,0,0,0.0355882352941176,0.0108606160742367
196,"B_smooth_logistic",1000,1600,0.4,0.24,0.25,0.01,0,0.25,0.24,0.00925857380246571
196,"B_smooth_logistic",1600,2200,0.55,0.241875,1,0.758125,0.241875,0.758125,0,0.0139393683821677
196,"B_smooth_logistic",2200,2800,0.7,1,1,0,1,0,0,0.00453094663567639
196,"B_smooth_logistic",2800,3400,0.85,1,1,0,1,0,0,0.00773257912041258
196,"B_smooth_logistic",3400,4000,1,1,0.94,-0.0600000000000001,0.94,0,0.06,0.00420020195616383
197,"A_threshold",1000,1600,0.4,0.997,0.647,-0.35,0.648946840521565,0,0.35,0.0188809659814416
197,"A_threshold",1600,2200,0.55,0.64875,0.543125,-0.105625,0.837186897880539,0,0.105625,0.0123686938939523
197,"A_threshold",2200,2800,0.7,0.540909090909091,0.383181818181818,-0.157727272727273,0.708403361344538,0,0.157727272727273,0.00567391142045284
197,"A_threshold",2800,3400,0.85,0.375,0.940357142857143,0.565357142857143,0.398784656285606,0.565357142857143,0,0.00644294230935821
197,"A_threshold",3400,4000,1,0.941470588235294,0.717647058823529,-0.223823529411765,0.762261793189628,0,0.223823529411765,0.00743272823780009
197,"B_smooth_logistic",1000,1600,0.4,1,0.657,-0.343,0.657,0,0.343,0.01427237653895
197,"B_smooth_logistic",1600,2200,0.55,0.6575,0.70375,0.04625,0.934280639431616,0.04625,0,0.00651060205554569
197,"B_smooth_logistic",2200,2800,0.7,0.702727272727273,0.488636363636364,-0.214090909090909,0.695342820181113,0,0.214090909090909,0.0133567960538744
197,"B_smooth_logistic",2800,3400,0.85,0.505,0.611428571428571,0.106428571428571,0.825934579439252,0.106428571428571,0,0.00513383444343506
197,"B_smooth_logistic",3400,4000,1,0.611764705882353,0.622352941176471,0.0105882352941176,0.982986767485822,0.0105882352941176,0,0.00357745700142393
198,"A_threshold",1000,1600,0.4,0,0.038,0.038,0,0.038,0,0.0105827216879077
198,"A_threshold",1600,2200,0.55,0.03625,0,-0.03625,0,0,0.03625,0.0123832897326421
198,"A_threshold",2200,2800,0.7,0,0.0668181818181818,0.0668181818181818,0,0.0668181818181818,0,0.00502196405886796
198,"A_threshold",2800,3400,0.85,0.0671428571428571,0.025,-0.0421428571428571,0.372340425531915,0,0.0421428571428571,0.00133009522685457
198,"A_threshold",3400,4000,1,0.0258823529411765,0.0714705882352941,0.0455882352941177,0.362139917695473,0.0455882352941176,0,0.00272136977675359
198,"B_smooth_logistic",1000,1600,0.4,0.83,1,0.17,0.83,0.17,0,0.0150861490124998
198,"B_smooth_logistic",1600,2200,0.55,1,1,0,1,0,0,0.000908779297730164
198,"B_smooth_logistic",2200,2800,0.7,1,0.843636363636364,-0.156363636363636,0.843636363636364,0,0.156363636363636,0.00475902353176614
198,"B_smooth_logistic",2800,3400,0.85,0.838928571428571,1,0.161071428571429,0.838928571428571,0.161071428571429,0,0.00738872134014877
198,"B_smooth_logistic",3400,4000,1,1,1,0,1,0,0,0.00446405472452247
199,"A_threshold",1000,1600,0.4,0.653,0.526,-0.127,0.805513016845329,0,0.127,0.0151425135472507
199,"A_threshold",1600,2200,0.55,0.528125,0.443125,-0.085,0.83905325443787,0,0.085,0.0134301534897592
199,"A_threshold",2200,2800,0.7,0.441818181818182,0.349090909090909,-0.0927272727272727,0.790123456790123,0,0.0927272727272727,0.00758993596959777
199,"A_threshold",2800,3400,0.85,0.343571428571429,0.319285714285714,-0.0242857142857143,0.929313929313929,0,0.0242857142857143,0.00193882338315317
199,"A_threshold",3400,4000,1,0.326470588235294,0.305882352941176,-0.0205882352941176,0.936936936936937,0,0.0205882352941176,0.0016174385623023
199,"B_smooth_logistic",1000,1600,0.4,1,1,0,1,0,0,0.00478508269497899
199,"B_smooth_logistic",1600,2200,0.55,1,1,0,1,0,0,0.00768981646076073
199,"B_smooth_logistic",2200,2800,0.7,1,1,0,1,0,0,0.00967915327151067
199,"B_smooth_logistic",2800,3400,0.85,1,1,0,1,0,0,0.00568910816304575
199,"B_smooth_logistic",3400,4000,1,1,1,0,1,0,0,0.00386538473199775
200,"A_threshold",1000,1600,0.4,0.013,0.176,0.163,0,0.176,0.013,0.0154536103944495
200,"A_threshold",1600,2200,0.55,0.17625,0.060625,-0.115625,0.343971631205674,0,0.115625,0.00470748562765713
200,"A_threshold",2200,2800,0.7,0.0572727272727273,0,-0.0572727272727273,0,0,0.0572727272727273,0.00953577116757634
200,"A_threshold",2800,3400,0.85,0,0.00107142857142857,0.00107142857142857,0,0.00107142857142857,0,0.00758636001478929
200,"A_threshold",3400,4000,1,0.000882352941176471,0.0841176470588235,0.0832352941176471,0.0104895104895105,0.0832352941176471,0,0.0062131423034386
200,"B_smooth_logistic",1000,1600,0.4,0.57,0.954,0.384,0.524,0.43,0.046,0.0131480210833801
200,"B_smooth_logistic",1600,2200,0.55,0.95875,1,0.04125,0.95875,0.04125,0,0.00559957923558853
200,"B_smooth_logistic",2200,2800,0.7,1,1,0,1,0,0,0.013007812672005
200,"B_smooth_logistic",2800,3400,0.85,1,1,0,1,0,0,0.00795957873102367
200,"B_smooth_logistic",3400,4000,1,1,1,0,1,0,0,0.00588788152432088
201,"A_threshold",1000,1600,0.4,0.032,0.001,-0.031,0.03125,0,0.031,0.00818266893426388
201,"A_threshold",1600,2200,0.55,0.000625,0,-0.000625,0,0,0.000625,0.0104438074857222
201,"A_threshold",2200,2800,0.7,0,0,0,1,0,0,0.00290094278889123
201,"A_threshold",2800,3400,0.85,0,0.0846428571428571,0.0846428571428571,0,0.0846428571428571,0,0.00902134620036612
201,"A_threshold",3400,4000,1,0.0861764705882353,0.0697058823529412,-0.0164705882352941,0.808873720136519,0,0.0164705882352941,0.000951728025578301
201,"B_smooth_logistic",1000,1600,0.4,0.595,0.685,0.0900000000000001,0.868613138686131,0.09,0,0.018699117101768
201,"B_smooth_logistic",1600,2200,0.55,0.675625,0.679375,0.00374999999999992,0.994480220791168,0.00375,0,0.00810375599846692
201,"B_smooth_logistic",2200,2800,0.7,0.673636363636364,0.934090909090909,0.260454545454545,0.721167883211679,0.260454545454545,0,0.0157793069436704
201,"B_smooth_logistic",2800,3400,0.85,0.933214285714286,0.794285714285714,-0.138928571428571,0.851128970531956,0,0.138928571428571,0.00809855305237495
201,"B_smooth_logistic",3400,4000,1,0.793823529411765,0.983529411764706,0.189705882352941,0.807117224880383,0.189705882352941,0,0.00547621475308811
202,"A_threshold",1000,1600,0.4,0.988,0.999,0.011,0.988988988988989,0.011,0,0.00799695583480231
202,"A_threshold",1600,2200,0.55,0.999375,0.885625,-0.11375,0.886178861788618,0,0.11375,0.0112437406047741
202,"A_threshold",2200,2800,0.7,0.882727272727273,0.998181818181818,0.115454545454545,0.884335154826958,0.115454545454545,0,0.00953403626949048
202,"A_threshold",2800,3400,0.85,0.997857142857143,1,0.00214285714285711,0.997857142857143,0.00214285714285714,0,0.00982061000676642
202,"A_threshold",3400,4000,1,1,0.988529411764706,-0.0114705882352941,0.988529411764706,0,0.0114705882352941,0.00731803801204527
202,"B_smooth_logistic",1000,1600,0.4,0.713,0.463,-0.25,0.649368863955119,0,0.25,0.0148865050261434
202,"B_smooth_logistic",1600,2200,0.55,0.46875,0.51125,0.0425,0.916870415647922,0.0425,0,0.00564151338607491
202,"B_smooth_logistic",2200,2800,0.7,0.512272727272727,0.556818181818182,0.0445454545454544,0.92,0.0445454545454545,0,0.00362448675109329
202,"B_smooth_logistic",2800,3400,0.85,0.556428571428571,0.611785714285714,0.0553571428571429,0.909515469935785,0.0553571428571429,0,0.00441485549263941
202,"B_smooth_logistic",3400,4000,1,0.607352941176471,0.587058823529412,-0.0202941176470588,0.966585956416465,0,0.0202941176470588,0.00242276951884202
203,"A_threshold",1000,1600,0.4,0.019,0.226,0.207,0.084070796460177,0.207,0,0.0152351635290438
203,"A_threshold",1600,2200,0.55,0.23625,0.09375,-0.1425,0.396825396825397,0,0.1425,0.00694292991300795
203,"A_threshold",2200,2800,0.7,0.1,0.115909090909091,0.0159090909090909,0.862745098039216,0.0159090909090909,0,0.00489670773160658
203,"A_threshold",2800,3400,0.85,0.115,0.0778571428571429,-0.0371428571428571,0.677018633540373,0,0.0371428571428571,0.00126467348756511
203,"A_threshold",3400,4000,1,0.0779411764705882,0.112941176470588,0.035,0.690104166666667,0.035,0,0.00431655749175678
203,"B_smooth_logistic",1000,1600,0.4,0.585,0.56,-0.0249999999999999,0.957264957264957,0,0.025,0.00593741544527078
203,"B_smooth_logistic",1600,2200,0.55,0.57,0.66125,0.0912500000000001,0.862003780718336,0.09125,0,0.00762498213722609
203,"B_smooth_logistic",2200,2800,0.7,0.671818181818182,0.585454545454545,-0.0863636363636364,0.871447902571042,0,0.0863636363636364,0.00572544207338147
203,"B_smooth_logistic",2800,3400,0.85,0.586428571428571,0.622857142857143,0.0364285714285715,0.94151376146789,0.0364285714285714,0,0.00730515287959988
203,"B_smooth_logistic",3400,4000,1,0.619705882352941,0.640294117647059,0.0205882352941176,0.967845659163987,0.0205882352941176,0,0.00391419494855351
204,"A_threshold",1000,1600,0.4,0,0,0,1,0,0,0.0102992284093087
204,"A_threshold",1600,2200,0.55,0,0,0,1,0,0,0.00782824803178948
204,"A_threshold",2200,2800,0.7,0,0.00363636363636364,0.00363636363636364,0,0.00363636363636364,0,0.00234365582355957
204,"A_threshold",2800,3400,0.85,0.00392857142857143,0.0128571428571429,0.00892857142857143,0.305555555555556,0.00892857142857143,0,0.0058328085309012
204,"A_threshold",3400,4000,1,0.0129411764705882,0,-0.0129411764705882,0,0,0.0129411764705882,0.00337466199624578
204,"B_smooth_logistic",1000,1600,0.4,0.96,1,0.04,0.96,0.04,0,0.00903118811431831
204,"B_smooth_logistic",1600,2200,0.55,1,1,0,1,0,0,0.0129810762495974
204,"B_smooth_logistic",2200,2800,0.7,1,1,0,1,0,0,0.00708021492614517
204,"B_smooth_logistic",2800,3400,0.85,1,1,0,1,0,0,0.00198020524225307
204,"B_smooth_logistic",3400,4000,1,1,1,0,1,0,0,0.00578737086856085
205,"A_threshold",1000,1600,0.4,0.898,0.027,-0.871,0.0300668151447661,0,0.871,0.0224220291598576
205,"A_threshold",1600,2200,0.55,0.028125,0,-0.028125,0,0,0.028125,0.00731090414381574
205,"A_threshold",2200,2800,0.7,0,0.172727272727273,0.172727272727273,0,0.172727272727273,0,0.0105885884443855
205,"A_threshold",2800,3400,0.85,0.166785714285714,0.545,0.378214285714286,0.306028833551769,0.378214285714286,0,0.00808137635471149
205,"A_threshold",3400,4000,1,0.537647058823529,0.280882352941176,-0.256764705882353,0.522428884026258,0,0.256764705882353,0.00625737870088116
205,"B_smooth_logistic",1000,1600,0.4,0.773,0.647,-0.126,0.836998706338939,0,0.126,0.0113119451431406
205,"B_smooth_logistic",1600,2200,0.55,0.638125,0.680625,0.0425,0.937557392102847,0.0425,0,0.00387970571069434
205,"B_smooth_logistic",2200,2800,0.7,0.682727272727273,0.678636363636364,-0.00409090909090915,0.994007989347537,0,0.00409090909090909,0.00502921145267234
205,"B_smooth_logistic",2800,3400,0.85,0.669642857142857,0.666071428571429,-0.00357142857142856,0.994666666666667,0,0.00357142857142857,0.00146225757107028
205,"B_smooth_logistic",3400,4000,1,0.671470588235294,0.667352941176471,-0.00411764705882356,0.993867717915024,0,0.00411764705882353,0.00272235695493747
206,"A_threshold",1000,1600,0.4,0.305,0.002,-0.303,0.00655737704918033,0,0.303,0.0194211572723784
206,"A_threshold",1600,2200,0.55,0.0025,0.285,0.2825,0.0087719298245614,0.2825,0,0.0151556121954459
206,"A_threshold",2200,2800,0.7,0.278636363636364,0.403636363636364,0.125,0.690315315315315,0.125,0,0.00798052538549771
206,"A_threshold",2800,3400,0.85,0.4025,0.318928571428571,-0.0835714285714286,0.792369121561668,0,0.0835714285714286,0.00411415870232751
206,"A_threshold",3400,4000,1,0.310882352941176,0.134705882352941,-0.176176470588235,0.433301797540208,0,0.176176470588235,0.00724751313459442
206,"B_smooth_logistic",1000,1600,0.4,0.872,0.555,-0.317,0.636467889908257,0,0.317,0.0182351669395431
206,"B_smooth_logistic",1600,2200,0.55,0.564375,0.63125,0.066875,0.894059405940594,0.066875,0,0.00640849940267271
206,"B_smooth_logistic",2200,2800,0.7,0.635454545454545,0.717272727272727,0.0818181818181818,0.885931558935361,0.0818181818181818,0,0.00378078398843567
206,"B_smooth_logistic",2800,3400,0.85,0.717142857142857,0.637857142857143,-0.0792857142857143,0.889442231075697,0,0.0792857142857143,0.00429091993785732
206,"B_smooth_logistic",3400,4000,1,0.642941176470588,0.610588235294118,-0.0323529411764706,0.94967978042086,0,0.0323529411764706,0.00588207696347648
207,"A_threshold",1000,1600,0.4,0,0.008,0.008,0,0.008,0,0.00567969382318452
207,"A_threshold",1600,2200,0.55,0.008125,0,-0.008125,0,0,0.008125,0.0066878831256982
207,"A_threshold",2200,2800,0.7,0.000454545454545455,0.388636363636364,0.388181818181818,0.00116959064327485,0.388181818181818,0,0.013455974469062
207,"A_threshold",2800,3400,0.85,0.386071428571429,0.258214285714286,-0.127857142857143,0.668825161887142,0,0.127857142857143,0.00261631144458936
207,"A_threshold",3400,4000,1,0.259117647058824,0.551176470588235,0.292058823529412,0.470117395944504,0.292058823529412,0,0.00387157643045054
207,"B_smooth_logistic",1000,1600,0.4,0.647,0.524,-0.123,0.809891808346213,0,0.123,0.0177068717872036
207,"B_smooth_logistic",1600,2200,0.55,0.524375,0.525625,0.00124999999999997,0.997621878715815,0.00125,0,0.0110845199979296
207,"B_smooth_logistic",2200,2800,0.7,0.522727272727273,0.557272727272727,0.0345454545454545,0.938009787928222,0.0345454545454545,0,0.00438834452761969
207,"B_smooth_logistic",2800,3400,0.85,0.551428571428571,0.621428571428571,0.0700000000000001,0.88735632183908,0.07,0,0.00648829637134148
207,"B_smooth_logistic",3400,4000,1,0.63,0.682941176470588,0.0529411764705883,0.922480620155039,0.0529411764705882,0,0.00509518180975194
208,"A_threshold",1000,1600,0.4,0.015,0.177,0.162,0.0847457627118644,0.162,0,0.013073091912352
208,"A_threshold",1600,2200,0.55,0.189375,0.240625,0.05125,0.787012987012987,0.05125,0,0.0104889806951044
208,"A_threshold",2200,2800,0.7,0.243181818181818,0.0518181818181818,-0.191363636363636,0.213084112149533,0,0.191363636363636,0.0106458123622151
208,"A_threshold",2800,3400,0.85,0.0467857142857143,0.0642857142857143,0.0175,0.727777777777778,0.0175,0,0.0027513679557974
208,"A_threshold",3400,4000,1,0.0688235294117647,0.0585294117647059,-0.0102941176470588,0.85042735042735,0,0.0102941176470588,0.00207306957572486
208,"B_smooth_logistic",1000,1600,0.4,0.387,0.308,-0.079,0.795865633074935,0,0.079,0.0157402867246555
208,"B_smooth_logistic",1600,2200,0.55,0.298125,0.438125,0.14,0.680456490727532,0.14,0,0.0119217969212543
208,"B_smooth_logistic",2200,2800,0.7,0.438636363636364,0.441363636363636,0.00272727272727269,0.993820803295572,0.00272727272727273,0,0.00292031722482105
208,"B_smooth_logistic",2800,3400,0.85,0.445357142857143,0.532142857142857,0.0867857142857143,0.836912751677852,0.0867857142857143,0,0.00762218938475
208,"B_smooth_logistic",3400,4000,1,0.536176470588235,0.645588235294118,0.109411764705882,0.830523917995444,0.109411764705882,0,0.0100310093791177
209,"A_threshold",1000,1600,0.4,0.483,0.441,-0.042,0.91304347826087,0,0.042,0.0150585455440134
209,"A_threshold",1600,2200,0.55,0.45,0.5225,0.0725,0.861244019138756,0.0725,0,0.00977322601313231
209,"A_threshold",2200,2800,0.7,0.520909090909091,0.439090909090909,-0.0818181818181818,0.842931937172775,0,0.0818181818181818,0.00715996702684122
209,"A_threshold",2800,3400,0.85,0.434642857142857,0.177142857142857,-0.2575,0.407559572719803,0,0.2575,0.0149114941107733
209,"A_threshold",3400,4000,1,0.175882352941176,0.289705882352941,0.113823529411765,0.607106598984772,0.113823529411765,0,0.00516855135318724
209,"B_smooth_logistic",1000,1600,0.4,0,0.778,0.778,0,0.778,0,0.0120324083277901
209,"B_smooth_logistic",1600,2200,0.55,0.78,0.8775,0.0974999999999999,0.888888888888889,0.0975,0,0.00905491323533208
209,"B_smooth_logistic",2200,2800,0.7,0.869090909090909,0.826818181818182,-0.0422727272727274,0.951359832635983,0,0.0422727272727273,0.00415714735602375
209,"B_smooth_logistic",2800,3400,0.85,0.828928571428571,0.8325,0.00357142857142856,0.995709995709996,0.00357142857142857,0,0.00318139736831014
209,"B_smooth_logistic",3400,4000,1,0.830882352941177,0.741176470588235,-0.0897058823529412,0.892035398230088,0,0.0897058823529412,0.00372996923116813
210,"A_threshold",1000,1600,0.4,0.544,0.345,-0.199,0.634191176470588,0,0.199,0.00896303593107927
210,"A_threshold",1600,2200,0.55,0.348125,0.2975,-0.050625,0.854578096947935,0,0.050625,0.00306674532955463
210,"A_threshold",2200,2800,0.7,0.3,0.251818181818182,-0.0481818181818182,0.839393939393939,0,0.0481818181818182,0.00151341217547634
210,"A_threshold",2800,3400,0.85,0.257857142857143,0.110357142857143,-0.1475,0.42797783933518,0,0.1475,0.00572561363904128
210,"A_threshold",3400,4000,1,0.109117647058824,0.184411764705882,0.0752941176470588,0.59170653907496,0.0752941176470588,0,0.00825835201246572
210,"B_smooth_logistic",1000,1600,0.4,0.905,1,0.095,0.905,0.095,0,0.0114509213058627
210,"B_smooth_logistic",1600,2200,0.55,1,1,0,1,0,0,0.00289633187031783
210,"B_smooth_logistic",2200,2800,0.7,1,1,0,1,0,0,0.00618044923810549
210,"B_smooth_logistic",2800,3400,0.85,1,1,0,1,0,0,0.00281830620800637
210,"B_smooth_logistic",3400,4000,1,1,1,0,1,0,0,0.00889417668304604
211,"A_threshold",1000,1600,0.4,0.199,0.016,-0.183,0.0804020100502513,0,0.183,0.0134653826404458
211,"A_threshold",1600,2200,0.55,0.015,0,-0.015,0,0,0.015,0.00889626025665619
211,"A_threshold",2200,2800,0.7,0,0.0140909090909091,0.0140909090909091,0,0.0140909090909091,0,0.00340987430577492
211,"A_threshold",2800,3400,0.85,0.0139285714285714,0.00678571428571429,-0.00714285714285714,0.487179487179487,0,0.00714285714285714,0.000264961455609832
211,"A_threshold",3400,4000,1,0.00647058823529412,0.129705882352941,0.123235294117647,0.0498866213151927,0.123235294117647,0,0.00646874349505195
211,"B_smooth_logistic",1000,1600,0.4,1,1,0,1,0,0,0.00733016557219375
211,"B_smooth_logistic",1600,2200,0.55,1,1,0,1,0,0,0.00429979068861441
211,"B_smooth_logistic",2200,2800,0.7,1,1,0,1,0,0,0.00333074954646857
211,"B_smooth_logistic",2800,3400,0.85,1,1,0,1,0,0,0.00297822766294247
211,"B_smooth_logistic",3400,4000,1,1,1,0,1,0,0,0.00740564545804096
212,"A_threshold",1000,1600,0.4,0.072,0.158,0.086,0.455696202531646,0.086,0,0.00978221780735562
212,"A_threshold",1600,2200,0.55,0.15,0,-0.15,0,0,0.15,0.0087730950587067
212,"A_threshold",2200,2800,0.7,0,0,0,1,0,0,0.00232264820188685
212,"A_threshold",2800,3400,0.85,0,0.000714285714285714,0.000714285714285714,0,0.000714285714285714,0,0.00249358070343933
212,"A_threshold",3400,4000,1,0.000588235294117647,0,-0.000588235294117647,0,0,0.000588235294117647,0.00551935654323719
212,"B_smooth_logistic",1000,1600,0.4,0.535,0.94,0.405,0.569148936170213,0.405,0,0.0123731518866038
212,"B_smooth_logistic",1600,2200,0.55,0.94375,0.77875,-0.165,0.825165562913907,0,0.165,0.00499260175732579
212,"B_smooth_logistic",2200,2800,0.7,0.778181818181818,0.805,0.0268181818181819,0.966685488424619,0.0268181818181818,0,0.00267412893333107
212,"B_smooth_logistic",2800,3400,0.85,0.803571428571429,0.785714285714286,-0.0178571428571429,0.977777777777778,0,0.0178571428571429,0.00464769660219666
212,"B_smooth_logistic",3400,4000,1,0.787647058823529,0.683529411764706,-0.104117647058824,0.867811799850635,0,0.104117647058824,0.0045158438928569
213,"A_threshold",1000,1600,0.4,0.996,0,-0.996,0,0,0.996,0.0220804239494722
213,"A_threshold",1600,2200,0.55,0,0.28125,0.28125,0,0.28125,0,0.00712209179082876
213,"A_threshold",2200,2800,0.7,0.292727272727273,0.0654545454545455,-0.227272727272727,0.22360248447205,0,0.227272727272727,0.00500893719055521
213,"A_threshold",2800,3400,0.85,0.0675,0.264642857142857,0.197142857142857,0.255060728744939,0.197142857142857,0,0.00363902708587009
213,"A_threshold",3400,4000,1,0.256176470588235,0.309705882352941,0.0535294117647059,0.827160493827161,0.0535294117647059,0,0.00120829329649727
213,"B_smooth_logistic",1000,1600,0.4,0.365,0.793,0.428,0.460277427490542,0.428,0,0.0182718280797446
213,"B_smooth_logistic",1600,2200,0.55,0.77875,0.82625,0.0475,0.942511346444781,0.0475,0,0.00574310774490009
213,"B_smooth_logistic",2200,2800,0.7,0.832272727272727,0.809090909090909,-0.0231818181818182,0.972146368104861,0,0.0231818181818182,0.00890894079342859
213,"B_smooth_logistic",2800,3400,0.85,0.801428571428571,0.927142857142857,0.125714285714286,0.864406779661017,0.125714285714286,0,0.0034437494765771
213,"B_smooth_logistic",3400,4000,1,0.928235294117647,1,0.071764705882353,0.928235294117647,0.0717647058823529,0,0.0075046317839132
214,"A_threshold",1000,1600,0.4,0.541,0,-0.541,0,0,0.541,0.0164987280043618
214,"A_threshold",1600,2200,0.55,0,0.108125,0.108125,0,0.108125,0,0.00827978386010681
214,"A_threshold",2200,2800,0.7,0.111363636363636,0.000909090909090909,-0.110454545454545,0.00816326530612245,0,0.110454545454545,0.00577531239264894
214,"A_threshold",2800,3400,0.85,0.00178571428571429,0.0628571428571429,0.0610714285714286,0.0284090909090909,0.0610714285714286,0,0.00217367021208539
214,"A_threshold",3400,4000,1,0.0623529411764706,0.0270588235294118,-0.0352941176470588,0.433962264150943,0,0.0352941176470588,0.00140094804635117
214,"B_smooth_logistic",1000,1600,0.4,0.431,0.563,0.132,0.765541740674956,0.132,0,0.0170134683409581
214,"B_smooth_logistic",1600,2200,0.55,0.56875,0.62375,0.055,0.911823647294589,0.055,0,0.00568084025984523
214,"B_smooth_logistic",2200,2800,0.7,0.61,0.701363636363636,0.0913636363636364,0.869734283862605,0.0913636363636364,0,0.00838622526824666
214,"B_smooth_logistic",2800,3400,0.85,0.702142857142857,0.7,-0.00214285714285722,0.996948118006104,0,0.00214285714285714,0.000596493423138406
214,"B_smooth_logistic",3400,4000,1,0.701176470588235,0.775588235294118,0.0744117647058824,0.904057641259006,0.0744117647058824,0,0.00700829208165639
215,"A_threshold",1000,1600,0.4,0.912,0.651,-0.261,0.713815789473684,0,0.261,0.0167783242197829
215,"A_threshold",1600,2200,0.55,0.646875,0.60875,-0.038125,0.941062801932367,0,0.038125,0.00962474460148533
215,"A_threshold",2200,2800,0.7,0.603181818181818,0.511363636363636,-0.0918181818181818,0.847776940467219,0,0.0918181818181818,0.00218846434806989
215,"A_threshold",2800,3400,0.85,0.5175,0.583571428571429,0.0660714285714286,0.886780905752754,0.0660714285714286,0,0.0037382718792376
215,"A_threshold",3400,4000,1,0.580882352941177,0.752352941176471,0.171470588235294,0.772087568412823,0.171470588235294,0,0.00576997261310069
215,"B_smooth_logistic",1000,1600,0.4,0.763,0.768,0.005,0.993489583333333,0.005,0,0.01510517208635
215,"B_smooth_logistic",1600,2200,0.55,0.76125,0.839375,0.078125,0.906924795234549,0.078125,0,0.00737385279771386
215,"B_smooth_logistic",2200,2800,0.7,0.839545454545455,0.808181818181818,-0.0313636363636364,0.962642122360585,0,0.0313636363636364,0.00627872276437275
215,"B_smooth_logistic",2800,3400,0.85,0.806071428571429,0.8425,0.0364285714285715,0.956761339550657,0.0364285714285714,0,0.00137986111696933
215,"B_smooth_logistic",3400,4000,1,0.842352941176471,0.924117647058823,0.0817647058823529,0.911521323997454,0.0817647058823529,0,0.00389909346183932
216,"A_threshold",1000,1600,0.4,0.524,0.474,-0.05,0.904580152671756,0,0.05,0.00720363541296068
216,"A_threshold",1600,2200,0.55,0.478125,0.354375,-0.12375,0.741176470588235,0,0.12375,0.00567848725758424
216,"A_threshold",2200,2800,0.7,0.361818181818182,0.381818181818182,0.02,0.947619047619048,0.02,0,0.00133344313749751
216,"A_threshold",2800,3400,0.85,0.375,0.364285714285714,-0.0107142857142857,0.971428571428571,0,0.0107142857142857,0.00106969626343885
216,"A_threshold",3400,4000,1,0.365882352941176,0.368823529411765,0.00294117647058822,0.992025518341308,0.00294117647058824,0,0.00130496679827851
216,"B_smooth_logistic",1000,1600,0.4,1,1,0,1,0,0,0.0133750424977367
216,"B_smooth_logistic",1600,2200,0.55,1,1,0,1,0,0,0.0107084986205881
216,"B_smooth_logistic",2200,2800,0.7,1,0.989090909090909,-0.0109090909090909,0.989090909090909,0,0.0109090909090909,0.0049968775558073
216,"B_smooth_logistic",2800,3400,0.85,0.989285714285714,1,0.0107142857142857,0.989285714285714,0.0107142857142857,0,0.00539667090814365
216,"B_smooth_logistic",3400,4000,1,1,1,0,1,0,0,0.00565544842690581
217,"A_threshold",1000,1600,0.4,0,0,0,1,0,0,0.00546304788935895
217,"A_threshold",1600,2200,0.55,0,0,0,1,0,0,0.00235107352786703
217,"A_threshold",2200,2800,0.7,0,0,0,1,0,0,0.00373092738501434
217,"A_threshold",2800,3400,0.85,0,0,0,1,0,0,0.0015229430813516
217,"A_threshold",3400,4000,1,0,0,0,1,0,0,0.00130310074373829
217,"B_smooth_logistic",1000,1600,0.4,1,0.737,-0.263,0.737,0,0.263,0.00741484061227755
217,"B_smooth_logistic",1600,2200,0.55,0.726875,0.7475,0.020625,0.972408026755853,0.020625,0,0.0030583978220706
217,"B_smooth_logistic",2200,2800,0.7,0.736363636363636,0.910909090909091,0.174545454545455,0.808383233532934,0.174545454545455,0,0.00655141681725531
217,"B_smooth_logistic",2800,3400,0.85,0.91,0.763571428571429,-0.146428571428571,0.839089481946625,0,0.146428571428571,0.00714847168823197
217,"B_smooth_logistic",3400,4000,1,0.767647058823529,0.765882352941176,-0.001764705882353,0.997701149425287,0,0.00176470588235294,0.00330597039885535
218,"A_threshold",1000,1600,0.4,0.414,0.446,0.032,0.928251121076233,0.032,0,0.00357109056659622
218,"A_threshold",1600,2200,0.55,0.460625,0.3925,-0.068125,0.852103120759837,0,0.068125,0.00755837278413384
218,"A_threshold",2200,2800,0.7,0.395454545454545,0.360454545454545,-0.035,0.911494252873563,0,0.035,0.00526826024130955
218,"A_threshold",2800,3400,0.85,0.362857142857143,0.369642857142857,0.00678571428571428,0.981642512077295,0.00678571428571429,0,0.00671441389250435
218,"A_threshold",3400,4000,1,0.365294117647059,0.358823529411765,-0.00647058823529412,0.982286634460548,0,0.00647058823529412,0.00776114791572336
218,"B_smooth_logistic",1000,1600,0.4,0.186,0.851,0.665,0.218566392479436,0.665,0,0.00219235664242829
218,"B_smooth_logistic",1600,2200,0.55,0.845,0.588125,-0.256875,0.433125,0.155,0.411875,0.0109005446646011
218,"B_smooth_logistic",2200,2800,0.7,0.582727272727273,0.737727272727273,0.155,0.789895255699322,0.155,0,0.0120905091306455
218,"B_smooth_logistic",2800,3400,0.85,0.741428571428571,0.917857142857143,0.176428571428571,0.807782101167315,0.176428571428571,0,0.0071846007888114
218,"B_smooth_logistic",3400,4000,1,0.920588235294118,0.756176470588235,-0.164411764705882,0.821405750798722,0,0.164411764705882,0.00552416540617715
219,"A_threshold",1000,1600,0.4,0.551,0.497,-0.054,0.901996370235935,0,0.054,0.00489119925665745
219,"A_threshold",1600,2200,0.55,0.4825,0.024375,-0.458125,0.0505181347150259,0,0.458125,0.0164905190778229
219,"A_threshold",2200,2800,0.7,0.025,0.00681818181818182,-0.0181818181818182,0.272727272727273,0,0.0181818181818182,0.00617561654817206
219,"A_threshold",2800,3400,0.85,0.00642857142857143,0.03,0.0235714285714286,0.214285714285714,0.0235714285714286,0,0.00898923523380467
219,"A_threshold",3400,4000,1,0.0302941176470588,0.03,-0.000294117647058823,0.990291262135922,0,0.000294117647058824,0.000490661065245778
219,"B_smooth_logistic",1000,1600,0.4,0,0.769,0.769,0,0.769,0,0.00992134223247114
219,"B_smooth_logistic",1600,2200,0.55,0.76,0.971875,0.211875,0.731875,0.24,0.028125,0.00844122518513413
219,"B_smooth_logistic",2200,2800,0.7,0.972272727272727,0.762727272727273,-0.209545454545455,0.735,0.0277272727272727,0.237272727272727,0.0099853911275448
219,"B_smooth_logistic",2800,3400,0.85,0.766071428571429,0.5525,-0.213571428571429,0.721212121212121,0,0.213571428571429,0.00400170503082996
219,"B_smooth_logistic",3400,4000,1,0.552941176470588,0.810294117647059,0.257352941176471,0.682395644283122,0.257352941176471,0,0.00438073575529945
220,"A_threshold",1000,1600,0.4,0.997,1,0.003,0.997,0.003,0,0.00841809673454211
220,"A_threshold",1600,2200,0.55,1,0.42875,-0.57125,0.42875,0,0.57125,0.0144141107637444
220,"A_threshold",2200,2800,0.7,0.433636363636364,0.626363636363636,0.192727272727273,0.06,0.566363636363636,0.373636363636364,0.00669411626815319
220,"A_threshold",2800,3400,0.85,0.623214285714286,0.639285714285714,0.0160714285714285,0.2625,0.376785714285714,0.360714285714286,0.00943026080893869
220,"A_threshold",3400,4000,1,0.64,1,0.36,0.64,0.36,0,0.00382960270998093
220,"B_smooth_logistic",1000,1600,0.4,0.594,0.592,-0.002,0.996632996632997,0,0.002,0.016576460302411
220,"B_smooth_logistic",1600,2200,0.55,0.595,0.595,0,1,0,0,0.00209724452504887
220,"B_smooth_logistic",2200,2800,0.7,0.595909090909091,0.656363636363636,0.0604545454545454,0.907894736842105,0.0604545454545455,0,0.00728547316609101
220,"B_smooth_logistic",2800,3400,0.85,0.656071428571429,0.646785714285714,-0.00928571428571423,0.985846488840501,0,0.00928571428571429,0.00200375055074822
220,"B_smooth_logistic",3400,4000,1,0.641764705882353,0.819705882352941,0.177941176470588,0.78292070326516,0.177941176470588,0,0.0108201894498064
221,"A_threshold",1000,1600,0.4,0.628,0.518,-0.11,0.82484076433121,0,0.11,0.00852707538095321
221,"A_threshold",1600,2200,0.55,0.5125,0.325625,-0.186875,0.635365853658537,0,0.186875,0.00987299497806092
221,"A_threshold",2200,2800,0.7,0.325,0.204545454545455,-0.120454545454545,0.629370629370629,0,0.120454545454545,0.0076773662462971
221,"A_threshold",2800,3400,0.85,0.208571428571429,0.157142857142857,-0.0514285714285714,0.753424657534247,0,0.0514285714285714,0.00418706371585299
221,"A_threshold",3400,4000,1,0.156176470588235,0.300294117647059,0.144117647058824,0.520078354554358,0.144117647058824,0,0.00369907839974984
221,"B_smooth_logistic",1000,1600,0.4,0.553,0.869,0.316,0.636363636363636,0.316,0,0.0277866518750723
221,"B_smooth_logistic",1600,2200,0.55,0.86625,1,0.13375,0.86625,0.13375,0,0.0105905666550453
221,"B_smooth_logistic",2200,2800,0.7,1,1,0,1,0,0,0.00892113546663362
221,"B_smooth_logistic",2800,3400,0.85,1,0.980357142857143,-0.0196428571428572,0.980357142857143,0,0.0196428571428571,0.00297751019939829
221,"B_smooth_logistic",3400,4000,1,0.982058823529412,1,0.0179411764705882,0.982058823529412,0.0179411764705882,0,0.00481401178386974
222,"A_threshold",1000,1600,0.4,0.296,0.219,-0.077,0.739864864864865,0,0.077,0.00578413859251727
222,"A_threshold",1600,2200,0.55,0.22,0.185625,-0.034375,0.84375,0,0.034375,0.00325998910429311
222,"A_threshold",2200,2800,0.7,0.188181818181818,0.137727272727273,-0.0504545454545454,0.731884057971015,0,0.0504545454545455,0.00499897048078299
222,"A_threshold",2800,3400,0.85,0.1375,0.129285714285714,-0.00821428571428573,0.94025974025974,0,0.00821428571428571,0.00239312756665627
222,"A_threshold",3400,4000,1,0.130294117647059,0.112647058823529,-0.0176470588235294,0.864559819413093,0,0.0176470588235294,0.00957915239806628
222,"B_smooth_logistic",1000,1600,0.4,0.32,0.362,0.042,0.883977900552486,0.042,0,0.00928056090559066
222,"B_smooth_logistic",1600,2200,0.55,0.365,0.503125,0.138125,0.725465838509317,0.138125,0,0.0109716999962566
222,"B_smooth_logistic",2200,2800,0.7,0.498636363636364,0.523181818181818,0.0245454545454545,0.953084274543875,0.0245454545454545,0,0.00341120839559396
222,"B_smooth_logistic",2800,3400,0.85,0.5275,0.640714285714286,0.113214285714286,0.82329988851728,0.113214285714286,0,0.0077036276447356
222,"B_smooth_logistic",3400,4000,1,0.646470588235294,0.732352941176471,0.0858823529411764,0.882730923694779,0.0858823529411765,0,0.00510614652646682
223,"A_threshold",1000,1600,0.4,0.241,0.063,-0.178,0.261410788381743,0,0.178,0.00970059494619516
223,"A_threshold",1600,2200,0.55,0.07125,0.10125,0.03,0.703703703703704,0.03,0,0.0123842382739127
223,"A_threshold",2200,2800,0.7,0.101363636363636,0.374090909090909,0.272727272727273,0.270959902794654,0.272727272727273,0,0.00558277737886114
223,"A_threshold",2800,3400,0.85,0.376428571428571,0.733571428571429,0.357142857142857,0.513145082765336,0.357142857142857,0,0.00769288403780671
223,"A_threshold",3400,4000,1,0.728529411764706,0.650294117647059,-0.0782352941176471,0.892612030682277,0,0.0782352941176471,0.00572477362653155
223,"B_smooth_logistic",1000,1600,0.4,0.231,0.367,0.136,0.629427792915531,0.136,0,0.00616495633449376
223,"B_smooth_logistic",1600,2200,0.55,0.3675,0.533125,0.165625,0.689331770222743,0.165625,0,0.0085981017694314
223,"B_smooth_logistic",2200,2800,0.7,0.529545454545455,0.676363636363636,0.146818181818182,0.782930107526882,0.146818181818182,0,0.00849323370008938
223,"B_smooth_logistic",2800,3400,0.85,0.680357142857143,0.747857142857143,0.0675,0.909742120343839,0.0675,0,0.00494159763212551
223,"B_smooth_logistic",3400,4000,1,0.756764705882353,0.670588235294118,-0.0861764705882353,0.886125145744267,0,0.0861764705882353,0.00505705464988254
224,"A_threshold",1000,1600,0.4,0.867,0.446,-0.421,0.51441753171857,0,0.421,0.0185835325205466
224,"A_threshold",1600,2200,0.55,0.444375,0.600625,0.15625,0.739854318418314,0.15625,0,0.00563429457764215
224,"A_threshold",2200,2800,0.7,0.598636363636364,0.966363636363636,0.367727272727273,0.619473189087488,0.367727272727273,0,0.00541016791848182
224,"A_threshold",2800,3400,0.85,0.965357142857143,0.0360714285714286,-0.929285714285714,0.00142857142857143,0.0346428571428571,0.963928571428571,0.0138400159084522
224,"A_threshold",3400,4000,1,0.0361764705882353,0,-0.0361764705882353,0,0,0.0361764705882353,0.00327343761308027
224,"B_smooth_logistic",1000,1600,0.4,1,1,0,1,0,0,0.00210425912443003
224,"B_smooth_logistic",1600,2200,0.55,1,1,0,1,0,0,0.00515722479487158
224,"B_smooth_logistic",2200,2800,0.7,1,1,0,1,0,0,0.00453640265703799
224,"B_smooth_logistic",2800,3400,0.85,1,1,0,1,0,0,0.00565719045707065
224,"B_smooth_logistic",3400,4000,1,1,1,0,1,0,0,0.0013469970002725
225,"A_threshold",1000,1600,0.4,0.824,0.843,0.019,0.977461447212337,0.019,0,0.0121252478276361
225,"A_threshold",1600,2200,0.55,0.83875,0.83375,-0.005,0.994038748137109,0,0.005,0.00293274542535084
225,"A_threshold",2200,2800,0.7,0.835,0.677727272727273,-0.157272727272727,0.811649428415895,0,0.157272727272727,0.00912739111545151
225,"A_threshold",2800,3400,0.85,0.683214285714286,0.935714285714286,0.2525,0.730152671755725,0.2525,0,0.00447937275796017
225,"A_threshold",3400,4000,1,0.935588235294118,0.722352941176471,-0.213235294117647,0.772084250235775,0,0.213235294117647,0.00363364324126706
225,"B_smooth_logistic",1000,1600,0.4,0.411,0.461,0.05,0.891540130151844,0.05,0,0.0035792143684075
225,"B_smooth_logistic",1600,2200,0.55,0.4775,0.725,0.2475,0.658620689655172,0.2475,0,0.0117882989549233
225,"B_smooth_logistic",2200,2800,0.7,0.721818181818182,0.617727272727273,-0.104090909090909,0.855793450881612,0,0.104090909090909,0.00399891844357
225,"B_smooth_logistic",2800,3400,0.85,0.618571428571429,0.721071428571429,0.1025,0.857850421000495,0.1025,0,0.00467633133297035
225,"B_smooth_logistic",3400,4000,1,0.723529411764706,0.803235294117647,0.0797058823529412,0.900768949102893,0.0797058823529412,0,0.00273392089570066
226,"A_threshold",1000,1600,0.4,0.439,0.546,0.107,0.804029304029304,0.107,0,0.0105845445796597
226,"A_threshold",1600,2200,0.55,0.5425,0.695625,0.153125,0.779874213836478,0.153125,0,0.00867648855820836
226,"A_threshold",2200,2800,0.7,0.693636363636364,0.505454545454545,-0.188181818181818,0.72870249017038,0,0.188181818181818,0.0112760970957899
226,"A_threshold",2800,3400,0.85,0.500714285714286,0.450714285714286,-0.0499999999999999,0.900142653352354,0,0.05,0.00410190776353278
226,"A_threshold",3400,4000,1,0.458823529411765,0.345294117647059,-0.113529411764706,0.752564102564103,0,0.113529411764706,0.00551344717015222
226,"B_smooth_logistic",1000,1600,0.4,0.58,0.543,-0.0369999999999999,0.936206896551724,0,0.037,0.0211848969995026
226,"B_smooth_logistic",1600,2200,0.55,0.52125,0.551875,0.030625,0.944507361268403,0.030625,0,0.00547751608660205
226,"B_smooth_logistic",2200,2800,0.7,0.545909090909091,0.57,0.0240909090909091,0.957735247208931,0.0240909090909091,0,0.00285521201242669
226,"B_smooth_logistic",2800,3400,0.85,0.563214285714286,0.574642857142857,0.0114285714285715,0.98011187072716,0.0114285714285714,0,0.00309501067537685
226,"B_smooth_logistic",3400,4000,1,0.576176470588235,0.598823529411765,0.0226470588235295,0.962180746561886,0.0226470588235294,0,0.00227056928636555
227,"A_threshold",1000,1600,0.4,1,0.644,-0.356,0.644,0,0.356,0.0217109922501585
227,"A_threshold",1600,2200,0.55,0.644375,0.60875,-0.035625,0.944713870029098,0,0.035625,0.00657828544777678
227,"A_threshold",2200,2800,0.7,0.606363636363636,0.562727272727273,-0.0436363636363636,0.928035982008996,0,0.0436363636363636,0.00148340388068577
227,"A_threshold",2800,3400,0.85,0.566785714285714,0.788571428571429,0.221785714285714,0.71875,0.221785714285714,0,0.00619324907891
227,"A_threshold",3400,4000,1,0.793235294117647,0.552647058823529,-0.240588235294118,0.696700037078235,0,0.240588235294118,0.00657751449707596
227,"B_smooth_logistic",1000,1600,0.4,1,1,0,1,0,0,0.0171368342082834
227,"B_smooth_logistic",1600,2200,0.55,1,0.99375,-0.00624999999999998,0.99375,0,0.00625,0.00663808029298908
227,"B_smooth_logistic",2200,2800,0.7,0.993181818181818,1,0.00681818181818183,0.993181818181818,0.00681818181818182,0,0.00478583923001102
227,"B_smooth_logistic",2800,3400,0.85,1,1,0,1,0,0,0.00498358495214263
227,"B_smooth_logistic",3400,4000,1,1,1,0,1,0,0,0.00107705221396885
228,"A_threshold",1000,1600,0.4,0.223,0.373,0.15,0.597855227882037,0.15,0,0.0217603024600474
228,"A_threshold",1600,2200,0.55,0.37,0.309375,-0.060625,0.836148648648649,0,0.060625,0.00554485957832293
228,"A_threshold",2200,2800,0.7,0.313636363636364,0.376363636363636,0.0627272727272727,0.833333333333333,0.0627272727272727,0,0.00726202389129658
228,"A_threshold",2800,3400,0.85,0.377142857142857,0.431785714285714,0.0546428571428571,0.873449131513648,0.0546428571428571,0,0.00414643593019828
228,"A_threshold",3400,4000,1,0.434411764705882,0.430882352941176,-0.00352941176470584,0.991875423155044,0,0.00352941176470588,0.000522147786821228
228,"B_smooth_logistic",1000,1600,0.4,0.939,1,0.0610000000000001,0.939,0.061,0,0.0140186133158913
228,"B_smooth_logistic",1600,2200,0.55,1,0.895,-0.105,0.895,0,0.105,0.00885850434778719
228,"B_smooth_logistic",2200,2800,0.7,0.885909090909091,0.920454545454545,0.0345454545454545,0.962469135802469,0.0345454545454545,0,0.00230360905066515
228,"B_smooth_logistic",2800,3400,0.85,0.920714285714286,0.656428571428571,-0.264285714285714,0.712955779674166,0,0.264285714285714,0.00582787865173354
228,"B_smooth_logistic",3400,4000,1,0.657941176470588,0.865,0.207058823529412,0.760625637538252,0.207058823529412,0,0.00471385826517517
229,"A_threshold",1000,1600,0.4,0.795,0.579,-0.216,0.728301886792453,0,0.216,0.00898761289987186
229,"A_threshold",1600,2200,0.55,0.574375,0.39125,-0.183125,0.681175190424374,0,0.183125,0.010122195589732
229,"A_threshold",2200,2800,0.7,0.387272727272727,0.429090909090909,0.0418181818181818,0.902542372881356,0.0418181818181818,0,0.00536554649005829
229,"A_threshold",2800,3400,0.85,0.431428571428571,0.461428571428571,0.03,0.934984520123839,0.03,0,0.00118706341299784
229,"A_threshold",3400,4000,1,0.466176470588235,0.430294117647059,-0.0358823529411765,0.923028391167192,0,0.0358823529411765,0.00197409373281447
229,"B_smooth_logistic",1000,1600,0.4,0.622,0.706,0.084,0.881019830028329,0.084,0,0.00972410432378728
229,"B_smooth_logistic",1600,2200,0.55,0.70625,0.741875,0.0356249999999999,0.951979780960404,0.035625,0,0.00537107072706351
229,"B_smooth_logistic",2200,2800,0.7,0.750909090909091,0.740909090909091,-0.0099999999999999,0.986682808716707,0,0.01,0.00186065244452955
229,"B_smooth_logistic",2800,3400,0.85,0.741428571428571,0.912857142857143,0.171428571428571,0.812206572769953,0.171428571428571,0,0.0100036173421937
229,"B_smooth_logistic",3400,4000,1,0.914705882352941,0.896470588235294,-0.018235294117647,0.980064308681672,0,0.0182352941176471,0.00139215371323796
230,"A_threshold",1000,1600,0.4,0.156,0,-0.156,0,0,0.156,0.016986399531772
230,"A_threshold",1600,2200,0.55,0,0,0,1,0,0,0.0103275886928279
230,"A_threshold",2200,2800,0.7,0,0,0,1,0,0,0.00271953102552438
230,"A_threshold",2800,3400,0.85,0,0,0,1,0,0,0.0106142410469171
230,"A_threshold",3400,4000,1,0,0.00382352941176471,0.00382352941176471,0,0.00382352941176471,0,0.00342833385383967
230,"B_smooth_logistic",1000,1600,0.4,0.269,0.529,0.26,0.508506616257089,0.26,0,0.00779025162114415
230,"B_smooth_logistic",1600,2200,0.55,0.531875,0.606875,0.0750000000000001,0.876416065911432,0.075,0,0.00299276652228127
230,"B_smooth_logistic",2200,2800,0.7,0.616363636363636,0.658636363636364,0.0422727272727274,0.935817805383023,0.0422727272727273,0,0.00153759818185438
230,"B_smooth_logistic",2800,3400,0.85,0.66,1,0.34,0.66,0.34,0,0.00748041383046872
230,"B_smooth_logistic",3400,4000,1,1,0.960882352941177,-0.0391176470588235,0.960882352941177,0,0.0391176470588235,0.00257911953136466
231,"A_threshold",1000,1600,0.4,0.366,0.551,0.185,0.664246823956443,0.185,0,0.00728712757424398
231,"A_threshold",1600,2200,0.55,0.5425,0.849375,0.306875,0.638704930095659,0.306875,0,0.00919569376822201
231,"A_threshold",2200,2800,0.7,0.852272727272727,0.970454545454545,0.118181818181818,0.878220140515222,0.118181818181818,0,0.00440312384868573
231,"A_threshold",2800,3400,0.85,0.970714285714286,0.6625,-0.308214285714286,0.682487122884474,0,0.308214285714286,0.0103355528672227
231,"A_threshold",3400,4000,1,0.660588235294118,0.855,0.194411764705882,0.772617819057448,0.194411764705882,0,0.00447762621667906
231,"B_smooth_logistic",1000,1600,0.4,0.96,0.805,-0.155,0.838541666666667,0,0.155,0.013944109299133
231,"B_smooth_logistic",1600,2200,0.55,0.79625,0.748125,-0.048125,0.93956043956044,0,0.048125,0.00365747304709766
231,"B_smooth_logistic",2200,2800,0.7,0.740454545454545,0.782727272727273,0.0422727272727272,0.945993031358885,0.0422727272727273,0,0.00496285895532851
231,"B_smooth_logistic",2800,3400,0.85,0.786071428571429,0.720714285714286,-0.0653571428571428,0.91685597455702,0,0.0653571428571429,0.00564472923992303
231,"B_smooth_logistic",3400,4000,1,0.727058823529412,0.751764705882353,0.0247058823529411,0.967136150234742,0.0247058823529412,0,0.00547247945815494
232,"A_threshold",1000,1600,0.4,0,0,0,1,0,0,0.00959765819944127
232,"A_threshold",1600,2200,0.55,0,0,0,1,0,0,0.00471634872471377
232,"A_threshold",2200,2800,0.7,0,0.102272727272727,0.102272727272727,0,0.102272727272727,0,0.00669196072951723
232,"A_threshold",2800,3400,0.85,0.103928571428571,0.275,0.171071428571429,0.377922077922078,0.171071428571429,0,0.00294508225793516
232,"A_threshold",3400,4000,1,0.273235294117647,0.194411764705882,-0.0788235294117647,0.711517761033369,0,0.0788235294117647,0.00764171817342481
232,"B_smooth_logistic",1000,1600,0.4,0.622,0.456,-0.166,0.733118971061093,0,0.166,0.0117425879789385
232,"B_smooth_logistic",1600,2200,0.55,0.449375,0.561875,0.1125,0.799777530589544,0.1125,0,0.00735578523124101
232,"B_smooth_logistic",2200,2800,0.7,0.562272727272727,0.67,0.107727272727273,0.83921302578019,0.107727272727273,0,0.00616323084774628
232,"B_smooth_logistic",2800,3400,0.85,0.666071428571429,0.706785714285714,0.0407142857142857,0.942395149065184,0.0407142857142857,0,0.00211869138051202
232,"B_smooth_logistic",3400,4000,1,0.707352941176471,0.793823529411765,0.0864705882352941,0.891070766950723,0.0864705882352941,0,0.00252751051853986
233,"A_threshold",1000,1600,0.4,0.011,0.067,0.056,0.164179104477612,0.056,0,0.00217667651892722
233,"A_threshold",1600,2200,0.55,0.061875,0,-0.061875,0,0,0.061875,0.0116544372245998
233,"A_threshold",2200,2800,0.7,0,0,0,1,0,0,0.0110993144270892
233,"A_threshold",2800,3400,0.85,0,0,0,1,0,0,0.00402239076693393
233,"A_threshold",3400,4000,1,0,0.0838235294117647,0.0838235294117647,0,0.0838235294117647,0,0.00550377340165482
233,"B_smooth_logistic",1000,1600,0.4,0.097,0.762,0.665,0.127296587926509,0.665,0,0.0215027450131261
233,"B_smooth_logistic",1600,2200,0.55,0.745,0.685625,-0.059375,0.920302013422819,0,0.059375,0.017334268228026
233,"B_smooth_logistic",2200,2800,0.7,0.693181818181818,0.75,0.0568181818181818,0.924242424242424,0.0568181818181818,0,0.00489548172056349
233,"B_smooth_logistic",2800,3400,0.85,0.753928571428571,0.861785714285714,0.107857142857143,0.874844591794447,0.107857142857143,0,0.00512160620445923
233,"B_smooth_logistic",3400,4000,1,0.863235294117647,0.841176470588235,-0.0220588235294118,0.974446337308348,0,0.0220588235294118,0.0017054568144279
234,"A_threshold",1000,1600,0.4,0.571,1,0.429,0.571,0.429,0,0.0109650715072224
234,"A_threshold",1600,2200,0.55,1,0.040625,-0.959375,0.040625,0,0.959375,0.0190684104897128
234,"A_threshold",2200,2800,0.7,0.0409090909090909,0.0118181818181818,-0.0290909090909091,0,0.0118181818181818,0.0409090909090909,0.00783668979111317
234,"A_threshold",2800,3400,0.85,0.0128571428571429,0.0925,0.0796428571428571,0.138996138996139,0.0796428571428571,0,0.00706159329346311
234,"A_threshold",3400,4000,1,0.0911764705882353,0.0694117647058824,-0.0217647058823529,0.761290322580645,0,0.0217647058823529,0.00295640424399454
234,"B_smooth_logistic",1000,1600,0.4,0.57,0.647,0.0770000000000001,0.880989180834621,0.077,0,0.0135041214591534
234,"B_smooth_logistic",1600,2200,0.55,0.65875,0.62,-0.03875,0.941176470588235,0,0.03875,0.00536128916087146
234,"B_smooth_logistic",2200,2800,0.7,0.607272727272727,0.625909090909091,0.0186363636363636,0.970225127087872,0.0186363636363636,0,0.00312369241264591
234,"B_smooth_logistic",2800,3400,0.85,0.624642857142857,0.603571428571429,-0.0210714285714286,0.966266437964551,0,0.0210714285714286,0.00199829274008878
234,"B_smooth_logistic",3400,4000,1,0.604705882352941,0.615,0.0102941176470588,0.983261597321856,0.0102941176470588,0,0.00126076160319192
235,"A_threshold",1000,1600,0.4,0.217,0.102,-0.115,0.470046082949309,0,0.115,0.0176445000706922
235,"A_threshold",1600,2200,0.55,0.10125,0.28125,0.18,0.36,0.18,0,0.00591694893484174
235,"A_threshold",2200,2800,0.7,0.275909090909091,0.128636363636364,-0.147272727272727,0.466227347611203,0,0.147272727272727,0.00790053467537466
235,"A_threshold",2800,3400,0.85,0.131785714285714,0.131785714285714,0,1,0,0,0.00287218891434585
235,"A_threshold",3400,4000,1,0.131764705882353,0.190882352941176,0.0591176470588235,0.690292758089368,0.0591176470588235,0,0.00325831561861375
235,"B_smooth_logistic",1000,1600,0.4,1,1,0,1,0,0,0.0108950458868793
235,"B_smooth_logistic",1600,2200,0.55,1,0.976875,-0.023125,0.976875,0,0.023125,0.00461777234906897
235,"B_smooth_logistic",2200,2800,0.7,0.977272727272727,1,0.0227272727272727,0.977272727272727,0.0227272727272727,0,0.0091288293981186
235,"B_smooth_logistic",2800,3400,0.85,1,1,0,1,0,0,0.000739248898454637
235,"B_smooth_logistic",3400,4000,1,1,1,0,1,0,0,0.00173659775040151
236,"A_threshold",1000,1600,0.4,0.404,0.478,0.074,0.845188284518828,0.074,0,0.0151665234523693
236,"A_threshold",1600,2200,0.55,0.475,1,0.525,0.475,0.525,0,0.0115911561127375
236,"A_threshold",2200,2800,0.7,1,0.761818181818182,-0.238181818181818,0.761818181818182,0,0.238181818181818,0.005046992856074
236,"A_threshold",2800,3400,0.85,0.770357142857143,0.980714285714286,0.210357142857143,0.785506190823015,0.210357142857143,0,0.003835829215144
236,"A_threshold",3400,4000,1,0.980294117647059,0.895588235294118,-0.0847058823529412,0.913591359135914,0,0.0847058823529412,0.00348682906890472
236,"B_smooth_logistic",1000,1600,0.4,0.782,1,0.218,0.782,0.218,0,0.00486071580783673
236,"B_smooth_logistic",1600,2200,0.55,1,0.770625,-0.229375,0.770625,0,0.229375,0.00544460913889153
236,"B_smooth_logistic",2200,2800,0.7,0.767272727272727,0.770909090909091,0.00363636363636366,0.995283018867924,0.00363636363636364,0,0.00716510804593458
236,"B_smooth_logistic",2800,3400,0.85,0.767857142857143,0.835357142857143,0.0675,0.919196237708422,0.0675,0,0.00366097282324541
236,"B_smooth_logistic",3400,4000,1,0.837058823529412,0.884705882352941,0.0476470588235295,0.946143617021277,0.0476470588235294,0,0.00660416675809641
237,"A_threshold",1000,1600,0.4,0.88,1,0.12,0.88,0.12,0,0.0159005001916831
237,"A_threshold",1600,2200,0.55,1,0.919375,-0.0806249999999999,0.919375,0,0.080625,0.00297863195677626
237,"A_threshold",2200,2800,0.7,0.920909090909091,0.826363636363636,-0.0945454545454545,0.897334649555775,0,0.0945454545454545,0.00363995160282553
237,"A_threshold",2800,3400,0.85,0.827857142857143,0.985714285714286,0.157857142857143,0.839855072463768,0.157857142857143,0,0.00230691287693741
237,"A_threshold",3400,4000,1,0.985,0.846176470588235,-0.138823529411765,0.859062406688564,0,0.138823529411765,0.00198319815870652
237,"B_smooth_logistic",1000,1600,0.4,0.73,1,0.27,0.73,0.27,0,0.00903224063467831
237,"B_smooth_logistic",1600,2200,0.55,1,0.639375,-0.360625,0.639375,0,0.360625,0.0126923147358965
237,"B_smooth_logistic",2200,2800,0.7,0.642272727272727,0.774090909090909,0.131818181818182,0.829712272460364,0.131818181818182,0,0.00593975546110578
237,"B_smooth_logistic",2800,3400,0.85,0.7775,1,0.2225,0.7775,0.2225,0,0.00627467765847569
237,"B_smooth_logistic",3400,4000,1,1,1,0,1,0,0,0.00295058485791292
238,"A_threshold",1000,1600,0.4,0.014,0.061,0.047,0.229508196721311,0.047,0,0.0144641462309646
238,"A_threshold",1600,2200,0.55,0.061875,0.379375,0.3175,0.163097199341021,0.3175,0,0.00762317280435793
238,"A_threshold",2200,2800,0.7,0.383181818181818,0.270454545454545,-0.112727272727273,0.705812574139976,0,0.112727272727273,0.00430003937363457
238,"A_threshold",2800,3400,0.85,0.266785714285714,0.0985714285714286,-0.168214285714286,0.369477911646586,0,0.168214285714286,0.00890633666513174
238,"A_threshold",3400,4000,1,0.101176470588235,0.123235294117647,0.0220588235294118,0.821002386634845,0.0220588235294118,0,0.00912642202485172
238,"B_smooth_logistic",1000,1600,0.4,1,1,0,1,0,0,0.00826820754645099
238,"B_smooth_logistic",1600,2200,0.55,1,1,0,1,0,0,0.015261679263191
238,"B_smooth_logistic",2200,2800,0.7,1,1,0,1,0,0,0.00390748588142084
238,"B_smooth_logistic",2800,3400,0.85,1,1,0,1,0,0,0.00684576232532279
238,"B_smooth_logistic",3400,4000,1,1,1,0,1,0,0,0.00442688164932039
239,"A_threshold",1000,1600,0.4,0.42,0.176,-0.244,0.419047619047619,0,0.244,0.0127130954089186
239,"A_threshold",1600,2200,0.55,0.171875,0.105625,-0.06625,0.614545454545455,0,0.06625,0.0118345182400373
239,"A_threshold",2200,2800,0.7,0.105454545454545,0.260909090909091,0.155454545454545,0.40418118466899,0.155454545454545,0,0.0066572118957935
239,"A_threshold",2800,3400,0.85,0.262857142857143,0.315357142857143,0.0525,0.83352208380521,0.0525,0,0.00294730748965992
239,"A_threshold",3400,4000,1,0.316470588235294,0.289411764705882,-0.0270588235294117,0.91449814126394,0,0.0270588235294118,0.00147920747360744
239,"B_smooth_logistic",1000,1600,0.4,1,0.611,-0.389,0.611,0,0.389,0.0159845529383363
239,"B_smooth_logistic",1600,2200,0.55,0.629375,0.611875,-0.0175000000000001,0.972194637537239,0,0.0175,0.00547253223718582
239,"B_smooth_logistic",2200,2800,0.7,0.613181818181818,0.595909090909091,-0.0172727272727272,0.971830985915493,0,0.0172727272727273,0.00491220243350062
239,"B_smooth_logistic",2800,3400,0.85,0.598571428571429,0.536428571428571,-0.0621428571428571,0.89618138424821,0,0.0621428571428571,0.00800626426247398
239,"B_smooth_logistic",3400,4000,1,0.537058823529412,0.542058823529412,0.005,0.990775908844276,0.005,0,0.00194558133543546
240,"A_threshold",1000,1600,0.4,0.215,0.249,0.034,0.863453815261044,0.034,0,0.00161771369680918
240,"A_threshold",1600,2200,0.55,0.250625,0.273125,0.0225,0.917620137299771,0.0225,0,0.00157186607227517
240,"A_threshold",2200,2800,0.7,0.266818181818182,0.439090909090909,0.172272727272727,0.607660455486542,0.172272727272727,0,0.0101762547541611
240,"A_threshold",2800,3400,0.85,0.435714285714286,0.439642857142857,0.00392857142857145,0.9910641754671,0.00392857142857143,0,0.000618345555964978
240,"A_threshold",3400,4000,1,0.440588235294118,0.383823529411765,-0.0567647058823529,0.871161548731642,0,0.0567647058823529,0.00513182531076437
240,"B_smooth_logistic",1000,1600,0.4,1,1,0,1,0,0,0.00435812113119831
240,"B_smooth_logistic",1600,2200,0.55,1,1,0,1,0,0,0.0120127933973128
240,"B_smooth_logistic",2200,2800,0.7,1,1,0,1,0,0,0.00389554929470051
240,"B_smooth_logistic",2800,3400,0.85,1,1,0,1,0,0,0.00385716945923081
240,"B_smooth_logistic",3400,4000,1,1,0.900882352941176,-0.0991176470588235,0.900882352941176,0,0.0991176470588235,0.00521566751587531
241,"A_threshold",1000,1600,0.4,0.405,0.373,-0.032,0.920987654320988,0,0.032,0.0193364220204044
241,"A_threshold",1600,2200,0.55,0.3725,0.08625,-0.28625,0.231543624161074,0,0.28625,0.00715532422288905
241,"A_threshold",2200,2800,0.7,0.0781818181818182,0.0736363636363636,-0.00454545454545455,0.941860465116279,0,0.00454545454545455,0.000863463923867254
241,"A_threshold",2800,3400,0.85,0.0739285714285714,0.364642857142857,0.290714285714286,0.202742409402547,0.290714285714286,0,0.00658430388151539
241,"A_threshold",3400,4000,1,0.366176470588235,0.210294117647059,-0.155882352941176,0.57429718875502,0,0.155882352941176,0.00368701120430642
241,"B_smooth_logistic",1000,1600,0.4,0.383,0.519,0.136,0.737957610789981,0.136,0,0.00452844661373905
241,"B_smooth_logistic",1600,2200,0.55,0.51875,0.738125,0.219375,0.702794242167655,0.219375,0,0.0154201848749887
241,"B_smooth_logistic",2200,2800,0.7,0.733636363636364,0.588181818181818,-0.145454545454546,0.801734820322181,0,0.145454545454545,0.00763760480196514
241,"B_smooth_logistic",2800,3400,0.85,0.587142857142857,0.761428571428571,0.174285714285714,0.771106941838649,0.174285714285714,0,0.0093021949966698
241,"B_smooth_logistic",3400,4000,1,0.756764705882353,0.747941176470588,-0.00882352941176467,0.988340458608628,0,0.00882352941176471,0.000439376857721337
242,"A_threshold",1000,1600,0.4,0.319,0.29,-0.029,0.909090909090909,0,0.029,0.00335905079225987
242,"A_threshold",1600,2200,0.55,0.27875,0.4675,0.18875,0.596256684491979,0.18875,0,0.0145397097775914
242,"A_threshold",2200,2800,0.7,0.461363636363636,0.470454545454545,0.00909090909090909,0.980676328502415,0.00909090909090909,0,0.00635650807907552
242,"A_threshold",2800,3400,0.85,0.460714285714286,0.411785714285714,-0.0489285714285714,0.893798449612403,0,0.0489285714285714,0.00292637533089544
242,"A_threshold",3400,4000,1,0.411764705882353,0.358529411764706,-0.053235294117647,0.870714285714286,0,0.0532352941176471,0.00411463945877276
242,"B_smooth_logistic",1000,1600,0.4,0.621,0.476,-0.145,0.766505636070853,0,0.145,0.0182211364449567
242,"B_smooth_logistic",1600,2200,0.55,0.46625,0.475625,0.00937500000000002,0.980289093298292,0.009375,0,0.0101894742470036
242,"B_smooth_logistic",2200,2800,0.7,0.475454545454545,0.48,0.00454545454545452,0.990530303030303,0.00454545454545455,0,0.00547363040531294
242,"B_smooth_logistic",2800,3400,0.85,0.479642857142857,0.448928571428571,-0.0307142857142857,0.93596425912137,0,0.0307142857142857,0.00484126116264797
242,"B_smooth_logistic",3400,4000,1,0.451470588235294,0.468235294117647,0.016764705882353,0.964195979899497,0.0167647058823529,0,0.00164597052380579
243,"A_threshold",1000,1600,0.4,0,0.291,0.291,0,0.291,0,0.0073036859774773
243,"A_threshold",1600,2200,0.55,0.288125,0.348125,0.06,0.827648114901257,0.06,0,0.00223359088632788
243,"A_threshold",2200,2800,0.7,0.346363636363636,0.482727272727273,0.136363636363636,0.717514124293785,0.136363636363636,0,0.00369315012534422
243,"A_threshold",2800,3400,0.85,0.485357142857143,0.329642857142857,-0.155714285714286,0.679175864606328,0,0.155714285714286,0.00403666654458954
243,"A_threshold",3400,4000,1,0.331176470588235,0.304411764705882,-0.026764705882353,0.919182948490231,0,0.0267647058823529,0.00191473635406442
243,"B_smooth_logistic",1000,1600,0.4,0.59,0.586,-0.004,0.993220338983051,0,0.004,0.00210969275758748
243,"B_smooth_logistic",1600,2200,0.55,0.588125,0.61125,0.023125,0.962167689161554,0.023125,0,0.0076632198547605
243,"B_smooth_logistic",2200,2800,0.7,0.597727272727273,0.600454545454545,0.00272727272727269,0.995457986373959,0.00272727272727273,0,0.00664566046979955
243,"B_smooth_logistic",2800,3400,0.85,0.595,0.571071428571429,-0.0239285714285714,0.959783913565426,0,0.0239285714285714,0.0022655795443204
243,"B_smooth_logistic",3400,4000,1,0.571176470588235,0.636470588235294,0.0652941176470588,0.897412199630314,0.0652941176470588,0,0.005096129761537
244,"A_threshold",1000,1600,0.4,0.113,0.051,-0.062,0.451327433628319,0,0.062,0.00636904243652915
244,"A_threshold",1600,2200,0.55,0.0475,0.220625,0.173125,0.215297450424929,0.173125,0,0.0118441165112485
244,"A_threshold",2200,2800,0.7,0.22,0.259090909090909,0.0390909090909091,0.849122807017544,0.0390909090909091,0,0.00345097768106992
244,"A_threshold",2800,3400,0.85,0.258928571428571,0.308214285714286,0.0492857142857143,0.840092699884125,0.0492857142857143,0,0.00328145114142602
244,"A_threshold",3400,4000,1,0.305294117647059,0.0620588235294118,-0.243235294117647,0.203275529865125,0,0.243235294117647,0.00638003663283845
244,"B_smooth_logistic",1000,1600,0.4,1,1,0,1,0,0,0.021269765754342
244,"B_smooth_logistic",1600,2200,0.55,1,1,0,1,0,0,0.00306184249411501
244,"B_smooth_logistic",2200,2800,0.7,1,1,0,1,0,0,0.00837360017292654
244,"B_smooth_logistic",2800,3400,0.85,1,1,0,1,0,0,0.00369891514678335
244,"B_smooth_logistic",3400,4000,1,1,1,0,1,0,0,0.0033365760842858
245,"A_threshold",1000,1600,0.4,0.438,0.235,-0.203,0.536529680365297,0,0.203,0.0156931716950136
245,"A_threshold",1600,2200,0.55,0.243125,0.08625,-0.156875,0.354755784061697,0,0.156875,0.010575796847443
245,"A_threshold",2200,2800,0.7,0.0909090909090909,0.112727272727273,0.0218181818181818,0.806451612903226,0.0218181818181818,0,0.00241714061852782
245,"A_threshold",2800,3400,0.85,0.113571428571429,0.232142857142857,0.118571428571429,0.489230769230769,0.118571428571429,0,0.0108919050849673
245,"A_threshold",3400,4000,1,0.234411764705882,0.147647058823529,-0.0867647058823529,0.629861982434128,0,0.0867647058823529,0.00628288366513204
245,"B_smooth_logistic",1000,1600,0.4,0.118,0.486,0.368,0.242798353909465,0.368,0,0.0109344476997665
245,"B_smooth_logistic",1600,2200,0.55,0.478125,0.535,0.056875,0.893691588785047,0.056875,0,0.00467930085794285
245,"B_smooth_logistic",2200,2800,0.7,0.537727272727273,0.544090909090909,0.00636363636363635,0.988304093567251,0.00636363636363636,0,0.00402993834917756
245,"B_smooth_logistic",2800,3400,0.85,0.549285714285714,0.7625,0.213214285714286,0.720374707259953,0.213214285714286,0,0.00777693680105721
245,"B_smooth_logistic",3400,4000,1,0.759411764705882,0.722058823529412,-0.0373529411764706,0.950813323005422,0,0.0373529411764706,0.00215899607135216
246,"A_threshold",1000,1600,0.4,0.77,0.621,-0.149,0.806493506493506,0,0.149,0.0151993025254061
246,"A_threshold",1600,2200,0.55,0.6075,0.385,-0.2225,0.633744855967078,0,0.2225,0.00947654059002783
246,"A_threshold",2200,2800,0.7,0.39,0.0372727272727273,-0.352727272727273,0.0955710955710956,0,0.352727272727273,0.00634802853604802
246,"A_threshold",2800,3400,0.85,0.0389285714285714,0,-0.0389285714285714,0,0,0.0389285714285714,0.00284438144295229
246,"A_threshold",3400,4000,1,0,0.711176470588235,0.711176470588235,0,0.711176470588235,0,0.00409175763622945
246,"B_smooth_logistic",1000,1600,0.4,1,1,0,1,0,0,0.00783531011321168
246,"B_smooth_logistic",1600,2200,0.55,1,0.885625,-0.114375,0.885625,0,0.114375,0.0149127777072657
246,"B_smooth_logistic",2200,2800,0.7,0.885454545454545,0.745909090909091,-0.139545454545455,0.842402464065708,0,0.139545454545455,0.00832795651775654
246,"B_smooth_logistic",2800,3400,0.85,0.749642857142857,0.857857142857143,0.108214285714286,0.873855120732723,0.108214285714286,0,0.00376943720255125
246,"B_smooth_logistic",3400,4000,1,0.855,0.747352941176471,-0.107647058823529,0.874097007223942,0,0.107647058823529,0.00549439163322043
247,"A_threshold",1000,1600,0.4,0,0.123,0.123,0,0.123,0,0.0133676403399287
247,"A_threshold",1600,2200,0.55,0.12625,0.18875,0.0625,0.66887417218543,0.0625,0,0.0104471294549426
247,"A_threshold",2200,2800,0.7,0.195909090909091,0.0759090909090909,-0.12,0.387470997679814,0,0.12,0.00738301152572893
247,"A_threshold",2800,3400,0.85,0.0764285714285714,0.0932142857142857,0.0167857142857143,0.81992337164751,0.0167857142857143,0,0.00374990788280744
247,"A_threshold",3400,4000,1,0.0905882352941176,0.119411764705882,0.0288235294117647,0.758620689655172,0.0288235294117647,0,0.00221292336273889
247,"B_smooth_logistic",1000,1600,0.4,1,0.803,-0.197,0.803,0,0.197,0.0135941905339103
247,"B_smooth_logistic",1600,2200,0.55,0.80125,0.6475,-0.15375,0.80811232449298,0,0.15375,0.00639154697076454
247,"B_smooth_logistic",2200,2800,0.7,0.636818181818182,0.839545454545455,0.202727272727273,0.758527341635084,0.202727272727273,0,0.00782484991138369
247,"B_smooth_logistic",2800,3400,0.85,0.834642857142857,0.850714285714286,0.0160714285714286,0.981108312342569,0.0160714285714286,0,0.00242713592499159
247,"B_smooth_logistic",3400,4000,1,0.852058823529412,0.912647058823529,0.0605882352941176,0.933612632935868,0.0605882352941176,0,0.00287165586671653
248,"A_threshold",1000,1600,0.4,0.672,0.376,-0.296,0.55952380952381,0,0.296,0.0083091786813287
248,"A_threshold",1600,2200,0.55,0.3825,0.6,0.2175,0.6375,0.2175,0,0.00157479118695552
248,"A_threshold",2200,2800,0.7,0.596363636363636,0.0359090909090909,-0.560454545454545,0,0.0359090909090909,0.596363636363636,0.00618421989943419
248,"A_threshold",2800,3400,0.85,0.0364285714285714,0.337857142857143,0.301428571428571,0.107822410147992,0.301428571428571,0,0.00231189710899618
248,"A_threshold",3400,4000,1,0.346176470588235,0.265588235294118,-0.0805882352941177,0.767204757858963,0,0.0805882352941176,0.000725050910325092
248,"B_smooth_logistic",1000,1600,0.4,1,0.883,-0.117,0.883,0,0.117,0.011115039771629
248,"B_smooth_logistic",1600,2200,0.55,0.87875,1,0.12125,0.87875,0.12125,0,0.00880385933915701
248,"B_smooth_logistic",2200,2800,0.7,1,1,0,1,0,0,0.00483789752599116
248,"B_smooth_logistic",2800,3400,0.85,1,1,0,1,0,0,0.00163873107716158
248,"B_smooth_logistic",3400,4000,1,1,1,0,1,0,0,0.00296966681586579
249,"A_threshold",1000,1600,0.4,0.385,0.001,-0.384,0.0025974025974026,0,0.384,0.0181603447268192
249,"A_threshold",1600,2200,0.55,0.000625,0,-0.000625,0,0,0.000625,0.00668402078164239
249,"A_threshold",2200,2800,0.7,0,0.0559090909090909,0.0559090909090909,0,0.0559090909090909,0,0.0146286523742418
249,"A_threshold",2800,3400,0.85,0.0557142857142857,0.563928571428571,0.508214285714286,0.0987967067764408,0.508214285714286,0,0.00810404543900992
249,"A_threshold",3400,4000,1,0.564705882352941,0.696470588235294,0.131764705882353,0.810810810810811,0.131764705882353,0,0.00193305502262704
249,"B_smooth_logistic",1000,1600,0.4,0.558,1,0.442,0.558,0.442,0,0.0221430428559623
249,"B_smooth_logistic",1600,2200,0.55,1,1,0,1,0,0,0.00256302852953009
249,"B_smooth_logistic",2200,2800,0.7,1,0.935909090909091,-0.0640909090909091,0.935909090909091,0,0.0640909090909091,0.00802184026673831
249,"B_smooth_logistic",2800,3400,0.85,0.93,0.8725,-0.0575,0.938172043010753,0,0.0575,0.00238378787310024
249,"B_smooth_logistic",3400,4000,1,0.872941176470588,0.714705882352941,-0.158235294117647,0.818733153638814,0,0.158235294117647,0.00386038409398507
250,"A_threshold",1000,1600,0.4,0.641,1,0.359,0.641,0.359,0,0.00616488540821292
250,"A_threshold",1600,2200,0.55,1,0.445625,-0.554375,0.445625,0,0.554375,0.0135772614064201
250,"A_threshold",2200,2800,0.7,0.45,0.526363636363636,0.0763636363636364,0.854922279792746,0.0763636363636364,0,0.00367879737343455
250,"A_threshold",2800,3400,0.85,0.523928571428571,0.600714285714286,0.0767857142857143,0.87217598097503,0.0767857142857143,0,0.00447492908324449
250,"A_threshold",3400,4000,1,0.601176470588235,0.657058823529412,0.0558823529411765,0.914950760966876,0.0558823529411765,0,0.00386932727761251
250,"B_smooth_logistic",1000,1600,0.4,0.462,0.638,0.176,0.724137931034483,0.176,0,0.0208162067075928
250,"B_smooth_logistic",1600,2200,0.55,0.6325,0.613125,-0.0193749999999999,0.969367588932806,0,0.019375,0.00321942227878869
250,"B_smooth_logistic",2200,2800,0.7,0.617727272727273,0.695909090909091,0.0781818181818182,0.887655127367734,0.0781818181818182,0,0.0120040948036248
250,"B_smooth_logistic",2800,3400,0.85,0.69,0.8075,0.1175,0.854489164086687,0.1175,0,0.0052044337562432
250,"B_smooth_logistic",3400,4000,1,0.806176470588235,0.920294117647059,0.114117647058824,0.726470588235294,0.193823529411765,0.0797058823529412,0.00954041612334484
251,"A_threshold",1000,1600,0.4,0,0,0,1,0,0,0.0231532783461712
251,"A_threshold",1600,2200,0.55,0,0.029375,0.029375,0,0.029375,0,0.00716624553210615
251,"A_threshold",2200,2800,0.7,0.0295454545454545,0.0195454545454545,-0.01,0.661538461538462,0,0.01,0.00288370873107499
251,"A_threshold",2800,3400,0.85,0.0189285714285714,0.0153571428571429,-0.00357142857142857,0.811320754716981,0,0.00357142857142857,0.000504007096446409
251,"A_threshold",3400,4000,1,0.0147058823529412,0.0164705882352941,0.00176470588235294,0.892857142857143,0.00176470588235294,0,0.000775875810998031
251,"B_smooth_logistic",1000,1600,0.4,0.897,1,0.103,0.897,0.103,0,0.0102456694504835
251,"B_smooth_logistic",1600,2200,0.55,1,1,0,1,0,0,0.004922700277715
251,"B_smooth_logistic",2200,2800,0.7,1,1,0,1,0,0,0.00356563731858208
251,"B_smooth_logistic",2800,3400,0.85,1,1,0,1,0,0,0.00308586658577231
251,"B_smooth_logistic",3400,4000,1,1,1,0,1,0,0,0.00319549148879635
252,"A_threshold",1000,1600,0.4,0.44,0.242,-0.198,0.55,0,0.198,0.0138016817186585
252,"A_threshold",1600,2200,0.55,0.234375,0.33625,0.101875,0.697026022304833,0.101875,0,0.00494749880006644
252,"A_threshold",2200,2800,0.7,0.34,0.266818181818182,-0.0731818181818182,0.78475935828877,0,0.0731818181818182,0.00360329820350614
252,"A_threshold",2800,3400,0.85,0.269285714285714,0.143571428571429,-0.125714285714286,0.53315649867374,0,0.125714285714286,0.00697843995833246
252,"A_threshold",3400,4000,1,0.143235294117647,0.238529411764706,0.0952941176470588,0.600493218249075,0.0952941176470588,0,0.00680961398779591
252,"B_smooth_logistic",1000,1600,0.4,0.591,0.633,0.042,0.933649289099526,0.042,0,0.0050103579246082
252,"B_smooth_logistic",1600,2200,0.55,0.624375,0.6525,0.028125,0.956896551724138,0.028125,0,0.00138127144147195
252,"B_smooth_logistic",2200,2800,0.7,0.654090909090909,0.796363636363636,0.142272727272727,0.82134703196347,0.142272727272727,0,0.00815276871883132
252,"B_smooth_logistic",2800,3400,0.85,0.797857142857143,0.735357142857143,-0.0625,0.921665174574754,0,0.0625,0.00604937717206506
252,"B_smooth_logistic",3400,4000,1,0.737058823529412,0.702058823529412,-0.035,0.952513966480447,0,0.035,0.00480448473787581
253,"A_threshold",1000,1600,0.4,0,0.001,0.001,0,0.001,0,0.00790425264744623
253,"A_threshold",1600,2200,0.55,0.000625,0.02125,0.020625,0.0294117647058824,0.020625,0,0.0145950491017659
253,"A_threshold",2200,2800,0.7,0.0204545454545455,0.269090909090909,0.248636363636364,0.0760135135135135,0.248636363636364,0,0.00519093658507571
253,"A_threshold",2800,3400,0.85,0.269285714285714,0.996428571428571,0.727142857142857,0.270250896057348,0.727142857142857,0,0.0137738044248376
253,"A_threshold",3400,4000,1,0.997058823529412,1,0.00294117647058822,0.997058823529412,0.00294117647058824,0,0.00392312272889466
253,"B_smooth_logistic",1000,1600,0.4,0.79,0.7,-0.0900000000000001,0.886075949367089,0,0.09,0.016984640112679
253,"B_smooth_logistic",1600,2200,0.55,0.699375,0.758125,0.0587500000000001,0.922506183017312,0.05875,0,0.00494916565849899
253,"B_smooth_logistic",2200,2800,0.7,0.758181818181818,0.732272727272727,-0.0259090909090909,0.965827338129496,0,0.0259090909090909,0.00419524928823579
253,"B_smooth_logistic",2800,3400,0.85,0.738928571428571,0.712142857142857,-0.0267857142857142,0.963750604156597,0,0.0267857142857143,0.00363993886544909
253,"B_smooth_logistic",3400,4000,1,0.716176470588235,0.803529411764706,0.0873529411764706,0.891288433382138,0.0873529411764706,0,0.00396691419132895
254,"A_threshold",1000,1600,0.4,0.05,0.06,0.01,0.833333333333333,0.01,0,0.0162035079487481
254,"A_threshold",1600,2200,0.55,0.056875,0.006875,-0.05,0.120879120879121,0,0.05,0.00617856149541606
254,"A_threshold",2200,2800,0.7,0.00681818181818182,0.0640909090909091,0.0572727272727273,0.106382978723404,0.0572727272727273,0,0.00658846683848771
254,"A_threshold",2800,3400,0.85,0.0689285714285714,0.114642857142857,0.0457142857142857,0.601246105919003,0.0457142857142857,0,0.00197849755233374
254,"A_threshold",3400,4000,1,0.115,0.0791176470588235,-0.0358823529411765,0.687979539641944,0,0.0358823529411765,0.00149561713191993
254,"B_smooth_logistic",1000,1600,0.4,0.623,0.554,-0.069,0.889245585874799,0,0.069,0.0130971087150455
254,"B_smooth_logistic",1600,2200,0.55,0.56125,0.666875,0.105625,0.841611996251172,0.105625,0,0.0115588376513503
254,"B_smooth_logistic",2200,2800,0.7,0.674090909090909,0.695454545454545,0.0213636363636364,0.969281045751634,0.0213636363636364,0,0.00515534332774047
254,"B_smooth_logistic",2800,3400,0.85,0.687142857142857,0.691428571428571,0.00428571428571423,0.993801652892562,0.00428571428571429,0,0.00142196542307998
254,"B_smooth_logistic",3400,4000,1,0.684117647058823,0.768235294117647,0.0841176470588235,0.890505359877488,0.0841176470588235,0,0.00638595810034315
255,"A_threshold",1000,1600,0.4,0.492,0.812,0.32,0.605911330049261,0.32,0,0.017036290459762
255,"A_threshold",1600,2200,0.55,0.81375,0.676875,-0.136875,0.831797235023041,0,0.136875,0.00711631248521451
255,"A_threshold",2200,2800,0.7,0.677727272727273,0.466818181818182,-0.210909090909091,0.688799463447351,0,0.210909090909091,0.0121401430476581
255,"A_threshold",2800,3400,0.85,0.474642857142857,0.427142857142857,-0.0475,0.89992475545523,0,0.0475,0.00279673145709827
255,"A_threshold",3400,4000,1,0.424117647058824,0.468529411764706,0.0444117647058823,0.905210295040804,0.0444117647058824,0,0.00262760728798342
255,"B_smooth_logistic",1000,1600,0.4,0.538,0.514,-0.024,0.955390334572491,0,0.024,0.0162589827286166
255,"B_smooth_logistic",1600,2200,0.55,0.518125,0.618125,0.1,0.838220424671385,0.1,0,0.0166818635312319
255,"B_smooth_logistic",2200,2800,0.7,0.613636363636364,0.653636363636364,0.04,0.938803894297636,0.04,0,0.00448617641492056
255,"B_smooth_logistic",2800,3400,0.85,0.644285714285714,0.535714285714286,-0.108571428571429,0.831485587583149,0,0.108571428571429,0.0108974506233836
255,"B_smooth_logistic",3400,4000,1,0.534411764705882,0.642941176470588,0.108529411764706,0.831198536139067,0.108529411764706,0,0.00835776199539995
256,"A_threshold",1000,1600,0.4,0,0.125,0.125,0,0.125,0,0.00538045958089383
256,"A_threshold",1600,2200,0.55,0.11625,0.543125,0.426875,0.214039125431531,0.426875,0,0.0109794831076023
256,"A_threshold",2200,2800,0.7,0.546363636363636,0.877272727272727,0.330909090909091,0.62279792746114,0.330909090909091,0,0.0114522286287884
256,"A_threshold",2800,3400,0.85,0.878571428571429,0.8325,-0.0460714285714285,0.947560975609756,0,0.0460714285714286,0.00306211578296461
256,"A_threshold",3400,4000,1,0.835588235294118,0.679411764705882,-0.156176470588235,0.813093980992608,0,0.156176470588235,0.00616853013207252
256,"B_smooth_logistic",1000,1600,0.4,1,0.799,-0.201,0.799,0,0.201,0.016708043072765
256,"B_smooth_logistic",1600,2200,0.55,0.793125,1,0.206875,0.793125,0.206875,0,0.010634641315352
256,"B_smooth_logistic",2200,2800,0.7,1,0.923636363636364,-0.0763636363636364,0.923636363636364,0,0.0763636363636364,0.0055466700333514
256,"B_smooth_logistic",2800,3400,0.85,0.921785714285714,0.983214285714286,0.0614285714285714,0.937522702506357,0.0614285714285714,0,0.00170325721304629
256,"B_smooth_logistic",3400,4000,1,0.983235294117647,1,0.0167647058823529,0.983235294117647,0.0167647058823529,0,0.00278317355531291
257,"A_threshold",1000,1600,0.4,0.571,0.556,-0.0149999999999999,0.973730297723292,0,0.015,0.0098818250627705
257,"A_threshold",1600,2200,0.55,0.553125,0.553125,0,1,0,0,0.00133744899827269
257,"A_threshold",2200,2800,0.7,0.554090909090909,0.416818181818182,-0.137272727272727,0.752255947497949,0,0.137272727272727,0.00708352215748463
257,"A_threshold",2800,3400,0.85,0.4175,0.377142857142857,-0.0403571428571428,0.903336184773311,0,0.0403571428571429,0.00189105823847003
257,"A_threshold",3400,4000,1,0.376470588235294,0.260588235294118,-0.115882352941176,0.6921875,0,0.115882352941176,0.00442163926932224
257,"B_smooth_logistic",1000,1600,0.4,0.469,0.867,0.398,0.336,0.531,0.133,0.00949018817825361
257,"B_smooth_logistic",1600,2200,0.55,0.86625,0.82375,-0.0425,0.950937950937951,0,0.0425,0.00511025866872772
257,"B_smooth_logistic",2200,2800,0.7,0.824545454545455,1,0.175454545454545,0.824545454545455,0.175454545454545,0,0.00560876861243078
257,"B_smooth_logistic",2800,3400,0.85,1,1,0,1,0,0,0.00503419607347232
257,"B_smooth_logistic",3400,4000,1,1,1,0,1,0,0,0.00485173288806113
258,"A_threshold",1000,1600,0.4,0.421,0.404,-0.017,0.959619952494062,0,0.017,0.0127379918551959
258,"A_threshold",1600,2200,0.55,0.405625,0.445625,0.04,0.910238429172511,0.04,0,0.0052831741378749
258,"A_threshold",2200,2800,0.7,0.436818181818182,0.502727272727273,0.0659090909090909,0.868896925858951,0.0659090909090909,0,0.0100338648137415
258,"A_threshold",2800,3400,0.85,0.503928571428571,0.473571428571429,-0.0303571428571428,0.939759036144578,0,0.0303571428571429,0.00287397606917799
258,"A_threshold",3400,4000,1,0.472647058823529,0.45,-0.0226470588235294,0.952084629744866,0,0.0226470588235294,0.00250982262221832
258,"B_smooth_logistic",1000,1600,0.4,1,1,0,1,0,0,0.00688183094730932
258,"B_smooth_logistic",1600,2200,0.55,1,1,0,1,0,0,0.0120802836935073
258,"B_smooth_logistic",2200,2800,0.7,1,1,0,1,0,0,0.00200917553244348
258,"B_smooth_logistic",2800,3400,0.85,1,1,0,1,0,0,0.00800163103574229
258,"B_smooth_logistic",3400,4000,1,1,1,0,1,0,0,0.00323745264625176
259,"A_threshold",1000,1600,0.4,0.156,0.219,0.063,0.712328767123288,0.063,0,0.0101463845437858
259,"A_threshold",1600,2200,0.55,0.225625,0.1925,-0.033125,0.853185595567867,0,0.033125,0.00467641183872821
259,"A_threshold",2200,2800,0.7,0.193181818181818,0.265909090909091,0.0727272727272728,0.726495726495726,0.0727272727272727,0,0.00492156351351497
259,"A_threshold",2800,3400,0.85,0.268571428571429,0.462857142857143,0.194285714285714,0.580246913580247,0.194285714285714,0,0.00886287937837605
259,"A_threshold",3400,4000,1,0.454705882352941,0.529705882352941,0.075,0.858411993337035,0.075,0,0.00613459749391553
259,"B_smooth_logistic",1000,1600,0.4,0,0.635,0.635,0,0.635,0,0.0195533545738294
259,"B_smooth_logistic",1600,2200,0.55,0.630625,0.94625,0.315625,0.666446499339498,0.315625,0,0.0105740577109933
259,"B_smooth_logistic",2200,2800,0.7,0.942727272727273,1,0.0572727272727273,0.942727272727273,0.0572727272727273,0,0.00810040997353741
259,"B_smooth_logistic",2800,3400,0.85,1,1,0,1,0,0,0.00609606098796304
259,"B_smooth_logistic",3400,4000,1,1,1,0,1,0,0,0.00586372412289059
260,"A_threshold",1000,1600,0.4,0,0.063,0.063,0,0.063,0,0.00806106071872291
260,"A_threshold",1600,2200,0.55,0.0625,0.02,-0.0425,0.32,0,0.0425,0.00252682135817838
260,"A_threshold",2200,2800,0.7,0.0213636363636364,0.0540909090909091,0.0327272727272727,0.394957983193277,0.0327272727272727,0,0.00356391625698791
260,"A_threshold",2800,3400,0.85,0.0542857142857143,0.108928571428571,0.0546428571428571,0.498360655737705,0.0546428571428571,0,0.00679012086525406
260,"A_threshold",3400,4000,1,0.109705882352941,0.115588235294118,0.00588235294117646,0.94910941475827,0.00588235294117647,0,0.00628570266258387
260,"B_smooth_logistic",1000,1600,0.4,1,1,0,1,0,0,0.00466125710226454
260,"B_smooth_logistic",1600,2200,0.55,1,0.896875,-0.103125,0.896875,0,0.103125,0.0113414883357012
260,"B_smooth_logistic",2200,2800,0.7,0.893636363636364,0.843636363636364,-0.05,0.944048830111902,0,0.05,0.00334441595775306
260,"B_smooth_logistic",2800,3400,0.85,0.840714285714286,0.851071428571429,0.0103571428571428,0.987830465799412,0.0103571428571429,0,0.00143460763162669
260,"B_smooth_logistic",3400,4000,1,0.849411764705882,0.852352941176471,0.00294117647058822,0.996549344375431,0.00294117647058824,0,0.000486054376391757
261,"A_threshold",1000,1600,0.4,0.506,0.349,-0.157,0.689723320158103,0,0.157,0.0111529713332169
261,"A_threshold",1600,2200,0.55,0.346875,0.1725,-0.174375,0.497297297297297,0,0.174375,0.0106944173330221
261,"A_threshold",2200,2800,0.7,0.176818181818182,0.0595454545454545,-0.117272727272727,0.336760925449871,0,0.117272727272727,0.00640386370513609
261,"A_threshold",2800,3400,0.85,0.0603571428571429,0.0657142857142857,0.00535714285714285,0.918478260869565,0.00535714285714286,0,0.00702538035927458
261,"A_threshold",3400,4000,1,0.0647058823529412,0.167352941176471,0.102647058823529,0.386643233743409,0.102647058823529,0,0.00537995527969383
261,"B_smooth_logistic",1000,1600,0.4,0.817,1,0.183,0.817,0.183,0,0.0173711722369668
261,"B_smooth_logistic",1600,2200,0.55,1,1,0,1,0,0,0.0049630985048432
261,"B_smooth_logistic",2200,2800,0.7,1,1,0,1,0,0,0.00401788425927959
261,"B_smooth_logistic",2800,3400,0.85,1,1,0,1,0,0,0.00265353157053194
261,"B_smooth_logistic",3400,4000,1,1,1,0,1,0,0,0.0013500163755719
262,"A_threshold",1000,1600,0.4,0.989,1,0.011,0.989,0.011,0,0.000485955148543401
262,"A_threshold",1600,2200,0.55,1,0.988125,-0.011875,0.988125,0,0.011875,0.0042610175734141
262,"A_threshold",2200,2800,0.7,0.988181818181818,0.569090909090909,-0.419090909090909,0.575896964121435,0,0.419090909090909,0.00707784188428068
262,"A_threshold",2800,3400,0.85,0.571071428571429,0.829642857142857,0.258571428571429,0.688334050796384,0.258571428571429,0,0.00466035028900056
262,"A_threshold",3400,4000,1,0.832352941176471,1,0.167647058823529,0.832352941176471,0.167647058823529,0,0.00632759854663013
262,"B_smooth_logistic",1000,1600,0.4,0,0.166,0.166,0,0.166,0,0.00395931063991677
262,"B_smooth_logistic",1600,2200,0.55,0.16875,0.605,0.43625,0.278925619834711,0.43625,0,0.0223232281429899
262,"B_smooth_logistic",2200,2800,0.7,0.608181818181818,0.625909090909091,0.0177272727272727,0.971677559912854,0.0177272727272727,0,0.0036264982242952
262,"B_smooth_logistic",2800,3400,0.85,0.633928571428571,0.699285714285714,0.0653571428571429,0.906537282941777,0.0653571428571429,0,0.00712241345003957
262,"B_smooth_logistic",3400,4000,1,0.698235294117647,0.871470588235294,0.173235294117647,0.80121498481269,0.173235294117647,0,0.00654274872922673
263,"A_threshold",1000,1600,0.4,0.816,0.214,-0.602,0.03,0.184,0.786,0.0230830817705939
263,"A_threshold",1600,2200,0.55,0.215,0,-0.215,0,0,0.215,0.00828852069772033
263,"A_threshold",2200,2800,0.7,0,0.000454545454545455,0.000454545454545455,0,0.000454545454545455,0,0.00469082143214623
263,"A_threshold",2800,3400,0.85,0.000357142857142857,0,-0.000357142857142857,0,0,0.000357142857142857,0.0063735508751238
263,"A_threshold",3400,4000,1,0,0,0,1,0,0,0.00165132964613378
263,"B_smooth_logistic",1000,1600,0.4,0,0,0,1,0,0,0.0142390514708203
263,"B_smooth_logistic",1600,2200,0.55,0,0,0,1,0,0,0.00439303384892825
263,"B_smooth_logistic",2200,2800,0.7,0,0,0,1,0,0,0.00547407452218783
263,"B_smooth_logistic",2800,3400,0.85,0,0,0,1,0,0,0.00392765718996243
263,"B_smooth_logistic",3400,4000,1,0,0,0,1,0,0,0.00365406213594495
264,"A_threshold",1000,1600,0.4,0.261,0.243,-0.018,0.931034482758621,0,0.018,0.00541695642308138
264,"A_threshold",1600,2200,0.55,0.24625,0.351875,0.105625,0.699822380106572,0.105625,0,0.0135528833657863
264,"A_threshold",2200,2800,0.7,0.352272727272727,0.271363636363636,-0.0809090909090909,0.770322580645161,0,0.0809090909090909,0.00560044918359101
264,"A_threshold",2800,3400,0.85,0.270357142857143,0.220357142857143,-0.05,0.815059445178336,0,0.05,0.00456924023999103
264,"A_threshold",3400,4000,1,0.218235294117647,0.310294117647059,0.0920588235294118,0.703317535545024,0.0920588235294118,0,0.00690029330308911
264,"B_smooth_logistic",1000,1600,0.4,1,0.762,-0.238,0.762,0,0.238,0.0152153869138714
264,"B_smooth_logistic",1600,2200,0.55,0.76875,0.569375,-0.199375,0.740650406504065,0,0.199375,0.010643258649919
264,"B_smooth_logistic",2200,2800,0.7,0.566818181818182,0.657272727272727,0.0904545454545455,0.86237897648686,0.0904545454545455,0,0.0069957787848113
264,"B_smooth_logistic",2800,3400,0.85,0.656428571428571,0.652142857142857,-0.00428571428571434,0.993471164309032,0,0.00428571428571429,0.000404706089283027
264,"B_smooth_logistic",3400,4000,1,0.653529411764706,0.640882352941176,-0.0126470588235295,0.980648064806481,0,0.0126470588235294,0.00294323140358283
265,"A_threshold",1000,1600,0.4,0.953,0.969,0.016,0.947315096251266,0.034,0.018,0.0174445386339142
265,"A_threshold",1600,2200,0.55,0.96875,0.61625,-0.3525,0.614258434118396,0.013125,0.365625,0.00683680222963957
265,"A_threshold",2200,2800,0.7,0.612727272727273,0.708181818181818,0.0954545454545455,0.865211810012837,0.0954545454545455,0,0.0038754316303305
265,"A_threshold",2800,3400,0.85,0.706071428571429,0.910357142857143,0.204285714285714,0.775598273832876,0.204285714285714,0,0.00989498608098496
265,"A_threshold",3400,4000,1,0.912647058823529,0.85,-0.0626470588235294,0.931356751530777,0,0.0626470588235294,0.00268360198990567
265,"B_smooth_logistic",1000,1600,0.4,0.698,0.613,-0.085,0.878223495702006,0,0.085,0.0264522597267693
265,"B_smooth_logistic",1600,2200,0.55,0.609375,0.635,0.025625,0.959645669291339,0.025625,0,0.0108022008776902
265,"B_smooth_logistic",2200,2800,0.7,0.639545454545455,0.583636363636364,-0.0559090909090909,0.912579957356077,0,0.0559090909090909,0.00606389070366248
265,"B_smooth_logistic",2800,3400,0.85,0.5875,0.782142857142857,0.194642857142857,0.751141552511416,0.194642857142857,0,0.00696729934800743
265,"B_smooth_logistic",3400,4000,1,0.787941176470588,0.729705882352941,-0.0582352941176471,0.926091825307951,0,0.0582352941176471,0.00313941590317309
266,"A_threshold",1000,1600,0.4,0.021,0.251,0.23,0.0836653386454183,0.23,0,0.0166308733448444
266,"A_threshold",1600,2200,0.55,0.2525,0.41,0.1575,0.615853658536585,0.1575,0,0.0172442188030314
266,"A_threshold",2200,2800,0.7,0.423181818181818,0.488181818181818,0.065,0.866852886405959,0.065,0,0.00369212094748511
266,"A_threshold",2800,3400,0.85,0.4875,0.548214285714286,0.0607142857142858,0.889250814332248,0.0607142857142857,0,0.00461103069094772
266,"A_threshold",3400,4000,1,0.539117647058823,0.571176470588235,0.0320588235294118,0.943872296601442,0.0320588235294118,0,0.00189824158678487
266,"B_smooth_logistic",1000,1600,0.4,0.659,0.625,-0.034,0.948406676783004,0,0.034,0.00612357402409222
266,"B_smooth_logistic",1600,2200,0.55,0.63625,0.615,-0.02125,0.966601178781925,0,0.02125,0.00209007191696552
266,"B_smooth_logistic",2200,2800,0.7,0.621363636363636,0.502272727272727,-0.119090909090909,0.808339429407462,0,0.119090909090909,0.0100203275073356
266,"B_smooth_logistic",2800,3400,0.85,0.500714285714286,0.477142857142857,-0.0235714285714285,0.952924393723253,0,0.0235714285714286,0.00940851688773373
266,"B_smooth_logistic",3400,4000,1,0.482058823529412,0.502647058823529,0.0205882352941177,0.959040374488005,0.0205882352941176,0,0.00548397695873256
267,"A_threshold",1000,1600,0.4,0.062,0.133,0.071,0.466165413533835,0.071,0,0.0158842253971248
267,"A_threshold",1600,2200,0.55,0.13375,0.185625,0.051875,0.720538720538721,0.051875,0,0.00379126659928733
267,"A_threshold",2200,2800,0.7,0.181363636363636,0.485,0.303636363636364,0.373945641986879,0.303636363636364,0,0.0105980060278434
267,"A_threshold",2800,3400,0.85,0.483571428571429,0.454285714285714,-0.0292857142857143,0.93943870014771,0,0.0292857142857143,0.00271307586059524
267,"A_threshold",3400,4000,1,0.457352941176471,0.399411764705882,-0.0579411764705882,0.873311897106109,0,0.0579411764705882,0.00272225374858436
267,"B_smooth_logistic",1000,1600,0.4,0.817,1,0.183,0.817,0.183,0,0.0128116820445929
267,"B_smooth_logistic",1600,2200,0.55,1,0.875625,-0.124375,0.875625,0,0.124375,0.0115296527382253
267,"B_smooth_logistic",2200,2800,0.7,0.865909090909091,0.871818181818182,0.00590909090909086,0.993222106360792,0.00590909090909091,0,0.00632573284595402
267,"B_smooth_logistic",2800,3400,0.85,0.870357142857143,0.867857142857143,-0.00249999999999995,0.997127615921215,0,0.0025,0.000467069557690609
267,"B_smooth_logistic",3400,4000,1,0.867352941176471,0.765,-0.102352941176471,0.881993896236012,0,0.102352941176471,0.00224679634722224
268,"A_threshold",1000,1600,0.4,0.222,0.195,-0.027,0.878378378378378,0,0.027,0.00751972363870021
268,"A_threshold",1600,2200,0.55,0.196875,0.0025,-0.194375,0.0126984126984127,0,0.194375,0.0188267730019519
268,"A_threshold",2200,2800,0.7,0.00363636363636364,0.171818181818182,0.168181818181818,0.0211640211640212,0.168181818181818,0,0.00498282025630513
268,"A_threshold",2800,3400,0.85,0.177142857142857,0,-0.177142857142857,0,0,0.177142857142857,0.00679596707300309
268,"A_threshold",3400,4000,1,0,0.0120588235294118,0.0120588235294118,0,0.0120588235294118,0,0.00457132555122844
268,"B_smooth_logistic",1000,1600,0.4,0.471,0.565,0.094,0.833628318584071,0.094,0,0.00485149133358661
268,"B_smooth_logistic",1600,2200,0.55,0.57375,0.680625,0.106875,0.84297520661157,0.106875,0,0.003950706487266
268,"B_smooth_logistic",2200,2800,0.7,0.677727272727273,0.57,-0.107727272727273,0.841046277665996,0,0.107727272727273,0.00393735192049549
268,"B_smooth_logistic",2800,3400,0.85,0.568214285714286,0.625714285714286,0.0575,0.90810502283105,0.0575,0,0.00191730971643358
268,"B_smooth_logistic",3400,4000,1,0.631764705882353,0.555588235294118,-0.0761764705882353,0.879422718808194,0,0.0761764705882353,0.00217620198483132
269,"A_threshold",1000,1600,0.4,0.001,0.536,0.535,0.00186567164179104,0.535,0,0.0290809222052742
269,"A_threshold",1600,2200,0.55,0.53375,0.476875,-0.056875,0.89344262295082,0,0.056875,0.00607982935501283
269,"A_threshold",2200,2800,0.7,0.481818181818182,0.05,-0.431818181818182,0.10377358490566,0,0.431818181818182,0.0100238760293114
269,"A_threshold",2800,3400,0.85,0.0539285714285714,0.0721428571428571,0.0182142857142857,0.747524752475248,0.0182142857142857,0,0.0019460051233875
269,"A_threshold",3400,4000,1,0.0714705882352941,0,-0.0714705882352941,0,0,0.0714705882352941,0.00521381122167501
269,"B_smooth_logistic",1000,1600,0.4,0.308,0.382,0.074,0.806282722513089,0.074,0,0.00411732676975705
269,"B_smooth_logistic",1600,2200,0.55,0.399375,0.51125,0.111875,0.781173594132029,0.111875,0,0.00885089189769807
269,"B_smooth_logistic",2200,2800,0.7,0.517727272727273,0.631818181818182,0.114090909090909,0.819424460431655,0.114090909090909,0,0.00629469638401114
269,"B_smooth_logistic",2800,3400,0.85,0.632142857142857,0.699285714285714,0.0671428571428572,0.903983656792646,0.0671428571428571,0,0.0032335430367776
269,"B_smooth_logistic",3400,4000,1,0.703823529411765,0.731176470588235,0.0273529411764706,0.962590506838295,0.0273529411764706,0,0.00488055219568399
270,"A_threshold",1000,1600,0.4,0.595,0.323,-0.272,0,0.323,0.595,0.0206992192064884
270,"A_threshold",1600,2200,0.55,0.304375,0.57625,0.271875,0.528199566160521,0.271875,0,0.00606009056425733
270,"A_threshold",2200,2800,0.7,0.580909090909091,0.781363636363636,0.200454545454545,0.362272727272727,0.419090909090909,0.218636363636364,0.0115689804685909
270,"A_threshold",2800,3400,0.85,0.783928571428571,0.85,0.0660714285714286,0.922268907563025,0.0660714285714286,0,0.00120353237911894
270,"A_threshold",3400,4000,1,0.848235294117647,0.406470588235294,-0.441764705882353,0.479195561719834,0,0.441764705882353,0.01049574753911
270,"B_smooth_logistic",1000,1600,0.4,0.863,0.899,0.036,0.762,0.137,0.101,0.0121101805388525
270,"B_smooth_logistic",1600,2200,0.55,0.89,1,0.11,0.89,0.11,0,0.0130212326503297
270,"B_smooth_logistic",2200,2800,0.7,1,1,0,1,0,0,0.00518553995598458
270,"B_smooth_logistic",2800,3400,0.85,1,1,0,1,0,0,0.00367683925823399
270,"B_smooth_logistic",3400,4000,1,1,1,0,1,0,0,0.00341979868545453
271,"A_threshold",1000,1600,0.4,0.141,0.277,0.136,0.509025270758123,0.136,0,0.00567689409467674
271,"A_threshold",1600,2200,0.55,0.27875,0.464375,0.185625,0.600269179004038,0.185625,0,0.0102445682442213
271,"A_threshold",2200,2800,0.7,0.459090909090909,0.536363636363636,0.0772727272727273,0.855932203389831,0.0772727272727273,0,0.00335147059586426
271,"A_threshold",2800,3400,0.85,0.531785714285714,0.617142857142857,0.0853571428571428,0.861689814814815,0.0853571428571429,0,0.00427382944723427
271,"A_threshold",3400,4000,1,0.610294117647059,0.527058823529412,-0.0832352941176471,0.863614457831325,0,0.0832352941176471,0.00378294911825667
271,"B_smooth_logistic",1000,1600,0.4,0.648,0.603,-0.045,0.930555555555556,0,0.045,0.0178541145901973
271,"B_smooth_logistic",1600,2200,0.55,0.613125,0.561875,-0.05125,0.916411824668705,0,0.05125,0.00680088379604208
271,"B_smooth_logistic",2200,2800,0.7,0.557727272727273,0.470454545454545,-0.0872727272727273,0.843520782396088,0,0.0872727272727273,0.0136154910089249
271,"B_smooth_logistic",2800,3400,0.85,0.464642857142857,0.454285714285714,-0.0103571428571428,0.977709454265949,0,0.0103571428571429,0.00124012979238358
271,"B_smooth_logistic",3400,4000,1,0.457941176470588,0.452647058823529,-0.00529411764705884,0.988439306358382,0,0.00529411764705882,0.003844643563696
272,"A_threshold",1000,1600,0.4,0.081,0.161,0.08,0.503105590062112,0.08,0,0.00886826833872289
272,"A_threshold",1600,2200,0.55,0.175,0.2575,0.0825,0.679611650485437,0.0825,0,0.00758363842444146
272,"A_threshold",2200,2800,0.7,0.262727272727273,0.246818181818182,-0.0159090909090909,0.939446366782007,0,0.0159090909090909,0.00752935934927743
272,"A_threshold",2800,3400,0.85,0.2475,0.288571428571429,0.0410714285714286,0.857673267326733,0.0410714285714286,0,0.00674720007382502
272,"A_threshold",3400,4000,1,0.289411764705882,0.262941176470588,-0.0264705882352941,0.908536585365854,0,0.0264705882352941,0.00325990600075925
272,"B_smooth_logistic",1000,1600,0.4,1,1,0,1,0,0,0.00376467580831146
272,"B_smooth_logistic",1600,2200,0.55,1,1,0,1,0,0,0.0139264129465104
272,"B_smooth_logistic",2200,2800,0.7,1,1,0,1,0,0,0.00688057815007052
272,"B_smooth_logistic",2800,3400,0.85,1,1,0,1,0,0,0.00224099522707106
272,"B_smooth_logistic",3400,4000,1,1,1,0,1,0,0,0.00490949018211495
273,"A_threshold",1000,1600,0.4,0.005,0,-0.005,0,0,0.005,0.00720599631711828
273,"A_threshold",1600,2200,0.55,0,0,0,1,0,0,0.0015596443882266
273,"A_threshold",2200,2800,0.7,0,0,0,1,0,0,0.00507651267791127
273,"A_threshold",2800,3400,0.85,0,0,0,1,0,0,0.00292294033704061
273,"A_threshold",3400,4000,1,0,0,0,1,0,0,0.00279954058117921
273,"B_smooth_logistic",1000,1600,0.4,1,1,0,1,0,0,0.0116936073368342
273,"B_smooth_logistic",1600,2200,0.55,1,1,0,1,0,0,0.00763030931864654
273,"B_smooth_logistic",2200,2800,0.7,1,1,0,1,0,0,0.00152730889044229
273,"B_smooth_logistic",2800,3400,0.85,1,1,0,1,0,0,0.00351744610438746
273,"B_smooth_logistic",3400,4000,1,1,1,0,1,0,0,0.000959796268972094
274,"A_threshold",1000,1600,0.4,0.258,0.364,0.106,0.708791208791209,0.106,0,0.0232727010718006
274,"A_threshold",1600,2200,0.55,0.36375,0.193125,-0.170625,0.530927835051546,0,0.170625,0.0139420427202174
274,"A_threshold",2200,2800,0.7,0.188636363636364,0.217727272727273,0.0290909090909091,0.866388308977035,0.0290909090909091,0,0.00342450067466476
274,"A_threshold",2800,3400,0.85,0.222857142857143,0.183214285714286,-0.0396428571428571,0.822115384615385,0,0.0396428571428571,0.00330448356376271
274,"A_threshold",3400,4000,1,0.183823529411765,0.155588235294118,-0.0282352941176471,0.8464,0,0.0282352941176471,0.00408223047286475
274,"B_smooth_logistic",1000,1600,0.4,0.741,0.579,-0.162,0.781376518218624,0,0.162,0.00649720096954112
274,"B_smooth_logistic",1600,2200,0.55,0.574375,0.405625,-0.16875,0.70620239390642,0,0.16875,0.00697189873828817
274,"B_smooth_logistic",2200,2800,0.7,0.398181818181818,0.433636363636364,0.0354545454545455,0.918238993710692,0.0354545454545455,0,0.00391449629282345
274,"B_smooth_logistic",2800,3400,0.85,0.424642857142857,0.200714285714286,-0.223928571428571,0.472666105971405,0,0.223928571428571,0.00255862606516436
274,"B_smooth_logistic",3400,4000,1,0.200882352941176,0.477647058823529,0.276764705882353,0.420566502463054,0.276764705882353,0,0.0040281040724348
275,"A_threshold",1000,1600,0.4,0.109,0.197,0.088,0.553299492385787,0.088,0,0.0112355063634039
275,"A_threshold",1600,2200,0.55,0.205,0.4425,0.2375,0.463276836158192,0.2375,0,0.00894830386491663
275,"A_threshold",2200,2800,0.7,0.445909090909091,0.374545454545455,-0.0713636363636364,0.839959225280326,0,0.0713636363636364,0.00433624786493549
275,"A_threshold",2800,3400,0.85,0.378571428571429,0.386428571428571,0.0078571428571429,0.979667282809612,0.00785714285714286,0,0.00252305616641184
275,"A_threshold",3400,4000,1,0.387941176470588,0.347647058823529,-0.0402941176470588,0.896133434420015,0,0.0402941176470588,0.00664656819561752
275,"B_smooth_logistic",1000,1600,0.4,0.438,0.376,-0.062,0.858447488584475,0,0.062,0.0085407416058273
275,"B_smooth_logistic",1600,2200,0.55,0.39375,0.32875,-0.065,0.834920634920635,0,0.065,0.00497134197737878
275,"B_smooth_logistic",2200,2800,0.7,0.326363636363636,0.408181818181818,0.0818181818181818,0.799554565701559,0.0818181818181818,0,0.00661166708942325
275,"B_smooth_logistic",2800,3400,0.85,0.409285714285714,0.491785714285714,0.0825,0.832244008714597,0.0825,0,0.0069314977693051
275,"B_smooth_logistic",3400,4000,1,0.49,0.547647058823529,0.0576470588235294,0.894736842105263,0.0576470588235294,0,0.00465140536096865
276,"A_threshold",1000,1600,0.4,0.115,0.227,0.112,0.506607929515419,0.112,0,0.00753708467767943
276,"A_threshold",1600,2200,0.55,0.216875,0.123125,-0.09375,0.567723342939481,0,0.09375,0.00820099129721156
276,"A_threshold",2200,2800,0.7,0.122727272727273,0.122727272727273,0,1,0,0,0.00451830314557648
276,"A_threshold",2800,3400,0.85,0.119285714285714,0.251785714285714,0.1325,0.473758865248227,0.1325,0,0.00581425461865542
276,"A_threshold",3400,4000,1,0.254117647058824,0.397058823529412,0.142941176470588,0.64,0.142941176470588,0,0.00521360093521886
276,"B_smooth_logistic",1000,1600,0.4,0.8,1,0.2,0.8,0.2,0,0.00719047254133089
276,"B_smooth_logistic",1600,2200,0.55,1,0.77375,-0.22625,0.77375,0,0.22625,0.00598558315916963
276,"B_smooth_logistic",2200,2800,0.7,0.776363636363636,0.880454545454545,0.104090909090909,0.881775942178627,0.104090909090909,0,0.00959941963427952
276,"B_smooth_logistic",2800,3400,0.85,0.876785714285714,0.931785714285714,0.055,0.940973553085473,0.055,0,0.00728104531308943
276,"B_smooth_logistic",3400,4000,1,0.933529411764706,0.977352941176471,0.0438235294117647,0.955160999097201,0.0438235294117647,0,0.00183670169002485
277,"A_threshold",1000,1600,0.4,0.495,0.49,-0.005,0.98989898989899,0,0.005,0.00255960816971081
277,"A_threshold",1600,2200,0.55,0.49375,0.5975,0.10375,0.826359832635983,0.10375,0,0.0171434083904474
277,"A_threshold",2200,2800,0.7,0.598181818181818,0.750454545454545,0.152272727272727,0.797092671108419,0.152272727272727,0,0.00600326049868203
277,"A_threshold",2800,3400,0.85,0.748214285714286,0.774285714285714,0.0260714285714285,0.966328413284133,0.0260714285714286,0,0.00164406197365134
277,"A_threshold",3400,4000,1,0.772941176470588,0.609705882352941,-0.163235294117647,0.788812785388128,0,0.163235294117647,0.0067299115668772
277,"B_smooth_logistic",1000,1600,0.4,0.942,1,0.0580000000000001,0.942,0.058,0,0.0123616467761142
277,"B_smooth_logistic",1600,2200,0.55,1,0.554375,-0.445625,0.554375,0,0.445625,0.00992315253551105
277,"B_smooth_logistic",2200,2800,0.7,0.566363636363636,0.705909090909091,0.139545454545455,0.80231809401159,0.139545454545455,0,0.00801690190735127
277,"B_smooth_logistic",2800,3400,0.85,0.7025,0.660357142857143,-0.0421428571428571,0.940010167768175,0,0.0421428571428571,0.00395578344718145
277,"B_smooth_logistic",3400,4000,1,0.665882352941176,0.574117647058824,-0.091764705882353,0.862190812720848,0,0.0917647058823529,0.00478146373265855
278,"A_threshold",1000,1600,0.4,0.635,0.304,-0.331,0.478740157480315,0,0.331,0.0133164079781393
278,"A_threshold",1600,2200,0.55,0.310625,0,-0.310625,0,0,0.310625,0.00816218809291303
278,"A_threshold",2200,2800,0.7,0,0,0,1,0,0,0.00154726386768881
278,"A_threshold",2800,3400,0.85,0,0,0,1,0,0,0.00448670085304142
278,"A_threshold",3400,4000,1,0,0,0,1,0,0,0.00107970361947419
278,"B_smooth_logistic",1000,1600,0.4,1,0.867,-0.133,0.867,0,0.133,0.0166533376291982
278,"B_smooth_logistic",1600,2200,0.55,0.855,0.85375,-0.00124999999999997,0.998538011695906,0,0.00125,0.00745257133353703
278,"B_smooth_logistic",2200,2800,0.7,0.862272727272727,0.926818181818182,0.0645454545454545,0.930358018636587,0.0645454545454545,0,0.0043391769758331
278,"B_smooth_logistic",2800,3400,0.85,0.926785714285714,0.943571428571429,0.0167857142857143,0.98221044663134,0.0167857142857143,0,0.00130782709844111
278,"B_smooth_logistic",3400,4000,1,0.945882352941177,0.823235294117647,-0.122647058823529,0.870335820895522,0,0.122647058823529,0.0124343090691775
279,"A_threshold",1000,1600,0.4,0.419,0.571,0.152,0.733800350262697,0.152,0,0.0129884992550529
279,"A_threshold",1600,2200,0.55,0.58125,0.565625,-0.015625,0.973118279569892,0,0.015625,0.000888972556414813
279,"A_threshold",2200,2800,0.7,0.563636363636364,0.470454545454545,-0.0931818181818181,0.834677419354839,0,0.0931818181818182,0.00958884263563665
279,"A_threshold",2800,3400,0.85,0.476428571428571,0.481785714285714,0.00535714285714284,0.988880652335063,0.00535714285714286,0,0.00387863518751036
279,"A_threshold",3400,4000,1,0.482352941176471,0.496764705882353,0.0144117647058823,0.970988750740083,0.0144117647058824,0,0.0031485978026551
279,"B_smooth_logistic",1000,1600,0.4,0.645,0.577,-0.0680000000000001,0.894573643410853,0,0.068,0.00928224800214324
279,"B_smooth_logistic",1600,2200,0.55,0.581875,0.633125,0.05125,0.919052319842053,0.05125,0,0.00722700862317172
279,"B_smooth_logistic",2200,2800,0.7,0.627727272727273,0.650454545454546,0.0227272727272728,0.965059399021663,0.0227272727272727,0,0.00198923648099497
279,"B_smooth_logistic",2800,3400,0.85,0.656428571428571,0.645714285714286,-0.0107142857142858,0.983677910772579,0,0.0107142857142857,0.000685244089998164
279,"B_smooth_logistic",3400,4000,1,0.649411764705882,0.680294117647059,0.0308823529411765,0.954604409857328,0.0308823529411765,0,0.00226145329267609
280,"A_threshold",1000,1600,0.4,0,0,0,1,0,0,0.00765285910609312
280,"A_threshold",1600,2200,0.55,0,0,0,1,0,0,0.00424800840979008
280,"A_threshold",2200,2800,0.7,0,0.0418181818181818,0.0418181818181818,0,0.0418181818181818,0,0.0188408612670768
280,"A_threshold",2800,3400,0.85,0.0421428571428571,0,-0.0421428571428571,0,0,0.0421428571428571,0.00868144400094558
280,"A_threshold",3400,4000,1,0,0,0,1,0,0,0.00629751057488092
280,"B_smooth_logistic",1000,1600,0.4,0.897,1,0.103,0.897,0.103,0,0.0108585150372302
280,"B_smooth_logistic",1600,2200,0.55,1,1,0,1,0,0,0.0104238934860518
280,"B_smooth_logistic",2200,2800,0.7,1,1,0,1,0,0,0.00536969090771644
280,"B_smooth_logistic",2800,3400,0.85,1,1,0,1,0,0,0.00667595693039227
280,"B_smooth_logistic",3400,4000,1,1,1,0,1,0,0,0.00628976516938172
281,"A_threshold",1000,1600,0.4,0.837,0.444,-0.393,0.281,0.163,0.556,0.0221643516098398
281,"A_threshold",1600,2200,0.55,0.440625,0,-0.440625,0,0,0.440625,0.0133944708254295
281,"A_threshold",2200,2800,0.7,0,0,0,1,0,0,0.00531801208491289
281,"A_threshold",2800,3400,0.85,0,0,0,1,0,0,0.00600329145500119
281,"A_threshold",3400,4000,1,0,0,0,1,0,0,0.00244157197859735
281,"B_smooth_logistic",1000,1600,0.4,1,0.717,-0.283,0.717,0,0.283,0.0189463908836729
281,"B_smooth_logistic",1600,2200,0.55,0.70875,0.7225,0.01375,0.980968858131488,0.01375,0,0.00152104148176073
281,"B_smooth_logistic",2200,2800,0.7,0.715454545454545,0.708636363636364,-0.00681818181818183,0.990470139771283,0,0.00681818181818182,0.000989567722441581
281,"B_smooth_logistic",2800,3400,0.85,0.707857142857143,0.710357142857143,0.00250000000000006,0.996480643539467,0.0025,0,0.00129311146815747
281,"B_smooth_logistic",3400,4000,1,0.709117647058824,0.740882352941176,0.0317647058823529,0.957125843588726,0.0317647058823529,0,0.00759159263294901
282,"A_threshold",1000,1600,0.4,0,0,0,1,0,0,0.0194494967973158
282,"A_threshold",1600,2200,0.55,0,0,0,1,0,0,0.00446422225188753
282,"A_threshold",2200,2800,0.7,0,0.0154545454545455,0.0154545454545455,0,0.0154545454545455,0,0.0122730014537637
282,"A_threshold",2800,3400,0.85,0.0139285714285714,0.000357142857142857,-0.0135714285714286,0.0256410256410256,0,0.0135714285714286,0.00812463659054084
282,"A_threshold",3400,4000,1,0.000294117647058824,0,-0.000294117647058824,0,0,0.000294117647058824,0.00333249510334554
282,"B_smooth_logistic",1000,1600,0.4,1,1,0,1,0,0,0.0100233405477361
282,"B_smooth_logistic",1600,2200,0.55,1,1,0,1,0,0,0.0108825033099436
282,"B_smooth_logistic",2200,2800,0.7,1,1,0,1,0,0,0.00689433761452386
282,"B_smooth_logistic",2800,3400,0.85,1,0.842142857142857,-0.157857142857143,0.842142857142857,0,0.157857142857143,0.00530503357966324
282,"B_smooth_logistic",3400,4000,1,0.841176470588235,0.984117647058824,0.142941176470588,0.854751942618051,0.142941176470588,0,0.00695369772090988
283,"A_threshold",1000,1600,0.4,0.856,0.459,-0.397,0.536214953271028,0,0.397,0.0218010346538831
283,"A_threshold",1600,2200,0.55,0.45625,0.608125,0.151875,0.750256937307297,0.151875,0,0.0140031231912994
283,"A_threshold",2200,2800,0.7,0.605909090909091,0.634090909090909,0.0281818181818181,0.955555555555556,0.0281818181818182,0,0.00281375485710496
283,"A_threshold",2800,3400,0.85,0.625357142857143,0.678214285714286,0.0528571428571429,0.922064244339126,0.0528571428571429,0,0.00346709540592546
283,"A_threshold",3400,4000,1,0.679411764705882,0.687352941176471,0.00794117647058823,0.988446726572529,0.00794117647058823,0,0.00101042358321207
283,"B_smooth_logistic",1000,1600,0.4,1,0.746,-0.254,0.746,0,0.254,0.00978804923756665
283,"B_smooth_logistic",1600,2200,0.55,0.745625,0.606875,-0.13875,0.813914501257334,0,0.13875,0.0021492617114404
283,"B_smooth_logistic",2200,2800,0.7,0.603636363636364,0.406363636363636,-0.197272727272727,0.673192771084337,0,0.197272727272727,0.00608563214486661
283,"B_smooth_logistic",2800,3400,0.85,0.398928571428571,0.400714285714286,0.00178571428571428,0.99554367201426,0.00178571428571429,0,0.000853428713233254
283,"B_smooth_logistic",3400,4000,1,0.402941176470588,0.496470588235294,0.0935294117647059,0.811611374407583,0.0935294117647059,0,0.00359373320573025
284,"A_threshold",1000,1600,0.4,0.472,0.411,-0.061,0.870762711864407,0,0.061,0.00679355997739663
284,"A_threshold",1600,2200,0.55,0.4325,0.345625,-0.086875,0.799132947976879,0,0.086875,0.00596839440526903
284,"A_threshold",2200,2800,0.7,0.340909090909091,0.167272727272727,-0.173636363636364,0.490666666666667,0,0.173636363636364,0.00773265051348169
284,"A_threshold",2800,3400,0.85,0.168214285714286,0.00785714285714286,-0.160357142857143,0.0467091295116773,0,0.160357142857143,0.00968856570282783
284,"A_threshold",3400,4000,1,0.00911764705882353,0.075,0.0658823529411765,0.12156862745098,0.0658823529411765,0,0.00488911525186061
284,"B_smooth_logistic",1000,1600,0.4,0.827,0.944,0.117,0.876059322033898,0.117,0,0.0144080134243696
284,"B_smooth_logistic",1600,2200,0.55,0.938125,1,0.061875,0.938125,0.061875,0,0.00891658471995448
284,"B_smooth_logistic",2200,2800,0.7,1,0.944545454545455,-0.0554545454545454,0.944545454545455,0,0.0554545454545455,0.00213265349033198
284,"B_smooth_logistic",2800,3400,0.85,0.945714285714286,0.795714285714286,-0.15,0.841389728096677,0,0.15,0.00737686695925448
284,"B_smooth_logistic",3400,4000,1,0.791470588235294,0.761176470588235,-0.0302941176470588,0.961724266072092,0,0.0302941176470588,0.00342522681244665
285,"A_threshold",1000,1600,0.4,0.219,0.01,-0.209,0.045662100456621,0,0.209,0.01115781351497
285,"A_threshold",1600,2200,0.55,0.01,0,-0.01,0,0,0.01,0.0110016679833495
285,"A_threshold",2200,2800,0.7,0,0,0,1,0,0,0.00275936169589981
285,"A_threshold",2800,3400,0.85,0,0,0,1,0,0,0.0128057764030519
285,"A_threshold",3400,4000,1,0,0,0,1,0,0,0.00112478748083769
285,"B_smooth_logistic",1000,1600,0.4,1,1,0,1,0,0,0.0150573692943238
285,"B_smooth_logistic",1600,2200,0.55,1,1,0,1,0,0,0.00656608430863831
285,"B_smooth_logistic",2200,2800,0.7,1,1,0,1,0,0,0.00974619536003291
285,"B_smooth_logistic",2800,3400,0.85,1,1,0,1,0,0,0.00459860263605897
285,"B_smooth_logistic",3400,4000,1,1,1,0,1,0,0,0.00501001151950442
286,"A_threshold",1000,1600,0.4,0.229,0.029,-0.2,0.126637554585153,0,0.2,0.00841453029784439
286,"A_threshold",1600,2200,0.55,0.034375,0.383125,0.34875,0.0897226753670473,0.34875,0,0.0164667599297914
286,"A_threshold",2200,2800,0.7,0.385909090909091,0.000454545454545455,-0.385454545454545,0.00117785630153121,0,0.385454545454545,0.00682497451259158
286,"A_threshold",2800,3400,0.85,0.000714285714285714,0.0267857142857143,0.0260714285714286,0.0266666666666667,0.0260714285714286,0,0.00252237670686135
286,"A_threshold",3400,4000,1,0.0261764705882353,0,-0.0261764705882353,0,0,0.0261764705882353,0.0106134857660332
286,"B_smooth_logistic",1000,1600,0.4,0.52,0.655,0.135,0.793893129770992,0.135,0,0.0195934827477454
286,"B_smooth_logistic",1600,2200,0.55,0.64375,0.575625,-0.068125,0.894174757281553,0,0.068125,0.00669432702673667
286,"B_smooth_logistic",2200,2800,0.7,0.582272727272727,0.650909090909091,0.0686363636363636,0.894553072625698,0.0686363636363636,0,0.0076577320566393
286,"B_smooth_logistic",2800,3400,0.85,0.647142857142857,0.877857142857143,0.230714285714286,0.737184703010578,0.230714285714286,0,0.00805687388628288
286,"B_smooth_logistic",3400,4000,1,0.875294117647059,0.869411764705882,-0.00588235294117645,0.993279569892473,0,0.00588235294117647,0.00607143404081396
287,"A_threshold",1000,1600,0.4,0.276,0,-0.276,0,0,0.276,0.0161780215669578
287,"A_threshold",1600,2200,0.55,0,0,0,1,0,0,0.0121052780920228
287,"A_threshold",2200,2800,0.7,0,0,0,1,0,0,0.00916926671748237
287,"A_threshold",2800,3400,0.85,0,0,0,1,0,0,0.00362815969339763
287,"A_threshold",3400,4000,1,0,0,0,1,0,0,0.00182572459386145
287,"B_smooth_logistic",1000,1600,0.4,1,0.831,-0.169,0.831,0,0.169,0.0068507744194026
287,"B_smooth_logistic",1600,2200,0.55,0.833125,0.80125,-0.031875,0.961740435108777,0,0.031875,0.00636970846158263
287,"B_smooth_logistic",2200,2800,0.7,0.799545454545455,0.877272727272727,0.0777272727272728,0.91139896373057,0.0777272727272727,0,0.00228790489847921
287,"B_smooth_logistic",2800,3400,0.85,0.876785714285714,0.634642857142857,-0.242142857142857,0.723828920570265,0,0.242142857142857,0.0125944750807933
287,"B_smooth_logistic",3400,4000,1,0.639411764705882,0.678823529411765,0.0394117647058824,0.941941074523397,0.0394117647058824,0,0.00309841847853381
288,"A_threshold",1000,1600,0.4,0,0.25,0.25,0,0.25,0,0.0142570493331698
288,"A_threshold",1600,2200,0.55,0.254375,0.354375,0.1,0.717813051146384,0.1,0,0.00528971913370811
288,"A_threshold",2200,2800,0.7,0.359545454545455,0.319090909090909,-0.0404545454545455,0.887484197218711,0,0.0404545454545455,0.00808330995327547
288,"A_threshold",2800,3400,0.85,0.315357142857143,0.244285714285714,-0.0710714285714286,0.774631936579841,0,0.0710714285714286,0.00387847283435125
288,"A_threshold",3400,4000,1,0.241470588235294,0.257352941176471,0.0158823529411764,0.938285714285714,0.0158823529411765,0,0.000934944398010985
288,"B_smooth_logistic",1000,1600,0.4,1,1,0,1,0,0,0.00904922266888094
288,"B_smooth_logistic",1600,2200,0.55,1,0.9125,-0.0875,0.9125,0,0.0875,0.00275852210388273
288,"B_smooth_logistic",2200,2800,0.7,0.913636363636364,1,0.0863636363636363,0.913636363636364,0.0863636363636364,0,0.0038132374608605
288,"B_smooth_logistic",2800,3400,0.85,1,0.9725,-0.0275,0.9725,0,0.0275,0.00330295578925016
288,"B_smooth_logistic",3400,4000,1,0.972647058823529,1,0.0273529411764706,0.972647058823529,0.0273529411764706,0,0.00324331189532884
289,"A_threshold",1000,1600,0.4,0.417,0.344,-0.073,0.824940047961631,0,0.073,0.0130767977737484
289,"A_threshold",1600,2200,0.55,0.339375,0.27875,-0.060625,0.821362799263352,0,0.060625,0.00654329690650821
289,"A_threshold",2200,2800,0.7,0.285,0.306363636363636,0.0213636363636364,0.93026706231454,0.0213636363636364,0,0.00845677701819726
289,"A_threshold",2800,3400,0.85,0.305714285714286,0.189642857142857,-0.116071428571429,0.620327102803738,0,0.116071428571429,0.00844824406914171
289,"A_threshold",3400,4000,1,0.192647058823529,0.242647058823529,0.05,0.793939393939394,0.05,0,0.00388082926051425
289,"B_smooth_logistic",1000,1600,0.4,1,1,0,1,0,0,0.0154935958268
289,"B_smooth_logistic",1600,2200,0.55,1,1,0,1,0,0,0.00358307702405327
289,"B_smooth_logistic",2200,2800,0.7,1,0.879090909090909,-0.120909090909091,0.879090909090909,0,0.120909090909091,0.00760354325467081
289,"B_smooth_logistic",2800,3400,0.85,0.879642857142857,0.828928571428571,-0.0507142857142857,0.942346731628096,0,0.0507142857142857,0.00511792934984413
289,"B_smooth_logistic",3400,4000,1,0.829117647058824,0.885294117647059,0.0561764705882353,0.936544850498339,0.0561764705882353,0,0.00186413309435356
290,"A_threshold",1000,1600,0.4,0,0.058,0.058,0,0.058,0,0.0165016120090725
290,"A_threshold",1600,2200,0.55,0.055,0.105625,0.050625,0.520710059171598,0.050625,0,0.00317604451353491
290,"A_threshold",2200,2800,0.7,0.104545454545455,0.225909090909091,0.121363636363636,0.462776659959759,0.121363636363636,0,0.00478990270279047
290,"A_threshold",2800,3400,0.85,0.230357142857143,0,-0.230357142857143,0,0,0.230357142857143,0.00608534777920482
290,"A_threshold",3400,4000,1,0,0,0,1,0,0,0.00199124123861886
290,"B_smooth_logistic",1000,1600,0.4,0.283,0.695,0.412,0.407194244604317,0.412,0,0.0209385861557893
290,"B_smooth_logistic",1600,2200,0.55,0.685625,0.736875,0.0512499999999999,0.930449533502969,0.05125,0,0.00362040325916456
290,"B_smooth_logistic",2200,2800,0.7,0.725,1,0.275,0.725,0.275,0,0.00849991616449084
290,"B_smooth_logistic",2800,3400,0.85,1,1,0,1,0,0,0.00317881916576014
290,"B_smooth_logistic",3400,4000,1,1,1,0,1,0,0,0.00546550908834555
291,"A_threshold",1000,1600,0.4,0.243,0.253,0.01,0.960474308300395,0.01,0,0.0246873466236871
291,"A_threshold",1600,2200,0.55,0.25,0.16375,-0.08625,0.655,0,0.08625,0.00394022571233255
291,"A_threshold",2200,2800,0.7,0.167727272727273,0.075,-0.0927272727272727,0.447154471544715,0,0.0927272727272727,0.0109649228754855
291,"A_threshold",2800,3400,0.85,0.0703571428571429,0.176428571428571,0.106071428571429,0.398785425101215,0.106071428571429,0,0.00588844025958679
291,"A_threshold",3400,4000,1,0.182058823529412,0.12,-0.0620588235294118,0.659127625201939,0,0.0620588235294118,0.00269361686388337
291,"B_smooth_logistic",1000,1600,0.4,0.564,0.681,0.117,0.828193832599119,0.117,0,0.0149357571882044
291,"B_smooth_logistic",1600,2200,0.55,0.676875,0.75125,0.074375,0.900998336106489,0.074375,0,0.00791487491949418
291,"B_smooth_logistic",2200,2800,0.7,0.750454545454545,0.766363636363636,0.0159090909090909,0.979240806642942,0.0159090909090909,0,0.00585503393249351
291,"B_smooth_logistic",2800,3400,0.85,0.760357142857143,0.786785714285714,0.0264285714285715,0.966409441670449,0.0264285714285714,0,0.00215433694139068
291,"B_smooth_logistic",3400,4000,1,0.787647058823529,0.793823529411765,0.00617647058823534,0.99221934049648,0.00617647058823529,0,0.00380005159635801
292,"A_threshold",1000,1600,0.4,0.447,0.2,-0.247,0.447427293064877,0,0.247,0.0162116549978649
292,"A_threshold",1600,2200,0.55,0.194375,0.18625,-0.00812499999999999,0.958199356913183,0,0.008125,0.0104715781625497
292,"A_threshold",2200,2800,0.7,0.184090909090909,0.207727272727273,0.0236363636363636,0.886214442013129,0.0236363636363636,0,0.00464864916441515
292,"A_threshold",2800,3400,0.85,0.208928571428571,0.233214285714286,0.0242857142857143,0.895865237366003,0.0242857142857143,0,0.00519002050162118
292,"A_threshold",3400,4000,1,0.232647058823529,0.196764705882353,-0.0358823529411764,0.845764854614412,0,0.0358823529411765,0.0025165365141164
292,"B_smooth_logistic",1000,1600,0.4,1,1,0,1,0,0,0.015405501938623
292,"B_smooth_logistic",1600,2200,0.55,1,0.82375,-0.17625,0.82375,0,0.17625,0.00671040973486607
292,"B_smooth_logistic",2200,2800,0.7,0.823636363636364,0.747727272727273,-0.0759090909090909,0.907836644591612,0,0.0759090909090909,0.0100949918951671
292,"B_smooth_logistic",2800,3400,0.85,0.744285714285714,0.8825,0.138214285714286,0.843383245649535,0.138214285714286,0,0.00669143514119645
292,"B_smooth_logistic",3400,4000,1,0.882352941176471,0.799705882352941,-0.0826470588235294,0.906333333333333,0,0.0826470588235294,0.00320319518774531
293,"A_threshold",1000,1600,0.4,0.786,0.067,-0.719,0.0852417302798982,0,0.719,0.00345659157416147
293,"A_threshold",1600,2200,0.55,0.06375,0.29625,0.2325,0,0.29625,0.06375,0.00774525606024973
293,"A_threshold",2200,2800,0.7,0.286818181818182,0.00681818181818182,-0.28,0,0.00681818181818182,0.286818181818182,0.0072856312706253
293,"A_threshold",2800,3400,0.85,0.00714285714285714,0.568571428571429,0.561428571428571,0.0125628140703518,0.561428571428571,0,0.00724742634527613
293,"A_threshold",3400,4000,1,0.567352941176471,0.442941176470588,-0.124411764705882,0.780715396578538,0,0.124411764705882,0.00419208152482078
293,"B_smooth_logistic",1000,1600,0.4,0.759,0.694,-0.0650000000000001,0.914361001317523,0,0.065,0.0123608182061769
293,"B_smooth_logistic",1600,2200,0.55,0.6975,0.6825,-0.015,0.978494623655914,0,0.015,0.00598923590317567
293,"B_smooth_logistic",2200,2800,0.7,0.675909090909091,0.651818181818182,-0.0240909090909091,0.964357767316745,0,0.0240909090909091,0.00858521875771242
293,"B_smooth_logistic",2800,3400,0.85,0.656428571428571,0.657857142857143,0.00142857142857133,0.997828447339848,0.00142857142857143,0,0.00765986925953204
293,"B_smooth_logistic",3400,4000,1,0.660588235294118,0.678823529411765,0.018235294117647,0.97313691507799,0.0182352941176471,0,0.003668986815974
294,"A_threshold",1000,1600,0.4,0.429,0.22,-0.209,0.512820512820513,0,0.209,0.0231618024554715
294,"A_threshold",1600,2200,0.55,0.205625,0.13625,-0.069375,0.662613981762918,0,0.069375,0.00346364900790305
294,"A_threshold",2200,2800,0.7,0.133181818181818,0.0263636363636364,-0.106818181818182,0.197952218430034,0,0.106818181818182,0.00601433797105095
294,"A_threshold",2800,3400,0.85,0.0253571428571429,0.0164285714285714,-0.00892857142857143,0.647887323943662,0,0.00892857142857143,0.00282430808211551
294,"A_threshold",3400,4000,1,0.0167647058823529,0.0926470588235294,0.0758823529411765,0.180952380952381,0.0758823529411765,0,0.0048645933002576
294,"B_smooth_logistic",1000,1600,0.4,1,1,0,1,0,0,0.00186647851274424
294,"B_smooth_logistic",1600,2200,0.55,1,1,0,1,0,0,0.0122407445602629
294,"B_smooth_logistic",2200,2800,0.7,1,1,0,1,0,0,0.00550714353700109
294,"B_smooth_logistic",2800,3400,0.85,1,1,0,1,0,0,0.00278800300385268
294,"B_smooth_logistic",3400,4000,1,1,1,0,1,0,0,0.00299082755728749
295,"A_threshold",1000,1600,0.4,0.429,0.148,-0.281,0.344988344988345,0,0.281,0.0231875701822948
295,"A_threshold",1600,2200,0.55,0.148125,0.193125,0.045,0.766990291262136,0.045,0,0.00614277124929126
295,"A_threshold",2200,2800,0.7,0.2,0.180909090909091,-0.0190909090909091,0.904545454545455,0,0.0190909090909091,0.00181805693399988
295,"A_threshold",2800,3400,0.85,0.1775,0.0167857142857143,-0.160714285714286,0.0945674044265594,0,0.160714285714286,0.00638928324697947
295,"A_threshold",3400,4000,1,0.0167647058823529,0.0176470588235294,0.00088235294117647,0.95,0.000882352941176471,0,0.000639876444758888
295,"B_smooth_logistic",1000,1600,0.4,0.541,0.799,0.258,0.677096370463079,0.258,0,0.0185728246173779
295,"B_smooth_logistic",1600,2200,0.55,0.808125,0.85,0.041875,0.950735294117647,0.041875,0,0.00507553994122308
295,"B_smooth_logistic",2200,2800,0.7,0.842727272727273,0.814545454545455,-0.0281818181818182,0.96655879180151,0,0.0281818181818182,0.0020079078995095
295,"B_smooth_logistic",2800,3400,0.85,0.813571428571429,0.742142857142857,-0.0714285714285715,0.912203687445127,0,0.0714285714285714,0.00244159831138487
295,"B_smooth_logistic",3400,4000,1,0.737647058823529,0.627058823529412,-0.110588235294118,0.850079744816587,0,0.110588235294118,0.00683712960005884
296,"A_threshold",1000,1600,0.4,0,0.916,0.916,0,0.916,0,0.00878375991840316
296,"A_threshold",1600,2200,0.55,0.91625,0.980625,0.064375,0.934353091140854,0.064375,0,0.00115479444312098
296,"A_threshold",2200,2800,0.7,0.977727272727273,0,-0.977727272727273,0,0,0.977727272727273,0.0118345837381778
296,"A_threshold",2800,3400,0.85,0,0.874642857142857,0.874642857142857,0,0.874642857142857,0,0.00919173714679302
296,"A_threshold",3400,4000,1,0.877352941176471,0.862941176470588,-0.0144117647058823,0.98357358364063,0,0.0144117647058824,0.00224057219425808
296,"B_smooth_logistic",1000,1600,0.4,0.809,1,0.191,0.809,0.191,0,0.0121214498611207
296,"B_smooth_logistic",1600,2200,0.55,1,0.979375,-0.020625,0.979375,0,0.020625,0.0109736030053992
296,"B_smooth_logistic",2200,2800,0.7,0.976818181818182,1,0.0231818181818182,0.976818181818182,0.0231818181818182,0,0.00103965491611725
296,"B_smooth_logistic",2800,3400,0.85,1,0.770714285714286,-0.229285714285714,0.770714285714286,0,0.229285714285714,0.0078206082209709
296,"B_smooth_logistic",3400,4000,1,0.772058823529412,0.700588235294118,-0.0714705882352942,0.907428571428571,0,0.0714705882352941,0.0045068113723712
297,"A_threshold",1000,1600,0.4,0.261,0.372,0.111,0.701612903225806,0.111,0,0.00660701096300344
297,"A_threshold",1600,2200,0.55,0.369375,0.521875,0.1525,0.707784431137725,0.1525,0,0.00464446338856063
297,"A_threshold",2200,2800,0.7,0.525454545454546,0.461363636363636,-0.0640909090909091,0.8780276816609,0,0.0640909090909091,0.0123005489935173
297,"A_threshold",2800,3400,0.85,0.457142857142857,0.450357142857143,-0.00678571428571428,0.98515625,0,0.00678571428571429,0.00192847561517963
297,"A_threshold",3400,4000,1,0.453823529411765,0.417647058823529,-0.0361764705882353,0.920285158781594,0,0.0361764705882353,0.00581055136625353
297,"B_smooth_logistic",1000,1600,0.4,1,0.885,-0.115,0.885,0,0.115,0.0139826163215215
297,"B_smooth_logistic",1600,2200,0.55,0.895,0.704375,-0.190625,0.787011173184358,0,0.190625,0.00719707749373978
297,"B_smooth_logistic",2200,2800,0.7,0.703181818181818,0.724545454545454,0.0213636363636364,0.970514429109159,0.0213636363636364,0,0.00487476029250486
297,"B_smooth_logistic",2800,3400,0.85,0.727142857142857,0.757857142857143,0.0307142857142858,0.95947219604147,0.0307142857142857,0,0.00290758860284771
297,"B_smooth_logistic",3400,4000,1,0.752058823529412,0.779411764705882,0.0273529411764706,0.964905660377358,0.0273529411764706,0,0.00209250993269926
298,"A_threshold",1000,1600,0.4,0.456,0,-0.456,0,0,0.456,0.00326319111279428
298,"A_threshold",1600,2200,0.55,0,0.190625,0.190625,0,0.190625,0,0.0119456764673442
298,"A_threshold",2200,2800,0.7,0.183636363636364,0.143181818181818,-0.0404545454545454,0.77970297029703,0,0.0404545454545455,0.0033434371689616
298,"A_threshold",2800,3400,0.85,0.143928571428571,0.137142857142857,-0.00678571428571428,0.952853598014888,0,0.00678571428571429,0.00248909258899039
298,"A_threshold",3400,4000,1,0.141470588235294,0.184411764705882,0.0429411764705882,0.767145135566188,0.0429411764705882,0,0.00165096747683844
298,"B_smooth_logistic",1000,1600,0.4,0.963,1,0.037,0.963,0.037,0,0.00930597833289408
298,"B_smooth_logistic",1600,2200,0.55,1,1,0,1,0,0,0.00669692408271476
298,"B_smooth_logistic",2200,2800,0.7,1,1,0,1,0,0,0.00908511383367638
298,"B_smooth_logistic",2800,3400,0.85,1,1,0,1,0,0,0.0019228324417192
298,"B_smooth_logistic",3400,4000,1,1,0.883235294117647,-0.116764705882353,0.883235294117647,0,0.116764705882353,0.00459708174082572
299,"A_threshold",1000,1600,0.4,0.009,0.003,-0.006,0,0.003,0.009,0.00477815686670185
299,"A_threshold",1600,2200,0.55,0.005625,0,-0.005625,0,0,0.005625,0.00217169872864352
299,"A_threshold",2200,2800,0.7,0,0.0768181818181818,0.0768181818181818,0,0.0768181818181818,0,0.00407753275397991
299,"A_threshold",2800,3400,0.85,0.0760714285714286,0.0564285714285714,-0.0196428571428571,0.741784037558685,0,0.0196428571428571,0.00133465482829416
299,"A_threshold",3400,4000,1,0.0529411764705882,0,-0.0529411764705882,0,0,0.0529411764705882,0.00273351600617085
299,"B_smooth_logistic",1000,1600,0.4,1,1,0,1,0,0,0.00686555172460044
299,"B_smooth_logistic",1600,2200,0.55,1,1,0,1,0,0,0.00309937054304735
299,"B_smooth_logistic",2200,2800,0.7,1,1,0,1,0,0,0.00595604923497989
299,"B_smooth_logistic",2800,3400,0.85,1,1,0,1,0,0,0.00220674624196477
299,"B_smooth_logistic",3400,4000,1,1,1,0,1,0,0,0.00174370464468662
300,"A_threshold",1000,1600,0.4,0,0,0,1,0,0,0.00573534368823452
300,"A_threshold",1600,2200,0.55,0,0.0475,0.0475,0,0.0475,0,0.0143172997507903
300,"A_threshold",2200,2800,0.7,0.0459090909090909,0.131818181818182,0.0859090909090909,0.348275862068965,0.0859090909090909,0,0.00230819201747925
300,"A_threshold",2800,3400,0.85,0.133571428571429,0.631071428571429,0.4975,0.21165817770232,0.4975,0,0.00672794363790854
300,"A_threshold",3400,4000,1,0.630882352941176,0.868529411764706,0.237647058823529,0.499411764705882,0.369117647058824,0.131470588235294,0.00314270747235641
300,"B_smooth_logistic",1000,1600,0.4,0.508,0.543,0.035,0.935543278084715,0.035,0,0.0138162651015173
300,"B_smooth_logistic",1600,2200,0.55,0.553125,0.599375,0.04625,0.922836287799791,0.04625,0,0.017889725121054
300,"B_smooth_logistic",2200,2800,0.7,0.599545454545454,0.74,0.140454545454545,0.81019656019656,0.140454545454545,0,0.0139905493479969
300,"B_smooth_logistic",2800,3400,0.85,0.7275,0.693214285714286,-0.0342857142857144,0.952871870397644,0,0.0342857142857143,0.00505640201445368
300,"B_smooth_logistic",3400,4000,1,0.695588235294118,0.763529411764706,0.0679411764705883,0.911016949152542,0.0679411764705882,0,0.00532379254057722
301,"A_threshold",1000,1600,0.4,0.008,0.071,0.063,0.112676056338028,0.063,0,0.00527624846502554
301,"A_threshold",1600,2200,0.55,0.07,0.035,-0.035,0.5,0,0.035,0.00657074429958987
301,"A_threshold",2200,2800,0.7,0.0368181818181818,0.0509090909090909,0.0140909090909091,0,0.0509090909090909,0.0368181818181818,0.00770004700147596
301,"A_threshold",2800,3400,0.85,0.0503571428571429,0.602857142857143,0.5525,0.0835308056872038,0.5525,0,0.00663687375962138
301,"A_threshold",3400,4000,1,0.602058823529412,0.450588235294118,-0.151470588235294,0.748412310698583,0,0.151470588235294,0.00311678861959704
301,"B_smooth_logistic",1000,1600,0.4,0.917,0.734,-0.183,0.800436205016358,0,0.183,0.00482643113128443
301,"B_smooth_logistic",1600,2200,0.55,0.723125,0.813125,0.09,0.889315910837817,0.09,0,0.00454970469844307
301,"B_smooth_logistic",2200,2800,0.7,0.816818181818182,0.838636363636364,0.0218181818181818,0.973983739837398,0.0218181818181818,0,0.00221000249871684
301,"B_smooth_logistic",2800,3400,0.85,0.837857142857143,0.666071428571429,-0.171785714285714,0.794970161977835,0,0.171785714285714,0.00541777358360952
301,"B_smooth_logistic",3400,4000,1,0.670294117647059,0.724117647058824,0.0538235294117647,0.925670186839967,0.0538235294117647,0,0.00344254153389828
302,"A_threshold",1000,1600,0.4,0.031,0.506,0.475,0,0.506,0.031,0.016878173336666
302,"A_threshold",1600,2200,0.55,0.50125,0.58,0.07875,0.864224137931034,0.07875,0,0.00352645035536034
302,"A_threshold",2200,2800,0.7,0.578636363636364,0.58,0.00136363636363634,0.997648902821317,0.00136363636363636,0,0.00118171405975002
302,"A_threshold",2800,3400,0.85,0.573928571428571,0.500357142857143,-0.0735714285714286,0.871810827629123,0,0.0735714285714286,0.00308776699258867
302,"A_threshold",3400,4000,1,0.502941176470588,0.312647058823529,-0.190294117647059,0.621637426900585,0,0.190294117647059,0.00685562073815723
302,"B_smooth_logistic",1000,1600,0.4,1,1,0,1,0,0,0.00621300846278283
302,"B_smooth_logistic",1600,2200,0.55,1,0.975,-0.025,0.975,0,0.025,0.00738993032457388
302,"B_smooth_logistic",2200,2800,0.7,0.975909090909091,1,0.0240909090909091,0.975909090909091,0.0240909090909091,0,0.00401202965906409
302,"B_smooth_logistic",2800,3400,0.85,1,0.869285714285714,-0.130714285714286,0.869285714285714,0,0.130714285714286,0.00924370522509353
302,"B_smooth_logistic",3400,4000,1,0.871176470588235,0.953235294117647,0.0820588235294117,0.913915458191916,0.0820588235294118,0,0.00570243894332884
303,"A_threshold",1000,1600,0.4,0,0,0,1,0,0,0.00942099735436107
303,"A_threshold",1600,2200,0.55,0,0,0,1,0,0,0.0101862798285381
303,"A_threshold",2200,2800,0.7,0,0.0827272727272727,0.0827272727272727,0,0.0827272727272727,0,0.0158609183274889
303,"A_threshold",2800,3400,0.85,0.0896428571428571,0.218928571428571,0.129285714285714,0.409461663947798,0.129285714285714,0,0.00827460252799847
303,"A_threshold",3400,4000,1,0.218235294117647,0.201176470588235,-0.0170588235294118,0.921832884097035,0,0.0170588235294118,0.00201619289798696
303,"B_smooth_logistic",1000,1600,0.4,0.656,1,0.344,0.656,0.344,0,0.0125805307253147
303,"B_smooth_logistic",1600,2200,0.55,1,1,0,1,0,0,0.00147052128872211
303,"B_smooth_logistic",2200,2800,0.7,1,1,0,1,0,0,0.00684746857062619
303,"B_smooth_logistic",2800,3400,0.85,1,0.547142857142857,-0.452857142857143,0.547142857142857,0,0.452857142857143,0.0058116307773851
303,"B_smooth_logistic",3400,4000,1,0.540588235294118,0.727352941176471,0.186764705882353,0.743226849979782,0.186764705882353,0,0.00268917514315481
304,"A_threshold",1000,1600,0.4,0.012,0,-0.012,0,0,0.012,0.0120570995721303
304,"A_threshold",1600,2200,0.55,0,0,0,1,0,0,0.00832421146436447
304,"A_threshold",2200,2800,0.7,0,0.00227272727272727,0.00227272727272727,0,0.00227272727272727,0,0.00521835316157095
304,"A_threshold",2800,3400,0.85,0.00214285714285714,0.0542857142857143,0.0521428571428571,0.0394736842105263,0.0521428571428571,0,0.00390532128326182
304,"A_threshold",3400,4000,1,0.0526470588235294,0.00470588235294118,-0.0479411764705882,0.0893854748603352,0,0.0479411764705882,0.00656213557741397
304,"B_smooth_logistic",1000,1600,0.4,0.918,1,0.082,0.918,0.082,0,0.0111087315180926
304,"B_smooth_logistic",1600,2200,0.55,1,1,0,1,0,0,0.00812190697522825
304,"B_smooth_logistic",2200,2800,0.7,1,1,0,1,0,0,0.0114506441908019
304,"B_smooth_logistic",2800,3400,0.85,1,1,0,1,0,0,0.00157788896568436
304,"B_smooth_logistic",3400,4000,1,1,1,0,1,0,0,0.00185637035062273
305,"A_threshold",1000,1600,0.4,0.281,0.365,0.084,0.76986301369863,0.084,0,0.0154267012141274
305,"A_threshold",1600,2200,0.55,0.36625,0.318125,-0.048125,0.868600682593857,0,0.048125,0.00706023836571768
305,"A_threshold",2200,2800,0.7,0.315454545454545,0.307272727272727,-0.00818181818181818,0.974063400576369,0,0.00818181818181818,0.0034367924209506
305,"A_threshold",2800,3400,0.85,0.301428571428571,0.232857142857143,-0.0685714285714286,0.772511848341232,0,0.0685714285714286,0.0047965095623669
305,"A_threshold",3400,4000,1,0.227352941176471,0.140882352941176,-0.0864705882352941,0.619663648124192,0,0.0864705882352941,0.00313889855652959
305,"B_smooth_logistic",1000,1600,0.4,1,1,0,1,0,0,0.0132103705165291
305,"B_smooth_logistic",1600,2200,0.55,1,1,0,1,0,0,0.00618135854234608
305,"B_smooth_logistic",2200,2800,0.7,1,0.892272727272727,-0.107727272727273,0.892272727272727,0,0.107727272727273,0.013630351147468
305,"B_smooth_logistic",2800,3400,0.85,0.889642857142857,1,0.110357142857143,0.889642857142857,0.110357142857143,0,0.00259429625527123
305,"B_smooth_logistic",3400,4000,1,1,0.971470588235294,-0.0285294117647059,0.971470588235294,0,0.0285294117647059,0.00151485438349743
306,"A_threshold",1000,1600,0.4,0.847,0.708,-0.139,0.555,0.153,0.292,0.0196659587417469
306,"A_threshold",1600,2200,0.55,0.700625,0.855,0.154375,0.819444444444444,0.154375,0,0.003622024592853
306,"A_threshold",2200,2800,0.7,0.861363636363636,0.570454545454545,-0.290909090909091,0.431818181818182,0.138636363636364,0.429545454545455,0.00670234364582904
306,"A_threshold",2800,3400,0.85,0.566428571428571,0.431428571428571,-0.135,0.761664564943254,0,0.135,0.00216200165891412
306,"A_threshold",3400,4000,1,0.426470588235294,0.357941176470588,-0.0685294117647058,0.839310344827586,0,0.0685294117647059,0.00392563366674306
306,"B_smooth_logistic",1000,1600,0.4,0.401,0.579,0.178,0.692573402417962,0.178,0,0.0208899215801094
306,"B_smooth_logistic",1600,2200,0.55,0.58,0.559375,-0.020625,0.964439655172414,0,0.020625,0.001758060059389
306,"B_smooth_logistic",2200,2800,0.7,0.565909090909091,0.542727272727273,-0.0231818181818182,0.959036144578313,0,0.0231818181818182,0.00288295422061116
306,"B_smooth_logistic",2800,3400,0.85,0.545357142857143,0.687142857142857,0.141785714285714,0.793659043659044,0.141785714285714,0,0.0126312363570768
306,"B_smooth_logistic",3400,4000,1,0.683823529411765,0.722058823529412,0.038235294117647,0.947046843177189,0.0382352941176471,0,0.00519458797919102
307,"A_threshold",1000,1600,0.4,0.063,0.951,0.888,0.014,0.937,0.049,0.0155144594175863
307,"A_threshold",1600,2200,0.55,0.949375,0,-0.949375,0,0,0.949375,0.0101343187650371
307,"A_threshold",2200,2800,0.7,0,0.0463636363636364,0.0463636363636364,0,0.0463636363636364,0,0.00363777432042142
307,"A_threshold",2800,3400,0.85,0.0471428571428571,0.000357142857142857,-0.0467857142857143,0.00757575757575758,0,0.0467857142857143,0.00235293969606661
307,"A_threshold",3400,4000,1,0.000294117647058824,0.343529411764706,0.343235294117647,0.000856164383561644,0.343235294117647,0,0.00411831636729592
307,"B_smooth_logistic",1000,1600,0.4,1,0.724,-0.276,0.724,0,0.276,0.0163270411582244
307,"B_smooth_logistic",1600,2200,0.55,0.721875,0.700625,-0.02125,0.970562770562771,0,0.02125,0.00962671799973379
307,"B_smooth_logistic",2200,2800,0.7,0.703181818181818,0.698181818181818,-0.00499999999999989,0.992889463477699,0,0.005,0.000709230980294964
307,"B_smooth_logistic",2800,3400,0.85,0.695,0.673214285714286,-0.0217857142857142,0.968653648509764,0,0.0217857142857143,0.00598986433648699
307,"B_smooth_logistic",3400,4000,1,0.677058823529412,0.725,0.0479411764705883,0.933874239350913,0.0479411764705882,0,0.00499073772993334
308,"A_threshold",1000,1600,0.4,0.215,0.106,-0.109,0.493023255813954,0,0.109,0.0111409402327134
308,"A_threshold",1600,2200,0.55,0.108125,0.163125,0.055,0.662835249042146,0.055,0,0.0059941206482024
308,"A_threshold",2200,2800,0.7,0.172272727272727,0.574545454545455,0.402272727272727,0.299841772151899,0.402272727272727,0,0.0122622843790772
308,"A_threshold",2800,3400,0.85,0.569285714285714,0.985,0.415714285714286,0.577955039883974,0.415714285714286,0,0.00693825735487779
308,"A_threshold",3400,4000,1,0.984117647058824,0.692647058823529,-0.291470588235294,0.703825463239689,0,0.291470588235294,0.00637348932945459
308,"B_smooth_logistic",1000,1600,0.4,0.764,0.803,0.039,0.951432129514321,0.039,0,0.0125085723523518
308,"B_smooth_logistic",1600,2200,0.55,0.803125,0.648125,-0.155,0.807003891050584,0,0.155,0.00945484419193817
308,"B_smooth_logistic",2200,2800,0.7,0.648181818181818,0.644545454545455,-0.00363636363636366,0.994389901823282,0,0.00363636363636364,0.00902987744523503
308,"B_smooth_logistic",2800,3400,0.85,0.648928571428571,0.778571428571429,0.129642857142857,0.83348623853211,0.129642857142857,0,0.00231655407161206
308,"B_smooth_logistic",3400,4000,1,0.772058823529412,0.698823529411765,-0.0732352941176471,0.905142857142857,0,0.0732352941176471,0.00218274396483701
309,"A_threshold",1000,1600,0.4,0.135,0.26,0.125,0.519230769230769,0.125,0,0.0061358951666777
309,"A_threshold",1600,2200,0.55,0.256875,0.411875,0.155,0.623672230652504,0.155,0,0.012177282318162
309,"A_threshold",2200,2800,0.7,0.418181818181818,0.598181818181818,0.18,0.699088145896657,0.18,0,0.0106427902940834
309,"A_threshold",2800,3400,0.85,0.606428571428571,0.505357142857143,-0.101071428571429,0.833333333333333,0,0.101071428571429,0.00555395601338222
309,"A_threshold",3400,4000,1,0.505294117647059,0.375882352941176,-0.129411764705882,0.743888242142026,0,0.129411764705882,0.00619317405508283
309,"B_smooth_logistic",1000,1600,0.4,0.611,0.727,0.116,0.840440165061898,0.116,0,0.00999573742559511
309,"B_smooth_logistic",1600,2200,0.55,0.7325,0.84375,0.11125,0.868148148148148,0.11125,0,0.00794272886376825
309,"B_smooth_logistic",2200,2800,0.7,0.845909090909091,0.943181818181818,0.0972727272727273,0.896867469879518,0.0972727272727273,0,0.00402869524002628
309,"B_smooth_logistic",2800,3400,0.85,0.938928571428571,1,0.0610714285714286,0.938928571428571,0.0610714285714286,0,0.00551206266987947
309,"B_smooth_logistic",3400,4000,1,1,1,0,1,0,0,0.000391722305137281
310,"A_threshold",1000,1600,0.4,0.198,0.005,-0.193,0.0252525252525253,0,0.193,0.012153434913181
310,"A_threshold",1600,2200,0.55,0.005625,0,-0.005625,0,0,0.005625,0.0138830637657019
310,"A_threshold",2200,2800,0.7,0,0,0,1,0,0,0.00427341907427629
310,"A_threshold",2800,3400,0.85,0,0,0,1,0,0,0.00608443121734795
310,"A_threshold",3400,4000,1,0,0,0,1,0,0,0.00475021549253632
310,"B_smooth_logistic",1000,1600,0.4,0.959,1,0.041,0.959,0.041,0,0.00781428496727593
310,"B_smooth_logistic",1600,2200,0.55,1,1,0,1,0,0,0.00609599848912649
310,"B_smooth_logistic",2200,2800,0.7,1,1,0,1,0,0,0.00317876471148644
310,"B_smooth_logistic",2800,3400,0.85,1,1,0,1,0,0,0.0048833683846886
310,"B_smooth_logistic",3400,4000,1,1,1,0,1,0,0,0.0049272300638527
311,"A_threshold",1000,1600,0.4,0.441,0.417,-0.024,0.945578231292517,0,0.024,0.0155348979813575
311,"A_threshold",1600,2200,0.55,0.4225,0.465625,0.043125,0.90738255033557,0.043125,0,0.00659322312383807
311,"A_threshold",2200,2800,0.7,0.468636363636364,0.459090909090909,-0.00954545454545452,0.979631425800194,0,0.00954545454545455,0.00401324282621854
311,"A_threshold",2800,3400,0.85,0.4525,0.382142857142857,-0.0703571428571429,0.844514601420679,0,0.0703571428571429,0.00508511077925234
311,"A_threshold",3400,4000,1,0.381470588235294,0.383235294117647,0.00176470588235295,0.995395241749808,0.00176470588235294,0,0.00236565803656935
311,"B_smooth_logistic",1000,1600,0.4,0.436,0.623,0.187,0.69983948635634,0.187,0,0.02144084774134
311,"B_smooth_logistic",1600,2200,0.55,0.624375,0.62375,-0.000624999999999987,0.998998998998999,0,0.000625,0.00274679912676274
311,"B_smooth_logistic",2200,2800,0.7,0.620454545454545,0.590454545454545,-0.03,0.951648351648352,0,0.03,0.00456590115510506
311,"B_smooth_logistic",2800,3400,0.85,0.585357142857143,0.569642857142857,-0.0157142857142858,0.973154362416107,0,0.0157142857142857,0.00277731038280394
311,"B_smooth_logistic",3400,4000,1,0.570882352941177,0.647941176470588,0.0770588235294117,0.881071266454834,0.0770588235294118,0,0.00599067398406461
312,"A_threshold",1000,1600,0.4,0.002,0.051,0.049,0,0.051,0.002,0.0115824495704847
312,"A_threshold",1600,2200,0.55,0.05375,0.021875,-0.031875,0.406976744186047,0,0.031875,0.00548491346522505
312,"A_threshold",2200,2800,0.7,0.0245454545454545,0,-0.0245454545454545,0,0,0.0245454545454545,0.00897894967309741
312,"A_threshold",2800,3400,0.85,0,0.000714285714285714,0.000714285714285714,0,0.000714285714285714,0,0.00176558353903628
312,"A_threshold",3400,4000,1,0.000588235294117647,0.0361764705882353,0.0355882352941176,0.016260162601626,0.0355882352941176,0,0.00247391009221466
312,"B_smooth_logistic",1000,1600,0.4,0.752,0.858,0.106,0.876456876456876,0.106,0,0.00464916808612372
312,"B_smooth_logistic",1600,2200,0.55,0.863125,0.755625,-0.1075,0.875452570601014,0,0.1075,0.00340682976079149
312,"B_smooth_logistic",2200,2800,0.7,0.753636363636364,0.748181818181818,-0.00545454545454549,0.992762364294331,0,0.00545454545454545,0.000460555974476335
312,"B_smooth_logistic",2800,3400,0.85,0.748571428571429,0.6825,-0.0660714285714286,0.911736641221374,0,0.0660714285714286,0.00316311429500635
312,"B_smooth_logistic",3400,4000,1,0.687058823529412,0.767647058823529,0.0805882352941177,0.895019157088123,0.0805882352941176,0,0.00460653023555906
313,"A_threshold",1000,1600,0.4,0.27,0.124,-0.146,0.459259259259259,0,0.146,0.00566115016678109
313,"A_threshold",1600,2200,0.55,0.129375,0.045625,-0.08375,0.352657004830918,0,0.08375,0.00396362763962531
313,"A_threshold",2200,2800,0.7,0.0459090909090909,0.000454545454545455,-0.0454545454545454,0.0099009900990099,0,0.0454545454545455,0.00380400257996006
313,"A_threshold",2800,3400,0.85,0.000714285714285714,0,-0.000714285714285714,0,0,0.000714285714285714,0.00590776433528187
313,"A_threshold",3400,4000,1,0,0,0,1,0,0,0.00475721801111526
313,"B_smooth_logistic",1000,1600,0.4,0.642,0.741,0.099,0.866396761133603,0.099,0,0.0188133998942309
313,"B_smooth_logistic",1600,2200,0.55,0.760625,0.738125,-0.0225,0.970419063270337,0,0.0225,0.00556353101806043
313,"B_smooth_logistic",2200,2800,0.7,0.740909090909091,0.730454545454545,-0.0104545454545455,0.985889570552147,0,0.0104545454545455,0.00423096888605901
313,"B_smooth_logistic",2800,3400,0.85,0.738571428571429,0.713214285714286,-0.0253571428571429,0.965667311411992,0,0.0253571428571429,0.00417269892491046
313,"B_smooth_logistic",3400,4000,1,0.714705882352941,0.687352941176471,-0.0273529411764706,0.961728395061728,0,0.0273529411764706,0.00180693799424931
314,"A_threshold",1000,1600,0.4,0.04,0.064,0.024,0.625,0.024,0,0.00265514207300046
314,"A_threshold",1600,2200,0.55,0.069375,0.036875,-0.0325,0.531531531531532,0,0.0325,0.0105530471955698
314,"A_threshold",2200,2800,0.7,0.035,0.151818181818182,0.116818181818182,0.230538922155689,0.116818181818182,0,0.00465658817557305
314,"A_threshold",2800,3400,0.85,0.152857142857143,0.117857142857143,-0.035,0.771028037383178,0,0.035,0.00117715700096136
314,"A_threshold",3400,4000,1,0.118235294117647,0.195,0.0767647058823529,0.606334841628959,0.0767647058823529,0,0.00321339361468668
314,"B_smooth_logistic",1000,1600,0.4,0.544,0.744,0.2,0.731182795698925,0.2,0,0.02033803429642
314,"B_smooth_logistic",1600,2200,0.55,0.740625,0.790625,0.05,0.936758893280632,0.05,0,0.00183982738878767
314,"B_smooth_logistic",2200,2800,0.7,0.792272727272727,0.817727272727273,0.0254545454545455,0.968871595330739,0.0254545454545455,0,0.00342671843264234
314,"B_smooth_logistic",2800,3400,0.85,0.815357142857143,0.875357142857143,0.0599999999999999,0.931456548347613,0.06,0,0.00487209307190251
314,"B_smooth_logistic",3400,4000,1,0.874411764705882,1,0.125588235294118,0.874411764705882,0.125588235294118,0,0.00531684724668023
315,"A_threshold",1000,1600,0.4,0.194,0.18,-0.014,0.927835051546392,0,0.014,0.0144386937965888
315,"A_threshold",1600,2200,0.55,0.165625,0.273125,0.1075,0.606407322654462,0.1075,0,0.00817754608679666
315,"A_threshold",2200,2800,0.7,0.273181818181818,0.391363636363636,0.118181818181818,0.698025551684088,0.118181818181818,0,0.00803872533171735
315,"A_threshold",2800,3400,0.85,0.385357142857143,0.362857142857143,-0.0225,0.941612604263207,0,0.0225,0.006957754961298
315,"A_threshold",3400,4000,1,0.362352941176471,0.371764705882353,0.00941176470588234,0.974683544303797,0.00941176470588235,0,0.00465561371922649
315,"B_smooth_logistic",1000,1600,0.4,1,0.931,-0.069,0.931,0,0.069,0.019933179941856
315,"B_smooth_logistic",1600,2200,0.55,0.925,1,0.075,0.925,0.075,0,0.00472569548377866
315,"B_smooth_logistic",2200,2800,0.7,1,1,0,1,0,0,0.00284327135983888
315,"B_smooth_logistic",2800,3400,0.85,1,1,0,1,0,0,0.00607870559556662
315,"B_smooth_logistic",3400,4000,1,1,1,0,1,0,0,0.00600998659165763
316,"A_threshold",1000,1600,0.4,0.979,0.776,-0.203,0.792645556690501,0,0.203,0.00465279016304151
316,"A_threshold",1600,2200,0.55,0.78125,0.82375,0.0425,0.948406676783004,0.0425,0,0.00791307517760051
316,"A_threshold",2200,2800,0.7,0.824090909090909,0.5,-0.324090909090909,0.60672917815775,0,0.324090909090909,0.0138954266188758
316,"A_threshold",2800,3400,0.85,0.495,0.537142857142857,0.0421428571428571,0.921542553191489,0.0421428571428571,0,0.00227981793867862
316,"A_threshold",3400,4000,1,0.533529411764706,0.410882352941176,-0.122647058823529,0.770121278941566,0,0.122647058823529,0.00440859574095921
316,"B_smooth_logistic",1000,1600,0.4,0.757,0.817,0.0599999999999999,0.9265605875153,0.06,0,0.0158590578487811
316,"B_smooth_logistic",1600,2200,0.55,0.8175,0.746875,-0.070625,0.913608562691132,0,0.070625,0.00781885734384591
316,"B_smooth_logistic",2200,2800,0.7,0.744545454545455,0.730909090909091,-0.0136363636363636,0.981684981684982,0,0.0136363636363636,0.00220474183194667
316,"B_smooth_logistic",2800,3400,0.85,0.723928571428571,0.828571428571429,0.104642857142857,0.873706896551724,0.104642857142857,0,0.00716203054222405
316,"B_smooth_logistic",3400,4000,1,0.828823529411765,0.997352941176471,0.168529411764706,0.831023296962548,0.168529411764706,0,0.00745455042897908
317,"A_threshold",1000,1600,0.4,0.362,0.161,-0.201,0.44475138121547,0,0.201,0.0101068075248082
317,"A_threshold",1600,2200,0.55,0.168125,0.19625,0.028125,0.856687898089172,0.028125,0,0.00257701482211828
317,"A_threshold",2200,2800,0.7,0.196363636363636,0.171363636363636,-0.025,0.872685185185185,0,0.025,0.00136674681097124
317,"A_threshold",2800,3400,0.85,0.178571428571429,0.149642857142857,-0.0289285714285714,0.838,0,0.0289285714285714,0.00159129809864293
317,"A_threshold",3400,4000,1,0.152352941176471,0.175294117647059,0.0229411764705882,0.869127516778524,0.0229411764705882,0,0.00594139958872682
317,"B_smooth_logistic",1000,1600,0.4,0.267,0.8,0.533,0.33375,0.533,0,0.0172694423414938
317,"B_smooth_logistic",1600,2200,0.55,0.794375,1,0.205625,0.794375,0.205625,0,0.0085965524131902
317,"B_smooth_logistic",2200,2800,0.7,1,1,0,1,0,0,0.00449637910741664
317,"B_smooth_logistic",2800,3400,0.85,1,1,0,1,0,0,0.00607982941344793
317,"B_smooth_logistic",3400,4000,1,1,1,0,1,0,0,0.00368238719661758
318,"A_threshold",1000,1600,0.4,0,0.235,0.235,0,0.235,0,0.0149342464762439
318,"A_threshold",1600,2200,0.55,0.24,0.34875,0.10875,0.688172043010753,0.10875,0,0.00513523057901864
318,"A_threshold",2200,2800,0.7,0.343181818181818,0.275454545454545,-0.0677272727272727,0.802649006622517,0,0.0677272727272727,0.0048774537059472
318,"A_threshold",2800,3400,0.85,0.2725,0.3575,0.085,0.762237762237762,0.085,0,0.00645894406599984
318,"A_threshold",3400,4000,1,0.364705882352941,0.351176470588235,-0.0135294117647058,0.962903225806452,0,0.0135294117647059,0.0015751221262637
318,"B_smooth_logistic",1000,1600,0.4,0.96,1,0.04,0.96,0.04,0,0.0243278608494952
318,"B_smooth_logistic",1600,2200,0.55,1,1,0,1,0,0,0.00757470921186772
318,"B_smooth_logistic",2200,2800,0.7,1,1,0,1,0,0,0.00383458887818634
318,"B_smooth_logistic",2800,3400,0.85,1,0.926071428571429,-0.0739285714285715,0.926071428571429,0,0.0739285714285714,0.00598713991052826
318,"B_smooth_logistic",3400,4000,1,0.928823529411765,1,0.0711764705882353,0.928823529411765,0.0711764705882353,0,0.00428782609000336
319,"A_threshold",1000,1600,0.4,0,0.102,0.102,0,0.102,0,0.00847768675916388
319,"A_threshold",1600,2200,0.55,0.1075,0.045,-0.0625,0.418604651162791,0,0.0625,0.00298143073062772
319,"A_threshold",2200,2800,0.7,0.0440909090909091,0.00363636363636364,-0.0404545454545455,0.0824742268041237,0,0.0404545454545455,0.0053488306609879
319,"A_threshold",2800,3400,0.85,0.00321428571428571,0.0157142857142857,0.0125,0.204545454545455,0.0125,0,0.00164785591633731
319,"A_threshold",3400,4000,1,0.0141176470588235,0.000294117647058824,-0.0138235294117647,0.0208333333333333,0,0.0138235294117647,0.0039890230728943
319,"B_smooth_logistic",1000,1600,0.4,1,1,0,1,0,0,0.00474087127394826
319,"B_smooth_logistic",1600,2200,0.55,1,1,0,1,0,0,0.0153412607165169
319,"B_smooth_logistic",2200,2800,0.7,1,1,0,1,0,0,0.00786048650914907
319,"B_smooth_logistic",2800,3400,0.85,1,0.970714285714286,-0.0292857142857142,0.970714285714286,0,0.0292857142857143,0.00307310211124313
319,"B_smooth_logistic",3400,4000,1,0.972647058823529,0.967352941176471,-0.00529411764705878,0.994557000302389,0,0.00529411764705882,0.000662178157187558
320,"A_threshold",1000,1600,0.4,0.754,0.68,-0.074,0.901856763925729,0,0.074,0.006376427785409
320,"A_threshold",1600,2200,0.55,0.686875,0.19875,-0.488125,0.289353958143767,0,0.488125,0.0140536899766707
320,"A_threshold",2200,2800,0.7,0.185909090909091,0.0472727272727273,-0.138636363636364,0.254278728606357,0,0.138636363636364,0.00515360660718679
320,"A_threshold",2800,3400,0.85,0.045,0.108928571428571,0.0639285714285714,0.413114754098361,0.0639285714285714,0,0.00810616799587739
320,"A_threshold",3400,4000,1,0.105882352941176,0.961470588235294,0.855588235294118,0.0673529411764706,0.894117647058824,0.0385294117647059,0.00430538006874866
320,"B_smooth_logistic",1000,1600,0.4,1,0.618,-0.382,0.618,0,0.382,0.024078978878732
320,"B_smooth_logistic",1600,2200,0.55,0.614375,0.709375,0.095,0.866079295154185,0.095,0,0.00548847220245585
320,"B_smooth_logistic",2200,2800,0.7,0.708181818181818,0.635,-0.0731818181818181,0.896662387676508,0,0.0731818181818182,0.00343109541737103
320,"B_smooth_logistic",2800,3400,0.85,0.635,0.803928571428571,0.168928571428571,0.789871168369613,0.168928571428571,0,0.00501756524682019
320,"B_smooth_logistic",3400,4000,1,0.8,0.975882352941176,0.175882352941176,0.819770946353225,0.175882352941176,0,0.00301941105347593
321,"A_threshold",1000,1600,0.4,0.572,0,-0.572,0,0,0.572,0.0181603808896544
321,"A_threshold",1600,2200,0.55,0,0.00375,0.00375,0,0.00375,0,0.0110123345529783
321,"A_threshold",2200,2800,0.7,0.00454545454545455,0.0118181818181818,0.00727272727272727,0.384615384615385,0.00727272727272727,0,0.0020387634460645
321,"A_threshold",2800,3400,0.85,0.0114285714285714,0,-0.0114285714285714,0,0,0.0114285714285714,0.0030304962712396
321,"A_threshold",3400,4000,1,0.000294117647058824,0.0197058823529412,0.0194117647058824,0.0149253731343284,0.0194117647058824,0,0.00276914460166176
321,"B_smooth_logistic",1000,1600,0.4,0.705,0.863,0.158,0.816917728852839,0.158,0,0.0118205234727853
321,"B_smooth_logistic",1600,2200,0.55,0.861875,0.909375,0.0475000000000001,0.947766323024055,0.0475,0,0.00316383846515775
321,"B_smooth_logistic",2200,2800,0.7,0.906818181818182,0.974545454545454,0.0677272727272726,0.930503731343284,0.0677272727272727,0,0.0114545866359192
321,"B_smooth_logistic",2800,3400,0.85,0.975714285714286,0.880357142857143,-0.0953571428571429,0.902269399707174,0,0.0953571428571429,0.00355801743937189
321,"B_smooth_logistic",3400,4000,1,0.881176470588235,0.916176470588235,0.0349999999999999,0.961797752808989,0.035,0,0.00400730247967049
322,"A_threshold",1000,1600,0.4,0.493,0.383,-0.11,0.776876267748479,0,0.11,0.00868387333874479
322,"A_threshold",1600,2200,0.55,0.391875,0.30875,-0.0831249999999999,0.787878787878788,0,0.083125,0.0110152803570463
322,"A_threshold",2200,2800,0.7,0.305909090909091,0.393636363636364,0.0877272727272727,0.777136258660508,0.0877272727272727,0,0.00571671552147406
322,"A_threshold",2800,3400,0.85,0.395,0.418928571428571,0.0239285714285714,0.942881500426258,0.0239285714285714,0,0.0019888119477065
322,"A_threshold",3400,4000,1,0.417941176470588,0.393529411764706,-0.0244117647058824,0.941590429275158,0,0.0244117647058824,0.00198354890819159
322,"B_smooth_logistic",1000,1600,0.4,0.714,1,0.286,0.714,0.286,0,0.0146548383496392
322,"B_smooth_logistic",1600,2200,0.55,1,1,0,1,0,0,0.016095320563793
322,"B_smooth_logistic",2200,2800,0.7,1,1,0,1,0,0,0.00544437640152948
322,"B_smooth_logistic",2800,3400,0.85,1,0.834285714285714,-0.165714285714286,0.834285714285714,0,0.165714285714286,0.00313374372257485
322,"B_smooth_logistic",3400,4000,1,0.832352941176471,0.851176470588235,0.0188235294117647,0.977885279889426,0.0188235294117647,0,0.00369325929481651
323,"A_threshold",1000,1600,0.4,0.37,0.321,-0.049,0.867567567567568,0,0.049,0.0107095568762516
323,"A_threshold",1600,2200,0.55,0.319375,0.35,0.030625,0.9125,0.030625,0,0.00485286092581236
323,"A_threshold",2200,2800,0.7,0.349090909090909,0.379545454545455,0.0304545454545454,0.919760479041916,0.0304545454545455,0,0.00466861098990775
323,"A_threshold",2800,3400,0.85,0.376071428571429,0.228571428571429,-0.1475,0.607787274453941,0,0.1475,0.0108596557518033
323,"A_threshold",3400,4000,1,0.233529411764706,0.33,0.0964705882352941,0.707664884135472,0.0964705882352941,0,0.00835888873617833
323,"B_smooth_logistic",1000,1600,0.4,0.589,0.544,-0.0449999999999999,0.923599320882852,0,0.045,0.015914703037226
323,"B_smooth_logistic",1600,2200,0.55,0.561875,0.659375,0.0975,0.852132701421801,0.0975,0,0.00979215752142769
323,"B_smooth_logistic",2200,2800,0.7,0.652727272727273,0.823636363636364,0.170909090909091,0.792494481236203,0.170909090909091,0,0.00773978391257242
323,"B_smooth_logistic",2800,3400,0.85,0.820714285714286,0.820714285714286,0,1,0,0,0.00793589398278413
323,"B_smooth_logistic",3400,4000,1,0.822647058823529,0.719411764705882,-0.103235294117647,0.874508401859135,0,0.103235294117647,0.00383331566231788
324,"A_threshold",1000,1600,0.4,0,0.674,0.674,0,0.674,0,0.0357128073544382
324,"A_threshold",1600,2200,0.55,0.67625,0.59875,-0.0775,0.88539741219963,0,0.0775,0.00410278853358822
324,"A_threshold",2200,2800,0.7,0.596818181818182,0.55,-0.0468181818181818,0.921553693830922,0,0.0468181818181818,0.00463492289954593
324,"A_threshold",2800,3400,0.85,0.5475,0.507857142857143,-0.0396428571428571,0.927592954990215,0,0.0396428571428571,0.00177509578261843
324,"A_threshold",3400,4000,1,0.500882352941176,0.535882352941176,0.035,0.934687156970362,0.035,0,0.00238417828754045
324,"B_smooth_logistic",1000,1600,0.4,1,0.678,-0.322,0.678,0,0.322,0.0179422402493602
324,"B_smooth_logistic",1600,2200,0.55,0.675,0.726875,0.051875,0.928632846087704,0.051875,0,0.00331663729048188
324,"B_smooth_logistic",2200,2800,0.7,0.725909090909091,0.618181818181818,-0.107727272727273,0.851596743894803,0,0.107727272727273,0.00621734709381862
324,"B_smooth_logistic",2800,3400,0.85,0.619642857142857,0.816428571428571,0.196785714285714,0.758967629046369,0.196785714285714,0,0.00811864473196291
324,"B_smooth_logistic",3400,4000,1,0.818235294117647,0.743823529411765,-0.0744117647058824,0.909058231488138,0,0.0744117647058824,0.00519999997735275
325,"A_threshold",1000,1600,0.4,0.041,0.197,0.156,0.208121827411168,0.156,0,0.00921929803418417
325,"A_threshold",1600,2200,0.55,0.19875,0.000625,-0.198125,0,0.000625,0.19875,0.0116362295943618
325,"A_threshold",2200,2800,0.7,0.000909090909090909,0.934545454545455,0.933636363636364,0,0.934545454545455,0.000909090909090909,0.00820765555376324
325,"A_threshold",2800,3400,0.85,0.936785714285714,0.03,-0.906785714285714,0.0320243995425086,0,0.906785714285714,0.00928809293368395
325,"A_threshold",3400,4000,1,0.0317647058823529,0,-0.0317647058823529,0,0,0.0317647058823529,0.00487822414701099
325,"B_smooth_logistic",1000,1600,0.4,1,0.918,-0.082,0.918,0,0.082,0.010012848712456
325,"B_smooth_logistic",1600,2200,0.55,0.916875,0.82625,-0.090625,0.901158827539196,0,0.090625,0.0121591933654552
325,"B_smooth_logistic",2200,2800,0.7,0.83,0.814545454545455,-0.0154545454545454,0.981380065717415,0,0.0154545454545455,0.00548241024429316
325,"B_smooth_logistic",2800,3400,0.85,0.810357142857143,0.798571428571429,-0.0117857142857143,0.985456148082856,0,0.0117857142857143,0.00446019481329209
325,"B_smooth_logistic",3400,4000,1,0.8,0.846470588235294,0.046470588235294,0.945100764419736,0.0464705882352941,0,0.00311410985433794
326,"A_threshold",1000,1600,0.4,0.492,0.3,-0.192,0.609756097560976,0,0.192,0.00856013627325639
326,"A_threshold",1600,2200,0.55,0.303125,0.048125,-0.255,0.158762886597938,0,0.255,0.00657040802917442
326,"A_threshold",2200,2800,0.7,0.0486363636363636,0.192727272727273,0.144090909090909,0.252358490566038,0.144090909090909,0,0.00395129717444124
326,"A_threshold",2800,3400,0.85,0.19,0.133571428571429,-0.0564285714285714,0.703007518796993,0,0.0564285714285714,0.00461693699741353
326,"A_threshold",3400,4000,1,0.130588235294118,0.208823529411765,0.0782352941176471,0.625352112676056,0.0782352941176471,0,0.00314583989327347
326,"B_smooth_logistic",1000,1600,0.4,0.5,0.545,0.045,0.917431192660551,0.045,0,0.00905725086227272
326,"B_smooth_logistic",1600,2200,0.55,0.5425,0.55875,0.01625,0.970917225950783,0.01625,0,0.00156060375261266
326,"B_smooth_logistic",2200,2800,0.7,0.560454545454545,0.608181818181818,0.0477272727272727,0.92152466367713,0.0477272727272727,0,0.00439583480808596
326,"B_smooth_logistic",2800,3400,0.85,0.613214285714286,0.655714285714286,0.0425,0.935185185185185,0.0425,0,0.00483308153270441
326,"B_smooth_logistic",3400,4000,1,0.654117647058824,0.660588235294118,0.00647058823529412,0.990204808548531,0.00647058823529412,0,0.00543461310042049
327,"A_threshold",1000,1600,0.4,0.001,0.043,0.042,0,0.043,0.001,0.0178077871798211
327,"A_threshold",1600,2200,0.55,0.041875,0.030625,-0.01125,0,0.030625,0.041875,0.00602390444888777
327,"A_threshold",2200,2800,0.7,0.0318181818181818,0.619090909090909,0.587272727272727,0.0513950073421439,0.587272727272727,0,0.00747657099947969
327,"A_threshold",2800,3400,0.85,0.624642857142857,0.343214285714286,-0.281428571428571,0.5494568324757,0,0.281428571428571,0.00669399119781808
327,"A_threshold",3400,4000,1,0.342058823529412,0.211470588235294,-0.130588235294118,0.61822871883061,0,0.130588235294118,0.0036766964227405
327,"B_smooth_logistic",1000,1600,0.4,0.593,0.49,-0.103,0.826306913996627,0,0.103,0.0058939154411655
327,"B_smooth_logistic",1600,2200,0.55,0.481875,0.615,0.133125,0.783536585365854,0.133125,0,0.00890572900782674
327,"B_smooth_logistic",2200,2800,0.7,0.622272727272727,0.868636363636364,0.246363636363636,0.716378859236002,0.246363636363636,0,0.00933417137730975
327,"B_smooth_logistic",2800,3400,0.85,0.863571428571429,0.787142857142857,-0.0764285714285714,0.911497105045492,0,0.0764285714285714,0.0012813092074949
327,"B_smooth_logistic",3400,4000,1,0.789411764705882,0.733235294117647,-0.0561764705882353,0.928837555886736,0,0.0561764705882353,0.00275526214770836
328,"A_threshold",1000,1600,0.4,0.32,0.317,-0.003,0.990625,0,0.003,0.0119694608241285
328,"A_threshold",1600,2200,0.55,0.318125,0.6,0.281875,0.530208333333333,0.281875,0,0.00774421077367663
328,"A_threshold",2200,2800,0.7,0.611363636363636,0.587272727272727,-0.0240909090909091,0.960594795539033,0,0.0240909090909091,0.00783772466983057
328,"A_threshold",2800,3400,0.85,0.582857142857143,0,-0.582857142857143,0,0,0.582857142857143,0.00498316272869558
328,"A_threshold",3400,4000,1,0,0.278235294117647,0.278235294117647,0,0.278235294117647,0,0.00293324009632089
328,"B_smooth_logistic",1000,1600,0.4,0.543,0.021,-0.522,0.0386740331491713,0,0.522,0.0125347714641429
328,"B_smooth_logistic",1600,2200,0.55,0.020625,0.905,0.884375,0.0227900552486188,0.884375,0,0.0202500535759354
328,"B_smooth_logistic",2200,2800,0.7,0.911363636363636,0.723636363636364,-0.187727272727273,0.794014962593516,0,0.187727272727273,0.00868430510018269
328,"B_smooth_logistic",2800,3400,0.85,0.720357142857143,0.724285714285714,0.0039285714285715,0.994575936883629,0.00392857142857143,0,0.00209885142673843
328,"B_smooth_logistic",3400,4000,1,0.723823529411765,0.660882352941176,-0.0629411764705883,0.91304347826087,0,0.0629411764705882,0.0027483785884815
329,"A_threshold",1000,1600,0.4,0.02,0.067,0.047,0.298507462686567,0.047,0,0.00491536716384581
329,"A_threshold",1600,2200,0.55,0.061875,0,-0.061875,0,0,0.061875,0.00748140651036276
329,"A_threshold",2200,2800,0.7,0,0,0,1,0,0,0.00339615000576796
329,"A_threshold",2800,3400,0.85,0,0.0025,0.0025,0,0.0025,0,0.00731616664619729
329,"A_threshold",3400,4000,1,0.00235294117647059,0.0220588235294118,0.0197058823529412,0.106666666666667,0.0197058823529412,0,0.00188239479621774
329,"B_smooth_logistic",1000,1600,0.4,1,1,0,1,0,0,0.00784049524433749
329,"B_smooth_logistic",1600,2200,0.55,1,0.7825,-0.2175,0.7825,0,0.2175,0.0133249190064099
329,"B_smooth_logistic",2200,2800,0.7,0.783636363636364,0.785,0.00136363636363634,0.998262883613202,0.00136363636363636,0,0.00131878903671947
329,"B_smooth_logistic",2800,3400,0.85,0.781428571428571,0.663571428571429,-0.117857142857143,0.849177330895795,0,0.117857142857143,0.00513387983385216
329,"B_smooth_logistic",3400,4000,1,0.662941176470588,0.647352941176471,-0.0155882352941177,0.976486246672582,0,0.0155882352941176,0.00712465277209202
330,"A_threshold",1000,1600,0.4,0.245,0.267,0.022,0.917602996254682,0.022,0,0.00404240477389793
330,"A_threshold",1600,2200,0.55,0.286875,0.37625,0.089375,0.762458471760797,0.089375,0,0.0101543701537897
330,"A_threshold",2200,2800,0.7,0.375454545454545,0.405909090909091,0.0304545454545455,0.924972004479283,0.0304545454545455,0,0.00531315255989135
330,"A_threshold",2800,3400,0.85,0.405357142857143,0.255714285714286,-0.149642857142857,0.630837004405286,0,0.149642857142857,0.00783661807399705
330,"A_threshold",3400,4000,1,0.259411764705882,0.178529411764706,-0.0808823529411765,0.688208616780045,0,0.0808823529411765,0.00282752353008761
330,"B_smooth_logistic",1000,1600,0.4,1,1,0,1,0,0,0.00766394387257058
330,"B_smooth_logistic",1600,2200,0.55,1,1,0,1,0,0,0.0128961763757184
330,"B_smooth_logistic",2200,2800,0.7,1,1,0,1,0,0,0.00504800334158568
330,"B_smooth_logistic",2800,3400,0.85,1,1,0,1,0,0,0.00264047962148356
330,"B_smooth_logistic",3400,4000,1,1,1,0,1,0,0,0.0050640936764434
331,"A_threshold",1000,1600,0.4,0.63,0.507,-0.123,0.804761904761905,0,0.123,0.0111475425197768
331,"A_threshold",1600,2200,0.55,0.528125,0.448125,-0.08,0.848520710059172,0,0.08,0.00566502843289002
331,"A_threshold",2200,2800,0.7,0.457272727272727,0.583636363636364,0.126363636363636,0.783489096573209,0.126363636363636,0,0.00953418660557254
331,"A_threshold",2800,3400,0.85,0.583928571428571,0.531071428571429,-0.0528571428571429,0.909480122324159,0,0.0528571428571429,0.0057210427418282
331,"A_threshold",3400,4000,1,0.534705882352941,0.592352941176471,0.0576470588235295,0.902681231380338,0.0576470588235294,0,0.00353779900646167
331,"B_smooth_logistic",1000,1600,0.4,0.56,0.713,0.153,0.785413744740533,0.153,0,0.011838077324766
331,"B_smooth_logistic",1600,2200,0.55,0.70875,1,0.29125,0.70875,0.29125,0,0.0090303094900896
331,"B_smooth_logistic",2200,2800,0.7,1,1,0,1,0,0,0.00435635759711356
331,"B_smooth_logistic",2800,3400,0.85,1,1,0,1,0,0,0.00151226308742635
331,"B_smooth_logistic",3400,4000,1,1,1,0,1,0,0,0.00216355929786679
332,"A_threshold",1000,1600,0.4,0,0,0,1,0,0,0.00927913063087549
332,"A_threshold",1600,2200,0.55,0,0,0,1,0,0,0.00266221097009353
332,"A_threshold",2200,2800,0.7,0,0,0,1,0,0,0.00267473927516524
332,"A_threshold",2800,3400,0.85,0,0.0135714285714286,0.0135714285714286,0,0.0135714285714286,0,0.01114002707117
332,"A_threshold",3400,4000,1,0.0129411764705882,0.04,0.0270588235294118,0.323529411764706,0.0270588235294118,0,0.00156230040998815
332,"B_smooth_logistic",1000,1600,0.4,0.786,0.7,-0.0860000000000001,0.89058524173028,0,0.086,0.00866646741809761
332,"B_smooth_logistic",1600,2200,0.55,0.710625,0.804375,0.09375,0.883449883449883,0.09375,0,0.00656256001581244
332,"B_smooth_logistic",2200,2800,0.7,0.796818181818182,1,0.203181818181818,0.796818181818182,0.203181818181818,0,0.0115698517840855
332,"B_smooth_logistic",2800,3400,0.85,1,1,0,1,0,0,0.00427027446409345
332,"B_smooth_logistic",3400,4000,1,1,1,0,1,0,0,0.00616862548212814
333,"A_threshold",1000,1600,0.4,1,0.976,-0.024,0.976,0,0.024,0.00844356375668701
333,"A_threshold",1600,2200,0.55,0.976875,0.7075,-0.269375,0.72424824056302,0,0.269375,0.0127444384628389
333,"A_threshold",2200,2800,0.7,0.702727272727273,0.995454545454545,0.292727272727273,0.705936073059361,0.292727272727273,0,0.00694087278200423
333,"A_threshold",2800,3400,0.85,0.995357142857143,0.270357142857143,-0.725,0.271618227484751,0,0.725,0.00663916478722875
333,"A_threshold",3400,4000,1,0.268529411764706,0.00117647058823529,-0.267352941176471,0.00438116100766703,0,0.267352941176471,0.00546563871898259
333,"B_smooth_logistic",1000,1600,0.4,0.962,1,0.038,0.962,0.038,0,0.0172608131606871
333,"B_smooth_logistic",1600,2200,0.55,1,0.721875,-0.278125,0.721875,0,0.278125,0.00737609773065007
333,"B_smooth_logistic",2200,2800,0.7,0.717272727272727,0.754545454545455,0.0372727272727272,0.950602409638554,0.0372727272727273,0,0.00600876237278861
333,"B_smooth_logistic",2800,3400,0.85,0.756071428571429,0.691785714285714,-0.0642857142857143,0.914974019839395,0,0.0642857142857143,0.00336704967851583
333,"B_smooth_logistic",3400,4000,1,0.696176470588235,0.741470588235294,0.0452941176470588,0.938913129710432,0.0452941176470588,0,0.0029040998198135
334,"A_threshold",1000,1600,0.4,0.444,0.441,-0.003,0.993243243243243,0,0.003,0.0118038215262484
334,"A_threshold",1600,2200,0.55,0.4275,0.063125,-0.364375,0.14766081871345,0,0.364375,0.0105724561436459
334,"A_threshold",2200,2800,0.7,0.0636363636363636,0,-0.0636363636363636,0,0,0.0636363636363636,0.00407650047408238
334,"A_threshold",2800,3400,0.85,0,0,0,1,0,0,0.00358771195896062
334,"A_threshold",3400,4000,1,0,0,0,1,0,0,0.00341152767324576
334,"B_smooth_logistic",1000,1600,0.4,1,1,0,1,0,0,0.00609972385540619
334,"B_smooth_logistic",1600,2200,0.55,1,0.933125,-0.066875,0.933125,0,0.066875,0.00485189485963427
334,"B_smooth_logistic",2200,2800,0.7,0.932727272727273,0.768181818181818,-0.164545454545455,0.823586744639376,0,0.164545454545455,0.0044197763026183
334,"B_smooth_logistic",2800,3400,0.85,0.761428571428571,0.837857142857143,0.0764285714285714,0.908780903665814,0.0764285714285714,0,0.00214155651199948
334,"B_smooth_logistic",3400,4000,1,0.836470588235294,0.948529411764706,0.112058823529412,0.881860465116279,0.112058823529412,0,0.00339076804651616
335,"A_threshold",1000,1600,0.4,0.366,0.286,-0.08,0.781420765027322,0,0.08,0.0090516627392721
335,"A_threshold",1600,2200,0.55,0.290625,0.25875,-0.031875,0.890322580645161,0,0.031875,0.0122439040570405
335,"A_threshold",2200,2800,0.7,0.264090909090909,0.317272727272727,0.0531818181818182,0.832378223495702,0.0531818181818182,0,0.00364294797517497
335,"A_threshold",2800,3400,0.85,0.315357142857143,0.258928571428571,-0.0564285714285714,0.821064552661382,0,0.0564285714285714,0.00398225028862328
335,"A_threshold",3400,4000,1,0.257352941176471,0.281764705882353,0.0244117647058824,0.913361169102296,0.0244117647058824,0,0.00195920270639845
335,"B_smooth_logistic",1000,1600,0.4,0.661,0.512,-0.149,0.774583963691377,0,0.149,0.0195923834953508
335,"B_smooth_logistic",1600,2200,0.55,0.524375,0.606875,0.0825,0.864057672502575,0.0825,0,0.00996947253120865
335,"B_smooth_logistic",2200,2800,0.7,0.610909090909091,0.753181818181818,0.142272727272727,0.811104405552203,0.142272727272727,0,0.00905163375056
335,"B_smooth_logistic",2800,3400,0.85,0.760357142857143,0.775714285714286,0.0153571428571428,0.980202578268877,0.0153571428571429,0,0.00432443045066957
335,"B_smooth_logistic",3400,4000,1,0.771176470588235,0.687352941176471,-0.0838235294117646,0.891304347826087,0,0.0838235294117647,0.00780483780001811
336,"A_threshold",1000,1600,0.4,0,0,0,1,0,0,0.00355033823131739
336,"A_threshold",1600,2200,0.55,0,0.034375,0.034375,0,0.034375,0,0.00889467456981344
336,"A_threshold",2200,2800,0.7,0.0336363636363636,0,-0.0336363636363636,0,0,0.0336363636363636,0.00701976643145664
336,"A_threshold",2800,3400,0.85,0,0.0157142857142857,0.0157142857142857,0,0.0157142857142857,0,0.00617773041003201
336,"A_threshold",3400,4000,1,0.0152941176470588,0.000294117647058824,-0.015,0.0192307692307692,0,0.015,0.00139803702111103
336,"B_smooth_logistic",1000,1600,0.4,0.526,0.608,0.082,0.865131578947368,0.082,0,0.00634210877616042
336,"B_smooth_logistic",1600,2200,0.55,0.594375,0.606875,0.0125000000000001,0.979402677651905,0.0125,0,0.00280442452036862
336,"B_smooth_logistic",2200,2800,0.7,0.600909090909091,0.567272727272727,-0.0336363636363637,0.944024205748865,0,0.0336363636363636,0.00565062506083767
336,"B_smooth_logistic",2800,3400,0.85,0.561071428571429,0.660357142857143,0.0992857142857143,0.849648458626284,0.0992857142857143,0,0.0058568585566137
336,"B_smooth_logistic",3400,4000,1,0.662352941176471,0.659705882352941,-0.00264705882352945,0.996003552397869,0,0.00264705882352941,0.00100686527122695
337,"A_threshold",1000,1600,0.4,0.703,0.59,-0.113,0.839260312944524,0,0.113,0.00655566293531846
337,"A_threshold",1600,2200,0.55,0.57625,0.880625,0.304375,0.654364797728886,0.304375,0,0.0133025854543763
337,"A_threshold",2200,2800,0.7,0.872727272727273,0.798181818181818,-0.0745454545454545,0.914583333333333,0,0.0745454545454545,0.0021884446939179
337,"A_threshold",2800,3400,0.85,0.797857142857143,0.685,-0.112857142857143,0.858549686660698,0,0.112857142857143,0.00342171394022357
337,"A_threshold",3400,4000,1,0.686470588235294,0.465294117647059,-0.221176470588235,0.677806341045416,0,0.221176470588235,0.00776839086305493
337,"B_smooth_logistic",1000,1600,0.4,1,1,0,1,0,0,0.0083275413895766
337,"B_smooth_logistic",1600,2200,0.55,1,1,0,1,0,0,0.0200103586454572
337,"B_smooth_logistic",2200,2800,0.7,1,1,0,1,0,0,0.00253351831275208
337,"B_smooth_logistic",2800,3400,0.85,1,1,0,1,0,0,0.00837349526008763
337,"B_smooth_logistic",3400,4000,1,1,1,0,1,0,0,0.00377173953321163
338,"A_threshold",1000,1600,0.4,0.525,0.386,-0.139,0.735238095238095,0,0.139,0.0152461774047217
338,"A_threshold",1600,2200,0.55,0.378125,0.29,-0.088125,0.766942148760331,0,0.088125,0.0104911823483069
338,"A_threshold",2200,2800,0.7,0.293636363636364,0.298181818181818,0.00454545454545452,0.984756097560976,0.00454545454545455,0,0.00162159974773994
338,"A_threshold",2800,3400,0.85,0.297142857142857,0.303571428571429,0.00642857142857139,0.978823529411765,0.00642857142857143,0,0.0013967884237792
338,"A_threshold",3400,4000,1,0.307941176470588,0.202352941176471,-0.105588235294118,0.657115568290353,0,0.105588235294118,0.00722128276013943
338,"B_smooth_logistic",1000,1600,0.4,0.381,0.545,0.164,0.699082568807339,0.164,0,0.0158587777967702
338,"B_smooth_logistic",1600,2200,0.55,0.560625,0.64,0.079375,0.8759765625,0.079375,0,0.00702435678197181
338,"B_smooth_logistic",2200,2800,0.7,0.642727272727273,0.591363636363636,-0.0513636363636364,0.92008486562942,0,0.0513636363636364,0.00619695903887611
338,"B_smooth_logistic",2800,3400,0.85,0.592142857142857,0.64,0.0478571428571428,0.925223214285714,0.0478571428571429,0,0.00204044917846464
338,"B_smooth_logistic",3400,4000,1,0.641764705882353,0.784411764705882,0.142647058823529,0.818147731533558,0.142647058823529,0,0.0028640397952754
339,"A_threshold",1000,1600,0.4,1,0.464,-0.536,0.464,0,0.536,0.0238499580326354
339,"A_threshold",1600,2200,0.55,0.470625,0.59375,0.123125,0.792631578947368,0.123125,0,0.00336275492850595
339,"A_threshold",2200,2800,0.7,0.593636363636364,0.734090909090909,0.140454545454545,0.808668730650155,0.140454545454545,0,0.00460653241609543
339,"A_threshold",2800,3400,0.85,0.738571428571429,0.656785714285714,-0.0817857142857142,0.88926499032882,0,0.0817857142857143,0.00299030147097057
339,"A_threshold",3400,4000,1,0.661764705882353,0.634705882352941,-0.0270588235294117,0.959111111111111,0,0.0270588235294118,0.00267297493475088
339,"B_smooth_logistic",1000,1600,0.4,0.047,0.387,0.34,0.121447028423773,0.34,0,0.0133328698025362
339,"B_smooth_logistic",1600,2200,0.55,0.3875,1,0.6125,0.3875,0.6125,0,0.0121255581643252
339,"B_smooth_logistic",2200,2800,0.7,1,1,0,1,0,0,0.000856320860271618
339,"B_smooth_logistic",2800,3400,0.85,1,1,0,1,0,0,0.0127922929204756
339,"B_smooth_logistic",3400,4000,1,1,1,0,1,0,0,0.00334860208703928
340,"A_threshold",1000,1600,0.4,0,0,0,1,0,0,0.0154702138439718
340,"A_threshold",1600,2200,0.55,0,0,0,1,0,0,0.0016145130147572
340,"A_threshold",2200,2800,0.7,0,0,0,1,0,0,0.00255763614196673
340,"A_threshold",2800,3400,0.85,0,0,0,1,0,0,0.000968011668271199
340,"A_threshold",3400,4000,1,0,0,0,1,0,0,0.00311063400536999
340,"B_smooth_logistic",1000,1600,0.4,1,1,0,1,0,0,0.00564738974734414
340,"B_smooth_logistic",1600,2200,0.55,1,0.796875,-0.203125,0.796875,0,0.203125,0.00700952389247346
340,"B_smooth_logistic",2200,2800,0.7,0.795454545454545,0.735909090909091,-0.0595454545454545,0.925142857142857,0,0.0595454545454545,0.00328013688049978
340,"B_smooth_logistic",2800,3400,0.85,0.741071428571429,0.671428571428571,-0.0696428571428572,0.906024096385542,0,0.0696428571428571,0.00446383834441619
340,"B_smooth_logistic",3400,4000,1,0.670882352941176,0.705294117647059,0.0344117647058824,0.951209341117598,0.0344117647058824,0,0.00202874583888548
341,"A_threshold",1000,1600,0.4,0.557,0.424,-0.133,0.761220825852783,0,0.133,0.0149331053582027
341,"A_threshold",1600,2200,0.55,0.420625,0.5175,0.0968749999999999,0.81280193236715,0.096875,0,0.00971725348478486
341,"A_threshold",2200,2800,0.7,0.516818181818182,0.492272727272727,-0.0245454545454546,0.952506596306069,0,0.0245454545454545,0.00439240381430406
341,"A_threshold",2800,3400,0.85,0.491785714285714,0.358214285714286,-0.133571428571429,0.728395061728395,0,0.133571428571429,0.00967871818830562
341,"A_threshold",3400,4000,1,0.360588235294118,0.328529411764706,-0.0320588235294118,0.911092985318108,0,0.0320588235294118,0.00219719664992392
341,"B_smooth_logistic",1000,1600,0.4,0.646,0.748,0.102,0.863636363636364,0.102,0,0.0106730147212517
341,"B_smooth_logistic",1600,2200,0.55,0.75,0.67,-0.08,0.893333333333333,0,0.08,0.00757401145900169
341,"B_smooth_logistic",2200,2800,0.7,0.669545454545455,0.84,0.170454545454545,0.797077922077922,0.170454545454545,0,0.0115124227095676
341,"B_smooth_logistic",2800,3400,0.85,0.835,1,0.165,0.835,0.165,0,0.00584570863168282
341,"B_smooth_logistic",3400,4000,1,1,1,0,1,0,0,0.00509692817116172
342,"A_threshold",1000,1600,0.4,0.725,0.625,-0.1,0.862068965517241,0,0.1,0.014654851384344
342,"A_threshold",1600,2200,0.55,0.630625,0.515,-0.115625,0.816650148662042,0,0.115625,0.00844978379025476
342,"A_threshold",2200,2800,0.7,0.516363636363636,0.469090909090909,-0.0472727272727272,0.908450704225352,0,0.0472727272727273,0.00157960392461581
342,"A_threshold",2800,3400,0.85,0.474285714285714,0.546071428571429,0.0717857142857142,0.868541530412034,0.0717857142857143,0,0.00230041880372446
342,"A_threshold",3400,4000,1,0.541470588235294,0.361764705882353,-0.179705882352941,0.66811515480717,0,0.179705882352941,0.00591774400377032
342,"B_smooth_logistic",1000,1600,0.4,0.814,0.868,0.054,0.93778801843318,0.054,0,0.00679235996973327
342,"B_smooth_logistic",1600,2200,0.55,0.871875,1,0.128125,0.871875,0.128125,0,0.0082096362132219
342,"B_smooth_logistic",2200,2800,0.7,1,1,0,1,0,0,0.00105124696346552
342,"B_smooth_logistic",2800,3400,0.85,1,0.841785714285714,-0.158214285714286,0.841785714285714,0,0.158214285714286,0.00655106137361549
342,"B_smooth_logistic",3400,4000,1,0.835294117647059,0.723823529411765,-0.111470588235294,0.866549295774648,0,0.111470588235294,0.00612303622652644
343,"A_threshold",1000,1600,0.4,0,0.001,0.001,0,0.001,0,0.0146804565479919
343,"A_threshold",1600,2200,0.55,0.000625,0.045,0.044375,0.0138888888888889,0.044375,0,0.007534962781639
343,"A_threshold",2200,2800,0.7,0.0472727272727273,0.0577272727272727,0.0104545454545455,0.818897637795276,0.0104545454545455,0,0.00547711629080537
343,"A_threshold",2800,3400,0.85,0.0557142857142857,0.0414285714285714,-0.0142857142857143,0.743589743589744,0,0.0142857142857143,0.00131682994957111
343,"A_threshold",3400,4000,1,0.0438235294117647,0.0320588235294118,-0.0117647058823529,0.731543624161074,0,0.0117647058823529,0.010752201355543
343,"B_smooth_logistic",1000,1600,0.4,1,1,0,1,0,0,0.00518872273663296
343,"B_smooth_logistic",1600,2200,0.55,1,1,0,1,0,0,0.0101256252718372
343,"B_smooth_logistic",2200,2800,0.7,1,1,0,1,0,0,0.00650759452347202
343,"B_smooth_logistic",2800,3400,0.85,1,1,0,1,0,0,0.00316338262408115
343,"B_smooth_logistic",3400,4000,1,1,1,0,1,0,0,0.00485076894912906
344,"A_threshold",1000,1600,0.4,0.134,0.436,0.302,0.307339449541284,0.302,0,0.0070925857054122
344,"A_threshold",1600,2200,0.55,0.428125,0.68375,0.255625,0.626142595978062,0.255625,0,0.00874319003194114
344,"A_threshold",2200,2800,0.7,0.671818181818182,0.383636363636364,-0.288181818181818,0.571041948579161,0,0.288181818181818,0.0100978374025316
344,"A_threshold",2800,3400,0.85,0.390714285714286,0.212142857142857,-0.178571428571429,0.542961608775137,0,0.178571428571429,0.00681272849761785
344,"A_threshold",3400,4000,1,0.212941176470588,0.230294117647059,0.0173529411764706,0.924648786717752,0.0173529411764706,0,0.000703109806997169
344,"B_smooth_logistic",1000,1600,0.4,1,1,0,1,0,0,0.00868648915759492
344,"B_smooth_logistic",1600,2200,0.55,1,1,0,1,0,0,0.00340079848420834
344,"B_smooth_logistic",2200,2800,0.7,1,1,0,1,0,0,0.00218811704015026
344,"B_smooth_logistic",2800,3400,0.85,1,1,0,1,0,0,0.00859075776767928
344,"B_smooth_logistic",3400,4000,1,1,1,0,1,0,0,0.00853040743970857
345,"A_threshold",1000,1600,0.4,0.119,0.005,-0.114,0.0420168067226891,0,0.114,0.00794880170271341
345,"A_threshold",1600,2200,0.55,0.00375,0,-0.00375,0,0,0.00375,0.00828186102697629
345,"A_threshold",2200,2800,0.7,0,0.00909090909090909,0.00909090909090909,0,0.00909090909090909,0,0.00525805730179743
345,"A_threshold",2800,3400,0.85,0.0114285714285714,0,-0.0114285714285714,0,0,0.0114285714285714,0.00837662387392905
345,"A_threshold",3400,4000,1,0,0,0,1,0,0,0.0051897035599437
345,"B_smooth_logistic",1000,1600,0.4,0.583,0.549,-0.0339999999999999,0.941680960548885,0,0.034,0.00508145327640944
345,"B_smooth_logistic",1600,2200,0.55,0.546875,0.41375,-0.133125,0.756571428571429,0,0.133125,0.00826047108773113
345,"B_smooth_logistic",2200,2800,0.7,0.404545454545455,0.495909090909091,0.0913636363636364,0.815765352887259,0.0913636363636364,0,0.00682361344575129
345,"B_smooth_logistic",2800,3400,0.85,0.495714285714286,0.611785714285714,0.116071428571429,0.810274372446001,0.116071428571429,0,0.00977823424668776
345,"B_smooth_logistic",3400,4000,1,0.608529411764706,0.651176470588235,0.0426470588235294,0.934507678410117,0.0426470588235294,0,0.00425859964408136
346,"A_threshold",1000,1600,0.4,0,0,0,1,0,0,0.0282263336072285
346,"A_threshold",1600,2200,0.55,0,0,0,1,0,0,0.0139860127593429
346,"A_threshold",2200,2800,0.7,0,0,0,1,0,0,0.00346383764694011
346,"A_threshold",2800,3400,0.85,0,0,0,1,0,0,0.00169777790541019
346,"A_threshold",3400,4000,1,0,0,0,1,0,0,0.00590626814692468
346,"B_smooth_logistic",1000,1600,0.4,0.85,0.757,-0.093,0.890588235294118,0,0.093,0.0093182707588213
346,"B_smooth_logistic",1600,2200,0.55,0.74875,1,0.25125,0.74875,0.25125,0,0.0234823962635328
346,"B_smooth_logistic",2200,2800,0.7,1,1,0,1,0,0,0.00314080370274009
346,"B_smooth_logistic",2800,3400,0.85,1,0.868928571428571,-0.131071428571429,0.868928571428571,0,0.131071428571429,0.00571740200433124
346,"B_smooth_logistic",3400,4000,1,0.866470588235294,0.812941176470588,-0.0535294117647058,0.938221317040054,0,0.0535294117647059,0.00414013147319312
347,"A_threshold",1000,1600,0.4,0.745,1,0.255,0.745,0.255,0,0.0117441552418592
347,"A_threshold",1600,2200,0.55,1,0.826875,-0.173125,0.826875,0,0.173125,0.0076093324022876
347,"A_threshold",2200,2800,0.7,0.820454545454545,0,-0.820454545454545,0,0,0.820454545454545,0.0165268400298515
347,"A_threshold",2800,3400,0.85,0,0,0,1,0,0,0.00230968177758432
347,"A_threshold",3400,4000,1,0,0,0,1,0,0,0.000408852131416857
347,"B_smooth_logistic",1000,1600,0.4,0.962,0.872,-0.09,0.906444906444906,0,0.09,0.00958762418605705
347,"B_smooth_logistic",1600,2200,0.55,0.875,0.721875,-0.153125,0.825,0,0.153125,0.0139047756384762
347,"B_smooth_logistic",2200,2800,0.7,0.733636363636364,0.739545454545455,0.00590909090909086,0.9920098340504,0.00590909090909091,0,0.00338662377178632
347,"B_smooth_logistic",2800,3400,0.85,0.741071428571429,0.7525,0.0114285714285713,0.984812529663028,0.0114285714285714,0,0.00718936305426565
347,"B_smooth_logistic",3400,4000,1,0.757941176470588,0.660588235294118,-0.0973529411764705,0.871556072953046,0,0.0973529411764706,0.0034669000989209
348,"A_threshold",1000,1600,0.4,0.702,0.138,-0.564,0.196581196581197,0,0.564,0.0201240320593872
348,"A_threshold",1600,2200,0.55,0.145,0.25875,0.11375,0.560386473429952,0.11375,0,0.00589926455572754
348,"A_threshold",2200,2800,0.7,0.255454545454545,0.314090909090909,0.0586363636363637,0.813314037626628,0.0586363636363636,0,0.00314357289794204
348,"A_threshold",2800,3400,0.85,0.31,0.374285714285714,0.0642857142857143,0.82824427480916,0.0642857142857143,0,0.004015924792454
348,"A_threshold",3400,4000,1,0.377647058823529,0.378823529411765,0.00117647058823533,0.996894409937888,0.00117647058823529,0,0.00292601603871922
348,"B_smooth_logistic",1000,1600,0.4,0.986,1,0.014,0.986,0.014,0,0.0131209404721891
348,"B_smooth_logistic",1600,2200,0.55,1,1,0,1,0,0,0.00983270155800348
348,"B_smooth_logistic",2200,2800,0.7,1,1,0,1,0,0,0.0146988896756536
348,"B_smooth_logistic",2800,3400,0.85,1,1,0,1,0,0,0.0067814424663705
348,"B_smooth_logistic",3400,4000,1,1,1,0,1,0,0,0.00239866634827911
349,"A_threshold",1000,1600,0.4,0.997,0.614,-0.383,0.615847542627884,0,0.383,0.0128404126593423
349,"A_threshold",1600,2200,0.55,0.608125,1,0.391875,0.608125,0.391875,0,0.00800919019565006
349,"A_threshold",2200,2800,0.7,1,0.872727272727273,-0.127272727272727,0.872727272727273,0,0.127272727272727,0.00302962399251158
349,"A_threshold",2800,3400,0.85,0.871785714285714,0.148571428571429,-0.723214285714286,0.0203571428571429,0.128214285714286,0.851428571428571,0.00774210242198084
349,"A_threshold",3400,4000,1,0.148823529411765,0.341176470588235,0.192352941176471,0.436206896551724,0.192352941176471,0,0.00287378776841974
349,"B_smooth_logistic",1000,1600,0.4,0.645,0.756,0.111,0.853174603174603,0.111,0,0.00464761826522193
349,"B_smooth_logistic",1600,2200,0.55,0.76625,0.65,-0.11625,0.848287112561175,0,0.11625,0.00499099725315022
349,"B_smooth_logistic",2200,2800,0.7,0.643636363636364,0.707727272727273,0.0640909090909091,0.909441233140655,0.0640909090909091,0,0.00397346895751553
349,"B_smooth_logistic",2800,3400,0.85,0.715357142857143,0.825714285714286,0.110357142857143,0.866349480968858,0.110357142857143,0,0.0083001615671153
349,"B_smooth_logistic",3400,4000,1,0.822941176470588,0.795294117647059,-0.0276470588235295,0.966404574696212,0,0.0276470588235294,0.00123143394708102
350,"A_threshold",1000,1600,0.4,0.591,0.541,-0.0499999999999999,0.915397631133672,0,0.05,0.00167634416901414
350,"A_threshold",1600,2200,0.55,0.551875,0.948125,0.39625,0.582069874752802,0.39625,0,0.00723808292264894
350,"A_threshold",2200,2800,0.7,0.949545454545455,1,0.0504545454545454,0.949545454545455,0.0504545454545455,0,0.00438612165692623
350,"A_threshold",2800,3400,0.85,1,1,0,1,0,0,0.00172560811395525
350,"A_threshold",3400,4000,1,1,0.942941176470588,-0.0570588235294117,0.942941176470588,0,0.0570588235294118,0.00571809334219555
350,"B_smooth_logistic",1000,1600,0.4,1,1,0,1,0,0,0.0135870681076676
350,"B_smooth_logistic",1600,2200,0.55,1,1,0,1,0,0,0.00484837901847038
350,"B_smooth_logistic",2200,2800,0.7,1,0.87,-0.13,0.87,0,0.13,0.00803658716670545
350,"B_smooth_logistic",2800,3400,0.85,0.873928571428571,0.867142857142857,-0.00678571428571428,0.992235390273805,0,0.00678571428571429,0.00192894000606798
350,"B_smooth_logistic",3400,4000,1,0.863529411764706,0.961764705882353,0.0982352941176471,0.897859327217125,0.0982352941176471,0,0.00552401299632502
351,"A_threshold",1000,1600,0.4,0.215,0.447,0.232,0.480984340044743,0.232,0,0.0138760259298325
351,"A_threshold",1600,2200,0.55,0.453125,0.689375,0.23625,0.657298277425204,0.23625,0,0.0177042193761338
351,"A_threshold",2200,2800,0.7,0.691818181818182,0.743181818181818,0.0513636363636364,0.930886850152905,0.0513636363636364,0,0.00500544935830972
351,"A_threshold",2800,3400,0.85,0.743214285714286,0.703928571428571,-0.0392857142857143,0.947140797693417,0,0.0392857142857143,0.00509873150517219
351,"A_threshold",3400,4000,1,0.702058823529412,0.719117647058824,0.0170588235294118,0.976278118609407,0.0170588235294118,0,0.00439662344190169
351,"B_smooth_logistic",1000,1600,0.4,1,1,0,1,0,0,0.0196227879861065
351,"B_smooth_logistic",1600,2200,0.55,1,0.958125,-0.041875,0.958125,0,0.041875,0.00982246512425741
351,"B_smooth_logistic",2200,2800,0.7,0.960909090909091,0.638636363636364,-0.322272727272727,0.664616840113529,0,0.322272727272727,0.00680908880079548
351,"B_smooth_logistic",2800,3400,0.85,0.639285714285714,0.889642857142857,0.250357142857143,0.718586912886391,0.250357142857143,0,0.00543574818531854
351,"B_smooth_logistic",3400,4000,1,0.888823529411765,0.925588235294118,0.0367647058823529,0.960279631394979,0.0367647058823529,0,0.00251649756285368
352,"A_threshold",1000,1600,0.4,0,0,0,1,0,0,0.000805460546006617
352,"A_threshold",1600,2200,0.55,0,0.060625,0.060625,0,0.060625,0,0.00579791305078772
352,"A_threshold",2200,2800,0.7,0.0636363636363636,0,-0.0636363636363636,0,0,0.0636363636363636,0.00732528735355232
352,"A_threshold",2800,3400,0.85,0,0.133571428571429,0.133571428571429,0,0.133571428571429,0,0.00596352347532318
352,"A_threshold",3400,4000,1,0.128235294117647,0.101176470588235,-0.0270588235294118,0.788990825688073,0,0.0270588235294118,0.00130499210512121
352,"B_smooth_logistic",1000,1600,0.4,0.498,0.565,0.0669999999999999,0.88141592920354,0.067,0,0.0087404693418549
352,"B_smooth_logistic",1600,2200,0.55,0.54875,0.556875,0.00812500000000005,0.985409652076319,0.008125,0,0.00221228270334352
352,"B_smooth_logistic",2200,2800,0.7,0.552727272727273,0.552272727272727,-0.000454545454545485,0.999177631578947,0,0.000454545454545455,0.00102783674604388
352,"B_smooth_logistic",2800,3400,0.85,0.553571428571429,0.625714285714286,0.0721428571428571,0.884703196347032,0.0721428571428571,0,0.010106626748505
352,"B_smooth_logistic",3400,4000,1,0.632352941176471,0.658529411764706,0.0261764705882354,0.96025011165699,0.0261764705882353,0,0.00134259488815729
353,"A_threshold",1000,1600,0.4,0.791,0,-0.791,0,0,0.791,0.0338342116688312
353,"A_threshold",1600,2200,0.55,0,0,0,1,0,0,0.00556542255449619
353,"A_threshold",2200,2800,0.7,0,0,0,1,0,0,0.00209295352237568
353,"A_threshold",2800,3400,0.85,0,0,0,1,0,0,0.00419455750120752
353,"A_threshold",3400,4000,1,0,0,0,1,0,0,0.00542399927163081
353,"B_smooth_logistic",1000,1600,0.4,0.177,0.42,0.243,0.421428571428571,0.243,0,0.00671806523837441
353,"B_smooth_logistic",1600,2200,0.55,0.43,0.865625,0.435625,0.496750902527076,0.435625,0,0.00603180346980912
353,"B_smooth_logistic",2200,2800,0.7,0.876363636363636,0.753181818181818,-0.123181818181818,0.629545454545455,0.123636363636364,0.246818181818182,0.0051630673069214
353,"B_smooth_logistic",2800,3400,0.85,0.743571428571429,1,0.256428571428571,0.743571428571429,0.256428571428571,0,0.0127453977549055
353,"B_smooth_logistic",3400,4000,1,1,0.883823529411765,-0.116176470588235,0.883823529411765,0,0.116176470588235,0.00427888412236015
354,"A_threshold",1000,1600,0.4,0.021,0,-0.021,0,0,0.021,0.00575569005724977
354,"A_threshold",1600,2200,0.55,0,0,0,1,0,0,0.00394870892543417
354,"A_threshold",2200,2800,0.7,0,0.0495454545454545,0.0495454545454545,0,0.0495454545454545,0,0.0111563723062422
354,"A_threshold",2800,3400,0.85,0.0514285714285714,0,-0.0514285714285714,0,0,0.0514285714285714,0.00645730586701362
354,"A_threshold",3400,4000,1,0,0,0,1,0,0,0.0060851968910603
354,"B_smooth_logistic",1000,1600,0.4,0.818,0.866,0.048,0.944572748267898,0.048,0,0.00145636108330182
354,"B_smooth_logistic",1600,2200,0.55,0.87125,0.900625,0.029375,0.967383761276891,0.029375,0,0.0020135356279089
354,"B_smooth_logistic",2200,2800,0.7,0.902272727272727,0.950909090909091,0.0486363636363637,0.948852772466539,0.0486363636363636,0,0.00129281966175773
354,"B_smooth_logistic",2800,3400,0.85,0.948571428571429,1,0.0514285714285714,0.948571428571429,0.0514285714285714,0,0.005346293811279
354,"B_smooth_logistic",3400,4000,1,1,1,0,1,0,0,0.00500790342354978
355,"A_threshold",1000,1600,0.4,0.769,0.45,-0.319,0.5851755526658,0,0.319,0.0115529566962964
355,"A_threshold",1600,2200,0.55,0.444375,0,-0.444375,0,0,0.444375,0.0140896189269734
355,"A_threshold",2200,2800,0.7,0,0,0,1,0,0,0.00677026820158239
355,"A_threshold",2800,3400,0.85,0,0,0,1,0,0,0.00424876125906317
355,"A_threshold",3400,4000,1,0,0,0,1,0,0,0.000562416707559018
355,"B_smooth_logistic",1000,1600,0.4,1,1,0,1,0,0,0.0168451932801399
355,"B_smooth_logistic",1600,2200,0.55,1,1,0,1,0,0,0.00381192062311436
355,"B_smooth_logistic",2200,2800,0.7,1,0.966363636363636,-0.0336363636363637,0.966363636363636,0,0.0336363636363636,0.00647958207070133
355,"B_smooth_logistic",2800,3400,0.85,0.9675,1,0.0325,0.9675,0.0325,0,0.0080843176950501
355,"B_smooth_logistic",3400,4000,1,1,0.951176470588235,-0.0488235294117647,0.951176470588235,0,0.0488235294117647,0.00230969973309799
356,"A_threshold",1000,1600,0.4,0.516,0.32,-0.196,0.62015503875969,0,0.196,0.0221601232915764
356,"A_threshold",1600,2200,0.55,0.331875,0.240625,-0.09125,0.725047080979284,0,0.09125,0.00849110339162481
356,"A_threshold",2200,2800,0.7,0.242272727272727,0.241818181818182,-0.000454545454545457,0.99812382739212,0,0.000454545454545455,0.00297990478770354
356,"A_threshold",2800,3400,0.85,0.241428571428571,0.323214285714286,0.0817857142857143,0.746961325966851,0.0817857142857143,0,0.0102454295417074
356,"A_threshold",3400,4000,1,0.320588235294118,0.358529411764706,0.0379411764705882,0.894175553732568,0.0379411764705882,0,0.00385988452712772
356,"B_smooth_logistic",1000,1600,0.4,1,0.635,-0.365,0.635,0,0.365,0.0177026165838151
356,"B_smooth_logistic",1600,2200,0.55,0.638125,0.770625,0.1325,0.828061638280616,0.1325,0,0.00301462663744589
356,"B_smooth_logistic",2200,2800,0.7,0.775,0.686818181818182,-0.0881818181818183,0.886217008797654,0,0.0881818181818182,0.00577964957248165
356,"B_smooth_logistic",2800,3400,0.85,0.69,0.729285714285714,0.0392857142857144,0.94613124387855,0.0392857142857143,0,0.00152538293245806
356,"B_smooth_logistic",3400,4000,1,0.732352941176471,0.78,0.0476470588235295,0.938914027149321,0.0476470588235294,0,0.00669421318581793
357,"A_threshold",1000,1600,0.4,0.56,0.439,-0.121,0.783928571428571,0,0.121,0.00591970702961166
357,"A_threshold",1600,2200,0.55,0.431875,0.13875,-0.293125,0.321273516642547,0,0.293125,0.00839455291992958
357,"A_threshold",2200,2800,0.7,0.136363636363636,0.00227272727272727,-0.134090909090909,0.0166666666666667,0,0.134090909090909,0.00510490862292324
357,"A_threshold",2800,3400,0.85,0.00178571428571429,0.0614285714285714,0.0596428571428571,0.0290697674418605,0.0596428571428571,0,0.00520832827875042
357,"A_threshold",3400,4000,1,0.06,0.035,-0.025,0.583333333333333,0,0.025,0.00352710453049739
357,"B_smooth_logistic",1000,1600,0.4,0.546,0.984,0.438,0.554878048780488,0.438,0,0.0147545341885806
357,"B_smooth_logistic",1600,2200,0.55,0.98625,1,0.01375,0.98625,0.01375,0,0.0053669173151058
357,"B_smooth_logistic",2200,2800,0.7,1,1,0,1,0,0,0.00323169026804258
357,"B_smooth_logistic",2800,3400,0.85,1,1,0,1,0,0,0.00703503417262988
357,"B_smooth_logistic",3400,4000,1,1,1,0,1,0,0,0.00645480066451602
358,"A_threshold",1000,1600,0.4,0.815,0.672,-0.143,0.824539877300614,0,0.143,0.00924649359168922
358,"A_threshold",1600,2200,0.55,0.66375,0.683125,0.019375,0.97163769441903,0.019375,0,0.0117604701597968
358,"A_threshold",2200,2800,0.7,0.689545454545455,0.377272727272727,-0.312272727272727,0.54713249835201,0,0.312272727272727,0.00822832611576648
358,"A_threshold",2800,3400,0.85,0.374642857142857,0.3,-0.0746428571428572,0.800762631077216,0,0.0746428571428571,0.00500757435092978
358,"A_threshold",3400,4000,1,0.298823529411765,0.234117647058824,-0.0647058823529412,0.783464566929134,0,0.0647058823529412,0.00843527637689238
358,"B_smooth_logistic",1000,1600,0.4,0.128,0.703,0.575,0.182076813655761,0.575,0,0.0217948569668871
358,"B_smooth_logistic",1600,2200,0.55,0.695,1,0.305,0.695,0.305,0,0.00693401995261059
358,"B_smooth_logistic",2200,2800,0.7,1,0.476818181818182,-0.523181818181818,0.476818181818182,0,0.523181818181818,0.00421091215525224
358,"B_smooth_logistic",2800,3400,0.85,0.477857142857143,0.863214285714286,0.385357142857143,0.553578816714936,0.385357142857143,0,0.00588262174181784
358,"B_smooth_logistic",3400,4000,1,0.860588235294118,1,0.139411764705882,0.860588235294118,0.139411764705882,0,0.00256508689847016
359,"A_threshold",1000,1600,0.4,0.071,0,-0.071,0,0,0.071,0.0149812776230468
359,"A_threshold",1600,2200,0.55,0,0,0,1,0,0,0.00566443229536635
359,"A_threshold",2200,2800,0.7,0,0,0,1,0,0,0.00717020505152661
359,"A_threshold",2800,3400,0.85,0,0,0,1,0,0,0.00373190147420801
359,"A_threshold",3400,4000,1,0,0.00352941176470588,0.00352941176470588,0,0.00352941176470588,0,0.0116289558289371
359,"B_smooth_logistic",1000,1600,0.4,0.563,0.793,0.23,0.709962168978562,0.23,0,0.0152996436005442
359,"B_smooth_logistic",1600,2200,0.55,0.786875,0.944375,0.1575,0.833223031105228,0.1575,0,0.00482088241890915
359,"B_smooth_logistic",2200,2800,0.7,0.942272727272727,1,0.0577272727272727,0.942272727272727,0.0577272727272727,0,0.00475220697717781
359,"B_smooth_logistic",2800,3400,0.85,1,1,0,1,0,0,0.00318081059355121
359,"B_smooth_logistic",3400,4000,1,1,1,0,1,0,0,0.00741388004466564
360,"A_threshold",1000,1600,0.4,1,0.685,-0.315,0.685,0,0.315,0.00727969673636071
360,"A_threshold",1600,2200,0.55,0.67625,0.71875,0.0425,0.940869565217391,0.0425,0,0.00351837652511117
360,"A_threshold",2200,2800,0.7,0.731363636363636,0.592272727272727,-0.139090909090909,0.809819763828465,0,0.139090909090909,0.00415496831621677
360,"A_threshold",2800,3400,0.85,0.593571428571429,0.261785714285714,-0.331785714285714,0.441034897713598,0,0.331785714285714,0.0110624657265253
360,"A_threshold",3400,4000,1,0.265,0.416176470588235,0.151176470588235,0.636749116607774,0.151176470588235,0,0.00652105187050612
360,"B_smooth_logistic",1000,1600,0.4,1,0.735,-0.265,0.735,0,0.265,0.0093062891046451
360,"B_smooth_logistic",1600,2200,0.55,0.74,0.518125,-0.221875,0.700168918918919,0,0.221875,0.00765297386400964
360,"B_smooth_logistic",2200,2800,0.7,0.514545454545455,0.494545454545455,-0.02,0.96113074204947,0,0.02,0.00834832879211178
360,"B_smooth_logistic",2800,3400,0.85,0.496785714285714,0.520714285714286,0.0239285714285714,0.954046639231824,0.0239285714285714,0,0.00568665176201665
360,"B_smooth_logistic",3400,4000,1,0.524117647058824,0.578823529411765,0.0547058823529412,0.905487804878049,0.0547058823529412,0,0.00297495228535162
361,"A_threshold",1000,1600,0.4,0.969,0.784,-0.185,0.809081527347781,0,0.185,0.0154626884136714
361,"A_threshold",1600,2200,0.55,0.794375,0.6425,-0.151875,0.436875,0.205625,0.3575,0.00560181318374162
361,"A_threshold",2200,2800,0.7,0.639090909090909,0.241818181818182,-0.397272727272727,0.378378378378378,0,0.397272727272727,0.0025352672742965
361,"A_threshold",2800,3400,0.85,0.238928571428571,0.785714285714286,0.546785714285714,0.0246428571428571,0.761071428571429,0.214285714285714,0.00452477536967001
361,"A_threshold",3400,4000,1,0.792352941176471,0.409117647058824,-0.383235294117647,0.516332590942836,0,0.383235294117647,0.0078464845735123
361,"B_smooth_logistic",1000,1600,0.4,1,0.653,-0.347,0.653,0,0.347,0.0259358385821464
361,"B_smooth_logistic",1600,2200,0.55,0.63125,0.689375,0.058125,0.915684496826836,0.058125,0,0.00420240790105033
361,"B_smooth_logistic",2200,2800,0.7,0.688181818181818,0.880454545454545,0.192272727272727,0.781621063500258,0.192272727272727,0,0.00787243062618426
361,"B_smooth_logistic",2800,3400,0.85,0.881428571428571,0.943928571428571,0.0625,0.933787362845252,0.0625,0,0.00433399861915071
361,"B_smooth_logistic",3400,4000,1,0.942941176470588,0.912941176470588,-0.03,0.968184653774173,0,0.03,0.000778750350721032
362,"A_threshold",1000,1600,0.4,0.869,0.743,-0.126,0.612,0.131,0.257,0.0111938578276131
362,"A_threshold",1600,2200,0.55,0.730625,0.568125,-0.1625,0.777587681779299,0,0.1625,0.00396735503761939
362,"A_threshold",2200,2800,0.7,0.554090909090909,0.439090909090909,-0.115,0.792452830188679,0,0.115,0.00393780040069021
362,"A_threshold",2800,3400,0.85,0.436785714285714,0.385357142857143,-0.0514285714285714,0.882256745707277,0,0.0514285714285714,0.00286710552638557
362,"A_threshold",3400,4000,1,0.383529411764706,0.337058823529412,-0.0464705882352942,0.878834355828221,0,0.0464705882352941,0.00302031685612225
362,"B_smooth_logistic",1000,1600,0.4,1,1,0,1,0,0,0.00316409617439663
362,"B_smooth_logistic",1600,2200,0.55,1,1,0,1,0,0,0.00215358589318053
362,"B_smooth_logistic",2200,2800,0.7,1,1,0,1,0,0,0.00588366221477634
362,"B_smooth_logistic",2800,3400,0.85,1,1,0,1,0,0,0.0116889743172428
362,"B_smooth_logistic",3400,4000,1,1,0.959117647058824,-0.0408823529411765,0.959117647058824,0,0.0408823529411765,0.00515873052499364
363,"A_threshold",1000,1600,0.4,0.27,0.647,0.377,0,0.647,0.27,0.00992682721132859
363,"A_threshold",1600,2200,0.55,0.640625,0.661875,0.02125,0.3025,0.359375,0.338125,0.00685039987620479
363,"A_threshold",2200,2800,0.7,0.665,0.748181818181818,0.0831818181818181,0.888821385176185,0.0831818181818182,0,0.0103100675794678
363,"A_threshold",2800,3400,0.85,0.749642857142857,0.639642857142857,-0.11,0.8532634587899,0,0.11,0.00428728606873242
363,"A_threshold",3400,4000,1,0.642941176470588,0.515,-0.127941176470588,0.801006404391583,0,0.127941176470588,0.00483009754777784
363,"B_smooth_logistic",1000,1600,0.4,1,0.825,-0.175,0.825,0,0.175,0.00912946563816616
363,"B_smooth_logistic",1600,2200,0.55,0.81125,0.60625,-0.205,0.747303543913713,0,0.205,0.0111659864171572
363,"B_smooth_logistic",2200,2800,0.7,0.594090909090909,0.601818181818182,0.00772727272727269,0.987160120845921,0.00772727272727273,0,0.00326563304050053
363,"B_smooth_logistic",2800,3400,0.85,0.610714285714286,0.557857142857143,-0.0528571428571429,0.913450292397661,0,0.0528571428571429,0.00408987436031892
363,"B_smooth_logistic",3400,4000,1,0.560294117647059,0.615294117647059,0.0549999999999999,0.910611854684512,0.055,0,0.00325503027869921
364,"A_threshold",1000,1600,0.4,0,0.025,0.025,0,0.025,0,0.00603594684362486
364,"A_threshold",1600,2200,0.55,0.030625,0.041875,0.01125,0.73134328358209,0.01125,0,0.0112955128652162
364,"A_threshold",2200,2800,0.7,0.04,0.00181818181818182,-0.0381818181818182,0.0454545454545455,0,0.0381818181818182,0.0028421607553506
364,"A_threshold",2800,3400,0.85,0.00178571428571429,0.03,0.0282142857142857,0.0595238095238095,0.0282142857142857,0,0.00194377910578136
364,"A_threshold",3400,4000,1,0.0311764705882353,0.169117647058824,0.137941176470588,0.184347826086957,0.137941176470588,0,0.00556139828412659
364,"B_smooth_logistic",1000,1600,0.4,1,1,0,1,0,0,0.00618767271655334
364,"B_smooth_logistic",1600,2200,0.55,1,1,0,1,0,0,0.00323874803203561
364,"B_smooth_logistic",2200,2800,0.7,1,1,0,1,0,0,0.00643987252562088
364,"B_smooth_logistic",2800,3400,0.85,1,1,0,1,0,0,0.00925937710373281
364,"B_smooth_logistic",3400,4000,1,1,1,0,1,0,0,0.0050585262597114
365,"A_threshold",1000,1600,0.4,0.141,0.045,-0.096,0.319148936170213,0,0.096,0.0167619696435922
365,"A_threshold",1600,2200,0.55,0.050625,0.08875,0.038125,0.570422535211268,0.038125,0,0.00743821502669761
365,"A_threshold",2200,2800,0.7,0.0881818181818182,0.256363636363636,0.168181818181818,0.343971631205674,0.168181818181818,0,0.00731053833154696
365,"A_threshold",2800,3400,0.85,0.261785714285714,0.284285714285714,0.0225,0.920854271356784,0.0225,0,0.00290318677306128
365,"A_threshold",3400,4000,1,0.283823529411765,0.275,-0.00882352941176467,0.968911917098446,0,0.00882352941176471,0.00127793021958745
365,"B_smooth_logistic",1000,1600,0.4,1,1,0,1,0,0,0.00440195778797392
365,"B_smooth_logistic",1600,2200,0.55,1,1,0,1,0,0,0.00752060443715508
365,"B_smooth_logistic",2200,2800,0.7,1,0.889090909090909,-0.110909090909091,0.889090909090909,0,0.110909090909091,0.00959833606992822
365,"B_smooth_logistic",2800,3400,0.85,0.886428571428571,0.963214285714286,0.0767857142857142,0.920281794586578,0.0767857142857143,0,0.00253618091934187
365,"B_smooth_logistic",3400,4000,1,0.964705882352941,0.812941176470588,-0.151764705882353,0.842682926829268,0,0.151764705882353,0.00343300123886744
366,"A_threshold",1000,1600,0.4,0.854,0.474,-0.38,0.555035128805621,0,0.38,0.0258643917472445
366,"A_threshold",1600,2200,0.55,0.4625,0.87875,0.41625,0.526315789473684,0.41625,0,0.0105165611226325
366,"A_threshold",2200,2800,0.7,0.876818181818182,0.635,-0.241818181818182,0.724209434940384,0,0.241818181818182,0.00706994219805111
366,"A_threshold",2800,3400,0.85,0.632142857142857,0.794642857142857,0.1625,0.795505617977528,0.1625,0,0.00810222973502302
366,"A_threshold",3400,4000,1,0.792647058823529,0.465882352941176,-0.326764705882353,0.587755102040816,0,0.326764705882353,0.00545711312499826
366,"B_smooth_logistic",1000,1600,0.4,0.421,1,0.579,0.421,0.579,0,0.0133789460859734
366,"B_smooth_logistic",1600,2200,0.55,1,1,0,1,0,0,0.00765735353075809
366,"B_smooth_logistic",2200,2800,0.7,1,0.688181818181818,-0.311818181818182,0.688181818181818,0,0.311818181818182,0.00695455661855513
366,"B_smooth_logistic",2800,3400,0.85,0.688928571428571,0.601785714285714,-0.0871428571428572,0.873509590461379,0,0.0871428571428571,0.00477869413188233
366,"B_smooth_logistic",3400,4000,1,0.598529411764706,0.649705882352941,0.0511764705882353,0.921231326392033,0.0511764705882353,0,0.00302841889850668
367,"A_threshold",1000,1600,0.4,1,0.999,-0.001,0.999,0,0.001,0.0113142867954129
367,"A_threshold",1600,2200,0.55,0.999375,0.71125,-0.288125,0.711694809255785,0,0.288125,0.0118623343125598
367,"A_threshold",2200,2800,0.7,0.713636363636364,0.549545454545455,-0.164090909090909,0.770063694267516,0,0.164090909090909,0.00716886275468227
367,"A_threshold",2800,3400,0.85,0.544642857142857,0.344642857142857,-0.2,0.632786885245902,0,0.2,0.0113697551755559
367,"A_threshold",3400,4000,1,0.349117647058824,0.368823529411765,0.0197058823529412,0.946570972886762,0.0197058823529412,0,0.00188162150284447
367,"B_smooth_logistic",1000,1600,0.4,0.793,0.903,0.11,0.878183831672204,0.11,0,0.00574758372974283
367,"B_smooth_logistic",1600,2200,0.55,0.910625,0.986875,0.0762499999999999,0.92273590880304,0.07625,0,0.003718656737416
367,"B_smooth_logistic",2200,2800,0.7,0.986363636363636,0.801818181818182,-0.184545454545455,0.812903225806452,0,0.184545454545455,0.00808926724277484
367,"B_smooth_logistic",2800,3400,0.85,0.798214285714286,0.988571428571429,0.190357142857143,0.807442196531792,0.190357142857143,0,0.00776796922581526
367,"B_smooth_logistic",3400,4000,1,0.986764705882353,1,0.013235294117647,0.986764705882353,0.0132352941176471,0,0.00220528785062762
368,"A_threshold",1000,1600,0.4,0.077,0.275,0.198,0.28,0.198,0,0.0312621555367605
368,"A_threshold",1600,2200,0.55,0.27,0.250625,-0.019375,0.928240740740741,0,0.019375,0.00940861438228914
368,"A_threshold",2200,2800,0.7,0.248636363636364,0.0986363636363636,-0.15,0.396709323583181,0,0.15,0.00673306618475452
368,"A_threshold",2800,3400,0.85,0.101785714285714,0.204285714285714,0.1025,0.498251748251748,0.1025,0,0.00449763558969543
368,"A_threshold",3400,4000,1,0.203235294117647,0.211176470588235,0.00794117647058823,0.962395543175487,0.00794117647058823,0,0.0035673926052394
368,"B_smooth_logistic",1000,1600,0.4,0.555,0.567,0.0119999999999999,0.978835978835979,0.012,0,0.0152842152252619
368,"B_smooth_logistic",1600,2200,0.55,0.568125,0.568125,0,1,0,0,0.00286523448472794
368,"B_smooth_logistic",2200,2800,0.7,0.566363636363636,0.605909090909091,0.0395454545454546,0.934733683420855,0.0395454545454545,0,0.00516224001416027
368,"B_smooth_logistic",2800,3400,0.85,0.606071428571429,0.621785714285714,0.0157142857142857,0.974727168294084,0.0157142857142857,0,0.00119147815027842
368,"B_smooth_logistic",3400,4000,1,0.626176470588235,0.596176470588235,-0.03,0.952090183184594,0,0.03,0.00232062324373842
369,"A_threshold",1000,1600,0.4,0.408,0.455,0.047,0.896703296703297,0.047,0,0.00221513420695721
369,"A_threshold",1600,2200,0.55,0.4575,0.103125,-0.354375,0.225409836065574,0,0.354375,0.0139568458931283
369,"A_threshold",2200,2800,0.7,0.102272727272727,0,-0.102272727272727,0,0,0.102272727272727,0.0100477023689576
369,"A_threshold",2800,3400,0.85,0,0.618214285714286,0.618214285714286,0,0.618214285714286,0,0.00686848689367951
369,"A_threshold",3400,4000,1,0.614411764705882,0.360588235294118,-0.253823529411765,0.586883676400191,0,0.253823529411765,0.00124662271985087
369,"B_smooth_logistic",1000,1600,0.4,0.711,1,0.289,0.711,0.289,0,0.017421790478006
369,"B_smooth_logistic",1600,2200,0.55,1,1,0,1,0,0,0.00164870639164914
369,"B_smooth_logistic",2200,2800,0.7,1,1,0,1,0,0,0.00272023534690349
369,"B_smooth_logistic",2800,3400,0.85,1,1,0,1,0,0,0.00416509371628262
369,"B_smooth_logistic",3400,4000,1,1,0.821470588235294,-0.178529411764706,0.821470588235294,0,0.178529411764706,0.00562662468846539
370,"A_threshold",1000,1600,0.4,0.416,0.428,0.012,0.97196261682243,0.012,0,0.0101937254148392
370,"A_threshold",1600,2200,0.55,0.4325,0.47,0.0375,0.920212765957447,0.0375,0,0.00431289331431792
370,"A_threshold",2200,2800,0.7,0.463181818181818,0.291818181818182,-0.171363636363636,0.630029440628067,0,0.171363636363636,0.0125802839522816
370,"A_threshold",2800,3400,0.85,0.288571428571429,0.110714285714286,-0.177857142857143,0.383663366336634,0,0.177857142857143,0.00464303236016781
370,"A_threshold",3400,4000,1,0.110294117647059,0.177058823529412,0.0667647058823529,0.622923588039867,0.0667647058823529,0,0.00204820588261995
370,"B_smooth_logistic",1000,1600,0.4,0.355,0.39,0.035,0.91025641025641,0.035,0,0.00266007781187803
370,"B_smooth_logistic",1600,2200,0.55,0.3775,0.56625,0.18875,0.666666666666667,0.18875,0,0.0094324645396364
370,"B_smooth_logistic",2200,2800,0.7,0.572272727272727,1,0.427727272727273,0.572272727272727,0.427727272727273,0,0.00266026492409663
370,"B_smooth_logistic",2800,3400,0.85,1,1,0,1,0,0,0.00755993111738339
370,"B_smooth_logistic",3400,4000,1,1,1,0,1,0,0,0.00203509939106992
371,"A_threshold",1000,1600,0.4,0.296,0.199,-0.097,0,0.199,0.296,0.0187715440437758
371,"A_threshold",1600,2200,0.55,0.20125,0.061875,-0.139375,0.307453416149068,0,0.139375,0.00646485052669054
371,"A_threshold",2200,2800,0.7,0.0627272727272727,0,-0.0627272727272727,0,0,0.0627272727272727,0.0104120568876247
371,"A_threshold",2800,3400,0.85,0,0,0,1,0,0,0.00386225006639398
371,"A_threshold",3400,4000,1,0,0.297941176470588,0.297941176470588,0,0.297941176470588,0,0.00928050386833724
371,"B_smooth_logistic",1000,1600,0.4,0.181,0.216,0.035,0.837962962962963,0.035,0,0.0137155180415694
371,"B_smooth_logistic",1600,2200,0.55,0.214375,0.458125,0.24375,0.46793997271487,0.24375,0,0.0108620697755542
371,"B_smooth_logistic",2200,2800,0.7,0.460454545454545,0.53,0.0695454545454546,0.868782161234991,0.0695454545454545,0,0.00568465042126052
371,"B_smooth_logistic",2800,3400,0.85,0.532857142857143,0.570357142857143,0.0375000000000001,0.93425172197871,0.0375,0,0.00512019062526756
371,"B_smooth_logistic",3400,4000,1,0.572647058823529,0.511176470588235,-0.0614705882352941,0.892655367231638,0,0.0614705882352941,0.00243784587297391
372,"A_threshold",1000,1600,0.4,0.18,0.38,0.2,0.473684210526316,0.2,0,0.0192278469133399
372,"A_threshold",1600,2200,0.55,0.381875,0.5175,0.135625,0.73792270531401,0.135625,0,0.00681153937550623
372,"A_threshold",2200,2800,0.7,0.518181818181818,0.424545454545455,-0.0936363636363636,0.819298245614035,0,0.0936363636363636,0.00496631481646336
372,"A_threshold",2800,3400,0.85,0.436428571428571,0.56,0.123571428571429,0.779336734693878,0.123571428571429,0,0.00551756685742108
372,"A_threshold",3400,4000,1,0.555,0.537352941176471,-0.0176470588235295,0.968203497615262,0,0.0176470588235294,0.00150463874872515
372,"B_smooth_logistic",1000,1600,0.4,0.775,0,-0.775,0,0,0.775,0.00223266813065708
372,"B_smooth_logistic",1600,2200,0.55,0,0.565,0.565,0,0.565,0,0.00517199750694937
372,"B_smooth_logistic",2200,2800,0.7,0.561363636363636,0.715,0.153636363636364,0.785123966942149,0.153636363636364,0,0.00270849655426275
372,"B_smooth_logistic",2800,3400,0.85,0.721785714285714,0.783571428571429,0.0617857142857143,0.505357142857143,0.278214285714286,0.216428571428571,0.011625912785735
372,"B_smooth_logistic",3400,4000,1,0.784117647058823,1,0.215882352941177,0.784117647058823,0.215882352941176,0,0.00453174081238575
373,"A_threshold",1000,1600,0.4,0,0,0,1,0,0,0.00504702955193076
373,"A_threshold",1600,2200,0.55,0,0.00125,0.00125,0,0.00125,0,0.015442779733088
373,"A_threshold",2200,2800,0.7,0.000909090909090909,0,-0.000909090909090909,0,0,0.000909090909090909,0.00149845597609193
373,"A_threshold",2800,3400,0.85,0,0,0,1,0,0,0.00168723445497852
373,"A_threshold",3400,4000,1,0,0,0,1,0,0,0.00540625571107898
373,"B_smooth_logistic",1000,1600,0.4,0.364,1,0.636,0.364,0.636,0,0.0038585648860793
373,"B_smooth_logistic",1600,2200,0.55,1,0.7525,-0.2475,0.7525,0,0.2475,0.00989814160206601
373,"B_smooth_logistic",2200,2800,0.7,0.747272727272727,0.686363636363636,-0.0609090909090909,0.918491484184915,0,0.0609090909090909,0.00216228073168386
373,"B_smooth_logistic",2800,3400,0.85,0.690714285714286,0.846071428571429,0.155357142857143,0.816378218657661,0.155357142857143,0,0.0059649433352433
373,"B_smooth_logistic",3400,4000,1,0.85,0.916470588235294,0.0664705882352942,0.927471116816431,0.0664705882352941,0,0.00298671776750294
374,"A_threshold",1000,1600,0.4,0.954,0.819,-0.135,0.858490566037736,0,0.135,0.0071065522672708
374,"A_threshold",1600,2200,0.55,0.819375,0.791875,-0.0275,0.966437833714722,0,0.0275,0.0033560873136625
374,"A_threshold",2200,2800,0.7,0.787272727272727,0.570454545454545,-0.216818181818182,0.72459584295612,0,0.216818181818182,0.0110864643932271
374,"A_threshold",2800,3400,0.85,0.567142857142857,0.363928571428571,-0.203214285714286,0.641687657430731,0,0.203214285714286,0.0109699072368025
374,"A_threshold",3400,4000,1,0.363235294117647,0.294411764705882,-0.0688235294117647,0.810526315789474,0,0.0688235294117647,0.0019555528127962
374,"B_smooth_logistic",1000,1600,0.4,1,0.641,-0.359,0.641,0,0.359,0.0193047761214421
374,"B_smooth_logistic",1600,2200,0.55,0.631875,1,0.368125,0.631875,0.368125,0,0.0107887259669371
374,"B_smooth_logistic",2200,2800,0.7,1,1,0,1,0,0,0.00614736224588113
374,"B_smooth_logistic",2800,3400,0.85,1,1,0,1,0,0,0.0022425040652876
374,"B_smooth_logistic",3400,4000,1,1,1,0,1,0,0,0.00287465913799463
375,"A_threshold",1000,1600,0.4,0.225,0.562,0.337,0.400355871886121,0.337,0,0.0232803713628568
375,"A_threshold",1600,2200,0.55,0.554375,0.663125,0.10875,0.836003770028275,0.10875,0,0.0122565753555176
375,"A_threshold",2200,2800,0.7,0.670454545454545,0.515909090909091,-0.154545454545455,0.769491525423729,0,0.154545454545455,0.0108894091542733
375,"A_threshold",2800,3400,0.85,0.514642857142857,0.41,-0.104642857142857,0.796668979875087,0,0.104642857142857,0.0065899924858594
375,"A_threshold",3400,4000,1,0.405,0.326764705882353,-0.0782352941176471,0.806826434277415,0,0.0782352941176471,0.00450817113323373
375,"B_smooth_logistic",1000,1600,0.4,1,1,0,1,0,0,0.0100371250839249
375,"B_smooth_logistic",1600,2200,0.55,1,1,0,1,0,0,0.0145556376240423
375,"B_smooth_logistic",2200,2800,0.7,1,1,0,1,0,0,0.000875269131499723
375,"B_smooth_logistic",2800,3400,0.85,1,0.788571428571429,-0.211428571428571,0.788571428571429,0,0.211428571428571,0.00879423844716672
375,"B_smooth_logistic",3400,4000,1,0.785588235294118,0.772352941176471,-0.0132352941176471,0.983152377386747,0,0.0132352941176471,0.00365989239809246
376,"A_threshold",1000,1600,0.4,0.008,0.02,0.012,0.4,0.012,0,0.0100547453896002
376,"A_threshold",1600,2200,0.55,0.01875,0.180625,0.161875,0,0.180625,0.01875,0.0246290552632257
376,"A_threshold",2200,2800,0.7,0.177272727272727,0,-0.177272727272727,0,0,0.177272727272727,0.00543331192734006
376,"A_threshold",2800,3400,0.85,0,0,0,1,0,0,0.00147538167428427
376,"A_threshold",3400,4000,1,0,0,0,1,0,0,0.00179739495599838
376,"B_smooth_logistic",1000,1600,0.4,0.435,0.517,0.082,0.841392649903288,0.082,0,0.0082872812111167
376,"B_smooth_logistic",1600,2200,0.55,0.5175,0.585625,0.068125,0.88367129135539,0.068125,0,0.00893769800051295
376,"B_smooth_logistic",2200,2800,0.7,0.591363636363636,0.491363636363636,-0.0999999999999999,0.830899308224443,0,0.1,0.0106302686513261
376,"B_smooth_logistic",2800,3400,0.85,0.488214285714286,0.6175,0.129285714285714,0.79063042220937,0.129285714285714,0,0.00912070174433825
376,"B_smooth_logistic",3400,4000,1,0.62,0.582647058823529,-0.0373529411764706,0.939753320683112,0,0.0373529411764706,0.00222705679739588
377,"A_threshold",1000,1600,0.4,0.472,0.167,-0.305,0.353813559322034,0,0.305,0.00983768221432528
377,"A_threshold",1600,2200,0.55,0.16375,0.479375,0.315625,0.341590612777053,0.315625,0,0.00915847410756905
377,"A_threshold",2200,2800,0.7,0.478636363636364,0.0886363636363636,-0.39,0.185185185185185,0,0.39,0.0087746416032498
377,"A_threshold",2800,3400,0.85,0.0896428571428571,0.00785714285714286,-0.0817857142857143,0.0876494023904383,0,0.0817857142857143,0.00231085230774699
377,"A_threshold",3400,4000,1,0.00676470588235294,0.0123529411764706,0.00558823529411765,0,0.0123529411764706,0.00676470588235294,0.00588904361028165
377,"B_smooth_logistic",1000,1600,0.4,0.639,0.786,0.147,0.812977099236641,0.147,0,0.0152748326568235
377,"B_smooth_logistic",1600,2200,0.55,0.78,0.823125,0.043125,0.947608200455581,0.043125,0,0.0099255825846219
377,"B_smooth_logistic",2200,2800,0.7,0.822272727272727,0.889090909090909,0.0668181818181818,0.924846625766871,0.0668181818181818,0,0.00393190770988024
377,"B_smooth_logistic",2800,3400,0.85,0.882857142857143,0.898214285714286,0.0153571428571428,0.982902584493042,0.0153571428571429,0,0.00467666062941469
377,"B_smooth_logistic",3400,4000,1,0.9,0.868235294117647,-0.0317647058823529,0.964705882352941,0,0.0317647058823529,0.00535089420480207
378,"A_threshold",1000,1600,0.4,0.265,0.236,-0.029,0.890566037735849,0,0.029,0.00928462971448739
378,"A_threshold",1600,2200,0.55,0.245,0.194375,-0.050625,0.793367346938776,0,0.050625,0.00378316454550171
378,"A_threshold",2200,2800,0.7,0.191363636363636,0.230454545454545,0.0390909090909091,0.830374753451677,0.0390909090909091,0,0.00371026929789739
378,"A_threshold",2800,3400,0.85,0.2325,0.187857142857143,-0.0446428571428572,0.807987711213518,0,0.0446428571428571,0.00266713419407038
378,"A_threshold",3400,4000,1,0.187941176470588,0.211176470588235,0.0232352941176471,0.889972144846797,0.0232352941176471,0,0.00303333968076108
378,"B_smooth_logistic",1000,1600,0.4,0.89,1,0.11,0.89,0.11,0,0.00999395951050212
378,"B_smooth_logistic",1600,2200,0.55,1,0.93875,-0.06125,0.93875,0,0.06125,0.00850968707338822
378,"B_smooth_logistic",2200,2800,0.7,0.940909090909091,0.825,-0.115909090909091,0.876811594202899,0,0.115909090909091,0.00351564915342249
378,"B_smooth_logistic",2800,3400,0.85,0.823928571428571,0.746785714285714,-0.0771428571428572,0.906371911573472,0,0.0771428571428571,0.00575975831578501
378,"B_smooth_logistic",3400,4000,1,0.742058823529412,0.673823529411765,-0.0682352941176471,0.908045977011494,0,0.0682352941176471,0.00239724710867739
379,"A_threshold",1000,1600,0.4,0.14,0,-0.14,0,0,0.14,0.00316199224130171
379,"A_threshold",1600,2200,0.55,0,0.235,0.235,0,0.235,0,0.00355716855419597
379,"A_threshold",2200,2800,0.7,0.232272727272727,0,-0.232272727272727,0,0,0.232272727272727,0.00454604359876886
379,"A_threshold",2800,3400,0.85,0,0.0196428571428571,0.0196428571428571,0,0.0196428571428571,0,0.00421754818948861
379,"A_threshold",3400,4000,1,0.0220588235294118,0.07,0.0479411764705882,0.315126050420168,0.0479411764705882,0,0.00203634510750853
379,"B_smooth_logistic",1000,1600,0.4,0.692,1,0.308,0.692,0.308,0,0.0159502132810259
379,"B_smooth_logistic",1600,2200,0.55,1,1,0,1,0,0,0.0161649322779246
379,"B_smooth_logistic",2200,2800,0.7,1,0.958181818181818,-0.0418181818181819,0.958181818181818,0,0.0418181818181818,0.00361271771260624
379,"B_smooth_logistic",2800,3400,0.85,0.960357142857143,1,0.0396428571428571,0.960357142857143,0.0396428571428571,0,0.00272927003199404
379,"B_smooth_logistic",3400,4000,1,1,1,0,1,0,0,0.00212169373385217
380,"A_threshold",1000,1600,0.4,0.421,0.513,0.092,0.820662768031189,0.092,0,0.00672140807679766
380,"A_threshold",1600,2200,0.55,0.52125,0.643125,0.121875,0.810495626822157,0.121875,0,0.0151153224293457
380,"A_threshold",2200,2800,0.7,0.645454545454546,0.636363636363636,-0.00909090909090915,0.985915492957746,0,0.00909090909090909,0.00211796328303102
380,"A_threshold",2800,3400,0.85,0.634285714285714,0.746428571428571,0.112142857142857,0.849760765550239,0.112142857142857,0,0.0036459448914837
380,"A_threshold",3400,4000,1,0.749117647058824,0.708823529411765,-0.0402941176470588,0.946211228896741,0,0.0402941176470588,0.00161394344259673
380,"B_smooth_logistic",1000,1600,0.4,0.683,0.768,0.085,0.889322916666667,0.085,0,0.0194382902843038
380,"B_smooth_logistic",1600,2200,0.55,0.7625,0.635,-0.1275,0.832786885245902,0,0.1275,0.0102628326872779
380,"B_smooth_logistic",2200,2800,0.7,0.625,0.648181818181818,0.0231818181818182,0.964235624123422,0.0231818181818182,0,0.00169964717950371
380,"B_smooth_logistic",2800,3400,0.85,0.650357142857143,0.623928571428571,-0.0264285714285715,0.959362987369577,0,0.0264285714285714,0.00479211008430233
380,"B_smooth_logistic",3400,4000,1,0.628823529411765,0.68,0.0511764705882354,0.924740484429066,0.0511764705882353,0,0.00208437374907732
381,"A_threshold",1000,1600,0.4,0.704,0.782,0.0780000000000001,0.900255754475703,0.078,0,0.00712152802227491
381,"A_threshold",1600,2200,0.55,0.7725,0.01,-0.7625,0.0129449838187702,0,0.7625,0.0149974123772294
381,"A_threshold",2200,2800,0.7,0.00863636363636364,0,-0.00863636363636364,0,0,0.00863636363636364,0.00896194095181839
381,"A_threshold",2800,3400,0.85,0,0.0771428571428571,0.0771428571428571,0,0.0771428571428571,0,0.00479245884333439
381,"A_threshold",3400,4000,1,0.0764705882352941,0.122058823529412,0.0455882352941176,0.626506024096386,0.0455882352941176,0,0.00204329275815015
381,"B_smooth_logistic",1000,1600,0.4,0.566,0.603,0.037,0.938640132669983,0.037,0,0.00636258890059412
381,"B_smooth_logistic",1600,2200,0.55,0.61625,0.641875,0.025625,0.960077896786758,0.025625,0,0.00616311712521121
381,"B_smooth_logistic",2200,2800,0.7,0.632727272727273,0.693181818181818,0.0604545454545455,0.912786885245902,0.0604545454545455,0,0.00348629183527535
381,"B_smooth_logistic",2800,3400,0.85,0.693214285714286,0.971071428571429,0.277857142857143,0.713865391688121,0.277857142857143,0,0.0100653333739453
381,"B_smooth_logistic",3400,4000,1,0.973235294117647,1,0.0267647058823529,0.973235294117647,0.0267647058823529,0,0.00214932815494727
382,"A_threshold",1000,1600,0.4,0.519,0.521,0.002,0.99616122840691,0.002,0,0.000709055601143836
382,"A_threshold",1600,2200,0.55,0.52,0.490625,-0.029375,0.943509615384615,0,0.029375,0.00766773153400052
382,"A_threshold",2200,2800,0.7,0.490454545454545,0.410454545454545,-0.08,0.836886005560704,0,0.08,0.00312307954941465
382,"A_threshold",2800,3400,0.85,0.413214285714286,0.133571428571429,-0.279642857142857,0.323249783923941,0,0.279642857142857,0.00663164891167674
382,"A_threshold",3400,4000,1,0.137058823529412,0.310588235294118,0.173529411764706,0.441287878787879,0.173529411764706,0,0.00273037477077424
382,"B_smooth_logistic",1000,1600,0.4,0.739,0.797,0.0580000000000001,0.927227101631117,0.058,0,0.0062712467085985
382,"B_smooth_logistic",1600,2200,0.55,0.80375,0.70875,-0.095,0.881804043545879,0,0.095,0.0130388886894102
382,"B_smooth_logistic",2200,2800,0.7,0.701363636363636,0.796363636363636,0.095,0.880707762557078,0.095,0,0.00580433223689543
382,"B_smooth_logistic",2800,3400,0.85,0.795714285714286,0.766785714285714,-0.0289285714285714,0.963644524236984,0,0.0289285714285714,0.00351863619176831
382,"B_smooth_logistic",3400,4000,1,0.767352941176471,0.722647058823529,-0.0447058823529412,0.94174013031813,0,0.0447058823529412,0.00616527407685433
383,"A_threshold",1000,1600,0.4,0.158,0.384,0.226,0.411458333333333,0.226,0,0.0138873226806238
383,"A_threshold",1600,2200,0.55,0.390625,0.351875,-0.03875,0.9008,0,0.03875,0.0073703276686824
383,"A_threshold",2200,2800,0.7,0.353636363636364,0.0854545454545454,-0.268181818181818,0.241645244215938,0,0.268181818181818,0.0116198163044624
383,"A_threshold",2800,3400,0.85,0.0864285714285714,0.0671428571428571,-0.0192857142857143,0.776859504132231,0,0.0192857142857143,0.00510895989670239
383,"A_threshold",3400,4000,1,0.0688235294117647,0.0179411764705882,-0.0508823529411765,0.260683760683761,0,0.0508823529411765,0.00460897623141888
383,"B_smooth_logistic",1000,1600,0.4,0.889,0.708,-0.181,0.796400449943757,0,0.181,0.00667845553746029
383,"B_smooth_logistic",1600,2200,0.55,0.709375,0.829375,0.12,0.855312735493595,0.12,0,0.0158270303608115
383,"B_smooth_logistic",2200,2800,0.7,0.833636363636364,0.846818181818182,0.0131818181818182,0.98443370907139,0.0131818181818182,0,0.00345556521981936
383,"B_smooth_logistic",2800,3400,0.85,0.845,0.895714285714286,0.0507142857142857,0.943381180223285,0.0507142857142857,0,0.00298145590445244
383,"B_smooth_logistic",3400,4000,1,0.898529411764706,0.933529411764706,0.0349999999999999,0.962507876496534,0.035,0,0.00161642749847525
384,"A_threshold",1000,1600,0.4,0.288,0.217,-0.071,0.753472222222222,0,0.071,0.0122069509992652
384,"A_threshold",1600,2200,0.55,0.235,0.435,0.2,0.540229885057471,0.2,0,0.0125087002913593
384,"A_threshold",2200,2800,0.7,0.420909090909091,0.429545454545455,0.00863636363636366,0.97989417989418,0.00863636363636364,0,0.00195894747244974
384,"A_threshold",2800,3400,0.85,0.428928571428571,0.416428571428571,-0.0125,0.970857618651124,0,0.0125,0.00352566597687452
384,"A_threshold",3400,4000,1,0.415,0.371470588235294,-0.0435294117647059,0.895109851169383,0,0.0435294117647059,0.00391387334523177
384,"B_smooth_logistic",1000,1600,0.4,1,0.987,-0.013,0.987,0,0.013,0.0138809431142955
384,"B_smooth_logistic",1600,2200,0.55,0.98625,1,0.01375,0.98625,0.01375,0,0.00703839789317728
384,"B_smooth_logistic",2200,2800,0.7,1,1,0,1,0,0,0.00789480902591919
384,"B_smooth_logistic",2800,3400,0.85,1,1,0,1,0,0,0.00402736112130403
384,"B_smooth_logistic",3400,4000,1,1,1,0,1,0,0,0.00232240918690448
385,"A_threshold",1000,1600,0.4,0.236,0.156,-0.08,0.661016949152542,0,0.08,0.0074386907067618
385,"A_threshold",1600,2200,0.55,0.1525,0.12,-0.0325,0.786885245901639,0,0.0325,0.00452692922262639
385,"A_threshold",2200,2800,0.7,0.120909090909091,0.0713636363636364,-0.0495454545454545,0.590225563909774,0,0.0495454545454545,0.00374780227775251
385,"A_threshold",2800,3400,0.85,0.0678571428571429,0.0160714285714286,-0.0517857142857143,0.236842105263158,0,0.0517857142857143,0.00630285520166779
385,"A_threshold",3400,4000,1,0.0173529411764706,0.158529411764706,0.141176470588235,0.109461966604824,0.141176470588235,0,0.00669328072273281
385,"B_smooth_logistic",1000,1600,0.4,0.373,0.486,0.113,0.767489711934156,0.113,0,0.00877288831781978
385,"B_smooth_logistic",1600,2200,0.55,0.4625,0.475,0.0125,0.973684210526316,0.0125,0,0.00624842315467217
385,"B_smooth_logistic",2200,2800,0.7,0.475,0.595909090909091,0.120909090909091,0.797101449275362,0.120909090909091,0,0.00886615344389272
385,"B_smooth_logistic",2800,3400,0.85,0.595714285714286,0.781428571428571,0.185714285714286,0.762340036563071,0.185714285714286,0,0.00947326882833166
385,"B_smooth_logistic",3400,4000,1,0.781470588235294,0.701764705882353,-0.0797058823529412,0.898005269100489,0,0.0797058823529412,0.00231186687295678
386,"A_threshold",1000,1600,0.4,0,0,0,1,0,0,0.00570070833405546
386,"A_threshold",1600,2200,0.55,0,0.113125,0.113125,0,0.113125,0,0.011913886829707
386,"A_threshold",2200,2800,0.7,0.110454545454545,0.0831818181818182,-0.0272727272727273,0.753086419753086,0,0.0272727272727273,0.00543314176924808
386,"A_threshold",2800,3400,0.85,0.085,0.00107142857142857,-0.0839285714285714,0.0126050420168067,0,0.0839285714285714,0.0081193141439623
386,"A_threshold",3400,4000,1,0.00117647058823529,0.00205882352941176,0.000882352941176471,0.571428571428571,0.000882352941176471,0,0.00368069700689161
386,"B_smooth_logistic",1000,1600,0.4,0.766,1,0.234,0.766,0.234,0,0.0139614909865783
386,"B_smooth_logistic",1600,2200,0.55,1,1,0,1,0,0,0.0115221184368031
386,"B_smooth_logistic",2200,2800,0.7,1,0.942272727272727,-0.0577272727272727,0.942272727272727,0,0.0577272727272727,0.0168704696744289
386,"B_smooth_logistic",2800,3400,0.85,0.945357142857143,0.909285714285714,-0.0360714285714286,0.961843596524367,0,0.0360714285714286,0.00587304966014488
386,"B_smooth_logistic",3400,4000,1,0.91,0.879705882352941,-0.0302941176470588,0.966709760827408,0,0.0302941176470588,0.000844754305459261
387,"A_threshold",1000,1600,0.4,0.836,0.678,-0.158,0.811004784688995,0,0.158,0.0110943292081184
387,"A_threshold",1600,2200,0.55,0.683125,0.61,-0.073125,0.89295516925892,0,0.073125,0.0118953283510164
387,"A_threshold",2200,2800,0.7,0.614545454545455,0.596363636363636,-0.0181818181818182,0.970414201183432,0,0.0181818181818182,0.00141107576941917
387,"A_threshold",2800,3400,0.85,0.599642857142857,0.7125,0.112857142857143,0.841604010025063,0.112857142857143,0,0.00490726786838366
387,"A_threshold",3400,4000,1,0.711470588235294,0.580588235294118,-0.130882352941176,0.816039685820587,0,0.130882352941176,0.006641573356067
387,"B_smooth_logistic",1000,1600,0.4,1,1,0,1,0,0,0.00263143186076891
387,"B_smooth_logistic",1600,2200,0.55,1,0.863125,-0.136875,0.863125,0,0.136875,0.0189712325045619
387,"B_smooth_logistic",2200,2800,0.7,0.860909090909091,0.871363636363636,0.0104545454545454,0.988002086593636,0.0104545454545455,0,0.00751926997052451
387,"B_smooth_logistic",2800,3400,0.85,0.875357142857143,0.838214285714286,-0.0371428571428571,0.957568339453284,0,0.0371428571428571,0.00550577415399187
387,"B_smooth_logistic",3400,4000,1,0.841764705882353,0.997647058823529,0.155882352941176,0.84375,0.155882352941176,0,0.00634929404620827
388,"A_threshold",1000,1600,0.4,0.786,0.274,-0.512,0.348600508905852,0,0.512,0.0187232246740479
388,"A_threshold",1600,2200,0.55,0.2925,0.374375,0.081875,0.781302170283806,0.081875,0,0.00656811266176913
388,"A_threshold",2200,2800,0.7,0.364545454545455,0.384090909090909,0.0195454545454545,0.949112426035503,0.0195454545454545,0,0.000986676430281507
388,"A_threshold",2800,3400,0.85,0.383214285714286,0.435357142857143,0.0521428571428571,0.880229696472518,0.0521428571428571,0,0.00281396886178318
388,"A_threshold",3400,4000,1,0.432058823529412,0.421470588235294,-0.0105882352941177,0.975493533015657,0,0.0105882352941176,0.00213364623863599
388,"B_smooth_logistic",1000,1600,0.4,1,0.691,-0.309,0.691,0,0.309,0.0189022110070589
388,"B_smooth_logistic",1600,2200,0.55,0.679375,0.58875,-0.090625,0.866605335786569,0,0.090625,0.00383469242904793
388,"B_smooth_logistic",2200,2800,0.7,0.584545454545455,0.64,0.0554545454545454,0.913352272727273,0.0554545454545455,0,0.0038288216876988
388,"B_smooth_logistic",2800,3400,0.85,0.646785714285714,0.571071428571429,-0.0757142857142857,0.882937603533959,0,0.0757142857142857,0.00429041815036789
388,"B_smooth_logistic",3400,4000,1,0.567352941176471,0.57,0.00264705882352934,0.995356037151703,0.00264705882352941,0,0.000544575269212849
389,"A_threshold",1000,1600,0.4,0.578,0.466,-0.112,0.806228373702422,0,0.112,0.00935667386553357
389,"A_threshold",1600,2200,0.55,0.448125,0.466875,0.01875,0.959839357429719,0.01875,0,0.00597632179759455
389,"A_threshold",2200,2800,0.7,0.459545454545455,0.465454545454545,0.00590909090909092,0.9873046875,0.00590909090909091,0,0.00104012625657073
389,"A_threshold",2800,3400,0.85,0.462142857142857,0.443928571428571,-0.0182142857142857,0.960587326120556,0,0.0182142857142857,0.00183387072636019
389,"A_threshold",3400,4000,1,0.444117647058824,0.399411764705882,-0.0447058823529412,0.899337748344371,0,0.0447058823529412,0.00408464223510136
389,"B_smooth_logistic",1000,1600,0.4,0.968,1,0.032,0.968,0.032,0,0.0129078579868753
389,"B_smooth_logistic",1600,2200,0.55,1,0.81,-0.19,0.81,0,0.19,0.0118743633168671
389,"B_smooth_logistic",2200,2800,0.7,0.806363636363636,0.6,-0.206363636363636,0.744081172491544,0,0.206363636363636,0.00395402936396026
389,"B_smooth_logistic",2800,3400,0.85,0.601785714285714,0.6225,0.0207142857142858,0.966724039013196,0.0207142857142857,0,0.00208006690232978
389,"B_smooth_logistic",3400,4000,1,0.616176470588235,1,0.383823529411765,0.616176470588235,0.383823529411765,0,0.00525218677650935
390,"A_threshold",1000,1600,0.4,0.769,0.555,-0.214,0.721716514954486,0,0.214,0.0205527375917148
390,"A_threshold",1600,2200,0.55,0.553125,0,-0.553125,0,0,0.553125,0.00988931489990804
390,"A_threshold",2200,2800,0.7,0,0,0,1,0,0,0.00343582563721934
390,"A_threshold",2800,3400,0.85,0,0.348571428571429,0.348571428571429,0,0.348571428571429,0,0.00842400968038094
390,"A_threshold",3400,4000,1,0.351764705882353,0.251470588235294,-0.100294117647059,0.714882943143813,0,0.100294117647059,0.00464137479789258
390,"B_smooth_logistic",1000,1600,0.4,1,1,0,1,0,0,0.00487467029691794
390,"B_smooth_logistic",1600,2200,0.55,1,0.60375,-0.39625,0.60375,0,0.39625,0.009565235869678
390,"B_smooth_logistic",2200,2800,0.7,0.600909090909091,0.937272727272727,0.336363636363636,0.641125121241513,0.336363636363636,0,0.00952581355807519
390,"B_smooth_logistic",2800,3400,0.85,0.938928571428571,0.733571428571429,-0.205357142857143,0.781285659946748,0,0.205357142857143,0.00568368012352785
390,"B_smooth_logistic",3400,4000,1,0.734705882352941,0.845588235294118,0.110882352941176,0.868869565217391,0.110882352941176,0,0.00765975639237152
391,"A_threshold",1000,1600,0.4,0.127,0.411,0.284,0.309002433090024,0.284,0,0.0223874929243599
391,"A_threshold",1600,2200,0.55,0.4125,0.16,-0.2525,0.387878787878788,0,0.2525,0.0130333219497436
391,"A_threshold",2200,2800,0.7,0.165909090909091,0.161363636363636,-0.00454545454545455,0.972602739726027,0,0.00454545454545455,0.00227545435066283
391,"A_threshold",2800,3400,0.85,0.161785714285714,0.253928571428571,0.0921428571428572,0.637130801687764,0.0921428571428571,0,0.00443400645009639
391,"A_threshold",3400,4000,1,0.250882352941176,0.314117647058824,0.0632352941176471,0.798689138576779,0.0632352941176471,0,0.00651527724106583
391,"B_smooth_logistic",1000,1600,0.4,0.767,0.843,0.076,0.909845788849348,0.076,0,0.0162128186043662
391,"B_smooth_logistic",1600,2200,0.55,0.835,0.838125,0.00312500000000004,0.996271439224459,0.003125,0,0.00121166303832438
391,"B_smooth_logistic",2200,2800,0.7,0.838636363636364,0.9,0.0613636363636364,0.931818181818182,0.0613636363636364,0,0.00618531943400572
391,"B_smooth_logistic",2800,3400,0.85,0.894285714285714,0.918214285714286,0.0239285714285715,0.973940101127966,0.0239285714285714,0,0.000872887107492217
391,"B_smooth_logistic",3400,4000,1,0.915588235294118,0.926764705882353,0.0111764705882353,0.987940336401143,0.0111764705882353,0,0.00197166841416129
392,"A_threshold",1000,1600,0.4,0.754,0.856,0.102,0.880841121495327,0.102,0,0.0160737257628291
392,"A_threshold",1600,2200,0.55,0.8525,0.7025,-0.15,0.824046920821114,0,0.15,0.00453432320771652
392,"A_threshold",2200,2800,0.7,0.706363636363636,0.579545454545455,-0.126818181818182,0.82046332046332,0,0.126818181818182,0.0039754006872617
392,"A_threshold",2800,3400,0.85,0.582857142857143,0.632142857142857,0.0492857142857143,0.922033898305085,0.0492857142857143,0,0.00343358532604945
392,"A_threshold",3400,4000,1,0.63,0.559411764705882,-0.0705882352941176,0.887955182072829,0,0.0705882352941176,0.00301490471073972
392,"B_smooth_logistic",1000,1600,0.4,1,0.877,-0.123,0.877,0,0.123,0.0124501245661781
392,"B_smooth_logistic",1600,2200,0.55,0.868125,0.674375,-0.19375,0.776817854571634,0,0.19375,0.0126941084727959
392,"B_smooth_logistic",2200,2800,0.7,0.667727272727273,0.605454545454545,-0.0622727272727273,0.906739278420694,0,0.0622727272727273,0.00637366914924193
392,"B_smooth_logistic",2800,3400,0.85,0.607142857142857,0.495,-0.112142857142857,0.815294117647059,0,0.112142857142857,0.00901216214511121
392,"B_smooth_logistic",3400,4000,1,0.502352941176471,0.509117647058824,0.00676470588235301,0.986712882726748,0.00676470588235294,0,0.00115861042939565
393,"A_threshold",1000,1600,0.4,0.02,0.103,0.083,0.194174757281553,0.083,0,0.00963555500549416
393,"A_threshold",1600,2200,0.55,0.11125,0.16875,0.0575,0.659259259259259,0.0575,0,0.00967948694381318
393,"A_threshold",2200,2800,0.7,0.164090909090909,0.164090909090909,0,1,0,0,0.00197708596892143
393,"A_threshold",2800,3400,0.85,0.1675,0.306428571428571,0.138928571428571,0.546620046620047,0.138928571428571,0,0.00550577364044543
393,"A_threshold",3400,4000,1,0.307352941176471,0.179411764705882,-0.127941176470588,0.583732057416268,0,0.127941176470588,0.00543738670372429
393,"B_smooth_logistic",1000,1600,0.4,0.766,0.775,0.00900000000000001,0.988387096774194,0.009,0,0.00662070213353361
393,"B_smooth_logistic",1600,2200,0.55,0.789375,1,0.210625,0.789375,0.210625,0,0.00785591402812015
393,"B_smooth_logistic",2200,2800,0.7,1,0.991363636363636,-0.00863636363636366,0.991363636363636,0,0.00863636363636364,0.00543758982161052
393,"B_smooth_logistic",2800,3400,0.85,0.991071428571429,0.968928571428571,-0.0221428571428571,0.977657657657658,0,0.0221428571428571,0.00136046485915101
393,"B_smooth_logistic",3400,4000,1,0.969705882352941,1,0.0302941176470588,0.969705882352941,0.0302941176470588,0,0.00603325983881137
394,"A_threshold",1000,1600,0.4,0.427,0.65,0.223,0.656923076923077,0.223,0,0.013227615545815
394,"A_threshold",1600,2200,0.55,0.6475,0.9425,0.295,0.687002652519894,0.295,0,0.0163278194682508
394,"A_threshold",2200,2800,0.7,0.942727272727273,0.644545454545455,-0.298181818181818,0.683702989392478,0,0.298181818181818,0.0165685133640141
394,"A_threshold",2800,3400,0.85,0.648571428571429,0.45,-0.198571428571429,0.693832599118943,0,0.198571428571429,0.00848814679960191
394,"A_threshold",3400,4000,1,0.450588235294118,0.513235294117647,0.0626470588235294,0.877936962750716,0.0626470588235294,0,0.00264550993575512
394,"B_smooth_logistic",1000,1600,0.4,0.502,0.439,-0.063,0.874501992031873,0,0.063,0.00918533418745244
394,"B_smooth_logistic",1600,2200,0.55,0.44875,0.638125,0.189375,0.703232125367287,0.189375,0,0.0167585796633234
394,"B_smooth_logistic",2200,2800,0.7,0.634090909090909,0.655909090909091,0.0218181818181818,0.966735966735967,0.0218181818181818,0,0.00523529800609267
394,"B_smooth_logistic",2800,3400,0.85,0.656428571428571,0.857857142857143,0.201428571428571,0.765195670274771,0.201428571428571,0,0.00468679834601439
394,"B_smooth_logistic",3400,4000,1,0.858235294117647,0.848235294117647,-0.01,0.988348183687457,0,0.01,0.00607049217807023
395,"A_threshold",1000,1600,0.4,0.614,0.76,0.146,0.807894736842105,0.146,0,0.0151205759620677
395,"A_threshold",1600,2200,0.55,0.745625,0.42,-0.325625,0.563285834031853,0,0.325625,0.015369855627992
395,"A_threshold",2200,2800,0.7,0.414090909090909,0.563636363636364,0.149545454545455,0.734677419354839,0.149545454545455,0,0.00833619100943539
395,"A_threshold",2800,3400,0.85,0.560714285714286,0.4675,-0.0932142857142857,0.83375796178344,0,0.0932142857142857,0.00509572613421383
395,"A_threshold",3400,4000,1,0.463235294117647,0.424705882352941,-0.0385294117647059,0.916825396825397,0,0.0385294117647059,0.0034148443260806
395,"B_smooth_logistic",1000,1600,0.4,1,1,0,1,0,0,0.0127940314380164
395,"B_smooth_logistic",1600,2200,0.55,1,1,0,1,0,0,0.013693223480671
395,"B_smooth_logistic",2200,2800,0.7,1,0.906818181818182,-0.0931818181818181,0.906818181818182,0,0.0931818181818182,0.00612776779385109
395,"B_smooth_logistic",2800,3400,0.85,0.903571428571429,0.776428571428571,-0.127142857142857,0.859288537549407,0,0.127142857142857,0.00389113033766777
395,"B_smooth_logistic",3400,4000,1,0.777941176470588,0.802352941176471,0.0244117647058824,0.969574780058651,0.0244117647058824,0,0.00107593542801523
396,"A_threshold",1000,1600,0.4,0,0,0,1,0,0,0.0081993864889045
396,"A_threshold",1600,2200,0.55,0,0.464375,0.464375,0,0.464375,0,0.009453696490852
396,"A_threshold",2200,2800,0.7,0.459090909090909,0.583636363636364,0.124545454545455,0.786604361370717,0.124545454545455,0,0.00601615284477528
396,"A_threshold",2800,3400,0.85,0.576785714285714,0.445357142857143,-0.131428571428571,0.772136222910217,0,0.131428571428571,0.00454993945790231
396,"A_threshold",3400,4000,1,0.450588235294118,0.513235294117647,0.0626470588235294,0.877936962750716,0.0626470588235294,0,0.00232672358561518
396,"B_smooth_logistic",1000,1600,0.4,0.915,0.846,-0.0690000000000001,0.924590163934426,0,0.069,0.00410754050821359
396,"B_smooth_logistic",1600,2200,0.55,0.8475,1,0.1525,0.8475,0.1525,0,0.0106569281975721
396,"B_smooth_logistic",2200,2800,0.7,1,1,0,1,0,0,0.0109664106500992
396,"B_smooth_logistic",2800,3400,0.85,1,1,0,1,0,0,0.00785608033594777
396,"B_smooth_logistic",3400,4000,1,1,1,0,1,0,0,0.00689176619241365
397,"A_threshold",1000,1600,0.4,0.995,0,-0.995,0,0,0.995,0.0224298179118349
397,"A_threshold",1600,2200,0.55,0,0,0,1,0,0,0.00198559993378464
397,"A_threshold",2200,2800,0.7,0,0,0,1,0,0,0.00593370075332663
397,"A_threshold",2800,3400,0.85,0,0,0,1,0,0,0.00246757406289075
397,"A_threshold",3400,4000,1,0,0.11,0.11,0,0.11,0,0.00575783626136698
397,"B_smooth_logistic",1000,1600,0.4,1,0.728,-0.272,0.728,0,0.272,0.0182369793694797
397,"B_smooth_logistic",1600,2200,0.55,0.7125,1,0.2875,0.7125,0.2875,0,0.0119506958262985
397,"B_smooth_logistic",2200,2800,0.7,1,1,0,1,0,0,0.00864713738895625
397,"B_smooth_logistic",2800,3400,0.85,1,1,0,1,0,0,0.0037207879508044
397,"B_smooth_logistic",3400,4000,1,1,1,0,1,0,0,0.00347431193546605
398,"A_threshold",1000,1600,0.4,0,0.111,0.111,0,0.111,0,0.0141720100676675
398,"A_threshold",1600,2200,0.55,0.11,0.05875,-0.05125,0.534090909090909,0,0.05125,0.00390445430310055
398,"A_threshold",2200,2800,0.7,0.0618181818181818,0.035,-0.0268181818181818,0.566176470588235,0,0.0268181818181818,0.00464982961634302
398,"A_threshold",2800,3400,0.85,0.0371428571428571,0.0935714285714286,0.0564285714285714,0.396946564885496,0.0564285714285714,0,0.00307903420705741
398,"A_threshold",3400,4000,1,0.0973529411764706,0.0738235294117647,-0.0235294117647059,0.758308157099698,0,0.0235294117647059,0.00307463543137449
398,"B_smooth_logistic",1000,1600,0.4,1,1,0,1,0,0,0.00497458598659071
398,"B_smooth_logistic",1600,2200,0.55,1,1,0,1,0,0,0.00604207504141244
398,"B_smooth_logistic",2200,2800,0.7,1,1,0,1,0,0,0.00229055100193746
398,"B_smooth_logistic",2800,3400,0.85,1,1,0,1,0,0,0.00909182214200408
398,"B_smooth_logistic",3400,4000,1,1,1,0,1,0,0,0.00722775954290448
399,"A_threshold",1000,1600,0.4,0.142,0,-0.142,0,0,0.142,0.00774284398203221
399,"A_threshold",1600,2200,0.55,0,0,0,1,0,0,0.00725080330576494
399,"A_threshold",2200,2800,0.7,0,0.166363636363636,0.166363636363636,0,0.166363636363636,0,0.00597038599561595
399,"A_threshold",2800,3400,0.85,0.161428571428571,0.205714285714286,0.0442857142857143,0.784722222222222,0.0442857142857143,0,0.00532121796468505
399,"A_threshold",3400,4000,1,0.208235294117647,0.0717647058823529,-0.136470588235294,0.344632768361582,0,0.136470588235294,0.00639398232309245
399,"B_smooth_logistic",1000,1600,0.4,1,1,0,1,0,0,0.0110840757039297
399,"B_smooth_logistic",1600,2200,0.55,1,0.844375,-0.155625,0.844375,0,0.155625,0.00870519412547039
399,"B_smooth_logistic",2200,2800,0.7,0.836818181818182,0.894090909090909,0.0572727272727273,0.935943060498221,0.0572727272727273,0,0.00361826868219961
399,"B_smooth_logistic",2800,3400,0.85,0.889642857142857,0.984642857142857,0.095,0.903518317011244,0.095,0,0.00402709513237845
399,"B_smooth_logistic",3400,4000,1,0.985294117647059,0.811470588235294,-0.173823529411765,0.823582089552239,0,0.173823529411765,0.00718798212900064
400,"A_threshold",1000,1600,0.4,0.01,0.01,0,1,0,0,0.0108635997563295
400,"A_threshold",1600,2200,0.55,0.00875,0.073125,0.064375,0.11965811965812,0.064375,0,0.00477908819012477
400,"A_threshold",2200,2800,0.7,0.0736363636363636,0.0513636363636364,-0.0222727272727273,0.697530864197531,0,0.0222727272727273,0.00356669631792735
400,"A_threshold",2800,3400,0.85,0.0492857142857143,0.0582142857142857,0.00892857142857142,0.846625766871166,0.00892857142857143,0,0.00123278051503725
400,"A_threshold",3400,4000,1,0.0605882352941176,0.0535294117647059,-0.00705882352941176,0.883495145631068,0,0.00705882352941176,0.00330716259875928
400,"B_smooth_logistic",1000,1600,0.4,0.743,0.654,-0.089,0.88021534320323,0,0.089,0.00773340329939699
400,"B_smooth_logistic",1600,2200,0.55,0.663125,0.654375,-0.00874999999999992,0.986804901036758,0,0.00875,0.00345179067514709
400,"B_smooth_logistic",2200,2800,0.7,0.643181818181818,0.687272727272727,0.0440909090909091,0.935846560846561,0.0440909090909091,0,0.00421554253310217
400,"B_smooth_logistic",2800,3400,0.85,0.685357142857143,0.741071428571429,0.0557142857142857,0.924819277108434,0.0557142857142857,0,0.00842736209612216
400,"B_smooth_logistic",3400,4000,1,0.741470588235294,0.821470588235294,0.08,0.902613677049767,0.08,0,0.00817095004227302
401,"A_threshold",1000,1600,0.4,0.103,0.145,0.042,0.710344827586207,0.042,0,0.00787331627413799
401,"A_threshold",1600,2200,0.55,0.151875,0.39,0.238125,0.389423076923077,0.238125,0,0.00365204663673816
401,"A_threshold",2200,2800,0.7,0.380454545454545,0.229545454545455,-0.150909090909091,0.603345280764636,0,0.150909090909091,0.00835978158288265
401,"A_threshold",2800,3400,0.85,0.231071428571429,0.0921428571428571,-0.138928571428571,0.398763523956723,0,0.138928571428571,0.00451613029182856
401,"A_threshold",3400,4000,1,0.0929411764705882,0.00117647058823529,-0.0917647058823529,0.0126582278481013,0,0.0917647058823529,0.0044537576915695
401,"B_smooth_logistic",1000,1600,0.4,1,1,0,1,0,0,0.00741985341858527
401,"B_smooth_logistic",1600,2200,0.55,1,1,0,1,0,0,0.00824027353222506
401,"B_smooth_logistic",2200,2800,0.7,1,1,0,1,0,0,0.00228359500752449
401,"B_smooth_logistic",2800,3400,0.85,1,1,0,1,0,0,0.00478612524132336
401,"B_smooth_logistic",3400,4000,1,1,1,0,1,0,0,0.00277650946621932
402,"A_threshold",1000,1600,0.4,0.506,0.497,-0.00900000000000001,0.982213438735178,0,0.009,0.00365638787555831
402,"A_threshold",1600,2200,0.55,0.49125,0.50625,0.015,0.97037037037037,0.015,0,0.00121235115692321
402,"A_threshold",2200,2800,0.7,0.495,0.492272727272727,-0.00272727272727274,0.994490358126722,0,0.00272727272727273,0.0114987029545533
402,"A_threshold",2800,3400,0.85,0.490357142857143,0.566428571428571,0.0760714285714285,0.865699873896595,0.0760714285714286,0,0.00559446918320965
402,"A_threshold",3400,4000,1,0.568235294117647,0.632058823529412,0.0638235294117647,0.899022801302932,0.0638235294117647,0,0.00369547542398502
402,"B_smooth_logistic",1000,1600,0.4,1,1,0,1,0,0,0.00933638735503848
402,"B_smooth_logistic",1600,2200,0.55,1,1,0,1,0,0,0.0100518850667195
402,"B_smooth_logistic",2200,2800,0.7,1,0.671818181818182,-0.328181818181818,0.671818181818182,0,0.328181818181818,0.00776228701213646
402,"B_smooth_logistic",2800,3400,0.85,0.6725,0.910357142857143,0.237857142857143,0.738721067085131,0.237857142857143,0,0.00776363429576254
402,"B_smooth_logistic",3400,4000,1,0.909411764705882,1,0.0905882352941176,0.909411764705882,0.0905882352941176,0,0.00244488401450059
403,"A_threshold",1000,1600,0.4,0.467,0.499,0.032,0.935871743486974,0.032,0,0.00407311351634724
403,"A_threshold",1600,2200,0.55,0.505625,0.390625,-0.115,0.772558714462299,0,0.115,0.0132532011412657
403,"A_threshold",2200,2800,0.7,0.381818181818182,0.403636363636364,0.0218181818181818,0.945945945945946,0.0218181818181818,0,0.0104070504106023
403,"A_threshold",2800,3400,0.85,0.400357142857143,0.29,-0.110357142857143,0.724353256021409,0,0.110357142857143,0.00556167248868422
403,"A_threshold",3400,4000,1,0.292352941176471,0.290588235294118,-0.00176470588235295,0.993963782696177,0,0.00176470588235294,0.00233122556715274
403,"B_smooth_logistic",1000,1600,0.4,0.496,0.858,0.362,0.578088578088578,0.362,0,0.0177163632767545
403,"B_smooth_logistic",1600,2200,0.55,0.855,0.7175,-0.1375,0.839181286549708,0,0.1375,0.00771976527591381
403,"B_smooth_logistic",2200,2800,0.7,0.724545454545454,0.831818181818182,0.107272727272727,0.87103825136612,0.107272727272727,0,0.010171129683781
403,"B_smooth_logistic",2800,3400,0.85,0.831428571428571,0.765,-0.0664285714285714,0.920103092783505,0,0.0664285714285714,0.00267687627869999
403,"B_smooth_logistic",3400,4000,1,0.767352941176471,0.829705882352941,0.0623529411764706,0.924849344204183,0.0623529411764706,0,0.00751681705545335
404,"A_threshold",1000,1600,0.4,0.872,0.515,-0.357,0.590596330275229,0,0.357,0.0128032132130589
404,"A_threshold",1600,2200,0.55,0.525,0,-0.525,0,0,0.525,0.0108682731758027
404,"A_threshold",2200,2800,0.7,0,0.131818181818182,0.131818181818182,0,0.131818181818182,0,0.00403790536011834
404,"A_threshold",2800,3400,0.85,0.133571428571429,0,-0.133571428571429,0,0,0.133571428571429,0.00810837246260127
404,"A_threshold",3400,4000,1,0,0.0208823529411765,0.0208823529411765,0,0.0208823529411765,0,0.00325376940820909
404,"B_smooth_logistic",1000,1600,0.4,1,1,0,1,0,0,0.00350788722990056
404,"B_smooth_logistic",1600,2200,0.55,1,1,0,1,0,0,0.0058689790980692
404,"B_smooth_logistic",2200,2800,0.7,1,0.973636363636364,-0.0263636363636364,0.973636363636364,0,0.0263636363636364,0.0132548604941502
404,"B_smooth_logistic",2800,3400,0.85,0.974285714285714,0.9125,-0.0617857142857143,0.93658357771261,0,0.0617857142857143,0.00241205863740254
404,"B_smooth_logistic",3400,4000,1,0.910882352941176,1,0.0891176470588235,0.910882352941176,0.0891176470588235,0,0.00413653625293265
405,"A_threshold",1000,1600,0.4,0.001,0.258,0.257,0,0.258,0.001,0.0218686568452494
405,"A_threshold",1600,2200,0.55,0.26,0.283125,0.023125,0.91832229580574,0.023125,0,0.00130986762183457
405,"A_threshold",2200,2800,0.7,0.286363636363636,0.213181818181818,-0.0731818181818182,0.744444444444444,0,0.0731818181818182,0.00552640204628081
405,"A_threshold",2800,3400,0.85,0.213928571428571,0.281428571428571,0.0675,0.760152284263959,0.0675,0,0.00397135464395438
405,"A_threshold",3400,4000,1,0.286176470588235,0.245588235294118,-0.0405882352941177,0.858170606372045,0,0.0405882352941176,0.0022802566763195
405,"B_smooth_logistic",1000,1600,0.4,1,1,0,1,0,0,0.0103824264420252
405,"B_smooth_logistic",1600,2200,0.55,1,1,0,1,0,0,0.0010831861870054
405,"B_smooth_logistic",2200,2800,0.7,1,0.656363636363636,-0.343636363636364,0.656363636363636,0,0.343636363636364,0.00570309503428038
405,"B_smooth_logistic",2800,3400,0.85,0.660714285714286,0.908214285714286,0.2475,0.727487219819111,0.2475,0,0.0106964381834301
405,"B_smooth_logistic",3400,4000,1,0.902352941176471,1,0.0976470588235294,0.902352941176471,0.0976470588235294,0,0.0048578719655509
406,"A_threshold",1000,1600,0.4,0,0.054,0.054,0,0.054,0,0.0103265873543112
406,"A_threshold",1600,2200,0.55,0.059375,0.048125,-0.01125,0.810526315789474,0,0.01125,0.00071708341141761
406,"A_threshold",2200,2800,0.7,0.0468181818181818,0.180454545454545,0.133636363636364,0.259445843828715,0.133636363636364,0,0.00393025186245204
406,"A_threshold",2800,3400,0.85,0.18,0.2425,0.0625,0.742268041237113,0.0625,0,0.00607899739788821
406,"A_threshold",3400,4000,1,0.244705882352941,0.226470588235294,-0.0182352941176471,0.925480769230769,0,0.0182352941176471,0.00339146361813787
406,"B_smooth_logistic",1000,1600,0.4,1,0.941,-0.0590000000000001,0.941,0,0.059,0.00746252050104308
406,"B_smooth_logistic",1600,2200,0.55,0.938125,0.8975,-0.040625,0.956695536309127,0,0.040625,0.00515013370962076
406,"B_smooth_logistic",2200,2800,0.7,0.884545454545455,1,0.115454545454545,0.884545454545455,0.115454545454545,0,0.00757497032014495
406,"B_smooth_logistic",2800,3400,0.85,1,1,0,1,0,0,0.00204538403592151
406,"B_smooth_logistic",3400,4000,1,1,1,0,1,0,0,0.00396796117472526
407,"A_threshold",1000,1600,0.4,0.639,0.447,-0.192,0.699530516431925,0,0.192,0.00784798148489415
407,"A_threshold",1600,2200,0.55,0.43625,0.201875,-0.234375,0.462750716332378,0,0.234375,0.0105744085458975
407,"A_threshold",2200,2800,0.7,0.202727272727273,0.314545454545455,0.111818181818182,0.644508670520231,0.111818181818182,0,0.00523435200131244
407,"A_threshold",2800,3400,0.85,0.313214285714286,0.1525,-0.160714285714286,0.486887115165336,0,0.160714285714286,0.00740143259640253
407,"A_threshold",3400,4000,1,0.154117647058824,0.0617647058823529,-0.0923529411764706,0.400763358778626,0,0.0923529411764706,0.00565134097474271
407,"B_smooth_logistic",1000,1600,0.4,0.551,0.699,0.148,0.78826895565093,0.148,0,0.0113473502092626
407,"B_smooth_logistic",1600,2200,0.55,0.699375,0.709375,0.01,0.985903083700441,0.01,0,0.00212579251236715
407,"B_smooth_logistic",2200,2800,0.7,0.700454545454545,0.784090909090909,0.0836363636363636,0.893333333333333,0.0836363636363636,0,0.00279247568998274
407,"B_smooth_logistic",2800,3400,0.85,0.783571428571429,1,0.216428571428571,0.783571428571429,0.216428571428571,0,0.00752448965725599
407,"B_smooth_logistic",3400,4000,1,1,1,0,1,0,0,0.00184962519295274
408,"A_threshold",1000,1600,0.4,0.11,0.028,-0.082,0.254545454545455,0,0.082,0.00395040164948412
408,"A_threshold",1600,2200,0.55,0.033125,0,-0.033125,0,0,0.033125,0.00907190789676038
408,"A_threshold",2200,2800,0.7,0,0,0,1,0,0,0.00208007460186225
408,"A_threshold",2800,3400,0.85,0,0,0,1,0,0,0.00308716868992634
408,"A_threshold",3400,4000,1,0,0,0,1,0,0,0.00431956888181861
408,"B_smooth_logistic",1000,1600,0.4,0.291,0.507,0.216,0.57396449704142,0.216,0,0.00946044437871762
408,"B_smooth_logistic",1600,2200,0.55,0.4975,1,0.5025,0.4975,0.5025,0,0.0147798219224431
408,"B_smooth_logistic",2200,2800,0.7,1,1,0,1,0,0,0.0109353759889801
408,"B_smooth_logistic",2800,3400,0.85,1,1,0,1,0,0,0.00618301717853309
408,"B_smooth_logistic",3400,4000,1,1,1,0,1,0,0,0.000781367379169199
409,"A_threshold",1000,1600,0.4,0.401,0.621,0.22,0.64573268921095,0.22,0,0.0134579590003328
409,"A_threshold",1600,2200,0.55,0.620625,0.445625,-0.175,0.718026183282981,0,0.175,0.00706324071850237
409,"A_threshold",2200,2800,0.7,0.437727272727273,0.606363636363636,0.168636363636364,0.721889055472264,0.168636363636364,0,0.00747980042468931
409,"A_threshold",2800,3400,0.85,0.603214285714286,0.448571428571429,-0.154642857142857,0.743635287152161,0,0.154642857142857,0.00772247958274896
409,"A_threshold",3400,4000,1,0.444411764705882,0.555882352941176,0.111470588235294,0.799470899470899,0.111470588235294,0,0.0037928509759769
409,"B_smooth_logistic",1000,1600,0.4,0.986,0.937,-0.0489999999999999,0.950304259634888,0,0.049,0.00382804317604647
409,"B_smooth_logistic",1600,2200,0.55,0.939375,1,0.060625,0.939375,0.060625,0,0.00451543649827167
409,"B_smooth_logistic",2200,2800,0.7,1,0.929545454545455,-0.0704545454545454,0.929545454545455,0,0.0704545454545455,0.00589854030688963
409,"B_smooth_logistic",2800,3400,0.85,0.928928571428571,0.688214285714286,-0.240714285714286,0.740868896578239,0,0.240714285714286,0.00748773346828581
409,"B_smooth_logistic",3400,4000,1,0.692647058823529,0.692058823529412,-0.000588235294117667,0.999150743099788,0,0.000588235294117647,0.00230632591770853
410,"A_threshold",1000,1600,0.4,0.965,0.853,-0.112,0.883937823834197,0,0.112,0.0029804699175531
410,"A_threshold",1600,2200,0.55,0.84625,0.59,-0.25625,0.43625,0.15375,0.41,0.00991241098320595
410,"A_threshold",2200,2800,0.7,0.589090909090909,0.694545454545455,0.105454545454545,0.283636363636364,0.410909090909091,0.305454545454545,0.00260940761629111
410,"A_threshold",2800,3400,0.85,0.6925,1,0.3075,0.6925,0.3075,0,0.00307916916217744
410,"A_threshold",3400,4000,1,1,1,0,1,0,0,0.00094705416215433
410,"B_smooth_logistic",1000,1600,0.4,0.558,0.537,-0.021,0.962365591397849,0,0.021,0.00397405441343034
410,"B_smooth_logistic",1600,2200,0.55,0.544375,0.675625,0.13125,0.805735430157262,0.13125,0,0.00711059170467826
410,"B_smooth_logistic",2200,2800,0.7,0.677272727272727,0.563181818181818,-0.114090909090909,0.831543624161074,0,0.114090909090909,0.00793886322213392
410,"B_smooth_logistic",2800,3400,0.85,0.566071428571429,0.526785714285714,-0.0392857142857143,0.930599369085173,0,0.0392857142857143,0.0034666483817031
410,"B_smooth_logistic",3400,4000,1,0.532058823529412,0.618235294117647,0.0861764705882353,0.860608943862988,0.0861764705882353,0,0.00586257138002921
411,"A_threshold",1000,1600,0.4,0.471,0.585,0.114,0.805128205128205,0.114,0,0.00844861469855779
411,"A_threshold",1600,2200,0.55,0.59,0.284375,-0.305625,0.481991525423729,0,0.305625,0.00633775999411489
411,"A_threshold",2200,2800,0.7,0.291363636363636,0.321363636363636,0.03,0.906647807637907,0.03,0,0.00519435770484611
411,"A_threshold",2800,3400,0.85,0.313571428571429,0.285,-0.0285714285714286,0.908883826879271,0,0.0285714285714286,0.00403816581896231
411,"A_threshold",3400,4000,1,0.286470588235294,0.321176470588235,0.0347058823529411,0.891941391941392,0.0347058823529412,0,0.00113130646464857
411,"B_smooth_logistic",1000,1600,0.4,1,0.576,-0.424,0.576,0,0.424,0.0161540374497281
411,"B_smooth_logistic",1600,2200,0.55,0.596875,0.69375,0.0968749999999999,0.86036036036036,0.096875,0,0.00798525782335994
411,"B_smooth_logistic",2200,2800,0.7,0.7,0.542272727272727,-0.157727272727273,0.774675324675325,0,0.157727272727273,0.0107311782718007
411,"B_smooth_logistic",2800,3400,0.85,0.531428571428571,0.536785714285714,0.00535714285714284,0.99001996007984,0.00535714285714286,0,0.00297934729496999
411,"B_smooth_logistic",3400,4000,1,0.538823529411765,0.557647058823529,0.0188235294117647,0.966244725738397,0.0188235294117647,0,0.00350311478117237
412,"A_threshold",1000,1600,0.4,0.607,0.99,0.383,0.597,0.393,0.01,0.0119942899160121
412,"A_threshold",1600,2200,0.55,0.990625,0.89125,-0.099375,0.899684542586751,0,0.099375,0.00497030856545289
412,"A_threshold",2200,2800,0.7,0.891818181818182,0.904545454545455,0.0127272727272727,0.985929648241206,0.0127272727272727,0,0.000637958723931587
412,"A_threshold",2800,3400,0.85,0.903571428571429,0.17,-0.733571428571429,0.0735714285714286,0.0964285714285714,0.83,0.00671726550213945
412,"A_threshold",3400,4000,1,0.169117647058824,0.0808823529411765,-0.0882352941176471,0.478260869565217,0,0.0882352941176471,0.00710377463566324
412,"B_smooth_logistic",1000,1600,0.4,0.817,0.682,-0.135,0.834761321909425,0,0.135,0.0114971176332282
412,"B_smooth_logistic",1600,2200,0.55,0.678125,0.73,0.051875,0.928938356164384,0.051875,0,0.0105907558476853
412,"B_smooth_logistic",2200,2800,0.7,0.727727272727273,0.728181818181818,0.000454545454545374,0.999375780274657,0.000454545454545455,0,0.003987352911123
412,"B_smooth_logistic",2800,3400,0.85,0.729642857142857,0.790714285714286,0.0610714285714286,0.922764227642276,0.0610714285714286,0,0.00982568756545469
412,"B_smooth_logistic",3400,4000,1,0.788529411764706,0.812058823529412,0.0235294117647058,0.97102499094531,0.0235294117647059,0,0.00523317580941734
413,"A_threshold",1000,1600,0.4,0.506,0.681,0.175,0.74302496328928,0.175,0,0.00989817735302766
413,"A_threshold",1600,2200,0.55,0.685625,0.62875,-0.056875,0.917046490428441,0,0.056875,0.00375067770657482
413,"A_threshold",2200,2800,0.7,0.635454545454545,0.585,-0.0504545454545455,0.920600858369099,0,0.0504545454545455,0.0022765269611215
413,"A_threshold",2800,3400,0.85,0.584642857142857,0.531071428571429,-0.0535714285714286,0.908368967623702,0,0.0535714285714286,0.00344062004890977
413,"A_threshold",3400,4000,1,0.531470588235294,0.634705882352941,0.103235294117647,0.837349397590361,0.103235294117647,0,0.00548761804600948
413,"B_smooth_logistic",1000,1600,0.4,1,0.907,-0.093,0.907,0,0.093,0.00651934978808327
413,"B_smooth_logistic",1600,2200,0.55,0.9125,0.96,0.0475,0.950520833333333,0.0475,0,0.00365733602552549
413,"B_smooth_logistic",2200,2800,0.7,0.957727272727273,1,0.0422727272727272,0.957727272727273,0.0422727272727273,0,0.00507586308665097
413,"B_smooth_logistic",2800,3400,0.85,1,1,0,1,0,0,0.003863094400401
413,"B_smooth_logistic",3400,4000,1,1,1,0,1,0,0,0.00404207161290972
414,"A_threshold",1000,1600,0.4,0.304,0.215,-0.089,0.707236842105263,0,0.089,0.0175788515504149
414,"A_threshold",1600,2200,0.55,0.2225,0.358125,0.135625,0.621291448516579,0.135625,0,0.00871164168066037
414,"A_threshold",2200,2800,0.7,0.362272727272727,0.652272727272727,0.29,0.555400696864112,0.29,0,0.00747777569114307
414,"A_threshold",2800,3400,0.85,0.651071428571429,0.730714285714286,0.0796428571428572,0.891006842619746,0.0796428571428571,0,0.00200002681536295
414,"A_threshold",3400,4000,1,0.728823529411765,0.607647058823529,-0.121176470588235,0.833736884584342,0,0.121176470588235,0.00299991092115569
414,"B_smooth_logistic",1000,1600,0.4,1,0.83,-0.17,0.83,0,0.17,0.000955565099737872
414,"B_smooth_logistic",1600,2200,0.55,0.830625,1,0.169375,0.830625,0.169375,0,0.00480923547424685
414,"B_smooth_logistic",2200,2800,0.7,1,1,0,1,0,0,0.0053349712293201
414,"B_smooth_logistic",2800,3400,0.85,1,1,0,1,0,0,0.00708753245130551
414,"B_smooth_logistic",3400,4000,1,1,0.851176470588235,-0.148823529411765,0.851176470588235,0,0.148823529411765,0.00474586982683741
415,"A_threshold",1000,1600,0.4,0,0,0,1,0,0,0.0219687548084819
415,"A_threshold",1600,2200,0.55,0,0,0,1,0,0,0.00143712145495548
415,"A_threshold",2200,2800,0.7,0,0.00181818181818182,0.00181818181818182,0,0.00181818181818182,0,0.00384658929796377
415,"A_threshold",2800,3400,0.85,0.00142857142857143,0.00214285714285714,0.000714285714285714,0.666666666666667,0.000714285714285714,0,0.00380940483493305
415,"A_threshold",3400,4000,1,0.00205882352941176,0.0341176470588235,0.0320588235294118,0.0603448275862069,0.0320588235294118,0,0.00527652664550712
415,"B_smooth_logistic",1000,1600,0.4,1,0.798,-0.202,0.798,0,0.202,0.0113295357188894
415,"B_smooth_logistic",1600,2200,0.55,0.798125,0.7525,-0.045625,0.94283476898982,0,0.045625,0.0097406118186507
415,"B_smooth_logistic",2200,2800,0.7,0.753181818181818,0.813636363636364,0.0604545454545454,0.925698324022346,0.0604545454545455,0,0.00251789451110366
415,"B_smooth_logistic",2800,3400,0.85,0.812142857142857,0.888571428571429,0.0764285714285714,0.913987138263666,0.0764285714285714,0,0.00858615041028506
415,"B_smooth_logistic",3400,4000,1,0.882941176470588,0.859411764705882,-0.0235294117647059,0.973351099267155,0,0.0235294117647059,0.00287155853786463
416,"A_threshold",1000,1600,0.4,0,0.136,0.136,0,0.136,0,0.00694854627294393
416,"A_threshold",1600,2200,0.55,0.13375,0.38,0.24625,0.351973684210526,0.24625,0,0.00830576218497681
416,"A_threshold",2200,2800,0.7,0.382727272727273,0.304545454545455,-0.0781818181818182,0.795724465558195,0,0.0781818181818182,0.0037117175700495
416,"A_threshold",2800,3400,0.85,0.298214285714286,0.4975,0.199285714285714,0.599425699928212,0.199285714285714,0,0.00923798616246914
416,"A_threshold",3400,4000,1,0.497647058823529,0.469705882352941,-0.0279411764705882,0.943853427895981,0,0.0279411764705882,0.000993322103437174
416,"B_smooth_logistic",1000,1600,0.4,0.727,0.825,0.098,0.881212121212121,0.098,0,0.00922801481287393
416,"B_smooth_logistic",1600,2200,0.55,0.816875,0.805625,-0.01125,0.986228003060444,0,0.01125,0.00893834799085317
416,"B_smooth_logistic",2200,2800,0.7,0.810454545454545,0.837272727272727,0.0268181818181819,0.967969598262758,0.0268181818181818,0,0.00169591123667591
416,"B_smooth_logistic",2800,3400,0.85,0.836071428571429,0.7975,-0.0385714285714286,0.95386586928663,0,0.0385714285714286,0.00355056686696051
416,"B_smooth_logistic",3400,4000,1,0.800588235294118,0.900882352941176,0.100294117647059,0.888671237349004,0.100294117647059,0,0.00449115923878193
417,"A_threshold",1000,1600,0.4,0.988,0.638,-0.35,0.645748987854251,0,0.35,0.0134148769314534
417,"A_threshold",1600,2200,0.55,0.63375,0.0625,-0.57125,0.0986193293885602,0,0.57125,0.0134970716600975
417,"A_threshold",2200,2800,0.7,0.0604545454545455,0.181363636363636,0.120909090909091,0.333333333333333,0.120909090909091,0,0.00187877935894555
417,"A_threshold",2800,3400,0.85,0.183214285714286,0.151428571428571,-0.0317857142857143,0.826510721247563,0,0.0317857142857143,0.0046848264854906
417,"A_threshold",3400,4000,1,0.149411764705882,0.366764705882353,0.217352941176471,0.407377706495589,0.217352941176471,0,0.00723601716618925
417,"B_smooth_logistic",1000,1600,0.4,1,1,0,1,0,0,0.00638226798722961
417,"B_smooth_logistic",1600,2200,0.55,1,1,0,1,0,0,0.00644803863409718
417,"B_smooth_logistic",2200,2800,0.7,1,1,0,1,0,0,0.00393902171263451
417,"B_smooth_logistic",2800,3400,0.85,1,1,0,1,0,0,0.00566684259253121
417,"B_smooth_logistic",3400,4000,1,1,1,0,1,0,0,0.00323591972574879
418,"A_threshold",1000,1600,0.4,0,0.168,0.168,0,0.168,0,0.0128463621425467
418,"A_threshold",1600,2200,0.55,0.155625,0.214375,0.05875,0.725947521865889,0.05875,0,0.0068983661970868
418,"A_threshold",2200,2800,0.7,0.216818181818182,0.284090909090909,0.0672727272727273,0.7632,0.0672727272727273,0,0.00545594439132995
418,"A_threshold",2800,3400,0.85,0.285714285714286,0.282857142857143,-0.00285714285714284,0.99,0,0.00285714285714286,0.00779703457724479
418,"A_threshold",3400,4000,1,0.276176470588235,0.498823529411765,0.222647058823529,0.553655660377358,0.222647058823529,0,0.00635265414538433
418,"B_smooth_logistic",1000,1600,0.4,0.653,0.723,0.07,0.903181189488243,0.07,0,0.00546914336138143
418,"B_smooth_logistic",1600,2200,0.55,0.71875,0.6225,-0.0962499999999999,0.866086956521739,0,0.09625,0.00683380496766794
418,"B_smooth_logistic",2200,2800,0.7,0.621818181818182,0.596363636363636,-0.0254545454545455,0.95906432748538,0,0.0254545454545455,0.00222969547224834
418,"B_smooth_logistic",2800,3400,0.85,0.6025,0.598214285714286,-0.00428571428571434,0.992886781268524,0,0.00428571428571429,0.00356093961957619
418,"B_smooth_logistic",3400,4000,1,0.601176470588235,0.577647058823529,-0.0235294117647059,0.960861056751468,0,0.0235294117647059,0.00328333398165272
419,"A_threshold",1000,1600,0.4,0.106,0.106,0,1,0,0,0.00585995350567206
419,"A_threshold",1600,2200,0.55,0.11,0.173125,0.063125,0.635379061371841,0.063125,0,0.00345599485316662
419,"A_threshold",2200,2800,0.7,0.179545454545455,0.0186363636363636,-0.160909090909091,0.10379746835443,0,0.160909090909091,0.00939234111680516
419,"A_threshold",2800,3400,0.85,0.0203571428571429,0,-0.0203571428571429,0,0,0.0203571428571429,0.00363924023232649
419,"A_threshold",3400,4000,1,0.000294117647058824,0,-0.000294117647058824,0,0,0.000294117647058824,0.00367925278033715
419,"B_smooth_logistic",1000,1600,0.4,0.588,0.905,0.317,0.649723756906077,0.317,0,0.0201782792684222
419,"B_smooth_logistic",1600,2200,0.55,0.9125,0.883125,-0.0293749999999999,0.967808219178082,0,0.029375,0.00687002814314082
419,"B_smooth_logistic",2200,2800,0.7,0.881363636363636,0.858636363636364,-0.0227272727272727,0.974213512119649,0,0.0227272727272727,0.00364419672677945
419,"B_smooth_logistic",2800,3400,0.85,0.852142857142857,1,0.147857142857143,0.852142857142857,0.147857142857143,0,0.00954564877136794
419,"B_smooth_logistic",3400,4000,1,1,1,0,1,0,0,0.00203529646245967
420,"A_threshold",1000,1600,0.4,0.048,0.021,-0.027,0.4375,0,0.027,0.00447088720976031
420,"A_threshold",1600,2200,0.55,0.02125,0.045,0.02375,0.472222222222222,0.02375,0,0.00501655865423523
420,"A_threshold",2200,2800,0.7,0.0445454545454545,0.0554545454545455,0.0109090909090909,0.80327868852459,0.0109090909090909,0,0.00266449274326366
420,"A_threshold",2800,3400,0.85,0.0539285714285714,0.0385714285714286,-0.0153571428571429,0.71523178807947,0,0.0153571428571429,0.00155360958835319
420,"A_threshold",3400,4000,1,0.0391176470588235,0.0873529411764706,0.0482352941176471,0.447811447811448,0.0482352941176471,0,0.00324093941548984
420,"B_smooth_logistic",1000,1600,0.4,0.653,0.81,0.157,0.806172839506173,0.157,0,0.00806736255313357
420,"B_smooth_logistic",1600,2200,0.55,0.806875,0.754375,-0.0525,0.934934159566228,0,0.0525,0.00254995299057847
420,"B_smooth_logistic",2200,2800,0.7,0.759090909090909,0.779090909090909,0.02,0.974329054842474,0.02,0,0.00117319423522001
420,"B_smooth_logistic",2800,3400,0.85,0.781071428571429,0.816785714285714,0.0357142857142858,0.956274595540009,0.0357142857142857,0,0.0052545115322831
420,"B_smooth_logistic",3400,4000,1,0.815,0.832058823529412,0.0170588235294118,0.979498055850124,0.0170588235294118,0,0.00151869904334483
421,"A_threshold",1000,1600,0.4,0.265,0.289,0.024,0.916955017301038,0.024,0,0.0201362065268821
421,"A_threshold",1600,2200,0.55,0.28875,0.2725,-0.01625,0.943722943722944,0,0.01625,0.000916432567173594
421,"A_threshold",2200,2800,0.7,0.272272727272727,0.225909090909091,-0.0463636363636364,0.829716193656094,0,0.0463636363636364,0.00222716619117786
421,"A_threshold",2800,3400,0.85,0.226785714285714,0.313571428571429,0.0867857142857143,0.723234624145786,0.0867857142857143,0,0.00443264287394648
421,"A_threshold",3400,4000,1,0.312058823529412,0.463529411764706,0.151470588235294,0.673223350253807,0.151470588235294,0,0.00502310739049485
421,"B_smooth_logistic",1000,1600,0.4,0.841,1,0.159,0.841,0.159,0,0.0149060426118942
421,"B_smooth_logistic",1600,2200,0.55,1,0.930625,-0.069375,0.930625,0,0.069375,0.00799814398987764
421,"B_smooth_logistic",2200,2800,0.7,0.931818181818182,0.909545454545455,-0.0222727272727272,0.97609756097561,0,0.0222727272727273,0.00513765018739066
421,"B_smooth_logistic",2800,3400,0.85,0.913571428571429,0.907857142857143,-0.00571428571428578,0.99374511336982,0,0.00571428571428571,0.000958380965045725
421,"B_smooth_logistic",3400,4000,1,0.910294117647059,0.910294117647059,0,1,0,0,0.000114213237921197
422,"A_threshold",1000,1600,0.4,0.258,0.111,-0.147,0.430232558139535,0,0.147,0.00794534947858888
422,"A_threshold",1600,2200,0.55,0.1175,0,-0.1175,0,0,0.1175,0.00711532890960897
422,"A_threshold",2200,2800,0.7,0,0.0386363636363636,0.0386363636363636,0,0.0386363636363636,0,0.00354330433918879
422,"A_threshold",2800,3400,0.85,0.0378571428571429,0.0564285714285714,0.0185714285714286,0.670886075949367,0.0185714285714286,0,0.00255872218111674
422,"A_threshold",3400,4000,1,0.0602941176470588,0.130882352941176,0.0705882352941176,0.460674157303371,0.0705882352941176,0,0.00473684774775163
422,"B_smooth_logistic",1000,1600,0.4,0.549,0.721,0.172,0.761442441054092,0.172,0,0.0199662986403312
422,"B_smooth_logistic",1600,2200,0.55,0.719375,0.750625,0.03125,0.958368026644463,0.03125,0,0.00222114528817497
422,"B_smooth_logistic",2200,2800,0.7,0.755,0.830909090909091,0.0759090909090909,0.908643326039387,0.0759090909090909,0,0.00419706584754684
422,"B_smooth_logistic",2800,3400,0.85,0.833571428571429,0.8025,-0.0310714285714285,0.962724935732648,0,0.0310714285714286,0.00132497066100234
422,"B_smooth_logistic",3400,4000,1,0.805,0.751176470588235,-0.0538235294117647,0.933138472780417,0,0.0538235294117647,0.00335468964023097
423,"A_threshold",1000,1600,0.4,0.625,0.11,-0.515,0.176,0,0.515,0.0172011924025566
423,"A_threshold",1600,2200,0.55,0.115,0.148125,0.033125,0.776371308016878,0.033125,0,0.00303919303777897
423,"A_threshold",2200,2800,0.7,0.146363636363636,0.534545454545455,0.388181818181818,0.273809523809524,0.388181818181818,0,0.010162227255322
423,"A_threshold",2800,3400,0.85,0.542857142857143,0.252857142857143,-0.29,0.465789473684211,0,0.29,0.00669520333349151
423,"A_threshold",3400,4000,1,0.253529411764706,0.0532352941176471,-0.200294117647059,0.209976798143852,0,0.200294117647059,0.00701972321869131
423,"B_smooth_logistic",1000,1600,0.4,1,1,0,1,0,0,0.00496127135622481
423,"B_smooth_logistic",1600,2200,0.55,1,1,0,1,0,0,0.00641678436716526
423,"B_smooth_logistic",2200,2800,0.7,1,1,0,1,0,0,0.00674899466373082
423,"B_smooth_logistic",2800,3400,0.85,1,1,0,1,0,0,0.000629253969814653
423,"B_smooth_logistic",3400,4000,1,1,1,0,1,0,0,0.00360060070181413
424,"A_threshold",1000,1600,0.4,0.172,0.009,-0.163,0.0523255813953488,0,0.163,0.0184606485541972
424,"A_threshold",1600,2200,0.55,0.008125,0.00125,-0.006875,0.153846153846154,0,0.006875,0.00436311862990098
424,"A_threshold",2200,2800,0.7,0.00136363636363636,0,-0.00136363636363636,0,0,0.00136363636363636,0.0098947292933242
424,"A_threshold",2800,3400,0.85,0,0,0,1,0,0,0.0056674428150875
424,"A_threshold",3400,4000,1,0,0,0,1,0,0,0.00559413538972993
424,"B_smooth_logistic",1000,1600,0.4,0.206,0.211,0.005,0.976303317535545,0.005,0,0.00632077029477983
424,"B_smooth_logistic",1600,2200,0.55,0.21,0.321875,0.111875,0.652427184466019,0.111875,0,0.0111100456219517
424,"B_smooth_logistic",2200,2800,0.7,0.331363636363636,0.444545454545455,0.113181818181818,0.745398773006135,0.113181818181818,0,0.00552303147955806
424,"B_smooth_logistic",2800,3400,0.85,0.4425,0.558928571428571,0.116428571428571,0.791693290734824,0.116428571428571,0,0.00562813951352922
424,"B_smooth_logistic",3400,4000,1,0.565,0.627941176470588,0.0629411764705883,0.899765807962529,0.0629411764705882,0,0.00559100598462867
425,"A_threshold",1000,1600,0.4,0.29,0.023,-0.267,0.0793103448275862,0,0.267,0.00936184627611124
425,"A_threshold",1600,2200,0.55,0.030625,0.26375,0.233125,0.116113744075829,0.233125,0,0.00816543615897009
425,"A_threshold",2200,2800,0.7,0.257272727272727,0.0718181818181818,-0.185454545454545,0.279151943462898,0,0.185454545454545,0.00964403685250157
425,"A_threshold",2800,3400,0.85,0.0728571428571429,0.334285714285714,0.261428571428571,0.217948717948718,0.261428571428571,0,0.00720148673678792
425,"A_threshold",3400,4000,1,0.328235294117647,0.235294117647059,-0.0929411764705882,0.716845878136201,0,0.0929411764705882,0.00369558486751525
425,"B_smooth_logistic",1000,1600,0.4,0.656,0.471,-0.185,0.717987804878049,0,0.185,0.0262385271240489
425,"B_smooth_logistic",1600,2200,0.55,0.455625,0.484375,0.02875,0.940645161290323,0.02875,0,0.00167067808945243
425,"B_smooth_logistic",2200,2800,0.7,0.475454545454545,0.658181818181818,0.182727272727273,0.722375690607735,0.182727272727273,0,0.00987627597025156
425,"B_smooth_logistic",2800,3400,0.85,0.661428571428571,0.568571428571429,-0.0928571428571429,0.859611231101512,0,0.0928571428571429,0.00400303704419653
425,"B_smooth_logistic",3400,4000,1,0.575588235294118,0.544117647058823,-0.0314705882352941,0.945324476239142,0,0.0314705882352941,0.00258802361751149
426,"A_threshold",1000,1600,0.4,0.175,0,-0.175,0,0,0.175,0.00569502499539149
426,"A_threshold",1600,2200,0.55,0,0.0025,0.0025,0,0.0025,0,0.00265961883718016
426,"A_threshold",2200,2800,0.7,0.00227272727272727,0.0309090909090909,0.0286363636363636,0,0.0309090909090909,0.00227272727272727,0.00633131075475211
426,"A_threshold",2800,3400,0.85,0.0310714285714286,0.153571428571429,0.1225,0.202325581395349,0.1225,0,0.00404447695426059
426,"A_threshold",3400,4000,1,0.155,0.208529411764706,0.0535294117647059,0.743300423131171,0.0535294117647059,0,0.00344726892253893
426,"B_smooth_logistic",1000,1600,0.4,1,1,0,1,0,0,0.0104806050446221
426,"B_smooth_logistic",1600,2200,0.55,1,1,0,1,0,0,0.0153082795197655
426,"B_smooth_logistic",2200,2800,0.7,1,0.771818181818182,-0.228181818181818,0.771818181818182,0,0.228181818181818,0.00469888330164412
426,"B_smooth_logistic",2800,3400,0.85,0.7725,0.792142857142857,0.0196428571428572,0.975202885482417,0.0196428571428571,0,0.00372093208573987
426,"B_smooth_logistic",3400,4000,1,0.791764705882353,0.944117647058824,0.152352941176471,0.838629283489097,0.152352941176471,0,0.00734719948192795
427,"A_threshold",1000,1600,0.4,0.395,0.158,-0.237,0.4,0,0.237,0.0114250780692105
427,"A_threshold",1600,2200,0.55,0.16375,0.3175,0.15375,0.515748031496063,0.15375,0,0.00943005612986561
427,"A_threshold",2200,2800,0.7,0.310454545454545,0.284090909090909,-0.0263636363636363,0.915080527086384,0,0.0263636363636364,0.00365528950426464
427,"A_threshold",2800,3400,0.85,0.288928571428571,0.382857142857143,0.0939285714285714,0.754664179104478,0.0939285714285714,0,0.0057752938664391
427,"A_threshold",3400,4000,1,0.385,0.348529411764706,-0.0364705882352941,0.905271199388846,0,0.0364705882352941,0.00212944462905299
427,"B_smooth_logistic",1000,1600,0.4,1,1,0,1,0,0,0.0250110197237126
427,"B_smooth_logistic",1600,2200,0.55,1,1,0,1,0,0,0.0112811955401776
427,"B_smooth_logistic",2200,2800,0.7,1,1,0,1,0,0,0.00286961124722004
427,"B_smooth_logistic",2800,3400,0.85,1,1,0,1,0,0,0.0106588655626317
427,"B_smooth_logistic",3400,4000,1,1,1,0,1,0,0,0.00555283565917679
428,"A_threshold",1000,1600,0.4,0.247,0.038,-0.209,0,0.038,0.247,0.0153005566096982
428,"A_threshold",1600,2200,0.55,0.04,0.000625,-0.039375,0.015625,0,0.039375,0.0100283861187407
428,"A_threshold",2200,2800,0.7,0.000454545454545455,0.0672727272727273,0.0668181818181818,0.00675675675675676,0.0668181818181818,0,0.00527261498677477
428,"A_threshold",2800,3400,0.85,0.0692857142857143,0.0371428571428571,-0.0321428571428571,0.536082474226804,0,0.0321428571428571,0.00132404221675219
428,"A_threshold",3400,4000,1,0.0397058823529412,0.0161764705882353,-0.0235294117647059,0.407407407407407,0,0.0235294117647059,0.00482521539595793
428,"B_smooth_logistic",1000,1600,0.4,1,0.8,-0.2,0.8,0,0.2,0.00938189893458539
428,"B_smooth_logistic",1600,2200,0.55,0.796875,0.820625,0.02375,0.971058644325971,0.02375,0,0.0060636502338383
428,"B_smooth_logistic",2200,2800,0.7,0.826363636363636,0.820454545454545,-0.00590909090909097,0.992849284928493,0,0.00590909090909091,0.00330653016011682
428,"B_smooth_logistic",2800,3400,0.85,0.817857142857143,0.7375,-0.0803571428571428,0.90174672489083,0,0.0803571428571429,0.00910812241098108
428,"B_smooth_logistic",3400,4000,1,0.740588235294118,0.640294117647059,-0.100294117647059,0.864575059571088,0,0.100294117647059,0.00770350136758992
429,"A_threshold",1000,1600,0.4,0.552,0.117,-0.435,0.21195652173913,0,0.435,0.0221210073903275
429,"A_threshold",1600,2200,0.55,0.11625,0.359375,0.243125,0.323478260869565,0.243125,0,0.0102414495232207
429,"A_threshold",2200,2800,0.7,0.365454545454545,0.353181818181818,-0.0122727272727273,0.966417910447761,0,0.0122727272727273,0.00196887655434428
429,"A_threshold",2800,3400,0.85,0.355357142857143,0.176071428571429,-0.179285714285714,0.495477386934673,0,0.179285714285714,0.00692801879492364
429,"A_threshold",3400,4000,1,0.181176470588235,0.24,0.0588235294117647,0.754901960784314,0.0588235294117647,0,0.00216854487620211
429,"B_smooth_logistic",1000,1600,0.4,0.898,0.828,-0.0700000000000001,0.922048997772829,0,0.07,0.00618834652888257
429,"B_smooth_logistic",1600,2200,0.55,0.8275,0.815,-0.0125000000000001,0.984894259818731,0,0.0125,0.000883505981826602
429,"B_smooth_logistic",2200,2800,0.7,0.808636363636364,0.858636363636364,0.05,0.941768131286395,0.05,0,0.00688014470013372
429,"B_smooth_logistic",2800,3400,0.85,0.863928571428571,0.856071428571429,-0.00785714285714278,0.990905332782141,0,0.00785714285714286,0.00271938838974872
429,"B_smooth_logistic",3400,4000,1,0.863529411764706,0.883235294117647,0.0197058823529411,0.977688977688978,0.0197058823529412,0,0.00339311504780395
430,"A_threshold",1000,1600,0.4,0.19,0.312,0.122,0.608974358974359,0.122,0,0.0116495205809759
430,"A_threshold",1600,2200,0.55,0.32375,0.483125,0.159375,0.670116429495472,0.159375,0,0.00922210056239322
430,"A_threshold",2200,2800,0.7,0.491363636363636,0.531818181818182,0.0404545454545455,0.923931623931624,0.0404545454545455,0,0.00689585668263325
430,"A_threshold",2800,3400,0.85,0.536785714285714,0.531071428571429,-0.00571428571428578,0.989354624085163,0,0.00571428571428571,0.00543078661798992
430,"A_threshold",3400,4000,1,0.537058823529412,0.376176470588235,-0.160882352941177,0.700438116100767,0,0.160882352941176,0.00677385032130337
430,"B_smooth_logistic",1000,1600,0.4,1,0.787,-0.213,0.787,0,0.213,0.0123806146732301
430,"B_smooth_logistic",1600,2200,0.55,0.7925,0.686875,-0.105625,0.866719242902208,0,0.105625,0.00672127841847488
430,"B_smooth_logistic",2200,2800,0.7,0.694545454545455,0.7,0.00545454545454538,0.992207792207792,0.00545454545454545,0,0.00245083191681119
430,"B_smooth_logistic",2800,3400,0.85,0.7,0.813928571428571,0.113928571428571,0.860026327336551,0.113928571428571,0,0.00292015722372966
430,"B_smooth_logistic",3400,4000,1,0.810294117647059,0.709705882352941,-0.100588235294118,0.875862068965517,0,0.100588235294118,0.0029224919469852
431,"A_threshold",1000,1600,0.4,0.192,0.029,-0.163,0.151041666666667,0,0.163,0.00667461831994338
431,"A_threshold",1600,2200,0.55,0.031875,0,-0.031875,0,0,0.031875,0.0114784224878489
431,"A_threshold",2200,2800,0.7,0,0,0,1,0,0,0.00336969916815809
431,"A_threshold",2800,3400,0.85,0,0.00535714285714286,0.00535714285714286,0,0.00535714285714286,0,0.00546415221934259
431,"A_threshold",3400,4000,1,0.00676470588235294,0,-0.00676470588235294,0,0,0.00676470588235294,0.00711603919476855
431,"B_smooth_logistic",1000,1600,0.4,0.752,0.757,0.005,0.993394980184941,0.005,0,0.00718026718311645
431,"B_smooth_logistic",1600,2200,0.55,0.76125,0.7025,-0.05875,0.922824302134647,0,0.05875,0.0110780138251484
431,"B_smooth_logistic",2200,2800,0.7,0.701363636363636,0.590454545454545,-0.110909090909091,0.841866493843163,0,0.110909090909091,0.0057661678322416
431,"B_smooth_logistic",2800,3400,0.85,0.596071428571429,0.622857142857143,0.0267857142857143,0.956995412844037,0.0267857142857143,0,0.00463042167540259
431,"B_smooth_logistic",3400,4000,1,0.619411764705882,0.588823529411765,-0.0305882352941176,0.950617283950617,0,0.0305882352941176,0.00566550398790928
432,"A_threshold",1000,1600,0.4,0,0,0,1,0,0,0.0131280741916238
432,"A_threshold",1600,2200,0.55,0,0.483125,0.483125,0,0.483125,0,0.00988791970260173
432,"A_threshold",2200,2800,0.7,0.484545454545455,0.239090909090909,-0.245454545454545,0.49343339587242,0,0.245454545454545,0.00463614522695378
432,"A_threshold",2800,3400,0.85,0.238928571428571,0.2025,-0.0364285714285714,0.847533632286996,0,0.0364285714285714,0.0051992106248173
432,"A_threshold",3400,4000,1,0.204117647058824,0.758823529411765,0.554705882352941,0.268992248062015,0.554705882352941,0,0.00396210779948994
432,"B_smooth_logistic",1000,1600,0.4,1,1,0,1,0,0,0.0100498039991946
432,"B_smooth_logistic",1600,2200,0.55,1,1,0,1,0,0,0.0100875980701192
432,"B_smooth_logistic",2200,2800,0.7,1,1,0,1,0,0,0.00962863810718589
432,"B_smooth_logistic",2800,3400,0.85,1,1,0,1,0,0,0.00655312299703534
432,"B_smooth_logistic",3400,4000,1,1,1,0,1,0,0,0.0022022580789712
433,"A_threshold",1000,1600,0.4,0.943,1,0.0570000000000001,0.943,0.057,0,0.00476346630178197
433,"A_threshold",1600,2200,0.55,1,0.58125,-0.41875,0.58125,0,0.41875,0.0113508042909578
433,"A_threshold",2200,2800,0.7,0.571363636363636,0.628636363636364,0.0572727272727273,0.908893709327549,0.0572727272727273,0,0.00305036503181022
433,"A_threshold",2800,3400,0.85,0.631785714285714,0.615714285714286,-0.0160714285714285,0.97456189937818,0,0.0160714285714286,0.00607239582604932
433,"A_threshold",3400,4000,1,0.610882352941176,0.722058823529412,0.111176470588235,0.846028513238289,0.111176470588235,0,0.00514159541968945
433,"B_smooth_logistic",1000,1600,0.4,0.582,0.519,-0.0629999999999999,0.891752577319588,0,0.063,0.00523857097417359
433,"B_smooth_logistic",1600,2200,0.55,0.519375,0.6975,0.178125,0.744623655913978,0.178125,0,0.012462462639112
433,"B_smooth_logistic",2200,2800,0.7,0.697272727272727,0.9,0.202727272727273,0.774747474747475,0.202727272727273,0,0.00762242959613351
433,"B_smooth_logistic",2800,3400,0.85,0.900714285714286,0.966428571428571,0.0657142857142857,0.9320029563932,0.0657142857142857,0,0.00212699410519977
433,"B_smooth_logistic",3400,4000,1,0.968823529411765,0.924117647058823,-0.0447058823529413,0.953855494839101,0,0.0447058823529412,0.00666887907537405
434,"A_threshold",1000,1600,0.4,0.336,0.231,-0.105,0.6875,0,0.105,0.0107120695681923
434,"A_threshold",1600,2200,0.55,0.21125,0.33375,0.1225,0.632958801498127,0.1225,0,0.0176899383333963
434,"A_threshold",2200,2800,0.7,0.343636363636364,0.124090909090909,-0.219545454545455,0.361111111111111,0,0.219545454545455,0.00659970868957389
434,"A_threshold",2800,3400,0.85,0.123571428571429,0.198214285714286,0.0746428571428571,0.623423423423423,0.0746428571428571,0,0.00195565943881903
434,"A_threshold",3400,4000,1,0.195,0.374411764705882,0.179411764705882,0.520816967792616,0.179411764705882,0,0.00557803039660262
434,"B_smooth_logistic",1000,1600,0.4,1,0.894,-0.106,0.894,0,0.106,0.00462809664571871
434,"B_smooth_logistic",1600,2200,0.55,0.900625,0.786875,-0.11375,0.873698820263706,0,0.11375,0.00491962123190566
434,"B_smooth_logistic",2200,2800,0.7,0.786363636363636,0.721363636363636,-0.0650000000000001,0.917341040462428,0,0.065,0.00289868829992738
434,"B_smooth_logistic",2800,3400,0.85,0.731428571428571,0.72,-0.0114285714285715,0.984375,0,0.0114285714285714,0.00380350650026867
434,"B_smooth_logistic",3400,4000,1,0.718529411764706,0.669411764705882,-0.0491176470588235,0.931641424478101,0,0.0491176470588235,0.00195297122123281
435,"A_threshold",1000,1600,0.4,0.383,0,-0.383,0,0,0.383,0.0207545676700489
435,"A_threshold",1600,2200,0.55,0,0.160625,0.160625,0,0.160625,0,0.00634770313774586
435,"A_threshold",2200,2800,0.7,0.158181818181818,0.142272727272727,-0.0159090909090909,0.899425287356322,0,0.0159090909090909,0.00313476844104752
435,"A_threshold",2800,3400,0.85,0.142142857142857,0.0121428571428571,-0.13,0.085427135678392,0,0.13,0.00388929849400632
435,"A_threshold",3400,4000,1,0.0105882352941176,0,-0.0105882352941176,0,0,0.0105882352941176,0.00512514001381103
435,"B_smooth_logistic",1000,1600,0.4,0.992,1,0.00800000000000001,0.992,0.008,0,0.00363786255687098
435,"B_smooth_logistic",1600,2200,0.55,1,1,0,1,0,0,0.00424985117518074
435,"B_smooth_logistic",2200,2800,0.7,1,1,0,1,0,0,0.00791582751607357
435,"B_smooth_logistic",2800,3400,0.85,1,1,0,1,0,0,0.00867602790384077
435,"B_smooth_logistic",3400,4000,1,1,1,0,1,0,0,0.00552552185589626
436,"A_threshold",1000,1600,0.4,0,0.374,0.374,0,0.374,0,0.0153869023508835
436,"A_threshold",1600,2200,0.55,0.355625,0,-0.355625,0,0,0.355625,0.00439783842585742
436,"A_threshold",2200,2800,0.7,0,0.499545454545455,0.499545454545455,0,0.499545454545455,0,0.00564028953994497
436,"A_threshold",2800,3400,0.85,0.503571428571429,0.266071428571429,-0.2375,0.528368794326241,0,0.2375,0.00324571656118323
436,"A_threshold",3400,4000,1,0.272058823529412,0.290588235294118,0.0185294117647059,0.936234817813765,0.0185294117647059,0,0.00164350196634455
436,"B_smooth_logistic",1000,1600,0.4,0.827,0.713,-0.114,0.862152357920194,0,0.114,0.00461289176280736
436,"B_smooth_logistic",1600,2200,0.55,0.721875,1,0.278125,0.721875,0.278125,0,0.00870977906498504
436,"B_smooth_logistic",2200,2800,0.7,1,0.748636363636364,-0.251363636363636,0.748636363636364,0,0.251363636363636,0.00923337811182043
436,"B_smooth_logistic",2800,3400,0.85,0.7525,0.929642857142857,0.177142857142857,0.80945063388398,0.177142857142857,0,0.00558080465944794
436,"B_smooth_logistic",3400,4000,1,0.927941176470588,0.835882352941177,-0.0920588235294117,0.900792393026941,0,0.0920588235294118,0.00125776219067785
437,"A_threshold",1000,1600,0.4,0.125,0.256,0.131,0.48828125,0.131,0,0.00335873890251976
437,"A_threshold",1600,2200,0.55,0.275625,0.181875,-0.09375,0.659863945578231,0,0.09375,0.00298511653017241
437,"A_threshold",2200,2800,0.7,0.184545454545455,0.304545454545455,0.12,0.605970149253731,0.12,0,0.0067975453316313
437,"A_threshold",2800,3400,0.85,0.309285714285714,0.396785714285714,0.0875,0.77947794779478,0.0875,0,0.00301267768830918
437,"A_threshold",3400,4000,1,0.392941176470588,0.0247058823529412,-0.368235294117647,0.062874251497006,0,0.368235294117647,0.00522279999790932
437,"B_smooth_logistic",1000,1600,0.4,0.758,1,0.242,0.758,0.242,0,0.0140949056028416
437,"B_smooth_logistic",1600,2200,0.55,1,0.965625,-0.034375,0.965625,0,0.034375,0.00654007864028542
437,"B_smooth_logistic",2200,2800,0.7,0.966363636363636,0.890909090909091,-0.0754545454545454,0.921919096895579,0,0.0754545454545455,0.00971574676179202
437,"B_smooth_logistic",2800,3400,0.85,0.8875,1,0.1125,0.8875,0.1125,0,0.00602901951747784
437,"B_smooth_logistic",3400,4000,1,1,1,0,1,0,0,0.0012265345395318
438,"A_threshold",1000,1600,0.4,0.081,0.008,-0.073,0.0987654320987654,0,0.073,0.00723186413424327
438,"A_threshold",1600,2200,0.55,0.0075,0.075625,0.068125,0.0991735537190083,0.068125,0,0.00597499640122987
438,"A_threshold",2200,2800,0.7,0.0709090909090909,0.149090909090909,0.0781818181818182,0.475609756097561,0.0781818181818182,0,0.0035778287279256
438,"A_threshold",2800,3400,0.85,0.143214285714286,0.203571428571429,0.0603571428571429,0.703508771929825,0.0603571428571429,0,0.00291053683017258
438,"A_threshold",3400,4000,1,0.204705882352941,0.31,0.105294117647059,0.66034155597723,0.105294117647059,0,0.00544746069782172
438,"B_smooth_logistic",1000,1600,0.4,0.503,0.643,0.14,0.782270606531882,0.14,0,0.00788062364861464
438,"B_smooth_logistic",1600,2200,0.55,0.658125,0.691875,0.0337500000000001,0.951219512195122,0.03375,0,0.00512053567698142
438,"B_smooth_logistic",2200,2800,0.7,0.697727272727273,0.748181818181818,0.0504545454545454,0.932563791008506,0.0504545454545455,0,0.00256368620624642
438,"B_smooth_logistic",2800,3400,0.85,0.745714285714286,0.811428571428571,0.0657142857142857,0.919014084507042,0.0657142857142857,0,0.00160530721663312
438,"B_smooth_logistic",3400,4000,1,0.810882352941176,0.850882352941176,0.0399999999999999,0.952989975803664,0.04,0,0.00134023739780132
439,"A_threshold",1000,1600,0.4,0.423,0.397,-0.026,0.938534278959811,0,0.026,0.0043662602909894
439,"A_threshold",1600,2200,0.55,0.3725,0.61125,0.23875,0.609406952965235,0.23875,0,0.0152043662334035
439,"A_threshold",2200,2800,0.7,0.613181818181818,0.567727272727273,-0.0454545454545454,0.925871015567087,0,0.0454545454545455,0.00403273722789302
439,"A_threshold",2800,3400,0.85,0.565,0.560714285714286,-0.00428571428571423,0.992414664981037,0,0.00428571428571429,0.00454205907372621
439,"A_threshold",3400,4000,1,0.561470588235294,0.492647058823529,-0.0688235294117647,0.877422734415925,0,0.0688235294117647,0.00464566026157261
439,"B_smooth_logistic",1000,1600,0.4,1,1,0,1,0,0,0.0105626682377209
439,"B_smooth_logistic",1600,2200,0.55,1,0.914375,-0.085625,0.914375,0,0.085625,0.00916554650241486
439,"B_smooth_logistic",2200,2800,0.7,0.912272727272727,0.777272727272727,-0.135,0.852017937219731,0,0.135,0.0119921803765788
439,"B_smooth_logistic",2800,3400,0.85,0.776428571428571,0.705714285714286,-0.0707142857142857,0.908923643054278,0,0.0707142857142857,0.00828401788033314
439,"B_smooth_logistic",3400,4000,1,0.707058823529412,0.746764705882353,0.0397058823529411,0.946829460417487,0.0397058823529412,0,0.00306034309346623
440,"A_threshold",1000,1600,0.4,0,0,0,1,0,0,0.0179132546294426
440,"A_threshold",1600,2200,0.55,0,0,0,1,0,0,0.0112816209526913
440,"A_threshold",2200,2800,0.7,0,0,0,1,0,0,0.0126127199583408
440,"A_threshold",2800,3400,0.85,0,0,0,1,0,0,0.00653353757044911
440,"A_threshold",3400,4000,1,0,0,0,1,0,0,0.0038108328878404
440,"B_smooth_logistic",1000,1600,0.4,1,1,0,1,0,0,0.0188033018339512
440,"B_smooth_logistic",1600,2200,0.55,1,1,0,1,0,0,0.000905639780389218
440,"B_smooth_logistic",2200,2800,0.7,1,1,0,1,0,0,0.00249189056658061
440,"B_smooth_logistic",2800,3400,0.85,1,1,0,1,0,0,0.00316883389058847
440,"B_smooth_logistic",3400,4000,1,1,1,0,1,0,0,0.00183389981533311
441,"A_threshold",1000,1600,0.4,0,0.001,0.001,0,0.001,0,0.00693578405137303
441,"A_threshold",1600,2200,0.55,0.000625,0,-0.000625,0,0,0.000625,0.0139879592475962
441,"A_threshold",2200,2800,0.7,0,0,0,1,0,0,0.00461554843290455
441,"A_threshold",2800,3400,0.85,0,0,0,1,0,0,0.00642487640288057
441,"A_threshold",3400,4000,1,0,0.240882352941176,0.240882352941176,0,0.240882352941176,0,0.0080529259494942
441,"B_smooth_logistic",1000,1600,0.4,1,0.768,-0.232,0.768,0,0.232,0.0149864515500979
441,"B_smooth_logistic",1600,2200,0.55,0.7675,0.673125,-0.094375,0.877035830618892,0,0.094375,0.00681793288676434
441,"B_smooth_logistic",2200,2800,0.7,0.674545454545455,0.624090909090909,-0.0504545454545454,0.925202156334232,0,0.0504545454545455,0.00443560998385354
441,"B_smooth_logistic",2800,3400,0.85,0.620714285714286,0.658214285714286,0.0375000000000001,0.943027672273467,0.0375,0,0.00448884429639488
441,"B_smooth_logistic",3400,4000,1,0.661176470588235,0.699117647058824,0.0379411764705883,0.945729911653345,0.0379411764705882,0,0.00306231680077084
442,"A_threshold",1000,1600,0.4,0.89,0.325,-0.565,0.215,0.11,0.675,0.00946332215578923
442,"A_threshold",1600,2200,0.55,0.324375,0.8625,0.538125,0.186875,0.675625,0.1375,0.00993747202084731
442,"A_threshold",2200,2800,0.7,0.860909090909091,1,0.139090909090909,0.860909090909091,0.139090909090909,0,0.00363333091809371
442,"A_threshold",2800,3400,0.85,1,1,0,1,0,0,0.00603099547589801
442,"A_threshold",3400,4000,1,1,0.880588235294118,-0.119411764705882,0.880588235294118,0,0.119411764705882,0.00757140203677292
442,"B_smooth_logistic",1000,1600,0.4,1,1,0,1,0,0,0.010854225402537
442,"B_smooth_logistic",1600,2200,0.55,1,1,0,1,0,0,0.0035671114232677
442,"B_smooth_logistic",2200,2800,0.7,1,1,0,1,0,0,0.00559411649238807
442,"B_smooth_logistic",2800,3400,0.85,1,1,0,1,0,0,0.00428223965402384
442,"B_smooth_logistic",3400,4000,1,1,1,0,1,0,0,0.00889216059613426
443,"A_threshold",1000,1600,0.4,0.168,0.054,-0.114,0.321428571428571,0,0.114,0.00744098911938315
443,"A_threshold",1600,2200,0.55,0.0525,0.04,-0.0125,0.761904761904762,0,0.0125,0.00543556951191621
443,"A_threshold",2200,2800,0.7,0.0390909090909091,0.0309090909090909,-0.00818181818181818,0.790697674418605,0,0.00818181818181818,0.00172453170452577
443,"A_threshold",2800,3400,0.85,0.0314285714285714,0.0553571428571429,0.0239285714285714,0.567741935483871,0.0239285714285714,0,0.00758229723222267
443,"A_threshold",3400,4000,1,0.0564705882352941,0,-0.0564705882352941,0,0,0.0564705882352941,0.00365520989297932
443,"B_smooth_logistic",1000,1600,0.4,1,1,0,1,0,0,0.0156292449818136
443,"B_smooth_logistic",1600,2200,0.55,1,1,0,1,0,0,0.00976537304378231
443,"B_smooth_logistic",2200,2800,0.7,1,1,0,1,0,0,0.00630029387989368
443,"B_smooth_logistic",2800,3400,0.85,1,1,0,1,0,0,0.00480479038104321
443,"B_smooth_logistic",3400,4000,1,1,1,0,1,0,0,0.00496996370072695
444,"A_threshold",1000,1600,0.4,0.407,0.594,0.187,0.685185185185185,0.187,0,0.0203547619615253
444,"A_threshold",1600,2200,0.55,0.59625,0.99375,0.3975,0.59,0.40375,0.00625,0.0159656623579332
444,"A_threshold",2200,2800,0.7,0.994090909090909,0.631363636363636,-0.362727272727273,0.635116598079561,0,0.362727272727273,0.00702647245148957
444,"A_threshold",2800,3400,0.85,0.634642857142857,0.532142857142857,-0.1025,0.838491840180079,0,0.1025,0.00245138712792719
444,"A_threshold",3400,4000,1,0.529411764705882,0.206470588235294,-0.322941176470588,0.39,0,0.322941176470588,0.0062851726233292
444,"B_smooth_logistic",1000,1600,0.4,0.664,0.895,0.231,0.741899441340782,0.231,0,0.0200274904043543
444,"B_smooth_logistic",1600,2200,0.55,0.89625,0.86125,-0.035,0.96094839609484,0,0.035,0.00499714566535582
444,"B_smooth_logistic",2200,2800,0.7,0.863636363636364,0.756818181818182,-0.106818181818182,0.876315789473684,0,0.106818181818182,0.00619794644752518
444,"B_smooth_logistic",2800,3400,0.85,0.757857142857143,0.730714285714286,-0.0271428571428571,0.964184731385485,0,0.0271428571428571,0.0100158117708582
444,"B_smooth_logistic",3400,4000,1,0.726176470588235,0.707647058823529,-0.0185294117647059,0.974483596597813,0,0.0185294117647059,0.00234464734822777
445,"A_threshold",1000,1600,0.4,0.094,0.208,0.114,0.451923076923077,0.114,0,0.00269825868688562
445,"A_threshold",1600,2200,0.55,0.206875,0.02,-0.186875,0.0966767371601208,0,0.186875,0.00716984179427689
445,"A_threshold",2200,2800,0.7,0.0209090909090909,0.294090909090909,0.273181818181818,0.071097372488408,0.273181818181818,0,0.00924716081689416
445,"A_threshold",2800,3400,0.85,0.297857142857143,0.298571428571429,0.000714285714285723,0.997607655502392,0.000714285714285714,0,0.000207826758042642
445,"A_threshold",3400,4000,1,0.299411764705882,0.294411764705882,-0.005,0.983300589390963,0,0.005,0.00333301021990341
445,"B_smooth_logistic",1000,1600,0.4,1,1,0,1,0,0,0.00213061752241757
445,"B_smooth_logistic",1600,2200,0.55,1,1,0,1,0,0,0.00802267602710046
445,"B_smooth_logistic",2200,2800,0.7,1,1,0,1,0,0,0.00589431178245649
445,"B_smooth_logistic",2800,3400,0.85,1,1,0,1,0,0,0.00536480080717302
445,"B_smooth_logistic",3400,4000,1,1,1,0,1,0,0,0.00174039878147805
446,"A_threshold",1000,1600,0.4,1,1,0,1,0,0,0.00684877789558216
446,"A_threshold",1600,2200,0.55,1,0.8825,-0.1175,0.8825,0,0.1175,0.0164777919428569
446,"A_threshold",2200,2800,0.7,0.884545454545455,0.708636363636364,-0.175909090909091,0.801130524152107,0,0.175909090909091,0.00802959504128353
446,"A_threshold",2800,3400,0.85,0.705357142857143,0.727857142857143,0.0225,0.969087340529931,0.0225,0,0.00647291647640982
446,"A_threshold",3400,4000,1,0.725294117647059,0.660882352941176,-0.0644117647058824,0.911192214111922,0,0.0644117647058823,0.00352259681549339
446,"B_smooth_logistic",1000,1600,0.4,1,0.663,-0.337,0.663,0,0.337,0.0167942063729835
446,"B_smooth_logistic",1600,2200,0.55,0.67,0.71625,0.04625,0.93542757417103,0.04625,0,0.0120298631596714
446,"B_smooth_logistic",2200,2800,0.7,0.712727272727273,0.919545454545455,0.206818181818182,0.775086505190311,0.206818181818182,0,0.00891914671513786
446,"B_smooth_logistic",2800,3400,0.85,0.921785714285714,1,0.0782142857142857,0.921785714285714,0.0782142857142857,0,0.0039757278118965
446,"B_smooth_logistic",3400,4000,1,1,0.950588235294118,-0.0494117647058824,0.950588235294118,0,0.0494117647058823,0.00358851515214124
447,"A_threshold",1000,1600,0.4,1,1,0,1,0,0,0.00406168669739012
447,"A_threshold",1600,2200,0.55,1,0.813125,-0.186875,0.813125,0,0.186875,0.016013703797934
447,"A_threshold",2200,2800,0.7,0.813181818181818,0.662272727272727,-0.150909090909091,0.81442146450531,0,0.150909090909091,0.00812604712770475
447,"A_threshold",2800,3400,0.85,0.648214285714286,0.711428571428571,0.0632142857142857,0.911144578313253,0.0632142857142857,0,0.00369596720036188
447,"A_threshold",3400,4000,1,0.715294117647059,0.750294117647059,0.0349999999999999,0.953351626813015,0.035,0,0.00634562171266546
447,"B_smooth_logistic",1000,1600,0.4,0.809,1,0.191,0.809,0.191,0,0.0129702028694578
447,"B_smooth_logistic",1600,2200,0.55,1,1,0,1,0,0,0.00395737099625761
447,"B_smooth_logistic",2200,2800,0.7,1,1,0,1,0,0,0.00538595636440672
447,"B_smooth_logistic",2800,3400,0.85,1,1,0,1,0,0,0.00640397520332176
447,"B_smooth_logistic",3400,4000,1,1,0.748823529411765,-0.251176470588235,0.748823529411765,0,0.251176470588235,0.00791733784378522
448,"A_threshold",1000,1600,0.4,0,0.005,0.005,0,0.005,0,0.0148541748081425
448,"A_threshold",1600,2200,0.55,0.00625,0.099375,0.093125,0.0628930817610063,0.093125,0,0.00671623088603708
448,"A_threshold",2200,2800,0.7,0.1,0.00454545454545455,-0.0954545454545455,0.0454545454545455,0,0.0954545454545455,0.009864539232973
448,"A_threshold",2800,3400,0.85,0.00392857142857143,0,-0.00392857142857143,0,0,0.00392857142857143,0.00379050023148808
448,"A_threshold",3400,4000,1,0,0.0264705882352941,0.0264705882352941,0,0.0264705882352941,0,0.00373065378493972
448,"B_smooth_logistic",1000,1600,0.4,0.861,0.989,0.128,0.870576339737108,0.128,0,0.00655744610249088
448,"B_smooth_logistic",1600,2200,0.55,0.98875,0.95125,-0.0375,0.962073324905183,0,0.0375,0.0163398728228384
448,"B_smooth_logistic",2200,2800,0.7,0.951363636363636,0.910454545454545,-0.040909090909091,0.956999522216914,0,0.0409090909090909,0.00793927816784471
448,"B_smooth_logistic",2800,3400,0.85,0.900357142857143,0.787857142857143,-0.1125,0.875049583498612,0,0.1125,0.00541730726160818
448,"B_smooth_logistic",3400,4000,1,0.793235294117647,0.781176470588235,-0.0120588235294118,0.984797923618836,0,0.0120588235294118,0.00124487579412469
449,"A_threshold",1000,1600,0.4,1,1,0,1,0,0,0.010617865360579
449,"A_threshold",1600,2200,0.55,1,0.9625,-0.0375,0.9625,0,0.0375,0.0139974652290725
449,"A_threshold",2200,2800,0.7,0.958636363636364,1,0.0413636363636364,0.958636363636364,0.0413636363636364,0,0.00540747898764087
449,"A_threshold",2800,3400,0.85,1,1,0,1,0,0,0.00502450814122985
449,"A_threshold",3400,4000,1,1,1,0,1,0,0,0.00803258459326533
449,"B_smooth_logistic",1000,1600,0.4,0.44,1,0.56,0.44,0.56,0,0.0199886643928881
449,"B_smooth_logistic",1600,2200,0.55,1,0.4675,-0.5325,0.4675,0,0.5325,0.00911866653584847
449,"B_smooth_logistic",2200,2800,0.7,0.466818181818182,1,0.533181818181818,0.466818181818182,0.533181818181818,0,0.0138608682909543
449,"B_smooth_logistic",2800,3400,0.85,1,1,0,1,0,0,0.00328765034424464
449,"B_smooth_logistic",3400,4000,1,1,1,0,1,0,0,0.00142623480574183
450,"A_threshold",1000,1600,0.4,0,0,0,1,0,0,0.0199937319080252
450,"A_threshold",1600,2200,0.55,0,0.003125,0.003125,0,0.003125,0,0.00340049856194459
450,"A_threshold",2200,2800,0.7,0.00227272727272727,0,-0.00227272727272727,0,0,0.00227272727272727,0.00214663761469249
450,"A_threshold",2800,3400,0.85,0,0.0503571428571429,0.0503571428571429,0,0.0503571428571429,0,0.00440071568291498
450,"A_threshold",3400,4000,1,0.0497058823529412,0.242941176470588,0.193235294117647,0.204600484261501,0.193235294117647,0,0.00717626531221399
450,"B_smooth_logistic",1000,1600,0.4,1,1,0,1,0,0,0.00994566594263556
450,"B_smooth_logistic",1600,2200,0.55,1,1,0,1,0,0,0.00112391389234644
450,"B_smooth_logistic",2200,2800,0.7,1,1,0,1,0,0,0.00819218821746734
450,"B_smooth_logistic",2800,3400,0.85,1,1,0,1,0,0,0.0035475053823795
450,"B_smooth_logistic",3400,4000,1,1,1,0,1,0,0,0.00287192003710067
451,"A_threshold",1000,1600,0.4,0,0.157,0.157,0,0.157,0,0.00830901952830616
451,"A_threshold",1600,2200,0.55,0.1475,0.020625,-0.126875,0.139830508474576,0,0.126875,0.00690242167905135
451,"A_threshold",2200,2800,0.7,0.0172727272727273,0.0713636363636364,0.0540909090909091,0.24203821656051,0.0540909090909091,0,0.00168379664393371
451,"A_threshold",2800,3400,0.85,0.0685714285714286,0.0953571428571429,0.0267857142857143,0.719101123595506,0.0267857142857143,0,0.00332544737210547
451,"A_threshold",3400,4000,1,0.0944117647058823,0.0576470588235294,-0.0367647058823529,0.610591900311526,0,0.0367647058823529,0.00226732234767829
451,"B_smooth_logistic",1000,1600,0.4,1,0.851,-0.149,0.851,0,0.149,0.0105661378048235
451,"B_smooth_logistic",1600,2200,0.55,0.84625,0.904375,0.0581250000000001,0.935729094678646,0.058125,0,0.00599738434678127
451,"B_smooth_logistic",2200,2800,0.7,0.908181818181818,0.771363636363636,-0.136818181818182,0.849349349349349,0,0.136818181818182,0.00747961218543722
451,"B_smooth_logistic",2800,3400,0.85,0.766071428571429,0.750357142857143,-0.0157142857142858,0.979487179487179,0,0.0157142857142857,0.0038540306728162
451,"B_smooth_logistic",3400,4000,1,0.742058823529412,0.739411764705882,-0.00264705882352945,0.996432818073722,0,0.00264705882352941,0.00390712475003095
452,"A_threshold",1000,1600,0.4,0,0,0,1,0,0,0.0090915166995563
452,"A_threshold",1600,2200,0.55,0,0.04625,0.04625,0,0.04625,0,0.013840060465919
452,"A_threshold",2200,2800,0.7,0.0454545454545455,0.181363636363636,0.135909090909091,0.25062656641604,0.135909090909091,0,0.00892908076634202
452,"A_threshold",2800,3400,0.85,0.181785714285714,0.0864285714285714,-0.0953571428571428,0.475442043222004,0,0.0953571428571429,0.0051998041456807
452,"A_threshold",3400,4000,1,0.0864705882352941,0.105294117647059,0.0188235294117647,0.82122905027933,0.0188235294117647,0,0.00176078225991289
452,"B_smooth_logistic",1000,1600,0.4,0.829,0.739,-0.09,0.891435464414958,0,0.09,0.0103871076809414
452,"B_smooth_logistic",1600,2200,0.55,0.73375,0.811875,0.078125,0.903772132409546,0.078125,0,0.0102191190158436
452,"B_smooth_logistic",2200,2800,0.7,0.808636363636364,0.884090909090909,0.0754545454545454,0.914652956298201,0.0754545454545455,0,0.00683888696556027
452,"B_smooth_logistic",2800,3400,0.85,0.878571428571429,0.823571428571429,-0.0549999999999999,0.93739837398374,0,0.055,0.00807647404007862
452,"B_smooth_logistic",3400,4000,1,0.823823529411765,0.811764705882353,-0.0120588235294118,0.985362370581935,0,0.0120588235294118,0.00196991435183465
453,"A_threshold",1000,1600,0.4,0.268,0.315,0.047,0.850793650793651,0.047,0,0.0190531290293148
453,"A_threshold",1600,2200,0.55,0.315625,0.565,0.249375,0.558628318584071,0.249375,0,0.00937909534210916
453,"A_threshold",2200,2800,0.7,0.563636363636364,0.489090909090909,-0.0745454545454545,0.867741935483871,0,0.0745454545454545,0.00256089387711203
453,"A_threshold",2800,3400,0.85,0.485357142857143,0.455714285714286,-0.0296428571428571,0.938925680647535,0,0.0296428571428571,0.00118468533230179
453,"A_threshold",3400,4000,1,0.453235294117647,0.342352941176471,-0.110882352941176,0.755353666450357,0,0.110882352941176,0.00579862925339005
453,"B_smooth_logistic",1000,1600,0.4,0.752,0.751,-0.001,0.998670212765957,0,0.001,0.00636605833181323
453,"B_smooth_logistic",1600,2200,0.55,0.758125,0.904375,0.14625,0.838286109191431,0.14625,0,0.00399359796404708
453,"B_smooth_logistic",2200,2800,0.7,0.906363636363636,0.906363636363636,0,1,0,0,0.00303039012504984
453,"B_smooth_logistic",2800,3400,0.85,0.901785714285714,0.813571428571429,-0.0882142857142857,0.902178217821782,0,0.0882142857142857,0.00504728303518595
453,"B_smooth_logistic",3400,4000,1,0.814411764705882,0.832941176470588,0.0185294117647058,0.977754237288136,0.0185294117647059,0,0.00233760963327717
454,"A_threshold",1000,1600,0.4,0,0,0,1,0,0,0.00788696814863643
454,"A_threshold",1600,2200,0.55,0,0,0,1,0,0,0.0158130940570168
454,"A_threshold",2200,2800,0.7,0,0.00727272727272727,0.00727272727272727,0,0.00727272727272727,0,0.00908148696988371
454,"A_threshold",2800,3400,0.85,0.00785714285714286,0,-0.00785714285714286,0,0,0.00785714285714286,0.0093540670288819
454,"A_threshold",3400,4000,1,0,0,0,1,0,0,0.00234664061773732
454,"B_smooth_logistic",1000,1600,0.4,0.704,0.752,0.048,0.936170212765957,0.048,0,0.00880406705423388
454,"B_smooth_logistic",1600,2200,0.55,0.7575,0.744375,-0.0131249999999999,0.982673267326733,0,0.013125,0.00924516442730716
454,"B_smooth_logistic",2200,2800,0.7,0.739090909090909,0.719090909090909,-0.02,0.972939729397294,0,0.02,0.00623078062620677
454,"B_smooth_logistic",2800,3400,0.85,0.719285714285714,0.795357142857143,0.0760714285714286,0.904355635383925,0.0760714285714286,0,0.00894668943369178
454,"B_smooth_logistic",3400,4000,1,0.789705882352941,0.837352941176471,0.0476470588235295,0.943097997892518,0.0476470588235294,0,0.00696144302041542
455,"A_threshold",1000,1600,0.4,0.623,0.418,-0.205,0.670947030497592,0,0.205,0.0190667890530335
455,"A_threshold",1600,2200,0.55,0.39375,0.40875,0.015,0.963302752293578,0.015,0,0.00248324935203507
455,"A_threshold",2200,2800,0.7,0.408181818181818,0.437727272727273,0.0295454545454545,0.932502596053998,0.0295454545454545,0,0.00281625856971918
455,"A_threshold",2800,3400,0.85,0.438571428571429,0.448571428571429,0.01,0.977707006369427,0.01,0,0.00411754978914556
455,"A_threshold",3400,4000,1,0.445294117647059,0.472647058823529,0.0273529411764706,0.942128189172371,0.0273529411764706,0,0.00165188298638183
455,"B_smooth_logistic",1000,1600,0.4,0.784,0.578,-0.206,0.737244897959184,0,0.206,0.0107293018522378
455,"B_smooth_logistic",1600,2200,0.55,0.590625,1,0.409375,0.590625,0.409375,0,0.00994333851837041
455,"B_smooth_logistic",2200,2800,0.7,1,1,0,1,0,0,0.00833943920364141
455,"B_smooth_logistic",2800,3400,0.85,1,1,0,1,0,0,0.00169146668435279
455,"B_smooth_logistic",3400,4000,1,1,1,0,1,0,0,0.00229589361009271
456,"A_threshold",1000,1600,0.4,0.128,0.035,-0.093,0.2734375,0,0.093,0.00390054016138956
456,"A_threshold",1600,2200,0.55,0.03125,0,-0.03125,0,0,0.03125,0.0125691409244121
456,"A_threshold",2200,2800,0.7,0,0,0,1,0,0,0.00252382514950793
456,"A_threshold",2800,3400,0.85,0,0,0,1,0,0,0.00504183557613329
456,"A_threshold",3400,4000,1,0,0,0,1,0,0,0.00475327237878661
456,"B_smooth_logistic",1000,1600,0.4,1,1,0,1,0,0,0.00245924178439045
456,"B_smooth_logistic",1600,2200,0.55,1,0.82,-0.18,0.82,0,0.18,0.00683588436561731
456,"B_smooth_logistic",2200,2800,0.7,0.826818181818182,0.949545454545455,0.122727272727273,0.87075155576831,0.122727272727273,0,0.0041770209660592
456,"B_smooth_logistic",2800,3400,0.85,0.9525,0.798214285714286,-0.154285714285714,0.838020247469066,0,0.154285714285714,0.00853283758042819
456,"B_smooth_logistic",3400,4000,1,0.796176470588235,0.822058823529412,0.0258823529411765,0.968515205724508,0.0258823529411765,0,0.00526416315093607
457,"A_threshold",1000,1600,0.4,0,0,0,1,0,0,0.0158161096555943
457,"A_threshold",1600,2200,0.55,0,0.421875,0.421875,0,0.421875,0,0.00363351842666862
457,"A_threshold",2200,2800,0.7,0.418181818181818,0.472727272727273,0.0545454545454546,0.884615384615385,0.0545454545454545,0,0.00110454160606466
457,"A_threshold",2800,3400,0.85,0.4725,0,-0.4725,0,0,0.4725,0.00650582842289316
457,"A_threshold",3400,4000,1,0,0.00588235294117647,0.00588235294117647,0,0.00588235294117647,0,0.00284348977053662
457,"B_smooth_logistic",1000,1600,0.4,1,1,0,1,0,0,0.00333150483184918
457,"B_smooth_logistic",1600,2200,0.55,1,1,0,1,0,0,0.0027820961495911
457,"B_smooth_logistic",2200,2800,0.7,1,0.688636363636364,-0.311363636363636,0.688636363636364,0,0.311363636363636,0.00939823062562775
457,"B_smooth_logistic",2800,3400,0.85,0.69,0.82,0.13,0.841463414634146,0.13,0,0.00487119043762916
457,"B_smooth_logistic",3400,4000,1,0.818823529411765,0.816470588235294,-0.00235294117647056,0.997126436781609,0,0.00235294117647059,0.000758090320681879
458,"A_threshold",1000,1600,0.4,0.891,0.531,-0.36,0.595959595959596,0,0.36,0.0197540545280177
458,"A_threshold",1600,2200,0.55,0.54125,0.655625,0.114375,0.825548141086749,0.114375,0,0.00978064940255408
458,"A_threshold",2200,2800,0.7,0.657727272727273,0.696818181818182,0.0390909090909091,0.943900848010437,0.0390909090909091,0,0.00367748710701796
458,"A_threshold",2800,3400,0.85,0.695357142857143,0.725357142857143,0.0299999999999999,0.95864106351551,0.03,0,0.0035422500382073
458,"A_threshold",3400,4000,1,0.730588235294118,0.689705882352941,-0.0408823529411765,0.944041867954911,0,0.0408823529411765,0.0029105823882442
458,"B_smooth_logistic",1000,1600,0.4,0.74,0.188,-0.552,0.254054054054054,0,0.552,0.0174660879299411
458,"B_smooth_logistic",1600,2200,0.55,0.174375,0.944375,0.77,0.11875,0.825625,0.055625,0.0176607028331761
458,"B_smooth_logistic",2200,2800,0.7,0.944090909090909,1,0.0559090909090909,0.944090909090909,0.0559090909090909,0,0.00491772064093446
458,"B_smooth_logistic",2800,3400,0.85,1,1,0,1,0,0,0.00395926440383393
458,"B_smooth_logistic",3400,4000,1,1,1,0,1,0,0,0.00222679568319318
459,"A_threshold",1000,1600,0.4,0.356,0.512,0.156,0.6953125,0.156,0,0.0139927833729579
459,"A_threshold",1600,2200,0.55,0.516875,0.22625,-0.290625,0.437726723095526,0,0.290625,0.017063287367587
459,"A_threshold",2200,2800,0.7,0.225,0.232727272727273,0.00772727272727272,0.966796875,0.00772727272727273,0,0.000751302428933752
459,"A_threshold",2800,3400,0.85,0.238928571428571,0.170714285714286,-0.0682142857142857,0.714499252615845,0,0.0682142857142857,0.00373822894501293
459,"A_threshold",3400,4000,1,0.168529411764706,0.148823529411765,-0.0197058823529412,0.883071553228621,0,0.0197058823529412,0.00131490342790491
459,"B_smooth_logistic",1000,1600,0.4,0.867,0.834,-0.033,0.961937716262976,0,0.033,0.0183732536787078
459,"B_smooth_logistic",1600,2200,0.55,0.8325,0.680625,-0.151875,0.817567567567568,0,0.151875,0.0114050226932011
459,"B_smooth_logistic",2200,2800,0.7,0.675909090909091,0.605,-0.0709090909090909,0.895090786819099,0,0.0709090909090909,0.00524602334435027
459,"B_smooth_logistic",2800,3400,0.85,0.610357142857143,0.606071428571429,-0.00428571428571423,0.992978349912229,0,0.00428571428571429,0.000814245070059939
459,"B_smooth_logistic",3400,4000,1,0.607941176470588,0.636764705882353,0.0288235294117647,0.95473441108545,0.0288235294117647,0,0.00311164541609506
460,"A_threshold",1000,1600,0.4,0.041,0,-0.041,0,0,0.041,0.0114281413992073
460,"A_threshold",1600,2200,0.55,0,0,0,1,0,0,0.00848612942415202
460,"A_threshold",2200,2800,0.7,0,0,0,1,0,0,0.00278630921365609
460,"A_threshold",2800,3400,0.85,0,0,0,1,0,0,0.00270316078125103
460,"A_threshold",3400,4000,1,0,0,0,1,0,0,0.00228524200136951
460,"B_smooth_logistic",1000,1600,0.4,1,1,0,1,0,0,0.023362560604334
460,"B_smooth_logistic",1600,2200,0.55,1,1,0,1,0,0,0.00830993283565344
460,"B_smooth_logistic",2200,2800,0.7,1,1,0,1,0,0,0.00724544894552371
460,"B_smooth_logistic",2800,3400,0.85,1,1,0,1,0,0,0.002560047448513
460,"B_smooth_logistic",3400,4000,1,1,1,0,1,0,0,0.00292127636695933
461,"A_threshold",1000,1600,0.4,0.001,0,-0.001,0,0,0.001,0.0241529868677819
461,"A_threshold",1600,2200,0.55,0,0.003125,0.003125,0,0.003125,0,0.00142862308664215
461,"A_threshold",2200,2800,0.7,0.00318181818181818,0.0104545454545455,0.00727272727272727,0.304347826086957,0.00727272727272727,0,0.00525358482612482
461,"A_threshold",2800,3400,0.85,0.0142857142857143,0.00785714285714286,-0.00642857142857143,0.55,0,0.00642857142857143,0.00429687029721731
461,"A_threshold",3400,4000,1,0.00705882352941176,0.00205882352941176,-0.005,0.291666666666667,0,0.005,0.00178932774813809
461,"B_smooth_logistic",1000,1600,0.4,0.643,0.615,-0.028,0.956454121306376,0,0.028,0.00370938517213433
461,"B_smooth_logistic",1600,2200,0.55,0.6175,0.645625,0.028125,0.956437560503388,0.028125,0,0.00722232391351175
461,"B_smooth_logistic",2200,2800,0.7,0.621818181818182,0.632272727272727,0.0104545454545455,0.983465132997843,0.0104545454545455,0,0.00348358188693417
461,"B_smooth_logistic",2800,3400,0.85,0.639285714285714,0.624642857142857,-0.0146428571428571,0.977094972067039,0,0.0146428571428571,0.00530382368161475
461,"B_smooth_logistic",3400,4000,1,0.625,0.591470588235294,-0.0335294117647059,0.946352941176471,0,0.0335294117647059,0.00421005971351504
462,"A_threshold",1000,1600,0.4,0.481,0.367,-0.114,0.762993762993763,0,0.114,0.0267046425167572
462,"A_threshold",1600,2200,0.55,0.371875,0,-0.371875,0,0,0.371875,0.0162933033902309
462,"A_threshold",2200,2800,0.7,0,0,0,1,0,0,0.00538727544611963
462,"A_threshold",2800,3400,0.85,0,0.0414285714285714,0.0414285714285714,0,0.0414285714285714,0,0.00430094429367461
462,"A_threshold",3400,4000,1,0.0414705882352941,0.212352941176471,0.170882352941176,0.195290858725762,0.170882352941176,0,0.0054560768696402
462,"B_smooth_logistic",1000,1600,0.4,0,0.551,0.551,0,0.551,0,0.00964913113852515
462,"B_smooth_logistic",1600,2200,0.55,0.540625,0.70875,0.168125,0.762786596119929,0.168125,0,0.00850403204564206
462,"B_smooth_logistic",2200,2800,0.7,0.700454545454545,0.687727272727273,-0.0127272727272727,0.981829980532122,0,0.0127272727272727,0.00128927375680205
462,"B_smooth_logistic",2800,3400,0.85,0.691785714285714,0.751428571428571,0.0596428571428571,0.920627376425855,0.0596428571428571,0,0.00177492339069872
462,"B_smooth_logistic",3400,4000,1,0.748529411764706,0.795882352941176,0.0473529411764706,0.94050258684405,0.0473529411764706,0,0.00407433002227843
463,"A_threshold",1000,1600,0.4,0.203,0.072,-0.131,0.354679802955665,0,0.131,0.00935263487754574
463,"A_threshold",1600,2200,0.55,0.070625,0,-0.070625,0,0,0.070625,0.00774706920394657
463,"A_threshold",2200,2800,0.7,0,0.00409090909090909,0.00409090909090909,0,0.00409090909090909,0,0.00930445394614823
463,"A_threshold",2800,3400,0.85,0.00392857142857143,0.131071428571429,0.127142857142857,0.0299727520435967,0.127142857142857,0,0.00461494414349398
463,"A_threshold",3400,4000,1,0.125588235294118,0,-0.125588235294118,0,0,0.125588235294118,0.00881675661640332
463,"B_smooth_logistic",1000,1600,0.4,0.805,0.789,-0.016,0.980124223602485,0,0.016,0.00144177556946797
463,"B_smooth_logistic",1600,2200,0.55,0.78875,0.828125,0.039375,0.952452830188679,0.039375,0,0.00332434759777596
463,"B_smooth_logistic",2200,2800,0.7,0.83,0.846363636363636,0.0163636363636364,0.980665950590763,0.0163636363636364,0,0.00236421703705047
463,"B_smooth_logistic",2800,3400,0.85,0.84,0.878928571428571,0.0389285714285714,0.955709061357172,0.0389285714285714,0,0.00206216949488408
463,"B_smooth_logistic",3400,4000,1,0.874411764705882,0.927647058823529,0.053235294117647,0.942612555485098,0.0532352941176471,0,0.00306690539092149
464,"A_threshold",1000,1600,0.4,0.304,0.001,-0.303,0,0.001,0.304,0.0309311482394797
464,"A_threshold",1600,2200,0.55,0.000625,0.155625,0.155,0.00401606425702811,0.155,0,0.0111435826708623
464,"A_threshold",2200,2800,0.7,0.153181818181818,0.185454545454545,0.0322727272727273,0.825980392156863,0.0322727272727273,0,0.00189044899960912
464,"A_threshold",2800,3400,0.85,0.184642857142857,0.045,-0.139642857142857,0.243713733075435,0,0.139642857142857,0.00749366940512824
464,"A_threshold",3400,4000,1,0.0455882352941176,0.0561764705882353,0.0105882352941176,0.81151832460733,0.0105882352941176,0,0.000576731560732484
464,"B_smooth_logistic",1000,1600,0.4,0.292,0.295,0.003,0,0.295,0.292,0.0164997908150408
464,"B_smooth_logistic",1600,2200,0.55,0.291875,0.373125,0.08125,0.782244556113903,0.08125,0,0.00508202972545403
464,"B_smooth_logistic",2200,2800,0.7,0.373181818181818,1,0.626818181818182,0.373181818181818,0.626818181818182,0,0.00808192324135858
464,"B_smooth_logistic",2800,3400,0.85,1,1,0,1,0,0,0.00547940559228234
464,"B_smooth_logistic",3400,4000,1,1,1,0,1,0,0,0.0016569586335066
465,"A_threshold",1000,1600,0.4,0.004,0.186,0.182,0,0.186,0.004,0.0142333455365236
465,"A_threshold",1600,2200,0.55,0.18625,0.343125,0.156875,0.542805100182149,0.156875,0,0.00732628085626571
465,"A_threshold",2200,2800,0.7,0.339545454545455,0.121363636363636,-0.218181818181818,0.357429718875502,0,0.218181818181818,0.012344568578972
465,"A_threshold",2800,3400,0.85,0.119285714285714,0.0578571428571429,-0.0614285714285714,0.48502994011976,0,0.0614285714285714,0.00632366004393271
465,"A_threshold",3400,4000,1,0.0570588235294118,0.0229411764705882,-0.0341176470588235,0.402061855670103,0,0.0341176470588235,0.0039038111730087
465,"B_smooth_logistic",1000,1600,0.4,0.663,0.658,-0.005,0.992458521870287,0,0.005,0.00635288845163563
465,"B_smooth_logistic",1600,2200,0.55,0.668125,0.813125,0.145,0.821675634127594,0.145,0,0.00935520844366765
465,"B_smooth_logistic",2200,2800,0.7,0.809090909090909,0.834090909090909,0.025,0.970027247956403,0.025,0,0.0018328114852401
465,"B_smooth_logistic",2800,3400,0.85,0.839642857142857,0.886071428571429,0.0464285714285715,0.947601773478436,0.0464285714285714,0,0.00378690269569269
465,"B_smooth_logistic",3400,4000,1,0.887941176470588,0.869117647058824,-0.0188235294117647,0.978800927459424,0,0.0188235294117647,0.00126334903984693
466,"A_threshold",1000,1600,0.4,0.4,0.248,-0.152,0.62,0,0.152,0.00839509049448184
466,"A_threshold",1600,2200,0.55,0.25375,0.005625,-0.248125,0.0221674876847291,0,0.248125,0.011650973520659
466,"A_threshold",2200,2800,0.7,0.00636363636363636,0.0213636363636364,0.015,0.297872340425532,0.015,0,0.00431200325442586
466,"A_threshold",2800,3400,0.85,0.0210714285714286,0.129285714285714,0.108214285714286,0.162983425414365,0.108214285714286,0,0.00647710783400375
466,"A_threshold",3400,4000,1,0.132647058823529,0.276764705882353,0.144117647058824,0.479277364505845,0.144117647058824,0,0.00390597903457112
466,"B_smooth_logistic",1000,1600,0.4,1,0.383,-0.617,0.383,0,0.617,0.021372394158025
466,"B_smooth_logistic",1600,2200,0.55,0.37625,0.413125,0.036875,0.910741301059002,0.036875,0,0.00585678597111449
466,"B_smooth_logistic",2200,2800,0.7,0.42,0.429090909090909,0.00909090909090909,0.978813559322034,0.00909090909090909,0,0.0061267897790526
466,"B_smooth_logistic",2800,3400,0.85,0.423214285714286,0.410357142857143,-0.0128571428571428,0.969620253164557,0,0.0128571428571429,0.00336631256359894
466,"B_smooth_logistic",3400,4000,1,0.410588235294118,0.449705882352941,0.0391176470588235,0.913015042511445,0.0391176470588235,0,0.0024356524872127
467,"A_threshold",1000,1600,0.4,0.295,0.09,-0.205,0.305084745762712,0,0.205,0.00989185811790121
467,"A_threshold",1600,2200,0.55,0.094375,0.145625,0.05125,0.648068669527897,0.05125,0,0.0058956640565424
467,"A_threshold",2200,2800,0.7,0.145454545454545,0.172727272727273,0.0272727272727273,0.842105263157895,0.0272727272727273,0,0.00311130824577862
467,"A_threshold",2800,3400,0.85,0.167142857142857,0.132857142857143,-0.0342857142857143,0.794871794871795,0,0.0342857142857143,0.00301748538364076
467,"A_threshold",3400,4000,1,0.130588235294118,0.0555882352941176,-0.075,0.425675675675676,0,0.075,0.00568407279833665
467,"B_smooth_logistic",1000,1600,0.4,0.636,1,0.364,0.636,0.364,0,0.00900739489564789
467,"B_smooth_logistic",1600,2200,0.55,1,1,0,1,0,0,0.00178361633349169
467,"B_smooth_logistic",2200,2800,0.7,1,1,0,1,0,0,0.0144722017716061
467,"B_smooth_logistic",2800,3400,0.85,1,1,0,1,0,0,0.00456905371963712
467,"B_smooth_logistic",3400,4000,1,1,1,0,1,0,0,0.00382751996190371
468,"A_threshold",1000,1600,0.4,0,0.308,0.308,0,0.308,0,0.0146701872631263
468,"A_threshold",1600,2200,0.55,0.30625,0,-0.30625,0,0,0.30625,0.0117206293787256
468,"A_threshold",2200,2800,0.7,0,0.455909090909091,0.455909090909091,0,0.455909090909091,0,0.00454345794643275
468,"A_threshold",2800,3400,0.85,0.465357142857143,0.220357142857143,-0.245,0.473522640061397,0,0.245,0.00586174641970432
468,"A_threshold",3400,4000,1,0.222058823529412,0.234705882352941,0.0126470588235294,0.946115288220551,0.0126470588235294,0,0.00302545928227251
468,"B_smooth_logistic",1000,1600,0.4,0.878,1,0.122,0.878,0.122,0,0.0067101990449037
468,"B_smooth_logistic",1600,2200,0.55,1,1,0,1,0,0,0.00768402096131456
468,"B_smooth_logistic",2200,2800,0.7,1,1,0,1,0,0,0.00153838693055094
468,"B_smooth_logistic",2800,3400,0.85,1,1,0,1,0,0,0.00980176260435708
468,"B_smooth_logistic",3400,4000,1,1,1,0,1,0,0,0.000687933464276905
469,"A_threshold",1000,1600,0.4,0,0,0,1,0,0,0.00881047972432322
469,"A_threshold",1600,2200,0.55,0,0,0,1,0,0,0.010702015038999
469,"A_threshold",2200,2800,0.7,0,0,0,1,0,0,0.00285244831633702
469,"A_threshold",2800,3400,0.85,0,0,0,1,0,0,0.00506718354999845
469,"A_threshold",3400,4000,1,0,0.00117647058823529,0.00117647058823529,0,0.00117647058823529,0,0.00100762620402305
469,"B_smooth_logistic",1000,1600,0.4,0.688,0.811,0.123,0.848335388409371,0.123,0,0.0072620812230872
469,"B_smooth_logistic",1600,2200,0.55,0.818125,0.783125,-0.035,0.957219251336898,0,0.035,0.00702142069782621
469,"B_smooth_logistic",2200,2800,0.7,0.791363636363636,0.815,0.0236363636363636,0.970998326826548,0.0236363636363636,0,0.00713909953293862
469,"B_smooth_logistic",2800,3400,0.85,0.810714285714286,0.861785714285714,0.0510714285714285,0.940737670949026,0.0510714285714286,0,0.00805550940505735
469,"B_smooth_logistic",3400,4000,1,0.863235294117647,0.993529411764706,0.130294117647059,0.868857312018946,0.130294117647059,0,0.00842803294498791
470,"A_threshold",1000,1600,0.4,0.031,0,-0.031,0,0,0.031,0.0138268119114047
470,"A_threshold",1600,2200,0.55,0,0.013125,0.013125,0,0.013125,0,0.00969147057749631
470,"A_threshold",2200,2800,0.7,0.0118181818181818,0.0704545454545455,0.0586363636363636,0.167741935483871,0.0586363636363636,0,0.00670950505133527
470,"A_threshold",2800,3400,0.85,0.0725,0.0925,0.02,0.783783783783784,0.02,0,0.00107856025203625
470,"A_threshold",3400,4000,1,0.0911764705882353,0.0105882352941176,-0.0805882352941176,0.116129032258065,0,0.0805882352941176,0.0055991670190262
470,"B_smooth_logistic",1000,1600,0.4,0.602,0.791,0.189,0.761061946902655,0.189,0,0.0121547766750324
470,"B_smooth_logistic",1600,2200,0.55,0.791875,0.778125,-0.01375,0.982636148382005,0,0.01375,0.00431994260164009
470,"B_smooth_logistic",2200,2800,0.7,0.761363636363636,0.755454545454545,-0.00590909090909086,0.992238805970149,0,0.00590909090909091,0.00120876703024116
470,"B_smooth_logistic",2800,3400,0.85,0.751071428571429,0.603214285714286,-0.147857142857143,0.803138373751783,0,0.147857142857143,0.00788308672743972
470,"B_smooth_logistic",3400,4000,1,0.601764705882353,0.575882352941177,-0.0258823529411765,0.956989247311828,0,0.0258823529411765,0.00535676673234119
471,"A_threshold",1000,1600,0.4,0.001,0,-0.001,0,0,0.001,0.0104433150529922
471,"A_threshold",1600,2200,0.55,0,0,0,1,0,0,0.00591188457228385
471,"A_threshold",2200,2800,0.7,0,0,0,1,0,0,0.0130082502051986
471,"A_threshold",2800,3400,0.85,0,0.0296428571428571,0.0296428571428571,0,0.0296428571428571,0,0.00507835688974822
471,"A_threshold",3400,4000,1,0.0305882352941176,0.0958823529411765,0.0652941176470588,0.319018404907975,0.0652941176470588,0,0.00744444219286629
471,"B_smooth_logistic",1000,1600,0.4,1,0.226,-0.774,0.226,0,0.774,0.00919966094568006
471,"B_smooth_logistic",1600,2200,0.55,0.22125,1,0.77875,0.22125,0.77875,0,0.00644451389841867
471,"B_smooth_logistic",2200,2800,0.7,1,1,0,1,0,0,0.0060476000643201
471,"B_smooth_logistic",2800,3400,0.85,1,1,0,1,0,0,0.00975979534448261
471,"B_smooth_logistic",3400,4000,1,1,1,0,1,0,0,0.00465285639494847
472,"A_threshold",1000,1600,0.4,0.399,0.471,0.072,0.847133757961783,0.072,0,0.00963897266355723
472,"A_threshold",1600,2200,0.55,0.47375,0.399375,-0.074375,0.843007915567282,0,0.074375,0.0110471910417583
472,"A_threshold",2200,2800,0.7,0.41,0.460454545454545,0.0504545454545455,0.890424481737414,0.0504545454545455,0,0.0154394020637824
472,"A_threshold",2800,3400,0.85,0.461071428571429,0.398214285714286,-0.0628571428571429,0.863671572424477,0,0.0628571428571429,0.00522063604528211
472,"A_threshold",3400,4000,1,0.397941176470588,0.365,-0.0329411764705883,0.917220990391722,0,0.0329411764705882,0.00192200843417271
472,"B_smooth_logistic",1000,1600,0.4,0,0,0,1,0,0,0.0143113153590152
472,"B_smooth_logistic",1600,2200,0.55,0,0.718125,0.718125,0,0.718125,0,0.012913868410309
472,"B_smooth_logistic",2200,2800,0.7,0.723181818181818,0.873181818181818,0.15,0.82821447162936,0.15,0,0.00527982698978271
472,"B_smooth_logistic",2800,3400,0.85,0.8775,0.841428571428571,-0.0360714285714285,0.958892958892959,0,0.0360714285714286,0.00230735000400217
472,"B_smooth_logistic",3400,4000,1,0.835294117647059,0.712941176470588,-0.122352941176471,0.853521126760563,0,0.122352941176471,0.00342304004803553
473,"A_threshold",1000,1600,0.4,0.251,0.316,0.065,0.794303797468354,0.065,0,0.0184173088746203
473,"A_threshold",1600,2200,0.55,0.319375,0.09875,-0.220625,0.309197651663405,0,0.220625,0.0109429996786601
473,"A_threshold",2200,2800,0.7,0.1,0,-0.1,0,0,0.1,0.00785221942347022
473,"A_threshold",2800,3400,0.85,0,0.162857142857143,0.162857142857143,0,0.162857142857143,0,0.0115478471019685
473,"A_threshold",3400,4000,1,0.165882352941176,0.194411764705882,0.0285294117647059,0.853252647503782,0.0285294117647059,0,0.000845034397400167
473,"B_smooth_logistic",1000,1600,0.4,1,0.725,-0.275,0.725,0,0.275,0.0224088608960929
473,"B_smooth_logistic",1600,2200,0.55,0.740625,0.8125,0.071875,0.911538461538462,0.071875,0,0.00759082570456663
473,"B_smooth_logistic",2200,2800,0.7,0.810909090909091,0.856363636363636,0.0454545454545454,0.94692144373673,0.0454545454545455,0,0.00477186918059416
473,"B_smooth_logistic",2800,3400,0.85,0.86,1,0.14,0.86,0.14,0,0.00465727999293882
473,"B_smooth_logistic",3400,4000,1,1,0.915,-0.085,0.915,0,0.085,0.00442505662427539
474,"A_threshold",1000,1600,0.4,0.762,0.973,0.211,0.783144912641315,0.211,0,0.0245116054931477
474,"A_threshold",1600,2200,0.55,0.97,0.4675,-0.5025,0.481958762886598,0,0.5025,0.00771663161582991
474,"A_threshold",2200,2800,0.7,0.471363636363636,0.00227272727272727,-0.469090909090909,0,0.00227272727272727,0.471363636363636,0.0150449008193402
474,"A_threshold",2800,3400,0.85,0.00214285714285714,0,-0.00214285714285714,0,0,0.00214285714285714,0.00863533997912836
474,"A_threshold",3400,4000,1,0,0.0182352941176471,0.0182352941176471,0,0.0182352941176471,0,0.00453720713167486
474,"B_smooth_logistic",1000,1600,0.4,0.508,0.571,0.0629999999999999,0.889667250437828,0.063,0,0.0150289281045757
474,"B_smooth_logistic",1600,2200,0.55,0.55625,0.55625,0,1,0,0,0.000963454912092419
474,"B_smooth_logistic",2200,2800,0.7,0.559545454545455,0.556818181818182,-0.0027272727272728,0.995125913891145,0,0.00272727272727273,0.00299261833258922
474,"B_smooth_logistic",2800,3400,0.85,0.557857142857143,0.584642857142857,0.0267857142857143,0.954184483811851,0.0267857142857143,0,0.00186510062123777
474,"B_smooth_logistic",3400,4000,1,0.578529411764706,0.549705882352941,-0.0288235294117647,0.950177935943061,0,0.0288235294117647,0.00559510759846339
475,"A_threshold",1000,1600,0.4,0.347,0.496,0.149,0.699596774193548,0.149,0,0.0142172256750273
475,"A_threshold",1600,2200,0.55,0.4975,0.6525,0.155,0.762452107279693,0.155,0,0.0145267692724945
475,"A_threshold",2200,2800,0.7,0.651363636363636,0.739545454545455,0.0881818181818181,0.880762138905962,0.0881818181818182,0,0.00382706392362029
475,"A_threshold",2800,3400,0.85,0.736071428571429,0.345,-0.391071428571429,0.468704512372635,0,0.391071428571429,0.00997295679261851
475,"A_threshold",3400,4000,1,0.343823529411765,0.396470588235294,0.0526470588235294,0.867210682492582,0.0526470588235294,0,0.00104437769839732
475,"B_smooth_logistic",1000,1600,0.4,0.461,0.536,0.075,0.860074626865672,0.075,0,0.0156820371803409
475,"B_smooth_logistic",1600,2200,0.55,0.54,0.853125,0.313125,0.632967032967033,0.313125,0,0.0169930269937129
475,"B_smooth_logistic",2200,2800,0.7,0.857272727272727,0.944090909090909,0.0868181818181818,0.908040442946558,0.0868181818181818,0,0.00444089899954632
475,"B_smooth_logistic",2800,3400,0.85,0.941428571428571,0.875714285714286,-0.0657142857142857,0.930197268588771,0,0.0657142857142857,0.00524510307018209
475,"B_smooth_logistic",3400,4000,1,0.877941176470588,1,0.122058823529412,0.877941176470588,0.122058823529412,0,0.00392897451032615
476,"A_threshold",1000,1600,0.4,0.099,0,-0.099,0,0,0.099,0.0115962296264599
476,"A_threshold",1600,2200,0.55,0,0.00125,0.00125,0,0.00125,0,0.00350981800198917
476,"A_threshold",2200,2800,0.7,0.00181818181818182,0.0740909090909091,0.0722727272727273,0.0245398773006135,0.0722727272727273,0,0.00525403615464017
476,"A_threshold",2800,3400,0.85,0.0721428571428571,0.0907142857142857,0.0185714285714286,0.795275590551181,0.0185714285714286,0,0.00222475768304173
476,"A_threshold",3400,4000,1,0.0861764705882353,0.136470588235294,0.0502941176470588,0.631465517241379,0.0502941176470588,0,0.00268161492214176
476,"B_smooth_logistic",1000,1600,0.4,0.887,0.78,-0.107,0.879368658399098,0,0.107,0.00745233883543184
476,"B_smooth_logistic",1600,2200,0.55,0.781875,0.6725,-0.109375,0.860111910471623,0,0.109375,0.0121794072419184
476,"B_smooth_logistic",2200,2800,0.7,0.683181818181818,0.779545454545455,0.0963636363636363,0.876384839650146,0.0963636363636364,0,0.00779395753490099
476,"B_smooth_logistic",2800,3400,0.85,0.783571428571429,0.945,0.161428571428571,0.829176114890401,0.161428571428571,0,0.00742559116946779
476,"B_smooth_logistic",3400,4000,1,0.942647058823529,1,0.0573529411764706,0.942647058823529,0.0573529411764706,0,0.00268835318099669
477,"A_threshold",1000,1600,0.4,0,0,0,1,0,0,0.00856830188912704
477,"A_threshold",1600,2200,0.55,0,0,0,1,0,0,0.00910631817084051
477,"A_threshold",2200,2800,0.7,0,0.0604545454545455,0.0604545454545455,0,0.0604545454545455,0,0.00484170801666377
477,"A_threshold",2800,3400,0.85,0.0617857142857143,0,-0.0617857142857143,0,0,0.0617857142857143,0.00833401622674418
477,"A_threshold",3400,4000,1,0,0,0,1,0,0,0.0060782329907926
477,"B_smooth_logistic",1000,1600,0.4,1,0.826,-0.174,0.826,0,0.174,0.0126903839017339
477,"B_smooth_logistic",1600,2200,0.55,0.829375,0.748125,-0.0812499999999999,0.902034664657121,0,0.08125,0.0125235636975541
477,"B_smooth_logistic",2200,2800,0.7,0.743636363636364,0.707727272727273,-0.0359090909090909,0.951711491442543,0,0.0359090909090909,0.00183492338419052
477,"B_smooth_logistic",2800,3400,0.85,0.706785714285714,0.967142857142857,0.260357142857143,0.730797636632201,0.260357142857143,0,0.00836685566176671
477,"B_smooth_logistic",3400,4000,1,0.967352941176471,0.775882352941176,-0.191470588235294,0.802067497719672,0,0.191470588235294,0.00621148948452391
478,"A_threshold",1000,1600,0.4,0,0.029,0.029,0,0.029,0,0.00942807073308157
478,"A_threshold",1600,2200,0.55,0.02625,0.53375,0.5075,0.0491803278688525,0.5075,0,0.0225508385166718
478,"A_threshold",2200,2800,0.7,0.539545454545455,0.562727272727273,0.0231818181818182,0.958804523424879,0.0231818181818182,0,0.00316819216276915
478,"A_threshold",2800,3400,0.85,0.555714285714286,0.511071428571429,-0.0446428571428571,0.919665809768638,0,0.0446428571428571,0.00215408413402007
478,"A_threshold",3400,4000,1,0.507941176470588,0.460294117647059,-0.0476470588235294,0.906195715112913,0,0.0476470588235294,0.0031924919158597
478,"B_smooth_logistic",1000,1600,0.4,0.59,0.363,-0.227,0.615254237288136,0,0.227,0.0107322410940565
478,"B_smooth_logistic",1600,2200,0.55,0.345625,0.403125,0.0575,0.857364341085271,0.0575,0,0.00235927487084316
478,"B_smooth_logistic",2200,2800,0.7,0.412727272727273,0.287727272727273,-0.125,0.697136563876652,0,0.125,0.00463458799413036
478,"B_smooth_logistic",2800,3400,0.85,0.281785714285714,0.324642857142857,0.0428571428571428,0.867986798679868,0.0428571428571429,0,0.00231845701414953
478,"B_smooth_logistic",3400,4000,1,0.33,0.451764705882353,0.121764705882353,0.73046875,0.121764705882353,0,0.00372142586725234
479,"A_threshold",1000,1600,0.4,0.051,0,-0.051,0,0,0.051,0.0121552855514358
479,"A_threshold",1600,2200,0.55,0,0,0,1,0,0,0.00244583378900813
479,"A_threshold",2200,2800,0.7,0,0,0,1,0,0,0.00602096578945014
479,"A_threshold",2800,3400,0.85,0,0.113928571428571,0.113928571428571,0,0.113928571428571,0,0.00654471562597733
479,"A_threshold",3400,4000,1,0.116470588235294,0.18,0.0635294117647059,0.647058823529412,0.0635294117647059,0,0.00323010041834245
479,"B_smooth_logistic",1000,1600,0.4,0.294,0.936,0.642,0.23,0.706,0.064,0.0194370673229681
479,"B_smooth_logistic",1600,2200,0.55,0.936875,1,0.063125,0.936875,0.063125,0,0.00698017305482812
479,"B_smooth_logistic",2200,2800,0.7,1,0.927727272727273,-0.0722727272727273,0.927727272727273,0,0.0722727272727273,0.00730648213195715
479,"B_smooth_logistic",2800,3400,0.85,0.931428571428571,0.887142857142857,-0.0442857142857143,0.952453987730061,0,0.0442857142857143,0.00342868302918828
479,"B_smooth_logistic",3400,4000,1,0.886470588235294,1,0.113529411764706,0.886470588235294,0.113529411764706,0,0.00342394757406561
480,"A_threshold",1000,1600,0.4,0.323,0.337,0.014,0.958456973293769,0.014,0,0.00591988926207976
480,"A_threshold",1600,2200,0.55,0.331875,0.3025,-0.029375,0.911487758945386,0,0.029375,0.0144775223874522
480,"A_threshold",2200,2800,0.7,0.302272727272727,0.372727272727273,0.0704545454545455,0.810975609756098,0.0704545454545455,0,0.00577870777543735
480,"A_threshold",2800,3400,0.85,0.372142857142857,0.351785714285714,-0.0203571428571429,0.945297504798465,0,0.0203571428571429,0.00215925059742405
480,"A_threshold",3400,4000,1,0.351470588235294,0.304411764705882,-0.0470588235294118,0.866108786610879,0,0.0470588235294118,0.00371215632682342
480,"B_smooth_logistic",1000,1600,0.4,0.624,0.967,0.343,0.645294725956567,0.343,0,0.00758299120069696
480,"B_smooth_logistic",1600,2200,0.55,0.970625,0.796875,-0.17375,0.820991629104958,0,0.17375,0.00597181950178344
480,"B_smooth_logistic",2200,2800,0.7,0.793636363636364,0.724090909090909,-0.0695454545454545,0.912371134020619,0,0.0695454545454545,0.00715348550960515
480,"B_smooth_logistic",2800,3400,0.85,0.72,0.664642857142857,-0.0553571428571429,0.923115079365079,0,0.0553571428571429,0.00286202029960867
480,"B_smooth_logistic",3400,4000,1,0.664411764705882,0.698235294117647,0.0338235294117647,0.951558550968829,0.0338235294117647,0,0.00182521368328608
481,"A_threshold",1000,1600,0.4,0.085,0,-0.085,0,0,0.085,0.00978851439542237
481,"A_threshold",1600,2200,0.55,0,0.23,0.23,0,0.23,0,0.013677838913336
481,"A_threshold",2200,2800,0.7,0.24,0.0309090909090909,-0.209090909090909,0.128787878787879,0,0.209090909090909,0.0116477695280835
481,"A_threshold",2800,3400,0.85,0.0310714285714286,0.00714285714285714,-0.0239285714285714,0.229885057471264,0,0.0239285714285714,0.00676399372761231
481,"A_threshold",3400,4000,1,0.00852941176470588,0.0444117647058824,0.0358823529411765,0.19205298013245,0.0358823529411765,0,0.00187161969362168
481,"B_smooth_logistic",1000,1600,0.4,1,1,0,1,0,0,0.0141001871374521
481,"B_smooth_logistic",1600,2200,0.55,1,1,0,1,0,0,0.00415887500349808
481,"B_smooth_logistic",2200,2800,0.7,1,1,0,1,0,0,0.00272931487165349
481,"B_smooth_logistic",2800,3400,0.85,1,1,0,1,0,0,0.000986381622377863
481,"B_smooth_logistic",3400,4000,1,1,1,0,1,0,0,0.000477315142163404
482,"A_threshold",1000,1600,0.4,0.407,0.512,0.105,0,0.512,0.407,0.0224703988137362
482,"A_threshold",1600,2200,0.55,0.518125,0.745625,0.2275,0.694886839899413,0.2275,0,0.00581669489761103
482,"A_threshold",2200,2800,0.7,0.741363636363636,0.644545454545455,-0.0968181818181818,0.869405272838749,0,0.0968181818181818,0.00683270902910417
482,"A_threshold",2800,3400,0.85,0.647142857142857,0.615357142857143,-0.0317857142857143,0.950883002207506,0,0.0317857142857143,0.0019074744226861
482,"A_threshold",3400,4000,1,0.616764705882353,0.553529411764706,-0.0632352941176471,0.897472579876013,0,0.0632352941176471,0.00100996965102379
482,"B_smooth_logistic",1000,1600,0.4,0.608,1,0.392,0.608,0.392,0,0.0197131430553333
482,"B_smooth_logistic",1600,2200,0.55,1,1,0,1,0,0,0.0123140387782804
482,"B_smooth_logistic",2200,2800,0.7,1,1,0,1,0,0,0.00526137136555532
482,"B_smooth_logistic",2800,3400,0.85,1,0.939642857142857,-0.0603571428571429,0.939642857142857,0,0.0603571428571429,0.00112542257027587
482,"B_smooth_logistic",3400,4000,1,0.939117647058824,0.941176470588235,0.00205882352941178,0.9978125,0.00205882352941176,0,0.000635450398948603
483,"A_threshold",1000,1600,0.4,0,0.045,0.045,0,0.045,0,0.0122436239366664
483,"A_threshold",1600,2200,0.55,0.04125,0.031875,-0.009375,0.772727272727273,0,0.009375,0.0103476093898061
483,"A_threshold",2200,2800,0.7,0.0336363636363636,0.0454545454545455,0.0118181818181818,0.74,0.0118181818181818,0,0.000732383059909715
483,"A_threshold",2800,3400,0.85,0.0489285714285714,0.00321428571428571,-0.0457142857142857,0.0656934306569343,0,0.0457142857142857,0.00370113652160645
483,"A_threshold",3400,4000,1,0.00264705882352941,0,-0.00264705882352941,0,0,0.00264705882352941,0.00572957213299965
483,"B_smooth_logistic",1000,1600,0.4,1,1,0,1,0,0,0.00414313498576392
483,"B_smooth_logistic",1600,2200,0.55,1,0.90375,-0.0962499999999999,0.90375,0,0.09625,0.00297109285272331
483,"B_smooth_logistic",2200,2800,0.7,0.909090909090909,0.835,-0.0740909090909091,0.9185,0,0.0740909090909091,0.0082113312278955
483,"B_smooth_logistic",2800,3400,0.85,0.832857142857143,0.724642857142857,-0.108214285714286,0.870068610634648,0,0.108214285714286,0.00748549495898924
483,"B_smooth_logistic",3400,4000,1,0.718529411764706,0.667352941176471,-0.0511764705882353,0.928776094965207,0,0.0511764705882353,0.00526089375914022
484,"A_threshold",1000,1600,0.4,0.124,0.044,-0.08,0.354838709677419,0,0.08,0.00812515110551939
484,"A_threshold",1600,2200,0.55,0.036875,0.095,0.058125,0.388157894736842,0.058125,0,0.0113859909710332
484,"A_threshold",2200,2800,0.7,0.0963636363636364,0.0440909090909091,-0.0522727272727273,0.457547169811321,0,0.0522727272727273,0.0120881328744889
484,"A_threshold",2800,3400,0.85,0.0435714285714286,0.0482142857142857,0.00464285714285714,0.903703703703704,0.00464285714285714,0,0.00524584541264237
484,"A_threshold",3400,4000,1,0.0488235294117647,0.0229411764705882,-0.0258823529411765,0.469879518072289,0,0.0258823529411765,0.00453995221701302
484,"B_smooth_logistic",1000,1600,0.4,0.958,0.884,-0.074,0.922755741127349,0,0.074,0.0118003455128716
484,"B_smooth_logistic",1600,2200,0.55,0.888125,1,0.111875,0.888125,0.111875,0,0.00764954704113
484,"B_smooth_logistic",2200,2800,0.7,1,1,0,1,0,0,0.00606730328459683
484,"B_smooth_logistic",2800,3400,0.85,1,1,0,1,0,0,0.00150655997006527
484,"B_smooth_logistic",3400,4000,1,1,1,0,1,0,0,0.00570355728079734
485,"A_threshold",1000,1600,0.4,0.656,0.62,-0.036,0.945121951219512,0,0.036,0.00493563760347408
485,"A_threshold",1600,2200,0.55,0.621875,0.660625,0.0387500000000001,0.941343424787133,0.03875,0,0.0047997266375238
485,"A_threshold",2200,2800,0.7,0.660454545454545,0.555,-0.105454545454545,0.840330350997935,0,0.105454545454545,0.00744180821991532
485,"A_threshold",2800,3400,0.85,0.558928571428571,0.494285714285714,-0.0646428571428572,0.884345047923323,0,0.0646428571428571,0.00601803720837286
485,"A_threshold",3400,4000,1,0.494411764705882,0.520882352941176,0.0264705882352941,0.94918125352908,0.0264705882352941,0,0.00574587385990986
485,"B_smooth_logistic",1000,1600,0.4,0.309,0.896,0.587,0.344866071428571,0.587,0,0.00685728577556365
485,"B_smooth_logistic",1600,2200,0.55,0.889375,1,0.110625,0.889375,0.110625,0,0.00833988666263478
485,"B_smooth_logistic",2200,2800,0.7,1,0.683636363636364,-0.316363636363636,0.683636363636364,0,0.316363636363636,0.00770931629405838
485,"B_smooth_logistic",2800,3400,0.85,0.680714285714286,0.6425,-0.0382142857142858,0.94386149003148,0,0.0382142857142857,0.00424351357631286
485,"B_smooth_logistic",3400,4000,1,0.641470588235294,0.636176470588235,-0.00529411764705878,0.991746905089409,0,0.00529411764705882,0.00231681506471709
486,"A_threshold",1000,1600,0.4,0.999,0.29,-0.709,0.29029029029029,0,0.709,0.0275067448920584
486,"A_threshold",1600,2200,0.55,0.27875,0.185,-0.09375,0.663677130044843,0,0.09375,0.00514806867887048
486,"A_threshold",2200,2800,0.7,0.181363636363636,0.135,-0.0463636363636364,0.744360902255639,0,0.0463636363636364,0.00549872024818513
486,"A_threshold",2800,3400,0.85,0.133214285714286,0.1525,0.0192857142857143,0.873536299765808,0.0192857142857143,0,0.00547309600984277
486,"A_threshold",3400,4000,1,0.156470588235294,0.296764705882353,0.140294117647059,0.527254707631318,0.140294117647059,0,0.00515306899258089
486,"B_smooth_logistic",1000,1600,0.4,0.612,0.631,0.019,0.969889064976228,0.019,0,0.00831934856557357
486,"B_smooth_logistic",1600,2200,0.55,0.62875,0.803125,0.174375,0.782879377431907,0.174375,0,0.0111871560902568
486,"B_smooth_logistic",2200,2800,0.7,0.793181818181818,0.84,0.0468181818181818,0.944264069264069,0.0468181818181818,0,0.002320097025867
486,"B_smooth_logistic",2800,3400,0.85,0.835714285714286,0.782857142857143,-0.0528571428571429,0.936752136752137,0,0.0528571428571429,0.00373505251757369
486,"B_smooth_logistic",3400,4000,1,0.784117647058823,0.739411764705882,-0.0447058823529412,0.942985746436609,0,0.0447058823529412,0.00152620567074968
487,"A_threshold",1000,1600,0.4,0.819,0.775,-0.0439999999999999,0.946275946275946,0,0.044,0.021244036395908
487,"A_threshold",1600,2200,0.55,0.77,0.840625,0.0706249999999999,0.915985130111524,0.070625,0,0.00331441693439753
487,"A_threshold",2200,2800,0.7,0.844090909090909,0.570454545454545,-0.273636363636364,0.675821217016694,0,0.273636363636364,0.0105539221761472
487,"A_threshold",2800,3400,0.85,0.573928571428571,0.5775,0.00357142857142856,0.993815708101422,0.00357142857142857,0,0.001452169785744
487,"A_threshold",3400,4000,1,0.576176470588235,0.518235294117647,-0.0579411764705883,0.899438489025013,0,0.0579411764705882,0.00607826566138
487,"B_smooth_logistic",1000,1600,0.4,1,1,0,1,0,0,0.00665979352062465
487,"B_smooth_logistic",1600,2200,0.55,1,0.309375,-0.690625,0.309375,0,0.690625,0.0154411866086473
487,"B_smooth_logistic",2200,2800,0.7,0.318181818181818,0.490909090909091,0.172727272727273,0.648148148148148,0.172727272727273,0,0.00715712700464317
487,"B_smooth_logistic",2800,3400,0.85,0.488928571428571,0.525357142857143,0.0364285714285714,0.930659415363698,0.0364285714285714,0,0.00162471049269382
487,"B_smooth_logistic",3400,4000,1,0.531470588235294,0.722647058823529,0.191176470588235,0.735449735449735,0.191176470588235,0,0.00527127663092424
488,"A_threshold",1000,1600,0.4,0.104,0.463,0.359,0.224622030237581,0.359,0,0.017884109442835
488,"A_threshold",1600,2200,0.55,0.44375,0.304375,-0.139375,0.685915492957746,0,0.139375,0.00963706568672298
488,"A_threshold",2200,2800,0.7,0.311818181818182,0.196363636363636,-0.115454545454545,0.629737609329446,0,0.115454545454545,0.00984104208131432
488,"A_threshold",2800,3400,0.85,0.192857142857143,0.1425,-0.0503571428571429,0.738888888888889,0,0.0503571428571429,0.00389662525516202
488,"A_threshold",3400,4000,1,0.143529411764706,0.0844117647058824,-0.0591176470588235,0.588114754098361,0,0.0591176470588235,0.00129098471234167
488,"B_smooth_logistic",1000,1600,0.4,1,1,0,1,0,0,0.00727178137461223
488,"B_smooth_logistic",1600,2200,0.55,1,1,0,1,0,0,0.0122829848748663
488,"B_smooth_logistic",2200,2800,0.7,1,1,0,1,0,0,0.00195058947055083
488,"B_smooth_logistic",2800,3400,0.85,1,1,0,1,0,0,0.00737181241960565
488,"B_smooth_logistic",3400,4000,1,1,1,0,1,0,0,0.00178566547551641
489,"A_threshold",1000,1600,0.4,0,0,0,1,0,0,0.00853525352775646
489,"A_threshold",1600,2200,0.55,0,0.02625,0.02625,0,0.02625,0,0.00762409001767666
489,"A_threshold",2200,2800,0.7,0.0245454545454545,0.131363636363636,0.106818181818182,0.186851211072664,0.106818181818182,0,0.00394280511231587
489,"A_threshold",2800,3400,0.85,0.137142857142857,0.130714285714286,-0.00642857142857142,0.953125,0,0.00642857142857143,0.00111344415976793
489,"A_threshold",3400,4000,1,0.13,0.157058823529412,0.0270588235294118,0.827715355805243,0.0270588235294118,0,0.00148514952288948
489,"B_smooth_logistic",1000,1600,0.4,0.904,0.834,-0.0700000000000001,0.922566371681416,0,0.07,0.00693005282230613
489,"B_smooth_logistic",1600,2200,0.55,0.82375,0.71375,-0.11,0.866464339908953,0,0.11,0.00820803952978205
489,"B_smooth_logistic",2200,2800,0.7,0.714545454545455,0.693636363636364,-0.020909090909091,0.970737913486005,0,0.0209090909090909,0.00525986250858304
489,"B_smooth_logistic",2800,3400,0.85,0.69,0.743214285714286,0.0532142857142858,0.928399807784719,0.0532142857142857,0,0.00339677686734592
489,"B_smooth_logistic",3400,4000,1,0.743823529411765,0.740294117647059,-0.00352941176470589,0.995255041518387,0,0.00352941176470588,0.000597278608422169
490,"A_threshold",1000,1600,0.4,0.356,0.167,-0.189,0.469101123595506,0,0.189,0.0138191584456611
490,"A_threshold",1600,2200,0.55,0.1725,0.328125,0.155625,0.525714285714286,0.155625,0,0.0113263471968523
490,"A_threshold",2200,2800,0.7,0.322727272727273,0.288181818181818,-0.0345454545454545,0.892957746478873,0,0.0345454545454545,0.00395387586508553
490,"A_threshold",2800,3400,0.85,0.2825,0.1775,-0.105,0.628318584070796,0,0.105,0.00569789846748368
490,"A_threshold",3400,4000,1,0.177647058823529,0.226176470588235,0.0485294117647059,0.785435630689207,0.0485294117647059,0,0.0115620693386753
490,"B_smooth_logistic",1000,1600,0.4,0.412,0.53,0.118,0.777358490566038,0.118,0,0.0208175900172544
490,"B_smooth_logistic",1600,2200,0.55,0.546875,0.665625,0.11875,0.821596244131455,0.11875,0,0.0104573193657054
490,"B_smooth_logistic",2200,2800,0.7,0.668636363636364,0.674545454545455,0.00590909090909097,0.991239892183288,0.00590909090909091,0,0.00602408746130001
490,"B_smooth_logistic",2800,3400,0.85,0.678571428571429,0.743214285714286,0.0646428571428571,0.913022585295531,0.0646428571428571,0,0.004731012379324
490,"B_smooth_logistic",3400,4000,1,0.746764705882353,0.803823529411765,0.0570588235294118,0.929015733626052,0.0570588235294118,0,0.00283694576697324
491,"A_threshold",1000,1600,0.4,0,0.008,0.008,0,0.008,0,0.0141545027285673
491,"A_threshold",1600,2200,0.55,0.0075,0,-0.0075,0,0,0.0075,0.00920485485341902
491,"A_threshold",2200,2800,0.7,0,0.0531818181818182,0.0531818181818182,0,0.0531818181818182,0,0.00783187058157737
491,"A_threshold",2800,3400,0.85,0.0557142857142857,0.0157142857142857,-0.04,0.282051282051282,0,0.04,0.00159511127788272
491,"A_threshold",3400,4000,1,0.0141176470588235,0.0385294117647059,0.0244117647058824,0.366412213740458,0.0244117647058824,0,0.00210145332040922
491,"B_smooth_logistic",1000,1600,0.4,1,1,0,1,0,0,0.0132482034756265
491,"B_smooth_logistic",1600,2200,0.55,1,1,0,1,0,0,0.005745186510477
491,"B_smooth_logistic",2200,2800,0.7,1,1,0,1,0,0,0.00190617272374949
491,"B_smooth_logistic",2800,3400,0.85,1,1,0,1,0,0,0.00301874697028725
491,"B_smooth_logistic",3400,4000,1,1,1,0,1,0,0,0.00372808033254316
492,"A_threshold",1000,1600,0.4,0.893,0.867,-0.026,0.970884658454647,0,0.026,0.0228234628391594
492,"A_threshold",1600,2200,0.55,0.845625,0.7475,-0.0981249999999999,0.883961566888396,0,0.098125,0.00512494789001805
492,"A_threshold",2200,2800,0.7,0.748181818181818,0.51,-0.238181818181818,0.681652490886999,0,0.238181818181818,0.00976207016374473
492,"A_threshold",2800,3400,0.85,0.500357142857143,0.4475,-0.0528571428571428,0.894361170592434,0,0.0528571428571429,0.00267370343916211
492,"A_threshold",3400,4000,1,0.453235294117647,0.473823529411765,0.0205882352941176,0.956548727498448,0.0205882352941176,0,0.000687405529572945
492,"B_smooth_logistic",1000,1600,0.4,0.494,0.535,0.041,0.923364485981308,0.041,0,0.00949409481388896
492,"B_smooth_logistic",1600,2200,0.55,0.540625,0.609375,0.06875,0.887179487179487,0.06875,0,0.010508133831729
492,"B_smooth_logistic",2200,2800,0.7,0.609090909090909,0.551363636363636,-0.0577272727272727,0.905223880597015,0,0.0577272727272727,0.00326704064600768
492,"B_smooth_logistic",2800,3400,0.85,0.551428571428571,0.5825,0.0310714285714286,0.946658491722869,0.0310714285714286,0,0.00497682763309612
492,"B_smooth_logistic",3400,4000,1,0.578235294117647,0.542058823529412,-0.0361764705882353,0.937436419125127,0,0.0361764705882353,0.00457658614760112
493,"A_threshold",1000,1600,0.4,0.527,0.783,0.256,0.673052362707535,0.256,0,0.0031143445578803
493,"A_threshold",1600,2200,0.55,0.7875,0.128125,-0.659375,0.162698412698413,0,0.659375,0.00990429802078846
493,"A_threshold",2200,2800,0.7,0.13,0.607727272727273,0.477727272727273,0.213911742707554,0.477727272727273,0,0.00831735251736906
493,"A_threshold",2800,3400,0.85,0.599642857142857,0.534285714285714,-0.0653571428571429,0.891006551518761,0,0.0653571428571429,0.00789487074583
493,"A_threshold",3400,4000,1,0.531470588235294,0.597647058823529,0.0661764705882353,0.889271653543307,0.0661764705882353,0,0.00268725244611273
493,"B_smooth_logistic",1000,1600,0.4,0.906,0.855,-0.051,0.943708609271523,0,0.051,0.00846653779212206
493,"B_smooth_logistic",1600,2200,0.55,0.851875,1,0.148125,0.851875,0.148125,0,0.00974385538434808
493,"B_smooth_logistic",2200,2800,0.7,1,0.956818181818182,-0.0431818181818182,0.956818181818182,0,0.0431818181818182,0.00207807356765742
493,"B_smooth_logistic",2800,3400,0.85,0.9575,1,0.0425,0.9575,0.0425,0,0.00278061421107096
493,"B_smooth_logistic",3400,4000,1,1,1,0,1,0,0,0.00465203942104164
494,"A_threshold",1000,1600,0.4,0.143,0.093,-0.05,0.65034965034965,0,0.05,0.00692168747839419
494,"A_threshold",1600,2200,0.55,0.09,0.079375,-0.010625,0.881944444444444,0,0.010625,0.00447619376060122
494,"A_threshold",2200,2800,0.7,0.0818181818181818,0.0622727272727273,-0.0195454545454545,0.761111111111111,0,0.0195454545454545,0.00374502995454406
494,"A_threshold",2800,3400,0.85,0.065,0.0782142857142857,0.0132142857142857,0.831050228310502,0.0132142857142857,0,0.00519578955162836
494,"A_threshold",3400,4000,1,0.0794117647058823,0.0988235294117647,0.0194117647058824,0.803571428571429,0.0194117647058824,0,0.0011711392986547
494,"B_smooth_logistic",1000,1600,0.4,0.794,0.867,0.073,0.915801614763552,0.073,0,0.00706256928341424
494,"B_smooth_logistic",1600,2200,0.55,0.8675,0.89375,0.02625,0.970629370629371,0.02625,0,0.00133847605766277
494,"B_smooth_logistic",2200,2800,0.7,0.893181818181818,0.759545454545455,-0.133636363636364,0.850381679389313,0,0.133636363636364,0.00658003363131488
494,"B_smooth_logistic",2800,3400,0.85,0.768571428571429,0.73,-0.0385714285714286,0.949814126394052,0,0.0385714285714286,0.00173846217383013
494,"B_smooth_logistic",3400,4000,1,0.732058823529412,0.662647058823529,-0.0694117647058824,0.905182804339092,0,0.0694117647058824,0.0039246533855
495,"A_threshold",1000,1600,0.4,0.859,0.912,0.053,0.941885964912281,0.053,0,0.0245759284093927
495,"A_threshold",1600,2200,0.55,0.916875,0.07125,-0.845625,0.0777096114519427,0,0.845625,0.0236478368316514
495,"A_threshold",2200,2800,0.7,0.0718181818181818,0.000454545454545455,-0.0713636363636364,0.00632911392405063,0,0.0713636363636364,0.00603232013069563
495,"A_threshold",2800,3400,0.85,0.000357142857142857,0,-0.000357142857142857,0,0,0.000357142857142857,0.00567554537462893
495,"A_threshold",3400,4000,1,0,0.000294117647058824,0.000294117647058824,0,0.000294117647058824,0,0.00542039297053129
495,"B_smooth_logistic",1000,1600,0.4,0.901,1,0.099,0.901,0.099,0,0.0175256490143127
495,"B_smooth_logistic",1600,2200,0.55,1,1,0,1,0,0,0.0104557992724321
495,"B_smooth_logistic",2200,2800,0.7,1,1,0,1,0,0,0.00543418640376051
495,"B_smooth_logistic",2800,3400,0.85,1,1,0,1,0,0,0.00277207943374626
495,"B_smooth_logistic",3400,4000,1,1,1,0,1,0,0,0.00223342894731966
496,"A_threshold",1000,1600,0.4,0.424,0.519,0.095,0.816955684007707,0.095,0,0.0117002068777948
496,"A_threshold",1600,2200,0.55,0.516875,0.408125,-0.10875,0.789600967351874,0,0.10875,0.00370995440124436
496,"A_threshold",2200,2800,0.7,0.398181818181818,0.714090909090909,0.315909090909091,0.557606619987269,0.315909090909091,0,0.00925378934804896
496,"A_threshold",2800,3400,0.85,0.707857142857143,0.96,0.252142857142857,0.73735119047619,0.252142857142857,0,0.0047317532700237
496,"A_threshold",3400,4000,1,0.959705882352941,0.395294117647059,-0.564411764705882,0.411890897946675,0,0.564411764705882,0.00468266439252322
496,"B_smooth_logistic",1000,1600,0.4,1,0.909,-0.091,0.909,0,0.091,0.00652871042732502
496,"B_smooth_logistic",1600,2200,0.55,0.900625,1,0.099375,0.900625,0.099375,0,0.0104305275857002
496,"B_smooth_logistic",2200,2800,0.7,1,1,0,1,0,0,0.00756599174524884
496,"B_smooth_logistic",2800,3400,0.85,1,1,0,1,0,0,0.00786967767252996
496,"B_smooth_logistic",3400,4000,1,1,1,0,1,0,0,0.00212963386561926
497,"A_threshold",1000,1600,0.4,0.709,0.381,-0.328,0.53737658674189,0,0.328,0.016127845881993
497,"A_threshold",1600,2200,0.55,0.37125,0.834375,0.463125,0.444943820224719,0.463125,0,0.00893730327513849
497,"A_threshold",2200,2800,0.7,0.841363636363636,0.805454545454545,-0.0359090909090909,0.646818181818182,0.158636363636364,0.194545454545455,0.00626342318519996
497,"A_threshold",2800,3400,0.85,0.807857142857143,0.347142857142857,-0.460714285714286,0.429708222811671,0,0.460714285714286,0.0076685159675063
497,"A_threshold",3400,4000,1,0.338823529411765,0.00676470588235294,-0.332058823529412,0.0199652777777778,0,0.332058823529412,0.00600526179121452
497,"B_smooth_logistic",1000,1600,0.4,0.738,0.749,0.011,0.985313751668892,0.011,0,0.00363011719690763
497,"B_smooth_logistic",1600,2200,0.55,0.741875,0.756875,0.015,0.98018166804294,0.015,0,0.00146370816198185
497,"B_smooth_logistic",2200,2800,0.7,0.753636363636364,0.767727272727273,0.014090909090909,0.981645944345767,0.0140909090909091,0,0.00478306932400562
497,"B_smooth_logistic",2800,3400,0.85,0.77,0.924285714285714,0.154285714285714,0.833075734157651,0.154285714285714,0,0.00728324570754964
497,"B_smooth_logistic",3400,4000,1,0.924705882352941,0.965,0.0402941176470588,0.958244437671442,0.0402941176470588,0,0.00232895936200174
498,"A_threshold",1000,1600,0.4,0.145,0.284,0.139,0.51056338028169,0.139,0,0.0120082906258101
498,"A_threshold",1600,2200,0.55,0.294375,0.25625,-0.038125,0.870488322717622,0,0.038125,0.00232516542538434
498,"A_threshold",2200,2800,0.7,0.252272727272727,0.24,-0.0122727272727273,0.951351351351351,0,0.0122727272727273,0.00587759742084594
498,"A_threshold",2800,3400,0.85,0.238928571428571,0.494642857142857,0.255714285714286,0.483032490974729,0.255714285714286,0,0.00842865071139736
498,"A_threshold",3400,4000,1,0.496176470588235,0.356470588235294,-0.139705882352941,0.718435091879075,0,0.139705882352941,0.00561169965136418
498,"B_smooth_logistic",1000,1600,0.4,0.793,1,0.207,0.793,0.207,0,0.00943292089255511
498,"B_smooth_logistic",1600,2200,0.55,1,1,0,1,0,0,0.00980248890291924
498,"B_smooth_logistic",2200,2800,0.7,1,1,0,1,0,0,0.00759747679897278
498,"B_smooth_logistic",2800,3400,0.85,1,1,0,1,0,0,0.00742577153278835
498,"B_smooth_logistic",3400,4000,1,1,1,0,1,0,0,0.00191114965899379
499,"A_threshold",1000,1600,0.4,0,0,0,1,0,0,0.0152635915892814
499,"A_threshold",1600,2200,0.55,0,0.25125,0.25125,0,0.25125,0,0.0161636931920557
499,"A_threshold",2200,2800,0.7,0.245909090909091,0.197727272727273,-0.0481818181818182,0.804066543438078,0,0.0481818181818182,0.00170193753563172
499,"A_threshold",2800,3400,0.85,0.197142857142857,0.08,-0.117142857142857,0.405797101449275,0,0.117142857142857,0.00313705698205973
499,"A_threshold",3400,4000,1,0.0791176470588235,0,-0.0791176470588235,0,0,0.0791176470588235,0.00704346845084401
499,"B_smooth_logistic",1000,1600,0.4,1,0.733,-0.267,0.733,0,0.267,0.0118129427998527
499,"B_smooth_logistic",1600,2200,0.55,0.731875,0.596875,-0.135,0.815542271562767,0,0.135,0.00869619727794516
499,"B_smooth_logistic",2200,2800,0.7,0.598636363636364,0.607727272727273,0.00909090909090915,0.985041136873598,0.00909090909090909,0,0.00594197921959021
499,"B_smooth_logistic",2800,3400,0.85,0.612142857142857,0.611428571428571,-0.000714285714285667,0.998833138856476,0,0.000714285714285714,0.00140702405740046
499,"B_smooth_logistic",3400,4000,1,0.614411764705882,0.643823529411765,0.0294117647058824,0.954317039744175,0.0294117647058824,0,0.00335697873895557
500,"A_threshold",1000,1600,0.4,0.729,1,0.271,0.729,0.271,0,0.0124129556376149
500,"A_threshold",1600,2200,0.55,1,0.568125,-0.431875,0.568125,0,0.431875,0.00918325394015543
500,"A_threshold",2200,2800,0.7,0.570454545454545,0.715454545454545,0.145,0.797331639135959,0.145,0,0.00382985616681966
500,"A_threshold",2800,3400,0.85,0.717142857142857,0.330714285714286,-0.386428571428571,0.461155378486056,0,0.386428571428571,0.0108601893159222
500,"A_threshold",3400,4000,1,0.327058823529412,0.200882352941176,-0.126176470588235,0.614208633093525,0,0.126176470588235,0.00626410761426021
500,"B_smooth_logistic",1000,1600,0.4,0.613,0.576,-0.037,0.939641109298532,0,0.037,0.0139061234903105
500,"B_smooth_logistic",1600,2200,0.55,0.560625,0.675,0.114375,0.830555555555556,0.114375,0,0.0101329087425274
500,"B_smooth_logistic",2200,2800,0.7,0.675909090909091,0.693181818181818,0.0172727272727273,0.975081967213115,0.0172727272727273,0,0.00303293546918814
500,"B_smooth_logistic",2800,3400,0.85,0.685,0.696785714285714,0.0117857142857142,0.983085597129677,0.0117857142857143,0,0.00257573490599328
500,"B_smooth_logistic",3400,4000,1,0.7,0.686470588235294,-0.0135294117647058,0.980672268907563,0,0.0135294117647059,0.00171860557883561
