"replicate","scenario","interim_n","information_fraction","ATE_hat","mean_CATE_hat","sd_CATE_hat","min_CATE_hat","max_CATE_hat","fraction_negative_CATE","fraction_CATE_meaningfully_harmed","mean_true_CATE"
1,"A_threshold",1000,0.25,-0.0117011701170117,-0.011051326116211,0.0407402439622624,-0.103360733220396,0.163545406912589,0.654,0.47,-0.0098
1,"A_threshold",1600,0.4,-0.0189248320050008,-0.0184594561126787,0.0431569692395796,-0.113506670818275,0.16470224726021,0.695,0.544375,-0.010125
1,"A_threshold",2200,0.55,-0.0065479392958176,-0.006205498122761,0.0434317375577077,-0.122154696289521,0.164571362048667,0.590909090909091,0.405,-0.0101636363636364
1,"A_threshold",2800,0.7,-0.00400013061650993,-0.00377234852639979,0.0250237868515706,-0.0710210674445996,0.102086162684374,0.588214285714286,0.268571428571429,-0.0101714285714286
1,"A_threshold",3400,0.85,0.0010721062388762,0.00121738495037898,0.0277205026961391,-0.0750096215351063,0.117280915063454,0.515294117647059,0.224117647058824,-0.0101647058823529
1,"A_threshold",4000,1,0.00137637421777316,0.00175536657617486,0.0279820229941796,-0.0657633434830958,0.162192139248264,0.5195,0.22475,-0.01027
1,"B_smooth_logistic",1000,0.25,-0.0504395446029687,-0.0501462592987557,0.00108551794735636,-0.0515240407072949,-0.0477807658842146,1,1,-0.0378432539487629
1,"B_smooth_logistic",1600,0.4,-0.0428969943316139,-0.0427537675160082,0.00511139385468291,-0.0508870630930638,-0.0330837146259652,1,1,-0.0377166712521507
1,"B_smooth_logistic",2200,0.55,-0.0344288842541731,-0.0342455476303137,0.00557310773453425,-0.042975986448556,-0.0236543010089619,1,1,-0.0373208920931609
1,"B_smooth_logistic",2800,0.7,-0.0356506648174144,-0.0355990469380423,0.0119617833043608,-0.0556078315861365,-0.0140882978391951,1,0.871785714285714,-0.0374466593120928
1,"B_smooth_logistic",3400,0.85,-0.0335954463273904,-0.0335554651569926,0.0110203717791512,-0.0518217635130555,-0.0135384368640893,1,0.850882352941176,-0.0373586250951043
1,"B_smooth_logistic",4000,1,-0.0378965696221394,-0.0379041292752076,0.0165945774700646,-0.0662729437083056,-0.00877752793881301,1,0.81,-0.0373020988692602
2,"A_threshold",1000,0.25,-0.00621553884711779,-0.00605872960395862,0.0155578412624934,-0.050748803447737,0.0375646958053559,0.627,0.181,-0.00988
2,"A_threshold",1600,0.4,-0.011300847954359,-0.0112836535942563,0.0206667242544555,-0.070821706262293,0.0587927358266025,0.699375,0.3425,-0.0101
2,"A_threshold",2200,0.55,-0.0111991229861462,-0.0111945633617666,0.0198884950356271,-0.0724008821162109,0.0562694402082429,0.708181818181818,0.334090909090909,-0.00989090909090909
2,"A_threshold",2800,0.7,-0.00829663598732826,-0.00827800462128561,0.0248410159616738,-0.0847642234478079,0.0789022892897581,0.629642857142857,0.323214285714286,-0.0100285714285714
2,"A_threshold",3400,0.85,-0.00520461229169089,-0.00512207933800702,0.0202327404550254,-0.0666155611839398,0.0882278202141203,0.611470588235294,0.235,-0.0100705882352941
2,"A_threshold",4000,1,-0.00495933812814366,-0.00492244777652453,0.0137437456864321,-0.0464013287948672,0.0573637699880141,0.64925,0.13525,-0.01016
2,"B_smooth_logistic",1000,0.25,-0.0409854754771172,-0.0396176103214973,0.00908951970355663,-0.0512244613094945,-0.0193201461263034,1,0.991,-0.0367875267593859
2,"B_smooth_logistic",1600,0.4,-0.0523130154294796,-0.0514756882717263,0.00299917591199298,-0.0567840645086657,-0.0464650275199828,1,1,-0.0365433134287401
2,"B_smooth_logistic",2200,0.55,-0.0539193797526552,-0.0537560362622417,0.00492079753592813,-0.0625513266898229,-0.0455259317612846,1,1,-0.0368254676570453
2,"B_smooth_logistic",2800,0.7,-0.0581343131251276,-0.0578710858991877,0.0121263711100021,-0.0798233595650561,-0.0376311331356606,1,1,-0.0368966189880997
2,"B_smooth_logistic",3400,0.85,-0.0535231580739414,-0.0531608293754107,0.0204584037947332,-0.0904699231225938,-0.0193347950330464,1,0.989705882352941,-0.0370105543653515
2,"B_smooth_logistic",4000,1,-0.0492674976668278,-0.0488528195270631,0.0148695086994209,-0.0769910481069614,-0.0250865294443363,1,1,-0.0368986874763205
3,"A_threshold",1000,0.25,-0.0522492886557094,-0.0516856349168088,0.0338195645186699,-0.185300070474431,0.0334594746359975,0.966,0.833,-0.01088
3,"A_threshold",1600,0.4,-0.0344075232366047,-0.0343393230387335,0.0195837243645028,-0.0978014529014777,0.0307250810528516,0.969375,0.755625,-0.0109
3,"A_threshold",2200,0.55,-0.0256363848234585,-0.0254382075987759,0.0178338511904112,-0.0968156566351219,0.0294478106617381,0.932272727272727,0.597727272727273,-0.0104727272727273
3,"A_threshold",2800,0.7,-0.0129989862239726,-0.013045694491048,0.0216801454609668,-0.0895784441688393,0.0657782935316778,0.721785714285714,0.382142857142857,-0.0105285714285714
3,"A_threshold",3400,0.85,-0.0123157405552274,-0.0124043913645832,0.0162984132161804,-0.0665011444442749,0.0499604616134148,0.775882352941176,0.331764705882353,-0.0105647058823529
3,"A_threshold",4000,1,-0.0127642042272676,-0.0128877535624118,0.0169522885269997,-0.0638648701095434,0.0585224726622153,0.78275,0.3565,-0.01063
3,"B_smooth_logistic",1000,0.25,-0.0607979097578133,-0.0606602758359757,0.0237515409253309,-0.101732853867702,-0.0178223955714123,1,0.973,-0.0370770430914588
3,"B_smooth_logistic",1600,0.4,-0.0445930461896801,-0.0447099270850409,0.0109718858714956,-0.0628571884483319,-0.0244458692431692,1,1,-0.0367559480510904
3,"B_smooth_logistic",2200,0.55,-0.0439031491979145,-0.0438937128361633,0.0152150290241358,-0.0719747477330188,-0.0182860681461558,1,0.968636363636364,-0.0366341427295468
3,"B_smooth_logistic",2800,0.7,-0.0337462208671914,-0.033731331207059,0.0142451472539236,-0.0607276803569805,-0.0107933234630607,1,0.783214285714286,-0.0366662858878586
3,"B_smooth_logistic",3400,0.85,-0.0334650798940629,-0.0335068860219804,0.0104012654684209,-0.0535005605354675,-0.0171287382440472,1,0.894411764705882,-0.0364743040679109
3,"B_smooth_logistic",4000,1,-0.0403358083564033,-0.0402722684082614,0.0070134640391776,-0.0532518211831479,-0.0288550093432498,1,1,-0.0365968861822599
4,"A_threshold",1000,0.25,0.00820647242665591,0.00934175359227721,0.0105264118530713,-0.011195880577816,0.0578064392628994,0.184,0,-0.01068
4,"A_threshold",1600,0.4,0.00252120208657695,0.00359566053166252,0.00853921574829122,-0.0153353241918181,0.0396056812591081,0.379375,0,-0.010525
4,"A_threshold",2200,0.55,-0.00392394075527999,-0.00360980775676049,0.000654815174677799,-0.00475766772619555,-0.000608586185210466,1,0,-0.0102363636363636
4,"A_threshold",2800,0.7,-0.00457108791994573,-0.00457026920224422,0.00588347202552948,-0.0215774131815726,0.0204479361133483,0.791071428571429,0.000714285714285714,-0.0101571428571429
4,"A_threshold",3400,0.85,-0.00712670494028879,-0.00711910456064886,0.0127265340918918,-0.0448472412419972,0.0469542813733997,0.726470588235294,0.153529411764706,-0.01
4,"A_threshold",4000,1,-0.00130330861242044,-0.00123040422174998,0.0137389120666017,-0.044886790403965,0.0539679585632942,0.5535,0.08,-0.0102
4,"B_smooth_logistic",1000,0.25,-0.0347361549951744,-0.0328048102606343,0.0448389695949052,-0.123962648082098,0.0311684870340122,0.709,0.536,-0.0375522999834085
4,"B_smooth_logistic",1600,0.4,-0.04034165427826,-0.0398306207458766,0.045505009223212,-0.124626866870754,0.0343902378660809,0.7475,0.618125,-0.037199871264493
4,"B_smooth_logistic",2200,0.55,-0.0284303394698238,-0.0282512780827993,0.0396969819257452,-0.0996925424854952,0.0392252498151469,0.713181818181818,0.546818181818182,-0.0372247837196055
4,"B_smooth_logistic",2800,0.7,-0.0324033799355994,-0.0323350441212741,0.0331226403683318,-0.0912957755949863,0.0240481414793215,0.782857142857143,0.608214285714286,-0.0372384775462093
4,"B_smooth_logistic",3400,0.85,-0.0300173262727128,-0.0299549262166759,0.0283866347251821,-0.0780009373013549,0.0201012381839084,0.802647058823529,0.609705882352941,-0.0372620459020903
4,"B_smooth_logistic",4000,1,-0.0350304735114862,-0.0349766404370116,0.0232786988238867,-0.0745456096872909,0.00587383552745137,0.9265,0.69475,-0.0372983185961811
5,"A_threshold",1000,0.25,0.0130011702656343,0.0128293406185718,0.0228157758647226,-0.0475501932624548,0.104627674228994,0.302,0.059,-0.00936
5,"A_threshold",1600,0.4,0.0234835586948263,0.0234003201609908,0.00616331877546852,0.00686966918038324,0.0535404334195207,0,0,-0.0093
5,"A_threshold",2200,0.55,0.00902553930076866,0.0089757071017708,0.00666521378330524,-0.0111148297725994,0.0393609357399765,0.0895454545454545,0,-0.00941818181818182
5,"A_threshold",2800,0.7,0.00216799098311682,0.00223188806481263,0.00371328386254079,-0.00690099902701242,0.0226895994629118,0.293928571428571,0,-0.00955714285714286
5,"A_threshold",3400,0.85,0.000775099647018232,0.000853744788594967,1.70310285663327e-05,0.000762805316158514,0.00087248239368222,0,0,-0.00977647058823529
5,"A_threshold",4000,1,-0.00336912128836639,-0.00335351211603232,0.00447843906352092,-0.0149393775439099,0.0206619015033062,0.789,0,-0.00972
5,"B_smooth_logistic",1000,0.25,-0.0456140350877193,-0.0456819373976607,0.0403067242330793,-0.114721695912343,0.0254718552348384,0.826,0.69,-0.0371395367614522
5,"B_smooth_logistic",1600,0.4,-0.0489783653846154,-0.0486617179842595,0.0387942457335432,-0.110722789149773,0.0253755087089632,0.851875,0.73,-0.0371820536082708
5,"B_smooth_logistic",2200,0.55,-0.0509003557747427,-0.0510660019907263,0.0337549092791196,-0.110884910726688,0.00678214061455926,0.938636363636364,0.767727272727273,-0.0373815087619842
5,"B_smooth_logistic",2800,0.7,-0.0500465853738272,-0.0501137147407044,0.0259425989494672,-0.0955306031914623,-0.00573715507639126,1,0.834285714285714,-0.0372129692074085
5,"B_smooth_logistic",3400,0.85,-0.0493795343320641,-0.0494336785549957,0.0270612843161127,-0.0976163987424698,-0.00405383384152458,1,0.811176470588235,-0.0371928369673697
5,"B_smooth_logistic",4000,1,-0.0493474650221682,-0.0493315213963857,0.0247119616633179,-0.0933946152315248,-0.00769476795564816,1,0.84275,-0.0371931705642857
6,"A_threshold",1000,0.25,-0.00481217323823659,-0.00454345239933043,0.0272062528641571,-0.0830750035672406,0.0947739119671831,0.562,0.297,-0.01076
6,"A_threshold",1600,0.4,-0.0025,-0.00256671093501893,0.0231964917679881,-0.0881726852146559,0.0669708231470195,0.513125,0.224375,-0.01035
6,"A_threshold",2200,0.55,-0.0212728855008013,-0.0212551248390139,0.0015364831921654,-0.0259032369490344,-0.0153305492072631,1,0.792272727272727,-0.0105636363636364
6,"A_threshold",2800,0.7,-0.0115047918774577,-0.0115071098042924,0.00725649976476941,-0.0341473344976935,0.0174606498718525,0.942857142857143,0.123214285714286,-0.0106571428571429
6,"A_threshold",3400,0.85,-0.0181261773503061,-0.0181767013695512,0.0139007841154222,-0.0603455096077596,0.0386795796088306,0.900588235294118,0.456176470588235,-0.0104588235294118
6,"A_threshold",4000,1,-0.0229010057252514,-0.0229404493555369,0.0168145801767842,-0.0732753498082599,0.0465215896787432,0.90975,0.58075,-0.01032
6,"B_smooth_logistic",1000,0.25,-0.0270927780600915,-0.0271462190087678,0.000139875338833788,-0.027378862806292,-0.026900256622964,1,1,-0.0376840403677316
6,"B_smooth_logistic",1600,0.4,-0.039084744331641,-0.0389037624207662,0.010089725001152,-0.0553051697732635,-0.0202359831124429,1,1,-0.0376150553894427
6,"B_smooth_logistic",2200,0.55,-0.0395799650191271,-0.0394281715212175,0.0200134156239747,-0.0715995936173724,-0.00247280169111752,1,0.775909090909091,-0.0378223934755761
6,"B_smooth_logistic",2800,0.7,-0.0379586581899066,-0.0379637408351698,0.0206209323598659,-0.0730272464361287,-0.00203546386412938,1,0.748928571428571,-0.0375820505809299
6,"B_smooth_logistic",3400,0.85,-0.0374354404754695,-0.0374385661182523,0.0181275674733728,-0.068277363731484,-0.00569995946943966,1,0.772941176470588,-0.0376960432836424
6,"B_smooth_logistic",4000,1,-0.0347462237583205,-0.034716074313384,0.0150196661825722,-0.0602593406260825,-0.0083876898672107,1,0.778,-0.0376316778554515
7,"A_threshold",1000,0.25,-0.0243618745086714,-0.0233724506750511,0.0315597391236724,-0.091889913238908,0.137642940949826,0.808,0.603,-0.01064
7,"A_threshold",1600,0.4,-0.0316172640398204,-0.0309073777574024,0.0207957899938878,-0.081305530364724,0.0697933493480403,0.915625,0.729375,-0.01
7,"A_threshold",2200,0.55,-0.0202382841426002,-0.0198346104018275,0.0135655630373348,-0.0565326874066252,0.0383462717433669,0.915909090909091,0.524545454545455,-0.00992727272727273
7,"A_threshold",2800,0.7,-0.0185714285714286,-0.0183789634095606,0.0130282616825864,-0.0553232294417667,0.0358059161575008,0.9125,0.474285714285714,-0.00988571428571429
7,"A_threshold",3400,0.85,-0.00700658301124231,-0.00690279968651951,0.0107107764792859,-0.0364489548503585,0.0393385380392567,0.755294117647059,0.100588235294118,-0.00990588235294118
7,"A_threshold",4000,1,-0.0157477716408104,-0.0156622809420842,0.0148290388035695,-0.0598696881491924,0.0442902403939108,0.8565,0.396,-0.00988
7,"B_smooth_logistic",1000,0.25,-0.00949274520253728,-0.00919730702329017,0.00753672955246527,-0.0216010452222846,0.00456367336905317,0.853,0.076,-0.0372726441077951
7,"B_smooth_logistic",1600,0.4,-0.0178441961049026,-0.0177023288841486,0.00751739219688629,-0.0301890134741001,-0.0043012138650582,1,0.426875,-0.0371886270386625
7,"B_smooth_logistic",2200,0.55,-0.0173325926807655,-0.0172915758021877,0.0210316356785809,-0.0533889505970767,0.0195280894077118,0.741818181818182,0.462272727272727,-0.0370179378236695
7,"B_smooth_logistic",2800,0.7,-0.0258176437573346,-0.0259398392279785,0.0194817676235067,-0.0604432920035965,0.00682304381328934,0.891785714285714,0.578214285714286,-0.0369324632956471
7,"B_smooth_logistic",3400,0.85,-0.0241176470588235,-0.024112238656801,0.0273522583980341,-0.0709308898403602,0.0239096064868216,0.756764705882353,0.549117647058823,-0.0370872675399559
7,"B_smooth_logistic",4000,1,-0.0270273175763567,-0.0270024313110167,0.0257784608899182,-0.0706749225901754,0.0188365033222306,0.802,0.577,-0.0372892628933151
8,"A_threshold",1000,0.25,-0.0130433390948083,-0.0126520929132693,0.0204255974017076,-0.047175137565257,0.080543477062841,0.793,0.442,-0.0094
8,"A_threshold",1600,0.4,-0.00786588570999475,-0.00768044487775923,0.0117014456755895,-0.0376306707584605,0.0363222346767148,0.773125,0.125,-0.0096
8,"A_threshold",2200,0.55,-0.00364595691487558,-0.00336071658586949,0.00182425483361768,-0.00723763239851031,0.00431627415362509,0.945454545454545,0,-0.0102181818181818
8,"A_threshold",2800,0.7,0.00140818031243425,0.00179085927168113,0.0050972953419461,-0.0107769493866865,0.0252974914777619,0.400357142857143,0,-0.0100857142857143
8,"A_threshold",3400,0.85,-0.00505291118869787,-0.00487935095027178,0.000450432465536974,-0.00665058574652405,-0.00348994223586285,1,0,-0.0102117647058824
8,"A_threshold",4000,1,-0.00649265022886167,-0.0062998903018116,0.0060898671055149,-0.0222670683126623,0.0206663346045656,0.8465,0.00175,-0.01013
8,"B_smooth_logistic",1000,0.25,-0.00201344435353196,-0.00207076028313446,0.0213693470934933,-0.0347579155686017,0.0405437957258176,0.55,0.265,-0.0382680392357755
8,"B_smooth_logistic",1600,0.4,-0.0136068884872967,-0.0136725214100931,0.0145304473946229,-0.0378956727218953,0.0126561138497775,0.7725,0.37875,-0.0376986640756481
8,"B_smooth_logistic",2200,0.55,-0.0184376034425687,-0.0183272481566997,0.0117690163181757,-0.0387483704734583,0.00221693809221456,0.948181818181818,0.457272727272727,-0.0379249751840559
8,"B_smooth_logistic",2800,0.7,-0.0181183623458135,-0.0179231254278206,0.000345331666233145,-0.0184911507950863,-0.0172951872576323,1,0,-0.0378645730106537
8,"B_smooth_logistic",3400,0.85,-0.0235864157473502,-0.0232525277771994,0.00235371274238548,-0.0274357686539226,-0.0193192973212698,1,0.910882352941176,-0.03767032128311
8,"B_smooth_logistic",4000,1,-0.0257295048576975,-0.0255813894166456,0.0102157622475635,-0.0440330765442596,-0.00863696897437179,1,0.65175,-0.0375258205564283
9,"A_threshold",1000,0.25,0.00396928604867977,0.00396794840942093,0.0165443428334541,-0.0495327155945838,0.0706735153535468,0.424,0.077,-0.00988
9,"A_threshold",1600,0.4,-0.00125,-0.00138443383264029,0.0151003323693442,-0.0466992865980738,0.0653353151828908,0.544375,0.111875,-0.01005
9,"A_threshold",2200,0.55,0.00254548820480271,0.00251653172970329,0.019589223032646,-0.0497940152409398,0.0986564507962522,0.472272727272727,0.121363636363636,-0.0100727272727273
9,"A_threshold",2800,0.7,0.000141836807059606,0.000147512880846273,0.0187614320470864,-0.0488337944453888,0.0937537646383023,0.518571428571429,0.143214285714286,-0.0101428571428571
9,"A_threshold",3400,0.85,-0.00234777117449113,-0.0021497223907365,0.0201739876538258,-0.055550349574144,0.0984244444256461,0.564705882352941,0.197647058823529,-0.0101176470588235
9,"A_threshold",4000,1,0.00229359690446922,0.00249095350014474,0.0193210311424411,-0.0450602672499033,0.104102553089279,0.478,0.11225,-0.00995
9,"B_smooth_logistic",1000,0.25,-0.0582193015125485,-0.0574403618892656,0.00341905133563777,-0.0631912402759473,-0.0513795883795164,1,1,-0.0372254388785773
9,"B_smooth_logistic",1600,0.4,-0.0511827956989247,-0.0505600918510017,0.00491071204974344,-0.0594125128867364,-0.0424753352490065,1,1,-0.0372547095721529
9,"B_smooth_logistic",2200,0.55,-0.0477159880834161,-0.0472203511247515,0.0184699925075486,-0.0828066285713213,-0.0185430619927139,1,0.962727272727273,-0.0370291198503933
9,"B_smooth_logistic",2800,0.7,-0.0479301720177633,-0.0475182616694416,0.0172533679538663,-0.0810718717821698,-0.0207856649483141,1,1,-0.0370202020924258
9,"B_smooth_logistic",3400,0.85,-0.0478077496640584,-0.0476496816457948,0.02185238729337,-0.0886240463197745,-0.0127171137624439,1,0.872352941176471,-0.0371679315244018
9,"B_smooth_logistic",4000,1,-0.0470267718551471,-0.0469255551802068,0.0194676339548735,-0.0842875350531616,-0.016458672081551,1,0.92525,-0.037092965503855
10,"A_threshold",1000,0.25,-0.0133392618941752,-0.0130600202773513,0.0149257057185985,-0.0453568399417301,0.0618112103385554,0.829,0.349,-0.00908
10,"A_threshold",1600,0.4,-0.0139448176501013,-0.0139398892061252,0.0113622672965823,-0.0608488641585653,0.0261166208994843,0.88875,0.306875,-0.009275
10,"A_threshold",2200,0.55,-0.0278640176425272,-0.0278756679732606,0.00944892021000198,-0.072061698043703,0.00206447589942392,0.999545454545455,0.795909090909091,-0.00936363636363636
10,"A_threshold",2800,0.7,-0.0230485487232562,-0.0230622309660637,0.0131326549515746,-0.0742956810462378,0.024376401369535,0.950357142857143,0.610714285714286,-0.00954285714285714
10,"A_threshold",3400,0.85,-0.0182724154768418,-0.0182708184802431,0.0114182924001406,-0.0649827472430533,0.0211269754538647,0.939117647058824,0.448529411764706,-0.00951764705882353
10,"A_threshold",4000,1,-0.0136228405710143,-0.0136182903090694,0.0121053735951055,-0.0660750244032669,0.029522832872843,0.8675,0.30025,-0.00953
10,"B_smooth_logistic",1000,0.25,-0.0427454136982352,-0.0427173729325133,0.00343659181341499,-0.0487583173786074,-0.0368477936910631,1,1,-0.0375350028681377
10,"B_smooth_logistic",1600,0.4,-0.0461916431197019,-0.046235883976269,0.000913421782727852,-0.047830070629198,-0.0446790386750349,1,1,-0.0377454316078479
10,"B_smooth_logistic",2200,0.55,-0.051826335328985,-0.0517623572488175,0.000987615020686236,-0.0535206385064457,-0.050095036052297,1,1,-0.0376818673028644
10,"B_smooth_logistic",2800,0.7,-0.0445009493746782,-0.0445228262250851,0.00281441337140239,-0.0494032845108583,-0.0396331064384724,1,1,-0.0374854392371722
10,"B_smooth_logistic",3400,0.85,-0.0447219515436063,-0.0447367935362173,0.00583836444346874,-0.054805441718322,-0.0345926691027504,1,1,-0.0373765761947037
10,"B_smooth_logistic",4000,1,-0.0435836489186344,-0.0436974514950245,0.0025962590162512,-0.0483225766550512,-0.0392841241620731,1,1,-0.0371901936855821
11,"A_threshold",1000,0.25,-0.0090481433289961,-0.00714136360819635,0.0292645194968355,-0.06868555967821,0.134672270270844,0.645,0.369,-0.00984
11,"A_threshold",1600,0.4,-0.0113063775035606,-0.0114308940659489,0.0232591244868395,-0.090220874997789,0.0657020683467836,0.69375,0.35125,-0.010025
11,"A_threshold",2200,0.55,-0.0139340040461028,-0.0136847600506873,0.0153529440492247,-0.0596318666258835,0.0429537867084526,0.813636363636364,0.347272727272727,-0.00961818181818182
11,"A_threshold",2800,0.7,-0.0216072070306119,-0.0211877613994912,0.0123571123567896,-0.0534796983912364,0.029833719827225,0.943928571428571,0.57,-0.00998571428571429
11,"A_threshold",3400,0.85,-0.0257279382341172,-0.0255249445649279,0.0127230131822166,-0.0609832439671738,0.029116564642409,0.966470588235294,0.693823529411765,-0.0100235294117647
11,"A_threshold",4000,1,-0.0209819489058817,-0.0208040109820589,0.0114166499235112,-0.0486354861499129,0.0335590266040458,0.95025,0.574,-0.0101
11,"B_smooth_logistic",1000,0.25,-0.053686975462874,-0.0536849983281349,0.0279269593245449,-0.101516963206577,-0.00602107336471723,1,0.85,-0.0376170724222386
11,"B_smooth_logistic",1600,0.4,-0.0679554756148825,-0.0680757630499005,0.0343563313471402,-0.1276699686209,-0.0101317229399607,1,0.906875,-0.03759341686
11,"B_smooth_logistic",2200,0.55,-0.0603569114399439,-0.0603659004893933,0.0249444018960255,-0.10408878830178,-0.018153886480503,1,0.973181818181818,-0.0374201688370596
11,"B_smooth_logistic",2800,0.7,-0.0484256040444304,-0.048291617069641,0.0139825824908111,-0.0734678091185288,-0.0252171543817592,1,1,-0.0373737494560889
11,"B_smooth_logistic",3400,0.85,-0.042437525761636,-0.042317287559099,0.0200381630937839,-0.0788799385963362,-0.00963000306031721,1,0.829411764705882,-0.0373073841960162
11,"B_smooth_logistic",4000,1,-0.0478532467425299,-0.0478050581221474,0.0206634687996448,-0.0854400082671983,-0.0138207107740514,1,0.899,-0.0373710540855381
12,"A_threshold",1000,0.25,-0.0261797698868637,-0.0258813902982205,0.0137785636533703,-0.04496733660726,0.0363106909768811,0.941,0.736,-0.00932
12,"A_threshold",1600,0.4,-0.00717980463052847,-0.00675082213689403,0.0142408172380003,-0.0374685124776246,0.0642895196238852,0.720625,0.168125,-0.00945
12,"A_threshold",2200,0.55,0.00566221276729388,0.00640050331420118,0.00498325519846027,-0.00573828692468197,0.0317059999986172,0.0754545454545455,0,-0.00965454545454546
12,"A_threshold",2800,0.7,0.00160419949220759,0.00238154327178937,0.0083986191186357,-0.0202229346907814,0.0420458062995453,0.428214285714286,0.000357142857142857,-0.00957142857142857
12,"A_threshold",3400,0.85,0.00640880345355607,0.00731186142627484,0.0051736542564509,-0.00708991792730782,0.0310458083420978,0.0644117647058823,0,-0.00990588235294118
12,"A_threshold",4000,1,0.00191019101910191,0.00295917000327022,0.00779527176730488,-0.0160173200787604,0.0414845340499216,0.388,0,-0.00992
12,"B_smooth_logistic",1000,0.25,-0.00767203068812276,-0.00777511574478153,0.0212951725769168,-0.0450148337833762,0.0283643626622312,0.61,0.336,-0.037630503482742
12,"B_smooth_logistic",1600,0.4,-0.0146169764490375,-0.0148521492054708,0.0312313867463059,-0.0723534872803438,0.0359322200274238,0.633125,0.433125,-0.0375556267877959
12,"B_smooth_logistic",2200,0.55,-0.00682153834202073,-0.00694129231638042,0.0322738074603804,-0.065927441871898,0.0463876374076303,0.553636363636364,0.377272727272727,-0.0373478388626993
12,"B_smooth_logistic",2800,0.7,-0.0147759926854754,-0.014721622824375,0.0332082634696505,-0.0742041655066681,0.0411510394826182,0.633571428571429,0.447142857142857,-0.0376084737376247
12,"B_smooth_logistic",3400,0.85,-0.0211464417045209,-0.0210755581215391,0.0244248988665729,-0.0646423531729061,0.0202091470232756,0.744117647058824,0.503823529411765,-0.0376148028107004
12,"B_smooth_logistic",4000,1,-0.0260744481211913,-0.0260515053675845,0.0229604975380308,-0.066042995442386,0.0135428171279901,0.82675,0.58125,-0.0374814923292341
13,"A_threshold",1000,0.25,0.0054555439309579,0.00541917197469334,0.0183666272323923,-0.0557165094853666,0.0690991807576477,0.387,0.08,-0.00912
13,"A_threshold",1600,0.4,0.0180177359152283,0.0179745228787642,0.0125499444958537,-0.022397469697872,0.0616359053755094,0.069375,0.001875,-0.009275
13,"A_threshold",2200,0.55,0.0143894120675087,0.0144656940167893,0.0158575982844193,-0.0358531956132212,0.0701271738521533,0.182727272727273,0.0131818181818182,-0.00961818181818182
13,"A_threshold",2800,0.7,0.00473470338385727,0.00471467050924526,0.020871478345028,-0.0668139990498692,0.0730048624009253,0.405,0.114642857142857,-0.00994285714285714
13,"A_threshold",3400,0.85,0.00109799159614124,0.0013261350519625,0.0181959875242789,-0.0526921534672115,0.068696132282238,0.485588235294118,0.116176470588235,-0.00985882352941177
13,"A_threshold",4000,1,-0.00390772330597793,-0.00386086684517944,0.0170424986150871,-0.0589076455890019,0.0577966074251814,0.60175,0.1735,-0.00979
13,"B_smooth_logistic",1000,0.25,-0.0306644906318501,-0.0314148016527789,0.0104034442475503,-0.0473920047094185,-0.0115741348217809,1,0.822,-0.0372993320525977
13,"B_smooth_logistic",1600,0.4,-0.0220317472225869,-0.02208799796495,0.00120865525062143,-0.0241142143739281,-0.0199551268418296,1,0.986875,-0.0373906574818637
13,"B_smooth_logistic",2200,0.55,-0.0235455815979325,-0.0236130603472979,0.00285426689783691,-0.0283319254409826,-0.0185627391819462,1,0.855909090909091,-0.0373129923114246
13,"B_smooth_logistic",2800,0.7,-0.022023630934522,-0.0220406768291591,0.00102809287616151,-0.0238382145042351,-0.0203123401256755,1,1,-0.0373540109354846
13,"B_smooth_logistic",3400,0.85,-0.0304214349383516,-0.0304024808542336,0.00838814424949268,-0.0449610662175888,-0.0160236431274634,1,0.857647058823529,-0.0372282399639826
13,"B_smooth_logistic",4000,1,-0.0356933923348084,-0.0356019333590818,0.0128370418613831,-0.0582404501749112,-0.0139561122781223,1,0.8535,-0.0373233480499573
14,"A_threshold",1000,0.25,-0.0067542920820456,-0.00792960906752105,0.0298021339756728,-0.0573267181387444,0.14399492904599,0.662,0.411,-0.00968
14,"A_threshold",1600,0.4,-0.0105617274291973,-0.0110084464367245,0.0140073480030537,-0.0462030347343803,0.0437133574062611,0.79125,0.27125,-0.0097
14,"A_threshold",2200,0.55,-0.000892209800072166,-0.00145590860916259,0.0208302883848038,-0.051825994106072,0.110086376043439,0.571363636363636,0.185909090909091,-0.00978181818181818
14,"A_threshold",2800,0.7,0.00214371462870862,0.00206547310833291,0.0201262359064775,-0.0572428005838544,0.0911677635116244,0.478928571428571,0.131428571428571,-0.00982857142857143
14,"A_threshold",3400,0.85,0.00642376571806522,0.00635034073014768,0.016013799054535,-0.040233048027085,0.0776753115508989,0.359705882352941,0.0438235294117647,-0.00970588235294118
14,"A_threshold",4000,1,0.00601616328200183,0.00593811997566842,0.0170660631352236,-0.041347785658959,0.085247311503504,0.38875,0.05425,-0.00981
14,"B_smooth_logistic",1000,0.25,-0.0422761691046764,-0.0417329844740114,0.00588831965194117,-0.0521452648400202,-0.031883698559979,1,1,-0.0381988275035333
14,"B_smooth_logistic",1600,0.4,-0.0314109865796665,-0.0314885263666439,0.0251576450654735,-0.0758272210581669,0.0102027357188173,0.861875,0.625625,-0.0377795654591729
14,"B_smooth_logistic",2200,0.55,-0.0273093703794616,-0.0273115277734424,0.0174875091244294,-0.0563999389604146,0.00363747842245966,0.944545454545455,0.629545454545455,-0.037697242594998
14,"B_smooth_logistic",2800,0.7,-0.026951075410358,-0.0268156543391529,0.0163717066899418,-0.0559126507398267,0.000311608542931441,0.995,0.613928571428571,-0.0377162882064378
14,"B_smooth_logistic",3400,0.85,-0.0254437208426725,-0.0254039048207789,0.0203523482182942,-0.0600562508527914,0.00980116134781474,0.854411764705882,0.579411764705882,-0.0376837501074954
14,"B_smooth_logistic",4000,1,-0.0258243643175697,-0.0257540511778311,0.0135118642885401,-0.0492329951669545,-0.00261418115429057,1,0.62675,-0.0377305000491447
15,"A_threshold",1000,0.25,-0.0133042128674059,-0.0132497614896353,0.0153724722296222,-0.0543713370250583,0.0369571937477648,0.806,0.352,-0.00932
15,"A_threshold",1600,0.4,-0.00497594076380065,-0.00475886381361584,0.00440636915948832,-0.0205271836399959,0.00762995973434792,0.86875,0.00125,-0.0096
15,"A_threshold",2200,0.55,0.00216690100074436,0.00215485942252122,0.00385435833258167,-0.00953745671833858,0.01485390560346,0.305454545454545,0,-0.00981818181818182
15,"A_threshold",2800,0.7,0.00368815298278861,0.0035575572706724,0.00543119245278713,-0.0130047958975732,0.0252377412266026,0.260714285714286,0,-0.00975714285714286
15,"A_threshold",3400,0.85,0.0033351061472322,0.00323956724354561,0.00875755751811241,-0.0235722419634796,0.0384702063240932,0.378235294117647,0.00117647058823529,-0.00981176470588235
15,"A_threshold",4000,1,6.58283521962066e-05,2.46104697317023e-05,0.00709996299623141,-0.0222092107456296,0.0281081550754473,0.5185,0.001,-0.01002
15,"B_smooth_logistic",1000,0.25,-0.046012073465597,-0.0460881748994585,0.000205463665073298,-0.0463074059307363,-0.0454972699055864,1,1,-0.036655174481923
15,"B_smooth_logistic",1600,0.4,-0.0406105760721966,-0.0402545592943641,0.0116361143048037,-0.0629952870104488,-0.021927825266516,1,1,-0.0368697711398562
15,"B_smooth_logistic",2200,0.55,-0.040719696969697,-0.0408114384512882,0.00783487725394134,-0.0560993213438296,-0.0285609281867807,1,1,-0.0368547806806522
15,"B_smooth_logistic",2800,0.7,-0.0478225311797179,-0.0478318096748837,0.01651016154387,-0.0817805014172601,-0.0236496088057465,1,1,-0.0367542332836718
15,"B_smooth_logistic",3400,0.85,-0.0439759036144578,-0.0440924833071038,0.0175397535754958,-0.079925063550372,-0.0183334324215534,1,0.953235294117647,-0.0367588391400925
15,"B_smooth_logistic",4000,1,-0.0411863443755777,-0.0411358365795461,0.0153156423124728,-0.0717821168771048,-0.0180634412623631,1,0.944,-0.0367102491415484
16,"A_threshold",1000,0.25,-0.0170293510111928,-0.0186560772838802,0.00141493310225962,-0.0205245261771983,-0.0126272653101638,1,0.139,-0.0096
16,"A_threshold",1600,0.4,-0.00862577007429917,-0.00894346508468435,0.00892423129747917,-0.041771345676906,0.0237708234133155,0.84,0.1,-0.010025
16,"A_threshold",2200,0.55,-0.0175487177367692,-0.0177598025827826,0.0133362190973449,-0.0653851019441676,0.0313146719987507,0.906363636363636,0.443636363636364,-0.00990909090909091
16,"A_threshold",2800,0.7,-0.016885748746426,-0.0172198210198871,0.0220362196854499,-0.0813189867500789,0.0782109271151678,0.793928571428571,0.49,-0.0101142857142857
16,"A_threshold",3400,0.85,-0.00984918947648154,-0.0101960267548993,0.00853295667921421,-0.0347906829433654,0.0261606981740151,0.877058823529412,0.112352941176471,-0.0100823529411765
16,"A_threshold",4000,1,-0.00990750247687561,-0.010084397782383,0.00756814113419804,-0.0313659727950503,0.0222897499810879,0.89925,0.0805,-0.01005
16,"B_smooth_logistic",1000,0.25,-0.0395956360724652,-0.0401630029073932,0.0228066268214427,-0.0839993362901543,-0.00454859947968075,1,0.752,-0.0372746010012614
16,"B_smooth_logistic",1600,0.4,-0.0376739941621716,-0.0377887301905583,0.00843165765365313,-0.0532947562883379,-0.0238186913124942,1,1,-0.03701707120916
16,"B_smooth_logistic",2200,0.55,-0.0298217308506136,-0.0299845278487662,0.00294873023793369,-0.0352906289917844,-0.0249181074767223,1,1,-0.0371168500523383
16,"B_smooth_logistic",2800,0.7,-0.0280847511933698,-0.0282051704016648,0.00528190437442157,-0.0376762129318958,-0.0190821645207097,1,0.954285714285714,-0.037155362473476
16,"B_smooth_logistic",3400,0.85,-0.032930335442451,-0.03303294285815,0.00374902369882872,-0.0398034774133885,-0.0266487974799672,1,1,-0.0371669495109954
16,"B_smooth_logistic",4000,1,-0.0308351233404934,-0.0309352823112274,0.00571375906624227,-0.0403977215061415,-0.0203279357000647,1,1,-0.0372225278942926
17,"A_threshold",1000,0.25,0.000976191333501367,-0.000174072975786595,0.00339497671482444,-0.00982443107734914,0.0140506992259091,0.549,0,-0.01044
17,"A_threshold",1600,0.4,0.0212443261685005,0.0210259343861781,0.00866464204180356,-0.0053760236089532,0.0542561245434332,0.003125,0,-0.010225
17,"A_threshold",2200,0.55,0.0114892941794849,0.011146909267746,0.0133361329851692,-0.0243990548663467,0.0654124357312605,0.206818181818182,0.000909090909090909,-0.0100909090909091
17,"A_threshold",2800,0.7,-0.000225033180912895,-0.000450063512522166,0.0136226575175107,-0.046243705964874,0.0476131331075526,0.530714285714286,0.0717857142857143,-0.0102285714285714
17,"A_threshold",3400,0.85,-0.00891222174393867,-0.00920184206839281,0.00910287154807996,-0.0368897008415971,0.0249463074904476,0.844411764705882,0.112647058823529,-0.0100941176470588
17,"A_threshold",4000,1,-0.0117961887390198,-0.0120758105923166,0.0130555907254425,-0.0513388988890409,0.037109634422379,0.8265,0.2855,-0.01006
17,"B_smooth_logistic",1000,0.25,-0.0256644215800447,-0.0257164650841026,0.0153547481542974,-0.0524182765086275,0.000982986162177998,0.983,0.628,-0.0373959059411617
17,"B_smooth_logistic",1600,0.4,-0.0303163835981192,-0.0303451048544592,0.0216544797164266,-0.0660913487583027,0.00954790407642167,0.885,0.651875,-0.037399703808011
17,"B_smooth_logistic",2200,0.55,-0.0288319957935082,-0.0288340472236512,0.0293161409008103,-0.0773957197899721,0.0245101339650372,0.784545454545455,0.610909090909091,-0.0371253455275773
17,"B_smooth_logistic",2800,0.7,-0.0306934881914558,-0.0307732744036292,0.0205438249131718,-0.0638681190422745,0.00701105800987903,0.91,0.669642857142857,-0.0370864195598885
17,"B_smooth_logistic",3400,0.85,-0.0297035221651257,-0.0297878626473642,0.0164835071624708,-0.0560589125502061,0.000761010249004587,0.989411764705882,0.689705882352941,-0.0371049521651048
17,"B_smooth_logistic",4000,1,-0.0340803250507892,-0.0341514640323422,0.0175686761235142,-0.0631381039274272,-0.00243887970099729,1,0.737,-0.0371089279166022
18,"A_threshold",1000,0.25,-0.00228091236494597,-0.00177073049333936,0.00692691394622834,-0.020262796830234,0.0205439886148324,0.639,0.001,-0.01004
18,"A_threshold",1600,0.4,0.008475211880297,0.00863208063076604,0.011431779771985,-0.0225367777031664,0.0502936254592271,0.229375,0.000625,-0.00965
18,"A_threshold",2200,0.55,-0.00198412698412699,-0.00188047507806754,0.0145868385837019,-0.0433835787663678,0.0521051639562829,0.567727272727273,0.105,-0.00965454545454546
18,"A_threshold",2800,0.7,-0.00890803366050891,-0.00867470611494461,0.019847583373716,-0.0652545832107952,0.0663068682046136,0.695,0.293214285714286,-0.00944285714285714
18,"A_threshold",3400,0.85,-0.0177501134256127,-0.0177078685813757,0.0186116061352868,-0.067591641721075,0.0655211409413152,0.832058823529412,0.477941176470588,-0.00958823529411765
18,"A_threshold",4000,1,-0.0202980302472114,-0.0203306737237292,0.0169349257774389,-0.0681859706014418,0.0600875960447424,0.8775,0.548,-0.00977
18,"B_smooth_logistic",1000,0.25,-0.0523362093448374,-0.0523389072767143,0.0380574884668228,-0.113590135498272,0.0206203831318478,0.887,0.752,-0.0379160161601985
18,"B_smooth_logistic",1600,0.4,-0.0545576139403485,-0.05465082609886,0.0392316318916058,-0.117401764067619,0.0222491209542773,0.884375,0.768125,-0.0379300930759402
18,"B_smooth_logistic",2200,0.55,-0.0518181818181818,-0.051855998183346,0.0253627288020699,-0.0965172075533134,-0.00760425753804592,1,0.860454545454545,-0.0374807261931696
18,"B_smooth_logistic",2800,0.7,-0.0602814204624612,-0.0604562263006721,0.0319820924705701,-0.11904925401555,-0.0071309328192684,1,0.871785714285714,-0.037406691229965
18,"B_smooth_logistic",3400,0.85,-0.0536953067472775,-0.0538606856022813,0.0261296097695195,-0.101795895695881,-0.0112842176223076,1,0.885588235294118,-0.0372332052804355
18,"B_smooth_logistic",4000,1,-0.0509318739154555,-0.0510237651390491,0.0241646963138613,-0.0952019323018963,-0.0116175637635827,1,0.8805,-0.0371478453606366
19,"A_threshold",1000,0.25,-0.0168633996581689,-0.0168558847996132,0.0436142113887562,-0.14394602210141,0.132233147563874,0.652,0.47,-0.0098
19,"A_threshold",1600,0.4,-0.0102760276027603,-0.0104358519365698,0.0120852115907717,-0.0426344147275885,0.0425853057014546,0.814375,0.22,-0.009625
19,"A_threshold",2200,0.55,-0.0139412332553127,-0.0141734632730661,0.00121857760379928,-0.0169454659542735,-0.00771604126619935,1,0,-0.00947272727272727
19,"A_threshold",2800,0.7,-0.0107142857142857,-0.0108781319071306,0.00879038666706702,-0.046915859456407,0.0148121790145611,0.8975,0.145,-0.00948571428571429
19,"A_threshold",3400,0.85,-0.0172336043518,-0.0172586874137897,0.00496886563993347,-0.0374772293482758,-0.000473614184527738,1,0.278823529411765,-0.00962352941176471
19,"A_threshold",4000,1,-0.0158866429797868,-0.015909182736013,0.00229704823840859,-0.0240119254806434,-0.00572458654169883,1,0.0375,-0.00957
19,"B_smooth_logistic",1000,0.25,-0.0187831866398565,-0.0184979785439469,0.00966497390389593,-0.0383365775299879,-0.0036528310015075,1,0.424,-0.0374775580442595
19,"B_smooth_logistic",1600,0.4,-0.0214161392776216,-0.0212907485026961,0.000913327854064359,-0.0223916863840605,-0.0191403201701527,1,0.878125,-0.0372440112768954
19,"B_smooth_logistic",2200,0.55,-0.0271072378608012,-0.0271820095699139,0.00183256972923696,-0.0298204528966643,-0.0233923148954814,1,1,-0.0369878530535219
19,"B_smooth_logistic",2800,0.7,-0.0342343666358957,-0.0342935687344704,0.00345237261721887,-0.0395515957687054,-0.0275019094727419,1,1,-0.0370870928526298
19,"B_smooth_logistic",3400,0.85,-0.0341744948599787,-0.0341764762316295,0.0034823949064152,-0.0396661244244415,-0.0275407541998207,1,1,-0.037019144346684
19,"B_smooth_logistic",4000,1,-0.0340596183401639,-0.034042741757819,0.00454661419254776,-0.042442865579682,-0.026641392648984,1,1,-0.0369358919189223
20,"A_threshold",1000,0.25,-0.0276497695852534,-0.0277697995167646,0.00379656604030801,-0.0419120047720773,-0.0162183854888638,1,0.98,-0.00912
20,"A_threshold",1600,0.4,-0.0241241779400365,-0.0241075661882311,0.0184811815135496,-0.0891927964619598,0.0353189331748519,0.909375,0.581875,-0.0093
20,"A_threshold",2200,0.55,-0.0165948869003786,-0.0166241618878277,0.0237647475111077,-0.0862045527950124,0.0728919981763754,0.770909090909091,0.455454545454545,-0.00943636363636364
20,"A_threshold",2800,0.7,-0.0133092108351242,-0.013375689788982,0.0284740601929726,-0.0967890550776427,0.105017831137504,0.701428571428571,0.426428571428571,-0.00952857142857143
20,"A_threshold",3400,0.85,-0.00831862694210873,-0.00846636748283617,0.0198496390313842,-0.059509871889786,0.0806303010387998,0.695882352941177,0.294705882352941,-0.00954117647058824
20,"A_threshold",4000,1,-0.00876859359680374,-0.00889250422705273,0.019275636147147,-0.0579265509918964,0.0936035543357227,0.70875,0.29925,-0.00966
20,"B_smooth_logistic",1000,0.25,-0.0483273904569812,-0.0483673212245299,0.053165504729335,-0.133762329310975,0.0514921334954042,0.771,0.684,-0.0377602567850737
20,"B_smooth_logistic",1600,0.4,-0.0531397416031985,-0.0532653675790213,0.0361322456275472,-0.113781156777389,0.0110173712141684,0.9125,0.766875,-0.0378085879350995
20,"B_smooth_logistic",2200,0.55,-0.0495217821683843,-0.0495711095066539,0.0195350428046951,-0.0832465335886368,-0.0159426384961049,1,0.934545454545455,-0.0372754272234513
20,"B_smooth_logistic",2800,0.7,-0.0437547892720307,-0.0438074848446518,0.0201109204958603,-0.0791817279117331,-0.0102054582451901,1,0.847857142857143,-0.0373101742395657
20,"B_smooth_logistic",3400,0.85,-0.0372643650227391,-0.0373476110583405,0.0210302339705352,-0.073792390156384,-0.00163525727345708,1,0.729705882352941,-0.0374909859556147
20,"B_smooth_logistic",4000,1,-0.0379151660664266,-0.0379863855441993,0.0188142417072584,-0.0704333622769118,-0.00571893677519943,1,0.77025,-0.0374433103976334
21,"A_threshold",1000,0.25,-0.0321804511278195,-0.0326655269102091,0.00725197587668555,-0.0503938833887643,-0.0022296048824785,1,0.947,-0.00996
21,"A_threshold",1600,0.4,-0.014760205261546,-0.0152310963866491,0.00269148008719933,-0.0216567556289215,-0.00358069836162578,1,0.021875,-0.009825
21,"A_threshold",2200,0.55,-0.00708926205724138,-0.00717819589430273,0.00883854133585594,-0.0334345514048533,0.0277401983542401,0.788636363636364,0.0681818181818182,-0.00981818181818182
21,"A_threshold",2800,0.7,-0.010269723092999,-0.0106545074617455,0.0146615460964236,-0.0462702114191423,0.0575432752499568,0.773928571428571,0.280357142857143,-0.0100571428571429
21,"A_threshold",3400,0.85,-0.00590331845392575,-0.00630611289167715,0.0126634048507039,-0.0406951501539481,0.0505141274581138,0.714705882352941,0.134411764705882,-0.00984705882352941
21,"A_threshold",4000,1,-0.0071277156133973,-0.00758661700634399,0.0107662925288578,-0.0341184566729428,0.0475804181029935,0.77325,0.11325,-0.00986
21,"B_smooth_logistic",1000,0.25,-0.0222029849789192,-0.0216298719088401,0.0199784500419313,-0.0594463953360268,0.00941193550902319,0.813,0.515,-0.0371334256636095
21,"B_smooth_logistic",1600,0.4,-0.0310553458350766,-0.0301073931801529,0.0125794884701488,-0.0547871861759006,-0.0116061821555107,1,0.713125,-0.037321223082655
21,"B_smooth_logistic",2200,0.55,-0.0362264663339932,-0.036324812067488,0.00347210184522709,-0.0423804159810065,-0.0305029177970103,1,1,-0.0375453292711035
21,"B_smooth_logistic",2800,0.7,-0.0315529380634134,-0.0316222955191939,0.00734762929676006,-0.0448830691990097,-0.0195358304697597,1,0.9725,-0.0374532941624067
21,"B_smooth_logistic",3400,0.85,-0.0355876224675267,-0.0357479181707656,0.0108367723005933,-0.0552821198052066,-0.0177548602188647,1,0.926764705882353,-0.0374082397573462
21,"B_smooth_logistic",4000,1,-0.0355404713114754,-0.0355880899602717,0.00803238616560132,-0.050157339352946,-0.0223359786308747,1,1,-0.0373846385710138
22,"A_threshold",1000,0.25,-0.0145929339477727,-0.0147117431914388,0.00821860201679475,-0.0488690271062057,0.00368512160042182,0.985,0.239,-0.00996
22,"A_threshold",1600,0.4,0.00110941833665378,0.000875558146006181,0.0146691669179193,-0.0581297740488186,0.0377108207564092,0.45,0.085,-0.00985
22,"A_threshold",2200,0.55,0.00560826909774306,0.00547552463145271,0.0187055789190043,-0.0597250510802755,0.0637773686530471,0.369545454545455,0.0904545454545455,-0.00970909090909091
22,"A_threshold",2800,0.7,0.0147247416382972,0.0147669570622527,0.0167627920029124,-0.0387970416034469,0.0735446282187439,0.195,0.0164285714285714,-0.00998571428571429
22,"A_threshold",3400,0.85,0.0159933312655087,0.0160901384252863,0.0228059912936075,-0.0534340684922081,0.101566556447074,0.246176470588235,0.0482352941176471,-0.00994117647058824
22,"A_threshold",4000,1,0.0116356711500651,0.0117043835466258,0.0177825451411621,-0.0411349916194678,0.0831882825579036,0.266,0.02675,-0.00983
22,"B_smooth_logistic",1000,0.25,-0.0299749373433584,-0.0298926800125129,0.0102176127972811,-0.0469364242716394,-0.0118906023675936,1,0.777,-0.0368296495228193
22,"B_smooth_logistic",1600,0.4,-0.0130196078431373,-0.0132022295294267,0.0124555925858595,-0.0348571259102645,0.00796365684960196,0.800625,0.345,-0.0366428966115197
22,"B_smooth_logistic",2200,0.55,-0.0283079578498906,-0.0285359617722771,0.00480403086131131,-0.0369747569258372,-0.0205393446881776,1,1,-0.036949094729353
22,"B_smooth_logistic",2800,0.7,-0.0303612434950588,-0.030374589102026,0.00176845720357198,-0.033357227554184,-0.027308495591283,1,1,-0.0368658183924796
22,"B_smooth_logistic",3400,0.85,-0.03240022172949,-0.0323691666412465,0.00579133899784668,-0.042059621886246,-0.0221668622798101,1,1,-0.0369919786378219
22,"B_smooth_logistic",4000,1,-0.0292395904956068,-0.0291140732331925,0.0109447625607534,-0.0469075871373164,-0.00926211112603215,1,0.74375,-0.0371348773820347
23,"A_threshold",1000,0.25,0.00469244026981532,0.00584671976340888,0.000652153442921606,0.00382016530949882,0.00826922157427892,0,0,-0.00992
23,"A_threshold",1600,0.4,0.00845864661654135,0.00864233827849461,0.0126063432146762,-0.0220791146866152,0.0732182716249673,0.255625,0.00125,-0.009875
23,"A_threshold",2200,0.55,-0.00213402715388385,-0.00195205205563695,0.00896560451052368,-0.0271207652350632,0.0389790828523187,0.612727272727273,0.00909090909090909,-0.0101090909090909
23,"A_threshold",2800,0.7,-0.00736885078587467,-0.00718550247334423,0.0019037929919609,-0.0108258609892597,0.00387709913656681,0.996071428571429,0,-0.0100571428571429
23,"A_threshold",3400,0.85,-0.0113865455332035,-0.0112160093288297,0.00879661991133083,-0.0312584869433498,0.0361782578086493,0.893235294117647,0.150588235294118,-0.0101882352941176
23,"A_threshold",4000,1,-0.00807920445525061,-0.00809467955827987,0.00426359044764347,-0.0175263176911078,0.0155757144713369,0.9545,0,-0.01011
23,"B_smooth_logistic",1000,0.25,-0.0252738804535845,-0.0251424071387912,0.000903294960123227,-0.0267352775217299,-0.0236015230396583,1,1,-0.0372667699796792
23,"B_smooth_logistic",1600,0.4,-0.00824900581887215,-0.00825917977346976,0.0136445975264135,-0.0316901444653891,0.0158834194856298,0.679375,0.2525,-0.0373242355255797
23,"B_smooth_logistic",2200,0.55,-0.0111631307379757,-0.0110208602097487,0.0198292176746101,-0.0463505250309491,0.0224027423572172,0.652727272727273,0.371818181818182,-0.037281211555607
23,"B_smooth_logistic",2800,0.7,-0.0197595461779824,-0.0197998957652217,0.0118550700973299,-0.0400720487941281,0.00104355301576133,0.978214285714286,0.493571428571429,-0.0372068646086035
23,"B_smooth_logistic",3400,0.85,-0.0272539336047051,-0.0271489006161254,0.0135918209546389,-0.0514245877326236,-0.00451013268082683,1,0.639411764705882,-0.0372070393951178
23,"B_smooth_logistic",4000,1,-0.0338630974347896,-0.0336729512091403,0.0138260126019491,-0.0586531404486792,-0.0106876628809715,1,0.78775,-0.037212279133606
24,"A_threshold",1000,0.25,0.00548107429056095,0.00549900309160539,0.00707962405678395,-0.0140634437225512,0.0357884380667983,0.234,0,-0.00972
24,"A_threshold",1600,0.4,0.00508613617719443,0.00518074872312978,0.000968384107810203,0.00116052870191692,0.00781161528652109,0,0,-0.0097
24,"A_threshold",2200,0.55,-0.0102359289039357,-0.0102115419165787,0.00343706235537877,-0.020794158983477,0.00377121469861624,0.998181818181818,0.00181818181818182,-0.00994545454545455
24,"A_threshold",2800,0.7,-0.00742042330698633,-0.0074342238830256,0.00333545868185182,-0.0184086164111572,0.00533789771284135,0.987142857142857,0,-0.00984285714285714
24,"A_threshold",3400,0.85,-0.00354501336516752,-0.00352512163424153,0.00937578196798564,-0.0323649834460106,0.0361796824846792,0.644117647058824,0.0355882352941176,-0.00998823529411765
24,"A_threshold",4000,1,-0.0104726702508961,-0.0104555776306665,0.00935282563805396,-0.0377682978759363,0.0314622795805979,0.87175,0.151,-0.00974
24,"B_smooth_logistic",1000,0.25,-0.033938607868569,-0.032872286775562,0.00056419893536969,-0.0334836720058315,-0.0314119726616116,1,1,-0.0380298937025698
24,"B_smooth_logistic",1600,0.4,-0.0375646634995174,-0.0368230324032709,0.00487073501407101,-0.0455839889101367,-0.0289815400171816,1,1,-0.0372695183464907
24,"B_smooth_logistic",2200,0.55,-0.0276421124334119,-0.0268216942045109,0.00530406203740306,-0.0367889143730391,-0.0185983753179886,1,0.899090909090909,-0.0372232124006384
24,"B_smooth_logistic",2800,0.7,-0.0291919800783046,-0.028472412242772,0.00732226205849362,-0.0424629260177974,-0.0172108229439192,1,0.853928571428571,-0.0373154366535389
24,"B_smooth_logistic",3400,0.85,-0.036517196294819,-0.0361549147257102,0.00686311814110202,-0.0490211161422438,-0.025283433267184,1,1,-0.0373245633012268
24,"B_smooth_logistic",4000,1,-0.0371094038219167,-0.0369575308838012,0.0065366731727609,-0.048982257970926,-0.0264629305498463,1,1,-0.0371455130595481
25,"A_threshold",1000,0.25,0.0198619861986199,0.019845721977322,0.0074155620013575,-0.00241134504118357,0.0429759873812754,0.003,0,-0.01036
25,"A_threshold",1600,0.4,0.00398499765588373,0.00405888764474174,0.00737971628650447,-0.0188319533122917,0.0273690981529003,0.29125,0,-0.010475
25,"A_threshold",2200,0.55,-0.0147770549032053,-0.0145961963636398,0.00956204476047213,-0.0430854611639401,0.0186373942853019,0.926818181818182,0.288181818181818,-0.0101272727272727
25,"A_threshold",2800,0.7,-0.02,-0.019788784439391,0.0121478451728986,-0.056351590862608,0.0220811203300956,0.939285714285714,0.505357142857143,-0.01
25,"A_threshold",3400,0.85,-0.0139567925606219,-0.0138852625506276,0.0211787793075492,-0.0821882934860833,0.0572356240463167,0.753235294117647,0.391764705882353,-0.00987058823529412
25,"A_threshold",4000,1,-0.0117180263655593,-0.0115518054117247,0.0213846829540287,-0.0767150490548229,0.0692417116841153,0.719,0.3525,-0.0097
25,"B_smooth_logistic",1000,0.25,-0.0504604228446568,-0.0499446273618296,0.000341999035617507,-0.0503898481076299,-0.0492180109393225,1,1,-0.0373381186554868
25,"B_smooth_logistic",1600,0.4,-0.042773711904907,-0.0425141089144678,0.0124305770905553,-0.0649231150061747,-0.0214965716509996,1,1,-0.0369227365474087
25,"B_smooth_logistic",2200,0.55,-0.0409398880361353,-0.0404646801684993,0.0114664952729101,-0.0616528017546362,-0.021733988795106,1,1,-0.0368680749407785
25,"B_smooth_logistic",2800,0.7,-0.0421620716894017,-0.0420393352423843,0.00436665616234929,-0.0498952575711645,-0.0346844016356198,1,1,-0.0369370042929642
25,"B_smooth_logistic",3400,0.85,-0.0459645542252807,-0.0457278186873357,0.00200670517314119,-0.0493359745430748,-0.0423603523241648,1,1,-0.0369277139999455
25,"B_smooth_logistic",4000,1,-0.0436585914647866,-0.0433378923055277,0.00206925049169609,-0.046561543088098,-0.0393393487778776,1,1,-0.0368716131646125
26,"A_threshold",1000,0.25,-0.0176520706082824,-0.014074140031663,0.00761538619006989,-0.0195576693747899,0.0481123107790465,0.945,0,-0.00948
26,"A_threshold",1600,0.4,-0.0202094065771978,-0.0185597517413807,0.0154624196959331,-0.0376629941468898,0.0794703805363761,0.88375,0.5625,-0.00925
26,"A_threshold",2200,0.55,-0.018045827393128,-0.0164330232917151,0.0194705824177743,-0.0441113033312519,0.099132038885202,0.818181818181818,0.520454545454546,-0.00945454545454546
26,"A_threshold",2800,0.7,-0.0182019499609732,-0.0173518905093784,0.0204368890703773,-0.0483198505549206,0.0990430979110637,0.817857142857143,0.533214285714286,-0.00951428571428571
26,"A_threshold",3400,0.85,-0.0143594131623108,-0.0133630263138426,0.0276186575702063,-0.0638824216363928,0.146868476960962,0.727058823529412,0.467647058823529,-0.0096
26,"A_threshold",4000,1,-0.00952177126347234,-0.00910303134418764,0.0212689211572187,-0.0550687076862029,0.100914193944785,0.69575,0.335,-0.00961
26,"B_smooth_logistic",1000,0.25,-0.0304139611363827,-0.0307362021566522,0.013110413521815,-0.0541524966746339,-0.00923894559153088,1,0.733,-0.0367094437626969
26,"B_smooth_logistic",1600,0.4,-0.0272432516895191,-0.0273118203606149,0.015773188710986,-0.055109452776981,-0.000197834879189049,1,0.633125,-0.0368618707696185
26,"B_smooth_logistic",2200,0.55,-0.03697238971755,-0.0369858635184926,0.016642693096584,-0.0654050011079137,-0.00783332311250197,1,0.795909090909091,-0.0371623114846721
26,"B_smooth_logistic",2800,0.7,-0.0355687463615162,-0.0355951081985035,0.0102875292665063,-0.0535882398663835,-0.0178734653323373,1,0.936785714285714,-0.0371876103927164
26,"B_smooth_logistic",3400,0.85,-0.0364592776934246,-0.0364918344106966,0.00805772608248904,-0.0508115462055592,-0.0227510863542365,1,1,-0.0372443673207413
26,"B_smooth_logistic",4000,1,-0.0423501694006776,-0.0423649808805604,0.0101391962745685,-0.0602652972733195,-0.0248266334828381,1,1,-0.0371104330484718
27,"A_threshold",1000,0.25,-0.027229347808682,-0.0272446577510585,0.0205884150553318,-0.107671269928599,0.0205681972857976,0.933,0.596,-0.01024
27,"A_threshold",1600,0.4,-0.022725035507868,-0.0229617460836876,0.00687430198782246,-0.046553459057562,-0.00283720013264924,1,0.659375,-0.010225
27,"A_threshold",2200,0.55,-0.0108919982907382,-0.0108355247673849,0.0161676660698314,-0.0585042953550638,0.0459863486598896,0.758181818181818,0.288181818181818,-0.0101818181818182
27,"A_threshold",2800,0.7,-0.00881504578711123,-0.00859393193017293,0.0057086886114435,-0.0242763840609599,0.0125583851927536,0.928571428571429,0.0171428571428571,-0.0102285714285714
27,"A_threshold",3400,0.85,-0.0132141334617791,-0.0130708916189552,0.0122723772905315,-0.0492879799568387,0.0309311960508021,0.856764705882353,0.294117647058824,-0.0104117647058824
27,"A_threshold",4000,1,-0.0149453736343409,-0.0149079753516594,0.00672307341447603,-0.0354880677899976,0.00804647497503641,0.9845,0.22225,-0.01039
27,"B_smooth_logistic",1000,0.25,-0.0097821253890618,-0.00937951190756984,0.000730858181732648,-0.0105411004471124,-0.00794292279110541,1,0,-0.0367110123324304
27,"B_smooth_logistic",1600,0.4,-0.0199022717745619,-0.0193128770580511,0.00841824755858226,-0.0322233809472023,-0.00257826771518149,1,0.51625,-0.036891034239687
27,"B_smooth_logistic",2200,0.55,-0.0243370075302848,-0.0240879000392372,0.000909325882117883,-0.0252658287998537,-0.0221192000058179,1,1,-0.0371268726554745
27,"B_smooth_logistic",2800,0.7,-0.0291010637320644,-0.0289827425529725,0.00250129487233125,-0.0328290578376273,-0.0241928618691132,1,1,-0.0370771111619501
27,"B_smooth_logistic",3400,0.85,-0.0366233572033828,-0.0365437910542228,0.00070001863845288,-0.0376138802219457,-0.0351942235948246,1,1,-0.0371655728168519
27,"B_smooth_logistic",4000,1,-0.0385309774207122,-0.0385230144452871,0.00203347255198716,-0.0419052077486033,-0.0348805536871085,1,1,-0.03707663968177
28,"A_threshold",1000,0.25,0.00854769292363126,0.00801522854496552,0.0283281292073296,-0.0919239481811811,0.0753562589942329,0.375,0.16,-0.00988
28,"A_threshold",1600,0.4,-0.00923842384238424,-0.00949180759249403,0.0208476616157254,-0.0778960377978887,0.0502042497379138,0.661875,0.304375,-0.00975
28,"A_threshold",2200,0.55,-0.018860188601886,-0.0191629263406113,0.0155799719170322,-0.0836903571139152,0.0280465553279594,0.885909090909091,0.462272727272727,-0.00967272727272727
28,"A_threshold",2800,0.7,-0.0161799367355697,-0.0163062059317707,0.00815909176404496,-0.0477176917687013,0.0104246391891176,0.982857142857143,0.324642857142857,-0.00985714285714286
28,"A_threshold",3400,0.85,-0.0157006122249132,-0.0159350429904512,0.00542402412231654,-0.0381085743729876,0.00179233092008579,0.999117647058824,0.221764705882353,-0.00985882352941177
28,"A_threshold",4000,1,-0.0129993932316453,-0.0132211018138573,0.00490000413896153,-0.0331767711413121,0.00298863853007135,0.99825,0.084,-0.00984
28,"B_smooth_logistic",1000,0.25,-0.0231208087278551,-0.0233332141613407,0.00963077197521053,-0.0409840632004151,-0.00785507362252481,1,0.566,-0.0367999354960528
28,"B_smooth_logistic",1600,0.4,-0.0319817417026582,-0.032028566476026,0.0044796757371454,-0.0400991229823131,-0.0245674967640529,1,1,-0.0371176947250134
28,"B_smooth_logistic",2200,0.55,-0.0360638283802193,-0.0360621064905503,0.0014451877124284,-0.0385319073498104,-0.033540508185982,1,1,-0.0370126724638157
28,"B_smooth_logistic",2800,0.7,-0.032814655770628,-0.0328092344023754,0.00118431452818573,-0.0348568355623751,-0.0307668285489202,1,1,-0.0370461342817061
28,"B_smooth_logistic",3400,0.85,-0.0341577068001554,-0.0341046195111383,0.000978969454870853,-0.0357085218535746,-0.0323356800391627,1,1,-0.0371678283805325
28,"B_smooth_logistic",4000,1,-0.0414614475683178,-0.0414602303525324,0.00861611406544731,-0.0563422988856267,-0.0265466563524847,1,1,-0.0371792280845372
29,"A_threshold",1000,0.25,0.0104240169350183,0.00939541511887718,0.0145466233921649,-0.0245680561505133,0.0631383064137539,0.281,0.007,-0.0104
29,"A_threshold",1600,0.4,-0.00901272531813295,-0.00915349098644205,0.0138608137856568,-0.0531797145739572,0.0352956261522561,0.755625,0.216875,-0.010475
29,"A_threshold",2200,0.55,-0.0065984343594626,-0.00674459493882555,0.017122914337413,-0.0532866171078652,0.0632774599122863,0.675909090909091,0.227272727272727,-0.0107090909090909
29,"A_threshold",2800,0.7,-0.00645396986242518,-0.0064702144797553,0.0149920161094584,-0.0512982769895809,0.0513939797534129,0.678214285714286,0.183571428571429,-0.0106571428571429
29,"A_threshold",3400,0.85,-0.00739725487034389,-0.00744901692150131,0.0125747667288033,-0.0473398768222581,0.0389246297680782,0.730882352941176,0.158235294117647,-0.0105529411764706
29,"A_threshold",4000,1,-0.0083035083035083,-0.0082823636800619,0.0157542957165114,-0.0608980512022328,0.0481275364023928,0.703,0.234,-0.01046
29,"B_smooth_logistic",1000,0.25,-0.0383035074874675,-0.0382181074877779,0.00825615622757694,-0.0540131188198306,-0.0250552765715171,1,1,-0.0371877999492916
29,"B_smooth_logistic",1600,0.4,-0.0391494684177611,-0.0393944069008204,0.0193577175777136,-0.0736751454882345,-0.00644816844502633,1,0.788125,-0.0376538007156874
29,"B_smooth_logistic",2200,0.55,-0.0382936507936508,-0.0382737221744923,0.00734842864655099,-0.0505294955692742,-0.025238657301275,1,1,-0.0376625350300331
29,"B_smooth_logistic",2800,0.7,-0.0366603976631115,-0.0366426777063581,0.00863513796699522,-0.0508455885001874,-0.0212294400826438,1,1,-0.0374514606541624
29,"B_smooth_logistic",3400,0.85,-0.0406061807766613,-0.0406012569800293,0.0133333981781214,-0.0627188120937108,-0.0171510898886498,1,0.938529411764706,-0.0372818289046956
29,"B_smooth_logistic",4000,1,-0.0420765105191276,-0.0420791738977563,0.0114119797212254,-0.061327793309226,-0.0221970693388936,1,1,-0.0373007556925966
30,"A_threshold",1000,0.25,-0.0168606069818514,-0.0171062111139845,0.0101082792682211,-0.0427596293453781,0.033621545248334,0.943,0.418,-0.01024
30,"A_threshold",1600,0.4,0.00802355033117653,0.00813244754654926,0.0224859503177971,-0.0585559355621517,0.125452341138848,0.39125,0.090625,-0.009675
30,"A_threshold",2200,0.55,-0.00827241437455985,-0.00834194008821218,0.0174724342140539,-0.0533264504383081,0.0946122986488531,0.71,0.261363636363636,-0.00994545454545455
30,"A_threshold",2800,0.7,-0.00702658797214671,-0.00703505702394601,0.0167816106702848,-0.0486853885279438,0.0965980352072965,0.695714285714286,0.230714285714286,-0.00982857142857143
30,"A_threshold",3400,0.85,-0.0130742430974558,-0.0129609502135614,0.0116123240930128,-0.039574765291881,0.0625873926918058,0.865294117647059,0.293529411764706,-0.0100470588235294
30,"A_threshold",4000,1,-0.0054029134381315,-0.00556536308513817,0.0115029309216054,-0.0325316999352026,0.0679022651513384,0.71125,0.0815,-0.01006
30,"B_smooth_logistic",1000,0.25,-0.0657880509869409,-0.0657895429452959,0.0191150240684382,-0.098544916501315,-0.0322929589868934,1,1,-0.0370903465214794
30,"B_smooth_logistic",1600,0.4,-0.0612950413843115,-0.0613885145518287,0.0208569398012745,-0.0998289192966742,-0.0273109636670184,1,1,-0.0370068008191922
30,"B_smooth_logistic",2200,0.55,-0.051265521482128,-0.0514053036071728,0.0152636970459705,-0.0798661761446652,-0.0267408179597602,1,1,-0.0368179952194935
30,"B_smooth_logistic",2800,0.7,-0.0487371025987029,-0.0487344026531339,0.0219965242518959,-0.0883142524415855,-0.0120866208928065,1,0.885714285714286,-0.0369121377934577
30,"B_smooth_logistic",3400,0.85,-0.0500145550129299,-0.0500655292429198,0.0251201013393081,-0.0945548439661315,-0.00766004584091502,1,0.852647058823529,-0.0370206501648415
30,"B_smooth_logistic",4000,1,-0.0491286252682293,-0.049134605018141,0.0246410134931098,-0.0923941509846483,-0.00698905632636469,1,0.843,-0.0371620792354482
31,"A_threshold",1000,0.25,0.00401002506265663,0.00471679025745718,0.00713099871151552,-0.0306762415079172,0.0193932338211581,0.238,0.001,-0.00944
31,"A_threshold",1600,0.4,-0.00601361668043354,-0.00595172392034292,0.0088042549834839,-0.024594625105917,0.0389821036939801,0.76875,0.026875,-0.00965
31,"A_threshold",2200,0.55,-0.00702415198990045,-0.00715107932575062,0.0154607845129453,-0.0412560361907059,0.0702802496529351,0.714545454545455,0.202272727272727,-0.00969090909090909
31,"A_threshold",2800,0.7,-0.00500517115897803,-0.00520990471548065,0.0128608060283875,-0.0388173317638523,0.0593163960153876,0.6925,0.110357142857143,-0.0096
31,"A_threshold",3400,0.85,-0.00809398130885126,-0.00824751837862986,0.0105479677274247,-0.036128534826785,0.0432101481127853,0.797058823529412,0.120588235294118,-0.00974117647058824
31,"A_threshold",4000,1,-0.00389415811272105,-0.00413538741409444,0.0118491698120627,-0.0353097963510274,0.053980819627013,0.66825,0.072,-0.00971
31,"B_smooth_logistic",1000,0.25,-0.0232672613544956,-0.0233300293162121,0.0366671633201311,-0.0818709613436756,0.0446003529416651,0.697,0.553,-0.0380033156434037
31,"B_smooth_logistic",1600,0.4,-0.00918866294015336,-0.00945975432768528,0.0314039747768033,-0.0576748849065284,0.0502371742367171,0.608125,0.435,-0.0376398956203767
31,"B_smooth_logistic",2200,0.55,-0.0177769731778912,-0.0177636440732641,0.030392806661958,-0.0681351395497116,0.0367742075368756,0.675454545454545,0.496363636363636,-0.0375589289041664
31,"B_smooth_logistic",2800,0.7,-0.0214171495418449,-0.0213752362938016,0.0246423961985184,-0.0630600163729757,0.0223864518806821,0.753571428571429,0.528214285714286,-0.0373896980674567
31,"B_smooth_logistic",3400,0.85,-0.0123932280528368,-0.0122088919324717,0.022132727106632,-0.0484741005271683,0.0285001759029791,0.672647058823529,0.407352941176471,-0.0373480676788063
31,"B_smooth_logistic",4000,1,-0.015545213859828,-0.0154978097342597,0.0188868926924017,-0.0473694128174047,0.0181626448202083,0.73575,0.4355,-0.0374050298994999
32,"A_threshold",1000,0.25,-0.0124657731661623,-0.0121966779003962,0.0146383985385101,-0.0528675489280721,0.0426397885480886,0.801,0.305,-0.0098
32,"A_threshold",1600,0.4,-0.00436293629362937,-0.00433373220308442,0.00736977371626932,-0.0269907651735959,0.0210854836709929,0.718125,0.015625,-0.0103
32,"A_threshold",2200,0.55,-0.00958188945207029,-0.0094991056550338,0.00256382527386959,-0.0170850169557427,-0.000498072647340503,1,0,-0.0103454545454545
32,"A_threshold",2800,0.7,-0.00616633911497778,-0.00633118582720229,0.00103133214466981,-0.00952685319024302,-0.00266486622200027,1,0,-0.0101285714285714
32,"A_threshold",3400,0.85,-0.00531838510713761,-0.00572694473806679,0.00338540207528717,-0.0144238453960392,0.00810492356924232,0.942647058823529,0,-0.0101411764705882
32,"A_threshold",4000,1,-0.00573282552687586,-0.00613837726509652,0.00792056329700786,-0.0270480921006892,0.0256856581906733,0.7905,0.02175,-0.01001
32,"B_smooth_logistic",1000,0.25,-0.0546218487394958,-0.0543267545639068,0.00521212156849396,-0.062079891955648,-0.0443310923053381,1,1,-0.0376818701820065
32,"B_smooth_logistic",1600,0.4,-0.058115305192501,-0.058055517510279,0.0106618296269162,-0.0769389388499658,-0.0407580979951585,1,1,-0.037875461252978
32,"B_smooth_logistic",2200,0.55,-0.048724358211324,-0.0488722151143319,0.0157934267125817,-0.0768332851880838,-0.0232785487390746,1,1,-0.0377859175797298
32,"B_smooth_logistic",2800,0.7,-0.0512641829715,-0.0513143380363459,0.00940351180708644,-0.0673187719100488,-0.0353184099918605,1,1,-0.0374817428381031
32,"B_smooth_logistic",3400,0.85,-0.0485445294382334,-0.0485518731314842,0.0134236283825541,-0.0718165888881375,-0.0259967895912228,1,1,-0.0374417223205705
32,"B_smooth_logistic",4000,1,-0.0491134781917335,-0.0491217287416663,0.0179766252195911,-0.0795567848758968,-0.018262845186812,1,0.97175,-0.0374158043517946
33,"A_threshold",1000,0.25,0.00732495166732711,0.00674384706900093,0.00822318044428647,-0.0421080182280498,0.0191226398304185,0.174,0.009,-0.01
33,"A_threshold",1600,0.4,-0.0207127912736273,-0.0204941412052962,0.000676536200210526,-0.0211523774909249,-0.0166165427868927,1,0.808125,-0.01
33,"A_threshold",2200,0.55,-0.00319879388112886,-0.00275396747248602,0.0042275739120093,-0.0232288755190175,0.00683488385649886,0.716818181818182,0.00136363636363636,-0.00989090909090909
33,"A_threshold",2800,0.7,-0.00182479144511644,-0.00144422279640154,0.00596533099323291,-0.0317735032245446,0.0126409421766912,0.54,0.00392857142857143,-0.00972857142857143
33,"A_threshold",3400,0.85,-0.00890726786687546,-0.00839652248034707,0.00521656972848682,-0.03582722995281,0.00426323379146584,0.977058823529412,0.0264705882352941,-0.0100117647058824
33,"A_threshold",4000,1,-0.00750000000000001,-0.00710319761735367,0.00364467930518375,-0.0256230693682515,0.00227561746630314,0.9925,0.0025,-0.00994
33,"B_smooth_logistic",1000,0.25,-0.0358893704553004,-0.0357446482357121,0.012872751291091,-0.0566826751848652,-0.0116153189051433,1,0.839,-0.0374245647976672
33,"B_smooth_logistic",1600,0.4,-0.0350175947397041,-0.0350012078504888,0.0103951712490753,-0.0525604458310746,-0.0162166035419767,1,0.909375,-0.0377168957460471
33,"B_smooth_logistic",2200,0.55,-0.0325674345490024,-0.0325646121814301,0.0184320958418593,-0.0638693069843551,0.000664480211219606,0.99,0.703181818181818,-0.0374430711195468
33,"B_smooth_logistic",2800,0.7,-0.039998857058886,-0.0400948382564497,0.0220912001046309,-0.0783152301997092,-0.00142490402939247,1,0.763928571428571,-0.0373008916468049
33,"B_smooth_logistic",3400,0.85,-0.04001583469903,-0.0401434472192952,0.0233957892088121,-0.0809932754152864,0.000660933102059905,0.991764705882353,0.752058823529412,-0.0372778572457174
33,"B_smooth_logistic",4000,1,-0.0390964943530897,-0.0393986447716005,0.0210658973736286,-0.0778220981053532,-0.00453290836508427,1,0.7715,-0.0372132056706351
34,"A_threshold",1000,0.25,-0.0117411741174117,-0.012076739073255,0.0258483849616986,-0.0777747324684155,0.0834632338148844,0.716,0.423,-0.01008
34,"A_threshold",1600,0.4,-0.0120250751567197,-0.0121090694463456,0.0230385369695195,-0.0893764560411091,0.0729031030144603,0.71125,0.37625,-0.01005
34,"A_threshold",2200,0.55,-0.0114694594031716,-0.0115299280380851,0.0259095990656302,-0.105616789507627,0.0785119769161895,0.683181818181818,0.373636363636364,-0.01
34,"A_threshold",2800,0.7,-0.0113762125110785,-0.0114223993387673,0.0297184605975979,-0.126775130661393,0.0875487282570906,0.654285714285714,0.383571428571429,-0.0100714285714286
34,"A_threshold",3400,0.85,-0.0131029575444794,-0.0132129590951387,0.0275350432109847,-0.112637599305956,0.0854767910667894,0.692352941176471,0.410882352941176,-0.0100941176470588
34,"A_threshold",4000,1,-0.0146007154350563,-0.0147099778344363,0.0252718677474589,-0.101317008923905,0.0794722572795084,0.72725,0.42675,-0.01021
34,"B_smooth_logistic",1000,0.25,-0.0315431543154315,-0.0312467193840246,0.0063884101317888,-0.0420246185147809,-0.0195285703304145,1,0.981,-0.0372096525040516
34,"B_smooth_logistic",1600,0.4,-0.0298624140087555,-0.0300680378647846,0.00141563920352427,-0.0325470291937125,-0.0275572896974198,1,1,-0.0370140205799053
34,"B_smooth_logistic",2200,0.55,-0.0161955241460542,-0.0161373089132106,0.000118645849338466,-0.0163093646477751,-0.0159006889223206,1,0,-0.0369055345559355
34,"B_smooth_logistic",2800,0.7,-0.0211735693754899,-0.0211975314822256,0.00371429173008408,-0.0271205051243891,-0.0141662510580971,1,0.611785714285714,-0.0369180920975909
34,"B_smooth_logistic",3400,0.85,-0.0273228299307861,-0.0273260006683537,0.00446095171330615,-0.0345924808475008,-0.0190790758722606,1,0.95,-0.0370518782466541
34,"B_smooth_logistic",4000,1,-0.0219096042484563,-0.0219755833319631,0.00417873698284791,-0.0288387221810338,-0.0143571537792518,1,0.6465,-0.0371885946334415
35,"A_threshold",1000,0.25,-0.0313233388561044,-0.032065414754672,0.0507612460246511,-0.215487714167985,0.144788251738112,0.731,0.587,-0.01056
35,"A_threshold",1600,0.4,-0.024255897129805,-0.0243131164127738,0.0302950150258506,-0.122132983117181,0.0908883477595283,0.79,0.548125,-0.010775
35,"A_threshold",2200,0.55,-0.0281963824289406,-0.0280699904797963,0.028897049713256,-0.132918080924746,0.0741820519988546,0.832727272727273,0.607727272727273,-0.0107272727272727
35,"A_threshold",2800,0.7,-0.0300077996068017,-0.030020958819307,0.0278940210613637,-0.122618200142212,0.0796450901485246,0.857857142857143,0.641785714285714,-0.0105571428571429
35,"A_threshold",3400,0.85,-0.02710341572503,-0.0271609576465672,0.028294972231329,-0.132670687950814,0.0880772516442956,0.828529411764706,0.605588235294118,-0.0104
35,"A_threshold",4000,1,-0.0240370244467507,-0.0242050387169002,0.0235855387504241,-0.103289756930693,0.0792531836050582,0.8425,0.585,-0.01044
35,"B_smooth_logistic",1000,0.25,-0.0282040613848394,-0.0281243943790872,0.040453002720863,-0.102025621730548,0.0386375603482795,0.693,0.542,-0.0373803587820523
35,"B_smooth_logistic",1600,0.4,-0.0165403051743351,-0.0164859662701107,0.0266890959947246,-0.0615224427160653,0.0321064182768621,0.68625,0.46375,-0.037220362908609
35,"B_smooth_logistic",2200,0.55,-0.0283049820702331,-0.0282995315363264,0.0332742648731671,-0.0860353315844762,0.0317792174791997,0.751363636363636,0.575909090909091,-0.03706339741341
35,"B_smooth_logistic",2800,0.7,-0.0279474520960589,-0.0279598732659872,0.0303870620129205,-0.0846989051387113,0.0221344409567832,0.77,0.556785714285714,-0.0369131897828588
35,"B_smooth_logistic",3400,0.85,-0.0311398832665301,-0.0312532883839538,0.0261148164533697,-0.0816429934628006,0.0105012365655761,0.864705882352941,0.603823529411765,-0.0368240158635348
35,"B_smooth_logistic",4000,1,-0.0301480301480301,-0.0302679633149739,0.0271971450651911,-0.0829919237076625,0.0131751701832301,0.8335,0.5855,-0.03678638963518
36,"A_threshold",1000,0.25,-0.0224334357398873,-0.022013518918806,0.039037360996127,-0.105605107456637,0.13316475088205,0.739,0.565,-0.01008
36,"A_threshold",1600,0.4,-0.00884698513312673,-0.00844561318249255,0.0282111787825663,-0.0726563507698972,0.105931983538803,0.660625,0.37375,-0.010125
36,"A_threshold",2200,0.55,-0.00735790987718345,-0.00709951019880442,0.021125726239455,-0.0559388287136783,0.0764635811597247,0.662727272727273,0.291818181818182,-0.00985454545454545
36,"A_threshold",2800,0.7,-0.000240875808107721,-0.000143048920154318,0.0251830009768584,-0.0612184295993196,0.0984184360493961,0.526071428571429,0.2225,-0.0098
36,"A_threshold",3400,0.85,-0.00138445862130072,-0.00111457505121085,0.0250945513856136,-0.0576129733475646,0.121751336913127,0.553529411764706,0.237647058823529,-0.00989411764705882
36,"A_threshold",4000,1,-0.00756637897256775,-0.00735283993072265,0.0205083653366687,-0.0616374851920637,0.0900302227686693,0.669,0.28825,-0.00993
36,"B_smooth_logistic",1000,0.25,-0.0491017676636359,-0.0488509638785127,0.0163539616998155,-0.0790777687688178,-0.0211523913166848,1,1,-0.036879825736672
36,"B_smooth_logistic",1600,0.4,-0.0326844260694157,-0.0327732205382285,0.0288113462665219,-0.0807678162593213,0.0193915872489537,0.83,0.64625,-0.0368674027505919
36,"B_smooth_logistic",2200,0.55,-0.0410504471491299,-0.0411406683799677,0.0229815161002476,-0.078350792879269,0.000540526436247413,0.992727272727273,0.759545454545455,-0.0367776815099585
36,"B_smooth_logistic",2800,0.7,-0.0541977835160165,-0.0542446981263076,0.0209829198431454,-0.087007329003377,-0.0147933030539219,1,0.944642857142857,-0.036800546788565
36,"B_smooth_logistic",3400,0.85,-0.0574476389788563,-0.0574455588046349,0.0217915100880497,-0.0941668777209797,-0.0189710034468967,1,0.985294117647059,-0.0368768139514257
36,"B_smooth_logistic",4000,1,-0.0552401242902797,-0.0552420814422366,0.0200074876085689,-0.0890172979999668,-0.0200013824196602,1,1,-0.0368736197409674
37,"A_threshold",1000,0.25,0.033266080607196,0.0325483422573048,0.0179429256703196,-0.00680869312694828,0.135892781183467,0.008,0,-0.0102
37,"A_threshold",1600,0.4,0.0212978442311425,0.0207530710644859,0.0222390570307619,-0.0251944457025446,0.15746010331909,0.169375,0.00375,-0.010275
37,"A_threshold",2200,0.55,0.010443561734525,0.0103423735313363,0.0201085454613715,-0.0507552052535916,0.103847349515523,0.309090909090909,0.0545454545454545,-0.0102363636363636
37,"A_threshold",2800,0.7,0.00711723416599253,0.00707513334868467,0.0181107576869493,-0.0449735797232789,0.0971270342334561,0.361071428571429,0.0510714285714286,-0.0100285714285714
37,"A_threshold",3400,0.85,0.00574025236730823,0.00582686299037701,0.0159853549714735,-0.0390606006814038,0.0857115950924899,0.374117647058824,0.0379411764705882,-0.0100470588235294
37,"A_threshold",4000,1,0.000721460958440848,0.00077531094365024,0.0109144764920498,-0.0317290781846692,0.0547603447867813,0.495,0.01625,-0.00994
37,"B_smooth_logistic",1000,0.25,-0.0353134674922601,-0.0353425776664514,0.0183924991315529,-0.0668000944311138,-0.00283508892295882,1,0.747,-0.0379204021766607
37,"B_smooth_logistic",1600,0.4,-0.0393616552661553,-0.0395273939253308,0.0341650688915077,-0.0990084034088187,0.0202435163529484,0.838125,0.666875,-0.0376261081475519
37,"B_smooth_logistic",2200,0.55,-0.039279026838953,-0.0392116783045098,0.0254857581387369,-0.0815661042952079,0.00743832644341302,0.925,0.727272727272727,-0.0373546768584476
37,"B_smooth_logistic",2800,0.7,-0.0371609652403259,-0.0371884250918619,0.0250947556811313,-0.0820282374796261,0.00522723100764982,0.934642857142857,0.696071428571429,-0.0373455735599854
37,"B_smooth_logistic",3400,0.85,-0.0287290994362962,-0.0287622163138359,0.0236458037717171,-0.0709836842976251,0.0113465704921893,0.853235294117647,0.601470588235294,-0.0372166496940097
37,"B_smooth_logistic",4000,1,-0.03710110508762,-0.037116904212244,0.0234733481954481,-0.0774350340640976,0.00414160468661848,0.94975,0.71675,-0.0371883648335765
38,"A_threshold",1000,0.25,-0.0104014978156855,-0.0102744845383804,0.0354353272907542,-0.101551457841527,0.130852934549504,0.617,0.414,-0.01124
38,"A_threshold",1600,0.4,0.00118928734963955,0.00109694942855802,0.0116074960049413,-0.0354125004994944,0.042580057942685,0.470625,0.0275,-0.011325
38,"A_threshold",2200,0.55,-0.00055041504269436,-0.00056379894746203,0.0153610367081638,-0.0503095664290366,0.0549200962133444,0.520454545454546,0.101818181818182,-0.0111090909090909
38,"A_threshold",2800,0.7,0.00135250729333178,0.00126724921579361,0.020534189713537,-0.0625134705487411,0.0789454639092474,0.489642857142857,0.152142857142857,-0.0110428571428571
38,"A_threshold",3400,0.85,0.00407644202795462,0.00400288005756104,0.0262256556656435,-0.077854581360002,0.104898222545071,0.454705882352941,0.182941176470588,-0.0108823529411765
38,"A_threshold",4000,1,0.0015133860004667,0.00152006378165952,0.0234550921805846,-0.0764785257873787,0.0885277497257465,0.47625,0.18525,-0.01057
38,"B_smooth_logistic",1000,0.25,-0.0690544859614946,-0.0685303822754106,0.0303985592040991,-0.122338988308747,-0.0142526984083924,1,0.953,-0.0375452471142898
38,"B_smooth_logistic",1600,0.4,-0.049911230026756,-0.0494286100237365,0.0236591899966814,-0.0969421888791533,-0.0126285244634388,1,0.875625,-0.0373429720423427
38,"B_smooth_logistic",2200,0.55,-0.0602745794200973,-0.0598244926181856,0.0152061131551531,-0.0889840759603275,-0.0353023188744996,1,1,-0.0373737982836685
38,"B_smooth_logistic",2800,0.7,-0.0584622747256504,-0.0580168082847114,0.0149475261762311,-0.08611797898829,-0.0338276509204257,1,1,-0.037126768269276
38,"B_smooth_logistic",3400,0.85,-0.0520863213760873,-0.0516723456693485,0.0115426891532551,-0.0733335111877116,-0.0329520392161826,1,1,-0.0372656784598397
38,"B_smooth_logistic",4000,1,-0.0507303641433193,-0.0504749267207845,0.00907034633860832,-0.0671020434592349,-0.0355224338380089,1,1,-0.0371974747829873
39,"A_threshold",1000,0.25,-0.0363681454725819,-0.0357900973719647,0.0117195426709958,-0.077764738376218,-0.00610611589422463,1,0.92,-0.01048
39,"A_threshold",1600,0.4,-0.0255957620798081,-0.0246649475979498,0.0234231318710991,-0.119950638264192,0.0248764722580007,0.86,0.526875,-0.010425
39,"A_threshold",2200,0.55,-0.01447333043784,-0.0130193258101939,0.012683180676377,-0.0713453002786707,0.012811176706422,0.860909090909091,0.262272727272727,-0.0102909090909091
39,"A_threshold",2800,0.7,-0.0202857654958156,-0.0200314326335903,0.00342071817774717,-0.0327751390948205,-0.0107100114697634,1,0.476785714285714,-0.0103
39,"A_threshold",3400,0.85,-0.0179210799325735,-0.0178863444560447,0.00367977066439124,-0.0267553979344874,-0.00274412739656821,1,0.302941176470588,-0.0102470588235294
39,"A_threshold",4000,1,-0.014844909602282,-0.0147833305901786,0.00398963692231224,-0.0254969882642598,0.000640372454077748,0.99975,0.08525,-0.01011
39,"B_smooth_logistic",1000,0.25,-0.0350652623494446,-0.0353920949037053,0.0137059926701223,-0.0632429494998456,-0.0155361363500017,1,0.851,-0.0363499469216982
39,"B_smooth_logistic",1600,0.4,-0.0482513383611426,-0.0482811184557905,0.0194501731247539,-0.0856009800999206,-0.018022935315459,1,0.953125,-0.0369744535843371
39,"B_smooth_logistic",2200,0.55,-0.0356514554121083,-0.0355478259653378,0.00734004193941244,-0.0493160332526086,-0.0237564517763538,1,1,-0.0368175226922822
39,"B_smooth_logistic",2800,0.7,-0.0268066195938181,-0.0266891140974963,0.0105642999452592,-0.0462803707926693,-0.00947358501375786,1,0.680357142857143,-0.036894367668701
39,"B_smooth_logistic",3400,0.85,-0.0344075230770562,-0.0342481408029437,0.0189761940111097,-0.0707436812831024,-0.00473889616059078,1,0.713823529411765,-0.0368118485000119
39,"B_smooth_logistic",4000,1,-0.0328906565727296,-0.0328837747855525,0.0227358772512261,-0.075827124030493,0.00302746331113708,0.949,0.64575,-0.0368624323681911
40,"A_threshold",1000,0.25,0.00638297872340426,0.00704781256787332,0.0446241809896178,-0.178648844837059,0.126445128996373,0.392,0.241,-0.00984
40,"A_threshold",1600,0.4,-0.00701645772068307,-0.00663785214177903,0.0323867786698772,-0.140489231390815,0.0745301178843255,0.536875,0.2925,-0.00985
40,"A_threshold",2200,0.55,0.000424862209085108,0.000503528974090117,0.0300088189210042,-0.109318004685724,0.0996735378961814,0.474090909090909,0.234545454545455,-0.00996363636363636
40,"A_threshold",2800,0.7,0.00874905101266132,0.00888699086448755,0.0260631629911391,-0.0702540427886228,0.123154784536187,0.376785714285714,0.127857142857143,-0.00997142857142857
40,"A_threshold",3400,0.85,0.0021685488785104,0.00234363979539578,0.0262624300546747,-0.0782846394121816,0.11469621657581,0.482352941176471,0.191176470588235,-0.0100823529411765
40,"A_threshold",4000,1,0.00492360573051404,0.00512744180836483,0.0175378558899092,-0.0458128710486172,0.0826149786469257,0.39725,0.068,-0.01002
40,"B_smooth_logistic",1000,0.25,-0.0525153609831029,-0.0526634206518573,0.0184838711822899,-0.08214834007349,-0.0177863359263359,1,0.978,-0.0373430315903981
40,"B_smooth_logistic",1600,0.4,-0.0456260870516425,-0.0456278073944156,0.0166774923087907,-0.0744059094411527,-0.0165109532274245,1,0.941875,-0.0374894411139603
40,"B_smooth_logistic",2200,0.55,-0.0425711095629005,-0.0425684277384744,0.00690159824910913,-0.0543661008119804,-0.0303738523826037,1,1,-0.0372188648923852
40,"B_smooth_logistic",2800,0.7,-0.0445347847648669,-0.0444815309367629,0.00191230144512421,-0.0477622178002356,-0.0411005923736987,1,1,-0.0374588779024794
40,"B_smooth_logistic",3400,0.85,-0.0444905869324474,-0.0444169854682192,0.00217301883578551,-0.0482626247742418,-0.0406799702752639,1,1,-0.0373801427128511
40,"B_smooth_logistic",4000,1,-0.0420020482949545,-0.0419730030472992,0.00227294014739241,-0.0459547795395655,-0.038028606361658,1,1,-0.0373636662086333
41,"A_threshold",1000,0.25,-0.0309122490993309,-0.0310647489170373,0.0373245681266128,-0.164947971618157,0.153169365637668,0.809,0.656,-0.01056
41,"A_threshold",1600,0.4,-0.0325609970159733,-0.032497795388414,0.0267650050662089,-0.154650053140061,0.0697659774628679,0.883125,0.689375,-0.01
41,"A_threshold",2200,0.55,-0.0222139241556717,-0.0222328005048644,0.0259184695890059,-0.12485583395023,0.0885440330315469,0.804090909090909,0.544545454545455,-0.0101272727272727
41,"A_threshold",2800,0.7,-0.0164461658421853,-0.0166615335619837,0.0225782821018927,-0.0812885152482439,0.100500534836496,0.786428571428571,0.481428571428571,-0.01
41,"A_threshold",3400,0.85,-0.0167470286273254,-0.0171792224543468,0.0232783823015065,-0.0783899817897396,0.10869227717685,0.789411764705882,0.494117647058824,-0.0100823529411765
41,"A_threshold",4000,1,-0.0132712864103478,-0.0136582996882775,0.0214433634306084,-0.0820021177539304,0.088486587152478,0.75475,0.41,-0.01005
41,"B_smooth_logistic",1000,0.25,-0.0534536841431406,-0.0533466544064269,0.0149353564293228,-0.0811187297972731,-0.0298870984962406,1,1,-0.0367359868603115
41,"B_smooth_logistic",1600,0.4,-0.0353814711341946,-0.0353977000601105,0.0213330007501169,-0.0721908902734433,0.00168208626982572,0.9775,0.713125,-0.0367918991290917
41,"B_smooth_logistic",2200,0.55,-0.04,-0.0399168756964611,0.0244595023814527,-0.0808235373311773,0.00384137197050745,0.951363636363636,0.742727272727273,-0.036850953726529
41,"B_smooth_logistic",2800,0.7,-0.0302716756871485,-0.0303090811626508,0.0141092536360153,-0.0548559700826727,-0.0063705899588027,1,0.715,-0.0369340994671814
41,"B_smooth_logistic",3400,0.85,-0.0291891237207049,-0.0292968107767469,0.0195805927173772,-0.0638657578081687,0.00370109271989508,0.938823529411765,0.634705882352941,-0.0371039507089994
41,"B_smooth_logistic",4000,1,-0.0237455197132617,-0.0237737391922837,0.0182057116803098,-0.0564397574450533,0.00648039073825965,0.884,0.54725,-0.0371678041201847
42,"A_threshold",1000,0.25,0.0236796722137973,0.0236276594747559,0.0113547666275719,-0.00784307140525599,0.0725021260411997,0.013,0,-0.00916
42,"A_threshold",1600,0.4,0.032003200320032,0.0311776703789678,0.00245290354037448,0.016827863937285,0.0361960282857604,0,0,-0.00955
42,"A_threshold",2200,0.55,0.0155044525713341,0.0145041894049358,0.00379836193604523,0.00554754355145355,0.0339806807512703,0,0,-0.0100545454545455
42,"A_threshold",2800,0.7,0.0040822449132657,0.0031928655917716,0.00965999547845683,-0.0169225975332718,0.058985068718114,0.416071428571429,0,-0.0104285714285714
42,"A_threshold",3400,0.85,0.0104360439365754,0.00968092665446379,0.0150237385844061,-0.0271254394650721,0.0963418233919558,0.279411764705882,0.00411764705882353,-0.0102941176470588
42,"A_threshold",4000,1,0.00346502165638536,0.00271263041717732,0.0143233329303034,-0.0336094069404884,0.0866696207474881,0.47525,0.0285,-0.01026
42,"B_smooth_logistic",1000,0.25,-0.0222762349392758,-0.0223057581586549,0.0219940411420873,-0.0602610478582424,0.0160275024995633,0.8,0.535,-0.0376484599672279
42,"B_smooth_logistic",1600,0.4,-0.0160225316851823,-0.0158914231305415,0.0173209102192518,-0.0473812607363338,0.0126366291283233,0.770625,0.41625,-0.0375495119130154
42,"B_smooth_logistic",2200,0.55,-0.0292299741602067,-0.0292064806245337,0.0278965609109034,-0.0808680095145411,0.0154845607894792,0.808636363636364,0.567272727272727,-0.037272145913094
42,"B_smooth_logistic",2800,0.7,-0.0273886494252874,-0.0274173240699356,0.0207772472165542,-0.0635511193653936,0.00802813309004378,0.885714285714286,0.590714285714286,-0.0373139603877021
42,"B_smooth_logistic",3400,0.85,-0.0231372093055446,-0.0231558475315228,0.0174950223768209,-0.0527640646654231,0.00752528208469823,0.880588235294118,0.551176470588235,-0.0373939383952551
42,"B_smooth_logistic",4000,1,-0.0301624825997216,-0.0301822004832123,0.0214966882753805,-0.0671855032533227,0.00711950683500361,0.90525,0.634,-0.0374540656018789
43,"A_threshold",1000,0.25,-0.00458450871904145,-0.00427669758025997,0.0158065514234343,-0.0509289653574111,0.0465436906722797,0.612,0.165,-0.01024
43,"A_threshold",1600,0.4,-0.00551987153753514,-0.0052121925762104,0.0251362177920679,-0.0846046417114188,0.0829526594751332,0.584375,0.28125,-0.01015
43,"A_threshold",2200,0.55,-0.00359974841537318,-0.00337628991742519,0.0157932922071146,-0.0543604339357894,0.0524981818915457,0.588636363636364,0.149090909090909,-0.00994545454545455
43,"A_threshold",2800,0.7,-0.00123838914268791,-0.00106304389214632,0.0141668221482228,-0.0478618714151224,0.0532728619407412,0.539285714285714,0.0896428571428571,-0.00971428571428572
43,"A_threshold",3400,0.85,-0.00508298769571686,-0.00508700121018281,0.0117990937904636,-0.0465430488591124,0.038980560530937,0.664117647058823,0.102352941176471,-0.00982352941176471
43,"A_threshold",4000,1,-0.00705315344538286,-0.00701991927609817,0.0110383686758103,-0.0441431155243995,0.0348188248012345,0.736,0.1185,-0.01012
43,"B_smooth_logistic",1000,0.25,-0.0159911342623154,-0.0157982523478053,0.00840908649145609,-0.0311981874103814,-0.00183825613584788,1,0.35,-0.0366713138577588
43,"B_smooth_logistic",1600,0.4,-0.0207299790153299,-0.0205493305529746,0.00922546041214362,-0.0349164823097739,-0.00271922629629774,1,0.539375,-0.0369903540400679
43,"B_smooth_logistic",2200,0.55,-0.0386797203074733,-0.0386146863340121,0.0150222638810954,-0.061893991285068,-0.00968884936160015,1,0.85,-0.0370633802951601
43,"B_smooth_logistic",2800,0.7,-0.0389101484769631,-0.0388671883021947,0.0127360377731254,-0.0605906523040277,-0.0163953022893529,1,0.920357142857143,-0.0370149467308534
43,"B_smooth_logistic",3400,0.85,-0.0370227730504773,-0.036947413981237,0.0123066451503965,-0.0573449028240032,-0.0147197184793,1,0.886764705882353,-0.03723751880937
43,"B_smooth_logistic",4000,1,-0.0379772152208864,-0.0379345770496352,0.0162996671201304,-0.0654909156326385,-0.00888348659794794,1,0.8175,-0.0371482729758231
44,"A_threshold",1000,0.25,-0.0408360038567559,-0.0413678471882388,0.00368562528825554,-0.0439096870048049,-0.0156881270203984,1,0.996,-0.01028
44,"A_threshold",1600,0.4,-0.0260247743347271,-0.0259202235740822,0.00648163557865331,-0.0321393423725719,0.0171122096176906,0.991875,0.855,-0.0104
44,"A_threshold",2200,0.55,-0.0321835774663718,-0.0321072626892055,0.00425851146195932,-0.0378877826599603,-0.00736606156676045,1,0.984090909090909,-0.0101636363636364
44,"A_threshold",2800,0.7,-0.0326815296082595,-0.0326959052581136,0.00177549264324812,-0.0340553543227667,-0.0189552860867015,1,0.999642857142857,-0.0101714285714286
44,"A_threshold",3400,0.85,-0.0245172336947419,-0.0243112378009966,0.00817799758975487,-0.0404809187976489,0.0176953113744798,0.990294117647059,0.741764705882353,-0.0102705882352941
44,"A_threshold",4000,1,-0.0251550674536235,-0.0252857732878801,0.0105581899233674,-0.0478464888433358,0.027714018769518,0.978,0.734,-0.01019
44,"B_smooth_logistic",1000,0.25,-0.0247055811571941,-0.0247959343084187,0.0327715668996622,-0.0855001071097805,0.0301207685157471,0.721,0.541,-0.0367400128615072
44,"B_smooth_logistic",1600,0.4,-0.0439547561793065,-0.0439998245477231,0.0123942631339546,-0.0664588499795936,-0.0229954676368949,1,1,-0.03683924073072
44,"B_smooth_logistic",2200,0.55,-0.0422589920090315,-0.0424040452144403,0.0190449927070725,-0.0772041632272094,-0.0108665558649028,1,0.841363636363636,-0.0371111087598968
44,"B_smooth_logistic",2800,0.7,-0.0516882353301445,-0.0517087231169752,0.011982418028744,-0.0728159062947106,-0.0311174782322521,1,1,-0.0369242969607554
44,"B_smooth_logistic",3400,0.85,-0.0464399381114582,-0.0463541065596712,0.0188782338449141,-0.0779045123540298,-0.0121377263487037,1,0.888235294117647,-0.0371634499779574
44,"B_smooth_logistic",4000,1,-0.0506166200535957,-0.0506056902387316,0.0188210875101882,-0.0826342363126523,-0.0173070277883701,1,0.958,-0.037146764236952
45,"A_threshold",1000,0.25,-0.0184116086753004,-0.0183923861053193,0.00380518286028754,-0.0307445009940421,-0.00553726743240873,1,0.334,-0.0096
45,"A_threshold",1600,0.4,-0.0193192919385722,-0.0192300903897432,0.00292545311333985,-0.0289148816742015,-0.00961810314209822,1,0.39,-0.00955
45,"A_threshold",2200,0.55,-0.0158728453352132,-0.0158286347449174,0.0128921891495794,-0.0573792416053113,0.0283513240849275,0.890909090909091,0.369090909090909,-0.00965454545454546
45,"A_threshold",2800,0.7,-0.0213525891698166,-0.0214111364393262,0.00701173291810157,-0.0447555199294246,0.00492102724121195,0.997857142857143,0.596428571428571,-0.01
45,"A_threshold",3400,0.85,-0.0206541579079404,-0.0206733131504337,0.00710616247847823,-0.0453180042909426,0.00495207141120227,0.997058823529412,0.546470588235294,-0.0100705882352941
45,"A_threshold",4000,1,-0.0180746506874247,-0.0180642272579109,0.0107851017128391,-0.056414444011649,0.0202964994294414,0.952,0.43475,-0.01002
45,"B_smooth_logistic",1000,0.25,-0.0499119036438579,-0.0499053924670802,0.025272050127148,-0.0940274161947897,-0.0043995713268257,1,0.835,-0.0368318960797922
45,"B_smooth_logistic",1600,0.4,-0.0510483306970566,-0.0509792245689714,0.0146428956925125,-0.0755595189210982,-0.0242409608056518,1,1,-0.03700034597142
45,"B_smooth_logistic",2200,0.55,-0.0618887122521678,-0.0618878107863485,0.0153390341542999,-0.0866024522126309,-0.0329702111169817,1,1,-0.03749666778731
45,"B_smooth_logistic",2800,0.7,-0.0520301285868003,-0.0520298834325625,0.0136466488572245,-0.0741890293896411,-0.0263973500559676,1,1,-0.0376072284277057
45,"B_smooth_logistic",3400,0.85,-0.0521142634101509,-0.0521009826453361,0.0155460058347031,-0.0767138606463352,-0.0221141165886089,1,1,-0.0374256538628905
45,"B_smooth_logistic",4000,1,-0.0527187357146215,-0.0527108004065365,0.0148958735474286,-0.0773894425167462,-0.0253462914440216,1,1,-0.0373588406098986
46,"A_threshold",1000,0.25,0.0158653846153846,0.0180668809287468,0.00955732450480433,-0.0548369895514374,0.0262290158071659,0.05,0.008,-0.01008
46,"A_threshold",1600,0.4,-0.00641455571033037,-0.00493268705064885,0.00316020817535263,-0.0206557785756121,0.00130270476328375,0.9775,0.000625,-0.009575
46,"A_threshold",2200,0.55,-0.00721989415784029,-0.00577089362294505,0.019951920128016,-0.047922605768482,0.0937212997163338,0.662727272727273,0.258181818181818,-0.00972727272727273
46,"A_threshold",2800,0.7,-0.00188349308296358,-0.000841140877153826,0.0170315907524838,-0.0401142875591737,0.0785603318991793,0.564642857142857,0.116071428571429,-0.00978571428571429
46,"A_threshold",3400,0.85,-0.0041060391622614,-0.00314245014318522,0.0199459194733299,-0.0483333534393731,0.0906406926707226,0.607647058823529,0.195588235294118,-0.00974117647058824
46,"A_threshold",4000,1,-0.00888355342136854,-0.00812304149342641,0.018859971061827,-0.0533347973992811,0.0792979744374041,0.7035,0.28,-0.00971
46,"B_smooth_logistic",1000,0.25,-0.0429495461836626,-0.0426149170446963,0.0348355431706599,-0.0989651997045072,0.0216834711467376,0.85,0.697,-0.0370056150303702
46,"B_smooth_logistic",1600,0.4,-0.0404415441544154,-0.0405745139290424,0.0290390094947312,-0.090252582284442,0.00964737948348891,0.899375,0.705625,-0.0372045864325972
46,"B_smooth_logistic",2200,0.55,-0.0346092672748736,-0.0349245801003305,0.0284117027553337,-0.0850696201281754,0.0130211866569411,0.854090909090909,0.652272727272727,-0.037274151873232
46,"B_smooth_logistic",2800,0.7,-0.029933014354067,-0.0301662578612023,0.028015131325958,-0.0788383857143623,0.0186183167306285,0.814642857142857,0.609285714285714,-0.0374076890198134
46,"B_smooth_logistic",3400,0.85,-0.0272109267546757,-0.0271848826655168,0.029101304393386,-0.0754139352637404,0.0255320848756407,0.776470588235294,0.585,-0.0375321143606422
46,"B_smooth_logistic",4000,1,-0.03076171875,-0.0308006514088991,0.0215112537746254,-0.0669587486898873,0.00728672814827262,0.90475,0.65275,-0.037493414962729
47,"A_threshold",1000,0.25,-0.0514489012682138,-0.0505806946684939,0.0428604845171682,-0.151172447415233,0.228661885727787,0.888,0.79,-0.01028
47,"A_threshold",1600,0.4,-0.0284868166971304,-0.0274192779785637,0.0477603593794251,-0.120399440626995,0.336517028257137,0.765,0.631875,-0.009625
47,"A_threshold",2200,0.55,-0.0168788273082138,-0.0164033040065834,0.036254047967857,-0.106696969398053,0.214921643792235,0.706818181818182,0.497272727272727,-0.00965454545454546
47,"A_threshold",2800,0.7,-0.0220809239112679,-0.0220062559749724,0.0404442580827656,-0.120903854286499,0.246421899575971,0.740714285714286,0.565357142857143,-0.00974285714285714
47,"A_threshold",3400,0.85,-0.0305587050811885,-0.0304361343765354,0.0350699767745536,-0.121239265138313,0.199962749896538,0.82,0.655588235294118,-0.00992941176470588
47,"A_threshold",4000,1,-0.024012401240124,-0.0240487439003715,0.0318685076033415,-0.124455184477116,0.146094471561415,0.78575,0.56975,-0.00993
47,"B_smooth_logistic",1000,0.25,-0.0470656943649971,-0.0468763829053122,0.0370621069684403,-0.111294882018114,0.0184926229492272,0.866,0.718,-0.0380159547711259
47,"B_smooth_logistic",1600,0.4,-0.0533803380338034,-0.0532451989242132,0.042164515963069,-0.128162793508403,0.0200014120285241,0.86625,0.73375,-0.0377112618258581
47,"B_smooth_logistic",2200,0.55,-0.0613419850798702,-0.0614909762397801,0.0337467936421139,-0.122612488331928,-0.00427859552053886,1,0.862727272727273,-0.0377413960773485
47,"B_smooth_logistic",2800,0.7,-0.05313156136241,-0.0531290601381013,0.0373743763624091,-0.121043609075028,0.00984629312202667,0.921071428571429,0.7625,-0.0377644998570266
47,"B_smooth_logistic",3400,0.85,-0.0454651225603244,-0.0454372415564862,0.0303069757868666,-0.0993672154995568,0.00713629477721714,0.937647058823529,0.748235294117647,-0.0375552161112859
47,"B_smooth_logistic",4000,1,-0.0446508576548899,-0.044634362288309,0.0253419150139586,-0.0888827099141102,-0.000303059163058783,1,0.78725,-0.0375568913255077
48,"A_threshold",1000,0.25,-0.0396128345583969,-0.0399179880723149,0.0128610039180343,-0.0509726024813568,0.06778368790738,0.987,0.927,-0.00908
48,"A_threshold",1600,0.4,-0.0211414508379234,-0.0214244056086608,0.0114614222597653,-0.0377312229151834,0.0557059211363913,0.94875,0.64625,-0.009375
48,"A_threshold",2200,0.55,-0.0307668399264638,-0.0310451766007057,0.0166238333126419,-0.0623781481568038,0.0776289683333802,0.954090909090909,0.780909090909091,-0.00950909090909091
48,"A_threshold",2800,0.7,-0.031140062420947,-0.0315873083149565,0.0179947813875503,-0.0652799019523901,0.0887605849988949,0.946785714285714,0.780357142857143,-0.00961428571428571
48,"A_threshold",3400,0.85,-0.0244256975989617,-0.0247819736540834,0.018934531136788,-0.0646724794860514,0.0922083102639653,0.902647058823529,0.658823529411765,-0.00983529411764706
48,"A_threshold",4000,1,-0.0203406782309736,-0.0206863410838703,0.0233205462903339,-0.0752061082715051,0.11600581370302,0.824,0.56675,-0.00997
48,"B_smooth_logistic",1000,0.25,-0.0397669057377049,-0.039797444845615,0.00138596424229552,-0.0421936481553262,-0.0374324415200622,1,1,-0.0371404629162265
48,"B_smooth_logistic",1600,0.4,-0.0313410885061837,-0.0313562741882978,0.00548074665198281,-0.0404655859437764,-0.0217363130361791,1,1,-0.0373754412530984
48,"B_smooth_logistic",2200,0.55,-0.0271124795933128,-0.0271260655622901,0.00515567206703839,-0.035819138524199,-0.0181541779061084,1,0.898636363636364,-0.0372932773176856
48,"B_smooth_logistic",2800,0.7,-0.0263487856196216,-0.0264214438711307,0.000531506929980938,-0.0271202811224858,-0.0252987988946491,1,1,-0.0373246372322282
48,"B_smooth_logistic",3400,0.85,-0.0227619692207186,-0.0227300971326609,0.00217150105835253,-0.0257804550684822,-0.0182647285637822,1,0.850588235294118,-0.0373311741244392
48,"B_smooth_logistic",4000,1,-0.026123913274458,-0.0260240615981073,0.00119079030216218,-0.0280471272308276,-0.0239453296478463,1,1,-0.037425772425939
49,"A_threshold",1000,0.25,0.0233294930875576,0.0236781233286642,0.0227335319040862,-0.0199970083765141,0.137105607464971,0.137,0,-0.00952
49,"A_threshold",1600,0.4,0.0148164584257865,0.0145658955366882,0.0337135614948677,-0.073288685101544,0.15522592780454,0.341875,0.151875,-0.009875
49,"A_threshold",2200,0.55,0.011160478155083,0.0109589493193671,0.0255849211808984,-0.0572627027985386,0.114664844619128,0.345909090909091,0.104545454545455,-0.0101090909090909
49,"A_threshold",2800,0.7,0.014255982129509,0.0138344106558594,0.0238639703589724,-0.043323755875643,0.135090714447564,0.298214285714286,0.0539285714285714,-0.0101142857142857
49,"A_threshold",3400,0.85,0.00443885262511004,0.00445189164948649,0.0248810733298122,-0.0535438871780264,0.138608069692115,0.474117647058824,0.158823529411765,-0.0101176470588235
49,"A_threshold",4000,1,-0.0013383707879636,-0.00125509144511221,0.0193783974737706,-0.0489616779187334,0.0999415444338604,0.57125,0.162,-0.00998
49,"B_smooth_logistic",1000,0.25,-0.00308277449704733,-0.00201099546984129,0.000466366329042839,-0.00291314311491006,-0.00128624723784782,1,0,-0.0371135357364677
49,"B_smooth_logistic",1600,0.4,-0.011521342302018,-0.0105451188429337,0.00726526001094942,-0.0255692051590534,-4.0846691954477e-05,1,0.139375,-0.0373833830476427
49,"B_smooth_logistic",2200,0.55,-0.0245454545454546,-0.023982889173559,0.00831511309365511,-0.0400630936162219,-0.0108824852644051,1,0.618181818181818,-0.0373863639758179
49,"B_smooth_logistic",2800,0.7,-0.0253322591787411,-0.0249384336807078,0.00628576835832359,-0.036539078551166,-0.0145420366975285,1,0.722857142857143,-0.0374427237912027
49,"B_smooth_logistic",3400,0.85,-0.0235882892132081,-0.0229783588137215,0.00961801734665504,-0.0414167556892809,-0.00775764955657314,1,0.569705882352941,-0.037327260701041
49,"B_smooth_logistic",4000,1,-0.0275034821892676,-0.0272907904899163,0.0112349083794711,-0.0481892800289617,-0.00882284176926404,1,0.682,-0.0374802322960461
50,"A_threshold",1000,0.25,-0.0452523116722932,-0.045252333684817,0.00629663661721785,-0.0656761896721283,-0.0261039206195554,1,1,-0.0092
50,"A_threshold",1600,0.4,-0.0218586936776101,-0.0219031571705847,0.00259070992409991,-0.0291438567773998,-0.012486644668858,1,0.7725,-0.009675
50,"A_threshold",2200,0.55,-0.0192929346458049,-0.0193100543602741,0.00811004206399103,-0.0460102846332006,0.00906412337094335,0.991363636363636,0.455,-0.0100545454545455
50,"A_threshold",2800,0.7,-0.0168452454890126,-0.0168200229255628,0.00965383873889771,-0.0516567253984733,0.0146265590681056,0.964642857142857,0.362142857142857,-0.0097
50,"A_threshold",3400,0.85,-0.0213457616518083,-0.0213558812214894,0.00966126297866191,-0.0548216974514795,0.0119796745070096,0.987058823529412,0.547941176470588,-0.00964705882352941
50,"A_threshold",4000,1,-0.0238484202901052,-0.0238384716503529,0.0132899636146365,-0.0674091989344876,0.0249377567925567,0.95875,0.61925,-0.00962
50,"B_smooth_logistic",1000,0.25,-0.0325445207123314,-0.0318731956884195,0.000826257159245479,-0.0327429601420045,-0.0300607339749712,1,1,-0.0375071030497319
50,"B_smooth_logistic",1600,0.4,-0.0364832807117133,-0.0364097544757298,0.00359397041609609,-0.042835582315959,-0.0304846592097839,1,1,-0.0373955511873653
50,"B_smooth_logistic",2200,0.55,-0.037161589212219,-0.0371642380173286,0.00125797722922269,-0.0393337554961497,-0.0349931882814512,1,1,-0.0372336363285812
50,"B_smooth_logistic",2800,0.7,-0.0396555023923445,-0.0395519918423653,0.000502274551307561,-0.040371240035764,-0.0386328801036897,1,1,-0.0371678845351138
50,"B_smooth_logistic",3400,0.85,-0.0452403618066247,-0.0451434075417267,0.000869700392368147,-0.04666222833953,-0.0436409245848764,1,1,-0.0370519720148277
50,"B_smooth_logistic",4000,1,-0.0420730105182526,-0.0420276811426839,0.00118508151106849,-0.044028662324706,-0.0398911839563611,1,1,-0.0370309239959347
51,"A_threshold",1000,0.25,0.00557224867714254,0.00539226159600878,0.0340792510572779,-0.0941994661407505,0.161333396964131,0.456,0.238,-0.01024
51,"A_threshold",1600,0.4,-0.00426096280828489,-0.00429521756374768,0.0240674890715909,-0.0799187238485281,0.0946024829511345,0.568125,0.2525,-0.010325
51,"A_threshold",2200,0.55,-0.00956109069100157,-0.00960456950224689,0.025890805234603,-0.0925942128477208,0.091569382621392,0.643181818181818,0.332727272727273,-0.0103272727272727
51,"A_threshold",2800,0.7,-0.00940417745611383,-0.00942726012143564,0.0261983590100807,-0.126183250909669,0.0948164920212969,0.6425,0.3375,-0.0103428571428571
51,"A_threshold",3400,0.85,-0.0118473895582329,-0.0118630029692536,0.0258810895702596,-0.125830927051164,0.0919948321281781,0.673235294117647,0.377058823529412,-0.0102823529411765
51,"A_threshold",4000,1,-0.0129057242696062,-0.0129473701190888,0.0278700210559587,-0.138565665526168,0.0978789156693624,0.674,0.39625,-0.01022
51,"B_smooth_logistic",1000,0.25,-0.0197553790983607,-0.0195113066392275,0.00317511756675567,-0.0253569477170839,-0.0142447847359537,1,0.442,-0.037429025253501
51,"B_smooth_logistic",1600,0.4,-0.0276088208054867,-0.0275118115284203,0.0114015317222341,-0.0486463738049726,-0.00827522154767427,1,0.688125,-0.0373914502013339
51,"B_smooth_logistic",2200,0.55,-0.0274927155876093,-0.0273880744291138,0.0057380617860386,-0.0378744414126918,-0.0177963021445258,1,0.882272727272727,-0.0373063064956342
51,"B_smooth_logistic",2800,0.7,-0.022825570639266,-0.0227844174467026,0.00609336288369966,-0.0342654755205543,-0.0128501853311372,1,0.62,-0.0371379009155862
51,"B_smooth_logistic",3400,0.85,-0.0217263375938611,-0.021596906173741,0.00358391458946214,-0.0283359818426328,-0.015794388686731,1,0.616176470588235,-0.0371935040081237
51,"B_smooth_logistic",4000,1,-0.0203166413674721,-0.0202590092383205,0.00389454553506917,-0.0276215750720501,-0.0140261027820453,1,0.4945,-0.0371544429436535
52,"A_threshold",1000,0.25,-0.00903377061904133,-0.00810249601351659,0.0199235677913876,-0.0837421273325519,0.0418383912149846,0.641,0.273,-0.0102
52,"A_threshold",1600,0.4,-0.00575044026808302,-0.00618256380664316,0.00997854304212476,-0.0354853320081714,0.0388173618519513,0.741875,0.07625,-0.0104
52,"A_threshold",2200,0.55,-0.00671241888402938,-0.00731042031240174,0.00793957751806315,-0.0286458243241565,0.030717183174761,0.822272727272727,0.0395454545454545,-0.0100909090909091
52,"A_threshold",2800,0.7,-0.00888320405552882,-0.00920113579880715,0.00662704023968323,-0.0285582480297833,0.0202538501248239,0.9125,0.0428571428571429,-0.0101142857142857
52,"A_threshold",3400,0.85,-0.0124167636690284,-0.0127564452564235,0.0133402339278267,-0.0494926170845988,0.0504613626157773,0.833823529411765,0.302647058823529,-0.0102705882352941
52,"A_threshold",4000,1,-0.0117737764909971,-0.0121165687838947,0.0144412626266494,-0.0541075031635839,0.055579355009279,0.80625,0.2985,-0.01003
52,"B_smooth_logistic",1000,0.25,-0.0573657365736574,-0.0574689843630438,0.042696195185881,-0.140673448313077,0.00939829687153468,0.927,0.751,-0.0376386464900682
52,"B_smooth_logistic",1600,0.4,-0.0595737631645983,-0.0598758604264247,0.0298106502281518,-0.116709501534085,-0.0130967171440873,1,0.915625,-0.0376676094047481
52,"B_smooth_logistic",2200,0.55,-0.0623173730652394,-0.0623730144903266,0.028512639142394,-0.114986209288798,-0.0168535840670399,1,0.955909090909091,-0.0375598390149267
52,"B_smooth_logistic",2800,0.7,-0.0553624920213539,-0.0555462428415428,0.0153066008137925,-0.0841172768299938,-0.0311035849185264,1,1,-0.0374666918866684
52,"B_smooth_logistic",3400,0.85,-0.0575763458698811,-0.0577941802461977,0.0170160036823898,-0.0892812360710342,-0.0303656506432904,1,1,-0.0373266761668322
52,"B_smooth_logistic",4000,1,-0.0540219447900124,-0.0541752745396388,0.0184388216352257,-0.0879967990685963,-0.0240047572625563,1,1,-0.0373387465411594
53,"A_threshold",1000,0.25,-0.00915232948386142,-0.00877284862699511,0.018991950095877,-0.0685246761947439,0.0674280768740164,0.696,0.281,-0.00996
53,"A_threshold",1600,0.4,-0.000481253007831292,0.00123250884474316,0.0131256878775159,-0.0272738069501142,0.0657518913451704,0.518125,0.0175,-0.01005
53,"A_threshold",2200,0.55,-0.00892857142857144,-0.00779164223480405,0.0138045104793882,-0.0392711332077145,0.0659714292674072,0.749090909090909,0.187727272727273,-0.00974545454545454
53,"A_threshold",2800,0.7,-0.00824732166187614,-0.00786612995649326,0.027294319267705,-0.0913577666266754,0.115620473349435,0.638571428571429,0.338928571428571,-0.00982857142857143
53,"A_threshold",3400,0.85,-0.00774852526057998,-0.00759648254323049,0.034763819732554,-0.124310246930818,0.13997216316256,0.6,0.375,-0.0100588235294118
53,"A_threshold",4000,1,-0.00934134515370212,-0.00904162941867262,0.0314371742591427,-0.105221293757423,0.135781131359545,0.6405,0.39075,-0.0101
53,"B_smooth_logistic",1000,0.25,-0.0232672613544956,-0.0231730782495093,0.00832140384915982,-0.0370698490255925,-0.00828233729217535,1,0.614,-0.0375030978118642
53,"B_smooth_logistic",1600,0.4,-0.0132737057862835,-0.0132743401282149,0.00875974804544073,-0.0286132955268511,0.00246011180916797,0.930625,0.28,-0.0373165810593102
53,"B_smooth_logistic",2200,0.55,-0.0103471306095863,-0.0104622142516233,0.00576497115004342,-0.0210145467258253,-0.000777345515717731,1,0.0427272727272727,-0.037221636771838
53,"B_smooth_logistic",2800,0.7,-0.017396486415883,-0.0175220235506667,0.0131837477735739,-0.0418278074139615,0.00431771887270267,0.895714285714286,0.43,-0.0372066497166555
53,"B_smooth_logistic",3400,0.85,-0.0128462125922919,-0.0128847177386316,0.0127015961156245,-0.0357458108168888,0.00867260067908789,0.794411764705882,0.334117647058824,-0.0372542332766976
53,"B_smooth_logistic",4000,1,-0.019,-0.0190494105334534,0.0124177864749309,-0.0413854681269279,0.00197615474162402,0.95375,0.47,-0.0371852168555928
54,"A_threshold",1000,0.25,-0.00865384615384615,-0.00702287670592804,0.0314580598668763,-0.0525529110868964,0.166154071932904,0.698,0.411,-0.00924
54,"A_threshold",1600,0.4,-0.00263573486761066,-0.000788159728505119,0.0409096085195367,-0.0538188590165657,0.240667247992496,0.62375,0.385,-0.0096
54,"A_threshold",2200,0.55,-0.00155577623303542,0.000416189326871722,0.0263828994150395,-0.0446144857957879,0.140769033069671,0.569545454545455,0.223636363636364,-0.00976363636363636
54,"A_threshold",2800,0.7,-0.00830404119098885,-0.00721991856253354,0.0243450329832771,-0.0563006550672868,0.12970171607051,0.685357142857143,0.34,-0.00967142857142857
54,"A_threshold",3400,0.85,-0.0110580067100767,-0.00998903200520613,0.0212550788493603,-0.048839000718161,0.115879965195843,0.741470588235294,0.368529411764706,-0.00963529411764706
54,"A_threshold",4000,1,-0.00552563037393008,-0.00482601301164555,0.0126983144589887,-0.0289909736312025,0.0678932036257217,0.71275,0.07275,-0.00943
54,"B_smooth_logistic",1000,0.25,-0.0415738797481536,-0.0414868361212392,0.0442442884804396,-0.118512040750381,0.035000503260107,0.785,0.638,-0.0374046568909797
54,"B_smooth_logistic",1600,0.4,-0.0360266187915919,-0.0361757425012736,0.0251212905652113,-0.0847387339722598,0.00238404881550205,0.950625,0.67,-0.0374381382325881
54,"B_smooth_logistic",2200,0.55,-0.0318181818181818,-0.0318719016362682,0.029634807414609,-0.0889664616200569,0.0129231671059048,0.821818181818182,0.581818181818182,-0.0372193945648498
54,"B_smooth_logistic",2800,0.7,-0.0314464959560482,-0.0314681557618752,0.0278689528193954,-0.0825140710772103,0.0138777845563382,0.83,0.606071428571429,-0.0372392253168395
54,"B_smooth_logistic",3400,0.85,-0.0346034603460346,-0.0346979759411782,0.0273373608324104,-0.0858305235129553,0.00893956672640971,0.879411764705882,0.642941176470588,-0.0373463134559159
54,"B_smooth_logistic",4000,1,-0.0363031154106205,-0.0365763537602718,0.0270949854777087,-0.0866700091795626,0.00720462467259279,0.90425,0.67075,-0.0373670546056256
55,"A_threshold",1000,0.25,-0.0251300520208083,-0.0248703595658617,0.0378498903113474,-0.182374397379522,0.103735794980131,0.751,0.548,-0.00908
55,"A_threshold",1600,0.4,-0.0116424441318956,-0.0116615675850382,0.0352506876831141,-0.144011045320981,0.110919564554256,0.636875,0.418125,-0.009575
55,"A_threshold",2200,0.55,-0.0122717234630592,-0.0123401818060137,0.0304391766739331,-0.118791216771705,0.111277806629812,0.671363636363636,0.413181818181818,-0.00961818181818182
55,"A_threshold",2800,0.7,-0.0103374839433704,-0.0104276114379456,0.0289131574766512,-0.100668754258694,0.122495153069553,0.668928571428571,0.390714285714286,-0.00954285714285714
55,"A_threshold",3400,0.85,-0.0108310709468031,-0.0109264656478515,0.0272345174431056,-0.0914174062439108,0.120009288538895,0.688529411764706,0.394411764705882,-0.00976470588235294
55,"A_threshold",4000,1,-0.00830170273701061,-0.00829283208271163,0.0253762933057859,-0.0843965835215434,0.111153298578812,0.65775,0.3395,-0.00988
55,"B_smooth_logistic",1000,0.25,-0.000628203537946292,-0.000992434882193439,0.00625277250067613,-0.013538529608543,0.00859025755428994,0.521,0,-0.0376888513379995
55,"B_smooth_logistic",1600,0.4,-0.0213098729227762,-0.0212517900088445,0.010121194710292,-0.040711126376615,-0.00576027562459013,1,0.513125,-0.0374589782517898
55,"B_smooth_logistic",2200,0.55,-0.0328911027979268,-0.0328708922032208,0.00279711202521863,-0.037849269556002,-0.0281370243071955,1,1,-0.0373527487840807
55,"B_smooth_logistic",2800,0.7,-0.0251672097410393,-0.0253158924720779,0.0056631015699358,-0.0359454567530981,-0.0162229696289114,1,0.7675,-0.0373808294081916
55,"B_smooth_logistic",3400,0.85,-0.0269262547165338,-0.0270221143284431,0.0113098091855709,-0.0481173339229756,-0.00889987837775204,1,0.668235294117647,-0.0373843829407856
55,"B_smooth_logistic",4000,1,-0.0256751066879092,-0.0258192384125938,0.0123458633323366,-0.0489764236213837,-0.00613126643009412,1,0.6225,-0.0373219916793951
56,"A_threshold",1000,0.25,0.0103054839896945,0.0108863804573452,0.0137061607316218,-0.0424323306707825,0.0408240714344988,0.191,0.024,-0.00872
56,"A_threshold",1600,0.4,-0.00433682123822969,-0.00336198441021459,0.00399325751150387,-0.0116412128467222,0.0130327431440859,0.81,0,-0.00885
56,"A_threshold",2200,0.55,-0.00616212032507417,-0.00517982583305592,0.0103194522958669,-0.0265065410580828,0.0430928578735977,0.741818181818182,0.0368181818181818,-0.00890909090909091
56,"A_threshold",2800,0.7,-0.0101278106206668,-0.00947689671837543,0.0213100967285955,-0.0604050238389829,0.110664423710624,0.715,0.347142857142857,-0.00914285714285714
56,"A_threshold",3400,0.85,-0.00801330888015912,-0.00792825253406751,0.0157644311639585,-0.0472600387854032,0.0776641349369278,0.731470588235294,0.228529411764706,-0.0092
56,"A_threshold",4000,1,-0.0161811407566703,-0.0162501308818527,0.0164796090087274,-0.0596655753090336,0.0700448474077159,0.83975,0.449,-0.00946
56,"B_smooth_logistic",1000,0.25,-0.0201923076923077,-0.0201892117225008,0.0050319287469273,-0.0290251828431681,-0.0116208305900164,1,0.502,-0.0369157284545322
56,"B_smooth_logistic",1600,0.4,-0.0329375178914733,-0.0328262894781821,0.0197699201310474,-0.0689134811066081,-0.000220895917455846,1,0.68125,-0.036691796654079
56,"B_smooth_logistic",2200,0.55,-0.0324843799639945,-0.032478671540758,0.0185572053076297,-0.0642427073885545,0.000415983307351819,0.994545454545455,0.695909090909091,-0.0371234863201261
56,"B_smooth_logistic",2800,0.7,-0.0360987811756628,-0.0360907319526365,0.016520000967225,-0.0644972314679146,-0.00689944556796548,1,0.786071428571429,-0.0371353840367433
56,"B_smooth_logistic",3400,0.85,-0.0322827664731148,-0.032301618162937,0.0144977212960021,-0.057201730868786,-0.00656670353823467,1,0.749117647058824,-0.037098663151676
56,"B_smooth_logistic",4000,1,-0.0357690087979709,-0.0358071924494106,0.0130706817223734,-0.0579462386537625,-0.0125460253562207,1,0.84875,-0.0372740173000522
57,"A_threshold",1000,0.25,0.0125864669475217,0.0123144773483241,0.0235088692891303,-0.0594728267493171,0.0961284166750927,0.305,0.087,-0.00968
57,"A_threshold",1600,0.4,-0.000707946346106061,-0.000786573792652065,0.0229632170665906,-0.0719471602152825,0.0816077984938076,0.515625,0.19125,-0.00965
57,"A_threshold",2200,0.55,-0.00121328731437036,-0.00114526103162346,0.0140064563233263,-0.0492299910353521,0.0446761622042065,0.522727272727273,0.0940909090909091,-0.00941818181818182
57,"A_threshold",2800,0.7,-0.00398980406082461,-0.00393787366235961,0.0154295129046196,-0.0559761629654018,0.0466209392267093,0.6,0.141071428571429,-0.00964285714285714
57,"A_threshold",3400,0.85,0.00129550217837446,0.00127842796399073,0.0116706789290018,-0.0362793632916249,0.0415067001007082,0.46,0.0358823529411765,-0.00957647058823529
57,"A_threshold",4000,1,-0.0038010038010038,-0.00385244414370782,0.0150219224223139,-0.0502231752834997,0.050664179141052,0.6085,0.1375,-0.00965
57,"B_smooth_logistic",1000,0.25,-0.0582001688817388,-0.058271046350362,0.0090542027811483,-0.0712589844655998,-0.0403548023070463,1,1,-0.0369086372765495
57,"B_smooth_logistic",1600,0.4,-0.0466386659666492,-0.0466380301062557,0.0103054885358063,-0.0642651127354576,-0.0289462165382083,1,1,-0.0370300054339483
57,"B_smooth_logistic",2200,0.55,-0.0313459000147944,-0.0313130144354594,0.0100827346721069,-0.0488548655707994,-0.0140952401664473,1,0.831818181818182,-0.0373179660446242
57,"B_smooth_logistic",2800,0.7,-0.0286975987785954,-0.0287586728392689,0.0070021486686092,-0.0411289738946,-0.0169593560848154,1,0.868214285714286,-0.0374323033973772
57,"B_smooth_logistic",3400,0.85,-0.032875756552171,-0.032907535162123,0.0152133474462527,-0.0589848035066452,-0.00663939323354881,1,0.742647058823529,-0.0375113697464217
57,"B_smooth_logistic",4000,1,-0.0325550554060775,-0.032568377883388,0.02513941414545,-0.0756780758576502,0.0109347874072352,0.87425,0.639,-0.0374109151985538
58,"A_threshold",1000,0.25,0.000104183780188255,0.000566360449308022,0.00341646524266228,-0.00693481988190392,0.0177637252837644,0.469,0,-0.01096
58,"A_threshold",1600,0.4,0.0100290116046419,0.0101620798811791,0.00448213329178835,-0.00160327259816785,0.0298152991311826,0.00375,0,-0.010575
58,"A_threshold",2200,0.55,0.000482773899788042,0.000660260476971533,0.00978613629650743,-0.0262655129000534,0.0456415369480098,0.504090909090909,0.00636363636363636,-0.0103272727272727
58,"A_threshold",2800,0.7,-0.0032704231805146,-0.00282102835861977,0.00773899838777878,-0.0232408949233731,0.0345965397515757,0.671428571428571,0.00321428571428571,-0.0102142857142857
58,"A_threshold",3400,0.85,-0.013533340253988,-0.0133766431734435,0.0126757227786023,-0.0503449306317091,0.0419090835739421,0.860882352941176,0.307352941176471,-0.0101882352941176
58,"A_threshold",4000,1,-0.0106407875352918,-0.010638193284615,0.0144548962629817,-0.0568600433274302,0.0478199047989627,0.77725,0.26725,-0.01023
58,"B_smooth_logistic",1000,0.25,-0.0254054749160116,-0.0250455683118306,0.00353047912993567,-0.0320259805396302,-0.0192934737177265,1,0.926,-0.0365517888385082
58,"B_smooth_logistic",1600,0.4,-0.0331493874995108,-0.0328655168357789,0.00725103224113371,-0.0467038848419907,-0.020801943904803,1,1,-0.036700460461082
58,"B_smooth_logistic",2200,0.55,-0.041656314699793,-0.0416495979081626,0.00895886518336271,-0.0577652775951596,-0.0257978302226369,1,1,-0.0366292586864498
58,"B_smooth_logistic",2800,0.7,-0.0376098957268452,-0.0376414666734172,0.00118782268955198,-0.0395733367125114,-0.0353589538040888,1,1,-0.0366762735435983
58,"B_smooth_logistic",3400,0.85,-0.0401925224421957,-0.0402040556808138,0.0010110387497538,-0.0419326223412163,-0.0383677309580215,1,1,-0.0367575294959794
58,"B_smooth_logistic",4000,1,-0.0350773090201904,-0.0351266493208181,0.00267270245760738,-0.0399108457181155,-0.0304851032212798,1,1,-0.0367998269569527
59,"A_threshold",1000,0.25,0.0231087385177704,0.0230474096554761,0.0375144742712732,-0.123926116776793,0.177371230426971,0.266,0.119,-0.0102
59,"A_threshold",1600,0.4,0.0283846453837949,0.0284872083541973,0.0138510074049745,-0.0123086710164935,0.104454042024122,0.0125,0,-0.009925
59,"A_threshold",2200,0.55,0.0248729217409721,0.0249060846971625,0.0138645775553739,-0.0135827321137257,0.10645827610715,0.0263636363636364,0,-0.00998181818181818
59,"A_threshold",2800,0.7,0.015006368072549,0.0154341738777226,0.0160075117341273,-0.0259019623303421,0.119235101921946,0.161428571428571,0.00357142857142857,-0.00964285714285714
59,"A_threshold",3400,0.85,0.00921703669638356,0.00941667884977711,0.0141463780336247,-0.0255808540805655,0.103925499254314,0.269411764705882,0.00411764705882353,-0.00961176470588235
59,"A_threshold",4000,1,0.00723924787463877,0.00767982990837967,0.0148356775609445,-0.0282860781505273,0.109424839998707,0.33,0.01075,-0.00972
59,"B_smooth_logistic",1000,0.25,-0.00237259334070761,-0.00228927719358309,0.0136120243019533,-0.0264434780503178,0.0219610972834826,0.553,0.123,-0.0369190534108473
59,"B_smooth_logistic",1600,0.4,-0.0140111932996752,-0.0141753363220532,0.019034817900101,-0.0487608527572774,0.0183074506892904,0.735,0.393125,-0.0372942842641778
59,"B_smooth_logistic",2200,0.55,-0.0197077347329462,-0.0196749779259658,0.0156876578693671,-0.0462234098435546,0.00869040346023936,0.858181818181818,0.494090909090909,-0.0375689487979499
59,"B_smooth_logistic",2800,0.7,-0.0249754851283269,-0.024915236541053,0.0152885412377221,-0.0505478611330509,0.00278150721782421,0.95,0.603214285714286,-0.0373907756566617
59,"B_smooth_logistic",3400,0.85,-0.0238339999361837,-0.0238480513326972,0.00863355294027021,-0.0389379357501563,-0.00876826743199557,1,0.630882352941176,-0.0373269615990099
59,"B_smooth_logistic",4000,1,-0.0280643788641085,-0.0280616913514492,0.00466983582457513,-0.0361955656209962,-0.0199195021901848,1,0.9945,-0.0371543956312789
60,"A_threshold",1000,0.25,-0.00670571666346585,-0.00672301988449747,0.0106385663551021,-0.0339946190311531,0.0316564282405704,0.737,0.101,-0.01048
60,"A_threshold",1600,0.4,-0.00539022880333169,-0.00502816750534162,0.013568206608361,-0.038860416775123,0.044473751248923,0.670625,0.1275,-0.010375
60,"A_threshold",2200,0.55,-0.00924970908706231,-0.00895534545321658,0.0157155665624057,-0.0471210868660642,0.0521717483840179,0.724090909090909,0.251818181818182,-0.01
60,"A_threshold",2800,0.7,-0.00367311098060685,-0.00339818033891075,0.0183949103730819,-0.0518198346589631,0.0692950734232236,0.594642857142857,0.185714285714286,-0.0101428571428571
60,"A_threshold",3400,0.85,-0.00401663123394455,-0.00383047361867344,0.0194885512513304,-0.053887317617977,0.0768847643176232,0.600588235294118,0.211176470588235,-0.0101764705882353
60,"A_threshold",4000,1,-0.00994520139032815,-0.00961088274493638,0.0209023790450398,-0.0613363345192756,0.0802786947767607,0.70025,0.32875,-0.01017
60,"B_smooth_logistic",1000,0.25,-0.0430350169643429,-0.0432959393840984,0.00207166051802055,-0.0468634105753355,-0.0397769295147018,1,1,-0.0374917717175521
60,"B_smooth_logistic",1600,0.4,-0.04375,-0.0438256395873228,0.00526387892806688,-0.052195144951803,-0.0342023442503745,1,1,-0.0372456883113431
60,"B_smooth_logistic",2200,0.55,-0.0390985946230133,-0.0392074002145438,0.00370582444149715,-0.0457474079836765,-0.0330332046575618,1,1,-0.0372347712023146
60,"B_smooth_logistic",2800,0.7,-0.0319796871428105,-0.032223828444944,0.00605009315431845,-0.0418317263518264,-0.0209886777067122,1,1,-0.0373275814675434
60,"B_smooth_logistic",3400,0.85,-0.033847638383523,-0.0339694193231352,0.00202796303822708,-0.0375501140738478,-0.0305460877184849,1,1,-0.0373526315771565
60,"B_smooth_logistic",4000,1,-0.0374020256451031,-0.0375381166401999,0.0030301673986706,-0.0429211795944696,-0.0324679958735539,1,1,-0.0374169897245094
61,"A_threshold",1000,0.25,-0.0162464985994398,-0.0162429782188582,0.00664074537525623,-0.0336572890994852,0.00591528429291405,0.99,0.298,-0.01012
61,"A_threshold",1600,0.4,-0.0132072611809342,-0.0132782747540871,0.00124865264901809,-0.0174447662563949,-0.0100219643416139,1,0,-0.010175
61,"A_threshold",2200,0.55,-0.011614827108261,-0.0121227137381052,0.00832537115174637,-0.0308694925713412,0.0201469296122806,0.921363636363636,0.176363636363636,-0.0104727272727273
61,"A_threshold",2800,0.7,-0.00602041706657361,-0.00632626654725502,0.00209684804905968,-0.01128908852141,0.00149732689317991,0.995,0,-0.0102714285714286
61,"A_threshold",3400,0.85,9.48108696163658e-05,8.95467362694485e-06,0.0014184119163249,-0.00333924283673805,0.00585297323614671,0.520294117647059,0,-0.0104117647058824
61,"A_threshold",4000,1,0.00567206948285116,0.00549576922445089,0.006371782157271,-0.0120088926368379,0.0341065627716358,0.20575,0,-0.01033
61,"B_smooth_logistic",1000,0.25,-0.0558549475697237,-0.0565498977584202,0.0189095736909628,-0.0912669140756964,-0.0273552564137997,1,1,-0.0376767103745985
61,"B_smooth_logistic",1600,0.4,-0.0315682806569805,-0.0316554918979446,0.0136005029950748,-0.0578207227976092,-0.011143765791568,1,0.745,-0.0373372378522248
61,"B_smooth_logistic",2200,0.55,-0.0411770932571187,-0.0408464201948664,0.0243994156583626,-0.0878462788311804,-0.00444611986145196,1,0.744545454545455,-0.0374102966617959
61,"B_smooth_logistic",2800,0.7,-0.0458467802097406,-0.0456820538958919,0.0175344858152661,-0.0786800580221455,-0.0184112363003717,1,0.958571428571429,-0.0371860659667383
61,"B_smooth_logistic",3400,0.85,-0.0410501389989651,-0.0410775322618587,0.0195193246358735,-0.0774138308619275,-0.0104216013959415,1,0.814411764705882,-0.0372235679438785
61,"B_smooth_logistic",4000,1,-0.0363809554303279,-0.0366008745095022,0.0125375424872463,-0.0597183497421589,-0.0167359836238805,1,0.89825,-0.0371713574551026
62,"A_threshold",1000,0.25,-0.0140660255076731,-0.013979982694755,0.00603441993557677,-0.0294421438608152,0.0112444507485844,0.986,0.15,-0.00996
62,"A_threshold",1600,0.4,0.00459510074957874,0.004721934047112,0.0202312039883363,-0.0432716547153741,0.1067873732785,0.4525,0.091875,-0.01005
62,"A_threshold",2200,0.55,-0.00604581920436688,-0.00589119924868275,0.0152741434429449,-0.0437786584993817,0.0692007551945414,0.685909090909091,0.169090909090909,-0.00987272727272727
62,"A_threshold",2800,0.7,-0.00385006059287563,-0.00375794119217947,0.0144167568780435,-0.0462861193993547,0.0601175670673536,0.627857142857143,0.12,-0.00984285714285714
62,"A_threshold",3400,0.85,-0.0120184959588123,-0.0118853966416981,0.0197672727150706,-0.0699445542703451,0.0758873910313958,0.732941176470588,0.349705882352941,-0.01
62,"A_threshold",4000,1,-0.0155506280561415,-0.0153074836203429,0.014557765781907,-0.0544680579758149,0.0546126299249695,0.8465,0.399,-0.01004
62,"B_smooth_logistic",1000,0.25,-0.00292218333994733,-0.00383180754840597,0.00702969214064521,-0.0186810154557276,0.00628191900516317,0.631,0,-0.0365483863112194
62,"B_smooth_logistic",1600,0.4,-0.0246373344964894,-0.0250191869685796,0.0240380829502229,-0.0721591955551779,0.0121525818727582,0.81125,0.528125,-0.0367112428452916
62,"B_smooth_logistic",2200,0.55,-0.0303998623901768,-0.0309239869034908,0.0169062268054717,-0.0635264051541621,-0.00468891780653262,1,0.672272727272727,-0.0369003893555373
62,"B_smooth_logistic",2800,0.7,-0.0404778814520935,-0.0410401215684301,0.0233497108473721,-0.0860128377995246,-0.00431884985206624,1,0.76,-0.0368383040801838
62,"B_smooth_logistic",3400,0.85,-0.0374574912906454,-0.037959624609165,0.0247936087991755,-0.0860791487639092,0.000215781369719531,0.995,0.694705882352941,-0.0368114421350019
62,"B_smooth_logistic",4000,1,-0.043253597320594,-0.0437693551765816,0.0269461021315562,-0.0972021227574497,-0.00349670267013036,1,0.75225,-0.0369797539147635
63,"A_threshold",1000,0.25,-0.00566037735849056,-0.00561429917586204,0.0195292905170384,-0.0618956003951819,0.0736106807571358,0.633,0.223,-0.01024
63,"A_threshold",1600,0.4,-0.0201982928861919,-0.0202311520390627,0.0265051203764183,-0.113141564578168,0.0701955217630064,0.785,0.498125,-0.00985
63,"A_threshold",2200,0.55,-0.0230224199161784,-0.0230000609065992,0.0220172479180662,-0.104723686158798,0.0478031067561935,0.864545454545455,0.539545454545455,-0.00978181818181818
63,"A_threshold",2800,0.7,-0.0204862264413753,-0.0204853794349505,0.0212002383233152,-0.0926482997560329,0.053916259133342,0.842142857142857,0.514642857142857,-0.00972857142857143
63,"A_threshold",3400,0.85,-0.0196779444250668,-0.019687915589807,0.0239402753643041,-0.100264873979789,0.0833278346444222,0.801470588235294,0.502058823529412,-0.00970588235294118
63,"A_threshold",4000,1,-0.0168819697223124,-0.0169057885051004,0.0217260589513661,-0.0890051536409813,0.0785199104848589,0.79225,0.44875,-0.00973
63,"B_smooth_logistic",1000,0.25,-0.0517851785178518,-0.051744872609878,0.0238670710325144,-0.0919315560298163,-0.00913098970342194,1,0.873,-0.0376939221080988
63,"B_smooth_logistic",1600,0.4,-0.0408032505078919,-0.0407844174151954,0.0196355321837757,-0.0742093772078132,-0.00614044987173445,1,0.81,-0.0373807279236861
63,"B_smooth_logistic",2200,0.55,-0.0449887643792392,-0.0447749755275739,0.00973652651942186,-0.0628032114305934,-0.0290810591041716,1,1,-0.0372199097547971
63,"B_smooth_logistic",2800,0.7,-0.0415459395642549,-0.0413648088786992,0.00725208674448747,-0.0545357391852771,-0.0292825564300831,1,1,-0.0371112333743736
63,"B_smooth_logistic",3400,0.85,-0.0395262934800474,-0.0393535110140454,0.0133355248822668,-0.063628227224047,-0.0172503848931466,1,0.930588235294118,-0.0372593114387239
63,"B_smooth_logistic",4000,1,-0.0386701546806187,-0.0384733243693187,0.0146227122813623,-0.0650012392102706,-0.0143406776380667,1,0.87375,-0.0374131682935016
64,"A_threshold",1000,0.25,-0.0323863477241539,-0.0327475689616022,0.0208973153107164,-0.0800712924613668,0.079060119346017,0.924,0.753,-0.01048
64,"A_threshold",1600,0.4,-0.0181393139313931,-0.0186920029339333,0.0192061145119579,-0.0637025537886185,0.0856459818822678,0.84,0.515625,-0.01105
64,"A_threshold",2200,0.55,-0.0145416227608008,-0.014654417047682,0.0266011790885585,-0.124003897567569,0.101320700700988,0.713181818181818,0.43,-0.0107090909090909
64,"A_threshold",2800,0.7,-0.00810059514576582,-0.00811033577821109,0.0225797335467155,-0.109217557086514,0.0841908325084273,0.652142857142857,0.298928571428571,-0.0103857142857143
64,"A_threshold",3400,0.85,-0.00334643877660842,-0.00338513218433091,0.0175596136656569,-0.0788637725492452,0.0720794606256699,0.590588235294118,0.168529411764706,-0.0102588235294118
64,"A_threshold",4000,1,-0.010464135021097,-0.0105453285274514,0.00797852186054564,-0.0400133238607266,0.0281233057644666,0.90025,0.11075,-0.0103
64,"B_smooth_logistic",1000,0.25,-0.0717068244120617,-0.0717940844662919,0.0307014447785581,-0.123405889630413,-0.0181221631019225,1,0.979,-0.0370358923507882
64,"B_smooth_logistic",1600,0.4,-0.0565931718189231,-0.0564926095211197,0.0377283047035932,-0.1227152698539,0.00853229378345811,0.93875,0.781875,-0.0370562590710179
64,"B_smooth_logistic",2200,0.55,-0.0624627606752731,-0.0622846303054915,0.0263591683999723,-0.10784880176469,-0.0168021817204642,1,0.966363636363636,-0.0372121976936809
64,"B_smooth_logistic",2800,0.7,-0.0558452384844225,-0.0555725416714133,0.0307175315378222,-0.110692290088124,-0.00416886160868306,1,0.842857142857143,-0.0371780278701351
64,"B_smooth_logistic",3400,0.85,-0.0512005160890198,-0.0510243224321962,0.0264813040229338,-0.0973076540734457,-0.00536243055493306,1,0.843235294117647,-0.037296845369209
64,"B_smooth_logistic",4000,1,-0.0503595935108148,-0.0502409329684568,0.0240134990993571,-0.092024527422516,-0.00892103153389867,1,0.86425,-0.0373409962088582
65,"A_threshold",1000,0.25,-0.0183555363183123,-0.0181074616190004,0.00492555636037737,-0.0320043428165465,-0.000177837756353799,1,0.363,-0.00976
65,"A_threshold",1600,0.4,-0.0143589118541888,-0.0135054371149389,0.000877339713264703,-0.0150658724469144,-0.00958784807686541,1,0,-0.009675
65,"A_threshold",2200,0.55,-0.0111057943023093,-0.010498690993691,0.016896477599944,-0.0551449928404341,0.0747796178780653,0.741363636363636,0.3,-0.00952727272727273
65,"A_threshold",2800,0.7,-0.0169846277561688,-0.0167076889227997,0.0177265082193311,-0.0700625347402201,0.0630445326069315,0.825,0.436071428571429,-0.00962857142857143
65,"A_threshold",3400,0.85,-0.0233419508025256,-0.0230374961722817,0.0190875657618646,-0.0789156301979006,0.0655925558307675,0.887941176470588,0.577058823529412,-0.00968235294117647
65,"A_threshold",4000,1,-0.0173816988864439,-0.0171680053604722,0.0234586573547069,-0.0857912770156369,0.0944493557246388,0.77175,0.4725,-0.00959
65,"B_smooth_logistic",1000,0.25,-0.0404115591946502,-0.0406160511509347,0.013063205024744,-0.0672733326659695,-0.0201105857416066,1,1,-0.0372555072517797
65,"B_smooth_logistic",1600,0.4,-0.040158738355562,-0.0400598366261175,0.0196499778957537,-0.0779866827687354,-0.00799765037462302,1,0.80375,-0.0372786040885536
65,"B_smooth_logistic",2200,0.55,-0.0417169019900222,-0.0418111150194867,0.0254310493179666,-0.0912176057343583,-0.000912471642638593,1,0.744545454545455,-0.0373746324962465
65,"B_smooth_logistic",2800,0.7,-0.0429699682363708,-0.0427545884439862,0.0336241001582916,-0.110364112337665,0.00789640423654787,0.895,0.681071428571429,-0.0374471653255289
65,"B_smooth_logistic",3400,0.85,-0.0436863376344644,-0.0438164557767045,0.0288694921250779,-0.101657027492509,-3.2407380742637e-05,1,0.728235294117647,-0.0373750940537102
65,"B_smooth_logistic",4000,1,-0.0438975416386225,-0.0436867629577362,0.027500152291624,-0.097557904491085,-0.000981303207179277,1,0.74325,-0.0372289355319905
66,"A_threshold",1000,0.25,0.00760803043212173,0.00798747812533985,0.00164147883367704,0.00368208781546255,0.0154804939242281,0,0,-0.00956
66,"A_threshold",1600,0.4,0.00162676838787408,0.00198692440129315,0.00808403116168232,-0.0205622770831666,0.0395022734446298,0.41625,0.000625,-0.009675
66,"A_threshold",2200,0.55,-0.0045004500450045,-0.00443313652487315,0.000179858800489217,-0.00497544635956081,-0.00368665809187675,1,0,-0.00989090909090909
66,"A_threshold",2800,0.7,-0.00231241478965802,-0.00224675369697157,0.0112484601337168,-0.0414725859645251,0.0438005815186726,0.590357142857143,0.0503571428571429,-0.00971428571428572
66,"A_threshold",3400,0.85,-0.00836766790714159,-0.0083621647234581,0.0109475864638665,-0.0429824579357227,0.0399582226176896,0.777941176470588,0.144117647058824,-0.00988235294117647
66,"A_threshold",4000,1,-0.00161058141989258,-0.00160733463506387,0.0174642829964934,-0.0573177790974521,0.0764231087855584,0.55525,0.1495,-0.00982
66,"B_smooth_logistic",1000,0.25,-0.0205453149001536,-0.0207641274456264,0.00777959188028962,-0.033837651939025,-0.0069186136580616,1,0.526,-0.0373850611043734
66,"B_smooth_logistic",1600,0.4,-0.0119762351469669,-0.0118752452062522,0.00291243512923047,-0.0173403019647061,-0.00719178437018621,1,0,-0.0373836417701785
66,"B_smooth_logistic",2200,0.55,-0.00682645493109472,-0.00693931501191902,0.0118123738941586,-0.029188276209742,0.0123519732186134,0.673181818181818,0.180454545454545,-0.0376069274344756
66,"B_smooth_logistic",2800,0.7,-0.0120978670127818,-0.0121766841260948,0.00839451041260865,-0.0277761902460489,0.00154808932082524,0.937142857142857,0.218214285714286,-0.0376110888359741
66,"B_smooth_logistic",3400,0.85,-0.0191266844346249,-0.0192402012113468,0.0100716467196812,-0.0382034719177377,-0.00301884742379606,1,0.459705882352941,-0.0374062384606254
66,"B_smooth_logistic",4000,1,-0.0217533922171019,-0.0217789516108162,0.0110097333612465,-0.0416092283931066,-0.00328935017037923,1,0.54025,-0.0374856225936723
67,"A_threshold",1000,0.25,-0.0283727198344323,-0.0283428408387504,0.00617401720929426,-0.033744327116404,0.02205712332109,0.994,0.924,-0.00944
67,"A_threshold",1600,0.4,-0.0310496794871795,-0.0314369474772969,0.0124118066366369,-0.0479035859413019,0.0609732972821547,0.975,0.849375,-0.009225
67,"A_threshold",2200,0.55,-0.0207038857460818,-0.021435760654816,0.0077652357974882,-0.0358779291105751,0.0281702184887464,0.985,0.635909090909091,-0.00949090909090909
67,"A_threshold",2800,0.7,-0.0126317123214884,-0.0130410596585897,0.0145811648316527,-0.0480609876261255,0.0663572686063889,0.823214285714286,0.3375,-0.00938571428571429
67,"A_threshold",3400,0.85,-0.0103774796985315,-0.0108887576707866,0.0166402232601674,-0.0485089776405565,0.0855864859834971,0.774705882352941,0.312647058823529,-0.00943529411764706
67,"A_threshold",4000,1,-0.0138348043413059,-0.0143440663092158,0.0139917682343189,-0.0478383925631506,0.064746512463318,0.854,0.37325,-0.00945
67,"B_smooth_logistic",1000,0.25,-0.0411764705882353,-0.0407162402036572,0.0254352208951948,-0.0924275200444802,-0.00418690826450474,1,0.727,-0.0371325838286914
67,"B_smooth_logistic",1600,0.4,-0.0434922660261823,-0.043447794788185,0.00863569476504201,-0.0599446032065541,-0.0297857425050816,1,1,-0.0371045637999365
67,"B_smooth_logistic",2200,0.55,-0.0427259945413944,-0.0429362092124051,0.0132368050520586,-0.0685418495989762,-0.0229242666027253,1,1,-0.0372047943773453
67,"B_smooth_logistic",2800,0.7,-0.0399227423603699,-0.0398502933081852,0.0140485465163694,-0.0668176569060506,-0.0187157108289385,1,0.961428571428571,-0.0374072227483856
67,"B_smooth_logistic",3400,0.85,-0.0343922707401207,-0.034354166408149,0.0160525373969572,-0.0649304214152446,-0.0098172215399045,1,0.747647058823529,-0.0374883201243923
67,"B_smooth_logistic",4000,1,-0.0363248953123328,-0.03618256605607,0.0125639193921611,-0.0599066072722736,-0.0164741046078341,1,0.892,-0.0373483847665878
68,"A_threshold",1000,0.25,-0.0190208581000756,-0.0184716515393424,0.00713621299949986,-0.0524597668636619,-0.00223230415708643,1,0.379,-0.00964
68,"A_threshold",1600,0.4,-0.0423367564425499,-0.0413704787233475,0.00134171309978265,-0.0428416795631276,-0.0342642012038476,1,1,-0.00995
68,"A_threshold",2200,0.55,-0.0407013646461441,-0.0398906888744086,0.00649608095279582,-0.0505917283251039,-0.0042375996317143,1,0.99,-0.0102
68,"A_threshold",2800,0.7,-0.0344637565208872,-0.0339211590564921,0.0091705794683878,-0.0534325769094645,0.0105272557198204,0.9975,0.923214285714286,-0.0104285714285714
68,"A_threshold",3400,0.85,-0.0316264726725131,-0.0315599551652708,0.00697336337350651,-0.0486194259208634,-0.000694371835214397,1,0.941176470588235,-0.0103529411764706
68,"A_threshold",4000,1,-0.0342545480727692,-0.0341497826238253,0.00486341831862196,-0.0469729863769887,-0.0134063078378581,1,0.9935,-0.01023
68,"B_smooth_logistic",1000,0.25,-0.0202952916847016,-0.0212459461304198,0.0165595881080032,-0.0530817769887138,0.0042775160673421,0.9,0.494,-0.0372800126455612
68,"B_smooth_logistic",1600,0.4,-0.0470673606245621,-0.047474677232141,0.0161073278158449,-0.0774721789805985,-0.0219257097830633,1,1,-0.0373828357452046
68,"B_smooth_logistic",2200,0.55,-0.0592351039505511,-0.0595651746382411,0.00560279503563221,-0.0695773624802195,-0.0504023108363267,1,1,-0.0371421986242607
68,"B_smooth_logistic",2800,0.7,-0.0614045113518544,-0.0617627364320939,0.00490011330734175,-0.0705367718861384,-0.0536563542272922,1,1,-0.0371464936116083
68,"B_smooth_logistic",3400,0.85,-0.0565644799774095,-0.0569366444042488,0.0129715891069655,-0.08066411759818,-0.0359401750800813,1,1,-0.037064551735506
68,"B_smooth_logistic",4000,1,-0.053993493892021,-0.0541721022141456,0.0172355628894353,-0.084900089931813,-0.0253842040131096,1,1,-0.0371184299865232
69,"A_threshold",1000,0.25,-0.016,-0.0156370117031832,0.0165365814183013,-0.0627797419409322,0.0432819079846266,0.822,0.418,-0.0106
69,"A_threshold",1600,0.4,-0.018662811144543,-0.0187622037491563,0.00898505092645146,-0.0508490829515848,0.0072407016454988,0.98875,0.436875,-0.01105
69,"A_threshold",2200,0.55,-0.0243176769279594,-0.0242847428343652,0.00229654565956497,-0.0317233041642558,-0.0171806206187929,1,0.974090909090909,-0.0107090909090909
69,"A_threshold",2800,0.7,-0.0196730495191049,-0.0196955158529475,0.000580956760818584,-0.0215707070419094,-0.0178685200561498,1,0.2975,-0.0106142857142857
69,"A_threshold",3400,0.85,-0.0127895646011427,-0.0127361234534916,0.00217356168818832,-0.0203401991473026,-0.00642311815906556,1,0.000588235294117647,-0.0105294117647059
69,"A_threshold",4000,1,-0.0104369021254124,-0.0102840033870987,0.000126608227588056,-0.0104838937083217,-0.00973191129060219,1,0,-0.01048
69,"B_smooth_logistic",1000,0.25,-0.0483361933447734,-0.0482476496467872,0.0323649434516458,-0.104457353669417,0.00811901324908729,0.924,0.751,-0.0366665127163445
69,"B_smooth_logistic",1600,0.4,-0.0390015234970116,-0.03891543272693,0.029397551856693,-0.0925876199539575,0.00927608034319587,0.89625,0.68625,-0.0368480185238515
69,"B_smooth_logistic",2200,0.55,-0.0504157716342995,-0.0502498541075703,0.031796044837679,-0.106701144289622,0.00360473990510232,0.960454545454545,0.77,-0.0370161574731051
69,"B_smooth_logistic",2800,0.7,-0.0409595180368819,-0.0408319153320014,0.0307050448187478,-0.0945328307774418,0.0124121117154611,0.883571428571429,0.698571428571429,-0.0370994497652605
69,"B_smooth_logistic",3400,0.85,-0.037250570589025,-0.0369227354883726,0.0334559050742584,-0.0972352422254328,0.0197630546752883,0.819117647058824,0.643823529411765,-0.0371148231505031
69,"B_smooth_logistic",4000,1,-0.0327969684331804,-0.0325398264848189,0.0329414460181001,-0.0924185642795545,0.0230328506481106,0.7835,0.60725,-0.0370668347501103
70,"A_threshold",1000,0.25,-0.0268310166552535,-0.027090518542624,0.0195750131123519,-0.08419060288447,0.0268264044698776,0.903,0.657,-0.00968
70,"A_threshold",1600,0.4,-0.0344481589669772,-0.034712765960412,0.0164582481422603,-0.0785116427373778,0.0264288685062237,0.970625,0.8125,-0.0097
70,"A_threshold",2200,0.55,-0.0331269408702538,-0.0332597523276105,0.0127445193720702,-0.0651539007483046,0.0259094462702944,0.989090909090909,0.855,-0.0100545454545455
70,"A_threshold",2800,0.7,-0.0242841522359288,-0.0242265995876966,0.0113984909966212,-0.0531688215731893,0.0284520465852804,0.9675,0.678214285714286,-0.01
70,"A_threshold",3400,0.85,-0.0181159131895213,-0.0180809310569548,0.00751398987907963,-0.0381417505433103,0.0162602509062149,0.984705882352941,0.428529411764706,-0.00982352941176471
70,"A_threshold",4000,1,-0.0179771505376344,-0.0179590009431245,0.00773475155274094,-0.0423175736381367,0.0127786451165882,0.987,0.40925,-0.0098
70,"B_smooth_logistic",1000,0.25,-0.0446776239700015,-0.0444821827629964,0.00243371655274684,-0.0488199744622693,-0.0404014895973239,1,1,-0.0371561512206388
70,"B_smooth_logistic",1600,0.4,-0.0423417341734173,-0.0423162412166094,0.00299551003141245,-0.0476453882741294,-0.0371453836490383,1,1,-0.0371568831423175
70,"B_smooth_logistic",2200,0.55,-0.0372572747321054,-0.0372735044962538,0.0003192164881732,-0.0378202583451066,-0.0367061129884859,1,1,-0.0373716398940254
70,"B_smooth_logistic",2800,0.7,-0.0401714307580454,-0.0400902194373111,0.00191611701930915,-0.0435051807174266,-0.0368034246863758,1,1,-0.0373509657520154
70,"B_smooth_logistic",3400,0.85,-0.0412421933826461,-0.0412204302267069,0.00241745924649465,-0.0455407886355706,-0.0370713010929908,1,1,-0.0372786658519202
70,"B_smooth_logistic",4000,1,-0.0381323548829821,-0.0381266054807877,0.00406160727211376,-0.0453452123625912,-0.0311038551239842,1,1,-0.0371455032648577
71,"A_threshold",1000,0.25,-0.0324827196103839,-0.0322439933820885,0.00414284686338111,-0.0463432069010792,-0.0203989185244343,1,1,-0.00908
71,"A_threshold",1600,0.4,-0.0398089570153285,-0.0401208590118502,0.0206035382459011,-0.077159557254426,0.0830208953445672,0.953125,0.849375,-0.009175
71,"A_threshold",2200,0.55,-0.0308939984907582,-0.0310133325631108,0.0211969425261307,-0.0679921853339607,0.0959258089166533,0.914545454545455,0.756363636363636,-0.00932727272727273
71,"A_threshold",2800,0.7,-0.0246128681203128,-0.0243726838455172,0.0145481295486827,-0.0527450411811662,0.0554674958927524,0.935357142857143,0.688928571428571,-0.00931428571428571
71,"A_threshold",3400,0.85,-0.0111994308412221,-0.0109180164601912,0.0120374439279208,-0.0356263476908267,0.0543401579070041,0.835294117647059,0.227647058823529,-0.00924705882352941
71,"A_threshold",4000,1,-0.0069852701260314,-0.00678454012705573,0.0119072091236695,-0.0348534801434077,0.0523674246344367,0.742,0.115,-0.00939
71,"B_smooth_logistic",1000,0.25,-0.00348141374276041,-0.00361340814453793,0.0138339551644321,-0.02381412758996,0.0251760399652297,0.606,0.136,-0.0372938622301719
71,"B_smooth_logistic",1600,0.4,-0.0263543054434916,-0.0264073962104808,0.0263036012858851,-0.0726409398175912,0.0179691410435857,0.795,0.560625,-0.0371234741542978
71,"B_smooth_logistic",2200,0.55,-0.0264209839384834,-0.0265808612734544,0.0200871383311949,-0.0634600524246271,0.00545398051539084,0.904090909090909,0.575454545454545,-0.0369577522826663
71,"B_smooth_logistic",2800,0.7,-0.0282151678347699,-0.0285969527223968,0.0192701814680373,-0.0646402491395128,0.00147472749749608,0.967142857142857,0.603928571428571,-0.0370572318760177
71,"B_smooth_logistic",3400,0.85,-0.0240096038415366,-0.0243766932149472,0.0194439574850763,-0.0611127893580101,0.00563572448919962,0.882058823529412,0.537058823529412,-0.0369921774596288
71,"B_smooth_logistic",4000,1,-0.0285607126113455,-0.0288855890445275,0.0131962073614201,-0.0537688462061905,-0.0085366689315434,1,0.68325,-0.0369813340912053
72,"A_threshold",1000,0.25,-0.0191848635832038,-0.0204110576479164,0.00341397750795213,-0.0345827860774547,-0.0114051072345398,1,0.529,-0.01076
72,"A_threshold",1600,0.4,-0.00394734164852381,-0.00443027394422394,0.00497695741622402,-0.0192965726742196,0.0135716832214029,0.813125,0,-0.010425
72,"A_threshold",2200,0.55,-0.00687547746371275,-0.00715295834755892,0.0168989713871569,-0.0588506180952834,0.0531631584670543,0.660909090909091,0.226818181818182,-0.0102363636363636
72,"A_threshold",2800,0.7,-0.00345493479001957,-0.0036065045769279,0.0130468366365361,-0.0439579644626844,0.0427517651003231,0.611071428571429,0.100357142857143,-0.00997142857142857
72,"A_threshold",3400,0.85,-0.00997465151018023,-0.0103281514128031,0.0137851015155944,-0.0503799433736739,0.0422768088778321,0.774705882352941,0.247352941176471,-0.0100352941176471
72,"A_threshold",4000,1,-0.0122993765925544,-0.01272977881319,0.0130023144897633,-0.0518129492199682,0.0537591555344388,0.837,0.3065,-0.00997
72,"B_smooth_logistic",1000,0.25,-0.0369658914914819,-0.0369082259912098,0.0330341522261249,-0.10165344182007,0.0144019238125782,0.835,0.627,-0.0372438977677838
72,"B_smooth_logistic",1600,0.4,-0.0405662264905962,-0.0401400937679658,0.0389757439276791,-0.114958029278084,0.0202401797150301,0.804375,0.6325,-0.037628034753338
72,"B_smooth_logistic",2200,0.55,-0.0421344600044961,-0.0417967125928298,0.0328333347509622,-0.102214210895015,0.0111021400951799,0.880909090909091,0.685909090909091,-0.0373173178159001
72,"B_smooth_logistic",2800,0.7,-0.0400738635117007,-0.0394364391131002,0.0372319268786714,-0.110400069916853,0.0186756856477131,0.813214285714286,0.636428571428571,-0.0373332713527036
72,"B_smooth_logistic",3400,0.85,-0.0420264822417538,-0.0416585123844154,0.020808129788122,-0.0793233057770781,-0.00746894779304177,1,0.802647058823529,-0.037235157483391
72,"B_smooth_logistic",4000,1,-0.0389554023944862,-0.0384833625382832,0.0237275224380965,-0.0830969468645795,-0.000989542701838431,1,0.7215,-0.0371031363517812
73,"A_threshold",1000,0.25,0.0183691756272401,0.0188584263454502,0.032507091954657,-0.0925080942513507,0.107216668057346,0.28,0.112,-0.0112
73,"A_threshold",1600,0.4,-0.00274381859546488,-0.00244459304805348,0.0328029597900689,-0.129958311732393,0.0925348274296681,0.51625,0.29125,-0.0105
73,"A_threshold",2200,0.55,-0.00345619451310508,-0.00365049525238933,0.0289880348124975,-0.101707900721751,0.0911412719746612,0.553181818181818,0.292727272727273,-0.0103454545454545
73,"A_threshold",2800,0.7,-0.0080241612669664,-0.00843145443311785,0.0243055110029426,-0.0849140045496558,0.0926177574204663,0.646428571428571,0.327142857142857,-0.0101571428571429
73,"A_threshold",3400,0.85,-0.0126801356193108,-0.0129693564529826,0.0174687937858331,-0.0679395183753407,0.059643329146359,0.778235294117647,0.357352941176471,-0.0103529411764706
73,"A_threshold",4000,1,-0.0177466388789996,-0.0180946909728583,0.0112417800503254,-0.0517561241106978,0.031248923172953,0.93875,0.45625,-0.01011
73,"B_smooth_logistic",1000,0.25,-0.0423241692966772,-0.041311585606795,0.0308180722135002,-0.101385351200133,0.00419673518709994,0.93,0.69,-0.0368029746976547
73,"B_smooth_logistic",1600,0.4,-0.0464235018978358,-0.0461342860527224,0.0258805420421455,-0.0921657939804921,-0.00344281890998428,1,0.7925,-0.0371103957980496
73,"B_smooth_logistic",2200,0.55,-0.0319679659025999,-0.031892063458771,0.0227206503271967,-0.0714641899990712,0.0059193574523124,0.922727272727273,0.652272727272727,-0.0369934745875999
73,"B_smooth_logistic",2800,0.7,-0.0297898663008262,-0.0297002990227829,0.0147220873913852,-0.0555378080712143,-0.0052364316331678,1,0.692857142857143,-0.0370641800794248
73,"B_smooth_logistic",3400,0.85,-0.0257316017316017,-0.0257272573113542,0.0142665233088156,-0.0503467337529362,-0.00128240587493222,1,0.609411764705882,-0.0371306635415424
73,"B_smooth_logistic",4000,1,-0.0271218094417405,-0.027068211332361,0.014686133355137,-0.0529276275069007,-0.00217541407108361,1,0.6375,-0.0370865718914978
74,"A_threshold",1000,0.25,-0.00615911994265371,-0.00633437999694591,0.00988361954742247,-0.0338448499185155,0.0288834321458951,0.762,0.081,-0.00988
74,"A_threshold",1600,0.4,-0.0276495175592797,-0.0276231174643113,0.00828353434140684,-0.0594062049846468,-0.000543992832088502,1,0.826875,-0.009975
74,"A_threshold",2200,0.55,-0.0155788342734354,-0.0155566232461263,0.0159892879026879,-0.0763607602693532,0.0390795998599735,0.84,0.373636363636364,-0.00985454545454545
74,"A_threshold",2800,0.7,-0.018935801235822,-0.0188589136358032,0.0131041984413659,-0.07228800738678,0.024549227318254,0.927857142857143,0.4525,-0.00967142857142857
74,"A_threshold",3400,0.85,-0.0212175653399143,-0.0211887093917912,0.0147789756852437,-0.0786810796316661,0.0308962949081994,0.923823529411765,0.534705882352941,-0.00944705882352941
74,"A_threshold",4000,1,-0.0177547525398229,-0.0176432719114064,0.0142939279099855,-0.0761502371189124,0.0299440661104993,0.89775,0.4205,-0.00944
74,"B_smooth_logistic",1000,0.25,-0.0642805989974035,-0.0635263171124088,0.0116356081616667,-0.0848203994289385,-0.0443791862996838,1,1,-0.0377734949760357
74,"B_smooth_logistic",1600,0.4,-0.0602188440919439,-0.0599027205205677,0.0098368955009503,-0.0767334534278678,-0.0426524439852995,1,1,-0.0379940637065814
74,"B_smooth_logistic",2200,0.55,-0.0572762378332628,-0.0569972649076673,0.0120658757794429,-0.0784837311172548,-0.0368117708178906,1,1,-0.0379084670894198
74,"B_smooth_logistic",2800,0.7,-0.0425402501551223,-0.0423667986810508,0.0202627182899654,-0.0781375075419155,-0.00832026975282719,1,0.811428571428571,-0.0379109683245364
74,"B_smooth_logistic",3400,0.85,-0.0460232220408649,-0.0459659636595507,0.0197371984629385,-0.080667044921707,-0.0125570412270915,1,0.884411764705882,-0.0377798933935005
74,"B_smooth_logistic",4000,1,-0.0415427492331183,-0.0415248687629591,0.0156594585206497,-0.0682072971496131,-0.0141209084678961,1,0.89325,-0.0375606393816685
75,"A_threshold",1000,0.25,0.0087072846408946,0.00738983437984661,0.00892020519196384,-0.0417825367100233,0.0318860940376118,0.198,0.007,-0.0096
75,"A_threshold",1600,0.4,0.00719784299167676,0.00682578483948844,0.00441720464749765,-0.00693978353252265,0.0292363470454023,0.045,0,-0.0095
75,"A_threshold",2200,0.55,-0.000456494125119083,-0.000513469283342699,0.00478244899024818,-0.0170561898319234,0.0224970556342085,0.569545454545455,0,-0.00958181818181818
75,"A_threshold",2800,0.7,-0.000804501943872715,-0.000670143180843725,0.0132898500146835,-0.0475779355326099,0.0630935653924034,0.534285714285714,0.0639285714285714,-0.00964285714285714
75,"A_threshold",3400,0.85,-0.00521955926182793,-0.00508436061505877,0.00852016948444224,-0.0324667735874417,0.0385637149363719,0.738235294117647,0.0258823529411765,-0.00978823529411765
75,"A_threshold",4000,1,-0.00375408493054492,-0.00368336627011872,0.00971089460771551,-0.0379235014103736,0.0430525703172113,0.6635,0.03675,-0.00963
75,"B_smooth_logistic",1000,0.25,-0.0169610855094726,-0.0168420957461654,0.0200368772766085,-0.0471405894726319,0.0218822118481216,0.756,0.493,-0.0378813140252498
75,"B_smooth_logistic",1600,0.4,-0.0292882322058051,-0.0292822258086019,0.0254838455957123,-0.072262511713438,0.0152713505959249,0.82875,0.6075,-0.0374466683872868
75,"B_smooth_logistic",2200,0.55,-0.0259547385063195,-0.0262113144739749,0.0189518403650611,-0.0601853797331174,0.00488227780781479,0.907272727272727,0.585454545454545,-0.0374052608790979
75,"B_smooth_logistic",2800,0.7,-0.0222393941420049,-0.022579532487191,0.0160436751094355,-0.0517042211367895,0.00375205340926206,0.914285714285714,0.543571428571429,-0.0373675611876276
75,"B_smooth_logistic",3400,0.85,-0.0235099470754365,-0.0240032991327486,0.0176108304855757,-0.0563350854939088,0.00458022389809568,0.906176470588235,0.561176470588235,-0.037522822720369
75,"B_smooth_logistic",4000,1,-0.028993427922886,-0.029204414236847,0.0168741829698045,-0.05911331916808,-0.000738760401004721,1,0.65475,-0.0374277468514686
76,"A_threshold",1000,0.25,-0.00039200156800627,-9.96204818950227e-05,0.00590365758584751,-0.0181254579057716,0.0225615293829457,0.51,0,-0.00964
76,"A_threshold",1600,0.4,-0.00925950521179204,-0.00884431348998042,0.00216155952781167,-0.0180329968706951,-0.00261031534818904,1,0,-0.009625
76,"A_threshold",2200,0.55,-0.00800744463425176,-0.00726989119575941,0.00406714908804398,-0.0255986847196848,0.00382479623661314,0.975454545454545,0.00363636363636364,-0.00952727272727273
76,"A_threshold",2800,0.7,-0.0141371279985141,-0.0137637503476688,0.00632001311141344,-0.0314567480987424,0.0143049149144478,0.980357142857143,0.163214285714286,-0.0094
76,"A_threshold",3400,0.85,-0.0150047625376573,-0.0145994707789272,0.00387820023039115,-0.0243595411215691,0.00565025270937344,0.998529411764706,0.0647058823529412,-0.00947058823529412
76,"A_threshold",4000,1,-0.0158444299598039,-0.0155424823321801,0.00713577225119358,-0.0347052048284014,0.0204358546633036,0.979,0.28325,-0.00944
76,"B_smooth_logistic",1000,0.25,-0.0166752849028544,-0.0155926321331403,0.0399708116174174,-0.108854360501986,0.0336403690992996,0.545,0.385,-0.0365850358195139
76,"B_smooth_logistic",1600,0.4,-0.022163037430213,-0.0224141326332267,0.036516406582288,-0.10228146138172,0.0273276087350054,0.645625,0.465625,-0.036608314190543
76,"B_smooth_logistic",2200,0.55,-0.0287937691738073,-0.0289602542765923,0.0331587942253817,-0.0964184230831821,0.0199234779819637,0.744090909090909,0.545454545454545,-0.0367513277425665
76,"B_smooth_logistic",2800,0.7,-0.0181721795645636,-0.0185617609617194,0.019132106199127,-0.0567683587601749,0.00996153716367285,0.779642857142857,0.44,-0.0368024597833405
76,"B_smooth_logistic",3400,0.85,-0.0167837892920774,-0.0173537299064628,0.0196001636671805,-0.0563126491607065,0.0117715217746033,0.745882352941176,0.423235294117647,-0.0367586130783766
76,"B_smooth_logistic",4000,1,-0.027657907758301,-0.0281191642555419,0.0276181191823731,-0.0820938311748001,0.0132172343549908,0.797,0.55525,-0.0370563759652311
77,"A_threshold",1000,0.25,-0.0416641654560807,-0.0414530545641156,0.00786817119948015,-0.0564595623858829,-0.00925791399628828,1,0.977,-0.00956
77,"A_threshold",1600,0.4,-0.021952195219522,-0.0218077786949826,0.0130268855201071,-0.0515342751601362,0.0304281122208121,0.936875,0.6125,-0.00995
77,"A_threshold",2200,0.55,-0.0254698514727083,-0.0243058389901422,0.0135950561301003,-0.0475432492159299,0.0463975282433618,0.942272727272727,0.691818181818182,-0.00987272727272727
77,"A_threshold",2800,0.7,-0.0222141264843391,-0.0214837700898155,0.0106864801968,-0.0451377752638194,0.0278328270939368,0.960357142857143,0.615714285714286,-0.00994285714285714
77,"A_threshold",3400,0.85,-0.0244213020634367,-0.0238717831903305,0.000653598986698277,-0.0246597660042287,-0.0201835392339568,1,1,-0.00987058823529412
77,"A_threshold",4000,1,-0.0258137648744788,-0.0253812916231829,0.00100415986316574,-0.0277717729480155,-0.0210294617078813,1,1,-0.0098
77,"B_smooth_logistic",1000,0.25,-0.0251961949583598,-0.0251040894781059,0.00495850809071092,-0.0340215290583668,-0.0168707937461129,1,0.795,-0.0370576143633244
77,"B_smooth_logistic",1600,0.4,-0.0253595997498437,-0.0251694898322176,0.00583528310190653,-0.0360801161501933,-0.0157588633037837,1,0.750625,-0.0369699674645017
77,"B_smooth_logistic",2200,0.55,-0.0366806099756433,-0.0366283795883836,0.0120010809278624,-0.05798620159703,-0.016454597615842,1,0.919090909090909,-0.0369551992268218
77,"B_smooth_logistic",2800,0.7,-0.0435650254883827,-0.0435662671107582,0.016782441346191,-0.0721396652706055,-0.0144784436110341,1,0.915,-0.0372594248313256
77,"B_smooth_logistic",3400,0.85,-0.0452172233206473,-0.045319854460669,0.0160649093780007,-0.0714680136538202,-0.0157872663602566,1,0.942352941176471,-0.0369728792903322
77,"B_smooth_logistic",4000,1,-0.0429158187400759,-0.0429853104105523,0.0128118393731865,-0.0643953966914835,-0.0199916403415902,1,0.999,-0.0370048355210882
78,"A_threshold",1000,0.25,0.00732495166732711,0.00691923758325873,0.0238208903348821,-0.0382020297696476,0.115175146949965,0.445,0.101,-0.01
78,"A_threshold",1600,0.4,-0.00584740462789243,-0.00570884477457167,0.0149253402419402,-0.0407657314384702,0.0584472588584312,0.690625,0.165625,-0.0096
78,"A_threshold",2200,0.55,-0.00946566299329268,-0.00949376408734816,0.0115753714776057,-0.0391563387107767,0.0386449954520267,0.809090909090909,0.18,-0.00954545454545455
78,"A_threshold",2800,0.7,-0.0133394570320474,-0.0134082604383363,0.0113162269473628,-0.0443666102514546,0.0329072786379261,0.879642857142857,0.297857142857143,-0.00945714285714286
78,"A_threshold",3400,0.85,-0.00968121560347514,-0.0097450370540849,0.00505040122256593,-0.026995337508685,0.00749622034583718,0.97,0.0176470588235294,-0.00952941176470588
78,"A_threshold",4000,1,-0.0106118595606244,-0.0106478554304338,0.00449241020386192,-0.0258700450665677,0.007037539919949,0.98975,0.01325,-0.00965
78,"B_smooth_logistic",1000,0.25,-0.044941751807875,-0.0448273905379317,0.0214187905065107,-0.0884703815855358,-0.0131271138237388,1,0.857,-0.0370363597898589
78,"B_smooth_logistic",1600,0.4,-0.0446565291033069,-0.0450930107350245,0.0227157742973145,-0.0894788177499427,-0.0108655561693727,1,0.833125,-0.0374337712375843
78,"B_smooth_logistic",2200,0.55,-0.0461457943183425,-0.0465644981343382,0.0242097762771656,-0.0918321257338679,-0.00771005597698652,1,0.828636363636364,-0.0373467787785565
78,"B_smooth_logistic",2800,0.7,-0.0487392590505705,-0.0492553354604192,0.02244713650346,-0.0913964322846677,-0.0138436937775791,1,0.8975,-0.0374333489550212
78,"B_smooth_logistic",3400,0.85,-0.0496301103179753,-0.05000904591936,0.0246366038064628,-0.0966943117811351,-0.0108237555052521,1,0.871176470588235,-0.0374536801354851
78,"B_smooth_logistic",4000,1,-0.0464221384271868,-0.0465800848853905,0.0286159209919475,-0.0998144679053325,-0.000317552378008679,1,0.76225,-0.0375149157086931
79,"A_threshold",1000,0.25,-0.0392966287460599,-0.0387563409627265,0.0222765984580289,-0.0849663570450848,0.0486271484083176,0.946,0.814,-0.00968
79,"A_threshold",1600,0.4,-0.0411266065080667,-0.0406575768684626,0.0249142165685279,-0.0923086987749927,0.0542597028510026,0.930625,0.81625,-0.009675
79,"A_threshold",2200,0.55,-0.0299575412086663,-0.0296417607651957,0.0286532859896873,-0.0995128772112643,0.0775636352040881,0.850909090909091,0.662727272727273,-0.00954545454545455
79,"A_threshold",2800,0.7,-0.0216183976027972,-0.0215280346489441,0.0317798699125688,-0.108924561869205,0.0939619131368519,0.758928571428571,0.541071428571429,-0.00984285714285714
79,"A_threshold",3400,0.85,-0.0138507663495517,-0.0138008446411633,0.0199020137304869,-0.0709188258571199,0.053284451821971,0.757647058823529,0.399411764705882,-0.00998823529411765
79,"A_threshold",4000,1,-0.00440925110231277,-0.0044944714181583,0.0229611511769232,-0.0718129277444071,0.0791346273851889,0.601,0.2625,-0.00996
79,"B_smooth_logistic",1000,0.25,-0.0408654711569616,-0.0404294770107864,0.00565552783390175,-0.05091331609361,-0.0312172110530692,1,1,-0.0374801282723301
79,"B_smooth_logistic",1600,0.4,-0.042245153220763,-0.0422261474540477,0.00660398371134681,-0.053660161976425,-0.0304097139453825,1,1,-0.0374155991680939
79,"B_smooth_logistic",2200,0.55,-0.0471415486460837,-0.0468786978941343,0.00557703187331289,-0.0555160666123388,-0.0358865132627304,1,1,-0.0374670006890639
79,"B_smooth_logistic",2800,0.7,-0.0504521437798853,-0.0503269086991398,0.010909519246193,-0.0679042266394558,-0.0296718724286991,1,1,-0.0374524060170103
79,"B_smooth_logistic",3400,0.85,-0.0515253988498059,-0.0514508066123752,0.00657867934938431,-0.0621590568788207,-0.0391641364828123,1,1,-0.0374617676317485
79,"B_smooth_logistic",4000,1,-0.0485074365669291,-0.0485077660071658,0.00422528069465587,-0.0557341489191482,-0.0410652577964689,1,1,-0.0375467086754322
80,"A_threshold",1000,0.25,-0.0295240233497979,-0.0297053501000125,0.0239734929040749,-0.155458092615286,0.0367393024909677,0.903,0.648,-0.0108
80,"A_threshold",1600,0.4,-0.0348396316837071,-0.0347974137049884,0.010961839531975,-0.0873514208512905,-0.00296635091014319,1,0.915625,-0.01045
80,"A_threshold",2200,0.55,-0.0113726579866624,-0.0113574697179037,0.01131918370142,-0.0657300535459898,0.0231342878877037,0.844090909090909,0.219545454545455,-0.0103272727272727
80,"A_threshold",2800,0.7,-0.0121899185637495,-0.0121904692470066,0.0120558349644765,-0.0650337278761098,0.0268673153387602,0.846071428571429,0.258571428571429,-0.0103571428571429
80,"A_threshold",3400,0.85,-0.0130904872791489,-0.0130949388316095,0.017265919506881,-0.0938123913223397,0.0413573589805052,0.782352941176471,0.338823529411765,-0.0102823529411765
80,"A_threshold",4000,1,-0.0155435839442332,-0.0155412246785922,0.0170040274491226,-0.0954750276473939,0.0389351944082319,0.82475,0.39025,-0.01024
80,"B_smooth_logistic",1000,0.25,-0.039296192391204,-0.0387669033023165,0.0179603116938942,-0.0743426577646954,-0.0119982378216051,1,0.823,-0.0371112104546519
80,"B_smooth_logistic",1600,0.4,-0.0258585517522756,-0.0259185882231611,0.000264719246528162,-0.0263655833811892,-0.0254509361156494,1,1,-0.0370293274381412
80,"B_smooth_logistic",2200,0.55,-0.0338084337558561,-0.0336011152778581,0.018431532840844,-0.0672582983883709,-0.00356706482419115,1,0.710454545454545,-0.0371138892736873
80,"B_smooth_logistic",2800,0.7,-0.0331597504940245,-0.0331162604193749,0.0183292006803305,-0.0664050970045343,-0.00310297536294379,1,0.702142857142857,-0.0372997893416847
80,"B_smooth_logistic",3400,0.85,-0.0359780536019071,-0.03591003340664,0.0159277648500751,-0.0638814175094722,-0.00890192375142471,1,0.792058823529412,-0.0373008295817031
80,"B_smooth_logistic",4000,1,-0.0356628107838005,-0.0355963052603699,0.0191077177840973,-0.0688387277794805,-0.00295008099646592,1,0.7365,-0.0372618980623016
81,"A_threshold",1000,0.25,-0.003584229390681,-0.00301244045834532,0.0361706525574445,-0.188046773545101,0.0732521613275576,0.491,0.273,-0.00936
81,"A_threshold",1600,0.4,0.00206288512797557,0.00232069434710969,0.0265944845982389,-0.156403233401146,0.0462829016789429,0.37875,0.169375,-0.008975
81,"A_threshold",2200,0.55,-0.010691424010915,-0.0109110944561842,0.0123796701855566,-0.0746601290521667,0.0161377186318887,0.819090909090909,0.201363636363636,-0.00903636363636364
81,"A_threshold",2800,0.7,-0.0114361441052322,-0.0113238369211331,0.00589612012498103,-0.040635884358081,0.00242241364044769,0.995357142857143,0.0810714285714286,-0.00931428571428571
81,"A_threshold",3400,0.85,-0.00910137913543135,-0.00904116318547105,0.000240727424054949,-0.00927798670893348,-0.00729590597261714,1,0,-0.00943529411764706
81,"A_threshold",4000,1,-0.00924324670541704,-0.00931208321217975,0.000460664374245464,-0.0101118872372214,-0.00675238912384962,1,0,-0.00953
81,"B_smooth_logistic",1000,0.25,-0.0486431131592422,-0.048982806656986,0.0186223427356144,-0.0831743520624668,-0.0200225347427515,1,1,-0.036430993022509
81,"B_smooth_logistic",1600,0.4,-0.0601394951232967,-0.0604732223167256,0.0243136057623579,-0.107866478961922,-0.0251745833590095,1,1,-0.0365745415566003
81,"B_smooth_logistic",2200,0.55,-0.0551639030575345,-0.0560748829016789,0.015502821208258,-0.0864436281177427,-0.03324991272108,1,1,-0.0367159864614748
81,"B_smooth_logistic",2800,0.7,-0.0524090775726805,-0.0533127420376836,0.0173004152738448,-0.087275339379468,-0.0270864176371046,1,1,-0.0369344441319031
81,"B_smooth_logistic",3400,0.85,-0.0547553384724437,-0.0555293523215934,0.0182646898799131,-0.0902328844644704,-0.0269494864858903,1,1,-0.0370964509606514
81,"B_smooth_logistic",4000,1,-0.052554436347192,-0.0530796583866754,0.0147991984143221,-0.0807028288309007,-0.0295223574260918,1,1,-0.037226457650671
82,"A_threshold",1000,0.25,-0.0303699436763953,-0.0290642097511179,0.00741602227057909,-0.0423739388256728,0.00496611021579438,0.997,0.887,-0.00988
82,"A_threshold",1600,0.4,-0.0345827811257533,-0.0341738492018541,0.0133684316589643,-0.0660402236445572,0.0217231236844189,0.985,0.863125,-0.00985
82,"A_threshold",2200,0.55,-0.0349891844398102,-0.0350594707617053,0.0100038729396162,-0.0480461733955097,0.0205468646809381,0.990454545454545,0.917272727272727,-0.00990909090909091
82,"A_threshold",2800,0.7,-0.0329200469411705,-0.0329487160868441,0.0116361452915056,-0.053471779276752,0.0240367012908877,0.987857142857143,0.865357142857143,-0.00982857142857143
82,"A_threshold",3400,0.85,-0.0325115474959547,-0.03266180661058,0.00886748574936567,-0.0469355728612404,0.014029170863587,0.994705882352941,0.909117647058823,-0.00988235294117647
82,"A_threshold",4000,1,-0.0285766074341682,-0.0284844741483707,0.00720757604994966,-0.0421365267722369,0.00667794738256733,0.998,0.879,-0.00994
82,"B_smooth_logistic",1000,0.25,-0.0664360304952271,-0.0666823651537839,0.0500443453641552,-0.155590555960054,0.0195762197805824,0.894,0.766,-0.0371480386363088
82,"B_smooth_logistic",1600,0.4,-0.0692217208924682,-0.069161211675445,0.0331039107842075,-0.13034718734032,-0.0159080916649237,1,0.9475,-0.0370914276240762
82,"B_smooth_logistic",2200,0.55,-0.0613946052090382,-0.0612143191050731,0.0157834214829504,-0.0911038262830938,-0.0360532928755388,1,1,-0.0372832513195648
82,"B_smooth_logistic",2800,0.7,-0.055324592260953,-0.0554840102065303,0.0175404883329912,-0.0889353021319108,-0.0273512304754,1,1,-0.0372922552380077
82,"B_smooth_logistic",3400,0.85,-0.0545230577049863,-0.0544738732713359,0.0226403431769798,-0.0977524050229942,-0.0186329178265032,1,0.976470588235294,-0.037514784475356
82,"B_smooth_logistic",4000,1,-0.0533249882647473,-0.0530919110734471,0.02009183648918,-0.0905704540911292,-0.0208011268048408,1,1,-0.0374987963862797
83,"A_threshold",1000,0.25,-0.00376934507629299,-0.00497646250372449,0.00618627194486989,-0.015487212594431,0.0283449589068495,0.808,0,-0.01028
83,"A_threshold",1600,0.4,-0.00656261977016694,-0.00685015896419109,0.00320292903157462,-0.0118074324061958,0.0113670707222336,0.964375,0,-0.010425
83,"A_threshold",2200,0.55,-0.0128754653433181,-0.0127249732146799,0.0127600633803873,-0.0408482573871964,0.0505179264853188,0.844090909090909,0.320909090909091,-0.0100181818181818
83,"A_threshold",2800,0.7,-0.0142064334337343,-0.0139829686395023,0.0166023796645778,-0.0528137069687662,0.0665593506287576,0.813571428571429,0.400357142857143,-0.0100142857142857
83,"A_threshold",3400,0.85,-0.0157895885128094,-0.0156733083778948,0.0124021808255672,-0.0477780675015594,0.0403321738873949,0.889117647058824,0.398823529411765,-0.0100823529411765
83,"A_threshold",4000,1,-0.0163355908559705,-0.0159474415053148,0.011008710971738,-0.0428568734899475,0.0356973828016313,0.9155,0.39425,-0.01008
83,"B_smooth_logistic",1000,0.25,-0.0137359118852459,-0.014395070556255,0.0122766136771255,-0.0377629799725321,0.00489214901179555,0.851,0.342,-0.0366334306538413
83,"B_smooth_logistic",1600,0.4,-0.0202117270205867,-0.020231690473596,0.00626675950546996,-0.0306765962214525,-0.00896426629796722,1,0.514375,-0.0364793494930748
83,"B_smooth_logistic",2200,0.55,-0.0234594749183977,-0.0236834724659858,0.00160414994403349,-0.0261577021260908,-0.0205129146379936,1,1,-0.0364607559682004
83,"B_smooth_logistic",2800,0.7,-0.0335714285714286,-0.0335730607633071,0.00785773925246835,-0.0469156485177309,-0.019310257650162,1,0.981071428571429,-0.0366090457631569
83,"B_smooth_logistic",3400,0.85,-0.0331240588183187,-0.0331601244873668,0.00136046228049814,-0.0356093811054128,-0.0308712793034791,1,1,-0.0368879670845336
83,"B_smooth_logistic",4000,1,-0.0391631566526266,-0.0392045241445856,0.00381625719833235,-0.0460959075132225,-0.0327457183595385,1,1,-0.0369665658757893
84,"A_threshold",1000,0.25,-0.00392053213514823,-0.00344784068799559,0.0329439411090499,-0.07587333842205,0.135779388564262,0.598,0.344,-0.00992
84,"A_threshold",1600,0.4,-0.0111755503774933,-0.010566091946758,0.0398085800412849,-0.119604736256144,0.150836604208163,0.63625,0.44625,-0.009875
84,"A_threshold",2200,0.55,-0.0185686084538339,-0.0180041427262796,0.0367868504778469,-0.099626090266136,0.152756940601849,0.725909090909091,0.539090909090909,-0.0102
84,"A_threshold",2800,0.7,-0.0240642147896525,-0.0236463001116598,0.0283362897152577,-0.106522423880812,0.0867159647291046,0.811428571428571,0.574285714285714,-0.0100142857142857
84,"A_threshold",3400,0.85,-0.0256072584363952,-0.0254120011563651,0.0254976607275334,-0.103580297490474,0.0797529145982104,0.845588235294118,0.599117647058824,-0.00988235294117647
84,"A_threshold",4000,1,-0.0242992720372054,-0.0241605882395652,0.0170345721902901,-0.0767138579822267,0.0436621895602512,0.91525,0.6115,-0.00982
84,"B_smooth_logistic",1000,0.25,-0.034,-0.0338155451773861,0.00178594679177158,-0.0357916819918012,-0.0291919868302259,1,1,-0.0378449165166531
84,"B_smooth_logistic",1600,0.4,-0.0382125678626755,-0.0377772402899554,0.0128454932058632,-0.0578573260724945,-0.0132931148235857,1,0.876875,-0.0377130913278327
84,"B_smooth_logistic",2200,0.55,-0.0400623489624485,-0.0399803294241954,0.013311122384351,-0.0620954011302311,-0.0161965516289896,1,0.925,-0.0375355503764041
84,"B_smooth_logistic",2800,0.7,-0.0330546119675986,-0.0330804443293106,0.0149107303492992,-0.0587644412858522,-0.0072890243133869,1,0.758571428571429,-0.0374804890020361
84,"B_smooth_logistic",3400,0.85,-0.0309799205820522,-0.0307288146551243,0.0114542237272679,-0.0488699157937297,-0.00903626496022136,1,0.778235294117647,-0.0373667506548705
84,"B_smooth_logistic",4000,1,-0.0310153103968643,-0.0309580265595767,0.00770904581999169,-0.0431606986438527,-0.0164045175845623,1,0.8885,-0.0372919905144593
85,"A_threshold",1000,0.25,-0.0212727658195695,-0.0194981426639689,0.0190064582659045,-0.0392334014786563,0.0869209315445416,0.869,0.616,-0.0104
85,"A_threshold",1600,0.4,0.00424690154313465,0.00487830388372063,0.0124224171042468,-0.0212917590942391,0.0570343920365871,0.400625,0.000625,-0.0104
85,"A_threshold",2200,0.55,-0.0020298879511769,-0.0015441575113198,0.0142681821841382,-0.0346984170598347,0.0601536786791338,0.603181818181818,0.0686363636363636,-0.0103636363636364
85,"A_threshold",2800,0.7,-0.00846240032980197,-0.00838437952236368,0.00813493731489814,-0.030346895023196,0.0240801871539542,0.848571428571429,0.0596428571428571,-0.0104428571428571
85,"A_threshold",3400,0.85,-0.0128714406131011,-0.012733243420298,0.00641621000659981,-0.0300515473789932,0.0133463045383231,0.962647058823529,0.114705882352941,-0.0102823529411765
85,"A_threshold",4000,1,-0.0094398502106413,-0.00947487785108785,0.00322424372211858,-0.0177622195857737,0.0039817915853475,0.993,0,-0.01038
85,"B_smooth_logistic",1000,0.25,-0.080642128049488,-0.0807009637779954,0.0397832531815096,-0.15968301371709,-0.019106136013591,1,0.986,-0.0372326556993999
85,"B_smooth_logistic",1600,0.4,-0.068827531012405,-0.069181128643785,0.0107748012385398,-0.0894748600096745,-0.0517102884989519,1,1,-0.0371068146388243
85,"B_smooth_logistic",2200,0.55,-0.0574468647912286,-0.0577433170649743,0.0118088783609578,-0.0799763545567946,-0.0388787001465839,1,1,-0.0372489975754335
85,"B_smooth_logistic",2800,0.7,-0.0490935187778946,-0.0492434622086609,0.0154383102525685,-0.0780759193257962,-0.0242128774085683,1,1,-0.0371027796996704
85,"B_smooth_logistic",3400,0.85,-0.0502591941158212,-0.0504216430623165,0.0188226156441405,-0.0853730488592402,-0.0198083859634633,1,0.996176470588235,-0.0371665283715
85,"B_smooth_logistic",4000,1,-0.0467381964484781,-0.0468735705448563,0.0194107714051071,-0.0832848981395369,-0.0156210119337293,1,0.92025,-0.0371685235943612
86,"A_threshold",1000,0.25,0.0125504598901385,0.0126895163831579,0.0279710641417318,-0.0641611027797174,0.134984812655288,0.346,0.115,-0.01052
86,"A_threshold",1600,0.4,-0.00418469539074086,-0.00406982659181291,0.0247525867321632,-0.0656906315810448,0.112755689780646,0.604375,0.271875,-0.01025
86,"A_threshold",2200,0.55,-0.00578787918877086,-0.00589877163203586,0.020005585725375,-0.0533393788070736,0.091936177266696,0.665454545454545,0.248636363636364,-0.0102545454545455
86,"A_threshold",2800,0.7,-0.00687050176101271,-0.0070168695353241,0.0230184326056837,-0.0672437676465074,0.0985148989516746,0.659285714285714,0.303928571428571,-0.0102714285714286
86,"A_threshold",3400,0.85,-0.00564126275686781,-0.00569559923839402,0.030816604623909,-0.0897085799653232,0.139459601364948,0.609117647058824,0.341470588235294,-0.0103411764705882
86,"A_threshold",4000,1,-0.00524389764956415,-0.00534199119647393,0.0283361849569312,-0.0815395230654173,0.126903019158242,0.60925,0.32525,-0.01043
86,"B_smooth_logistic",1000,0.25,-0.0293734335839599,-0.029503925346102,0.00363980265681325,-0.0358972642987291,-0.0235057296201968,1,1,-0.037793053324889
86,"B_smooth_logistic",1600,0.4,-0.026970146616653,-0.0270798760449531,0.00750471219464508,-0.0410145926673321,-0.0155919407100892,1,0.761875,-0.0374957925165568
86,"B_smooth_logistic",2200,0.55,-0.0412046550257932,-0.0412688824018802,0.00208543604549542,-0.0443310471707444,-0.0372352310598392,1,1,-0.0373368702443593
86,"B_smooth_logistic",2800,0.7,-0.0471983131537563,-0.0474170402067455,0.00378114334621175,-0.0541140462326902,-0.0411741437059326,1,1,-0.0372107927221323
86,"B_smooth_logistic",3400,0.85,-0.0491867268506792,-0.0493032579835134,0.00960999511027664,-0.066986259655072,-0.0341479379650509,1,1,-0.0373888513106715
86,"B_smooth_logistic",4000,1,-0.0421660541513538,-0.042489390613034,0.00931475510346538,-0.0596108816429604,-0.0278285202595972,1,1,-0.0373875440525179
87,"A_threshold",1000,0.25,-0.0143880575522302,-0.0159243841873274,0.017674813638245,-0.0440529072256897,0.101066711257841,0.838,0.479,-0.0098
87,"A_threshold",1600,0.4,-0.0160140875220117,-0.0166071311926745,0.0164909184887872,-0.0526831557530888,0.0768929624266856,0.848125,0.46125,-0.009925
87,"A_threshold",2200,0.55,-0.0205925694511596,-0.0210742592235268,0.0126591225961044,-0.0509973082464068,0.0475484686889814,0.937727272727273,0.579545454545455,-0.00983636363636364
87,"A_threshold",2800,0.7,-0.0224501030872081,-0.0226179793806186,0.0118860997072778,-0.0523364618449618,0.0398374258449371,0.957857142857143,0.6275,-0.0102
87,"A_threshold",3400,0.85,-0.0124369544341687,-0.0124374807116947,0.00906956896053608,-0.0367332773743226,0.032251909174867,0.907352941176471,0.205882352941176,-0.0101411764705882
87,"A_threshold",4000,1,-0.00342403081627735,-0.00346737020857534,0.0141085619724269,-0.0442063122755165,0.0629730089120569,0.624,0.1105,-0.01006
87,"B_smooth_logistic",1000,0.25,-0.0398749554698977,-0.039941431209385,0.00947694671708821,-0.0565328254790415,-0.0238764050111422,1,1,-0.0375021372551468
87,"B_smooth_logistic",1600,0.4,-0.0406162464985994,-0.0404415887459691,0.0133363646481057,-0.0619827934573614,-0.015773401040324,1,0.91625,-0.0374020183030387
87,"B_smooth_logistic",2200,0.55,-0.0480101424396675,-0.0473845210485764,0.00573605529404255,-0.0557013276690921,-0.0358625724129364,1,1,-0.0372955822368708
87,"B_smooth_logistic",2800,0.7,-0.0469756520851411,-0.0463354603862232,0.00253179121650811,-0.0495063977151036,-0.0408426824058337,1,1,-0.0373102133434616
87,"B_smooth_logistic",3400,0.85,-0.0442137320044297,-0.0440143456840354,0.000252498479526045,-0.0442479754606082,-0.0433999014568612,1,1,-0.0375524646022986
87,"B_smooth_logistic",4000,1,-0.0384463840698265,-0.0383609749562388,0.00728195166414278,-0.0504118165481205,-0.025420730411108,1,1,-0.0375796375270955
88,"A_threshold",1000,0.25,-0.00171334326111672,-0.00152607623741103,0.0200591367558346,-0.0565093384493258,0.102047262458112,0.56,0.161,-0.0084
88,"A_threshold",1600,0.4,0.00351719299561405,0.00423251120073658,0.0201415680828258,-0.0409329080522914,0.125890259750222,0.465625,0.095,-0.0092
88,"A_threshold",2200,0.55,-0.0123364553951228,-0.0122453442206907,0.0182010236791444,-0.0643788005334195,0.0845276737251632,0.762727272727273,0.353181818181818,-0.00901818181818182
88,"A_threshold",2800,0.7,-0.0112551939199504,-0.0112600453854473,0.0206212619151931,-0.0645956802732359,0.106756828186407,0.735,0.366428571428571,-0.00927142857142857
88,"A_threshold",3400,0.85,-0.0119792553346095,-0.0124578255391848,0.0189688053805489,-0.0598255764538823,0.0970149597912022,0.767058823529412,0.380588235294118,-0.00941176470588235
88,"A_threshold",4000,1,-0.00885085842301568,-0.00927857856029692,0.0166159520679697,-0.0558228337406394,0.0785395615940419,0.73475,0.269,-0.00944
88,"B_smooth_logistic",1000,0.25,-0.018828677832402,-0.0191791343294798,0.000333185248820738,-0.0195310297751484,-0.0182588146297695,1,0,-0.0367951593643151
88,"B_smooth_logistic",1600,0.4,-0.0437193571427455,-0.0435285562875817,0.000633221658848562,-0.0441208943932445,-0.0419865198839739,1,1,-0.0369768467731204
88,"B_smooth_logistic",2200,0.55,-0.0405434901233221,-0.0404716255321834,0.000993646666501697,-0.0421095958454134,-0.0387070299912992,1,1,-0.036754478107254
88,"B_smooth_logistic",2800,0.7,-0.034150067427632,-0.0341495541412084,0.0015202119770289,-0.0366315388128277,-0.0314186146236599,1,1,-0.0367788651604704
88,"B_smooth_logistic",3400,0.85,-0.0318061864590093,-0.0318685301689894,0.00262176001236088,-0.0362182221988375,-0.0272016134802916,1,1,-0.0368324140019714
88,"B_smooth_logistic",4000,1,-0.0320206109679794,-0.0320737959912837,0.0112598016358992,-0.0510829549446194,-0.0122873318635651,1,0.8095,-0.0368886113484238
89,"A_threshold",1000,0.25,0.0329102473271932,0.0326786013372129,0.0282601426799822,-0.117424770567316,0.113755769797134,0.112,0.04,-0.01056
89,"A_threshold",1600,0.4,0.0147562730566767,0.0150972692931161,0.0285341682283821,-0.143014589714162,0.0929833746871947,0.26625,0.105625,-0.0104
89,"A_threshold",2200,0.55,0.00540093803590984,0.00560215961865728,0.0271975333525738,-0.127307765323534,0.0946166568201295,0.399090909090909,0.163181818181818,-0.0102
89,"A_threshold",2800,0.7,0.00159941126967432,0.00176630512879687,0.0245675710510802,-0.118450635017275,0.0814132305585302,0.455,0.175,-0.0100857142857143
89,"A_threshold",3400,0.85,-0.00561627248247965,-0.00546817686513027,0.0216361391153553,-0.109224016569377,0.0668971724378676,0.588235294117647,0.236176470588235,-0.00987058823529412
89,"A_threshold",4000,1,-0.00728805792044714,-0.00737452148264471,0.0190913857645717,-0.0813501634195221,0.0702579319457658,0.65875,0.25175,-0.01
89,"B_smooth_logistic",1000,0.25,-0.0382298433741209,-0.0388775913679601,0.0270169702327699,-0.0923232003013306,0.0020108083510069,0.972,0.68,-0.036291080835365
89,"B_smooth_logistic",1600,0.4,-0.0375802388884375,-0.0377430513454128,0.0139058428447516,-0.0649493683436703,-0.016362718629774,1,0.89,-0.0362665609664774
89,"B_smooth_logistic",2200,0.55,-0.0466464351948271,-0.046843145910645,0.0125407756986055,-0.070625529752647,-0.0266593259946916,1,1,-0.0367103364109881
89,"B_smooth_logistic",2800,0.7,-0.0528570932935503,-0.0533851853833515,0.014424237557612,-0.0810322227960814,-0.0308153846539143,1,1,-0.0370085323061981
89,"B_smooth_logistic",3400,0.85,-0.0609880485423486,-0.0614989410475078,0.00824899565975586,-0.0768507072701076,-0.0482316663901014,1,1,-0.0370153597164045
89,"B_smooth_logistic",4000,1,-0.0635073524208465,-0.063842779822403,0.00797515109000221,-0.0785805519618013,-0.0509102213132052,1,1,-0.0370900543065393
90,"A_threshold",1000,0.25,-0.0353332719977919,-0.0352365978150485,0.0154672875312566,-0.0672105240577588,0.0243532050213025,0.972,0.842,-0.00988
90,"A_threshold",1600,0.4,-0.0237821789913669,-0.0233945234862871,0.0131305920558653,-0.0508708134315913,0.0431867388777492,0.94375,0.641875,-0.01025
90,"A_threshold",2200,0.55,-0.024196396010489,-0.0239779224980654,0.00725895985827962,-0.0417360177258771,0.0175824221613276,0.995454545454545,0.731363636363636,-0.0102545454545455
90,"A_threshold",2800,0.7,-0.021023228462217,-0.0206246737739479,0.00569549444512071,-0.0367064275373689,0.00938667321778303,0.998928571428571,0.571785714285714,-0.0103
90,"A_threshold",3400,0.85,-0.0248367840787645,-0.0245825073840503,0.00664245689801641,-0.0445155724614257,0.00929703028443507,0.999117647058824,0.772058823529412,-0.0102352941176471
90,"A_threshold",4000,1,-0.0203864976113616,-0.0201773401397604,0.00733364971307766,-0.0422520544322368,0.0166703042128295,0.9925,0.53425,-0.01032
90,"B_smooth_logistic",1000,0.25,-0.0496333761828674,-0.049412969994594,0.00724259816147912,-0.0626267915299391,-0.0374958279820126,1,1,-0.0368513033117032
90,"B_smooth_logistic",1600,0.4,-0.0446065287908049,-0.0446620281039016,0.0246769520246349,-0.0834495469650978,0.0031081559300951,0.968125,0.799375,-0.0372173257748499
90,"B_smooth_logistic",2200,0.55,-0.0456349206349206,-0.0455307725205383,0.0249651496517811,-0.0836141742426138,0.00475093318919977,0.957272727272727,0.806818181818182,-0.0373837332873253
90,"B_smooth_logistic",2800,0.7,-0.0461840504820447,-0.0461539657333886,0.0258091788305682,-0.0897564119212201,0.00136288727306498,0.984285714285714,0.797857142857143,-0.0371258293992476
90,"B_smooth_logistic",3400,0.85,-0.0422539938595135,-0.0422549965260396,0.0218837763806404,-0.0807040597424154,-0.00370564996781363,1,0.797352941176471,-0.0371735951803136
90,"B_smooth_logistic",4000,1,-0.0414227588922431,-0.0414090570299895,0.0188503282246954,-0.0740932495633343,-0.00751740961973706,1,0.83075,-0.0372563949004025
91,"A_threshold",1000,0.25,0.0165450588837686,0.0162328359530841,0.00344730242533072,0.00238527576820219,0.0228433677415078,0,0,-0.01032
91,"A_threshold",1600,0.4,-0.0105606443634613,-0.0108354397858102,0.00397911197306491,-0.0191961076016786,0.00896908055140772,0.988125,0,-0.01015
91,"A_threshold",2200,0.55,-0.0136236312706901,-0.0139986713652265,0.00748348785108511,-0.0471113668007147,0.00478615808615727,0.991363636363636,0.193636363636364,-0.0103090909090909
91,"A_threshold",2800,0.7,-0.019379180243526,-0.0196710893118111,0.000401437840824343,-0.0207828217230308,-0.0181090022428454,1,0.213214285714286,-0.0104428571428571
91,"A_threshold",3400,0.85,-0.0149103417199896,-0.0152367726828318,0.00669046057992849,-0.0318061864727147,0.014714573654708,0.975588235294118,0.255294117647059,-0.0102941176470588
91,"A_threshold",4000,1,-0.011951195119512,-0.0121596826439109,0.00726949260116905,-0.032196499001369,0.0178003833164188,0.94075,0.131,-0.01014
91,"B_smooth_logistic",1000,0.25,-0.046562980030722,-0.0453484084272696,0.0109891107859747,-0.0597205287620823,-0.0227641227311668,1,1,-0.0374185178298934
91,"B_smooth_logistic",1600,0.4,-0.0338984110706045,-0.0332746143489435,0.0143983425131527,-0.0542766318778075,-0.00564785165293848,1,0.77375,-0.0371171586438772
91,"B_smooth_logistic",2200,0.55,-0.0377873257939464,-0.036714201746283,0.00596724085841751,-0.0442428832256404,-0.0240855651190912,1,1,-0.0369840874404897
91,"B_smooth_logistic",2800,0.7,-0.0437829497235438,-0.0433871032461099,0.019075799207471,-0.0726891645225754,-0.00751965150472034,1,0.847142857142857,-0.0369647518739581
91,"B_smooth_logistic",3400,0.85,-0.0436486838243031,-0.043455819702479,0.0236876052919817,-0.0816457392735413,-0.000122724525852921,1,0.782058823529412,-0.0369776219620064
91,"B_smooth_logistic",4000,1,-0.0431683360497703,-0.0431967523980896,0.0256913438357814,-0.0864167828293104,0.00157004404427014,0.9805,0.76025,-0.0368892127430356
92,"A_threshold",1000,0.25,0.0283567804381866,0.028402086902045,0.0332277963751317,-0.0438490872166849,0.178676050997308,0.193,0.028,-0.00984
92,"A_threshold",1600,0.4,0.0321100415578489,0.0317521238602582,0.00992694679868772,0.00564282887019527,0.0816231650085944,0,0,-0.009625
92,"A_threshold",2200,0.55,0.0157379374301067,0.015493349177423,0.0228020853602843,-0.0444883857600282,0.129229479701979,0.259090909090909,0.0404545454545455,-0.00985454545454545
92,"A_threshold",2800,0.7,0.00814797581219553,0.00798395312857795,0.0231052625224746,-0.0539409148532125,0.124673501585636,0.389642857142857,0.100714285714286,-0.00967142857142857
92,"A_threshold",3400,0.85,0.00313322324025254,0.00278604854286234,0.0267151896449387,-0.0693011882510124,0.13786300824248,0.497647058823529,0.197941176470588,-0.0100235294117647
92,"A_threshold",4000,1,0.0054883575558681,0.00522189604642827,0.0282398181502593,-0.0711804032894073,0.14986448961109,0.45525,0.19,-0.00999
92,"B_smooth_logistic",1000,0.25,-0.0308923569427771,-0.0313234140740776,0.0369573356164278,-0.0966827929537552,0.0324398701566133,0.741,0.579,-0.0375774208279375
92,"B_smooth_logistic",1600,0.4,-0.0466686674669868,-0.0466693576630494,0.0266273361499405,-0.0928941541102129,0.000811950046531007,0.990625,0.786875,-0.037080908940859
92,"B_smooth_logistic",2200,0.55,-0.0389380487091312,-0.0390797749706162,0.0103749225896457,-0.057987752459125,-0.0220237700588709,1,1,-0.037077093277597
92,"B_smooth_logistic",2800,0.7,-0.0401679621191816,-0.040368565352658,0.0128690018800969,-0.0639986994114331,-0.0196282167316427,1,0.991071428571429,-0.037173455753718
92,"B_smooth_logistic",3400,0.85,-0.0443236860429221,-0.0444689439048044,0.0135303389254634,-0.0689822064785854,-0.0220429175756377,1,1,-0.0372390739591215
92,"B_smooth_logistic",4000,1,-0.0457652095783077,-0.0458399940542744,0.0149645634659713,-0.0731130789655486,-0.0211833517007075,1,1,-0.0372897608177614
93,"A_threshold",1000,0.25,0.00619793991899642,0.00528782896725982,0.0236292654980444,-0.0430766516084808,0.109911906196368,0.452,0.123,-0.00872
93,"A_threshold",1600,0.4,0.0119678703525136,0.0118278532384071,0.0134042823765972,-0.0227926647131459,0.05906053942476,0.185,0.0025,-0.0093
93,"A_threshold",2200,0.55,-0.00236676597153261,-0.00241501441185017,0.0165191733086125,-0.0573143319121211,0.0523375779386542,0.573181818181818,0.14,-0.00909090909090909
93,"A_threshold",2800,0.7,-0.00931994664964692,-0.00933104915344413,0.0141880431482068,-0.0570012514884349,0.0398596777678722,0.750357142857143,0.220357142857143,-0.00928571428571429
93,"A_threshold",3400,0.85,-0.0113074802691056,-0.0113007459583715,0.0225674086012097,-0.0897700497807637,0.065615624653992,0.700294117647059,0.344411764705882,-0.00944705882352941
93,"A_threshold",4000,1,-0.00899355501506098,-0.0090368971918955,0.0209985395965809,-0.0792480226841761,0.0650347703252438,0.6755,0.29575,-0.00953
93,"B_smooth_logistic",1000,0.25,-0.0457247535785723,-0.0457057175313769,0.0323342102758831,-0.108294269866767,0.00408914032518388,0.943,0.722,-0.0366494203471904
93,"B_smooth_logistic",1600,0.4,-0.0380449657869013,-0.037713963091985,0.0168015405237211,-0.0688263042638621,-0.0109937503943385,1,0.81,-0.0370941375043906
93,"B_smooth_logistic",2200,0.55,-0.0376276332893418,-0.0375481638536478,0.0167147924324224,-0.0670343319885433,-0.0092286529283047,1,0.805,-0.0369678742646293
93,"B_smooth_logistic",2800,0.7,-0.0417850958868307,-0.0417043626658964,0.0158095102469458,-0.070364572505452,-0.0156082426213827,1,0.913214285714286,-0.0370216930336925
93,"B_smooth_logistic",3400,0.85,-0.0379351746513221,-0.0378793596951898,0.00822656958053051,-0.0526014671946876,-0.0239169448479752,1,1,-0.0369312960705496
93,"B_smooth_logistic",4000,1,-0.0330715004128875,-0.0330769625790636,0.00986718216010966,-0.0502743470737345,-0.0158841819569415,1,0.88625,-0.0370213006807877
94,"A_threshold",1000,0.25,-0.0221151845865805,-0.0217667483972267,0.0129057535878641,-0.0724167001329753,0.00661301253668774,0.99,0.506,-0.0114
94,"A_threshold",1600,0.4,-0.0108614724302545,-0.0115418362905807,0.0133654544085914,-0.0372360383647848,0.0452455427454339,0.825,0.291875,-0.010625
94,"A_threshold",2200,0.55,-0.0114108527131783,-0.0121782172760346,0.0128628062753811,-0.0356444236744979,0.0456849593969139,0.844090909090909,0.305,-0.0107454545454545
94,"A_threshold",2800,0.7,-0.0138861677115987,-0.014323923201491,0.0133670484706518,-0.0474081830019232,0.0507898679462652,0.864285714285714,0.368214285714286,-0.0106142857142857
94,"A_threshold",3400,0.85,-0.00932889798845205,-0.009627799440615,0.0170810799264512,-0.0512613614794874,0.0764572822920387,0.736470588235294,0.299117647058824,-0.0103411764705882
94,"A_threshold",4000,1,-0.0151861868109008,-0.0152964174193172,0.0205838118671908,-0.074504386169837,0.07932767979456,0.78425,0.4415,-0.01025
94,"B_smooth_logistic",1000,0.25,-0.0357201428805715,-0.036870142338506,0.00857923839602985,-0.0528295320393079,-0.0235213431311493,1,1,-0.0377890954629796
94,"B_smooth_logistic",1600,0.4,-0.0240106630622513,-0.0241440132793725,0.00854347639854688,-0.0391639074359264,-0.0100898109596542,1,0.635,-0.0375206243401423
94,"B_smooth_logistic",2200,0.55,-0.0359424689037299,-0.0358906236842621,0.00503365320593984,-0.0438879593194076,-0.0265814230549663,1,1,-0.0374527917448758
94,"B_smooth_logistic",2800,0.7,-0.0347047113470471,-0.0346231831988133,0.00896399027227279,-0.0484405719679659,-0.0177320768511489,1,0.945,-0.0375102913466377
94,"B_smooth_logistic",3400,0.85,-0.0327992587863319,-0.0326838959973801,0.0103976373894837,-0.0486629701778618,-0.0128514345723654,1,0.844411764705882,-0.0375210769674582
94,"B_smooth_logistic",4000,1,-0.0353993062462608,-0.0351946312507647,0.00728812033682272,-0.0460713471424244,-0.0209785897384326,1,1,-0.0375385446663443
95,"A_threshold",1000,0.25,-0.0214590901089757,-0.0217201674717408,0.0356682293549058,-0.151650048697111,0.0978190799057452,0.738,0.516,-0.01004
95,"A_threshold",1600,0.4,-0.0304863662145249,-0.030554361753466,0.0302484288898393,-0.133557734334153,0.0774268347937004,0.848125,0.638125,-0.01005
95,"A_threshold",2200,0.55,-0.0303737796396833,-0.0303938099974764,0.0216346474887229,-0.105818784100266,0.0457669810793445,0.924090909090909,0.693636363636364,-0.00974545454545454
95,"A_threshold",2800,0.7,-0.0300437505580428,-0.0299057425925601,0.0200701116510491,-0.0944777833661448,0.0450025816198388,0.933571428571429,0.700714285714286,-0.0100857142857143
95,"A_threshold",3400,0.85,-0.0251638835983523,-0.025182212338059,0.0188981536402621,-0.0904744416674224,0.0400727022377902,0.909117647058823,0.609117647058824,-0.00998823529411765
95,"A_threshold",4000,1,-0.0208140208140208,-0.0210402467358099,0.0173939326721324,-0.0871223883803592,0.0333435104671335,0.89125,0.5075,-0.00997
95,"B_smooth_logistic",1000,0.25,-0.0284415745486115,-0.0278792655829375,0.0202386222868514,-0.0578684774008109,0.0123161484451514,0.876,0.634,-0.0369404718316897
95,"B_smooth_logistic",1600,0.4,-0.0322688004200007,-0.0318411529892793,0.01015206314744,-0.0476012032707538,-0.0121845130578261,1,0.829375,-0.0371504954219133
95,"B_smooth_logistic",2200,0.55,-0.0442317976643019,-0.0441838568336653,0.00881445762918082,-0.0592525044137134,-0.0283358254331411,1,1,-0.0374030657861334
95,"B_smooth_logistic",2800,0.7,-0.0437919960562555,-0.0437357327159407,0.00286843363769808,-0.0486115479424968,-0.0386531071609862,1,1,-0.0373581769008364
95,"B_smooth_logistic",3400,0.85,-0.0409964062041431,-0.0410083302163969,0.00324765347882783,-0.0465994289461426,-0.0352930769549632,1,1,-0.0373919970140845
95,"B_smooth_logistic",4000,1,-0.0429515462556652,-0.042980285775322,0.00388979821660458,-0.0497187517410728,-0.0360685848089214,1,1,-0.0372637442177375
96,"A_threshold",1000,0.25,-0.00888014208227331,-0.00906895178334972,0.00449109681804846,-0.0250941507362098,0.0040321490237772,0.983,0.006,-0.01056
96,"A_threshold",1600,0.4,-0.0142408252616052,-0.0141765345617934,0.0026050043634364,-0.0228974233033023,-0.0064293780257127,1,0.015625,-0.0108
96,"A_threshold",2200,0.55,-0.00800248595246773,-0.00800690749869092,0.00447605232851804,-0.0243857127807763,0.00521559895243612,0.968181818181818,0.00590909090909091,-0.0101818181818182
96,"A_threshold",2800,0.7,-0.0167848149350848,-0.0168302223001423,0.0105156638195175,-0.0578390019613889,0.0166027588088672,0.949285714285714,0.373214285714286,-0.0100428571428571
96,"A_threshold",3400,0.85,-0.0180617630606831,-0.0180836009835835,0.00538739627207791,-0.038757993194015,-0.000614270997209981,1,0.353235294117647,-0.00998823529411765
96,"A_threshold",4000,1,-0.0120460805221185,-0.0121126730041663,0.00911964593200244,-0.048581450083629,0.0160373689923066,0.91225,0.19475,-0.01005
96,"B_smooth_logistic",1000,0.25,-0.0468831901536098,-0.0481976145486887,0.0245040287835923,-0.0955062500277683,-0.00975372395641323,1,0.85,-0.0370665129388895
96,"B_smooth_logistic",1600,0.4,-0.0475,-0.048527433686947,0.0170978714936911,-0.0819820979838453,-0.0218473072369944,1,1,-0.0371137909597054
96,"B_smooth_logistic",2200,0.55,-0.0440631376597016,-0.0445545998697751,0.0132448810917323,-0.0689016544805081,-0.0229021186431379,1,1,-0.0370890076927251
96,"B_smooth_logistic",2800,0.7,-0.0427408381330807,-0.0428570634124611,0.000457060162791763,-0.0436437863822284,-0.0420587172815343,1,1,-0.0369290621512135
96,"B_smooth_logistic",3400,0.85,-0.0523172840138479,-0.0524205618218001,8.58019249915816e-05,-0.0525021433872088,-0.0522099383316329,1,1,-0.0370314638552158
96,"B_smooth_logistic",4000,1,-0.0454066684317412,-0.0454429407084237,0.00413370256638399,-0.0527152382516622,-0.0383188372605214,1,1,-0.0371570955617282
97,"A_threshold",1000,0.25,-0.00711274075203293,-0.00700880965844176,0.02106961553413,-0.0604819752103384,0.0655947711425731,0.648,0.279,-0.0102
97,"A_threshold",1600,0.4,-0.0148879013833446,-0.0149203893994073,0.0263183145666445,-0.0842271365694011,0.0827164013910538,0.71875,0.429375,-0.010125
97,"A_threshold",2200,0.55,-0.00838890653117393,-0.00835275169627119,0.022402840110758,-0.0712052042723768,0.0698911343978528,0.651818181818182,0.306818181818182,-0.0103272727272727
97,"A_threshold",2800,0.7,-0.00484085584372117,-0.0048830722181283,0.024293645499879,-0.0729813920114394,0.0858266251463869,0.595714285714286,0.274642857142857,-0.0100428571428571
97,"A_threshold",3400,0.85,-0.00457791169716992,-0.00466421738753144,0.0254424373879321,-0.0812169059418624,0.0897481675161141,0.589411764705882,0.280294117647059,-0.00995294117647059
97,"A_threshold",4000,1,-0.00551753448459054,-0.00565468101792019,0.0210707799113891,-0.0690200072327906,0.0728293161400126,0.6235,0.2505,-0.0098
97,"B_smooth_logistic",1000,0.25,-0.0439983357603495,-0.0435846023985843,0.00732084274227638,-0.056541303554654,-0.0312330030369329,1,1,-0.0373598757297025
97,"B_smooth_logistic",1600,0.4,-0.0470698546647914,-0.0468477518337943,0.0129529282950734,-0.0690980345919161,-0.0244927911523276,1,1,-0.037543554649604
97,"B_smooth_logistic",2200,0.55,-0.0401512127350612,-0.0394565260821881,0.0121816979875882,-0.0617964584485542,-0.0199877263733084,1,0.999545454545455,-0.0375154195165668
97,"B_smooth_logistic",2800,0.7,-0.0351065984771136,-0.0343603246100417,0.0161842977982791,-0.064857044087831,-0.00915891521830541,1,0.745357142857143,-0.0374695210841337
97,"B_smooth_logistic",3400,0.85,-0.0352078286994401,-0.0340877913467519,0.0203089192659715,-0.0728925504210779,-0.0032017490266265,1,0.683823529411765,-0.0375149040442011
97,"B_smooth_logistic",4000,1,-0.0340303172370683,-0.0332612666685856,0.0244122429289865,-0.0802156437142439,0.00378842645489019,0.9335,0.63125,-0.0374318969110169
98,"A_threshold",1000,0.25,-0.00873138161273755,-0.00863004765893001,0.00611913927429158,-0.0237722913131986,0.0140458421730499,0.915,0.023,-0.00988
98,"A_threshold",1600,0.4,-0.0116181612344335,-0.0118608413453637,0.0192662809500789,-0.0571743005996488,0.0643355934246937,0.740625,0.355625,-0.009675
98,"A_threshold",2200,0.55,-0.00319186586886559,-0.00347375254032211,0.0125819053776277,-0.0300658245407892,0.0525859994292281,0.654090909090909,0.0677272727272727,-0.00963636363636364
98,"A_threshold",2800,0.7,-0.00745050010206165,-0.00752557482565141,0.0226201806655046,-0.0660476425229356,0.0891981328902184,0.656428571428571,0.306785714285714,-0.00968571428571429
98,"A_threshold",3400,0.85,-0.00506164828033745,-0.00514620037292454,0.0221171307571229,-0.067216547401821,0.0850042913804551,0.618529411764706,0.253235294117647,-0.00961176470588235
98,"A_threshold",4000,1,-0.00932714407183703,-0.00934287644890726,0.0222308151345964,-0.0727660971368893,0.0794710822542124,0.676,0.3275,-0.00978
98,"B_smooth_logistic",1000,0.25,-0.0545290761685517,-0.0545571991516524,0.0119317330110676,-0.0747727197764924,-0.0336955947879987,1,1,-0.0380576176184746
98,"B_smooth_logistic",1600,0.4,-0.0404595365558204,-0.0406536093197456,0.00958468507763372,-0.0578731386658282,-0.024558891579384,1,1,-0.0376444385230073
98,"B_smooth_logistic",2200,0.55,-0.0363216779517562,-0.0364766829869246,0.0243707133049384,-0.0802900369074174,0.00367732799702866,0.951363636363636,0.691818181818182,-0.0375505803685751
98,"B_smooth_logistic",2800,0.7,-0.0378415113746987,-0.0380232378098517,0.0215426145443549,-0.077064290412483,-0.00320422375818244,1,0.74,-0.037331525042005
98,"B_smooth_logistic",3400,0.85,-0.0406993140079066,-0.0409127389637166,0.0176690420488254,-0.0736706766015693,-0.0127176283519235,1,0.846176470588235,-0.0372833658197856
98,"B_smooth_logistic",4000,1,-0.0441680441680442,-0.0442831152379255,0.0169970025992996,-0.0755332686189754,-0.0167256054988852,1,0.93325,-0.0373064808965531
99,"A_threshold",1000,0.25,0.0133715874803153,0.0127886823123162,0.00434669459557585,0.000257523462899922,0.0328291616943246,0,0,-0.00956
99,"A_threshold",1600,0.4,0.0100476700555629,0.0095311264081104,0.0253511428038762,-0.0666155577120793,0.123736730202146,0.37625,0.1075,-0.00985
99,"A_threshold",2200,0.55,0.0151633005878937,0.0145223384054764,0.00149326962522693,0.00973739481602048,0.0207242795301385,0,0,-0.01
99,"A_threshold",2800,0.7,0.00990155677655678,0.00972408995211573,0.00335186025656961,-0.000755621068440362,0.0240640139246388,0.000357142857142857,0,-0.00994285714285714
99,"A_threshold",3400,0.85,0.00717271562567215,0.0071180833413598,0.00549707892464473,-0.0112203766575949,0.0292169218557,0.0947058823529412,0,-0.00998823529411765
99,"A_threshold",4000,1,0.000285435604501824,0.00028565571143055,0.00302073145036994,-0.00901024321855221,0.0132177631076119,0.4825,0,-0.01006
99,"B_smooth_logistic",1000,0.25,-0.0354391741674979,-0.0352464284724972,0.000483999467734559,-0.0359643539748604,-0.0342936072786412,1,1,-0.0375305911249296
99,"B_smooth_logistic",1600,0.4,-0.0387732749178532,-0.0386268420555501,0.0107068783273564,-0.0584536951830487,-0.0207705060555176,1,1,-0.0371181783861108
99,"B_smooth_logistic",2200,0.55,-0.0464355804323501,-0.0463611616942958,0.00502916239091553,-0.0545506598316339,-0.0369671539285566,1,1,-0.0370710509856389
99,"B_smooth_logistic",2800,0.7,-0.0444030838791244,-0.0443496598634061,0.000200056146114733,-0.0445982120255762,-0.0439169084631675,1,1,-0.0369730961796453
99,"B_smooth_logistic",3400,0.85,-0.0412259585024106,-0.0411907839011533,0.00370880277286347,-0.0473915206827272,-0.0344641703121977,1,1,-0.0370161408190484
99,"B_smooth_logistic",4000,1,-0.0373077554820485,-0.0372480005146121,0.00531759704423996,-0.0463088101009206,-0.0277377770628488,1,1,-0.03714815843704
100,"A_threshold",1000,0.25,-0.0190128672940273,-0.0192015705302723,0.0115223479800975,-0.0568103480466557,0.0167164846354823,0.951,0.461,-0.00904
100,"A_threshold",1600,0.4,-0.0153152350726853,-0.0153883605693696,0.00140954830131341,-0.0200777247223689,-0.0104655864083568,1,0.001875,-0.0091
100,"A_threshold",2200,0.55,-0.019554753309266,-0.0196262987946935,0.00175120316962811,-0.0250658779580201,-0.0113538577817512,1,0.44,-0.0092
100,"A_threshold",2800,0.7,-0.0185714285714286,-0.0186774525253368,0.0102461519229647,-0.0452388595074269,0.0371776625741088,0.949642857142857,0.493571428571429,-0.00967142857142857
100,"A_threshold",3400,0.85,-0.0113865455332035,-0.0114820641839107,0.0068772698429488,-0.0292582099391002,0.0256919611426708,0.936764705882353,0.0908823529411765,-0.00970588235294118
100,"A_threshold",4000,1,-0.00912933660370771,-0.00929253787967353,0.000909188725836004,-0.0112433488290556,-0.00394709898340262,1,0,-0.00969
100,"B_smooth_logistic",1000,0.25,-0.0215265519491176,-0.0220729961098375,0.0128732311984804,-0.0404560339672807,0.00433066666312099,0.939,0.588,-0.0372375180345416
100,"B_smooth_logistic",1600,0.4,-0.0385509637740944,-0.0391237439351735,0.0124171479819553,-0.055758119454326,-0.0120286626569852,1,0.896875,-0.0376392936997266
100,"B_smooth_logistic",2200,0.55,-0.0385607576595409,-0.038783782676768,0.0129922005219223,-0.0596135923638742,-0.0143023694849213,1,0.903181818181818,-0.0377036308406133
100,"B_smooth_logistic",2800,0.7,-0.0403754661180404,-0.0404919687352265,0.0111251744053471,-0.0587105233446819,-0.0200623598411579,1,1,-0.037529485523389
100,"B_smooth_logistic",3400,0.85,-0.0384381154852809,-0.0384124835694832,0.0104607246984176,-0.056730101437695,-0.0205315935370958,1,1,-0.0372533617545097
100,"B_smooth_logistic",4000,1,-0.0405152817378208,-0.0405067511291976,0.0148123757034808,-0.0662751057427501,-0.015001623628064,1,0.8995,-0.0371733476569287
101,"A_threshold",1000,0.25,-0.0345449372693431,-0.0349009920911363,0.00866730517971317,-0.049926666829775,0.00725582307866265,0.998,0.937,-0.00944
101,"A_threshold",1600,0.4,-0.0325708699902248,-0.033078268158599,0.0119331098070106,-0.0613513717036154,0.0155969796979924,0.991875,0.8525,-0.0097
101,"A_threshold",2200,0.55,-0.0412542892217689,-0.0414735517453076,0.0232338810376519,-0.0955802289214478,0.0683459319318523,0.946818181818182,0.83,-0.0101090909090909
101,"A_threshold",2800,0.7,-0.0447084622808913,-0.04520008949775,0.0175688462679544,-0.0841072921342976,0.0404010437235676,0.984285714285714,0.911785714285714,-0.00998571428571429
101,"A_threshold",3400,0.85,-0.0366233766233766,-0.0369854288470684,0.0134661143771484,-0.0667290764578796,0.0282133416630755,0.987941176470588,0.888529411764706,-0.00998823529411765
101,"A_threshold",4000,1,-0.0279831636899046,-0.0283629943088766,0.0137694874368709,-0.0582021428030626,0.0387485960335242,0.965,0.7555,-0.01015
101,"B_smooth_logistic",1000,0.25,-0.0430175486317507,-0.0431077866522438,0.0292765125413078,-0.0928786049249422,0.00976607092314621,0.911,0.735,-0.0369733721183807
101,"B_smooth_logistic",1600,0.4,-0.04,-0.040283208496029,0.0191461516147118,-0.0710030105776458,-0.00362612266036723,1,0.801875,-0.0373724255336935
101,"B_smooth_logistic",2200,0.55,-0.0439873585105258,-0.0442847805526728,0.0185857810776024,-0.071909337443203,-0.00664913515238208,1,0.854545454545454,-0.0372139597063211
101,"B_smooth_logistic",2800,0.7,-0.0486811275930477,-0.0489045969733116,0.0137948806253356,-0.0696467310621104,-0.021135585609497,1,1,-0.0373706696359867
101,"B_smooth_logistic",3400,0.85,-0.0448900275294499,-0.0449243599801358,0.012572324037837,-0.0647552006502398,-0.0205167262161779,1,1,-0.0373561522894817
101,"B_smooth_logistic",4000,1,-0.0463621524551118,-0.0463670235054755,0.0135396271623731,-0.0688668211043358,-0.0213896997926109,1,1,-0.0373098598605296
102,"A_threshold",1000,0.25,-0.0227320994233828,-0.0222288310019774,0.005201661106767,-0.0346397632629244,-0.00105235965361383,1,0.687,-0.01124
102,"A_threshold",1600,0.4,-0.0197844059131342,-0.0196326739075432,0.00527686047901421,-0.0392195569379035,-0.00511702128553464,1,0.45125,-0.0106
102,"A_threshold",2200,0.55,-0.0274402843210183,-0.0272235850722185,0.00705143973903025,-0.0538478003466735,-0.00833306570890424,1,0.855909090909091,-0.0106909090909091
102,"A_threshold",2800,0.7,-0.0209862389416878,-0.0209225771993362,0.00269675149699158,-0.0310695236083772,-0.0133060367027861,1,0.616428571428571,-0.0104428571428571
102,"A_threshold",3400,0.85,-0.0163395164516348,-0.0162207174205917,0.00666650728697815,-0.0337963321894035,0.010387826489529,0.985294117647059,0.302352941176471,-0.0101882352941176
102,"A_threshold",4000,1,-0.0178034894839389,-0.0177887575300913,0.0125217073281648,-0.0529615282445962,0.0306777112724795,0.9175,0.44725,-0.00999
102,"B_smooth_logistic",1000,0.25,-0.0533154121863799,-0.0534289108328782,0.0279664979151968,-0.105351927226166,-0.00675806719372002,1,0.849,-0.0370474446605971
102,"B_smooth_logistic",1600,0.4,-0.046010792963938,-0.0460116336332835,0.00729350246808559,-0.0586956613010085,-0.0331393894924201,1,1,-0.037171396324769
102,"B_smooth_logistic",2200,0.55,-0.0397127909062578,-0.0397644681008224,0.0112040533344746,-0.0588776278237531,-0.0197722072212276,1,0.994090909090909,-0.0372436650889537
102,"B_smooth_logistic",2800,0.7,-0.03,-0.0298411919834403,0.00948099266752384,-0.0466501855890833,-0.013578554706593,1,0.802857142857143,-0.0373011447967204
102,"B_smooth_logistic",3400,0.85,-0.0300059101082228,-0.0298601504793415,0.0116418913251547,-0.0506086112797901,-0.0100522687017764,1,0.747058823529412,-0.0371875087256769
102,"B_smooth_logistic",4000,1,-0.0333483337083427,-0.0332224776632188,0.0110118853257275,-0.0525614289782776,-0.0141862597060744,1,0.84325,-0.0373816605031841
103,"A_threshold",1000,0.25,0.0148290026863262,0.0147948008983258,0.00213842675344281,0.00918716273777692,0.0212453438527055,0,0,-0.00912
103,"A_threshold",1600,0.4,-0.00225563909774437,-0.00226882615662779,0.0128785589528048,-0.0496793913827744,0.0373848224837523,0.568125,0.085625,-0.009525
103,"A_threshold",2200,0.55,-0.0010120520181508,-0.000951956237322198,0.0246534705087947,-0.088343360021347,0.0845501709664723,0.520909090909091,0.223636363636364,-0.00972727272727273
103,"A_threshold",2800,0.7,-0.00906240815126874,-0.00905337278609136,0.0297717176090124,-0.134229100367494,0.102120800354646,0.606071428571429,0.343571428571429,-0.0099
103,"A_threshold",3400,0.85,-0.00700442967884829,-0.00700177652147936,0.0250913752956486,-0.104805561225069,0.0932043547618804,0.603529411764706,0.298235294117647,-0.00990588235294118
103,"A_threshold",4000,1,-0.0107878821515563,-0.0107804215444017,0.0245896620930467,-0.108957343981392,0.0842677780970435,0.6655,0.347,-0.00984
103,"B_smooth_logistic",1000,0.25,-0.0495249524952495,-0.0497111866662912,0.00198721700220492,-0.0532458385322219,-0.0463586507576545,1,1,-0.0369955983560693
103,"B_smooth_logistic",1600,0.4,-0.0592737094837935,-0.0593230894841091,0.00784894925812944,-0.0712419262506213,-0.043945835717588,1,1,-0.0372886072922632
103,"B_smooth_logistic",2200,0.55,-0.0616942338987281,-0.0616781685879729,0.00919580090558344,-0.076837581195527,-0.0446557664301275,1,1,-0.0373086399625177
103,"B_smooth_logistic",2800,0.7,-0.0479440557442508,-0.0479249855553351,0.0104444646293955,-0.0652064333916819,-0.028689749413792,1,1,-0.0372770930800437
103,"B_smooth_logistic",3400,0.85,-0.0456749933563646,-0.0456859009349852,0.01474448384314,-0.0711725661930984,-0.01982774913882,1,0.996470588235294,-0.0373005625975498
103,"B_smooth_logistic",4000,1,-0.0393335393335393,-0.0393288102587366,0.0120250471657235,-0.0599446804422439,-0.0181093391546349,1,0.9575,-0.037174435586671
104,"A_threshold",1000,0.25,0.0193292370711726,0.0194518219468351,0.00306542785978021,0.00793611720716425,0.0257081884381307,0,0,-0.01056
104,"A_threshold",1600,0.4,0.0101592750476387,0.0102122144138801,0.00151190357183352,0.00564201915376392,0.0150779186595241,0,0,-0.0099
104,"A_threshold",2200,0.55,0.00763143556149755,0.00756225585296418,0.00384832033851507,-0.00745938895765701,0.0179118278573064,0.0322727272727273,0,-0.00985454545454545
104,"A_threshold",2800,0.7,0.00104345731851369,0.00095459372159834,0.000411906602759503,-0.000671182875422879,0.00202532927002906,0.0192857142857143,0,-0.00992857142857143
104,"A_threshold",3400,0.85,-0.00725626972781029,-0.00702037489642508,0.00238898382851195,-0.0120021121269092,0.00416407199952007,0.990882352941176,0,-0.00989411764705882
104,"A_threshold",4000,1,-0.00760732974473433,-0.00751718120932288,0.00278758354957886,-0.014773407236179,0.00383434775431409,0.991,0,-0.00993
104,"B_smooth_logistic",1000,0.25,-0.030775878624928,-0.0307782324200263,0.0132953158610766,-0.0514299310603877,-0.00540968558969568,1,0.732,-0.0376833871753542
104,"B_smooth_logistic",1600,0.4,-0.0310007251631617,-0.0309662233671067,0.0246131554559764,-0.0711308585685747,0.0145081215745836,0.85625,0.64875,-0.0375604403677246
104,"B_smooth_logistic",2200,0.55,-0.0295365833299587,-0.0295352867770218,0.0195423961542791,-0.0631540201367793,0.00534510062394133,0.927272727272727,0.653636363636364,-0.0375767667466661
104,"B_smooth_logistic",2800,0.7,-0.0275042079274854,-0.0274981042764902,0.00637518750230863,-0.0387954329328511,-0.016499186754043,1,0.838571428571429,-0.0374545846606114
104,"B_smooth_logistic",3400,0.85,-0.0311965291352186,-0.0311879905305357,0.0146537576501292,-0.0573179555461317,-0.005823917307778,1,0.717058823529412,-0.0374870137857632
104,"B_smooth_logistic",4000,1,-0.0394152870641052,-0.0394211874177699,0.0158838145844214,-0.067980785565598,-0.012283353274161,1,0.85625,-0.0375796998264346
105,"A_threshold",1000,0.25,-0.0355724261643923,-0.0354594158692451,0.00349546508807588,-0.0432954505759809,-0.0218805302972419,1,1,-0.01016
105,"A_threshold",1600,0.4,-0.0223229704365982,-0.0224040603889023,0.00720320628872324,-0.0464170448008035,0.000556485777994734,0.999375,0.635,-0.00975
105,"A_threshold",2200,0.55,-0.0113352666333795,-0.0112887942513567,0.00813345478830006,-0.036398038719077,0.0171026255289573,0.912727272727273,0.141363636363636,-0.0102545454545455
105,"A_threshold",2800,0.7,-0.0162798908551381,-0.0163064952574844,0.0149355622419293,-0.0672127774099489,0.0324161261458374,0.866428571428571,0.396428571428571,-0.0102
105,"A_threshold",3400,0.85,-0.0250544040366082,-0.0251623638423466,0.0219983725695705,-0.101995820339363,0.0457471169078464,0.875588235294118,0.595294117647059,-0.0102
105,"A_threshold",4000,1,-0.0228020228020228,-0.0226696671358689,0.0119990277000235,-0.0599660352991236,0.0203323239528983,0.9625,0.60525,-0.00982
105,"B_smooth_logistic",1000,0.25,-0.0343859649122807,-0.0346965450262967,0.0219186053139633,-0.0759703067644166,-0.000873593594985969,1,0.68,-0.0372988302566161
105,"B_smooth_logistic",1600,0.4,-0.0458040318799812,-0.0460333924276748,0.0322538141648321,-0.108706085128771,0.00391109014118766,0.9525,0.72375,-0.0371487624104481
105,"B_smooth_logistic",2200,0.55,-0.0486776346204263,-0.0490425290111604,0.028582101336694,-0.105006022589989,-0.00485461208695944,1,0.794545454545455,-0.0371925835186237
105,"B_smooth_logistic",2800,0.7,-0.0429018339387925,-0.0434897825604467,0.0253138239933916,-0.094507149606798,-0.00544640276502091,1,0.771428571428571,-0.036995845667209
105,"B_smooth_logistic",3400,0.85,-0.0468899866010808,-0.0471990981746279,0.0179337794482887,-0.0821388318635421,-0.0194103271296282,1,0.983235294117647,-0.036966987500819
105,"B_smooth_logistic",4000,1,-0.0454100982613681,-0.0455473449270632,0.0210696969602562,-0.085271868485622,-0.0121627499084349,1,0.8635,-0.0370981090264459
106,"A_threshold",1000,0.25,-0.00556721511078358,-0.00409519721714252,0.0426725521084801,-0.0902240024837794,0.222139658039969,0.593,0.405,-0.00992
106,"A_threshold",1600,0.4,-0.0174973696100457,-0.016703118514867,0.0416011126328985,-0.168094812584154,0.19236020090902,0.669375,0.494375,-0.0097
106,"A_threshold",2200,0.55,-0.0283644862516415,-0.0283470010669906,0.0357386389040791,-0.176723373595835,0.125939047430737,0.79,0.592272727272727,-0.0103636363636364
106,"A_threshold",2800,0.7,-0.0365598772084517,-0.036445111616198,0.0351788319195448,-0.172337791619263,0.128209265217486,0.853571428571429,0.693214285714286,-0.0103857142857143
106,"A_threshold",3400,0.85,-0.030800150595739,-0.030477376352431,0.0252463107865632,-0.112509999435761,0.0997176681193727,0.882647058823529,0.686470588235294,-0.0104235294117647
106,"A_threshold",4000,1,-0.0233960935843743,-0.0231005009332522,0.0303618639581308,-0.116786456011084,0.141847117674498,0.7955,0.5715,-0.01038
106,"B_smooth_logistic",1000,0.25,-0.0353134674922601,-0.0353220061194692,0.020783300867403,-0.0717756630037238,0.00164087922356616,0.979,0.717,-0.0371647659209581
106,"B_smooth_logistic",1600,0.4,-0.0460004019696513,-0.0465195051329128,0.0237535948297341,-0.090909577074395,-0.00723236311391744,1,0.824375,-0.037182269320116
106,"B_smooth_logistic",2200,0.55,-0.0466247585089356,-0.0468708395938945,0.0191691869008071,-0.0811057599204058,-0.0136243535172178,1,0.907272727272727,-0.0373619394087078
106,"B_smooth_logistic",2800,0.7,-0.0417862193556825,-0.0418881062988356,0.021802790818634,-0.0802846438522745,-0.00345555177543357,1,0.793214285714286,-0.0372674848651966
106,"B_smooth_logistic",3400,0.85,-0.0385974826042636,-0.0389787285674067,0.0197938060753929,-0.0756315553804396,-0.00598827628657878,1,0.776176470588235,-0.0372602486319026
106,"B_smooth_logistic",4000,1,-0.0329271607503703,-0.0330710282629376,0.0152368284989166,-0.0600017685408564,-0.00690321264298836,1,0.74625,-0.0371683670229303
107,"A_threshold",1000,0.25,-0.034138843068081,-0.0343664280878477,0.0229720185497268,-0.0920144912888666,0.0638662138869056,0.917,0.76,-0.0098
107,"A_threshold",1600,0.4,-0.0271732332707943,-0.0273691235982064,0.0172284745431509,-0.0717540011593621,0.0444797783448376,0.9325,0.69375,-0.009875
107,"A_threshold",2200,0.55,-0.0200335518586225,-0.0202244319455877,0.0106831496968199,-0.0536207531842761,0.0208372971612188,0.962272727272727,0.534545454545455,-0.01
107,"A_threshold",2800,0.7,-0.021578620667124,-0.0215901741508167,0.0127410558503208,-0.0751471417802868,0.0250846821148736,0.947142857142857,0.560714285714286,-0.00982857142857143
107,"A_threshold",3400,0.85,-0.0205253310325056,-0.0205215843275471,0.0156933440476904,-0.0868323616018534,0.0379040913857327,0.902647058823529,0.527058823529412,-0.00964705882352941
107,"A_threshold",4000,1,-0.0248917692080114,-0.0248857787754756,0.0184784276645548,-0.104636635358903,0.044565097440176,0.9085,0.616,-0.00968
107,"B_smooth_logistic",1000,0.25,-0.0432323199858584,-0.0428488742636489,0.0323623552677899,-0.100719429791975,0.0117390839221973,0.879,0.702,-0.0379225106667924
107,"B_smooth_logistic",1600,0.4,-0.0301245406128705,-0.0300887399365192,0.0325149479768532,-0.0869877930781772,0.0262530185030842,0.755625,0.5925,-0.0377406411259829
107,"B_smooth_logistic",2200,0.55,-0.0383881956836247,-0.0382369616812237,0.0271569423661525,-0.0874200327527754,0.00697761401327426,0.924090909090909,0.693181818181818,-0.0375854123535395
107,"B_smooth_logistic",2800,0.7,-0.0359153042079871,-0.0356189295511444,0.0204565707608529,-0.0728774640315559,-0.00229207733413245,1,0.711428571428571,-0.0374851924085409
107,"B_smooth_logistic",3400,0.85,-0.0352819072177266,-0.0350489449577131,0.0184284514326704,-0.0690946847302101,-0.00553379917364138,1,0.727941176470588,-0.0374245220288381
107,"B_smooth_logistic",4000,1,-0.0300686053873251,-0.0297978906857444,0.017752177750249,-0.0632117769078642,-0.00172348458376177,1,0.64475,-0.0374209224497154
108,"A_threshold",1000,0.25,0.0112801804828877,0.0111524024340973,0.00789325319327666,-0.00979094252504909,0.03964621114065,0.059,0,-0.0102
108,"A_threshold",1600,0.4,0.00697666060928982,0.00705072448051138,0.0221845088431135,-0.0622148558641878,0.082095874657876,0.39625,0.098125,-0.010275
108,"A_threshold",2200,0.55,0.00609544289140683,0.00634493456670309,0.0224504929080234,-0.0646111224404978,0.0820533992668439,0.409090909090909,0.106363636363636,-0.0101272727272727
108,"A_threshold",2800,0.7,-0.00615421202967535,-0.00577254244743397,0.0238130202526132,-0.0776051613285044,0.0879743862723647,0.6125,0.294642857142857,-0.0101142857142857
108,"A_threshold",3400,0.85,-0.00320699143510444,-0.00274188271972777,0.0283502908760021,-0.0866109128950596,0.119208027528825,0.562058823529412,0.288823529411765,-0.0104705882352941
108,"A_threshold",4000,1,-0.00594438044034819,-0.00551711457625309,0.0236584372951034,-0.0745166697010752,0.0970627847851705,0.613,0.2905,-0.0105
108,"B_smooth_logistic",1000,0.25,-0.0521008403361345,-0.0520668613527748,0.000788885545378897,-0.0533965727163341,-0.0507517377174167,1,1,-0.0372313564114633
108,"B_smooth_logistic",1600,0.4,-0.0397860106244067,-0.0398217713418015,0.0039393874962071,-0.0466524656862228,-0.0334532785172476,1,1,-0.0375361611555835
108,"B_smooth_logistic",2200,0.55,-0.04717741835441,-0.0471009558265287,0.000295861074809686,-0.0473613063397345,-0.0463304412839837,1,1,-0.0372261230003399
108,"B_smooth_logistic",2800,0.7,-0.0408163265306122,-0.0407900224166899,9.3068275915726e-05,-0.0408964042505825,-0.0405830113511105,1,1,-0.037121196497591
108,"B_smooth_logistic",3400,0.85,-0.0413346480825094,-0.0412205431899161,0.00137126306687935,-0.0434052449534243,-0.0387412538184265,1,1,-0.0372659125638728
108,"B_smooth_logistic",4000,1,-0.0387580616243052,-0.038676250710399,0.00268544629608226,-0.043130618050806,-0.0339614728689891,1,1,-0.037236726015916
109,"A_threshold",1000,0.25,-0.0293597906707432,-0.0297220245059397,0.0154535619301648,-0.0702875620261068,0.0220890120972083,0.964,0.75,-0.00968
109,"A_threshold",1600,0.4,-0.0305719319803827,-0.0305846808985556,0.0204103475224763,-0.0924716467985059,0.0407577260064701,0.9225,0.71125,-0.0092
109,"A_threshold",2200,0.55,-0.025922480620155,-0.0259150843197738,0.0197929117702395,-0.0858168944859942,0.0627789434715862,0.901818181818182,0.640454545454545,-0.00976363636363636
109,"A_threshold",2800,0.7,-0.0213507538489115,-0.0214215923960787,0.0281594190292223,-0.0927068969257234,0.127677530146001,0.794642857142857,0.562142857142857,-0.00981428571428571
109,"A_threshold",3400,0.85,-0.0216517789915015,-0.0217819322924369,0.0214727686523803,-0.0782215370260785,0.0850167622174007,0.85,0.570588235294118,-0.00987058823529412
109,"A_threshold",4000,1,-0.0213082735655738,-0.0214522636858728,0.022176388618657,-0.079052133782906,0.0889274965294272,0.84275,0.56575,-0.00989
109,"B_smooth_logistic",1000,0.25,-0.0317807514153371,-0.0321248270774549,0.0280154723710176,-0.0815308745886977,0.0156399571962415,0.844,0.618,-0.0377367321373849
109,"B_smooth_logistic",1600,0.4,-0.0363063192925501,-0.0367161012844288,0.0217951984806046,-0.0774665657420017,-0.00209725180342758,1,0.715,-0.0374523630892879
109,"B_smooth_logistic",2200,0.55,-0.0339872589130131,-0.0344877480098364,0.0164548230027469,-0.0654775432243324,-0.00861722595906914,1,0.757272727272727,-0.0370702560246449
109,"B_smooth_logistic",2800,0.7,-0.0467365719703161,-0.0470413925932255,0.0136562358971794,-0.0731155798759135,-0.0256911598537495,1,1,-0.0369400801156926
109,"B_smooth_logistic",3400,0.85,-0.0493434164508299,-0.0494730749448038,0.0180380159570648,-0.08397090116437,-0.0212434644994893,1,1,-0.0369008644152356
109,"B_smooth_logistic",4000,1,-0.0461668263009191,-0.0462633543371403,0.0154574231384419,-0.0755346656459739,-0.0214371167835717,1,1,-0.0369305324844816
110,"A_threshold",1000,0.25,0.0111361781788509,0.0116267255770579,0.0095697184304411,-0.0154277674814716,0.0467545930661346,0.101,0,-0.00988
110,"A_threshold",1600,0.4,0.00170038258608188,0.00213317855496311,0.011960271744651,-0.0307593377689423,0.0463739284853909,0.45875,0.019375,-0.0095
110,"A_threshold",2200,0.55,0.00194062577742807,0.0024486776560291,0.0120097535099413,-0.0291370898617554,0.0528355136577356,0.453181818181818,0.0172727272727273,-0.00923636363636364
110,"A_threshold",2800,0.7,-0.000279592407331442,0.000180664864864515,0.0216944832539629,-0.0598017976090176,0.0910148065744436,0.533214285714286,0.176428571428571,-0.00904285714285714
110,"A_threshold",3400,0.85,-0.00365123128709363,-0.00341996072722109,0.0260259700716178,-0.0803301820803234,0.11102760657704,0.571470588235294,0.262352941176471,-0.00918823529411765
110,"A_threshold",4000,1,-0.00569191124058713,-0.00554217716702843,0.0289442257356216,-0.0964600643744589,0.116606169104023,0.59025,0.318,-0.00939
110,"B_smooth_logistic",1000,0.25,-0.0419922304771735,-0.0428852054593203,0.0248059641068676,-0.0888084085083419,-0.00421913450757325,1,0.762,-0.0376092097289086
110,"B_smooth_logistic",1600,0.4,-0.035507137678442,-0.0355865228399497,0.020109570188751,-0.0701083775907974,-0.00198330553389105,1,0.7125,-0.0377269401199522
110,"B_smooth_logistic",2200,0.55,-0.0338959798214209,-0.033912426953184,0.00952274765921887,-0.0496463935568496,-0.0173640923632563,1,0.917272727272727,-0.0377115032185293
110,"B_smooth_logistic",2800,0.7,-0.0294050417972832,-0.0294107007011813,0.00867389165000381,-0.0442067916304823,-0.014697516556013,1,0.8075,-0.0375434821431698
110,"B_smooth_logistic",3400,0.85,-0.0263151975499823,-0.0263309920646319,0.0126615013615105,-0.0478689126657516,-0.00457964333542348,1,0.636176470588235,-0.0372885004361444
110,"B_smooth_logistic",4000,1,-0.0273502884537255,-0.0273608577913575,0.0118438480944034,-0.0472602520286767,-0.00687976325592089,1,0.67975,-0.037229656363396
111,"A_threshold",1000,0.25,-0.000805420762224562,-0.00293232670861269,0.00505993708300937,-0.0377264856942995,0.00328590216167387,0.674,0.012,-0.0108
111,"A_threshold",1600,0.4,-0.0122023069986669,-0.0133402325451788,0.00475769721568178,-0.0190315665732466,0.0190393649282783,0.979375,0,-0.010625
111,"A_threshold",2200,0.55,-0.00924087008482162,-0.00987184850433703,0.00238851684678211,-0.0131315264146837,0.00569418545605047,0.996818181818182,0,-0.0103636363636364
111,"A_threshold",2800,0.7,-0.00799346638762698,-0.00856474333765584,0.00247330106126539,-0.0200650005417126,-0.00202467268907695,1,0.000357142857142857,-0.0101857142857143
111,"A_threshold",3400,0.85,-0.00612902768013862,-0.00637251583439361,0.00326551430670975,-0.0157636173599318,0.00830601816572279,0.965,0,-0.0100235294117647
111,"A_threshold",4000,1,-0.00489376214154992,-0.00510217513994954,0.00415129611902525,-0.0163101387119549,0.0142634576993005,0.88475,0,-0.00993
111,"B_smooth_logistic",1000,0.25,-0.0513381369016984,-0.0513046381742169,0.0147741236574342,-0.0789570828556218,-0.028135358080517,1,1,-0.0371613765970325
111,"B_smooth_logistic",1600,0.4,-0.0468336483193192,-0.0468502985032124,0.00243768315582427,-0.0508624895485045,-0.0424654089002679,1,1,-0.0376620515212076
111,"B_smooth_logistic",2200,0.55,-0.053212792491845,-0.0532419017691765,0.0112616379417419,-0.0726966732768569,-0.0338655365987324,1,1,-0.0377790753325224
111,"B_smooth_logistic",2800,0.7,-0.0436852263700135,-0.0437668022873014,0.0155167968716675,-0.0707400250315876,-0.0168648299004712,1,0.946785714285714,-0.0377070463563406
111,"B_smooth_logistic",3400,0.85,-0.0422757475083056,-0.0423841963758078,0.0162492932061623,-0.0716246911552538,-0.0150742745140045,1,0.908235294117647,-0.0376188413696925
111,"B_smooth_logistic",4000,1,-0.0436522859291738,-0.0437441531215865,0.0180757214112229,-0.0763145977185807,-0.0135191546748341,1,0.89025,-0.0376210654958976
112,"A_threshold",1000,0.25,-0.0258825882588259,-0.0265433631866294,0.0166032683979025,-0.101444561856955,0.00454761840123508,0.991,0.591,-0.01028
112,"A_threshold",1600,0.4,-0.0174616195945154,-0.0180233425782373,0.0162855069384545,-0.0940697590454094,0.0111725157310437,0.893125,0.385625,-0.010375
112,"A_threshold",2200,0.55,-0.0158430930477995,-0.0159225936499141,0.0045922955507099,-0.0347877203075336,-0.00507142054899005,1,0.178181818181818,-0.0101454545454545
112,"A_threshold",2800,0.7,-0.0207142857142857,-0.0209026855062087,0.00241521126081526,-0.0291007951970658,-0.0136330995612035,1,0.625,-0.00997142857142857
112,"A_threshold",3400,0.85,-0.026140371274658,-0.0265646945322513,0.00387892314915883,-0.0407121823903126,-0.0156545486934936,1,0.967941176470588,-0.00988235294117647
112,"A_threshold",4000,1,-0.02370905334537,-0.0239008475177923,0.00203909233458316,-0.0261904945810294,-0.0115626352088525,1,0.94625,-0.00983
112,"B_smooth_logistic",1000,0.25,-0.0616818540173444,-0.0618868486077479,0.0360943938335649,-0.132929435876811,-0.00756727528400545,1,0.842,-0.0376951847548699
112,"B_smooth_logistic",1600,0.4,-0.0473718841381552,-0.047680892683596,0.0311305001170334,-0.107542130130724,-0.000150897303581352,1,0.759375,-0.0379862906027935
112,"B_smooth_logistic",2200,0.55,-0.0469240498266622,-0.0470727980836221,0.0242095153474057,-0.094894153299238,-0.011293657321135,1,0.831363636363636,-0.0376593288634756
112,"B_smooth_logistic",2800,0.7,-0.0449186191783955,-0.0450487044116139,0.0283441604523668,-0.100863648565597,-0.00284069753981299,1,0.751785714285714,-0.0376980673132206
112,"B_smooth_logistic",3400,0.85,-0.0359165230689103,-0.0361703898773903,0.0227694631155265,-0.0801897720701121,-0.00143563081899299,1,0.689411764705882,-0.0375231020341844
112,"B_smooth_logistic",4000,1,-0.0359019823344736,-0.0361561776795163,0.0204115559281801,-0.0758232321158692,-0.00488575425555795,1,0.72,-0.0374770452616818
113,"A_threshold",1000,0.25,0.00599999999999999,0.00565290567827175,0.00405710145320377,-0.00508409917790947,0.0181194422040512,0.077,0,-0.00992
113,"A_threshold",1600,0.4,-0.00149258163483794,-0.00181926762652543,0.013179490633239,-0.0351392586789986,0.0434248229156672,0.581875,0.069375,-0.01
113,"A_threshold",2200,0.55,-0.00214987080103358,-0.00253332770102452,0.0111723056348396,-0.0318125874928209,0.0367882379702392,0.615909090909091,0.0477272727272727,-0.00996363636363636
113,"A_threshold",2800,0.7,-0.00514436895740789,-0.00530922093036084,0.0136084300870693,-0.0424738784870029,0.0408611071471687,0.668214285714286,0.136071428571429,-0.0101142857142857
113,"A_threshold",3400,0.85,-0.00594534232463924,-0.00605824211328736,0.0159499646062774,-0.0508952590500917,0.0482240125590307,0.661764705882353,0.191470588235294,-0.0102235294117647
113,"A_threshold",4000,1,-0.00792849592504331,-0.0081132561312978,0.0217409430714646,-0.0855018620793079,0.0692734675238419,0.665,0.30575,-0.0101
113,"B_smooth_logistic",1000,0.25,-0.0211445773486413,-0.0216054543026074,0.0201427472418036,-0.0576733329572231,0.0108932580970483,0.822,0.503,-0.0379206078437863
113,"B_smooth_logistic",1600,0.4,-0.0313007926783526,-0.031348739611803,0.012966751467571,-0.054900349851364,-0.0104124842059573,1,0.75125,-0.037424706204586
113,"B_smooth_logistic",2200,0.55,-0.0343967226419195,-0.0344712361323343,0.00890165410646747,-0.0505647847079565,-0.0201599831206866,1,1,-0.0374279845714337
113,"B_smooth_logistic",2800,0.7,-0.0357250736788825,-0.0357511363741481,0.0193258416837475,-0.0708649191172128,-0.00492277343279834,1,0.729642857142857,-0.0372333873648275
113,"B_smooth_logistic",3400,0.85,-0.0404321298535603,-0.0404669647715497,0.0124949999790785,-0.0629858888234463,-0.0204154353950437,1,1,-0.0372680681223651
113,"B_smooth_logistic",4000,1,-0.039320175751241,-0.039365616063943,0.0115443031116878,-0.0605325424421676,-0.0211570438486012,1,1,-0.0372325467307507
114,"A_threshold",1000,0.25,-0.0340189968418651,-0.0339679311766589,0.0170023039613515,-0.0952404659868723,0.0156324230011444,0.975,0.805,-0.00884
114,"A_threshold",1600,0.4,-0.0361141849691468,-0.0362461769554136,0.0160756791039048,-0.0991787762328842,0.00964846170079776,0.989375,0.85125,-0.009275
114,"A_threshold",2200,0.55,-0.0267942385980864,-0.0268006461273505,0.0103724835720472,-0.0651282442817568,0.0032958595208636,0.997727272727273,0.740909090909091,-0.00967272727272727
114,"A_threshold",2800,0.7,-0.0252077040720255,-0.0252024533912319,0.0104250463201707,-0.0631399342318057,0.00645891870808023,0.994642857142857,0.683571428571429,-0.00975714285714286
114,"A_threshold",3400,0.85,-0.02176688257061,-0.0217669987541659,0.00984873136984188,-0.055549935289395,0.00947294320557442,0.986176470588235,0.563529411764706,-0.0096
114,"A_threshold",4000,1,-0.0196122562534776,-0.0196107171866349,0.00695545563267318,-0.0435042380343846,0.0026820742442122,0.9985,0.474,-0.00954
114,"B_smooth_logistic",1000,0.25,-0.0723042892171569,-0.0719306136854438,0.00344357750928927,-0.0749491544052023,-0.0632709117645129,1,1,-0.0374084853844714
114,"B_smooth_logistic",1600,0.4,-0.0605554695792319,-0.0602278970529274,0.0109469705863822,-0.0739409189244748,-0.0365285273859717,1,1,-0.0371740488800421
114,"B_smooth_logistic",2200,0.55,-0.054506484614545,-0.0544283550931875,0.0136531777374686,-0.0765829473053654,-0.0295463603018672,1,1,-0.0370499353846403
114,"B_smooth_logistic",2800,0.7,-0.0520446570972887,-0.0521029540604718,0.0169645486101373,-0.0812069364213376,-0.022793904933727,1,1,-0.0371948527495794
114,"B_smooth_logistic",3400,0.85,-0.0493374920915757,-0.0492411726913738,0.0127927026707779,-0.0704071984140639,-0.0262704934402859,1,1,-0.0371321626737901
114,"B_smooth_logistic",4000,1,-0.0449836022287767,-0.0448668199165575,0.00712131254322771,-0.0563840589951892,-0.0318918274956587,1,1,-0.0371987377939179
115,"A_threshold",1000,0.25,0.00512131105563024,0.00552374120781629,0.018798744472632,-0.0430243313205199,0.0965232846448091,0.414,0.063,-0.00956
115,"A_threshold",1600,0.4,-0.00638785931708659,-0.00648164690243798,0.0149724723466591,-0.0399888779029482,0.0779631441584772,0.704375,0.176875,-0.0103
115,"A_threshold",2200,0.55,-0.00792076589442504,-0.00773653957639139,0.0118703378374313,-0.0357995494906573,0.0576602441587124,0.764090909090909,0.141818181818182,-0.0101636363636364
115,"A_threshold",2800,0.7,-0.0134091200182068,-0.0131196197508888,0.0149045800775481,-0.0453823506413175,0.0744724293277195,0.820357142857143,0.365714285714286,-0.01
115,"A_threshold",3400,0.85,-0.00660299003322259,-0.00630271435338657,0.0104150538809761,-0.0306290350341454,0.0538792795447975,0.749117647058824,0.0647058823529412,-0.0101176470588235
115,"A_threshold",4000,1,-0.00818096547695585,-0.0080161585816388,0.00642972722628536,-0.0230339536929665,0.0290177768524886,0.888,0.00675,-0.01004
115,"B_smooth_logistic",1000,0.25,-0.023312372997968,-0.024077921666454,0.00855566203941348,-0.0357083061715856,-0.00645366818204617,1,0.671,-0.036929436863377
115,"B_smooth_logistic",1600,0.4,-0.046651166279157,-0.0472967186654227,0.0171729676252056,-0.0723376275601061,-0.0128199577979179,1,0.92375,-0.0370903707920824
115,"B_smooth_logistic",2200,0.55,-0.0585012919896641,-0.0585735353896926,0.0108815918874747,-0.076236506139457,-0.0386014758372987,1,1,-0.0371452410287671
115,"B_smooth_logistic",2800,0.7,-0.0448930775828508,-0.0449488435159434,0.0124667970444426,-0.0660022118832732,-0.0231586824163007,1,1,-0.0369843051624433
115,"B_smooth_logistic",3400,0.85,-0.0421537724657001,-0.0421397490920663,0.0169637797865809,-0.0717805896084569,-0.0132487054581812,1,0.882647058823529,-0.0367988172869589
115,"B_smooth_logistic",4000,1,-0.0425881326911075,-0.0425586051311351,0.0214906808478978,-0.0813041848042012,-0.00693373427514966,1,0.79975,-0.0368059549081795
116,"A_threshold",1000,0.25,-0.00340887267140388,-0.00323146136637879,0.00570613885754464,-0.0158656456607425,0.0162328468867184,0.731,0,-0.0106
116,"A_threshold",1600,0.4,-0.00756080446459409,-0.0079387635079149,0.00036928678890359,-0.008283519006691,-0.00551424452085167,1,0,-0.0105
116,"A_threshold",2200,0.55,-0.00410250985337908,-0.00402550205479876,0.00605095192153369,-0.0201129358663717,0.0201904147795074,0.752272727272727,0.000454545454545455,-0.0109636363636364
116,"A_threshold",2800,0.7,-0.00397771540558564,-0.00394201346189624,0.0127417934302124,-0.0433009972961707,0.0498122481065044,0.624285714285714,0.1025,-0.0106142857142857
116,"A_threshold",3400,0.85,-0.0100416093564823,-0.00980719683313188,0.00599754549444251,-0.0263857212755222,0.0194240588292003,0.943529411764706,0.0314705882352941,-0.0103176470588235
116,"A_threshold",4000,1,-0.0142821568547052,-0.0140724985340991,0.00900985466030778,-0.0385128739420844,0.0309029936283082,0.935,0.26625,-0.0102
116,"B_smooth_logistic",1000,0.25,-0.0463161852647411,-0.0462334605184548,0.00785617217120159,-0.0600172113669351,-0.0331613849312264,1,1,-0.0372982754096087
116,"B_smooth_logistic",1600,0.4,-0.0408471302945643,-0.0408454449658655,0.000180757475054426,-0.0411498381411167,-0.0405325426736819,1,1,-0.0371080567149353
116,"B_smooth_logistic",2200,0.55,-0.0438397487551396,-0.0437405843640345,0.00233824172880788,-0.0479251862385045,-0.0398439071951456,1,1,-0.0370028619348778
116,"B_smooth_logistic",2800,0.7,-0.0290994045088716,-0.0290751408955623,0.00305526615003989,-0.0340562194735921,-0.0235086151541941,1,1,-0.0369875359718598
116,"B_smooth_logistic",3400,0.85,-0.0338112232660092,-0.0337967626823209,0.00504067269526444,-0.0415870062675363,-0.0241462371181933,1,1,-0.0370299324099998
116,"B_smooth_logistic",4000,1,-0.0360431317393343,-0.0361296939552556,0.00301659080783823,-0.0408100388719305,-0.0304173582030274,1,1,-0.037083114253794
117,"A_threshold",1000,0.25,0.01155273937532,0.00918534694145063,0.0204925696241047,-0.038258651129065,0.108904609085373,0.34,0.058,-0.01
117,"A_threshold",1600,0.4,0.00187236942255065,0.00101508836321462,0.0212252198058829,-0.05840673330886,0.0871476342097574,0.504375,0.156875,-0.01025
117,"A_threshold",2200,0.55,-0.00339526860889035,-0.00387735953316777,0.0154876756707701,-0.0474730318123286,0.0623233181426475,0.615,0.146363636363636,-0.0102909090909091
117,"A_threshold",2800,0.7,0.00575350844543969,0.00560739759389087,0.0201156709128425,-0.0583859408521237,0.0832272118910196,0.388214285714286,0.101785714285714,-0.0102571428571429
117,"A_threshold",3400,0.85,0.0112648188484113,0.0110613395798973,0.0166333023760873,-0.0406998780106961,0.0772283335921331,0.253529411764706,0.0232352941176471,-0.0101058823529412
117,"A_threshold",4000,1,0.00998176242830102,0.00964549926816196,0.0203908173086763,-0.0490541615069052,0.0976333599639232,0.3285,0.063,-0.01012
117,"B_smooth_logistic",1000,0.25,-0.0645046429100104,-0.0647130878631221,0.0088019135491993,-0.0803542394157407,-0.0502412983976464,1,1,-0.0370668275658143
117,"B_smooth_logistic",1600,0.4,-0.0566290160995638,-0.0564283012728977,0.0141078930836663,-0.0786773410970935,-0.0300619243501805,1,1,-0.0372745874574271
117,"B_smooth_logistic",2200,0.55,-0.0430224867724868,-0.0430100919878132,0.00911965822230217,-0.0580650215728112,-0.0263839079222858,1,1,-0.0368991121912732
117,"B_smooth_logistic",2800,0.7,-0.0418983012106221,-0.0419587798199875,0.00903320760993797,-0.0580773404631926,-0.026832927139274,1,1,-0.0370790918159212
117,"B_smooth_logistic",3400,0.85,-0.0381769729786967,-0.0381830309893682,0.0063488596595072,-0.0491409819682657,-0.02730390953107,1,1,-0.0371176677499359
117,"B_smooth_logistic",4000,1,-0.0371950702635229,-0.0371450641770083,0.00517480259149321,-0.0459126747762963,-0.0281335261033947,1,1,-0.0369693848068087
118,"A_threshold",1000,0.25,-0.00368589743589744,-0.00326676491016087,0.0133509123357811,-0.0449437605211961,0.0518976454432297,0.574,0.11,-0.01012
118,"A_threshold",1600,0.4,-0.0102800813644187,-0.00950581327734637,0.021807827519437,-0.0897354074225987,0.056298627167656,0.63625,0.28125,-0.0099
118,"A_threshold",2200,0.55,0.00585616427028654,0.00629673181633944,0.02420336594842,-0.0812188000110074,0.0903193510230565,0.368636363636364,0.146818181818182,-0.00950909090909091
118,"A_threshold",2800,0.7,-0.00141544986522567,-0.00121179722369726,0.0206215667975127,-0.0749868332735733,0.082804548671954,0.504285714285714,0.183214285714286,-0.00971428571428572
118,"A_threshold",3400,0.85,-0.00914990039099091,-0.00903949668207602,0.0128216193729896,-0.0622216813442519,0.0432324253965177,0.757058823529412,0.193823529411765,-0.00972941176470588
118,"A_threshold",4000,1,-0.0139955828692145,-0.0138032004838804,0.0157684828935018,-0.082532529814174,0.0457843672880137,0.808,0.33375,-0.0099
118,"B_smooth_logistic",1000,0.25,-0.044,-0.0441486285778315,0.00693421704138024,-0.0539233068817075,-0.029965878193439,1,1,-0.0361668856089356
118,"B_smooth_logistic",1600,0.4,-0.04211276320477,-0.0420916097496992,0.00288297360768384,-0.0472710358791105,-0.0374149885666142,1,1,-0.0366180920115082
118,"B_smooth_logistic",2200,0.55,-0.0359533845772378,-0.035846035872246,0.00307270692670358,-0.0414014463923429,-0.0309116351870524,1,1,-0.036759258826095
118,"B_smooth_logistic",2800,0.7,-0.0314285714285714,-0.0313434005883774,0.00133284332421209,-0.033721237489636,-0.0291546961406156,1,1,-0.0367055724807553
118,"B_smooth_logistic",3400,0.85,-0.0383705741399147,-0.0382038400707855,0.00229546644316618,-0.0423325715905472,-0.0344370829655343,1,1,-0.036842788216184
118,"B_smooth_logistic",4000,1,-0.0388261744917784,-0.0386766478496689,0.00497140555407373,-0.0477825035223792,-0.0306960927715241,1,1,-0.0369041059939292
119,"A_threshold",1000,0.25,0.0139655862344938,0.0140895498742141,0.00360445016465043,0.00586447027640684,0.0289927077176311,0,0,-0.01028
119,"A_threshold",1600,0.4,0.00256410256410257,0.00259282843594437,0.011179015962011,-0.0530423215681263,0.0247510597150001,0.343125,0.0375,-0.0107
119,"A_threshold",2200,0.55,-0.00655945831570037,-0.0067464961842657,0.000396420544041326,-0.00755463392444046,-0.00482321175844293,1,0,-0.0106181818181818
119,"A_threshold",2800,0.7,-0.00324318146100325,-0.00309963101516278,0.00125277906960432,-0.0081493426665586,0.000570834267350911,0.999285714285714,0,-0.0104142857142857
119,"A_threshold",3400,0.85,-0.00211794019933555,-0.00207501518344675,0.00134952339347238,-0.00748446717707373,0.00197428067244709,0.949411764705882,0,-0.0102823529411765
119,"A_threshold",4000,1,-0.00818984602099439,-0.00810255392289221,0.00184511468882752,-0.0138876230803693,-0.00100840235616885,1,0,-0.01028
119,"B_smooth_logistic",1000,0.25,-0.0336361345445382,-0.0325876147241159,0.0207648752900078,-0.0664888629213044,0.00572811883914413,0.931,0.669,-0.0380902154690968
119,"B_smooth_logistic",1600,0.4,-0.0342033387708673,-0.0341113692946472,0.00701557004270188,-0.0462613541793557,-0.0218543880609694,1,1,-0.0377742896213404
119,"B_smooth_logistic",2200,0.55,-0.033421205560667,-0.0333867373608615,0.00493253335101988,-0.0419242426961632,-0.0247163706253261,1,1,-0.0378065573024689
119,"B_smooth_logistic",2800,0.7,-0.0342861108389667,-0.0342797183247686,0.000656115064205115,-0.0354035194959409,-0.0331102183617619,1,1,-0.0377616378607879
119,"B_smooth_logistic",3400,0.85,-0.0321526091156631,-0.0321374589695804,0.00572811219486782,-0.041961276595336,-0.0219553667391407,1,1,-0.0376892855801777
119,"B_smooth_logistic",4000,1,-0.030092317678024,-0.0300533529786407,0.00883084942531098,-0.0453949004014394,-0.0146504297902978,1,0.82625,-0.0374930352276786
120,"A_threshold",1000,0.25,0.0117293233082707,0.0127969172246305,0.0526152216611453,-0.12827999023136,0.275725374532661,0.427,0.276,-0.01084
120,"A_threshold",1600,0.4,-0.00480820366512127,-0.00474703396903285,0.0362133747956161,-0.0997200435338126,0.178208064828,0.59,0.36875,-0.010975
120,"A_threshold",2200,0.55,-0.00574775364691331,-0.00575073999694547,0.0383669632194655,-0.0995149277903393,0.204683907693733,0.6,0.389545454545455,-0.0105454545454545
120,"A_threshold",2800,0.7,-0.0136236026746976,-0.0137115091876288,0.0341323739305095,-0.0930029489025821,0.182469353934125,0.699285714285714,0.483214285714286,-0.0101285714285714
120,"A_threshold",3400,0.85,-0.00638490301156842,-0.00651482858889799,0.0308781429788651,-0.0720406677339285,0.180712543004178,0.642941176470588,0.369411764705882,-0.00994117647058824
120,"A_threshold",4000,1,-0.00358608146192471,-0.00395064917871799,0.0293486758043267,-0.0656991134808793,0.175514160506581,0.61325,0.322,-0.00981
120,"B_smooth_logistic",1000,0.25,-0.0290574146023312,-0.0294073046107377,0.0216325766418798,-0.0633425878780398,0.00981901552177715,0.88,0.644,-0.0367123577321101
120,"B_smooth_logistic",1600,0.4,-0.0381270986623249,-0.038165359628546,0.0197882549814637,-0.0708633573535228,-0.00384084966636429,1,0.756875,-0.0369395507243436
120,"B_smooth_logistic",2200,0.55,-0.0304888178464839,-0.0304009324051267,0.0170744504113823,-0.0602864718528318,-0.00178435637416517,1,0.675,-0.0370858104703614
120,"B_smooth_logistic",2800,0.7,-0.0303920723254379,-0.0303655119550149,0.0177889613764568,-0.0606834640996576,0.000193189893644266,0.997857142857143,0.6725,-0.0372629457647972
120,"B_smooth_logistic",3400,0.85,-0.0292822627416946,-0.0292198409857055,0.0155812296869014,-0.0573064650298177,-0.00386260817783811,1,0.666176470588235,-0.0371541376298556
120,"B_smooth_logistic",4000,1,-0.0313891995232856,-0.0313853042145199,0.016153857658419,-0.0605394620190735,-0.00524058412341033,1,0.6945,-0.0372039154435752
121,"A_threshold",1000,0.25,-0.00316157702186658,-0.00247688801187101,0.000543676743686365,-0.00423385496905321,-0.000856241527208146,1,0,-0.01068
121,"A_threshold",1600,0.4,-0.0060126503162579,-0.00598871821112131,0.00277700839626635,-0.0152496222290029,0.00285783047836272,0.983125,0,-0.010425
121,"A_threshold",2200,0.55,0.00401323640739308,0.00411725694613752,0.0121592256597938,-0.0374736490728795,0.0417608053203092,0.348636363636364,0.0309090909090909,-0.0101090909090909
121,"A_threshold",2800,0.7,-0.00758370829253809,-0.00737544297312004,0.00947501252264213,-0.0396816257400067,0.0218915696599177,0.773928571428571,0.102142857142857,-0.00985714285714286
121,"A_threshold",3400,0.85,-0.0100367726584469,-0.00997074418615828,0.0114193896966484,-0.0510141989281332,0.0286194576158249,0.804411764705882,0.191176470588235,-0.0098
121,"A_threshold",4000,1,-0.0119025025011509,-0.0118635416310677,0.0133658446055567,-0.0603910860863447,0.0329278918244892,0.809,0.26525,-0.00989
121,"B_smooth_logistic",1000,0.25,-0.0681704260651629,-0.0679942515589431,0.00985149912627371,-0.0843953558359494,-0.050205474427992,1,1,-0.0361682802275285
121,"B_smooth_logistic",1600,0.4,-0.0472686775406523,-0.0471689469705583,0.00260488617824139,-0.0517359125704886,-0.0426462992425836,1,1,-0.0367875578178643
121,"B_smooth_logistic",2200,0.55,-0.0393610622266018,-0.0393022363607418,0.00614773724216026,-0.0498392712099792,-0.0284489019986917,1,1,-0.0370214731320231
121,"B_smooth_logistic",2800,0.7,-0.0431698382917895,-0.0431820134872302,7.51513647700722e-05,-0.0433137438928034,-0.0430518411856921,1,1,-0.0370991329356034
121,"B_smooth_logistic",3400,0.85,-0.0385419599880992,-0.0383943075718824,0.00303607273294231,-0.0438218779162136,-0.0332785112268307,1,1,-0.0371295706833087
121,"B_smooth_logistic",4000,1,-0.0407637823409487,-0.0407335226088915,0.00419311899087898,-0.048208244685893,-0.0336901577800705,1,1,-0.0370829744226652
122,"A_threshold",1000,0.25,-0.0327923948530824,-0.0327528872522609,0.0164233904950495,-0.0701197781096298,0.0438770410284306,0.969,0.792,-0.00952
122,"A_threshold",1600,0.4,-0.022156803920098,-0.0223360309382739,0.0313363803237675,-0.106249712119552,0.108011960173263,0.778125,0.5625,-0.009525
122,"A_threshold",2200,0.55,-0.0215608465608466,-0.0222251748194087,0.0175461386454322,-0.0656200341944428,0.0513420949227515,0.893636363636364,0.585,-0.00958181818181818
122,"A_threshold",2800,0.7,-0.0255843279023495,-0.0259343520294811,0.0207598214985553,-0.0821930556037821,0.0594389650865386,0.887857142857143,0.649285714285714,-0.00968571428571429
122,"A_threshold",3400,0.85,-0.0263988373300114,-0.0269435631316474,0.0185645452049476,-0.0687016095653033,0.0583263864313991,0.911470588235294,0.692647058823529,-0.00963529411764706
122,"A_threshold",4000,1,-0.0227532764718119,-0.0229629323746666,0.0184601958292511,-0.071887521947706,0.0591933876897113,0.88625,0.60475,-0.00944
122,"B_smooth_logistic",1000,0.25,-0.0192481203007519,-0.0185541880309325,0.0149115376057167,-0.0499575525293283,0.00244229629996701,0.906,0.43,-0.0370735396606058
122,"B_smooth_logistic",1600,0.4,-0.0135709818636648,-0.0133802654147545,0.0120993104942676,-0.0363142247261015,0.006403403803459,0.8175,0.31875,-0.0370985009707415
122,"B_smooth_logistic",2200,0.55,-0.0189974160206718,-0.0188297750763457,0.00736055656419814,-0.0326083218744353,-0.00652064503720713,1,0.434545454545455,-0.0371545727936331
122,"B_smooth_logistic",2800,0.7,-0.0273455917020273,-0.0271648223199367,0.0107393040446708,-0.0470289620691419,-0.00904793488273754,1,0.692142857142857,-0.0371582281023404
122,"B_smooth_logistic",3400,0.85,-0.0232751684819752,-0.0231990358505458,0.00879890992977218,-0.0393185050345266,-0.00808143525737337,1,0.608235294117647,-0.0370167402843878
122,"B_smooth_logistic",4000,1,-0.025109759570227,-0.0251026132382768,0.00780721121591201,-0.0390338850047377,-0.0113626625547961,1,0.69125,-0.0370095468641192
123,"A_threshold",1000,0.25,-0.01035349090269,-0.0101620651388509,0.0136065843791022,-0.0555795980005597,0.0421218731611057,0.787,0.238,-0.00928
123,"A_threshold",1600,0.4,0.000240638535917645,0.000362414628960521,0.00822531070924587,-0.028468598801591,0.0316938212375687,0.48,0.004375,-0.00955
123,"A_threshold",2200,0.55,-0.00492086043153814,-0.00496007776689812,0.00181150828839314,-0.0119311983637738,0.00194470075305332,0.997272727272727,0,-0.00961818181818182
123,"A_threshold",2800,0.7,-0.00291851625082913,-0.00277497622520573,0.00656461118499611,-0.031087635143887,0.0210542944433912,0.657142857142857,0.00714285714285714,-0.00982857142857143
123,"A_threshold",3400,0.85,0.000259544668675657,0.000259509449766634,0.00623635603736982,-0.0242607759182926,0.0252820601570117,0.485294117647059,0.000882352941176471,-0.00992941176470588
123,"A_threshold",4000,1,0.00031601548475875,0.000329920610899521,0.000850099335214231,-0.00270641742606141,0.00410109638881322,0.35925,0,-0.00989
123,"B_smooth_logistic",1000,0.25,-0.0511181724562128,-0.0509774102528345,0.0404083318569764,-0.125413412433153,0.0164249949704679,0.866,0.717,-0.0363616986250179
123,"B_smooth_logistic",1600,0.4,-0.0472781988721857,-0.0474629723258627,0.0265131649437019,-0.0937077465960676,-0.00062662188170913,1,0.796875,-0.036444413219205
123,"B_smooth_logistic",2200,0.55,-0.0415063276074106,-0.041638271973923,0.0238968297734887,-0.0819793670496467,0.00138054415841593,0.981818181818182,0.765909090909091,-0.0368509446444587
123,"B_smooth_logistic",2800,0.7,-0.035041349976733,-0.0349810880350981,0.0242667880272197,-0.0779605067848358,0.00611928309255452,0.919285714285714,0.676428571428571,-0.0369735547467894
123,"B_smooth_logistic",3400,0.85,-0.0363318757950366,-0.0362272870250578,0.0237216249607772,-0.0783822047248946,0.00395575432838105,0.942647058823529,0.697058823529412,-0.0369019899518376
123,"B_smooth_logistic",4000,1,-0.0320040923314788,-0.0321049443675045,0.0197376662968512,-0.0654623072278368,0.00277944848443877,0.957,0.6825,-0.0370660162498245
124,"A_threshold",1000,0.25,-0.0623861949183405,-0.0618293580917895,0.00946737112245446,-0.0952350651958152,-0.0355345552877123,1,1,-0.00988
124,"A_threshold",1600,0.4,-0.039598138324492,-0.038635249565926,0.00692106895163295,-0.0636280569416999,-0.0198832128083449,1,0.999375,-0.0099
124,"A_threshold",2200,0.55,-0.0270925843740367,-0.0269654318928927,0.00259359636482198,-0.0333902663360201,-0.0165836050505222,1,0.987272727272727,-0.00978181818181818
124,"A_threshold",2800,0.7,-0.0268633201292248,-0.0266040703266051,0.00229461680466824,-0.0332178868933002,-0.0180523630946405,1,0.994285714285714,-0.00961428571428571
124,"A_threshold",3400,0.85,-0.0259967664955788,-0.0253413304293135,0.00388904880315278,-0.0345016309627194,-0.00463843211418397,1,0.911176470588235,-0.00995294117647059
124,"A_threshold",4000,1,-0.0170808831673692,-0.0167902665939472,0.00297203624192813,-0.0297620628838609,-0.00774410578282611,1,0.13575,-0.0103
124,"B_smooth_logistic",1000,0.25,-0.0234052869261377,-0.0221486054730274,0.00664866684700355,-0.0359098169669424,-0.0117236975253269,1,0.566,-0.0374005771284315
124,"B_smooth_logistic",1600,0.4,-0.0347757155904806,-0.0344119877453182,0.0157405483490883,-0.0656366572250289,-0.0103305225830454,1,0.764375,-0.0370466673715131
124,"B_smooth_logistic",2200,0.55,-0.0405478291657153,-0.0401435406375854,0.0131124972650108,-0.0656201612471904,-0.0199784523390353,1,0.999090909090909,-0.0372911924582705
124,"B_smooth_logistic",2800,0.7,-0.0316943999476936,-0.0310810917742148,0.0161518024755118,-0.0619953097372418,-0.00642933339087501,1,0.678928571428571,-0.0369843287552598
124,"B_smooth_logistic",3400,0.85,-0.0375089812065548,-0.0368842126614977,0.017626369427121,-0.0705824667688184,-0.00982364945271163,1,0.768823529411765,-0.0369687049655028
124,"B_smooth_logistic",4000,1,-0.0384928553364157,-0.0379244441084453,0.0189202502370611,-0.0737649248429211,-0.00842377002471396,1,0.76675,-0.0371055610442529
125,"A_threshold",1000,0.25,0.0356142456982793,0.0363862015069314,0.0165325472802607,-0.00251608083896612,0.107983342210901,0.002,0,-0.01064
125,"A_threshold",1600,0.4,0.00769496544144431,0.00856401246101695,0.0174317733717246,-0.0351392594979664,0.0849248965299697,0.331875,0.033125,-0.01005
125,"A_threshold",2200,0.55,0.000985119725159869,0.00154742287663331,0.0254173558127857,-0.0734867531799874,0.114632180919846,0.501363636363636,0.204545454545455,-0.0101090909090909
125,"A_threshold",2800,0.7,-0.00283711487633907,-0.0020433688510659,0.018063130635978,-0.0537279533873046,0.0782378430252825,0.565714285714286,0.160357142857143,-0.0100857142857143
125,"A_threshold",3400,0.85,-0.004054233292088,-0.00378648366289019,0.0222736765662541,-0.0775402228322962,0.0851954500923673,0.573235294117647,0.242352941176471,-0.0100352941176471
125,"A_threshold",4000,1,-0.00683748452621961,-0.00665672512919791,0.0270009172610068,-0.0984649012315556,0.0997153481253926,0.6045,0.31725,-0.01016
125,"B_smooth_logistic",1000,0.25,-0.0612199180747568,-0.0598795880373444,0.0305604941581054,-0.121672812158678,-0.0160388651146908,1,0.929,-0.037291068337299
125,"B_smooth_logistic",1600,0.4,-0.0474283150339488,-0.0450258972115504,0.0305234663549335,-0.108979387037857,-0.00227662420424692,1,0.715,-0.0369116711371936
125,"B_smooth_logistic",2200,0.55,-0.0433454908587093,-0.0421927603091308,0.0218186482872153,-0.0864893958177981,-0.010412279806591,1,0.798636363636364,-0.0371298699762588
125,"B_smooth_logistic",2800,0.7,-0.0460619672298504,-0.0453263344685855,0.0163960037531267,-0.0773626486835415,-0.02045297568961,1,1,-0.0371991917285117
125,"B_smooth_logistic",3400,0.85,-0.0392296538745237,-0.0388851928715731,0.0176035083053699,-0.0723484026337086,-0.0112011537740948,1,0.812352941176471,-0.0372061397487579
125,"B_smooth_logistic",4000,1,-0.035484216998548,-0.0350816403251393,0.0193720496690067,-0.0718648859830477,-0.00460054288319799,1,0.71525,-0.0371583906161222
126,"A_threshold",1000,0.25,-0.0293063757381643,-0.0287755284438717,0.0100936503134014,-0.0449625545451007,0.0291610125171066,0.985,0.835,-0.00996
126,"A_threshold",1600,0.4,-0.0158826903211388,-0.0155581499427304,0.0101597626996014,-0.0330780610625121,0.0435848403708537,0.92,0.38125,-0.009575
126,"A_threshold",2200,0.55,-0.0120760668225562,-0.0123764098927339,0.00439323802161632,-0.0228442944447352,0.00906931339308184,0.99,0.0177272727272727,-0.00974545454545454
126,"A_threshold",2800,0.7,-0.0145401488462958,-0.0146200085463844,0.00701084455257917,-0.031478515373578,0.0188011365868609,0.972142857142857,0.235,-0.0099
126,"A_threshold",3400,0.85,-0.0130716466447676,-0.0133123137003464,0.0128695402017433,-0.0492192085446675,0.0421678442959193,0.851470588235294,0.315588235294118,-0.0100823529411765
126,"A_threshold",4000,1,-0.00823666717004078,-0.00828345860767612,0.0159844839607785,-0.060857545451719,0.0523398583981042,0.705,0.23575,-0.00999
126,"B_smooth_logistic",1000,0.25,-0.0166832778958576,-0.0174898130483476,0.0127683638454841,-0.0350979138302507,0.00955150783341883,0.871,0.5,-0.0369219882403338
126,"B_smooth_logistic",1600,0.4,-0.0209596006980279,-0.0218356277562903,0.00394828961096478,-0.0293005458293915,-0.0156693445359477,1,0.6075,-0.0369772461963624
126,"B_smooth_logistic",2200,0.55,-0.0273346975612498,-0.0279052960667445,0.00204409797990657,-0.0315659118890443,-0.0244856661591644,1,1,-0.037055893812687
126,"B_smooth_logistic",2800,0.7,-0.0236635421115828,-0.0238732517927905,0.00448017387797679,-0.0319319126245754,-0.0164441908175664,1,0.746785714285714,-0.0371577844403902
126,"B_smooth_logistic",3400,0.85,-0.0244301568314726,-0.0246022298733332,0.0105077890819519,-0.0435517360069999,-0.00722718018590462,1,0.614411764705882,-0.0372566055943103
126,"B_smooth_logistic",4000,1,-0.0266844279499194,-0.0269161026036382,0.00797016860479126,-0.041462990922667,-0.0136940928968686,1,0.74675,-0.0373145710182102
127,"A_threshold",1000,0.25,-0.0366790105644528,-0.0362153177069693,0.00756889569215666,-0.0513787852557391,-0.000522222340267511,1,0.966,-0.01004
127,"A_threshold",1600,0.4,-0.0202649368918761,-0.0202583264668581,0.0116909358712131,-0.0616923595723829,0.0182428823538994,0.9575,0.503125,-0.01065
127,"A_threshold",2200,0.55,-0.00765377593717639,-0.00790841207373887,0.0218623177071675,-0.0796712047225958,0.0701464586966497,0.655,0.291363636363636,-0.0104727272727273
127,"A_threshold",2800,0.7,-0.00529798351114878,-0.00567357395131253,0.0220908226966408,-0.0717462272175364,0.110067363149593,0.622857142857143,0.26,-0.0103571428571429
127,"A_threshold",3400,0.85,-0.00224155041377679,-0.00270982140672446,0.0196901586664868,-0.0541280646013822,0.110868120268535,0.592352941176471,0.189705882352941,-0.0104588235294118
127,"A_threshold",4000,1,-0.0028595579060476,-0.00331525763227325,0.0231334034469942,-0.0683068501335896,0.127746628919287,0.59375,0.2385,-0.01028
127,"B_smooth_logistic",1000,0.25,-0.047603423509217,-0.047577478961133,0.0181046371075658,-0.0779137889395156,-0.0154494263593195,1,0.923,-0.0368371213775835
127,"B_smooth_logistic",1600,0.4,-0.0451963096505171,-0.0452925965584805,0.0169968823498332,-0.0759537984892619,-0.0167060188933696,1,0.94,-0.036968806948455
127,"B_smooth_logistic",2200,0.55,-0.0445852026927042,-0.0446220942401102,0.0152036095988346,-0.0714977062555668,-0.0181960224419143,1,0.964545454545455,-0.0369390449674737
127,"B_smooth_logistic",2800,0.7,-0.0483762661980484,-0.0483814723991112,0.0211600825865453,-0.0853954720880854,-0.0111945456995628,1,0.884642857142857,-0.0369938862107949
127,"B_smooth_logistic",3400,0.85,-0.0455460360835517,-0.0455059157758015,0.0244903828162542,-0.0878180502194054,-0.00201829802373824,1,0.801764705882353,-0.0369453666402588
127,"B_smooth_logistic",4000,1,-0.0485099293042736,-0.0484532460073265,0.021462105512393,-0.084909783583392,-0.0101404159221577,1,0.87525,-0.036823414443949
128,"A_threshold",1000,0.25,6.00540486437873e-05,-0.000212479483173017,0.0294600190394005,-0.0910540512769664,0.108504262475176,0.526,0.254,-0.01028
128,"A_threshold",1600,0.4,-0.0200242196960819,-0.0201476837501772,0.0249653844371291,-0.099695998950398,0.0701817775316095,0.799375,0.5175,-0.0098
128,"A_threshold",2200,0.55,-0.023856704355597,-0.0238609808039203,0.0143090431271981,-0.0669851972399914,0.0403473882966439,0.949090909090909,0.615,-0.00996363636363636
128,"A_threshold",2800,0.7,-0.0325494905430327,-0.0325858497482612,0.0232394700982899,-0.110967562348526,0.0586927408031124,0.921785714285714,0.713214285714286,-0.01
128,"A_threshold",3400,0.85,-0.0290509295722766,-0.0290561952768333,0.0154189072548412,-0.0820394596392445,0.0345307951669575,0.967647058823529,0.730882352941176,-0.0101294117647059
128,"A_threshold",4000,1,-0.0269933439527962,-0.0270043826037428,0.0161844664786774,-0.0820189599910039,0.04071441605622,0.95225,0.676,-0.01015
128,"B_smooth_logistic",1000,0.25,-0.00488195278111245,-0.00511234162853558,0.00646761566082308,-0.015730349807922,0.00646042343985474,0.709,0,-0.037529339617224
128,"B_smooth_logistic",1600,0.4,-0.0179691992299808,-0.0181519127058838,0.00645772831033759,-0.0287696907422951,-0.00647766187660667,1,0.435,-0.0373687410529599
128,"B_smooth_logistic",2200,0.55,-0.0342219401248281,-0.0343193416656338,0.014562510873677,-0.0581352533168206,-0.00819904748739088,1,0.775909090909091,-0.0372691991300969
128,"B_smooth_logistic",2800,0.7,-0.0441876378710943,-0.044173279354972,0.00887790661597618,-0.0594235753699944,-0.0290402881812827,1,1,-0.0371381762639504
128,"B_smooth_logistic",3400,0.85,-0.0464604710142921,-0.046443307433912,0.00655677045050416,-0.0577524793480763,-0.0352894449541959,1,1,-0.0372482948541653
128,"B_smooth_logistic",4000,1,-0.0458589349718382,-0.0458247773903713,0.00377403357286699,-0.0524195874287715,-0.0394937460837744,1,1,-0.0372392094879489
129,"A_threshold",1000,0.25,0.00505072792262237,0.00592579262638509,0.00803797059357943,-0.012735657382791,0.0390020390169519,0.238,0,-0.01032
129,"A_threshold",1600,0.4,-0.00546080425598498,-0.00518381883321202,0.00787866355546164,-0.0283861467865612,0.0227165274777331,0.764375,0.01875,-0.010375
129,"A_threshold",2200,0.55,-0.00470762290308659,-0.00445189847741489,0.00695912375110069,-0.0234519288437038,0.0251975401847991,0.762272727272727,0.00363636363636364,-0.0103090909090909
129,"A_threshold",2800,0.7,-0.0075370853976135,-0.00753451817261869,0.0106456138169414,-0.04329591532602,0.0313138918279349,0.771428571428571,0.119642857142857,-0.00998571428571429
129,"A_threshold",3400,0.85,-0.00645731977001328,-0.00640133842305366,0.0112865854691104,-0.042661850115162,0.0365292591798816,0.724411764705882,0.109411764705882,-0.00988235294117647
129,"A_threshold",4000,1,-0.00567439003754097,-0.00559804434742765,0.0152188531535649,-0.0545425231440741,0.0602765356573111,0.65,0.17325,-0.01015
129,"B_smooth_logistic",1000,0.25,-0.0378457991803279,-0.0375611968051444,0.003649135378904,-0.0443303212062389,-0.031394521430245,1,1,-0.0373045199636695
129,"B_smooth_logistic",1600,0.4,-0.0372905191609047,-0.0372628124982952,0.00158851953470721,-0.0399929289031059,-0.0343899071932906,1,1,-0.0372288117016701
129,"B_smooth_logistic",2200,0.55,-0.0392438340858133,-0.0389451546724909,0.00201761314890285,-0.0415462315777215,-0.0344877959714484,1,1,-0.0371811019090978
129,"B_smooth_logistic",2800,0.7,-0.0415617533295475,-0.0413512360648125,0.0084105698180763,-0.0571472931275059,-0.0277546695537468,1,1,-0.0370725799698147
129,"B_smooth_logistic",3400,0.85,-0.040440081098168,-0.0403083626895809,0.00350416912843045,-0.0466229701849312,-0.0344036007298017,1,1,-0.0371116451304954
129,"B_smooth_logistic",4000,1,-0.0416285407135178,-0.0415134727761638,0.00587095173957817,-0.0523558853060733,-0.0318338254972505,1,1,-0.0372643882016794
130,"A_threshold",1000,0.25,-0.036573316639399,-0.0367726207093777,0.0154453707202416,-0.0869492974728118,0.0213085058789375,0.987,0.862,-0.00976
130,"A_threshold",1600,0.4,-0.030161076179263,-0.030252294197507,0.0222401820767951,-0.0965944682285228,0.0582687473870821,0.90625,0.700625,-0.00975
130,"A_threshold",2200,0.55,-0.0250315252251447,-0.0248635726938537,0.0214852672208412,-0.0860150204393749,0.0616869909794985,0.875,0.615909090909091,-0.00981818181818182
130,"A_threshold",2800,0.7,-0.0160235167047156,-0.0158549226969814,0.0190676239149282,-0.0651860676424983,0.0657421154787988,0.808928571428571,0.438214285714286,-0.00972857142857143
130,"A_threshold",3400,0.85,-0.0156834233485667,-0.0154804581592775,0.0181725677024482,-0.0607451130209099,0.0645756287268492,0.815588235294118,0.428529411764706,-0.00972941176470588
130,"A_threshold",4000,1,-0.0137052647589771,-0.0135187479317408,0.0123648297784899,-0.0470604603161208,0.0430616138091227,0.8665,0.316,-0.00984
130,"B_smooth_logistic",1000,0.25,-0.0378215673795486,-0.0378140547856023,0.0190218542949713,-0.0679094521209407,-0.00338555891955235,1,0.763,-0.0371060365999957
130,"B_smooth_logistic",1600,0.4,-0.0456096581112409,-0.0453655818275304,0.0222984595835727,-0.0856556290843449,-0.00979195853934214,1,0.826875,-0.0372594711622314
130,"B_smooth_logistic",2200,0.55,-0.0425267280618186,-0.0423184117678455,0.026065462269355,-0.0884008982160578,0.000802760863602411,0.988636363636364,0.747272727272727,-0.0372825214528787
130,"B_smooth_logistic",2800,0.7,-0.0509292526783381,-0.0506538436150656,0.0355015974359907,-0.11454488007597,0.00766758028548138,0.920714285714286,0.750357142857143,-0.037342545528562
130,"B_smooth_logistic",3400,0.85,-0.0458471760797342,-0.045436388039674,0.0377489125597541,-0.115018941134191,0.0152544620846337,0.850294117647059,0.689705882352941,-0.0372227138104095
130,"B_smooth_logistic",4000,1,-0.0403117255402948,-0.0399939814742507,0.0328022094613735,-0.100687000566889,0.0127055819000123,0.85825,0.669,-0.0372808964030283
131,"A_threshold",1000,0.25,0.0102810281028103,0.0102478812164079,0.00651674956527071,-0.0125153964389162,0.0286793962514778,0.06,0,-0.00948
131,"A_threshold",1600,0.4,0.0109555462452867,0.0109511308579972,0.0143840564816917,-0.0321106890638453,0.0574711285151343,0.213125,0.01,-0.0092
131,"A_threshold",2200,0.55,0.00220288896695667,0.00218960402924804,0.0152022606320197,-0.0396953570048843,0.053566258244914,0.47,0.0640909090909091,-0.00976363636363636
131,"A_threshold",2800,0.7,0.00129360560797168,0.00135290032368007,0.0155600550399631,-0.0448563103720124,0.0557970381052495,0.493214285714286,0.0739285714285714,-0.00954285714285714
131,"A_threshold",3400,0.85,-0.000453302882452669,-0.000485324586025965,0.0195837576110883,-0.0513174467313562,0.0752585804637321,0.552058823529412,0.15,-0.00951764705882353
131,"A_threshold",4000,1,-0.00427000960752161,-0.00424527994660759,0.0197728020318684,-0.049005581603858,0.0792655800506236,0.63825,0.2135,-0.00949
131,"B_smooth_logistic",1000,0.25,-0.0150873022542911,-0.0150434934384339,0.000594262617894535,-0.015682750246152,-0.0135200230229898,1,0,-0.0376679507230943
131,"B_smooth_logistic",1600,0.4,-0.0199186991869919,-0.0197772030224221,0.00540073407980403,-0.0302133455135963,-0.011419387611112,1,0.453125,-0.0377971209597022
131,"B_smooth_logistic",2200,0.55,-0.0231464531554367,-0.0231769751762231,0.00803488298979947,-0.0391116296572792,-0.0111701757953862,1,0.58,-0.0377770290151627
131,"B_smooth_logistic",2800,0.7,-0.0239521508006924,-0.0244516729293383,0.0131014199674602,-0.0510616938434719,-0.00549813262328316,1,0.557857142857143,-0.0377131179581138
131,"B_smooth_logistic",3400,0.85,-0.0210538153444234,-0.0212122649267656,0.0164395483643681,-0.0543239917441766,0.00261927489352962,0.917941176470588,0.477941176470588,-0.037729259228537
131,"B_smooth_logistic",4000,1,-0.0249795044002721,-0.0249575716015454,0.00945481993304112,-0.0430447090809006,-0.0101552982371717,1,0.63475,-0.0377025490993127
132,"A_threshold",1000,0.25,-0.0306874239220962,-0.0313907822126417,0.0291426877794848,-0.0943981537661398,0.0795589429831879,0.871,0.681,-0.00976
132,"A_threshold",1600,0.4,-0.0357500438036595,-0.0360074496846978,0.0239974515163845,-0.101328009338328,0.0498311010962922,0.930625,0.756875,-0.010425
132,"A_threshold",2200,0.55,-0.03,-0.0305897498988358,0.0164085573508337,-0.071991276325766,0.0329969514264989,0.958181818181818,0.761818181818182,-0.0101818181818182
132,"A_threshold",2800,0.7,-0.0237065390749601,-0.024377442310828,0.012454911789843,-0.0570021314053045,0.0255707045342436,0.961071428571429,0.666785714285714,-0.0102285714285714
132,"A_threshold",3400,0.85,-0.0232012119550391,-0.0237542220152051,0.0128758953173399,-0.0563405005062426,0.033500774736953,0.953823529411765,0.647352941176471,-0.0102352941176471
132,"A_threshold",4000,1,-0.0237252957405949,-0.0243045548024354,0.0102822462895827,-0.0501297148420777,0.0218296595456138,0.97475,0.68875,-0.01019
132,"B_smooth_logistic",1000,0.25,-0.0260215905952424,-0.0260522048168135,0.00109888505914204,-0.0279835761615037,-0.0241613267737713,1,1,-0.0372454704005962
132,"B_smooth_logistic",1600,0.4,-0.0272561326298417,-0.0272467540910259,0.00197148283630511,-0.0307187116384945,-0.023823335528806,1,1,-0.0372365048240848
132,"B_smooth_logistic",2200,0.55,-0.0296310747671277,-0.0296071401759199,0.00701429674054995,-0.0422968682820289,-0.0177985370509699,1,0.900454545454546,-0.0371701839038023
132,"B_smooth_logistic",2800,0.7,-0.0287858482980434,-0.0288063238050316,0.00782098030339923,-0.0433148583207729,-0.0160014709580565,1,0.829642857142857,-0.037053249757649
132,"B_smooth_logistic",3400,0.85,-0.0317247356848932,-0.031697509305669,0.0027919311321546,-0.0366982459114515,-0.0270298994722018,1,1,-0.037194402994745
132,"B_smooth_logistic",4000,1,-0.0316346881232377,-0.0315859065792116,0.00661654513811766,-0.0435973979830202,-0.0207228061796575,1,1,-0.037363023428442
133,"A_threshold",1000,0.25,-0.014,-0.0142602280729109,0.0442371689250344,-0.151244666583539,0.158990324237199,0.65,0.457,-0.00948
133,"A_threshold",1600,0.4,-0.0167066826730692,-0.0166339510846993,0.0418364412926488,-0.1638192306147,0.125697901792381,0.658125,0.46375,-0.010225
133,"A_threshold",2200,0.55,-0.00867476531846183,-0.00873951501093362,0.0248427850522292,-0.0938450204083457,0.098059848612959,0.644090909090909,0.324090909090909,-0.0100181818181818
133,"A_threshold",2800,0.7,-0.017832542476657,-0.0178901753473993,0.0248764461769042,-0.101748596490102,0.090245810194625,0.761071428571429,0.468571428571429,-0.0103
133,"A_threshold",3400,0.85,-0.0254496037839078,-0.0254173211672529,0.0202585887361698,-0.0982965645568183,0.0569625724091866,0.898235294117647,0.604705882352941,-0.0104352941176471
133,"A_threshold",4000,1,-0.0261191044764179,-0.0261413997321909,0.0203635148011524,-0.097783395577624,0.0603805263912287,0.90025,0.62425,-0.01022
133,"B_smooth_logistic",1000,0.25,-0.0352635263526353,-0.0353230486852667,0.0179065144666215,-0.0681713045651096,-0.0067660709955371,1,0.73,-0.0368825219297958
133,"B_smooth_logistic",1600,0.4,-0.025657276003499,-0.0257804327445755,0.0265201880146596,-0.0672238191718504,0.0237652183134581,0.77625,0.588125,-0.0368253509654193
133,"B_smooth_logistic",2200,0.55,-0.0249876067495421,-0.0249811066571992,0.0223080401212753,-0.0607955385543556,0.0159521011512438,0.82,0.584545454545455,-0.0371127286216273
133,"B_smooth_logistic",2800,0.7,-0.0241123882503193,-0.0241315347465054,0.0156960835100019,-0.0506968862705084,0.00331805297486849,0.935714285714286,0.585714285714286,-0.0370517362865621
133,"B_smooth_logistic",3400,0.85,-0.0223979471548867,-0.0224169805667106,0.0177701545478503,-0.0523035988987656,0.00912239214802625,0.856470588235294,0.545294117647059,-0.0370003438919977
133,"B_smooth_logistic",4000,1,-0.0242533415895771,-0.0242023242373889,0.0141289186404957,-0.0465718596029939,0.00206941529903522,0.96225,0.60525,-0.0370041822625138
134,"A_threshold",1000,0.25,-0.0225510923185342,-0.022394756543137,0.0161417585529134,-0.0734069546374214,0.0323500127000084,0.918,0.554,-0.00952
134,"A_threshold",1600,0.4,-0.0214637073335375,-0.0215673794151639,0.0101508592548607,-0.057963395036731,0.0110076528476269,0.985625,0.546875,-0.009825
134,"A_threshold",2200,0.55,-0.00935657724982251,-0.00933004667651363,0.0142529960507035,-0.0552291276367432,0.0411251448639229,0.749545454545455,0.230909090909091,-0.01
134,"A_threshold",2800,0.7,-0.0121798335509488,-0.0122501930754789,0.0117601659822049,-0.0537273639323438,0.0257025682364231,0.8525,0.254642857142857,-0.0101
134,"A_threshold",3400,0.85,-0.0106716495380463,-0.0106259010844182,0.0200276126090831,-0.0764235640368861,0.0588365360422753,0.699411764705882,0.320588235294118,-0.0102235294117647
134,"A_threshold",4000,1,-0.0128315393546877,-0.0127403599988003,0.0183218071876761,-0.0741367314743778,0.052853716956593,0.76375,0.34825,-0.01009
134,"B_smooth_logistic",1000,0.25,-0.05,-0.0492684004767418,0.0386432460376353,-0.12741261919241,0.00983772645822466,0.897,0.707,-0.0373900096557829
134,"B_smooth_logistic",1600,0.4,-0.0492264416315049,-0.0490292194619345,0.0391724613219289,-0.121995037123322,0.0174999792316965,0.865625,0.713125,-0.037328495990139
134,"B_smooth_logistic",2200,0.55,-0.0454545454545455,-0.0454002138429151,0.0328580769804941,-0.103916511680949,0.0136280589096058,0.892272727272727,0.732272727272727,-0.0376268059876589
134,"B_smooth_logistic",2800,0.7,-0.0411092402673606,-0.0411401436205125,0.0333304771346594,-0.100672616855035,0.0176582997985948,0.858214285714286,0.689642857142857,-0.0377377262753284
134,"B_smooth_logistic",3400,0.85,-0.0347796719959141,-0.0347927135733053,0.0294310945089639,-0.0851414854957923,0.018770326362146,0.840882352941177,0.654117647058824,-0.0376157426098229
134,"B_smooth_logistic",4000,1,-0.0397384934623366,-0.0397280159635798,0.0234751776539405,-0.0794941827593338,0.00301525930107027,0.9695,0.748,-0.037661092760806
135,"A_threshold",1000,0.25,-0.0396185355862775,-0.0394093759639121,0.0137043234352537,-0.073158191436283,0.0225398289769336,0.995,0.918,-0.01056
135,"A_threshold",1600,0.4,-0.0255001593759961,-0.0258096914864816,0.00322250340000793,-0.0343056047046537,-0.0121299872852919,1,0.9575,-0.0107
135,"A_threshold",2200,0.55,-0.0252652495776175,-0.0253956138776322,0.00711467204395892,-0.0466948798693884,0.00604220376781958,0.999090909090909,0.78,-0.0108
135,"A_threshold",2800,0.7,-0.0253843316081846,-0.0253903387679117,0.00893468412560596,-0.0539753806896011,0.0115428743542142,0.996785714285714,0.731071428571429,-0.0106571428571429
135,"A_threshold",3400,0.85,-0.025998624913019,-0.0260997277416223,0.016809652577965,-0.0785811895854712,0.0485058165360823,0.937058823529412,0.65,-0.0105411764705882
135,"A_threshold",4000,1,-0.0244332198989791,-0.0245749552919348,0.0170498837735395,-0.0797261950583313,0.0547435183126118,0.92125,0.61625,-0.01053
135,"B_smooth_logistic",1000,0.25,-0.0371794871794872,-0.0373859337667258,0.0069476801435376,-0.0477225556090287,-0.0232807669856059,1,1,-0.0371458955555339
135,"B_smooth_logistic",1600,0.4,-0.0448982722163181,-0.0450213246026177,0.000893435135480989,-0.0465766101922534,-0.0434817643260285,1,1,-0.0373501863314971
135,"B_smooth_logistic",2200,0.55,-0.042301707900747,-0.0423121309420337,0.00752195355234203,-0.0550774345341902,-0.0289691849184913,1,1,-0.0375300822182963
135,"B_smooth_logistic",2800,0.7,-0.0392229570291192,-0.0391696128284403,0.00965935176468071,-0.0560775475790738,-0.022702202209063,1,1,-0.0373632597304919
135,"B_smooth_logistic",3400,0.85,-0.0357411837674995,-0.0357629536237323,0.00724623298334891,-0.0490460140204961,-0.0240585720877135,1,1,-0.0373575456694433
135,"B_smooth_logistic",4000,1,-0.0333056570034665,-0.0334163135171258,0.0121207503106128,-0.055890854929525,-0.0141567130259573,1,0.82525,-0.037274783317579
136,"A_threshold",1000,0.25,-0.00172068827531012,-0.00220244943414699,0.0241222565853765,-0.0865889345773937,0.0522023452841186,0.497,0.221,-0.0112
136,"A_threshold",1600,0.4,0.00260166412750498,0.00204378051079708,0.0066390802092742,-0.0274092428289241,0.0154661937580977,0.340625,0.004375,-0.01085
136,"A_threshold",2200,0.55,-0.00582891329450147,-0.00580600027118416,0.00854211173204164,-0.026372102290454,0.0280302486961798,0.770454545454546,0.0277272727272727,-0.0108727272727273
136,"A_threshold",2800,0.7,-0.00727449350739465,-0.00711258015265325,0.00574108777656156,-0.0212000729438172,0.0194998644776492,0.887142857142857,0.00142857142857143,-0.0108714285714286
136,"A_threshold",3400,0.85,-0.006412405946477,-0.00626938414072024,0.0081207717208674,-0.0272316227864156,0.0296550740500654,0.785,0.0264705882352941,-0.0106470588235294
136,"A_threshold",4000,1,-0.00637684073076365,-0.00610078977618581,0.0105316027484027,-0.029401218238821,0.0509234274594524,0.74625,0.06575,-0.01047
136,"B_smooth_logistic",1000,0.25,-0.042,-0.0420626085306728,0.00976730485943583,-0.0591605015500983,-0.0252102382241634,1,1,-0.0372600094299899
136,"B_smooth_logistic",1600,0.4,-0.0385861740692281,-0.0386959762957521,0.0176918880524721,-0.0709385211161401,-0.00837846803919523,1,0.809375,-0.0374022928892899
136,"B_smooth_logistic",2200,0.55,-0.0270402987998899,-0.0269874121448492,0.0125404963861076,-0.0497222521990367,-0.00538881943480704,1,0.660454545454545,-0.0375893341126514
136,"B_smooth_logistic",2800,0.7,-0.028967182432529,-0.0289823840579702,0.0116635300503028,-0.0490808196781703,-0.00781775136388536,1,0.733928571428571,-0.0375888601443923
136,"B_smooth_logistic",3400,0.85,-0.0329116535296257,-0.0329416875085376,0.00879561676600962,-0.0479176253642888,-0.0168094784244201,1,0.910588235294118,-0.0374330470873163
136,"B_smooth_logistic",4000,1,-0.0343011807578571,-0.0343742363545245,0.0110147959614148,-0.0526531397896019,-0.0139457131422947,1,0.868,-0.0372845584652214
137,"A_threshold",1000,0.25,-0.00657051282051282,-0.006219672547283,0.0409781192987762,-0.124466589527029,0.137717927328645,0.582,0.403,-0.00988
137,"A_threshold",1600,0.4,-0.00271700048149376,-0.00261880089553878,0.028318280772686,-0.0966472875334125,0.0860126227068325,0.538125,0.268125,-0.009875
137,"A_threshold",2200,0.55,-0.0185983684887524,-0.0183287205425044,0.0203938681177869,-0.0752135661908399,0.0554521887527379,0.819090909090909,0.484545454545455,-0.00949090909090909
137,"A_threshold",2800,0.7,-0.0184907393234349,-0.018255318834338,0.0108604939974081,-0.0461763040124779,0.0272102558809412,0.940357142857143,0.4675,-0.00954285714285714
137,"A_threshold",3400,0.85,-0.0175063775951587,-0.0173410889660882,0.0225474967698088,-0.0800308238165363,0.0762774046150179,0.794411764705882,0.481470588235294,-0.00967058823529412
137,"A_threshold",4000,1,-0.0203015203015203,-0.020303159961761,0.0222319443033887,-0.0892017467766227,0.0920411502730474,0.82325,0.52125,-0.00974
137,"B_smooth_logistic",1000,0.25,-0.056624905998496,-0.0564571149194556,0.0156311419987902,-0.0841353740395598,-0.0307082149482386,1,1,-0.0371429482342154
137,"B_smooth_logistic",1600,0.4,-0.0337206467863817,-0.0337067066467805,0.00830735656156963,-0.0476360783638633,-0.0193458786588375,1,0.976875,-0.0372277746891978
137,"B_smooth_logistic",2200,0.55,-0.0319923965371185,-0.0319733710437432,3.429139202355e-05,-0.0320125450604379,-0.0318882944913252,1,1,-0.0369433630595514
137,"B_smooth_logistic",2800,0.7,-0.0382541319309625,-0.0381558532776284,0.00206229847396516,-0.0417682405171349,-0.034683989625364,1,1,-0.037132990036644
137,"B_smooth_logistic",3400,0.85,-0.0418429153563361,-0.0417315279011774,0.00941358312683396,-0.0590654121511135,-0.0267218107901152,1,1,-0.0371876927293035
137,"B_smooth_logistic",4000,1,-0.040056258790436,-0.0399936460444839,0.015031408849676,-0.0671768938159751,-0.0154219670109866,1,0.899,-0.0372253394907669
138,"A_threshold",1000,0.25,-0.0184897671136203,-0.0197482171232853,0.0344206432174513,-0.0817778180613257,0.238700944306416,0.758,0.574,-0.00924
138,"A_threshold",1600,0.4,-0.0285778803693296,-0.0286971762438098,0.00047602005674909,-0.0290715606874744,-0.0251402093815042,1,1,-0.009725
138,"A_threshold",2200,0.55,-0.00642114640147563,-0.00667684657067055,0.017704101229676,-0.0493424986905017,0.0893141273887839,0.673181818181818,0.231818181818182,-0.00930909090909091
138,"A_threshold",2800,0.7,-0.00703410771787442,-0.00712807155791024,0.0120784047400463,-0.03968404820773,0.0561058969872737,0.744642857142857,0.140357142857143,-0.00931428571428571
138,"A_threshold",3400,0.85,-0.00493184926873476,-0.00483830455825817,0.0196653593790726,-0.0551895768998856,0.10280671054314,0.623823529411765,0.225588235294118,-0.00944705882352941
138,"A_threshold",4000,1,0.00154508691113875,0.00180310117204366,0.0208087805975915,-0.0550287560573299,0.109590696508975,0.488,0.14525,-0.00942
138,"B_smooth_logistic",1000,0.25,-0.0608614569451615,-0.0607040622193227,0.0118952461686139,-0.0744586260094794,-0.0333552184583302,1,1,-0.0372390827177045
138,"B_smooth_logistic",1600,0.4,-0.0506613886895577,-0.0507679697198621,0.004624974337878,-0.0558807359716335,-0.0401280594124816,1,1,-0.0372588941812193
138,"B_smooth_logistic",2200,0.55,-0.0524563717566008,-0.0525801838776943,0.00254930839797974,-0.0568067436139843,-0.0481256635307945,1,1,-0.0373672410634147
138,"B_smooth_logistic",2800,0.7,-0.0513672700110818,-0.0512236388752805,0.00620472913779727,-0.0624172631215143,-0.0411749893602407,1,1,-0.0373345300091307
138,"B_smooth_logistic",3400,0.85,-0.0446152403512942,-0.0446305028435478,0.00789041135234004,-0.0588681462732681,-0.031892916413562,1,1,-0.0373823060807992
138,"B_smooth_logistic",4000,1,-0.039312157248629,-0.0393684313109276,0.00726616468735283,-0.0524080973641008,-0.0275501038867084,1,1,-0.0373711404891652
139,"A_threshold",1000,0.25,-0.00880972670643446,-0.00871517321713571,0.015972301708612,-0.0560341647779707,0.0385697196029312,0.71,0.242,-0.00944
139,"A_threshold",1600,0.4,-0.018874530324912,-0.018803025399248,0.02560229985624,-0.0950601439990648,0.0628075453299037,0.774375,0.49125,-0.0097
139,"A_threshold",2200,0.55,-0.0165465622078833,-0.0164387661586014,0.0239268297878895,-0.0795717914510399,0.0985069391467706,0.769090909090909,0.464090909090909,-0.00983636363636364
139,"A_threshold",2800,0.7,-0.0118431532216877,-0.0118309023951531,0.0200511865397146,-0.0701424183383908,0.0739798522343879,0.727142857142857,0.347857142857143,-0.0101142857142857
139,"A_threshold",3400,0.85,-0.0112831074497298,-0.0112603171073665,0.0192672212492356,-0.0672460148375705,0.0756026360290139,0.728823529411765,0.328823529411765,-0.0100470588235294
139,"A_threshold",4000,1,-0.00717340598757357,-0.00719128260016242,0.0161655224086742,-0.0533295109118852,0.0671600587697917,0.681,0.2165,-0.01012
139,"B_smooth_logistic",1000,0.25,-0.0315701844262295,-0.0311605099150427,0.00575557850812913,-0.0424463479793081,-0.0226232030821611,1,1,-0.0359663668194911
139,"B_smooth_logistic",1600,0.4,-0.0360484938257716,-0.0361545430818205,0.00983477059154941,-0.0552802683056552,-0.0211280234313801,1,1,-0.0365900739983827
139,"B_smooth_logistic",2200,0.55,-0.0331369290010323,-0.0329885574941603,0.0207478601031108,-0.0734469721738207,-0.0016562120707941,1,0.661363636363636,-0.0366582867046674
139,"B_smooth_logistic",2800,0.7,-0.0400340641616547,-0.0398989967833767,0.0198409532147245,-0.0787823486742502,-0.00989293875564239,1,0.789285714285714,-0.0369846479240251
139,"B_smooth_logistic",3400,0.85,-0.0416366913632024,-0.0416666765967718,0.0216590519427103,-0.0844658590342899,-0.00906662718931032,1,0.791764705882353,-0.0370381750861779
139,"B_smooth_logistic",4000,1,-0.0384386486959566,-0.0386236138162785,0.0183824292627853,-0.073285608154668,-0.00928414450002751,1,0.79175,-0.0371519277134858
140,"A_threshold",1000,0.25,0.0064440257761031,0.00697639974696238,0.0143764518564604,-0.0308404805281146,0.0582014183246292,0.346,0.014,-0.00952
140,"A_threshold",1600,0.4,-0.00600540486437794,-0.00582292967052491,0.00572794974936489,-0.0233203314565622,0.0139622478038734,0.8475,0.004375,-0.00955
140,"A_threshold",2200,0.55,0.00207451903805131,0.00219487514646914,0.024178550782616,-0.0703223913547062,0.0901493498888018,0.475909090909091,0.174090909090909,-0.00970909090909091
140,"A_threshold",2800,0.7,-0.0118289576802508,-0.0116737005773501,0.0179604450194716,-0.0602898132438211,0.0601253340737133,0.761785714285714,0.345357142857143,-0.00992857142857143
140,"A_threshold",3400,0.85,-0.0113163256267163,-0.0111948571999298,0.0163876625071838,-0.0586566583548392,0.0534107956445522,0.768823529411765,0.315588235294118,-0.0101294117647059
140,"A_threshold",4000,1,-0.0132157797355044,-0.0129739246850859,0.0195516449977019,-0.067734188993739,0.0659219698819471,0.7675,0.38125,-0.01025
140,"B_smooth_logistic",1000,0.25,-0.0389254013144473,-0.0382952421763563,0.0159106273645886,-0.06720669648827,-0.0128465659472496,1,0.839,-0.0372954288908525
140,"B_smooth_logistic",1600,0.4,-0.03980318719248,-0.0396229348362827,0.0334786242049774,-0.0982954636902167,0.0171169712059319,0.83875,0.670625,-0.0374448008283077
140,"B_smooth_logistic",2200,0.55,-0.0444041689290652,-0.0441496839299794,0.0347713703438111,-0.105497946840443,0.0143710678476795,0.860909090909091,0.705909090909091,-0.0374030861353281
140,"B_smooth_logistic",2800,0.7,-0.0385045340419225,-0.0384508386259111,0.0383435575410552,-0.104419783783815,0.0289955438697783,0.793928571428571,0.643928571428571,-0.0373787192622689
140,"B_smooth_logistic",3400,0.85,-0.0381367663344407,-0.0380178577508052,0.0431203049431775,-0.115625232180881,0.0343947451447572,0.760588235294118,0.617058823529412,-0.0373164347071729
140,"B_smooth_logistic",4000,1,-0.0382897753679512,-0.0382151873551183,0.0363039797111026,-0.100928347200336,0.0253828980356174,0.8085,0.65175,-0.0373064047362362
141,"A_threshold",1000,0.25,-0.0318740399385561,-0.0308526985089881,0.0017449355999688,-0.0319080828499504,-0.0118401636948963,1,0.997,-0.00992
141,"A_threshold",1600,0.4,-0.0164068908941756,-0.0159265125517367,0.00901594878081938,-0.0304679634560868,0.0405951598839071,0.943125,0.379375,-0.010125
141,"A_threshold",2200,0.55,-0.0251600190435887,-0.0252812004755847,0.0161945598389388,-0.0617087045083267,0.062671084542617,0.925909090909091,0.676818181818182,-0.0102909090909091
141,"A_threshold",2800,0.7,-0.0216007053291536,-0.0219474671448799,0.00852380700333111,-0.0385178644086709,0.0275816426949435,0.981428571428571,0.6525,-0.0101285714285714
141,"A_threshold",3400,0.85,-0.0185522176673584,-0.018643984171949,0.0147274515287749,-0.0515260525111892,0.0625062957713937,0.886176470588235,0.514411764705882,-0.0100117647058824
141,"A_threshold",4000,1,-0.0192915192915193,-0.0195140819522194,0.0128874874226881,-0.0507220774094093,0.0485018164259507,0.921,0.53125,-0.01002
141,"B_smooth_logistic",1000,0.25,-0.0443326892070846,-0.0428440409398314,0.0287668649991462,-0.07642296590905,0.0261099334776791,0.874,0.773,-0.0375138054853611
141,"B_smooth_logistic",1600,0.4,-0.0462213499509347,-0.0465555490329994,0.0186168006401125,-0.0660632565328914,-0.000789740310262591,1,0.86625,-0.0375799958956671
141,"B_smooth_logistic",2200,0.55,-0.0494743351886209,-0.050274341073322,0.0173760853150246,-0.0707660237926524,-0.0105567517170049,1,0.919090909090909,-0.0376392787555902
141,"B_smooth_logistic",2800,0.7,-0.0470205034202994,-0.0474314247407475,0.00855871205310362,-0.0590130866832257,-0.0295723156820728,1,1,-0.0375957543878529
141,"B_smooth_logistic",3400,0.85,-0.0409764567099208,-0.0410859305817672,0.00275351223646507,-0.0449647738138334,-0.0354936796619757,1,1,-0.0376095301380198
141,"B_smooth_logistic",4000,1,-0.0373660851852296,-0.0375251373350259,0.00601090544900355,-0.0466691702187767,-0.0258911067792609,1,1,-0.0375837878027912
142,"A_threshold",1000,0.25,-0.00637452751617656,-0.0066075710809848,0.00194071435925716,-0.0113560391011125,-8.71512058696483e-05,1,0,-0.00916
142,"A_threshold",1600,0.4,0.00572409128485182,0.00574662367332486,0.00564581398746343,-0.00970702094636375,0.0237704385942878,0.154375,0,-0.009275
142,"A_threshold",2200,0.55,0.00208479778372252,0.00188228170754917,0.0104342136762117,-0.026651197869787,0.0356099000029853,0.462272727272727,0.00909090909090909,-0.00929090909090909
142,"A_threshold",2800,0.7,-0.00433809982434939,-0.00440318114466649,0.0152759271168811,-0.0442876155230973,0.0706934633705844,0.64,0.151428571428571,-0.00932857142857143
142,"A_threshold",3400,0.85,-0.0033712784133154,-0.0032847265636899,0.00570182341734184,-0.0173034134214071,0.0262228462650772,0.740588235294118,0,-0.00942352941176471
142,"A_threshold",4000,1,-0.00191564213200703,-0.00168824084830004,0.00677794010658746,-0.0180543636070108,0.0366643672771538,0.6345,0,-0.00976
142,"B_smooth_logistic",1000,0.25,-0.0196667347453656,-0.0203009918089808,0.0277468304349314,-0.0621654857287129,0.0338047032029785,0.733,0.54,-0.037177024491921
142,"B_smooth_logistic",1600,0.4,-0.0262471498517688,-0.0263424989428022,0.0134358188778721,-0.0469906092941173,-0.000706768366944194,1,0.654375,-0.0369668749265211
142,"B_smooth_logistic",2200,0.55,-0.0405902168271631,-0.0406342210123795,0.0189324385757986,-0.0713355441153796,-0.00537979296440511,1,0.812272727272727,-0.0374321228122146
142,"B_smooth_logistic",2800,0.7,-0.0405722637630925,-0.0405845858060514,0.0119354389841661,-0.0614423804072371,-0.0198120011293503,1,0.995357142857143,-0.0375700152656871
142,"B_smooth_logistic",3400,0.85,-0.0364705882352941,-0.0365025078085972,0.00817078224219075,-0.0516151410333536,-0.0231834897944759,1,1,-0.0373921132799363
142,"B_smooth_logistic",4000,1,-0.033999805998254,-0.033995750574979,0.0118986922273411,-0.0564825859192484,-0.0150146048562034,1,0.85175,-0.0373929954991431
143,"A_threshold",1000,0.25,0.00180018001800181,0.00207611381114836,0.0465733575092849,-0.124000213922,0.154087613285662,0.509,0.326,-0.01056
143,"A_threshold",1600,0.4,0.0112756342544268,0.0113324154008129,0.0408227543884388,-0.0737169685349947,0.20381958193073,0.44375,0.2225,-0.01065
143,"A_threshold",2200,0.55,-0.00512067808488624,-0.00491870487404076,0.0293292519661068,-0.0845441875296839,0.103175890552312,0.589545454545455,0.311363636363636,-0.0105636363636364
143,"A_threshold",2800,0.7,-0.00785714285714287,-0.00764019876835443,0.0284166208577381,-0.0859393085893269,0.1169628439006,0.627857142857143,0.345357142857143,-0.0102285714285714
143,"A_threshold",3400,0.85,-0.00191281335813624,-0.00181759599582162,0.0282884195434911,-0.09477034909504,0.116582740920924,0.537941176470588,0.264117647058824,-0.0102117647058824
143,"A_threshold",4000,1,0.000946508518576666,0.000980570081297338,0.026644488799499,-0.0829487486254533,0.116282764431512,0.50125,0.21275,-0.01032
143,"B_smooth_logistic",1000,0.25,-0.0241424142414241,-0.0246621966975465,0.00164118024777497,-0.0267075986537673,-0.0210721315449697,1,1,-0.0369639352339049
143,"B_smooth_logistic",1600,0.4,-0.0291732372155891,-0.0286894419918016,0.00823265105717047,-0.0447162415906029,-0.0163188743349035,1,0.81375,-0.0369740339048134
143,"B_smooth_logistic",2200,0.55,-0.0251408085458731,-0.0248353514810038,0.0052589720517738,-0.0349177726253127,-0.0166665368889872,1,0.765454545454545,-0.0368367173322166
143,"B_smooth_logistic",2800,0.7,-0.0307262897777941,-0.0306519642675005,0.00752435631438257,-0.0453143806486991,-0.0190732144251419,1,0.950357142857143,-0.0367786450966446
143,"B_smooth_logistic",3400,0.85,-0.0344542528700631,-0.0343414440761001,0.00821011425440735,-0.05009084365822,-0.021309132972736,1,1,-0.0368899038787075
143,"B_smooth_logistic",4000,1,-0.0390790097697524,-0.0389204309492387,0.00778812547494012,-0.0535284178345417,-0.0263386655083336,1,1,-0.0368064607629705
144,"A_threshold",1000,0.25,-0.0492497729918277,-0.0490049227015866,0.0294613373232845,-0.126139827587657,0.0713401357170914,0.94,0.847,-0.00996
144,"A_threshold",1600,0.4,-0.0357533484584279,-0.0354590722326635,0.0398611914848566,-0.144781063530567,0.1380709733927,0.82875,0.681875,-0.0101
144,"A_threshold",2200,0.55,-0.0436166036488357,-0.0436862559043774,0.0301728703994415,-0.13218499335722,0.0795851436004756,0.919545454545455,0.795,-0.00987272727272727
144,"A_threshold",2800,0.7,-0.0358547401891055,-0.0359397535790671,0.0226635214698909,-0.104169094337435,0.0525160961663166,0.936428571428571,0.7675,-0.0101571428571429
144,"A_threshold",3400,0.85,-0.0289538074085455,-0.029047241555214,0.022542140583559,-0.0994923426260754,0.0566352963535525,0.901764705882353,0.670588235294118,-0.0102235294117647
144,"A_threshold",4000,1,-0.020812332997328,-0.0209274225961706,0.0257094143178867,-0.0945832585173983,0.0844073147128517,0.80075,0.539,-0.01006
144,"B_smooth_logistic",1000,0.25,-0.0156102478756941,-0.0158529360772945,0.0411428124793896,-0.0961587595258209,0.0455698122590544,0.588,0.439,-0.0362888172488531
144,"B_smooth_logistic",1600,0.4,-0.0164390881860753,-0.0170466084458207,0.0296762880996563,-0.0739316293356698,0.0276158763050507,0.6525,0.439375,-0.0362449660358608
144,"B_smooth_logistic",2200,0.55,-0.0287597764809049,-0.0296679508004379,0.0167237629884023,-0.0618681181197689,-0.00481948653385005,1,0.647272727272727,-0.0362511402117532
144,"B_smooth_logistic",2800,0.7,-0.0326057838272251,-0.0337355978869401,0.0213665353103058,-0.0755537568640244,-0.00235757725007046,1,0.671428571428571,-0.0364460777972593
144,"B_smooth_logistic",3400,0.85,-0.0298359548446748,-0.0311491528737597,0.0260854668895346,-0.0826165263775199,0.00664766801047353,0.862941176470588,0.590588235294118,-0.0367443145139878
144,"B_smooth_logistic",4000,1,-0.0332831221756224,-0.0342413437294574,0.0291665399728521,-0.091252166870048,0.00864040393171159,0.8545,0.613,-0.0368199571031681
145,"A_threshold",1000,0.25,0.0138925032529276,0.013676628730619,0.0220463172158551,-0.0529708915137491,0.0972138059900404,0.264,0.059,-0.01048
145,"A_threshold",1600,0.4,0.00342808527674908,0.00323672982626571,0.0137971040524692,-0.0358021339123994,0.0567736970819843,0.435625,0.03125,-0.01015
145,"A_threshold",2200,0.55,-0.0026782525889775,-0.00283656709665249,0.0166168856583979,-0.0513316640401599,0.0615736382355716,0.600454545454545,0.145454545454545,-0.0100727272727273
145,"A_threshold",2800,0.7,0.00490916513574199,0.00466800558815582,0.0193288902680941,-0.0518185466326662,0.0864130330709753,0.430714285714286,0.0928571428571429,-0.0101857142857143
145,"A_threshold",3400,0.85,-0.0018027837611052,-0.00217624395740875,0.0166023229458689,-0.0463713536817149,0.0725234324648917,0.592058823529412,0.134411764705882,-0.0102235294117647
145,"A_threshold",4000,1,-0.00326605225683611,-0.00352452640524504,0.017417554323226,-0.0506512004581056,0.0743610750308726,0.6175,0.1645,-0.01014
145,"B_smooth_logistic",1000,0.25,-0.0449183648146147,-0.044648556737349,0.000279771943850767,-0.0448894958570721,-0.0438814004992396,1,1,-0.0376879717779084
145,"B_smooth_logistic",1600,0.4,-0.0501737891025481,-0.0501726387851672,0.0112123949681946,-0.069001441789182,-0.0304798996940193,1,1,-0.037491244957786
145,"B_smooth_logistic",2200,0.55,-0.0418177730907696,-0.0420728387434613,0.0187398849054713,-0.0749817616575108,-0.0106665081285835,1,0.832727272727273,-0.03750399255964
145,"B_smooth_logistic",2800,0.7,-0.0403491648686142,-0.0406007544503184,0.0196835092984889,-0.0752334048330379,-0.0078209208509874,1,0.788214285714286,-0.0375676879947323
145,"B_smooth_logistic",3400,0.85,-0.0386679843429059,-0.0387165177100324,0.0162931009367057,-0.0670116961681624,-0.0109416430754723,1,0.822647058823529,-0.0375262215791142
145,"B_smooth_logistic",4000,1,-0.0396984924623116,-0.0397666370544785,0.0106315134080481,-0.0580219792330148,-0.0215745155788055,1,1,-0.0375185485677045
146,"A_threshold",1000,0.25,-0.00253322608142341,-0.00226977754093928,0.0221151602354176,-0.0601933577877279,0.0957923898757807,0.557,0.219,-0.00928
146,"A_threshold",1600,0.4,-0.000221887481170815,-0.000121724345926168,0.0359067316845034,-0.128941852417353,0.146933480498947,0.50875,0.291875,-0.0095
146,"A_threshold",2200,0.55,-0.00464891745691651,-0.00463267174576042,0.038830500769742,-0.129289314259291,0.173548839758689,0.568181818181818,0.351363636363636,-0.00952727272727273
146,"A_threshold",2800,0.7,0.00148999052937526,0.00151059675534964,0.0271560834022276,-0.0953598587755741,0.10992601040999,0.487857142857143,0.207142857142857,-0.00941428571428572
146,"A_threshold",3400,0.85,0.000938595374026116,0.00097926137795093,0.025361226355524,-0.0864055857112233,0.105018843972703,0.499411764705882,0.199411764705882,-0.0096
146,"A_threshold",4000,1,-0.00113198800047709,-0.0010414816307749,0.0235972899453641,-0.0775457733126712,0.10148144302175,0.53575,0.206,-0.00969
146,"B_smooth_logistic",1000,0.25,-0.0754685267669552,-0.0754644789517141,0.0171155072706687,-0.103009911791849,-0.0435934232181998,1,1,-0.0375892769038929
146,"B_smooth_logistic",1600,0.4,-0.0478762064788402,-0.0478157542911048,0.0173962552706367,-0.0785878348427407,-0.0179650849527529,1,0.965625,-0.0374547431633464
146,"B_smooth_logistic",2200,0.55,-0.0409834981534199,-0.0407519347674487,0.002058875905667,-0.0439040511912584,-0.0368164152209312,1,1,-0.037718671499513
146,"B_smooth_logistic",2800,0.7,-0.0455350782476287,-0.0451793084112133,0.00164131292567213,-0.0473435623693483,-0.0417768045317004,1,1,-0.0377791408621223
146,"B_smooth_logistic",3400,0.85,-0.0502990812302129,-0.0500194533919769,0.00305109151758583,-0.0547186465425659,-0.0442264042709751,1,1,-0.0378196001871867
146,"B_smooth_logistic",4000,1,-0.0506006568077981,-0.0502661496215239,0.00921150013263506,-0.0673673613928139,-0.035390414296747,1,1,-0.0376864947094222
147,"A_threshold",1000,0.25,0.00987680033323186,0.0111020065239282,0.00880749573563614,-0.0107246331294693,0.046093268316961,0.091,0,-0.01004
147,"A_threshold",1600,0.4,0.0030577980102427,0.00319574195713602,0.00392454314023697,-0.0069983732204752,0.0187648177422834,0.198125,0,-0.009725
147,"A_threshold",2200,0.55,-0.00677711404170035,-0.00669405887557941,0.00781564636939878,-0.0350495575746321,0.0164949052876666,0.810454545454545,0.0522727272727273,-0.00949090909090909
147,"A_threshold",2800,0.7,-0.000307474804431732,-0.000312998280407922,0.018413567941657,-0.0663614764152083,0.0569089795737014,0.491071428571429,0.140357142857143,-0.00968571428571429
147,"A_threshold",3400,0.85,-0.0034404158433748,-0.00351241408740282,0.0202756685885597,-0.0765281909800073,0.0586808388249796,0.557941176470588,0.204411764705882,-0.00978823529411765
147,"A_threshold",4000,1,-0.00373014856557377,-0.00372906795925277,0.0164619173597256,-0.0593107883990128,0.0503031901201227,0.58775,0.1625,-0.00983
147,"B_smooth_logistic",1000,0.25,-0.0349339735894358,-0.0345638175434001,0.013370540927214,-0.0605284569804867,-0.0137033732699338,1,0.835,-0.0369880529932589
147,"B_smooth_logistic",1600,0.4,-0.0383400603471923,-0.0381119197620599,0.00785245624103205,-0.0531470374647372,-0.0254603531497338,1,1,-0.0364282578399387
147,"B_smooth_logistic",2200,0.55,-0.0350943609259757,-0.035075278979373,0.00145483984361875,-0.0376857290229794,-0.0325960044602244,1,1,-0.0369174201091762
147,"B_smooth_logistic",2800,0.7,-0.0330754649316051,-0.033088352242868,7.63499115621051e-05,-0.0332040983583105,-0.0329395518736272,1,1,-0.0370774347274875
147,"B_smooth_logistic",3400,0.85,-0.0341306499734135,-0.034127906847958,0.00341905286462023,-0.039814994572939,-0.0279096667512246,1,1,-0.0369532970879234
147,"B_smooth_logistic",4000,1,-0.0306962634822804,-0.0306904117453833,0.00317150922503678,-0.0361224365841284,-0.0250456129872936,1,1,-0.0369858945994854
148,"A_threshold",1000,0.25,-0.0207683322933167,-0.0209426251474898,0.00406671787557514,-0.0325601667181062,-0.00704589442797914,1,0.603,-0.0098
148,"A_threshold",1600,0.4,-0.0204563778523616,-0.0202314789059273,0.00293462751996264,-0.0280872425401359,-0.00923105703953835,1,0.548125,-0.01025
148,"A_threshold",2200,0.55,-0.0180215024971095,-0.0179389076423019,0.00705525286061453,-0.0393219519842588,0.00713230213205426,0.99,0.389090909090909,-0.0102181818181818
148,"A_threshold",2800,0.7,-0.0212721661604781,-0.0212198782318055,0.00378848728731471,-0.0329472431890336,-0.00786450918047769,1,0.628214285714286,-0.0103571428571429
148,"A_threshold",3400,0.85,-0.0208436080467229,-0.0208576215441019,0.00353256650967518,-0.0322958131983027,-0.00905666527730012,1,0.599705882352941,-0.0102705882352941
148,"A_threshold",4000,1,-0.0242838679732233,-0.0243229066360115,0.00500576348368192,-0.0410434363953896,-0.00744819057409543,1,0.80175,-0.01017
148,"B_smooth_logistic",1000,0.25,-0.0361852634274374,-0.0360758082579339,0.0164209261226092,-0.0625732378544471,-0.00631712484397031,1,0.782,-0.0373154146759157
148,"B_smooth_logistic",1600,0.4,-0.0314223599669288,-0.0314273231779539,0.0332300378001261,-0.0905249462368815,0.0250973079005105,0.775,0.6,-0.0372665542042135
148,"B_smooth_logistic",2200,0.55,-0.0372497149108843,-0.0372015899187312,0.0310289313892901,-0.0933067331801193,0.0148723122619248,0.850454545454545,0.659090909090909,-0.0371562873971248
148,"B_smooth_logistic",2800,0.7,-0.0414461432911889,-0.0414053562271289,0.0320437266169226,-0.100584044452717,0.0104913673383599,0.886071428571429,0.688214285714286,-0.0371247456431364
148,"B_smooth_logistic",3400,0.85,-0.0361849244018761,-0.0361902975191865,0.03121783735907,-0.0929647055169959,0.0155961486473301,0.839117647058824,0.641764705882353,-0.0372942605163833
148,"B_smooth_logistic",4000,1,-0.0343503725491226,-0.0343482730735183,0.0317182224112877,-0.0894825154289154,0.0206156998604975,0.81075,0.63175,-0.037376624172899
149,"A_threshold",1000,0.25,0.0032640522248356,0.00319151890321355,0.00606245937875696,-0.0176162963513647,0.0256063883301946,0.297,0,-0.00956
149,"A_threshold",1600,0.4,-0.0121527099370873,-0.0122146655197892,0.00036020537664092,-0.0135121617287949,-0.0109416059987242,1,0,-0.0099
149,"A_threshold",2200,0.55,-0.00818181818181818,-0.00817972551797553,0.011462086456125,-0.0537659424856999,0.0332857091300244,0.767727272727273,0.149090909090909,-0.00970909090909091
149,"A_threshold",2800,0.7,-0.011820462440899,-0.0120984838836738,0.0203845272586619,-0.105245037531089,0.055456818735748,0.719642857142857,0.343928571428571,-0.00964285714285714
149,"A_threshold",3400,0.85,-0.0124619420283536,-0.0125253427594088,0.0145499488506702,-0.0744438555035643,0.0380531065136424,0.808235294117647,0.302058823529412,-0.00981176470588235
149,"A_threshold",4000,1,-0.0115350720942006,-0.0115464453695295,0.0181280370463697,-0.0844774912600617,0.0552287080261154,0.744,0.32325,-0.00987
149,"B_smooth_logistic",1000,0.25,-0.0317831783178318,-0.0317454131043156,0.0394564378795702,-0.0991879953451871,0.0393149872928673,0.743,0.608,-0.0370096099554881
149,"B_smooth_logistic",1600,0.4,-0.0337106764810289,-0.0337174887858022,0.0424692059385056,-0.104406928083173,0.0436125793961525,0.739375,0.615,-0.037454140215078
149,"B_smooth_logistic",2200,0.55,-0.0340396789243022,-0.0341404110408682,0.0274244706095189,-0.0812281797972328,0.0136848145700338,0.852727272727273,0.659090909090909,-0.0375590998451388
149,"B_smooth_logistic",2800,0.7,-0.0352140856342537,-0.0353321458664961,0.0270592403440783,-0.0829249057764077,0.0105171524569178,0.878214285714286,0.662142857142857,-0.0373840689572173
149,"B_smooth_logistic",3400,0.85,-0.0411208730667383,-0.0411699763717214,0.0312105915393486,-0.0960512186384501,0.0117498850699697,0.881764705882353,0.695294117647059,-0.0374104393524206
149,"B_smooth_logistic",4000,1,-0.0381723924338401,-0.0381639723980727,0.0287262264863355,-0.0898973957829602,0.00938490144573172,0.89025,0.683,-0.0373968279197698
150,"A_threshold",1000,0.25,0.020656330501288,0.0208511498042304,0.0176485782320511,-0.0414429024565113,0.0675672130261497,0.116,0.017,-0.00944
150,"A_threshold",1600,0.4,0.0258115033501034,0.025826240557337,0.0177308833254243,-0.0341495758186549,0.0822671219525026,0.076875,0.0075,-0.010275
150,"A_threshold",2200,0.55,0.0183487754948558,0.0182384438523331,0.0174965054627538,-0.0365509146466015,0.0887982094903435,0.155,0.0104545454545455,-0.0102909090909091
150,"A_threshold",2800,0.7,0.0108515361487429,0.0108286229835492,0.017657170309861,-0.0536288788425056,0.0786027619811503,0.276071428571429,0.0407142857142857,-0.0102285714285714
150,"A_threshold",3400,0.85,0.00985472583931261,0.00966779691827665,0.0175434762213809,-0.0484401435734484,0.083392582518154,0.295588235294118,0.0417647058823529,-0.0102117647058824
150,"A_threshold",4000,1,0.0105,0.0103476966092009,0.0162771443717236,-0.0426593827773811,0.0810459779357628,0.27175,0.023,-0.01005
150,"B_smooth_logistic",1000,0.25,-0.0388824884792627,-0.0377744484543238,0.0120182490244727,-0.0532014875588925,-0.0105906673330125,1,0.881,-0.037208456477611
150,"B_smooth_logistic",1600,0.4,-0.0448188200294063,-0.0442941413450649,0.00423125473820123,-0.0497653245393285,-0.0349421518942246,1,1,-0.0374155954733706
150,"B_smooth_logistic",2200,0.55,-0.0314649162464595,-0.0309998473548042,0.0020346586057606,-0.0344727037618715,-0.0273565755016185,1,1,-0.0374486309556823
150,"B_smooth_logistic",2800,0.7,-0.0318077991174449,-0.0316662012254256,0.00366470509866297,-0.0384027783809729,-0.0255714805138635,1,1,-0.03735958409684
150,"B_smooth_logistic",3400,0.85,-0.0300910138723231,-0.0300209710933619,0.00750805597097871,-0.0437246379018809,-0.0173744337833492,1,0.892647058823529,-0.0373185305857756
150,"B_smooth_logistic",4000,1,-0.0278784460551369,-0.0278401603478782,0.0046100252249167,-0.0361473438891664,-0.0199738158615869,1,0.99725,-0.0372550302004667
151,"A_threshold",1000,0.25,-0.00504395446029687,-0.00532140152812259,0.00149117195532481,-0.0100418908571822,-0.000154329650109405,1,0,-0.0104
151,"A_threshold",1600,0.4,-0.00601885741814791,-0.00610640150185711,0.0124841399065712,-0.0449280504366333,0.0403659522652925,0.680625,0.1375,-0.009925
151,"A_threshold",2200,0.55,-0.011095347229801,-0.0111898459807524,0.018926950932034,-0.0677786993926404,0.0648686539972585,0.732272727272727,0.317727272727273,-0.00974545454545454
151,"A_threshold",2800,0.7,-0.0118268592721148,-0.0118037486015164,0.0127376887610878,-0.0545057661447704,0.0435400347919017,0.826071428571429,0.260357142857143,-0.00995714285714286
151,"A_threshold",3400,0.85,-0.0102668949736926,-0.0102255801118671,0.0167635887944651,-0.0568289294410885,0.0843880684556859,0.751764705882353,0.295,-0.0101411764705882
151,"A_threshold",4000,1,0.00080400080400081,0.000718930654156985,0.0153566183259781,-0.0400120946547808,0.0915291621382931,0.52225,0.07175,-0.01005
151,"B_smooth_logistic",1000,0.25,-0.0506185150033439,-0.0506600984058705,0.00813018664472909,-0.0644256028877776,-0.0357565618526618,1,1,-0.037282160879831
151,"B_smooth_logistic",1600,0.4,-0.0397262952101662,-0.0397801088972533,0.00489482639205437,-0.0484231150109024,-0.0313330495424524,1,1,-0.0373265927641459
151,"B_smooth_logistic",2200,0.55,-0.0376268314355975,-0.0376207520140979,0.00803416118913391,-0.0515968417833253,-0.0236857854736207,1,1,-0.0372851984914102
151,"B_smooth_logistic",2800,0.7,-0.034003400340034,-0.0340133920278944,0.00888159969291112,-0.0500769864290835,-0.0191606711297054,1,0.964285714285714,-0.0370295856939105
151,"B_smooth_logistic",3400,0.85,-0.0338515168253889,-0.0338376932299043,0.00671917480455847,-0.0458772778001795,-0.0225579090040184,1,1,-0.0371706176020275
151,"B_smooth_logistic",4000,1,-0.0372549490366022,-0.0372499996103179,0.00296608508130154,-0.0424899614815113,-0.0321850751724142,1,1,-0.037085898743707
152,"A_threshold",1000,0.25,-0.0164676425269646,-0.0166663587548658,0.0265576762185939,-0.144043049021524,0.0543472300439635,0.722,0.418,-0.00912
152,"A_threshold",1600,0.4,-0.0224893794069986,-0.0225993241385844,0.00356947661356941,-0.0382372553302268,-0.0122312357732066,1,0.77125,-0.00935
152,"A_threshold",2200,0.55,-0.0262947074098907,-0.0266263835290393,0.00410898082041141,-0.0371214199579366,-0.00603307817392655,1,0.938636363636364,-0.00956363636363636
152,"A_threshold",2800,0.7,-0.0197497161663966,-0.019920501639797,0.0108465747799865,-0.0517536880346843,0.0286291134025231,0.963571428571429,0.515,-0.00977142857142857
152,"A_threshold",3400,0.85,-0.0203765227021041,-0.020654545863235,0.0112640491134388,-0.048278510800736,0.0385763296531051,0.954411764705882,0.561764705882353,-0.00992941176470588
152,"A_threshold",4000,1,-0.0199932795698925,-0.0201018842770117,0.0139963711438914,-0.0593132277090063,0.0470755273810436,0.9195,0.525,-0.01027
152,"B_smooth_logistic",1000,0.25,-0.0469998678091164,-0.0472636765558559,0.00143626907200146,-0.0485276381104858,-0.0428762319994065,1,1,-0.0373466208941647
152,"B_smooth_logistic",1600,0.4,-0.037818409126426,-0.0377552198796201,0.00704360649251162,-0.0509118350788605,-0.026328295490159,1,1,-0.0373183678316051
152,"B_smooth_logistic",2200,0.55,-0.0333333333333333,-0.0328393229895198,0.00909255285027352,-0.0501020307565005,-0.0183366017053112,1,0.941818181818182,-0.0370333380354985
152,"B_smooth_logistic",2800,0.7,-0.0256320224719101,-0.0254453020027616,0.0105808813340479,-0.044696021559376,-0.00791784698864233,1,0.633928571428571,-0.0370615040931124
152,"B_smooth_logistic",3400,0.85,-0.0242854215472887,-0.0241930398657807,0.00743598405700724,-0.0373929114062856,-0.0116457167991465,1,0.652352941176471,-0.0372015739152083
152,"B_smooth_logistic",4000,1,-0.023629493384382,-0.0234288017818828,0.0125852293265395,-0.0461543707192095,-0.00253766915200043,1,0.56375,-0.0373122453296167
153,"A_threshold",1000,0.25,-0.00528590091448096,-0.00523190280138995,0.00409052531767514,-0.0184337159535835,0.00662695166204315,0.906,0,-0.01032
153,"A_threshold",1600,0.4,-0.00039404799879908,-0.000291868088751125,0.0076450151557121,-0.0255736884927626,0.0257360123078545,0.506875,0.005625,-0.010225
153,"A_threshold",2200,0.55,-0.00614067502783888,-0.00615152115934288,0.0147816523817862,-0.052375650152419,0.0486715137352081,0.659545454545455,0.179090909090909,-0.0102727272727273
153,"A_threshold",2800,0.7,0.000653157531901385,0.000546684397810806,0.0158417311145327,-0.0435461411500919,0.0670739930365754,0.505714285714286,0.0882142857142857,-0.01
153,"A_threshold",3400,0.85,-0.00104130654382779,-0.0011452531286192,0.0159904849040398,-0.0494886284309678,0.0638956945951451,0.542352941176471,0.114411764705882,-0.00992941176470588
153,"A_threshold",4000,1,0.00668010688171011,0.00654366305794272,0.0176784001739716,-0.0429030178611566,0.0839689570302772,0.37175,0.0565,-0.00994
153,"B_smooth_logistic",1000,0.25,-0.0329867508290745,-0.0361128775960322,0.0479275147586158,-0.129301052900181,0.0389627640168798,0.716,0.578,-0.037310404686576
153,"B_smooth_logistic",1600,0.4,-0.0335668075643774,-0.0349624188771332,0.0310797332082845,-0.0953089793674384,0.0125988144638556,0.836875,0.618125,-0.0370924702346935
153,"B_smooth_logistic",2200,0.55,-0.0337144066899545,-0.0343437939081283,0.0228383918765601,-0.0773606748682796,0.00215365837795772,0.960909090909091,0.670909090909091,-0.0371081763793054
153,"B_smooth_logistic",2800,0.7,-0.0404147135406697,-0.0406989802843936,0.0214642220467548,-0.0801789958995767,-0.0057538623668275,1,0.774642857142857,-0.0368992239620598
153,"B_smooth_logistic",3400,0.85,-0.047509605067322,-0.0476894436355531,0.0223039566265086,-0.0876960621277327,-0.0104021084821292,1,0.863529411764706,-0.0369769770722036
153,"B_smooth_logistic",4000,1,-0.0394210202584377,-0.0394759884231269,0.0180378747857271,-0.0712436557587383,-0.00875693788460866,1,0.80975,-0.0369956884585171
154,"A_threshold",1000,0.25,-0.0193483709273183,-0.0194833415924142,0.030295063659035,-0.111009262704243,0.0775755236780479,0.748,0.513,-0.00948
154,"A_threshold",1600,0.4,-0.0189302884615385,-0.0189201321670548,0.0160981906112215,-0.0645970207016287,0.0357683148529954,0.88,0.496875,-0.009775
154,"A_threshold",2200,0.55,-0.0212915247617818,-0.0212480833856704,0.0206933251953233,-0.0733910557042105,0.0588857820737784,0.855454545454545,0.563181818181818,-0.00992727272727273
154,"A_threshold",2800,0.7,-0.0103935921511517,-0.0105432201696382,0.0114653560020673,-0.0419539795030289,0.0358772545314028,0.827142857142857,0.205,-0.00984285714285714
154,"A_threshold",3400,0.85,-0.0140423764021604,-0.0142967683483203,0.0133987262886638,-0.048029042646176,0.0422224905609609,0.860588235294118,0.362941176470588,-0.00975294117647059
154,"A_threshold",4000,1,-0.014722952716036,-0.0149826552461041,0.018142174232344,-0.0639488322757996,0.0597545761819578,0.80775,0.42525,-0.00979
154,"B_smooth_logistic",1000,0.25,-0.0149433019411878,-0.0149900690990047,0.00991833070712601,-0.0343565440404688,0.000828795328355801,0.975,0.333,-0.0378579993677598
154,"B_smooth_logistic",1600,0.4,-0.0263421474358974,-0.0261361093551224,0.013035853938745,-0.0513382673047282,-0.00502696381526638,1,0.625,-0.037532295147494
154,"B_smooth_logistic",2200,0.55,-0.0281715428447558,-0.0282210540898338,0.0199500377403714,-0.0684476981080512,0.00182010279007916,0.965,0.590454545454545,-0.0375093246489811
154,"B_smooth_logistic",2800,0.7,-0.0237675135292667,-0.0238613803168665,0.0178333703257205,-0.0593273231082087,0.00323333016624285,0.925714285714286,0.528928571428571,-0.037534577149352
154,"B_smooth_logistic",3400,0.85,-0.0208872357935533,-0.0207541071607683,0.0218584267411993,-0.0629401420847308,0.0135728438688081,0.777352941176471,0.479411764705882,-0.0373731740488519
154,"B_smooth_logistic",4000,1,-0.0316322701688555,-0.031621070445812,0.0187878206910001,-0.067628533071211,-0.00192380973014475,1,0.666,-0.0373816256029386
155,"A_threshold",1000,0.25,0.00885798799988792,0.00907939882602333,0.0236617809174755,-0.0982273273094959,0.0754786362711052,0.346,0.105,-0.01036
155,"A_threshold",1600,0.4,0.000275189622849489,0.000361248589347048,0.0178233105502412,-0.0820743965580443,0.0563691834769904,0.481875,0.126875,-0.01035
155,"A_threshold",2200,0.55,0.00280171077914833,0.00301489690650286,0.0100290945866212,-0.0337493085499535,0.0384015656312175,0.393181818181818,0.00363636363636364,-0.0104181818181818
155,"A_threshold",2800,0.7,0.00252705242013866,0.00284373287708852,0.00747195956176899,-0.0224116047368803,0.0467938161250251,0.367142857142857,0.000357142857142857,-0.0103857142857143
155,"A_threshold",3400,0.85,-0.001706052958237,-0.00130576181943717,0.0104074100350261,-0.031681586834107,0.0665930189529353,0.586764705882353,0.0179411764705882,-0.0102705882352941
155,"A_threshold",4000,1,-0.00107694627345833,-0.000910173763481011,0.0114145394999002,-0.0402786109669121,0.0651915039318746,0.5535,0.036,-0.01045
155,"B_smooth_logistic",1000,0.25,0.00447502511697909,0.00354326591448024,0.00781999619553461,-0.00946760928022239,0.0175382844729991,0.378,0,-0.0379357177299222
155,"B_smooth_logistic",1600,0.4,-0.0298067065089645,-0.0310868281078607,0.00811305966385652,-0.0467064430313477,-0.0184581428832076,1,0.926875,-0.0373215467374993
155,"B_smooth_logistic",2200,0.55,-0.0366153602031101,-0.0375054006762634,0.00945845841594178,-0.0554087303340888,-0.0225794771214016,1,1,-0.0373013037728343
155,"B_smooth_logistic",2800,0.7,-0.0318541013584117,-0.0324310832111148,0.00751425979335926,-0.0465034044895312,-0.0204442110798462,1,1,-0.0373531632508005
155,"B_smooth_logistic",3400,0.85,-0.0348121227723608,-0.035294066019748,0.00677100018660168,-0.0477070950699232,-0.0243812629615915,1,1,-0.0374518876759513
155,"B_smooth_logistic",4000,1,-0.0387166194659115,-0.0389565071964016,0.00503291064263489,-0.0479072280499235,-0.030604509652499,1,1,-0.0375727277262476
156,"A_threshold",1000,0.25,-0.025890356142457,-0.0251647388398131,0.00792892092592081,-0.040261539456888,0.0100402932240546,0.992,0.786,-0.00948
156,"A_threshold",1600,0.4,-0.018939613077136,-0.018621856078643,0.00170732510335466,-0.0246208845675583,-0.0136554449909669,1,0.20375,-0.00985
156,"A_threshold",2200,0.55,-0.0106208319169191,-0.010452774442333,0.0164283498560425,-0.0517912961358133,0.0547673478074338,0.757272727272727,0.297272727272727,-0.0101818181818182
156,"A_threshold",2800,0.7,-0.00740550030930748,-0.00720216933092323,0.00972300865562184,-0.0317476452797475,0.0319306109149126,0.779285714285714,0.0778571428571429,-0.0099
156,"A_threshold",3400,0.85,-0.00457279684726443,-0.00460553475989861,0.00503982088643428,-0.0179514799479333,0.0204790468845382,0.824705882352941,0,-0.00994117647058824
156,"A_threshold",4000,1,-0.00303359512784115,-0.00300432136373114,0.00811163715467546,-0.0256907053769271,0.0374231438516977,0.67625,0.006,-0.00988
156,"B_smooth_logistic",1000,0.25,-0.0532834101382489,-0.0532776146798554,0.0096893822630073,-0.0696110884155777,-0.0361352406244463,1,1,-0.0365927203111242
156,"B_smooth_logistic",1600,0.4,-0.0486046860543622,-0.0487686437919363,0.0232823303647665,-0.0939494224218829,-0.0131481777794985,1,0.88875,-0.0363800795440135
156,"B_smooth_logistic",2200,0.55,-0.0428149569693318,-0.0430326795062129,0.0226637146236283,-0.0849229864127983,-0.00663861377973991,1,0.796818181818182,-0.0365935511275125
156,"B_smooth_logistic",2800,0.7,-0.0383062571479751,-0.0383621232301241,0.0143127227275083,-0.0638434963743719,-0.0141136171637364,1,0.876785714285714,-0.0366721488737903
156,"B_smooth_logistic",3400,0.85,-0.0320526662569418,-0.0320236687576497,0.0160111548961967,-0.0595292580793244,-0.00415809641340251,1,0.715294117647059,-0.0367511534578584
156,"B_smooth_logistic",4000,1,-0.0315323862717318,-0.0314907938676769,0.0209946701566441,-0.0665949300657334,0.00585373646174342,0.9275,0.66475,-0.0368464584430338
157,"A_threshold",1000,0.25,-0.0114703232909619,-0.0113591558487876,0.0244508177554393,-0.0864439984597657,0.0532236583701773,0.658,0.352,-0.0098
157,"A_threshold",1600,0.4,0.00410657051282051,0.00397757808242359,0.0146955967954811,-0.030981682795551,0.067768805801682,0.42625,0.0375,-0.01
157,"A_threshold",2200,0.55,-0.0138159575549972,-0.0133097995098033,0.0158257764403518,-0.048597541255039,0.0622599737956478,0.820454545454545,0.373181818181818,-0.00983636363636364
157,"A_threshold",2800,0.7,-0.0193828808736603,-0.0187017804895031,0.0139268783724619,-0.04871704236959,0.0786680594189069,0.9075,0.5175,-0.0103
157,"A_threshold",3400,0.85,-0.0159579756793563,-0.0153274568360423,0.0126852642302264,-0.0434838019824773,0.0711327280686407,0.888235294117647,0.402647058823529,-0.0101058823529412
157,"A_threshold",4000,1,-0.0197845453699078,-0.0193921496978671,0.00599192489222418,-0.0321752518364768,0.0225426664818572,0.99375,0.514,-0.0103
157,"B_smooth_logistic",1000,0.25,-0.0277027702770277,-0.0285469714038051,0.00501386577950663,-0.0352048736182228,-0.0179982700187007,1,0.927,-0.0375259608549386
157,"B_smooth_logistic",1600,0.4,-0.0210996011946949,-0.0209328049113176,0.00748103677255584,-0.0326007001426103,-0.00694342639779387,1,0.5575,-0.0374704877572019
157,"B_smooth_logistic",2200,0.55,-0.0339294269904566,-0.0339246654453359,0.00950892944227213,-0.0502680730536768,-0.0172537950333785,1,0.919545454545455,-0.0372446791957677
157,"B_smooth_logistic",2800,0.7,-0.0298400786205664,-0.0298450470079034,0.00160726843468447,-0.0325677670883005,-0.0269879944132681,1,1,-0.037157217091207
157,"B_smooth_logistic",3400,0.85,-0.0322901727126237,-0.0323013349201873,0.0120647990340297,-0.0537155442428186,-0.0119942958680156,1,0.787941176470588,-0.036941855481111
157,"B_smooth_logistic",4000,1,-0.0296155815888867,-0.0296538431781689,0.0134703001260045,-0.0536138505966337,-0.00691779054293913,1,0.7055,-0.0369230711784051
158,"A_threshold",1000,0.25,-0.0258825882588259,-0.0255979431961453,0.0362199946428,-0.200293718586395,0.0469597396080417,0.74,0.513,-0.00936
158,"A_threshold",1600,0.4,-0.0230126438290239,-0.0227082992850373,0.0355981810817989,-0.166379457749017,0.0665245574483377,0.72375,0.49375,-0.010075
158,"A_threshold",2200,0.55,-0.021620120596636,-0.0212896844347373,0.0158017063443563,-0.104234117871203,0.0143504354178102,0.934545454545455,0.488181818181818,-0.0102181818181818
158,"A_threshold",2800,0.7,-0.0176589087480177,-0.0174966563769384,0.019188431696881,-0.113555813926263,0.0293527197270832,0.823571428571429,0.415,-0.00991428571428571
158,"A_threshold",3400,0.85,-0.0240942593169314,-0.0241551861601741,0.00785584425058603,-0.0592544470065144,-0.00265395808050174,1,0.690588235294118,-0.00997647058823529
158,"A_threshold",4000,1,-0.0244174417441744,-0.0245758204890312,0.0113155486437045,-0.0754830362606657,0.00607206055948713,0.99325,0.6375,-0.01027
158,"B_smooth_logistic",1000,0.25,-0.0476373908577298,-0.0475537904978915,0.00593837486624001,-0.0577754442721041,-0.0372777428595822,1,1,-0.0369781903698928
158,"B_smooth_logistic",1600,0.4,-0.056093603050831,-0.055984726084119,0.00297569313001406,-0.0610100397971998,-0.0507151221845517,1,1,-0.0369225818547155
158,"B_smooth_logistic",2200,0.55,-0.0384466482027458,-0.0386749899367246,0.00203350128964241,-0.0417896278130942,-0.034687120992135,1,1,-0.0369862669097088
158,"B_smooth_logistic",2800,0.7,-0.0428194724510372,-0.0430569517628842,0.0075772866855546,-0.0552953006339069,-0.0288523573889026,1,1,-0.0372185508236653
158,"B_smooth_logistic",3400,0.85,-0.0407051485017636,-0.0407899263522485,0.00559179991134718,-0.049826520185217,-0.0303675723615897,1,1,-0.0371928310928623
158,"B_smooth_logistic",4000,1,-0.0433285832145804,-0.043385365445135,0.00530036342614217,-0.0521633285862338,-0.0337116720984716,1,1,-0.0371987875121863
159,"A_threshold",1000,0.25,-0.0336361345445382,-0.0339207455778482,0.00993919471867662,-0.0482030904517304,0.0194269888340631,0.99,0.916,-0.01092
159,"A_threshold",1600,0.4,-0.032279940746667,-0.0329158035637147,0.0173923970231819,-0.0641574480020836,0.0711951346775921,0.94875,0.799375,-0.010775
159,"A_threshold",2200,0.55,-0.0207929883897481,-0.0209442090096822,0.0205994649490277,-0.0627139662001452,0.103393400553664,0.855454545454545,0.575909090909091,-0.0107454545454545
159,"A_threshold",2800,0.7,-0.0232077943485767,-0.0229369128761971,0.00993003434758853,-0.0423295899236009,0.0370028809863019,0.970714285714286,0.671785714285714,-0.0103428571428571
159,"A_threshold",3400,0.85,-0.0163117739651212,-0.0160478377227335,0.0131494992373778,-0.0427541020974099,0.0615398700054302,0.886764705882353,0.431764705882353,-0.0102941176470588
159,"A_threshold",4000,1,-0.0127575436627832,-0.0123543817835591,0.0128460075347628,-0.0417439167170884,0.0587586370321384,0.8455,0.298,-0.01033
159,"B_smooth_logistic",1000,0.25,-0.0474841559439216,-0.0471989973668407,0.0104087598262921,-0.066273621332662,-0.0297110631203298,1,1,-0.0368406981710236
159,"B_smooth_logistic",1600,0.4,-0.0529912285637476,-0.0528341859237736,0.00843121984370727,-0.0684642602394586,-0.0391345813803408,1,1,-0.0369466665051536
159,"B_smooth_logistic",2200,0.55,-0.0451121108107237,-0.0450928380895647,0.0116215428698277,-0.0669335183646912,-0.0265345178994988,1,1,-0.0372345931794918
159,"B_smooth_logistic",2800,0.7,-0.0405903268317994,-0.0404082727763634,0.0171152310814047,-0.0730426013935204,-0.0136890096401559,1,0.858928571428571,-0.0373329743311268
159,"B_smooth_logistic",3400,0.85,-0.0340262459017812,-0.0338533831381455,0.0117425381260331,-0.055953963480493,-0.0156298650774964,1,0.851764705882353,-0.0374126415959103
159,"B_smooth_logistic",4000,1,-0.0307435691730306,-0.0306625035054261,0.0134966379822095,-0.0556562744991368,-0.00918819909673867,1,0.7215,-0.0374373536765967
160,"A_threshold",1000,0.25,-0.00432900432900432,-0.00463634516519405,0.0123123053980802,-0.044529847935803,0.0427493746349933,0.656,0.098,-0.00864
160,"A_threshold",1600,0.4,-0.0147583246174795,-0.0147849668059528,0.0125148940043391,-0.0561526090443319,0.0362916373383903,0.86875,0.345,-0.009375
160,"A_threshold",2200,0.55,-0.0127172408092414,-0.0129017081315906,0.0195832849108215,-0.0740148508278172,0.0690800158072604,0.753636363636364,0.376818181818182,-0.00970909090909091
160,"A_threshold",2800,0.7,-0.0135376975044893,-0.0137642216387091,0.0311194528010322,-0.110513557825728,0.117452253329468,0.683571428571429,0.445,-0.00958571428571429
160,"A_threshold",3400,0.85,-0.00485164083738905,-0.00504216908539658,0.0304175155731008,-0.110614368634696,0.109338501904734,0.567941176470588,0.319411764705882,-0.00974117647058824
160,"A_threshold",4000,1,-0.000303500303500306,-0.000429433171514951,0.0245567644427573,-0.0847081395673232,0.0928481626062808,0.517,0.21475,-0.00989
160,"B_smooth_logistic",1000,0.25,-0.032,-0.0313933046007122,0.0276300946586223,-0.0853533098778097,0.00753489793346184,0.864,0.565,-0.0374661138218036
160,"B_smooth_logistic",1600,0.4,-0.038099703078606,-0.0369680350342557,0.0271480365578492,-0.0881657880315134,0.00430647854405703,0.94375,0.653125,-0.0375834472468681
160,"B_smooth_logistic",2200,0.55,-0.0495884435239053,-0.0490420209080939,0.0148813664310185,-0.0756367969357664,-0.0246581483591659,1,1,-0.0375139347765197
160,"B_smooth_logistic",2800,0.7,-0.0440585815047022,-0.0433616151844075,0.0262108641043184,-0.091135171684124,-0.000953205020353315,1,0.748214285714286,-0.0375643249889823
160,"B_smooth_logistic",3400,0.85,-0.041895399951542,-0.0415232167716743,0.0158892756795108,-0.0699402232127698,-0.0149721858151608,1,0.900294117647059,-0.037438834204663
160,"B_smooth_logistic",4000,1,-0.0393809271739775,-0.0391003535888364,0.0153432520202932,-0.0664214526791595,-0.0133648909466399,1,0.86825,-0.0374512008696295
161,"A_threshold",1000,0.25,-0.0192110655737705,-0.0179515053006365,0.023586828981889,-0.0595537229347,0.0993103646807758,0.803,0.536,-0.01072
161,"A_threshold",1600,0.4,-0.00849845077882935,-0.00737444747440501,0.0174530602973575,-0.041260499649249,0.0743626805801809,0.704375,0.24375,-0.010325
161,"A_threshold",2200,0.55,-0.00215537902604636,-0.0016858282241312,0.0183439384887883,-0.0421655194590344,0.0794797241986446,0.589090909090909,0.155,-0.0101636363636364
161,"A_threshold",2800,0.7,-0.00378648703817105,-0.00329763319721445,0.0261241538865564,-0.0674929246646091,0.120858421432623,0.593928571428571,0.275357142857143,-0.0104142857142857
161,"A_threshold",3400,0.85,-0.00733970364215483,-0.00676034561198428,0.0187542416294869,-0.0504889725016144,0.0853917759943094,0.675294117647059,0.251176470588235,-0.0102470588235294
161,"A_threshold",4000,1,-0.0098181729975986,-0.00962053801270052,0.0181033513345081,-0.0557288523111138,0.0754865296519498,0.7275,0.3015,-0.0101
161,"B_smooth_logistic",1000,0.25,-0.0381257730225632,-0.0381752769827964,0.0286194885166311,-0.0908822908234805,0.00770210503117311,0.905,0.665,-0.0376948606021282
161,"B_smooth_logistic",1600,0.4,-0.0434611974813895,-0.0435220983429228,0.0178954635218412,-0.0772606194833872,-0.0154957491701608,1,0.9075,-0.0375264495015119
161,"B_smooth_logistic",2200,0.55,-0.0412932572775517,-0.0415210682482649,0.00786146202518731,-0.0554870713854957,-0.0283857679027564,1,1,-0.0375253221908621
161,"B_smooth_logistic",2800,0.7,-0.0277622901770488,-0.0278163506001058,0.0112924802178692,-0.0474909006382165,-0.00872257758565831,1,0.697142857142857,-0.0373667561119275
161,"B_smooth_logistic",3400,0.85,-0.0286239347629609,-0.0286401321804001,0.0232278965615612,-0.0689275691840529,0.0110104455729857,0.853823529411765,0.607058823529412,-0.0374785265918788
161,"B_smooth_logistic",4000,1,-0.0230035943116112,-0.0230465148733895,0.0212282381601284,-0.0593372732548586,0.0134544424302022,0.80825,0.54325,-0.0375929161907452
162,"A_threshold",1000,0.25,0.0160557709931607,0.01795004106021,0.023759562518503,-0.0369146705933034,0.10172451458102,0.236,0.028,-0.00908
162,"A_threshold",1600,0.4,0.00737558875656802,0.010338571882143,0.0218086377472741,-0.0344612742839295,0.109452504995989,0.35375,0.045625,-0.009525
162,"A_threshold",2200,0.55,0.00567516700792126,0.00731669517781499,0.025700940649738,-0.0530700863800072,0.132202607858979,0.421818181818182,0.130909090909091,-0.00963636363636364
162,"A_threshold",2800,0.7,-0.00484563483950112,-0.0042354272682774,0.0220679302453497,-0.0591134507020581,0.0991429053143012,0.6225,0.247857142857143,-0.00974285714285714
162,"A_threshold",3400,0.85,-0.00526329462499675,-0.0047257296535707,0.0206323801061534,-0.0588937008575297,0.0897508317111237,0.628235294117647,0.235882352941176,-0.00962352941176471
162,"A_threshold",4000,1,-0.00918204928373413,-0.00892145737960145,0.0160748431447685,-0.0519860428206059,0.06193055785866,0.72975,0.25475,-0.00949
162,"B_smooth_logistic",1000,0.25,-0.0363397267303868,-0.0362759816695786,0.0234594123681338,-0.0757932102920897,0.00466518632506333,0.95,0.702,-0.0370582768173494
162,"B_smooth_logistic",1600,0.4,-0.0374989843178679,-0.0373090888980084,0.0184382451191308,-0.0699924759305194,-0.00705712534521198,1,0.765,-0.0373177804362783
162,"B_smooth_logistic",2200,0.55,-0.0330315141537658,-0.0325890401152097,0.0111174289621311,-0.0530461816616976,-0.0152116472379518,1,0.839090909090909,-0.0375262696583377
162,"B_smooth_logistic",2800,0.7,-0.032130039269254,-0.0319900582618458,0.0101726045172198,-0.0505232914176658,-0.015724666969109,1,0.85,-0.0376089192337036
162,"B_smooth_logistic",3400,0.85,-0.0287312487628371,-0.0286900118493621,0.00783032739003734,-0.0426618247867927,-0.0156606616716402,1,0.824117647058824,-0.0375407411908385
162,"B_smooth_logistic",4000,1,-0.0363931884674052,-0.0363311828703181,0.00759762981539299,-0.0498765634888334,-0.0236421805200244,1,1,-0.0377168747853564
163,"A_threshold",1000,0.25,-8.80126738250359e-05,-0.000250395437419716,0.0251722414742024,-0.0628076292756408,0.0757940349653999,0.504,0.232,-0.00988
163,"A_threshold",1600,0.4,-0.010958715711035,-0.0110410619901447,0.0244496769623145,-0.0908086949765508,0.0942644042502248,0.68625,0.36375,-0.0103
163,"A_threshold",2200,0.55,-0.015737827399622,-0.0155131368685589,0.0142256175763064,-0.0473207214458242,0.0656321388668657,0.862727272727273,0.42,-0.0103636363636364
163,"A_threshold",2800,0.7,-0.00886559561128528,-0.00872662797766913,0.0103410329875622,-0.0349161015961141,0.046078901279584,0.811785714285714,0.127857142857143,-0.0104857142857143
163,"A_threshold",3400,0.85,-0.0141921642920786,-0.014255951206511,0.00490176376560949,-0.0274789169080371,0.0105882681697938,0.993235294117647,0.108823529411765,-0.0103764705882353
163,"A_threshold",4000,1,-0.0125878146953674,-0.0126892268032754,0.0120616647309649,-0.0494177348195553,0.0424295559947707,0.8515,0.28275,-0.01019
163,"B_smooth_logistic",1000,0.25,-0.0476641906567626,-0.048325438771583,0.0190102163956675,-0.0819108762178652,-0.017997241870131,1,0.958,-0.038082313859723
163,"B_smooth_logistic",1600,0.4,-0.0330682477000995,-0.0335184311315142,0.00654788683986681,-0.0438512436828011,-0.0214267590898232,1,1,-0.0375881963281771
163,"B_smooth_logistic",2200,0.55,-0.0274027402740274,-0.0282208627516809,0.0101705754472724,-0.0431559671810053,-0.00798735929118506,1,0.742272727272727,-0.0373038219987316
163,"B_smooth_logistic",2800,0.7,-0.029429107477888,-0.0301551039553245,0.00380213202638448,-0.0370417094765889,-0.0239915442928884,1,1,-0.0373504679643087
163,"B_smooth_logistic",3400,0.85,-0.0355202464712551,-0.036154585565048,0.00454769147730125,-0.0443732803085343,-0.0287014381669723,1,1,-0.0374164875052799
163,"B_smooth_logistic",4000,1,-0.0338596709250261,-0.0344043870873373,0.00383645980265804,-0.0411525032338612,-0.0279411695722329,1,1,-0.0374726851632004
164,"A_threshold",1000,0.25,0.00831602495607875,0.00809335672228533,0.0114672255592798,-0.0200353101925731,0.0863431663318282,0.256,0.001,-0.01076
164,"A_threshold",1600,0.4,-0.00752801120448179,-0.00716235587733263,0.0119801791276685,-0.106615517905083,0.0164361574828911,0.698125,0.1375,-0.0107
164,"A_threshold",2200,0.55,-0.0108406999163302,-0.0107941916176059,0.00391309031896636,-0.0394735344833154,-0.00163153686136444,1,0.0195454545454545,-0.0103818181818182
164,"A_threshold",2800,0.7,-0.00303063698479172,-0.00282967329131293,0.00108183038845344,-0.0106054569146324,-0.000174731637215486,1,0,-0.0100714285714286
164,"A_threshold",3400,0.85,-0.00791297800366514,-0.00772950630220635,0.00252661385703234,-0.0252605929545605,-0.00121111448571516,1,0.000294117647058824,-0.01
164,"A_threshold",4000,1,-0.00890350222587555,-0.00885520278668122,0.00194551531388169,-0.0123224479832938,0.00923754466148966,0.99875,0,-0.00995
164,"B_smooth_logistic",1000,0.25,-0.00983504063867649,-0.00990994825880882,0.0130899004466943,-0.0336495170848269,0.011910267999993,0.709,0.273,-0.0382098368829333
164,"B_smooth_logistic",1600,0.4,-0.0113359323565885,-0.0112944804548542,0.0226032182473077,-0.0520817240204246,0.0256243079508401,0.62875,0.378125,-0.0380492489101464
164,"B_smooth_logistic",2200,0.55,-0.0212309114925159,-0.0212550837838492,0.0195070569557553,-0.0546775603989269,0.0126292119520655,0.815,0.520909090909091,-0.0378757870100736
164,"B_smooth_logistic",2800,0.7,-0.0252105558674902,-0.02520091223265,0.0127400174376754,-0.0468664824527928,-0.00281734949178414,1,0.621071428571429,-0.0378302796010566
164,"B_smooth_logistic",3400,0.85,-0.0259801377210284,-0.0259684356176845,0.0124199002474975,-0.047360452703333,-0.00410597854250552,1,0.642647058823529,-0.0376572649359926
164,"B_smooth_logistic",4000,1,-0.0270237432136889,-0.027018645261819,0.0104688040571622,-0.0448071437251011,-0.00824890394766047,1,0.69875,-0.0377315687438813
165,"A_threshold",1000,0.25,-0.0103160412641651,-0.0101700882540528,0.0185592618655181,-0.0655433811466592,0.0462431064559946,0.697,0.285,-0.01072
165,"A_threshold",1600,0.4,-0.00614409560537781,-0.00590391544708204,0.0160960908552632,-0.0902814326760963,0.0359969366740119,0.60875,0.188125,-0.01075
165,"A_threshold",2200,0.55,-0.00246388275191155,-0.00248810456076998,0.0110074048420502,-0.0530499942447817,0.0308041716205756,0.566363636363636,0.0672727272727273,-0.0110363636363636
165,"A_threshold",2800,0.7,-0.014759304157585,-0.0148007124090692,0.0128495494844403,-0.0683976655649372,0.0317458680905583,0.875357142857143,0.338928571428571,-0.0109
165,"A_threshold",3400,0.85,-0.0261959293298837,-0.0262777119736123,0.0188601009746769,-0.108738511588867,0.0400890474742928,0.920588235294118,0.622647058823529,-0.0107176470588235
165,"A_threshold",4000,1,-0.0185133100276283,-0.0187134294906014,0.0181282379809031,-0.107415604520049,0.037214648486195,0.84825,0.4475,-0.01075
165,"B_smooth_logistic",1000,0.25,-0.0233553039671201,-0.0231568305560932,0.0214229382516395,-0.0617949920531475,0.0135184129164016,0.817,0.537,-0.036896556653719
165,"B_smooth_logistic",1600,0.4,-0.0467104235036724,-0.0468761763035308,0.00952280729428911,-0.0618740769502581,-0.0283309404812782,1,1,-0.0371605783411952
165,"B_smooth_logistic",2200,0.55,-0.0444121322802656,-0.0443685896714047,0.00192532268237416,-0.0475363970551261,-0.0407926653717451,1,1,-0.0370651857292885
165,"B_smooth_logistic",2800,0.7,-0.0395006224609641,-0.0394299557942075,0.00293012999413251,-0.0447058812934558,-0.0344801235746957,1,1,-0.0370809116041114
165,"B_smooth_logistic",3400,0.85,-0.0422723681765473,-0.0422993431323919,0.00836815555321029,-0.0575930903467128,-0.0284639918233308,1,1,-0.0371734552310353
165,"B_smooth_logistic",4000,1,-0.0393439343934393,-0.0393000756568248,0.0103192803115499,-0.0578623662830501,-0.0221594988516206,1,1,-0.0373396872506669
166,"A_threshold",1000,0.25,0.0142669051821081,0.0142754101578295,0.0389905918239614,-0.0980717086619692,0.154769204570828,0.366,0.185,-0.00968
166,"A_threshold",1600,0.4,0.0104500753355715,0.010718235244571,0.0263281329127501,-0.0519698560376372,0.117866968621,0.368125,0.10875,-0.00985
166,"A_threshold",2200,0.55,0.00746036628728115,0.00807291621579186,0.0311893007813616,-0.0559630098584487,0.16459002562222,0.447272727272727,0.178636363636364,-0.00969090909090909
166,"A_threshold",2800,0.7,0.00182960023796028,0.00198287229108214,0.0263257537389209,-0.0517933104393362,0.135858822045874,0.524642857142857,0.200714285714286,-0.0097
166,"A_threshold",3400,0.85,0.000733930604975438,0.000628476866707273,0.0186258235825802,-0.0421874157829979,0.100302061783998,0.527058823529412,0.122647058823529,-0.00984705882352941
166,"A_threshold",4000,1,-0.00312337792872937,-0.00341914170759286,0.0154697387820972,-0.0396436068013642,0.0786181447644738,0.62475,0.13,-0.00995
166,"B_smooth_logistic",1000,0.25,-0.04772295065559,-0.0476598870329661,0.0558239536297988,-0.146338610295892,0.0532254612571439,0.752,0.644,-0.0369625274046268
166,"B_smooth_logistic",1600,0.4,-0.0423063161036189,-0.0419965539910643,0.027798032554172,-0.0925934535176074,0.00406571714537003,0.958125,0.71875,-0.0371290045220643
166,"B_smooth_logistic",2200,0.55,-0.042838098402332,-0.0427091568204163,0.025381200082469,-0.0881051185064929,-0.000321041426233182,1,0.755909090909091,-0.0369337216675133
166,"B_smooth_logistic",2800,0.7,-0.0363097124029145,-0.0362474801338131,0.0247584738486517,-0.0797732928343327,0.0056943059533236,0.929285714285714,0.6825,-0.0368787336072924
166,"B_smooth_logistic",3400,0.85,-0.0362552067543492,-0.0361538811894657,0.025145016667398,-0.082956953871432,0.0035995821547443,0.945882352941177,0.667352941176471,-0.0368856429905042
166,"B_smooth_logistic",4000,1,-0.0385139758863237,-0.0385642745340442,0.0264536807362783,-0.0880528820118855,0.00315327620480217,0.9545,0.68725,-0.0369498447199906
167,"A_threshold",1000,0.25,-0.0497511641676401,-0.0505790183394148,0.00843640563041751,-0.0828266008457795,-0.0268118066815941,1,1,-0.01008
167,"A_threshold",1600,0.4,-0.0410203765943384,-0.041211922709944,0.013059964579986,-0.0782580836221657,0.0072932141043007,0.9975,0.94,-0.010625
167,"A_threshold",2200,0.55,-0.0285568823474961,-0.0283104484878908,0.0190756588227931,-0.108453914324835,0.0411336959359559,0.938636363636364,0.661818181818182,-0.0101636363636364
167,"A_threshold",2800,0.7,-0.0206452771581519,-0.0205987073361886,0.0131238899430827,-0.070654059733863,0.0320037244713914,0.942857142857143,0.505714285714286,-0.0102
167,"A_threshold",3400,0.85,-0.0226482524180466,-0.0226002478494812,0.00831700480295773,-0.0542434320886076,0.0104532062353245,0.995882352941176,0.625,-0.0101529411764706
167,"A_threshold",4000,1,-0.0190741929490304,-0.0190326944186957,0.00386786565515156,-0.0338052908917078,-0.00368420013960258,1,0.3965,-0.01013
167,"B_smooth_logistic",1000,0.25,-0.0338448736618073,-0.0338075160879463,0.00765064226606117,-0.045002840093696,-0.0179732347839881,1,0.955,-0.0375291163386764
167,"B_smooth_logistic",1600,0.4,-0.0213610562376535,-0.0213868991817263,0.00140374835071173,-0.0231968570551219,-0.0184719876833737,1,0.7925,-0.0376166595689911
167,"B_smooth_logistic",2200,0.55,-0.0216888209804121,-0.0214217114836561,0.00332383547171381,-0.0275981414925751,-0.0159853218470948,1,0.605909090909091,-0.0372851418362962
167,"B_smooth_logistic",2800,0.7,-0.0358424201404786,-0.0355400132909645,0.00869326464779264,-0.0522513360237022,-0.022028932942429,1,1,-0.0373093404127453
167,"B_smooth_logistic",3400,0.85,-0.039699463842609,-0.0396555972052316,0.0176355516505267,-0.0738521741211205,-0.012764248772272,1,0.837058823529412,-0.0374431884578819
167,"B_smooth_logistic",4000,1,-0.04046664409567,-0.0404021041857209,0.0144426039012554,-0.0683930788963281,-0.0180967622584325,1,0.951,-0.0373187223294842
168,"A_threshold",1000,0.25,0.00892889332195691,0.008467615017092,8.400087537038e-05,0.00806271372267948,0.00857523998638518,0,0,-0.01004
168,"A_threshold",1600,0.4,-0.00035190615835777,-0.000535036455382576,0.00986318110862065,-0.0267273029798684,0.044233520086467,0.551875,0.009375,-0.00985
168,"A_threshold",2200,0.55,-0.003816254066246,-0.00410507210796202,0.00498944964777608,-0.0182056155400714,0.017260466633058,0.797727272727273,0,-0.0100363636363636
168,"A_threshold",2800,0.7,-0.00153953035136105,-0.00166822771298283,0.00717451684875188,-0.0219772024408506,0.0299058605228753,0.6125,0.00142857142857143,-0.0098
168,"A_threshold",3400,0.85,-0.00867342489191962,-0.0089138820315562,0.00319549506772662,-0.0173966924385461,0.00595155625933734,0.992647058823529,0,-0.00984705882352941
168,"A_threshold",4000,1,-0.0155833765649318,-0.0158994834410566,0.00794130183206866,-0.0394734762534514,0.0196004732210051,0.9695,0.31425,-0.0099
168,"B_smooth_logistic",1000,0.25,-0.0760676067606761,-0.0752330048120643,0.0152420308110312,-0.104343227306161,-0.0515709664350473,1,1,-0.0369265943122536
168,"B_smooth_logistic",1600,0.4,-0.0655065506550655,-0.0648306492510745,0.0100873359011426,-0.0837693800278619,-0.048308161222192,1,1,-0.0372263697470379
168,"B_smooth_logistic",2200,0.55,-0.0539889106003948,-0.0534916192455815,0.00527177880654836,-0.0631704747307797,-0.0445650927456059,1,1,-0.0373698417645112
168,"B_smooth_logistic",2800,0.7,-0.0434905947252092,-0.0428371412025797,0.00298536805190847,-0.0482312867817458,-0.0377786997841052,1,1,-0.0371695239246525
168,"B_smooth_logistic",3400,0.85,-0.0384879299385208,-0.0380959011871162,0.00589022700376288,-0.0488822077418649,-0.0283563850273189,1,1,-0.0372517671193657
168,"B_smooth_logistic",4000,1,-0.0426060219237686,-0.042468677635206,0.00343699759172593,-0.0485946510502795,-0.0366242821265127,1,1,-0.03716996063352
169,"A_threshold",1000,0.25,-0.0030249800935503,-0.00294591560160293,0.00794216643429153,-0.0314371163324705,0.0176092314503702,0.637,0.018,-0.00988
169,"A_threshold",1600,0.4,-0.00963846384638464,-0.0098192814511753,0.021507589537642,-0.0720102964002498,0.0599691457564477,0.698125,0.334375,-0.0099
169,"A_threshold",2200,0.55,-0.00240673886883273,-0.00265065405587152,0.0310815472703242,-0.0882373732234219,0.131076683075394,0.566363636363636,0.305909090909091,-0.00978181818181818
169,"A_threshold",2800,0.7,-0.00995222361227042,-0.0102258718719246,0.0237112016561375,-0.0731581678080431,0.100313090766469,0.691785714285714,0.371428571428571,-0.00985714285714286
169,"A_threshold",3400,0.85,-0.0129800908256789,-0.0133315075638333,0.0224884781836186,-0.0770832716136051,0.0844188450600596,0.737941176470588,0.410294117647059,-0.00998823529411765
169,"A_threshold",4000,1,-0.00949133401568576,-0.00988418968996165,0.0143680301241711,-0.0477157806662018,0.0556005641716874,0.77,0.25575,-0.00998
169,"B_smooth_logistic",1000,0.25,-0.0244682218366429,-0.0247683815509488,0.015069029148611,-0.048111060156409,0.0042452169904646,0.946,0.632,-0.0376620990207262
169,"B_smooth_logistic",1600,0.4,-0.0531871956227788,-0.0531924082855783,0.00974607952045481,-0.0692321414647161,-0.0356964131980419,1,1,-0.0382493455447829
169,"B_smooth_logistic",2200,0.55,-0.0527407670283766,-0.0530736091546033,0.000803398661515221,-0.0539315047663937,-0.0512562338815065,1,1,-0.0381469247040491
169,"B_smooth_logistic",2800,0.7,-0.0510419414402532,-0.0511544675533081,0.00111345626531271,-0.0530272062632266,-0.0491517040419864,1,1,-0.0380700449393542
169,"B_smooth_logistic",3400,0.85,-0.0549470807067733,-0.05524440403964,0.00209391725972077,-0.0587730514443258,-0.051539245234607,1,1,-0.0377518804963762
169,"B_smooth_logistic",4000,1,-0.0460442271265583,-0.0462687226808995,0.00166209002109031,-0.0491226072759251,-0.043350117865011,1,1,-0.0376968088279152
170,"A_threshold",1000,0.25,-0.0243315037365381,-0.0246381297576999,0.000706999636157158,-0.0264362321816695,-0.0222299088648316,1,1,-0.00996
170,"A_threshold",1600,0.4,-0.0289493277274121,-0.0289747555578304,0.0140812906298425,-0.0708909939335136,0.0217989522241728,0.97375,0.745625,-0.009925
170,"A_threshold",2200,0.55,-0.029553871211363,-0.0294969665519524,0.0152139915884597,-0.0857473540371255,0.0140822947161231,0.981818181818182,0.724090909090909,-0.0100545454545455
170,"A_threshold",2800,0.7,-0.0223547340638508,-0.0224231259963081,0.0222134316081,-0.0977601235510553,0.0534463660551835,0.841785714285714,0.548928571428571,-0.01
170,"A_threshold",3400,0.85,-0.0215462742576099,-0.0216040705879867,0.0257628249477613,-0.112073351952238,0.067301727390313,0.797352941176471,0.530588235294118,-0.0100823529411765
170,"A_threshold",4000,1,-0.0200254882581957,-0.0200881744964216,0.0201996147291352,-0.0877676481679588,0.0547034345706559,0.8355,0.515,-0.01016
170,"B_smooth_logistic",1000,0.25,-0.0338916430026793,-0.0337999046277304,0.030394259801,-0.0845266657486372,0.0229879346497093,0.817,0.654,-0.0371816364683304
170,"B_smooth_logistic",1600,0.4,-0.0288954056695992,-0.0287075564960465,0.0347076425280037,-0.082576238564283,0.0408425427608225,0.7525,0.615625,-0.0373199810216852
170,"B_smooth_logistic",2200,0.55,-0.0328690536116201,-0.0328280118442696,0.0337948168289597,-0.0898539299879527,0.0295073681598353,0.779090909090909,0.624090909090909,-0.0374380945432247
170,"B_smooth_logistic",2800,0.7,-0.0364529505582137,-0.0363889400272328,0.0271725546956136,-0.0798517006087011,0.0155149915353443,0.871785714285714,0.69,-0.0373687597469277
170,"B_smooth_logistic",3400,0.85,-0.0415602025422647,-0.041518430952764,0.0225616628961451,-0.0785748330359359,0.000101923909942195,0.998235294117647,0.775588235294118,-0.0372592420680842
170,"B_smooth_logistic",4000,1,-0.0399522353720827,-0.039915151613024,0.0221633703122829,-0.0762741328236183,0.000463054565471549,0.99325,0.76075,-0.0371626611709527
171,"A_threshold",1000,0.25,-0.0212801709134991,-0.0214566961908067,0.0095292050854236,-0.0461105915101991,0.0114556453372374,0.981,0.585,-0.01116
171,"A_threshold",1600,0.4,-0.0237978046017423,-0.0241326798511683,0.0109583296075038,-0.0509889471409243,0.0377031353026859,0.973125,0.69375,-0.010575
171,"A_threshold",2200,0.55,-0.00698926153195091,-0.00735586658377455,0.0227586686467259,-0.0638361905211752,0.126196082942634,0.675454545454545,0.313181818181818,-0.0101454545454545
171,"A_threshold",2800,0.7,-0.00863795853269538,-0.00863477351620042,0.0302092991648962,-0.0874147327967139,0.164566342413752,0.658214285714286,0.377857142857143,-0.0101428571428571
171,"A_threshold",3400,0.85,-0.00917646822626242,-0.009041303054075,0.0302066386285562,-0.0962754170116704,0.151686457563561,0.649117647058824,0.378529411764706,-0.0101058823529412
171,"A_threshold",4000,1,-0.01018397364148,-0.0100520821529727,0.0329815596407831,-0.10789367927876,0.162571592591755,0.6485,0.4045,-0.01014
171,"B_smooth_logistic",1000,0.25,-0.0310411174802293,-0.0292899400300132,0.0225313723367688,-0.0789139089284044,-0.000199487059464452,1,0.555,-0.0367269855398275
171,"B_smooth_logistic",1600,0.4,-0.0423111244469658,-0.0404464726309526,0.0204271639720875,-0.0808837035752451,-0.00988262941288889,1,0.796875,-0.0368413547107004
171,"B_smooth_logistic",2200,0.55,-0.0370855267344916,-0.036020290049999,0.0220071720101674,-0.0779505983084519,-0.00202541570298929,1,0.7,-0.036899026917822
171,"B_smooth_logistic",2800,0.7,-0.0371241512599211,-0.0368506414779879,0.0138444122714909,-0.0618465997476975,-0.0137007725899945,1,0.857857142857143,-0.0368128654219725
171,"B_smooth_logistic",3400,0.85,-0.0337347313055815,-0.033279252686539,0.0154250224445839,-0.0617001991024955,-0.00815767151849497,1,0.750882352941176,-0.0368687290528109
171,"B_smooth_logistic",4000,1,-0.0374734315220925,-0.0371026566227285,0.00995128894263638,-0.0552848899143744,-0.0207515953303771,1,1,-0.0370271570196163
172,"A_threshold",1000,0.25,-0.0224517287831163,-0.0224735003416481,0.0115320105278587,-0.0577420006711084,0.0128887898210779,0.971,0.595,-0.00956
172,"A_threshold",1600,0.4,-0.00891884478231907,-0.00900321912799221,0.00772305208012177,-0.0307379194059147,0.0170556503375951,0.8675,0.069375,-0.009475
172,"A_threshold",2200,0.55,-0.00914340114654691,-0.00926930289467944,0.0162688519040569,-0.054488719996235,0.0488547218633161,0.720454545454545,0.267727272727273,-0.00994545454545455
172,"A_threshold",2800,0.7,-0.0156168150864327,-0.0156654457200655,0.0150246745464343,-0.0582515860169322,0.0395815413441576,0.848571428571429,0.392142857142857,-0.0100428571428571
172,"A_threshold",3400,0.85,-0.0238021334940673,-0.0239755874806235,0.0171793223789698,-0.0681562299248607,0.045415624129482,0.908529411764706,0.619411764705882,-0.00991764705882353
172,"A_threshold",4000,1,-0.0180763864055477,-0.018162628960979,0.017321761050684,-0.0651436157307769,0.0525717236539017,0.8495,0.48075,-0.00999
172,"B_smooth_logistic",1000,0.25,-0.0244918540573638,-0.02377712458539,0.0408780465599149,-0.10338785165231,0.0375435935730757,0.64,0.483,-0.0375332994422958
172,"B_smooth_logistic",1600,0.4,-0.0279064244151526,-0.0274673625134803,0.0408686159198895,-0.104805866180314,0.0374355711959664,0.6825,0.538125,-0.0374931139887362
172,"B_smooth_logistic",2200,0.55,-0.0248018891637672,-0.024654683635702,0.0414381315115783,-0.108813808023138,0.0370331082170657,0.651818181818182,0.495454545454545,-0.0373720598940846
172,"B_smooth_logistic",2800,0.7,-0.0255386460180378,-0.0254768881065865,0.0356838860936405,-0.0985596570810882,0.0269447440842881,0.683571428571429,0.509285714285714,-0.0372916067099446
172,"B_smooth_logistic",3400,0.85,-0.0262452258440514,-0.0262365683196342,0.033017199337923,-0.0943280524843444,0.0218979396894108,0.712941176470588,0.518529411764706,-0.0372659607098322
172,"B_smooth_logistic",4000,1,-0.0228612859473345,-0.0227899232380442,0.027470685543108,-0.078579297038657,0.0181478778645682,0.7295,0.49675,-0.0372431257690116
173,"A_threshold",1000,0.25,0.021564086256345,0.0214387867668663,0.0292571375081221,-0.0633895464358095,0.109901650246706,0.233,0.078,-0.01032
173,"A_threshold",1600,0.4,0.025643910801886,0.0252819122943846,0.0331346518219903,-0.0644410461240409,0.150873546900765,0.221875,0.0825,-0.01025
173,"A_threshold",2200,0.55,0.0129597487395653,0.0128313949463215,0.0231761796127278,-0.0565562909367078,0.0941498618149695,0.288181818181818,0.0763636363636364,-0.0102727272727273
173,"A_threshold",2800,0.7,0.00377253723543246,0.00372294850782509,0.0155653757841598,-0.044566692877751,0.0669153138253303,0.413214285714286,0.0621428571428571,-0.00992857142857143
173,"A_threshold",3400,0.85,0.00824825373872358,0.00826559014990382,0.011713969795918,-0.026166314185178,0.0576075904399332,0.243529411764706,0.00529411764705882,-0.00983529411764706
173,"A_threshold",4000,1,0.00963900609470229,0.0098570008286628,0.0117594348601197,-0.0221189730121102,0.0629542784304333,0.20275,0.00125,-0.01016
173,"B_smooth_logistic",1000,0.25,-0.0462841851367405,-0.0459590035730083,0.0108242610565884,-0.0657143021324853,-0.0286317509073761,1,1,-0.0378382354752666
173,"B_smooth_logistic",1600,0.4,-0.0398872154597345,-0.039931160019586,0.000446745640551422,-0.0404230795762056,-0.0387374177227896,1,1,-0.0378992743477453
173,"B_smooth_logistic",2200,0.55,-0.0369238604532722,-0.0368762225011431,0.00998932264383674,-0.054727573573126,-0.0207817804129945,1,1,-0.0377327230851308
173,"B_smooth_logistic",2800,0.7,-0.0380842584554709,-0.0381244162201162,0.00448442622768209,-0.046079593140456,-0.0306813735774567,1,1,-0.0377000982764311
173,"B_smooth_logistic",3400,0.85,-0.029548994496556,-0.0293882105641483,0.00541833229415402,-0.0392308510333615,-0.020638020652098,1,1,-0.0377478617845728
173,"B_smooth_logistic",4000,1,-0.0354435443544354,-0.0353418392672154,0.00615731748073566,-0.0463485657717737,-0.0251515508831259,1,1,-0.0376733817055804
174,"A_threshold",1000,0.25,0.00134843689355352,0.00129571721210524,0.0105883263993226,-0.031938322804691,0.0382556007683317,0.47,0.021,-0.00928
174,"A_threshold",1600,0.4,-0.0189890921704565,-0.0189191975790532,0.00869467020440841,-0.0489047559936677,0.00828300975993598,0.98875,0.449375,-0.00915
174,"A_threshold",2200,0.55,-0.0292388864462083,-0.0292427087386958,0.00841481965997021,-0.0577315799699123,-0.0017359508113214,1,0.865,-0.00916363636363636
174,"A_threshold",2800,0.7,-0.0185714285714286,-0.0185898576764879,0.0141643452059716,-0.0703948383513253,0.0291838953469852,0.903571428571429,0.4625,-0.00955714285714286
174,"A_threshold",3400,0.85,-0.030679274897542,-0.0307101294201698,0.0190960214147339,-0.0978876323763474,0.0362484015464336,0.945294117647059,0.721764705882353,-0.00962352941176471
174,"A_threshold",4000,1,-0.0255,-0.0255653701513317,0.0192057854227954,-0.0926682267479778,0.0418528868679005,0.9055,0.62325,-0.00974
174,"B_smooth_logistic",1000,0.25,-0.0393446295140722,-0.0394585543876656,0.0273743881657985,-0.0887354278079263,0.00606305190373917,0.926,0.702,-0.0372508694217876
174,"B_smooth_logistic",1600,0.4,-0.0470073448976403,-0.0469168461946623,0.0170668000733086,-0.0778109913305572,-0.0187306001279076,1,0.97375,-0.0373303284227189
174,"B_smooth_logistic",2200,0.55,-0.0465877394161036,-0.0465932349731087,0.0195640993972432,-0.0826958331222599,-0.014858014509917,1,0.907727272727273,-0.0372954515027148
174,"B_smooth_logistic",2800,0.7,-0.0483608444161119,-0.0481854811449854,0.0279117886041781,-0.100983137198329,-0.00428361900298005,1,0.787857142857143,-0.0372518446080162
174,"B_smooth_logistic",3400,0.85,-0.0453843757571562,-0.0454039461742744,0.0192483241035704,-0.0808324144992862,-0.0141043014576919,1,0.892058823529412,-0.0372731168822353
174,"B_smooth_logistic",4000,1,-0.0502310379719364,-0.0503249713365819,0.024955700558526,-0.0959152949927296,-0.00929576980064496,1,0.859,-0.0373583791844997
175,"A_threshold",1000,0.25,-0.0439812869428804,-0.0450261784310161,0.050936000640755,-0.243417381616089,0.0783065125960725,0.812,0.649,-0.01084
175,"A_threshold",1600,0.4,-0.0311418414781827,-0.0311224498240668,0.0355745310700574,-0.145227797637881,0.0832442008068022,0.808125,0.615,-0.0103
175,"A_threshold",2200,0.55,-0.0167074639623888,-0.0167084202677065,0.0170756025149719,-0.069242814114365,0.0391112932266838,0.84,0.423636363636364,-0.0100363636363636
175,"A_threshold",2800,0.7,-0.012958120192369,-0.0129632500054564,0.0176269393195811,-0.0745340114914825,0.0467812445427724,0.770714285714286,0.345357142857143,-0.0102142857142857
175,"A_threshold",3400,0.85,-0.00952387872798571,-0.00953435708121245,0.0246848617116311,-0.100327933738727,0.07240624187741,0.645882352941176,0.338823529411765,-0.0102941176470588
175,"A_threshold",4000,1,-0.00990680725790825,-0.00985174066681595,0.0202054325824687,-0.0843170343947654,0.0629437581204331,0.68375,0.307,-0.0103
175,"B_smooth_logistic",1000,0.25,-0.0340506957454644,-0.0342129588549659,0.00325567212845987,-0.0398954207373337,-0.0288007212216137,1,1,-0.0370562339625175
175,"B_smooth_logistic",1600,0.4,-0.0289516077368871,-0.0289478322467505,0.00730213514645338,-0.0415046520269319,-0.016447883362354,1,0.84125,-0.0370708840441309
175,"B_smooth_logistic",2200,0.55,-0.0335786131234195,-0.0336302993712323,0.0111449753623476,-0.0536438771088878,-0.0154739085139281,1,0.847727272727273,-0.0373219122509946
175,"B_smooth_logistic",2800,0.7,-0.0371291866028708,-0.036918423108075,0.0191578478981757,-0.0712485298761257,-0.00550024417513861,1,0.751071428571429,-0.0373708730026585
175,"B_smooth_logistic",3400,0.85,-0.0372972718499164,-0.0372115373846775,0.0200455595587991,-0.0725742168607738,-0.00335768929089067,1,0.744411764705882,-0.0373369714003205
175,"B_smooth_logistic",4000,1,-0.0385361214258355,-0.038523141164084,0.0214290744575379,-0.07547352612689,-0.00161088784527336,1,0.74725,-0.0373190250629056
176,"A_threshold",1000,0.25,-0.0279640268198621,-0.0280951585257015,0.00253724547918475,-0.0353284802277736,-0.0213328131499242,1,1,-0.00996
176,"A_threshold",1600,0.4,-0.035443971524822,-0.0357293756789027,0.0122655075075045,-0.0619358588631556,0.0105559730004811,0.991875,0.896875,-0.01
176,"A_threshold",2200,0.55,-0.0305949106852794,-0.0310730915623742,0.0112603279410721,-0.0523580148611929,0.0198067214767214,0.985454545454545,0.848636363636364,-0.0101090909090909
176,"A_threshold",2800,0.7,-0.0322208614002858,-0.032199575411536,0.00682634450050972,-0.0448386176569276,-0.000720974678856207,1,0.942142857142857,-0.0101428571428571
176,"A_threshold",3400,0.85,-0.0300747065027506,-0.0301906778089663,0.00646555588370868,-0.0430917115233375,-0.000349746349831398,1,0.925588235294118,-0.0100941176470588
176,"A_threshold",4000,1,-0.0277294032817291,-0.027741912355482,0.0145854948450167,-0.0601767299233939,0.0369641497795366,0.955,0.7245,-0.00995
176,"B_smooth_logistic",1000,0.25,-0.0350212607653876,-0.0350291890429864,0.0253463582570108,-0.0811009022650971,0.00893343353212227,0.904,0.673,-0.0365548730538111
176,"B_smooth_logistic",1600,0.4,-0.0411770959048018,-0.0411364225666112,0.0217728230202353,-0.0805245663076971,-0.00457592540004265,1,0.783125,-0.0365656565169035
176,"B_smooth_logistic",2200,0.55,-0.0469278620539125,-0.0469309708845281,0.00848892838958615,-0.0616061359194048,-0.0317954371770793,1,1,-0.0369407620979265
176,"B_smooth_logistic",2800,0.7,-0.0389175256416994,-0.0389219534362958,0.00787362541420945,-0.0525687977861155,-0.0250132395225344,1,1,-0.0369429187952718
176,"B_smooth_logistic",3400,0.85,-0.0424588447996955,-0.0425008257682553,0.0132270799493018,-0.0647207103276678,-0.0185380451694947,1,0.973529411764706,-0.0369031514231964
176,"B_smooth_logistic",4000,1,-0.0382548360733812,-0.0382891882968818,0.0114029814141667,-0.057411273280433,-0.0176675696103618,1,0.9445,-0.037017372885632
177,"A_threshold",1000,0.25,-0.00240246011916202,-0.00221862686400087,0.0152388267631575,-0.050630615602379,0.0418080853029315,0.562,0.123,-0.00924
177,"A_threshold",1600,0.4,-0.0234630865771644,-0.0227645759784503,0.023773971263566,-0.0886040146522059,0.0708025332283045,0.833125,0.563125,-0.009925
177,"A_threshold",2200,0.55,-0.0227272727272727,-0.0224564541505472,0.0094096326507066,-0.0501796794821106,0.0113986362221975,0.992727272727273,0.617727272727273,-0.00992727272727273
177,"A_threshold",2800,0.7,-0.0237086855656559,-0.0234551460118403,0.00723912609916871,-0.0442782468275909,0.00294456391081932,0.998928571428571,0.687142857142857,-0.0100714285714286
177,"A_threshold",3400,0.85,-0.0234193852662233,-0.0232549249235556,0.00258716607221069,-0.0305385724629453,-0.0137598145911027,1,0.888529411764706,-0.01
177,"A_threshold",4000,1,-0.0187130406259664,-0.0185701090544367,0.00134874670740582,-0.0222813900922602,-0.0135381677546231,1,0.14225,-0.00991
177,"B_smooth_logistic",1000,0.25,-0.0405417864200649,-0.0404190325399441,0.0059978344979706,-0.051591649032779,-0.0308518866063086,1,1,-0.036638706132068
177,"B_smooth_logistic",1600,0.4,-0.043984962406015,-0.043763568956585,0.00162924970156916,-0.0457631374146893,-0.040081828871736,1,1,-0.0368562925698156
177,"B_smooth_logistic",2200,0.55,-0.0398431260790467,-0.0394887717143273,0.00514668730357445,-0.049000597290357,-0.0312361374132697,1,1,-0.0369714506827516
177,"B_smooth_logistic",2800,0.7,-0.0252320820019666,-0.0250237905665039,0.0077787962570095,-0.0396077016858896,-0.0129299084512965,1,0.676071428571429,-0.0370309175092343
177,"B_smooth_logistic",3400,0.85,-0.0240898081793947,-0.0240836970814186,0.0110092893702963,-0.0451876152927537,-0.00751748073267707,1,0.584705882352941,-0.0369990255488588
177,"B_smooth_logistic",4000,1,-0.0234511094825618,-0.023360795420263,0.00952522894570351,-0.0412932244378913,-0.00854614625534855,1,0.58375,-0.0369740611150159
178,"A_threshold",1000,0.25,0.00133754620341114,0.00143586591038917,0.0290965640987272,-0.0898262454318143,0.0862172324025052,0.493,0.238,-0.01024
178,"A_threshold",1600,0.4,-0.00189481879622726,-0.00195254862819335,0.00712217896745328,-0.0249753961534211,0.0182948589906919,0.610625,0.005625,-0.0103
178,"A_threshold",2200,0.55,-0.00639154824573367,-0.00615120975505804,0.0140961052488486,-0.0471099836707457,0.0427071911690451,0.684545454545455,0.156818181818182,-0.0104909090909091
178,"A_threshold",2800,0.7,-0.000465835577898893,-6.39993574554145e-05,0.0108124921513063,-0.0278909897460563,0.0418239449422937,0.54,0.0153571428571429,-0.0103285714285714
178,"A_threshold",3400,0.85,-0.00669218542523824,-0.00655818590918697,0.0113920826509921,-0.041064440669013,0.0331409280483449,0.727058823529412,0.11,-0.0103882352941176
178,"A_threshold",4000,1,-0.00411167371821458,-0.00391745256905912,0.0127066913085815,-0.0416676811848735,0.041579863114453,0.639,0.09325,-0.01028
178,"B_smooth_logistic",1000,0.25,-0.049728448068697,-0.0493338409437874,0.0264584259991862,-0.097133208132017,-0.00485067973060771,1,0.82,-0.0373536707706476
178,"B_smooth_logistic",1600,0.4,-0.0344582970698025,-0.0338286404579229,0.0115610900022939,-0.0555596210654914,-0.0155203785746171,1,0.846875,-0.0370739648721505
178,"B_smooth_logistic",2200,0.55,-0.0371966968605624,-0.0365492234399116,0.00749700072748345,-0.0507212784939524,-0.0247646664625243,1,1,-0.0370978399856412
178,"B_smooth_logistic",2800,0.7,-0.0377708899348206,-0.037581622851987,0.0095833147064144,-0.055197210143224,-0.0219605345930746,1,1,-0.0371169514449383
178,"B_smooth_logistic",3400,0.85,-0.0339870814418653,-0.0338466816462399,0.00864518240977556,-0.0500356753178214,-0.0201220742060347,1,1,-0.037274557462732
178,"B_smooth_logistic",4000,1,-0.0302311121800217,-0.030169724686104,0.0118062324642758,-0.0524498268396914,-0.0115475794726225,1,0.73925,-0.0372679214378735
179,"A_threshold",1000,0.25,0.00589403549234416,0.00450681494391164,0.0189979118431219,-0.043414549466809,0.0761391464393324,0.44,0.082,-0.00888
179,"A_threshold",1600,0.4,0.00125,0.0008924344391389,0.0107232979920381,-0.0225671919708373,0.0551956713337268,0.523125,0.0025,-0.00905
179,"A_threshold",2200,0.55,-0.00217055109349984,-0.00221433815744888,0.00184970501282826,-0.00632514604454965,0.00712289081272741,0.878636363636364,0,-0.00903636363636364
179,"A_threshold",2800,0.7,-0.00300489264704606,-0.00318881069011977,0.000757728323266195,-0.00492685416349143,0.000588381833862811,0.999642857142857,0,-0.00955714285714286
179,"A_threshold",3400,0.85,-0.00598171776079427,-0.00598448414428722,0.00283633607469295,-0.0141616275473946,0.00589450785700045,0.971176470588235,0,-0.00962352941176471
179,"A_threshold",4000,1,-0.00523275351650637,-0.00519098052602961,0.00303984795056459,-0.0135743382737854,0.00801060867437579,0.94575,0,-0.00956
179,"B_smooth_logistic",1000,0.25,-0.0211853558627752,-0.0195230281468356,0.0271558543647581,-0.075921694006651,0.0189519041409884,0.685,0.443,-0.037735120872058
179,"B_smooth_logistic",1600,0.4,-0.0315531553155316,-0.0300882997997552,0.0280262620792041,-0.088817592791787,0.00948210961995392,0.831875,0.550625,-0.0374998273883282
179,"B_smooth_logistic",2200,0.55,-0.0380739526026238,-0.037454338765782,0.0287108210152143,-0.0921240744389229,0.00762111139445542,0.891363636363636,0.658636363636364,-0.0376189201330701
179,"B_smooth_logistic",2800,0.7,-0.0370540844506949,-0.0367016087633726,0.036555343106535,-0.108134267475144,0.0200144213520762,0.794642857142857,0.608571428571429,-0.037502284944726
179,"B_smooth_logistic",3400,0.85,-0.0358468526930565,-0.0359012173414845,0.0360521900732355,-0.103364314794938,0.022050974082712,0.790294117647059,0.608529411764706,-0.0376962725444021
179,"B_smooth_logistic",4000,1,-0.0364081918431647,-0.036530932741688,0.0273789843450429,-0.0861532581009333,0.00866951043388609,0.89475,0.66375,-0.0376927860795977
180,"A_threshold",1000,0.25,-0.0183648886060853,-0.0186742420911045,0.0331505696076947,-0.117286572550017,0.0943971207153618,0.721,0.507,-0.01084
180,"A_threshold",1600,0.4,-0.00776894422360558,-0.00849853764120338,0.019914093446167,-0.0642655639972757,0.0631776323233716,0.675,0.30375,-0.010975
180,"A_threshold",2200,0.55,-0.00176449926651377,-0.00238736145075468,0.0132508715297865,-0.0375932490247202,0.0469421024747522,0.6,0.0790909090909091,-0.0106
180,"A_threshold",2800,0.7,-0.00787041572776853,-0.00817545211773935,0.0129827188413685,-0.0390593159717418,0.0442065495805451,0.755714285714286,0.176785714285714,-0.0106285714285714
180,"A_threshold",3400,0.85,-0.010739687030857,-0.0108438247779827,0.00808375834222044,-0.0304506140070484,0.0212312332753631,0.904411764705882,0.117352941176471,-0.0106
180,"A_threshold",4000,1,-0.0148663643067183,-0.0147690776132821,0.00937343531335393,-0.0377491575438039,0.0222038444504522,0.93,0.31,-0.01034
180,"B_smooth_logistic",1000,0.25,-0.042,-0.042014736648928,0.00374049472887579,-0.0482906471591019,-0.0356629444140577,1,1,-0.0382600273806643
180,"B_smooth_logistic",1600,0.4,-0.0410375169348903,-0.0411054533320503,0.00718093671981746,-0.0536848747293505,-0.0289963576215395,1,1,-0.0377793728524606
180,"B_smooth_logistic",2200,0.55,-0.0471090961848948,-0.0470399028364018,0.00823512717493794,-0.061339126666983,-0.0332461412755039,1,1,-0.0374696157634007
180,"B_smooth_logistic",2800,0.7,-0.0422102588986361,-0.0421682197202374,0.0088445585908389,-0.0575993889939794,-0.0273749137827233,1,1,-0.0373721942456118
180,"B_smooth_logistic",3400,0.85,-0.0441883552910001,-0.0441705490710742,0.0124740147667773,-0.0659375803829271,-0.0233909876394635,1,1,-0.037350249541199
180,"B_smooth_logistic",4000,1,-0.0368509212730318,-0.0368870812967434,0.00928947737336675,-0.0533523426967787,-0.0215744707870785,1,1,-0.0374057530131529
181,"A_threshold",1000,0.25,-0.00351370063110545,-0.00399665463808021,0.0262932599953628,-0.0571965367501205,0.12437826593638,0.625,0.29,-0.01036
181,"A_threshold",1600,0.4,0.00701879442435725,0.00647614489275539,0.0172164146167287,-0.0371615531257694,0.0892782911203873,0.37375,0.04625,-0.009975
181,"A_threshold",2200,0.55,-0.00334132826068978,-0.00394117466080068,0.0210589832950975,-0.0526774359635135,0.112356727291361,0.625909090909091,0.226363636363636,-0.0101090909090909
181,"A_threshold",2800,0.7,0.00903250312451498,0.00807472119932006,0.0200782807927807,-0.0421116072969044,0.1136577080561,0.376071428571429,0.0567857142857143,-0.0102285714285714
181,"A_threshold",3400,0.85,0.00173254540141457,0.000978915939555501,0.0150429033244476,-0.0371289671262488,0.0800951773848455,0.515294117647059,0.0585294117647059,-0.0102235294117647
181,"A_threshold",4000,1,0.00695536325119724,0.00616016271690118,0.0169746744454107,-0.0376793671277962,0.0942591782312434,0.37975,0.04025,-0.01013
181,"B_smooth_logistic",1000,0.25,-0.0325935533458231,-0.0326011777283702,0.00103630626811769,-0.034334393658595,-0.0307899599754386,1,1,-0.036534229830033
181,"B_smooth_logistic",1600,0.4,-0.0267979987492183,-0.0267512481914791,0.00155874461750406,-0.0295199392973184,-0.024127968657695,1,1,-0.0371449430532001
181,"B_smooth_logistic",2200,0.55,-0.0302615571776156,-0.0302555249792161,0.00639081760382002,-0.0414139511977166,-0.0192908509262448,1,0.967272727272727,-0.0374060937548076
181,"B_smooth_logistic",2800,0.7,-0.0378843693047423,-0.0379151519110009,0.00904658559978198,-0.0538654966874712,-0.022649180238021,1,1,-0.0373755435391174
181,"B_smooth_logistic",3400,0.85,-0.0338140512669672,-0.0338858812729963,0.00994928743293298,-0.0515419906785381,-0.0170566196339215,1,0.911176470588235,-0.0373341992639041
181,"B_smooth_logistic",4000,1,-0.0290621060107986,-0.0291495684032611,0.015367164554756,-0.0568614255319722,-0.00359562051432742,1,0.66325,-0.0372034310665066
182,"A_threshold",1000,0.25,-0.00825867581096275,-0.00835060668479747,0.00925175496917145,-0.037823034994596,0.0233476306461953,0.82,0.099,-0.00996
182,"A_threshold",1600,0.4,0.00327212552211029,0.00327830608938432,0.00728104946174111,-0.0241998544062526,0.0246491821963322,0.318125,0.000625,-0.01015
182,"A_threshold",2200,0.55,0.00141874931790899,0.00134391574469139,0.0044927182326869,-0.0140503748442395,0.0156823898724741,0.381818181818182,0,-0.0102909090909091
182,"A_threshold",2800,0.7,-0.00734381633519479,-0.00762492539832922,0.00202598206186434,-0.0150199053548198,-0.00172447656454587,1,0,-0.0100857142857143
182,"A_threshold",3400,0.85,-0.00801125007612626,-0.00795643934398845,0.00170971817890551,-0.0142874893222968,-0.0030241883520486,1,0,-0.0100117647058824
182,"A_threshold",4000,1,-0.0135228380709518,-0.0135590131006925,0.0068726981428164,-0.0337819116451927,0.0166121722646355,0.96625,0.16575,-0.01011
182,"B_smooth_logistic",1000,0.25,-0.0393477121515817,-0.0391792428733473,0.00672919210469811,-0.0518097818625507,-0.0286781513372046,1,1,-0.0377242747931979
182,"B_smooth_logistic",1600,0.4,-0.0439837240844797,-0.0438601698792471,0.00227274281890167,-0.0468149138791873,-0.0389979352205083,1,1,-0.0373801739761056
182,"B_smooth_logistic",2200,0.55,-0.0429274227676682,-0.0429429524160856,0.00526769959889281,-0.0520074797934003,-0.0337853977293931,1,1,-0.0369677524889718
182,"B_smooth_logistic",2800,0.7,-0.0340667777451076,-0.0340684964370693,0.00603419353722675,-0.0445980618710885,-0.0237136672288485,1,1,-0.0369011416882427
182,"B_smooth_logistic",3400,0.85,-0.0278347393467445,-0.0278285340063155,0.00561309285526267,-0.0374038657756988,-0.0180609152363893,1,0.903823529411765,-0.0369498775113586
182,"B_smooth_logistic",4000,1,-0.0332056270757267,-0.0331996084882617,0.00453094515814332,-0.0409932568113244,-0.0253771689270562,1,1,-0.0370386441183527
183,"A_threshold",1000,0.25,0.00578187332695794,0.00511895595344287,0.0136867549537654,-0.0342896301307409,0.0629568973402616,0.362,0.02,-0.0102
183,"A_threshold",1600,0.4,-0.00264737551943416,-0.00243050690069632,0.00297565964909372,-0.0135463727368899,0.00715036404561477,0.789375,0,-0.009975
183,"A_threshold",2200,0.55,-0.00809157781634846,-0.00808932991080748,0.00756005718680722,-0.0318796402657291,0.0211311285865206,0.854090909090909,0.0554545454545455,-0.0103818181818182
183,"A_threshold",2800,0.7,-0.0152072397155709,-0.0151774203917926,0.0071548539948953,-0.0364958482945401,0.0138933546309884,0.980357142857143,0.261428571428571,-0.0104428571428571
183,"A_threshold",3400,0.85,-0.0131689361765446,-0.0131489645271081,0.00746154737149461,-0.0386783870010413,0.0152665911944511,0.958235294117647,0.178529411764706,-0.0104235294117647
183,"A_threshold",4000,1,-0.0152805343812023,-0.0152438656069053,0.0105628452779185,-0.0489179517130031,0.0279429490593855,0.92075,0.34325,-0.01029
183,"B_smooth_logistic",1000,0.25,-0.0275848263437093,-0.026761096202498,0.0185551165618699,-0.0652668437591558,-0.000285839882583683,1,0.561,-0.036379692120652
183,"B_smooth_logistic",1600,0.4,-0.0331479452868254,-0.0331993808520506,0.0300442977217547,-0.0956592005916695,0.0112037515663684,0.845625,0.5925,-0.0365404331387152
183,"B_smooth_logistic",2200,0.55,-0.0341213211722612,-0.0343553199227009,0.0176738131734336,-0.069994333609829,-0.00708981029441627,1,0.725909090909091,-0.0365317563771388
183,"B_smooth_logistic",2800,0.7,-0.0340604465657589,-0.0345767436134296,0.0225608007369469,-0.0790532234303487,0.000547443781614754,0.990357142857143,0.6775,-0.0370313560979601
183,"B_smooth_logistic",3400,0.85,-0.0368176733141723,-0.0374322136429477,0.0228765128926464,-0.0826240357073951,-0.00235754863868275,1,0.710588235294118,-0.0371041936244804
183,"B_smooth_logistic",4000,1,-0.0447334936519432,-0.0451597987101944,0.021939798724474,-0.0863065261582081,-0.00961599726181159,1,0.839,-0.0373032367640623
184,"A_threshold",1000,0.25,-0.0118040873854827,-0.0123853697338598,0.01893674067037,-0.0991123465080338,0.0343818746074023,0.732,0.331,-0.01008
184,"A_threshold",1600,0.4,-0.0325715848275323,-0.0328924438664134,0.0124781729126831,-0.0876405038990964,0.00128818758561661,0.99875,0.84875,-0.0102
184,"A_threshold",2200,0.55,-0.0182825026861724,-0.0182817953877655,0.00162455866288627,-0.0243352031101239,-0.0130341002725924,1,0.148181818181818,-0.0103818181818182
184,"A_threshold",2800,0.7,-0.0158479672693711,-0.0158724740437128,0.00639966743532154,-0.0431071405642258,0.00202383993005911,0.998571428571429,0.2625,-0.0102857142857143
184,"A_threshold",3400,0.85,-0.0152462022907367,-0.0152059522809938,0.00464534961832002,-0.0331215603058814,-0.000610679634842071,1,0.156470588235294,-0.0102588235294118
184,"A_threshold",4000,1,-0.0115370989972447,-0.0114432336355531,0.0037851539688885,-0.0281968469360672,-0.000513102147743735,1,0.0165,-0.01035
184,"B_smooth_logistic",1000,0.25,-0.0557501751576419,-0.0557477097174288,0.0117748320833019,-0.0769197570651871,-0.0355649680324693,1,1,-0.0370078238392588
184,"B_smooth_logistic",1600,0.4,-0.0520261029268102,-0.0518919192289341,0.00638230166750901,-0.0638506443171277,-0.0414160155341234,1,1,-0.0369503961523108
184,"B_smooth_logistic",2200,0.55,-0.0488139515662451,-0.0485776629031064,0.0138442614796399,-0.075597881289272,-0.0273916973036412,1,1,-0.0369032816763122
184,"B_smooth_logistic",2800,0.7,-0.0432246882766298,-0.0431770635576671,0.0102761800550203,-0.0623951437888672,-0.0267628498092877,1,1,-0.0369578807405408
184,"B_smooth_logistic",3400,0.85,-0.0409079724622339,-0.0408857509125945,0.00612184730018929,-0.051951117018606,-0.03064711701434,1,1,-0.0369932786971575
184,"B_smooth_logistic",4000,1,-0.0407969962112574,-0.0407504708407953,0.00312924542111049,-0.0463686390512452,-0.0355047500582167,1,1,-0.037021247221791
185,"A_threshold",1000,0.25,-0.0158854386155026,-0.0155246246270324,0.00263708312010298,-0.0277705735027719,-0.00747055919125672,1,0.058,-0.01
185,"A_threshold",1600,0.4,0.000683132885014329,0.00110831603644715,0.0030574996467124,-0.0130805466012063,0.010593672831371,0.3425,0,-0.0098
185,"A_threshold",2200,0.55,-0.0100820939759116,-0.0096827833344539,0.00383876006627147,-0.0282891898868849,0.00163839752103391,0.998636363636364,0.00772727272727273,-0.00989090909090909
185,"A_threshold",2800,0.7,0.00194145392418929,0.00204040161287024,0.000271520014829281,0.000773559017072739,0.0028511522214561,0,0,-0.0098
185,"A_threshold",3400,0.85,0.00456889020015645,0.00462840242652604,0.0020622558500809,-0.00435586849784317,0.0113466773899236,0.0202941176470588,0,-0.00988235294117647
185,"A_threshold",4000,1,0.00959874937207306,0.00965505730781975,0.00240717164302492,0.00130457836075007,0.0196437322966642,0,0,-0.00963
185,"B_smooth_logistic",1000,0.25,-0.0658494823254549,-0.0659029282867176,0.0239634329059572,-0.108116051484623,-0.0246139252934904,1,1,-0.0375279675900825
185,"B_smooth_logistic",1600,0.4,-0.0375087578820939,-0.0375360840608226,0.00273450195259012,-0.042094899365912,-0.0326482575969528,1,1,-0.0376075967400882
185,"B_smooth_logistic",2200,0.55,-0.0412182825026862,-0.0411802271867322,0.0121004531109658,-0.0623579551063002,-0.0203937127534819,1,1,-0.0373775197464435
185,"B_smooth_logistic",2800,0.7,-0.0327107572974076,-0.0326745955158001,0.00871888589305653,-0.0481403508648507,-0.0178392854393182,1,0.919642857142857,-0.0373342522278465
185,"B_smooth_logistic",3400,0.85,-0.0291039710863957,-0.0290677909602786,0.00275443410538074,-0.0340618220974659,-0.0244755262719633,1,1,-0.0373505752508264
185,"B_smooth_logistic",4000,1,-0.0280543834974215,-0.0280794368630402,0.00356563863724207,-0.0333788533473516,-0.0209663611938983,1,1,-0.0372493055446633
186,"A_threshold",1000,0.25,-0.0243323061119671,-0.0245253731384188,0.0132186836022157,-0.0628262134477185,0.0302554051918988,0.966,0.646,-0.00992
186,"A_threshold",1600,0.4,-0.0161322620209757,-0.0161923938949401,0.0191717541866784,-0.0763618433883864,0.0582570758266079,0.808125,0.429375,-0.00955
186,"A_threshold",2200,0.55,-0.00521550330681761,-0.00525768659236693,0.0210594052475206,-0.0799718757767954,0.0719328950061512,0.591818181818182,0.235,-0.00952727272727273
186,"A_threshold",2800,0.7,0.0015497183003004,0.00152161824163501,0.0168080221613637,-0.0682483263919816,0.059611229794208,0.456071428571429,0.101071428571429,-0.00998571428571429
186,"A_threshold",3400,0.85,-0.00206309642328566,-0.00215220092514806,0.0235498077368954,-0.101539906490756,0.079514146916119,0.523529411764706,0.213823529411765,-0.00998823529411765
186,"A_threshold",4000,1,-0.00623609977759644,-0.00624212753281437,0.0191530981081234,-0.0798708446069152,0.0665248403640159,0.6235,0.22975,-0.00983
186,"B_smooth_logistic",1000,0.25,-0.0185236306316038,-0.0184093427519466,0.0193475333101771,-0.0534839915862078,0.0139878947678934,0.767,0.469,-0.0374153227343867
186,"B_smooth_logistic",1600,0.4,-0.0194018353383094,-0.0194952589148866,0.0152762373559308,-0.0452862084413506,0.00733772742267415,0.865625,0.509375,-0.03707238629044
186,"B_smooth_logistic",2200,0.55,-0.0240919147332501,-0.0240950672310638,0.0183801755618818,-0.0553505925286091,0.00766756567673323,0.873636363636364,0.573181818181818,-0.0372902975834939
186,"B_smooth_logistic",2800,0.7,-0.0229734811089189,-0.0229383772050676,0.019281565127304,-0.0568960232852948,0.00958871963711853,0.841428571428571,0.547142857142857,-0.0373444932974486
186,"B_smooth_logistic",3400,0.85,-0.0247058823529412,-0.0247749324522486,0.0142531593348924,-0.0504375292357097,-0.00143058011642305,1,0.591176470588235,-0.0373939535616648
186,"B_smooth_logistic",4000,1,-0.0226990796318527,-0.022787546560652,0.0215454165609656,-0.0619694310462431,0.0123773675585233,0.807,0.531,-0.0374617197415383
187,"A_threshold",1000,0.25,-0.0207413097753025,-0.0208828134155553,0.0146148745363102,-0.0552356138008352,0.0408832018248851,0.915,0.56,-0.0098
187,"A_threshold",1600,0.4,-0.0148352094805333,-0.0149676184581868,0.0156862742896642,-0.0553031145931482,0.0498175585898449,0.8275,0.38625,-0.00985
187,"A_threshold",2200,0.55,-0.00299508092668993,-0.00314207895046097,0.00966539925962967,-0.0305176125967696,0.0351239257210894,0.646363636363636,0.0372727272727273,-0.00976363636363636
187,"A_threshold",2800,0.7,-0.00677924935350678,-0.00691332994456123,0.00729452168394611,-0.0256650643632864,0.0241298119947572,0.8275,0.0271428571428571,-0.0100428571428571
187,"A_threshold",3400,0.85,-0.00333610188261352,-0.00338591945447633,0.00895885551473718,-0.0276927485779606,0.0351038202822563,0.675294117647059,0.0179411764705882,-0.0102117647058824
187,"A_threshold",4000,1,-0.00605355448199034,-0.00606882233755194,0.00991593286048656,-0.0330708986172497,0.0366783034593194,0.7475,0.06825,-0.0101
187,"B_smooth_logistic",1000,0.25,-0.0732027399014148,-0.0732417065659178,0.00620355375840427,-0.0837533858254442,-0.0617968821491231,1,1,-0.0374276208870435
187,"B_smooth_logistic",1600,0.4,-0.0616746698679472,-0.0616620574487976,0.0109606894662117,-0.0808057205884483,-0.0421208810762302,1,1,-0.037556636070232
187,"B_smooth_logistic",2200,0.55,-0.0512034750528101,-0.0512039489148132,0.00388229231688774,-0.0579503803822938,-0.0442293457974878,1,1,-0.0374186396486406
187,"B_smooth_logistic",2800,0.7,-0.0487344355991019,-0.0487770200866935,0.00145261657350421,-0.0511851367190743,-0.0460671585661193,1,1,-0.0373819671746132
187,"B_smooth_logistic",3400,0.85,-0.0508731609217877,-0.0509349043127151,0.000314949573893087,-0.0513948568203963,-0.0503009632872121,1,1,-0.0373526588686045
187,"B_smooth_logistic",4000,1,-0.0466482516438621,-0.0467524384487343,0.00316865844131183,-0.0524811107213827,-0.0413428219474673,1,1,-0.0373284012921471
188,"A_threshold",1000,0.25,-0.0292008196721311,-0.0266665703971203,0.0555398067917253,-0.125172957764687,0.328791337849417,0.735,0.617,-0.0108
188,"A_threshold",1600,0.4,-0.0224607648488091,-0.0224261226484873,0.0336709034314291,-0.0988958800825072,0.163475339620281,0.77,0.56875,-0.010525
188,"A_threshold",2200,0.55,-0.0240759983169534,-0.0236486144903353,0.0220095493000896,-0.0723373900874534,0.0970128659692036,0.861818181818182,0.595909090909091,-0.0104545454545455
188,"A_threshold",2800,0.7,-0.0295745114079239,-0.02934631344577,0.02816898320786,-0.103688372311863,0.106424541342747,0.848928571428571,0.6375,-0.0102857142857143
188,"A_threshold",3400,0.85,-0.034959498142396,-0.0347221454888524,0.0305909783265319,-0.119250851047564,0.107830690514716,0.870882352941176,0.691176470588235,-0.0101764705882353
188,"A_threshold",4000,1,-0.0372427940321914,-0.037174900119073,0.0214690062490858,-0.105263901067223,0.0565936555538805,0.95525,0.789,-0.01025
188,"B_smooth_logistic",1000,0.25,-0.0277400566417908,-0.0273714108791578,0.00775694780156486,-0.0418791448345661,-0.0150222800281169,1,0.783,-0.0370275110665022
188,"B_smooth_logistic",1600,0.4,-0.0345566882626421,-0.0345411402815784,0.0116518696557271,-0.0553077851886123,-0.0147954775747441,1,0.8525,-0.0372160605814526
188,"B_smooth_logistic",2200,0.55,-0.026373411922694,-0.0263944802587544,0.00345865059914401,-0.0323049960021674,-0.0201750968090305,1,1,-0.0372522645001361
188,"B_smooth_logistic",2800,0.7,-0.0403362630914263,-0.0403032085900898,0.0116752543967523,-0.0608436085168147,-0.0200091161257144,1,1,-0.0370258695448832
188,"B_smooth_logistic",3400,0.85,-0.039479672028236,-0.0395061360588796,0.00732325552808898,-0.052133609662928,-0.0265802562432617,1,1,-0.0371027091879145
188,"B_smooth_logistic",4000,1,-0.0370049103766223,-0.0369680198456862,0.00940367099578188,-0.0533899803706461,-0.0206807413729766,1,1,-0.0371646369234627
189,"A_threshold",1000,0.25,0.0235126084712604,0.023621478705286,0.012750861402786,-0.0169866147904846,0.0689119503905856,0.034,0,-0.00972
189,"A_threshold",1600,0.4,0.0292990206573019,0.0292960199979238,0.00254298909595673,0.0189576690785258,0.036732368179062,0,0,-0.009575
189,"A_threshold",2200,0.55,0.0185365176339906,0.0183886933614572,0.0117813303729272,-0.00982100573640993,0.0769093215550951,0.0404545454545455,0,-0.00996363636363636
189,"A_threshold",2800,0.7,0.0119860139360627,0.0120605175613151,0.013488969385541,-0.021315508142647,0.0816415154981503,0.180357142857143,0.000357142857142857,-0.00991428571428571
189,"A_threshold",3400,0.85,0.00951301186773147,0.00956595903670576,0.0119835994367884,-0.0236233413850145,0.0660571217553,0.215294117647059,0.000882352941176471,-0.0098
189,"A_threshold",4000,1,0.00424908776646821,0.00433219231131887,0.0139253279517705,-0.0346267419341335,0.0716410914239728,0.39625,0.0255,-0.00956
189,"B_smooth_logistic",1000,0.25,-0.0361630879652412,-0.036831989324414,0.00832090616682096,-0.0522570238607158,-0.0241506013368036,1,1,-0.0373453712760017
189,"B_smooth_logistic",1600,0.4,-0.0497437796833464,-0.0499081652358597,0.0019546623956722,-0.053312750619763,-0.046630603199029,1,1,-0.0370916306190359
189,"B_smooth_logistic",2200,0.55,-0.0429244892895542,-0.0431197491899368,0.00869223111460029,-0.0593545141291976,-0.0292579723997948,1,1,-0.0367881000622463
189,"B_smooth_logistic",2800,0.7,-0.0326390419513629,-0.0328253964569583,0.011687032371227,-0.0546619793449728,-0.0140046284876931,1,0.825357142857143,-0.0367034077680707
189,"B_smooth_logistic",3400,0.85,-0.0304721429532888,-0.0306004715261971,0.019120221117771,-0.0659418185519507,0.000884392064266187,0.986764705882353,0.646764705882353,-0.0368332402692626
189,"B_smooth_logistic",4000,1,-0.0282488135598305,-0.0282945089362011,0.0151713045156862,-0.0556808384690318,-0.00258607128695561,1,0.65075,-0.0369089884530446
190,"A_threshold",1000,0.25,-0.018463929252311,-0.0188579574984146,0.000170480185844178,-0.0190007016786262,-0.0179194324908727,1,0,-0.01088
190,"A_threshold",1600,0.4,-0.0166731527543992,-0.0172945801114564,0.00712496664260947,-0.0323324048599417,0.0172846218212148,0.9775,0.381875,-0.010525
190,"A_threshold",2200,0.55,-0.0269966161220742,-0.0273441368757857,0.0193836995518549,-0.0745451529685259,0.0611651114574154,0.913636363636364,0.696818181818182,-0.0102727272727273
190,"A_threshold",2800,0.7,-0.0183685801837777,-0.0188697003307781,0.0203755755880839,-0.0701900605559364,0.0732690449808789,0.832142857142857,0.524285714285714,-0.0103428571428571
190,"A_threshold",3400,0.85,-0.0171588907818589,-0.0172648557540529,0.0242517723776322,-0.0937181720181539,0.0772936336904327,0.771176470588235,0.478823529411765,-0.0103764705882353
190,"A_threshold",4000,1,-0.010700452094101,-0.0108711765612302,0.0181733924934297,-0.0657800234960969,0.062961734034785,0.745,0.31925,-0.01039
190,"B_smooth_logistic",1000,0.25,-0.016407068772361,-0.0167929376574698,0.00895286807830052,-0.0346164254168284,-0.00434143960448838,1,0.36,-0.0367012212231155
190,"B_smooth_logistic",1600,0.4,-0.0280515044015241,-0.0278690193345031,0.0129087184221212,-0.0529244825206541,-0.00886978312426906,1,0.649375,-0.0369736802497748
190,"B_smooth_logistic",2200,0.55,-0.0243635485865637,-0.0242906748992933,0.00483626805956138,-0.0332353625220451,-0.0166683347145642,1,0.755909090909091,-0.0370441115959122
190,"B_smooth_logistic",2800,0.7,-0.022928966533138,-0.0228551339032068,0.00151195230099577,-0.0255271117260055,-0.0203510530916136,1,1,-0.0370149728389291
190,"B_smooth_logistic",3400,0.85,-0.0227544512357162,-0.022697673181223,0.00214728839986738,-0.0265911489557356,-0.0192112613614481,1,0.865882352941176,-0.036767499515334
190,"B_smooth_logistic",4000,1,-0.0251744027904446,-0.0251891237612321,0.0109691695949951,-0.0450601737398004,-0.00753403465713176,1,0.6245,-0.0369102173348178
191,"A_threshold",1000,0.25,-0.00713644236320482,-0.00853709464209686,0.016827340110698,-0.0349741039183259,0.0681119900261592,0.743,0.28,-0.01044
191,"A_threshold",1600,0.4,-0.00214919307569067,-0.00249850725463285,0.013457705041961,-0.0311489830414296,0.0555318587258183,0.619375,0.079375,-0.010675
191,"A_threshold",2200,0.55,0.00148480925911826,0.00131550505727742,0.0109025250462892,-0.0297618675101225,0.0480534918049783,0.474090909090909,0.0154545454545455,-0.0104181818181818
191,"A_threshold",2800,0.7,-0.0013191002551928,-0.00147760293770181,0.0100747602858107,-0.034219931848889,0.0390967523946784,0.583214285714286,0.0260714285714286,-0.0107714285714286
191,"A_threshold",3400,0.85,-0.0021668427384989,-0.00228690561116461,0.00556158124515988,-0.0188257803961767,0.0237457937584953,0.685294117647059,0,-0.0106235294117647
191,"A_threshold",4000,1,-0.0109050027262507,-0.010959420272813,0.00686436033801895,-0.0311298880385083,0.0215512603556309,0.9345,0.08125,-0.01074
191,"B_smooth_logistic",1000,0.25,-0.00513794706551884,-0.00633051229689388,0.00948769620751666,-0.0204014957341528,0.0118237003625459,0.701,0.019,-0.0368214367009449
191,"B_smooth_logistic",1600,0.4,-0.0306156260354734,-0.03089647536915,0.00290041161570648,-0.035557685676759,-0.0256070103447798,1,1,-0.0369789580505212
191,"B_smooth_logistic",2200,0.55,-0.0279775188032069,-0.0283007576556649,0.00372441478864604,-0.0339639374185149,-0.0212173412839538,1,1,-0.0370878668556728
191,"B_smooth_logistic",2800,0.7,-0.0359724418630166,-0.0361292814101002,0.0103235975711504,-0.0528689474975607,-0.0175528770293435,1,0.933928571428571,-0.0370152391312462
191,"B_smooth_logistic",3400,0.85,-0.0351910156370296,-0.0353081643886692,0.0172157632220139,-0.0635881433173233,-0.00438848184713603,1,0.757352941176471,-0.0369618630158296
191,"B_smooth_logistic",4000,1,-0.0339745277294638,-0.0339597090734544,0.0135917826906414,-0.0577769196101879,-0.010966356847368,1,0.79975,-0.0369245098525449
192,"A_threshold",1000,0.25,-0.0485633671671503,-0.0484898050017071,0.00710620566813103,-0.0681607924513599,-0.0262873968696645,1,1,-0.01036
192,"A_threshold",1600,0.4,-0.0107711735140407,-0.010780690717155,0.00761950081467688,-0.034016606610599,0.013209497456602,0.92125,0.1175,-0.010225
192,"A_threshold",2200,0.55,-0.00659796234293369,-0.00661338586700233,0.00582348613882329,-0.0285309370335066,0.0126932357744078,0.875,0.00909090909090909,-0.0104181818181818
192,"A_threshold",2800,0.7,-0.00284220987943579,-0.00297586820507118,0.00996424154989251,-0.0381294709005295,0.0336338597208988,0.620714285714286,0.0364285714285714,-0.0102571428571429
192,"A_threshold",3400,0.85,-0.0110519461216327,-0.0110678333480835,0.0100571770585957,-0.0484980540847165,0.0238224891259763,0.864705882352941,0.192352941176471,-0.0100235294117647
192,"A_threshold",4000,1,-0.01106996296667,-0.011082833620964,0.00267664174764658,-0.0202787316637569,-0.000578435602024863,1,0.00025,-0.00994
192,"B_smooth_logistic",1000,0.25,-0.0344591647693853,-0.0343106141972478,0.0418638606964091,-0.10597670568074,0.0446005227330597,0.753,0.622,-0.0381349100438871
192,"B_smooth_logistic",1600,0.4,-0.0332328455848684,-0.033175440230634,0.0258086918394354,-0.0771222482077655,0.0134334056949631,0.866875,0.656875,-0.037897419785225
192,"B_smooth_logistic",2200,0.55,-0.0449375981486073,-0.0451637763458524,0.0303861411483251,-0.0935751161679814,0.0132718711058482,0.900454545454546,0.752727272727273,-0.0375495596266079
192,"B_smooth_logistic",2800,0.7,-0.0415490007903065,-0.0416468600668111,0.0205444762467694,-0.0755349027214523,-0.00402572415314796,1,0.804642857142857,-0.0373849094202424
192,"B_smooth_logistic",3400,0.85,-0.0431365709983169,-0.0430883321388143,0.024737374399316,-0.0863500756487747,-0.000512585957301318,1,0.770882352941176,-0.0373475165037604
192,"B_smooth_logistic",4000,1,-0.0408934406330171,-0.0408871762679937,0.0215500503699393,-0.0785011357095318,-0.00402156515331774,1,0.7825,-0.0373208006145303
193,"A_threshold",1000,0.25,0.00505891393442623,0.00502512781533516,0.0160445701854517,-0.0405786694195741,0.0637089404775518,0.381,0.056,-0.01064
193,"A_threshold",1600,0.4,0.00539986340142944,0.0053825302050873,0.0123848096144474,-0.03658857147497,0.0438503401951043,0.32,0.026875,-0.010025
193,"A_threshold",2200,0.55,-0.00119102819372846,-0.00122232555416531,0.00135943205591599,-0.00521953875626993,0.00394616174447175,0.820454545454545,0,-0.00996363636363636
193,"A_threshold",2800,0.7,-0.00627205577700626,-0.00632008324140097,0.00720869772506906,-0.0356635451049661,0.0139035023210125,0.812142857142857,0.0371428571428571,-0.00978571428571429
193,"A_threshold",3400,0.85,-0.00109885355829549,-0.00103289048339538,0.00831724150563628,-0.0338968675654908,0.024215252497548,0.528235294117647,0.015,-0.00975294117647059
193,"A_threshold",4000,1,0.00129587450773273,0.00133921548627524,0.0107148780386339,-0.0412350854577302,0.0356825177723728,0.4405,0.0305,-0.00975
193,"B_smooth_logistic",1000,0.25,-0.0297229722972297,-0.0286393317615618,0.00878468933573699,-0.0452589549082766,-0.0149471621208581,1,0.802,-0.0373936149080953
193,"B_smooth_logistic",1600,0.4,-0.0312205061534711,-0.0310993543615378,0.00502301237025988,-0.0399224831425888,-0.0226695334552242,1,1,-0.0374072908154767
193,"B_smooth_logistic",2200,0.55,-0.027301533763379,-0.0270276660391629,0.00725639993204508,-0.040010887547858,-0.015125488370583,1,0.777727272727273,-0.0372992756355536
193,"B_smooth_logistic",2800,0.7,-0.0272810777709737,-0.0270195922816014,0.00314709079786929,-0.0326005901341023,-0.0218415716313338,1,1,-0.0372551080547041
193,"B_smooth_logistic",3400,0.85,-0.0304669719639624,-0.0302437829383188,0.00114876552363316,-0.0322270617583272,-0.0282896232452886,1,1,-0.0372010285649541
193,"B_smooth_logistic",4000,1,-0.0321388573067442,-0.0319111954361413,0.00424118367508504,-0.0395755343657284,-0.025065327386931,1,1,-0.0371499157952439
194,"A_threshold",1000,0.25,0.0076560306241225,0.00786193205867633,0.0172092063501777,-0.0434445946753374,0.0668612394284753,0.321,0.058,-0.01028
194,"A_threshold",1600,0.4,0.00938294444765629,0.00945804303364792,0.0033876007986365,-0.00840203722471551,0.0184767709486987,0.00625,0,-0.01015
194,"A_threshold",2200,0.55,0.00616610280475827,0.00624776569749952,0.00993059170991647,-0.0406193235521979,0.0353813879870664,0.251363636363636,0.00772727272727273,-0.0100363636363636
194,"A_threshold",2800,0.7,-0.00014085110813078,-0.000179125807866651,0.000796241273674723,-0.00452902038658889,0.00187770116936867,0.560714285714286,0,-0.0100714285714286
194,"A_threshold",3400,0.85,-0.00271922872785174,-0.00299711764194789,0.00513602963944167,-0.0151425780576409,0.0297936213546088,0.749411764705882,0,-0.0101764705882353
194,"A_threshold",4000,1,-0.00411983528665821,-0.00428710077255196,0.0113944004826281,-0.0356038545615339,0.0732786567970347,0.67325,0.065,-0.01017
194,"B_smooth_logistic",1000,0.25,-0.0542762171048684,-0.0544196198971219,0.00514422968256394,-0.0624331028046519,-0.0451229079838383,1,1,-0.0369786630495702
194,"B_smooth_logistic",1600,0.4,-0.0410828766919948,-0.0407038575733255,0.000649672590797585,-0.0417427318099771,-0.0395558066017833,1,1,-0.0371034945956081
194,"B_smooth_logistic",2200,0.55,-0.0409619893698175,-0.040584296921171,0.0110718015266729,-0.0604685967221286,-0.0228193949427005,1,1,-0.0372457956542854
194,"B_smooth_logistic",2800,0.7,-0.0304744644723093,-0.0301635799991576,0.00793909063104736,-0.044628951115912,-0.0176344953025056,1,0.886428571428571,-0.0373470083396245
194,"B_smooth_logistic",3400,0.85,-0.0353722783069058,-0.0351940776701608,0.00838075954908641,-0.0500739838827213,-0.0216440387866173,1,1,-0.0374016854970389
194,"B_smooth_logistic",4000,1,-0.0355328781631312,-0.0353522723053235,0.00778278522484924,-0.0492636989238574,-0.0227908817647039,1,1,-0.0373042927957194
195,"A_threshold",1000,0.25,-0.0353812737258541,-0.035382828824181,0.00424644534645486,-0.0474755287221334,-0.0179264603606518,1,0.999,-0.00996
195,"A_threshold",1600,0.4,-0.0389511937790629,-0.0386905945598007,0.0108938470823553,-0.0652590049282547,0.0151649691565695,0.998125,0.945625,-0.010225
195,"A_threshold",2200,0.55,-0.0352317085376839,-0.0350317178879878,0.0251214840240393,-0.114323083267255,0.0773718520772727,0.915909090909091,0.742727272727273,-0.0105636363636364
195,"A_threshold",2800,0.7,-0.0389870531383215,-0.0389850558811457,0.0245736762992303,-0.129819714614663,0.0587452015401537,0.941785714285714,0.774642857142857,-0.0103142857142857
195,"A_threshold",3400,0.85,-0.0358111849390919,-0.0357719543321466,0.0250139381198618,-0.128866548938425,0.0633685373379875,0.919411764705882,0.739117647058824,-0.0102588235294118
195,"A_threshold",4000,1,-0.0310207425054834,-0.0310829319600979,0.0234253050162338,-0.111234561486606,0.0672808920093192,0.90175,0.69275,-0.01021
195,"B_smooth_logistic",1000,0.25,-0.0228874155226293,-0.0227531091257309,0.0035754931629456,-0.0278266725454061,-0.0153990531747987,1,0.741,-0.0372340108146365
195,"B_smooth_logistic",1600,0.4,-0.0396413380417095,-0.0396490111243104,0.00478198858179877,-0.0480594210836917,-0.0314144087319619,1,1,-0.0367550662198269
195,"B_smooth_logistic",2200,0.55,-0.0519712550125064,-0.0519816744735694,0.000665298199478297,-0.0531741379391141,-0.0508444466740516,1,1,-0.0367877597259071
195,"B_smooth_logistic",2800,0.7,-0.0511432414943282,-0.0511429045336047,0.00811562913286824,-0.0654760412564337,-0.0369412635283733,1,1,-0.0368733169890164
195,"B_smooth_logistic",3400,0.85,-0.0477025439879449,-0.0477087597428638,0.00708516448616573,-0.0603164996185254,-0.0355297423814198,1,1,-0.0368065066080595
195,"B_smooth_logistic",4000,1,-0.0427018664617281,-0.0426971935920083,0.0125541151351893,-0.0649722737589706,-0.0211136318627873,1,1,-0.0367985941579635
196,"A_threshold",1000,0.25,0.0166666666666667,0.0160701878912542,0.0299876814388344,-0.103623157569103,0.0950552889333712,0.26,0.119,-0.00976
196,"A_threshold",1600,0.4,0.0153750844784862,0.0150328550951783,0.0145177574848776,-0.0373214660026114,0.0564284964917841,0.155,0.015625,-0.010125
196,"A_threshold",2200,0.55,0.00309320982549004,0.00246135103228618,0.0208550079479039,-0.0792092766332091,0.0565994403663557,0.425,0.142272727272727,-0.0102909090909091
196,"A_threshold",2800,0.7,0.00221941606398042,0.00173382682219943,0.0173259104946301,-0.0703855943282365,0.044003282785152,0.426428571428571,0.113571428571429,-0.0104428571428571
196,"A_threshold",3400,0.85,-9.41223368915306e-05,-0.000449741994570061,0.00963134639815034,-0.0426298806541393,0.0247134263818771,0.477352941176471,0.0355882352941176,-0.0105176470588235
196,"A_threshold",4000,1,-0.00731689816718788,-0.00757007202611555,0.0011158125311105,-0.010349737855368,-0.00257272476735099,1,0,-0.01042
196,"B_smooth_logistic",1000,0.25,-0.0136680546722187,-0.0135943523491304,0.00693117693808263,-0.025430301904923,-0.00142758052797975,1,0.24,-0.0377495689133992
196,"B_smooth_logistic",1600,0.4,-0.0168818241058634,-0.0170955376491382,0.00328045467941477,-0.0230991496734102,-0.0116584053314351,1,0.241875,-0.0375672928494635
196,"B_smooth_logistic",2200,0.55,-0.0310378313601521,-0.0310133563924073,0.00208276108216885,-0.0346325438848575,-0.0274343310231238,1,1,-0.0374282982218855
196,"B_smooth_logistic",2800,0.7,-0.0353876869401235,-0.0353637457203335,0.00123752542248867,-0.0374786729320424,-0.0332040934501152,1,1,-0.037515458638408
196,"B_smooth_logistic",3400,0.85,-0.0276470588235294,-0.027627772396378,0.000756409186487286,-0.0289377245916262,-0.0263212033819594,1,1,-0.0374524904689518
196,"B_smooth_logistic",4000,1,-0.02844230382661,-0.0284130410977398,0.00557856975466975,-0.0381564201319939,-0.0189348291312002,1,0.9395,-0.0374514650191638
197,"A_threshold",1000,0.25,-0.0340739672005002,-0.0329616683664023,0.0027692082985389,-0.0355899336393779,-0.0187655073055958,1,0.997,-0.01084
197,"A_threshold",1600,0.4,-0.0267115403863477,-0.0265027966741253,0.0265006103554054,-0.09100717829435,0.0730981883542888,0.8475,0.64875,-0.0103
197,"A_threshold",2200,0.55,-0.0199876998769988,-0.0199064711318139,0.0132407923213514,-0.0533725308035523,0.0283235501996573,0.915454545454545,0.540909090909091,-0.0104
197,"A_threshold",2800,0.7,-0.0169333913125139,-0.0171245019125911,0.00697407331519751,-0.0349723714645716,0.0134647340689076,0.981071428571429,0.375,-0.0102285714285714
197,"A_threshold",3400,0.85,-0.0229443270083986,-0.0231592858667368,0.00180217659608278,-0.026687572541192,-0.0142250555874006,1,0.941470588235294,-0.0102117647058824
197,"A_threshold",4000,1,-0.0252914517893421,-0.0254394494761706,0.0108579270615825,-0.0570161159026384,0.0174041017845574,0.98175,0.716,-0.01026
197,"B_smooth_logistic",1000,0.25,-0.0388406214499432,-0.03896449330795,0.00184692199540284,-0.0422772833379238,-0.0357977896032751,1,1,-0.0370803950813692
197,"B_smooth_logistic",1600,0.4,-0.0279376746104663,-0.0282902653668234,0.0151678092469481,-0.0566531077812637,-0.00298236927492863,1,0.6575,-0.0370765508379019
197,"B_smooth_logistic",2200,0.55,-0.0340696748984083,-0.0342061719442241,0.0204300328854321,-0.072188736590881,2.74805224094732e-05,0.999090909090909,0.702727272727273,-0.0369924700433734
197,"B_smooth_logistic",2800,0.7,-0.0214485707331336,-0.0214215940702322,0.0176136951142872,-0.0537395891567032,0.00800955893149813,0.859285714285714,0.505,-0.0374335199704516
197,"B_smooth_logistic",3400,0.85,-0.0265997589578508,-0.0265237472068893,0.0161464972597997,-0.0556013240651708,0.000958525534377294,0.983235294117647,0.611764705882353,-0.0374066363511879
197,"B_smooth_logistic",4000,1,-0.025523918861079,-0.02540570644564,0.0121300313628956,-0.0472045976408281,-0.0048243774001009,1,0.62425,-0.0374795274705967
198,"A_threshold",1000,0.25,0.00899341124416871,0.00922267650363706,0.00797934646281608,-0.0177042056315676,0.0341822062429957,0.12,0,-0.01048
198,"A_threshold",1600,0.4,-0.00238795147207518,-0.00123530232895596,0.00934848336610608,-0.0440236515594863,0.019979871436056,0.511875,0.03625,-0.01015
198,"A_threshold",2200,0.55,-0.0115650126957258,-0.0108976356004245,0.00150340029055742,-0.0139457100806477,-0.00372584917248528,1,0,-0.0100727272727273
198,"A_threshold",2800,0.7,-0.00967838553426291,-0.00913167010235179,0.00785883473272265,-0.0293533959469657,0.0222374371693118,0.871071428571429,0.0671428571428571,-0.0101714285714286
198,"A_threshold",3400,0.85,-0.00809093807320474,-0.00789318796602501,0.00706844149509266,-0.0270258006149914,0.0207255611453769,0.864705882352941,0.0258823529411765,-0.0103529411764706
198,"A_threshold",4000,1,-0.0066108382538905,-0.00638075663664742,0.0102990864089637,-0.0330039849092172,0.036830701250795,0.75475,0.07325,-0.01044
198,"B_smooth_logistic",1000,0.25,-0.0333834586466165,-0.0329576905285775,0.0114816416976358,-0.0550756895714805,-0.0156938846589969,1,0.83,-0.0371257494318425
198,"B_smooth_logistic",1600,0.4,-0.0343809428485637,-0.0343105300527127,0.00587837203925009,-0.0439082778030744,-0.0236839303688317,1,1,-0.0369789075048207
198,"B_smooth_logistic",2200,0.55,-0.035112345601356,-0.0351685020915481,0.00547652888866455,-0.0445899123801101,-0.0257642318778575,1,1,-0.0371086136397638
198,"B_smooth_logistic",2800,0.7,-0.0304405650751511,-0.0304101738295659,0.00871332064927398,-0.0450350187060003,-0.0151542061816388,1,0.838928571428571,-0.0371448908499234
198,"B_smooth_logistic",3400,0.85,-0.0379311551387675,-0.0378501253592503,0.00466706067650014,-0.0455395877359728,-0.0295205353357101,1,1,-0.03699167384179
198,"B_smooth_logistic",4000,1,-0.0334766710809088,-0.0333747511139787,0.00204973321575126,-0.0367027023123388,-0.0296593793065657,1,1,-0.0370844426789682
199,"A_threshold",1000,0.25,-0.0350601946721311,-0.0341455138734072,0.0418173064464517,-0.145310836998948,0.142027757967403,0.796,0.653,-0.01012
199,"A_threshold",1600,0.4,-0.0203920882198495,-0.0192182804741838,0.0516549433440054,-0.153122631534746,0.217843145986091,0.678125,0.528125,-0.0099
199,"A_threshold",2200,0.55,-0.0126180488107293,-0.0120886304973781,0.0374427055903357,-0.109481761871276,0.149281493674959,0.648636363636364,0.441818181818182,-0.0101090909090909
199,"A_threshold",2800,0.7,-0.00508143614988477,-0.00455867663687477,0.0342087471812934,-0.0967905527534397,0.14956387022276,0.574642857142857,0.343571428571429,-0.00988571428571429
199,"A_threshold",3400,0.85,-0.00374267354000424,-0.00331375206573918,0.0329466181044861,-0.0946277327919352,0.143223529252766,0.567352941176471,0.326470588235294,-0.0100588235294118
199,"A_threshold",4000,1,-0.00339479584700307,-0.00303776739966134,0.0310851735943961,-0.0939353041352154,0.127213677296619,0.558,0.306,-0.01008
199,"B_smooth_logistic",1000,0.25,-0.0484248424842484,-0.0487053150952137,0.0138773911427098,-0.0728690038189736,-0.025186124792557,1,1,-0.0373703327957527
199,"B_smooth_logistic",1600,0.4,-0.052759873432556,-0.0528404446132006,0.0100233238765294,-0.0705100869526385,-0.0357318441823292,1,1,-0.0370795467903277
199,"B_smooth_logistic",2200,0.55,-0.0604536336729979,-0.0606096331150824,0.0156692270281166,-0.0884835106159188,-0.0343024704831002,1,1,-0.0372606780690644
199,"B_smooth_logistic",2800,0.7,-0.0629829462110486,-0.0630133309277617,0.00467606942537453,-0.0712210561189978,-0.0550432858527575,1,1,-0.0372061929556985
199,"B_smooth_logistic",3400,0.85,-0.0601295423660013,-0.0602328453837035,0.0107661701328177,-0.0794264979615679,-0.0420856036324453,1,1,-0.0371254775362416
199,"B_smooth_logistic",4000,1,-0.0566789169729243,-0.0567828555997439,0.0135658724295899,-0.0812225682013947,-0.0339941612995321,1,1,-0.0372903587732964
200,"A_threshold",1000,0.25,-0.0153929851510497,-0.0156778982450491,0.00211625582041988,-0.0217290319813549,-0.00802398656448559,1,0.013,-0.00984
200,"A_threshold",1600,0.4,-0.00612464065804716,-0.00636225823062138,0.0148783627037466,-0.0475343550984607,0.0534596127030809,0.688125,0.17625,-0.0096
200,"A_threshold",2200,0.55,-0.00238941615099854,-0.00241830349155067,0.0112614664324298,-0.0381364323325009,0.0359876502938366,0.588636363636364,0.0572727272727273,-0.00950909090909091
200,"A_threshold",2800,0.7,-0.00786630195027346,-0.00787715133655869,0.000569297001566011,-0.00946841834247393,-0.00572885810882612,1,0,-0.00978571428571429
200,"A_threshold",3400,0.85,-0.00114717354088351,-0.00125608815081151,0.00727231788041508,-0.0208613741385571,0.0268654004490178,0.592058823529412,0.000882352941176471,-0.0100941176470588
200,"A_threshold",4000,1,-0.00720185289079166,-0.0073056758931019,0.0095402361134349,-0.0332279186639044,0.0296840515741053,0.78175,0.0825,-0.00978
200,"B_smooth_logistic",1000,0.25,-0.0221791938039078,-0.0219232697887406,0.00927629281757847,-0.0367398969824866,-0.00479579648859839,1,0.57,-0.0370098062089558
200,"B_smooth_logistic",1600,0.4,-0.0278526504941599,-0.0278794640578483,0.00532559314695989,-0.0378944238243742,-0.0193760629090344,1,0.95875,-0.0370219966406435
200,"B_smooth_logistic",2200,0.55,-0.0334917632163332,-0.0335583052313259,0.00708844977088492,-0.0467222294894744,-0.0219996130232783,1,1,-0.0371780969086698
200,"B_smooth_logistic",2800,0.7,-0.0393027627038048,-0.0393198167426249,0.00703451373293449,-0.0511480172099294,-0.0264858653939467,1,1,-0.0370987893543715
200,"B_smooth_logistic",3400,0.85,-0.0340314897187024,-0.0340535243099523,0.00091433143680521,-0.0356860206964979,-0.03249424713394,1,1,-0.0369656813118945
200,"B_smooth_logistic",4000,1,-0.0398793964621228,-0.0398573788531098,0.00490232549639065,-0.0483208858437059,-0.0312259190247292,1,1,-0.0370548268764051
201,"A_threshold",1000,0.25,0.0078525641025641,0.00794090363146596,0.0153879856845578,-0.048337387361654,0.0583315251068318,0.301,0.032,-0.01024
201,"A_threshold",1600,0.4,0.00360576923076923,0.00376236315564337,0.00623690564543321,-0.0217973454317847,0.0206280721145193,0.26,0.000625,-0.010375
201,"A_threshold",2200,0.55,-0.0059405400536037,-0.00584706414719476,0.00108403946301255,-0.00902068751420664,-0.0016999640419053,1,0,-0.0101636363636364
201,"A_threshold",2800,0.7,-0.00837383322549239,-0.0083642419915273,0.00337905987214631,-0.0181817309419847,0.00449336491683269,0.986785714285714,0,-0.0100142857142857
201,"A_threshold",3400,0.85,-0.008517451168748,-0.00856376134941094,0.00790498666760412,-0.0407957407024299,0.0125009378382035,0.863823529411765,0.0861764705882353,-0.00990588235294118
201,"A_threshold",4000,1,-0.00760785506408325,-0.00761993051280613,0.00806861746286214,-0.0406825037681934,0.0139426085235361,0.82975,0.07225,-0.00986
201,"B_smooth_logistic",1000,0.25,-0.0354264923324745,-0.035153865425688,0.0530742803600677,-0.120432028018126,0.0631095352588131,0.702,0.595,-0.0374048842572144
201,"B_smooth_logistic",1600,0.4,-0.0529437613277224,-0.0520579274003157,0.0467630683926051,-0.145033366717373,0.0174913182532454,0.844375,0.675625,-0.0369099322098729
201,"B_smooth_logistic",2200,0.55,-0.0467600736770215,-0.046118154966425,0.0381291171377763,-0.119412162138596,0.0118494674083965,0.873181818181818,0.673636363636364,-0.0369098857221893
201,"B_smooth_logistic",2800,0.7,-0.0490385888567206,-0.0486398122480953,0.020247467515674,-0.0856317438773671,-0.0163313688795202,1,0.933214285714286,-0.0369495904930395
201,"B_smooth_logistic",3400,0.85,-0.0407257444092203,-0.0404926903057885,0.0202808941073368,-0.0768407812301701,-0.00720048171261539,1,0.793823529411765,-0.0369159224851034
201,"B_smooth_logistic",4000,1,-0.0433199162356887,-0.0431883403802522,0.0143981429526009,-0.0687973608278591,-0.0193181827176837,1,0.98325,-0.0369908237998628
202,"A_threshold",1000,0.25,-0.0396161584646339,-0.0397823351809461,0.00939180524992112,-0.0716686961733708,-0.00363195870288947,1,0.988,-0.00988
202,"A_threshold",1600,0.4,-0.0475721707879214,-0.047760678807962,0.00806596583165655,-0.0766981727139925,-0.0187501192278283,1,0.999375,-0.0098
202,"A_threshold",2200,0.55,-0.0447083014118194,-0.0448704819389436,0.0213516506072774,-0.131152913978248,0.0216574547891335,0.994545454545455,0.882727272727273,-0.0101272727272727
202,"A_threshold",2800,0.7,-0.0443251853813424,-0.0442876389957181,0.00948318441559152,-0.0799895133607722,-0.0113933940488059,1,0.997857142857143,-0.0100571428571429
202,"A_threshold",3400,0.85,-0.0363865881206538,-0.0364242883811355,0.000157162794962608,-0.0365388091112887,-0.0351837106147233,1,1,-0.0101058823529412
202,"A_threshold",4000,1,-0.0293262229761086,-0.0291229472764127,0.00339933021342912,-0.0366790154759393,-0.01349638755924,1,0.9875,-0.01035
202,"B_smooth_logistic",1000,0.25,-0.0286866031679883,-0.0300825455812666,0.0158905680140315,-0.0527236011741666,0.00310344123889844,0.97,0.713,-0.0372461900111532
202,"B_smooth_logistic",1600,0.4,-0.0131552621048419,-0.0151151696293361,0.0153121923598388,-0.0359780932660477,0.0168705441455088,0.784375,0.46875,-0.0372661263109798
202,"B_smooth_logistic",2200,0.55,-0.0181410356010592,-0.0189476342607165,0.0212193759947489,-0.0518278241473028,0.0214672986851543,0.759545454545455,0.512272727272727,-0.0374056399499077
202,"B_smooth_logistic",2800,0.7,-0.0214707913039085,-0.0219706109969538,0.0175442659304578,-0.0500504803940975,0.010440400269477,0.848214285714286,0.556428571428571,-0.0373344964840013
202,"B_smooth_logistic",3400,0.85,-0.0261697922030464,-0.0262837030940439,0.0182952484193338,-0.0572319825609448,0.00636683772140724,0.91,0.607352941176471,-0.0372467636476857
202,"B_smooth_logistic",4000,1,-0.024745618640466,-0.0247202903980442,0.0160570930409793,-0.0526720155991763,0.00298686929628694,0.94525,0.5815,-0.0371646057182526
203,"A_threshold",1000,0.25,0.00922124575020847,0.00926198275243732,0.0112168607570249,-0.0403044131212535,0.035378497916363,0.185,0.019,-0.00948
203,"A_threshold",1600,0.4,-0.00516072347058262,-0.00537868071188269,0.0218115616284274,-0.085416954106562,0.0627706246832287,0.58375,0.23625,-0.009975
203,"A_threshold",2200,0.55,0.00027107527628191,0.000160152261144276,0.0152119671168603,-0.0532180930129609,0.050055294014195,0.481363636363636,0.1,-0.0102181818181818
203,"A_threshold",2800,0.7,-0.0046124802285831,-0.00453290708783509,0.012760728023657,-0.0430927714120122,0.0449660714692423,0.645,0.115,-0.0103
203,"A_threshold",3400,0.85,-0.0045314653168616,-0.00441619719958078,0.0111837967188821,-0.0369452564223371,0.0405134269354324,0.665882352941176,0.0779411764705882,-0.0104117647058824
203,"A_threshold",4000,1,-0.00870601603863518,-0.00866386905934681,0.00922885892057034,-0.0364401576843857,0.02768178535745,0.82875,0.112,-0.01022
203,"B_smooth_logistic",1000,0.25,-0.0263607586071659,-0.0265945541643553,0.0167771443953545,-0.0601447201510642,-0.000722383195908213,1,0.585,-0.0370254031950553
203,"B_smooth_logistic",1600,0.4,-0.0265510235974371,-0.0265604146819254,0.0241152210573836,-0.0689624376671405,0.0147702214154041,0.818125,0.57,-0.0373023709895045
203,"B_smooth_logistic",2200,0.55,-0.0344296127743455,-0.0344250631471344,0.024318479757051,-0.0775441653438275,0.00754185162377448,0.915909090909091,0.671818181818182,-0.0374355183170462
203,"B_smooth_logistic",2800,0.7,-0.0301231382283773,-0.0300510096440404,0.0286134488680094,-0.0849272682835152,0.0161333663630701,0.8125,0.586428571428571,-0.0373628990938224
203,"B_smooth_logistic",3400,0.85,-0.0366814548406957,-0.0367415043254357,0.0354724531806614,-0.105481883241483,0.019192645171285,0.810294117647059,0.619705882352941,-0.0373447535593982
203,"B_smooth_logistic",4000,1,-0.0371141666785445,-0.0368443342304449,0.0311257048859647,-0.0960134813287518,0.0125752989633294,0.86,0.64025,-0.0374047865623164
204,"A_threshold",1000,0.25,0.00493038630697258,0.00784694297768446,0.000660386233569977,0.00169574114443355,0.00827818803638505,0,0,-0.0106
204,"A_threshold",1600,0.4,-0.00120481927710843,0.000307671470771383,0.00839076472196973,-0.0151429532398413,0.0436653003775694,0.548125,0,-0.0104
204,"A_threshold",2200,0.55,-0.00836383942421046,-0.00743693571402745,0.00544862551406331,-0.018264103456474,0.0192255975408261,0.903181818181818,0,-0.0104727272727273
204,"A_threshold",2800,0.7,-0.00577084350989378,-0.00529315116841018,0.00703466756141583,-0.0216686312492674,0.0264377413799958,0.785,0.00392857142857143,-0.0104285714285714
204,"A_threshold",3400,0.85,-0.0112975484780023,-0.0110617250309371,0.0050042140403586,-0.0227582084253974,0.0114585085840765,0.973823529411765,0.0129411764705882,-0.0101294117647059
204,"A_threshold",4000,1,-0.0110704797624629,-0.0107341094032789,0.000780978614583656,-0.0121311682014365,-0.0066613655659154,1,0,-0.01027
204,"B_smooth_logistic",1000,0.25,-0.0500448258196721,-0.0491345315135159,0.0217380624724054,-0.0948813699723265,-0.0181826887187786,1,0.96,-0.0369741383490884
204,"B_smooth_logistic",1600,0.4,-0.0433543354335433,-0.0424198032920569,0.0116458822238168,-0.0657102335093444,-0.0246561286005444,1,1,-0.0372743654430197
204,"B_smooth_logistic",2200,0.55,-0.0557605149107931,-0.0551743069841846,0.00410131143819959,-0.0624405203311643,-0.0481041621110665,1,1,-0.0373190771755044
204,"B_smooth_logistic",2800,0.7,-0.0532965911410492,-0.0528645221591303,0.00405333751237124,-0.0590071105702404,-0.0448890543621209,1,1,-0.0370199545069018
204,"B_smooth_logistic",3400,0.85,-0.0513547181563376,-0.0511116016296753,0.00254828920187103,-0.0551391541490023,-0.0462927752506911,1,1,-0.0370026979243314
204,"B_smooth_logistic",4000,1,-0.0564790332451968,-0.0561391986205407,0.00729032024761288,-0.0673529341288861,-0.0420759097171541,1,1,-0.0370828542767562
205,"A_threshold",1000,0.25,-0.0311060783693917,-0.0311175205908024,0.00854992609512317,-0.0569591171780349,-0.00359126121438248,1,0.898,-0.01052
205,"A_threshold",1600,0.4,-0.00874098537018619,-0.0086156666764334,0.00643739817417389,-0.0265060822099876,0.0167421614605545,0.903125,0.028125,-0.010475
205,"A_threshold",2200,0.55,-0.00142254569514515,-0.00123837969021977,0.00740364420856591,-0.0192866428758066,0.0307768514677522,0.595,0,-0.0105090909090909
205,"A_threshold",2800,0.7,-0.0121307144709094,-0.0117950718704258,0.00844818459340481,-0.0311889019590607,0.0271226070265282,0.91,0.166785714285714,-0.0103142857142857
205,"A_threshold",3400,0.85,-0.0200031559889042,-0.0197660024044498,0.00817328218612002,-0.0370270975227246,0.019943317383918,0.975588235294118,0.537647058823529,-0.0102470588235294
205,"A_threshold",4000,1,-0.0138428228532894,-0.013586075253541,0.0103262974144606,-0.038139788679622,0.0324287859363933,0.89875,0.2825,-0.01029
205,"B_smooth_logistic",1000,0.25,-0.0501338905099847,-0.0498633079177355,0.0311966999558629,-0.10319733463288,0.00695274943306193,0.949,0.773,-0.0378109669094462
205,"B_smooth_logistic",1600,0.4,-0.0395253149226699,-0.0390052761829273,0.0400535468476133,-0.112782218921056,0.0307156572849695,0.7825,0.638125,-0.037350518953298
205,"B_smooth_logistic",2200,0.55,-0.0430551147783772,-0.0428509421874447,0.0379072257796985,-0.109537198676293,0.0255171696334363,0.823181818181818,0.682727272727273,-0.0374918748050379
205,"B_smooth_logistic",2800,0.7,-0.0388462961309334,-0.0387627861891791,0.0329913275407747,-0.0970130468845227,0.0201919453347873,0.841428571428571,0.669642857142857,-0.0372731610791587
205,"B_smooth_logistic",3400,0.85,-0.0386097433272739,-0.0385400375891065,0.0315870265090753,-0.0961883322201219,0.016380822609128,0.857647058823529,0.671470588235294,-0.0373751716812599
205,"B_smooth_logistic",4000,1,-0.0364077275482972,-0.0362903729391724,0.0288893092218852,-0.0881312918028574,0.0145118078995335,0.8655,0.66425,-0.0373401576691743
206,"A_threshold",1000,0.25,-0.0131534651084499,-0.0114306257101596,0.014202586326977,-0.0280289307754703,0.0956713292635744,0.831,0.305,-0.0108
206,"A_threshold",1600,0.4,0.00696319631963196,0.00845140071826726,0.0141121016337101,-0.0251267017915478,0.081589448840908,0.3,0.0025,-0.01065
206,"A_threshold",2200,0.55,-0.00285958921091867,-0.0016532065874114,0.0281915015643785,-0.0741473429652426,0.144932716205617,0.571363636363636,0.278636363636364,-0.0103272727272727
206,"A_threshold",2800,0.7,-0.0105296243910105,-0.00983000319927888,0.0273685756181349,-0.0856115068485508,0.128183566729095,0.676785714285714,0.4025,-0.0103714285714286
206,"A_threshold",3400,0.85,-0.00717447411475075,-0.0066035947881535,0.0233344797176484,-0.0726821257731897,0.10972600509711,0.647058823529412,0.310882352941176,-0.0100823529411765
206,"A_threshold",4000,1,-0.000384911759166787,-6.42587729314512e-05,0.0187398313445404,-0.0558852280920967,0.0905600878144672,0.536,0.13425,-0.01009
206,"B_smooth_logistic",1000,0.25,-0.0272781340920416,-0.0281766011329812,0.00660925704335392,-0.0404403987026923,-0.017748832921419,1,0.872,-0.0374664951422624
206,"B_smooth_logistic",1600,0.4,-0.0274291973087154,-0.0287830525250489,0.0274996024097623,-0.0802876580916538,0.0146610469349282,0.810625,0.564375,-0.0377404978385817
206,"B_smooth_logistic",2200,0.55,-0.0296650353749697,-0.0303795689318899,0.0203617366653913,-0.0669461513966917,0.00330663713552951,0.946818181818182,0.635454545454545,-0.0378996766255306
206,"B_smooth_logistic",2800,0.7,-0.0334177690597833,-0.0337717059348383,0.0180938981762215,-0.0659513314259929,-0.00329737570191731,1,0.717142857142857,-0.0376686735443905
206,"B_smooth_logistic",3400,0.85,-0.0293014389906125,-0.0296313600714235,0.0184653197499233,-0.0634740732406208,0.000341150902899809,0.992647058823529,0.642941176470588,-0.0377816299788784
206,"B_smooth_logistic",4000,1,-0.0300780078007801,-0.0304497181737344,0.02516600953086,-0.0767987036311936,0.0106177510836195,0.85925,0.6095,-0.0376766020141869
207,"A_threshold",1000,0.25,-0.00408858875678098,-0.00409134971804512,0.00379783259121951,-0.0143338110040439,0.00685037889795473,0.849,0,-0.01092
207,"A_threshold",1600,0.4,0.000789162378363517,0.000712398842725558,0.00895952375093454,-0.0247082061571468,0.0369158544825329,0.47,0.008125,-0.0107
207,"A_threshold",2200,0.55,-0.0056506420507938,-0.00568687906978833,0.00496294828558483,-0.0202101602280204,0.0164330406688723,0.873181818181818,0.000454545454545455,-0.0105272727272727
207,"A_threshold",2800,0.7,-0.0191004775119378,-0.0191144514189583,0.0029848265913216,-0.0292812772900304,-0.00758372456213896,1,0.386071428571429,-0.0102428571428571
207,"A_threshold",3400,0.85,-0.0165105234474347,-0.016613878777882,0.00497139725653231,-0.0317023374368227,0.00503653475124211,0.998529411764706,0.259117647058824,-0.0102941176470588
207,"A_threshold",4000,1,-0.0203817337424147,-0.0205038494424137,0.00591358603351124,-0.0382910642482204,0.00623980943787435,0.999,0.54925,-0.01045
207,"B_smooth_logistic",1000,0.25,-0.047678865756669,-0.047327689835511,0.0518746259327297,-0.137963320007945,0.0436090092367501,0.77,0.647,-0.0374054030714841
207,"B_smooth_logistic",1600,0.4,-0.0287627216123628,-0.0289024162127101,0.0517590899423002,-0.126253687013345,0.0546064406222028,0.643125,0.524375,-0.0372079335100641
207,"B_smooth_logistic",2200,0.55,-0.0256389275291165,-0.025638612864487,0.0389749709377995,-0.0959727853730601,0.0391079002334071,0.685,0.522727272727273,-0.037123914953409
207,"B_smooth_logistic",2800,0.7,-0.0293028031164335,-0.0293471764959068,0.0365272235739649,-0.0974190909295696,0.0294688130654204,0.729285714285714,0.551428571428571,-0.0368673410361895
207,"B_smooth_logistic",3400,0.85,-0.0360506638899184,-0.0361675202832445,0.0332210554494762,-0.0962657035794136,0.019153815809086,0.818235294117647,0.63,-0.03703169909076
207,"B_smooth_logistic",4000,1,-0.0377384152585765,-0.0378439597438685,0.027662827387172,-0.0868244908709317,0.00880509951157077,0.8995,0.68225,-0.0370982774321452
208,"A_threshold",1000,0.25,0.0247362326299537,0.024929553264495,0.0284285041918737,-0.0278389365742115,0.188229480852229,0.186,0.015,-0.00864
208,"A_threshold",1600,0.4,0.0102121417287294,0.0105759162698009,0.0339789497568878,-0.0565312566849792,0.202603133807318,0.41375,0.189375,-0.009125
208,"A_threshold",2200,0.55,-0.000808086829592214,-0.000398233204504053,0.0276657879822406,-0.0570306198967746,0.159162056478985,0.566818181818182,0.243181818181818,-0.00921818181818182
208,"A_threshold",2800,0.7,0.00125296391831534,0.00137210570499484,0.0144680755050711,-0.0299654702044473,0.0799967846098271,0.515357142857143,0.0467857142857143,-0.00935714285714286
208,"A_threshold",3400,0.85,-0.0013069289385079,-0.00145609997283507,0.0133414159946083,-0.0362172958383165,0.0628386246442954,0.577647058823529,0.0688235294117647,-0.00949411764705882
208,"A_threshold",4000,1,0.000462084214848155,0.000437699639331834,0.0136262857613828,-0.0388201819687519,0.0605863491833144,0.51425,0.0585,-0.00971
208,"B_smooth_logistic",1000,0.25,-0.00866526792125839,-0.00772757835689654,0.0403084654948024,-0.0854981239134965,0.057723917838371,0.541,0.387,-0.037234433693587
208,"B_smooth_logistic",1600,0.4,-0.00613802489980093,-0.00568562767031848,0.0220858851247756,-0.0465663339248305,0.0305289773852807,0.5625,0.298125,-0.0370159687638087
208,"B_smooth_logistic",2200,0.55,-0.0185133230545907,-0.0173818161678871,0.0280731772277462,-0.0733762276238089,0.025245456155762,0.660454545454545,0.438636363636364,-0.0369092533633416
208,"B_smooth_logistic",2800,0.7,-0.018814763877983,-0.0180146743179913,0.0249262703568434,-0.0666031185870744,0.0201673617270369,0.699642857142857,0.445357142857143,-0.037028858517227
208,"B_smooth_logistic",3400,0.85,-0.0264761904761905,-0.0261545551404775,0.0278108705517631,-0.078746991833987,0.0166791556389534,0.767941176470588,0.536176470588235,-0.03726781490355
208,"B_smooth_logistic",4000,1,-0.0368055967303039,-0.0364295975626404,0.0282090754289025,-0.0887437569458872,0.00823098615787374,0.88525,0.65075,-0.0373921590098467
209,"A_threshold",1000,0.25,-0.0193867916980045,-0.0213749547323525,0.0194744224684785,-0.11910196224245,0.0216437503947782,0.878,0.483,-0.00996
209,"A_threshold",1600,0.4,-0.0153918559507411,-0.0154238069036245,0.0384465236006971,-0.161717510358922,0.099428331509034,0.66875,0.45,-0.0103
209,"A_threshold",2200,0.55,-0.0205134817048175,-0.0204549956389733,0.0272867011960415,-0.115153799726692,0.0679289118129376,0.771818181818182,0.520909090909091,-0.0104545454545455
209,"A_threshold",2800,0.7,-0.0164072630627606,-0.0163902018155867,0.0192498353160696,-0.0813799651281454,0.0466981925522369,0.8025,0.434642857142857,-0.0104571428571429
209,"A_threshold",3400,0.85,-0.00110658817895309,-0.00122071107804783,0.0201857180776074,-0.0632483497043237,0.0767098812357957,0.539705882352941,0.175882352941176,-0.0103176470588235
209,"A_threshold",4000,1,-0.00535719285894293,-0.00554151662569871,0.0238669886599351,-0.0777319526103267,0.0890505808833917,0.61575,0.28525,-0.0102
209,"B_smooth_logistic",1000,0.25,-0.0190896741852628,-0.0190245640983007,0.000408361338506369,-0.0197394851821639,-0.0183013724079438,1,0,-0.0376503524358361
209,"B_smooth_logistic",1600,0.4,-0.0303342979399317,-0.0296738906274835,0.0103164850080728,-0.0485324166992918,-0.0123813993032659,1,0.78,-0.0379195528469746
209,"B_smooth_logistic",2200,0.55,-0.0387191952837701,-0.0381836450868364,0.0146135334596489,-0.0645284211202233,-0.0134876092534787,1,0.869090909090909,-0.0374067197040117
209,"B_smooth_logistic",2800,0.7,-0.0420738398595939,-0.0412944175606219,0.0190106316960186,-0.076148995146736,-0.00984560306576474,1,0.828928571428571,-0.0375452313133777
209,"B_smooth_logistic",3400,0.85,-0.0395348837209302,-0.0386535474550774,0.0165268612187953,-0.0692725724407066,-0.0119531167466889,1,0.830882352941177,-0.0376607020860747
209,"B_smooth_logistic",4000,1,-0.038107867285497,-0.0374268707581557,0.0207989993957909,-0.0759609525183868,-0.00429694318145776,1,0.73625,-0.0376382218986821
210,"A_threshold",1000,0.25,-0.0208693425516932,-0.0200198015786479,0.0132377992088478,-0.0559839263305577,0.0364078401914868,0.927,0.544,-0.0094
210,"A_threshold",1600,0.4,-0.0114956011730205,-0.0109501956296928,0.0184334596106334,-0.0529805049668922,0.0883829913020745,0.753125,0.348125,-0.009525
210,"A_threshold",2200,0.55,-0.0119378306878307,-0.0119342941551686,0.0141912219033567,-0.0519281993332079,0.052976514978433,0.812272727272727,0.3,-0.00970909090909091
210,"A_threshold",2800,0.7,-0.0110337241344476,-0.0106417571151498,0.0138799015757042,-0.0457049312345314,0.0588909787047828,0.795714285714286,0.257857142857143,-0.00997142857142857
210,"A_threshold",3400,0.85,-0.00527945979745173,-0.00472676326236238,0.0134041922709041,-0.0389264468699554,0.0620554696238933,0.671764705882353,0.109117647058824,-0.00987058823529412
210,"A_threshold",4000,1,-0.0005422664035587,-0.000145121050016181,0.0229835604600672,-0.0640950819984595,0.107388612167968,0.5375,0.18775,-0.01
210,"B_smooth_logistic",1000,0.25,-0.0351382488479263,-0.0349824893668996,0.0108770245625386,-0.0542174383277872,-0.0166467726655376,1,0.905,-0.0371003485706528
210,"B_smooth_logistic",1600,0.4,-0.03299771302979,-0.0327883691935857,0.00233930577496175,-0.0363476347027564,-0.028304795883131,1,1,-0.0373640640135033
210,"B_smooth_logistic",2200,0.55,-0.0357219619137686,-0.0357196550434949,0.00358678213031326,-0.0417924416653763,-0.0294897435815049,1,1,-0.0372290872354397
210,"B_smooth_logistic",2800,0.7,-0.0417995306450798,-0.0418954687288339,0.000438025275950354,-0.0425811816270762,-0.0410895571840562,1,1,-0.0373758910327987
210,"B_smooth_logistic",3400,0.85,-0.0445488282770612,-0.0446025854520532,0.00153779405058596,-0.0470193824743698,-0.0417289758573335,1,1,-0.0372726811572847
210,"B_smooth_logistic",4000,1,-0.0356757224333793,-0.0356758608143399,0.00594813367458195,-0.0454284376122539,-0.024899148440988,1,1,-0.0371911325920473
211,"A_threshold",1000,0.25,-0.00370333299969973,-0.00440147583408482,0.0192180754779283,-0.0922200656987286,0.0393696517784846,0.551,0.199,-0.00996
211,"A_threshold",1600,0.4,-0.0105836313170463,-0.0101607882359261,0.00395386373103538,-0.0273415000064887,0.000469426486076237,0.999375,0.015,-0.010125
211,"A_threshold",2200,0.55,-0.00366536498687989,-0.00292651677483543,0.00505792134741118,-0.0134487311474223,0.0222383336393063,0.749090909090909,0,-0.0101636363636364
211,"A_threshold",2800,0.7,-0.00511092550253353,-0.00486039400312435,0.00867006932658815,-0.0259381611266166,0.0354298091755013,0.736785714285714,0.0139285714285714,-0.0101
211,"A_threshold",3400,0.85,-0.00458206399802905,-0.00458518417397258,0.00880392709535509,-0.0236803436138078,0.0387725197333262,0.733529411764706,0.00647058823529412,-0.0101176470588235
211,"A_threshold",4000,1,-0.00202505062626566,-0.00191595159811246,0.017090797009364,-0.038905503912296,0.0896854066106013,0.59875,0.1275,-0.01009
211,"B_smooth_logistic",1000,0.25,-0.0318809946998447,-0.0318135674536888,0.00290427885478578,-0.0352139474820395,-0.0251025579471932,1,1,-0.0371501456257212
211,"B_smooth_logistic",1600,0.4,-0.035953595359536,-0.0359569655355102,0.00511268876035471,-0.045026615527801,-0.0271554333480833,1,1,-0.0369159643641636
211,"B_smooth_logistic",2200,0.55,-0.0396844747458301,-0.0396511872974389,0.00143004370131443,-0.0420887794184058,-0.0371118161872992,1,1,-0.0368942144746211
211,"B_smooth_logistic",2800,0.7,-0.0429350666318265,-0.0428207248435165,0.00387733384077663,-0.0492558064345971,-0.0357048206689656,1,1,-0.0370012199782618
211,"B_smooth_logistic",3400,0.85,-0.0435230459798163,-0.0433770954154545,0.000449942298558068,-0.0439659414790639,-0.0424097307247635,1,1,-0.0371876398454004
211,"B_smooth_logistic",4000,1,-0.0361091017148071,-0.0359829792525317,0.00318201081906152,-0.0410847113825801,-0.0299732642111743,1,1,-0.0372460221935543
212,"A_threshold",1000,0.25,-0.00105603801736862,0.0001927906548405,0.015826723352347,-0.0296924366344614,0.0655213420505784,0.544,0.072,-0.01048
212,"A_threshold",1600,0.4,-0.00996291087817217,-0.00937242080802264,0.0104984876994171,-0.0316436421076035,0.0329529238748118,0.815,0.15,-0.009875
212,"A_threshold",2200,0.55,-0.012795067217106,-0.012612273122244,0.000429512601498231,-0.0133046308004542,-0.0108965819608139,1,0,-0.0100181818181818
212,"A_threshold",2800,0.7,-0.0102941176470588,-0.0102895715070073,0.000644491650439234,-0.0124590314132013,-0.00838412182734202,1,0,-0.00982857142857143
212,"A_threshold",3400,0.85,-0.00856072210539069,-0.00861146281486107,0.00309412857426177,-0.0206897933767215,5.23838363929163e-05,0.999705882352941,0.000588235294117647,-0.00977647058823529
212,"A_threshold",4000,1,-0.00392156862745098,-0.00386762522077654,0.00197912067839919,-0.00892521945455944,0.0044522333187707,0.9625,0,-0.00976
212,"B_smooth_logistic",1000,0.25,-0.0218374612195425,-0.0218634453686548,0.0197012849962216,-0.0549635048913175,0.0132898596654726,0.815,0.535,-0.036508830779057
212,"B_smooth_logistic",1600,0.4,-0.0313291431668074,-0.0313561470599031,0.0074666696007612,-0.0444319166022593,-0.0184768360122274,1,0.94375,-0.036676851923619
212,"B_smooth_logistic",2200,0.55,-0.0327190750966888,-0.0327849751393771,0.0131067396355886,-0.0552076335097909,-0.00968484786374965,1,0.778181818181818,-0.0368318436776957
212,"B_smooth_logistic",2800,0.7,-0.0308367008497013,-0.0310030744445564,0.0103501338287239,-0.0478706868035655,-0.0121343608266147,1,0.803571428571429,-0.0368589537188042
212,"B_smooth_logistic",3400,0.85,-0.0344412417258135,-0.0345851970768878,0.0146145560225015,-0.0579821163808409,-0.00754712180293544,1,0.787647058823529,-0.0369387960100167
212,"B_smooth_logistic",4000,1,-0.030012770114931,-0.0300272334917284,0.0166389150612343,-0.0579117009554327,-0.000418193623471841,1,0.68225,-0.0369025100506388
213,"A_threshold",1000,0.25,-0.0394430904557806,-0.0376090122016766,0.00386620423785467,-0.0410034539836555,-0.0131269536391812,1,0.996,-0.01
213,"A_threshold",1600,0.4,-0.0155078508494925,-0.0155504112489956,0.00127368937170776,-0.0185911190898828,-0.0113505905784971,1,0,-0.009925
213,"A_threshold",2200,0.55,-0.015168196831694,-0.0150369709507035,0.00791670473001953,-0.030336923032577,0.0194892858335216,0.947727272727273,0.292727272727273,-0.0102363636363636
213,"A_threshold",2800,0.7,-0.00989129080170224,-0.00991652253116067,0.00765203896091131,-0.0270585018102508,0.0305619744761811,0.893928571428571,0.0675,-0.00995714285714286
213,"A_threshold",3400,0.85,-0.0129414436370082,-0.0126118529590458,0.0108752064243798,-0.0383716393435009,0.0426606971031789,0.876176470588235,0.256176470588235,-0.00961176470588235
213,"A_threshold",4000,1,-0.0139960430637478,-0.0135124358877145,0.0118928410505578,-0.0420293505868713,0.0500615405055658,0.87275,0.3125,-0.0097
213,"B_smooth_logistic",1000,0.25,-0.0149485381473733,-0.0141815663775179,0.0117304603167649,-0.0324468082289187,0.00891193197531906,0.836,0.365,-0.0377266806863906
213,"B_smooth_logistic",1600,0.4,-0.0329189557434734,-0.0324515559951526,0.0128661008139586,-0.0528753914280866,-0.00793939235023325,1,0.77875,-0.0377539027432518
213,"B_smooth_logistic",2200,0.55,-0.0292328042328042,-0.0285529861227895,0.00718431929505923,-0.0396110409616784,-0.0143520053683563,1,0.832272727272727,-0.0376131402535094
213,"B_smooth_logistic",2800,0.7,-0.0359205521904494,-0.0355801194292363,0.0149307752161523,-0.0590694985538775,-0.00677722124023894,1,0.801428571428571,-0.0373833716966444
213,"B_smooth_logistic",3400,0.85,-0.0382800931957613,-0.0381548482816983,0.0114654289399555,-0.0562786228449342,-0.0160951706988382,1,0.928235294117647,-0.0373071614827234
213,"B_smooth_logistic",4000,1,-0.0457741769270828,-0.0456600587352696,0.00818096746583332,-0.0589144267890997,-0.0303150736400536,1,1,-0.037313969055135
214,"A_threshold",1000,0.25,-0.0223097112860892,-0.0221833376926882,0.0132906251791507,-0.0624516258224436,0.0230669610716965,0.957,0.541,-0.01092
214,"A_threshold",1600,0.4,-0.0073766597484434,-0.00741119089262829,0.000104825478333078,-0.00779596729298672,-0.0071095274915795,1,0,-0.0104
214,"A_threshold",2200,0.55,-0.0155797999834697,-0.0156021393681178,0.00377547320642649,-0.0247652758071947,0.00232732934488708,0.998636363636364,0.111363636363636,-0.0105818181818182
214,"A_threshold",2800,0.7,-0.00958667295300959,-0.00978153190549801,0.00422200595621021,-0.0210049691248627,0.00956767213508238,0.981785714285714,0.00178571428571429,-0.0104857142857143
214,"A_threshold",3400,0.85,-0.0116310617522518,-0.0117604277522985,0.00574024940231688,-0.0271544517920919,0.0142960606095606,0.970588235294118,0.0623529411764706,-0.0103882352941176
214,"A_threshold",4000,1,-0.0101918232900601,-0.0103737671545909,0.00567143206846221,-0.0262281629575102,0.0170223284269402,0.9545,0.0265,-0.01038
214,"B_smooth_logistic",1000,0.25,-0.0173219774590164,-0.0165065496989401,0.0518444056846973,-0.127954627967585,0.0573358226263817,0.563,0.431,-0.0368029853645894
214,"B_smooth_logistic",1600,0.4,-0.0334231805929919,-0.0333290836303714,0.0405820309976874,-0.115446918774521,0.0262731010379169,0.7275,0.56875,-0.0372547387905953
214,"B_smooth_logistic",2200,0.55,-0.0362066699238368,-0.0360834496044181,0.0348248594674995,-0.107218057075606,0.0147860292870706,0.801363636363636,0.61,-0.0369632933902877
214,"B_smooth_logistic",2800,0.7,-0.0385125043945116,-0.0386258626838087,0.025937056039669,-0.0872653595039358,0.0026896778009832,0.959642857142857,0.702142857142857,-0.037094154741988
214,"B_smooth_logistic",3400,0.85,-0.0387349614999867,-0.0387023270255595,0.025705552959527,-0.0881093190764206,0.000912224046520131,0.983823529411765,0.701176470588235,-0.0371592601321977
214,"B_smooth_logistic",4000,1,-0.0368099954024069,-0.0367950219716377,0.017612513825932,-0.0694606499243355,-0.00881692749381108,1,0.77575,-0.0372447938947844
215,"A_threshold",1000,0.25,-0.0404604367259969,-0.0409851730871532,0.01526956832305,-0.0637397417388542,0.0810052087171829,0.978,0.912,-0.01096
215,"A_threshold",1600,0.4,-0.0251681628366382,-0.0243709957045461,0.0212117546731378,-0.065014282010824,0.13356253416421,0.880625,0.646875,-0.011075
215,"A_threshold",2200,0.55,-0.0213540051679587,-0.0209359282743319,0.00979015350045332,-0.0406072368496177,0.047199571364252,0.965,0.603181818181818,-0.0105818181818182
215,"A_threshold",2800,0.7,-0.0191290496548128,-0.0188384560800651,0.0110900784608682,-0.0437752872486034,0.0544544462008441,0.941785714285714,0.5175,-0.0104857142857143
215,"A_threshold",3400,0.85,-0.0218344781909554,-0.0215428231867984,0.0148164611277436,-0.0655400012098011,0.0611602679437467,0.919411764705882,0.580882352941177,-0.0103764705882353
215,"A_threshold",4000,1,-0.0255410060371833,-0.0251593509763748,0.00858420550167097,-0.0451354646556812,0.030709453238319,0.99075,0.753,-0.01019
215,"B_smooth_logistic",1000,0.25,-0.048,-0.0480245094539734,0.0308919111479066,-0.102604762272727,0.00297647783040662,0.968,0.763,-0.0380209532527304
215,"B_smooth_logistic",1600,0.4,-0.0350748309952718,-0.0351099221336294,0.0167256785750725,-0.0640386675331184,-0.00680974984116316,1,0.76125,-0.0377977879935372
215,"B_smooth_logistic",2200,0.55,-0.0306375881360653,-0.0306463732414413,0.00909167294118935,-0.0468253227635585,-0.0156400474785519,1,0.839545454545455,-0.0377965331516729
215,"B_smooth_logistic",2800,0.7,-0.0358163448042575,-0.0356712724191213,0.0149953082802559,-0.0630433335548781,-0.0115033839917218,1,0.806071428571429,-0.0376570973132871
215,"B_smooth_logistic",3400,0.85,-0.0367171582956861,-0.0367799348169705,0.0145332050728294,-0.0636165456855698,-0.0134781118932471,1,0.842352941176471,-0.0374013339054846
215,"B_smooth_logistic",4000,1,-0.0345965535448567,-0.0346174756197141,0.010174209656115,-0.0529544616133431,-0.0177183335454703,1,0.924,-0.0373976033421959
216,"A_threshold",1000,0.25,-0.0201396004098361,-0.0200369346070164,0.0317031421434856,-0.111527214934596,0.119625888159418,0.761,0.524,-0.00992
216,"A_threshold",1600,0.4,-0.0155330309332475,-0.0155285702219848,0.023983932270507,-0.0668919230778906,0.11243118223334,0.77125,0.478125,-0.0101
216,"A_threshold",2200,0.55,-0.0112847028389153,-0.0111741729212237,0.0200723645335567,-0.0608381796564343,0.0855247892027998,0.733181818181818,0.361818181818182,-0.0104363636363636
216,"A_threshold",2800,0.7,-0.0119170653907496,-0.0119859326182461,0.0212592303254806,-0.076221563150486,0.0832014025763069,0.728214285714286,0.375,-0.0102142857142857
216,"A_threshold",3400,0.85,-0.0124232029463487,-0.0124376570094253,0.0198256424328668,-0.0800844072441123,0.0676920011423167,0.741176470588235,0.365882352941176,-0.0102
216,"A_threshold",4000,1,-0.0117649529611898,-0.011801520195362,0.0213606585921122,-0.0888980002269434,0.0767139096618869,0.71775,0.36525,-0.01005
216,"B_smooth_logistic",1000,0.25,-0.0330051881867747,-0.0334904169096928,0.00505031355930246,-0.0408752099119307,-0.0231719650529174,1,1,-0.0372126938669432
216,"B_smooth_logistic",1600,0.4,-0.0379439871499197,-0.0381364902526672,0.0105061400675561,-0.0576242531619261,-0.0209601256192528,1,1,-0.0373445618763432
216,"B_smooth_logistic",2200,0.55,-0.0484089594181337,-0.0486713115770278,0.0116564531722729,-0.0707155279186115,-0.0302537030607387,1,1,-0.037129010741691
216,"B_smooth_logistic",2800,0.7,-0.0458082849971246,-0.0460937063978365,0.0169803350074721,-0.078377058068311,-0.0195555682718313,1,0.989285714285714,-0.0370431912811472
216,"B_smooth_logistic",3400,0.85,-0.0424095988616025,-0.0426534565756026,0.0111593451097862,-0.0636290275172774,-0.0248965279018744,1,1,-0.0369936335433153
216,"B_smooth_logistic",4000,1,-0.0479795801571092,-0.0483918501376981,0.00970244126180847,-0.0664994923665234,-0.0329567218110498,1,1,-0.0371091827098395
217,"A_threshold",1000,0.25,0.00893028615325524,0.00909969146279699,0.00253251586331629,0.00281885707984194,0.0205615670973623,0,0,-0.01076
217,"A_threshold",1600,0.4,0.0128091907311164,0.0129035380759222,0.00283620054934855,-0.00321015179996066,0.0203253597209748,0.000625,0,-0.010675
217,"A_threshold",2200,0.55,0.0104885077657602,0.0106320793666615,0.00153029380886392,0.00258908072248445,0.0150335403347521,0,0,-0.0104545454545455
217,"A_threshold",2800,0.7,0.00649807853613638,0.00689976350921456,0.00132457184054758,-0.000891435827545306,0.0109591487028964,0.000714285714285714,0,-0.0101428571428571
217,"A_threshold",3400,0.85,0.00749346709185933,0.00764754681778371,0.000508904264150206,0.00550299780150601,0.0100482807832539,0,0,-0.0100705882352941
217,"A_threshold",4000,1,0.00784088420332596,0.00809954382686893,0.00104045586289142,0.00213119481199717,0.011359959210405,0,0,-0.01017
217,"B_smooth_logistic",1000,0.25,-0.0310079071164048,-0.0308629231038754,0.00171698774752758,-0.0339728625632614,-0.0279436682627045,1,1,-0.0371905361259675
217,"B_smooth_logistic",1600,0.4,-0.0278152815281528,-0.0278225568211608,0.00980800359244951,-0.046714903887292,-0.0121426306080494,1,0.726875,-0.0370016429513088
217,"B_smooth_logistic",2200,0.55,-0.0255901037934742,-0.0256092058750873,0.00672647958152294,-0.0383735334153485,-0.0148867304233862,1,0.736363636363636,-0.0369136372228277
217,"B_smooth_logistic",2800,0.7,-0.0323441221916276,-0.0323013620662164,0.0089421895253277,-0.0485238125929779,-0.0175137033787493,1,0.91,-0.0371297036569668
217,"B_smooth_logistic",3400,0.85,-0.0357069322006039,-0.0356339226999297,0.0167913349025076,-0.0658057447086406,-0.00734722589832272,1,0.767647058823529,-0.0372879627308252
217,"B_smooth_logistic",4000,1,-0.038626128716426,-0.0384975529363043,0.0200268288521159,-0.0756681596956648,-0.00594664042504682,1,0.76275,-0.0372508929935326
218,"A_threshold",1000,0.25,-0.0121303258145363,-0.0122762576695482,0.0365240607720713,-0.133668658629323,0.105998775137879,0.624,0.414,-0.00992
218,"A_threshold",1600,0.4,-0.0167400660594535,-0.0168261759839436,0.0331936914931885,-0.136070756483399,0.0928049949538501,0.685,0.460625,-0.0101
218,"A_threshold",2200,0.55,-0.00928165374677004,-0.00926018899166753,0.0382128545420435,-0.138995242096921,0.126788029606314,0.590454545454545,0.395454545454545,-0.0102363636363636
218,"A_threshold",2800,0.7,-0.00460892514885113,-0.00448908065046705,0.0360349027922553,-0.0999334804553516,0.158696473711587,0.578214285714286,0.362857142857143,-0.0103857142857143
218,"A_threshold",3400,0.85,-0.00800469161754178,-0.00786714851245729,0.0283887455273245,-0.0804615480011516,0.121639374500822,0.632941176470588,0.365294117647059,-0.0102352941176471
218,"A_threshold",4000,1,-0.0117223877700655,-0.0117414094739903,0.0188731458269,-0.0627343392556511,0.0788167494773258,0.7405,0.358,-0.01023
218,"B_smooth_logistic",1000,0.25,-0.0204018745072615,-0.0185235132146113,0.00185034656894873,-0.0200890021813546,-0.012886108874162,1,0.186,-0.0371104483704046
218,"B_smooth_logistic",1600,0.4,-0.0216220101375634,-0.0207096904767283,0.000558192643836867,-0.0213922198677122,-0.0195596783340542,1,0.845,-0.0372287803992089
218,"B_smooth_logistic",2200,0.55,-0.0232796466730139,-0.0231899912299151,0.0118592411577745,-0.0421258532161989,-0.00151483150108304,1,0.582727272727273,-0.0370479086317653
218,"B_smooth_logistic",2800,0.7,-0.0354454459357957,-0.0353721140444385,0.0181771273118448,-0.0655898601167052,-0.00302269867591087,1,0.741428571428571,-0.0371119668475612
218,"B_smooth_logistic",3400,0.85,-0.0428005679932417,-0.0427639476501803,0.0155876472089168,-0.0690106037371012,-0.015181098766606,1,0.920588235294118,-0.0372909689211937
218,"B_smooth_logistic",4000,1,-0.0380588936491992,-0.0380891861239151,0.0201479955744429,-0.0732891599469291,-0.00354719136564674,1,0.7575,-0.0372477592553227
219,"A_threshold",1000,0.25,-0.0212243395894334,-0.0215395408416311,0.0226219430593014,-0.0863185520596992,0.0609123363044137,0.839,0.551,-0.01068
219,"A_threshold",1600,0.4,-0.0146918312167401,-0.0156833082249128,0.0238153387198231,-0.0680983258373098,0.0885727009939459,0.75875,0.4825,-0.0103
219,"A_threshold",2200,0.55,-0.001797557800781,-0.00233694542932418,0.0104417629702853,-0.0302906842961615,0.0429712835244311,0.620454545454545,0.025,-0.0100909090909091
219,"A_threshold",2800,0.7,0.00441347270615564,0.00401539804172349,0.0121526041614974,-0.0271713507290796,0.0666193370075049,0.408214285714286,0.00642857142857143,-0.00985714285714286
219,"A_threshold",3400,0.85,-0.00448009684599521,-0.00493451710799029,0.00986941475789333,-0.0278217692755979,0.0498916039537232,0.725294117647059,0.0302941176470588,-0.00977647058823529
219,"A_threshold",4000,1,-0.00441208962099267,-0.00472656253868698,0.00946343583067717,-0.029567504401484,0.0430655502333471,0.71725,0.03,-0.00969
219,"B_smooth_logistic",1000,0.25,-0.0125650260104042,-0.0123550926305176,0.000595464905623338,-0.01324161348829,-0.0111584931085647,1,0,-0.0369997684640735
219,"B_smooth_logistic",1600,0.4,-0.0224856398172397,-0.0222551460946913,0.002484163961322,-0.0267659857628661,-0.0182275060316838,1,0.76,-0.0368771549904445
219,"B_smooth_logistic",2200,0.55,-0.0289309236489742,-0.0288941417845593,0.00513942545951164,-0.037130231233442,-0.0193767031358525,1,0.972272727272727,-0.0368039002340679
219,"B_smooth_logistic",2800,0.7,-0.025467398913059,-0.0253240123860107,0.00575786916146141,-0.0362694205083958,-0.0163395790920798,1,0.766071428571429,-0.0369117536959641
219,"B_smooth_logistic",3400,0.85,-0.0226591125910449,-0.0226784987891302,0.00962355662745889,-0.0409004511852682,-0.00759184787631796,1,0.552941176470588,-0.0369680457104581
219,"B_smooth_logistic",4000,1,-0.0264479521262765,-0.0265479610841298,0.00618488745802049,-0.0378731335676645,-0.0165265284503503,1,0.81075,-0.0370797619900982
220,"A_threshold",1000,0.25,-0.025699700756909,-0.0258415275274066,0.00226494587466926,-0.0331251014850837,-0.0185201145336428,1,0.997,-0.00952
220,"A_threshold",1600,0.4,-0.034227118734161,-0.0341991942434179,0.00311471806712588,-0.0443794780979869,-0.0238511563900232,1,1,-0.009625
220,"A_threshold",2200,0.55,-0.0197897877781169,-0.0197882068071888,0.00104897386164224,-0.0231367524195825,-0.0155787558657286,1,0.433636363636364,-0.0096
220,"A_threshold",2800,0.7,-0.0225140712945591,-0.0224970120288246,0.00691257715982053,-0.0491120373272621,0.00094483445217361,0.999642857142857,0.623214285714286,-0.00972857142857143
220,"A_threshold",3400,0.85,-0.0216113990785043,-0.0215827432937485,0.00488137488263229,-0.0374186899044745,-0.00202618008453642,1,0.64,-0.00967058823529412
220,"A_threshold",4000,1,-0.0210905052726263,-0.0211118066329627,0.000129767740145167,-0.0212734022195319,-0.0203007711905682,1,1,-0.00976
220,"B_smooth_logistic",1000,0.25,-0.0389974937343359,-0.0383851582532794,0.0507759370218107,-0.132918512590396,0.0461008646244668,0.713,0.594,-0.0367351006009201
220,"B_smooth_logistic",1600,0.4,-0.0351140855543814,-0.0340215196059998,0.0329334942299128,-0.0999540172138205,0.0142953290404707,0.79875,0.595,-0.0367943204437774
220,"B_smooth_logistic",2200,0.55,-0.0321759259259259,-0.0320445883850879,0.0321097516968765,-0.0921556013598488,0.0191450737821485,0.784090909090909,0.595909090909091,-0.0368434341616621
220,"B_smooth_logistic",2800,0.7,-0.0334872814104122,-0.0333216263918946,0.0238510428431606,-0.0769379801239601,0.00550924618369814,0.924285714285714,0.656071428571429,-0.0368824172563002
220,"B_smooth_logistic",3400,0.85,-0.0312844528613031,-0.0312557508624268,0.0224970170714379,-0.071581757479808,0.00607232446322825,0.911470588235294,0.641764705882353,-0.0368444667304749
220,"B_smooth_logistic",4000,1,-0.042271594488056,-0.0423061763778542,0.019696662966082,-0.0775938807271971,-0.00968712766189736,1,0.82425,-0.0370070798651964
221,"A_threshold",1000,0.25,-0.023975238950542,-0.0233980560763364,0.0200770923707177,-0.0667637571234885,0.0733019765630697,0.876,0.628,-0.01028
221,"A_threshold",1600,0.4,-0.0190112701635275,-0.0184397943360268,0.0111571068964044,-0.0413314325194673,0.0368115285853648,0.933125,0.5125,-0.01015
221,"A_threshold",2200,0.55,-0.00969467239548708,-0.00909545701583514,0.0200407533891039,-0.048560965245369,0.0944857069504361,0.718636363636364,0.325,-0.0100727272727273
221,"A_threshold",2800,0.7,-0.0124621400755974,-0.0117977898142467,0.0100991183986296,-0.0326988034594767,0.037553418096104,0.879285714285714,0.208571428571429,-0.0101857142857143
221,"A_threshold",3400,0.85,-0.00835273999981311,-0.00753384459324245,0.0127355744681934,-0.0356846617300027,0.0524077315678103,0.747058823529412,0.156176470588235,-0.0101176470588235
221,"A_threshold",4000,1,-0.0113329994631908,-0.0108719732618051,0.0158208800692033,-0.0521461098404054,0.0619088480294188,0.76825,0.29875,-0.01003
221,"B_smooth_logistic",1000,0.25,-0.0307692307692308,-0.0306110469363902,0.0517995415360726,-0.129162904036542,0.0526049306193622,0.652,0.553,-0.0370663977685017
221,"B_smooth_logistic",1600,0.4,-0.05042513193076,-0.0503211430525031,0.0251495923462484,-0.0986228848427478,-0.0116635952098908,1,0.86625,-0.0371174349785808
221,"B_smooth_logistic",2200,0.55,-0.0609424578821519,-0.0608684738138516,0.0213944128875948,-0.100829503620215,-0.027004224363509,1,1,-0.0370878079211576
221,"B_smooth_logistic",2800,0.7,-0.0521560526736217,-0.0520326634192779,0.0159342762190695,-0.0815500579649181,-0.0263530246899564,1,1,-0.0371653753221644
221,"B_smooth_logistic",3400,0.85,-0.0511157652276587,-0.0510461862595985,0.0192237182463299,-0.0857186298709797,-0.0189199680176134,1,0.982058823529412,-0.0373076992319823
221,"B_smooth_logistic",4000,1,-0.0525116946716203,-0.0524776190561713,0.0138274227170292,-0.0776947361857704,-0.0297530271325198,1,1,-0.0372503663678641
222,"A_threshold",1000,0.25,-0.00830747672905616,-0.00835080357627008,0.0263563531910001,-0.118304804411792,0.0524353395788827,0.576,0.296,-0.00984
222,"A_threshold",1600,0.4,-0.00300751879699249,-0.00275052703556585,0.0226872445975509,-0.0983945642237327,0.0610613869939295,0.510625,0.22,-0.009875
222,"A_threshold",2200,0.55,0.000326008889948007,0.000316876090729273,0.0228717256635956,-0.086070832983188,0.0732084366889248,0.477727272727273,0.188181818181818,-0.0100363636363636
222,"A_threshold",2800,0.7,-0.00130494449391026,-0.00131463489740915,0.016891684981637,-0.0616678395643114,0.0681751092418085,0.5225,0.1375,-0.0100714285714286
222,"A_threshold",3400,0.85,0.000960814283182704,0.000949165413554798,0.0184515991912103,-0.0613006117031875,0.0827243974543795,0.470294117647059,0.130294117647059,-0.0101411764705882
222,"A_threshold",4000,1,-0.00738654852193937,-0.00739376495789224,0.0104244309475825,-0.042810034074687,0.0368629563853456,0.7665,0.1155,-0.0102
222,"B_smooth_logistic",1000,0.25,-0.000600778609077368,-0.000479635346403122,0.0305204766216644,-0.0546756673952693,0.0516313221992443,0.502,0.32,-0.0375176808256433
222,"B_smooth_logistic",1600,0.4,-0.00880049502784531,-0.00872031790978785,0.0229962467058868,-0.0494319261719709,0.0303547993715231,0.61125,0.365,-0.0374229531721925
222,"B_smooth_logistic",2200,0.55,-0.0192655629199284,-0.0192550510541286,0.0289036152051375,-0.0684433837176789,0.0315344773077707,0.69,0.498636363636364,-0.0372398209607094
222,"B_smooth_logistic",2800,0.7,-0.0226456374085684,-0.0226743781674273,0.0253345164056586,-0.0677165266578202,0.0199691057663621,0.753571428571429,0.5275,-0.0374120146035037
222,"B_smooth_logistic",3400,0.85,-0.0293458802293297,-0.0294043700619672,0.0186383145234234,-0.0621496775998613,0.00245569250923089,0.956176470588235,0.646470588235294,-0.0375329272043457
222,"B_smooth_logistic",4000,1,-0.0343543058776933,-0.0343748729785329,0.0179080242694726,-0.0655412080553922,-0.0037271983362572,1,0.73075,-0.037429522788403
223,"A_threshold",1000,0.25,-0.000801038145436486,-0.000920842418095134,0.0264911187813875,-0.111515391566754,0.0915074454384121,0.519,0.241,-0.01004
223,"A_threshold",1600,0.4,0.000153355272526398,0.000346328963209769,0.0144005436431135,-0.0524685492864805,0.0603082904385028,0.501875,0.07125,-0.01005
223,"A_threshold",2200,0.55,-0.0119195718212064,-0.0116513809098074,0.0067912200546486,-0.0337067479141147,0.01926050539452,0.949090909090909,0.101363636363636,-0.00990909090909091
223,"A_threshold",2800,0.7,-0.0173096550316391,-0.0171882754341695,0.00787238326684339,-0.0411997398048566,0.019287121838065,0.978571428571429,0.376428571428571,-0.0101142857142857
223,"A_threshold",3400,0.85,-0.024816810997396,-0.0247821212674232,0.00855013557111937,-0.05215157354089,0.0134261932970051,0.993823529411765,0.728529411764706,-0.00995294117647059
223,"A_threshold",4000,1,-0.0250537340810597,-0.0251142770070238,0.015850544424655,-0.0770253285471337,0.0503722350189409,0.93475,0.652,-0.01016
223,"B_smooth_logistic",1000,0.25,-0.00939765219064725,-0.00888696703394392,0.0113593162779776,-0.0263471868306695,0.0116425195407803,0.729,0.231,-0.0373988691540944
223,"B_smooth_logistic",1600,0.4,-0.0150090098009054,-0.0149610314929702,0.0102698165447553,-0.031997600640649,0.00261021029772987,0.91875,0.3675,-0.0372626376794254
223,"B_smooth_logistic",2200,0.55,-0.0211604835499831,-0.0210205140160172,0.0184074147823746,-0.0512884905344466,0.0109434992976263,0.825,0.529545454545455,-0.0371107494985673
223,"B_smooth_logistic",2800,0.7,-0.0298293286422916,-0.0295978060244824,0.0157770490967215,-0.0547203808464796,-0.00128779880540213,1,0.680357142857143,-0.0371803778127797
223,"B_smooth_logistic",3400,0.85,-0.0351029036389048,-0.0348051969152628,0.0164041935767781,-0.0603452070988842,-0.00446266803501474,1,0.756764705882353,-0.0373951651907444
223,"B_smooth_logistic",4000,1,-0.0302568077817509,-0.0299070700000264,0.0182235333523562,-0.0574236845298583,0.00468832809767677,0.94225,0.67375,-0.0375219208167076
224,"A_threshold",1000,0.25,-0.0372880813383536,-0.0372442556355715,0.0157812040435232,-0.0838777704183155,0.0161689895201867,0.985,0.867,-0.00972
224,"A_threshold",1600,0.4,-0.0189888358902443,-0.018834598493377,0.0146240803610329,-0.0721523763517939,0.0268064851901976,0.915,0.444375,-0.00985
224,"A_threshold",2200,0.55,-0.0232924683387896,-0.0230486969690555,0.00913689913652431,-0.0596354452566255,0.00125912777413693,0.999090909090909,0.598636363636364,-0.00996363636363636
224,"A_threshold",2800,0.7,-0.0265141928794769,-0.0266785024497051,0.00390768407229978,-0.040653594474836,-0.0148235884803221,1,0.965357142857143,-0.00984285714285714
224,"A_threshold",3400,0.85,-0.0129780163351516,-0.0129572646057717,0.00475342174082085,-0.0231967950478041,0.00777735603458929,0.984117647058824,0.0361764705882353,-0.00982352941176471
224,"A_threshold",4000,1,-0.00985718361824006,-0.00983137717878187,0.00287591960211861,-0.015471429010515,0.00365701691856571,0.995,0,-0.00991
224,"B_smooth_logistic",1000,0.25,-0.0442881771527086,-0.0442249122961025,0.00696311154913627,-0.056156863784859,-0.0320614698657773,1,1,-0.0378746968309326
224,"B_smooth_logistic",1600,0.4,-0.0427594827922966,-0.0427891105091114,0.00470911841659186,-0.0506596555612539,-0.0343194178593202,1,1,-0.0374115113906957
224,"B_smooth_logistic",2200,0.55,-0.0458505951342597,-0.0459834523821863,0.00981457580396873,-0.0619568776869538,-0.027581135622874,1,1,-0.0373994479302285
224,"B_smooth_logistic",2800,0.7,-0.0503299441475937,-0.0505102979997314,0.00824308518094499,-0.0634964502632311,-0.0345439334226153,1,1,-0.0373802094288337
224,"B_smooth_logistic",3400,0.85,-0.0445817973693708,-0.0447999286716086,0.0068972306928545,-0.0550605040560179,-0.0309284940957327,1,1,-0.0372867417100322
224,"B_smooth_logistic",4000,1,-0.0455797613949403,-0.045642643914938,0.00536432928616784,-0.0539677791154946,-0.0352115203800478,1,1,-0.0372639763838883
225,"A_threshold",1000,0.25,-0.0236796583707592,-0.023592938484837,0.00416505925349409,-0.0335701245191445,0.00113430099982303,0.999,0.824,-0.01048
225,"A_threshold",1600,0.4,-0.0336670611291646,-0.033624910912075,0.0143180280067847,-0.0707833206067974,0.0452733151793865,0.98125,0.83875,-0.010225
225,"A_threshold",2200,0.55,-0.0310327979040295,-0.03094319204183,0.011937725017292,-0.0707176678091009,0.0344662945471861,0.991363636363636,0.835,-0.00994545454545455
225,"A_threshold",2800,0.7,-0.022713276894529,-0.0225886443749495,0.00581573677389005,-0.0428991820609751,0.00705735263186359,0.999642857142857,0.683214285714286,-0.0100857142857143
225,"A_threshold",3400,0.85,-0.0271835415005758,-0.027059071238961,0.0044864902502954,-0.0425716348366665,-0.0043509245815254,1,0.935588235294118,-0.0101411764705882
225,"A_threshold",4000,1,-0.0237205021912176,-0.0234973208911662,0.00636123398468769,-0.0443007637673132,0.010391800836371,0.9995,0.7245,-0.01033
225,"B_smooth_logistic",1000,0.25,-0.0157320273990142,-0.0173746970777998,0.0192774129076776,-0.0581361722531651,0.00849706001094357,0.757,0.411,-0.036994864684556
225,"B_smooth_logistic",1600,0.4,-0.0192129803245081,-0.0192654106625366,0.0216912048284597,-0.0583988621740889,0.0165663769455951,0.76125,0.4775,-0.0372290537447469
225,"B_smooth_logistic",2200,0.55,-0.0306149772395942,-0.0307089714030525,0.0141083223046132,-0.0555196913536902,-0.00675517680830486,1,0.721818181818182,-0.0371597788175106
225,"B_smooth_logistic",2800,0.7,-0.0266663809517979,-0.0267326408500111,0.0152436098282208,-0.0538749705450398,-0.000928492206776863,1,0.618571428571429,-0.0371790598632259
225,"B_smooth_logistic",3400,0.85,-0.0275029033110896,-0.0275014786939773,0.00993726392334217,-0.0446096380720297,-0.0101171232438094,1,0.723529411764706,-0.0372479777299208
225,"B_smooth_logistic",4000,1,-0.0301996541581531,-0.030210705559891,0.00993755985909139,-0.0473916080418742,-0.0131446023871478,1,0.7975,-0.0372187705297695
226,"A_threshold",1000,0.25,-0.0176835652763458,-0.0170808571640064,0.0117086099976993,-0.0470742669453147,0.0329346335732032,0.918,0.439,-0.0098
226,"A_threshold",1600,0.4,-0.021505376344086,-0.0210638955068344,0.0246545958956422,-0.0902302599950578,0.0825593237831575,0.814375,0.5425,-0.00985
226,"A_threshold",2200,0.55,-0.029657949282477,-0.0295706115468479,0.022453540794625,-0.0963757250202265,0.0637985865582123,0.902727272727273,0.693636363636364,-0.00961818181818182
226,"A_threshold",2800,0.7,-0.0181337104769602,-0.0181515663586148,0.02076757188166,-0.074761964700699,0.0792558210728965,0.823571428571429,0.500714285714286,-0.00921428571428571
226,"A_threshold",3400,0.85,-0.0152941176470588,-0.0154180132076557,0.0252021127605484,-0.0864213341967905,0.134227456651612,0.759411764705882,0.458823529411765,-0.00965882352941176
226,"A_threshold",4000,1,-0.00990680725790825,-0.00999741602135471,0.0225304170028467,-0.0758079551136582,0.118047291655379,0.7015,0.34425,-0.00969
226,"B_smooth_logistic",1000,0.25,-0.0305387807698926,-0.0296884405922332,0.0711528779849332,-0.14398482327506,0.10757872255133,0.653,0.58,-0.0380403077082761
226,"B_smooth_logistic",1600,0.4,-0.0283012970776684,-0.0286726744755533,0.04788141482864,-0.120027069681724,0.0431709130616829,0.656875,0.52125,-0.0376022418896939
226,"B_smooth_logistic",2200,0.55,-0.0286825554452168,-0.0285346620220964,0.0414342674696706,-0.105103873393575,0.0375814131841341,0.69,0.545909090909091,-0.0374257807077545
226,"B_smooth_logistic",2800,0.7,-0.03021225751823,-0.0301263796690033,0.0387634577578849,-0.101921602315569,0.0316467617916328,0.719642857142857,0.563214285714286,-0.0372580177816001
226,"B_smooth_logistic",3400,0.85,-0.0319065996989499,-0.0317785005747795,0.0412599316117912,-0.106675634787974,0.0369517426923814,0.722941176470588,0.576176470588235,-0.0372973012058091
226,"B_smooth_logistic",4000,1,-0.0339728920964619,-0.033937490585291,0.0394626657957728,-0.104179302441417,0.0334189706723795,0.75125,0.5995,-0.0374217320587491
227,"A_threshold",1000,0.25,-0.0418167266906763,-0.0433358408239942,0.00295664182350252,-0.0468236012636797,-0.0316569103912965,1,1,-0.00936
227,"A_threshold",1600,0.4,-0.0228176339676427,-0.0238422690118324,0.0170666256294976,-0.0561880301332792,0.0673059255673362,0.90875,0.644375,-0.00935
227,"A_threshold",2200,0.55,-0.0214595433685727,-0.021873947814329,0.00932643486209029,-0.0454781652994463,0.0181757217991685,0.981363636363636,0.606363636363636,-0.00945454545454546
227,"A_threshold",2800,0.7,-0.0205654215145948,-0.0208857518072487,0.00809800654679501,-0.0417673587707079,0.0127926730535346,0.989285714285714,0.566785714285714,-0.00971428571428572
227,"A_threshold",3400,0.85,-0.0268687185440469,-0.027184472022678,0.00936895337242434,-0.051083908686472,0.0137633198715369,0.994117647058824,0.793235294117647,-0.00982352941176471
227,"A_threshold",4000,1,-0.0200681183134928,-0.020516686828341,0.0121451168503111,-0.0513972059630654,0.0328728397799363,0.94025,0.54725,-0.00971
227,"B_smooth_logistic",1000,0.25,-0.0415258174594274,-0.0414337398556496,0.00778756514837204,-0.0533417285310839,-0.0260578560267346,1,1,-0.0364676857631837
227,"B_smooth_logistic",1600,0.4,-0.0441761044026101,-0.0438901054050946,0.0122158749345877,-0.0676123154278694,-0.0247297548515945,1,1,-0.0367694117483141
227,"B_smooth_logistic",2200,0.55,-0.0372727272727273,-0.0372548184908961,0.0104612125725327,-0.0561594828155252,-0.0197658845312656,1,0.993181818181818,-0.0367759198109579
227,"B_smooth_logistic",2800,0.7,-0.0383462448447073,-0.0383794938663179,0.00501292532917641,-0.0475215663418524,-0.030150857289072,1,1,-0.0368579870474832
227,"B_smooth_logistic",3400,0.85,-0.0395027818348726,-0.0395077646564988,0.000660498082458536,-0.0406189172599841,-0.0383410037507581,1,1,-0.0369786742451342
227,"B_smooth_logistic",4000,1,-0.0384202596050649,-0.0384198299846284,0.000984693240853877,-0.040032611385451,-0.0366391620206804,1,1,-0.0371321031586322
228,"A_threshold",1000,0.25,0.0105026196142865,0.010094086875777,0.0441822901247018,-0.220748361697032,0.149052997102744,0.378,0.223,-0.00968
228,"A_threshold",1600,0.4,-0.00964705882352941,-0.00956122844489038,0.0316718144883354,-0.145243421265776,0.113124163753113,0.6225,0.37,-0.0093
228,"A_threshold",2200,0.55,-0.00461117856956622,-0.0042096890846813,0.0303673984670029,-0.114050971092061,0.135234138127383,0.574545454545455,0.313636363636364,-0.00930909090909091
228,"A_threshold",2800,0.7,-0.0114970705758341,-0.0111111849585936,0.0245622142187628,-0.0980689372374689,0.105469554508218,0.695357142857143,0.377142857142857,-0.00914285714285714
228,"A_threshold",3400,0.85,-0.0140827904090768,-0.0136306692109932,0.0286959512260211,-0.111359905681715,0.131420991619754,0.704411764705882,0.434411764705882,-0.00930588235294118
228,"A_threshold",4000,1,-0.0135834773702068,-0.0132398657180087,0.0290410380040275,-0.11457633105716,0.131277070441197,0.6925,0.4265,-0.00923
228,"B_smooth_logistic",1000,0.25,-0.0400154400411734,-0.0405326246759751,0.0126279307572549,-0.0606772580836482,-0.0165351877859395,1,0.939,-0.0372831339983993
228,"B_smooth_logistic",1600,0.4,-0.0281899876454478,-0.0283414473515351,0.00110381131375355,-0.0298399506092514,-0.0259699643094785,1,1,-0.0372380579427938
228,"B_smooth_logistic",2200,0.55,-0.0315349342663274,-0.031661799527807,0.0089774923450526,-0.0482216534999532,-0.0166307091639416,1,0.885909090909091,-0.0371178291813771
228,"B_smooth_logistic",2800,0.7,-0.0297794117647059,-0.029792710959768,0.00681440140525874,-0.0419919703758043,-0.0181531276193089,1,0.920714285714286,-0.0372257394261133
228,"B_smooth_logistic",3400,0.85,-0.0274650920881864,-0.0273942723732901,0.0132513383003721,-0.0512927917887832,-0.00502792341980134,1,0.657941176470588,-0.0371880163576538
228,"B_smooth_logistic",4000,1,-0.0305468677921741,-0.0303580389386188,0.00844306538554476,-0.0457954209452624,-0.0164210357277978,1,0.86375,-0.0371667943173204
229,"A_threshold",1000,0.25,-0.0323201292805171,-0.0323314770120002,0.0156525800598135,-0.0694562844494054,0.0236706898143924,0.969,0.795,-0.00976
229,"A_threshold",1600,0.4,-0.0233023302330233,-0.0232509170404988,0.0198776626825792,-0.0821382482904727,0.0514234833333713,0.8775,0.574375,-0.009775
229,"A_threshold",2200,0.55,-0.0134768706420419,-0.0133667988090475,0.0260016302840503,-0.0976785583198844,0.072002362522163,0.686818181818182,0.387272727272727,-0.0096
229,"A_threshold",2800,0.7,-0.0179862336664458,-0.0177379563074862,0.0205344794188104,-0.0982247599505159,0.0442708360671453,0.804285714285714,0.431428571428571,-0.00961428571428571
229,"A_threshold",3400,0.85,-0.0191589017888285,-0.0189979904003839,0.0210193420526446,-0.0978239590317014,0.0473921787658214,0.815294117647059,0.466176470588235,-0.00972941176470588
229,"A_threshold",4000,1,-0.0170954273856846,-0.0170026136146219,0.0209854717134697,-0.0940904574864819,0.0519101845979573,0.791,0.42825,-0.00965
229,"B_smooth_logistic",1000,0.25,-0.0441583588036677,-0.0431332116557443,0.0477503036704793,-0.136257379708825,0.0308446920832906,0.762,0.622,-0.037348323972236
229,"B_smooth_logistic",1600,0.4,-0.0483471771698573,-0.0481157472139141,0.0375708386331509,-0.121104084211072,0.0105817030544348,0.890625,0.70625,-0.0372479027133049
229,"B_smooth_logistic",2200,0.55,-0.0476692506459948,-0.0478466113727232,0.0315111942226906,-0.1098781982088,0.000259861647818396,0.995,0.750909090909091,-0.0375194150284115
229,"B_smooth_logistic",2800,0.7,-0.0466744933898219,-0.0467973003889054,0.0320628509476902,-0.10478953735566,0.00700027839361179,0.926785714285714,0.741428571428571,-0.0375459764380097
229,"B_smooth_logistic",3400,0.85,-0.0495080356428774,-0.0496213369228956,0.0206718194796944,-0.0862068149633369,-0.0139540117066882,1,0.914705882352941,-0.0376249918508378
229,"B_smooth_logistic",4000,1,-0.0496640100015627,-0.049950577972347,0.0223619080776809,-0.0906101143645471,-0.0127993735589912,1,0.8945,-0.0376532961476853
230,"A_threshold",1000,0.25,0.0106301229508197,0.0101141798583883,0.0302466981936119,-0.0626869510682959,0.151098359736312,0.398,0.156,-0.0098
230,"A_threshold",1600,0.4,0.0150083987655768,0.0153265177296135,0.0101106798734012,-0.00640963501559091,0.0640232637795273,0.04125,0,-0.009775
230,"A_threshold",2200,0.55,0.00496429099921547,0.00494102362312364,0.00456222852212725,-0.00487049076186014,0.0266665157807657,0.131818181818182,0,-0.0101818181818182
230,"A_threshold",2800,0.7,0.00502106397570294,0.00520493903624066,0.00799406867017224,-0.0123895445507379,0.0428507048865779,0.271428571428571,0,-0.0100857142857143
230,"A_threshold",3400,0.85,-0.00557991107438463,-0.00539345232191683,0.00547785053264459,-0.0156863424806346,0.0225814481075397,0.842058823529412,0,-0.0100941176470588
230,"A_threshold",4000,1,-0.00312797599626573,-0.00323158782679295,0.00968154060022534,-0.0221927109686485,0.0548214584572244,0.68175,0.0035,-0.01026
230,"B_smooth_logistic",1000,0.25,-0.0159031170109342,-0.0158978385436233,0.00484635198812842,-0.0241574666971527,-0.00767020519660436,1,0.269,-0.0370251443636115
230,"B_smooth_logistic",1600,0.4,-0.0218456197040271,-0.0217339634605311,0.0125083498124809,-0.0437917360785581,-0.001109676669704,1,0.531875,-0.0369561303486574
230,"B_smooth_logistic",2200,0.55,-0.0248532211996192,-0.0245832029036393,0.0098586692053383,-0.042582528559843,-0.00858809284828681,1,0.616363636363636,-0.0370905605386585
230,"B_smooth_logistic",2800,0.7,-0.0253414428943806,-0.025042694426093,0.00814785954256344,-0.0402120785799903,-0.0121779710019685,1,0.66,-0.0370727391177795
230,"B_smooth_logistic",3400,0.85,-0.0328117025233782,-0.0325235294883811,0.00591419300011881,-0.0435211917388754,-0.0231619693496722,1,1,-0.0370741860242788
230,"B_smooth_logistic",4000,1,-0.0333640157047731,-0.0330821339304703,0.00890286504400475,-0.0496894271256098,-0.0190628937364396,1,0.959,-0.0371835563019161
231,"A_threshold",1000,0.25,-0.0186430905246973,-0.018316342368557,0.00504544431031828,-0.0365921514231507,-0.00458069012462135,1,0.366,-0.01004
231,"A_threshold",1600,0.4,-0.0223208969722798,-0.0223647496731644,0.0130758051644934,-0.0713942238284083,0.012878785461732,0.978125,0.5425,-0.01045
231,"A_threshold",2200,0.55,-0.0321391945212147,-0.0318821766232596,0.0113209118948257,-0.0741226202127426,-0.00244545170061888,1,0.852272727272727,-0.0102363636363636
231,"A_threshold",2800,0.7,-0.0365817777632482,-0.0362101594463776,0.00986023621556674,-0.0737620284863097,-0.00979347103522449,1,0.970714285714286,-0.0100571428571429
231,"A_threshold",3400,0.85,-0.0263675391220053,-0.0258247910991008,0.0117374856751103,-0.0795056865620044,0.00465073998891274,0.996764705882353,0.660588235294118,-0.0100588235294118
231,"A_threshold",4000,1,-0.0268582253315078,-0.026441618436406,0.00624958447722673,-0.0528324326757192,-0.00841303471641994,1,0.853,-0.01012
231,"B_smooth_logistic",1000,0.25,-0.0687083973374296,-0.0687394510218786,0.0274449149783823,-0.111531865710431,-0.0146997586638173,1,0.96,-0.0369505616699389
231,"B_smooth_logistic",1600,0.4,-0.0555732772909513,-0.0555116908524765,0.0357919029946269,-0.119609920031246,0.00536642731401463,0.954375,0.79625,-0.0368631609813153
231,"B_smooth_logistic",2200,0.55,-0.0517645345758763,-0.0516118801578837,0.0371573979131798,-0.121858209599917,0.00715096526819313,0.924090909090909,0.740454545454545,-0.0366953101560448
231,"B_smooth_logistic",2800,0.7,-0.0569605591581945,-0.0570304111666646,0.0380580354803054,-0.12801901002052,0.00444061991112073,0.960357142857143,0.786071428571429,-0.0368625945066473
231,"B_smooth_logistic",3400,0.85,-0.0550110535014422,-0.0552559816621899,0.0437840058652763,-0.139765348552224,0.0132469856425934,0.893235294117647,0.727058823529412,-0.0369564257773826
231,"B_smooth_logistic",4000,1,-0.0527824026639344,-0.0530545962968735,0.0375140303345559,-0.124840259497196,0.00608379431982922,0.93875,0.75175,-0.0370377248452991
232,"A_threshold",1000,0.25,0.00721804511278196,0.00564485491438823,0.00309522104030143,-0.00842153526070527,0.0105818688399831,0.057,0,-0.01004
232,"A_threshold",1600,0.4,0.000562851782363968,-0.000272619926044439,0.00649485088715668,-0.0139368170459574,0.0319858797339224,0.569375,0,-0.01005
232,"A_threshold",2200,0.55,-0.0044685707766219,-0.00497355746064234,0.00356713314084194,-0.0123306563660555,0.01273904485955,0.901818181818182,0,-0.0102363636363636
232,"A_threshold",2800,0.7,-0.0109945134621539,-0.0114768009214119,0.0072733728810574,-0.0272416529980691,0.0241485425879702,0.926785714285714,0.103928571428571,-0.0102428571428571
232,"A_threshold",3400,0.85,-0.0130307148361895,-0.013338665215523,0.0103507468302549,-0.0419642575016047,0.0329395137980006,0.889411764705882,0.273235294117647,-0.0101882352941176
232,"A_threshold",4000,1,-0.00628489122553753,-0.00640242139623947,0.0157695262319646,-0.0588634508262547,0.0555077739025999,0.66625,0.19375,-0.01025
232,"B_smooth_logistic",1000,0.25,-0.0299202260728252,-0.0295451908144585,0.023530854330227,-0.0714570989245365,0.0103730013637604,0.872,0.622,-0.0372803880978148
232,"B_smooth_logistic",1600,0.4,-0.017928635772195,-0.0176789979584219,0.0206820410397533,-0.055090569342894,0.0176092460073834,0.75,0.449375,-0.0371974704899035
232,"B_smooth_logistic",2200,0.55,-0.0254005212398629,-0.0250403635116389,0.0219474364287439,-0.0654862410346065,0.0112225897721794,0.831363636363636,0.562272727272727,-0.0371987279069476
232,"B_smooth_logistic",2800,0.7,-0.0297216113176955,-0.0296113975855126,0.0164669516837046,-0.0591034699808076,-0.00191371264329299,1,0.666071428571429,-0.037161312514072
232,"B_smooth_logistic",3400,0.85,-0.030210497161058,-0.0301877619637813,0.0140498240310825,-0.0554861681032842,-0.00659176301663766,1,0.707352941176471,-0.0370933928404024
232,"B_smooth_logistic",4000,1,-0.0316376072276785,-0.0315245547096293,0.0113064119374141,-0.0525002187325744,-0.0131747637332622,1,0.794,-0.0370583026557212
233,"A_threshold",1000,0.25,-0.00617955942622951,-0.00610240974444713,0.00586837041974171,-0.025451170422777,0.0119685735894241,0.847,0.011,-0.01036
233,"A_threshold",1600,0.4,-0.00646612006231727,-0.00631478713431619,0.00846837140083673,-0.0362485649498273,0.0185346148268515,0.76125,0.061875,-0.01025
233,"A_threshold",2200,0.55,0.00524010248780891,0.00528801761949335,0.00231785362569557,-0.00215899541198913,0.0139063621935575,0.0122727272727273,0,-0.0102545454545455
233,"A_threshold",2800,0.7,-0.00615280529450452,-0.00581331293888377,0.000716600905777968,-0.0079897411595926,-0.00311927231283106,1,0,-0.0101714285714286
233,"A_threshold",3400,0.85,-0.00277371777836832,-0.00273333553554081,0.00465616367409117,-0.0192667955434151,0.0129950549660117,0.722941176470588,0,-0.0102235294117647
233,"A_threshold",4000,1,-0.0047980767692283,-0.00481407954147239,0.0112881676330571,-0.0488468522116263,0.0307891389609903,0.66225,0.086,-0.0103
233,"B_smooth_logistic",1000,0.25,-0.00632402529610118,-0.00629240410510905,0.0095980128479685,-0.0234926482770078,0.00984247236808199,0.678,0.097,-0.0377387008194705
233,"B_smooth_logistic",1600,0.4,-0.027293792646551,-0.0274756140221727,0.00871236006542763,-0.0431084871298571,-0.0131385896133527,1,0.745,-0.0372251397731354
233,"B_smooth_logistic",2200,0.55,-0.0384827718438739,-0.0387733243239786,0.0265319142983577,-0.087138582330762,0.00496492695798877,0.944545454545455,0.693181818181818,-0.0372414036239361
233,"B_smooth_logistic",2800,0.7,-0.0434393295832855,-0.0438337017299215,0.02695718522441,-0.0939949337645811,-0.000341251395477901,1,0.753928571428571,-0.0373272780218471
233,"B_smooth_logistic",3400,0.85,-0.0482652428216944,-0.0485479834543868,0.0232741133942013,-0.0907577965095239,-0.00963525825769296,1,0.863235294117647,-0.0373695322886311
233,"B_smooth_logistic",4000,1,-0.0466887590263325,-0.0469859073706817,0.0229427698675927,-0.0886086286894225,-0.00873868865346673,1,0.8425,-0.0374552137178867
234,"A_threshold",1000,0.25,-0.0236114279311187,-0.0230247816929237,0.00987210232356579,-0.0614255062465006,-0.00415807010182428,1,0.571,-0.01076
234,"A_threshold",1600,0.4,-0.0297469214795648,-0.0294715412920516,0.00142918278620005,-0.0304981360532847,-0.020561585381898,1,1,-0.00985
234,"A_threshold",2200,0.55,-0.0103427668823166,-0.0105168667519296,0.00469786377868761,-0.0306828902108979,0.000905134870557329,0.999090909090909,0.0409090909090909,-0.00972727272727273
234,"A_threshold",2800,0.7,-0.0100719424460432,-0.0101725381349676,0.00516652771237566,-0.02374578335646,0.0114795955277319,0.961785714285714,0.0128571428571429,-0.00952857142857143
234,"A_threshold",3400,0.85,-0.00441117035117733,-0.00467095846323433,0.0124507710829994,-0.037951447872801,0.0478205870380867,0.675588235294118,0.0911764705882353,-0.00932941176470588
234,"A_threshold",4000,1,-0.00154500965631035,-0.00166753050594898,0.0135905688896473,-0.0385531478876895,0.0553878126693121,0.587,0.06975,-0.00935
234,"B_smooth_logistic",1000,0.25,-0.0420930689338641,-0.0409430969871136,0.0537097847018108,-0.138555178038231,0.0401292381139227,0.706,0.57,-0.0375070632039991
234,"B_smooth_logistic",1600,0.4,-0.0453150910162215,-0.044587513740049,0.0384361133216183,-0.112852097932563,0.0171964605104208,0.853125,0.65875,-0.0375438065300895
234,"B_smooth_logistic",2200,0.55,-0.0387552690304984,-0.0381131747237031,0.036696097238569,-0.107478492942795,0.0169859249002181,0.810909090909091,0.607272727272727,-0.0371159523445223
234,"B_smooth_logistic",2800,0.7,-0.0420005357211189,-0.041234312695071,0.0382457886416631,-0.114643174800799,0.0146022340271426,0.829642857142857,0.624642857142857,-0.0371047137005019
234,"B_smooth_logistic",3400,0.85,-0.0396021309372054,-0.0392441290937636,0.0395691163221558,-0.113991354405656,0.0205166838198281,0.789705882352941,0.604705882352941,-0.0371163692002673
234,"B_smooth_logistic",4000,1,-0.0407650754927787,-0.0406080662840272,0.0389959176379384,-0.115165505210725,0.0174738759936919,0.811,0.61825,-0.0371571093097034
235,"A_threshold",1000,0.25,0.000932033553207923,0.000992732008776939,0.0284305548641062,-0.0986687541706206,0.10202078368705,0.492,0.217,-0.01084
235,"A_threshold",1600,0.4,-0.00925244322328865,-0.00926643663893182,0.00866160518783212,-0.0403743910711177,0.0224539434175281,0.86,0.10125,-0.0105
235,"A_threshold",2200,0.55,-0.0103686721636772,-0.0103076872402446,0.0162831473273865,-0.0647904944559472,0.0520639929946429,0.749090909090909,0.275909090909091,-0.0103272727272727
235,"A_threshold",2800,0.7,-0.00230205960864986,-0.00237375956197665,0.0160260939845601,-0.0605368738238883,0.0535689921372491,0.561785714285714,0.131785714285714,-0.0103714285714286
235,"A_threshold",3400,0.85,-0.00473372781065089,-0.00472791754215054,0.013883879135144,-0.0527840649014595,0.04550749235627,0.636764705882353,0.131764705882353,-0.0101882352941176
235,"A_threshold",4000,1,-0.00801920108006075,-0.00794394429832886,0.0141006160187003,-0.0533077574727117,0.0467192473915276,0.72725,0.1905,-0.01009
235,"B_smooth_logistic",1000,0.25,-0.0514051597208885,-0.0513732419969121,0.00431081575631185,-0.0591663246208638,-0.0440036696290987,1,1,-0.0379323687290559
235,"B_smooth_logistic",1600,0.4,-0.0405173869271319,-0.0404620104310828,0.0070879647501054,-0.0534386882138962,-0.0283706294851398,1,1,-0.0379610442398862
235,"B_smooth_logistic",2200,0.55,-0.0360032044736966,-0.0362409275922699,0.00952721767427206,-0.0524454404445605,-0.0190833724330837,1,0.977272727272727,-0.0373908929934287
235,"B_smooth_logistic",2800,0.7,-0.0446624499806377,-0.0448429834538585,0.00240407991187489,-0.0489209666035321,-0.0405163470453019,1,1,-0.0374542715657097
235,"B_smooth_logistic",3400,0.85,-0.0440169702480866,-0.0441662922113803,0.0018323064441799,-0.0472725042705973,-0.0408913339439599,1,1,-0.037439979696252
235,"B_smooth_logistic",4000,1,-0.0460029140262262,-0.0459080192948549,0.0015840799893354,-0.0487284429914206,-0.0431872141363149,1,1,-0.0373914678669563
236,"A_threshold",1000,0.25,-0.0154249871991807,-0.0153035013104841,0.0297212662633399,-0.130977706284822,0.0469436339797329,0.66,0.404,-0.0098
236,"A_threshold",1600,0.4,-0.0215505387634691,-0.0209665282486183,0.0122625178000081,-0.0690821060117082,0.00379345472223649,0.9925,0.475,-0.009725
236,"A_threshold",2200,0.55,-0.0256532317782715,-0.0256370251743035,0.000918680552220926,-0.0263694382026029,-0.0201555204120273,1,1,-0.00990909090909091
236,"A_threshold",2800,0.7,-0.0250880146946273,-0.0249026463850741,0.00694899107958544,-0.0419163734452027,0.00437089081161277,0.998571428571429,0.770357142857143,-0.00984285714285714
236,"A_threshold",3400,0.85,-0.0286083440945939,-0.0286102876504464,0.00391722964338467,-0.0392401148387348,-0.013295659818185,1,0.980294117647059,-0.00974117647058824
236,"A_threshold",4000,1,-0.0251820251820252,-0.0251122488879085,0.00389601913120077,-0.0363760801896051,-0.0104863345913722,1,0.89475,-0.00971
236,"B_smooth_logistic",1000,0.25,-0.0318205821638316,-0.0317895663693624,0.0123909256830166,-0.053282832071379,-0.0100407831241666,1,0.782,-0.0375070687491695
236,"B_smooth_logistic",1600,0.4,-0.0364202782504254,-0.0365768761548471,0.00931030088071869,-0.0533643312122044,-0.0210683816392402,1,1,-0.0373960497848464
236,"B_smooth_logistic",2200,0.55,-0.0305327332757119,-0.0308111409339099,0.0117750675257055,-0.0536336073154994,-0.0122096122714671,1,0.767272727272727,-0.0370338598218704
236,"B_smooth_logistic",2800,0.7,-0.0363980122382759,-0.0366940833466399,0.0181672342748602,-0.0708075563769089,-0.00709825331644075,1,0.767857142857143,-0.0369557091763918
236,"B_smooth_logistic",3400,0.85,-0.0364084149339837,-0.0365021427970221,0.0139060959402793,-0.0614298937876179,-0.0126529046203325,1,0.837058823529412,-0.0369978629193507
236,"B_smooth_logistic",4000,1,-0.0430944137315961,-0.0432214348110278,0.0177046175305544,-0.075665937157642,-0.014023732480075,1,0.88375,-0.0370849499939299
237,"A_threshold",1000,0.25,-0.0394483951566404,-0.0396862428947546,0.0167354067497632,-0.0841693925043307,0.0203110540299207,0.986,0.88,-0.01044
237,"A_threshold",1600,0.4,-0.0278875988389551,-0.0281555617371425,0.00134221000964945,-0.0313137294835392,-0.0226697262724553,1,1,-0.01035
237,"A_threshold",2200,0.55,-0.0281491581065339,-0.0280196248303636,0.00516789308896948,-0.0391021839853773,-0.00575798389811255,1,0.920909090909091,-0.0101818181818182
237,"A_threshold",2800,0.7,-0.0246068505202251,-0.0244107838933982,0.00477053033516611,-0.0368774552576773,-0.00301215669366958,1,0.827857142857143,-0.0103285714285714
237,"A_threshold",3400,0.85,-0.0255867052703434,-0.0254685614283108,0.0020487093124217,-0.0291719873395111,-0.0144018722827397,1,0.985,-0.0103294117647059
237,"A_threshold",4000,1,-0.0238723274525138,-0.0235784357686161,0.00360389204200607,-0.0313556041062306,-0.00531140918685188,1,0.84675,-0.01009
237,"B_smooth_logistic",1000,0.25,-0.0353035303530353,-0.0355121902378239,0.0188542932560997,-0.069450730542813,-0.00539903876698046,1,0.73,-0.0370456972753473
237,"B_smooth_logistic",1600,0.4,-0.038907873293552,-0.0388085880764872,0.00891102504434683,-0.0527141022840777,-0.0222267015149593,1,1,-0.0374299251332873
237,"B_smooth_logistic",2200,0.55,-0.0262355588723627,-0.0262479215012217,0.0136707245230957,-0.0493891751893341,-0.00251276043832255,1,0.642272727272727,-0.0375635215853687
237,"B_smooth_logistic",2800,0.7,-0.0321650898415317,-0.032166864850584,0.0125148210076315,-0.0533189589338192,-0.0102156423095538,1,0.7775,-0.0375364497191332
237,"B_smooth_logistic",3400,0.85,-0.0383955398057869,-0.0383736896780955,0.00848090216567694,-0.0524129545887942,-0.023211279854905,1,1,-0.0375168322237224
237,"B_smooth_logistic",4000,1,-0.0389922276547888,-0.0390071884985466,0.00507060930329318,-0.0477670962879517,-0.0303303994474143,1,1,-0.0374459649896862
238,"A_threshold",1000,0.25,0.00506408102529642,0.00494033384541201,0.0100197774728555,-0.0294190654026053,0.026395600742111,0.281,0.014,-0.0102
238,"A_threshold",1600,0.4,-0.00949135168161312,-0.0095064691207026,0.00678774952949334,-0.0324727062364059,0.010392352665639,0.924375,0.061875,-0.0102
238,"A_threshold",2200,0.55,-0.016725103942842,-0.0165375128367391,0.0131109225215886,-0.0669787755388215,0.0174271617054048,0.900454545454546,0.383181818181818,-0.0102727272727273
238,"A_threshold",2800,0.7,-0.0122283670133813,-0.0122109061149655,0.0125761104255629,-0.056174898639033,0.0238536872537304,0.831785714285714,0.266785714285714,-0.0101142857142857
238,"A_threshold",3400,0.85,-0.00333168203207679,-0.00333305985578302,0.0130660331417542,-0.0658598062913812,0.0341766899466175,0.596176470588235,0.101176470588235,-0.0100352941176471
238,"A_threshold",4000,1,-0.0118893212278426,-0.0119165999918265,0.00701727493955703,-0.0414403338861587,0.010285835836867,0.95475,0.12125,-0.01001
238,"B_smooth_logistic",1000,0.25,-0.0389694028985043,-0.0388550663266498,0.00332425186963916,-0.0447530759741805,-0.0332845301743528,1,1,-0.037535164107519
238,"B_smooth_logistic",1600,0.4,-0.0429002681266758,-0.0425009064367887,0.0125410436715684,-0.0655463957989938,-0.0219814327416707,1,1,-0.0380301169504042
238,"B_smooth_logistic",2200,0.55,-0.0578866272533693,-0.0574813430730085,0.0176399967247081,-0.0893937918189266,-0.0281641787295679,1,1,-0.0378091460212855
238,"B_smooth_logistic",2800,0.7,-0.0585814056982686,-0.0585357566031552,0.013535378710313,-0.0813559299068,-0.0344456211593202,1,1,-0.0375660527967845
238,"B_smooth_logistic",3400,0.85,-0.0517170390793516,-0.0517004242511131,0.0112940931411934,-0.0707667627107094,-0.0315924598500966,1,1,-0.0375781484991801
238,"B_smooth_logistic",4000,1,-0.0552893468479288,-0.0550539392258096,0.0156660093781036,-0.082290352410666,-0.0280367478562635,1,1,-0.0375530348932541
239,"A_threshold",1000,0.25,-0.0143214321432143,-0.0146612031999236,0.0262260368793559,-0.0972752777362503,0.0646950443387271,0.72,0.42,-0.0096
239,"A_threshold",1600,0.4,-0.00921210340683742,-0.0100008302644424,0.0108163239237834,-0.0364308645395236,0.0330656804302362,0.83625,0.171875,-0.009575
239,"A_threshold",2200,0.55,0.00239174344377999,0.00176379135081622,0.0184690195517677,-0.0434477474373823,0.0789432198611364,0.509090909090909,0.105454545454545,-0.00969090909090909
239,"A_threshold",2800,0.7,-0.00258980120367593,-0.00300819874028807,0.0249800436769611,-0.0699029140849915,0.099517993624892,0.588214285714286,0.262857142857143,-0.00974285714285714
239,"A_threshold",3400,0.85,-0.00476753343640267,-0.00483305972941179,0.0282960504103774,-0.107737739737493,0.116157782594239,0.603529411764706,0.316470588235294,-0.00984705882352941
239,"A_threshold",4000,1,-0.00340675085168771,-0.00333584038395606,0.0277672682408372,-0.106587945200858,0.115268340098422,0.57725,0.28925,-0.0098
239,"B_smooth_logistic",1000,0.25,-0.0418241975427184,-0.0417299234500397,0.0127836407955252,-0.0673602421342873,-0.0235686459222164,1,1,-0.0363844232014978
239,"B_smooth_logistic",1600,0.4,-0.0368044225375467,-0.0366951659984773,0.0297920607474984,-0.0979098320619922,0.00506327206180989,0.90875,0.629375,-0.0367400479042178
239,"B_smooth_logistic",2200,0.55,-0.032285641529339,-0.032146696467475,0.0238880010660636,-0.0805097723400909,0.00243184036024494,0.953181818181818,0.613181818181818,-0.0367872236698951
239,"B_smooth_logistic",2800,0.7,-0.0333414826228735,-0.0335691588728469,0.0296296033020534,-0.0940390406238812,0.00910660855850278,0.850357142857143,0.598571428571429,-0.0368435018258595
239,"B_smooth_logistic",3400,0.85,-0.029223814786956,-0.0295507541189877,0.0379688820522768,-0.106051421519047,0.0263990695662118,0.713235294117647,0.537058823529412,-0.0369129952258769
239,"B_smooth_logistic",4000,1,-0.0287605660860656,-0.0289300526537352,0.0355694254649784,-0.0990903925367506,0.025063673510231,0.72775,0.54425,-0.0369994310383147
240,"A_threshold",1000,0.25,-0.00528808460935375,-0.00579165209257515,0.0175052495866206,-0.038279165198282,0.0635814741092196,0.683,0.215,-0.00992
240,"A_threshold",1600,0.4,-0.0076473051609153,-0.00771692876146225,0.0168900214708528,-0.039304631889357,0.0594327839896691,0.7225,0.250625,-0.009975
240,"A_threshold",2200,0.55,-0.00857031168000424,-0.00898235986284666,0.016335727375475,-0.0413707507335049,0.0928066000594726,0.748181818181818,0.266818181818182,-0.00965454545454546
240,"A_threshold",2800,0.7,-0.0144659039480713,-0.0144524610823414,0.0281449211152965,-0.0976217308291779,0.12367001139097,0.716428571428571,0.435714285714286,-0.00971428571428572
240,"A_threshold",3400,0.85,-0.0145502059618196,-0.0143748653315684,0.0289011323649527,-0.0947408389300092,0.135419680709318,0.716764705882353,0.440588235294118,-0.00976470588235294
240,"A_threshold",4000,1,-0.0127482039712635,-0.0126497017590991,0.0230579607924246,-0.0863712950063475,0.0921133709306531,0.72075,0.387,-0.0098
240,"B_smooth_logistic",1000,0.25,-0.0326423044265368,-0.0327043983531676,0.00457107005654196,-0.0407286213122344,-0.0248893574254045,1,1,-0.0373582515288795
240,"B_smooth_logistic",1600,0.4,-0.0370583696320771,-0.0370617638020337,0.00688375372264212,-0.0493198211446734,-0.0252415691052222,1,1,-0.0373543010836612
240,"B_smooth_logistic",2200,0.55,-0.0490045536376152,-0.0489670750284167,0.00789239057340327,-0.0630651890524358,-0.0354840174938011,1,1,-0.0371683075658863
240,"B_smooth_logistic",2800,0.7,-0.0453392658282269,-0.0450998530072652,0.0104020888700991,-0.064057233801886,-0.0282280166422889,1,1,-0.037097128599733
240,"B_smooth_logistic",3400,0.85,-0.0413446891012325,-0.0412787691241948,0.00796276645603735,-0.0553134791697797,-0.0279595444668922,1,1,-0.0371609237991232
240,"B_smooth_logistic",4000,1,-0.0381766916118061,-0.0380311815507595,0.013256261252797,-0.0615603929662643,-0.0161943270853581,1,0.89875,-0.0371953325101903
241,"A_threshold",1000,0.25,-0.014162039333664,-0.0145602780340789,0.0390125607573369,-0.165257408037028,0.0698391547680658,0.612,0.405,-0.0092
241,"A_threshold",1600,0.4,-0.0155610027576461,-0.0158214643720674,0.0144081693970944,-0.0729189171343677,0.0207671096294469,0.87,0.3725,-0.009125
241,"A_threshold",2200,0.55,-0.0106026176607758,-0.0106259385902724,0.00658376296380336,-0.0338025549075603,0.0106555123385792,0.944090909090909,0.0781818181818182,-0.00954545454545455
241,"A_threshold",2800,0.7,-0.0113908294636665,-0.0112967952364697,0.00615777652823959,-0.0302378651567966,0.0117358622154888,0.960714285714286,0.0739285714285714,-0.00971428571428572
241,"A_threshold",3400,0.85,-0.0178565740472731,-0.0178818559279782,0.0058928874866645,-0.0381360988308292,0.00227053071214775,0.998529411764706,0.366176470588235,-0.00977647058823529
241,"A_threshold",4000,1,-0.0141446943077829,-0.0141982058684078,0.00722019331932724,-0.0401941630397381,0.00934126691834879,0.97675,0.2095,-0.00976
241,"B_smooth_logistic",1000,0.25,-0.0156215524469353,-0.0156517913997562,0.00876950968003789,-0.0293456099320771,0.0014980014384073,0.968,0.383,-0.0375310578302583
241,"B_smooth_logistic",1600,0.4,-0.0202500473278167,-0.0202401267624749,0.0117502930698611,-0.0406135475230633,0.000778396048965568,0.98125,0.51875,-0.0376005211683002
241,"B_smooth_logistic",2200,0.55,-0.0352255810935577,-0.035253518934654,0.0190001413910419,-0.0696211652070892,-0.00266813527125226,1,0.733636363636364,-0.0373091391816857
241,"B_smooth_logistic",2800,0.7,-0.0276112808393486,-0.027532646955701,0.0224714586832881,-0.0690177361789691,0.0102477139217736,0.860357142857143,0.587142857142857,-0.0372587770139919
241,"B_smooth_logistic",3400,0.85,-0.0367696646806167,-0.036777080302776,0.0186678178880285,-0.0710164937633389,-0.00566618084062694,1,0.756764705882353,-0.0372142082509257
241,"B_smooth_logistic",4000,1,-0.0363143241167435,-0.0362784333476073,0.018726184803954,-0.0703666852137224,-0.00496869283431375,1,0.74775,-0.0371703301581015
242,"A_threshold",1000,0.25,-0.00240015360983103,-0.00322438534787595,0.0284687495116931,-0.0488612055474891,0.155911276856367,0.631,0.319,-0.01072
242,"A_threshold",1600,0.4,-0.000536380852298221,-0.000758206533199719,0.0296250949306074,-0.0739723241778374,0.130489632767498,0.5625,0.27875,-0.010325
242,"A_threshold",2200,0.55,-0.0144570341576379,-0.0149735772912746,0.0251467623290379,-0.08479278020129,0.0886849002649836,0.734090909090909,0.461363636363636,-0.0102545454545455
242,"A_threshold",2800,0.7,-0.0164285714285714,-0.0168905048751081,0.0171646946024477,-0.0679743254093312,0.0500596991474273,0.832142857142857,0.460714285714286,-0.00982857142857143
242,"A_threshold",3400,0.85,-0.0152941176470588,-0.0157610469199697,0.0137169004820344,-0.054226073407695,0.0397983880677704,0.868235294117647,0.411764705882353,-0.0098
242,"A_threshold",4000,1,-0.0121287762416795,-0.0124578923179254,0.0175146218062341,-0.0658242975402309,0.0552956251527901,0.76475,0.3545,-0.00969
242,"B_smooth_logistic",1000,0.25,-0.0357132852300514,-0.0356410912171962,0.0351973391177949,-0.100402442448855,0.0210299626869859,0.784,0.621,-0.0374631920756498
242,"B_smooth_logistic",1600,0.4,-0.0174277313278219,-0.0171816709901154,0.0434959440381774,-0.0993705880617316,0.0534020643703919,0.60125,0.46625,-0.0373974370926998
242,"B_smooth_logistic",2200,0.55,-0.0186370735635662,-0.0187534629396671,0.0318812041199989,-0.078725592316426,0.0324281633620698,0.668181818181818,0.475454545454545,-0.0373437793992238
242,"B_smooth_logistic",2800,0.7,-0.0173660007631049,-0.0173478179014664,0.0256028773245254,-0.0611385602216368,0.0276460590924169,0.703214285714286,0.479642857142857,-0.0372764330496134
242,"B_smooth_logistic",3400,0.85,-0.0158718624030263,-0.015869783985009,0.0202149295539983,-0.050315407000673,0.019663943552,0.732352941176471,0.451470588235294,-0.0374105758883646
242,"B_smooth_logistic",4000,1,-0.0159277901510022,-0.0158912388564842,0.0220365671257813,-0.0519271613561534,0.0241610536447689,0.71925,0.46525,-0.0373100790009874
243,"A_threshold",1000,0.25,-0.0111548556430446,-0.0104265640830025,0.000689132172593474,-0.0108696477833781,-0.00352717180474921,1,0,-0.01016
243,"A_threshold",1600,0.4,-0.017039203920392,-0.0164639626472398,0.00762857725358259,-0.0528053487186259,-0.00190354971302569,1,0.288125,-0.01015
243,"A_threshold",2200,0.55,-0.017822680691848,-0.0173409057366192,0.010481331659834,-0.0667973859071472,0.00373849894352547,0.99,0.346363636363636,-0.00992727272727273
243,"A_threshold",2800,0.7,-0.0212307855574331,-0.0208411021620329,0.00862287232470993,-0.0586204112551726,0.000389019364839149,0.999642857142857,0.485357142857143,-0.00971428571428572
243,"A_threshold",3400,0.85,-0.0172848118435841,-0.0168155504350825,0.00884341671569725,-0.0551359984397344,0.00571721041355963,0.992647058823529,0.331176470588235,-0.00961176470588235
243,"A_threshold",4000,1,-0.0175356312827262,-0.0171516193026977,0.00649379332005313,-0.0453998854569326,-0.000612800959641641,1,0.30275,-0.00964
243,"B_smooth_logistic",1000,0.25,-0.0388888888888889,-0.0369895579498495,0.0415076948531878,-0.122074418843591,0.022306634514761,0.754,0.59,-0.0372557332377012
243,"B_smooth_logistic",1600,0.4,-0.0367297464905192,-0.0353117903741248,0.0417903881358775,-0.117560887808622,0.0273931649394485,0.73375,0.588125,-0.0373926312922908
243,"B_smooth_logistic",2200,0.55,-0.0345628980233231,-0.0338685539218833,0.0328268199336847,-0.0980058484474005,0.0156263651592557,0.812272727272727,0.597727272727273,-0.0370581981432957
243,"B_smooth_logistic",2800,0.7,-0.0303133382774465,-0.0301302006599818,0.0251511697395498,-0.0784302537491358,0.00871834845905342,0.858928571428571,0.595,-0.0368815486339284
243,"B_smooth_logistic",3400,0.85,-0.0280137514180067,-0.0279815186445191,0.0257573530395415,-0.0762735303879666,0.0129533350042227,0.82,0.571176470588235,-0.036944453703833
243,"B_smooth_logistic",4000,1,-0.031185080081296,-0.0312541777683757,0.0205419671399801,-0.0701452332121965,0.000794152241892249,0.984,0.63925,-0.0370601808881421
244,"A_threshold",1000,0.25,0.00564056405640564,0.00556391546252007,0.0217874926979871,-0.0549186023842782,0.0976025777668875,0.419,0.113,-0.0088
244,"A_threshold",1600,0.4,0.00353138794484159,0.00353804887744086,0.0136790003377993,-0.0422920927091461,0.0498895768530766,0.38875,0.0475,-0.009025
244,"A_threshold",2200,0.55,-0.00831296975388451,-0.00820329844581391,0.0163445881311183,-0.0686796936373531,0.042578569156659,0.683181818181818,0.22,-0.00930909090909091
244,"A_threshold",2800,0.7,-0.0119040633822112,-0.0115827676115209,0.0144711889878312,-0.0679283963384486,0.0305443571517073,0.783214285714286,0.258928571428571,-0.00935714285714286
244,"A_threshold",3400,0.85,-0.0150704018139177,-0.0147468735759779,0.0124888554814491,-0.0674959303791839,0.017525800243541,0.895294117647059,0.305294117647059,-0.00947058823529412
244,"A_threshold",4000,1,-0.00930533996895554,-0.0089432584984748,0.00669833203032092,-0.0381251664326775,0.00875938687514411,0.92625,0.061,-0.00957
244,"B_smooth_logistic",1000,0.25,-0.0660406434749891,-0.0665390325497665,0.0173951787028862,-0.0989333659058054,-0.0390427196553143,1,1,-0.0371513619588826
244,"B_smooth_logistic",1600,0.4,-0.0454291871314963,-0.0454084385222332,0.00231594321729764,-0.0493958071008032,-0.04143058457088,1,1,-0.0368483266802726
244,"B_smooth_logistic",2200,0.55,-0.0427572115444223,-0.0428357628633253,0.00497359156069526,-0.051937464427276,-0.0347350368839335,1,1,-0.0366806674271816
244,"B_smooth_logistic",2800,0.7,-0.0513062367804265,-0.0513177978882137,0.00883659315296294,-0.0677787148726752,-0.0372205790039675,1,1,-0.0368499114814153
244,"B_smooth_logistic",3400,0.85,-0.0525229603038743,-0.0525664253973202,0.0129902961897938,-0.0772328425466236,-0.0320096278937866,1,1,-0.0368819893181089
244,"B_smooth_logistic",4000,1,-0.0491379864240893,-0.0492209972852002,0.0113439574888861,-0.0707501832964864,-0.0312969374174621,1,1,-0.0368699588969534
245,"A_threshold",1000,0.25,-0.0125480655732457,-0.0137673966569572,0.0244855124932616,-0.0669529946246959,0.0949921728088994,0.738,0.438,-0.00924
245,"A_threshold",1600,0.4,0.00286848279926405,0.00176404587951423,0.0309115499984549,-0.0680071172598128,0.134532166099641,0.523125,0.243125,-0.00945
245,"A_threshold",2200,0.55,0.0127131782945736,0.0114282913869489,0.0251727433832734,-0.0463259715048095,0.115547900440021,0.352272727272727,0.0909090909090909,-0.0098
245,"A_threshold",2800,0.7,0.0128271850604623,0.0121080199912857,0.0279072067741454,-0.0607699834721478,0.122985373968443,0.353928571428571,0.113571428571429,-0.00978571428571429
245,"A_threshold",3400,0.85,0.00151073134829832,0.00109884544506545,0.029153583138549,-0.0774506658965536,0.116068289821538,0.517941176470588,0.234411764705882,-0.00989411764705882
245,"A_threshold",4000,1,0.00740725185181297,0.00720175524420563,0.0264268344704434,-0.0737874388024758,0.1161793940723,0.40525,0.1455,-0.00974
245,"B_smooth_logistic",1000,0.25,-0.00845286885245902,-0.0079032258143024,0.0102658213674058,-0.0227184226679083,0.0124644088540626,0.74,0.118,-0.0374841766291977
245,"B_smooth_logistic",1600,0.4,-0.0186752439316007,-0.0186772739711823,0.0127831605802428,-0.0405081210188067,0.00351966210633986,0.916875,0.478125,-0.0373069850548223
245,"B_smooth_logistic",2200,0.55,-0.0220807278554012,-0.0220709266713429,0.0172907918871014,-0.0517542533820788,0.00836091829873561,0.863636363636364,0.537727272727273,-0.0374856609139315
245,"B_smooth_logistic",2800,0.7,-0.0215467890123678,-0.0215329049741211,0.0125601556782363,-0.0424474601661705,0.00151876677757598,0.971428571428571,0.549285714285714,-0.0375862497105995
245,"B_smooth_logistic",3400,0.85,-0.0292869175865585,-0.0292876178040919,0.0105115988424945,-0.0467141843867686,-0.0100945181389784,1,0.759411764705882,-0.0375643030063345
245,"B_smooth_logistic",4000,1,-0.0292733879996748,-0.0291883723686372,0.0129134959371069,-0.0501428423512356,-0.00473576302609253,1,0.72275,-0.0375173628443929
246,"A_threshold",1000,0.25,-0.0378951580632253,-0.0386058640124136,0.0272619074240499,-0.104496302267867,0.067530110838275,0.921,0.77,-0.01004
246,"A_threshold",1600,0.4,-0.0242367032582331,-0.0241689491736504,0.0179446356092265,-0.0759922125706513,0.0382431383092354,0.91125,0.6075,-0.009775
246,"A_threshold",2200,0.55,-0.0172376573460409,-0.017236130586192,0.00845819679969669,-0.0390209030346911,0.0147325760492146,0.966363636363636,0.39,-0.00967272727272727
246,"A_threshold",2800,0.7,-0.0192494962548307,-0.0191337591029297,0.000541155744778133,-0.0205103472923193,-0.0170727039310413,1,0.0389285714285714,-0.00988571428571429
246,"A_threshold",3400,0.85,-0.0163443651308674,-0.0162886543125519,0.00115840432091405,-0.0197286832805872,-0.0123643289697916,1,0,-0.00992941176470588
246,"A_threshold",4000,1,-0.0203970397039704,-0.0203719143416445,0.000661450464950143,-0.0224942264347005,-0.0182068988139868,1,0.71175,-0.00989
246,"B_smooth_logistic",1000,0.25,-0.042252047828256,-0.0425523813535341,0.00200451241256176,-0.0458464112493834,-0.0387847258372634,1,1,-0.0367553454834021
246,"B_smooth_logistic",1600,0.4,-0.0475045900616346,-0.0476095265276593,0.00624364061358843,-0.0586522948667607,-0.0367971789886398,1,1,-0.0371430321941393
246,"B_smooth_logistic",2200,0.55,-0.0328956956055166,-0.0326449970557851,0.00925280360440052,-0.0482067394735247,-0.0157583245325642,1,0.885454545454545,-0.0370634619670167
246,"B_smooth_logistic",2800,0.7,-0.0356431593613785,-0.0353903110688142,0.0186099913771863,-0.0662199511025706,-0.00101004739079026,1,0.749642857142857,-0.0371560636548576
246,"B_smooth_logistic",3400,0.85,-0.0388180843128708,-0.0386883937831357,0.015183906683795,-0.063902047592156,-0.0109703060236263,1,0.855,-0.0372383545689532
246,"B_smooth_logistic",4000,1,-0.0331951703821907,-0.0331707963279366,0.0155864658347034,-0.06010052846113,-0.00533204087419024,1,0.75025,-0.0372084113800102
247,"A_threshold",1000,0.25,0.0304659498207885,0.0280413425921003,0.0292604435200233,-0.0143285429332823,0.191293735017888,0.122,0,-0.00916
247,"A_threshold",1600,0.4,0.0149302707136998,0.0138578206925027,0.0327442181145234,-0.0538154393862615,0.182235248970472,0.369375,0.12625,-0.009
247,"A_threshold",2200,0.55,0.00338039157993221,0.00317537133760571,0.0271269059888558,-0.0795554327336688,0.107720238793482,0.459090909090909,0.195909090909091,-0.00941818181818182
247,"A_threshold",2800,0.7,0.00698985297839166,0.00684033775565338,0.0187809085154698,-0.0501191762749887,0.0780150224373994,0.359285714285714,0.0764285714285714,-0.00955714285714286
247,"A_threshold",3400,0.85,0.00325762994445003,0.00312913078681564,0.0176044243812897,-0.0546875051495586,0.0714765668978538,0.439705882352941,0.0905882352941176,-0.00975294117647059
247,"A_threshold",4000,1,0.00321429008968059,0.00302781217289923,0.020191390089563,-0.0540894506419995,0.0924639067423879,0.47,0.116,-0.00965
247,"B_smooth_logistic",1000,0.25,-0.0432860386606918,-0.0432928282526017,0.00348585383270707,-0.0493166949919889,-0.0371970294240502,1,1,-0.037544483926329
247,"B_smooth_logistic",1600,0.4,-0.0391854018299353,-0.0394392195979571,0.0188025200797691,-0.075284450703724,-0.00953946085694376,1,0.80125,-0.0373177877268758
247,"B_smooth_logistic",2200,0.55,-0.0327701565654018,-0.0331271860846365,0.0231043658625137,-0.0778004344659241,0.0022262203710225,0.963181818181818,0.636818181818182,-0.0371809904287671
247,"B_smooth_logistic",2800,0.7,-0.038238184579648,-0.03855018962523,0.0160942113294243,-0.0679831921363622,-0.0125714740092864,1,0.834642857142857,-0.0371596972039469
247,"B_smooth_logistic",3400,0.85,-0.0406953882621386,-0.0408944949946895,0.017616465565173,-0.073453270575715,-0.0125902622189688,1,0.852058823529412,-0.0370967847191569
247,"B_smooth_logistic",4000,1,-0.0437836534758545,-0.0438684290019834,0.0172989400989643,-0.0750713796220647,-0.0153014878493991,1,0.912,-0.0371789102841462
248,"A_threshold",1000,0.25,-0.0245875043562905,-0.02625011178555,0.0119783678466862,-0.0944408559842086,-0.00210514115018489,1,0.672,-0.01008
248,"A_threshold",1600,0.4,-0.0173729615876339,-0.0192350553094823,0.00294253960208111,-0.0309809585478002,-0.0107617693425163,1,0.3825,-0.01
248,"A_threshold",2200,0.55,-0.0192307692307692,-0.0208065007323394,0.00287033936923538,-0.032142079302546,-0.0126052109276854,1,0.596363636363636,-0.0102181818181818
248,"A_threshold",2800,0.7,-0.0144371580015144,-0.015543043849734,0.00314549284956772,-0.0218822184143963,0.00115965701075629,0.999642857142857,0.0364285714285714,-0.0101571428571429
248,"A_threshold",3400,0.85,-0.016619842978298,-0.0175528926007863,0.00500139117133101,-0.0285420490628904,0.00792583501316546,0.997352941176471,0.346176470588235,-0.0104705882352941
248,"A_threshold",4000,1,-0.0162122593961503,-0.0168758018702247,0.00449059933951421,-0.0258328164394225,0.00769373366792306,0.9975,0.2665,-0.01051
248,"B_smooth_logistic",1000,0.25,-0.0436643664366437,-0.0436628900454457,0.00480457810466856,-0.0519006039356208,-0.035402129001186,1,1,-0.0371473450948562
248,"B_smooth_logistic",1600,0.4,-0.0424095421469831,-0.0421589659739498,0.0174917474189396,-0.0746298390024732,-0.0147404489944429,1,0.87875,-0.0373047294375356
248,"B_smooth_logistic",2200,0.55,-0.0442598561864617,-0.0439227015248348,0.00743927223995047,-0.0580533629102758,-0.0321498107489115,1,1,-0.0368790989878795
248,"B_smooth_logistic",2800,0.7,-0.0391896642598854,-0.0391561748821129,0.00514820699946039,-0.0484699736803806,-0.0306547399282727,1,1,-0.0370707937382118
248,"B_smooth_logistic",3400,0.85,-0.0407660865581195,-0.0407538667649548,0.00626240969667802,-0.0520412404854365,-0.0303341600789091,1,1,-0.0370437782448471
248,"B_smooth_logistic",4000,1,-0.0425850216665154,-0.0425064808933099,0.00943401499379088,-0.0595455002536422,-0.0268458825816116,1,1,-0.0370876841855883
249,"A_threshold",1000,0.25,-0.0163207124095073,-0.0162001835277027,0.0159850873281347,-0.0716673763164149,0.0265975690724218,0.836,0.385,-0.00912
249,"A_threshold",1600,0.4,0.00179249344448358,0.00175988021095133,0.00699652132262251,-0.020534969980691,0.023329551429955,0.3925,0.000625,-0.00965
249,"A_threshold",2200,0.55,0.00173133088199391,0.00171649322006858,0.00136154353388397,-0.00289023146824684,0.00633954735006563,0.105,0,-0.00967272727272727
249,"A_threshold",2800,0.7,-0.0129917303523707,-0.0129445210499138,0.00436970348117531,-0.0308014376393963,0.00236044978492081,0.998928571428571,0.0557142857142857,-0.00991428571428571
249,"A_threshold",3400,0.85,-0.0209897440727833,-0.021028193940678,0.00712024016416555,-0.0468395441026155,0.00674565747742097,0.997352941176471,0.564705882352941,-0.00988235294117647
249,"A_threshold",4000,1,-0.0229015826364064,-0.0228976101278376,0.00579021527662127,-0.0442964858551649,-0.000973327857804518,1,0.695,-0.00996
249,"B_smooth_logistic",1000,0.25,-0.0224389775129733,-0.0227019489718159,0.020425045566185,-0.0562104745980078,0.0167870838662421,0.814,0.558,-0.0372484917284371
249,"B_smooth_logistic",1600,0.4,-0.0325474676619715,-0.0331989159179394,0.00413116551948036,-0.0407803552329565,-0.0261834581409389,1,1,-0.03705708937029
249,"B_smooth_logistic",2200,0.55,-0.0330839586989969,-0.0332937812367819,0.00120556755922879,-0.0349985729998782,-0.0308582385289403,1,1,-0.0369647636250047
249,"B_smooth_logistic",2800,0.7,-0.0326222171382816,-0.0326142633815705,0.00811645031284688,-0.0457269426741899,-0.0173337318551338,1,0.93,-0.0368064032881493
249,"B_smooth_logistic",3400,0.85,-0.0338920152428217,-0.0338788762777622,0.0108178659659786,-0.0526973547766208,-0.0149048527419168,1,0.872941176470588,-0.0368950029274428
249,"B_smooth_logistic",4000,1,-0.0302106960450129,-0.0302635094105708,0.0133516963370456,-0.0543153933109448,-0.00761587695492415,1,0.71425,-0.0369520008356529
250,"A_threshold",1000,0.25,-0.0226037608810657,-0.0226742568787391,0.00754415804326702,-0.0453183780829996,0.00336395330507136,0.998,0.641,-0.01036
250,"A_threshold",1600,0.4,-0.0221850179221555,-0.0222514364575906,0.000141359269628753,-0.0225544094900463,-0.0215465095420862,1,1,-0.01005
250,"A_threshold",2200,0.55,-0.0169049164690452,-0.0170999969527938,0.016280323774475,-0.0680469538737212,0.0550642365306561,0.855,0.45,-0.01
250,"A_threshold",2800,0.7,-0.0196960044431376,-0.019715962256796,0.0125511285788961,-0.0553712056507229,0.0409212156312615,0.934285714285714,0.523928571428571,-0.0101714285714286
250,"A_threshold",3400,0.85,-0.0231722022175429,-0.0233126210059751,0.0163302734489454,-0.0739873072054396,0.0519250823222989,0.919411764705882,0.601176470588235,-0.00988235294117647
250,"A_threshold",4000,1,-0.0241341607912272,-0.0243170422724149,0.0115839829500865,-0.0593349054327714,0.0292074016923231,0.971,0.659,-0.01007
250,"B_smooth_logistic",1000,0.25,-0.0103494128390394,-0.00979557084547564,0.0323970507368708,-0.0547263278242232,0.0584379626631289,0.624,0.462,-0.0371548128796949
250,"B_smooth_logistic",1600,0.4,-0.0303111290325101,-0.0303026409568676,0.0279256871984715,-0.07171708056858,0.0247840307504424,0.81125,0.6325,-0.037279394973497
250,"B_smooth_logistic",2200,0.55,-0.0284393174431561,-0.028019070811398,0.025294291168301,-0.0651561782738518,0.0221599985993713,0.815454545454545,0.617727272727273,-0.0370402926175898
250,"B_smooth_logistic",2800,0.7,-0.0270126283463434,-0.0261363393630761,0.0117441291294021,-0.0414951256641375,-0.00122230532308791,1,0.69,-0.0372141656218865
250,"B_smooth_logistic",3400,0.85,-0.0268964562569214,-0.0261199489665868,0.00570666358079007,-0.033473582261302,-0.0139333223793496,1,0.806176470588235,-0.0373790683133078
250,"B_smooth_logistic",4000,1,-0.0279947675761737,-0.0273167770060227,0.00539840098888119,-0.037366459706359,-0.0188653573881946,1,0.9195,-0.0373660719682081
251,"A_threshold",1000,0.25,0.0372046738572162,0.0380266241349973,0.0209256296183611,-0.0163996629946909,0.109081240316911,0.026,0,-0.00968
251,"A_threshold",1600,0.4,0.0145879194378863,0.0149816005112867,0.00910846961841372,-0.0109226007367103,0.0453513661465034,0.048125,0,-0.00905
251,"A_threshold",2200,0.55,0.00771603534089771,0.00782464788145957,0.0143455717766804,-0.0365873442613633,0.0674013652175297,0.297727272727273,0.0295454545454545,-0.00936363636363636
251,"A_threshold",2800,0.7,0.00478507969689052,0.00518459680677939,0.0133046593684147,-0.0293848321025586,0.0728980529900259,0.372142857142857,0.0189285714285714,-0.00924285714285714
251,"A_threshold",3400,0.85,0.00436758020270335,0.0049484785559106,0.0136891825595691,-0.0270645615113699,0.081173667382249,0.394117647058824,0.0147058823529412,-0.00928235294117647
251,"A_threshold",4000,1,0.00508677798028141,0.00544797642034064,0.0146829706384648,-0.0271411102042077,0.0912380380189668,0.395,0.016,-0.00928
251,"B_smooth_logistic",1000,0.25,-0.0492268361389491,-0.0489476000157531,0.0219558457196819,-0.0897742447854875,-0.014912548519252,1,0.897,-0.0373283644597972
251,"B_smooth_logistic",1600,0.4,-0.0472438975590236,-0.0472709545484197,0.00998616993824482,-0.066270267506901,-0.0317912175486314,1,1,-0.0368939359389937
251,"B_smooth_logistic",2200,0.55,-0.0424600655876441,-0.0424559162646984,0.00634490988491852,-0.0541192099252886,-0.0323482286602809,1,1,-0.0370212360186557
251,"B_smooth_logistic",2800,0.7,-0.0388184465682583,-0.038922228490837,0.00583571085190208,-0.0497378113788818,-0.0295804109960789,1,1,-0.0371032496937154
251,"B_smooth_logistic",3400,0.85,-0.0392982441570809,-0.0396792142314149,0.00942242920923735,-0.0569912019457441,-0.0245041310539759,1,1,-0.0373210987744606
251,"B_smooth_logistic",4000,1,-0.036373786792492,-0.0365829842243435,0.00694051162969374,-0.0491021546073931,-0.0252673290712827,1,1,-0.0373201770084496
252,"A_threshold",1000,0.25,-0.016,-0.0159760063106898,0.0315322203551349,-0.12150477046191,0.0887997400224645,0.695,0.44,-0.01056
252,"A_threshold",1600,0.4,-0.00937200679384555,-0.00929910278863975,0.0148502768392724,-0.0574620656072257,0.0411139697193463,0.743125,0.234375,-0.010125
252,"A_threshold",2200,0.55,-0.0117357796648691,-0.0117737336743836,0.0208033144364275,-0.0819247228954635,0.055438480317854,0.718636363636364,0.34,-0.0102545454545455
252,"A_threshold",2800,0.7,-0.00814713105364696,-0.00811470027111932,0.0191720785107799,-0.0708642088243931,0.0625737726212422,0.668928571428571,0.269285714285714,-0.0102714285714286
252,"A_threshold",3400,0.85,-0.00121804407727798,-0.000990815340736967,0.0183621595474333,-0.0566432729684959,0.0796333157774832,0.533235294117647,0.143235294117647,-0.0103647058823529
252,"A_threshold",4000,1,-0.00790669475157978,-0.00772825870895495,0.01667965762252,-0.0581501988235623,0.0651637202089718,0.68425,0.2375,-0.01031
252,"B_smooth_logistic",1000,0.25,-0.0285353050380898,-0.0283803776574745,0.0228865904051398,-0.0710767601208337,0.0100306420102028,0.875,0.591,-0.0367384301402269
252,"B_smooth_logistic",1600,0.4,-0.0280043756837006,-0.0279740514940665,0.0171690901331042,-0.0590970154998604,0.00131042488921768,0.979375,0.624375,-0.0366139243072899
252,"B_smooth_logistic",2200,0.55,-0.0296317356781735,-0.0295856298072084,0.0178163776376142,-0.0615377216217529,0.00103006010893643,0.984545454545455,0.654090909090909,-0.0367916194124549
252,"B_smooth_logistic",2800,0.7,-0.0379359471659319,-0.0379513826369251,0.017449735463491,-0.067750707799915,-0.00675265139664664,1,0.797857142857143,-0.0369668371369269
252,"B_smooth_logistic",3400,0.85,-0.039799569120685,-0.0397293021634895,0.0244074455217945,-0.0828102065505864,0.00254305229606529,0.973235294117647,0.737058823529412,-0.0370119760195243
252,"B_smooth_logistic",4000,1,-0.0349539811271716,-0.0348962553187271,0.0221969454444956,-0.0742342800650892,0.00337363658944743,0.959,0.701,-0.0369942072758478
253,"A_threshold",1000,0.25,0.00552009660169053,0.00488291085534068,0.00567107651850043,-0.0041031042624274,0.0376902142654894,0.186,0,-0.00972
253,"A_threshold",1600,0.4,0.00441791194212911,0.00303734216420073,0.00449653574668199,-0.020491898974176,0.0122428210157081,0.228125,0.000625,-0.009925
253,"A_threshold",2200,0.55,-0.0103040590845469,-0.0115196595987913,0.00367589250336331,-0.0298490417985733,-0.00216780194610124,1,0.0204545454545455,-0.0102
253,"A_threshold",2800,0.7,-0.0159920486433534,-0.0167114645043031,0.0059155233910225,-0.0450853742957689,-0.00101607698090361,1,0.269285714285714,-0.0102857142857143
253,"A_threshold",3400,0.85,-0.0300160011961959,-0.0304551036115522,0.00426221706347596,-0.0486317286407823,-0.01766488634897,1,0.997058823529412,-0.0105764705882353
253,"A_threshold",4000,1,-0.0281392792816218,-0.028545529026082,0.000582549532632159,-0.0289815777593931,-0.0233261730801504,1,1,-0.01063
253,"B_smooth_logistic",1000,0.25,-0.0547020037129505,-0.0541223379986032,0.0342145294514082,-0.102050198773789,0.0165208221264475,0.904,0.79,-0.0371510054140647
253,"B_smooth_logistic",1600,0.4,-0.036967783561661,-0.0371495438973446,0.0263336005869025,-0.0771613407868008,0.0132659917406003,0.88125,0.699375,-0.0370800010008928
253,"B_smooth_logistic",2200,0.55,-0.0380273834344829,-0.0380116183258828,0.0205645000197092,-0.0718533481039244,-0.00140626384209884,1,0.758181818181818,-0.0369964588929303
253,"B_smooth_logistic",2800,0.7,-0.0403344331863618,-0.0404506107923646,0.025155553935388,-0.0844966184567638,0.00235892929225251,0.968571428571429,0.738928571428571,-0.0371384344829536
253,"B_smooth_logistic",3400,0.85,-0.0370071986957241,-0.037158297399666,0.0225499383842621,-0.0774192464089625,0.000825302613603501,0.987647058823529,0.716176470588235,-0.0372280115377699
253,"B_smooth_logistic",4000,1,-0.0412248004645048,-0.0413125533827023,0.0202640211224337,-0.0776543447762804,-0.00750658192897533,1,0.80725,-0.0373557806744816
254,"A_threshold",1000,0.25,-0.0115530575971562,-0.0114939164510771,0.0054163438855467,-0.028048453187454,0.00736199224120178,0.977,0.05,-0.01076
254,"A_threshold",1600,0.4,0.00411368033510529,0.00411429001706392,0.0160858455746481,-0.0519191279533689,0.0592775526481201,0.404375,0.056875,-0.010525
254,"A_threshold",2200,0.55,0.000780671112522488,0.000697410786423979,0.00933735431070607,-0.0289940845486327,0.0346448947698587,0.49,0.00681818181818182,-0.0106363636363636
254,"A_threshold",2800,0.7,-0.00588811309422664,-0.00589780155233294,0.0101122940343031,-0.0397610638105069,0.0293950577936686,0.720714285714286,0.0689285714285714,-0.0106571428571429
254,"A_threshold",3400,0.85,-0.00787605952000266,-0.00784303579910034,0.010447608560393,-0.0383789390293745,0.032756204583371,0.782941176470588,0.115,-0.0106470588235294
254,"A_threshold",4000,1,-0.00857881105935701,-0.00863277377282442,0.00860039200996041,-0.0342833155135794,0.0246644585117712,0.83975,0.0785,-0.01062
254,"B_smooth_logistic",1000,0.25,-0.0400759384161874,-0.0415061882923229,0.0464545739758494,-0.132714719000633,0.0320303470360052,0.756,0.623,-0.0374508611848884
254,"B_smooth_logistic",1600,0.4,-0.029581434883968,-0.0303503934087758,0.034732145193437,-0.098605290673318,0.0250541303060003,0.76125,0.56125,-0.0376318271890847
254,"B_smooth_logistic",2200,0.55,-0.0324885838519485,-0.0328817743285605,0.0217500219372134,-0.0735310200301793,0.00310297828919312,0.955,0.674090909090909,-0.0378511338950168
254,"B_smooth_logistic",2800,0.7,-0.0363636363636364,-0.0366575320201617,0.0261235443645895,-0.0856560441305317,0.00655201789042152,0.916428571428571,0.687142857142857,-0.0374948035537101
254,"B_smooth_logistic",3400,0.85,-0.0373229749720999,-0.0375161848224455,0.0272752911576196,-0.0891521968995423,0.00738423150208448,0.910882352941176,0.684117647058823,-0.037298002310266
254,"B_smooth_logistic",4000,1,-0.0439015243845274,-0.0438545835764697,0.0264960507647662,-0.0929715136612793,0.000328900819856676,0.9975,0.765,-0.0372707650533329
255,"A_threshold",1000,0.25,-0.0186513918199176,-0.0183959249698844,0.0269281065281512,-0.0869653468389579,0.0966175528313071,0.763,0.492,-0.01008
255,"A_threshold",1600,0.4,-0.0353983132032233,-0.0348882432968039,0.0178206035870966,-0.0760370787414392,0.051181440880528,0.958125,0.81375,-0.009775
255,"A_threshold",2200,0.55,-0.0287549132488982,-0.0287357830911298,0.0216908038850375,-0.0976322073801734,0.0583670109257009,0.900454545454546,0.677727272727273,-0.00989090909090909
255,"A_threshold",2800,0.7,-0.0171330615696421,-0.0169829990119125,0.027747846347425,-0.104552985408879,0.0968911854938167,0.744642857142857,0.474642857142857,-0.0100428571428571
255,"A_threshold",3400,0.85,-0.0143118902590006,-0.0142633838490068,0.0279317642054529,-0.110705426699715,0.0917227589828196,0.699411764705882,0.424117647058824,-0.0101058823529412
255,"A_threshold",4000,1,-0.0166181497185216,-0.01660486805086,0.0290891372921028,-0.110641017890234,0.100804632549223,0.72225,0.4685,-0.01004
255,"B_smooth_logistic",1000,0.25,-0.0272484359749756,-0.0274413457583866,0.02821827390597,-0.0833052403882366,0.0152409897283094,0.788,0.538,-0.0372480625156604
255,"B_smooth_logistic",1600,0.4,-0.026141646158053,-0.0267888389637811,0.0473820224526234,-0.116358755020405,0.0487877306787718,0.66,0.518125,-0.0373135648397666
255,"B_smooth_logistic",2200,0.55,-0.0322553965759656,-0.03255186077627,0.0290243669152489,-0.0857129187038216,0.0150073968706305,0.833181818181818,0.613636363636364,-0.0373407391636374
255,"B_smooth_logistic",2800,0.7,-0.0361682657248667,-0.0364107373423709,0.0317180018179073,-0.0929644734309703,0.0171196343779826,0.836785714285714,0.644285714285714,-0.0371654571678621
255,"B_smooth_logistic",3400,0.85,-0.0250492954626019,-0.0254787690530606,0.0287064255827727,-0.078631954149478,0.0209608290122686,0.753529411764706,0.534411764705882,-0.0371491900753312
255,"B_smooth_logistic",4000,1,-0.0337185893334073,-0.0340240624279228,0.0262219206685484,-0.0810606784163405,0.00954547895367117,0.88325,0.64525,-0.0372480783271208
256,"A_threshold",1000,0.25,-0.0106427245374816,-0.0107342436868425,0.00275154370188287,-0.0175658807988049,-0.00138808432511139,1,0,-0.01096
256,"A_threshold",1600,0.4,-0.0159611380985427,-0.016048891481624,0.00340757381778986,-0.0245833258002072,-0.00255242482302985,1,0.11625,-0.0104
256,"A_threshold",2200,0.55,-0.0220308034296602,-0.0220523578886765,0.015783015390418,-0.066258964306198,0.0346991394576327,0.920454545454545,0.546363636363636,-0.0104363636363636
256,"A_threshold",2800,0.7,-0.0335932188856973,-0.033572723705601,0.0115970318676408,-0.0658599383642513,0.0157569422915202,0.996428571428571,0.878571428571429,-0.0103857142857143
256,"A_threshold",3400,0.85,-0.0346236726640185,-0.0347115411040723,0.0150681513821318,-0.0757486826774058,0.0325563173238602,0.986764705882353,0.835588235294118,-0.0102823529411765
256,"A_threshold",4000,1,-0.0287405509378615,-0.0287668665150996,0.0189624611520788,-0.0813670251141696,0.054119498654279,0.935,0.6815,-0.0102
256,"B_smooth_logistic",1000,0.25,-0.0565413533834586,-0.0546886861178563,0.0146216651561324,-0.0829365049100708,-0.0321476681818768,1,1,-0.0370102470492776
256,"B_smooth_logistic",1600,0.4,-0.0394058231954836,-0.0377271329358388,0.0177614331099006,-0.0745683341197596,-0.0120656251584073,1,0.793125,-0.0368040128358432
256,"B_smooth_logistic",2200,0.55,-0.0391716038933559,-0.0384339303076069,0.00556956503288724,-0.0488049903917084,-0.0295192484598076,1,1,-0.0370592675523988
256,"B_smooth_logistic",2800,0.7,-0.0365473942116278,-0.0362955562788932,0.0117230547043117,-0.0579734229935486,-0.0175624914380527,1,0.921785714285714,-0.0370088632841693
256,"B_smooth_logistic",3400,0.85,-0.0359004534284033,-0.035810202516377,0.00974698044967528,-0.0531621564573809,-0.0195543379866129,1,0.983235294117647,-0.0372446014438524
256,"B_smooth_logistic",4000,1,-0.0386964694254626,-0.0386112485888437,0.0106473654337549,-0.0574833813195342,-0.0206548473311291,1,1,-0.0372672668697309
257,"A_threshold",1000,0.25,-0.0243618745086714,-0.0244973512591687,0.0328103229119255,-0.123203583564876,0.109165078973149,0.767,0.571,-0.01032
257,"A_threshold",1600,0.4,-0.0220241561320134,-0.0221594347424036,0.0211470767627495,-0.0871703993800117,0.0583470432825494,0.8475,0.553125,-0.0103
257,"A_threshold",2200,0.55,-0.0209943873768929,-0.0211901327764266,0.0195977004441793,-0.0770741271964985,0.0584186743267076,0.856363636363636,0.554090909090909,-0.0101636363636364
257,"A_threshold",2800,0.7,-0.0140009054905702,-0.0142067564015227,0.0196781709244825,-0.0671613464010076,0.0704593628407057,0.770357142857143,0.4175,-0.0101428571428571
257,"A_threshold",3400,0.85,-0.0124512584190004,-0.0124873586485773,0.0197965782296987,-0.0706294156300552,0.071552077667875,0.744117647058824,0.376470588235294,-0.0102470588235294
257,"A_threshold",4000,1,-0.0081899704884861,-0.00823537737347535,0.017350639653814,-0.0599025218347362,0.0643488219515416,0.6985,0.2605,-0.01023
257,"B_smooth_logistic",1000,0.25,-0.0198235416566588,-0.019838129308673,0.00161171268518253,-0.0227381452636471,-0.0171829191262429,1,0.469,-0.0371448699490038
257,"B_smooth_logistic",1600,0.4,-0.0278876742979644,-0.0281328694981839,0.00608045266729735,-0.0372560439410913,-0.0162815961098297,1,0.86625,-0.0371370202123532
257,"B_smooth_logistic",2200,0.55,-0.0320068374711937,-0.0321566453373464,0.0108234397061529,-0.0493213365169716,-0.0118813322399328,1,0.824545454545455,-0.037068822376996
257,"B_smooth_logistic",2800,0.7,-0.0341163918792946,-0.0341741002411984,0.00438691476256821,-0.0413658104869157,-0.026113770253538,1,1,-0.037062736667699
257,"B_smooth_logistic",3400,0.85,-0.0291336547414854,-0.0291399254648396,0.00315625793512697,-0.0344691931367899,-0.0235329320525767,1,1,-0.0370636513002652
257,"B_smooth_logistic",4000,1,-0.0243131078276957,-0.0243013158687899,0.000223824824584411,-0.0246762908004516,-0.0239004527043684,1,1,-0.0371382367250273
258,"A_threshold",1000,0.25,-0.0123099580196815,-0.0123152485956633,0.0239613929533689,-0.060625109774577,0.101013297640848,0.721,0.421,-0.01036
258,"A_threshold",1600,0.4,-0.00859729285389138,-0.00834409129448245,0.0397510518685099,-0.112236919237997,0.149637186608317,0.625,0.405625,-0.010025
258,"A_threshold",2200,0.55,-0.013173673508403,-0.0130542348427967,0.0382340420895691,-0.148498343619411,0.124556484813745,0.648636363636364,0.436818181818182,-0.00976363636363636
258,"A_threshold",2800,0.7,-0.019812091503268,-0.0197094379820659,0.0275512355074047,-0.117964495548181,0.0742223794893403,0.766071428571429,0.503928571428571,-0.00982857142857143
258,"A_threshold",3400,0.85,-0.0170898293787169,-0.0167578489847891,0.025703437355275,-0.0989615882793582,0.0772531973297379,0.755588235294118,0.472647058823529,-0.00968235294117647
258,"A_threshold",4000,1,-0.0162773209130825,-0.0161032170442975,0.02276728420712,-0.0924694191331856,0.0713037657525682,0.76875,0.4505,-0.00973
258,"B_smooth_logistic",1000,0.25,-0.0425445915823258,-0.0429143996525187,0.002057975103959,-0.0459072389508891,-0.0388575583555491,1,1,-0.0366202605435192
258,"B_smooth_logistic",1600,0.4,-0.0364547444605382,-0.0364940372402856,0.00797871018039322,-0.049794911423508,-0.0223800204925256,1,1,-0.0372118900740638
258,"B_smooth_logistic",2200,0.55,-0.0485711640946298,-0.0485824543379545,0.000695631042359342,-0.0497449928919022,-0.0473259816136044,1,1,-0.0370453223506882
258,"B_smooth_logistic",2800,0.7,-0.0470949884564854,-0.0470852131702746,0.00122578581897021,-0.0492690928316724,-0.0450080236164728,1,1,-0.0369005747852482
258,"B_smooth_logistic",3400,0.85,-0.0404454467550195,-0.0404152436431325,0.00819729058535726,-0.0550241761984621,-0.0264597709980943,1,1,-0.0370501344357067
258,"B_smooth_logistic",4000,1,-0.0373183309892171,-0.0372476359499001,0.00709150270750992,-0.049918410700043,-0.0253027218130679,1,1,-0.0371865851669328
259,"A_threshold",1000,0.25,0.0126722027552441,0.0123749262421306,0.0371337602588087,-0.0471905469664073,0.235562042689258,0.449,0.156,-0.00948
259,"A_threshold",1600,0.4,0.0026630991973194,0.00222060646310515,0.0291189086981413,-0.067502113145779,0.146944118048328,0.525625,0.225625,-0.009675
259,"A_threshold",2200,0.55,-0.000285176995722336,-0.000398108265696489,0.0233884426713371,-0.0593458892360828,0.167635346912655,0.555454545454545,0.193181818181818,-0.00969090909090909
259,"A_threshold",2800,0.7,-0.0056358178007351,-0.00556348363849265,0.0230041451415085,-0.0621272550926166,0.162200573273158,0.637857142857143,0.268571428571429,-0.00988571428571429
259,"A_threshold",3400,0.85,-0.0129411764705882,-0.0127855110884032,0.0287851609588704,-0.0779027291506928,0.218887803527384,0.713529411764706,0.454705882352941,-0.00962352941176471
259,"A_threshold",4000,1,-0.018872679416459,-0.0188119861044617,0.0270423443758206,-0.0854015244539073,0.182020479474853,0.7795,0.52725,-0.0098
259,"B_smooth_logistic",1000,0.25,-0.00993743099006257,-0.0105765738979645,0.001345303257921,-0.0126400890643832,-0.00789482601788996,1,0,-0.0378661678401434
259,"B_smooth_logistic",1600,0.4,-0.0269019408085426,-0.0269411830640611,0.0184250781378571,-0.0571811659993524,0.00762629986564307,0.90125,0.630625,-0.0380401517138742
259,"B_smooth_logistic",2200,0.55,-0.0306450333227547,-0.0305268312473949,0.00643920786043373,-0.0408580283032826,-0.0183626310789208,1,0.942727272727273,-0.0378913745445577
259,"B_smooth_logistic",2800,0.7,-0.0248506212655316,-0.0248601212937786,0.00130482589635226,-0.0271602679253095,-0.0226336979791142,1,1,-0.0377386178816665
259,"B_smooth_logistic",3400,0.85,-0.0306940371456501,-0.0307000956068283,0.00614300317451767,-0.0413532411230895,-0.0200888333056318,1,1,-0.0374895449786171
259,"B_smooth_logistic",4000,1,-0.0352402136143257,-0.0352368525091241,0.000658387529280208,-0.0363640578724483,-0.0340812517594544,1,1,-0.0375013579359087
260,"A_threshold",1000,0.25,0.0123600494401978,0.0120312464873645,0.00774384161947512,-0.00802025606507495,0.0464749287192282,0.051,0,-0.01032
260,"A_threshold",1600,0.4,0.00657550343698189,0.00656883298490612,0.0167863899682126,-0.0487467778494018,0.0651072567127664,0.34125,0.0625,-0.010225
260,"A_threshold",2200,0.55,0.00933631314847566,0.0093229986021683,0.0160887401226501,-0.0371452472188918,0.0757513458476936,0.291363636363636,0.0213636363636364,-0.0101090909090909
260,"A_threshold",2800,0.7,0.0102905324957603,0.010026149910826,0.0204888888343975,-0.0428323269228064,0.104307344493493,0.331071428571429,0.0542857142857143,-0.0101857142857143
260,"A_threshold",3400,0.85,0.0036768382720625,0.00324562953262282,0.0196090162569538,-0.048137755752902,0.0926328160416486,0.467352941176471,0.109705882352941,-0.0103764705882353
260,"A_threshold",4000,1,-0.00249329780840399,-0.00273204816130067,0.0151465974536208,-0.0409465302005033,0.0672920395185066,0.6035,0.1165,-0.01041
260,"B_smooth_logistic",1000,0.25,-0.0577294685990338,-0.0584647866922098,0.0171278832637926,-0.0906521866635473,-0.0319101676489285,1,1,-0.0370885862512413
260,"B_smooth_logistic",1600,0.4,-0.0539498493475905,-0.0539605504637741,0.015551168464559,-0.0816111446694335,-0.0277466413510949,1,1,-0.0372264642013527
260,"B_smooth_logistic",2200,0.55,-0.0585468759694732,-0.0585252183121634,0.027717252421179,-0.105213524943652,-0.00882758143718645,1,0.893636363636364,-0.0370574965925038
260,"B_smooth_logistic",2800,0.7,-0.0546001897617555,-0.0545782601001019,0.0290127907829395,-0.104079031381273,-0.00290065873959003,1,0.840714285714286,-0.0367667003770952
260,"B_smooth_logistic",3400,0.85,-0.053896877907023,-0.0538973338571163,0.0273831022682686,-0.100132058619269,-0.00468284536905236,1,0.849411764705882,-0.0367198523229046
260,"B_smooth_logistic",4000,1,-0.0538657896421484,-0.0538813033592185,0.0271505781435407,-0.100683143962778,-0.0060108013962254,1,0.85425,-0.0367903173458124
261,"A_threshold",1000,0.25,-0.0137924687598782,-0.0143263408428199,0.0361492316864176,-0.0880050620501551,0.184827040786492,0.706,0.506,-0.00992
261,"A_threshold",1600,0.4,-0.00402344378663091,-0.00348003263963554,0.035488701947908,-0.0931031772021674,0.195243561751285,0.600625,0.346875,-0.010075
261,"A_threshold",2200,0.55,0.0045263530290857,0.00457112210635694,0.0266524167975451,-0.0678294562281766,0.1488653537166,0.468636363636364,0.176818181818182,-0.0104181818181818
261,"A_threshold",2800,0.7,0.010798000570653,0.010963533386725,0.0230417475507318,-0.0465137749756566,0.140358177385688,0.345,0.0603571428571429,-0.0102
261,"A_threshold",3400,0.85,0.00415796817555127,0.00410942002887517,0.018106300751875,-0.0421219756733141,0.103926383759894,0.447058823529412,0.0647058823529412,-0.0102
261,"A_threshold",4000,1,-0.00160143599094853,-0.00159035468901116,0.0197745926025413,-0.0518128039212724,0.107928153540583,0.58125,0.174,-0.01038
261,"B_smooth_logistic",1000,0.25,-0.0381343208887999,-0.0382173423390995,0.016719973254004,-0.0566169272492251,0.00188165765673602,0.984,0.817,-0.0370281287438945
261,"B_smooth_logistic",1600,0.4,-0.0451844903064415,-0.0455070546210239,0.00434890600716748,-0.0529570516939276,-0.0378038678761264,1,1,-0.0370995010080743
261,"B_smooth_logistic",2200,0.55,-0.040707367418228,-0.0407215181897732,0.000579519654631814,-0.0412642817493657,-0.0392234842358962,1,1,-0.0369442311304408
261,"B_smooth_logistic",2800,0.7,-0.0369204877866957,-0.0370187350198747,0.0034698340168213,-0.0433253003919414,-0.0312312135424091,1,1,-0.0372443711895372
261,"B_smooth_logistic",3400,0.85,-0.0344231791600213,-0.0345063188359144,0.00137529917682656,-0.0369318338210331,-0.0321332093928461,1,1,-0.037071109431701
261,"B_smooth_logistic",4000,1,-0.0344069750684537,-0.0344531550299793,0.00293394625192888,-0.0397406513251882,-0.0294991059007778,1,1,-0.0371499993933388
262,"A_threshold",1000,0.25,-0.0335568321838345,-0.032781087696977,0.00428828307172399,-0.0425174603243221,-0.015629724781735,1,0.989,-0.0096
262,"A_threshold",1600,0.4,-0.0325988435693077,-0.0328986207684725,0.00397328373252646,-0.0465097659977305,-0.0206536020930109,1,1,-0.010025
262,"A_threshold",2200,0.55,-0.0278464384155441,-0.0286177662863543,0.00403699915275589,-0.0435348322875406,-0.0173962655176674,1,0.988181818181818,-0.0102545454545455
262,"A_threshold",2800,0.7,-0.0211596202637579,-0.0218335017619865,0.00768391065867989,-0.0524040776405133,-0.00230940842881276,1,0.571071428571429,-0.0101285714285714
262,"A_threshold",3400,0.85,-0.0259430591311685,-0.0265685249205303,0.00685362773666614,-0.0531616469700981,-0.0085569628082305,1,0.832352941176471,-0.00998823529411765
262,"A_threshold",4000,1,-0.0257586263133198,-0.0260929051401021,0.00119747334620221,-0.0286336003706539,-0.0207708559976675,1,1,-0.01016
262,"B_smooth_logistic",1000,0.25,-0.00498417943045949,-0.00362889057992841,0.00766335030847773,-0.0186240293080939,0.00817788301175586,0.613,0,-0.0368887466355015
262,"B_smooth_logistic",1600,0.4,-0.00624999999999999,-0.00593540376021315,0.0119087516088014,-0.0279919916842202,0.0132333319042634,0.635,0.16875,-0.0369044893523253
262,"B_smooth_logistic",2200,0.55,-0.0285812521334073,-0.0283196581123368,0.0197107563237171,-0.0654160212924541,0.00301494615172739,0.943181818181818,0.608181818181818,-0.0369490586764322
262,"B_smooth_logistic",2800,0.7,-0.0280779631613858,-0.0277457638279468,0.0155255555222214,-0.0568092546326968,-0.00290546803061148,1,0.633928571428571,-0.0372157694661961
262,"B_smooth_logistic",3400,0.85,-0.0347049305804501,-0.0344960730462711,0.0207915713883553,-0.0721840450986746,-0.000164123901426894,1,0.698235294117647,-0.0372166514787693
262,"B_smooth_logistic",4000,1,-0.037900988346408,-0.0377257576937351,0.0138148857615414,-0.0623409164159648,-0.014552033728448,1,0.87175,-0.0373258992700387
263,"A_threshold",1000,0.25,-0.0310940744801316,-0.0306529507064728,0.0128333106167198,-0.0518890567366031,0.0235544454925572,0.975,0.816,-0.00968
263,"A_threshold",1600,0.4,-0.0135234586304041,-0.0134731244409055,0.00840173612881462,-0.0394132531782113,0.0098170554688314,0.95,0.215,-0.0099
263,"A_threshold",2200,0.55,-0.0056296066054051,-0.0057332000917733,0.00229807926173267,-0.014931510670904,0.00153665394892023,0.997727272727273,0,-0.00974545454545454
263,"A_threshold",2800,0.7,-0.000982655066642996,-0.00114155731752726,0.00489472810075136,-0.0215561149181614,0.0138007016340163,0.556428571428571,0.000357142857142857,-0.00971428571428572
263,"A_threshold",3400,0.85,-0.00188623814353474,-0.0020116153148326,0.0029778447360355,-0.0118811081643052,0.0133225582205906,0.753235294117647,0,-0.0098
263,"A_threshold",4000,1,-0.000322526124616099,-0.000339966360278787,0.00341990204605367,-0.0127985561843203,0.0158844799506077,0.557,0,-0.00975
263,"B_smooth_logistic",1000,0.25,0.0105323907084115,0.00968051356492936,0.00262346973669571,0.00397556592723172,0.0130593797865342,0,0,-0.0366700897729673
263,"B_smooth_logistic",1600,0.4,-0.00327631052420968,-0.00453973813945235,0.00149269175494048,-0.00644750125409436,-0.00126551165119734,1,0,-0.0368524703447513
263,"B_smooth_logistic",2200,0.55,4.54563862503504e-05,-0.00021399228359816,0.00102081584569685,-0.00220002529958727,0.00135771701596614,0.538636363636364,0,-0.0370087608081056
263,"B_smooth_logistic",2800,0.7,-0.0054510649066523,-0.00564500752934279,0.00128651367503057,-0.00811149863753728,-0.00362952018097241,1,0,-0.0365457357520688
263,"B_smooth_logistic",3400,0.85,-0.00696955258462027,-0.00709397439354016,0.0030274548618316,-0.0117076121828344,-0.00115173249523651,1,0,-0.0366512854116441
263,"B_smooth_logistic",4000,1,-0.00982529721524075,-0.0100531664270549,0.00053196635154016,-0.0110085436422177,-0.00915939123944858,1,0,-0.0366168364521207
264,"A_threshold",1000,0.25,0.00112179487179487,0.00137080024127173,0.0359159363958239,-0.0927721947722014,0.169406470833154,0.493,0.261,-0.01004
264,"A_threshold",1600,0.4,0.00677567756775677,0.00695836218203763,0.0393700213420235,-0.100818390436047,0.182754511837016,0.44,0.24625,-0.010275
264,"A_threshold",2200,0.55,-0.00669258410771606,-0.00664293795730037,0.0326428253154915,-0.0890333291853715,0.151402013358601,0.603636363636364,0.352272727272727,-0.0106363636363636
264,"A_threshold",2800,0.7,-0.00084336777722846,-0.000704606982663798,0.0300486220596727,-0.0760817130513877,0.143481434349725,0.543571428571429,0.270357142857143,-0.0105142857142857
264,"A_threshold",3400,0.85,0.00389538350166498,0.00392894313805984,0.0292921421235906,-0.0735148818586669,0.138920176396937,0.465588235294118,0.218235294117647,-0.0104941176470588
264,"A_threshold",4000,1,-0.00273604377670042,-0.00280725217940503,0.0318306253087679,-0.0844067952016237,0.14809540815499,0.5625,0.31025,-0.0105
264,"B_smooth_logistic",1000,0.25,-0.0350420343669126,-0.0349004841646416,0.00384109903133266,-0.0418792708146669,-0.0283361121289537,1,1,-0.0368301635911089
264,"B_smooth_logistic",1600,0.4,-0.0328525641025641,-0.0325394797008612,0.0140565015886381,-0.0518823145118543,-0.00261683146734104,1,0.76875,-0.037170223024019
264,"B_smooth_logistic",2200,0.55,-0.0219329145869924,-0.0218582207725397,0.0113080360682473,-0.0398667000409476,-0.000622599703849813,1,0.566818181818182,-0.0371454005837366
264,"B_smooth_logistic",2800,0.7,-0.0283893868170044,-0.0283292069708419,0.0168725070729919,-0.0563255554215612,0.00212381218686356,0.968214285714286,0.656428571428571,-0.0370636283035681
264,"B_smooth_logistic",3400,0.85,-0.0284478557504873,-0.0284418156157667,0.0166796828132613,-0.0571547601009962,0.000690127486617731,0.986176470588235,0.653529411764706,-0.0370761023294473
264,"B_smooth_logistic",4000,1,-0.0264088447249452,-0.0264076357628902,0.0136927316360434,-0.0504071920372865,-0.00279109085429162,1,0.63775,-0.0369308249086286
265,"A_threshold",1000,0.25,-0.0383945550995896,-0.0390253012670504,0.0132207992910736,-0.113260304000268,-0.00963482128811771,1,0.953,-0.0096
265,"A_threshold",1600,0.4,-0.0211035406147744,-0.021904508878945,0.000855642275808146,-0.0224381694432665,-0.0096520791841368,1,0.96875,-0.009375
265,"A_threshold",2200,0.55,-0.0198456075777899,-0.0205777199838084,0.00940004647300067,-0.0350210544254145,0.0541079884982162,0.964090909090909,0.612727272727273,-0.00950909090909091
265,"A_threshold",2800,0.7,-0.0240068580805446,-0.024194047214905,0.0118625084795883,-0.0450110772688623,0.0632530973659542,0.958571428571429,0.706071428571429,-0.00964285714285714
265,"A_threshold",3400,0.85,-0.0335686304929605,-0.0340974909274924,0.00979154522493634,-0.0511562704372142,0.0395652107185125,0.994411764705882,0.912647058823529,-0.0096
265,"A_threshold",4000,1,-0.0329469774590164,-0.0331134093322617,0.0127241724089724,-0.0605900040795688,0.0509467771574751,0.9845,0.852,-0.00957
265,"B_smooth_logistic",1000,0.25,-0.0588680514674964,-0.0589073192282834,0.0562109567603091,-0.156862099832154,0.0401381176467917,0.811,0.698,-0.0372289383468448
265,"B_smooth_logistic",1600,0.4,-0.0358633965849146,-0.0359474533004715,0.0357219083671601,-0.1033909010573,0.0193189536480762,0.78875,0.609375,-0.0370556671067375
265,"B_smooth_logistic",2200,0.55,-0.0318781739314431,-0.0318861730082742,0.0229729905997956,-0.0730998011252076,0.00664624451744947,0.915,0.639545454545455,-0.0371028665294329
265,"B_smooth_logistic",2800,0.7,-0.0260434232231026,-0.0261680796862439,0.0182243253346769,-0.0593362276553002,0.00453569319109462,0.928928571428571,0.5875,-0.0371567285520946
265,"B_smooth_logistic",3400,0.85,-0.0330292797351927,-0.033038182538319,0.0132834879353994,-0.057461471148256,-0.0110221069055276,1,0.787941176470588,-0.0372504827544289
265,"B_smooth_logistic",4000,1,-0.0298966162335489,-0.0299622645442104,0.0124230172505864,-0.0523655586068348,-0.00914914034929426,1,0.73025,-0.0373201710355409
266,"A_threshold",1000,0.25,0.013539884356004,0.013361992133726,0.0176896374875927,-0.0424867554604848,0.0752922348211872,0.23,0.021,-0.00984
266,"A_threshold",1600,0.4,0.00541913844459463,0.00518011616248556,0.037024394126776,-0.111429935617823,0.156219241357446,0.46875,0.2525,-0.00995
266,"A_threshold",2200,0.55,-0.0128335804299481,-0.0128922882824737,0.0294732581405491,-0.108392255098716,0.131614291310197,0.693636363636364,0.423181818181818,-0.0102
266,"A_threshold",2800,0.7,-0.0158492554260368,-0.0162209649307252,0.0278836268185828,-0.0929642018286625,0.139961275507268,0.744642857142857,0.4875,-0.0102571428571429
266,"A_threshold",3400,0.85,-0.0204780166033293,-0.0205975456058925,0.0243701151021441,-0.09413715622151,0.108697844741377,0.812352941176471,0.539117647058823,-0.0101529411764706
266,"A_threshold",4000,1,-0.0224556870024628,-0.0225120213983078,0.0231404508490536,-0.0932927317921359,0.101030446266309,0.839,0.57075,-0.0101
266,"B_smooth_logistic",1000,0.25,-0.0404961984793918,-0.0399063641337107,0.0301402893632167,-0.103707077037253,0.00118722237566292,0.976,0.659,-0.0361892054617514
266,"B_smooth_logistic",1600,0.4,-0.035,-0.0343456910712722,0.0247500839084857,-0.0843251545636202,0.00148804061093843,0.9725,0.63625,-0.0365080327840799
266,"B_smooth_logistic",2200,0.55,-0.0326252881315029,-0.0325198664082874,0.0236456022093382,-0.0792984110010941,0.002676220946155,0.953181818181818,0.621363636363636,-0.0366663318887047
266,"B_smooth_logistic",2800,0.7,-0.0226347400708981,-0.0223968532437219,0.0238752604612779,-0.06808485189001,0.0146688646049952,0.766071428571429,0.500714285714286,-0.0366050600558589
266,"B_smooth_logistic",3400,0.85,-0.0210830522778728,-0.0205886459096734,0.0344890284366962,-0.0865084408336592,0.0333673717412314,0.656176470588235,0.482058823529412,-0.0367386817889847
266,"B_smooth_logistic",4000,1,-0.0236509654417046,-0.0232848305364607,0.028652729643778,-0.0786156948884556,0.0205880363931223,0.724,0.505,-0.0367836227861209
267,"A_threshold",1000,0.25,0.0115523783954896,0.0118453258437016,0.0252531969222217,-0.0402788642619333,0.15522912247573,0.354,0.062,-0.0096
267,"A_threshold",1600,0.4,-0.00402737047898338,-0.00440098456149387,0.0152165083310824,-0.0375602309571254,0.0802854915480294,0.676875,0.13375,-0.009975
267,"A_threshold",2200,0.55,-0.00784300113388804,-0.00779297058660793,0.0139482160840636,-0.0491941879366902,0.0602145763139558,0.736818181818182,0.181363636363636,-0.00974545454545454
267,"A_threshold",2800,0.7,-0.0183254581364534,-0.0183678489191687,0.0125014362998555,-0.0557423782774053,0.043443890671468,0.918571428571429,0.483571428571429,-0.00971428571428572
267,"A_threshold",3400,0.85,-0.016821505672509,-0.016909453475009,0.0157368185307716,-0.0634804162496155,0.0613831397452971,0.857941176470588,0.457352941176471,-0.00987058823529412
267,"A_threshold",4000,1,-0.0141949238878176,-0.0144282671973727,0.0175365091639207,-0.06805446048358,0.0729874775654363,0.80375,0.39775,-0.00978
267,"B_smooth_logistic",1000,0.25,-0.0419131438464868,-0.0419455087045186,0.0200275708838658,-0.0766916017298272,-0.00701196821822851,1,0.817,-0.0367745569207525
267,"B_smooth_logistic",1600,0.4,-0.0488672451301543,-0.0482573980794669,0.00623038741943262,-0.0597793092631594,-0.038129368071064,1,1,-0.0367794047696701
267,"B_smooth_logistic",2200,0.55,-0.0407586213166771,-0.0400341586322944,0.0168610899550246,-0.0729241058468122,-0.0143238043287964,1,0.865909090909091,-0.0366732874396958
267,"B_smooth_logistic",2800,0.7,-0.0344258606465162,-0.033917433185407,0.0114536107067901,-0.0557194105953512,-0.0159720446219267,1,0.870357142857143,-0.0366221018318565
267,"B_smooth_logistic",3400,0.85,-0.0346993941793047,-0.0343944583602082,0.0119350349482688,-0.0572925139663547,-0.0158362002016974,1,0.867352941176471,-0.0366849058434442
267,"B_smooth_logistic",4000,1,-0.0330277972501752,-0.0327392794174795,0.0139800170869418,-0.0594892487724601,-0.0107488048285463,1,0.76675,-0.0367118169383518
268,"A_threshold",1000,0.25,-0.00115204147349304,-0.00153164627255426,0.0233594858361112,-0.0566094024388441,0.124661407079772,0.576,0.222,-0.00964
268,"A_threshold",1600,0.4,0.00596264906622665,0.00572617274546351,0.0298348836835568,-0.0559394423951222,0.188160486859276,0.4725,0.196875,-0.0096
268,"A_threshold",2200,0.55,-0.00566619062731408,-0.00628160171573658,0.00685211152287786,-0.0216742563689335,0.0335516575430889,0.836363636363636,0.00363636363636364,-0.00974545454545454
268,"A_threshold",2800,0.7,-0.0108792171127972,-0.011263011785022,0.00931583542947464,-0.0324234603691611,0.0434470980225367,0.888928571428571,0.177142857142857,-0.00994285714285714
268,"A_threshold",3400,0.85,-0.00901857278237876,-0.00937711348654287,0.00111209198773641,-0.0109013141502903,-0.00119758936205927,1,0,-0.0100823529411765
268,"A_threshold",4000,1,-0.00727868483419732,-0.00767225818761644,0.00685859280079302,-0.0231834765997321,0.0315203423277642,0.873,0.0105,-0.00991
268,"B_smooth_logistic",1000,0.25,-0.0204344830900847,-0.0200337521415889,0.0165792422080715,-0.0517947602951855,0.00535274153415022,0.856,0.471,-0.0371897718993717
268,"B_smooth_logistic",1600,0.4,-0.0239916577944747,-0.0240452633669326,0.0124922536508105,-0.0479803636045354,-0.00473611047423882,1,0.57375,-0.0371217534922735
268,"B_smooth_logistic",2200,0.55,-0.0284510916279869,-0.0280074197581778,0.011917352642476,-0.0512561271700718,-0.00991486331674415,1,0.677727272727273,-0.0371393011237687
268,"B_smooth_logistic",2800,0.7,-0.0245082132820679,-0.0240498415862034,0.0121433718202171,-0.047671690010661,-0.00535924302887333,1,0.568214285714286,-0.0371245444169381
268,"B_smooth_logistic",3400,0.85,-0.0254292857204647,-0.0249693725862007,0.0101272562522929,-0.0439124529847943,-0.00857624387010036,1,0.631764705882353,-0.0373406165595418
268,"B_smooth_logistic",4000,1,-0.023,-0.022767591598702,0.0106876624353194,-0.0425903763320188,-0.00555510845175927,1,0.55475,-0.0373005938164811
269,"A_threshold",1000,0.25,0.00915232948386142,0.00928864388785202,0.0135774461815611,-0.0212924095843864,0.0786299255854016,0.26,0.001,-0.00964
269,"A_threshold",1600,0.4,-0.0201242624360127,-0.0198319091831042,0.0222043585265828,-0.0704312891224156,0.0951193257151804,0.828125,0.53375,-0.009675
269,"A_threshold",2200,0.55,-0.0182200038185637,-0.0178310429471017,0.0149620150851632,-0.0512392088314225,0.0603439272175906,0.880909090909091,0.481818181818182,-0.00994545454545455
269,"A_threshold",2800,0.7,-0.00911579261061524,-0.00902831614624022,0.00759225791122691,-0.0256246671214986,0.0304253758083128,0.881071428571429,0.0539285714285714,-0.0101571428571429
269,"A_threshold",3400,0.85,-0.0110787527129379,-0.0108898590708792,0.00703693244011011,-0.0251707314567775,0.0275301109655642,0.928529411764706,0.0714705882352941,-0.00997647058823529
269,"A_threshold",4000,1,-0.0140097622053193,-0.0139856525664707,0.000937813006859023,-0.0150369370580627,-0.00723222033602972,1,0,-0.00991
269,"B_smooth_logistic",1000,0.25,-0.0127010058299699,-0.0134378617151916,0.0109342954945985,-0.0348313423827935,0.00279426654937888,0.877,0.308,-0.0363418924014763
269,"B_smooth_logistic",1600,0.4,-0.0174603571450894,-0.0178508177165398,0.0109510248031002,-0.0400434305847323,-0.00177073008539114,1,0.399375,-0.0367554502912921
269,"B_smooth_logistic",2200,0.55,-0.0233587549049749,-0.0243105606336003,0.020859842669778,-0.0675437608397317,0.00486165417627157,0.864090909090909,0.517727272727273,-0.0368184332124836
269,"B_smooth_logistic",2800,0.7,-0.0301304863582444,-0.030821616012061,0.0204847701214758,-0.0707233387897924,8.48850591302075e-06,0.999285714285714,0.632142857142857,-0.0369654217459079
269,"B_smooth_logistic",3400,0.85,-0.0334448577155806,-0.0341957299055005,0.0191639115671618,-0.0712242482413056,-0.00506808626025467,1,0.703823529411765,-0.0370684735781536
269,"B_smooth_logistic",4000,1,-0.0307738731709317,-0.0316422174066926,0.0138842256104013,-0.0589379536484536,-0.0107941189587266,1,0.736,-0.0372136138930234
270,"A_threshold",1000,0.25,-0.0231208087278551,-0.0227591832708092,0.0152190794809991,-0.0613837772226179,0.0304428873959536,0.92,0.595,-0.00924
270,"A_threshold",1600,0.4,-0.0154312150810675,-0.0153802464601537,0.00933961234088782,-0.0460978940318265,0.0199828200515596,0.95375,0.304375,-0.00965
270,"A_threshold",2200,0.55,-0.0216898035596747,-0.0214950967500844,0.00617558054548491,-0.0432504759761406,-0.000339838268948373,1,0.580909090909091,-0.00947272727272727
270,"A_threshold",2800,0.7,-0.0260453592587432,-0.0260153461293112,0.00747244318024592,-0.0554301593379446,-0.00213098807886931,1,0.783928571428571,-0.00964285714285714
270,"A_threshold",3400,0.85,-0.0260970450115187,-0.0261143762129617,0.006003157662866,-0.0510092865973491,-0.00699593037636356,1,0.848235294117647,-0.00970588235294118
270,"A_threshold",4000,1,-0.0166464448191176,-0.0166412201177391,0.014253774850664,-0.073318419631319,0.0302898362356271,0.87975,0.409,-0.00974
270,"B_smooth_logistic",1000,0.25,-0.0274528947378951,-0.0276586380907479,0.00577638352099176,-0.0362041789285964,-0.0159037633063437,1,0.863,-0.0379941479865834
270,"B_smooth_logistic",1600,0.4,-0.0312973269503978,-0.0312939876929432,0.0082996480473542,-0.0461006859036778,-0.0172908844784773,1,0.89,-0.0381606888226482
270,"B_smooth_logistic",2200,0.55,-0.0406236864489523,-0.0404797054135692,0.00443755688505604,-0.0482629009032519,-0.0327963261282875,1,1,-0.0379087027917822
270,"B_smooth_logistic",2800,0.7,-0.0431818866291074,-0.0431812600280517,0.00114501336708069,-0.0452118954828058,-0.0412402193635496,1,1,-0.0378532943342962
270,"B_smooth_logistic",3400,0.85,-0.0396187399567335,-0.0395069257716216,0.00119877005718062,-0.0415085903754247,-0.0373747353874863,1,1,-0.0377761877270132
270,"B_smooth_logistic",4000,1,-0.0378531514126056,-0.0378010024939745,0.00487106521310711,-0.0464681964504458,-0.0296500895974273,1,1,-0.0376433312648735
271,"A_threshold",1000,0.25,-0.00758682814533081,-0.00758972535439946,0.0118740586508661,-0.0544241296442794,0.0336991451928063,0.753,0.141,-0.00988
271,"A_threshold",1600,0.4,-0.00926302613049601,-0.00917982003784476,0.0191569944633761,-0.0964755097407959,0.0503272060486189,0.68375,0.27875,-0.00995
271,"A_threshold",2200,0.55,-0.0190061527972225,-0.0190800383222028,0.0139515622561743,-0.0839920518610869,0.0222425554342556,0.920454545454545,0.459090909090909,-0.00965454545454546
271,"A_threshold",2800,0.7,-0.0211907195405434,-0.0211745812200955,0.0104835529387867,-0.070367504713993,0.0159716791248451,0.981428571428571,0.531785714285714,-0.00952857142857143
271,"A_threshold",3400,0.85,-0.0240362290012212,-0.0240221873746661,0.0148330927126352,-0.0854002901993477,0.034846413145378,0.949411764705882,0.610294117647059,-0.00969411764705882
271,"A_threshold",4000,1,-0.0210735793452495,-0.0210729590568159,0.0187790964164055,-0.0953034835593188,0.0564386410505298,0.87,0.529,-0.00963
271,"B_smooth_logistic",1000,0.25,-0.0316721080596633,-0.0310332122032821,0.0192681824678316,-0.0688966486141843,-0.00136939531441479,1,0.648,-0.0373003280732486
271,"B_smooth_logistic",1600,0.4,-0.0391176640701817,-0.0385313830805736,0.03994238851552,-0.116203680188791,0.0236936735589712,0.7775,0.613125,-0.0374639516865026
271,"B_smooth_logistic",2200,0.55,-0.0331762955616167,-0.0332112440813188,0.0456669087545832,-0.123798617258016,0.0370246868001776,0.694545454545455,0.557727272727273,-0.0374476121076302
271,"B_smooth_logistic",2800,0.7,-0.0203326700341854,-0.0203187795928646,0.0345995396885435,-0.0905757190937752,0.0305225744841312,0.640357142857143,0.464642857142857,-0.0372645873068306
271,"B_smooth_logistic",3400,0.85,-0.0197031039136302,-0.0194491106195125,0.0344718722125879,-0.0892437536062495,0.0311481404610721,0.632058823529412,0.457941176470588,-0.0374106233623297
271,"B_smooth_logistic",4000,1,-0.0192980771923088,-0.0191985129058812,0.0300098836592051,-0.0792474702184385,0.0252560627283551,0.661,0.455,-0.0375305019524679
272,"A_threshold",1000,0.25,0.0233568408462705,0.0234617452120893,0.0327401227031348,-0.074208151223034,0.141550251268779,0.222,0.081,-0.00872
272,"A_threshold",1600,0.4,0.0168606658947326,0.0169538427741331,0.0411721587798693,-0.103427379103691,0.17374603483994,0.34875,0.175,-0.009275
272,"A_threshold",2200,0.55,0.00853064196345263,0.00849394428473589,0.045185818980334,-0.156103023198412,0.16937324931461,0.433636363636364,0.262727272727273,-0.00956363636363636
272,"A_threshold",2800,0.7,0.00331657019699406,0.00340197441056146,0.0364414045912638,-0.148952671938407,0.115761842468639,0.448928571428571,0.2475,-0.00958571428571429
272,"A_threshold",3400,0.85,-0.00265205819994319,-0.0025982178431286,0.0319183336902736,-0.139317448325138,0.101517465281874,0.532647058823529,0.289411764705882,-0.00958823529411765
272,"A_threshold",4000,1,-0.00278222536025419,-0.00276154659321764,0.0276257745840345,-0.113130794023401,0.0924126307567204,0.54775,0.26525,-0.00969
272,"B_smooth_logistic",1000,0.25,-0.0284081115640696,-0.0284511436023362,0.000654417486700203,-0.0294839866303177,-0.0272766477139978,1,1,-0.0373966309863092
272,"B_smooth_logistic",1600,0.4,-0.024812030075188,-0.0247078060874157,0.00144343912978608,-0.0267473845201195,-0.0218021016480772,1,1,-0.037235907409691
272,"B_smooth_logistic",2200,0.55,-0.0386577001140279,-0.0386988937994294,0.00487353739449362,-0.0472231576400316,-0.0304973096002045,1,1,-0.0374212952384271
272,"B_smooth_logistic",2800,0.7,-0.0457656133813808,-0.0455883289155845,0.00450727273387246,-0.0526655471353688,-0.0371188969135874,1,1,-0.0374434174071561
272,"B_smooth_logistic",3400,0.85,-0.0434930117331982,-0.0433586949917129,0.005417323683672,-0.0520328034534745,-0.0332698069350025,1,1,-0.0374628303100199
272,"B_smooth_logistic",4000,1,-0.0384394599766132,-0.0384554247231867,0.00529943631609827,-0.047524957681812,-0.0292071235502862,1,1,-0.0374786683917433
273,"A_threshold",1000,0.25,0.00282498327048913,0.00260407281566935,0.0100173107483387,-0.027855154119689,0.042121668214051,0.409,0.005,-0.0106
273,"A_threshold",1600,0.4,5.63345899076556e-05,-4.38630923815111e-05,0.00128612893756303,-0.00395816308986517,0.0048513260923754,0.526875,0,-0.0102
273,"A_threshold",2200,0.55,3.30932966218361e-05,0.000338525456113328,0.00064257067863239,-0.00156853933557995,0.00271671068949594,0.321818181818182,0,-0.0103818181818182
273,"A_threshold",2800,0.7,-0.00499151748256031,-0.0047525942410126,0.00131068997166713,-0.00967091305925116,-0.00085439035892744,1,0,-0.0102714285714286
273,"A_threshold",3400,0.85,-0.00249272953884504,-0.00217119575449874,0.00130782043671296,-0.00546130089837675,0.00380147246994328,0.939117647058824,0,-0.0101294117647059
273,"A_threshold",4000,1,-0.00547106442322769,-0.00496862777387246,0.000135039755202958,-0.00508238732576119,-0.00392146269313756,1,0,-0.01014
273,"B_smooth_logistic",1000,0.25,-0.0425770308123249,-0.042387702072926,0.00656178710452355,-0.0543363506676496,-0.0320699432211632,1,1,-0.0372928364033426
273,"B_smooth_logistic",1600,0.4,-0.0428275565628541,-0.0429524143413007,0.00683643738183684,-0.0537232586898872,-0.0303759270692407,1,1,-0.037041049858166
273,"B_smooth_logistic",2200,0.55,-0.0431357963468055,-0.0431921532234562,0.001947679925576,-0.0465965202228459,-0.0399115442822687,1,1,-0.0370947847573688
273,"B_smooth_logistic",2800,0.7,-0.0446783770145603,-0.0447353671941195,0.00240281462675581,-0.0489664049793874,-0.0407329312465363,1,1,-0.0371875762021035
273,"B_smooth_logistic",3400,0.85,-0.0411764705882353,-0.041214421741872,0.0039951441715919,-0.0483891814242645,-0.034668374042359,1,1,-0.0371759418171805
273,"B_smooth_logistic",4000,1,-0.0410780102695026,-0.0410449842669106,0.00508768470266557,-0.0501597410959474,-0.0326810538092127,1,1,-0.0371707026929382
274,"A_threshold",1000,0.25,0.0125192110655738,0.013632094006412,0.0486464705139827,-0.0967004950793649,0.31566636621134,0.428,0.258,-0.00948
274,"A_threshold",1600,0.4,-0.0088440954724794,-0.00898087023428482,0.0293486673621103,-0.088486625908092,0.136397267387964,0.624375,0.36375,-0.009625
274,"A_threshold",2200,0.55,0.00464591913736828,0.00477556384596684,0.0281464969887085,-0.073558717133468,0.141764431444942,0.444545454545455,0.188636363636364,-0.00938181818181818
274,"A_threshold",2800,0.7,0.000844388185912343,0.00116931296209083,0.0277498682657068,-0.0699935128744039,0.147090350122521,0.506785714285714,0.222857142857143,-0.00954285714285714
274,"A_threshold",3400,0.85,0.00106989656397805,0.00127419402645442,0.0235718772117185,-0.0835555558542209,0.113102441297719,0.489705882352941,0.183823529411765,-0.00955294117647059
274,"A_threshold",4000,1,0.00509818353460725,0.00530169467116825,0.0250276852108067,-0.0875851900708891,0.121820877924592,0.428,0.1555,-0.00957
274,"B_smooth_logistic",1000,0.25,-0.0257952188581905,-0.0263254637995913,0.00833206866723632,-0.0387902240537238,-0.00973525402184228,1,0.741,-0.0377594162282932
274,"B_smooth_logistic",1600,0.4,-0.0222847319893733,-0.0224351429570506,0.0152963089911091,-0.0465306426108427,0.0070085359028582,0.900625,0.574375,-0.0378038813879914
274,"B_smooth_logistic",2200,0.55,-0.0160509132986197,-0.0160654885406696,0.010411620643813,-0.0336459460758405,0.00255862554864922,0.935909090909091,0.398181818181818,-0.0377324874619681
274,"B_smooth_logistic",2800,0.7,-0.0176246336704789,-0.0177940341996074,0.00619415521899834,-0.0276875717558486,-0.00593651733614294,1,0.424642857142857,-0.0375009790477104
274,"B_smooth_logistic",3400,0.85,-0.0151916395115505,-0.0152783678606847,0.00466274329860961,-0.0230064943154338,-0.00673261306172133,1,0.200882352941176,-0.0374433798002032
274,"B_smooth_logistic",4000,1,-0.01925029331316,-0.0192625709276468,0.00654258651416123,-0.0304996366523338,-0.00769367523677955,1,0.47425,-0.0373521694110361
275,"A_threshold",1000,0.25,-0.0153514300921646,-0.0133924797052287,0.0073512214086585,-0.0205736189335933,0.0394895384778255,0.946,0.109,-0.00868
275,"A_threshold",1600,0.4,-0.00484848484848485,-0.00396157575595267,0.0193247949302976,-0.0342593814713297,0.137759357233144,0.659375,0.205,-0.0091
275,"A_threshold",2200,0.55,-0.0124245792315021,-0.0120381335308957,0.0265132746817751,-0.0643487987577883,0.15843304870508,0.720909090909091,0.445909090909091,-0.00929090909090909
275,"A_threshold",2800,0.7,-0.00820850249423573,-0.0078938336134037,0.0261046190207517,-0.0588176424558591,0.159670926083788,0.678571428571429,0.378571428571429,-0.0093
275,"A_threshold",3400,0.85,-0.0106872009298273,-0.0100410173752698,0.0232233118853679,-0.0561379252593144,0.134986340936467,0.712941176470588,0.387941176470588,-0.00949411764705882
275,"A_threshold",4000,1,-0.00604421759183331,-0.00526241399993199,0.0298873951267275,-0.0745316152930059,0.165499071949306,0.62325,0.349,-0.00959
275,"B_smooth_logistic",1000,0.25,-0.0147071182452307,-0.0153640280145498,0.0371306433376253,-0.0900051394268465,0.0387159193510172,0.595,0.438,-0.0368011318484543
275,"B_smooth_logistic",1600,0.4,-0.0114547053979772,-0.0122492916589193,0.0275211261302535,-0.0674891612033385,0.0284932129754602,0.605625,0.39375,-0.037405028337341
275,"B_smooth_logistic",2200,0.55,-0.00770418953529406,-0.00817322518912257,0.0228348883134582,-0.0542559590118704,0.0251888133983265,0.565454545454545,0.326363636363636,-0.0373971288861195
275,"B_smooth_logistic",2800,0.7,-0.0143359775995886,-0.0147447040612181,0.021208986467442,-0.0557676566907709,0.0176283136325623,0.681785714285714,0.409285714285714,-0.0373632290440007
275,"B_smooth_logistic",3400,0.85,-0.0212162820569606,-0.0215441216339913,0.0241402918382462,-0.0685917757998534,0.0151546493765091,0.747941176470588,0.49,-0.037291417206899
275,"B_smooth_logistic",4000,1,-0.0258311033244133,-0.0259787261232995,0.0249859699332375,-0.0737636240925204,0.0129846057524444,0.79875,0.5465,-0.0371729082035655
276,"A_threshold",1000,0.25,0.00825782404729773,0.00856901287106869,0.0249894473642079,-0.07148350519504,0.0953980612938823,0.368,0.115,-0.01068
276,"A_threshold",1600,0.4,0.0011118565189039,0.00161065070402031,0.0271831607679366,-0.0788622976231673,0.115449430030605,0.504375,0.216875,-0.010375
276,"A_threshold",2200,0.55,-0.000796157938554462,-0.000681551107701817,0.0168305322763852,-0.0575821301523167,0.0606168128323087,0.530909090909091,0.122727272727273,-0.0104181818181818
276,"A_threshold",2800,0.7,-0.00477866997769955,-0.0046609339161265,0.0132938665298899,-0.0481018631165624,0.0454222089031415,0.651785714285714,0.119285714285714,-0.0102142857142857
276,"A_threshold",3400,0.85,-0.01064371788056,-0.0105454552310431,0.0135122832186744,-0.0526176160050878,0.0420760588982342,0.782058823529412,0.254117647058824,-0.0103529411764706
276,"A_threshold",4000,1,-0.0157785501737891,-0.0157317214803599,0.0151124270891511,-0.0654825173258809,0.0407643272906589,0.84575,0.39625,-0.01036
276,"B_smooth_logistic",1000,0.25,-0.0371733382401766,-0.03717296578841,0.0164097845722926,-0.0658501701482202,-0.00902143241452176,1,0.8,-0.0369243262570642
276,"B_smooth_logistic",1600,0.4,-0.038098453833059,-0.0380324511968409,0.00807954275261041,-0.0508622032000692,-0.0227438127435229,1,1,-0.0370197465844775
276,"B_smooth_logistic",2200,0.55,-0.0334306157888516,-0.0333563884579506,0.0143536227438699,-0.054694794226753,-0.0048206845659296,1,0.776363636363636,-0.0371740225383833
276,"B_smooth_logistic",2800,0.7,-0.0423607101082338,-0.0426881462116208,0.0158191338049259,-0.0651316642161285,-0.0105834748681933,1,0.876785714285714,-0.036964986560842
276,"B_smooth_logistic",3400,0.85,-0.049667723249956,-0.0500144488869853,0.0175765674322714,-0.0753115260366954,-0.0144006197008428,1,0.933529411764706,-0.0369891151059483
276,"B_smooth_logistic",4000,1,-0.0490250139105101,-0.0491578698912057,0.0161330817626158,-0.0750664540165697,-0.0186495688270048,1,0.979,-0.0370573032755118
277,"A_threshold",1000,0.25,-0.0132242115873854,-0.0125935990264916,0.0427676308381777,-0.0883651146711965,0.168769182616321,0.693,0.495,-0.01012
277,"A_threshold",1600,0.4,-0.0128440711017775,-0.0132650921938205,0.0392046778302893,-0.0881466032582316,0.209537915189346,0.6925,0.49375,-0.010125
277,"A_threshold",2200,0.55,-0.0222390083893186,-0.0222634973243759,0.0172612992434538,-0.0554254397809242,0.075872766823337,0.895454545454546,0.598181818181818,-0.0101090909090909
277,"A_threshold",2800,0.7,-0.0278903081893341,-0.0281312310619756,0.0145418240330714,-0.0562406638902313,0.0521794980823913,0.955714285714286,0.748214285714286,-0.0101714285714286
277,"A_threshold",3400,0.85,-0.0296788482834995,-0.029615827443263,0.0149605386453842,-0.0613766106140292,0.063262025227281,0.958823529411765,0.772941176470588,-0.0101176470588235
277,"A_threshold",4000,1,-0.0229544334454954,-0.0227873234826033,0.0154148363596275,-0.0590380110822019,0.064475864321318,0.91875,0.60775,-0.01009
277,"B_smooth_logistic",1000,0.25,-0.0389526206490903,-0.0407146586524174,0.0156300966182672,-0.0713717168434921,-0.0179597277432732,1,0.942,-0.0369744325855138
277,"B_smooth_logistic",1600,0.4,-0.0317639107907186,-0.0321153754468571,0.00234489472186162,-0.0362749423332616,-0.0282620042230969,1,1,-0.036795169249442
277,"B_smooth_logistic",2200,0.55,-0.0226190476190476,-0.0227192559521194,0.00915090361395553,-0.0393479982869063,-0.00805399624876367,1,0.566363636363636,-0.0370282257603819
277,"B_smooth_logistic",2800,0.7,-0.0306030465148942,-0.0305418218292112,0.0140006316519168,-0.0567379355850866,-0.0086387360198816,1,0.7025,-0.0368371922012865
277,"B_smooth_logistic",3400,0.85,-0.0317216793720273,-0.0316372331563742,0.0184015584044133,-0.0662295143159426,-0.00251591476891759,1,0.665882352941176,-0.0369216803704069
277,"B_smooth_logistic",4000,1,-0.0270315701844262,-0.0269708585007776,0.0217933611016639,-0.0678358836056071,0.00789971610230432,0.8745,0.573,-0.0368668892972218
278,"A_threshold",1000,0.25,-0.0237714230849242,-0.0236501133668301,0.0216604859520173,-0.0654221947506623,0.178520278345878,0.88,0.635,-0.01012
278,"A_threshold",1600,0.4,-0.0161150404439061,-0.0161305137241736,0.00696541401390841,-0.0316523793245628,0.0423735872762534,0.979375,0.310625,-0.010375
278,"A_threshold",2200,0.55,-0.010938242525672,-0.0103546128204425,0.000945145008195349,-0.0142951265918393,-0.00697287467364305,1,0,-0.0105272727272727
278,"A_threshold",2800,0.7,-0.0122892919843326,-0.0118080488669804,0.000148754742300576,-0.011906205044343,-0.00892833757950823,1,0,-0.0105857142857143
278,"A_threshold",3400,0.85,-0.00766442616285608,-0.00731315520308319,0.00221520190253478,-0.0123959099990315,0.0107046136402262,0.993823529411765,0,-0.0103176470588235
278,"A_threshold",4000,1,-0.00802080208020801,-0.00765179947708896,0.000847800072006497,-0.0093709477492258,-0.000246906133863301,1,0,-0.0104
278,"B_smooth_logistic",1000,0.25,-0.0657880509869409,-0.0655343139928926,0.00903047713517101,-0.0797517406000436,-0.048191361812398,1,1,-0.0372568967358285
278,"B_smooth_logistic",1600,0.4,-0.0535082351062981,-0.0533974889684976,0.026621065513965,-0.0967181261522534,-0.0038367328277944,1,0.855,-0.036763562531618
278,"B_smooth_logistic",2200,0.55,-0.0609970800589777,-0.0611015717925686,0.0321656759499074,-0.113070868258372,-0.000195385323957908,1,0.862272727272727,-0.0371136680417528
278,"B_smooth_logistic",2800,0.7,-0.0631153469422339,-0.0631832542487126,0.0273803554521056,-0.10727433765519,-0.011309472912436,1,0.926785714285714,-0.0371084067863584
278,"B_smooth_logistic",3400,0.85,-0.0644933554817276,-0.0645536809456876,0.027404546912689,-0.109370862751023,-0.0136822343296363,1,0.945882352941177,-0.0371487431372412
278,"B_smooth_logistic",4000,1,-0.0521462031770842,-0.0522555116902435,0.0285248128147468,-0.097975590204438,0.00183249943615266,0.98525,0.8265,-0.0372117932488079
279,"A_threshold",1000,0.25,-0.0143880575522302,-0.0145628603603237,0.0287505984444416,-0.099332407775536,0.0958576201278774,0.682,0.419,-0.01008
279,"A_threshold",1600,0.4,-0.0277344183350287,-0.0279454525841085,0.034520788443887,-0.147628778565286,0.0972969333780161,0.785,0.58125,-0.010175
279,"A_threshold",2200,0.55,-0.0272950310148263,-0.0274593350320498,0.0344444146043802,-0.15434661850502,0.0861950745118435,0.784090909090909,0.563636363636364,-0.0100545454545455
279,"A_threshold",2800,0.7,-0.0184294638706059,-0.0184060572495015,0.0309195187904844,-0.122018780344522,0.0981931555988438,0.718214285714286,0.476428571428571,-0.0102571428571429
279,"A_threshold",3400,0.85,-0.0182809093740268,-0.0182766624370017,0.0260598076993464,-0.0982578294500584,0.0907450686791386,0.756764705882353,0.482352941176471,-0.0103411764705882
279,"A_threshold",4000,1,-0.0183247244778749,-0.0183447732782532,0.0299941758987914,-0.107305686459655,0.118754376798854,0.73875,0.49625,-0.01025
279,"B_smooth_logistic",1000,0.25,-0.038626472094214,-0.0380645431590785,0.0319747419393824,-0.0977076770252918,0.0132067796512427,0.849,0.645,-0.0372435295440002
279,"B_smooth_logistic",1600,0.4,-0.0295654565456546,-0.0293784910701118,0.0325608602492517,-0.0869467121866677,0.0275652268654066,0.765625,0.581875,-0.0374869593598099
279,"B_smooth_logistic",2200,0.55,-0.0312488631816363,-0.0310445564668257,0.0243650295722246,-0.0749589403678309,0.0101653056395389,0.875454545454545,0.627727272727273,-0.0373347186664374
279,"B_smooth_logistic",2800,0.7,-0.0315717864668576,-0.031552645322184,0.022350203040821,-0.0698991432544795,0.00825971295364418,0.903928571428571,0.656428571428571,-0.0374070519077855
279,"B_smooth_logistic",3400,0.85,-0.0311305322221911,-0.0311105752539557,0.0229780856652561,-0.0704993748011515,0.0099955542516162,0.885882352941176,0.649411764705882,-0.037450886154331
279,"B_smooth_logistic",4000,1,-0.0329772864762965,-0.0328299984669712,0.0205013855965106,-0.070408979552537,0.000837001322359324,0.987,0.67575,-0.0374080863385252
280,"A_threshold",1000,0.25,0.00888831997951926,0.00856937169000427,0.00902569552041616,-0.0124832343500722,0.0401569647216053,0.188,0,-0.01048
280,"A_threshold",1600,0.4,0.0136819264752781,0.0134218298375969,0.00133484041908804,0.0091890014988724,0.0192330216595879,0,0,-0.010525
280,"A_threshold",2200,0.55,0.0174807835358294,0.0176622595212739,0.00275984870806736,0.00892714953534597,0.0302730157004875,0,0,-0.0106363636363636
280,"A_threshold",2800,0.7,-0.000930749482959473,-0.000862259272708339,0.0117803186990558,-0.0401114572084372,0.0539549726794031,0.546785714285714,0.0421428571428571,-0.0103285714285714
280,"A_threshold",3400,0.85,-0.00154749533796267,-0.00147677916252133,0.000900393789671962,-0.00478211148866647,0.0023972890518168,0.947352941176471,0,-0.0104235294117647
280,"A_threshold",4000,1,-0.00782312653022035,-0.00777116446833916,0.00113308356429394,-0.0123493071468987,-0.00329602707259881,1,0,-0.0105
280,"B_smooth_logistic",1000,0.25,-0.0251700680272109,-0.0255012927010015,0.00408436780899658,-0.0327146561761424,-0.0187170765542686,1,0.897,-0.0375621896147773
280,"B_smooth_logistic",1600,0.4,-0.035964035964036,-0.0363348388339289,0.00774754311765768,-0.0502517569694466,-0.0237275899985507,1,1,-0.0375155466879385
280,"B_smooth_logistic",2200,0.55,-0.0360399676331269,-0.0358716608718246,0.00423650502675109,-0.0433963800782204,-0.0289010057441185,1,1,-0.0376673308965192
280,"B_smooth_logistic",2800,0.7,-0.0306936244834692,-0.0306487929284442,0.000279719926907529,-0.0311374357930559,-0.0301712102116417,1,1,-0.037493175370689
280,"B_smooth_logistic",3400,0.85,-0.0374968641597246,-0.0373664137225574,0.00365135556674502,-0.043884689555998,-0.0312594201425214,1,1,-0.037334457647623
280,"B_smooth_logistic",4000,1,-0.0436668842544062,-0.0436603330556221,0.000289822253646939,-0.044159025146879,-0.0431584033959788,1,1,-0.0371365628992512
281,"A_threshold",1000,0.25,-0.0284092045822847,-0.0283208712367257,0.00835315118652629,-0.0561536907930705,0.000234805820555684,0.999,0.837,-0.01016
281,"A_threshold",1600,0.4,-0.0175588891876512,-0.0176561737327285,0.0168928585926796,-0.0814541221088545,0.0383016166351034,0.84875,0.440625,-0.010025
281,"A_threshold",2200,0.55,-0.00889543889595992,-0.00891695698628583,0.0025805403977958,-0.0182656679592832,-8.04955196790913e-05,1,0,-0.00972727272727273
281,"A_threshold",2800,0.7,-0.0142453169439995,-0.0142297805158729,0.00149461206615124,-0.019532844460162,-0.00907296919731974,1,0,-0.00978571428571429
281,"A_threshold",3400,0.85,-0.00838434345550028,-0.00822652043641232,3.6748713953765e-05,-0.0082937546892163,-0.0080417647326933,1,0,-0.00981176470588235
281,"A_threshold",4000,1,-0.0107133675256768,-0.0106158819358456,0.00135640329778912,-0.0156346927302678,-0.00604957099034081,1,0,-0.00986
281,"B_smooth_logistic",1000,0.25,-0.0341230671934228,-0.0344465493844907,0.00228643915138509,-0.0378131771127296,-0.0297685228284815,1,1,-0.0375607625953739
281,"B_smooth_logistic",1600,0.4,-0.0381645991896761,-0.0380143611450054,0.0244110427688719,-0.0832948550762415,0.00225503599225463,0.975625,0.70875,-0.0375877942162072
281,"B_smooth_logistic",2200,0.55,-0.0389264240996715,-0.0388386675544895,0.0241881919728508,-0.0827281690466093,0.00191493252453846,0.977727272727273,0.715454545454545,-0.0372089962268187
281,"B_smooth_logistic",2800,0.7,-0.0382620453878634,-0.0381345712019875,0.0241347208549641,-0.0835124129449132,0.000602763516151891,0.993571428571429,0.707857142857143,-0.0372361086491643
281,"B_smooth_logistic",3400,0.85,-0.0392132030632568,-0.0389516421738744,0.0253641653678824,-0.086168436520675,0.00198675071151384,0.975294117647059,0.709117647058824,-0.0371525709310711
281,"B_smooth_logistic",4000,1,-0.0466581866327465,-0.0463530438979527,0.0309047333341092,-0.103429624841687,0.00376191610010569,0.95775,0.73925,-0.0371467879677362
282,"A_threshold",1000,0.25,0.0263557952345138,0.0263396373167481,0.00690275560359189,0.00479344564780855,0.0498621388074155,0,0,-0.0104
282,"A_threshold",1600,0.4,0.00702570257025702,0.00688964257236536,0.00128941517993534,0.00350381283208361,0.0119599710888487,0,0,-0.0102
282,"A_threshold",2200,0.55,0.00442327209735166,0.00468193953537413,0.00632574415954859,-0.0115850075658802,0.0313419580124626,0.240909090909091,0,-0.0101272727272727
282,"A_threshold",2800,0.7,-0.00532954116962125,-0.00534967282598751,0.00572073615163174,-0.0325495587694861,0.00978989353078545,0.817142857142857,0.0139285714285714,-0.0101285714285714
282,"A_threshold",3400,0.85,0.00287914777225941,0.00285050012191975,0.00525542344195843,-0.0204321685053431,0.0181123983056498,0.281176470588235,0.000294117647058824,-0.0100235294117647
282,"A_threshold",4000,1,-0.000299500299500294,-0.000292989001054002,0.00323646180367249,-0.0130752289307335,0.010436014539612,0.526,0,-0.01011
282,"B_smooth_logistic",1000,0.25,-0.05888707941373,-0.0583919909948731,0.00655592107333137,-0.0675555330700099,-0.0441570011748098,1,1,-0.0369502275184657
282,"B_smooth_logistic",1600,0.4,-0.0551974686511192,-0.055115389702241,0.00456257772507513,-0.0632589209558588,-0.0473476186973219,1,1,-0.0370354074373059
282,"B_smooth_logistic",2200,0.55,-0.0442464272609166,-0.0442441607186781,0.00930491761258072,-0.0625233606248015,-0.0295117293509522,1,1,-0.0370625788858804
282,"B_smooth_logistic",2800,0.7,-0.0470255341967011,-0.0470081625999722,0.0172082590717152,-0.081964597128546,-0.0210957595008446,1,1,-0.0367758378333537
282,"B_smooth_logistic",3400,0.85,-0.0461419836401667,-0.04629314278715,0.0233494713625776,-0.0936826756317088,-0.0111983010843773,1,0.841176470588235,-0.0365932370597483
282,"B_smooth_logistic",4000,1,-0.0427035675891897,-0.04309767966754,0.015574227797248,-0.0739970394568851,-0.019491882996456,1,0.984,-0.036645800233518
283,"A_threshold",1000,0.25,-0.0334842063558762,-0.0335250814394019,0.0129631428850741,-0.0658699563662765,0.0191103995871805,0.99,0.856,-0.01064
283,"A_threshold",1600,0.4,-0.0159779044646955,-0.0154808148027336,0.0338285807531727,-0.109100790496306,0.12357826326015,0.688125,0.45625,-0.010675
283,"A_threshold",2200,0.55,-0.0246080637304446,-0.0242259254636374,0.018429970868824,-0.0725007943848812,0.0538800342754389,0.903636363636364,0.605909090909091,-0.0106181818181818
283,"A_threshold",2800,0.7,-0.0263238601512983,-0.0260333147473106,0.0213826862891837,-0.0983607675343214,0.0609592725310173,0.888214285714286,0.625357142857143,-0.0103428571428571
283,"A_threshold",3400,0.85,-0.0275845426707496,-0.027282917065999,0.0172553084660068,-0.0863532590258837,0.0409954107382403,0.936470588235294,0.679411764705882,-0.0102823529411765
283,"A_threshold",4000,1,-0.0283601357665009,-0.0281931968039831,0.0182509598017206,-0.0933612549568948,0.0432773408136462,0.93275,0.686,-0.01023
283,"B_smooth_logistic",1000,0.25,-0.0345688827854272,-0.034706787346631,0.000266340786572324,-0.0349394989422246,-0.0339659971589587,1,1,-0.0372882131672095
283,"B_smooth_logistic",1600,0.4,-0.0252542638084807,-0.0250676555156826,0.00581947541604384,-0.0356501537912552,-0.015461753215571,1,0.745625,-0.037345019687439
283,"B_smooth_logistic",2200,0.55,-0.023503663998558,-0.0231709408829354,0.00732058435918926,-0.0373471142889553,-0.0119203576648006,1,0.603636363636364,-0.0373363644708765
283,"B_smooth_logistic",2800,0.7,-0.0172431654265067,-0.0171511795871353,0.0111318390223188,-0.0388094189051627,-0.000223836882071768,1,0.398928571428571,-0.0372667414045239
283,"B_smooth_logistic",3400,0.85,-0.0167859649317086,-0.0168162547705117,0.012094679725898,-0.0398179287945493,0.00203839837500058,0.931764705882353,0.402941176470588,-0.0373341579670429
283,"B_smooth_logistic",4000,1,-0.02002700270027,-0.0200291465511979,0.00971939984221859,-0.0375724419472625,-0.00384127841624771,1,0.4935,-0.0372237837359186
284,"A_threshold",1000,0.25,-0.0124000496001984,-0.0120280906391401,0.0404527266806764,-0.0962613872393607,0.257356049199305,0.674,0.472,-0.00896
284,"A_threshold",1600,0.4,-0.0110044017607043,-0.0108948533196914,0.0320119371877806,-0.082245709954918,0.193891393495767,0.67625,0.4325,-0.0099
284,"A_threshold",2200,0.55,-0.00725679808248615,-0.00744470610269599,0.0256983308636444,-0.0670915201889106,0.14842208325709,0.654090909090909,0.340909090909091,-0.00974545454545454
284,"A_threshold",2800,0.7,0.00019596675913848,8.7652343634009e-05,0.0212665090344375,-0.0462455539349093,0.134042122330942,0.552142857142857,0.168214285714286,-0.00968571428571429
284,"A_threshold",3400,0.85,-0.00446824184908325,-0.00422921756467555,0.00910415278299443,-0.0234983394355293,0.0541572033337824,0.715882352941177,0.00911764705882353,-0.00965882352941176
284,"A_threshold",4000,1,-0.00942146165162093,-0.0091760423748935,0.00919900482115817,-0.0244330886273049,0.0599443567203629,0.84825,0.07525,-0.00976
284,"B_smooth_logistic",1000,0.25,-0.041578644132898,-0.0416383403533403,0.0195558956355099,-0.078014265946877,-0.00993749276534645,1,0.827,-0.0374114827122844
284,"B_smooth_logistic",1600,0.4,-0.0558597241232758,-0.0557650391424052,0.0242633484000952,-0.0999079123109758,-0.0152060623498484,1,0.938125,-0.0372516625709068
284,"B_smooth_logistic",2200,0.55,-0.0486549073505505,-0.0486037336665285,0.0160819693056613,-0.0778841141693989,-0.022114237216234,1,1,-0.0373000524944359
284,"B_smooth_logistic",2800,0.7,-0.0466354477777591,-0.0465977278389934,0.017749054816274,-0.0788183321322481,-0.0170485994025888,1,0.945714285714286,-0.0372730715622414
284,"B_smooth_logistic",3400,0.85,-0.0466156414375256,-0.0466100058661078,0.0264384354972406,-0.0930112711960301,-0.00133655660135702,1,0.791470588235294,-0.0371927687836674
284,"B_smooth_logistic",4000,1,-0.0429358140381431,-0.0429063917567799,0.025950495626235,-0.0888683109761293,0.00109528235158161,0.98625,0.757,-0.0370443624822114
285,"A_threshold",1000,0.25,-0.00540216086434574,-0.00535513078998881,0.0185044495551476,-0.06155651703565,0.0601428461504487,0.628,0.219,-0.00996
285,"A_threshold",1600,0.4,-0.00800836470880592,-0.00791408488272174,0.00456488181582507,-0.028153246482349,0.00350408296978449,0.978125,0.01,-0.00995
285,"A_threshold",2200,0.55,0.00302535595461967,0.00310637801829363,0.00337578001263296,-0.011819278238795,0.0112831092159581,0.175909090909091,0,-0.0102
285,"A_threshold",2800,0.7,0.00575033767734121,0.00581230092325575,0.00271360856498715,-0.00619014225755349,0.0120984883291498,0.0292857142857143,0,-0.0101428571428571
285,"A_threshold",3400,0.85,-0.0070947242592156,-0.00698516945847687,0.00328740038851696,-0.0197317445675623,0.0021815691678627,0.989705882352941,0,-0.0101058823529412
285,"A_threshold",4000,1,-0.00602934648736175,-0.00587916022242942,0.00310248590141399,-0.018170114660142,0.00247297064552082,0.9835,0,-0.00996
285,"B_smooth_logistic",1000,0.25,-0.0736047107014849,-0.074246280051187,0.0317298709001815,-0.135428213888911,-0.0243595368677804,1,1,-0.0372678286867109
285,"B_smooth_logistic",1600,0.4,-0.0795337322054879,-0.0798333890459688,0.0153491521068107,-0.107307314017669,-0.0539118509481286,1,1,-0.0373423776724618
285,"B_smooth_logistic",2200,0.55,-0.0734719615470757,-0.073428928752211,0.0117997892702932,-0.0928119747642401,-0.0518016814636814,1,1,-0.0375347652073854
285,"B_smooth_logistic",2800,0.7,-0.0635714285714286,-0.0635804336230429,0.00922532137797353,-0.0795583800435737,-0.047328393566818,1,1,-0.0373772516220133
285,"B_smooth_logistic",3400,0.85,-0.0621613204609156,-0.0621737072997232,0.00409201313761201,-0.0694498589561556,-0.0551964452443982,1,1,-0.0372892089943811
285,"B_smooth_logistic",4000,1,-0.0600815384449993,-0.0601117509891712,0.0096197233231722,-0.0773380548791394,-0.0438333118035403,1,1,-0.0372053101559997
286,"A_threshold",1000,0.25,-0.00584058405840585,-0.00586318975440764,0.0183418245246006,-0.0552578535853437,0.053715877892862,0.638,0.229,-0.01068
286,"A_threshold",1600,0.4,-0.00125,-0.00103654543124507,0.00973926118838602,-0.0334053006855832,0.024867953892462,0.516875,0.034375,-0.01005
286,"A_threshold",2200,0.55,-0.0177530051176261,-0.017646564819067,0.00983653171413205,-0.0489009812662172,0.0101422161169525,0.963636363636364,0.385909090909091,-0.00998181818181818
286,"A_threshold",2800,0.7,-0.0153882575757576,-0.0152439630267342,0.00154753038949553,-0.0201465994300576,-0.0107962327660014,1,0.000714285714285714,-0.0100142857142857
286,"A_threshold",3400,0.85,-0.013118411728231,-0.012955203090564,0.00332268524914676,-0.0248451679701564,-0.00326514180172947,1,0.0261764705882353,-0.0098
286,"A_threshold",4000,1,-0.00329205267284277,-0.00322523313249671,0.00523074824038642,-0.0183185257002159,0.0198438918488857,0.741,0,-0.00958
286,"B_smooth_logistic",1000,0.25,-0.0187150244953713,-0.0190118634757759,0.0437731024124263,-0.0875859417908358,0.0654251818667388,0.642,0.52,-0.0379316608724074
286,"B_smooth_logistic",1600,0.4,-0.0310850439882698,-0.0310827835534127,0.0225957192949698,-0.068904724501379,0.00939661285613266,0.89,0.64375,-0.0374891581111598
286,"B_smooth_logistic",2200,0.55,-0.024882237747433,-0.0248819592762715,0.0178110342586734,-0.0547110085445491,0.00686733186497974,0.898181818181818,0.582272727272727,-0.037624409477978
286,"B_smooth_logistic",2800,0.7,-0.0325608697871472,-0.0323380708667596,0.0219695194344251,-0.0717481806421441,0.00400998395991164,0.94,0.647142857142857,-0.0374955533133645
286,"B_smooth_logistic",3400,0.85,-0.0387617929751517,-0.0385507546617204,0.0144879276445012,-0.0641179349869522,-0.0145338801495661,1,0.875294117647059,-0.0376215780109508
286,"B_smooth_logistic",4000,1,-0.0441640441640442,-0.0440397802582787,0.0191049607696192,-0.0777760908531552,-0.0120061156976201,1,0.86875,-0.0374833948411493
287,"A_threshold",1000,0.25,-0.0143503165511004,-0.0162355683276156,0.00739404654099759,-0.0539430811178668,-0.00146207782492256,1,0.276,-0.01072
287,"A_threshold",1600,0.4,0.00110176282051283,-7.174948083698e-05,0.00166791317055652,-0.00919215979485868,0.00292610765443465,0.45125,0,-0.010675
287,"A_threshold",2200,0.55,0.0124971167177459,0.0118854637888051,0.00664591869228224,-0.00174749192459529,0.0453440131775077,0.00363636363636364,0,-0.0106545454545455
287,"A_threshold",2800,0.7,0.003344010485249,0.00280300753424286,0.00401237069658677,-0.00603716497662868,0.0220052249354183,0.2675,0,-0.0102142857142857
287,"A_threshold",3400,0.85,0.00370214515398959,0.00331774014171065,0.00865076044987949,-0.0165162873664899,0.0429553242935232,0.395588235294118,0,-0.00992941176470588
287,"A_threshold",4000,1,0.00258975064743766,0.00229608426894266,0.00649616678339996,-0.0119730503045294,0.0329335458309203,0.40675,0,-0.01009
287,"B_smooth_logistic",1000,0.25,-0.0351132640775068,-0.035064242023919,0.00535123186800233,-0.0416856627681785,-0.0235745539005853,1,1,-0.0366801005996608
287,"B_smooth_logistic",1600,0.4,-0.0352964719161902,-0.0355785478714216,0.0131813160567825,-0.0553879805773031,-0.0105072348492862,1,0.833125,-0.036906829215157
287,"B_smooth_logistic",2200,0.55,-0.0407095912511075,-0.0407362987280043,0.0193765788521252,-0.0741612867897799,-0.00741424890753266,1,0.799545454545455,-0.0368036743187316
287,"B_smooth_logistic",2800,0.7,-0.0417510452051215,-0.0417541427129476,0.0167579293375298,-0.0713204519040663,-0.0135379585154266,1,0.876785714285714,-0.0368815704998104
287,"B_smooth_logistic",3400,0.85,-0.0293604651162791,-0.0294347641885629,0.0209281527521885,-0.064939840845434,0.00715514243599183,0.900882352941176,0.639411764705882,-0.037067017432749
287,"B_smooth_logistic",4000,1,-0.0304479919516056,-0.0305179939753671,0.0173922050013755,-0.0602626756898138,-5.02955960693108e-05,1,0.677,-0.0369529725879099
288,"A_threshold",1000,0.25,0.00152620383834257,0.00149468561875656,0.00233480856834291,-0.00581932997281381,0.00877903577754481,0.255,0,-0.00972
288,"A_threshold",1600,0.4,-0.0102018463464247,-0.010213795410641,0.014766720521515,-0.0526180051828736,0.0399521343013777,0.7575,0.254375,-0.0098
288,"A_threshold",2200,0.55,-0.0146620745254525,-0.0147983170092636,0.0110323517333575,-0.0383574639788209,0.0323207692007512,0.902272727272727,0.359545454545455,-0.0100363636363636
288,"A_threshold",2800,0.7,-0.0100373328920196,-0.0100311758745839,0.0196191697443203,-0.0660553202555954,0.0665852079111989,0.710357142857143,0.315357142857143,-0.0099
288,"A_threshold",3400,0.85,-0.00622257203566851,-0.00611277152984767,0.0192713989944022,-0.0606532162498663,0.070431290658241,0.649411764705882,0.241470588235294,-0.00977647058823529
288,"A_threshold",4000,1,-0.00714814512009709,-0.00699742527928787,0.0193019887088557,-0.059976204799977,0.0724769999521955,0.6685,0.2565,-0.00972
288,"B_smooth_logistic",1000,0.25,-0.056,-0.0558949398186536,0.0221592887712845,-0.0997755599669535,-0.0230799961258175,1,1,-0.0377366174242943
288,"B_smooth_logistic",1600,0.4,-0.0466284164276027,-0.0466030846076091,0.0172144626806924,-0.0812408452660156,-0.0209222695943795,1,1,-0.0375781679944155
288,"B_smooth_logistic",2200,0.55,-0.0475099509395538,-0.0471719552596917,0.0205485576550651,-0.0876674648777424,-0.0163211412993706,1,0.913636363636364,-0.0375202883028841
288,"B_smooth_logistic",2800,0.7,-0.0489507349778647,-0.0486617077284625,0.0165432537267316,-0.0801430620669906,-0.022260679582654,1,1,-0.0374323655919772
288,"B_smooth_logistic",3400,0.85,-0.0454914124448615,-0.0452200144426728,0.0161801471631094,-0.0755717965384032,-0.0186990954466754,1,0.972647058823529,-0.0373189487743285
288,"B_smooth_logistic",4000,1,-0.0436943694369437,-0.0435397985854683,0.0126726565023198,-0.0671109462198536,-0.0228451420906669,1,1,-0.0372761435259547
289,"A_threshold",1000,0.25,-0.00286892953316875,-0.00328332682097761,0.0599360043825203,-0.14441705040948,0.298061995208762,0.57,0.417,-0.00964
289,"A_threshold",1600,0.4,0.00183915523971574,0.00155137567409455,0.0434488372830965,-0.101691779169652,0.223808909456363,0.54,0.339375,-0.00925
289,"A_threshold",2200,0.55,0.0075637206223105,0.00694422037389795,0.0441653578944014,-0.111873845959376,0.218233020826772,0.466818181818182,0.285,-0.0096
289,"A_threshold",2800,0.7,0.000886800616469452,0.000267020375169022,0.0360141574399278,-0.0928663954141781,0.172351436337968,0.53,0.305714285714286,-0.0096
289,"A_threshold",3400,0.85,0.00261213047910296,0.00246828035859854,0.0260973732448697,-0.073239049552868,0.110658352852081,0.477352941176471,0.192647058823529,-0.0096
289,"A_threshold",4000,1,-0.00143526157642231,-0.00154541700968954,0.0261384481857407,-0.0808827853646001,0.104886809772342,0.54175,0.242,-0.00958
289,"B_smooth_logistic",1000,0.25,-0.0597042388169553,-0.0596971047792907,0.0131025012663244,-0.0821865511541503,-0.037026934743182,1,1,-0.0367371144629496
289,"B_smooth_logistic",1600,0.4,-0.0444948623715593,-0.0445596865558856,0.0119569530395912,-0.065408613054959,-0.0240253223976792,1,1,-0.0371458772504233
289,"B_smooth_logistic",2200,0.55,-0.0481818181818182,-0.0481918973703859,0.00932522750242726,-0.0644725023517379,-0.0321733107493089,1,1,-0.0373537831744616
289,"B_smooth_logistic",2800,0.7,-0.0421510537763444,-0.0421673659148057,0.0167210490291932,-0.0702624761229647,-0.0122715823831649,1,0.879642857142857,-0.0373934413411139
289,"B_smooth_logistic",3400,0.85,-0.0454571406327044,-0.0455307320161826,0.02223509286934,-0.084630779138484,-0.00777289006836812,1,0.829117647058824,-0.0373786863045735
289,"B_smooth_logistic",4000,1,-0.0474414269728428,-0.0474740787569209,0.0207129336083677,-0.0830960946408293,-0.0117929177281882,1,0.88725,-0.0376524211278945
290,"A_threshold",1000,0.25,0.00426938880328712,0.00459497480850696,0.00362106842372594,-0.00511790863232195,0.0176876055972061,0.097,0,-0.00952
290,"A_threshold",1600,0.4,-0.0114713310494861,-0.0118679931604505,0.00465029654058519,-0.0304889702612453,0.000758844016709725,0.999375,0.055,-0.0091
290,"A_threshold",2200,0.55,-0.00979419786759236,-0.0097820797443521,0.00811233835680755,-0.0384244137420732,0.0176963001833775,0.881818181818182,0.104545454545455,-0.00912727272727273
290,"A_threshold",2800,0.7,-0.0147479077362727,-0.0145565313136252,0.00735948948738281,-0.0349031811971826,0.016562027707059,0.969642857142857,0.230357142857143,-0.00931428571428571
290,"A_threshold",3400,0.85,-0.0114285714285714,-0.0112954096686383,0.000746050282536546,-0.0132831972381351,-0.00814770335238586,1,0,-0.0096
290,"A_threshold",4000,1,-0.00942971283681968,-0.00936572201227481,0.00212857089655039,-0.0153291036376396,0.000475904574850403,0.99975,0,-0.00952
290,"B_smooth_logistic",1000,0.25,-0.00626303130715265,-0.00612474499498162,0.0178556090526668,-0.0315675212934777,0.0313494086237072,0.646,0.283,-0.0383400803111119
290,"B_smooth_logistic",1600,0.4,-0.0271194279856996,-0.0268406572838556,0.0126470559692919,-0.0453519667485975,-0.00134515569280307,1,0.685625,-0.0381308398833733
290,"B_smooth_logistic",2200,0.55,-0.0301667553956597,-0.0301468099630745,0.0129347387539735,-0.0511237493078631,-0.00663427049618746,1,0.725,-0.037798748257662
290,"B_smooth_logistic",2800,0.7,-0.0327130852340936,-0.0327076977869156,0.00326894660552403,-0.0381693877933084,-0.0269748868791754,1,1,-0.037561852264101
290,"B_smooth_logistic",3400,0.85,-0.0358867372874317,-0.0358845695154152,0.00147948895898848,-0.0383690818278703,-0.0332954168942407,1,1,-0.037541790697623
290,"B_smooth_logistic",4000,1,-0.0397434855710634,-0.0397453493279418,0.00676922029724733,-0.0513282457904049,-0.0279646029082277,1,1,-0.0374270992164315
291,"A_threshold",1000,0.25,0.00537976838554874,0.00535586578990769,0.0355533561495735,-0.11589580286508,0.109693311046365,0.436,0.243,-0.00992
291,"A_threshold",1600,0.4,-0.0115453931065555,-0.011842082170058,0.0112375025268943,-0.0416166025732716,0.027071066594312,0.844375,0.25,-0.009875
291,"A_threshold",2200,0.55,-0.0076206870607067,-0.00794994597230298,0.0122664308767589,-0.0408932001760448,0.0369245749577959,0.742272727272727,0.167727272727273,-0.00996363636363636
291,"A_threshold",2800,0.7,0.00328376808177425,0.0029719319218284,0.0159433746114864,-0.042484585807704,0.0720730440722527,0.440714285714286,0.0703571428571429,-0.00991428571428571
291,"A_threshold",3400,0.85,-0.00300010380982041,-0.00310765259896292,0.0182146235614748,-0.0641922989487422,0.0692880377174181,0.574411764705882,0.182058823529412,-0.0101529411764706
291,"A_threshold",4000,1,-0.00205951853566683,-0.00217010643133839,0.0149187140924689,-0.0508712356195364,0.0584092218520124,0.56825,0.116,-0.00997
291,"B_smooth_logistic",1000,0.25,-0.0260424181214832,-0.0257294426312302,0.0344996028064189,-0.0816132083331987,0.0378078019929415,0.721,0.564,-0.0378380521735793
291,"B_smooth_logistic",1600,0.4,-0.0406460573981268,-0.0405405845732078,0.0359595435661896,-0.100752164195452,0.0234192457877906,0.823125,0.676875,-0.0377919775451854
291,"B_smooth_logistic",2200,0.55,-0.0437498295284074,-0.0436839772165411,0.0267667834094483,-0.0914254841577647,0.00071989645774205,0.991363636363636,0.750454545454545,-0.0377943384010318
291,"B_smooth_logistic",2800,0.7,-0.0485040501698458,-0.0485845760350415,0.0313355564418532,-0.106627640213887,0.0015601775594823,0.981428571428571,0.760357142857143,-0.03741237711479
291,"B_smooth_logistic",3400,0.85,-0.0495402481424613,-0.0494420515418197,0.029217994262478,-0.101221816002287,-0.00010556717675464,1,0.787647058823529,-0.0375259312112983
291,"B_smooth_logistic",4000,1,-0.0465504189537706,-0.0465091625942337,0.0257654298518752,-0.0931084773813051,-0.0037565436976459,1,0.79375,-0.0375173819676668
292,"A_threshold",1000,0.25,-0.0194775297767991,-0.0176815884101003,0.0348400994669855,-0.16435335647884,0.0741239225431208,0.673,0.447,-0.01
292,"A_threshold",1600,0.4,-0.0027270623408953,-0.00232807055861204,0.0209522327501972,-0.0879212426901737,0.0554289767037871,0.515,0.194375,-0.0097
292,"A_threshold",2200,0.55,0.00702893567498943,0.00723806981973456,0.0303543268894508,-0.10399817695361,0.106377644455295,0.400454545454545,0.184090909090909,-0.00978181818181818
292,"A_threshold",2800,0.7,0.00288609124457072,0.00296258396349217,0.0282740067809808,-0.092212295248806,0.107546178914887,0.456785714285714,0.208928571428571,-0.0098
292,"A_threshold",3400,0.85,-0.00121117995227259,-0.00134247404819848,0.024715546501169,-0.0760804767601828,0.0983017286853103,0.532647058823529,0.232647058823529,-0.00975294117647059
292,"A_threshold",4000,1,0.00134504842174318,0.00109788399600743,0.024830289774591,-0.0756840822678413,0.129871112070238,0.50075,0.20225,-0.00996
292,"B_smooth_logistic",1000,0.25,-0.0262740511703167,-0.0269047053160956,0.00123493949353504,-0.0281980064250611,-0.0241822124376729,1,1,-0.0377316929433031
292,"B_smooth_logistic",1600,0.4,-0.0427594827922966,-0.0422615610061013,0.0130708753233299,-0.0669864337664485,-0.0222629750899157,1,1,-0.0378309188556461
292,"B_smooth_logistic",2200,0.55,-0.0358688618345095,-0.0355232614984461,0.0142761161765981,-0.0624412370249284,-0.0133254104930038,1,0.823636363636364,-0.0378126843760163
292,"B_smooth_logistic",2800,0.7,-0.0411898799793469,-0.0410977238109996,0.0245776817955858,-0.0847948774277473,2.88965822244497e-05,0.999642857142857,0.744285714285714,-0.0376404429838545
292,"B_smooth_logistic",3400,0.85,-0.042549716538223,-0.0425843124398204,0.0170997603672249,-0.072128017565367,-0.0129310273007229,1,0.882352941176471,-0.0373850073352134
292,"B_smooth_logistic",4000,1,-0.0391766786290113,-0.0392215460975594,0.01894151193441,-0.0721010752776761,-0.00620929370415249,1,0.799,-0.0372653843660027
293,"A_threshold",1000,0.25,-0.02,-0.0201513988590646,0.000227148089260283,-0.0204453391061503,-0.0190655986896528,1,0.786,-0.0108
293,"A_threshold",1600,0.4,-0.0166274647182464,-0.0166292243597372,0.00271687130260518,-0.0215726523993732,-0.00496167237544859,1,0.06375,-0.0103
293,"A_threshold",2200,0.55,-0.0168219720822621,-0.0165519831187065,0.00695115524412598,-0.0525990451390569,0.00385084169958751,0.997272727272727,0.286818181818182,-0.0102181818181818
293,"A_threshold",2800,0.7,-0.0155243242358994,-0.0154250021761515,0.00223010168772045,-0.0216672523595635,-0.00337731499313365,1,0.00714285714285714,-0.0101714285714286
293,"A_threshold",3400,0.85,-0.0210370787307395,-0.020916050647464,0.00898903826187068,-0.0476996215633878,0.0252394340447429,0.981764705882353,0.567352941176471,-0.0101529411764706
293,"A_threshold",4000,1,-0.0174235385060827,-0.017462314298825,0.0129321410439539,-0.0556382746059107,0.0502743676787446,0.90325,0.447,-0.01022
293,"B_smooth_logistic",1000,0.25,-0.0499487704918033,-0.0496170975216548,0.0337810504898237,-0.112203774278167,0.00619567149000112,0.938,0.759,-0.0367853196842079
293,"B_smooth_logistic",1600,0.4,-0.0385547477417933,-0.0380999921743716,0.0254334165131743,-0.0865577788795564,0.00293608388260772,0.960625,0.6975,-0.0370684280271862
293,"B_smooth_logistic",2200,0.55,-0.0338436744560838,-0.0333630808416513,0.0198598121043253,-0.0711290174307316,-0.00207369155768962,1,0.675909090909091,-0.0369593914565662
293,"B_smooth_logistic",2800,0.7,-0.0272509817047783,-0.0269117320709121,0.0115597962518541,-0.0485577168497787,-0.00875429927726361,1,0.656428571428571,-0.0371919862662071
293,"B_smooth_logistic",3400,0.85,-0.0326257274000742,-0.0323110319697453,0.0197234846963721,-0.0707653588420329,-0.00264889625824519,1,0.660588235294118,-0.0371884501962133
293,"B_smooth_logistic",4000,1,-0.0356585533712923,-0.0355489245856236,0.0227640629442432,-0.0798560332400129,-0.00106369769171881,1,0.67875,-0.0371052459801824
294,"A_threshold",1000,0.25,-0.00424169667867147,-0.00419468165616024,0.0529967735798783,-0.11198855623556,0.284344314774318,0.582,0.429,-0.01068
294,"A_threshold",1600,0.4,2.34384155631123e-05,0.000145484231683448,0.0241427947248696,-0.044628703018045,0.135389630788175,0.5675,0.205625,-0.01025
294,"A_threshold",2200,0.55,0.00400047608971646,0.00343415287978819,0.0226863667568449,-0.0427279300096746,0.128070114224446,0.497727272727273,0.133181818181818,-0.00987272727272727
294,"A_threshold",2800,0.7,0.00672717140355068,0.00621631236223022,0.0161260437865465,-0.0303666594355837,0.08929503265747,0.388214285714286,0.0253571428571429,-0.00991428571428571
294,"A_threshold",3400,0.85,0.00992806248548112,0.0090896521199697,0.0166556258974083,-0.0297745251260016,0.0928182031937246,0.317058823529412,0.0167647058823529,-0.00989411764705882
294,"A_threshold",4000,1,0.00793684143125273,0.00745214074454223,0.0222645916441799,-0.0433757431572089,0.123042677348,0.4075,0.091,-0.00991
294,"B_smooth_logistic",1000,0.25,-0.033170512784552,-0.0330805594848597,0.000720342639408653,-0.0341438152146291,-0.0316463941102524,1,1,-0.0378180762205026
294,"B_smooth_logistic",1600,0.4,-0.0313392628335344,-0.0312236461193328,0.000582985815416985,-0.0319509144240562,-0.0299498163436921,1,1,-0.037562361593896
294,"B_smooth_logistic",2200,0.55,-0.0434975566095509,-0.0434565327846753,0.00442908890078677,-0.0515268955493184,-0.0359791692235757,1,1,-0.0375390096545283
294,"B_smooth_logistic",2800,0.7,-0.0488596356956988,-0.048824522896053,0.00502135199764214,-0.05797695291628,-0.0403290898154316,1,1,-0.0371611755476693
294,"B_smooth_logistic",3400,0.85,-0.0461286536108389,-0.0460553998336763,0.0059332889725875,-0.0569687786361071,-0.0360668950150315,1,1,-0.0372049227757191
294,"B_smooth_logistic",4000,1,-0.0468331873327493,-0.0467554877126446,0.00254663924140113,-0.0513069579785788,-0.042414973396119,1,1,-0.037229300863576
295,"A_threshold",1000,0.25,-0.012816205059281,-0.0129597262091333,0.0447031974177473,-0.177172821762153,0.137357371482605,0.621,0.429,-0.0104
295,"A_threshold",1600,0.4,0.00174063587897424,0.00173038230861612,0.020175824840992,-0.071887019981325,0.0709745625171151,0.46625,0.148125,-0.010575
295,"A_threshold",2200,0.55,-0.00417687331197789,-0.00406423038154758,0.018211270349525,-0.0534121776783318,0.0714452714918064,0.624090909090909,0.2,-0.0108
295,"A_threshold",2800,0.7,-0.00186020787797525,-0.00214658589572495,0.0188243939892076,-0.0547560033299428,0.0750078571606672,0.574285714285714,0.1775,-0.0107
295,"A_threshold",3400,0.85,0.00127133350565889,0.000884026391296356,0.0116365938916493,-0.0335736035349646,0.0485412729695348,0.503529411764706,0.0167647058823529,-0.0106823529411765
295,"A_threshold",4000,1,0.00175132399343872,0.00145235784634732,0.0123579497025614,-0.0335046971577791,0.0537068174049976,0.49475,0.01825,-0.01061
295,"B_smooth_logistic",1000,0.25,-0.0231345558389886,-0.0228161424840624,0.0156426954389868,-0.0502054814715397,0.00372458677681052,0.924,0.541,-0.0370565931096149
295,"B_smooth_logistic",1600,0.4,-0.0439225551300343,-0.0422005975277714,0.021315704228584,-0.0818917748318449,-0.00849283351658386,1,0.808125,-0.0375867597385622
295,"B_smooth_logistic",2200,0.55,-0.0389788013799445,-0.0384454316144065,0.0158337696036726,-0.0667298119345551,-0.0124529333868628,1,0.842727272727273,-0.0373200100130684
295,"B_smooth_logistic",2800,0.7,-0.0368791792149456,-0.0363997806089058,0.0152397241886706,-0.0644487748179978,-0.0120462397729148,1,0.813571428571429,-0.0372886343100219
295,"B_smooth_logistic",3400,0.85,-0.0344168895237779,-0.0338773248746656,0.0163731862871622,-0.0643402231690246,-0.00809319353969964,1,0.737647058823529,-0.0372176782211579
295,"B_smooth_logistic",4000,1,-0.0277315805648137,-0.0270586572262631,0.0132494517093852,-0.0520570659508663,-0.00642804573781478,1,0.632,-0.0372407505774912
296,"A_threshold",1000,0.25,-0.0168523141924333,-0.0169806425996018,0.00044692539902411,-0.0179794983574702,-0.0147245967414872,1,0,-0.00976
296,"A_threshold",1600,0.4,-0.0257034864552783,-0.0257023237818343,0.00421095055453531,-0.0407479173827666,-0.010376789637587,1,0.91625,-0.009925
296,"A_threshold",2200,0.55,-0.025813523621201,-0.0257896261517875,0.00279377259559297,-0.0355520089795464,-0.0156350523082094,1,0.977727272727273,-0.00998181818181818
296,"A_threshold",2800,0.7,-0.0139839442846675,-0.0139550209703787,2.77215538151572e-05,-0.0140245887667833,-0.0138315212950195,1,0,-0.00981428571428571
296,"A_threshold",3400,0.85,-0.0231623304339762,-0.0231556162057871,0.00273186780068533,-0.033156543442283,-0.0135264155347759,1,0.877352941176471,-0.00961176470588235
296,"A_threshold",4000,1,-0.0250952591315887,-0.0250753866376837,0.0047168556753203,-0.0427918069350822,-0.00905445330631358,1,0.85975,-0.00969
296,"B_smooth_logistic",1000,0.25,-0.0270409734750451,-0.0268808474044629,0.00646046075491435,-0.0373549095786,-0.014861810331478,1,0.809,-0.0378211099974171
296,"B_smooth_logistic",1600,0.4,-0.0393157262905162,-0.038950457207388,0.00155336785894367,-0.0411439437160126,-0.0359996293179054,1,1,-0.0375190518414132
296,"B_smooth_logistic",2200,0.55,-0.0398434470745123,-0.039716254639314,0.0109763811251677,-0.056358532362096,-0.0185972961566034,1,0.976818181818182,-0.0374399206685801
296,"B_smooth_logistic",2800,0.7,-0.0397410846011781,-0.0397001372338638,0.00995451466624061,-0.0558747316696501,-0.021556140088325,1,1,-0.0377428244635397
296,"B_smooth_logistic",3400,0.85,-0.0379899921070452,-0.038002203946423,0.0189322390102645,-0.0696452721529874,-0.00433264854906928,1,0.772058823529412,-0.0377498116288325
296,"B_smooth_logistic",4000,1,-0.0365113286019574,-0.0365240947501475,0.0240147359301614,-0.0772413035306602,0.00552489813414291,0.93275,0.69825,-0.0377516921813396
297,"A_threshold",1000,0.25,-0.0106907368286281,-0.00981353020952224,0.0149307380897953,-0.0652101153086005,0.0305512549807179,0.721,0.261,-0.01052
297,"A_threshold",1600,0.4,-0.0171818727490996,-0.0165790958848758,0.0142205906510885,-0.0736878677773344,0.0193625550368443,0.89125,0.369375,-0.01
297,"A_threshold",2200,0.55,-0.0213536083429282,-0.0211427641198507,0.0133747661896319,-0.0658734030310248,0.0212180254669821,0.946818181818182,0.525454545454546,-0.00985454545454545
297,"A_threshold",2800,0.7,-0.0179901736191452,-0.017704583452201,0.0283686338002951,-0.114211556478757,0.0738590903114949,0.723928571428571,0.457142857142857,-0.00971428571428572
297,"A_threshold",3400,0.85,-0.0158782949289438,-0.015995133709355,0.0285926775084236,-0.129964199989832,0.0916652775542598,0.716764705882353,0.453823529411765,-0.00976470588235294
297,"A_threshold",4000,1,-0.0146259276351947,-0.0148666142570079,0.0213206090756925,-0.0922690823816384,0.0687787815901087,0.761,0.42025,-0.0099
297,"B_smooth_logistic",1000,0.25,-0.0383959899749373,-0.0379013543728624,0.00357402838694562,-0.0442363928910669,-0.0320712073081412,1,1,-0.0373124260301925
297,"B_smooth_logistic",1600,0.4,-0.0449625769034837,-0.0445558807700909,0.019070800917136,-0.0802983729575146,-0.0145264218075127,1,0.895,-0.037509523195804
297,"B_smooth_logistic",2200,0.55,-0.0377991634014614,-0.037787271725314,0.0256605067566516,-0.0826960151959444,0.00689850615316817,0.925454545454545,0.703181818181818,-0.0374017937342754
297,"B_smooth_logistic",2800,0.7,-0.0356102873709649,-0.0355904304745135,0.0202267375205777,-0.0712559290187445,-0.00051837765481344,1,0.727142857142857,-0.0373534451556851
297,"B_smooth_logistic",3400,0.85,-0.0385477434230407,-0.0383395096669371,0.0206740617424905,-0.0758605981387591,-0.00422307940698953,1,0.752058823529412,-0.0372442648097963
297,"B_smooth_logistic",4000,1,-0.0379128585642701,-0.0377660169300864,0.0182217232501532,-0.0706830622140445,-0.00744579378621814,1,0.78125,-0.0372389711296058
298,"A_threshold",1000,0.25,-0.0186906914595702,-0.0185075342560642,0.00557656965133251,-0.0274758069283574,0.00781086401012571,0.993,0.456,-0.01024
298,"A_threshold",1600,0.4,-0.0167127350228363,-0.0164352300839074,0.00237446691308647,-0.0186670873413093,-0.00102390085372531,1,0,-0.0099
298,"A_threshold",2200,0.55,-0.00744472654183856,-0.00706361581566632,0.0143666708702429,-0.0368027100925322,0.0648688612446577,0.726818181818182,0.183636363636364,-0.00963636363636364
298,"A_threshold",2800,0.7,-0.00963858618421691,-0.00944640553871231,0.0102749084502992,-0.0324897985444717,0.0401824260550307,0.836428571428571,0.143928571428571,-0.00965714285714286
298,"A_threshold",3400,0.85,-0.0119138287266875,-0.0117029725820268,0.00819223440178502,-0.027917292880279,0.0306824228038908,0.910882352941176,0.141470588235294,-0.00983529411764706
298,"A_threshold",4000,1,-0.0108890435561742,-0.0108265426261052,0.0101316752687897,-0.0342802113173342,0.0378283851246607,0.85925,0.18375,-0.00989
298,"B_smooth_logistic",1000,0.25,-0.0504930840163934,-0.0491467208410969,0.0165840609538659,-0.0737087726657914,-0.0176011482429019,1,0.963,-0.0372789615598933
298,"B_smooth_logistic",1600,0.4,-0.0415344299797953,-0.0411509446653055,0.00935060552912925,-0.0564738135081611,-0.0245945386231269,1,1,-0.0373255640898235
298,"B_smooth_logistic",2200,0.55,-0.0474264854764343,-0.0478586673030143,0.00626350413297651,-0.0588421550191973,-0.0374175585853065,1,1,-0.0373493656214533
298,"B_smooth_logistic",2800,0.7,-0.0386759668991725,-0.0387816187638614,0.00777754491928032,-0.0522061817669745,-0.0255024212930642,1,1,-0.0373620244176039
298,"B_smooth_logistic",3400,0.85,-0.0368527991850474,-0.0369386016270346,0.00793737008480255,-0.0506420021987187,-0.0232391071722988,1,1,-0.0374985783258344
298,"B_smooth_logistic",4000,1,-0.032180804520113,-0.0322459168697299,0.00943963714154885,-0.0485953436483146,-0.015906311257993,1,0.88175,-0.0373566459691432
299,"A_threshold",1000,0.25,-0.0144398520599326,-0.0139502677160763,0.00323400976496912,-0.0208517338204625,-0.000358011026705102,1,0.009,-0.01024
299,"A_threshold",1600,0.4,-0.0123193496587716,-0.0128116306908,0.00261010219200746,-0.0220572250449745,-0.00630010669998002,1,0.005625,-0.01035
299,"A_threshold",2200,0.55,-0.0132988349336052,-0.0134829477512186,0.000236414903219889,-0.013662257186678,-0.0116842079701677,1,0,-0.0104909090909091
299,"A_threshold",2800,0.7,-0.0136855302708535,-0.0140983741969127,0.0050068712042502,-0.0224860081727448,0.0128589954448812,0.983214285714286,0.0760714285714286,-0.0105142857142857
299,"A_threshold",3400,0.85,-0.0126234792554851,-0.0127977627811806,0.00532876370195928,-0.0235302785456134,0.013624011286414,0.976176470588235,0.0529411764705882,-0.0103411764705882
299,"A_threshold",4000,1,-0.0125205297655328,-0.0124224900592859,0.00193349642214633,-0.0157157814678365,-0.000608423158602767,1,0,-0.0101
299,"B_smooth_logistic",1000,0.25,-0.0549699789192411,-0.0544599140347611,0.0143065242665053,-0.0816396780411469,-0.0315984626360584,1,1,-0.0376277784624666
299,"B_smooth_logistic",1600,0.4,-0.0573139609207366,-0.0572934280168855,0.00713517302312288,-0.0696961877717548,-0.044965554330438,1,1,-0.0372344496023517
299,"B_smooth_logistic",2200,0.55,-0.0589198577454305,-0.0589250888639043,0.0103970682533581,-0.0769655807197376,-0.0408632345715187,1,1,-0.0372033581108252
299,"B_smooth_logistic",2800,0.7,-0.0538837366534424,-0.0539069185454194,0.00531955821905204,-0.0634455026370163,-0.0451115201340044,1,1,-0.0371930132458383
299,"B_smooth_logistic",3400,0.85,-0.0517494335569578,-0.0517710403329768,0.00627935567193764,-0.0630989017705203,-0.0413715857363741,1,1,-0.0373507020348243
299,"B_smooth_logistic",4000,1,-0.0535073340940616,-0.0534372455821629,0.00645688614541052,-0.0652031746570607,-0.0428460667352189,1,1,-0.0371844356549812
300,"A_threshold",1000,0.25,0.000128073770491802,-0.000199399356044184,0.00466299996721853,-0.012692665426748,0.0153214552781841,0.535,0,-0.00988
300,"A_threshold",1600,0.4,-0.0014117338061,-0.00108651229708898,0.00258075212454083,-0.00913554918436153,0.00780535124004154,0.6775,0,-0.009925
300,"A_threshold",2200,0.55,-0.0154796586706337,-0.0153979222940065,0.0027280555155084,-0.0250015716847395,-0.0059984354352509,1,0.0459090909090909,-0.0100545454545455
300,"A_threshold",2800,0.7,-0.0138520690858553,-0.0139782199669303,0.00536823225755073,-0.0302637899014884,0.00758123792606018,0.993214285714286,0.133571428571429,-0.0100571428571429
300,"A_threshold",3400,0.85,-0.0204618191720944,-0.0206705899490875,0.00242021617785434,-0.0271925925467495,-0.00976164908832163,1,0.630882352941176,-0.00997647058823529
300,"A_threshold",4000,1,-0.0215256378327937,-0.0216284749955285,0.00144508307345054,-0.0273059730239222,-0.0171233424451886,1,0.86575,-0.00989
300,"B_smooth_logistic",1000,0.25,-0.0187747193799939,-0.0186145582229129,0.0546038301798976,-0.10829924520418,0.0832688115914804,0.608,0.508,-0.0369091845070709
300,"B_smooth_logistic",1600,0.4,-0.0329056485682992,-0.0329608189663487,0.0643327674640794,-0.151854069735989,0.0748695695301119,0.638125,0.553125,-0.0370260288340626
300,"B_smooth_logistic",2200,0.55,-0.035702735809184,-0.0356968832073048,0.0441464079516287,-0.112058264876246,0.0417864478608357,0.735909090909091,0.599545454545454,-0.0370597251982537
300,"B_smooth_logistic",2800,0.7,-0.0442755622917769,-0.0442724580542859,0.0300869014879026,-0.0964116960855904,0.00756340519407804,0.931071428571429,0.7275,-0.0367822832971116
300,"B_smooth_logistic",3400,0.85,-0.0393020357291234,-0.0392895003637264,0.0281310684870029,-0.0876571024417232,0.00964050108766169,0.907647058823529,0.695588235294118,-0.0368171914225622
300,"B_smooth_logistic",4000,1,-0.044660622484717,-0.0446660307281938,0.0264334180551084,-0.0903965209324046,0.00133406234422877,0.98325,0.768,-0.0368404296722086
301,"A_threshold",1000,0.25,-0.0081008100810081,-0.00820395564888154,0.00515589515382228,-0.0230524523496749,0.00927936136294295,0.931,0.008,-0.01008
301,"A_threshold",1600,0.4,-0.00452860744930134,-0.00445483502288043,0.0107809831850787,-0.0350292298086683,0.033031478510875,0.675,0.07,-0.0101
301,"A_threshold",2200,0.55,-0.0104398221657669,-0.0104019218807843,0.00529869207094453,-0.0268700547308893,0.00740348674794238,0.973636363636364,0.0368181818181818,-0.0103090909090909
301,"A_threshold",2800,0.7,-0.0146058423369348,-0.0147765537117977,0.00327357197381059,-0.0245397916598775,-0.00352503611345506,1,0.0503571428571429,-0.0102571428571429
301,"A_threshold",3400,0.85,-0.0213323344223725,-0.0213552001386806,0.00594252250891681,-0.0396033025665537,-0.00121043075558376,1,0.602058823529412,-0.0100588235294118
301,"A_threshold",4000,1,-0.0185426701445008,-0.0184861096106832,0.00886983240623541,-0.0432205315912585,0.0202534314819989,0.969,0.4465,-0.00995
301,"B_smooth_logistic",1000,0.25,-0.0251767421728466,-0.0251270531798395,0.00348850182184592,-0.0309885997062431,-0.0189659849694049,1,0.917,-0.0379037285709561
301,"B_smooth_logistic",1600,0.4,-0.0270819270481762,-0.0269460903174255,0.00888035287919514,-0.0422410306078874,-0.0118239830157987,1,0.723125,-0.0377227522478868
301,"B_smooth_logistic",2200,0.55,-0.0314714905321062,-0.0315439589252535,0.010501388869273,-0.0498971640359675,-0.0138481887488965,1,0.816818181818182,-0.0377872867747825
301,"B_smooth_logistic",2800,0.7,-0.033472265378063,-0.0335667302265461,0.0116510562694959,-0.0539684221563293,-0.0137836693253452,1,0.837857142857143,-0.0375647667879564
301,"B_smooth_logistic",3400,0.85,-0.0282529470955347,-0.0282699334368639,0.0143462576821052,-0.0523660828982919,-0.0027759526241995,1,0.670294117647059,-0.0376811090983471
301,"B_smooth_logistic",4000,1,-0.0317430355457494,-0.0317898975838874,0.0148079934636862,-0.0574312317795168,-0.00632086269166147,1,0.7265,-0.0377538858691737
302,"A_threshold",1000,0.25,-0.0172882766124258,-0.0168540636099632,0.00175290320722093,-0.0216569062129584,-0.0115992729441254,1,0.031,-0.01072
302,"A_threshold",1600,0.4,-0.0167282295514347,-0.0170310045373927,0.0194953773663704,-0.0546318235217791,0.0756268666765625,0.825,0.50125,-0.010425
302,"A_threshold",2200,0.55,-0.0205703159349287,-0.0204923972355485,0.0193863863635595,-0.0574897846522818,0.0743130399355591,0.856363636363636,0.578636363636364,-0.0103818181818182
302,"A_threshold",2800,0.7,-0.0215612354904263,-0.0210422605103628,0.0175967830352236,-0.0607528423592132,0.0572436386256266,0.877857142857143,0.573928571428571,-0.0100285714285714
302,"A_threshold",3400,0.85,-0.0187829329361888,-0.0184689938014962,0.0194379423343569,-0.0679542587630725,0.0720115704364455,0.828235294117647,0.502941176470588,-0.00982352941176471
302,"A_threshold",4000,1,-0.012417447028093,-0.0122516107557944,0.0148030110944643,-0.0531664925751679,0.0504754089208421,0.7965,0.31175,-0.00975
302,"B_smooth_logistic",1000,0.25,-0.0367632014955611,-0.0364492157742166,0.00917342326722581,-0.053945842449282,-0.0223081075161121,1,1,-0.0371242840241998
302,"B_smooth_logistic",1600,0.4,-0.0436081990298858,-0.0429269094980532,0.0104375893358549,-0.0625089388562073,-0.0266483387471022,1,1,-0.0374699055810283
302,"B_smooth_logistic",2200,0.55,-0.0478056329156303,-0.0475113027798476,0.017807079991036,-0.0803107444921807,-0.0187427301259038,1,0.975909090909091,-0.0372250491180627
302,"B_smooth_logistic",2800,0.7,-0.04916078892372,-0.0490260370515409,0.0134873300591936,-0.07357667446407,-0.0267517504613715,1,1,-0.0370162655412518
302,"B_smooth_logistic",3400,0.85,-0.0400932434812791,-0.0400086579488292,0.0158064566524418,-0.0680372189619513,-0.0129362640286938,1,0.871176470588235,-0.037211692664309
302,"B_smooth_logistic",4000,1,-0.0458170438623073,-0.0456008894000209,0.0169491751292728,-0.0762936439777594,-0.0174422704260992,1,0.9535,-0.0371214331837438
303,"A_threshold",1000,0.25,0.01998199819982,0.0191141566354826,0.0011224029698913,0.0150015168774717,0.0235546018487216,0,0,-0.01012
303,"A_threshold",1600,0.4,0.01,0.00975911483273701,0.00349341580281998,-0.00243062316198243,0.0243035255105991,0.00125,0,-0.009875
303,"A_threshold",2200,0.55,0.0196860154909603,0.0196383259166538,0.00950849150444972,-0.0176559274679862,0.0560188643563933,0.0159090909090909,0,-0.0100545454545455
303,"A_threshold",2800,0.7,0.00365702551038113,0.00372825587587133,0.0177649345882479,-0.070854963071212,0.0658082656510744,0.409642857142857,0.0896428571428571,-0.0101428571428571
303,"A_threshold",3400,0.85,-0.00468223905723907,-0.0047359806902055,0.0196885309718429,-0.0780865273119951,0.0729334055004601,0.600882352941176,0.218235294117647,-0.0101176470588235
303,"A_threshold",4000,1,-0.00598038234410969,-0.00596092641375532,0.017068407220565,-0.0755730345660525,0.0566508020245417,0.63875,0.20125,-0.0101
303,"B_smooth_logistic",1000,0.25,-0.0230448296138661,-0.0244391276014622,0.0120233331568268,-0.0409300884583374,0.000804197053996189,0.99,0.656,-0.0371789000401655
303,"B_smooth_logistic",1600,0.4,-0.0337599059288587,-0.0342697253161356,0.000923080728314501,-0.0351377655674966,-0.032079603494408,1,1,-0.0371869189917441
303,"B_smooth_logistic",2200,0.55,-0.0334657398212512,-0.033658091612037,0.000867981693799508,-0.0344149955214846,-0.0313401844885521,1,1,-0.0371984056906375
303,"B_smooth_logistic",2800,0.7,-0.0267749257045818,-0.0268167795940867,0.00199413178500597,-0.0303952659644287,-0.023432157993021,1,1,-0.0372403975740863
303,"B_smooth_logistic",3400,0.85,-0.0214064992025518,-0.0214437524667654,0.00636074438014989,-0.033776916477277,-0.0115556328296981,1,0.540588235294118,-0.0371134569732942
303,"B_smooth_logistic",4000,1,-0.0242671021582288,-0.0241421484339442,0.0051208760906415,-0.0338682924116047,-0.015969239596116,1,0.72875,-0.0371393071293046
304,"A_threshold",1000,0.25,0.0102010201020102,0.00973995497860724,0.0164559824264705,-0.0292653608233375,0.086939640275944,0.3,0.012,-0.00908
304,"A_threshold",1600,0.4,0.00938087476696269,0.00905629450495242,0.00106404203791284,0.00609433338284626,0.0130515435084036,0,0,-0.009725
304,"A_threshold",2200,0.55,0.00141510525671927,0.00104841960586262,0.00485791113403624,-0.0188804419976407,0.013910693423841,0.390454545454545,0,-0.00987272727272727
304,"A_threshold",2800,0.7,-0.00403708829029847,-0.00412042581036346,0.00500558602376233,-0.022835115632166,0.0106076355928664,0.793928571428571,0.00214285714285714,-0.00997142857142857
304,"A_threshold",3400,0.85,-0.0028503523467624,-0.00298762315350412,0.00977112972693438,-0.0410453480503075,0.0245003025232629,0.601176470588235,0.0526470588235294,-0.0100352941176471
304,"A_threshold",4000,1,-0.00794184385242458,-0.00819643982298068,0.00384986409682405,-0.0241204865529286,0.00195254671748098,0.99525,0.0045,-0.00995
304,"B_smooth_logistic",1000,0.25,-0.0583482333929336,-0.0584463828451964,0.0265487406417065,-0.104587826691945,-0.0116121269593855,1,0.918,-0.0373885592969518
304,"B_smooth_logistic",1600,0.4,-0.0616765419135478,-0.061714563834188,0.0139833460392441,-0.0864782259639608,-0.038089316174126,1,1,-0.0374116731180777
304,"B_smooth_logistic",2200,0.55,-0.0695873199561902,-0.0699783042467475,0.0167790007735117,-0.100273924060328,-0.041759674435569,1,1,-0.0375304784228493
304,"B_smooth_logistic",2800,0.7,-0.0577362867130583,-0.0582010598128534,0.0223623335459997,-0.0999176726064799,-0.0219286335696643,1,1,-0.0373287708162202
304,"B_smooth_logistic",3400,0.85,-0.0568195229869403,-0.0571596377577083,0.0207317392980755,-0.0951365783502729,-0.0231046956681823,1,1,-0.0373851284458427
304,"B_smooth_logistic",4000,1,-0.0554565049495717,-0.0557486413462086,0.0187797447525092,-0.0907950529127141,-0.0253502478869983,1,1,-0.0371903116756895
305,"A_threshold",1000,0.25,0.0042260454059765,0.00394225931144403,0.044476233896414,-0.164832041345085,0.116385848856423,0.439,0.281,-0.01052
305,"A_threshold",1600,0.4,-0.00801971774597138,-0.00818902169060298,0.0333157162993375,-0.112903776933936,0.108226704259119,0.59625,0.36625,-0.010425
305,"A_threshold",2200,0.55,-0.00726711140175883,-0.00723430406117071,0.0247194533599447,-0.0894607568503957,0.0914261857112391,0.629090909090909,0.315454545454545,-0.0102727272727273
305,"A_threshold",2800,0.7,-0.00838235841917508,-0.00827794428951349,0.0207814246308564,-0.0732550411775723,0.0778088719386632,0.669285714285714,0.301428571428571,-0.0100285714285714
305,"A_threshold",3400,0.85,-0.00354501336516752,-0.00344003236835683,0.0213079869999468,-0.0649603481929888,0.0916006336298328,0.595,0.227352941176471,-0.00983529411764706
305,"A_threshold",4000,1,-0.000811000811000814,-0.000877684349474854,0.0184507315590494,-0.0501756050129754,0.0854686595591699,0.56275,0.1425,-0.00974
305,"B_smooth_logistic",1000,0.25,-0.0651783464204711,-0.0653204256250748,0.00966240258748693,-0.0837748390324857,-0.0500013622427568,1,1,-0.036563858508057
305,"B_smooth_logistic",1600,0.4,-0.0663072355055477,-0.0669957857851197,0.0256172124502938,-0.116964354737615,-0.0284450031094504,1,1,-0.0368746524924906
305,"B_smooth_logistic",2200,0.55,-0.062097566299247,-0.0622110861845414,0.0191948885470283,-0.0975207881484433,-0.0312886210029454,1,1,-0.0371805640835301
305,"B_smooth_logistic",2800,0.7,-0.0483041802126127,-0.0484008954436511,0.0216588120216367,-0.0880766370464342,-0.0136012492654582,1,0.889642857142857,-0.0370620804865721
305,"B_smooth_logistic",3400,0.85,-0.0500419553802369,-0.050125052568715,0.0189640280809888,-0.0853626939622264,-0.0201310225296899,1,1,-0.0371064966181895
305,"B_smooth_logistic",4000,1,-0.0484942169500627,-0.048647778038244,0.0187502372048345,-0.0831620713638667,-0.0184925235409806,1,0.9715,-0.0371365626991063
306,"A_threshold",1000,0.25,-0.0352517265538985,-0.0353301806085035,0.0144765564979523,-0.0737537013607752,0.0217739412234783,0.985,0.847,-0.01036
306,"A_threshold",1600,0.4,-0.0234461014913422,-0.0236304819978678,0.00612813078790154,-0.0483331902088568,-0.00836959317485418,1,0.700625,-0.010625
306,"A_threshold",2200,0.55,-0.0219271576596141,-0.0218482194703549,0.00170989127038975,-0.02744993863002,-0.0153884930736603,1,0.861363636363636,-0.0103818181818182
306,"A_threshold",2800,0.7,-0.0199231662646297,-0.0200734885086382,0.00691804429877608,-0.0339232127524291,0.0140051929904177,0.987142857142857,0.566428571428571,-0.0102857142857143
306,"A_threshold",3400,0.85,-0.0178548933454599,-0.0179942872778025,0.00760268432722077,-0.038250700344397,0.0151363140129488,0.979411764705882,0.426470588235294,-0.0101647058823529
306,"A_threshold",4000,1,-0.0150881249220125,-0.0151056089970333,0.0116282796464651,-0.049721403428218,0.0325134483200635,0.89775,0.36025,-0.01031
306,"B_smooth_logistic",1000,0.25,-0.00758075807580759,-0.00836245007400627,0.0406580311048566,-0.0855078082390075,0.0558415248161388,0.548,0.401,-0.0369263823415006
306,"B_smooth_logistic",1600,0.4,-0.0284854877143638,-0.0288337499772908,0.0288351603718008,-0.0822135766036103,0.0193795609173293,0.78625,0.58,-0.0367953665744459
306,"B_smooth_logistic",2200,0.55,-0.0287366583343253,-0.0291789473297426,0.0306971742526288,-0.0890951413813085,0.0186957460403305,0.770454545454546,0.565909090909091,-0.0369124132937209
306,"B_smooth_logistic",2800,0.7,-0.0262977898014394,-0.0266646803409618,0.029050451482667,-0.083478678397708,0.0185741191708785,0.759642857142857,0.545357142857143,-0.0370881575730629
306,"B_smooth_logistic",3400,0.85,-0.0389689519607721,-0.0391423289925993,0.0277470815193159,-0.0927295169460692,0.00429685000883742,0.938823529411765,0.683823529411765,-0.0370063961017025
306,"B_smooth_logistic",4000,1,-0.0373231739077437,-0.0375457578411786,0.0218020872797039,-0.0793073364321137,-0.00329598173179084,1,0.7215,-0.0369985363539535
307,"A_threshold",1000,0.25,-0.00893232156357629,-0.00879063643019477,0.00722861718014734,-0.0387614310361852,0.00871713601228841,0.903,0.063,-0.00968
307,"A_threshold",1600,0.4,-0.0236138282778406,-0.023656975020416,0.00208768805931069,-0.0284158426291442,-0.012999154853287,1,0.949375,-0.009925
307,"A_threshold",2200,0.55,-0.0135340161111759,-0.0135342977223701,0.000917812104973458,-0.0159269197899831,-0.00870657556434817,1,0,-0.00989090909090909
307,"A_threshold",2800,0.7,-0.0169034217814706,-0.0170070539213749,0.00169893216562868,-0.0245139850172084,-0.0114132239125636,1,0.0471428571428571,-0.0101142857142857
307,"A_threshold",3400,0.85,-0.0146985173768747,-0.0146516634658835,0.00133428839753656,-0.020295242457418,-0.0100861342768697,1,0.000294117647058824,-0.0100470588235294
307,"A_threshold",4000,1,-0.0187707029812293,-0.0187032088018212,0.00401403800345195,-0.0388510267045133,-0.00701122289013761,1,0.34225,-0.0101
307,"B_smooth_logistic",1000,0.25,-0.0574547084053518,-0.0574512820883078,0.0195269034019571,-0.0924089185146293,-0.0264877592666032,1,1,-0.0372319579553814
307,"B_smooth_logistic",1600,0.4,-0.0404697617440436,-0.0405755302082107,0.0264657812504504,-0.0882307693187365,0.00200238824372143,0.9675,0.721875,-0.0369416874966041
307,"B_smooth_logistic",2200,0.55,-0.0464112981873841,-0.0461714497681445,0.0371160170571784,-0.112042419803878,0.0144600294373409,0.856818181818182,0.703181818181818,-0.0371563378777202
307,"B_smooth_logistic",2800,0.7,-0.0464830069147937,-0.0462168334289165,0.0377989462503289,-0.113331710340667,0.0159774581731573,0.855,0.695,-0.0371801536763821
307,"B_smooth_logistic",3400,0.85,-0.0406987690280139,-0.0405074478622394,0.0335607333362808,-0.0985758212956464,0.0168232157869237,0.845882352941176,0.677058823529412,-0.0372940076863116
307,"B_smooth_logistic",4000,1,-0.0459198890766446,-0.0457158826352203,0.0323889985619234,-0.102364912669901,0.00970643310893381,0.9135,0.731,-0.037384333261639
308,"A_threshold",1000,0.25,0.000857237851457499,0.000833980024836706,0.0277516350358737,-0.0782607999708936,0.0784538498784917,0.491,0.215,-0.00996
308,"A_threshold",1600,0.4,-0.00236462816534881,-0.00238045371526413,0.0143980282578713,-0.0408286772999863,0.0451389089184709,0.586875,0.108125,-0.0097
308,"A_threshold",2200,0.55,-0.00858051276456649,-0.00866053439822171,0.0122195582028894,-0.0430061975968252,0.0335018306825473,0.782272727272727,0.172272727272727,-0.0101454545454545
308,"A_threshold",2800,0.7,-0.0203606795601309,-0.0204406505056859,0.00346283877167978,-0.030686188480155,-0.00879435986351343,1,0.569285714285714,-0.00994285714285714
308,"A_threshold",3400,0.85,-0.0273139169328012,-0.0273429144093354,0.00339847478678405,-0.0379626275966857,-0.0144890218757034,1,0.984117647058824,-0.00996470588235294
308,"A_threshold",4000,1,-0.0208884428303863,-0.0209609079252339,0.0020083380806996,-0.0271339096582909,-0.0132326022314067,1,0.693,-0.0099
308,"B_smooth_logistic",1000,0.25,-0.0271313638566182,-0.0270745448590521,0.00746303442455204,-0.0402116184361566,-0.0141770253070088,1,0.764,-0.0375512348650544
308,"B_smooth_logistic",1600,0.4,-0.0389328733326146,-0.0387628753843703,0.0178876422837161,-0.0713677074922852,-0.00949579241747395,1,0.803125,-0.0374866654221718
308,"B_smooth_logistic",2200,0.55,-0.0292610518242287,-0.0290949596917375,0.0168214697168441,-0.0609305770539153,-0.00182901510338822,1,0.648181818181818,-0.0373299596529588
308,"B_smooth_logistic",2800,0.7,-0.0238054046219617,-0.0237407075945689,0.00712070010550196,-0.0369764350394743,-0.0118785330566067,1,0.648928571428571,-0.0374430129391528
308,"B_smooth_logistic",3400,0.85,-0.0261200060495502,-0.0259941776578907,0.00634599551954225,-0.037837278547494,-0.0155246194478785,1,0.772058823529412,-0.0373053041455155
308,"B_smooth_logistic",4000,1,-0.0262853991200864,-0.0261569090291195,0.00890196238446316,-0.0426361054266767,-0.0113920788125845,1,0.70025,-0.0373236430323981
309,"A_threshold",1000,0.25,0.00481607705723291,0.00476702577123888,0.0224391011423836,-0.0482269347752485,0.085820578641301,0.456,0.135,-0.01036
309,"A_threshold",1600,0.4,-0.00176563603522521,-0.0015996968092237,0.0262923297981428,-0.0713393125796995,0.0890357954200367,0.536875,0.256875,-0.01025
309,"A_threshold",2200,0.55,-0.013821105952995,-0.0137973386540191,0.0232637657852411,-0.077873694822167,0.0709765689470276,0.729090909090909,0.418181818181818,-0.0104
309,"A_threshold",2800,0.7,-0.0247098839535814,-0.0245696432596261,0.0203777903392243,-0.0869980014480177,0.0524100856067552,0.881785714285714,0.606428571428571,-0.0102857142857143
309,"A_threshold",3400,0.85,-0.0191138357256778,-0.0190173689898795,0.016932762949698,-0.0641858974114345,0.0556083824295413,0.866764705882353,0.505294117647059,-0.0101647058823529
309,"A_threshold",4000,1,-0.0160919471256022,-0.0161496118340667,0.00987197570745241,-0.0427507344609749,0.0272414791207587,0.9355,0.37775,-0.01022
309,"B_smooth_logistic",1000,0.25,-0.0276641106564426,-0.0276888817619281,0.0240169416001533,-0.0639437280474739,0.01901026976148,0.824,0.611,-0.0371230787777244
309,"B_smooth_logistic",1600,0.4,-0.0380989732668116,-0.0381006993010029,0.0228844653994852,-0.076303296296561,0.0029906945787799,0.9675,0.7325,-0.0368696902126278
309,"B_smooth_logistic",2200,0.55,-0.0368291624475626,-0.0371806377905323,0.0138485225048237,-0.0576238213640222,-0.00915382587285821,1,0.845909090909091,-0.0366753854327728
309,"B_smooth_logistic",2800,0.7,-0.0352459902979394,-0.0354891101565023,0.00962733203700163,-0.0504924647002683,-0.0170231158268657,1,0.938928571428571,-0.0367642490710199
309,"B_smooth_logistic",3400,0.85,-0.0339183860462091,-0.0339958309510919,0.00345990611514112,-0.0396007183510005,-0.0275985504505049,1,1,-0.036932281556711
309,"B_smooth_logistic",4000,1,-0.0336733418335458,-0.0336942960005186,0.00310561229291531,-0.0388102872809466,-0.0279972350235141,1,1,-0.0369264596285524
310,"A_threshold",1000,0.25,0.00172017201720172,0.00269806911237772,0.0277507343637516,-0.0343944748281078,0.149462974704818,0.567,0.198,-0.01036
310,"A_threshold",1600,0.4,0.0131470598805296,0.013692018693767,0.021396480716944,-0.0226464140696716,0.120460403006056,0.3,0.005625,-0.0102
310,"A_threshold",2200,0.55,0.00267163961962201,0.0028845278808877,0.00570824228048246,-0.00704498964592536,0.0423303044152125,0.347272727272727,0,-0.0101090909090909
310,"A_threshold",2800,0.7,-0.0010706971422389,-0.00136696494058604,0.00768148297068726,-0.0152415046846469,0.0509833762794462,0.633214285714286,0,-0.0102857142857143
310,"A_threshold",3400,0.85,0.00460308034731767,0.00445530833196466,0.0125265335987815,-0.0198599610052499,0.087235660840652,0.414705882352941,0,-0.0104
310,"A_threshold",4000,1,0.00301876886730541,0.00326324111800218,0.00639800932761055,-0.00979685069043715,0.0437579697754562,0.343,0,-0.01035
310,"B_smooth_logistic",1000,0.25,-0.0450296210663584,-0.0450780474071083,0.0152311429534035,-0.0704138594704936,-0.0175838079980794,1,0.959,-0.0369564729766209
310,"B_smooth_logistic",1600,0.4,-0.0458159113494459,-0.0458716706915204,0.00615680188150253,-0.0560427383226726,-0.0345660251443183,1,1,-0.0369828948672128
310,"B_smooth_logistic",2200,0.55,-0.0467641602095384,-0.0467346346361635,0.000929665161254984,-0.0483148939436102,-0.0450892624187793,1,1,-0.0371327385559345
310,"B_smooth_logistic",2800,0.7,-0.0435883198327672,-0.0435648972710023,0.00137425368507647,-0.0458927460756924,-0.041134348525316,1,1,-0.0372266403785506
310,"B_smooth_logistic",3400,0.85,-0.0394744629838649,-0.0394736445092399,0.00294819458436909,-0.044651366742371,-0.0343855044384466,1,1,-0.0372665119622951
310,"B_smooth_logistic",4000,1,-0.0416848529568094,-0.0416898286574998,0.0083635238440113,-0.0559532281770237,-0.0270164790264908,1,1,-0.0373117019156765
311,"A_threshold",1000,0.25,-0.0163146832148934,-0.0158727911505007,0.0185362959195788,-0.0619648659115149,0.0538948008876208,0.801,0.441,-0.00948
311,"A_threshold",1600,0.4,-0.0102957283680175,-0.0102044510858501,0.0365293903899986,-0.117670103693495,0.123545859181732,0.625,0.4225,-0.00965
311,"A_threshold",2200,0.55,-0.0167833358543466,-0.0168364124328613,0.0337745802645508,-0.137515653206904,0.0980082303696796,0.688181818181818,0.468636363636364,-0.00969090909090909
311,"A_threshold",2800,0.7,-0.0171410143365664,-0.017153312398956,0.0286245377721033,-0.126471133048929,0.0740696577145079,0.715,0.4525,-0.00958571428571429
311,"A_threshold",3400,0.85,-0.012015341708774,-0.0119812910449296,0.0256139327474238,-0.106415769816415,0.0710321597474282,0.674411764705882,0.381470588235294,-0.00945882352941176
311,"A_threshold",4000,1,-0.0133685179865037,-0.0133163394798667,0.0229556915127977,-0.0999199469348849,0.0582345003904761,0.70925,0.38275,-0.00959
311,"B_smooth_logistic",1000,0.25,-0.0170086123100432,-0.0157539829428695,0.0439795800711672,-0.0991130793510989,0.0530645917227619,0.592,0.436,-0.0375353073290051
311,"B_smooth_logistic",1600,0.4,-0.0380817855251089,-0.037566699128291,0.03908960871258,-0.109583086916651,0.0256606318613605,0.77,0.624375,-0.037668803878185
311,"B_smooth_logistic",2200,0.55,-0.0373829071994353,-0.0371148486670533,0.0422425608455489,-0.110948967946784,0.035042157296186,0.751818181818182,0.620454545454545,-0.0376726381534932
311,"B_smooth_logistic",2800,0.7,-0.0335647321291887,-0.0333739535943033,0.0392725331680449,-0.103894224421735,0.0313510340390061,0.739642857142857,0.585357142857143,-0.03775581103544
311,"B_smooth_logistic",3400,0.85,-0.0321579635042962,-0.0319998698584172,0.0365563955521326,-0.0993199607108956,0.0268533505558661,0.748823529411765,0.570882352941177,-0.0378348185241181
311,"B_smooth_logistic",4000,1,-0.0375083375750382,-0.0373345038527026,0.0320374306616091,-0.0953947994490231,0.0151875702612536,0.8435,0.64625,-0.0378367791890279
312,"A_threshold",1000,0.25,-0.000136019586820496,-0.000133436603753555,0.00590244446036558,-0.0214187050186704,0.022735529862201,0.509,0.002,-0.0098
312,"A_threshold",1600,0.4,-0.00601719690187016,-0.00678433432183042,0.00754227919237657,-0.0435986285067947,0.0142292446842507,0.8225,0.05375,-0.009675
312,"A_threshold",2200,0.55,-0.0110006745228743,-0.0118453142369462,0.00379437105426822,-0.0295714602720284,-0.0013284367247436,1,0.0245454545454545,-0.00978181818181818
312,"A_threshold",2800,0.7,-0.00437779737985559,-0.00477068511636513,0.00547095664445576,-0.0179556717997076,0.0238635406884729,0.820714285714286,0,-0.00981428571428571
312,"A_threshold",3400,0.85,-0.00301845140078581,-0.00321008475636854,0.00715546820763167,-0.0209737536357472,0.0335925892852275,0.705294117647059,0.000588235294117647,-0.00965882352941176
312,"A_threshold",4000,1,-0.00507492315573771,-0.00520568941647442,0.009308572925311,-0.0290714713874425,0.0493732845749976,0.736,0.0355,-0.00968
312,"B_smooth_logistic",1000,0.25,-0.0317942316694072,-0.0317204672150575,0.0155884977961573,-0.0536968819939976,0.000687428441730031,0.994,0.752,-0.0369586830356443
312,"B_smooth_logistic",1600,0.4,-0.0330817152116202,-0.0330422094599419,0.0100555228786723,-0.0492614030332566,-0.0142890368980636,1,0.863125,-0.0371503128775113
312,"B_smooth_logistic",2200,0.55,-0.0313696548156143,-0.0315525468764186,0.0140473635234434,-0.053102148420908,-0.00424785501013482,1,0.753636363636364,-0.0370589898414785
312,"B_smooth_logistic",2800,0.7,-0.0318016766403519,-0.0317972451653747,0.0145288237535121,-0.0547180586470928,-0.00416442502894054,1,0.748571428571429,-0.0371539542582744
312,"B_smooth_logistic",3400,0.85,-0.0304552807550238,-0.0304747920280858,0.0180309593140962,-0.0585766630056459,0.00418427876206967,0.947647058823529,0.687058823529412,-0.0374206704707307
312,"B_smooth_logistic",4000,1,-0.035,-0.035029385256482,0.0167167489303389,-0.0621140887625138,-0.00388433727089978,1,0.76775,-0.0373737764354161
313,"A_threshold",1000,0.25,-0.00994379593601383,-0.00973425724932723,0.0179204851824747,-0.0832293303906182,0.0404925798777489,0.701,0.27,-0.01048
313,"A_threshold",1600,0.4,-0.0050080081253174,-0.00475079666210727,0.0138134663579457,-0.0690232239399188,0.0288071341561043,0.58625,0.129375,-0.010375
313,"A_threshold",2200,0.55,-0.00348453078263918,-0.00314089967387329,0.00903269676665091,-0.0471004456005882,0.0171804164065949,0.588636363636364,0.0459090909090909,-0.0103090909090909
313,"A_threshold",2800,0.7,-0.00245722309299896,-0.0023749598363863,0.00415538504565945,-0.0247418844174214,0.00822512402282603,0.703214285714286,0.000714285714285714,-0.0100571428571429
313,"A_threshold",3400,0.85,-0.00811695782593697,-0.0082267456758493,0.00172035906001374,-0.0162644433546001,-0.00311040794831613,1,0,-0.0100705882352941
313,"A_threshold",4000,1,-0.0126924170271302,-0.0129787584309512,0.000280335115357964,-0.0136111669914117,-0.0117257353190144,1,0,-0.01014
313,"B_smooth_logistic",1000,0.25,-0.033672623267999,-0.0337796527514374,0.0368889356154101,-0.0910741543397646,0.0353141908146291,0.753,0.642,-0.0369079472048956
313,"B_smooth_logistic",1600,0.4,-0.0335253043452412,-0.033671378596723,0.0150481715472739,-0.0583311123890847,-0.00687494296527723,1,0.760625,-0.0373091985800255
313,"B_smooth_logistic",2200,0.55,-0.0370930762291944,-0.0370216165957716,0.0207409007840863,-0.0725267729996228,-0.00103153796989312,1,0.740909090909091,-0.0372040647437569
313,"B_smooth_logistic",2800,0.7,-0.0341132887396649,-0.0338333047569127,0.017180154939166,-0.0648516072511325,-0.00527641614941621,1,0.738571428571429,-0.0372937036755038
313,"B_smooth_logistic",3400,0.85,-0.0307683629232004,-0.0303086102282063,0.0137128586935507,-0.0557498295291742,-0.00804943723111512,1,0.714705882352941,-0.0373869237490515
313,"B_smooth_logistic",4000,1,-0.0307118757320866,-0.0301514192467236,0.0158462387433301,-0.059546873526138,-0.00456156048249186,1,0.67975,-0.0372247184613954
314,"A_threshold",1000,0.25,0.00762403049612198,0.00758306916924383,0.0167240722312375,-0.0432765093155431,0.0654432974313173,0.331,0.04,-0.0096
314,"A_threshold",1600,0.4,0.00538871246030358,0.00513351556300987,0.0159683074910396,-0.0637335487650785,0.0471826605583962,0.345,0.069375,-0.009475
314,"A_threshold",2200,0.55,-0.00406633078113222,-0.00436557231647423,0.00804559918737825,-0.0417360578140734,0.0183517910069877,0.695454545454545,0.035,-0.00929090909090909
314,"A_threshold",2800,0.7,-0.0057436073283041,-0.0060134041182303,0.0138618487170976,-0.0682284717879882,0.0358087861855856,0.659285714285714,0.152857142857143,-0.00945714285714286
314,"A_threshold",3400,0.85,-0.00492319020510755,-0.00504777823301593,0.0125124955118641,-0.0577225957511902,0.036023411688271,0.649705882352941,0.118235294117647,-0.00948235294117647
314,"A_threshold",4000,1,-0.00616312480327727,-0.00623725313455733,0.0165150587034565,-0.0851076061892996,0.0464649831872338,0.636,0.199,-0.00967
314,"B_smooth_logistic",1000,0.25,-0.0323032303230323,-0.0332290796032324,0.0429998631158044,-0.120762513835972,0.0286472529550933,0.707,0.544,-0.0377340118248434
314,"B_smooth_logistic",1600,0.4,-0.0370328652599434,-0.0373333315270468,0.0202014585541483,-0.0774957918526119,-0.00716308083821586,1,0.740625,-0.037453213426741
314,"B_smooth_logistic",2200,0.55,-0.0387716724184249,-0.0391935220157653,0.0191035281034946,-0.0770555490181036,-0.0104085016326412,1,0.792272727272727,-0.0374984626528179
314,"B_smooth_logistic",2800,0.7,-0.0421602403441885,-0.0424122668088115,0.0205711336134184,-0.081900418818616,-0.010124678098579,1,0.815357142857143,-0.037361370205371
314,"B_smooth_logistic",3400,0.85,-0.0387973177590309,-0.0390774877360123,0.0154285000147246,-0.0683082566191777,-0.0145052576206107,1,0.874411764705882,-0.0373683249529915
314,"B_smooth_logistic",4000,1,-0.0429599797583604,-0.0430382092497424,0.0106438299464906,-0.0627043643501677,-0.0256465431924955,1,1,-0.0373358330403336
315,"A_threshold",1000,0.25,0.021144338309413,0.0209853294301655,0.0449222862771597,-0.114317969818296,0.203765031492148,0.331,0.194,-0.01044
315,"A_threshold",1600,0.4,0.0102065051626291,0.0096868738182904,0.0306480773958051,-0.0732112864504077,0.149513372229494,0.39875,0.165625,-0.0101
315,"A_threshold",2200,0.55,0.00181818181818182,0.00130757941091404,0.033230913479135,-0.0869761657485553,0.163847267988665,0.511818181818182,0.273181818181818,-0.0100909090909091
315,"A_threshold",2800,0.7,-0.00560616821361808,-0.00572961595902772,0.0380857662755716,-0.107530086766284,0.17941593043235,0.595714285714286,0.385357142857143,-0.0100428571428571
315,"A_threshold",3400,0.85,-0.00718339348906349,-0.00709942889714045,0.0293608304559924,-0.0802169291885348,0.140755591491358,0.631764705882353,0.362352941176471,-0.0100823529411765
315,"A_threshold",4000,1,-0.00996524913122829,-0.00984710715140586,0.024028649684962,-0.0668563288525919,0.114823744752558,0.69425,0.37025,-0.01014
315,"B_smooth_logistic",1000,0.25,-0.0823878757318542,-0.0824948260827415,0.0299485683001163,-0.138568888224793,-0.0334867833991111,1,1,-0.0366134295740632
315,"B_smooth_logistic",1600,0.4,-0.0630084353332833,-0.0629114515099495,0.0303094743250878,-0.117095666634908,-0.0123393267089237,1,0.925,-0.0367804485076084
315,"B_smooth_logistic",2200,0.55,-0.0624744087860893,-0.0624585782143096,0.0249716508896841,-0.107944185550446,-0.0217288619229568,1,1,-0.0369033978860861
315,"B_smooth_logistic",2800,0.7,-0.0613358634900733,-0.0614321379790669,0.0218324315863518,-0.101779580673569,-0.0262046140031216,1,1,-0.0369433274620729
315,"B_smooth_logistic",3400,0.85,-0.0556263540206448,-0.0555875319441328,0.0209029156038703,-0.0940696584270993,-0.0217476944413214,1,1,-0.0370988263736114
315,"B_smooth_logistic",4000,1,-0.0601867662419705,-0.0602542692274704,0.0152708568240104,-0.0884769461180581,-0.0357921808267835,1,1,-0.0372197633135454
316,"A_threshold",1000,0.25,-0.0288386094698243,-0.0288273448059772,0.00315350067424311,-0.0337267868330017,-0.0135409482644661,1,0.979,-0.01028
316,"A_threshold",1600,0.4,-0.0241104748147002,-0.0244256450408676,0.00671666042996075,-0.0373256410920123,0.00612368877317618,0.99625,0.78125,-0.010275
316,"A_threshold",2200,0.55,-0.0301925778989999,-0.0303659636999329,0.013341828912498,-0.0491075472228943,0.0403764833106327,0.963636363636364,0.824090909090909,-0.0100181818181818
316,"A_threshold",2800,0.7,-0.0161123188830969,-0.0161634197319745,0.0185723137624485,-0.0462537628120391,0.0761104774358037,0.836785714285714,0.495,-0.00987142857142857
316,"A_threshold",3400,0.85,-0.0185479707274265,-0.0182243524138606,0.0177828686549806,-0.0500406168312302,0.104577955781676,0.861764705882353,0.533529411764706,-0.00972941176470588
316,"A_threshold",4000,1,-0.0138057795670362,-0.0138185395216649,0.0171106489963385,-0.0469791814912456,0.100559810854163,0.81725,0.41075,-0.00972
316,"B_smooth_logistic",1000,0.25,-0.0274573816468028,-0.0272924839444949,0.00845527231891526,-0.040918750263327,-0.0119560060486496,1,0.757,-0.0373988741576383
316,"B_smooth_logistic",1600,0.4,-0.0424305117162841,-0.042350259686726,0.0202854070924491,-0.0788596539369997,-0.0085774869282909,1,0.8175,-0.0371414331342773
316,"B_smooth_logistic",2200,0.55,-0.0345001471468393,-0.0345629980233778,0.0167891678229793,-0.0659097525040573,-0.00775380054644652,1,0.744545454545455,-0.0371670236689249
316,"B_smooth_logistic",2800,0.7,-0.0350490454970146,-0.0351599595888985,0.0190099717775256,-0.0691881512415055,-0.00338971521234198,1,0.723928571428571,-0.0370050250927408
316,"B_smooth_logistic",3400,0.85,-0.0423744297293706,-0.0424744470982,0.0195755623177289,-0.0778870482610783,-0.010164218168861,1,0.828823529411765,-0.0371129068923218
316,"B_smooth_logistic",4000,1,-0.0385994836033952,-0.0386506923900786,0.0115156591441446,-0.05981621109938,-0.019906334549378,1,0.9975,-0.0371037439249769
317,"A_threshold",1000,0.25,-0.00714011270491803,-0.00767230164568749,0.0305662585687718,-0.101683965325659,0.121306530816521,0.629,0.362,-0.00852
317,"A_threshold",1600,0.4,-0.00025937540527407,-0.000557325587181756,0.0211671528948735,-0.0652075524317467,0.0889293018256367,0.533125,0.168125,-0.008675
317,"A_threshold",2200,0.55,0.000697541414455299,0.000517989897377124,0.0247959809341903,-0.0769074974002694,0.110216335641735,0.507727272727273,0.196363636363636,-0.00870909090909091
317,"A_threshold",2800,0.7,0.00116738505747127,0.00101087283173415,0.023555700124129,-0.0725765793031515,0.105713741688518,0.499642857142857,0.178571428571429,-0.00912857142857143
317,"A_threshold",3400,0.85,0.00233942414174973,0.00221854896893218,0.0226216575299037,-0.0702518660490789,0.100886415901853,0.478529411764706,0.152352941176471,-0.00925882352941177
317,"A_threshold",4000,1,-0.00359185865372427,-0.00370576789131935,0.0183464277031799,-0.0637661880676866,0.0900354496773969,0.598,0.1795,-0.00948
317,"B_smooth_logistic",1000,0.25,-0.0114241827869246,-0.0121203991789187,0.0113382303013722,-0.0366623801751829,0.00244805861298435,0.847,0.267,-0.0368760390532006
317,"B_smooth_logistic",1600,0.4,-0.0291345570909818,-0.0293913201807997,0.00922613460311059,-0.0468028602478534,-0.0153999841282205,1,0.794375,-0.0369123708115808
317,"B_smooth_logistic",2200,0.55,-0.0226915842124228,-0.0229242079340324,0.000463502279871259,-0.0233892620438865,-0.0216875159482309,1,1,-0.0367237749893679
317,"B_smooth_logistic",2800,0.7,-0.0268001230617896,-0.0269687024682597,0.00352681626565536,-0.0323830892622728,-0.0203659356168745,1,1,-0.0368295619980547
317,"B_smooth_logistic",3400,0.85,-0.0328290037111048,-0.0330654780763812,0.00151876347674268,-0.0350512501026736,-0.0299189818648049,1,1,-0.0370004282303067
317,"B_smooth_logistic",4000,1,-0.0327296627756712,-0.0328847220971892,0.00577599007040145,-0.0414433600951203,-0.0218643592010854,1,1,-0.0370979299129928
318,"A_threshold",1000,0.25,0.00800000000000001,0.00805460294938048,0.00738526085692776,-0.0161231205923087,0.0354110069855222,0.14,0,-0.01044
318,"A_threshold",1600,0.4,-0.00547540916908046,-0.00534503406800065,0.0197886425666047,-0.0718549811939671,0.0671656798794209,0.600625,0.24,-0.01075
318,"A_threshold",2200,0.55,-0.0100101342267999,-0.00993239445620789,0.0232596027143348,-0.0918972617228362,0.0731095781898649,0.655,0.343181818181818,-0.0104909090909091
318,"A_threshold",2800,0.7,-0.00500517115897803,-0.00502680194116478,0.0230934297552645,-0.0799855594675721,0.0842619039187091,0.586428571428571,0.2725,-0.0104142857142857
318,"A_threshold",3400,0.85,-0.0118508643599754,-0.011790905695041,0.0219498364299803,-0.0865332625106429,0.069208375408677,0.696470588235294,0.364705882352941,-0.0105764705882353
318,"A_threshold",4000,1,-0.00973045000361387,-0.00976295343814869,0.023513156399818,-0.0838054395462538,0.0918495778857005,0.66275,0.34725,-0.01034
318,"B_smooth_logistic",1000,0.25,-0.0380058913934426,-0.0370846988801365,0.0113091081973513,-0.0583557683439896,-0.0185597630807238,1,0.96,-0.0372403368046336
318,"B_smooth_logistic",1600,0.4,-0.0555867402381954,-0.0567729269483316,0.0107640938277975,-0.0772559828509838,-0.0397401208059978,1,1,-0.0369993326411261
318,"B_smooth_logistic",2200,0.55,-0.0485119047619048,-0.0494759574632717,0.014050330969229,-0.0762837298641803,-0.0275872343504005,1,1,-0.0372665272485168
318,"B_smooth_logistic",2800,0.7,-0.0526251339354049,-0.053096136230551,0.0160043398465701,-0.0838575309657527,-0.0281835825852459,1,1,-0.0370847957889184
318,"B_smooth_logistic",3400,0.85,-0.0511157652276587,-0.05139943729119,0.0227508450795692,-0.0946269741568929,-0.0155718127616515,1,0.928823529411765,-0.0371013316237781
318,"B_smooth_logistic",4000,1,-0.0493207891326261,-0.0496158141194928,0.0179882396140722,-0.0844910776167346,-0.0221558522719972,1,1,-0.0369390728469118
319,"A_threshold",1000,0.25,-0.00779010744423628,-0.0078058132167319,0.00380438590351817,-0.0190379427998722,0.00414846912921962,0.977,0,-0.0104
319,"A_threshold",1600,0.4,-0.0034567530307227,-0.00340996987972075,0.0131472387004608,-0.0393556216971655,0.0421496782973341,0.605,0.1075,-0.010675
319,"A_threshold",2200,0.55,-0.000310760238558083,-0.000262219221128509,0.012241548098085,-0.0319822336800082,0.0443264519057889,0.521363636363636,0.0440909090909091,-0.0108
319,"A_threshold",2800,0.7,0.00514030874505547,0.00529106057455713,0.0113073375155488,-0.0247919086949517,0.0483323278080725,0.347142857142857,0.00321428571428571,-0.0104
319,"A_threshold",3400,0.85,0.00503402151466331,0.00506131046910499,0.0131929702552638,-0.0287599888648468,0.0577343651807277,0.382647058823529,0.0141176470588235,-0.0103176470588235
319,"A_threshold",4000,1,0.00287701150804603,0.00283170160083554,0.00846951434710306,-0.022794859280243,0.0340642743452486,0.39075,5e-04,-0.01036
319,"B_smooth_logistic",1000,0.25,-0.062786029706945,-0.0625837446831273,0.00572260482445607,-0.0718233367764556,-0.0516132116631522,1,1,-0.0372875179845615
319,"B_smooth_logistic",1600,0.4,-0.0588074291300098,-0.0590135334688065,0.0100425925939376,-0.0773562119017881,-0.0421674252909415,1,1,-0.0370937296822098
319,"B_smooth_logistic",2200,0.55,-0.043725267859209,-0.0437912291900183,0.0092874359071921,-0.0603266527004067,-0.0276705498410023,1,1,-0.0372670053372995
319,"B_smooth_logistic",2800,0.7,-0.0496016196447231,-0.0496818554751915,0.0166949912226975,-0.079311862725845,-0.0206952325285774,1,1,-0.0371162889090149
319,"B_smooth_logistic",3400,0.85,-0.0514616216186288,-0.0517591663041831,0.0201819234771005,-0.0890632434292645,-0.0182294326214654,1,0.972647058823529,-0.0372229164536343
319,"B_smooth_logistic",4000,1,-0.0509325324540397,-0.0510973403091523,0.0196179095791558,-0.086411820977422,-0.0179398812158138,1,0.9655,-0.0372205231100296
320,"A_threshold",1000,0.25,-0.0288484615753852,-0.0288790996548738,0.0119994158067392,-0.0674510226939493,0.00333096925469989,0.991,0.754,-0.01028
320,"A_threshold",1600,0.4,-0.0234450687851192,-0.0234466017705227,0.006672451561596,-0.0457199786136379,-0.00262448115350465,1,0.686875,-0.010225
320,"A_threshold",2200,0.55,-0.0092198540479396,-0.0092357073621521,0.0120536673944625,-0.0505043522289191,0.0287773625438872,0.764090909090909,0.185909090909091,-0.0103818181818182
320,"A_threshold",2800,0.7,-0.00996732026143791,-0.00999204570846001,0.00569898063354626,-0.03023902958733,0.00745636106994883,0.962857142857143,0.045,-0.0103571428571429
320,"A_threshold",3400,0.85,-0.0179484721232449,-0.0180079729753484,0.00158732572716538,-0.0239111583434559,-0.0134076062086715,1,0.105882352941176,-0.0103529411764706
320,"A_threshold",4000,1,-0.0220851802659583,-0.0221070334365695,0.00111680214061584,-0.0250336511431163,-0.0175637781815573,1,0.96275,-0.01031
320,"B_smooth_logistic",1000,0.25,-0.050687739187523,-0.0510239478342318,0.0119935917792713,-0.0730530951693817,-0.0311935446865908,1,1,-0.0378802119319898
320,"B_smooth_logistic",1600,0.4,-0.0265776577657766,-0.0266952535023302,0.0149100433194675,-0.0550071026907605,-0.0025607372113676,1,0.614375,-0.037660641456469
320,"B_smooth_logistic",2200,0.55,-0.0316122233930453,-0.0320153722352072,0.0159355519810026,-0.0631583761755997,-0.00694551660821744,1,0.708181818181818,-0.0375199643288465
320,"B_smooth_logistic",2800,0.7,-0.0283080107536759,-0.028561743322195,0.0162825590570037,-0.0603674415536913,-0.00295024590492069,1,0.635,-0.037499116516152
320,"B_smooth_logistic",3400,0.85,-0.0331141892099981,-0.0332006731158841,0.0129868532881383,-0.0588940114511218,-0.0130146887504863,1,0.8,-0.0372461444148755
320,"B_smooth_logistic",4000,1,-0.0350730505192748,-0.0349914087586469,0.00995940027419648,-0.0544626283716104,-0.0193342841196096,1,0.97525,-0.0373121283371506
321,"A_threshold",1000,0.25,-0.021035728623043,-0.0207445147125945,0.00313291639307841,-0.0331846098106495,-0.012847904152513,1,0.572,-0.01028
321,"A_threshold",1600,0.4,-0.00271124321602854,-0.00259767895638571,0.00271053702500167,-0.014841759775762,0.00327430823451439,0.833125,0,-0.0102
321,"A_threshold",2200,0.55,0.00372724935116261,0.00375299777892069,0.0100155755193325,-0.0239680160444748,0.040716358974062,0.372727272727273,0.00454545454545455,-0.0101636363636364
321,"A_threshold",2800,0.7,0.00169801462904912,0.00162652128278004,0.0104226673590874,-0.0269687568095344,0.0408291105284615,0.453571428571429,0.0114285714285714,-0.00998571428571429
321,"A_threshold",3400,0.85,-0.000216642055067912,-0.000468369183410988,0.00720663722729926,-0.0228083497034575,0.0282446134919204,0.543823529411765,0.000294117647058824,-0.00989411764705882
321,"A_threshold",4000,1,-0.000856036167528079,-0.00113299734600145,0.0105517153429205,-0.031279766551001,0.0433932973936152,0.5715,0.019,-0.00987
321,"B_smooth_logistic",1000,0.25,-0.0386306972574726,-0.0384454723010244,0.0293980123804189,-0.0804755764857313,0.0232333296635679,0.86,0.705,-0.0374164963370427
321,"B_smooth_logistic",1600,0.4,-0.0502613087944788,-0.0505748737672119,0.02345728439004,-0.0850547318641328,-0.00333713431937342,1,0.861875,-0.0376372634509122
321,"B_smooth_logistic",2200,0.55,-0.0531491556548768,-0.0534884011064774,0.0224117330250788,-0.086381133657592,-0.00876815365217484,1,0.906818181818182,-0.0375040412696388
321,"B_smooth_logistic",2800,0.7,-0.0438207658838031,-0.0438602117169637,0.0129589885859044,-0.0629251698200735,-0.0182823535088677,1,0.975714285714286,-0.0375618151409057
321,"B_smooth_logistic",3400,0.85,-0.0433412364584588,-0.0435196599127608,0.0170009399650573,-0.0683915483611791,-0.00943745069471691,1,0.881176470588235,-0.0375757489677249
321,"B_smooth_logistic",4000,1,-0.0473289122513141,-0.0476141566695522,0.0175326683123089,-0.0733048319937041,-0.0122179641800314,1,0.91525,-0.0376274418405893
322,"A_threshold",1000,0.25,-0.017569692580396,-0.0172354760315954,0.0143496741583113,-0.0435811621498253,0.0535403962692277,0.879,0.493,-0.00984
322,"A_threshold",1600,0.4,-0.0105510551055105,-0.0100250858646867,0.0239211066178499,-0.0573152866413129,0.100760198729011,0.704375,0.391875,-0.01015
322,"A_threshold",2200,0.55,-0.00107110624778919,-0.000845776168738015,0.0337748734479545,-0.0850214958329567,0.164750662761342,0.543636363636364,0.305909090909091,-0.00998181818181818
322,"A_threshold",2800,0.7,-0.00670865614616585,-0.00620577679712146,0.0354399983426197,-0.082853176136052,0.183474029346441,0.623571428571429,0.395,-0.0099
322,"A_threshold",3400,0.85,-0.00859724373320932,-0.00811382627481687,0.0344498416495515,-0.078150877032462,0.209538241875363,0.650294117647059,0.417941176470588,-0.00974117647058824
322,"A_threshold",4000,1,-0.00720411526584426,-0.00691759786009095,0.0348953235814889,-0.0897889701148641,0.193263967894378,0.62525,0.39475,-0.00982
322,"B_smooth_logistic",1000,0.25,-0.0394246307940927,-0.0395711788612631,0.0255113020213356,-0.0870017939700619,0.00340697511743492,0.962,0.714,-0.0374461899228676
322,"B_smooth_logistic",1600,0.4,-0.048567263386349,-0.048737839086036,0.0105368697528971,-0.068184724369602,-0.0312173165042902,1,1,-0.0372143660281645
322,"B_smooth_logistic",2200,0.55,-0.0326075817131749,-0.0326912024727588,0.000173671224878173,-0.032881979427044,-0.0321981448112637,1,1,-0.037370817846423
322,"B_smooth_logistic",2800,0.7,-0.0328972510027036,-0.0330002054007784,0.00631615986996724,-0.0430185441873268,-0.0210968612246603,1,1,-0.0374734571837398
322,"B_smooth_logistic",3400,0.85,-0.0312153931339978,-0.0312397095444633,0.00965577866675042,-0.0468244361228322,-0.013461288555217,1,0.832352941176471,-0.0375516606007823
322,"B_smooth_logistic",4000,1,-0.0348933263594351,-0.034869425536071,0.0120697292049143,-0.0545689915451001,-0.0126799089814514,1,0.85225,-0.0375397651074868
323,"A_threshold",1000,0.25,-0.00726586006017541,-0.00677080503477987,0.0432571986960098,-0.172151866135635,0.117942243370114,0.539,0.37,-0.00952
323,"A_threshold",1600,0.4,0.00424068463462766,0.00365417356605677,0.045057214156094,-0.124233703978356,0.213668338202405,0.5025,0.319375,-0.00965
323,"A_threshold",2200,0.55,-0.000697541414455299,-0.000972066528271914,0.0438730274019133,-0.134597910550467,0.191728561962822,0.527727272727273,0.349090909090909,-0.00945454545454546
323,"A_threshold",2800,0.7,-0.00358714648365246,-0.00436906741009503,0.0405656107954539,-0.119031687827484,0.203442065282552,0.580357142857143,0.376071428571429,-0.0094
323,"A_threshold",3400,0.85,0.00240990205360751,0.00169808757432898,0.0289319179428624,-0.0731974530606235,0.152922836790656,0.523235294117647,0.233529411764706,-0.00958823529411765
323,"A_threshold",4000,1,-0.00626201457011559,-0.00661790981223471,0.0260015010176963,-0.0760716193706523,0.126292691097249,0.63775,0.33075,-0.00971
323,"B_smooth_logistic",1000,0.25,-0.0241739241803279,-0.0241347574648621,0.01182391742377,-0.0453518142475384,-0.00422825514807078,1,0.589,-0.0371491379173256
323,"B_smooth_logistic",1600,0.4,-0.0250725653087779,-0.025120467680627,0.0304041572683403,-0.0770456852294523,0.028816546227935,0.74375,0.561875,-0.0374725428567665
323,"B_smooth_logistic",2200,0.55,-0.0302055614936129,-0.0301974905603923,0.0201729681705024,-0.0634084886269095,0.0062454821603201,0.919090909090909,0.652727272727273,-0.0374357055923705
323,"B_smooth_logistic",2800,0.7,-0.0376502089864159,-0.0377254046699829,0.0155985991779077,-0.0631606469791744,-0.00941995027254244,1,0.820714285714286,-0.0372527927083386
323,"B_smooth_logistic",3400,0.85,-0.0304297454083391,-0.0304826332972183,0.00920824136785573,-0.0453393351226386,-0.0135107589964727,1,0.822647058823529,-0.037204065808445
323,"B_smooth_logistic",4000,1,-0.0298598793521536,-0.0299164781013587,0.0136045349300758,-0.0526224842252944,-0.00545799432997912,1,0.71425,-0.0370357815362159
324,"A_threshold",1000,0.25,0.00580058005800581,0.00580758583110841,0.00823391859227868,-0.0154529715631975,0.0387289070066857,0.251,0,-0.01012
324,"A_threshold",1600,0.4,-0.0299933591155905,-0.0299572594908775,0.0237748619697146,-0.104431006617616,0.0677305223926481,0.898125,0.67625,-0.0106
324,"A_threshold",2200,0.55,-0.0265660796519566,-0.0266815599180529,0.0265193745076078,-0.118748203948345,0.0711929139126459,0.85,0.596818181818182,-0.0105454545454545
324,"A_threshold",2800,0.7,-0.0221584458985446,-0.0221055241233893,0.0224986516594039,-0.0931798363332838,0.0709609853004377,0.845,0.5475,-0.0103
324,"A_threshold",3400,0.85,-0.0205578047683311,-0.0206027034961002,0.0220427657000974,-0.102635371908064,0.0568946494694676,0.828235294117647,0.500882352941176,-0.0101882352941176
324,"A_threshold",4000,1,-0.0224529292011083,-0.0224859875556994,0.0239439057845577,-0.107651080882681,0.0685425926728924,0.831,0.539,-0.0101
324,"B_smooth_logistic",1000,0.25,-0.0357785489364437,-0.0357707506537666,0.00462447196427151,-0.0437362345738819,-0.0278339299866573,1,1,-0.0374472172504528
324,"B_smooth_logistic",1600,0.4,-0.0300523719331557,-0.0298619636448705,0.0154809951257916,-0.0572983692524265,-0.00404646425015227,1,0.675,-0.037366333611013
324,"B_smooth_logistic",2200,0.55,-0.0288578811369509,-0.0288865277376343,0.0115988816885136,-0.0481606497595596,-0.00804413672411829,1,0.725909090909091,-0.0372830470084921
324,"B_smooth_logistic",2800,0.7,-0.0277578368030629,-0.0277439564807038,0.0186649042700707,-0.0596210221056922,0.00509609295629784,0.924285714285714,0.619642857142857,-0.0372874701401652
324,"B_smooth_logistic",3400,0.85,-0.0306940371456501,-0.0307025357445809,0.00967018286106273,-0.04636156602408,-0.0128854719679404,1,0.818235294117647,-0.0373949068793522
324,"B_smooth_logistic",4000,1,-0.0330814567591047,-0.0330504651765097,0.0154380633628907,-0.0596594384647526,-0.00618541070586469,1,0.74525,-0.0374138173784211
325,"A_threshold",1000,0.25,-0.00118721021642522,-0.00122196731854946,0.0105804310267537,-0.0424933559539283,0.0307438440207092,0.531,0.041,-0.01044
325,"A_threshold",1600,0.4,-0.0104829282719834,-0.0106157875454133,0.0116231230501636,-0.0714921861740216,0.0221746013111655,0.82,0.19875,-0.010275
325,"A_threshold",2200,0.55,-0.0138078766644236,-0.0138234045631939,0.0024669470326202,-0.0205611311090106,-0.000615659972798416,1,0.000909090909090909,-0.0104
325,"A_threshold",2800,0.7,-0.0220738262745949,-0.0220284688834353,0.00135235627261482,-0.0278690798880958,-0.0175018933633644,1,0.936785714285714,-0.0101714285714286
325,"A_threshold",3400,0.85,-0.0127759481913751,-0.0127490585582698,0.00374691688669989,-0.0305501684183724,-0.00121463139909515,1,0.0317647058823529,-0.0101529411764706
325,"A_threshold",4000,1,-0.01530523821778,-0.015461877087488,0.0015825804086417,-0.0198407556770552,-0.00697263543850496,1,0,-0.00998
325,"B_smooth_logistic",1000,0.25,-0.0557120901639344,-0.0559275836773291,0.0102417351042984,-0.0746116155998561,-0.0389661363203008,1,1,-0.0371240439199784
325,"B_smooth_logistic",1600,0.4,-0.0495401716775763,-0.0494463772753108,0.0205109054680647,-0.0856889636770863,-0.0141053849143439,1,0.916875,-0.0371140107304784
325,"B_smooth_logistic",2200,0.55,-0.0376904763283003,-0.037626528137675,0.0157301177029669,-0.0656463825826513,-0.0108375374893216,1,0.83,-0.0374108972300457
325,"B_smooth_logistic",2800,0.7,-0.0323945099239757,-0.0323609936822558,0.0117021796942956,-0.0533363340709436,-0.0129022080312126,1,0.810357142857143,-0.037339525896263
325,"B_smooth_logistic",3400,0.85,-0.0359775210994883,-0.0359418904069901,0.0155926838726629,-0.0633861928033649,-0.0092834156380851,1,0.8,-0.0372829594769998
325,"B_smooth_logistic",4000,1,-0.039,-0.038949926319644,0.016319421150097,-0.0684823174840077,-0.0116292198640799,1,0.8465,-0.03719381919633
326,"A_threshold",1000,0.25,-0.0198955981489488,-0.0177847345491833,0.0134825843527562,-0.0440007849959408,0.0424501197775487,0.904,0.492,-0.00992
326,"A_threshold",1600,0.4,-0.011674831540815,-0.00912227397067343,0.0179544808401267,-0.0357775061325228,0.101039569990076,0.75375,0.303125,-0.0101
326,"A_threshold",2200,0.55,-0.00693590404781741,-0.00498543519084461,0.0115330154611565,-0.0265959013504742,0.0578715360362589,0.715454545454545,0.0486363636363636,-0.00992727272727273
326,"A_threshold",2800,0.7,-0.00745882109188853,-0.00574258399610989,0.016266472451817,-0.0373298481180867,0.0859823336958391,0.689642857142857,0.19,-0.0100142857142857
326,"A_threshold",3400,0.85,-0.00231780425246834,-0.0011193804926981,0.0181765776555175,-0.0405807245695896,0.0971146919438804,0.570882352941177,0.130588235294118,-0.00990588235294118
326,"A_threshold",4000,1,-0.00526618958282499,-0.00408195492843919,0.0188751177620922,-0.0483566524531141,0.0925405932931614,0.632,0.20475,-0.00972
326,"B_smooth_logistic",1000,0.25,-0.0197708470019683,-0.0197080340756526,0.0258567973267871,-0.0619650453541073,0.025074674680021,0.724,0.5,-0.0374543920990182
326,"B_smooth_logistic",1600,0.4,-0.0255144212965495,-0.0255045071238592,0.0346450392868583,-0.0831347798024669,0.034651231333805,0.713125,0.5425,-0.0373640003775279
326,"B_smooth_logistic",2200,0.55,-0.0263636363636364,-0.0264231263313536,0.0334015633060772,-0.0806761347472736,0.0328669290947557,0.731818181818182,0.560454545454545,-0.0373579391809517
326,"B_smooth_logistic",2800,0.7,-0.0307597486484446,-0.0308007287176265,0.0301441892334438,-0.0800768649558899,0.0225968645657684,0.786071428571429,0.613214285714286,-0.0373702745802484
326,"B_smooth_logistic",3400,0.85,-0.032451568322342,-0.0324625173068812,0.024547363340798,-0.0732093663889447,0.0107760152321313,0.876176470588235,0.654117647058824,-0.0373426925177705
326,"B_smooth_logistic",4000,1,-0.0291610291610292,-0.0292616564146106,0.018653654776629,-0.0596018368517337,0.00425172967170523,0.94025,0.6545,-0.0371313509396925
327,"A_threshold",1000,0.25,0.00443654302005254,0.00454899953669577,0.00726717362994008,-0.0217794481723989,0.0253487545059208,0.267,0.001,-0.00996
327,"A_threshold",1600,0.4,-0.0125009574636047,-0.0126259666844458,0.00394716163150381,-0.0262599055759878,-0.00121706819375617,1,0.041875,-0.010125
327,"A_threshold",2200,0.55,-0.0145650928729237,-0.0148474110532571,0.00316113162313113,-0.0231158030189207,-0.00206693710933906,1,0.0318181818181818,-0.0102
327,"A_threshold",2800,0.7,-0.0219818126244125,-0.0220857998734783,0.0077845213133965,-0.0442342384165083,0.00779456423130986,0.996428571428571,0.624642857142857,-0.0103428571428571
327,"A_threshold",3400,0.85,-0.0151681286549708,-0.0153774903082423,0.0100496165916435,-0.0423100717953557,0.0250191976714319,0.924411764705882,0.342058823529412,-0.0102117647058824
327,"A_threshold",4000,1,-0.0153572810004123,-0.0155971635283613,0.00545053350237125,-0.0307523395787485,0.00534568311675189,0.996,0.213,-0.01024
327,"B_smooth_logistic",1000,0.25,-0.0256825682568257,-0.0256044291899382,0.0143057556588669,-0.0524100141244852,-0.00306710889183394,1,0.593,-0.0374616067170286
327,"B_smooth_logistic",1600,0.4,-0.0193830850746339,-0.0193877432097083,0.0157916190045459,-0.0466524294782858,0.0080674089933977,0.859375,0.481875,-0.0371774784688511
327,"B_smooth_logistic",2200,0.55,-0.0284295536396377,-0.0284274146370562,0.0189778629854909,-0.0614496363429259,0.00397647844882351,0.936818181818182,0.622272727272727,-0.0372785974143769
327,"B_smooth_logistic",2800,0.7,-0.0305139011401875,-0.0305086777274825,0.00841747842790588,-0.0450450900058954,-0.0161206272217653,1,0.863571428571429,-0.0372020583631905
327,"B_smooth_logistic",3400,0.85,-0.0293954781298972,-0.0293754107960239,0.00919174531298347,-0.0454341827538249,-0.0137603440901104,1,0.789411764705882,-0.0373705566264112
327,"B_smooth_logistic",4000,1,-0.0301671206684827,-0.0301462147653335,0.0123388573048812,-0.0514225143646441,-0.00903467814096424,1,0.73325,-0.0373964362879083
328,"A_threshold",1000,0.25,-0.0117647058823529,-0.012691072148332,0.0222987509695695,-0.104847847749966,0.027689601120972,0.687,0.32,-0.01044
328,"A_threshold",1600,0.4,-0.0163931864353805,-0.0165389880614926,0.00833627465681052,-0.0460229530658129,0.00305262859661123,0.99,0.318125,-0.010675
328,"A_threshold",2200,0.55,-0.0247375816183156,-0.0247773057613777,0.0139117814105998,-0.0806082745280788,0.00585107308118481,0.984545454545455,0.611363636363636,-0.0100545454545455
328,"A_threshold",2800,0.7,-0.0213578052443746,-0.0211595503046989,0.00428948878654207,-0.0372633525467451,-0.0107156833348562,1,0.582857142857143,-0.0101428571428571
328,"A_threshold",3400,0.85,-0.0171368288144604,-0.0167189756245644,0.000657468513606519,-0.0171553960450645,-0.0117513826670947,1,0,-0.0101882352941176
328,"A_threshold",4000,1,-0.0173286144710886,-0.017235574035357,0.00413292626870054,-0.024245402757185,0.00992339807256765,0.99775,0.2795,-0.0102
328,"B_smooth_logistic",1000,0.25,-0.0210884353741497,-0.0212629645469276,0.0113396651091772,-0.0402346598190996,-0.00137440814473526,1,0.543,-0.0370284196954125
328,"B_smooth_logistic",1600,0.4,-0.00800281348911726,-0.00879094263420388,0.00751207830634064,-0.0203920097707397,0.00523967154828037,0.82625,0.020625,-0.0371595807571034
328,"B_smooth_logistic",2200,0.55,-0.0286407088978348,-0.0291304166919396,0.00594256109868287,-0.0381757525741788,-0.0176847913493523,1,0.911363636363636,-0.0373343556107787
328,"B_smooth_logistic",2800,0.7,-0.0315540977316825,-0.0316799817199777,0.0156849839733321,-0.0572622415756933,-0.00325503539848998,1,0.720357142857143,-0.0372699370600838
328,"B_smooth_logistic",3400,0.85,-0.0333842721016118,-0.0334107219347144,0.0175513701278657,-0.0631124630404191,-0.00238011690500881,1,0.723823529411765,-0.0371488210157409
328,"B_smooth_logistic",4000,1,-0.0311904990479848,-0.0311408661424154,0.0193737524618738,-0.064762908571325,0.00245847946804938,0.9635,0.668,-0.0373257474850454
329,"A_threshold",1000,0.25,0.00868681045940016,0.00824667135796262,0.0182036583892742,-0.0299984382221403,0.0793772550377884,0.374,0.02,-0.01044
329,"A_threshold",1600,0.4,0.00375150060024008,0.00350626969192452,0.0182092412790911,-0.0330728590563642,0.0808227406519419,0.47375,0.061875,-0.010075
329,"A_threshold",2200,0.55,0.00730820105820106,0.00630814374218412,0.00947116038609825,-0.0126035564752935,0.0469469125827758,0.275909090909091,0,-0.00987272727272727
329,"A_threshold",2800,0.7,0.0103054813575201,0.00981996871770181,0.0106411946552341,-0.0158402450960815,0.0612223649346529,0.174285714285714,0,-0.00987142857142857
329,"A_threshold",3400,0.85,0.0028323626532753,0.00239262064989518,0.0103315825577389,-0.0232820793973557,0.051508136161736,0.450294117647059,0.00235294117647059,-0.00984705882352941
329,"A_threshold",4000,1,0.00198987753599336,0.00174204339722711,0.012538291372334,-0.0317506524403339,0.0586324363239231,0.47625,0.0215,-0.00975
329,"B_smooth_logistic",1000,0.25,-0.0485352726572189,-0.0488671088687774,0.00612725351014616,-0.0602805933534122,-0.0392733465432739,1,1,-0.0379934034537511
329,"B_smooth_logistic",1600,0.4,-0.0433824391387597,-0.0436057661557383,0.00210894369422235,-0.0467367652738791,-0.0394665826944384,1,1,-0.0381205667653324
329,"B_smooth_logistic",2200,0.55,-0.0362959785292326,-0.036313110229233,0.0167063894636031,-0.0630961218870207,-0.00524958139475454,1,0.783636363636364,-0.0379389926604392
329,"B_smooth_logistic",2800,0.7,-0.0372551210485311,-0.0372927026563609,0.017748215572311,-0.068337955149102,-0.00696423036138243,1,0.781428571428571,-0.037707887301
329,"B_smooth_logistic",3400,0.85,-0.0322000210385282,-0.0322091261014304,0.0215931913510242,-0.0693952020042901,0.00564927732904788,0.926176470588235,0.662941176470588,-0.0376687387659004
329,"B_smooth_logistic",4000,1,-0.0276619833255989,-0.0276789216203815,0.0144057997638094,-0.0529665684587028,-0.00295016998809135,1,0.647,-0.0376461245409466
330,"A_threshold",1000,0.25,-0.000520074890784261,-0.000588724770664903,0.0267890555850995,-0.067610529492388,0.116073992995044,0.529,0.245,-0.00908
330,"A_threshold",1600,0.4,-0.000278140645411304,-0.000172612590254116,0.032575906494203,-0.0999128700592957,0.151873527893719,0.53125,0.286875,-0.0099
330,"A_threshold",2200,0.55,-0.00997603107694851,-0.0100584719715399,0.0261321784552205,-0.0994090717044341,0.108286056993753,0.668636363636364,0.375454545454545,-0.01
330,"A_threshold",2800,0.7,-0.0140107786209222,-0.0141662028837979,0.0206874285166502,-0.0819086977429599,0.0825767986615568,0.767142857142857,0.405357142857143,-0.01
330,"A_threshold",3400,0.85,-0.0121058218491793,-0.0122965070118047,0.0111007626279574,-0.0494843314000154,0.0383672946962341,0.866176470588235,0.259411764705882,-0.0101764705882353
330,"A_threshold",4000,1,-0.00928725226743365,-0.00947149594277827,0.0115914824920269,-0.0450778783223706,0.0464664486043768,0.804,0.179,-0.01014
330,"B_smooth_logistic",1000,0.25,-0.0320204841340124,-0.0324520672612024,0.00511297814516663,-0.0396940794369175,-0.0222362645655056,1,1,-0.0366603716209852
330,"B_smooth_logistic",1600,0.4,-0.0368182528520081,-0.0371070627761661,0.00313111652282574,-0.0427057142804874,-0.0318744507274636,1,1,-0.0371249947750448
330,"B_smooth_logistic",2200,0.55,-0.048258152602874,-0.0481505635397207,0.0081469125581628,-0.0628271610213928,-0.0343843484956144,1,1,-0.037117175652255
330,"B_smooth_logistic",2800,0.7,-0.0461718054841264,-0.0459957267106787,0.0136957534720372,-0.0712746741432411,-0.023612107118063,1,1,-0.0369919703120244
330,"B_smooth_logistic",3400,0.85,-0.046957543570808,-0.0468781291415411,0.0107827736687481,-0.0665737735527884,-0.0290663470349566,1,1,-0.0369852568897122
330,"B_smooth_logistic",4000,1,-0.0422538556405767,-0.0421056644950822,0.00674366041380815,-0.0544793117280608,-0.0310000766656715,1,1,-0.0369710969546733
331,"A_threshold",1000,0.25,-0.028503182160663,-0.0285404889839716,0.0302894896506958,-0.115999649273365,0.0812705750964857,0.826,0.63,-0.0094
331,"A_threshold",1600,0.4,-0.017994327143101,-0.018215056377013,0.030018096853372,-0.0861297694648808,0.11135976959045,0.75875,0.528125,-0.00985
331,"A_threshold",2200,0.55,-0.0133747412008282,-0.0136076044506776,0.0262575240194586,-0.0724670551498962,0.100517432397895,0.733636363636364,0.457272727272727,-0.00992727272727273
331,"A_threshold",2800,0.7,-0.0206437773720298,-0.0209848198541778,0.0165174679105297,-0.054665118540057,0.0536001616406859,0.897857142857143,0.583928571428571,-0.00965714285714286
331,"A_threshold",3400,0.85,-0.0185931862394626,-0.018837597737983,0.0236372044041225,-0.0734300701985098,0.0857605038945737,0.811470588235294,0.534705882352941,-0.00975294117647059
331,"A_threshold",4000,1,-0.0219731161646342,-0.022302256011849,0.0200764005210283,-0.0696453830649121,0.0648526540068852,0.872,0.5965,-0.00995
331,"B_smooth_logistic",1000,0.25,-0.0296538121471809,-0.0294449295328334,0.0340312985302867,-0.0917732290103559,0.0266312992260157,0.745,0.56,-0.0367415603872261
331,"B_smooth_logistic",1600,0.4,-0.0370877317983237,-0.0369854524475419,0.0220087667923031,-0.0797101600568556,-0.00346912490262876,1,0.70875,-0.0369824484794287
331,"B_smooth_logistic",2200,0.55,-0.039065625092978,-0.0388798805456066,0.0118186231093144,-0.0612447973562546,-0.0202197494235016,1,1,-0.0369257812599201
331,"B_smooth_logistic",2800,0.7,-0.0346373727779363,-0.034628990032681,0.00809490390349423,-0.048967072829575,-0.0208446736865691,1,1,-0.0368818263999281
331,"B_smooth_logistic",3400,0.85,-0.0360252426007843,-0.0360600529634053,0.00692960592554717,-0.0479927541196456,-0.0239464709522803,1,1,-0.0367121952026879
331,"B_smooth_logistic",4000,1,-0.0338525403916671,-0.0338799146377096,0.00604001143855311,-0.044228504008106,-0.0232573287877959,1,1,-0.0367496517332503
332,"A_threshold",1000,0.25,-0.0163832111093774,-0.0165069602301813,0.00227311113722213,-0.0179314039648827,0.00167085769658756,0.999,0,-0.01004
332,"A_threshold",1600,0.4,-0.00833105388613184,-0.00786055916854635,0.00277811958198488,-0.018848079617932,-0.00227786187384664,1,0,-0.00965
332,"A_threshold",2200,0.55,-0.00670250149587272,-0.00609634741090506,0.000379163407803464,-0.00642129563372083,-0.0038434809318402,1,0,-0.0096
332,"A_threshold",2800,0.7,-0.00381087177582339,-0.0035247084122366,0.00111660873996903,-0.00779755811570629,-0.00101137030980064,1,0,-0.0100285714285714
332,"A_threshold",3400,0.85,0.00161102153300725,0.0018573656547643,0.0125658595333558,-0.0234761856459205,0.0538127068879927,0.500882352941176,0.0129411764705882,-0.0100117647058824
332,"A_threshold",4000,1,0.000547513687842199,0.000613029644614796,0.0139660438193918,-0.0294444310462196,0.0730959779768661,0.534,0.0395,-0.0098
332,"B_smooth_logistic",1000,0.25,-0.042,-0.0418973323269312,0.0221541005395498,-0.0832061539378538,-0.00646068630691556,1,0.786,-0.0373136626377571
332,"B_smooth_logistic",1600,0.4,-0.0339453655396337,-0.0336578554805457,0.0188979985028043,-0.0687303455674546,-0.00269115563472296,1,0.710625,-0.0369829259758448
332,"B_smooth_logistic",2200,0.55,-0.0398529254982855,-0.0398570530569354,0.018927944464576,-0.0733989190797793,-0.00770737511462798,1,0.796818181818182,-0.0372564988236724
332,"B_smooth_logistic",2800,0.7,-0.0514364320643966,-0.0513934995475973,0.0143297297540448,-0.0766480752397072,-0.0270403084895951,1,1,-0.0372908034525028
332,"B_smooth_logistic",3400,0.85,-0.0470588235294118,-0.0470425755339701,0.0135977453143743,-0.0708410473683782,-0.0239726819860871,1,1,-0.0373778583298817
332,"B_smooth_logistic",4000,1,-0.0482142263380834,-0.0482212915069216,0.00660622658102138,-0.0593519056894791,-0.0366879622465872,1,1,-0.0373846110935048
333,"A_threshold",1000,0.25,-0.0352225939269171,-0.0352236776905837,0.00153824703464703,-0.0392915713494299,-0.0297384669815333,1,1,-0.01004
333,"A_threshold",1600,0.4,-0.037735377033237,-0.0378310604434989,0.00857751708156368,-0.0656467816880773,-0.00540527292129177,1,0.976875,-0.0099
333,"A_threshold",2200,0.55,-0.0250565558480731,-0.0250573104179015,0.00952617085605858,-0.059422020582686,0.00685335616752827,0.997272727272727,0.702727272727273,-0.00998181818181818
333,"A_threshold",2800,0.7,-0.022933731518163,-0.0229630327688742,0.00103049196427163,-0.0260900724644177,-0.0189256333023409,1,0.995357142857143,-0.00995714285714286
333,"A_threshold",3400,0.85,-0.0165119740112185,-0.0165523894049928,0.00548558153806488,-0.0341779256870135,0.00425361636392355,0.998235294117647,0.268529411764706,-0.00989411764705882
333,"A_threshold",4000,1,-0.0110377169082891,-0.0110636546589589,0.00343725455505332,-0.0216475554751973,0.00409576323829826,0.99825,0.001,-0.00973
333,"B_smooth_logistic",1000,0.25,-0.0321051704536357,-0.0335462135258148,0.00630029006296143,-0.0399535393906889,-0.017562262976827,1,0.962,-0.0366247843994496
333,"B_smooth_logistic",1600,0.4,-0.0390700905408513,-0.0411977599309152,0.0141477589178075,-0.0690598940665826,-0.0200995191817201,1,1,-0.0373176482463375
333,"B_smooth_logistic",2200,0.55,-0.0361524289603117,-0.0377263095774289,0.0222227080922121,-0.0804988836751773,-0.00405175163506021,1,0.717272727272727,-0.0372731827938303
333,"B_smooth_logistic",2800,0.7,-0.042088590154699,-0.0437049272874846,0.0260076284557326,-0.0935311038479072,-0.00430042910630643,1,0.756071428571429,-0.0372524594222677
333,"B_smooth_logistic",3400,0.85,-0.0396990855680865,-0.0408825350615977,0.0289719567161659,-0.0949611044876902,0.0043596918887244,0.940588235294118,0.696176470588235,-0.0373728894404568
333,"B_smooth_logistic",4000,1,-0.0418190491334075,-0.0426719170590669,0.0263247439533352,-0.0903610308737985,-0.000397742203749565,1,0.742,-0.037446123075681
334,"A_threshold",1000,0.25,-0.0154550291857204,-0.0152164413486025,0.0327569449948944,-0.131602052851373,0.0960547780844728,0.672,0.444,-0.01092
334,"A_threshold",1600,0.4,-0.0164244413189561,-0.0162712801313965,0.0181318211698894,-0.0782272714104002,0.0458676024189806,0.81125,0.4275,-0.01005
334,"A_threshold",2200,0.55,-0.0119266055045872,-0.0120374804085689,0.00546272629504193,-0.0273690072424588,0.0110919889247886,0.979545454545454,0.0636363636363636,-0.0100909090909091
334,"A_threshold",2800,0.7,-0.0107961166633673,-0.0108355146791711,0.00057149003619409,-0.0125132292452071,-0.00854209146891428,1,0,-0.0100285714285714
334,"A_threshold",3400,0.85,-0.00740396234485106,-0.00741726385706238,0.00182934144340574,-0.0144597900122693,-0.00152113307384841,1,0,-0.00996470588235294
334,"A_threshold",4000,1,-0.00750947716168414,-0.00752500164538099,0.00241563935005861,-0.0155820187901962,0.00207874184938693,0.99825,0,-0.00979
334,"B_smooth_logistic",1000,0.25,-0.041304660874574,-0.0412538911574542,0.0016005382595262,-0.0441536476710831,-0.0385688757465374,1,1,-0.0367593998908208
334,"B_smooth_logistic",1600,0.4,-0.0429421768707483,-0.0425939754262537,0.00865992724664984,-0.0589126493556459,-0.0285284786823647,1,1,-0.0372409606637354
334,"B_smooth_logistic",2200,0.55,-0.0388560236100634,-0.0388241929597798,0.0130609318448047,-0.0634212413315396,-0.0177165200846371,1,0.932727272727273,-0.0372930113906715
334,"B_smooth_logistic",2800,0.7,-0.0360802507107265,-0.0359985251095873,0.0176379136487342,-0.069018792905229,-0.00741517366704188,1,0.761428571428571,-0.0371772371908496
334,"B_smooth_logistic",3400,0.85,-0.0383992525692931,-0.0380966583800678,0.0162024472158771,-0.0685574816486147,-0.0121461740769854,1,0.836470588235294,-0.0371755137343693
334,"B_smooth_logistic",4000,1,-0.039,-0.0389056677279989,0.0123834588355493,-0.0611573776077035,-0.018027311658655,1,0.95175,-0.0373713561001541
335,"A_threshold",1000,0.25,-0.00338448736618073,-0.00356898518758258,0.0483598449024871,-0.167338411411249,0.148548528714512,0.528,0.366,-0.01
335,"A_threshold",1600,0.4,0.00503925934606819,0.00513774135499907,0.0410375682829407,-0.11135818294922,0.160139329170064,0.47,0.290625,-0.010125
335,"A_threshold",2200,0.55,-0.00148469507537555,-0.00136551894197937,0.0269868900588937,-0.0795741183684837,0.0922882050190788,0.535,0.264090909090909,-0.0103636363636364
335,"A_threshold",2800,0.7,-0.00523255843627554,-0.00515242517782294,0.0290377964288849,-0.102144489172958,0.0962845516591334,0.577857142857143,0.315357142857143,-0.0103
335,"A_threshold",3400,0.85,-0.00152998828970502,-0.0012228270390862,0.0264869560457721,-0.0777360338708994,0.101168950763961,0.545588235294118,0.257352941176471,-0.0102470588235294
335,"A_threshold",4000,1,-0.0021772860002461,-0.00198557183788384,0.0287621214644898,-0.090072952709109,0.107870837052947,0.54925,0.28375,-0.01028
335,"B_smooth_logistic",1000,0.25,-0.0436192573315985,-0.0431154400381521,0.0359596310987043,-0.115366452677833,0.0104674786810588,0.879,0.661,-0.0365887916262941
335,"B_smooth_logistic",1600,0.4,-0.0241747384613461,-0.0242888165109734,0.029488951729877,-0.0787187848279578,0.0235441846109106,0.733125,0.524375,-0.0369455460061563
335,"B_smooth_logistic",2200,0.55,-0.027602432386854,-0.0276422263060935,0.0182821047362538,-0.0607543961389348,0.00322932698588342,0.946363636363636,0.610909090909091,-0.0369843786324258
335,"B_smooth_logistic",2800,0.7,-0.0367475562943948,-0.036914343513165,0.0188873305628037,-0.0714580835935585,-0.00495141538766078,1,0.760357142857143,-0.0371434854254029
335,"B_smooth_logistic",3400,0.85,-0.0408798469289763,-0.0411215090350695,0.0223110736852393,-0.0819227380314078,-0.00390563606030274,1,0.771176470588235,-0.0371370799074658
335,"B_smooth_logistic",4000,1,-0.0332886376727642,-0.0335903066801354,0.0195404523512485,-0.0691594027262276,-0.000835606273388412,1,0.69425,-0.0373292891787316
336,"A_threshold",1000,0.25,-0.00774077407740774,-0.00760936405533263,0.00340487219042632,-0.0171408519264122,0.0066749664938965,0.983,0,-0.01008
336,"A_threshold",1600,0.4,-0.0112099318777456,-0.0112165043898256,0.00281543872513026,-0.0195660654973635,-7.12173203824412e-05,1,0,-0.009475
336,"A_threshold",2200,0.55,-0.00684523809523808,-0.00675436923808684,0.00720578777921767,-0.0385049390440324,0.0135688369320227,0.821818181818182,0.0336363636363636,-0.00938181818181818
336,"A_threshold",2800,0.7,-0.00502625131970989,-0.00485695145104512,0.00146604508247112,-0.00891208973084137,0.00195148612978539,0.999285714285714,0,-0.00955714285714286
336,"A_threshold",3400,0.85,-0.0111131152416202,-0.0110022255092855,0.0044281121385769,-0.024364591701783,0.00847490479146373,0.989705882352941,0.0152941176470588,-0.00950588235294118
336,"A_threshold",4000,1,-0.0114621378317573,-0.0114449233401047,0.00267828478794761,-0.0200416451491305,-0.000344991764628252,1,0.00025,-0.00946
336,"B_smooth_logistic",1000,0.25,-0.0229198767334361,-0.023022119141687,0.0258392097907295,-0.0724769452775136,0.0190550797481638,0.754,0.526,-0.0373774822074019
336,"B_smooth_logistic",1600,0.4,-0.0265362517270914,-0.0267491797302085,0.0198848296744496,-0.0636177822261467,0.00632839120922594,0.89875,0.594375,-0.0371306591553396
336,"B_smooth_logistic",2200,0.55,-0.0291830868548385,-0.0295462582092313,0.0226344537771164,-0.073739037126141,0.00550696342896234,0.901818181818182,0.600909090909091,-0.0371152654425798
336,"B_smooth_logistic",2800,0.7,-0.0292245960927742,-0.0295998555660258,0.0293780633477458,-0.0880312200648321,0.0144977923020047,0.796428571428571,0.561071428571429,-0.0371026818710452
336,"B_smooth_logistic",3400,0.85,-0.0351965519711252,-0.0352910453387218,0.0267215629128775,-0.0848809844552075,0.00800668949455449,0.896176470588235,0.662352941176471,-0.0371740273433871
336,"B_smooth_logistic",4000,1,-0.0353142601126472,-0.035341402708101,0.0277766927099622,-0.0854347864235681,0.0112515595820195,0.87425,0.66,-0.0372602979019013
337,"A_threshold",1000,0.25,-0.0282045531008187,-0.0270998202505306,0.0239885120333563,-0.0565364235828929,0.144706999683146,0.881,0.703,-0.00964
337,"A_threshold",1600,0.4,-0.0220313876961731,-0.0212960258213424,0.0219824483508536,-0.0703313292099739,0.087463660042453,0.84125,0.57625,-0.009775
337,"A_threshold",2200,0.55,-0.0270284565746324,-0.0261417758713071,0.00534997780998619,-0.0363537827642531,0.00109624685258439,0.999545454545455,0.872727272727273,-0.0100909090909091
337,"A_threshold",2800,0.7,-0.0267927115987461,-0.0263817271579785,0.00819166655142814,-0.046329297094168,0.00831033651205629,0.994642857142857,0.797857142857143,-0.0101857142857143
337,"A_threshold",3400,0.85,-0.0252569293055123,-0.0248846155731468,0.0125658338802358,-0.0533296572028074,0.031485139911589,0.958235294117647,0.686470588235294,-0.0102
337,"A_threshold",4000,1,-0.0174042543510636,-0.0171977717241709,0.0136752264947474,-0.0473336029250601,0.0504324599987758,0.88825,0.46725,-0.01028
337,"B_smooth_logistic",1000,0.25,-0.0493367893886302,-0.0495274927273297,0.0131107491326026,-0.0736156128262004,-0.0294695007047444,1,1,-0.0373848678204634
337,"B_smooth_logistic",1600,0.4,-0.0526310854985593,-0.0530874161006507,0.00402139170269837,-0.0601881147249934,-0.0464058108156059,1,1,-0.0371767759641132
337,"B_smooth_logistic",2200,0.55,-0.033018536504722,-0.033080428696015,0.00103420066769469,-0.03485617584515,-0.0313063431555207,1,1,-0.0371291440769431
337,"B_smooth_logistic",2800,0.7,-0.0355928753024874,-0.0355958511237777,0.00223707155550342,-0.0394486626910279,-0.0317881176330278,1,1,-0.037244983506187
337,"B_smooth_logistic",3400,0.85,-0.04404931862427,-0.044043984966091,0.00679948422350153,-0.0558271704784361,-0.0326642920155574,1,1,-0.0370984798271702
337,"B_smooth_logistic",4000,1,-0.0402583152308834,-0.0402780168908161,0.00526512576981895,-0.0494385254483862,-0.0314366926940277,1,1,-0.0370774115788061
338,"A_threshold",1000,0.25,-0.0207043312693003,-0.0203890113933432,0.0401918392212939,-0.142353955410606,0.122681993054379,0.709,0.525,-0.01024
338,"A_threshold",1600,0.4,-0.0047500074218866,-0.00444694092061528,0.0419417596844998,-0.133436273736107,0.15348203328715,0.565625,0.378125,-0.00995
338,"A_threshold",2200,0.55,-0.00363636363636363,-0.0036218752545017,0.0286546595198885,-0.0936518560244905,0.120053536320607,0.566818181818182,0.293636363636364,-0.0100727272727273
338,"A_threshold",2800,0.7,-0.0027786862620343,-0.0027794226669443,0.030693146927746,-0.0972080619897622,0.131750716615826,0.557142857142857,0.297142857142857,-0.0102
338,"A_threshold",3400,0.85,-0.00315325650212081,-0.00321492399239201,0.0323054950459745,-0.108812810715457,0.132834162923285,0.552352941176471,0.307941176470588,-0.0102823529411765
338,"A_threshold",4000,1,0.000452263680976353,0.000466456902106037,0.0242195654209752,-0.0765137111030893,0.10274315570682,0.509,0.2025,-0.01033
338,"B_smooth_logistic",1000,0.25,-0.00531013852012927,-0.00538541823362431,0.0327041778377224,-0.0609328744225439,0.0545465613331309,0.564,0.381,-0.0368972663897284
338,"B_smooth_logistic",1600,0.4,-0.0220948853968572,-0.0222025020691629,0.0241078676441486,-0.0601916604588758,0.0253669138061234,0.780625,0.560625,-0.0374292626630887
338,"B_smooth_logistic",2200,0.55,-0.0275802528961664,-0.0276152848820281,0.016514185924568,-0.0555234106220031,0.00293744990968739,0.958181818181818,0.642727272727273,-0.0374251384205332
338,"B_smooth_logistic",2800,0.7,-0.0222878936306958,-0.022354657693487,0.0110028451577395,-0.0399665481654159,-0.00129315358809742,1,0.592142857142857,-0.0373934306706015
338,"B_smooth_logistic",3400,0.85,-0.023458953496545,-0.0235823840622342,0.00881384605432432,-0.0375102562186769,-0.00652954141903628,1,0.641764705882353,-0.0374313353403863
338,"B_smooth_logistic",4000,1,-0.0262104841936775,-0.0263607284304082,0.00686140732598474,-0.0373360697253867,-0.0134036837831101,1,0.7795,-0.0372897211617347
339,"A_threshold",1000,0.25,-0.0418481045081967,-0.0419789601063622,0.000683882920885016,-0.0425833724153678,-0.0361787738278463,1,1,-0.00948
339,"A_threshold",1600,0.4,-0.0177418824071419,-0.018141470452205,0.0101019672589405,-0.0409005733857186,0.0326222742998098,0.950625,0.470625,-0.009625
339,"A_threshold",2200,0.55,-0.0212359174863189,-0.0216143753934214,0.0109168541104679,-0.0521096862072723,0.0305771615359046,0.967272727272727,0.593636363636364,-0.00978181818181818
339,"A_threshold",2800,0.7,-0.0261642878398333,-0.0262936567030221,0.0101605331769485,-0.0561003219953321,0.0196131841945708,0.99,0.738571428571429,-0.00994285714285714
339,"A_threshold",3400,0.85,-0.0232762329159905,-0.023401941726688,0.00994284136803724,-0.0506195971959301,0.0443417142539407,0.982352941176471,0.661764705882353,-0.0100352941176471
339,"A_threshold",4000,1,-0.0234575012800819,-0.0235730650096913,0.0133928140072726,-0.0622286524449721,0.063845763972672,0.95375,0.63225,-0.01002
339,"B_smooth_logistic",1000,0.25,-0.00310776942355891,-0.00293493880599385,0.0101828688826215,-0.0213505859514535,0.0130739310440776,0.563,0.047,-0.0370132452818396
339,"B_smooth_logistic",1600,0.4,-0.0162796403695074,-0.0162779172105871,0.00970193268011632,-0.0331032227020018,0.000332259969623647,0.990625,0.3875,-0.0370120333654782
339,"B_smooth_logistic",2200,0.55,-0.0271335110690531,-0.0270825093824271,0.000304396642913675,-0.0275842771027972,-0.0265279561024969,1,1,-0.0371721740075899
339,"B_smooth_logistic",2800,0.7,-0.027999642633789,-0.0279391350445851,0.000444802758729949,-0.0286621262410806,-0.0271180897712599,1,1,-0.03716277167224
339,"B_smooth_logistic",3400,0.85,-0.0408016882311237,-0.040730084199586,0.00119312908732555,-0.0428209066921154,-0.0386842842007187,1,1,-0.0371483668061411
339,"B_smooth_logistic",4000,1,-0.0375884574029157,-0.0373807649446915,0.000158154160296562,-0.0375555278881718,-0.0369941227553553,1,1,-0.0372592997487901
340,"A_threshold",1000,0.25,0.0174436090225564,0.0183149704378374,0.00707537787116202,0.00161783079407651,0.0444035978471418,0,0,-0.0094
340,"A_threshold",1600,0.4,0.00242354497395862,0.00284273316724885,0.00192438966746873,-0.00234400288697188,0.0100610842377248,0.051875,0,-0.009675
340,"A_threshold",2200,0.55,0.00115171628065142,0.00127265575555699,0.002999217449891,-0.00803712463763485,0.0122766357755607,0.346363636363636,0,-0.00963636363636364
340,"A_threshold",2800,0.7,-0.00132869057594805,-0.00127988026618927,0.0022155994895098,-0.0089043359690795,0.0061805213141882,0.716428571428571,0,-0.00974285714285714
340,"A_threshold",3400,0.85,-0.000383881677213316,-0.000337209314917991,0.00175483428639478,-0.00628279552020083,0.00604789944161531,0.572647058823529,0,-0.00998823529411765
340,"A_threshold",4000,1,-0.00352714279426533,-0.00345429456153166,0.00219502815452736,-0.0107630253224275,0.00475862186578116,0.9405,0,-0.00994
340,"B_smooth_logistic",1000,0.25,-0.0455609724805953,-0.0453774786103715,0.00322455331586648,-0.0512332008515382,-0.0399626730900489,1,1,-0.0369648917174728
340,"B_smooth_logistic",1600,0.4,-0.0413706775152558,-0.0413442891293321,0.00880958089450831,-0.0572267811784679,-0.0265343455789545,1,1,-0.0368594040377731
340,"B_smooth_logistic",2200,0.55,-0.0343704772693609,-0.0344110120042467,0.0140726999093518,-0.0587392091346662,-0.0100556178835024,1,0.795454545454545,-0.0367975847151943
340,"B_smooth_logistic",2800,0.7,-0.0348844805657461,-0.0348858052542999,0.0178910604799257,-0.0655144689155747,-0.00363007386259215,1,0.741071428571429,-0.0370145104924161
340,"B_smooth_logistic",3400,0.85,-0.0337198435498944,-0.033696785200691,0.0229060661715297,-0.0739288314308883,0.00527072823676665,0.926470588235294,0.670882352941176,-0.0370117338114371
340,"B_smooth_logistic",4000,1,-0.0358817059580819,-0.0358905818839769,0.022262668190269,-0.073499591760356,0.0038030152876857,0.94925,0.7105,-0.0371198699209438
341,"A_threshold",1000,0.25,-0.0253586065573771,-0.0254277027862701,0.0361963993952389,-0.150223942406584,0.10112692812581,0.76,0.557,-0.01016
341,"A_threshold",1600,0.4,-0.0101144122560672,-0.0101518079829188,0.0405166670995423,-0.123109875132907,0.168909768795673,0.621875,0.420625,-0.01025
341,"A_threshold",2200,0.55,-0.0196892270844026,-0.0198366013976847,0.039660356990043,-0.134007666602265,0.152955462944462,0.700454545454545,0.516818181818182,-0.0101636363636364
341,"A_threshold",2800,0.7,-0.0167576948598847,-0.0170833236375439,0.0349971546896662,-0.110479156215141,0.143102937019227,0.707142857142857,0.491785714285714,-0.0101857142857143
341,"A_threshold",3400,0.85,-0.00798268398268398,-0.00815792699710798,0.0284497738173777,-0.101176664705783,0.120145419805283,0.632352941176471,0.360588235294118,-0.0101882352941176
341,"A_threshold",4000,1,-0.00612807532365477,-0.00630066520058954,0.0264280402434927,-0.0799974419940728,0.128896880538372,0.62575,0.331,-0.01024
341,"B_smooth_logistic",1000,0.25,-0.0383401533606134,-0.0382428451542279,0.0358740318855117,-0.0948421308126534,0.0274708087440448,0.81,0.646,-0.0376831439726317
341,"B_smooth_logistic",1600,0.4,-0.0405749260711093,-0.0405532317572733,0.0232578998798417,-0.0795495206761216,0.000222243249636267,0.995625,0.75,-0.0377231671137345
341,"B_smooth_logistic",2200,0.55,-0.0329147787067051,-0.0328733998834103,0.0205424769810633,-0.0681714226541528,0.0023313167486511,0.969545454545455,0.669545454545455,-0.0376505494397655
341,"B_smooth_logistic",2800,0.7,-0.044317541696941,-0.0444084604547181,0.0211521229924964,-0.0812373880429552,-0.00924261932953718,1,0.835,-0.0376644114314217
341,"B_smooth_logistic",3400,0.85,-0.0500094122336892,-0.0500213311611154,0.0180813137789287,-0.0826790033015143,-0.0207700993310826,1,1,-0.0374884170968525
341,"B_smooth_logistic",4000,1,-0.0494954454590091,-0.0494507616867631,0.0121954820791372,-0.0712404462795809,-0.0294602829447422,1,1,-0.0374372254433642
342,"A_threshold",1000,0.25,-0.0302425495759791,-0.029761014102723,0.0178342892552718,-0.0720271449484595,0.0412406799918664,0.929,0.725,-0.01016
342,"A_threshold",1600,0.4,-0.0207075944581024,-0.0205616913244161,0.00306633777426424,-0.026438447568289,-0.00574648828898655,1,0.630625,-0.010025
342,"A_threshold",2200,0.55,-0.0192328052831487,-0.0188906852541927,0.013808679226839,-0.0517915599027708,0.0415803239510518,0.906363636363636,0.516363636363636,-0.00990909090909091
342,"A_threshold",2800,0.7,-0.0174224668841477,-0.0174318551085422,0.0144043565183002,-0.0504767040644499,0.0464307437621499,0.88,0.474285714285714,-0.01
342,"A_threshold",3400,0.85,-0.0197678816300812,-0.0195206751334967,0.0128221534945854,-0.0467155840268451,0.0397068088529127,0.919117647058823,0.541470588235294,-0.0100117647058824
342,"A_threshold",4000,1,-0.0141251921344146,-0.0137248669503041,0.0141237029070989,-0.0447108359869886,0.0502394827993368,0.844,0.365,-0.0101
342,"B_smooth_logistic",1000,0.25,-0.0290258576548899,-0.0286382966645722,0.00805852482200727,-0.0441601473245719,-0.0160388913670734,1,0.814,-0.0373179531384555
342,"B_smooth_logistic",1600,0.4,-0.0354586654164713,-0.0352699761913068,0.0122185191288952,-0.0579338609042317,-0.0150392835180197,1,0.871875,-0.037206407878939
342,"B_smooth_logistic",2200,0.55,-0.0435515873015873,-0.0435762076078275,0.0127068741316337,-0.0669138513218717,-0.0221223420613673,1,1,-0.0373106789502797
342,"B_smooth_logistic",2800,0.7,-0.0425645933014354,-0.0425524472757165,0.0117186610922444,-0.0637738402116161,-0.0222906179424219,1,1,-0.0373003854816615
342,"B_smooth_logistic",3400,0.85,-0.0421313669767822,-0.0419657467972256,0.0194412934105938,-0.0774188233396038,-0.00920646332758415,1,0.835294117647059,-0.0373543400577517
342,"B_smooth_logistic",4000,1,-0.036042223655158,-0.0359320364318411,0.0203850938349559,-0.0727571496585459,-0.00132345602894808,1,0.72525,-0.0374140664677519
343,"A_threshold",1000,0.25,0.0053130413561058,0.00641073794212936,0.0117426098418406,-0.019496802331918,0.0545270350313116,0.313,0,-0.0092
343,"A_threshold",1600,0.4,0.0207970049812811,0.0207423248600905,0.0184402769084117,-0.0202402503980747,0.10292268902933,0.11,0.000625,-0.009475
343,"A_threshold",2200,0.55,0.0222578802436099,0.0223620061599507,0.0269949933825374,-0.0565777898740073,0.12373737784466,0.207727272727273,0.0472727272727273,-0.00965454545454546
343,"A_threshold",2800,0.7,0.0168023995107794,0.0169908241952842,0.024793893470204,-0.0527267094252331,0.113587882057508,0.254285714285714,0.0557142857142857,-0.00967142857142857
343,"A_threshold",3400,0.85,0.0176243816652372,0.017780481391591,0.0237535596952903,-0.05496803420597,0.110609932435206,0.233235294117647,0.0438235294117647,-0.00994117647058824
343,"A_threshold",4000,1,0.0074837201862181,0.00755286018331467,0.0167855736914398,-0.0390065612791987,0.07722574990908,0.34425,0.03125,-0.00976
343,"B_smooth_logistic",1000,0.25,-0.0568296951275675,-0.0573158529070481,0.00926132763390342,-0.0741857621745669,-0.0425829767388199,1,1,-0.0374691498935835
343,"B_smooth_logistic",1600,0.4,-0.0604756689094039,-0.0606383801814697,0.00434182596839208,-0.0679661550009385,-0.0532158411689747,1,1,-0.0370055290914403
343,"B_smooth_logistic",2200,0.55,-0.0504900210292426,-0.0507225681118609,0.00993252827720898,-0.0692349650733018,-0.0351136071069388,1,1,-0.0372250157809954
343,"B_smooth_logistic",2800,0.7,-0.044118878277188,-0.0441979317292826,0.0104544211289043,-0.0635498028510295,-0.0277985358828104,1,1,-0.0371963937015328
343,"B_smooth_logistic",3400,0.85,-0.0417425794103531,-0.041974930573899,0.00712410381925837,-0.0549913153865446,-0.0305759910432284,1,1,-0.0371663343888731
343,"B_smooth_logistic",4000,1,-0.0466665466665467,-0.0468336482395934,0.00983342711947146,-0.065029980940742,-0.0312997670706846,1,1,-0.0371783726063666
344,"A_threshold",1000,0.25,-0.0162890424987199,-0.016530550797674,0.00305292553803443,-0.0263040965331546,-0.00825579671050193,1,0.134,-0.00928
344,"A_threshold",1600,0.4,-0.0179685632181214,-0.0178324105454642,0.0117494047700332,-0.0511481184663356,0.0228050971065961,0.93125,0.428125,-0.0094
344,"A_threshold",2200,0.55,-0.0262845119140077,-0.0264200686443457,0.0138432239962435,-0.0695091984986363,0.0196913090083426,0.975909090909091,0.671818181818182,-0.00967272727272727
344,"A_threshold",2800,0.7,-0.0163648278692039,-0.0165325775193105,0.0137585176525956,-0.0633649237276096,0.0287130044013049,0.887142857142857,0.390714285714286,-0.00992857142857143
344,"A_threshold",3400,0.85,-0.00969728094083903,-0.00966421198865679,0.0128590523923919,-0.0488020646447045,0.0413956185500406,0.767647058823529,0.212941176470588,-0.00996470588235294
344,"A_threshold",4000,1,-0.0103095051657531,-0.0102661800605287,0.0128055777456715,-0.0461930260158776,0.0452497674880416,0.7865,0.232,-0.01
344,"B_smooth_logistic",1000,0.25,-0.0588990833029902,-0.0588887678227602,0.00295002405234614,-0.0637793109266168,-0.0536786273300648,1,1,-0.0381600728621469
344,"B_smooth_logistic",1600,0.4,-0.0553628460177876,-0.0552868241299054,0.0121659126477801,-0.0770622269326528,-0.0352896035004122,1,1,-0.0380296906955756
344,"B_smooth_logistic",2200,0.55,-0.0514293081518788,-0.051427319840261,0.012432533656017,-0.0736328177244631,-0.0310342406291959,1,1,-0.0375108310031915
344,"B_smooth_logistic",2800,0.7,-0.0534376856325746,-0.0535944841670705,0.0112619305583006,-0.07381755580512,-0.0348757949078102,1,1,-0.0374885162922862
344,"B_smooth_logistic",3400,0.85,-0.0504989794114116,-0.0506090646755359,0.00153053042693354,-0.0532392768728426,-0.0479436482367427,1,1,-0.037683629753953
344,"B_smooth_logistic",4000,1,-0.0520775130193782,-0.0522997326346051,0.0113637501751463,-0.072958819433386,-0.0336127849555116,1,1,-0.037668795698094
345,"A_threshold",1000,0.25,0.000320128051220489,0.000774347819229849,0.0165957951509107,-0.0842166529664324,0.0320520319410133,0.394,0.119,-0.01
345,"A_threshold",1600,0.4,0.00288132203305083,0.00249389580483071,0.00603031973479689,-0.0326623269034953,0.0124383928045403,0.27,0.00375,-0.010375
345,"A_threshold",2200,0.55,-0.00343830068600712,-0.00348447176306727,0.00133530141308768,-0.00593076915293351,0.00395279007099761,0.980909090909091,0,-0.00970909090909091
345,"A_threshold",2800,0.7,-0.00667457273549302,-0.00667628912868199,0.00499043702583245,-0.0293115491404334,0.00625116994805801,0.928214285714286,0.0114285714285714,-0.00967142857142857
345,"A_threshold",3400,0.85,-0.000600315944827706,-0.000607464098142037,0.00423480601697111,-0.0108400450088117,0.0192877056822993,0.607647058823529,0,-0.00978823529411765
345,"A_threshold",4000,1,-0.00612620073534412,-0.00580541632753478,0.00248411108618682,-0.0120135799777015,0.00569097907321109,0.979,0,-0.00966
345,"B_smooth_logistic",1000,0.25,-0.026764087678911,-0.0270481903132265,0.0219032904611441,-0.0675737367151723,0.0102115361139937,0.86,0.583,-0.037010933078248
345,"B_smooth_logistic",1600,0.4,-0.0225,-0.02224604996628,0.0198575642585976,-0.0555297898345745,0.0145762074321347,0.825,0.546875,-0.0372139680344426
345,"B_smooth_logistic",2200,0.55,-0.0137760444430119,-0.0136805883139527,0.0186999476179374,-0.046062232794583,0.0195914602290308,0.716818181818182,0.404545454545455,-0.0369975356886756
345,"B_smooth_logistic",2800,0.7,-0.0202797573857746,-0.0205513776720362,0.0214305891503067,-0.0603566204887225,0.0152763165683149,0.78,0.495714285714286,-0.0370280831058426
345,"B_smooth_logistic",3400,0.85,-0.0300614093456948,-0.0303197919918025,0.0255260908818807,-0.077289364278397,0.0124747244758064,0.854117647058824,0.608529411764706,-0.0370220850444977
345,"B_smooth_logistic",4000,1,-0.0346982017738498,-0.0347321079869851,0.0276818650948891,-0.0831871258244733,0.0142286416821268,0.86375,0.655,-0.0371719727428463
346,"A_threshold",1000,0.25,0.0527243307326295,0.0526828029727138,0.0139832657687892,0.0117571725025508,0.0950708022718432,0,0,-0.01016
346,"A_threshold",1600,0.4,0.0269911290083147,0.0269568024616045,0.00820596545008071,-6.51853934705293e-05,0.0490860723905055,0.000625,0,-0.0102
346,"A_threshold",2200,0.55,0.0147338964742946,0.0147843218824235,0.00352449668201518,0.00372717443303082,0.0266609763332035,0,0,-0.0100363636363636
346,"A_threshold",2800,0.7,0.0138572064871726,0.0140930448445436,0.000781607079851988,0.0114555475804586,0.0169189376635768,0,0,-0.0100428571428571
346,"A_threshold",3400,0.85,0.0121489208264643,0.0123901203232175,0.000637231547027937,0.0101194151021281,0.0149410432387646,0,0,-0.0100352941176471
346,"A_threshold",4000,1,0.0100565905093146,0.0101643973451075,0.00761049169632463,-0.0104201581787389,0.0508597570153111,0.07725,0,-0.01014
346,"B_smooth_logistic",1000,0.25,-0.0565030746026221,-0.056013519237543,0.0314429759411844,-0.115526323780485,-0.00605912354854371,1,0.85,-0.0370805285969641
346,"B_smooth_logistic",1600,0.4,-0.0581276692831436,-0.0579354342787109,0.0429672422737456,-0.137028966313809,0.0107666812417916,0.90875,0.74875,-0.0371941362512993
346,"B_smooth_logistic",2200,0.55,-0.0544792107490478,-0.0543001189677982,0.0157068737739327,-0.0838636069847839,-0.0295267484491979,1,1,-0.037005758953223
346,"B_smooth_logistic",2800,0.7,-0.0528038794686957,-0.0527257116861678,0.0189477452910389,-0.0881139377457324,-0.0223058771655733,1,1,-0.0370666187891781
346,"B_smooth_logistic",3400,0.85,-0.046943312658414,-0.0469198720185664,0.0221467726564918,-0.0886824897728674,-0.0115708503551515,1,0.866470588235294,-0.0369999927356469
346,"B_smooth_logistic",4000,1,-0.0427831163581063,-0.0427353472240114,0.0216453034080061,-0.082893625486496,-0.00722467602370611,1,0.8135,-0.0369733209892897
347,"A_threshold",1000,0.25,-0.0316833590138675,-0.0317178424038479,0.0176462080239836,-0.079358108202536,0.0267187120675803,0.959,0.745,-0.00936
347,"A_threshold",1600,0.4,-0.0347215809400683,-0.0348538801171506,0.00334337989206044,-0.0450220490272309,-0.0237716976959682,1,1,-0.0094
347,"A_threshold",2200,0.55,-0.0306881671813243,-0.0312821946495323,0.0120760275892652,-0.0789324327671849,0.000820096572996691,0.999545454545455,0.820454545454545,-0.00963636363636364
347,"A_threshold",2800,0.7,-0.0143631159272132,-0.0150766602067326,0.000532654498545203,-0.0158735600303185,-0.0123486109814346,1,0,-0.00958571428571429
347,"A_threshold",3400,0.85,-0.0124281184360817,-0.0128033155478646,0.000902871049266607,-0.0141345962562341,-0.00773977363319892,1,0,-0.00972941176470588
347,"A_threshold",4000,1,-0.0124906960889172,-0.0126339806599971,0.00132673305931845,-0.0161135450196886,-0.0067679865242027,1,0,-0.00978
347,"B_smooth_logistic",1000,0.25,-0.0415241524152415,-0.0416199306048693,0.0138096481250791,-0.0655273768404326,-0.0185126471223647,1,0.962,-0.0369109256704357
347,"B_smooth_logistic",1600,0.4,-0.0496990047068129,-0.0497093690832918,0.0224758297821613,-0.0873488690547015,-0.0110714467647849,1,0.875,-0.0370745956202739
347,"B_smooth_logistic",2200,0.55,-0.0361599185128597,-0.0361267012177523,0.0204163909790183,-0.0701341688728657,-0.000294182126198153,1,0.733636363636364,-0.037285441907396
347,"B_smooth_logistic",2800,0.7,-0.0342923153537811,-0.034290488874981,0.0170849144773243,-0.0634439599973261,-0.00523309080787344,1,0.741071428571429,-0.0373267860693733
347,"B_smooth_logistic",3400,0.85,-0.0290221854978346,-0.0291192682826946,0.0101636995751165,-0.0469046421407106,-0.0121391747263327,1,0.757941176470588,-0.037458202666228
347,"B_smooth_logistic",4000,1,-0.0281711126844507,-0.0284087016251484,0.0140862689172102,-0.0536640106782533,-0.00549374419438149,1,0.66075,-0.0374129817012727
348,"A_threshold",1000,0.25,-0.0212813620071685,-0.0210969659700184,0.00198109803402756,-0.0275610498577163,-0.0159876136310631,1,0.702,-0.01012
348,"A_threshold",1600,0.4,-0.00136882699651857,-0.00216959136068485,0.0173242132081682,-0.044466243589954,0.0651635355202365,0.585,0.145,-0.01055
348,"A_threshold",2200,0.55,-0.00727272727272726,-0.00777417515978202,0.0171046918947082,-0.0562564235785099,0.0587590066504674,0.691818181818182,0.255454545454545,-0.0104727272727273
348,"A_threshold",2800,0.7,-0.00884083436904973,-0.00901240652472195,0.0207659687898017,-0.0742754122996107,0.066666420236233,0.681428571428571,0.31,-0.0102571428571429
348,"A_threshold",3400,0.85,-0.01143256155469,-0.0114670840098768,0.0253997073618201,-0.100044091392595,0.0785134115893063,0.681764705882353,0.377647058823529,-0.0103882352941176
348,"A_threshold",4000,1,-0.0107842742646171,-0.0107759709500155,0.0287529875097857,-0.115486999969693,0.0894889175619373,0.65075,0.3795,-0.01037
348,"B_smooth_logistic",1000,0.25,-0.0778486256709536,-0.0772850352428154,0.0262189177355237,-0.112929012493681,-0.0169952674479572,1,0.986,-0.0378541905313587
348,"B_smooth_logistic",1600,0.4,-0.0669720369007265,-0.0660722958900907,0.0165948713912989,-0.089042413177566,-0.0294419390736132,1,1,-0.0379704769734441
348,"B_smooth_logistic",2200,0.55,-0.0567898173402761,-0.0560899313420023,0.0122900067910405,-0.0741548658982019,-0.0303671461719169,1,1,-0.0377736842414749
348,"B_smooth_logistic",2800,0.7,-0.041833705039954,-0.0412533225739246,0.00888060595206761,-0.0547365074466194,-0.023399987515312,1,1,-0.0375751797996971
348,"B_smooth_logistic",3400,0.85,-0.0363869649708506,-0.0357165909531159,0.00298617331032387,-0.0400328638538744,-0.029548330819323,1,1,-0.0375952306038122
348,"B_smooth_logistic",4000,1,-0.034,-0.0332924014820664,0.00223337496232778,-0.0364361683987992,-0.0286223923259474,1,1,-0.0374526539577176
349,"A_threshold",1000,0.25,-0.0353898652653839,-0.0369269932453865,0.00699017539115238,-0.0643799361489862,-0.0170809094268402,1,0.997,-0.00968
349,"A_threshold",1600,0.4,-0.0232133162483826,-0.0240080780839633,0.0105797499371795,-0.0713074715788142,0.00297216893301179,0.999375,0.608125,-0.0097
349,"A_threshold",2200,0.55,-0.0239917806701928,-0.0245019286752794,0.000467332491518683,-0.0255939066329187,-0.022334060237618,1,1,-0.0100363636363636
349,"A_threshold",2800,0.7,-0.024009543811524,-0.0246333731688124,0.00428810329560089,-0.0415189078881481,-0.0113976966619129,1,0.871785714285714,-0.00991428571428571
349,"A_threshold",3400,0.85,-0.0171745581786774,-0.0176585215534286,0.00229459864153636,-0.0243186202658979,-0.00819850664377285,1,0.148823529411765,-0.0100470588235294
349,"A_threshold",4000,1,-0.0167882978042379,-0.017237150829882,0.00590115210280367,-0.033809025510164,0.00822933437633641,0.99225,0.34125,-0.01004
349,"B_smooth_logistic",1000,0.25,-0.029399874315037,-0.0294853880301148,0.0205683899224336,-0.0634959887391225,0.00852011466597155,0.908,0.645,-0.0364112713466938
349,"B_smooth_logistic",1600,0.4,-0.0346653248301738,-0.0346709798373541,0.0159541746381735,-0.0637327247911821,-0.00802286909696577,1,0.76625,-0.036908813001412
349,"B_smooth_logistic",2200,0.55,-0.0294813815719877,-0.0294458205420465,0.0203031327729867,-0.063512496413504,0.00697499468299365,0.914545454545455,0.643636363636364,-0.036764209361185
349,"B_smooth_logistic",2800,0.7,-0.0334493962821758,-0.0336740576967729,0.0178101628591457,-0.0663449034338073,-0.00446175304649908,1,0.715357142857143,-0.0369622098707599
349,"B_smooth_logistic",3400,0.85,-0.0295663157166215,-0.0296204010542657,0.00862099001833437,-0.0448553593850773,-0.0150037916120288,1,0.822941176470588,-0.0369639576650072
349,"B_smooth_logistic",4000,1,-0.0302632565814145,-0.0302082591260107,0.00980758637791166,-0.0467722714003703,-0.0126871310320305,1,0.79975,-0.0370306385793218
350,"A_threshold",1000,0.25,-0.0202829207405866,-0.0208511646168862,0.00613677858746427,-0.0340462760403177,0.00769908979399292,0.997,0.591,-0.01052
350,"A_threshold",1600,0.4,-0.0205758097324363,-0.0205977426680233,0.00813574140492931,-0.043031517495269,0.0109203553104922,0.99,0.551875,-0.0106
350,"A_threshold",2200,0.55,-0.027920828938388,-0.0278294435182072,0.00458093498527642,-0.0427593846645515,-0.0109793515765676,1,0.949545454545455,-0.0104545454545455
350,"A_threshold",2800,0.7,-0.0298850574712644,-0.0293487556482942,0.00074640313475904,-0.031562002416061,-0.026394647239908,1,1,-0.0105428571428571
350,"A_threshold",3400,0.85,-0.0315006869653858,-0.0310814010418964,0.00135427944498657,-0.0356184893832732,-0.0262788531298398,1,1,-0.0104588235294118
350,"A_threshold",4000,1,-0.0261094221806639,-0.0257449448445406,0.0033264403664729,-0.0340693369218256,-0.0111585961376227,1,0.94275,-0.01039
350,"B_smooth_logistic",1000,0.25,-0.0635040210932084,-0.0632713493268342,0.00640210244975707,-0.0743190476405732,-0.0530465637683399,1,1,-0.0371217921295966
350,"B_smooth_logistic",1600,0.4,-0.0499214205658972,-0.0498037215376485,0.0115018185555629,-0.0701524679975189,-0.0313689004431563,1,1,-0.0372757641336413
350,"B_smooth_logistic",2200,0.55,-0.0473066324037534,-0.0473210790295661,0.0168016125477796,-0.076808251590247,-0.020211603298938,1,1,-0.036976163616677
350,"B_smooth_logistic",2800,0.7,-0.0519795372870828,-0.0520311232508818,0.0251550211500271,-0.0964357362199777,-0.0110873735071345,1,0.873928571428571,-0.0369722306100698
350,"B_smooth_logistic",3400,0.85,-0.0500256377498469,-0.0500977321371734,0.0244154412954946,-0.0937987479762716,-0.0112588772439231,1,0.863529411764706,-0.0369653047996221
350,"B_smooth_logistic",4000,1,-0.0470209673292076,-0.0470939917083364,0.0185641999557519,-0.0813945834306503,-0.018334564353187,1,0.9615,-0.0369849969541631
351,"A_threshold",1000,0.25,-0.00182411674347158,-0.00186035102146834,0.0232258000896515,-0.0824085396687777,0.069371038914541,0.546,0.215,-0.01068
351,"A_threshold",1600,0.4,-0.0159890874829492,-0.016186450668228,0.0220264897322649,-0.0860112170025732,0.0577325403743482,0.77375,0.453125,-0.0111
351,"A_threshold",2200,0.55,-0.0336040000826463,-0.0337342346855287,0.0282706236157056,-0.127266356008343,0.0622009553706576,0.882272727272727,0.691818181818182,-0.0108545454545455
351,"A_threshold",2800,0.7,-0.0386399268356415,-0.0385632192459624,0.0280817937422513,-0.152421953140618,0.0491803899717916,0.912857142857143,0.743214285714286,-0.0107
351,"A_threshold",3400,0.85,-0.0333680426866216,-0.0334212282791056,0.025509779189291,-0.129612149932728,0.0586223365327994,0.902352941176471,0.702058823529412,-0.0107647058823529
351,"A_threshold",4000,1,-0.0312435700408342,-0.0312649769168429,0.0202895504659387,-0.100573632939202,0.0475200278135132,0.932,0.717,-0.0107
351,"B_smooth_logistic",1000,0.25,-0.0569475626203082,-0.0567573799771331,0.0114311070699322,-0.0749078027686871,-0.0354935785300994,1,1,-0.037229282923587
351,"B_smooth_logistic",1600,0.4,-0.0416220883307994,-0.0416894902290379,0.00656928574579067,-0.0527086859912015,-0.0298491848022262,1,1,-0.0371997327491168
351,"B_smooth_logistic",2200,0.55,-0.0318947605246093,-0.0319335296277497,0.00738195266896203,-0.0445092742002444,-0.0187300117647474,1,0.960909090909091,-0.0373190690419533
351,"B_smooth_logistic",2800,0.7,-0.0272323227371127,-0.0271916714036876,0.0139053811257061,-0.0518419724505499,-0.00332019702929957,1,0.639285714285714,-0.037351456920383
351,"B_smooth_logistic",3400,0.85,-0.0312968400890397,-0.0312654217284566,0.00869769974443767,-0.0468496305994026,-0.0165502984207402,1,0.888823529411765,-0.0374005275579383
351,"B_smooth_logistic",4000,1,-0.0336763477630521,-0.033665475069929,0.00958259683618406,-0.0505945063663089,-0.0171997579258312,1,0.922,-0.0372337408970802
352,"A_threshold",1000,0.25,-0.0105780733023673,-0.0107124419493197,0.00167030289999017,-0.015548830024548,-0.00553473153313173,1,0,-0.01036
352,"A_threshold",1600,0.4,-0.00992897158863545,-0.00992255718294943,0.00137124863766319,-0.0147879436052681,-0.00631170058841898,1,0,-0.01035
352,"A_threshold",2200,0.55,-0.014995817504323,-0.0150313081528801,0.00326378641791053,-0.0230907419540896,-0.00274171259989583,1,0.0636363636363636,-0.0104909090909091
352,"A_threshold",2800,0.7,-0.0078164262299264,-0.00790192755123503,0.000963445676362237,-0.0113927241724807,-0.00511290292174561,1,0,-0.0102571428571429
352,"A_threshold",3400,0.85,-0.0119031800868102,-0.0119376594638571,0.00714475572399178,-0.0394523680961601,0.00944283053841777,0.957941176470588,0.128235294117647,-0.00998823529411765
352,"A_threshold",4000,1,-0.0106519657023055,-0.0106551853949468,0.00727975812951926,-0.0366810001602137,0.0133408788509361,0.93,0.10325,-0.0099
352,"B_smooth_logistic",1000,0.25,-0.0187176375890529,-0.0193449800326002,0.0367425520775411,-0.0899965277636238,0.0417591136201279,0.634,0.498,-0.0372495572880058
352,"B_smooth_logistic",1600,0.4,-0.0277021124306314,-0.0277685943351988,0.0356370086841844,-0.0977648886919979,0.0283299547950852,0.70875,0.54875,-0.0371045478682878
352,"B_smooth_logistic",2200,0.55,-0.0296542745551859,-0.0299057848864428,0.035820843217532,-0.102681254674421,0.0242740448860754,0.731818181818182,0.552727272727273,-0.0370715668227236
352,"B_smooth_logistic",2800,0.7,-0.029682349117489,-0.0298342985072033,0.0371882677877075,-0.103702035663767,0.0272737789775543,0.720357142857143,0.553571428571429,-0.0371440393164426
352,"B_smooth_logistic",3400,0.85,-0.0333233678802374,-0.0335131793499057,0.0261954931992831,-0.0832934008607733,0.00864162916311934,0.879705882352941,0.632352941176471,-0.0372405073632403
352,"B_smooth_logistic",4000,1,-0.0345877161732261,-0.0346264869574276,0.0253243060695795,-0.0822397440513471,0.00637611887259282,0.90475,0.6575,-0.0371990516111368
353,"A_threshold",1000,0.25,-0.0228950812193102,-0.0228268744142091,0.00371307981724402,-0.0314697196218116,-0.00340758668086047,1,0.791,-0.00936
353,"A_threshold",1600,0.4,0.0105236155689447,0.0110645747029537,0.00833710415616814,-0.00953077236282288,0.0540479179268151,0.070625,0,-0.0094
353,"A_threshold",2200,0.55,0.0146827673030937,0.0149842310517306,0.00310436001478121,0.00574213003837788,0.0282909580444455,0,0,-0.00943636363636364
353,"A_threshold",2800,0.7,0.012750232177475,0.0129073480353593,0.0041375131328841,-0.000199710052287583,0.0295196104307652,0.000714285714285714,0,-0.00954285714285714
353,"A_threshold",3400,0.85,0.00995395637213889,0.01001675532547,0.00849652496307181,-0.0196446084134069,0.042815080212936,0.115,0,-0.00955294117647059
353,"A_threshold",4000,1,0.00836511677522934,0.00842241472631537,0.00183700188244336,0.00199855814658732,0.0154502278056693,0,0,-0.00955
353,"B_smooth_logistic",1000,0.25,-0.0106481703707259,-0.0109958551254949,0.00822719135779853,-0.0263390304864397,0.00254637432110612,0.894,0.177,-0.0366886419636089
353,"B_smooth_logistic",1600,0.4,-0.0180627540074782,-0.0177945890924241,0.00756781045373831,-0.0305343300873548,-0.00406099861274074,1,0.43,-0.0368377568872344
353,"B_smooth_logistic",2200,0.55,-0.0234991929745396,-0.0234191819863268,0.00261814292165525,-0.0279081580292088,-0.018705461871557,1,0.876363636363636,-0.0369892741073721
353,"B_smooth_logistic",2800,0.7,-0.0228198068944123,-0.0228015381477421,0.00336120780315046,-0.0288197213026646,-0.017087214283229,1,0.743571428571429,-0.0372628241196341
353,"B_smooth_logistic",3400,0.85,-0.0351750447668232,-0.0351620130342313,0.00572468790461384,-0.0449767693675653,-0.0250618858646402,1,1,-0.0372645874417753
353,"B_smooth_logistic",4000,1,-0.030886434314638,-0.0309466755143247,0.0083609846874465,-0.0457138544984339,-0.0166647374141656,1,0.8795,-0.0372832439548367
354,"A_threshold",1000,0.25,-0.00339857965020279,-0.00326950258931397,0.00985761680831149,-0.026934867468197,0.0362608626444634,0.659,0.021,-0.01048
354,"A_threshold",1600,0.4,-0.00134551809487155,-0.00105288245881801,0.00320603314578164,-0.00746752279613791,0.0168151759376833,0.675,0,-0.010225
354,"A_threshold",2200,0.55,-0.00217973016329785,-0.00203880083401886,0.00179356206220458,-0.0103447636626253,0.00269021015529516,0.877727272727273,0,-0.00972727272727273
354,"A_threshold",2800,0.7,-0.0127908306179615,-0.0127972855297717,0.004702729255642,-0.025006279636886,0.00911964944947773,0.991785714285714,0.0514285714285714,-0.00975714285714286
354,"A_threshold",3400,0.85,-0.00640345098897128,-0.00632041899157742,0.00426765787720203,-0.0179784435558476,0.012539944753982,0.925882352941176,0,-0.0096
354,"A_threshold",4000,1,-0.000300187617260778,-0.000258000123142086,0.00557375148702757,-0.0165960232719981,0.0228758217491032,0.5345,0,-0.00965
354,"B_smooth_logistic",1000,0.25,-0.038349985193839,-0.0391493149195839,0.0172500949110724,-0.0716791659630999,-0.0135726789035327,1,0.818,-0.0371785745875036
354,"B_smooth_logistic",1600,0.4,-0.0393186545782802,-0.0392286576313608,0.0155519087389806,-0.067421509006837,-0.0145366505403191,1,0.87125,-0.0371737971071456
354,"B_smooth_logistic",2200,0.55,-0.038407320041917,-0.0379472266029381,0.0135672794826121,-0.0627307512410218,-0.0164656346674653,1,0.902272727272727,-0.0373468984155431
354,"B_smooth_logistic",2800,0.7,-0.039152263059058,-0.0390274961280179,0.0130178426364417,-0.0624545307997829,-0.0180462147254989,1,0.948571428571429,-0.0371339915521088
354,"B_smooth_logistic",3400,0.85,-0.0388698601666029,-0.0388362354184703,0.00683197819575053,-0.050930688440612,-0.0275467237880131,1,1,-0.037374985691616
354,"B_smooth_logistic",4000,1,-0.043866521150976,-0.0438545343867966,0.00432675606165942,-0.0513324737386385,-0.0365418021643557,1,1,-0.0374091399598402
355,"A_threshold",1000,0.25,-0.0284611442116728,-0.028660387212504,0.0125388753487719,-0.0606153653764035,0.02182138597904,0.98,0.769,-0.00968
355,"A_threshold",1600,0.4,-0.0169018001815651,-0.0169909088422706,0.0174996782815345,-0.065180754636799,0.0495733052555353,0.83125,0.444375,-0.009825
355,"A_threshold",2200,0.55,-0.0112679409226619,-0.0115274871853429,0.0010358461334328,-0.0131359775052495,-0.00266293403909315,1,0,-0.0100909090909091
355,"A_threshold",2800,0.7,-0.00460934193321764,-0.00475702810666226,0.00295734266477459,-0.0120323571727944,0.0139491073966175,0.938571428571429,0,-0.0100428571428571
355,"A_threshold",3400,0.85,-0.00894323718531211,-0.00897858612384742,0.00347326149639603,-0.019272154710627,0.00922702394883494,0.992352941176471,0,-0.00982352941176471
355,"A_threshold",4000,1,-0.00843104535209711,-0.00842357790054934,0.00356678774521806,-0.018203232327295,0.0131598339810433,0.98175,0,-0.00982
355,"B_smooth_logistic",1000,0.25,-0.0673130770092322,-0.067039241402688,0.00723828565133948,-0.0799977612029017,-0.0550327785152247,1,1,-0.0373790929536969
355,"B_smooth_logistic",1600,0.4,-0.0650778242049926,-0.0648838557601983,0.0265804498568414,-0.114488512488694,-0.0225049311222986,1,1,-0.0370690916408613
355,"B_smooth_logistic",2200,0.55,-0.0609679769089131,-0.0607369124267139,0.0251050918632438,-0.107956887856301,-0.0206040533671709,1,1,-0.0368882039916892
355,"B_smooth_logistic",2800,0.7,-0.0546344007073762,-0.0545256146015923,0.021993580492513,-0.0943023282945707,-0.0180920669043193,1,0.9675,-0.0370568312443908
355,"B_smooth_logistic",3400,0.85,-0.0471079605445525,-0.0470965001186952,0.0151904758380726,-0.0732717908374938,-0.0205177321175103,1,1,-0.0372848095796288
355,"B_smooth_logistic",4000,1,-0.0476547654765477,-0.0476224411842286,0.0178346400287197,-0.0793081360428637,-0.0172779323888379,1,0.95275,-0.0372223728058482
356,"A_threshold",1000,0.25,-0.0220488195278111,-0.0220203085403372,0.0370899179506183,-0.14945867843319,0.0993950088401138,0.716,0.516,-0.009
356,"A_threshold",1600,0.4,-0.000950023750593762,-0.000773885578149942,0.0443226615657505,-0.137233408421141,0.156613828087477,0.509375,0.331875,-0.009725
356,"A_threshold",2200,0.55,0.00396364946660981,0.0040093509260518,0.0347352416353745,-0.100839183762393,0.128796657081516,0.456363636363636,0.242272727272727,-0.00989090909090909
356,"A_threshold",2800,0.7,0.00197862089409379,0.00199244725938152,0.0312395081163745,-0.0909019098377146,0.119254731623253,0.479642857142857,0.241428571428571,-0.00984285714285714
356,"A_threshold",3400,0.85,-0.00823529411764706,-0.00820062661274314,0.0261372534521065,-0.0988349376919496,0.0812060595202948,0.630882352941176,0.320588235294118,-0.00981176470588235
356,"A_threshold",4000,1,-0.00908750227187557,-0.00902927085257955,0.0308420403407365,-0.111904984501514,0.103110159428648,0.6295,0.362,-0.00985
356,"B_smooth_logistic",1000,0.25,-0.0380854843097406,-0.0382696908569277,0.00696854146957923,-0.050835385621626,-0.0268124122578678,1,1,-0.0371902521068105
356,"B_smooth_logistic",1600,0.4,-0.0251806656497712,-0.0251043517611134,0.00999705376796041,-0.0428045697267768,-0.00858222551671545,1,0.638125,-0.0370270949192661
356,"B_smooth_logistic",2200,0.55,-0.0265988578759932,-0.026322491096833,0.00664154393146357,-0.0384047520238731,-0.0156477226848725,1,0.775,-0.0372443420492013
356,"B_smooth_logistic",2800,0.7,-0.0295339915722152,-0.029127245538003,0.013116484896278,-0.0538471241010519,-0.00874738468058344,1,0.69,-0.0372452635736636
356,"B_smooth_logistic",3400,0.85,-0.0295264820599707,-0.0291657735872621,0.0112964653298978,-0.0501558527626836,-0.0110965269695612,1,0.732352941176471,-0.0373276856350673
356,"B_smooth_logistic",4000,1,-0.0362714989327573,-0.0357500101087296,0.0163449236096328,-0.0673663236970892,-0.0105889318021527,1,0.7795,-0.0372670572803238
357,"A_threshold",1000,0.25,-0.024079342881484,-0.0239146303632089,0.0207235811668864,-0.0997087362734721,0.0345316456218124,0.881,0.56,-0.0102
357,"A_threshold",1600,0.4,-0.0176819380005134,-0.0179377286804024,0.0159258651697838,-0.0758782333564888,0.0288294102934097,0.875,0.431875,-0.00995
357,"A_threshold",2200,0.55,-0.00997217607009376,-0.00998202725743627,0.00905049664600793,-0.0419239398079326,0.0201172512937303,0.869090909090909,0.136363636363636,-0.00987272727272727
357,"A_threshold",2800,0.7,-0.0120473380150066,-0.0119815875862713,0.00301915151706592,-0.0211153369430993,-0.000145906964406098,1,0.00178571428571429,-0.00985714285714286
357,"A_threshold",3400,0.85,-0.00818303302113231,-0.0079284814583286,0.00846843301083636,-0.0362225336841055,0.0283099969845134,0.830294117647059,0.06,-0.00971764705882353
357,"A_threshold",4000,1,-0.00471042511586671,-0.00443915100658945,0.00938364370424086,-0.0373774289890341,0.0344651492790316,0.703,0.03675,-0.0097
357,"B_smooth_logistic",1000,0.25,-0.0239818135245902,-0.0238922937657284,0.0176933020032411,-0.0574919405455269,0.00406036592546695,0.915,0.546,-0.0375422423687831
357,"B_smooth_logistic",1600,0.4,-0.0388334343806839,-0.0387728851681982,0.0111667544711711,-0.058174611237824,-0.0193890360793603,1,0.98625,-0.0376988178583695
357,"B_smooth_logistic",2200,0.55,-0.0381737139625506,-0.0380696720045388,0.00503485863988895,-0.0468998817995771,-0.0294981760325338,1,1,-0.0378519061809272
357,"B_smooth_logistic",2800,0.7,-0.035,-0.0349710461288912,0.00248163379057787,-0.0392826372174046,-0.0306935774672781,1,1,-0.0376047193931152
357,"B_smooth_logistic",3400,0.85,-0.0420174406272286,-0.0420186543029173,0.00115954551300989,-0.0440297899727571,-0.0400403107528077,1,1,-0.037458807136905
357,"B_smooth_logistic",4000,1,-0.0425365313151273,-0.0426575660517054,0.00858440984182998,-0.0579461143673683,-0.0283499965471396,1,1,-0.0374575068674338
358,"A_threshold",1000,0.25,-0.0403363026724052,-0.0394852088037269,0.0227871703076808,-0.0877223199429992,0.0661646971328246,0.94,0.815,-0.01028
358,"A_threshold",1600,0.4,-0.0311640639192177,-0.0311076802432252,0.0253229281291449,-0.127140299665855,0.0490812034955886,0.8925,0.66375,-0.0102
358,"A_threshold",2200,0.55,-0.0260178748758689,-0.0258527584126443,0.011741437634189,-0.0655379126057878,0.0171538203003833,0.984545454545455,0.689545454545455,-0.0106545454545455
358,"A_threshold",2800,0.7,-0.0178168874927942,-0.0178299710115973,0.00715524975976084,-0.0454580349177892,0.00827035233942658,0.993571428571429,0.374642857142857,-0.0104
358,"A_threshold",3400,0.85,-0.0141125842921433,-0.0141388745317547,0.0119139447237906,-0.0660593827326713,0.0238765471890379,0.890882352941176,0.298823529411765,-0.0103058823529412
358,"A_threshold",4000,1,-0.00688974778427741,-0.00677471342347928,0.0186703448477619,-0.0864530650154697,0.0541683833671657,0.62775,0.23725,-0.01042
358,"B_smooth_logistic",1000,0.25,-0.00434462562609016,-0.00421927853141824,0.0120434816013067,-0.0255828899348303,0.015913979204671,0.588,0.128,-0.0370184713651808
358,"B_smooth_logistic",1600,0.4,-0.0259360679208007,-0.0259617155837537,0.00885753335520113,-0.0406563955795544,-0.0105332104339384,1,0.695,-0.0371071631307614
358,"B_smooth_logistic",2200,0.55,-0.0227841489498861,-0.0228058878621421,0.0013407987666476,-0.0250175269984553,-0.0204502137031037,1,1,-0.0370145027551931
358,"B_smooth_logistic",2800,0.7,-0.019783713844314,-0.0197891124184066,0.00275381002106139,-0.0245423826780621,-0.0151296586163918,1,0.477857142857143,-0.0370844443224996
358,"B_smooth_logistic",3400,0.85,-0.0256638099034458,-0.0256883185632835,0.00459498790881129,-0.0339080932141254,-0.0181618631722424,1,0.860588235294118,-0.0371350985746326
358,"B_smooth_logistic",4000,1,-0.0281971127884512,-0.0282356754052434,0.00408080897061674,-0.0355520917761427,-0.0216116547174584,1,1,-0.0370733793950979
359,"A_threshold",1000,0.25,-0.00132002112033792,-0.0014872851163577,0.0128445363803014,-0.0558059411973476,0.0344416919159228,0.533,0.071,-0.01008
359,"A_threshold",1600,0.4,0.0118532916869143,0.0112084019959686,0.000753522298777348,0.00870971250754432,0.0135843743635417,0,0,-0.009575
359,"A_threshold",2200,0.55,0.00954717845008764,0.00931225890979528,0.00754060694879342,-0.00703448825739023,0.0483424607260197,0.0859090909090909,0,-0.0100363636363636
359,"A_threshold",2800,0.7,0.0165765225125648,0.0163544500283162,0.00975411913979488,-0.00760677435065007,0.0641427198700948,0.0253571428571429,0,-0.0101714285714286
359,"A_threshold",3400,0.85,0.0128495921244993,0.012549039151958,0.00899496937811104,-0.0106966718271364,0.0553866251551702,0.06,0,-0.0101882352941176
359,"A_threshold",4000,1,0.00123613628402532,0.000919361272165773,0.00892530305629802,-0.0234656491132801,0.0416121148570818,0.483,0.00325,-0.01023
359,"B_smooth_logistic",1000,0.25,-0.0343087709165584,-0.0332425386128963,0.0349449401066846,-0.104703486220275,0.0176058016176051,0.779,0.563,-0.0369021422979995
359,"B_smooth_logistic",1600,0.4,-0.0399241207317912,-0.0381779957008493,0.0184304264797218,-0.0750764953995905,-0.0115520126169443,1,0.786875,-0.0369262999461528
359,"B_smooth_logistic",2200,0.55,-0.0441110835606248,-0.0429825898496912,0.0168777000450294,-0.0762877072569302,-0.0179869876853032,1,0.942272727272727,-0.0369184539331085
359,"B_smooth_logistic",2800,0.7,-0.0405682866496314,-0.0396661997847034,0.0117404337041323,-0.0627520790290385,-0.021995861932541,1,1,-0.0369051055160829
359,"B_smooth_logistic",3400,0.85,-0.0439281851611508,-0.0428481501126214,0.0101186332861029,-0.0625437045529967,-0.0275027823332763,1,1,-0.0369108102140177
359,"B_smooth_logistic",4000,1,-0.0502290606600038,-0.04907181146307,0.00408739618239161,-0.0562331957558652,-0.0421623515383058,1,1,-0.0370105128378679
360,"A_threshold",1000,0.25,-0.0284783270083746,-0.0284892137505353,0.000382608698283993,-0.0299379710750975,-0.027203113023143,1,1,-0.00964
360,"A_threshold",1600,0.4,-0.0231542055709531,-0.0231460581491875,0.00688755424928507,-0.0459945443649124,0.00360273166269566,0.999375,0.67625,-0.00965
360,"A_threshold",2200,0.55,-0.0255811857917941,-0.0257813549767161,0.0101507685490875,-0.0536397376265461,0.0234849240698327,0.988181818181818,0.731363636363636,-0.00985454545454545
360,"A_threshold",2800,0.7,-0.0233077255502816,-0.0233303996724225,0.0143607639960879,-0.0692994878949576,0.0365790163587807,0.946071428571429,0.593571428571429,-0.00962857142857143
360,"A_threshold",3400,0.85,-0.0122916143990449,-0.0123470845155627,0.0122365052205418,-0.051287313937611,0.0391911820667608,0.842647058823529,0.265,-0.00977647058823529
360,"A_threshold",4000,1,-0.0158950635802543,-0.015926250552881,0.0195363350838698,-0.0781500904188265,0.0680593978743824,0.79275,0.423,-0.00982
360,"B_smooth_logistic",1000,0.25,-0.035869165159783,-0.0361518646588279,0.00945784687021805,-0.0550740978145891,-0.0219421512195627,1,1,-0.0366842894048035
360,"B_smooth_logistic",1600,0.4,-0.0266782917393234,-0.026922200193845,0.00797230323111739,-0.0423525283096377,-0.0144181284933951,1,0.74,-0.0368162338054136
360,"B_smooth_logistic",2200,0.55,-0.0222844632728673,-0.0226633796556271,0.0156596257397342,-0.0543391186721827,0.000968467522175429,0.976818181818182,0.514545454545455,-0.0366850835973287
360,"B_smooth_logistic",2800,0.7,-0.0222244908376295,-0.0229138661921325,0.0255475351052046,-0.0749230759745484,0.0148840393394772,0.752142857142857,0.496785714285714,-0.0367999449089584
360,"B_smooth_logistic",3400,0.85,-0.0235592666264039,-0.0236399794271703,0.0191424505487881,-0.0611693507773301,0.0055208369238349,0.885882352941176,0.524117647058824,-0.0369471942626715
360,"B_smooth_logistic",4000,1,-0.0266767199753956,-0.0264812136394208,0.0168781256759851,-0.0597335700672806,-0.00072929567077594,1,0.5805,-0.0370166296537678
361,"A_threshold",1000,0.25,-0.0389454020344732,-0.0379773642346412,0.00849481178322376,-0.0591532052427725,-0.00528122800505276,1,0.969,-0.00996
361,"A_threshold",1600,0.4,-0.0232702072891123,-0.0225680423760514,0.00352776916053106,-0.0285487446789915,-0.00452499788989963,1,0.794375,-0.010175
361,"A_threshold",2200,0.55,-0.0219801834546971,-0.0213727324007633,0.00342039273449228,-0.0347070885816061,-0.0115125643289525,1,0.639090909090909,-0.0102727272727273
361,"A_threshold",2800,0.7,-0.0193632328180009,-0.018891928440711,0.0015569639703636,-0.0240523390023527,-0.0135537136042387,1,0.238928571428571,-0.0102571428571429
361,"A_threshold",3400,0.85,-0.022521675892918,-0.0219862674430415,0.00279864472365871,-0.0263399471120419,-0.00683170434749164,1,0.792352941176471,-0.0103529411764706
361,"A_threshold",4000,1,-0.0164932402846675,-0.0161596399447306,0.0113789950617334,-0.0428558188912291,0.0363576036208502,0.912,0.40575,-0.01024
361,"B_smooth_logistic",1000,0.25,-0.0332885326165219,-0.0331143154489232,0.00707703521936398,-0.0447834677608038,-0.0200893091261063,1,1,-0.0384931468092312
361,"B_smooth_logistic",1600,0.4,-0.030187074829932,-0.0302332517063053,0.0231805914023135,-0.07015429115682,0.0108648142768871,0.88375,0.63125,-0.0379228157314715
361,"B_smooth_logistic",2200,0.55,-0.0341964602297769,-0.0341888490608619,0.0213632454221167,-0.0709018266648703,0.00386357537168408,0.952272727272727,0.688181818181818,-0.0377641160185518
361,"B_smooth_logistic",2800,0.7,-0.0367511756287058,-0.0367584983300445,0.0124766774779107,-0.0575739804572115,-0.0135761237146166,1,0.881428571428571,-0.0378155532741202
361,"B_smooth_logistic",3400,0.85,-0.0334164540101999,-0.0333932780247184,0.00840254413886921,-0.0475233333544887,-0.0178888988219159,1,0.942941176470588,-0.03760644970042
361,"B_smooth_logistic",4000,1,-0.0336333291926959,-0.0335577718166893,0.00934976147262465,-0.049068426873037,-0.0163209801918318,1,0.90925,-0.0375905539880017
362,"A_threshold",1000,0.25,-0.0260651629072682,-0.0250002162133598,0.00465777005531963,-0.0439965035241007,-0.012811655346338,1,0.869,-0.01152
362,"A_threshold",1600,0.4,-0.0256297020151717,-0.0250153673585155,0.00970571188000429,-0.0481279637343098,0.017224645671733,0.984375,0.730625,-0.0108
362,"A_threshold",2200,0.55,-0.0211730911786508,-0.0209974188978491,0.0118578578762374,-0.0528229432315723,0.0277753303638259,0.955454545454545,0.554090909090909,-0.0104363636363636
362,"A_threshold",2800,0.7,-0.0174242296547486,-0.0173739918131179,0.0145785559895167,-0.0643246192754758,0.0359093994621274,0.887857142857143,0.436785714285714,-0.0103
362,"A_threshold",3400,0.85,-0.0152716186252772,-0.0152911190801308,0.0170380974994446,-0.0767815613449441,0.0417189403772442,0.819117647058824,0.383529411764706,-0.0103529411764706
362,"A_threshold",4000,1,-0.0145201917546885,-0.0145022724535282,0.0132954111264313,-0.0594472982626531,0.0327076987233795,0.86275,0.3405,-0.01047
362,"B_smooth_logistic",1000,0.25,-0.0636482545930184,-0.0634587835565437,0.0151367495057787,-0.0863215502056976,-0.0342679785486079,1,1,-0.0373434425585294
362,"B_smooth_logistic",1600,0.4,-0.0653540512695442,-0.0653561148294602,0.0119765226994373,-0.0831287995507598,-0.0421505538390355,1,1,-0.0370518750257276
362,"B_smooth_logistic",2200,0.55,-0.0654949962782235,-0.0655570738954732,0.0143802862904016,-0.0879437736233348,-0.0386455511493834,1,1,-0.0372704197410443
362,"B_smooth_logistic",2800,0.7,-0.0606612099458771,-0.0606802611331532,0.0188790487179848,-0.0923839308966844,-0.0272788693973909,1,1,-0.037390476114954
362,"B_smooth_logistic",3400,0.85,-0.0489917196069695,-0.0490028633413206,0.0156782361506588,-0.0748595241209427,-0.0207923329176797,1,1,-0.0373998512882246
362,"B_smooth_logistic",4000,1,-0.0438642041640028,-0.0438721358397057,0.0149013094611559,-0.069187455304539,-0.0177512616166471,1,0.95975,-0.0374245396223911
363,"A_threshold",1000,0.25,-0.0168606069818514,-0.0168222554271691,0.00556163762174611,-0.0357830603584236,0.00255496592390876,0.996,0.27,-0.00944
363,"A_threshold",1600,0.4,-0.022233893557423,-0.0221860472464238,0.00572884890327014,-0.0432859662984678,-0.00404232604467722,1,0.640625,-0.009175
363,"A_threshold",2200,0.55,-0.0211406145127641,-0.0211688958020732,0.00286271524887192,-0.0314292604103589,-0.0106375619366447,1,0.665,-0.00945454545454546
363,"A_threshold",2800,0.7,-0.029211978707423,-0.0291982169952363,0.0129613154084595,-0.0824027884810218,0.021272689865607,0.990714285714286,0.749642857142857,-0.00967142857142857
363,"A_threshold",3400,0.85,-0.0251555786862736,-0.0251579635709835,0.0137632854504883,-0.0805977118439297,0.0288887095001498,0.970882352941176,0.642941176470588,-0.00997647058823529
363,"A_threshold",4000,1,-0.0202881152460984,-0.0202932167470989,0.0112815543046455,-0.06428406482094,0.0254304747385987,0.96625,0.515,-0.00985
363,"B_smooth_logistic",1000,0.25,-0.0463561854247417,-0.0463009297772706,0.00966641809632632,-0.0620496392273765,-0.0293480334065846,1,1,-0.0381516208559465
363,"B_smooth_logistic",1600,0.4,-0.036510236653739,-0.0366916050950565,0.0149330893164937,-0.0598088078018705,-0.00931295306056819,1,0.81125,-0.0377013788113547
363,"B_smooth_logistic",2200,0.55,-0.0252681160798531,-0.0252309052150824,0.0152031623581676,-0.0512815509569391,0.000172413889213088,0.995909090909091,0.594090909090909,-0.0374258897800334
363,"B_smooth_logistic",2800,0.7,-0.0269214578204131,-0.0269235052003976,0.0187638196911899,-0.0582308963490604,0.00525915840229461,0.913928571428571,0.610714285714286,-0.0376436938475941
363,"B_smooth_logistic",3400,0.85,-0.0248436608366719,-0.0248467761207489,0.0228966063154598,-0.0637107344658666,0.0142155963592335,0.809117647058823,0.560294117647059,-0.0376966970366381
363,"B_smooth_logistic",4000,1,-0.0280187521687695,-0.0280012486830198,0.0217555231050073,-0.0636586694415257,0.0105011625346721,0.8625,0.61175,-0.0376306114575787
364,"A_threshold",1000,0.25,0.0101766513056836,0.0104791946986458,0.0122814939798013,-0.0197002542706804,0.0537914069377224,0.205,0,-0.0092
364,"A_threshold",1600,0.4,0.0117296918767507,0.0117765806038196,0.0197208181329222,-0.0333166170663418,0.0970452139156964,0.29375,0.030625,-0.00975
364,"A_threshold",2200,0.55,0.000824212843666586,0.000564828550188314,0.013483338587786,-0.0312571818336342,0.0580930868100398,0.522272727272727,0.04,-0.00970909090909091
364,"A_threshold",2800,0.7,0.00109965193847461,0.000364758648837671,0.0100199425518947,-0.0216331905957439,0.0492578234043074,0.527142857142857,0.00178571428571429,-0.00991428571428571
364,"A_threshold",3400,0.85,-0.000108675939423888,-0.00044635547556929,0.012320608067607,-0.0285592069015535,0.0733690820617378,0.553529411764706,0.0311764705882353,-0.00992941176470588
364,"A_threshold",4000,1,-0.00164728238443813,-0.00169981945042437,0.0192781545481296,-0.0465028778541637,0.114301777345476,0.5755,0.17075,-0.01003
364,"B_smooth_logistic",1000,0.25,-0.0431679456575722,-0.0433295072061533,0.00689920914196961,-0.055142252376957,-0.0311921698089709,1,1,-0.0368768203036148
364,"B_smooth_logistic",1600,0.4,-0.0500351181267412,-0.0494840378312625,0.00810730960163287,-0.0646124875981711,-0.0364337605753615,1,1,-0.0368188256384038
364,"B_smooth_logistic",2200,0.55,-0.0476474012914153,-0.0469690423191487,0.00498761238659129,-0.0561358619229984,-0.0388470339417346,1,1,-0.0369608572816277
364,"B_smooth_logistic",2800,0.7,-0.0542181462649948,-0.0535135644636627,0.0093683881019626,-0.0712150304526034,-0.0385691860123781,1,1,-0.037134027402303
364,"B_smooth_logistic",3400,0.85,-0.0448464761999693,-0.0443135928396114,0.0111322017119152,-0.065240888564763,-0.026540950981401,1,1,-0.0372054937053174
364,"B_smooth_logistic",4000,1,-0.0396492050668155,-0.039306516265569,0.0109997202732841,-0.0595326773831399,-0.02121052354097,1,1,-0.0372715924276148
365,"A_threshold",1000,0.25,-0.0119937270967019,-0.011604746420201,0.00776638091166753,-0.0320451931080236,0.0169786234688425,0.926,0.141,-0.00984
365,"A_threshold",1600,0.4,0.004651642772598,0.00480896726243317,0.0153747521970979,-0.0410379092030585,0.055158543573505,0.38,0.050625,-0.009925
365,"A_threshold",2200,0.55,-0.00239494019265375,-0.00245278522704866,0.0130682629213853,-0.0453682991638294,0.0392719116185031,0.561818181818182,0.0881818181818182,-0.0100181818181818
365,"A_threshold",2800,0.7,-0.00996187236248967,-0.010008268946996,0.0156222275587722,-0.0612302440097547,0.0404392774346512,0.73,0.261785714285714,-0.0102285714285714
365,"A_threshold",3400,0.85,-0.00931431988439115,-0.00953729487196296,0.0191700653515412,-0.107795291672895,0.0470197680119061,0.674705882352941,0.283823529411765,-0.0102117647058824
365,"A_threshold",4000,1,-0.00955505971912325,-0.00965867608192675,0.0174825788409394,-0.0943192300796538,0.0452080080113807,0.69875,0.26925,-0.01003
365,"B_smooth_logistic",1000,0.25,-0.0425351255226774,-0.042454166474752,0.00132745456476394,-0.0447320543718323,-0.0400477914175318,1,1,-0.0374034284794282
365,"B_smooth_logistic",1600,0.4,-0.0377724742939933,-0.038050269446333,0.00308630708903218,-0.0436285062717312,-0.0328382966589614,1,1,-0.037393621172704
365,"B_smooth_logistic",2200,0.55,-0.0304440280960768,-0.0305505403683738,0.0064470867509082,-0.0426924401441085,-0.0202591331962434,1,1,-0.0374320336626104
365,"B_smooth_logistic",2800,0.7,-0.0388082424658009,-0.0389283852134468,0.0150035722699057,-0.0665462458405504,-0.0145248073074979,1,0.886428571428571,-0.0374128358101304
365,"B_smooth_logistic",3400,0.85,-0.038973950120403,-0.0390595131152134,0.0120440755481898,-0.0605706794189315,-0.0186783876437885,1,0.964705882352941,-0.037570850709452
365,"B_smooth_logistic",4000,1,-0.0370158331424983,-0.037155024725017,0.0156544386506931,-0.0647305700272226,-0.010124991429008,1,0.8165,-0.0376292203630736
366,"A_threshold",1000,0.25,-0.0453768938711988,-0.0454341631446069,0.0242525364072658,-0.145539305590822,0.0497845385116525,0.98,0.854,-0.00964
366,"A_threshold",1600,0.4,-0.0195313720710754,-0.0194640770429027,0.0157904754670699,-0.0847546684509339,0.0424510170168013,0.9025,0.4625,-0.009475
366,"A_threshold",2200,0.55,-0.0292611812075878,-0.0291209191068147,0.0081860477572073,-0.064409810898973,0.000593676823326686,0.999545454545455,0.876818181818182,-0.00936363636363636
366,"A_threshold",2800,0.7,-0.025712811862365,-0.0256705893133165,0.0165711636101085,-0.088747956636684,0.0452664342709112,0.938214285714286,0.632142857142857,-0.00941428571428572
366,"A_threshold",3400,0.85,-0.0253672426066136,-0.025233877775635,0.00640509181848113,-0.0518015808142868,-0.00149349106007175,1,0.792647058823529,-0.00951764705882353
366,"A_threshold",4000,1,-0.0199385739769436,-0.0198451615913094,0.00313350722444435,-0.0328379514639976,-0.0081901756943403,1,0.46225,-0.00964
366,"B_smooth_logistic",1000,0.25,-0.0165922654762476,-0.0166385450135402,0.0107585538803945,-0.0341932776621214,0.00231732957237951,0.952,0.421,-0.036750190739125
366,"B_smooth_logistic",1600,0.4,-0.028570357141183,-0.0285960594382825,0.000506487021453272,-0.0294544954530277,-0.0277311339227592,1,1,-0.037061405872563
366,"B_smooth_logistic",2200,0.55,-0.0347611616589082,-0.0346446931740368,0.00686236660070911,-0.0466951182152063,-0.023265060851712,1,1,-0.0371875992054202
366,"B_smooth_logistic",2800,0.7,-0.0282904548606345,-0.0281233631820609,0.012091818754718,-0.0498198206013946,-0.00820824899825169,1,0.688928571428571,-0.0370964747500083
366,"B_smooth_logistic",3400,0.85,-0.0272556667431449,-0.0271100081741894,0.0175492318933082,-0.0591848188731227,0.00103736378258806,0.977941176470588,0.598529411764706,-0.0370648742426185
366,"B_smooth_logistic",4000,1,-0.0276019746843545,-0.0275662933827335,0.0140620236836239,-0.0530661242887982,-0.0045977261909019,1,0.6485,-0.0369861744889102
367,"A_threshold",1000,0.25,-0.0493233082706767,-0.049433418193014,0.0064964429188199,-0.0693524685715599,-0.0224354838716068,1,1,-0.0098
367,"A_threshold",1600,0.4,-0.0379608203905445,-0.0380362310285066,0.00423281378798083,-0.0504426477288208,-0.0198480096409823,1,0.999375,-0.009425
367,"A_threshold",2200,0.55,-0.0280784967469429,-0.0280017664077512,0.0144953855352911,-0.0777012438794275,0.029686548381342,0.973181818181818,0.713636363636364,-0.00978181818181818
367,"A_threshold",2800,0.7,-0.02202865164495,-0.0221066133025317,0.0208842910387437,-0.103737687587291,0.0522163718824896,0.853928571428571,0.544642857142857,-0.00955714285714286
367,"A_threshold",3400,0.85,-0.0108641441681075,-0.0106685959472195,0.0221080166653442,-0.0802306284909953,0.0969079277558907,0.698235294117647,0.349117647058824,-0.00976470588235294
367,"A_threshold",4000,1,-0.0108781977749016,-0.0105799475756752,0.0244651885915052,-0.0866932858914734,0.110436957153055,0.6805,0.36675,-0.00971
367,"B_smooth_logistic",1000,0.25,-0.0456761827047308,-0.0461734323589967,0.0262385212016261,-0.0967363694440899,-0.00520307235368847,1,0.793,-0.0362337311941913
367,"B_smooth_logistic",1600,0.4,-0.0510506707689806,-0.0511170856439562,0.0217637362527396,-0.0891033915685746,-0.013426618744789,1,0.910625,-0.0366807757375986
367,"B_smooth_logistic",2200,0.55,-0.0493410606541759,-0.0492942429596724,0.0180468584589987,-0.0825565155882012,-0.01918649534284,1,0.986363636363636,-0.0369209860960652
367,"B_smooth_logistic",2800,0.7,-0.0480478870722773,-0.0480740310873917,0.0274471568618874,-0.096708260754837,-0.000356910843559544,1,0.798214285714286,-0.0369287416410809
367,"B_smooth_logistic",3400,0.85,-0.0525741880208739,-0.0525787052123904,0.0194570858632372,-0.0868987614755286,-0.0191777254249844,1,0.986764705882353,-0.0369015567965856
367,"B_smooth_logistic",4000,1,-0.0520161758291013,-0.0520436186775963,0.0169275062256337,-0.0810985491119285,-0.0222397672165824,1,1,-0.0368432193371405
368,"A_threshold",1000,0.25,0.018156340706636,0.0182708118534216,0.0273133704409481,-0.0675768705234188,0.125621498640858,0.237,0.077,-0.0098
368,"A_threshold",1600,0.4,-0.0129801920768307,-0.0125418694474951,0.0127710675333132,-0.0539279511542993,0.0467908852422182,0.84625,0.27,-0.009675
368,"A_threshold",2200,0.55,-0.00598516195825106,-0.00566751068207678,0.0222653332908758,-0.0814004119219622,0.0977082005622978,0.632727272727273,0.248636363636364,-0.00956363636363636
368,"A_threshold",2800,0.7,-0.00042865890998163,-8.85305680283275e-05,0.016269444951213,-0.0489221984248114,0.0805831005753325,0.53,0.101785714285714,-0.00984285714285714
368,"A_threshold",3400,0.85,-0.00372331222533652,-0.00338237662472772,0.0201757472989584,-0.0613856363871028,0.100532260662202,0.606176470588235,0.203235294117647,-0.00984705882352941
368,"A_threshold",4000,1,-0.0067418865232021,-0.00659950348858381,0.0166934431740522,-0.0574383389625518,0.0753863307230363,0.68525,0.214,-0.00995
368,"B_smooth_logistic",1000,0.25,-0.0354634113073723,-0.0367464198525998,0.054156179431023,-0.147091189063684,0.0443871999670813,0.682,0.555,-0.0369995185389205
368,"B_smooth_logistic",1600,0.4,-0.0311983976995184,-0.0314874032769465,0.0364113256567417,-0.101546488007256,0.0256433444393042,0.750625,0.568125,-0.0369762134723545
368,"B_smooth_logistic",2200,0.55,-0.02896648202109,-0.028998978406152,0.0330804551406583,-0.0898443651817074,0.0251166635469861,0.752727272727273,0.566363636363636,-0.0368703023494087
368,"B_smooth_logistic",2800,0.7,-0.0304465262320048,-0.0304883149149319,0.0273460698239434,-0.0794124000254538,0.0155354985449274,0.820357142857143,0.606071428571429,-0.0368754256521409
368,"B_smooth_logistic",3400,0.85,-0.0319176778985763,-0.0319464221586499,0.0266059799076091,-0.0793097726393529,0.0131249096950787,0.847941176470588,0.626176470588235,-0.0370147594731559
368,"B_smooth_logistic",4000,1,-0.0295983747460541,-0.0296374022827691,0.0280896316768561,-0.0797979413218355,0.0180350850603624,0.8055,0.595,-0.0370014960686896
369,"A_threshold",1000,0.25,-0.016788604389758,-0.0167271234913813,0.0199484506667566,-0.0807866286485674,0.033868981782487,0.8,0.408,-0.01044
369,"A_threshold",1600,0.4,-0.0191605611262534,-0.0192899488484707,0.021349840722412,-0.0903442912231439,0.0338139375388095,0.814375,0.4575,-0.010225
369,"A_threshold",2200,0.55,-0.00629042590564362,-0.00650040863955846,0.0101191617686249,-0.0456151281841829,0.0192750680480169,0.727272727272727,0.102272727272727,-0.0102
369,"A_threshold",2800,0.7,-0.0132715108880903,-0.0135506581181018,0.000465696714265974,-0.0148676215960388,-0.0118056854918685,1,0,-0.0101142857142857
369,"A_threshold",3400,0.85,-0.020261148147879,-0.0203856030267092,0.00214974992665313,-0.0253222776420093,-0.0112790488831949,1,0.614411764705882,-0.0102235294117647
369,"A_threshold",4000,1,-0.0190601013761767,-0.0191453458989524,0.00211068371421432,-0.025001482780893,-0.0111596165412836,1,0.3605,-0.01018
369,"B_smooth_logistic",1000,0.25,-0.0325925214803437,-0.0325510113773276,0.0176075892961726,-0.0601214719361009,0.000225106402289163,0.998,0.711,-0.0372225647768943
369,"B_smooth_logistic",1600,0.4,-0.0384173478336311,-0.0384105533476877,0.00225904376450965,-0.0423458526749971,-0.0345539350936358,1,1,-0.0372463587297283
369,"B_smooth_logistic",2200,0.55,-0.037326730382061,-0.0372384897378448,0.00397503818772076,-0.0436902253044829,-0.0299638645740574,1,1,-0.0372297634368975
369,"B_smooth_logistic",2800,0.7,-0.0345043633009249,-0.0345138573200367,0.00242083341870035,-0.0384055056808813,-0.0300253584308012,1,1,-0.0371939208554519
369,"B_smooth_logistic",3400,0.85,-0.0368638719107095,-0.0368656396768909,0.00683704772609048,-0.0484608733922238,-0.0247855632021143,1,1,-0.0372538425483912
369,"B_smooth_logistic",4000,1,-0.0348331393325573,-0.0348291940093914,0.0131804930782412,-0.0568653588260311,-0.0112780702422823,1,0.8195,-0.0372491086002508
370,"A_threshold",1000,0.25,-0.00688176173100313,-0.00644611776941683,0.0471724814628136,-0.143296318641984,0.203715100176347,0.58,0.416,-0.0106
370,"A_threshold",1600,0.4,-0.00981403344272543,-0.00964955013194264,0.0347729148959911,-0.0902106383802605,0.167754669048014,0.64625,0.4325,-0.01085
370,"A_threshold",2200,0.55,-0.0127729911775037,-0.0121906025493773,0.0310330061668035,-0.0753844953366551,0.156120087553872,0.696818181818182,0.463181818181818,-0.0106181818181818
370,"A_threshold",2800,0.7,-0.0109102931452502,-0.00985893090837601,0.0154077495118996,-0.0412926242003673,0.0720053793330064,0.764642857142857,0.288571428571429,-0.0105285714285714
370,"A_threshold",3400,0.85,-0.00652449462416939,-0.0059439025325208,0.0122760283835529,-0.0349868269639719,0.053751680784335,0.713823529411765,0.110294117647059,-0.0104117647058824
370,"A_threshold",4000,1,-0.00721072107210721,-0.00670104493306654,0.0146880475214751,-0.0466321838510805,0.0585310884018505,0.696,0.18125,-0.01045
370,"B_smooth_logistic",1000,0.25,-0.0118295739348371,-0.0118580819751065,0.0148717891216799,-0.0357611956868061,0.0152333635822036,0.722,0.355,-0.0375585396351411
370,"B_smooth_logistic",1600,0.4,-0.0141502352116905,-0.0139951114899278,0.0126898893363247,-0.034266140488522,0.00957763242236562,0.8125,0.3775,-0.0372859389410359
370,"B_smooth_logistic",2200,0.55,-0.0207282158208074,-0.0207424167704,0.00299567501519267,-0.0258807518810699,-0.0155061493933337,1,0.572272727272727,-0.0375650483665408
370,"B_smooth_logistic",2800,0.7,-0.0210776275841796,-0.0210848581919525,6.37634887782377e-05,-0.0211932125459531,-0.0209731467752423,1,1,-0.0374129980687059
370,"B_smooth_logistic",3400,0.85,-0.0286705311121077,-0.0286299384535161,0.00323242477407603,-0.0338691720236914,-0.0227650563250759,1,1,-0.0373606642908063
370,"B_smooth_logistic",4000,1,-0.0297379032258065,-0.0297084938333486,0.00538754262548705,-0.0386301155625213,-0.0200937875690819,1,1,-0.0373827790654391
371,"A_threshold",1000,0.25,-0.0130649717514124,-0.0127081017744103,0.0132888105685461,-0.048077296525618,0.0314658956125598,0.82,0.296,-0.01048
371,"A_threshold",1600,0.4,-0.0117699408996045,-0.0113109817062343,0.0101378709775298,-0.0433760724888229,0.0183157589021381,0.865,0.20125,-0.010425
371,"A_threshold",2200,0.55,-0.00566557238165837,-0.00485844568057084,0.00911088764620917,-0.0425101352264797,0.0177446795034445,0.679090909090909,0.0627272727272727,-0.0104727272727273
371,"A_threshold",2800,0.7,-0.0132622903987273,-0.0126708012617416,0.000273848256264928,-0.0129432001217182,-0.0108328103628392,1,0,-0.0101714285714286
371,"A_threshold",3400,0.85,-0.00904250308896781,-0.00881784181666037,0.000899429548101212,-0.0123132129706084,-0.00589957909672758,1,0,-0.0100588235294118
371,"A_threshold",4000,1,-0.0153765509348875,-0.0152528756612029,0.00814774303938058,-0.0372301902822652,0.0210346125533238,0.9575,0.30025,-0.01014
371,"B_smooth_logistic",1000,0.25,0.00701518354795311,0.00669462762282569,0.0232622038015644,-0.0315935341896731,0.0466071181678365,0.425,0.181,-0.0367397620923186
371,"B_smooth_logistic",1600,0.4,-0.00623785087911195,-0.00669502928545857,0.0131231853177163,-0.0270543752048161,0.0176836379760646,0.651875,0.214375,-0.0369858095053992
371,"B_smooth_logistic",2200,0.55,-0.0159823107602653,-0.0162357780689655,0.0223617073166748,-0.0527227864556763,0.0235420372519544,0.705909090909091,0.460454545454545,-0.0368614880313589
371,"B_smooth_logistic",2800,0.7,-0.0214285714285714,-0.0215473583695308,0.017529762968608,-0.0501441995623503,0.00971519480168605,0.854285714285714,0.532857142857143,-0.0369629951372244
371,"B_smooth_logistic",3400,0.85,-0.0229104841210081,-0.0229290771593453,0.0116876151466577,-0.0425991549956796,-0.00275752397646362,1,0.572647058823529,-0.0370216738811679
371,"B_smooth_logistic",4000,1,-0.0205,-0.0205294261761351,0.0120597862318656,-0.040955930554716,0.000285429960333511,0.993,0.51075,-0.0370621427248837
372,"A_threshold",1000,0.25,0.00377624167946748,0.00351897439688216,0.0267046772091062,-0.127787386140934,0.0616732406950107,0.4,0.18,-0.01012
372,"A_threshold",1600,0.4,-0.0148148148148148,-0.0152810731194736,0.0204659756328969,-0.107290683032814,0.0374632132704456,0.76125,0.381875,-0.009675
372,"A_threshold",2200,0.55,-0.0209591107254282,-0.0212704794793157,0.016051911155464,-0.0875397986418992,0.0248504789759725,0.915454545454545,0.518181818181818,-0.00945454545454546
372,"A_threshold",2800,0.7,-0.0171231408855171,-0.0172623448172754,0.0199881985286851,-0.0967391026552392,0.0424511107159214,0.8025,0.436428571428571,-0.0098
372,"A_threshold",3400,0.85,-0.0223827267004633,-0.0224996514577055,0.0167552912275815,-0.0871386401817702,0.0332307340964678,0.918529411764706,0.555,-0.00972941176470588
372,"A_threshold",4000,1,-0.0215171517151715,-0.0215360459750753,0.0149446609937381,-0.0766617613055225,0.0311390919864878,0.93,0.54,-0.00961
372,"B_smooth_logistic",1000,0.25,-0.0218772901474104,-0.0210743658348668,0.00144797640275936,-0.0223132344515561,-0.0172992776372967,1,0.775,-0.0376811117838576
372,"B_smooth_logistic",1600,0.4,-0.0188868042526579,-0.0189272583828019,0.000373028624616119,-0.0195341169428178,-0.0182532376037594,1,0,-0.0375423585947768
372,"B_smooth_logistic",2200,0.55,-0.0208827411016403,-0.0207833413913468,0.00604846408619492,-0.0299353592764442,-0.00913109044000501,1,0.561363636363636,-0.0374915259852609
372,"B_smooth_logistic",2800,0.7,-0.0236852161659266,-0.0235785604863499,0.00497734585009098,-0.0310573290743066,-0.013939551507356,1,0.721785714285714,-0.0372482522019596
372,"B_smooth_logistic",3400,0.85,-0.0281411862080229,-0.0280949288203347,0.00812071624542909,-0.0431945633315451,-0.0152489373687187,1,0.784117647058823,-0.0371939631082558
372,"B_smooth_logistic",4000,1,-0.0289164169044283,-0.0289433850094057,0.00296693465286967,-0.0343082216253405,-0.0240516377262214,1,1,-0.0372718065891558
373,"A_threshold",1000,0.25,0.0107547532168235,0.0118495106750855,0.00358546817189034,0.00325111329213459,0.025171825495521,0,0,-0.0104
373,"A_threshold",1600,0.4,0.00675067506750675,0.0082295296134073,0.00804175556304399,-0.00979088806580364,0.0443682955351178,0.1475,0,-0.010175
373,"A_threshold",2200,0.55,-0.00779860988848856,-0.00718874509601589,0.00493694713303981,-0.0209471028559673,0.0158080803181907,0.921818181818182,0.000909090909090909,-0.0100909090909091
373,"A_threshold",2800,0.7,-0.00620116347728546,-0.00572218209964132,0.00516184108224484,-0.0199029141995618,0.0185792679759009,0.864642857142857,0,-0.0101
373,"A_threshold",3400,0.85,-0.00474920961856828,-0.00424216299856646,0.00379570674823894,-0.0133910738634336,0.015500982137347,0.863235294117647,0,-0.0102470588235294
373,"A_threshold",4000,1,-0.0100105627040522,-0.00963211785076959,0.00116320671095388,-0.0119421920457298,-0.00303975494021974,1,0,-0.01014
373,"B_smooth_logistic",1000,0.25,-0.0205836582118047,-0.0186885131571965,0.00304308367013709,-0.0241401125570722,-0.0137438888580706,1,0.364,-0.0366629017038855
373,"B_smooth_logistic",1600,0.4,-0.0221719003501651,-0.0217154054188056,0.000452016963642133,-0.0223890070895632,-0.0208303086897741,1,1,-0.036896323293332
373,"B_smooth_logistic",2200,0.55,-0.0289473684210526,-0.0287483310160875,0.0101836009993829,-0.0456831267612782,-0.0106010602090491,1,0.747272727272727,-0.0369820530907601
373,"B_smooth_logistic",2800,0.7,-0.0279894477316044,-0.027704733136257,0.0126562815607919,-0.0478728314391306,-0.00430940273444719,1,0.690714285714286,-0.0370803082692649
373,"B_smooth_logistic",3400,0.85,-0.0339113135612005,-0.0336939770933462,0.0110255846615253,-0.0511842763951485,-0.0130378190855359,1,0.85,-0.0370967712268654
373,"B_smooth_logistic",4000,1,-0.03233615294684,-0.0321831837580384,0.00788227658993575,-0.044539614779249,-0.0172084918462537,1,0.91775,-0.0372333142306326
374,"A_threshold",1000,0.25,-0.0445512820512821,-0.0448897481171208,0.015238796680849,-0.101195610846425,0.000940661092052111,0.999,0.954,-0.01012
374,"A_threshold",1600,0.4,-0.0379291411623553,-0.0374564932572252,0.0203048849263132,-0.100472485287373,0.0418723971041429,0.965,0.819375,-0.0099
374,"A_threshold",2200,0.55,-0.0345454545454545,-0.0344295247264633,0.0188272053664058,-0.0959837930239874,0.0338955004240624,0.966363636363636,0.787272727272727,-0.0100909090909091
374,"A_threshold",2800,0.7,-0.0238077380505941,-0.023324278893368,0.0238925228194379,-0.0956895877708797,0.0702470970951812,0.841071428571429,0.567142857142857,-0.0101714285714286
374,"A_threshold",3400,0.85,-0.0154034655375313,-0.0152297656367094,0.0133407661224069,-0.0580774106340597,0.0402290667733613,0.874705882352941,0.363235294117647,-0.0101647058823529
374,"A_threshold",4000,1,-0.0136374909496742,-0.0135375921273386,0.0117192631855028,-0.0525572642867345,0.0336081614557205,0.8765,0.29225,-0.01007
374,"B_smooth_logistic",1000,0.25,-0.0458305996063433,-0.0455758214942314,0.00479585237979894,-0.0530661788012268,-0.0364548320468293,1,1,-0.037214126861931
374,"B_smooth_logistic",1600,0.4,-0.0261827227781563,-0.0259256315939161,0.0145932298042359,-0.0491657437956404,0.00138445546249909,0.974375,0.631875,-0.0375415574767148
374,"B_smooth_logistic",2200,0.55,-0.0362555543800254,-0.0359367242910228,0.00549768755757327,-0.0444646601796863,-0.0254127215235616,1,1,-0.0375072966279693
374,"B_smooth_logistic",2800,0.7,-0.0330090822960567,-0.032838589548689,0.000966326592655161,-0.0344933980078839,-0.0311552883610573,1,1,-0.0375379308636505
374,"B_smooth_logistic",3400,0.85,-0.0335260115606937,-0.0334684718792566,0.00350351640361667,-0.0397489042875159,-0.027646599505631,1,1,-0.0374075627715602
374,"B_smooth_logistic",4000,1,-0.0306030603060306,-0.0305697553181768,0.00208042550285963,-0.0342465614326529,-0.0270592812959204,1,1,-0.0372473761837396
375,"A_threshold",1000,0.25,-0.0093143844824275,-0.0097066966049322,0.0141853370717568,-0.0470179820181363,0.0461692258312026,0.771,0.225,-0.0088
375,"A_threshold",1600,0.4,-0.0233514787498574,-0.0235603074587002,0.0398886265600634,-0.149191514000129,0.120139893928727,0.73625,0.554375,-0.00925
375,"A_threshold",2200,0.55,-0.0301925778989999,-0.0301868895094344,0.0253410826587358,-0.110189379391492,0.0553377973190721,0.876818181818182,0.670454545454545,-0.00969090909090909
375,"A_threshold",2800,0.7,-0.0191004775119378,-0.0192102694225357,0.0240527069110804,-0.0882469536519891,0.0701216657493954,0.795,0.514642857142857,-0.0097
375,"A_threshold",3400,0.85,-0.0129845413887663,-0.0129944531081736,0.0278308608376135,-0.101677675033746,0.0806743226065339,0.687352941176471,0.405,-0.00976470588235294
375,"A_threshold",4000,1,-0.00903792828876557,-0.00910418500476151,0.0241160014735751,-0.0919307134353795,0.0738387494494018,0.66125,0.33325,-0.00991
375,"B_smooth_logistic",1000,0.25,-0.069694640598229,-0.0682931590448658,0.00705071657183978,-0.079160570385285,-0.0554245719962322,1,1,-0.0370255105561607
375,"B_smooth_logistic",1600,0.4,-0.05859375,-0.0582240938007136,0.00878155257917702,-0.0747638557704453,-0.0442658695233137,1,1,-0.0369661928256309
375,"B_smooth_logistic",2200,0.55,-0.0440691105425795,-0.0438551193654216,0.0094869280105416,-0.0614206821675609,-0.0286486649581616,1,1,-0.0372360023715681
375,"B_smooth_logistic",2800,0.7,-0.0434909712383908,-0.0432774488516373,0.00854396253702347,-0.0591821390762157,-0.0295807616882783,1,1,-0.0372001558207516
375,"B_smooth_logistic",3400,0.85,-0.0361756729979118,-0.0360166343516067,0.0161558728977279,-0.0664838214069954,-0.0107701527212678,1,0.785588235294118,-0.0371594904393967
375,"B_smooth_logistic",4000,1,-0.0390622264418609,-0.0389912776599126,0.0195903415663913,-0.0755534354101348,-0.00784117750605414,1,0.77475,-0.0372346238423917
376,"A_threshold",1000,0.25,0.0176360705442822,0.0170826774880709,0.0188938502820114,-0.0264835540533801,0.100400754512321,0.181,0.008,-0.0098
376,"A_threshold",1600,0.4,0.00755498261650846,0.00687469823473478,0.0158492163058206,-0.0282171224429114,0.0798751465609969,0.364375,0.01875,-0.01015
376,"A_threshold",2200,0.55,-0.0165310703458946,-0.0167443357445169,0.00360569604250228,-0.0320047738528126,-0.00756123335669587,1,0.177272727272727,-0.0103454545454545
376,"A_threshold",2800,0.7,-0.0124597478047852,-0.0124248828906767,0.00222527727205318,-0.0163288947630645,-0.000805685130537859,1,0,-0.0101142857142857
376,"A_threshold",3400,0.85,-0.011237494718637,-0.0111341744349457,0.00115571787233846,-0.0129427371926063,-0.00491874025078129,1,0,-0.0100588235294118
376,"A_threshold",4000,1,-0.0115150719691998,-0.0115129453453401,0.00332267785325204,-0.0193910315209965,0.00343018726449346,0.9965,0,-0.01003
376,"B_smooth_logistic",1000,0.25,-0.0140336952992532,-0.0138902684822579,0.024738524102183,-0.0567050927940481,0.0304958969209296,0.657,0.435,-0.036897516962864
376,"B_smooth_logistic",1600,0.4,-0.0194072662231883,-0.0192339421199386,0.0329472398657335,-0.0728090497932999,0.0436563007173594,0.675,0.5175,-0.037103804926913
376,"B_smooth_logistic",2200,0.55,-0.0283799101003402,-0.0283599631753433,0.0324202963569859,-0.0843296122249752,0.0296284314807282,0.757727272727273,0.591363636363636,-0.0371891738915446
376,"B_smooth_logistic",2800,0.7,-0.0187096958691394,-0.0187108220992014,0.0237614374813345,-0.0607039330270418,0.0228983120414892,0.727857142857143,0.488214285714286,-0.0370628016140512
376,"B_smooth_logistic",3400,0.85,-0.0261282890546685,-0.0261156717164254,0.0155483479805235,-0.0528820781024152,0.0016378313351447,0.970294117647059,0.62,-0.0371681368295208
376,"B_smooth_logistic",4000,1,-0.0239377196056522,-0.0239355571813903,0.0160962173895307,-0.0512478968586232,0.00525580082585847,0.92,0.58175,-0.0372071279440211
377,"A_threshold",1000,0.25,-0.0209188269442498,-0.0216385667503313,0.0155088215148245,-0.096101209366008,0.00805914204043233,0.959,0.472,-0.00968
377,"A_threshold",1600,0.4,-0.0111544617847139,-0.0117829621611554,0.00855703248635577,-0.0529090638169694,0.00543613449059648,0.95375,0.16375,-0.009825
377,"A_threshold",2200,0.55,-0.0199927380340915,-0.0206238835257959,0.0137671061031387,-0.0835112275727135,0.0108418685045268,0.955,0.478636363636364,-0.00985454545454545
377,"A_threshold",2800,0.7,-0.0138369812152621,-0.0145020971457247,0.0039866091921636,-0.0328710685262981,-0.00474477914793939,1,0.0896428571428571,-0.00948571428571429
377,"A_threshold",3400,0.85,-0.0114446138891859,-0.0121658745425794,0.00277960347074976,-0.0247724480260251,-0.00445550780815431,1,0.00676470588235294,-0.00957647058823529
377,"A_threshold",4000,1,-0.0105535692454697,-0.0112177295311256,0.00465341626024439,-0.0232708158728653,0.0111195769457985,0.9845,0.0125,-0.00971
377,"B_smooth_logistic",1000,0.25,-0.0456566093854596,-0.0451462447418604,0.0520223952093059,-0.140230494205628,0.0470898261722383,0.774,0.639,-0.0371806776910625
377,"B_smooth_logistic",1600,0.4,-0.0592236894757903,-0.0591816749806097,0.041406996364757,-0.12928597865881,0.0172830256659154,0.9,0.78,-0.037337610622448
377,"B_smooth_logistic",2200,0.55,-0.0544212120986718,-0.0543703537630304,0.0306874406531682,-0.107526727273594,0.000426312302638898,0.995,0.822272727272727,-0.0370835938799746
377,"B_smooth_logistic",2800,0.7,-0.0583348129281896,-0.0583002916288122,0.0287835002254648,-0.108882561256138,-0.00864157734758132,1,0.882857142857143,-0.0370892659106108
377,"B_smooth_logistic",3400,0.85,-0.0546103532878086,-0.0546026693843932,0.0245039574786465,-0.096295396217163,-0.0113603847307509,1,0.9,-0.0372516834364102
377,"B_smooth_logistic",4000,1,-0.049071933501261,-0.0490873762986675,0.0228347370002468,-0.0884364112123308,-0.00945150740569244,1,0.86725,-0.037153079893184
378,"A_threshold",1000,0.25,0.00368978585635447,0.00341662460079379,0.0390269370403768,-0.119553787248126,0.110764984920711,0.45,0.265,-0.01016
378,"A_threshold",1600,0.4,-0.00047542788509658,-0.000616141303912832,0.0287879812595186,-0.0926405902063547,0.0773687881276398,0.508125,0.245,-0.010425
378,"A_threshold",2200,0.55,0.00341197630131189,0.00347961693393925,0.0265888709761851,-0.0733654796988795,0.112145713147214,0.455909090909091,0.191363636363636,-0.0104
378,"A_threshold",2800,0.7,-0.000414327147000418,-0.000259715116114237,0.026809435389809,-0.0745192091961259,0.113847000242428,0.522142857142857,0.2325,-0.0104428571428571
378,"A_threshold",3400,0.85,0.00142501013909595,0.00156219459244698,0.0242584902075264,-0.0758165014162183,0.101085200662436,0.485588235294118,0.187941176470588,-0.0102823529411765
378,"A_threshold",4000,1,-0.00131650131650131,-0.00139400604712203,0.0236570385167326,-0.0918930472057203,0.0826871399071041,0.5145,0.213,-0.01033
378,"B_smooth_logistic",1000,0.25,-0.0403431653436662,-0.0399651269671809,0.0140284645609069,-0.0621242011482301,-0.0128220404464228,1,0.89,-0.0383049960641185
378,"B_smooth_logistic",1600,0.4,-0.0493296807877247,-0.0495002483925332,0.0160917086086669,-0.0772496373122274,-0.0210019602324461,1,1,-0.0379145613345031
378,"B_smooth_logistic",2200,0.55,-0.040831355862859,-0.0410053152998295,0.013796964736065,-0.0654057224708064,-0.0170915517155986,1,0.940909090909091,-0.0379295071312498
378,"B_smooth_logistic",2800,0.7,-0.0372632843180022,-0.0374842586717738,0.0157165817983476,-0.0662533010123676,-0.0113813168763352,1,0.823928571428571,-0.0378690227542479
378,"B_smooth_logistic",3400,0.85,-0.0315374234402575,-0.0316295519927169,0.0139511685044017,-0.0570083916812057,-0.00862195039818216,1,0.742058823529412,-0.0377686224744328
378,"B_smooth_logistic",4000,1,-0.0305227546786097,-0.0305188098187139,0.016409213684099,-0.0611463836697653,-0.00415278863115483,1,0.67525,-0.037748448067729
379,"A_threshold",1000,0.25,-0.0147529441884281,-0.0144315277239652,0.00529888483483332,-0.0341946275596771,0.000844497335827886,0.999,0.14,-0.00956
379,"A_threshold",1600,0.4,-0.0144705814329626,-0.0143837991157779,0.00135918928170247,-0.0189018959065916,-0.0099600349412062,1,0,-0.00995
379,"A_threshold",2200,0.55,-0.0182286500284358,-0.0179656663058019,0.00282808340760575,-0.0311884201088335,-0.00923384763603996,1,0.232272727272727,-0.0100545454545455
379,"A_threshold",2800,0.7,-0.0144264042087985,-0.0142372417509817,0.00146422887203215,-0.0184947618527804,-0.00671289911137786,1,0,-0.0100142857142857
379,"A_threshold",3400,0.85,-0.0128393940736147,-0.0125267204347884,0.00349377870309789,-0.0288400377145253,-0.00124403493954933,1,0.0220588235294118,-0.00989411764705882
379,"A_threshold",4000,1,-0.0148568736576865,-0.0145314409489316,0.00361397738470482,-0.0320439614011853,-0.00347523099390373,1,0.07,-0.01001
379,"B_smooth_logistic",1000,0.25,-0.0372733418403062,-0.0362345557584713,0.0225665179315611,-0.0780548568107399,0.000556868629227145,0.991,0.692,-0.0370261551679263
379,"B_smooth_logistic",1600,0.4,-0.0344573083394317,-0.0339884162440647,0.0042547647906266,-0.0414916981545732,-0.026705181347575,1,1,-0.0367764703519662
379,"B_smooth_logistic",2200,0.55,-0.0461234705090077,-0.0461521920558147,0.0112995022582657,-0.0662277809575103,-0.0268064865135528,1,1,-0.0366860494476553
379,"B_smooth_logistic",2800,0.7,-0.0441748127822558,-0.0441162104157848,0.015121490598532,-0.070497569258727,-0.017709603430195,1,0.960357142857143,-0.036754028429981
379,"B_smooth_logistic",3400,0.85,-0.0430343847981031,-0.0432086677085827,0.0121563371851106,-0.065192274161072,-0.0225942541534379,1,1,-0.0368819065161418
379,"B_smooth_logistic",4000,1,-0.0410367149026517,-0.0411196364697157,0.0111880395083316,-0.0611737070477937,-0.021946039778266,1,1,-0.0369213379412192
380,"A_threshold",1000,0.25,-0.0136019586820502,-0.0136835570274388,0.0333883299847069,-0.111397823718699,0.0813131086394815,0.654,0.421,-0.00932
380,"A_threshold",1600,0.4,-0.0202317557938949,-0.020338828743052,0.0358429498270757,-0.12127158848047,0.0960696626718793,0.716875,0.52125,-0.00975
380,"A_threshold",2200,0.55,-0.0265708395789696,-0.0264822500630915,0.0177721356398239,-0.0757119174432322,0.0303890315704292,0.924545454545455,0.645454545454546,-0.00990909090909091
380,"A_threshold",2800,0.7,-0.0252618381045147,-0.0250158829103294,0.0156427562544144,-0.0743977322096811,0.0245300543755189,0.936071428571429,0.634285714285714,-0.00977142857142857
380,"A_threshold",3400,0.85,-0.0285156002603937,-0.0284839899868431,0.0124486420512753,-0.0723825899939332,0.00829268619525224,0.99,0.749117647058824,-0.00977647058823529
380,"A_threshold",4000,1,-0.0268195785398371,-0.0267651905962544,0.0127218799382981,-0.0703633605876956,0.0123001473404592,0.98125,0.70425,-0.00979
380,"B_smooth_logistic",1000,0.25,-0.0477041908167633,-0.047871626781571,0.0436641373260326,-0.122234604788322,0.0288818112899766,0.817,0.683,-0.0375989713005009
380,"B_smooth_logistic",1600,0.4,-0.0402665266526653,-0.0403760293366319,0.0218054997958785,-0.0791192014866792,-0.00340417700914669,1,0.7625,-0.0371774351919146
380,"B_smooth_logistic",2200,0.55,-0.0297174536114169,-0.0297522865572221,0.0226980478765076,-0.0697570998070836,0.00930400562687139,0.880454545454545,0.625,-0.0369553858432419
380,"B_smooth_logistic",2800,0.7,-0.0315418528274759,-0.0315634342655422,0.0219538108769819,-0.0708695444725196,0.00573524003345421,0.923214285714286,0.650357142857143,-0.037024576023884
380,"B_smooth_logistic",3400,0.85,-0.0279551043584565,-0.0280088287600658,0.0176028577291228,-0.059368577419655,0.00169288030857259,0.969705882352941,0.628823529411765,-0.0371977028463367
380,"B_smooth_logistic",4000,1,-0.0299517695659261,-0.0299630985251384,0.0161293729799228,-0.0586348450932103,-0.00292512842506178,1,0.677,-0.0371628860303127
381,"A_threshold",1000,0.25,-0.0287205430327869,-0.0283821833694075,0.013802277254066,-0.0879737529876311,0.00276073531081774,0.999,0.704,-0.00988
381,"A_threshold",1600,0.4,-0.0234872530587814,-0.0239996624511786,0.00512275021940529,-0.0439278253201339,-0.0102033018349354,1,0.7725,-0.010025
381,"A_threshold",2200,0.55,-0.00850310331030789,-0.0090027852943948,0.00381176846043725,-0.0253977916184607,0.000417200489367352,0.999090909090909,0.00863636363636364,-0.0098
381,"A_threshold",2800,0.7,-0.00343525088050635,-0.00410470821134082,0.0068597794819206,-0.0190998622559615,0.0284544999433545,0.751071428571429,0,-0.00957142857142857
381,"A_threshold",3400,0.85,-0.0026686450812774,-0.00309404688694881,0.0128558861989291,-0.0344679129258246,0.0546062490834327,0.632941176470588,0.0764705882352941,-0.00938823529411765
381,"A_threshold",4000,1,-0.00200326174027673,-0.00246375567573325,0.0155079600304091,-0.0417700439700991,0.0649331160360566,0.601,0.121,-0.00929
381,"B_smooth_logistic",1000,0.25,-0.0315701877568003,-0.0317123399204762,0.039597874672939,-0.108233479626342,0.0324093231791189,0.741,0.566,-0.0374364765812673
381,"B_smooth_logistic",1600,0.4,-0.0342854909929272,-0.0344303376688044,0.0329263522083451,-0.0970733022476971,0.0183212032763419,0.811875,0.61625,-0.0376355501750215
381,"B_smooth_logistic",2200,0.55,-0.0331936353245603,-0.0331237384557452,0.0258731087456812,-0.081411690068717,0.00851328464549722,0.883181818181818,0.632727272727273,-0.0374826757704026
381,"B_smooth_logistic",2800,0.7,-0.0365525696696784,-0.0364585774374106,0.02432186342737,-0.0801825579763987,0.00436627326752727,0.938214285714286,0.693214285714286,-0.0374419807626512
381,"B_smooth_logistic",3400,0.85,-0.0442347300349914,-0.0441439773889628,0.0148816446377545,-0.0705481372997159,-0.0188367231569108,1,0.973235294117647,-0.0375015608737693
381,"B_smooth_logistic",4000,1,-0.0440204304761019,-0.0438064992466992,0.0124606280844761,-0.066662437944872,-0.0234002090174771,1,1,-0.0374543381012487
382,"A_threshold",1000,0.25,-0.0200236985796865,-0.0194535898430028,0.0272856468870671,-0.0934492970127336,0.0665766453739229,0.774,0.519,-0.0096
382,"A_threshold",1600,0.4,-0.0196019601960196,-0.0190294628168379,0.027157538964113,-0.0861969450383235,0.0882259118547913,0.778125,0.52,-0.0098
382,"A_threshold",2200,0.55,-0.0175666872782464,-0.0174207907319367,0.0175602324458878,-0.0533036789853174,0.0627975973614713,0.847272727272727,0.490454545454545,-0.00987272727272727
382,"A_threshold",2800,0.7,-0.0150389944270348,-0.0146230483090932,0.0154399327704383,-0.0459610017226265,0.0555111519207023,0.836785714285714,0.413214285714286,-0.00994285714285714
382,"A_threshold",3400,0.85,-0.0121224033308234,-0.0118235661987341,0.00796561641455298,-0.0268557021436919,0.0257040571395962,0.914411764705882,0.137058823529412,-0.0100941176470588
382,"A_threshold",4000,1,-0.0138767790429806,-0.0133562622214738,0.0107987216559243,-0.0352106635589549,0.0369306717804775,0.8825,0.306,-0.00991
382,"B_smooth_logistic",1000,0.25,-0.0422580322290061,-0.0423161274350632,0.0266988502208156,-0.0876918993942664,0.00500256227363999,0.961,0.739,-0.0369103548484403
382,"B_smooth_logistic",1600,0.4,-0.0492056014061426,-0.0491890249543893,0.0273147835241662,-0.0900872320414138,0.00686740235058864,0.965625,0.80375,-0.0371910394511888
382,"B_smooth_logistic",2200,0.55,-0.0358242894056848,-0.0357802037073716,0.0238173628955816,-0.0749636658321826,0.0080043090518666,0.926818181818182,0.701363636363636,-0.0369940096168038
382,"B_smooth_logistic",2800,0.7,-0.039078573527971,-0.0389187355569125,0.0180176456339408,-0.0666303419460291,-0.00424196794641216,1,0.795714285714286,-0.0370945307212266
382,"B_smooth_logistic",3400,0.85,-0.0356278621621472,-0.0354417539610376,0.0166751079318868,-0.0622585038501561,-0.00452979617249645,1,0.767352941176471,-0.03711929414383
382,"B_smooth_logistic",4000,1,-0.0381910929959241,-0.0380831084828387,0.0233869102234044,-0.0765667297132304,0.00478330146514962,0.95575,0.727,-0.0371865726395289
383,"A_threshold",1000,0.25,0.000608155687856091,0.00126037462972286,0.0209006932644347,-0.0535969093117687,0.0919305292886447,0.519,0.158,-0.00896
383,"A_threshold",1600,0.4,-0.010963596359636,-0.0108461863151016,0.0328432466648888,-0.118097148283469,0.131096473542045,0.644375,0.390625,-0.009025
383,"A_threshold",2200,0.55,-0.0119927266716258,-0.0119313160276333,0.0233387271944717,-0.0977493607964427,0.076065620526619,0.695,0.353636363636364,-0.00923636363636364
383,"A_threshold",2800,0.7,-0.00385955507906728,-0.00383970575961582,0.0117691496275116,-0.0513558575770522,0.0343499499807974,0.606785714285714,0.0864285714285714,-0.00942857142857143
383,"A_threshold",3400,0.85,0.00110822510822511,0.00113039243718783,0.0141721722428194,-0.0547479908617178,0.050979558399033,0.458235294117647,0.0688235294117647,-0.00962352941176471
383,"A_threshold",4000,1,-0.000869587841380776,-0.000852027666605389,0.00877112067837418,-0.0359747552946261,0.0293588946990064,0.52925,0.01975,-0.00949
383,"B_smooth_logistic",1000,0.25,-0.0365026691675083,-0.036214431893733,0.0108907378675782,-0.0516935528525703,-0.014546800539283,1,0.889,-0.0371490827228491
383,"B_smooth_logistic",1600,0.4,-0.0295213393804943,-0.0295135097551453,0.0128291618035924,-0.0514664378005826,-0.00723977097692707,1,0.709375,-0.0371172943971566
383,"B_smooth_logistic",2200,0.55,-0.0455587925370359,-0.0455794934635744,0.0224451097546005,-0.0861395080155021,-0.00909648501580344,1,0.833636363636364,-0.0372628321831912
383,"B_smooth_logistic",2800,0.7,-0.0488191676310488,-0.0488874204025904,0.0244513599060727,-0.0937412010247103,-0.00963768806873053,1,0.845,-0.0371795556472005
383,"B_smooth_logistic",3400,0.85,-0.0519772275213129,-0.0519410941790986,0.0240434171137334,-0.0960411398661709,-0.0130500655483155,1,0.898529411764706,-0.0372234116335975
383,"B_smooth_logistic",4000,1,-0.0516018127832474,-0.051618298839349,0.0222536653343988,-0.0924170761252445,-0.0156661653426858,1,0.933,-0.037265574626027
384,"A_threshold",1000,0.25,0.00285604569673115,0.00389317749716792,0.0384023785810768,-0.0905506795470243,0.169167435461763,0.5,0.288,-0.00948
384,"A_threshold",1600,0.4,-0.00225630640766018,-0.00167716507391091,0.0242438478885832,-0.0525286937460732,0.116088155211789,0.574375,0.235,-0.0103
384,"A_threshold",2200,0.55,-0.0144730434811365,-0.013827648305763,0.0200506018667692,-0.0639469411368125,0.0782334813947116,0.770909090909091,0.420909090909091,-0.00990909090909091
384,"A_threshold",2800,0.7,-0.0144891578910827,-0.0136110161129292,0.0226573277924891,-0.0679835445700389,0.0932798962216101,0.748571428571429,0.428928571428571,-0.0102
384,"A_threshold",3400,0.85,-0.0152353764901914,-0.0145040426389885,0.0182177461850451,-0.0595775806723989,0.0681980086002772,0.799117647058823,0.415,-0.0101058823529412
384,"A_threshold",4000,1,-0.0125369810919508,-0.0116455437036346,0.0218278444421616,-0.0694499631433034,0.083883788338401,0.7275,0.37475,-0.01007
384,"B_smooth_logistic",1000,0.25,-0.0386646186338981,-0.0377926885999845,0.00188011576099111,-0.0394641877091421,-0.0329759666952421,1,1,-0.0375637741901056
384,"B_smooth_logistic",1600,0.4,-0.0242694170964213,-0.0239286231245794,0.0017807653681486,-0.0257665390108294,-0.019764573968053,1,0.98625,-0.0374167579765821
384,"B_smooth_logistic",2200,0.55,-0.0309789404694901,-0.0310220825009007,0.00382727944076471,-0.0360449432865433,-0.0228376380643995,1,1,-0.0372738058924533
384,"B_smooth_logistic",2800,0.7,-0.0310855656808496,-0.0312033517471914,0.00531576656399267,-0.0410610456643255,-0.0226395883716184,1,1,-0.0374367116879399
384,"B_smooth_logistic",3400,0.85,-0.0287178113685729,-0.0287716871461795,0.000983490409574665,-0.030328739680327,-0.0269654266735799,1,1,-0.0374456919226577
384,"B_smooth_logistic",4000,1,-0.0293014519453788,-0.0293669095322653,0.00365248124910926,-0.0359488208551046,-0.0233704108560179,1,1,-0.0374393980693613
385,"A_threshold",1000,0.25,0.00262605883012282,0.00312498916425695,0.0362812801781398,-0.138135550448931,0.0963888813984354,0.447,0.236,-0.00896
385,"A_threshold",1600,0.4,0.00730164286964567,0.00776339427730835,0.0274596630272059,-0.0995498776744257,0.0788342618863698,0.371875,0.1525,-0.00885
385,"A_threshold",2200,0.55,0.00579550067421267,0.00611385963484222,0.0219281212996403,-0.0798468922397459,0.0694804557575997,0.375454545454545,0.120909090909091,-0.0092
385,"A_threshold",2800,0.7,0.00570228091236495,0.00557609004043324,0.0174281415882761,-0.0507412647682461,0.0695803013852926,0.381785714285714,0.0678571428571429,-0.00931428571428571
385,"A_threshold",3400,0.85,0.00188587840409703,0.00152305617611671,0.0107177175601389,-0.0302838675121442,0.0442704550081058,0.461470588235294,0.0173529411764706,-0.00925882352941177
385,"A_threshold",4000,1,-0.00483330920803779,-0.00502241771666373,0.0152123811144977,-0.052677841430059,0.0519806531745455,0.637,0.16375,-0.00949
385,"B_smooth_logistic",1000,0.25,-0.0116290726817043,-0.0109720726321406,0.0170563821767158,-0.0370065928663293,0.0233031584734932,0.71,0.373,-0.0376262321652512
385,"B_smooth_logistic",1600,0.4,-0.0189804398373016,-0.0192082974525944,0.02068040590755,-0.0575644923559982,0.014303162009335,0.77,0.4625,-0.0372536746396923
385,"B_smooth_logistic",2200,0.55,-0.0211425956225136,-0.0211094117959109,0.0281213087868605,-0.0753368675485798,0.0220318703008466,0.705,0.475,-0.0372232947421368
385,"B_smooth_logistic",2800,0.7,-0.0281813077433515,-0.0280422349362328,0.02071297597207,-0.0664311223689969,0.00543052026197041,0.9125,0.595714285714286,-0.0371827307201472
385,"B_smooth_logistic",3400,0.85,-0.0296194613283393,-0.0295508650852713,0.00997894377374214,-0.0475567395661799,-0.0129751721128649,1,0.781470588235294,-0.0371248686799054
385,"B_smooth_logistic",4000,1,-0.0291792716890613,-0.0291481299069351,0.0125689844767633,-0.0517452163726438,-0.00802713750283195,1,0.70675,-0.0371669143203162
386,"A_threshold",1000,0.25,0.0127467352259212,0.0124580287908793,0.00315939109569882,0.00319433585334367,0.0253870387107178,0,0,-0.00992
386,"A_threshold",1600,0.4,0.0120762076207621,0.0120156470225819,0.0101792789145152,-0.0183858677252254,0.0537049917228796,0.119375,0,-0.009625
386,"A_threshold",2200,0.55,0.000361159711105286,0.000446219749694495,0.0170150903473678,-0.0452767020584157,0.0792844193508746,0.520909090909091,0.110454545454545,-0.00961818181818182
386,"A_threshold",2800,0.7,0.00630002102388354,0.00586267097427041,0.0198183720471117,-0.043550728786004,0.102204979212342,0.412857142857143,0.085,-0.00972857142857143
386,"A_threshold",3400,0.85,0.0133760384539906,0.0130003045928975,0.0143314514212889,-0.0238868503070526,0.0797047655514471,0.181764705882353,0.00117647058823529,-0.00998823529411765
386,"A_threshold",4000,1,0.01662804797522,0.0165772789646204,0.0169618259499172,-0.0257910580890908,0.0975584482566598,0.1625,0.00225,-0.01006
386,"B_smooth_logistic",1000,0.25,-0.0503562014248057,-0.0506268461993808,0.0325650970271719,-0.11554394848273,-0.0034727421230409,1,0.766,-0.0369468293454819
386,"B_smooth_logistic",1600,0.4,-0.0476764199655766,-0.0481918711706498,0.0163744478156914,-0.0785390002204601,-0.0225425164963439,1,1,-0.0373345192913403
386,"B_smooth_logistic",2200,0.55,-0.0551025671547038,-0.0552142632329103,0.00483547019755047,-0.0637766970393725,-0.0471695364151593,1,1,-0.0372333201857131
386,"B_smooth_logistic",2800,0.7,-0.0560665839792121,-0.0561216718445176,0.0244223665733002,-0.100090938751409,-0.0163334621624963,1,0.945357142857143,-0.03744462412726
386,"B_smooth_logistic",3400,0.85,-0.0499770931402606,-0.0500894277585949,0.022009484799102,-0.0902457131584691,-0.0144586787819077,1,0.91,-0.0373469421044332
386,"B_smooth_logistic",4000,1,-0.0493365251795414,-0.0494417049960444,0.0229549472715483,-0.0905630476805523,-0.0116215942523702,1,0.8775,-0.0373714794843032
387,"A_threshold",1000,0.25,-0.0450096203463325,-0.044001428034892,0.0250603765594796,-0.133890167121949,0.0266757769576168,0.97,0.836,-0.0094
387,"A_threshold",1600,0.4,-0.033795651005369,-0.0333228146476926,0.0276431300405962,-0.134076838895399,0.0592598273814693,0.89375,0.683125,-0.009525
387,"A_threshold",2200,0.55,-0.0257868501941039,-0.0253084661306024,0.0154110511564931,-0.0855148061655156,0.0207399485641735,0.961818181818182,0.614545454545455,-0.00967272727272727
387,"A_threshold",2800,0.7,-0.0246776643362138,-0.0241714294374647,0.0138402356937756,-0.0848226101778279,0.0177181627420779,0.97,0.599642857142857,-0.00968571428571429
387,"A_threshold",3400,0.85,-0.0292423643169036,-0.0289426597271273,0.0154103027342797,-0.0942530574695206,0.0206562682906436,0.975882352941176,0.711470588235294,-0.00972941176470588
387,"A_threshold",4000,1,-0.026563164079102,-0.0262548928737627,0.0229104022725895,-0.130356197040454,0.0424155570758835,0.88125,0.58675,-0.00989
387,"B_smooth_logistic",1000,0.25,-0.0658814869341185,-0.0658494279396287,0.0102328868344689,-0.0830467892441408,-0.0477923203459736,1,1,-0.0370641611799594
387,"B_smooth_logistic",1600,0.4,-0.064006400640064,-0.0640115369331641,0.00755732061390354,-0.0769240884002457,-0.0505246011825463,1,1,-0.0369237796836832
387,"B_smooth_logistic",2200,0.55,-0.0448216357740026,-0.0447492792467127,0.0192234134006514,-0.0760132563187996,-0.00893389448874515,1,0.860909090909091,-0.0367229774405768
387,"B_smooth_logistic",2800,0.7,-0.038507858746683,-0.0385167919816904,0.0138654517400845,-0.0624870186788205,-0.0142112484792293,1,0.875357142857143,-0.0371338665419538
387,"B_smooth_logistic",3400,0.85,-0.0332084779828248,-0.0331587076946467,0.0111235086549597,-0.0518519914753671,-0.0130356028705662,1,0.841764705882353,-0.0373129517900547
387,"B_smooth_logistic",4000,1,-0.0392909601165066,-0.0392931757630053,0.0110756286744184,-0.0586240358669906,-0.0198712686675581,1,0.997,-0.0370441228585071
388,"A_threshold",1000,0.25,-0.0305378688005642,-0.0306617739534775,0.0142887900189642,-0.0704882756065394,0.0171180774076576,0.978,0.786,-0.00976
388,"A_threshold",1600,0.4,-0.0124853070302436,-0.0122303456751691,0.0124067264420828,-0.0369119045953437,0.0390665320346626,0.843125,0.2925,-0.010625
388,"A_threshold",2200,0.55,-0.0116254439181966,-0.0115303373047566,0.0204961391941596,-0.0646751405110618,0.088467607813623,0.722272727272727,0.364545454545455,-0.0103272727272727
388,"A_threshold",2800,0.7,-0.0120690597141966,-0.0118935203559207,0.0209123893953489,-0.0609899651060707,0.0986386150368418,0.737142857142857,0.383214285714286,-0.0100142857142857
388,"A_threshold",3400,0.85,-0.0147208473226957,-0.0145916362246034,0.0214905599834004,-0.0675140015567181,0.0948409249401409,0.772941176470588,0.432058823529412,-0.00995294117647059
388,"A_threshold",4000,1,-0.0155395211282261,-0.0152886122509951,0.0185851668240482,-0.064734367062628,0.0737648218677217,0.805,0.42175,-0.00983
388,"B_smooth_logistic",1000,0.25,-0.0467198411173041,-0.0464968427601673,0.000604128380081201,-0.047073369713254,-0.0449243188962404,1,1,-0.0375396902610947
388,"B_smooth_logistic",1600,0.4,-0.0302467792853778,-0.0296670141950828,0.0149934137164569,-0.0591739959093181,-0.00661453793491274,1,0.679375,-0.0372133094725226
388,"B_smooth_logistic",2200,0.55,-0.0261849678459252,-0.0261328014595867,0.0184275284023556,-0.0608460440706736,0.00346590873912984,0.935,0.584545454545455,-0.0371658344987343
388,"B_smooth_logistic",2800,0.7,-0.030727969348659,-0.0306233016331547,0.0201699891714079,-0.0667624807126247,0.00307286852548395,0.954285714285714,0.646785714285714,-0.0376178042214141
388,"B_smooth_logistic",3400,0.85,-0.0265035062977462,-0.0265486791796474,0.0228982416562888,-0.0681623429329178,0.0109124198056872,0.841176470588235,0.567352941176471,-0.0376621216850739
388,"B_smooth_logistic",4000,1,-0.0258416560286351,-0.0258865105412782,0.0224238444250179,-0.0658049097427784,0.0116929816984538,0.8355,0.569,-0.0375241921712237
389,"A_threshold",1000,0.25,-0.0238223822382238,-0.0239654271852003,0.0279287733175909,-0.106562435953102,0.0733559091751965,0.814,0.578,-0.01052
389,"A_threshold",1600,0.4,-0.0134032588499482,-0.0139055140714455,0.0260644174146467,-0.0878902509592066,0.078324642478634,0.71625,0.448125,-0.01015
389,"A_threshold",2200,0.55,-0.0130509417323511,-0.0134281244523109,0.0330938655286889,-0.107487943955918,0.129049007136377,0.692272727272727,0.459545454545455,-0.00990909090909091
389,"A_threshold",2800,0.7,-0.0121504511748414,-0.0126167731943621,0.0334364782602722,-0.0943068039707724,0.143450843999417,0.692857142857143,0.462142857142857,-0.0100428571428571
389,"A_threshold",3400,0.85,-0.0104042344046416,-0.0108727104735147,0.0329558677094492,-0.0897450660379863,0.146830865966978,0.678235294117647,0.444117647058824,-0.0100117647058824
389,"A_threshold",4000,1,-0.00618172614122829,-0.00685193668012144,0.0337022943892131,-0.0842407171023189,0.188162541304863,0.63675,0.39625,-0.0099
389,"B_smooth_logistic",1000,0.25,-0.0292299314498046,-0.0293508557038954,0.00567523689712383,-0.0385523036416066,-0.0192732260073632,1,0.968,-0.0367628668663948
389,"B_smooth_logistic",1600,0.4,-0.0378936738621034,-0.037835267354953,0.00733521490957333,-0.0503978147070819,-0.0253071453546372,1,1,-0.0369591750147059
389,"B_smooth_logistic",2200,0.55,-0.0261179709109196,-0.025934807288704,0.00546652493703375,-0.0355273439604046,-0.016883088081457,1,0.806363636363636,-0.0370320680809777
389,"B_smooth_logistic",2800,0.7,-0.0220291221566253,-0.0220324988236838,0.00590695485282826,-0.0323487571593229,-0.0121139167849259,1,0.601785714285714,-0.0369024918275683
389,"B_smooth_logistic",3400,0.85,-0.0232287920619822,-0.0232273533771749,0.00797043583647459,-0.0369741105087997,-0.00961859413635063,1,0.616176470588235,-0.0370635412266694
389,"B_smooth_logistic",4000,1,-0.0270725816391251,-0.0270338444729541,0.00287288229452566,-0.0317920455567264,-0.0219709962939794,1,1,-0.037135173432599
390,"A_threshold",1000,0.25,-0.0370014723769285,-0.0369909695314875,0.0231385631313375,-0.124126594282842,0.0343534174844673,0.95,0.769,-0.0102
390,"A_threshold",1600,0.4,-0.0203932060151363,-0.0204768228646587,0.00343579243956415,-0.0321443250607166,-0.00909971380367432,1,0.553125,-0.01015
390,"A_threshold",2200,0.55,-0.010581853163151,-0.0106094037306107,0.000883350837310423,-0.0135201044269078,-0.00765540196958915,1,0,-0.0105090909090909
390,"A_threshold",2800,0.7,-0.0140332330060579,-0.0140515577425728,0.000563735692692616,-0.0161471594316658,-0.0123361831316906,1,0,-0.0103
390,"A_threshold",3400,0.85,-0.015743344997121,-0.0158264524481639,0.00981141790069048,-0.0437999628655586,0.0251471484810224,0.934705882352941,0.351764705882353,-0.0104
390,"A_threshold",4000,1,-0.0110852771319283,-0.0112331870283016,0.0124968715016337,-0.0470292112877853,0.0418432864059507,0.8185,0.2465,-0.01023
390,"B_smooth_logistic",1000,0.25,-0.0325296042224812,-0.0321887490776814,0.00082574142844452,-0.0334042410808632,-0.0305745613311995,1,1,-0.0374296463869408
390,"B_smooth_logistic",1600,0.4,-0.0275795871660028,-0.0273600582397872,0.00234427723282426,-0.0310752443430858,-0.0229185099696616,1,1,-0.0371772711988652
390,"B_smooth_logistic",2200,0.55,-0.0231176130258699,-0.0230610457325583,0.00814702222051068,-0.0376845619556225,-0.00947374796937271,1,0.600909090909091,-0.0371467106545421
390,"B_smooth_logistic",2800,0.7,-0.0326689663200848,-0.0326852851487695,0.00854382386127438,-0.047833053336711,-0.0183991592851008,1,0.938928571428571,-0.0373071123809371
390,"B_smooth_logistic",3400,0.85,-0.0322596729158357,-0.0322516506283018,0.0150885362800364,-0.0581676298043606,-0.0061824843888641,1,0.734705882352941,-0.0373488612189959
390,"B_smooth_logistic",4000,1,-0.0398138592310435,-0.0398041300443482,0.0165033102935838,-0.0691030412026452,-0.0120265573649764,1,0.84825,-0.0372581559407491
391,"A_threshold",1000,0.25,0.00484234369434806,0.00486751194005474,0.0211182990252623,-0.0704411708105341,0.072093692257611,0.4,0.127,-0.00952
391,"A_threshold",1600,0.4,-0.0175,-0.0174799719059472,0.0125098512949378,-0.0598840541736391,0.0227127598058743,0.920625,0.4125,-0.0096
391,"A_threshold",2200,0.55,-0.0048101717776808,-0.00486330396089997,0.0159483866752952,-0.0562714762892072,0.0479939216916599,0.619090909090909,0.165909090909091,-0.00992727272727273
391,"A_threshold",2800,0.7,-0.00316531258227058,-0.00304240203463781,0.0175207294305835,-0.0660920015687477,0.0483033113496683,0.553214285714286,0.161785714285714,-0.0098
391,"A_threshold",3400,0.85,-0.0066552608120304,-0.00668832298027653,0.0205628430338604,-0.0728938419696895,0.06219252320329,0.623529411764706,0.250882352941176,-0.00970588235294118
391,"A_threshold",4000,1,-0.012,-0.0122303121145239,0.0155385716795673,-0.0561214200278676,0.0467596505382415,0.79075,0.315,-0.00988
391,"B_smooth_logistic",1000,0.25,-0.0495711725550435,-0.0491555967092416,0.0331453912239719,-0.109482297287785,0.00804529798148879,0.939,0.767,-0.0382332896529604
391,"B_smooth_logistic",1600,0.4,-0.0388621794871795,-0.0388232070669965,0.0163956156621067,-0.0683251470681897,-0.0111318625535887,1,0.835,-0.0382085355189428
391,"B_smooth_logistic",2200,0.55,-0.0404184930940369,-0.0400103046512689,0.0175060824905623,-0.0726652038412633,-0.0119099220245759,1,0.838636363636364,-0.0381831929845086
391,"B_smooth_logistic",2800,0.7,-0.0463096281137736,-0.0458311766769686,0.0199733737348789,-0.0838969996292143,-0.0146298645919876,1,0.894285714285714,-0.0379266277559544
391,"B_smooth_logistic",3400,0.85,-0.0460630204841507,-0.045631977415199,0.019153390331078,-0.0820612559508945,-0.0155267019418861,1,0.915588235294118,-0.0374961195962463
391,"B_smooth_logistic",4000,1,-0.04796918767507,-0.0474833564449042,0.0199385979386593,-0.0851978894641685,-0.015771372635636,1,0.92425,-0.0374149202359279
392,"A_threshold",1000,0.25,-0.0392553297968171,-0.0392687913537841,0.0282021487639543,-0.136618217911675,0.0577965116724614,0.928,0.754,-0.00908
392,"A_threshold",1600,0.4,-0.0300179970025898,-0.029840560598645,0.00968744725016966,-0.0583555226677424,0.0158330763279081,0.996875,0.8525,-0.009525
392,"A_threshold",2200,0.55,-0.0267604049865875,-0.0259885833677569,0.0145133179774024,-0.0612108559985775,0.0564063989948088,0.946818181818182,0.706363636363636,-0.00994545454545455
392,"A_threshold",2800,0.7,-0.0224340772240055,-0.0220322959261661,0.0155785651455618,-0.0642211267789929,0.0565218555384035,0.915357142857143,0.582857142857143,-0.00994285714285714
392,"A_threshold",3400,0.85,-0.0248387619241423,-0.0244308871215906,0.0188135583030964,-0.0750934196839395,0.0722606011343482,0.897352941176471,0.63,-0.00991764705882353
392,"A_threshold",4000,1,-0.0216094383201338,-0.0213258498611553,0.0190766555707887,-0.0748324044651626,0.0720838775704387,0.8655,0.555,-0.00993
392,"B_smooth_logistic",1000,0.25,-0.063300051203277,-0.0626311280499903,0.0172629471399642,-0.0947050820140459,-0.0334046123898219,1,1,-0.0380583965050749
392,"B_smooth_logistic",1600,0.4,-0.0506100867043443,-0.0498794270288497,0.0243909768639004,-0.097241753730467,-0.0116984693058559,1,0.868125,-0.0377979636035825
392,"B_smooth_logistic",2200,0.55,-0.0375981486073229,-0.0374592830288322,0.0262496328927183,-0.0901936844134104,0.000809724623447361,0.982727272727273,0.667727272727273,-0.037905356493354
392,"B_smooth_logistic",2800,0.7,-0.0316072114714874,-0.0312077451942367,0.0242730549765404,-0.0791059977928806,0.00499822528434059,0.906428571428571,0.607142857142857,-0.0379758477204504
392,"B_smooth_logistic",3400,0.85,-0.0226414519763688,-0.0222906287003982,0.0242609679841221,-0.0691250014646257,0.0149546621965592,0.758823529411765,0.502352941176471,-0.0380262441136407
392,"B_smooth_logistic",4000,1,-0.023327572204152,-0.0229626693846269,0.0253608672785272,-0.0718502855282759,0.016312152304399,0.7545,0.5095,-0.0380031948213787
393,"A_threshold",1000,0.25,0.00259216589861751,0.00281726906167663,0.0118008458552697,-0.0351714753985641,0.0483912546961844,0.42,0.02,-0.0098
393,"A_threshold",1600,0.4,0.00768870135958744,0.00781718144004138,0.0234232465683876,-0.0652488614995669,0.101061078390449,0.391875,0.11125,-0.0096
393,"A_threshold",2200,0.55,-0.00166955946772461,-0.00166263819177965,0.0187910123237849,-0.0615556472799078,0.0718884983224816,0.558636363636364,0.164090909090909,-0.0094
393,"A_threshold",2800,0.7,-0.00351435026357626,-0.00354529281259973,0.0170053831141097,-0.0592786414148609,0.0614673530127001,0.601785714285714,0.1675,-0.00955714285714286
393,"A_threshold",3400,0.85,-0.00922130048435357,-0.00903031481157019,0.0194858509872608,-0.0664805938060193,0.0721931724431302,0.707058823529412,0.307352941176471,-0.00974117647058824
393,"A_threshold",4000,1,-0.00860771519287983,-0.00847630641751885,0.0126637369216304,-0.0425443818633881,0.0471665279891542,0.76875,0.18075,-0.00978
393,"B_smooth_logistic",1000,0.25,-0.0476247773980844,-0.0462670624859634,0.0286051318685967,-0.0907842975332765,0.00766659145855962,0.938,0.766,-0.0370571700537699
393,"B_smooth_logistic",1600,0.4,-0.0426814293155798,-0.0428574352040451,0.0228882076407691,-0.082794792904027,-0.00362073586905649,1,0.789375,-0.0373848358278998
393,"B_smooth_logistic",2200,0.55,-0.0421861130615652,-0.0425662814821592,0.0138810017914393,-0.0681060579113455,-0.0202442115415259,1,1,-0.0375206720810174
393,"B_smooth_logistic",2800,0.7,-0.0476243709288074,-0.0479042829080837,0.0176066961197024,-0.0803222715303009,-0.0194505338975812,1,0.991071428571429,-0.0374863323397925
393,"B_smooth_logistic",3400,0.85,-0.04882841225299,-0.049050644206024,0.0188098102117059,-0.0830304772165013,-0.0181491496338078,1,0.969705882352941,-0.0375355982932503
393,"B_smooth_logistic",4000,1,-0.0490664842611489,-0.0492598032072317,0.0117884396536316,-0.0709118999930086,-0.0300305129810285,1,1,-0.0374529193105245
394,"A_threshold",1000,0.25,-0.0156890368852459,-0.0157238492302172,0.0192292941031117,-0.0775054691341768,0.0875834488401877,0.795,0.427,-0.00964
394,"A_threshold",1600,0.4,-0.0280683492984866,-0.0281926095325436,0.0273448353145716,-0.109719090257754,0.132539651028933,0.8525,0.6475,-0.009975
394,"A_threshold",2200,0.55,-0.0421067773112474,-0.0425195579398889,0.0130826412879139,-0.0743257910462874,0.0482403664086538,0.996363636363636,0.942727272727273,-0.0102181818181818
394,"A_threshold",2800,0.7,-0.0260891842747354,-0.02615159508894,0.0179789115756884,-0.0810486886991033,0.0743465608865613,0.926428571428571,0.648571428571429,-0.0101571428571429
394,"A_threshold",3400,0.85,-0.0175682096032394,-0.017575176700476,0.0198760105098903,-0.0852173198174632,0.0790090686161965,0.815588235294118,0.450588235294118,-0.0101058823529412
394,"A_threshold",4000,1,-0.0190955047738762,-0.01898942527202,0.0219843104099062,-0.0776854201444603,0.121659531132045,0.815,0.512,-0.0102
394,"B_smooth_logistic",1000,0.25,-0.0230830991569651,-0.0240553348593024,0.0302826481145027,-0.0853366176664509,0.0198849321034268,0.714,0.502,-0.0374264071407517
394,"B_smooth_logistic",1600,0.4,-0.0145043713519878,-0.0148289555883239,0.0322932424419343,-0.0758369806011012,0.036408284485166,0.616875,0.44875,-0.0374066053027038
394,"B_smooth_logistic",2200,0.55,-0.0287449188379249,-0.0289091277166346,0.0187245115980899,-0.061120133577004,0.00332739916920086,0.942272727272727,0.634090909090909,-0.037506831939949
394,"B_smooth_logistic",2800,0.7,-0.0270611218222909,-0.0271833362605618,0.0128412515561185,-0.0496540739889461,-0.00517469015280692,1,0.656428571428571,-0.0374545087476919
394,"B_smooth_logistic",3400,0.85,-0.0315200771174046,-0.0315619693163212,0.00922829118000085,-0.0475604659551178,-0.0156626157430377,1,0.858235294117647,-0.0374447256940808
394,"B_smooth_logistic",4000,1,-0.0370783705334801,-0.0371340725971159,0.0140982703417499,-0.0614462073046756,-0.0126643772271173,1,0.84925,-0.0374696781866065
395,"A_threshold",1000,0.25,-0.023489503328213,-0.0235014705414953,0.0401565979710662,-0.10700916148726,0.170465534798587,0.77,0.614,-0.00988
395,"A_threshold",1600,0.4,-0.0284382109552739,-0.0294031254347281,0.0213626090962574,-0.0579565354577567,0.0872805871200558,0.91125,0.745625,-0.0097
395,"A_threshold",2200,0.55,-0.0141496920225026,-0.0144526317661916,0.0166563255904486,-0.049858979896117,0.104864237809595,0.821363636363636,0.414090909090909,-0.00965454545454546
395,"A_threshold",2800,0.7,-0.0208981297806513,-0.0210646237424287,0.0243071966376814,-0.0856684857458778,0.133959353150082,0.816428571428571,0.560714285714286,-0.00962857142857143
395,"A_threshold",3400,0.85,-0.0171597633136095,-0.0172536851945791,0.0201050097205788,-0.0795629664056135,0.095092917144012,0.811764705882353,0.463235294117647,-0.00955294117647059
395,"A_threshold",4000,1,-0.0145425908911931,-0.0147475405467549,0.0235010601061355,-0.0866713439916364,0.120847421620508,0.7485,0.434,-0.00969
395,"B_smooth_logistic",1000,0.25,-0.0526433691756272,-0.0525855390126187,0.0154354422557752,-0.0775002018584926,-0.0244422273671134,1,1,-0.0376941961273081
395,"B_smooth_logistic",1600,0.4,-0.0556476575451842,-0.0556538975090046,0.000773645563042392,-0.056946628700779,-0.0542927306351421,1,1,-0.037723776447518
395,"B_smooth_logistic",2200,0.55,-0.0462025175227418,-0.0461830460042981,0.014438967353451,-0.0707924926735443,-0.0208533680337145,1,1,-0.0374825682745825
395,"B_smooth_logistic",2800,0.7,-0.0399363924560963,-0.0398479947051691,0.0145796510547209,-0.0656347244614614,-0.0152873857999158,1,0.903571428571429,-0.037285532666055
395,"B_smooth_logistic",3400,0.85,-0.0382861815593324,-0.0380080722215142,0.0185489422624148,-0.0717286129765481,-0.00763156261149818,1,0.777941176470588,-0.0373846329055689
395,"B_smooth_logistic",4000,1,-0.0383296560431524,-0.0381187789246756,0.0172782844316672,-0.069581780103065,-0.00975121786967741,1,0.80475,-0.0373472971801305
396,"A_threshold",1000,0.25,-0.00124049619847938,-0.00130333405870923,0.00183557892975533,-0.00668609497103795,0.00542182636629239,0.756,0,-0.01024
396,"A_threshold",1600,0.4,-0.00905585041784782,-0.00945214701276308,0.00366654571240918,-0.0193621256216457,0.00542848992938262,0.991875,0,-0.009975
396,"A_threshold",2200,0.55,-0.0182389957948245,-0.0187225020544307,0.00756527631964639,-0.0380894435311455,0.0150864646383015,0.988181818181818,0.459090909090909,-0.00981818181818182
396,"A_threshold",2800,0.7,-0.0220079129574679,-0.0222145600030343,0.0140858747451245,-0.0611989877727073,0.0369622839681997,0.9375,0.576785714285714,-0.00987142857142857
396,"A_threshold",3400,0.85,-0.0177195877831497,-0.0178529222562891,0.0145876380642162,-0.0675266818388985,0.0414102753748372,0.887647058823529,0.450588235294118,-0.0100823529411765
396,"A_threshold",4000,1,-0.019781362831181,-0.0200014348524744,0.012891478358364,-0.0632490250557717,0.0321625263025923,0.9365,0.51375,-0.01015
396,"B_smooth_logistic",1000,0.25,-0.0345012914921949,-0.0342836617480195,0.0103744800240713,-0.0524392247944623,-0.0171854107335091,1,0.915,-0.0374717254490591
396,"B_smooth_logistic",1600,0.4,-0.0369354286545018,-0.0368223812281657,0.014315466314913,-0.0620739118718861,-0.0128197699498083,1,0.8475,-0.0372606927625655
396,"B_smooth_logistic",2200,0.55,-0.0352283095965406,-0.0353256760768415,0.00203147787946287,-0.0387722540467402,-0.031834611953218,1,1,-0.0374491886321399
396,"B_smooth_logistic",2800,0.7,-0.0460685189608046,-0.0462732151783399,0.00965462707979626,-0.0639401642476238,-0.0310038155455058,1,1,-0.0374720668053708
396,"B_smooth_logistic",3400,0.85,-0.048667482090055,-0.0488503021714903,0.00103874488799535,-0.0504448409416042,-0.0469224643045387,1,1,-0.0373575474520607
396,"B_smooth_logistic",4000,1,-0.049393906650819,-0.0495111855089881,0.00893575172057968,-0.0654199436730638,-0.0348703422684867,1,1,-0.0374113957924199
397,"A_threshold",1000,0.25,-0.0324972772118649,-0.032477115253595,0.0043493182421671,-0.0447067507968548,-0.0179699107628781,1,0.995,-0.01024
397,"A_threshold",1600,0.4,-0.0100687929956223,-0.0100475504554623,0.00016415793468071,-0.0105422244777148,-0.00952956392666547,1,0,-0.01015
397,"A_threshold",2200,0.55,-0.00971664471492083,-0.00976063631894947,0.00261980553955479,-0.0171046248912481,0.000435739109172315,0.999545454545455,0,-0.0102727272727273
397,"A_threshold",2800,0.7,-0.00383573189876892,-0.00382145825345195,0.00314652686381609,-0.0133917338782248,0.00760673415941258,0.885,0,-0.0101857142857143
397,"A_threshold",3400,0.85,-0.00626713859962155,-0.00626591836065651,0.00186667338167033,-0.0130665221553311,0.000146522574654723,0.999411764705882,0,-0.0101058823529412
397,"A_threshold",4000,1,-0.0103013623551715,-0.0103337633752082,0.00789360013229791,-0.0406646113364753,0.0154859221582848,0.90825,0.112,-0.01016
397,"B_smooth_logistic",1000,0.25,-0.0352662570404506,-0.0353539589057671,0.00286430409833252,-0.0401662802054135,-0.0303032923256703,1,1,-0.0375710413718174
397,"B_smooth_logistic",1600,0.4,-0.0329157915791579,-0.0328287729992617,0.0183264249686996,-0.0625318701756974,0.000161303830147508,0.99625,0.7125,-0.0374199851905883
397,"B_smooth_logistic",2200,0.55,-0.0349672022353885,-0.0348288730273459,0.00461989949428669,-0.0422280598307289,-0.0264004720816384,1,1,-0.0373872407250847
397,"B_smooth_logistic",2800,0.7,-0.0316531258227058,-0.0316530317506427,0.00496436416555842,-0.0402850570051074,-0.0232020872930541,1,1,-0.0375849244316482
397,"B_smooth_logistic",3400,0.85,-0.0325294400983274,-0.0325292998302241,0.000731997464162433,-0.0338140546903231,-0.0312810383757265,1,1,-0.0376546610512696
397,"B_smooth_logistic",4000,1,-0.0332981310803891,-0.0333083998742787,0.00468794555047678,-0.0414562312480227,-0.0252648983832727,1,1,-0.0377582666665375
398,"A_threshold",1000,0.25,-0.00992571721311475,-0.00684079420205329,0.00768780076675195,-0.0173055419300546,0.0268112492230684,0.826,0,-0.01008
398,"A_threshold",1600,0.4,0.00229220447214409,0.00377906759336833,0.0221388364596693,-0.0390590231717681,0.0935629209951777,0.5,0.11,-0.010225
398,"A_threshold",2200,0.55,0.00297970623173875,0.00339404542309108,0.0169622971098717,-0.0380464423342133,0.0653235953352964,0.463181818181818,0.0618181818181818,-0.0104
398,"A_threshold",2800,0.7,0.00800124227663539,0.00792697430150812,0.0181895807127352,-0.0395543456452552,0.104996235187392,0.368214285714286,0.0371428571428571,-0.0104428571428571
398,"A_threshold",3400,0.85,0.00632034632034631,0.00615595826127373,0.0216475493254835,-0.0492465278743703,0.121940057275044,0.426176470588235,0.0973529411764706,-0.0105058823529412
398,"A_threshold",4000,1,0.00932617730404811,0.00917646359596008,0.0218246613430826,-0.0500661253863268,0.121281332432975,0.36825,0.0745,-0.01049
398,"B_smooth_logistic",1000,0.25,-0.0577240859283503,-0.0583584639479389,0.00972923625134206,-0.0758502754625395,-0.042550442513088,1,1,-0.0375267905998333
398,"B_smooth_logistic",1600,0.4,-0.0539663769856911,-0.0541087414079739,0.00509258360306405,-0.0631240679572159,-0.0457583782318715,1,1,-0.0373278757933973
398,"B_smooth_logistic",2200,0.55,-0.0480126715491151,-0.0479947241511008,0.0045735715879374,-0.0559301738449518,-0.0403057450560793,1,1,-0.037107513284286
398,"B_smooth_logistic",2800,0.7,-0.0504158375427318,-0.0503336919323437,0.00340562497397424,-0.0556976621551542,-0.0439668977449091,1,1,-0.0373215924228161
398,"B_smooth_logistic",3400,0.85,-0.0443408223823654,-0.0442948590732158,0.0125675368605438,-0.0650006213341449,-0.0217740493592847,1,1,-0.0374748676130535
398,"B_smooth_logistic",4000,1,-0.0369474927469125,-0.0369772762703709,0.00878401723415632,-0.0520127679028161,-0.0218304328508896,1,1,-0.037331169669723
399,"A_threshold",1000,0.25,-0.00914579257534477,-0.00917129631677777,0.00979766362059813,-0.0518537433137748,0.0161947902718086,0.821,0.142,-0.00992
399,"A_threshold",1600,0.4,-0.00277272414676995,-0.00284315741620057,0.00218076891694688,-0.0115442750984339,0.00323880221733834,0.915,0,-0.01035
399,"A_threshold",2200,0.55,-0.01,-0.0100189816074593,0.00116270418417562,-0.0130434905545083,-0.00517459742588344,1,0,-0.0103636363636364
399,"A_threshold",2800,0.7,-0.0163144188932155,-0.0157376439204143,0.00432457729560732,-0.0254333486565785,0.00460626154071614,0.998571428571429,0.161428571428571,-0.0100142857142857
399,"A_threshold",3400,0.85,-0.011921947816651,-0.011738800775475,0.00987154544025804,-0.0349221346991399,0.033596443170016,0.873529411764706,0.208235294117647,-0.0101176470588235
399,"A_threshold",4000,1,-0.00573857029748615,-0.00537542958497542,0.0109611257826978,-0.0309087615402357,0.0461670722331671,0.71275,0.06875,-0.01004
399,"B_smooth_logistic",1000,0.25,-0.0603951504265828,-0.0604958027040346,0.0061977519583739,-0.0699444116146275,-0.0483111953797022,1,1,-0.036855347484694
399,"B_smooth_logistic",1600,0.4,-0.049305724878244,-0.0493242812516789,0.0129604649060196,-0.071010923002041,-0.0255403536081962,1,1,-0.0367017150551566
399,"B_smooth_logistic",2200,0.55,-0.0460321868264107,-0.045991913638242,0.0226761153102632,-0.0861168561873189,-0.00695523272343637,1,0.836818181818182,-0.0365459757343431
399,"B_smooth_logistic",2800,0.7,-0.0495118207941484,-0.0495042898010728,0.0218568309506072,-0.0863868257225927,-0.0100321190150578,1,0.889642857142857,-0.0364819805551494
399,"B_smooth_logistic",3400,0.85,-0.0496963485353415,-0.0497112539836436,0.0172258826417649,-0.078932245104808,-0.0189854857642568,1,0.985294117647059,-0.036570959489544
399,"B_smooth_logistic",4000,1,-0.0427061522210624,-0.042687417273753,0.0208206662020168,-0.0782720901985095,-0.00586375653092731,1,0.812,-0.0366818197471992
400,"A_threshold",1000,0.25,0.016,0.0160327766249485,0.0144017902168741,-0.0428949814237573,0.0631516674740551,0.13,0.01,-0.0094
400,"A_threshold",1600,0.4,0.00486737763193874,0.00489437122345585,0.0101321324199922,-0.0361645716187521,0.0389604922038222,0.30875,0.00875,-0.009775
400,"A_threshold",2200,0.55,0.00368440713938598,0.00362936232257211,0.0159827616320351,-0.0616435767035569,0.0579883862318629,0.409545454545455,0.0736363636363636,-0.00985454545454545
400,"A_threshold",2800,0.7,0.000914308572000019,0.00104010775328763,0.0134130536977844,-0.042343895834422,0.0567849360892119,0.486071428571429,0.0492857142857143,-0.00974285714285714
400,"A_threshold",3400,0.85,-0.000321800310104772,-0.000263678378476894,0.0133985162396432,-0.0435281467428995,0.0552128540980627,0.527058823529412,0.0605882352941176,-0.00987058823529412
400,"A_threshold",4000,1,-0.00337957114752394,-0.00328385865910169,0.0109098492317645,-0.0375261552153104,0.0430926609272178,0.63425,0.0535,-0.00974
400,"B_smooth_logistic",1000,0.25,-0.0461241613424925,-0.0458616571964734,0.0314902135085485,-0.101046703786557,0.00714226172483992,0.934,0.743,-0.0373194921623756
400,"B_smooth_logistic",1600,0.4,-0.0426813166895573,-0.0426200898581391,0.0395588462187033,-0.113946721881112,0.0237331664344356,0.813125,0.663125,-0.0371665170755537
400,"B_smooth_logistic",2200,0.55,-0.0432799111393209,-0.0432705805162644,0.0436296922590028,-0.123989968326992,0.0275714402828006,0.791363636363636,0.643181818181818,-0.0368628160737907
400,"B_smooth_logistic",2800,0.7,-0.0467421807235063,-0.0467316014023677,0.0403913085948841,-0.121087668839502,0.0190291501854703,0.84,0.685357142857143,-0.0367708465730218
400,"B_smooth_logistic",3400,0.85,-0.0454639077117463,-0.0454872881260799,0.0305409180843753,-0.10035010324555,0.00516904084727521,0.94,0.741470588235294,-0.0368744991812924
400,"B_smooth_logistic",4000,1,-0.0433543354335433,-0.043364460174574,0.0211352275860222,-0.0812628024353388,-0.00825485758047095,1,0.82125,-0.0368836353108373
401,"A_threshold",1000,0.25,-0.00640118373648996,-0.00702025884361033,0.0107501950157388,-0.0339533817064368,0.0300368598710149,0.756,0.103,-0.01044
401,"A_threshold",1600,0.4,-0.0144684489165105,-0.014688029618567,0.00525486184409031,-0.0276583894201083,0.00379373226086553,0.995,0.151875,-0.0104
401,"A_threshold",2200,0.55,-0.0167452080906492,-0.0168301767177155,0.00906858495820113,-0.0438697766019337,0.0118810002278856,0.961363636363636,0.380454545454545,-0.0102727272727273
401,"A_threshold",2800,0.7,-0.00830363856288208,-0.00848948340284411,0.0147299023994575,-0.0448227411408947,0.0505404252017496,0.736785714285714,0.231071428571429,-0.0104285714285714
401,"A_threshold",3400,0.85,-0.00420710013071443,-0.00435493171464862,0.0123256591970669,-0.0391779821275344,0.0402832234686304,0.656470588235294,0.0929411764705882,-0.0103882352941176
401,"A_threshold",4000,1,-0.000341643575712688,-0.000507504348924921,0.0085950562071155,-0.0218852349294485,0.0332503349328718,0.56675,0.00125,-0.01046
401,"B_smooth_logistic",1000,0.25,-0.0378234133890242,-0.0376921071217072,0.00183333598051317,-0.0409521482353685,-0.0345928870919449,1,1,-0.0370373355965991
401,"B_smooth_logistic",1600,0.4,-0.0437160861193769,-0.0433699593923666,0.00912045505983524,-0.060214297039126,-0.0288289303876764,1,1,-0.0368503091560252
401,"B_smooth_logistic",2200,0.55,-0.0455944083686034,-0.0456282630511854,0.000116695796533903,-0.0458232509232968,-0.0454203644117767,1,1,-0.0367817402726907
401,"B_smooth_logistic",2800,0.7,-0.043245869776482,-0.0434411710592526,0.00188946400091707,-0.0467269492443089,-0.040226151500204,1,1,-0.0370296245998534
401,"B_smooth_logistic",3400,0.85,-0.041690679841982,-0.0417882464921168,0.00347050051107204,-0.0475602578693868,-0.0355905636007525,1,1,-0.0370841104755313
401,"B_smooth_logistic",4000,1,-0.0392084244935684,-0.0393289243995277,0.00113115295979877,-0.0411083370322528,-0.0372197703028765,1,1,-0.037125287136107
402,"A_threshold",1000,0.25,-0.0224974398361495,-0.0227445501508422,0.0493652812488321,-0.190374120689606,0.143906820459879,0.675,0.506,-0.011
402,"A_threshold",1600,0.4,-0.0189890921704565,-0.0188192505589663,0.0449667061282325,-0.159421268470889,0.144289703864165,0.680625,0.49125,-0.01095
402,"A_threshold",2200,0.55,-0.0192137947905888,-0.0190949334231563,0.0448621668395848,-0.155741269741425,0.149629913718359,0.681363636363636,0.495,-0.0109818181818182
402,"A_threshold",2800,0.7,-0.0187471520035352,-0.018406454670919,0.0302834385639627,-0.101493973474559,0.102581606664346,0.747142857142857,0.490357142857143,-0.0109428571428571
402,"A_threshold",3400,0.85,-0.022869303436105,-0.0226511546544711,0.0252639652604394,-0.0853862349945816,0.0900671066688079,0.826176470588235,0.568235294117647,-0.011
402,"A_threshold",4000,1,-0.0258277655605125,-0.0256876871749586,0.0213585935840453,-0.0798702158565562,0.0764117588865651,0.88075,0.6315,-0.01081
402,"B_smooth_logistic",1000,0.25,-0.0413786482334869,-0.0420834179554188,0.00693375813629336,-0.0550399728978168,-0.0311619767484879,1,1,-0.037901777502548
402,"B_smooth_logistic",1600,0.4,-0.0325799576226163,-0.032755068320068,0.00198604492716571,-0.0363694092788531,-0.0295012544367445,1,1,-0.0378364651628164
402,"B_smooth_logistic",2200,0.55,-0.0227114365560148,-0.0227008262774524,0.000138987979104142,-0.0229347058021168,-0.0224571274341804,1,1,-0.037604765719045
402,"B_smooth_logistic",2800,0.7,-0.0258345131953214,-0.0257239549693447,0.00888586664032664,-0.0414852687093926,-0.0112853831179717,1,0.6725,-0.0376288094954562
402,"B_smooth_logistic",3400,0.85,-0.0335294117647059,-0.0335017825466153,0.00974402781555943,-0.0507111542815529,-0.0176019733465356,1,0.909411764705882,-0.0376491294136724
402,"B_smooth_logistic",4000,1,-0.0360464197600006,-0.0359552197465111,0.00979121166605157,-0.0532679070338131,-0.020038463619858,1,1,-0.0376610213544049
403,"A_threshold",1000,0.25,-0.0201420142014201,-0.0204480835052739,0.0514715066493438,-0.234323894753119,0.112215395338128,0.632,0.467,-0.01076
403,"A_threshold",1600,0.4,-0.0228935224614365,-0.0231757098937195,0.0487837323893121,-0.210327951778237,0.125824894253519,0.666875,0.505625,-0.01035
403,"A_threshold",2200,0.55,-0.011686298104737,-0.011889970587692,0.0364854096711687,-0.15993696894011,0.0917011122677162,0.605,0.381818181818182,-0.0100181818181818
403,"A_threshold",2800,0.7,-0.014481658692185,-0.0145319479503299,0.0242184099244921,-0.100838740277408,0.0675591066951501,0.728928571428571,0.400357142857143,-0.0100142857142857
403,"A_threshold",3400,0.85,-0.00994145732364866,-0.0100476505346652,0.0196988921720967,-0.0881945573486589,0.0485224439457324,0.682647058823529,0.292352941176471,-0.0101411764705882
403,"A_threshold",4000,1,-0.00823374309531436,-0.00833720519948863,0.0222519205060414,-0.0916369062001606,0.0747525849337833,0.637,0.2925,-0.01025
403,"B_smooth_logistic",1000,0.25,-0.0203525641025641,-0.0202271347623179,0.00770464116568973,-0.0342981810729191,-0.00753774691920385,1,0.496,-0.0367076047568407
403,"B_smooth_logistic",1600,0.4,-0.0380844149745478,-0.0380704535363013,0.0151281759180443,-0.0646084023674456,-0.0122048139758137,1,0.855,-0.0368260275334349
403,"B_smooth_logistic",2200,0.55,-0.0392531492882943,-0.0393218511032189,0.02408705333514,-0.0836309578013004,-6.54786469294899e-05,1,0.724545454545454,-0.0371123250539264
403,"B_smooth_logistic",2800,0.7,-0.0342731395052309,-0.0343854091500283,0.012770994041577,-0.0576454890193096,-0.0132232099762429,1,0.831428571428571,-0.0370651872074997
403,"B_smooth_logistic",3400,0.85,-0.0317030642737943,-0.0317417502393797,0.0126065521743697,-0.0551814961728561,-0.0112038664935122,1,0.767352941176471,-0.037102834693702
403,"B_smooth_logistic",4000,1,-0.0390030394285244,-0.039177043234734,0.0174164550010332,-0.0719148770752352,-0.0113265783383045,1,0.82725,-0.0370347962266719
404,"A_threshold",1000,0.25,-0.0346759733606557,-0.0330479492715681,0.0117105376008865,-0.086996455634466,-0.00753033653937976,1,0.872,-0.01148
404,"A_threshold",1600,0.4,-0.0212664557209266,-0.0204121786675245,0.00347088798580935,-0.0349926534027415,-0.0115206942293676,1,0.525,-0.01115
404,"A_threshold",2200,0.55,-0.00984643918937347,-0.0095710869399664,0.00280522981841976,-0.0168487332332681,0.00216656378413002,0.998181818181818,0,-0.0107818181818182
404,"A_threshold",2800,0.7,-0.0126860542192191,-0.0125920376783186,0.00670105457760032,-0.0317323890318946,0.0131443851002871,0.965714285714286,0.133571428571429,-0.0107142857142857
404,"A_threshold",3400,0.85,-0.00449982621074335,-0.00443644320528993,0.00503624619323975,-0.0196083619360137,0.0147690436866154,0.808823529411765,0,-0.0104941176470588
404,"A_threshold",4000,1,-0.00303598365870542,-0.0029225537564933,0.00886286936905663,-0.0305094223517861,0.0312033950076416,0.635,0.01875,-0.01028
404,"B_smooth_logistic",1000,0.25,-0.0583113868946691,-0.0583698015563043,0.0133818209115674,-0.0828403416567055,-0.0371064580265788,1,1,-0.0362862087184032
404,"B_smooth_logistic",1600,0.4,-0.0621234027587824,-0.0620563257216796,0.0154921309910595,-0.0877944251439874,-0.0349076422903808,1,1,-0.0366978135044249
404,"B_smooth_logistic",2200,0.55,-0.0567992831896737,-0.0567957122539798,0.0113516012573579,-0.0766383186725209,-0.0377817413001203,1,1,-0.036924550214731
404,"B_smooth_logistic",2800,0.7,-0.0434750661310865,-0.0434581083479318,0.0139711324052129,-0.0671461627066117,-0.0190943716469326,1,0.974285714285714,-0.0368341941644322
404,"B_smooth_logistic",3400,0.85,-0.0411359783575714,-0.0410749207950258,0.0145797682538628,-0.06566081593808,-0.0155774716583807,1,0.910882352941176,-0.0368637778111325
404,"B_smooth_logistic",4000,1,-0.0407304957942939,-0.040705613268899,0.00983466946331204,-0.0572078089313602,-0.0235267227724499,1,1,-0.0368889659808661
405,"A_threshold",1000,0.25,6.0006000600063e-05,0.000386648165808139,0.00555824834135052,-0.021956771922241,0.0159632796754261,0.456,0.001,-0.00976
405,"A_threshold",1600,0.4,-0.00656891495601172,-0.00640960694444302,0.021076638307926,-0.0706223947427855,0.0722214328431685,0.616875,0.26,-0.0098
405,"A_threshold",2200,0.55,-0.00788356479413389,-0.0078531127753485,0.0214748438623792,-0.0817657418442159,0.0693692488353441,0.637727272727273,0.286363636363636,-0.00994545454545455
405,"A_threshold",2800,0.7,-0.00863039399624765,-0.00868449249685871,0.0146134773752203,-0.0621448480283531,0.0493565810255213,0.722142857142857,0.213928571428571,-0.00995714285714286
405,"A_threshold",3400,0.85,-0.012754692320047,-0.0127860272454045,0.0130527681447338,-0.0602026000415797,0.0395163692126305,0.833235294117647,0.286176470588235,-0.0101058823529412
405,"A_threshold",4000,1,-0.0106094806433053,-0.010656994088932,0.013931276200574,-0.0615643981398825,0.0437179384886727,0.77725,0.25075,-0.0103
405,"B_smooth_logistic",1000,0.25,-0.0404185867895545,-0.0398974986624082,0.00232142651218993,-0.0441664938435702,-0.0359870733326438,1,1,-0.0368054175268539
405,"B_smooth_logistic",1600,0.4,-0.0302375472461676,-0.0296411798207384,0.00540605882071239,-0.0397114704721294,-0.0208471846357002,1,1,-0.0371180520769308
405,"B_smooth_logistic",2200,0.55,-0.03096673303694,-0.0307218026650019,0.00499869086170114,-0.0400839139356166,-0.022579773370112,1,1,-0.0371140455381705
405,"B_smooth_logistic",2800,0.7,-0.0257862857860103,-0.0257116303063818,0.00952583786962022,-0.0435554545838719,-0.0102179239384537,1,0.660714285714286,-0.0372598665483584
405,"B_smooth_logistic",3400,0.85,-0.0363818675261555,-0.0363562785968734,0.0120892163250493,-0.0585336333171135,-0.0164241849473185,1,0.902352941176471,-0.0371987018958784
405,"B_smooth_logistic",4000,1,-0.0389176041349954,-0.0387599359648743,0.00692675796308756,-0.0513925732965579,-0.0272469020965703,1,1,-0.0371584017737284
406,"A_threshold",1000,0.25,-0.00663248355888581,-0.00692509697129125,0.000648204741104136,-0.00948034366431852,-0.00516592675823917,1,0,-0.01032
406,"A_threshold",1600,0.4,-0.00219608456097846,-0.00250152955852767,0.0118237760800482,-0.0323186714332788,0.0489108395275044,0.60875,0.059375,-0.0103
406,"A_threshold",2200,0.55,-0.00257220694033009,-0.0027831458342799,0.0111833369112422,-0.0308820642425356,0.0475725425007237,0.615,0.0468181818181818,-0.0100545454545455
406,"A_threshold",2800,0.7,-0.00591472026516233,-0.00597962304802709,0.014861542308713,-0.0463609140083816,0.056559280265061,0.665357142857143,0.18,-0.00995714285714286
406,"A_threshold",3400,0.85,-0.0120156083531056,-0.012039139708339,0.0110160132791593,-0.042542912972341,0.0334552175877082,0.863823529411765,0.244705882352941,-0.0100235294117647
406,"A_threshold",4000,1,-0.00938603754415018,-0.00938973127602724,0.013860050651025,-0.0512821811354202,0.0431073185416927,0.7425,0.225,-0.00997
406,"B_smooth_logistic",1000,0.25,-0.064075550150707,-0.0643713604698595,0.0189343125372896,-0.0991053554949615,-0.0328929722047375,1,1,-0.0370688782857485
406,"B_smooth_logistic",1600,0.4,-0.0616010006253909,-0.0618370343157447,0.0276720907614928,-0.110268646125911,-0.0140713631208956,1,0.938125,-0.037046266516731
406,"B_smooth_logistic",2200,0.55,-0.0557750693226775,-0.0560517488397951,0.0275036088832681,-0.105268456127858,-0.010769353416997,1,0.884545454545455,-0.0367278003193903
406,"B_smooth_logistic",2800,0.7,-0.05454543598163,-0.054656672345831,0.0188052565076518,-0.0876431102288108,-0.0231530742766583,1,1,-0.0367801220385589
406,"B_smooth_logistic",3400,0.85,-0.0553333257160031,-0.0555666339590539,0.0164480569821425,-0.0857976744366004,-0.0292046367970113,1,1,-0.0367976056902444
406,"B_smooth_logistic",4000,1,-0.0561008702617686,-0.0562578179291803,0.0118903919164394,-0.0781486708807379,-0.0371481237408058,1,1,-0.0368730809575636
407,"A_threshold",1000,0.25,-0.0216679506933744,-0.0217335587462974,0.00443490532811241,-0.0371282139248155,-0.0110872356622649,1,0.639,-0.01032
407,"A_threshold",1600,0.4,-0.0175,-0.0174643829129607,0.0137811624940294,-0.0560165085575023,0.0288567268356673,0.893125,0.43625,-0.00995
407,"A_threshold",2200,0.55,-0.00689550292209644,-0.00684703196994235,0.0155118860497131,-0.0548225457999918,0.0526791934246914,0.679545454545455,0.202727272727273,-0.00992727272727273
407,"A_threshold",2800,0.7,-0.0120270574350543,-0.0118773518487178,0.0154713690956351,-0.0542325218716865,0.0601860788298873,0.787142857142857,0.313214285714286,-0.00991428571428571
407,"A_threshold",3400,0.85,-0.0138107638137917,-0.0136512574033085,0.00626966789090527,-0.0298384083398076,0.0164304818382742,0.974411764705882,0.154117647058824,-0.00990588235294118
407,"A_threshold",4000,1,-0.00830413286612586,-0.0080822019750537,0.00828318775292482,-0.0298811877729495,0.0309486610225872,0.83375,0.0625,-0.01016
407,"B_smooth_logistic",1000,0.25,-0.0232861788878386,-0.023000868202578,0.0287491528558394,-0.0697854186189388,0.0310253759035894,0.744,0.551,-0.0372929745386253
407,"B_smooth_logistic",1600,0.4,-0.033836965642682,-0.0340600135148608,0.0205060338708054,-0.0703659519673126,0.00110094662996237,0.980625,0.699375,-0.0371022621281981
407,"B_smooth_logistic",2200,0.55,-0.0328703703703704,-0.0331601546672916,0.0184064746273331,-0.0661023358214952,-0.00271605255328511,1,0.700454545454545,-0.0370342237784489
407,"B_smooth_logistic",2800,0.7,-0.0350900921822453,-0.035358072315589,0.0158093300338802,-0.064000188936684,-0.00935663064148654,1,0.783571428571429,-0.036975695038515
407,"B_smooth_logistic",3400,0.85,-0.0420928259878711,-0.0423632840099052,0.0100885716084103,-0.0604344000431113,-0.0256129929394969,1,1,-0.0370492186396778
407,"B_smooth_logistic",4000,1,-0.0411010139496835,-0.0412756674459265,0.0120063512366226,-0.0625965514213601,-0.0210498925364966,1,1,-0.0370595107600148
408,"A_threshold",1000,0.25,-0.0007226013649137,-0.00048587512475237,0.0187670662274558,-0.0321711554664054,0.127084491635139,0.582,0.11,-0.00952
408,"A_threshold",1600,0.4,-0.00034417161022253,-0.000226352069261814,0.0137453438776402,-0.0265462165372093,0.0850990930033743,0.565625,0.033125,-0.010125
408,"A_threshold",2200,0.55,-0.00259904304954384,-0.00261190280268731,0.00196340563395698,-0.00681081625621582,0.00837537058333221,0.893181818181818,0,-0.0104
408,"A_threshold",2800,0.7,-0.00063266113088177,-0.000546009089274066,0.00112570354014477,-0.00305394840688972,0.00551091471728651,0.715,0,-0.0103285714285714
408,"A_threshold",3400,0.85,-0.00360966467987418,-0.00363039165974335,0.000439739965263249,-0.00457221706123546,-0.00108133404226365,1,0,-0.0102
408,"A_threshold",4000,1,-0.00441874676820382,-0.00442430577719907,0.00576089144963897,-0.0196794294179503,0.0248383624486073,0.789,0,-0.01024
408,"B_smooth_logistic",1000,0.25,-0.012,-0.0120489812736228,0.0107513686144874,-0.0309620795454702,0.00657223898108429,0.825,0.291,-0.0372703470598871
408,"B_smooth_logistic",1600,0.4,-0.02,-0.0200936725933582,0.00237579989851173,-0.0244280526510772,-0.0162482506530529,1,0.4975,-0.0371437857864647
408,"B_smooth_logistic",2200,0.55,-0.0348632709192849,-0.0348727354162909,0.000475621522716719,-0.0356526849542814,-0.034032823376909,1,1,-0.0371418871805424
408,"B_smooth_logistic",2800,0.7,-0.0458903033160459,-0.045835629256066,0.0018206369508019,-0.0490051482210515,-0.0427600822293462,1,1,-0.0373507828197674
408,"B_smooth_logistic",3400,0.85,-0.0512310235442834,-0.0511894649635739,0.00727427763985239,-0.0638288456836079,-0.0388625091148263,1,1,-0.0373411424505682
408,"B_smooth_logistic",4000,1,-0.0508101480279114,-0.0507073943007822,0.00653217838742784,-0.0623128688384134,-0.0399031860913657,1,1,-0.0373751718685579
409,"A_threshold",1000,0.25,-0.00877371964905121,-0.0102631313197636,0.0270804604433499,-0.0735719710272293,0.108703301026054,0.696,0.401,-0.00976
409,"A_threshold",1600,0.4,-0.0230529624228898,-0.0236766851623882,0.0195753802819512,-0.0734619611661942,0.0801606885369066,0.884375,0.620625,-0.0096
409,"A_threshold",2200,0.55,-0.0171633077653301,-0.0172524896584508,0.0152467825601834,-0.0637953374612304,0.0511811105659213,0.871363636363636,0.437727272727273,-0.00963636363636364
409,"A_threshold",2800,0.7,-0.0215657691648088,-0.0215695553904448,0.00662130517110284,-0.0427883466464803,0.00671286594584335,0.999285714285714,0.603214285714286,-0.0096
409,"A_threshold",3400,0.85,-0.0183257299159546,-0.0181780182202539,0.0155510363289796,-0.0728941787634615,0.0424894533538331,0.883235294117647,0.444411764705882,-0.00948235294117647
409,"A_threshold",4000,1,-0.0221675862117244,-0.0221559181346645,0.0155007665062778,-0.0784892684905225,0.0447924971370399,0.9225,0.556,-0.00956
409,"B_smooth_logistic",1000,0.25,-0.0476247624762476,-0.0475507117748068,0.0162278907733945,-0.0754897128371474,-0.0190246576297426,1,0.986,-0.0367319358568669
409,"B_smooth_logistic",1600,0.4,-0.0502063284473882,-0.0501626343382423,0.0204524198366875,-0.0862472533743085,-0.0154019706758263,1,0.939375,-0.0367545715305382
409,"B_smooth_logistic",2200,0.55,-0.0478835978835979,-0.0479132643578411,0.0160605394404607,-0.0785745530991883,-0.0227844291941469,1,1,-0.036900863161648
409,"B_smooth_logistic",2800,0.7,-0.0423239039691551,-0.0422017335445887,0.0160778534949966,-0.0721475544385948,-0.0166716920010478,1,0.928928571428571,-0.0370569970544695
409,"B_smooth_logistic",3400,0.85,-0.0356750889757313,-0.0355777082359134,0.0216828984775439,-0.0762441782286089,-0.00134820273581292,1,0.692647058823529,-0.0372008904266193
409,"B_smooth_logistic",4000,1,-0.0372248899559824,-0.0371115826807111,0.0239606193813851,-0.081913350160813,0.00104221107412036,0.982,0.69275,-0.0371839241379097
410,"A_threshold",1000,0.25,-0.0306348272563921,-0.030642730546484,0.0058072679601774,-0.0480910527948828,-0.0124171417168399,1,0.965,-0.00988
410,"A_threshold",1600,0.4,-0.0285434995112414,-0.0284071573917774,0.00830734202144925,-0.0573489007841946,-0.00564216828851734,1,0.84625,-0.00995
410,"A_threshold",2200,0.55,-0.0203040647824706,-0.0199791475286757,0.000984809489428622,-0.0213383990569132,-0.0143660116124411,1,0.589090909090909,-0.0100181818181818
410,"A_threshold",2800,0.7,-0.021254964078886,-0.0212259123938,0.00220893396997616,-0.0296600764975314,-0.0151986630922658,1,0.6925,-0.00992857142857143
410,"A_threshold",3400,0.85,-0.0239154485323541,-0.023853792281843,0.000319575767310618,-0.0246168455550882,-0.0224664649594619,1,1,-0.00995294117647059
410,"A_threshold",4000,1,-0.0234473447344734,-0.0233663820687915,0.000727435093504049,-0.0258611999016056,-0.0209415030007299,1,1,-0.00988
410,"B_smooth_logistic",1000,0.25,-0.0290116046418567,-0.0276958264021811,0.0220347784453498,-0.0703679470317163,0.00446347074646296,0.898,0.558,-0.0369177516188466
410,"B_smooth_logistic",1600,0.4,-0.0278876742979644,-0.0274182161692524,0.0262931106007137,-0.0764124992685008,0.0135278634552793,0.805625,0.544375,-0.0372132609694055
410,"B_smooth_logistic",2200,0.55,-0.0341291794732358,-0.0338080813112524,0.0210828740444899,-0.0737568571654665,-0.000971643777932879,1,0.677272727272727,-0.0369668686497464
410,"B_smooth_logistic",2800,0.7,-0.0262937685217689,-0.0259547922744917,0.0198558473498169,-0.0630586795031661,0.00565603377524944,0.896785714285714,0.566071428571429,-0.037028845785536
410,"B_smooth_logistic",3400,0.85,-0.0246515181503991,-0.0242241640771649,0.023226485411659,-0.0685436621074708,0.0122093030361918,0.800588235294118,0.532058823529412,-0.0371277327152349
410,"B_smooth_logistic",4000,1,-0.0302851132735438,-0.0301272650891691,0.0221351803335612,-0.0709926861560694,0.00613641893026276,0.90825,0.62125,-0.0371546317559352
411,"A_threshold",1000,0.25,-0.0173771121351766,-0.0175133702300318,0.0202481531939632,-0.0792547163106159,0.0503350631870606,0.814,0.471,-0.00956
411,"A_threshold",1600,0.4,-0.0225,-0.0224563626185959,0.0101635986275388,-0.060672981019788,0.00647073680760497,0.984375,0.59,-0.009375
411,"A_threshold",2200,0.55,-0.0186026368336838,-0.0183710961005032,0.00326642968495177,-0.0310482324420121,-0.0076031342941829,1,0.291363636363636,-0.00952727272727273
411,"A_threshold",2800,0.7,-0.0159714611662473,-0.0158528563359517,0.00931706676512088,-0.0503833512170307,0.017583668750309,0.962142857142857,0.313571428571429,-0.00927142857142857
411,"A_threshold",3400,0.85,-0.0123529411764706,-0.012510234933606,0.0132708018691046,-0.0547717977349421,0.0448127269088726,0.832058823529412,0.286470588235294,-0.00931764705882353
411,"A_threshold",4000,1,-0.0125400783754898,-0.0128740990450983,0.0145736450761477,-0.0535072085344705,0.0577941444926238,0.8215,0.321,-0.00938
411,"B_smooth_logistic",1000,0.25,-0.0376234927576278,-0.037755721445977,0.00576243959381189,-0.0472735518718524,-0.0276446981296585,1,1,-0.0367092797296252
411,"B_smooth_logistic",1600,0.4,-0.0268081894901647,-0.0268446503270637,0.021201443685038,-0.0624740031347724,0.0110336104524252,0.86875,0.596875,-0.0371705620650957
411,"B_smooth_logistic",2200,0.55,-0.0348166440219637,-0.034893022188464,0.0217390746273235,-0.0733483054542242,0.00256881500025966,0.962272727272727,0.7,-0.0372059222765633
411,"B_smooth_logistic",2800,0.7,-0.0237529060926398,-0.0237777239513354,0.0193801416599504,-0.0598139219611557,0.00763910487479805,0.871785714285714,0.531428571428571,-0.0369306640943578
411,"B_smooth_logistic",3400,0.85,-0.0229935332417947,-0.0230360247561616,0.0159354727217434,-0.0517646955013702,0.00355465676081139,0.928235294117647,0.538823529411765,-0.0369785945390794
411,"B_smooth_logistic",4000,1,-0.0251670246644693,-0.0252235695428205,0.0196894605281002,-0.0610143084158238,0.00741782946639673,0.88525,0.5605,-0.0370110560019181
412,"A_threshold",1000,0.25,-0.0235439156870044,-0.0234715918741152,0.0143322710608809,-0.0706768056279562,0.0269208755203423,0.938,0.607,-0.00952
412,"A_threshold",1600,0.4,-0.0222313895907656,-0.0220780203999775,0.000791562608295903,-0.0240526801649606,-0.0186240171997723,1,0.990625,-0.009575
412,"A_threshold",2200,0.55,-0.026293166157468,-0.0264095968664044,0.00530593124266282,-0.0456979919489347,-0.00931872783721517,1,0.891818181818182,-0.00952727272727273
412,"A_threshold",2800,0.7,-0.0258525852585259,-0.0258791596009924,0.00459100933416282,-0.0416358660233972,-0.00974803293960275,1,0.903571428571429,-0.00962857142857143
412,"A_threshold",3400,0.85,-0.0195307363405961,-0.0195944462574827,0.00043336137407549,-0.0206148894608755,-0.0177322953966232,1,0.169117647058824,-0.00983529411764706
412,"A_threshold",4000,1,-0.0127131813182293,-0.0127885962102604,0.00539313993721078,-0.0306201573566867,0.00739348544991487,0.98725,0.08025,-0.00976
412,"B_smooth_logistic",1000,0.25,-0.0532616349785545,-0.0533343581933202,0.0313157126134456,-0.10743100731587,0.00372550571487461,0.975,0.817,-0.0369347130324478
412,"B_smooth_logistic",1600,0.4,-0.044347956561697,-0.0444344784943026,0.0423725979724043,-0.116701435259344,0.0321301937214802,0.810625,0.678125,-0.0371103462604854
412,"B_smooth_logistic",2200,0.55,-0.0552513589652026,-0.0554750253382395,0.0468548976035092,-0.132591762767309,0.0317505132226769,0.840454545454545,0.727727272727273,-0.0372589461467188
412,"B_smooth_logistic",2800,0.7,-0.0533512897544805,-0.0535088669601469,0.0427999325006717,-0.124777617854261,0.0254693138762669,0.852857142857143,0.729642857142857,-0.0373605629054391
412,"B_smooth_logistic",3400,0.85,-0.050741971368121,-0.0508628277904758,0.0317188855174413,-0.102138580958822,0.00846509564406436,0.934411764705882,0.788529411764706,-0.0373336142295336
412,"B_smooth_logistic",4000,1,-0.0479245554978334,-0.0479806687310392,0.0262423559051584,-0.0893933798436988,0.00161289819885822,0.98625,0.8075,-0.0372888931639645
413,"A_threshold",1000,0.25,-0.02,-0.0197838684828248,0.00857367095312931,-0.0417357284469561,0.0141509536497066,0.984,0.506,-0.00984
413,"A_threshold",1600,0.4,-0.0277673545966229,-0.0277124611216351,0.0173206649682012,-0.0723512774952387,0.0456556211564089,0.941875,0.685625,-0.00975
413,"A_threshold",2200,0.55,-0.0248932461441268,-0.0248523837275124,0.0146799708176506,-0.0678648519645152,0.0290707664972557,0.951363636363636,0.635454545454545,-0.00998181818181818
413,"A_threshold",2800,0.7,-0.0234315485490331,-0.0233300772592555,0.0171071753714154,-0.0806723244929475,0.0419390452997093,0.909642857142857,0.584642857142857,-0.00985714285714286
413,"A_threshold",3400,0.85,-0.0211278601844187,-0.0210866895240091,0.0205433047822292,-0.0926148791662142,0.0552340818564328,0.85,0.531470588235294,-0.00994117647058824
413,"A_threshold",4000,1,-0.0249665377704837,-0.0249550590602073,0.0149382619657916,-0.077563635140268,0.0292892963626276,0.95025,0.632,-0.00982
413,"B_smooth_logistic",1000,0.25,-0.054,-0.0540723927289541,0.016169700574856,-0.0808185553941813,-0.0244887953368575,1,1,-0.0368767829064402
413,"B_smooth_logistic",1600,0.4,-0.0512132960179764,-0.0511167198163693,0.0223542634366933,-0.0919948720198438,-0.0143164859891403,1,0.9125,-0.0373297850898733
413,"B_smooth_logistic",2200,0.55,-0.0491324821400675,-0.0491284138621763,0.0181248970302175,-0.0805897986892266,-0.0173982873920289,1,0.957727272727273,-0.0372675616913039
413,"B_smooth_logistic",2800,0.7,-0.0499825450002144,-0.0500370250951056,0.0124503776653897,-0.0699012283689232,-0.0265611455887478,1,1,-0.0371685752684859
413,"B_smooth_logistic",3400,0.85,-0.0538763204479838,-0.0539116836751917,0.0095954636457704,-0.0691447421860565,-0.0357129499759034,1,1,-0.0372825446613883
413,"B_smooth_logistic",4000,1,-0.0500512073738618,-0.0500454565174993,0.0124259384967661,-0.0703299503744695,-0.0273848237415414,1,1,-0.0373626025144916
414,"A_threshold",1000,0.25,-0.00413800279335198,-0.00378608142964042,0.0385572793958447,-0.169834304627633,0.107259214869408,0.526,0.304,-0.00984
414,"A_threshold",1600,0.4,-0.00750000000000001,-0.0074521087327557,0.0163231000916639,-0.0667154752108555,0.0482111940084531,0.6825,0.2225,-0.0102
414,"A_threshold",2200,0.55,-0.0163636363636364,-0.0161817500706995,0.0126728469645731,-0.0658198320522175,0.0243648347328122,0.903636363636364,0.362272727272727,-0.0100545454545455
414,"A_threshold",2800,0.7,-0.0235714285714286,-0.0235840831385994,0.010073726462002,-0.0582981893815536,0.0187336173402098,0.986428571428571,0.651071428571429,-0.0100714285714286
414,"A_threshold",3400,0.85,-0.0246262458471761,-0.0246298011259223,0.00787954232616968,-0.0509145036392696,0.00920578526609189,0.997941176470588,0.728823529411765,-0.0101058823529412
414,"A_threshold",4000,1,-0.0216936189811102,-0.0216626573519555,0.0068322950256837,-0.044253511071701,0.00837467206245612,0.9975,0.6125,-0.01004
414,"B_smooth_logistic",1000,0.25,-0.0252496159754224,-0.0252624332802927,0.0028793120127224,-0.0304973142736606,-0.0204277754709546,1,1,-0.0369627717627095
414,"B_smooth_logistic",1600,0.4,-0.0242131053276332,-0.0241940862800832,0.00368040064434837,-0.0303251615126137,-0.0175719022118486,1,0.830625,-0.0373837324337288
414,"B_smooth_logistic",2200,0.55,-0.0255462145981203,-0.0254918219283393,0.00178846173685469,-0.0284745388999633,-0.0222762381506869,1,1,-0.03739878650601
414,"B_smooth_logistic",2800,0.7,-0.030484756091339,-0.0305931754912778,0.0061111968740962,-0.0412519562147494,-0.0203243872105008,1,1,-0.0375432641943203
414,"B_smooth_logistic",3400,0.85,-0.0377411895298234,-0.0377263797749751,0.00720884424616198,-0.0504048190981282,-0.0255918085738833,1,1,-0.0376321849885903
414,"B_smooth_logistic",4000,1,-0.0333435333435333,-0.0333442066478674,0.0110673786124154,-0.0523904515219771,-0.0139444245109671,1,0.85225,-0.0376014822104908
415,"A_threshold",1000,0.25,0.0397039703970397,0.0399766868585184,0.00676067368895269,0.0130914247853886,0.0646660485448394,0,0,-0.00956
415,"A_threshold",1600,0.4,0.0182768276827683,0.0178394152625921,0.00730042494285502,-0.000784576440029557,0.0599430502238337,0.00125,0,-0.009775
415,"A_threshold",2200,0.55,0.0167217169062096,0.0164305363469286,0.00792437101615106,-0.00632358605476542,0.0567868328029434,0.0104545454545455,0,-0.00972727272727273
415,"A_threshold",2800,0.7,0.0156326570616485,0.0154744605669799,0.0126330145300066,-0.0233092989368166,0.0760862766993091,0.103214285714286,0.00142857142857143,-0.0097
415,"A_threshold",3400,0.85,0.0116836176023943,0.0115699499386394,0.0133246419148528,-0.0258200988655353,0.0810469439551552,0.197352941176471,0.00205882352941176,-0.00984705882352941
415,"A_threshold",4000,1,0.0125862586258626,0.0124545203967209,0.0202121584098773,-0.0410347674081037,0.122739788056642,0.2815,0.03475,-0.00976
415,"B_smooth_logistic",1000,0.25,-0.0556869146352685,-0.0555586373044714,0.0247153841700413,-0.10633608739687,-0.0214367493889752,1,1,-0.036762932210653
415,"B_smooth_logistic",1600,0.4,-0.045,-0.0447880652816272,0.0250693143280476,-0.0943542807852568,-0.00816718904457416,1,0.798125,-0.0370858304275998
415,"B_smooth_logistic",2200,0.55,-0.0352307958068534,-0.0353363598577191,0.0173655966522377,-0.0689962705288678,-0.00938536377349829,1,0.753181818181818,-0.0372248423466305
415,"B_smooth_logistic",2800,0.7,-0.0378170211289595,-0.0377725634951625,0.0171576008606873,-0.0707823136050396,-0.0117360841208406,1,0.812142857142857,-0.037161845685697
415,"B_smooth_logistic",3400,0.85,-0.046142000674793,-0.046258559247894,0.0214367836501971,-0.0875381960719682,-0.0141893655848708,1,0.882941176470588,-0.0370825315243113
415,"B_smooth_logistic",4000,1,-0.0435,-0.0434108925247467,0.0198257642822412,-0.0811188451329061,-0.0129431273126305,1,0.86175,-0.0371075367641362
416,"A_threshold",1000,0.25,-0.00272488286204731,-0.00123927769024358,0.0069102191122454,-0.0115353930315821,0.0363674812422617,0.649,0,-0.01004
416,"A_threshold",1600,0.4,-0.0052166112655674,-0.00451503793436657,0.0147297425231684,-0.0358851840049179,0.0671104869841064,0.658125,0.13375,-0.01
416,"A_threshold",2200,0.55,-0.0116365175076695,-0.0112721100670349,0.0221464000247449,-0.0621883153962476,0.0926151516049116,0.72,0.382727272727273,-0.0100727272727273
416,"A_threshold",2800,0.7,-0.0098429374933673,-0.0092961179236087,0.017808481914811,-0.0500025011110942,0.0810877338562049,0.728928571428571,0.298214285714286,-0.00995714285714286
416,"A_threshold",3400,0.85,-0.0187081915207248,-0.0183618833909545,0.0118662385450382,-0.0422041911162903,0.0465477914731179,0.920294117647059,0.497647058823529,-0.00994117647058824
416,"A_threshold",4000,1,-0.0184387828758121,-0.0179126436147739,0.0108242159704158,-0.040598044021846,0.0395280340930513,0.933,0.47075,-0.00996
416,"B_smooth_logistic",1000,0.25,-0.0301293545081967,-0.0295749125186219,0.0118725365139328,-0.0519191316215987,-0.0116231827079235,1,0.727,-0.0375675025691128
416,"B_smooth_logistic",1600,0.4,-0.0383874217141856,-0.0381775185396648,0.0167132613257982,-0.0701316383814512,-0.0131588441591157,1,0.816875,-0.037042419731429
416,"B_smooth_logistic",2200,0.55,-0.0458225703126614,-0.0459255387028949,0.0244871019463595,-0.0919408209837704,-0.00778822642699281,1,0.810454545454545,-0.0370809681053477
416,"B_smooth_logistic",2800,0.7,-0.0455486954484984,-0.0459350346407307,0.0224632984485233,-0.087811772929849,-0.0103524399895257,1,0.836071428571429,-0.0370726707207623
416,"B_smooth_logistic",3400,0.85,-0.0470786344212984,-0.0472877629687956,0.0262865194706688,-0.0947337499330367,-0.00387984127546605,1,0.800588235294118,-0.0371757685722483
416,"B_smooth_logistic",4000,1,-0.049290919452821,-0.0494632070545704,0.0215424722913657,-0.0880435200967271,-0.0135241739393659,1,0.9015,-0.0371399159285876
417,"A_threshold",1000,0.25,-0.0383575234833816,-0.0385661543157381,0.00822598687056014,-0.0648923281463466,-0.0124089180043109,1,0.988,-0.011
417,"A_threshold",1600,0.4,-0.0251729123519988,-0.0252414997299221,0.0160335083876074,-0.0740587488680061,0.0304488698939562,0.939375,0.63375,-0.010875
417,"A_threshold",2200,0.55,-0.0140234462499308,-0.0140297020123591,0.00400558582931764,-0.0256495728210698,0.000620672332597549,0.999545454545455,0.0604545454545455,-0.0108181818181818
417,"A_threshold",2800,0.7,-0.0141278105108053,-0.0141340294745449,0.00638491330078883,-0.0323791747506831,0.00999553240243573,0.983214285714286,0.183214285714286,-0.0107142857142857
417,"A_threshold",3400,0.85,-0.00976264327009449,-0.00977315603443698,0.00979169700480419,-0.0400536209967604,0.0242531062395385,0.840294117647059,0.149411764705882,-0.0105294117647059
417,"A_threshold",4000,1,-0.016981698169817,-0.0169817976558122,0.00878369437199348,-0.0483683001338143,0.014504681456271,0.97225,0.36375,-0.01032
417,"B_smooth_logistic",1000,0.25,-0.048173263438016,-0.0482188547906242,0.0128329869133773,-0.0716424479700314,-0.0267627856151215,1,1,-0.0376523081383263
417,"B_smooth_logistic",1600,0.4,-0.0420048419035652,-0.0421150126434096,0.00816011610334069,-0.057573337027464,-0.0291241488974456,1,1,-0.0377685891607376
417,"B_smooth_logistic",2200,0.55,-0.0387764902701286,-0.0388011803269031,0.00108471190125992,-0.0407523236672549,-0.0369880877084815,1,1,-0.0378876335117066
417,"B_smooth_logistic",2800,0.7,-0.0427217345906114,-0.0427723808437686,0.00170531325305156,-0.0458329468016595,-0.0399094897591963,1,1,-0.0376254875357858
417,"B_smooth_logistic",3400,0.85,-0.0473196472654347,-0.0473494196506003,0.00709498095989415,-0.0598770252535241,-0.0352550516815014,1,1,-0.0373593038051351
417,"B_smooth_logistic",4000,1,-0.0495997183689502,-0.0496189534660791,0.00390320399008675,-0.0565633157087246,-0.0429682535138143,1,1,-0.0373472273293678
418,"A_threshold",1000,0.25,-0.0104200416801667,-0.0121614865361674,0.000686220563194754,-0.0131082458891526,-0.00961678183917174,1,0,-0.01016
418,"A_threshold",1600,0.4,-0.0052506645372305,-0.00560437923803719,0.01450559582317,-0.0394907645947334,0.0557624479139913,0.688125,0.155625,-0.00965
418,"A_threshold",2200,0.55,-0.00175264550264549,-0.00174083876044668,0.0220717624524776,-0.0588558395243394,0.0905731446519688,0.564545454545455,0.216818181818182,-0.0098
418,"A_threshold",2800,0.7,-0.00769896476274452,-0.00749589641210342,0.0196126291979827,-0.0580183289692492,0.075199624221367,0.678214285714286,0.285714285714286,-0.00984285714285714
418,"A_threshold",3400,0.85,-0.0127637603884635,-0.012656133806772,0.011145903069463,-0.0406925250223843,0.0421554693290875,0.869705882352941,0.276176470588235,-0.00962352941176471
418,"A_threshold",4000,1,-0.0190054751368784,-0.0188811383443082,0.0150114599590125,-0.0600139912556002,0.0520890923449212,0.892,0.501,-0.00965
418,"B_smooth_logistic",1000,0.25,-0.0354155944415852,-0.034979839036457,0.0260382938900786,-0.0834403237043916,0.0074998134122423,0.909,0.653,-0.0372076129686713
418,"B_smooth_logistic",1600,0.4,-0.0410780788242777,-0.0407488863134232,0.0267940178321372,-0.0881771760587592,0.00391450678761864,0.954375,0.71875,-0.037362945190178
418,"B_smooth_logistic",2200,0.55,-0.0349081219486594,-0.0342134782236795,0.0287609449571947,-0.0868920447716865,0.01139316326646,0.850454545454545,0.621818181818182,-0.0375022983950716
418,"B_smooth_logistic",2800,0.7,-0.0326568974569746,-0.0322623696274965,0.0300458676331651,-0.0876399807773752,0.0153372893388008,0.811071428571429,0.6025,-0.0376021419635107
418,"B_smooth_logistic",3400,0.85,-0.0305016230783365,-0.0302034935422211,0.026111782255958,-0.0782600385141481,0.01158928354193,0.841764705882353,0.601176470588235,-0.0376442601572667
418,"B_smooth_logistic",4000,1,-0.0276727672767277,-0.0274543972174965,0.0296439097368481,-0.0796790465225154,0.0225533268172836,0.76275,0.57525,-0.0375788618881216
419,"A_threshold",1000,0.25,0.00776911875310045,0.00641885219965504,0.0229573474180924,-0.0465165156993724,0.096770112679047,0.432,0.106,-0.01004
419,"A_threshold",1600,0.4,0.00170313564459777,0.00110019108088346,0.0191541892353908,-0.0388197212199637,0.134908952088623,0.53,0.11,-0.01015
419,"A_threshold",2200,0.55,-0.00221168722973777,-0.00238926575125143,0.0188796973460334,-0.0492975730634123,0.112503727896374,0.592272727272727,0.179545454545455,-0.0101454545454545
419,"A_threshold",2800,0.7,0.00734495791802382,0.00704544878881322,0.0151543140353763,-0.0319272881199614,0.0936493600670382,0.343571428571429,0.0203571428571429,-0.00988571428571429
419,"A_threshold",3400,0.85,0.00947313637772955,0.00926032178970388,0.0113940492562042,-0.0214939254316618,0.0743508187632407,0.214117647058824,0.000294117647058824,-0.00994117647058824
419,"A_threshold",4000,1,0.013068831680198,0.0129284926789534,0.011315575757228,-0.0171343886035467,0.0791580310143748,0.113,0,-0.00993
419,"B_smooth_logistic",1000,0.25,-0.0257864052790057,-0.026378541855599,0.0314324017759675,-0.0727879866589563,0.035425147926649,0.759,0.588,-0.0377984006068531
419,"B_smooth_logistic",1600,0.4,-0.0329329456290096,-0.0328030545877271,0.00818125770531978,-0.0448993847366971,-0.0164831506229435,1,0.9125,-0.0378675554652425
419,"B_smooth_logistic",2200,0.55,-0.0391519126985506,-0.0390409861711246,0.013873271744795,-0.0605322726138592,-0.0125361756900036,1,0.881363636363636,-0.0379514390617733
419,"B_smooth_logistic",2800,0.7,-0.0416152644131919,-0.0414836419165285,0.0170398152685373,-0.0674967633342419,-0.00840216818454444,1,0.852142857142857,-0.0376835342302928
419,"B_smooth_logistic",3400,0.85,-0.0486517369437062,-0.0487116347977301,0.00747797382892322,-0.0602129839130487,-0.0343735113536387,1,1,-0.0374715046377528
419,"B_smooth_logistic",4000,1,-0.0466317407023566,-0.0466816024640089,0.00836055359936219,-0.059890803687997,-0.0309520275325099,1,1,-0.0374743770440489
420,"A_threshold",1000,0.25,0.0176414742888731,0.0177179038206845,0.0239584990163303,-0.0655513382366431,0.0967783379826973,0.229,0.048,-0.01048
420,"A_threshold",1600,0.4,0.01875,0.0187474340488609,0.0187435492868884,-0.0558291315996646,0.0745580753106025,0.15875,0.02125,-0.010475
420,"A_threshold",2200,0.55,0.0197302464049246,0.0197805799230882,0.025284818692858,-0.0668267561228723,0.10375941932272,0.222727272727273,0.0445454545454545,-0.0107272727272727
420,"A_threshold",2800,0.7,0.0175464108895104,0.0175325295391192,0.025816542245933,-0.0594619132992211,0.112822496424159,0.262857142857143,0.0539285714285714,-0.0105
420,"A_threshold",3400,0.85,0.0169083797722474,0.0168853240651851,0.0239328717881426,-0.0535968227386567,0.106283904550037,0.254705882352941,0.0391176470588235,-0.0103882352941176
420,"A_threshold",4000,1,0.0140338076614463,0.0140386247949686,0.026711718972506,-0.0704893824861462,0.110334093075724,0.31675,0.08825,-0.01036
420,"B_smooth_logistic",1000,0.25,-0.0357964191540342,-0.0362806733075472,0.027942479638694,-0.0903024072677232,0.00833861505652016,0.908,0.653,-0.0370734499321239
420,"B_smooth_logistic",1600,0.4,-0.04400200926704,-0.0442945259394975,0.0233370806020846,-0.0872859012484414,-0.00568239589530542,1,0.806875,-0.0371846125742937
420,"B_smooth_logistic",2200,0.55,-0.0434149309401856,-0.0435270927493585,0.0262959971933995,-0.0901013615852531,0.00173964734524658,0.981363636363636,0.759090909090909,-0.0373668781986388
420,"B_smooth_logistic",2800,0.7,-0.0445538161897971,-0.044629584145056,0.0251595193006732,-0.0888255158718355,-0.00136507632141641,1,0.781071428571429,-0.037593619985495
420,"B_smooth_logistic",3400,0.85,-0.0412892951114804,-0.0412960198455868,0.0195191310754969,-0.0743332152238935,-0.00664745963026915,1,0.815,-0.0375127655836656
420,"B_smooth_logistic",4000,1,-0.0404072745901639,-0.040444654751336,0.0181108030468976,-0.0721121240356053,-0.00946329973385318,1,0.829,-0.0374523382194356
421,"A_threshold",1000,0.25,0.0076036801812077,0.00767542620173431,0.0409015230205702,-0.092518998549513,0.188914928049785,0.459,0.265,-0.00984
421,"A_threshold",1600,0.4,-0.00829686745179703,-0.00768262414886883,0.0202986875914334,-0.0562944033539493,0.0855306263150102,0.685625,0.28875,-0.009775
421,"A_threshold",2200,0.55,-0.00868662009103419,-0.00796185832874154,0.0189346733131762,-0.0648533451879441,0.0736439918668957,0.685909090909091,0.272272727272727,-0.00972727272727273
421,"A_threshold",2800,0.7,-0.00819611878859158,-0.00781171700493071,0.0161376081595107,-0.0573785349944534,0.0601962063706344,0.704642857142857,0.226785714285714,-0.0097
421,"A_threshold",3400,0.85,-0.0126012601260126,-0.0121801554300132,0.0145956047861661,-0.0526344311201137,0.0533472674273519,0.811176470588235,0.312058823529412,-0.00963529411764706
421,"A_threshold",4000,1,-0.0177076426247576,-0.0174105382960912,0.0158075657146707,-0.0627216150730615,0.0522152944127587,0.8755,0.4735,-0.00984
421,"B_smooth_logistic",1000,0.25,-0.034,-0.0341400895654838,0.011714100760231,-0.0548053652633298,-0.0147494832103458,1,0.841,-0.0378040069382998
421,"B_smooth_logistic",1600,0.4,-0.0492886504607081,-0.0491147724733232,0.0137198809227122,-0.0707411836513355,-0.0237422794685891,1,1,-0.0378696089309115
421,"B_smooth_logistic",2200,0.55,-0.0527431589626299,-0.0529397752849483,0.0224915088953022,-0.0930256205577526,-0.0156486535035258,1,0.931818181818182,-0.0377109694753231
421,"B_smooth_logistic",2800,0.7,-0.0476478790266254,-0.0476253764560939,0.0201192438041999,-0.0850097423977534,-0.0153599407747422,1,0.913571428571429,-0.0375980159509527
421,"B_smooth_logistic",3400,0.85,-0.0468258298045532,-0.0466892856843508,0.0191595233831341,-0.081587763822274,-0.0146728596266482,1,0.910294117647059,-0.0376192789020548
421,"B_smooth_logistic",4000,1,-0.046373388844973,-0.0462748434689362,0.0190162498685336,-0.0810866607126364,-0.0145997401310551,1,0.90825,-0.0373765281356162
422,"A_threshold",1000,0.25,-0.00331307343579319,-0.00227522993683757,0.0261442235844176,-0.0426009444356703,0.149253404758352,0.635,0.258,-0.00944
422,"A_threshold",1600,0.4,-0.00463232668708775,-0.00414937325296289,0.0147902094014676,-0.0324038650741966,0.0807519428160306,0.67375,0.1175,-0.009325
422,"A_threshold",2200,0.55,0.000694731618559263,0.00100682408463936,0.0084674049271112,-0.0165851220016589,0.0469657682399199,0.499545454545455,0,-0.00967272727272727
422,"A_threshold",2800,0.7,-0.000413347496488595,-0.000189639948362283,0.0126175247523383,-0.0311391879119336,0.0648865268300976,0.5425,0.0378571428571429,-0.00962857142857143
422,"A_threshold",3400,0.85,0.00205563123464987,0.00212242120053188,0.0150532627371733,-0.03661782154436,0.0753694254716852,0.471764705882353,0.0602941176470588,-0.0096
422,"A_threshold",4000,1,0.00250977937724926,0.00261582889090651,0.0211916289397082,-0.0508123031627757,0.107778679259373,0.48175,0.1345,-0.00975
422,"B_smooth_logistic",1000,0.25,-0.0294871179004339,-0.0291809108747956,0.0476763890214793,-0.113640354823111,0.0528442246255193,0.665,0.549,-0.0372122124323709
422,"B_smooth_logistic",1600,0.4,-0.0409856184504072,-0.0409572740501822,0.0272927363120181,-0.0879065231870723,0.00679117317315195,0.933125,0.719375,-0.0371010234184641
422,"B_smooth_logistic",2200,0.55,-0.043915447573842,-0.0438823246603603,0.0270974326209386,-0.0902445457711054,0.00315843845991365,0.969545454545455,0.755,-0.0374686918797014
422,"B_smooth_logistic",2800,0.7,-0.0455638232888114,-0.0455093288653895,0.022254353423488,-0.0850423208825064,-0.0076762008209498,1,0.833571428571429,-0.0372350746418052
422,"B_smooth_logistic",3400,0.85,-0.0445442487481473,-0.0445346602082455,0.0231268860484537,-0.0860165339989474,-0.00575326992044931,1,0.805,-0.0373695802377942
422,"B_smooth_logistic",4000,1,-0.0409937987613528,-0.040949382188819,0.0240754188203297,-0.0852587664100297,-0.00133823546149395,1,0.74975,-0.0372398141905446
423,"A_threshold",1000,0.25,-0.0270789322066449,-0.02658597589809,0.0215861422330865,-0.099619943231936,0.0678346464043342,0.89,0.625,-0.00908
423,"A_threshold",1600,0.4,-0.0130119337261759,-0.0124198529690043,0.00641483600253302,-0.0321802036899596,0.0178296892198481,0.968125,0.115,-0.0095
423,"A_threshold",2200,0.55,-0.0107647128349199,-0.0098853024997127,0.00994479147420974,-0.0347602856793065,0.0431151248875757,0.843181818181818,0.146363636363636,-0.00941818181818182
423,"A_threshold",2800,0.7,-0.0207472796622061,-0.0201583641492633,0.00627474356827552,-0.0379809002381815,0.0102519797351634,0.997142857142857,0.542857142857143,-0.00971428571428572
423,"A_threshold",3400,0.85,-0.0140312068381369,-0.013495807507815,0.00943602317989516,-0.040876234058908,0.0317387760585649,0.915,0.253529411764706,-0.00972941176470588
423,"A_threshold",4000,1,-0.00691120906407419,-0.00646156558680285,0.00928220826648462,-0.0326411708933412,0.0379535507871371,0.7765,0.05425,-0.00982
423,"B_smooth_logistic",1000,0.25,-0.0431089743589744,-0.0428137468703202,0.00624594471051089,-0.0540598463267204,-0.0324870859771046,1,1,-0.0377933248643948
423,"B_smooth_logistic",1600,0.4,-0.039258898037524,-0.0392119338116392,0.0109942931509603,-0.0597158808145011,-0.021651442265117,1,1,-0.0375024397743282
423,"B_smooth_logistic",2200,0.55,-0.0428392272405238,-0.0428738778909136,0.0044376400617316,-0.0507285367174554,-0.0352735687768145,1,1,-0.0377081985142833
423,"B_smooth_logistic",2800,0.7,-0.0360389144738017,-0.0360907993913391,0.00372361775748769,-0.0425820265400169,-0.0296765454760772,1,1,-0.037583435825304
423,"B_smooth_logistic",3400,0.85,-0.0366092553136997,-0.0366257925256489,0.00411621158875135,-0.0438532691946958,-0.0296086241896101,1,1,-0.0372782936099483
423,"B_smooth_logistic",4000,1,-0.0401872965391771,-0.0402114798666499,0.00198012253833848,-0.0437155364775082,-0.0368426026174294,1,1,-0.0371947183258962
424,"A_threshold",1000,0.25,0.00278402012506059,0.0023721016245808,0.0246853663709146,-0.0864214711235105,0.0661347209883678,0.422,0.172,-0.00928
424,"A_threshold",1600,0.4,0.0207845049031556,0.0207901436433167,0.0151289003184595,-0.0468123542079403,0.0614587232100524,0.1,0.008125,-0.009375
424,"A_threshold",2200,0.55,0.0253069824712575,0.0252844693439968,0.0123323811723892,-0.0286534016029756,0.0596126107816921,0.03,0.00136363636363636,-0.00958181818181818
424,"A_threshold",2800,0.7,0.0262380464175868,0.026171881683595,0.000156443648924015,0.0251850140737352,0.0263287001431248,0,0,-0.00972857142857143
424,"A_threshold",3400,0.85,0.0205242706683629,0.0204851617280947,0.00203091188365854,0.0139537912888688,0.0285013212206462,0,0,-0.00996470588235294
424,"A_threshold",4000,1,0.0154509764697057,0.0154525926222977,0.00262094921017438,0.00391277288993008,0.0227970349489874,0,0,-0.00997
424,"B_smooth_logistic",1000,0.25,-0.00982286634460548,-0.00982602540284481,0.00958657162478925,-0.0264587773943631,0.00591818757548061,0.804,0.206,-0.0366292572811491
424,"B_smooth_logistic",1600,0.4,-0.00529966316232061,-0.00508130643470073,0.0145754774234528,-0.0323316324521641,0.0175115690075251,0.566875,0.21,-0.0369051581679927
424,"B_smooth_logistic",2200,0.55,-0.0160767234988881,-0.0159294296617299,0.00728718272139234,-0.0294503576987202,-0.00447625571646762,1,0.331363636363636,-0.0369972232065131
424,"B_smooth_logistic",2800,0.7,-0.0179536633204294,-0.0179093029923234,0.0134821705262716,-0.0419895383093865,0.00419808739242895,0.895714285714286,0.4425,-0.0370068248890529
424,"B_smooth_logistic",3400,0.85,-0.023701090487014,-0.0236472288589002,0.0136301465182871,-0.0475641053671281,-0.000596530224572872,1,0.565,-0.037116046874065
424,"B_smooth_logistic",4000,1,-0.0282051596409183,-0.028198683548612,0.0184856336738394,-0.0596850901759294,0.0042929240068241,0.934,0.63025,-0.037152411886475
425,"A_threshold",1000,0.25,-0.00832001410036093,-0.00748530826780443,0.0205857674408946,-0.0570592523934878,0.0742357277416777,0.693,0.29,-0.0104
425,"A_threshold",1600,0.4,-0.000900360144057616,-0.000661419523129168,0.0121296124689551,-0.0280808557024731,0.0530876502338721,0.565625,0.030625,-0.010725
425,"A_threshold",2200,0.55,-0.00562314514309517,-0.00525789940377987,0.0212003635896504,-0.0601319167751987,0.0805931330394474,0.634545454545455,0.257272727272727,-0.0104727272727273
425,"A_threshold",2800,0.7,-0.00798177925717003,-0.00780615746989781,0.00913466827094522,-0.0311713970304543,0.0284349738756483,0.808928571428571,0.0728571428571429,-0.0105714285714286
425,"A_threshold",3400,0.85,-0.0117699980103634,-0.0117422294497169,0.0169860215392263,-0.0588343963109973,0.0519248827245009,0.76,0.328235294117647,-0.0103764705882353
425,"A_threshold",4000,1,-0.00771982616265537,-0.00781893302752754,0.0156427409963188,-0.0490273708203651,0.0544928212574321,0.71,0.23025,-0.01018
425,"B_smooth_logistic",1000,0.25,-0.0417366946778711,-0.0418988287733922,0.0383829018660558,-0.109432100302879,0.0238215436169525,0.823,0.656,-0.0375228352934121
425,"B_smooth_logistic",1600,0.4,-0.0184314295493654,-0.0187687160077666,0.0155324964538337,-0.0472967444631753,0.00604093873055235,0.865625,0.455625,-0.0371340256483736
425,"B_smooth_logistic",2200,0.55,-0.0197209723874963,-0.0201914315280851,0.0159671130253641,-0.0498750151788555,0.00499107935292172,0.890909090909091,0.475454545454545,-0.0369169003264593
425,"B_smooth_logistic",2800,0.7,-0.0230205919989138,-0.0232153172212747,0.00513203300775756,-0.0323160083353684,-0.0148272078071877,1,0.661428571428571,-0.0371140336325501
425,"B_smooth_logistic",3400,0.85,-0.0229691442523159,-0.0230797276599571,0.00969105420791593,-0.0399974243767394,-0.00691069920534958,1,0.575588235294118,-0.0372567310479033
425,"B_smooth_logistic",4000,1,-0.0227204600893168,-0.0227626165824445,0.0125786929690713,-0.0452417646408697,-0.00210880746157878,1,0.54375,-0.0371925778606451
426,"A_threshold",1000,0.25,-0.0142014201420142,-0.0141364724665142,0.00611293808763521,-0.0340728605044649,0.00631264798353928,0.99,0.175,-0.0102
426,"A_threshold",1600,0.4,-0.0113687712939698,-0.0111465856818268,0.000472522049443416,-0.0126281910420611,-0.00939368778668091,1,0,-0.010425
426,"A_threshold",2200,0.55,-0.0133438503279533,-0.0129772583320715,0.00237081121656343,-0.0216162135414693,-0.0049943344891106,1,0.00227272727272727,-0.0101818181818182
426,"A_threshold",2800,0.7,-0.0108883329222312,-0.0106409796781996,0.00535339916271062,-0.0283306889507679,0.00966235456738045,0.969285714285714,0.0310714285714286,-0.0101285714285714
426,"A_threshold",3400,0.85,-0.0151590047783819,-0.0147194352617259,0.00526977598810994,-0.0300359151489956,0.00806286212530549,0.993529411764706,0.155,-0.0101882352941176
426,"A_threshold",4000,1,-0.0126726493680187,-0.012388580687544,0.00915004732535846,-0.0381969341548896,0.0300504854620886,0.90275,0.20775,-0.01022
426,"B_smooth_logistic",1000,0.25,-0.047688190752763,-0.0477993117696325,0.000137079612061257,-0.0479395471181395,-0.0474957122904257,1,1,-0.0369346241217503
426,"B_smooth_logistic",1600,0.4,-0.0522129770694168,-0.052287946810893,0.0111842097284377,-0.0722437592896893,-0.0339441824836196,1,1,-0.0368490255947432
426,"B_smooth_logistic",2200,0.55,-0.0368300260084579,-0.0367945744690105,0.00973322928060749,-0.0537185095444948,-0.0203747417631746,1,1,-0.037115262776832
426,"B_smooth_logistic",2800,0.7,-0.0330115395742036,-0.032889298697282,0.0138463465059389,-0.0574112341474257,-0.00967791003986698,1,0.7725,-0.0371963412483619
426,"B_smooth_logistic",3400,0.85,-0.0364917836736502,-0.0363754380491876,0.0163489397394475,-0.065390116171289,-0.0087925755250034,1,0.791764705882353,-0.037320868012932
426,"B_smooth_logistic",4000,1,-0.0439014218777307,-0.0437974140481407,0.0157838141451048,-0.0714834899235481,-0.0170652265292566,1,0.9435,-0.0372600436643522
427,"A_threshold",1000,0.25,-0.00961538461538462,-0.00969834768538686,0.0286688371405508,-0.0805391415467162,0.126675273055139,0.657,0.395,-0.00988
427,"A_threshold",1600,0.4,-0.00238305218321355,-0.00238501314615758,0.0179038553290834,-0.0696880023741743,0.0665783907434549,0.54875,0.16375,-0.009775
427,"A_threshold",2200,0.55,-0.00407759526263293,-0.00416692188904698,0.0293011892366488,-0.106659612653995,0.134980225750011,0.584545454545455,0.310454545454545,-0.00954545454545455
427,"A_threshold",2800,0.7,-0.00481170821768691,-0.00474734102834419,0.0249652064425551,-0.0814518820904013,0.120694769353252,0.613214285714286,0.288928571428571,-0.00968571428571429
427,"A_threshold",3400,0.85,-0.00810711946009754,-0.00820093519442583,0.0310485929468654,-0.0996589258296458,0.154304462443988,0.645588235294118,0.385,-0.0098
427,"A_threshold",4000,1,-0.00627451411765677,-0.00648035448895814,0.0300477805251414,-0.103230348676507,0.140078756779559,0.623,0.35075,-0.00972
427,"B_smooth_logistic",1000,0.25,-0.0655917037654422,-0.0651863654758842,0.0134015666147815,-0.0858410242495246,-0.0391545491250833,1,1,-0.0375413915660043
427,"B_smooth_logistic",1600,0.4,-0.0489463588055137,-0.0486973210597063,0.010958839672471,-0.0690031867778829,-0.0305333352123524,1,1,-0.0375896770151605
427,"B_smooth_logistic",2200,0.55,-0.0448420412319329,-0.0444516114568392,0.0018302813260083,-0.0470825152228035,-0.0407499548596034,1,1,-0.0378611938577181
427,"B_smooth_logistic",2800,0.7,-0.047559703518624,-0.0473370943364008,0.00110428561837545,-0.0489573703140618,-0.045171964408275,1,1,-0.0376230042050775
427,"B_smooth_logistic",3400,0.85,-0.0369762368782389,-0.0366785110572753,0.000668142336303971,-0.0376530799343063,-0.0353734109821735,1,1,-0.0376302145354805
427,"B_smooth_logistic",4000,1,-0.0424187606046901,-0.042227232956469,0.00204748749602587,-0.0453401357360923,-0.0383213327103696,1,1,-0.0376525142594773
428,"A_threshold",1000,0.25,-0.0107327786594848,-0.0109172571273091,0.0142440324517299,-0.0743513632809826,0.0340891761784738,0.779,0.247,-0.00904
428,"A_threshold",1600,0.4,-0.0104876933961969,-0.0103893949831408,0.00547089800732848,-0.0337445051835615,0.00786916424749898,0.97875,0.04,-0.00935
428,"A_threshold",2200,0.55,-0.000446707763780946,-0.000418213611288353,0.00541421543459365,-0.0211144769670482,0.0206981368939603,0.525454545454546,0.000454545454545455,-0.00927272727272727
428,"A_threshold",2800,0.7,-0.00293725566479852,-0.0028877867769097,0.0115734646827066,-0.0471335158335292,0.0423785103047915,0.601428571428571,0.0692857142857143,-0.00917142857142857
428,"A_threshold",3400,0.85,-0.00148294611962432,-0.00151194880370117,0.0107731852225008,-0.0396514253839981,0.0439110578165526,0.559411764705882,0.0397058823529412,-0.00924705882352941
428,"A_threshold",4000,1,-0.00574170719393752,-0.00584530150172032,0.00696859745632337,-0.0281361558214631,0.026717239586251,0.801,0.01525,-0.00945
428,"B_smooth_logistic",1000,0.25,-0.0574169186706987,-0.0564715254362356,0.0218220164299353,-0.100558039635063,-0.0245111749959323,1,1,-0.0367923557761411
428,"B_smooth_logistic",1600,0.4,-0.0467261681542039,-0.0468505257060632,0.0267379518057294,-0.0978916193947625,-0.0050962138001336,1,0.796875,-0.0366644092485556
428,"B_smooth_logistic",2200,0.55,-0.0426314784648304,-0.0426550656659803,0.0206064659402805,-0.0815699014993229,-0.00992607762888018,1,0.826363636363636,-0.0369508294818036
428,"B_smooth_logistic",2800,0.7,-0.0390602837964975,-0.0390995355918269,0.0180100375357983,-0.074576812008997,-0.011475448823082,1,0.817857142857143,-0.0365781935554468
428,"B_smooth_logistic",3400,0.85,-0.0437385376656632,-0.043629299015979,0.0282713812779971,-0.0962658226456135,0.00184539894271205,0.975882352941176,0.740588235294118,-0.0368424590938608
428,"B_smooth_logistic",4000,1,-0.0363301453205813,-0.0362250110798756,0.028337303784178,-0.0915799004521145,0.00708416358383021,0.89225,0.64525,-0.0369947159541111
429,"A_threshold",1000,0.25,-0.0254839794398809,-0.0246468382838764,0.0293221474060558,-0.166575614900582,0.0478669531579337,0.779,0.552,-0.01008
429,"A_threshold",1600,0.4,-0.00349089227143953,-0.00312686983734475,0.0140034012235878,-0.0713522726958272,0.0377485173422132,0.56375,0.11625,-0.009975
429,"A_threshold",2200,0.55,-0.0125868414352273,-0.0125225072953717,0.0210393698067826,-0.0967659244660847,0.0663746363074079,0.722272727272727,0.365454545454545,-0.0102363636363636
429,"A_threshold",2800,0.7,-0.0122093394048393,-0.0122528426805717,0.0186349411179589,-0.0775970087077971,0.0703383270570477,0.748571428571429,0.355357142857143,-0.0102142857142857
429,"A_threshold",3400,0.85,-0.0104798210498923,-0.0104981765901386,0.0104211027802084,-0.0471544277554286,0.033421249016515,0.834117647058824,0.181176470588235,-0.0104941176470588
429,"A_threshold",4000,1,-0.010572566078538,-0.0105547664518985,0.0131422026210774,-0.0571393163360245,0.0446396815395493,0.7815,0.23875,-0.01043
429,"B_smooth_logistic",1000,0.25,-0.0588237651216746,-0.058903160295034,0.0272989009493282,-0.105486529651874,-0.0102645388240205,1,0.898,-0.0371072980982025
429,"B_smooth_logistic",1600,0.4,-0.057655849747824,-0.0578780056537411,0.0342567196296764,-0.119210769137786,0.00063086840301621,0.994375,0.8275,-0.0370677960099719
429,"B_smooth_logistic",2200,0.55,-0.0567071316168789,-0.056765768891182,0.0351189204661433,-0.119957996224691,0.00222789340282573,0.979090909090909,0.808636363636364,-0.0369243756794396
429,"B_smooth_logistic",2800,0.7,-0.053955860001398,-0.0540421679309685,0.0273592237726121,-0.104278536958257,-0.00823424548482608,1,0.863928571428571,-0.0370099765792318
429,"B_smooth_logistic",3400,0.85,-0.051704234008272,-0.0517444472661224,0.0254947772335401,-0.097646595023586,-0.00805034128488236,1,0.863529411764706,-0.0372352770494442
429,"B_smooth_logistic",4000,1,-0.0491148516569328,-0.0491204616206504,0.0221704290242802,-0.0889053975482527,-0.0110683916167663,1,0.884,-0.0371859286277445
430,"A_threshold",1000,0.25,0.00441485156065002,0.00422767926076423,0.027138144931545,-0.0841942239428728,0.103313859224818,0.441,0.19,-0.00972
430,"A_threshold",1600,0.4,-0.00698548914854963,-0.00766318940399451,0.0233527799423939,-0.0653868931547798,0.0957601842947294,0.666875,0.32375,-0.010125
430,"A_threshold",2200,0.55,-0.0159218801721284,-0.0171534957768519,0.0207675474308506,-0.0623533489382291,0.0850747132564305,0.806818181818182,0.491363636363636,-0.0101090909090909
430,"A_threshold",2800,0.7,-0.0189268005783416,-0.0196352771589081,0.0286439841855748,-0.0874377147521146,0.120678282759932,0.7725,0.536785714285714,-0.0101285714285714
430,"A_threshold",3400,0.85,-0.0188824262567511,-0.0195958063122866,0.0216707269494841,-0.0717888175775246,0.0836847064461253,0.823529411764706,0.537058823529412,-0.0100941176470588
430,"A_threshold",4000,1,-0.0127829229495004,-0.0132423082394731,0.0179189367569889,-0.059889266635825,0.0675846109608736,0.7805,0.37925,-0.0102
430,"B_smooth_logistic",1000,0.25,-0.0388824884792627,-0.0395283082338636,0.00109524375526574,-0.0405496298287708,-0.0369180842594667,1,1,-0.0369957694661771
430,"B_smooth_logistic",1600,0.4,-0.0293834063373646,-0.0298591596189648,0.00976380516853245,-0.0481356736103349,-0.0149775830724692,1,0.7925,-0.0370397852090622
430,"B_smooth_logistic",2200,0.55,-0.0321759259259259,-0.0329307077916882,0.0172594852234637,-0.0655319977095801,-0.0065075376489678,1,0.694545454545455,-0.0372662556117814
430,"B_smooth_logistic",2800,0.7,-0.0305935856211373,-0.030957623786933,0.0146796981354443,-0.057157254354579,-0.00726778747026283,1,0.7,-0.0373777695883088
430,"B_smooth_logistic",3400,0.85,-0.0321989847940772,-0.0324788076125101,0.0115982610984164,-0.053503901370372,-0.0140078025139119,1,0.810294117647059,-0.0372500754191189
430,"B_smooth_logistic",4000,1,-0.0314412542878986,-0.0315793739638195,0.0148798014388464,-0.0576796167530794,-0.0070018551795018,1,0.714,-0.0373851926961146
431,"A_threshold",1000,0.25,-0.00761168405508267,-0.00759159406840669,0.0139738295831696,-0.05936474048307,0.0331639886311455,0.712,0.192,-0.0104
431,"A_threshold",1600,0.4,-0.00839697521250446,-0.00839871030455991,0.00564933776990133,-0.0342120231216906,0.00659942110557508,0.944375,0.031875,-0.0103
431,"A_threshold",2200,0.55,0.00319667724494302,0.00308037742360686,0.000696352208183183,-0.000196466793359967,0.00489837266093705,0.000454545454545455,0,-0.0102909090909091
431,"A_threshold",2800,0.7,-0.000175523099656308,-0.000293758140034299,0.00123967820381571,-0.00541814207049539,0.00355581408731581,0.579285714285714,0,-0.0104142857142857
431,"A_threshold",3400,0.85,0.00063337776207216,0.000643079084077821,0.00809193480960984,-0.0305586480714611,0.0273191697081713,0.455,0.00676470588235294,-0.0103764705882353
431,"A_threshold",4000,1,-0.0055616918588597,-0.00555925249357079,0.00231693422493001,-0.013731565815578,0.00294459156210265,0.99025,0,-0.0103
431,"B_smooth_logistic",1000,0.25,-0.0364184755579086,-0.0372694978971805,0.0195386881275015,-0.074600974865856,-0.00642187539097733,1,0.752,-0.0366097416713676
431,"B_smooth_logistic",1600,0.4,-0.0439103225362767,-0.044232620266293,0.026640710883235,-0.0959502379487611,-0.00305528837234628,1,0.76125,-0.0368990817015378
431,"B_smooth_logistic",2200,0.55,-0.0331298204765244,-0.0332648953035345,0.0185674214007592,-0.068300107243748,-0.00359493556470702,1,0.701363636363636,-0.0369667362103815
431,"B_smooth_logistic",2800,0.7,-0.0309032386802356,-0.0309177772696943,0.024367164856416,-0.0801124884241043,0.00481302849598058,0.904285714285714,0.596071428571429,-0.0370461151866726
431,"B_smooth_logistic",3400,0.85,-0.0342194429219194,-0.0344594496628228,0.0285313899390151,-0.0912004376283808,0.00830657824457497,0.87,0.619411764705882,-0.0369253091015873
431,"B_smooth_logistic",4000,1,-0.0291470291470291,-0.0291854702244403,0.022981966881037,-0.0739987344561887,0.00628534477745676,0.88825,0.58925,-0.0368741047303864
432,"A_threshold",1000,0.25,-0.000680533538294018,0.000551100942740926,0.00106400387766176,-0.0057851379899162,0.0025111165093914,0.25,0,-0.01036
432,"A_threshold",1600,0.4,-0.0135172086206385,-0.0125950865968001,0.000388463400390763,-0.0132804631682856,-0.0107294037648262,1,0,-0.00995
432,"A_threshold",2200,0.55,-0.0194265105008612,-0.019222273546931,0.00967816342838736,-0.0481401776801065,0.0232144707874728,0.967272727272727,0.484545454545455,-0.0101818181818182
432,"A_threshold",2800,0.7,-0.0148042024832856,-0.0146341517791079,0.00722842908783258,-0.036938038345538,0.0164227138821398,0.968928571428571,0.238928571428571,-0.0102714285714286
432,"A_threshold",3400,0.85,-0.0184749122726277,-0.0184537333367213,0.00182446139999126,-0.0244742922934305,-0.0110228635982317,1,0.204117647058824,-0.0103058823529412
432,"A_threshold",4000,1,-0.0224097556024389,-0.0223530171213945,0.00369757500705496,-0.0327803525966658,-0.00367960565373417,1,0.7575,-0.01041
432,"B_smooth_logistic",1000,0.25,-0.0599668633735974,-0.059898457547424,0.0141152958329924,-0.0829762605902315,-0.03581554543268,1,1,-0.0374302210568691
432,"B_smooth_logistic",1600,0.4,-0.0526806439301512,-0.0525165757796199,0.0043751258267481,-0.0594048640260895,-0.0447610330633576,1,1,-0.0374806084898935
432,"B_smooth_logistic",2200,0.55,-0.0441565267840835,-0.0439124335351857,0.00424378272728127,-0.0513339645980599,-0.0370220602394205,1,1,-0.0374503491934979
432,"B_smooth_logistic",2800,0.7,-0.0517904379347507,-0.0516807088414588,0.00442147625259792,-0.0589702310270596,-0.0439226395771914,1,1,-0.0373400700584639
432,"B_smooth_logistic",3400,0.85,-0.0468868514735274,-0.0467280176573583,0.00174298074926705,-0.0497390271759841,-0.0437706486611658,1,1,-0.0373002406395972
432,"B_smooth_logistic",4000,1,-0.0450236208503506,-0.0447570479951448,0.00352865915441296,-0.0510126762213967,-0.0389363171955194,1,1,-0.0372739126227162
433,"A_threshold",1000,0.25,-0.0294541726076996,-0.0288296634268036,0.00595160083386378,-0.0554032160838063,-0.0121267138622184,1,0.943,-0.01028
433,"A_threshold",1600,0.4,-0.0300870348139256,-0.0300933028438042,0.000497826160809293,-0.0304711503864324,-0.0259011696238316,1,1,-0.0099
433,"A_threshold",2200,0.55,-0.020803346006598,-0.020782877750514,0.0115342164764303,-0.0461994538395283,0.0424279800573424,0.946363636363636,0.571363636363636,-0.00992727272727273
433,"A_threshold",2800,0.7,-0.0235416207028984,-0.0233941695793757,0.0141448477551961,-0.0569231218631104,0.0508974285055308,0.934285714285714,0.631785714285714,-0.0100285714285714
433,"A_threshold",3400,0.85,-0.0240635177883011,-0.023757917123513,0.0217320031265982,-0.0763831775554211,0.0910605881861959,0.866470588235294,0.610882352941176,-0.00981176470588235
433,"A_threshold",4000,1,-0.0289742056396803,-0.0287732054347663,0.0176797373167026,-0.0714292070250764,0.0635892202612619,0.93075,0.7235,-0.01001
433,"B_smooth_logistic",1000,0.25,-0.0245158755927543,-0.0244753430060267,0.0267865988768987,-0.0634363003547121,0.0323290933450175,0.782,0.582,-0.0372621724000558
433,"B_smooth_logistic",1600,0.4,-0.0199758863185352,-0.0202526961812792,0.0234735913070913,-0.0570672641385346,0.0251689550855523,0.763125,0.519375,-0.037234564800109
433,"B_smooth_logistic",2200,0.55,-0.0326937391448184,-0.0326956254100376,0.0203447505160121,-0.065446664462442,0.00551554281406355,0.942272727272727,0.697272727272727,-0.0372280347328035
433,"B_smooth_logistic",2800,0.7,-0.0388993120700438,-0.0388642473838322,0.0131974842816597,-0.0605648344373483,-0.014435844570322,1,0.900714285714286,-0.0370176772312201
433,"B_smooth_logistic",3400,0.85,-0.0411129790909711,-0.040974755720798,0.0119409761158144,-0.0598962131723167,-0.0178852143504492,1,0.968823529411765,-0.0370534919788673
433,"B_smooth_logistic",4000,1,-0.0468461954093429,-0.0468555882772363,0.0176618312645057,-0.0765382557694203,-0.0142245198609205,1,0.92575,-0.0369985344119694
434,"A_threshold",1000,0.25,-0.00499046764606929,-0.00484010452217973,0.0403874627059074,-0.160022660385197,0.129280568080674,0.549,0.336,-0.0106
434,"A_threshold",1600,0.4,0.000967987602252487,0.000865277515977101,0.0285017737092906,-0.138919664593654,0.074120063678164,0.45125,0.21125,-0.01
434,"A_threshold",2200,0.55,-0.0146642595458213,-0.0148491258631133,0.0157520258661174,-0.0818256591863957,0.0296596252786575,0.835909090909091,0.343636363636364,-0.0104545454545455
434,"A_threshold",2800,0.7,-0.00972276645768025,-0.00974332943111834,0.0088453730923412,-0.0433346407270618,0.0183286930716543,0.866071428571429,0.123571428571429,-0.0103142857142857
434,"A_threshold",3400,0.85,-0.0103557236757421,-0.010353953851758,0.0111543517989108,-0.0518064818482086,0.0259572159884566,0.831176470588235,0.195,-0.0102470588235294
434,"A_threshold",4000,1,-0.0158866429797868,-0.015789581635339,0.0121950007503205,-0.0554113641559373,0.028197237189111,0.896,0.369,-0.01014
434,"B_smooth_logistic",1000,0.25,-0.0450805725152637,-0.0450524895449591,0.01142988136031,-0.0649370318308131,-0.0260182112182763,1,1,-0.0370499484287064
434,"B_smooth_logistic",1600,0.4,-0.0415609429693937,-0.0415619783356916,0.0154062934847934,-0.0678694380646366,-0.0145314366282493,1,0.900625,-0.0373805664231823
434,"B_smooth_logistic",2200,0.55,-0.0405092592592593,-0.040588905695055,0.0208880581844585,-0.0776071727478002,-0.00502042603329332,1,0.786363636363636,-0.0373543449854412
434,"B_smooth_logistic",2800,0.7,-0.0383574559792325,-0.0382808061837165,0.0226821827999042,-0.0793613942186261,-0.000322108484875225,1,0.731428571428571,-0.0375684737969001
434,"B_smooth_logistic",3400,0.85,-0.0348870333699199,-0.0348371642843132,0.0193724758400576,-0.0696661004559406,-0.0021180795777231,1,0.718529411764706,-0.0375793216760624
434,"B_smooth_logistic",4000,1,-0.0326725227603642,-0.0326942605919477,0.0208745770795378,-0.070014160847583,0.00284163116580555,0.96025,0.66525,-0.0374303014472516
435,"A_threshold",1000,0.25,-0.0181902611647532,-0.017919882596665,0.0278956162752139,-0.1579302345945,0.0322513678664968,0.716,0.383,-0.01084
435,"A_threshold",1600,0.4,-0.00827118983664243,-0.0077129571385844,0.000956976813077071,-0.0113312955135439,-0.00518343019984487,1,0,-0.0105
435,"A_threshold",2200,0.55,-0.0121797654512859,-0.0118334149881278,0.00829176963420165,-0.0491458804298477,0.00813697937208652,0.953636363636364,0.158181818181818,-0.0103272727272727
435,"A_threshold",2800,0.7,-0.0142796918713831,-0.0142271677445099,0.005381632440077,-0.0384899921305747,-0.00107681545228065,1,0.142142857142857,-0.0101428571428571
435,"A_threshold",3400,0.85,-0.0103186799903436,-0.0102885637537454,0.00363041878546551,-0.0261174155513337,-0.000434457247296773,1,0.0105882352941176,-0.0102941176470588
435,"A_threshold",4000,1,-0.0051459452533885,-0.00517654456329434,0.00152189383794492,-0.0118820980425898,-0.00104011901399361,1,0,-0.01013
435,"B_smooth_logistic",1000,0.25,-0.0592311631777735,-0.0595041942271825,0.0203021550051442,-0.0892172470999978,-0.0192565254182939,1,0.992,-0.0378947786523794
435,"B_smooth_logistic",1600,0.4,-0.0620941380883631,-0.0623615273278836,0.0171324489483692,-0.0878896951510943,-0.0286577822951993,1,1,-0.0374404326691923
435,"B_smooth_logistic",2200,0.55,-0.058111804611502,-0.0579842415589598,0.0148973039769597,-0.0794986973375686,-0.0275189073639419,1,1,-0.037291668106677
435,"B_smooth_logistic",2800,0.7,-0.058048991800004,-0.0580248602056168,0.00566377417895639,-0.0659440267223709,-0.046183712641863,1,1,-0.0370859285256294
435,"B_smooth_logistic",3400,0.85,-0.0494272814008947,-0.0494003048686721,0.00360907706673575,-0.0548250422979344,-0.0421975141051041,1,1,-0.0372715293257782
435,"B_smooth_logistic",4000,1,-0.0493929202530924,-0.0494306262674659,0.0100549704317343,-0.0653798675579607,-0.0303683603276562,1,1,-0.0371265785670309
436,"A_threshold",1000,0.25,-0.00349252631410307,-0.00207538587547465,0.00351106602915623,-0.0099895810333803,0.0166989870685103,0.757,0,-0.01028
436,"A_threshold",1600,0.4,-0.018141004297253,-0.0173274859937102,0.00656652825305003,-0.0343134182605878,0.0149152017338865,0.990625,0.355625,-0.00965
436,"A_threshold",2200,0.55,-0.0145454545454545,-0.0140582593024657,0.00238289809312218,-0.0195412228964909,-0.00122823288704121,1,0,-0.00970909090909091
436,"A_threshold",2800,0.7,-0.0203994579193573,-0.0196969278834562,0.00331884780271588,-0.0276927739225803,-0.00225036952376551,1,0.503571428571429,-0.0098
436,"A_threshold",3400,0.85,-0.0171325899186715,-0.0165434446989302,0.00528191770251458,-0.0295056604783221,0.0112896877455873,0.996470588235294,0.272058823529412,-0.0100823529411765
436,"A_threshold",4000,1,-0.0161471648443095,-0.0156563848740901,0.0071916708233315,-0.0341151042913402,0.0211011376069904,0.971,0.28925,-0.01005
436,"B_smooth_logistic",1000,0.25,-0.0353942652329749,-0.0354460691603184,0.0135237826252825,-0.0583318300005608,-0.0114400413318866,1,0.827,-0.0371799918232338
436,"B_smooth_logistic",1600,0.4,-0.0343034303430343,-0.0343254673336491,0.018737615396519,-0.0659010216941492,-0.000505431150195995,1,0.721875,-0.0372654333056911
436,"B_smooth_logistic",2200,0.55,-0.0413564875004029,-0.0413909034848167,0.0106271776930641,-0.0595589236662946,-0.0224367147969009,1,1,-0.0372958913480015
436,"B_smooth_logistic",2800,0.7,-0.03239289446186,-0.0322788463413596,0.0142821642620404,-0.0572317333275647,-0.00738302676863151,1,0.7525,-0.0374125465215169
436,"B_smooth_logistic",3400,0.85,-0.0316583222345292,-0.0313140979053629,0.00790876004316733,-0.0455902216753418,-0.0181245198223348,1,0.927941176470588,-0.0373874344015958
436,"B_smooth_logistic",4000,1,-0.0307513191904682,-0.0304603720902648,0.00911262055427757,-0.0468572600961439,-0.0151453121307336,1,0.83775,-0.0374445175986762
437,"A_threshold",1000,0.25,-0.00325757666710688,-0.00332300731816751,0.0171622103522955,-0.0265117832075298,0.0979233668277606,0.674,0.125,-0.00892
437,"A_threshold",1600,0.4,-0.00729063639161937,-0.0071552405262042,0.0190664358217321,-0.0338850487521134,0.103113242993822,0.72,0.275625,-0.0099
437,"A_threshold",2200,0.55,-0.00609819121447029,-0.00622504267701055,0.0156605670296799,-0.0356139394370304,0.0843878663927027,0.705454545454545,0.184545454545455,-0.00992727272727273
437,"A_threshold",2800,0.7,-0.0131768559342337,-0.0131181709453821,0.0117805095976858,-0.0355888797539402,0.0549084313613586,0.873214285714286,0.309285714285714,-0.00997142857142857
437,"A_threshold",3400,0.85,-0.0161076762841821,-0.0159874687561803,0.00957690843105026,-0.0321153439753181,0.0428199934580637,0.938529411764706,0.392941176470588,-0.00989411764705882
437,"A_threshold",4000,1,-0.0117827868852459,-0.0118357488455501,0.00542032211636546,-0.0228971841902102,0.0179586429691266,0.96975,0.0235,-0.01013
437,"B_smooth_logistic",1000,0.25,-0.0433980609717548,-0.0444854544427493,0.0274379801072896,-0.0966703897221575,-0.0036757430533343,1,0.758,-0.0374301708503641
437,"B_smooth_logistic",1600,0.4,-0.0380162886762286,-0.038190755802833,0.0110314803734285,-0.0585272707890315,-0.0203314618157436,1,1,-0.0374943007606547
437,"B_smooth_logistic",2200,0.55,-0.0443755682287792,-0.044636554396682,0.016080644745891,-0.0739747597849516,-0.0185334436412081,1,0.966363636363636,-0.0375991561276083
437,"B_smooth_logistic",2800,0.7,-0.0347800397075054,-0.0349320180968545,0.0114672726420797,-0.0558230960929427,-0.0164006718104745,1,0.8875,-0.0376086557010564
437,"B_smooth_logistic",3400,0.85,-0.0406435701979218,-0.0407235357922438,0.00781970740263487,-0.0546266244753964,-0.0277054095012785,1,1,-0.0373379978710768
437,"B_smooth_logistic",4000,1,-0.0394191929546293,-0.0394576057718944,0.00778543996528858,-0.0531858913052691,-0.0262794210670989,1,1,-0.037266822515356
438,"A_threshold",1000,0.25,0.0069086702610965,0.00664871276499629,0.0181529290752105,-0.0664165725070901,0.0481602726494607,0.324,0.081,-0.01036
438,"A_threshold",1600,0.4,0.00398577624946271,0.00390821557981488,0.00992433469437207,-0.0287497683910946,0.0416391878868317,0.34625,0.0075,-0.01045
438,"A_threshold",2200,0.55,0.00386306851946287,0.0038940291118274,0.0169936191049824,-0.0438103814328172,0.0870762212714641,0.430454545454545,0.0709090909090909,-0.0104909090909091
438,"A_threshold",2800,0.7,0.00115631359469627,0.00122088384511113,0.0202045742760259,-0.0588459607663796,0.0960178988599017,0.496071428571429,0.143214285714286,-0.0100285714285714
438,"A_threshold",3400,0.85,-0.00176470588235295,-0.00167799457903479,0.0215808749977712,-0.068729463077369,0.103546019841219,0.545882352941176,0.204705882352941,-0.0101176470588235
438,"A_threshold",4000,1,-0.00712302849211398,-0.00713472617342819,0.0238535526605129,-0.0831224103727678,0.110197105234959,0.625,0.31,-0.00998
438,"B_smooth_logistic",1000,0.25,-0.0297001188004752,-0.0260807404839638,0.0260943809179506,-0.0815180500809941,0.00840845853793628,0.803,0.503,-0.036973495510999
438,"B_smooth_logistic",1600,0.4,-0.0349397590361446,-0.0333058910231707,0.02133286009276,-0.0754767926482877,-0.00122965791695518,1,0.658125,-0.0370339434152483
438,"B_smooth_logistic",2200,0.55,-0.0331805517514164,-0.0315408305174523,0.0155601772473957,-0.0614719562942843,-0.00769400604115574,1,0.697727272727273,-0.0373406666745139
438,"B_smooth_logistic",2800,0.7,-0.0324399484634716,-0.0310524658128228,0.0125513359430403,-0.0555558713787342,-0.0119796057622501,1,0.745714285714286,-0.0371901562970641
438,"B_smooth_logistic",3400,0.85,-0.0338562862315831,-0.0327679696696085,0.0120623853963369,-0.0559298269217263,-0.0141590645108426,1,0.810882352941176,-0.0373134961906384
438,"B_smooth_logistic",4000,1,-0.0331390395899653,-0.0322122707224663,0.0105140920308005,-0.0525168958417329,-0.016022762054936,1,0.85175,-0.0372150831412846
439,"A_threshold",1000,0.25,-0.0141140324206686,-0.0128334761816728,0.0186898068604022,-0.0399573692081475,0.0959767050489096,0.805,0.423,-0.01084
439,"A_threshold",1600,0.4,-0.00986757295206844,-0.0090392958698666,0.0244151713402775,-0.0557486507484317,0.147776969214278,0.695625,0.3725,-0.0102
439,"A_threshold",2200,0.55,-0.0243904454913629,-0.0241299030919301,0.0270524265466585,-0.0897573765521468,0.126962098898296,0.821363636363636,0.613181818181818,-0.0102363636363636
439,"A_threshold",2800,0.7,-0.021058448407031,-0.0210896419122634,0.0319394878432869,-0.0967024773493659,0.158848161330634,0.777142857142857,0.565,-0.0101285714285714
439,"A_threshold",3400,0.85,-0.0204119907859009,-0.020397721720906,0.0263847325648611,-0.0800299316285255,0.129796766647888,0.804411764705882,0.561470588235294,-0.0100941176470588
439,"A_threshold",4000,1,-0.0154900968131051,-0.0155327553602012,0.0249349039520676,-0.0677526628276666,0.132260689737536,0.7735,0.4895,-0.00997
439,"B_smooth_logistic",1000,0.25,-0.0640770318842438,-0.0639862244924129,0.0156557240688913,-0.0877886623559488,-0.0344151317461685,1,1,-0.0379606038298368
439,"B_smooth_logistic",1600,0.4,-0.0728070175438597,-0.0728339212099134,0.0255163678244193,-0.115095113012528,-0.0279918806282629,1,1,-0.0379875446337474
439,"B_smooth_logistic",2200,0.55,-0.0692016317016317,-0.0690810483066531,0.0353081392669738,-0.132037276590263,-0.0108726376925469,1,0.912272727272727,-0.037579477806924
439,"B_smooth_logistic",2800,0.7,-0.0568160748517079,-0.057033224603381,0.0380135789370267,-0.124693132126541,0.00545007596415559,0.949642857142857,0.776428571428571,-0.0375571755252969
439,"B_smooth_logistic",3400,0.85,-0.0483137499566739,-0.0486710647324522,0.0375095297783229,-0.117690290201001,0.0110172887685121,0.891176470588235,0.707058823529412,-0.037532077328881
439,"B_smooth_logistic",4000,1,-0.0504870080723067,-0.0507487804729199,0.0346388728960313,-0.1143979144062,0.00473911919039532,0.94825,0.747,-0.0374727655178163
440,"A_threshold",1000,0.25,0.03,0.0299467685730567,0.00799105714978266,0.00410087484183286,0.0531503247053954,0,0,-0.01052
440,"A_threshold",1600,0.4,0.0355051221631217,0.0351202056115617,0.0144914376043409,-0.00496502836315907,0.0843044579896855,0.00125,0,-0.010475
440,"A_threshold",2200,0.55,0.0252282731274328,0.0251097407732867,0.00468186638012054,0.0114340106884293,0.0406614675606094,0,0,-0.0102363636363636
440,"A_threshold",2800,0.7,0.0125985634452814,0.0125458210030186,0.00543277437776354,-0.00279217210117012,0.0322882016666183,0.00214285714285714,0,-0.0101714285714286
440,"A_threshold",3400,0.85,0.00607359116045045,0.00603039773608001,0.00443097623059303,-0.00683766475577662,0.021852033309156,0.0814705882352941,0,-0.0101647058823529
440,"A_threshold",4000,1,0.00248513978911315,0.0023999131428369,0.00166545999496391,-0.00235648771502085,0.00840753714596323,0.067,0,-0.01026
440,"B_smooth_logistic",1000,0.25,-0.0601415849830226,-0.0597063332152344,0.0127051450743881,-0.0820648567629915,-0.039589642874012,1,1,-0.0372167619571121
440,"B_smooth_logistic",1600,0.4,-0.0416158774808564,-0.0411409932955647,0.00913900165513345,-0.0574728302885677,-0.0264471020824596,1,1,-0.0375976010920711
440,"B_smooth_logistic",2200,0.55,-0.0424088546832229,-0.0419807950837126,0.00895077712885956,-0.0583352247758667,-0.0279688389854686,1,1,-0.0374918831967579
440,"B_smooth_logistic",2800,0.7,-0.0398857128279697,-0.0394729671742951,0.00936378809253895,-0.0570100393628575,-0.0249815352964507,1,1,-0.0374818306446853
440,"B_smooth_logistic",3400,0.85,-0.0366448666043808,-0.036274308707367,0.00810867428975926,-0.0512192193579872,-0.0233547455294917,1,1,-0.0374345228916787
440,"B_smooth_logistic",4000,1,-0.0385023465211187,-0.0381273685321028,0.00793471238149135,-0.0525342534139564,-0.0253383145018869,1,1,-0.0374661429593532
441,"A_threshold",1000,0.25,-0.00119201907230516,0.000679559155504363,0.00677978249685008,-0.0148285155772386,0.0284950628405361,0.504,0,-0.0092
441,"A_threshold",1600,0.4,0.00524063318848934,0.00696444079230563,0.0137038825593142,-0.020379854129824,0.0709241740555492,0.3525,0.000625,-0.009275
441,"A_threshold",2200,0.55,0.000585989640628837,0.00171185958670723,0.00422329530918548,-0.0176786173977134,0.0100621062377523,0.293181818181818,0,-0.00949090909090909
441,"A_threshold",2800,0.7,-0.00282831437668636,-0.0022309909526045,0.000767778423409112,-0.00535832122297537,-0.000300472205665363,1,0,-0.00952857142857143
441,"A_threshold",3400,0.85,-0.0087420506756558,-0.00835709431248919,0.00302860408673398,-0.0159745720379084,0.00450561566996882,0.989411764705882,0,-0.00981176470588235
441,"A_threshold",4000,1,-0.0170803831122381,-0.0164610418554793,0.00471149884562573,-0.0261531120446883,0.00643710903340489,0.9955,0.2425,-0.00987
441,"B_smooth_logistic",1000,0.25,-0.0647370357925727,-0.0643994272267585,0.0244683771582649,-0.110088264554029,-0.0242362498435285,1,1,-0.0373547192157659
441,"B_smooth_logistic",1600,0.4,-0.0496678651959291,-0.0489638166515553,0.0313373439562469,-0.112171830223391,-0.00184605908732653,1,0.7675,-0.0371321147723139
441,"B_smooth_logistic",2200,0.55,-0.0432491761845215,-0.042574334020332,0.034789533044412,-0.110488713626378,0.0107904319009729,0.867727272727273,0.674545454545455,-0.0372835206750188
441,"B_smooth_logistic",2800,0.7,-0.0382935292916922,-0.0379531250017848,0.0378995096990543,-0.110252002864189,0.0226048589553081,0.793214285714286,0.620714285714286,-0.0372230038109274
441,"B_smooth_logistic",3400,0.85,-0.0428300915236782,-0.0426957990957463,0.0383848828294844,-0.114137551350526,0.0199156949658153,0.823529411764706,0.661176470588235,-0.0373110854839554
441,"B_smooth_logistic",4000,1,-0.0445884207325855,-0.0443957157720186,0.0352600365391079,-0.109845493582598,0.0133108316305197,0.87275,0.69875,-0.0372775932597702
442,"A_threshold",1000,0.25,-0.0220286885245902,-0.022216859200299,0.00171728509716424,-0.0276931035633556,-0.0167994159031361,1,0.89,-0.01008
442,"A_threshold",1600,0.4,-0.0160390875610743,-0.015362411597294,0.0087453469635039,-0.0335076492751326,0.0253545734862232,0.944375,0.324375,-0.010125
442,"A_threshold",2200,0.55,-0.0228851428802834,-0.0223973047859269,0.00222111555009757,-0.0306010783676609,-0.0164796617362807,1,0.860909090909091,-0.0102363636363636
442,"A_threshold",2800,0.7,-0.0262247038751337,-0.0260374005218431,0.00106323430440275,-0.0295308996915053,-0.0227947631203316,1,1,-0.0103
442,"A_threshold",3400,0.85,-0.0322396686893741,-0.0320745172181999,0.00193266831908534,-0.0394838083810553,-0.0262459312306072,1,1,-0.0103294117647059
442,"A_threshold",4000,1,-0.0281628162816282,-0.0280019643602094,0.00688988615136671,-0.0462081206953847,0.00355946528647948,0.99975,0.8785,-0.01034
442,"B_smooth_logistic",1000,0.25,-0.067268305171531,-0.0676490817103427,0.00917171360654965,-0.0799666539999236,-0.0478113264159556,1,1,-0.0377039206133
442,"B_smooth_logistic",1600,0.4,-0.0584710340247666,-0.0586769354147167,0.000373518130881272,-0.059064539712737,-0.057598457838671,1,1,-0.0376432285875189
442,"B_smooth_logistic",2200,0.55,-0.061022572574186,-0.0611299529391306,0.00357360305196669,-0.0673202352447037,-0.0550886082008469,1,1,-0.0375888775085499
442,"B_smooth_logistic",2800,0.7,-0.0553507643657547,-0.0555008631910349,0.00683900005469289,-0.0676978514028809,-0.0443346590429517,1,1,-0.0374916483740606
442,"B_smooth_logistic",3400,0.85,-0.0509862297387263,-0.0512278375890927,0.00737025118054658,-0.0644929967868076,-0.0390981940570429,1,1,-0.0375138158495699
442,"B_smooth_logistic",4000,1,-0.0422340950267138,-0.0423928964838514,0.00703916557130663,-0.0548475246994857,-0.0305876796470158,1,1,-0.0376268115104139
443,"A_threshold",1000,0.25,0.00362036203620363,0.00342049491688247,0.0242958075745999,-0.115799364163543,0.0588725631052358,0.407,0.168,-0.01084
443,"A_threshold",1600,0.4,0.0067208082475258,0.00664907753264708,0.0149957903587111,-0.0673234097528619,0.0423463102526701,0.3,0.0525,-0.010825
443,"A_threshold",2200,0.55,0.00208939606700945,0.00177839842619426,0.0110499809150066,-0.0516986150159945,0.0286438619902525,0.398636363636364,0.0390909090909091,-0.0105636363636364
443,"A_threshold",2800,0.7,0.000745050010206166,0.000370611316617333,0.0096474051008467,-0.0448106642586706,0.0249118060889862,0.443571428571429,0.0314285714285714,-0.0105428571428571
443,"A_threshold",3400,0.85,-0.00697465687679975,-0.00730350781053742,0.00735108695468871,-0.0425980944331058,0.0106865539635769,0.844705882352941,0.0564705882352941,-0.0103882352941176
443,"A_threshold",4000,1,-0.00610745233275056,-0.00624641507678975,0.00275747701879511,-0.0196599329610452,0.000436038011380896,0.9985,0,-0.01048
443,"B_smooth_logistic",1000,0.25,-0.0623337652594967,-0.0634586511531579,0.0143249028461508,-0.090984405406939,-0.0416386544456528,1,1,-0.036660408962348
443,"B_smooth_logistic",1600,0.4,-0.0477017455750447,-0.0480072058901497,0.00515355963550402,-0.0571730856851782,-0.0393786927068194,1,1,-0.0371361714621613
443,"B_smooth_logistic",2200,0.55,-0.0379245976189767,-0.0381702627085442,0.0020967132292111,-0.0399555424743122,-0.0325746632773602,1,1,-0.0375448705099209
443,"B_smooth_logistic",2800,0.7,-0.0330977216825237,-0.0334604625790323,0.00358998868487369,-0.0396994526939999,-0.0274248916827214,1,1,-0.0373278042454141
443,"B_smooth_logistic",3400,0.85,-0.0284512761422543,-0.0286561071663041,0.00263008285134709,-0.0332749955608559,-0.0242598452698887,1,1,-0.0373302342322998
443,"B_smooth_logistic",4000,1,-0.0325949199318603,-0.0328498331000029,0.00728137483937029,-0.0464846954539922,-0.0213615340586501,1,1,-0.0372585512983827
444,"A_threshold",1000,0.25,-0.0110384317315762,-0.0110774242502987,0.0385008776957548,-0.120377068323523,0.169617227315332,0.633,0.407,-0.009
444,"A_threshold",1600,0.4,-0.0232629783055056,-0.0232143516122735,0.0154131590017432,-0.0685594648215191,0.0464105080389611,0.931875,0.59625,-0.0089
444,"A_threshold",2200,0.55,-0.0297118132740552,-0.0296143176708123,0.0039412055856477,-0.046653133074985,-0.0174054948079892,1,0.994090909090909,-0.00954545454545455
444,"A_threshold",2800,0.7,-0.0231381756929202,-0.0231247220831357,0.00913696582917502,-0.0605966381512705,0.00735047621252533,0.994285714285714,0.634642857142857,-0.00952857142857143
444,"A_threshold",3400,0.85,-0.0205882352941177,-0.0206052411375855,0.00981973013906906,-0.059717000408609,0.012913496476768,0.980588235294118,0.529411764705882,-0.00942352941176471
444,"A_threshold",4000,1,-0.0143761293851645,-0.0144277984182636,0.00693950336589874,-0.0412613752064591,0.00965541824959271,0.97825,0.21025,-0.00961
444,"B_smooth_logistic",1000,0.25,-0.0411918456876849,-0.0409739390787172,0.0387097006572057,-0.113882404106365,0.0244960495226721,0.807,0.664,-0.0367896631793716
444,"B_smooth_logistic",1600,0.4,-0.0618186818681868,-0.061915117312235,0.0304317643075974,-0.11625007199143,-0.00921853354668463,1,0.89625,-0.0372062105038694
444,"B_smooth_logistic",2200,0.55,-0.0568799693077035,-0.0569189567051725,0.0300296371270639,-0.111997867097308,-0.00631302524084411,1,0.863636363636364,-0.0372065894098107
444,"B_smooth_logistic",2800,0.7,-0.0509945779984322,-0.0511487425514164,0.034905057464736,-0.114540323349084,0.00879751522556033,0.928214285714286,0.757857142857143,-0.037225582689363
444,"B_smooth_logistic",3400,0.85,-0.0416491896912839,-0.0417021815301069,0.0273178566584143,-0.0906614990978226,0.00494921681503614,0.947941176470588,0.726176470588235,-0.0372351630232109
444,"B_smooth_logistic",4000,1,-0.0421276493583921,-0.0421575193384164,0.0300287998714275,-0.0965117896611038,0.00867898188394772,0.912,0.7085,-0.0372504814219191
445,"A_threshold",1000,0.25,-0.00484640979891017,-0.00431745655225918,0.0135770925281959,-0.0299123517542153,0.0551932415075131,0.688,0.094,-0.01012
445,"A_threshold",1600,0.4,-0.00562074283812354,-0.00606755286951125,0.0165750155135098,-0.0454154583239001,0.0623419339404286,0.680625,0.206875,-0.010175
445,"A_threshold",2200,0.55,-0.0037037037037037,-0.00382467313394223,0.00816410394574274,-0.0282974582558024,0.0248488248314242,0.693181818181818,0.0209090909090909,-0.0100363636363636
445,"A_threshold",2800,0.7,-0.0128680034695648,-0.0128028799875303,0.0145703849672782,-0.0644474287979275,0.0349379520497168,0.813928571428571,0.297857142857143,-0.0100285714285714
445,"A_threshold",3400,0.85,-0.0127989746425419,-0.0127547900965986,0.0147940404527317,-0.0656330048016941,0.0354531841312021,0.810588235294118,0.299411764705882,-0.0100941176470588
445,"A_threshold",4000,1,-0.0106935106935107,-0.0106516000618674,0.0184896430336596,-0.0739252040564007,0.0523584128755483,0.72025,0.29725,-0.01019
445,"B_smooth_logistic",1000,0.25,-0.0542054205420542,-0.0549450703483564,0.0043167952201277,-0.0628494045666274,-0.0475566291146454,1,1,-0.0371490745676151
445,"B_smooth_logistic",1600,0.4,-0.0527188323731756,-0.0528718486132708,0.00314669291844179,-0.0584846524432062,-0.0473698691588664,1,1,-0.0369070415148059
445,"B_smooth_logistic",2200,0.55,-0.0486408576592718,-0.0486707260323475,0.00547092525468026,-0.0583399654736498,-0.0390128191560891,1,1,-0.0367718960376816
445,"B_smooth_logistic",2800,0.7,-0.0426187152548184,-0.0427294552675663,0.00422701968909484,-0.0497265688417042,-0.0349788393592631,1,1,-0.0366497149993948
445,"B_smooth_logistic",3400,0.85,-0.0404226040416374,-0.0404365736337788,0.0101001085240887,-0.0577100228643562,-0.0224958925941387,1,1,-0.0367715124789173
445,"B_smooth_logistic",4000,1,-0.0422341103273496,-0.0422317219537919,0.00907409798422202,-0.0581216807583079,-0.026409643781798,1,1,-0.0368513202459382
446,"A_threshold",1000,0.25,-0.0564082256329025,-0.0563913377408841,0.00612848723021255,-0.0787667495844391,-0.033176420810226,1,1,-0.00976
446,"A_threshold",1600,0.4,-0.0521958783513405,-0.0521618382833396,0.001330937248988,-0.057135313880296,-0.047345042472244,1,1,-0.00965
446,"A_threshold",2200,0.55,-0.0390682186430711,-0.0389624608202994,0.0158329321808766,-0.107096857043705,0.0126934990209418,0.998181818181818,0.884545454545455,-0.0098
446,"A_threshold",2800,0.7,-0.0306651745235625,-0.030704698681062,0.021507833273194,-0.105935848768443,0.0553672628899881,0.918928571428571,0.705357142857143,-0.00974285714285714
446,"A_threshold",3400,0.85,-0.0276351409586371,-0.027756195765072,0.013957987429989,-0.0730986549584773,0.0305987930730178,0.968823529411765,0.725294117647059,-0.00974117647058824
446,"A_threshold",4000,1,-0.0245574322000513,-0.0245011814600669,0.012522905827972,-0.0599252123778814,0.0323646231497208,0.9635,0.66875,-0.0101
446,"B_smooth_logistic",1000,0.25,-0.0389024995596548,-0.03886733080623,0.00955214654304291,-0.0537217114823329,-0.0205846952669447,1,1,-0.0366723687146138
446,"B_smooth_logistic",1600,0.4,-0.0367104440275172,-0.0367121114016906,0.0289826204904301,-0.0871912391327991,0.0138515838540277,0.864375,0.67,-0.0369779090557989
446,"B_smooth_logistic",2200,0.55,-0.0320925429381936,-0.0319889304607361,0.0157968009515618,-0.0605426628854099,-0.00559884570768902,1,0.712727272727273,-0.0368066655849276
446,"B_smooth_logistic",2800,0.7,-0.0412129653076728,-0.0410007993457997,0.0144871361215502,-0.0677335645402064,-0.0170860741120574,1,0.921785714285714,-0.0368950935197038
446,"B_smooth_logistic",3400,0.85,-0.0388940172555405,-0.0388022196404053,0.0102257698809082,-0.0572634094965831,-0.0217583661976517,1,1,-0.0368317432899638
446,"B_smooth_logistic",4000,1,-0.0414309933892724,-0.0413789806154205,0.0139144878686516,-0.0664198349668887,-0.0181217442687135,1,0.953,-0.0370034811610323
447,"A_threshold",1000,0.25,-0.0457686080251367,-0.0465409548994933,0.00200895905332119,-0.0480308409326975,-0.0371505202201874,1,1,-0.01008
447,"A_threshold",1600,0.4,-0.0424715011974812,-0.0425892098444824,0.000536884521808451,-0.0436191360422678,-0.0398358473958512,1,1,-0.01005
447,"A_threshold",2200,0.55,-0.0360283519128285,-0.0363510601683631,0.0181125322885028,-0.109635391686348,0.0143562242748794,0.985909090909091,0.813181818181818,-0.0100727272727273
447,"A_threshold",2800,0.7,-0.0305314214789652,-0.0305986057918022,0.0272359632805028,-0.132091260332531,0.0755308750104829,0.869642857142857,0.648214285714286,-0.00987142857142857
447,"A_threshold",3400,0.85,-0.0342838419765093,-0.0343303384285244,0.0258334141726566,-0.128778135344486,0.0692487977948254,0.908235294117647,0.715294117647059,-0.00989411764705882
447,"A_threshold",4000,1,-0.032240028465985,-0.0322110641557359,0.0181481914853787,-0.0975782573916278,0.0404153819776716,0.96,0.752,-0.00994
447,"B_smooth_logistic",1000,0.25,-0.0405582679092233,-0.041130533505622,0.0197662226303359,-0.0769774225669503,-0.00818691754870892,1,0.809,-0.0378397116637648
447,"B_smooth_logistic",1600,0.4,-0.0453287500547865,-0.0456733367013874,0.00524248445295258,-0.0551096215752808,-0.036727210194156,1,1,-0.0377432058937668
447,"B_smooth_logistic",2200,0.55,-0.0416854373747184,-0.0417759966147482,0.00812657487589156,-0.0559604100014666,-0.0276110768354984,1,1,-0.0377099417883829
447,"B_smooth_logistic",2800,0.7,-0.0401169618700016,-0.0402653954489329,0.00199362466599869,-0.0437260843744381,-0.0367897620618902,1,1,-0.0378374139897417
447,"B_smooth_logistic",3400,0.85,-0.0380144970070159,-0.0381032524319361,0.00908432896046959,-0.0547406550848605,-0.0231609997587037,1,1,-0.0378283680651944
447,"B_smooth_logistic",4000,1,-0.0300490629091857,-0.0302129625330358,0.0117991936181382,-0.0515578242346013,-0.0105213110753843,1,0.74875,-0.0378597091499836
448,"A_threshold",1000,0.25,0.0117912815008251,0.0105172060723638,0.0045777470978183,0.00155289353256702,0.0272775183120157,0,0,-0.01072
448,"A_threshold",1600,0.4,-0.00340136054421769,-0.00432332486197224,0.00917078627219665,-0.0219169630834277,0.0313963328987386,0.71625,0.00625,-0.010925
448,"A_threshold",2200,0.55,0.00054569311707349,9.83134701004419e-06,0.0171811335706678,-0.0357557804546363,0.074829552502697,0.556818181818182,0.1,-0.0108727272727273
448,"A_threshold",2800,0.7,-0.00760180699862346,-0.00770039530725565,0.00658743480103512,-0.0217842754450236,0.0270786680530775,0.8725,0.00392857142857143,-0.0106428571428571
448,"A_threshold",3400,0.85,-0.00877435879685716,-0.0087256120742233,0.00178275930172674,-0.0128495488226203,5.13477977977517e-05,0.999705882352941,0,-0.0106470588235294
448,"A_threshold",4000,1,-0.011713049050737,-0.011463983428661,0.00523207810826759,-0.0243488594815232,0.0135375319084945,0.974,0.0255,-0.01053
448,"B_smooth_logistic",1000,0.25,-0.063936324051931,-0.0638075236426114,0.0340684996755987,-0.118101245754575,0.00237283674305636,0.986,0.861,-0.0371555537081187
448,"B_smooth_logistic",1600,0.4,-0.0682773898025081,-0.0682412134326156,0.0266662714167905,-0.11305188066915,-0.0189066201201555,1,0.98875,-0.0371389727225635
448,"B_smooth_logistic",2200,0.55,-0.0520602210839927,-0.0520102231645519,0.0197260515796739,-0.0852505978846602,-0.0158169884155156,1,0.951363636363636,-0.0372134363730486
448,"B_smooth_logistic",2800,0.7,-0.0436623915226425,-0.0436362346664194,0.0169929602611506,-0.0732229482404132,-0.014051776587623,1,0.900357142857143,-0.0368713764678539
448,"B_smooth_logistic",3400,0.85,-0.0432781765018607,-0.0432454234891107,0.0231358518592513,-0.0835089196025118,-0.00241116236121897,1,0.793235294117647,-0.0369467558757257
448,"B_smooth_logistic",4000,1,-0.0431472081218274,-0.0431235986239929,0.0243762483630867,-0.0867153655013561,-0.000709921035265751,1,0.784,-0.0369409571464112
449,"A_threshold",1000,0.25,-0.0588741194683009,-0.058959054052154,0.00446327368715328,-0.0706807103479628,-0.0443527129559877,1,1,-0.01044
449,"A_threshold",1600,0.4,-0.0482131779978156,-0.0483651952020971,0.00277217354561166,-0.0559276244260518,-0.037282760292791,1,1,-0.0102
449,"A_threshold",2200,0.55,-0.0381188527977519,-0.0381290040932258,0.0109051943422292,-0.0780166177886626,0.00152369744539416,0.999090909090909,0.958636363636364,-0.0103818181818182
449,"A_threshold",2800,0.7,-0.0368746734587252,-0.0368773465265425,0.00429570296875543,-0.0522656277703282,-0.0213427300939039,1,1,-0.0103
449,"A_threshold",3400,0.85,-0.0417647058823529,-0.0417551182703049,0.00123454297677443,-0.0460632131956081,-0.0372160475626352,1,1,-0.0102117647058824
449,"A_threshold",4000,1,-0.0336934127443061,-0.0337399796444416,0.00188335017635666,-0.0400550237388989,-0.0265467926591804,1,1,-0.01028
449,"B_smooth_logistic",1000,0.25,-0.0118211821182118,-0.012513548898238,0.0239407631501467,-0.0478418383072326,0.0344474534403026,0.67,0.44,-0.0373200965333704
449,"B_smooth_logistic",1600,0.4,-0.0272364661677639,-0.0273915155630969,0.00352206963590282,-0.0327868334460905,-0.0206316754013587,1,1,-0.0374525701123359
449,"B_smooth_logistic",2200,0.55,-0.0179119428655968,-0.0182600970744714,0.00963437262621695,-0.0336602878079214,-0.000430658136230055,1,0.466818181818182,-0.0375351977579886
449,"B_smooth_logistic",2800,0.7,-0.0317272254597463,-0.0320981404584916,0.0040551870914653,-0.0385753837776193,-0.0245587761079001,1,1,-0.0376172517400722
449,"B_smooth_logistic",3400,0.85,-0.0346819208309979,-0.0351721731152634,0.00141083187138384,-0.0371845778244498,-0.0323193799131157,1,1,-0.0374769856935506
449,"B_smooth_logistic",4000,1,-0.0363016159695104,-0.0366282861477159,0.00224977619801905,-0.0401509865826741,-0.0323739238553441,1,1,-0.0372918820446552
450,"A_threshold",1000,0.25,0.0246675521275064,0.0255600207985506,0.00742898107137137,0.00506276204253119,0.0533480435666546,0,0,-0.00976
450,"A_threshold",1600,0.4,0.00425005976646547,0.00551969804729049,0.0098738312027666,-0.0143960670580221,0.0504250896507253,0.323125,0,-0.009775
450,"A_threshold",2200,0.55,0.00151422979263648,0.00216257842143514,0.0102897318673694,-0.0223645172009231,0.0465309411844316,0.456363636363636,0.00227272727272727,-0.00990909090909091
450,"A_threshold",2800,0.7,-0.000155635193148373,0.000343042504770277,0.00807221899542029,-0.0194313506333333,0.03483589985509,0.523571428571429,0,-0.0101285714285714
450,"A_threshold",3400,0.85,-0.000777893431368207,-0.000453407882686403,0.0135327772176846,-0.033840354737726,0.063239366438462,0.556764705882353,0.0497058823529412,-0.0102117647058824
450,"A_threshold",4000,1,-0.00489094140746202,-0.00437319338298077,0.0211753547081938,-0.0544358357361991,0.0989159581302912,0.633,0.24125,-0.01012
450,"B_smooth_logistic",1000,0.25,-0.0770080574468341,-0.0778576181208851,0.015765754706441,-0.107141721116312,-0.052404534140802,1,1,-0.0370805386626702
450,"B_smooth_logistic",1600,0.4,-0.067687119519993,-0.0682465158308248,0.0201766043071259,-0.106410759945462,-0.0364199973544553,1,1,-0.0373077839862114
450,"B_smooth_logistic",2200,0.55,-0.0669035255082251,-0.06728203724837,0.0191841442608743,-0.103402213926836,-0.0365582820515409,1,1,-0.037418238686148
450,"B_smooth_logistic",2800,0.7,-0.0590355351454374,-0.0591649876162581,0.0195835940060482,-0.0955590646306257,-0.0277347891090972,1,1,-0.0374637283857357
450,"B_smooth_logistic",3400,0.85,-0.056223978150904,-0.0564935427353912,0.0159752528829568,-0.0860647331061432,-0.0305927086799929,1,1,-0.0374542215418624
450,"B_smooth_logistic",4000,1,-0.0591645780075129,-0.0593597469747663,0.0167288697962956,-0.090071613530745,-0.0320109712481151,1,1,-0.0374490398493435
451,"A_threshold",1000,0.25,0.00232009264342301,0.000218796432740701,0.00670209982184798,-0.0127632916117481,0.0298118086278026,0.549,0,-0.01032
451,"A_threshold",1600,0.4,-0.00348871257424084,-0.00450002581534393,0.0154085577666375,-0.041364116732066,0.0578298031960046,0.653125,0.1475,-0.0101
451,"A_threshold",2200,0.55,-0.00678792731640294,-0.00744584968510147,0.00700919288827422,-0.0255020886318682,0.0188419603430705,0.849545454545454,0.0172727272727273,-0.0102363636363636
451,"A_threshold",2800,0.7,-0.00866724516359553,-0.00910128524543406,0.00775950739679637,-0.0310561630603219,0.0194029821825039,0.873214285714286,0.0685714285714286,-0.0102285714285714
451,"A_threshold",3400,0.85,-0.00615570742187013,-0.00646659676786751,0.010798102406327,-0.0381264099881646,0.0324213240274871,0.727647058823529,0.0944117647058823,-0.0104117647058824
451,"A_threshold",4000,1,-0.00400029609593508,-0.00419921283801507,0.0104689921839187,-0.035947315579966,0.0406705984956219,0.66325,0.057,-0.0104
451,"B_smooth_logistic",1000,0.25,-0.0566425043299763,-0.0564718185190839,0.0160954964761744,-0.0818447457536787,-0.0256917329740293,1,1,-0.0377528131164237
451,"B_smooth_logistic",1600,0.4,-0.0458833183541089,-0.0456961541453542,0.0209741369728888,-0.0778474295359674,-0.00436771072355807,1,0.84625,-0.0376104320764422
451,"B_smooth_logistic",2200,0.55,-0.0518891637672148,-0.0517521491422742,0.0213356144436604,-0.0853011959602888,-0.0101388308663838,1,0.908181818181818,-0.0376306196486333
451,"B_smooth_logistic",2800,0.7,-0.0444865584590627,-0.0444362705639105,0.0280071371352708,-0.0876303916297595,0.0108034497818122,0.926071428571429,0.766071428571429,-0.0375515814456406
451,"B_smooth_logistic",3400,0.85,-0.0460662490048804,-0.0460228121036012,0.0325277984795941,-0.0979752241582038,0.0153575786273622,0.892352941176471,0.742058823529412,-0.0373873486941519
451,"B_smooth_logistic",4000,1,-0.043525550867323,-0.0434818857797313,0.0291897810647019,-0.0923823950177278,0.00889077731703052,0.9185,0.7385,-0.0373478363859235
452,"A_threshold",1000,0.25,0.013842799660142,0.0148466033800325,0.000514975823612571,0.010885507849563,0.0151988249943397,0,0,-0.00936
452,"A_threshold",1600,0.4,0.00575488743427674,0.0057567800341457,0.00174906936414696,-0.0022113075610177,0.0088016576003263,0.009375,0,-0.0099
452,"A_threshold",2200,0.55,0.00422976604881339,0.00417656110231511,0.0155536727322691,-0.0390442053372935,0.0591459849389681,0.416363636363636,0.0454545454545455,-0.00978181818181818
452,"A_threshold",2800,0.7,0.0044918734030482,0.00449325025176265,0.0266829530943773,-0.0820225477518421,0.0908809594779079,0.44,0.181785714285714,-0.00975714285714286
452,"A_threshold",3400,0.85,0.0083568890960435,0.00846555775025818,0.0217597434844449,-0.0612915831624333,0.0968734344142667,0.351470588235294,0.0864705882352941,-0.00996470588235294
452,"A_threshold",4000,1,0.00883499311383623,0.00903095501689618,0.0239772894900257,-0.0630305913291684,0.11317766160019,0.36625,0.10225,-0.00989
452,"B_smooth_logistic",1000,0.25,-0.0555600160578081,-0.0555295790171327,0.0325256388403252,-0.10945409321462,0.00813809920467608,0.953,0.829,-0.0377139353516448
452,"B_smooth_logistic",1600,0.4,-0.045115038189772,-0.0450671987536277,0.0325205635307637,-0.0989768544141411,0.0160768318233115,0.878125,0.73375,-0.0377132535849737
452,"B_smooth_logistic",2200,0.55,-0.0546538251802472,-0.054593576482441,0.033248451399211,-0.111696617500977,0.00615134545947128,0.954090909090909,0.808636363636364,-0.0374244492170865
452,"B_smooth_logistic",2800,0.7,-0.0533910755119508,-0.0532981490038289,0.0258027787033764,-0.100451492414245,-0.0103972365726658,1,0.878571428571429,-0.0372548738830615
452,"B_smooth_logistic",3400,0.85,-0.045453286353765,-0.0454139810435719,0.0229880870247482,-0.086538291440368,-0.00628907358542351,1,0.823823529411765,-0.0373699256910182
452,"B_smooth_logistic",4000,1,-0.0466352679213655,-0.0465057707076972,0.0253726383752031,-0.0941732984346351,-0.00588900035313165,1,0.8085,-0.0372762194346614
453,"A_threshold",1000,0.25,-0.00172846950055271,-0.00181175375806154,0.033863614672467,-0.138826167320096,0.0831876275301331,0.481,0.268,-0.0096
453,"A_threshold",1600,0.4,-0.0139156792504822,-0.0147671765831291,0.0151794044034436,-0.0956931755159614,0.0176817583768689,0.84125,0.315625,-0.009575
453,"A_threshold",2200,0.55,-0.0238085784994905,-0.024233298090194,0.0153097112580397,-0.0992950347513426,0.013297043380897,0.971818181818182,0.563636363636364,-0.00949090909090909
453,"A_threshold",2800,0.7,-0.0206095087446263,-0.0215657446367442,0.0153467525017994,-0.104322825580412,0.0116372544977319,0.956428571428571,0.485357142857143,-0.00947142857142857
453,"A_threshold",3400,0.85,-0.0193273040231867,-0.0204048940891335,0.0149352696380466,-0.100259549580187,0.0137423626631819,0.948529411764706,0.453235294117647,-0.00945882352941176
453,"A_threshold",4000,1,-0.0169803446678157,-0.0177744210498542,0.00752323345384682,-0.05495936306971,0.00165546457161309,0.99925,0.34525,-0.00959
453,"B_smooth_logistic",1000,0.25,-0.041016406562625,-0.0409539531335572,0.023163617103709,-0.0824258152223417,-0.00190182988701369,1,0.752,-0.0366107354519569
453,"B_smooth_logistic",1600,0.4,-0.0363020419898619,-0.0362452961840063,0.0176396714223071,-0.068088550057276,-0.00703637803015704,1,0.758125,-0.0370011249216982
453,"B_smooth_logistic",2200,0.55,-0.0386283864921309,-0.0385056082367532,0.0134360121282923,-0.0623148588864642,-0.0158072841704966,1,0.906363636363636,-0.0371856948893883
453,"B_smooth_logistic",2800,0.7,-0.0412760319007975,-0.0412373823983482,0.0155152164955263,-0.0686845993471895,-0.014968229647361,1,0.901785714285714,-0.0369857057571704
453,"B_smooth_logistic",3400,0.85,-0.0362430171464005,-0.036259148229177,0.0148487639019579,-0.0616479746368345,-0.0102747944336758,1,0.814411764705882,-0.0370511536627875
453,"B_smooth_logistic",4000,1,-0.038704677138089,-0.0386909741465248,0.016137829203471,-0.0668216836333288,-0.0109675428664458,1,0.8335,-0.0371317344926004
454,"A_threshold",1000,0.25,0.03504260151659,0.0356630314583161,0.0037856757249999,0.0254820730038971,0.0486692303146682,0,0,-0.01008
454,"A_threshold",1600,0.4,0.0274359743897559,0.0280013782785482,0.00211616415268742,0.0124211843369985,0.0307722690908763,0,0,-0.0098
454,"A_threshold",2200,0.55,0.0113041340904182,0.0122230783948762,0.00206805613719796,0.0063321903927118,0.0219921241155991,0,0,-0.00949090909090909
454,"A_threshold",2800,0.7,0.00497752604082859,0.00520237121416289,0.0107681542691969,-0.0299227924334191,0.0507063565741679,0.322857142857143,0.00785714285714286,-0.00975714285714286
454,"A_threshold",3400,0.85,-0.00202488046762754,-0.0018836821962093,0.00146720980655959,-0.00655758880187693,0.00431077192900803,0.895294117647059,0,-0.00984705882352941
454,"A_threshold",4000,1,-0.00339629664092306,-0.00325478400569134,0.00116831064620067,-0.00816721173070237,0.000518810174026343,0.99875,0,-0.0098
454,"B_smooth_logistic",1000,0.25,-0.0513805522208884,-0.051314693870729,0.0515202041714574,-0.133791726177243,0.0526132711980317,0.81,0.704,-0.037035081678635
454,"B_smooth_logistic",1600,0.4,-0.0531179344709535,-0.0531774476701314,0.0412976120029317,-0.116652590325054,0.0316276058763405,0.8625,0.7575,-0.0374359055067408
454,"B_smooth_logistic",2200,0.55,-0.0454121599502677,-0.0454214548782941,0.0337203395652633,-0.0983238893560512,0.0218919310773136,0.875,0.739090909090909,-0.0373324327865381
454,"B_smooth_logistic",2800,0.7,-0.0401153590934613,-0.0401412700131067,0.0289260717195787,-0.0855717705039942,0.0169079910122468,0.884285714285714,0.719285714285714,-0.0373975317462881
454,"B_smooth_logistic",3400,0.85,-0.0489001213773839,-0.0488806483403658,0.0292077546929942,-0.0975956357167969,0.00496715785809715,0.960588235294118,0.789705882352941,-0.0373117309787669
454,"B_smooth_logistic",4000,1,-0.0456359524547431,-0.0456141446970515,0.0218407698029481,-0.0831965997644629,-0.00687318104650059,1,0.83675,-0.0372450676501463
455,"A_threshold",1000,0.25,-0.0283291786538839,-0.0277277207927149,0.0485188327298307,-0.147372108408679,0.230060178442994,0.749,0.623,-0.011
455,"A_threshold",1600,0.4,-0.00822192638703992,-0.00768746911890241,0.0405128601727044,-0.118920302649163,0.195068256606988,0.60625,0.39375,-0.01035
455,"A_threshold",2200,0.55,-0.00990066277164009,-0.00934325634755532,0.0378206949902912,-0.116526641776141,0.180098770333603,0.625,0.408181818181818,-0.0101636363636364
455,"A_threshold",2800,0.7,-0.0127515473853766,-0.0121994567977187,0.0387340401249884,-0.124901042563536,0.179182119922859,0.6475,0.438571428571429,-0.0102
455,"A_threshold",3400,0.85,-0.0148621294806578,-0.0146474944095677,0.0337904457685001,-0.13578915347025,0.137490107125735,0.682352941176471,0.445294117647059,-0.0101764705882353
455,"A_threshold",4000,1,-0.0161136450228052,-0.0160142578073876,0.0348154574310333,-0.136091037164809,0.146059665665043,0.69325,0.47075,-0.01028
455,"B_smooth_logistic",1000,0.25,-0.0340369013137892,-0.033883571796727,0.0134535447477909,-0.0566520017329433,-0.010842800412634,1,0.784,-0.037936233880503
455,"B_smooth_logistic",1600,0.4,-0.0237781209370438,-0.0236125581773804,0.0129784134583556,-0.045590325576042,-0.000838432745674328,1,0.590625,-0.0374430979393887
455,"B_smooth_logistic",2200,0.55,-0.0325286617192976,-0.0325192486804212,0.00436250929453082,-0.0399203388231461,-0.0248896426261182,1,1,-0.037193144974871
455,"B_smooth_logistic",2800,0.7,-0.0324046040445075,-0.0324502173289606,0.00522951917328721,-0.0419759455016907,-0.0239253875436783,1,1,-0.0371837035070716
455,"B_smooth_logistic",3400,0.85,-0.0339861214241981,-0.033965538209403,0.00386329466380772,-0.0409371264921638,-0.0275320553139277,1,1,-0.0372383283730053
455,"B_smooth_logistic",4000,1,-0.0343155325995055,-0.0343010720569007,0.00650895670508964,-0.0460522992770357,-0.0234547164481628,1,1,-0.037247108709412
456,"A_threshold",1000,0.25,-0.0098661028893587,-0.00987745974667978,0.00902077096897898,-0.0380290561935235,0.0188867803820383,0.876,0.128,-0.00952
456,"A_threshold",1600,0.4,-0.00607149165795179,-0.00619434579806275,0.00666830979140234,-0.0315285649625828,0.0106058641866979,0.830625,0.03125,-0.00965
456,"A_threshold",2200,0.55,0.00510594315245479,0.00478111976898065,0.00472468170931711,-0.00651556500659552,0.0314989680339042,0.152727272727273,0,-0.00998181818181818
456,"A_threshold",2800,0.7,0.00780407723218661,0.00730321575348199,0.00516714678925759,-0.00476321889595185,0.0372536621533356,0.0617857142857143,0,-0.0100285714285714
456,"A_threshold",3400,0.85,0.00276854928017718,0.002499472391304,0.00807985095724091,-0.01514233131133,0.0531223046944059,0.424411764705882,0,-0.0101294117647059
456,"A_threshold",4000,1,0.000178514459671236,0.000166619433539067,0.0022199954444947,-0.004921443295589,0.0136137250627042,0.519,0,-0.01007
456,"B_smooth_logistic",1000,0.25,-0.0508930286153255,-0.0505246167958544,0.0150690201570996,-0.0784312829576242,-0.0260285070479789,1,1,-0.0366668689641227
456,"B_smooth_logistic",1600,0.4,-0.0485451155609107,-0.0485020969698547,0.015667368620857,-0.0755001629599858,-0.0212690737468468,1,1,-0.0370563762441863
456,"B_smooth_logistic",2200,0.55,-0.0459827736250501,-0.0456701103300417,0.0228035288870871,-0.085994395584228,-0.0069992340197237,1,0.826818181818182,-0.037363915489621
456,"B_smooth_logistic",2800,0.7,-0.0503893176608346,-0.0500474593361453,0.0201615631130299,-0.0870077248362461,-0.017080075085549,1,0.9525,-0.0375032471104447
456,"B_smooth_logistic",3400,0.85,-0.0417038136320595,-0.0412708652358987,0.0209921110831788,-0.0805131838717028,-0.00728094097085348,1,0.796176470588235,-0.0373479667097915
456,"B_smooth_logistic",4000,1,-0.0377309042313229,-0.0374193925464794,0.0157121013630169,-0.0660042565114635,-0.0115037536129037,1,0.81875,-0.037402677137395
457,"A_threshold",1000,0.25,0.00126885774783753,0.000736887944510977,0.00629943575210469,-0.00804623671137492,0.0352799344973682,0.557,0,-0.01068
457,"A_threshold",1600,0.4,-0.0145206905770286,-0.0150879289612616,0.00214815187430884,-0.0175166467038969,-0.00220715509223154,1,0,-0.010375
457,"A_threshold",2200,0.55,-0.0183947818478304,-0.0185312598522848,0.00430347055876742,-0.0267748069577455,0.00264935781508624,0.998181818181818,0.418181818181818,-0.0102181818181818
457,"A_threshold",2800,0.7,-0.0195840089888788,-0.0194599032128852,0.00301058386159443,-0.0265526560832103,-0.00437247726744808,1,0.4725,-0.0103
457,"A_threshold",3400,0.85,-0.0131218798654706,-0.013115794212874,0.000310627035368036,-0.0138364667909192,-0.0119111725147229,1,0,-0.0102
457,"A_threshold",4000,1,-0.0110998950537187,-0.0111154879857437,0.00303490530047988,-0.0247701138065602,-0.00299763842084626,1,0.00575,-0.01017
457,"B_smooth_logistic",1000,0.25,-0.0264430777115767,-0.0264421738980471,0.00288823338175221,-0.0316405672636743,-0.021499771135944,1,1,-0.0364413027200203
457,"B_smooth_logistic",1600,0.4,-0.0298268441597438,-0.0297622462273147,0.000898309355663572,-0.0311370875510536,-0.0280404284150239,1,1,-0.0367214990503654
457,"B_smooth_logistic",2200,0.55,-0.0316719270015926,-0.0316317060272725,0.00360162655389276,-0.0372772275680561,-0.0248650502456342,1,1,-0.0365521568461692
457,"B_smooth_logistic",2800,0.7,-0.0287885931450288,-0.0287111284299118,0.014341024211776,-0.0510445945415814,-0.00151993832178252,1,0.69,-0.0365910668993071
457,"B_smooth_logistic",3400,0.85,-0.0336403947774635,-0.0335890962167542,0.0120786043665625,-0.0534077951265089,-0.0118594521480966,1,0.818823529411765,-0.0366114220807577
457,"B_smooth_logistic",4000,1,-0.0330543965482542,-0.0330053666042794,0.0115746727832204,-0.0525088881810038,-0.0125040188590759,1,0.8215,-0.0366991074843875
458,"A_threshold",1000,0.25,-0.0303563713174697,-0.0309817880345145,0.00909166041471086,-0.059441032945911,-0.00466729015293731,1,0.891,-0.01012
458,"A_threshold",1600,0.4,-0.0236130645413346,-0.0239853267673826,0.0329307081630096,-0.143996809946749,0.0712736361850828,0.765,0.54125,-0.01045
458,"A_threshold",2200,0.55,-0.0284204984001898,-0.0283681799188207,0.0220015562964015,-0.0961616455347915,0.0502934032564793,0.895909090909091,0.657727272727273,-0.0102181818181818
458,"A_threshold",2800,0.7,-0.0285160236783017,-0.0284592051325762,0.0174108769895288,-0.0806254423523459,0.0358379809608879,0.942857142857143,0.695357142857143,-0.0101857142857143
458,"A_threshold",3400,0.85,-0.0316775465231522,-0.031629797707714,0.0198588922736487,-0.0891870164526213,0.0462737897177223,0.936176470588235,0.730588235294118,-0.0102
458,"A_threshold",4000,1,-0.0286358343840532,-0.0285580770166744,0.0208472204827133,-0.0856843122977944,0.0588275540908999,0.909,0.68575,-0.01005
458,"B_smooth_logistic",1000,0.25,-0.0315705128205128,-0.0313630168543674,0.0130205913268086,-0.0543257966973028,-0.0110984028805468,1,0.74,-0.036744758558239
458,"B_smooth_logistic",1600,0.4,-0.0139222756410256,-0.0138982877726384,0.0054283123375474,-0.0226990073350439,-0.00444722839414741,1,0.174375,-0.0367362111407632
458,"B_smooth_logistic",2200,0.55,-0.0312166003222914,-0.031193465006874,0.0074161738144431,-0.0437225629964902,-0.0186981855539311,1,0.944090909090909,-0.0368807590863957
458,"B_smooth_logistic",2800,0.7,-0.0309826726458864,-0.030928082268569,0.00179505120985186,-0.0338987763440094,-0.0278449573378838,1,1,-0.0368269687252969
458,"B_smooth_logistic",3400,0.85,-0.0348758822788437,-0.034871669132626,0.00273282214846703,-0.0395641670181753,-0.0303492255994783,1,1,-0.0367463013332525
458,"B_smooth_logistic",4000,1,-0.0371053431694164,-0.0371093293688091,0.00211830244950263,-0.0407780954512584,-0.0336084969696158,1,1,-0.0368161704501284
459,"A_threshold",1000,0.25,-0.00498565222270315,-0.00459791900800123,0.0372369964398334,-0.0936663833852935,0.144423842739362,0.578,0.356,-0.00956
459,"A_threshold",1600,0.4,-0.0191030095217834,-0.0190668665479973,0.0330948338123094,-0.111898060509643,0.112992680601965,0.73875,0.516875,-0.009575
459,"A_threshold",2200,0.55,-0.00878324092166995,-0.00899603096706106,0.0148289569195584,-0.0477216949915049,0.0569255577485513,0.752272727272727,0.225,-0.00956363636363636
459,"A_threshold",2800,0.7,-0.00823621085312141,-0.00866614121796311,0.0156450240663543,-0.0469371104509671,0.0697904166263644,0.740714285714286,0.238928571428571,-0.0099
459,"A_threshold",3400,0.85,-0.00974397498123696,-0.0100381524954214,0.0107549774605723,-0.0395531601192851,0.0411728506803349,0.835882352941177,0.168529411764706,-0.00982352941176471
459,"A_threshold",4000,1,-0.00852168951626917,-0.00879414038273729,0.0112280496099017,-0.0390927892188263,0.0456054078933342,0.79775,0.15125,-0.01001
459,"B_smooth_logistic",1000,0.25,-0.064,-0.0639083817402034,0.0342071098417356,-0.119221963802734,-0.00200009794079989,1,0.867,-0.0374135752539518
459,"B_smooth_logistic",1600,0.4,-0.046033048165944,-0.0457949235728096,0.0217736475675243,-0.0788940815407434,-0.00334472153119936,1,0.8325,-0.0375025463780406
459,"B_smooth_logistic",2200,0.55,-0.0339323435779953,-0.03388871634022,0.0270497552403358,-0.0753360666815808,0.0189653146358374,0.844090909090909,0.675909090909091,-0.0372271662153471
459,"B_smooth_logistic",2800,0.7,-0.029434048903685,-0.0292119724470252,0.030863069902342,-0.0775338303484259,0.0306843332073917,0.78,0.610357142857143,-0.0373167104117599
459,"B_smooth_logistic",3400,0.85,-0.0296480847088135,-0.0295424501070001,0.0304870621255704,-0.0795887467977418,0.0276923134807399,0.784411764705882,0.607941176470588,-0.0373027305142569
459,"B_smooth_logistic",4000,1,-0.0315113438987869,-0.031435722249512,0.027178594875579,-0.076354677631134,0.0188793987865649,0.83175,0.63575,-0.037301885599854
460,"A_threshold",1000,0.25,0.000376054151797867,-0.000328563904252827,0.0136655121864976,-0.0282523436740194,0.0563355252319554,0.568,0.041,-0.00964
460,"A_threshold",1600,0.4,0.0104679889554044,0.0109277455353106,0.00868183774107107,-0.0114563819241545,0.0495898887786665,0.080625,0,-0.009775
460,"A_threshold",2200,0.55,0.00205026455026455,0.00252161049383916,0.00693081755842026,-0.0147948879897533,0.0422587413775339,0.408636363636364,0,-0.0098
460,"A_threshold",2800,0.7,0.00240060941294003,0.00267215342142015,0.00338957216490928,-0.00594746753481944,0.0220515271952082,0.223928571428571,0,-0.00988571428571429
460,"A_threshold",3400,0.85,0.00118626425039726,0.00143373084335937,4.09427265866758e-05,0.00116118300897727,0.0014775599316116,0,0,-0.00985882352941177
460,"A_threshold",4000,1,0.00330968770619915,0.00347607856792764,0.00163480563680993,-0.00633738290965438,0.00732532718536389,0.03375,0,-0.01023
460,"B_smooth_logistic",1000,0.25,-0.0773831671007518,-0.0764168924990397,0.0207972376506549,-0.115549713865943,-0.0418249693310038,1,1,-0.0371291231800924
460,"B_smooth_logistic",1600,0.4,-0.0532676791906476,-0.0531473091528366,0.00572051934671963,-0.0632867660849942,-0.043251885455929,1,1,-0.0370098888341269
460,"B_smooth_logistic",2200,0.55,-0.0615176830482935,-0.0614650862661439,0.00194984335201296,-0.0648966702207838,-0.0580469696760024,1,1,-0.0369536312972976
460,"B_smooth_logistic",2800,0.7,-0.0542058993425444,-0.0542057049044536,0.001957227270605,-0.0575851707212347,-0.0507570209016002,1,1,-0.0370564692417742
460,"B_smooth_logistic",3400,0.85,-0.0531659551849576,-0.0531022378615054,0.000868618424577628,-0.0545334657373723,-0.0515191878330555,1,1,-0.0372608675200654
460,"B_smooth_logistic",4000,1,-0.0501762544063602,-0.0501756259309221,0.00196697174739265,-0.0535957321047843,-0.0467418597124769,1,1,-0.0372205922744868
461,"A_threshold",1000,0.25,0.0114749375840215,0.0116272927945307,0.0110908966676084,-0.0243015070725712,0.0644396394952385,0.144,0.001,-0.01128
461,"A_threshold",1600,0.4,-0.0128387838783878,-0.0125094743294237,0.000834251255112649,-0.0148649495209852,-0.00805382199577467,1,0,-0.01135
461,"A_threshold",2200,0.55,-0.0136499928923505,-0.0135201694772779,0.00233740230763963,-0.0218673286166619,-0.00264704113190156,1,0.00318181818181818,-0.0109454545454545
461,"A_threshold",2800,0.7,-0.00842967244701349,-0.00846448085982085,0.00521375401031671,-0.0299434202474948,0.0123419259729191,0.951071428571429,0.0142857142857143,-0.0107857142857143
461,"A_threshold",3400,0.85,-0.00432180528969589,-0.00422209520003576,0.00651486627738638,-0.0284544750553343,0.0249603807342855,0.740588235294118,0.00705882352941176,-0.0105647058823529
461,"A_threshold",4000,1,-0.00273027302730272,-0.00274170727422757,0.00514377213620863,-0.0238912156271179,0.0181453116838703,0.694,0.00175,-0.01032
461,"B_smooth_logistic",1000,0.25,-0.034,-0.0337918157717953,0.0312051121142339,-0.0847363212108648,0.0231138207376663,0.815,0.643,-0.0373981892050633
461,"B_smooth_logistic",1600,0.4,-0.0306379308459025,-0.0303710097097778,0.0319490566300591,-0.0807829197181697,0.0294036556417967,0.7725,0.6175,-0.0375438215993678
461,"B_smooth_logistic",2200,0.55,-0.030614100338871,-0.030616921406972,0.023442996740886,-0.0710777318637588,0.00968343347712652,0.877272727272727,0.621818181818182,-0.0368608362224077
461,"B_smooth_logistic",2800,0.7,-0.0301019728633692,-0.0302126594413708,0.0194409379249785,-0.0645193327545553,0.00265977201432671,0.958214285714286,0.639285714285714,-0.0369803705674898
461,"B_smooth_logistic",3400,0.85,-0.0265658483482938,-0.0267886918162438,0.0140996206767628,-0.0525698595607896,-0.00378871491510006,1,0.625,-0.0369151621698504
461,"B_smooth_logistic",4000,1,-0.0262052759115349,-0.0263894137323892,0.0190380307523753,-0.0607493312327752,0.00493753459428389,0.9155,0.58975,-0.03685638197651
462,"A_threshold",1000,0.25,-0.0180127181555873,-0.0173309836283799,0.0536717489705583,-0.223892330430535,0.177776398705088,0.629,0.481,-0.00928
462,"A_threshold",1600,0.4,-0.0123725709571163,-0.0124361225527917,0.0206794212127635,-0.0749100700466906,0.0679133551027153,0.735625,0.371875,-0.00955
462,"A_threshold",2200,0.55,-0.00717542009514333,-0.00718180560975322,0.00112773933625862,-0.010668873241929,-0.00297473005242391,1,0,-0.00949090909090909
462,"A_threshold",2800,0.7,-0.0125426267087051,-0.0125554284283866,0.000985379983357977,-0.0161448614685885,-0.00942431793841897,1,0,-0.00962857142857143
462,"A_threshold",3400,0.85,-0.0127338187509063,-0.0128117464101508,0.00437154874402293,-0.0252041531412178,0.00517706278665393,0.994117647058824,0.0414705882352941,-0.00955294117647059
462,"A_threshold",4000,1,-0.0111825160661149,-0.0111696673145502,0.0110559858487286,-0.0453330000342015,0.0325264818366641,0.84575,0.2115,-0.00946
462,"B_smooth_logistic",1000,0.25,-0.0134002144034304,-0.0134309500841028,0.00123635174081487,-0.01552293167622,-0.0113334063431288,1,0,-0.0377467796507833
462,"B_smooth_logistic",1600,0.4,-0.0221643457000106,-0.0223039520090085,0.00929013292910425,-0.0398150659632816,-0.00804105842963731,1,0.540625,-0.0375377189132492
462,"B_smooth_logistic",2200,0.55,-0.0306415259201891,-0.030743159956069,0.0139099240529353,-0.056857707200742,-0.009656319894561,1,0.700454545454545,-0.0374548308125445
462,"B_smooth_logistic",2800,0.7,-0.0309959051421719,-0.0310625078624074,0.0152448366569454,-0.0587499998942244,-0.00690569831516356,1,0.691785714285714,-0.0375470726872955
462,"B_smooth_logistic",3400,0.85,-0.0326862521194505,-0.0327146890037473,0.0143836208668112,-0.059219482055066,-0.0102539396173682,1,0.748529411764706,-0.03742784844678
462,"B_smooth_logistic",4000,1,-0.0305017527831887,-0.0304318645650934,0.00991015601118407,-0.0481549536460089,-0.0143082343018097,1,0.80075,-0.0375806095685365
463,"A_threshold",1000,0.25,-0.00370333299969973,-0.00350646202363023,0.0209303433327056,-0.080209514000869,0.0444102268948652,0.526,0.203,-0.00952
463,"A_threshold",1600,0.4,0.00542276121561143,0.00573811931329676,0.0158375130263083,-0.0583518714388652,0.04310913681097,0.33125,0.070625,-0.009525
463,"A_threshold",2200,0.55,0.00580167207164321,0.00600679504947771,0.00606472557242344,-0.0158456436795819,0.022654558542724,0.157727272727273,0,-0.00976363636363636
463,"A_threshold",2800,0.7,-0.00342451775116533,-0.00338333363617032,0.00659389959586768,-0.0256717796183436,0.0169679275883545,0.6925,0.00392857142857143,-0.00977142857142857
463,"A_threshold",3400,0.85,-0.00743126786578735,-0.00726942796546743,0.0108309941128514,-0.0489578172598607,0.0216980043785494,0.737058823529412,0.125588235294118,-0.0101294117647059
463,"A_threshold",4000,1,-0.00479193922008714,-0.00473024428240521,8.43685621593096e-05,-0.00483884491962729,-0.00420306471667775,1,0,-0.01004
463,"B_smooth_logistic",1000,0.25,-0.0447202482234011,-0.0450965955461195,0.0238708766493633,-0.0819544322329941,0.0020124345585462,0.979,0.805,-0.0368136389633909
463,"B_smooth_logistic",1600,0.4,-0.0440692669162631,-0.0443397356740077,0.0256172804291483,-0.0835796278176606,0.00701953701119831,0.9475,0.78875,-0.0370470073434257
463,"B_smooth_logistic",2200,0.55,-0.0477379869324291,-0.0477932359093018,0.0242186002968456,-0.0862553519611868,-0.000990867855331978,1,0.83,-0.0369722308796504
463,"B_smooth_logistic",2800,0.7,-0.0459394264272313,-0.0459548251182615,0.0218439808404352,-0.0805468178042417,-0.00382388213585709,1,0.84,-0.0371725888010382
463,"B_smooth_logistic",3400,0.85,-0.0466173816821063,-0.0465675699007157,0.0196629446775356,-0.0776464187255098,-0.00940672110159531,1,0.874411764705882,-0.0371951842094443
463,"B_smooth_logistic",4000,1,-0.0496587331116899,-0.049639238952254,0.01899530014534,-0.0804332955513962,-0.0144989373094296,1,0.9285,-0.0371927392278615
464,"A_threshold",1000,0.25,-0.0106900952586707,-0.00998548362705687,0.0235824886935355,-0.10678418065979,0.0420877876570615,0.623,0.304,-0.0104
464,"A_threshold",1600,0.4,0.00673817381738173,0.00776182283015776,0.0131659949997935,-0.0202750110201311,0.0626391407335709,0.3125,0.000625,-0.009975
464,"A_threshold",2200,0.55,0.00563967408237527,0.00647058704444403,0.0270900960543057,-0.0511582587111425,0.120164040377002,0.461363636363636,0.153181818181818,-0.0100363636363636
464,"A_threshold",2800,0.7,0.0042857142857143,0.00463820069241623,0.0270522475659341,-0.0592302950961345,0.120449082229933,0.475,0.184642857142857,-0.0099
464,"A_threshold",3400,0.85,0.00823557908578151,0.00837674991524455,0.0189463473804569,-0.0386474165987289,0.0856230579905494,0.357352941176471,0.0455882352941176,-0.00987058823529412
464,"A_threshold",4000,1,0.00785488488935958,0.00806467830806035,0.0196681119593716,-0.0402303174374954,0.0968847110049587,0.37675,0.05525,-0.0099
464,"B_smooth_logistic",1000,0.25,-0.0138692568832832,-0.014606574581819,0.00674699845926382,-0.0243489002167831,-0.00139782317395949,1,0.292,-0.0379350236094545
464,"B_smooth_logistic",1600,0.4,-0.0112456977575906,-0.0111827889773841,0.0119817308831019,-0.031687791041482,0.00892380386472605,0.76,0.291875,-0.0380913650590282
464,"B_smooth_logistic",2200,0.55,-0.0164219761910272,-0.0163845488883805,0.00862190262509165,-0.0312487460586786,-0.00163647587631038,1,0.373181818181818,-0.0378620532383261
464,"B_smooth_logistic",2800,0.7,-0.0214285714285714,-0.0212145849238046,0.000254925678987284,-0.0215163635374423,-0.0206651087170795,1,1,-0.0378625964444569
464,"B_smooth_logistic",3400,0.85,-0.0268360462698089,-0.0266732554300232,0.00112446456256664,-0.0285867093327318,-0.024713872378049,1,1,-0.0376063206781811
464,"B_smooth_logistic",4000,1,-0.0271984351749628,-0.027042321195066,0.00303143527624273,-0.032453660534606,-0.0220192176078896,1,1,-0.0375607962203387
465,"A_threshold",1000,0.25,-0.00979462116390679,-0.00979523777311156,0.00464257691200846,-0.0223631405706581,0.00571649698074306,0.973,0.004,-0.00972
465,"A_threshold",1600,0.4,-0.00768201401959742,-0.00779281353772894,0.0133016250875129,-0.0448228065065633,0.0376709700653537,0.73,0.18625,-0.0098
465,"A_threshold",2200,0.55,-0.00946198792695319,-0.00961694865470634,0.0223331403255137,-0.0623066651485829,0.082474260863198,0.700909090909091,0.339545454545455,-0.00961818181818182
465,"A_threshold",2800,0.7,0.00240389032135574,0.00237309874027354,0.0196677761281287,-0.0480145235275503,0.0824581359684152,0.484285714285714,0.119285714285714,-0.0097
465,"A_threshold",3400,0.85,0.00869440014176856,0.00852985740286758,0.0201208032269738,-0.0389177709487531,0.104182162802145,0.360588235294118,0.0570588235294118,-0.00971764705882353
465,"A_threshold",4000,1,0.00647096752740385,0.0064465024297256,0.0153618465829993,-0.030473885034354,0.0775253414115436,0.36275,0.0225,-0.00992
465,"B_smooth_logistic",1000,0.25,-0.0392966287460599,-0.0383105843032961,0.0287748715627244,-0.0951062143943753,0.00419205462809445,0.938,0.663,-0.0366817843787466
465,"B_smooth_logistic",1600,0.4,-0.0355989381100672,-0.0348190880989208,0.022114736984699,-0.079060710949123,-0.00267795166899376,1,0.668125,-0.0370433230527626
465,"B_smooth_logistic",2200,0.55,-0.0450396825396825,-0.0442150594725531,0.0235637428760564,-0.0918280985304448,-0.0105450613256011,1,0.809090909090909,-0.0370605067897591
465,"B_smooth_logistic",2800,0.7,-0.0472891155889823,-0.0464376238640877,0.023841950377909,-0.0940540598248478,-0.0118499732289638,1,0.839642857142857,-0.0372931668063942
465,"B_smooth_logistic",3400,0.85,-0.0512757158068748,-0.050457358948707,0.0244588397553641,-0.0980393625347533,-0.0136578848030181,1,0.887941176470588,-0.0374296530700702
465,"B_smooth_logistic",4000,1,-0.0517241681149257,-0.0509993818053604,0.0258029251521777,-0.101449364551993,-0.0120338512579253,1,0.87075,-0.0374779372801563
466,"A_threshold",1000,0.25,-0.00834454481388942,-0.00763573414478164,0.0326356480769827,-0.0772730796201977,0.155283587526732,0.628,0.4,-0.01008
466,"A_threshold",1600,0.4,-0.00188845603086563,-0.00145366790045595,0.0259853704436076,-0.0664474304264152,0.116088137197843,0.555,0.25375,-0.010325
466,"A_threshold",2200,0.55,0.00243315638401886,0.00283230365077287,0.0122756630341123,-0.0249822419240685,0.0618185849599091,0.458181818181818,0.00636363636363636,-0.0103454545454545
466,"A_threshold",2800,0.7,-0.00209823323862708,-0.00128549941845738,0.0121726160096869,-0.0263192504901272,0.0586178504260969,0.6,0.0210714285714286,-0.0102857142857143
466,"A_threshold",3400,0.85,-0.00841877568678348,-0.00782363336367659,0.0116637986516015,-0.0329114165533352,0.0485072716611569,0.770294117647059,0.132647058823529,-0.0104
466,"A_threshold",4000,1,-0.0121612161216122,-0.0117499381167645,0.0126615441846182,-0.0415759966636694,0.0462203834452388,0.82375,0.27675,-0.01041
466,"B_smooth_logistic",1000,0.25,-0.0366946778711485,-0.0366836884527611,0.00722060703633733,-0.0495588182689364,-0.0243072479942954,1,1,-0.0367415445578114
466,"B_smooth_logistic",1600,0.4,-0.0150608862638024,-0.0153366050358046,0.012283730934326,-0.038379231349471,0.00470075795501421,0.8725,0.37625,-0.0367695641880458
466,"B_smooth_logistic",2200,0.55,-0.0159930572774609,-0.0164288982777542,0.019368871333046,-0.0531456187044305,0.0140806283734298,0.741363636363636,0.42,-0.0370544303007514
466,"B_smooth_logistic",2800,0.7,-0.0151763085694634,-0.0154260985999945,0.0264694589592227,-0.0658964269417848,0.0261145406793681,0.648214285714286,0.423214285714286,-0.0368639655176778
466,"B_smooth_logistic",3400,0.85,-0.0149734966893788,-0.0152663797137022,0.0226904849232131,-0.0578276455386755,0.0204571262696372,0.679411764705882,0.410588235294118,-0.0368942638203739
466,"B_smooth_logistic",4000,1,-0.0174664223152918,-0.0177447245465816,0.021411080945399,-0.0572626907743555,0.0166366314144584,0.7355,0.45325,-0.0369465726398086
467,"A_threshold",1000,0.25,-0.0117811781178118,-0.0122129294347927,0.0129450106801803,-0.041087626929676,0.0343202832556536,0.824,0.295,-0.00996
467,"A_threshold",1600,0.4,-0.00250984951842458,-0.00246695041093971,0.013889958302965,-0.0467046434721129,0.0503378817752655,0.588125,0.094375,-0.01005
467,"A_threshold",2200,0.55,0.00113244198301338,0.00146221151098124,0.0204908204568116,-0.0535797865260843,0.0903448152045148,0.509545454545455,0.145454545454545,-0.0101454545454545
467,"A_threshold",2800,0.7,0.00298877703509032,0.00311551987450949,0.0238024957092937,-0.0675901330634033,0.10175661917542,0.478928571428571,0.167142857142857,-0.00992857142857143
467,"A_threshold",3400,0.85,0.00583744295776695,0.00603456165746989,0.0236599431873141,-0.0657494399328644,0.103482999962624,0.424705882352941,0.130588235294118,-0.00991764705882353
467,"A_threshold",4000,1,0.0045,0.00458390916938924,0.0166987251751185,-0.0462229931603994,0.071180528402503,0.41475,0.056,-0.01002
467,"B_smooth_logistic",1000,0.25,-0.0262355143483611,-0.025752797367273,0.0102398161914455,-0.0440639634403018,-0.00944803093181736,1,0.636,-0.0372732373316238
467,"B_smooth_logistic",1600,0.4,-0.0338329590438192,-0.0335709126846591,0.00277352216756917,-0.0385254022222573,-0.029123792533971,1,1,-0.0377799644106643
467,"B_smooth_logistic",2200,0.55,-0.0347962641540623,-0.0348607565289761,0.00108513029972023,-0.036757240395419,-0.033075223071041,1,1,-0.037667362832594
467,"B_smooth_logistic",2800,0.7,-0.0492417207662998,-0.0493338335802971,0.000224702020723652,-0.0496416005345742,-0.0488909027468564,1,1,-0.0376086430677564
467,"B_smooth_logistic",3400,0.85,-0.0497894167513602,-0.0499733602630795,0.00492541524182876,-0.0578124984011802,-0.0410440762944822,1,1,-0.0374641979562505
467,"B_smooth_logistic",4000,1,-0.0526382105528422,-0.052540526819773,0.00888386038371845,-0.0675960916427046,-0.0372892431638803,1,1,-0.0376291597841064
468,"A_threshold",1000,0.25,-0.0092948717948718,-0.00891672935083882,0.00257559466908482,-0.0168554096486523,-0.000766313098275753,1,0,-0.00908
468,"A_threshold",1600,0.4,-0.011970748593953,-0.0118413970529534,0.0158488977056168,-0.0659471363199995,0.0363258656112183,0.78125,0.30625,-0.009175
468,"A_threshold",2200,0.55,-0.0151732986981206,-0.015108918372535,0.00139954083192173,-0.0199278673127509,-0.0106845355321983,1,0,-0.00927272727272727
468,"A_threshold",2800,0.7,-0.0197940391350133,-0.0196931378999078,0.00284597664788291,-0.0293643319482727,-0.00982845464546674,1,0.465357142857143,-0.00957142857142857
468,"A_threshold",3400,0.85,-0.0144238488326385,-0.0143472650935912,0.00731862010664207,-0.0394549661369311,0.012353907141201,0.972352941176471,0.222058823529412,-0.00972941176470588
468,"A_threshold",4000,1,-0.012374049496198,-0.0123301878248422,0.0105540947904669,-0.0489868545942802,0.0256408498933484,0.87525,0.2365,-0.00983
468,"B_smooth_logistic",1000,0.25,-0.0427206768075749,-0.0437591063871515,0.0192834712352783,-0.0828461163316279,-0.0131413455726307,1,0.878,-0.0365204634667917
468,"B_smooth_logistic",1600,0.4,-0.0472422242224222,-0.0476698984848971,0.0127973576151818,-0.0719874407613453,-0.0262360451789722,1,1,-0.0365900994618653
468,"B_smooth_logistic",2200,0.55,-0.0509816820996327,-0.0509632195995633,0.00446959968712766,-0.0588870512828058,-0.0431037619922589,1,1,-0.0368987691756127
468,"B_smooth_logistic",2800,0.7,-0.0509419406978382,-0.0509657404295186,0.00268371645149165,-0.0557633025513904,-0.0463049895039374,1,1,-0.0369396756413506
468,"B_smooth_logistic",3400,0.85,-0.0450500017301637,-0.0452007986572408,0.012905555959634,-0.0686391374025152,-0.0233209152801329,1,1,-0.0368617116042967
468,"B_smooth_logistic",4000,1,-0.0441378351695139,-0.0445103344882292,0.0128507329212581,-0.0684041237725253,-0.0234351892172558,1,1,-0.036854159292644
469,"A_threshold",1000,0.25,0.01875,0.01847282211593,0.0090934919271229,-0.0177471139938143,0.0367015512459959,0.04,0,-0.00988
469,"A_threshold",1600,0.4,0.0128150436517796,0.0125526745761572,0.000559186603442956,0.0105135078666654,0.0138933413368334,0,0,-0.0101
469,"A_threshold",2200,0.55,0.00213647123411805,0.00180329415652765,0.00334771429058199,-0.0067507633418698,0.0135314780354664,0.314545454545455,0,-0.0104181818181818
469,"A_threshold",2800,0.7,0.0035297888455406,0.00347348689306877,0.000319633576854439,0.00251620921540548,0.0044874020415266,0,0,-0.0103142857142857
469,"A_threshold",3400,0.85,-0.000465169241652991,-0.000552543789134051,0.00473153462300273,-0.0177217609849232,0.0120850748139423,0.523235294117647,0,-0.0102117647058824
469,"A_threshold",4000,1,-0.000107034679236076,-0.000209056949999346,0.00592937991410663,-0.0278921154589525,0.0153054114898848,0.49375,0.00125,-0.01014
469,"B_smooth_logistic",1000,0.25,-0.0391460213814737,-0.0390937233236833,0.0295167763844545,-0.0917190871218966,0.0120994693013795,0.882,0.688,-0.036355117833832
469,"B_smooth_logistic",1600,0.4,-0.0471715951550118,-0.0471315139280927,0.0252502431144767,-0.0916163663339016,-0.00296341055245999,1,0.818125,-0.0367764376739638
469,"B_smooth_logistic",2200,0.55,-0.051698487478304,-0.0515813143867247,0.0322050849238094,-0.107528536051308,0.00647065138052839,0.941818181818182,0.791363636363636,-0.0368904184154333
469,"B_smooth_logistic",2800,0.7,-0.0466258745540489,-0.0466771434641634,0.0255579138097427,-0.0922097879793496,-0.00223996668665383,1,0.810714285714286,-0.0368944866264349
469,"B_smooth_logistic",3400,0.85,-0.0415810919535258,-0.0416455530808823,0.0174487791952161,-0.0725920603248128,-0.0114557878838637,1,0.863235294117647,-0.0370841319688037
469,"B_smooth_logistic",4000,1,-0.0354094533728772,-0.0355064922980538,0.00928628295546268,-0.0522272791418707,-0.0198283879766922,1,0.9935,-0.037060033640791
470,"A_threshold",1000,0.25,-0.00864431119520302,-0.00842387566238403,0.00616285561679862,-0.026366103410967,0.00983869100260205,0.92,0.031,-0.0106
470,"A_threshold",1600,0.4,0.00581308130813081,0.00539696817828659,0.00169083964279586,-9.90607912997737e-05,0.0118514192942397,0.000625,0,-0.0106
470,"A_threshold",2200,0.55,0.00746456151486301,0.00709212286001926,0.0138015961634569,-0.0377623584051187,0.0594590708952754,0.322727272727273,0.0118181818181818,-0.0106909090909091
470,"A_threshold",2800,0.7,0.000714285714285723,0.000555333963791065,0.0144496236580631,-0.0491320724629882,0.0529397268272323,0.501071428571429,0.0725,-0.0105857142857143
470,"A_threshold",3400,0.85,-0.000285127421506909,-0.000459897365417686,0.0150690260431954,-0.0511109916093424,0.0553929379401859,0.530882352941176,0.0911764705882353,-0.0106235294117647
470,"A_threshold",4000,1,-0.00244015616999488,-0.00265448863158395,0.00838010190321175,-0.0298094709736188,0.0376385380706734,0.6445,0.01075,-0.01061
470,"B_smooth_logistic",1000,0.25,-0.0314741290983607,-0.0316615016532838,0.0325529579792968,-0.089363147271257,0.0259436554856743,0.788,0.602,-0.0377297828096511
470,"B_smooth_logistic",1600,0.4,-0.040915455977595,-0.0410897519610358,0.0211043556903365,-0.0779396931430357,-0.0035836921428205,1,0.791875,-0.037830714115584
470,"B_smooth_logistic",2200,0.55,-0.0363331580983366,-0.0366386389835983,0.0183999984486925,-0.069775936530301,-0.00603205701813498,1,0.761363636363636,-0.0374916437924325
470,"B_smooth_logistic",2800,0.7,-0.0353991241296019,-0.0355395792350021,0.0176743641071297,-0.0674602203198391,-0.00672647736712881,1,0.751071428571429,-0.0374956778414261
470,"B_smooth_logistic",3400,0.85,-0.0274118743379913,-0.0274302915325722,0.019203257518668,-0.0615290518548738,0.0049089754292834,0.926764705882353,0.601764705882353,-0.0373320964755769
470,"B_smooth_logistic",4000,1,-0.0243429717807142,-0.0243514781058102,0.0136200232793838,-0.0488286393407516,-0.00191115363781739,1,0.5755,-0.0373358884905088
471,"A_threshold",1000,0.25,0.0206198365310299,0.0208715744587875,0.019251821392185,-0.0205506833536639,0.103343132583519,0.13,0.001,-0.01032
471,"A_threshold",1600,0.4,0.0308432105490542,0.031023260198075,0.0180798762390559,-0.0110134567787162,0.107010711251643,0.024375,0,-0.010275
471,"A_threshold",2200,0.55,0.0273942255551588,0.0273768782499689,0.0107576326076369,-0.00387777332370015,0.0665342192196593,0.00363636363636364,0,-0.00994545454545455
471,"A_threshold",2800,0.7,0.0143460850119848,0.0142384962705404,0.0121109311252186,-0.0184185205228805,0.0640816149453924,0.114642857142857,0,-0.0101571428571429
471,"A_threshold",3400,0.85,0.0130542466011307,0.013115591726606,0.0185227459435391,-0.0493106820858929,0.0970242768011326,0.241470588235294,0.0305882352941176,-0.0102
471,"A_threshold",4000,1,0.00540591359939829,0.00543260504453485,0.0202075196626717,-0.0619513083358483,0.0989534460331765,0.41125,0.0975,-0.01042
471,"B_smooth_logistic",1000,0.25,-0.0271563891599308,-0.0272726570867976,0.00353000476150103,-0.0336970509769901,-0.0214534123533577,1,1,-0.0372322496960242
471,"B_smooth_logistic",1600,0.4,-0.0178768760531369,-0.0180857282487733,0.00203309572842528,-0.0210762333926801,-0.0139586323294892,1,0.22125,-0.0371600933978443
471,"B_smooth_logistic",2200,0.55,-0.0243901226219009,-0.024528504498855,0.00209438773802328,-0.0283290632459361,-0.0210547546080055,1,1,-0.0371476220547235
471,"B_smooth_logistic",2800,0.7,-0.0305779920230436,-0.0305779428615,0.00629106965105262,-0.0423455808200485,-0.0204624962295335,1,1,-0.0372213467440672
471,"B_smooth_logistic",3400,0.85,-0.0329781304055161,-0.0329882692770012,0.00479384120146003,-0.0407355586089093,-0.0241565129416971,1,1,-0.0372682386937673
471,"B_smooth_logistic",4000,1,-0.030807364642206,-0.0306871429189345,0.000176873966233844,-0.0308882677856857,-0.0302988589228864,1,1,-0.0373563409299425
472,"A_threshold",1000,0.25,-0.0124804367752601,-0.0125226708456117,0.0517520782386817,-0.198294503319746,0.124061283291824,0.559,0.399,-0.01008
472,"A_threshold",1600,0.4,-0.0216005400135003,-0.0216871264356709,0.0551553587637185,-0.281426242910094,0.137241381639941,0.63875,0.47375,-0.00995
472,"A_threshold",2200,0.55,-0.0113588647417268,-0.0116078870628416,0.0518958968352076,-0.238302087370738,0.152628984437721,0.565909090909091,0.41,-0.0102545454545455
472,"A_threshold",2800,0.7,-0.0165071600610635,-0.016487935194821,0.0339701067497617,-0.133292349911798,0.11138807205741,0.696428571428571,0.461071428571429,-0.0102571428571429
472,"A_threshold",3400,0.85,-0.0116531626749947,-0.0116575192656375,0.0298887554987748,-0.115418530279802,0.100775297719094,0.662647058823529,0.397941176470588,-0.0101294117647059
472,"A_threshold",4000,1,-0.00943010906791665,-0.00945362215306348,0.0291583405063084,-0.113347974271984,0.0981275008371663,0.64075,0.35975,-0.0099
472,"B_smooth_logistic",1000,0.25,0.00253165571084646,0.00232355874886835,0.00429447246916969,-0.00443413903383896,0.0102879422643046,0.353,0,-0.0375299551688159
472,"B_smooth_logistic",1600,0.4,-0.0117797118847539,-0.0119798884966915,0.00139081059805063,-0.0144263105523583,-0.00968159926887516,1,0,-0.0374500120234888
472,"B_smooth_logistic",2200,0.55,-0.0246403549665896,-0.0248571688964388,0.00604268121717415,-0.0357017603227167,-0.0149554974285443,1,0.723181818181818,-0.0373680230985666
472,"B_smooth_logistic",2800,0.7,-0.030164250261233,-0.0301923906653111,0.00808609316088492,-0.0452664485577005,-0.0174060484218375,1,0.8775,-0.0374686007801784
472,"B_smooth_logistic",3400,0.85,-0.0320026270632499,-0.0318448992632088,0.0103276569111101,-0.0506688910921821,-0.0152008505901713,1,0.835294117647059,-0.0374203486020062
472,"B_smooth_logistic",4000,1,-0.0306164898638378,-0.0305551864795596,0.0142042862954048,-0.0555838468665078,-0.00685072854879842,1,0.7095,-0.0373328570692685
473,"A_threshold",1000,0.25,-0.0189102564102564,-0.018810334030227,0.00183332583319636,-0.0237863614840392,-0.0127878907529361,1,0.251,-0.0098
473,"A_threshold",1600,0.4,-0.00883263450762177,-0.00869861327136042,0.0232487247668612,-0.0823936902382983,0.0649225544057314,0.646875,0.319375,-0.0103
473,"A_threshold",2200,0.55,0.00202818766944679,0.00211838121618536,0.017230837694574,-0.0522994091846798,0.0567147898590343,0.453636363636364,0.1,-0.0103818181818182
473,"A_threshold",2800,0.7,0.00407826342802968,0.00421356400440889,0.0076176835943456,-0.0185689866176398,0.0291078457518564,0.300357142857143,0,-0.0103142857142857
473,"A_threshold",3400,0.85,-0.00735072244457771,-0.00720898248120655,0.0130752071474753,-0.0461368168958938,0.0402609490747221,0.718529411764706,0.165882352941176,-0.0102235294117647
473,"A_threshold",4000,1,-0.00776091378501018,-0.00769292735580505,0.0139766323408264,-0.0502216907302382,0.0539006180735955,0.718,0.19175,-0.01014
473,"B_smooth_logistic",1000,0.25,-0.0658200880217532,-0.0646146731542085,0.0130776571175057,-0.088657378784593,-0.0441197701162326,1,1,-0.0375210392865115
473,"B_smooth_logistic",1600,0.4,-0.0436058464227478,-0.0436195023359498,0.0279640687696792,-0.0944210539505127,0.00141560692214635,0.980625,0.740625,-0.0379256287345528
473,"B_smooth_logistic",2200,0.55,-0.0404000330605835,-0.0404835202722897,0.0192967581848841,-0.075655541098843,-0.00921689712737827,1,0.810909090909091,-0.0377746102900726
473,"B_smooth_logistic",2800,0.7,-0.0456045604560456,-0.045471523817229,0.0213830545002299,-0.0849322294970703,-0.0115646391520912,1,0.86,-0.0379115904169193
473,"B_smooth_logistic",3400,0.85,-0.0486924627375669,-0.0487949732745413,0.0171289576859591,-0.0803820824571386,-0.0213473165451438,1,1,-0.0377415088692023
473,"B_smooth_logistic",4000,1,-0.044,-0.0441372715404068,0.0177841641812686,-0.0770087440960832,-0.015698568297216,1,0.915,-0.0375587523969187
474,"A_threshold",1000,0.25,-0.0417175898284574,-0.041610755067058,0.0315301345481183,-0.170688224887395,0.0606743209489232,0.898,0.762,-0.00956
474,"A_threshold",1600,0.4,-0.0282487465586057,-0.0275940775449571,0.00437586897431124,-0.0481974792911898,-0.015371786588361,1,0.97,-0.00985
474,"A_threshold",2200,0.55,-0.0203093650254332,-0.019938495547741,0.00432980449533658,-0.0398898646562024,-0.00792387392593866,1,0.471363636363636,-0.00985454545454545
474,"A_threshold",2800,0.7,-0.00580364545466142,-0.0054549740147952,0.00629772691142544,-0.0215248378194093,0.0265266585558127,0.812857142857143,0.00214285714285714,-0.0100142857142857
474,"A_threshold",3400,0.85,-0.0143740207395596,-0.0138984055126766,0.000566861194828365,-0.0148021405526526,-0.010208987727644,1,0,-0.00994117647058824
474,"A_threshold",4000,1,-0.0107797742544921,-0.0105314743702892,0.00520548690225044,-0.0238166967800949,0.0162944011132946,0.9695,0.0185,-0.01003
474,"B_smooth_logistic",1000,0.25,-0.0248440245078618,-0.0251999935611265,0.0361977386212016,-0.0968753852377515,0.0298476351962874,0.69,0.508,-0.037478887327044
474,"B_smooth_logistic",1600,0.4,-0.0246439040244002,-0.0246634170181671,0.0187677500344399,-0.0601204723028375,0.00466567568109114,0.905,0.55625,-0.03724060125917
474,"B_smooth_logistic",2200,0.55,-0.0238975996614865,-0.0239415619066819,0.0187450501172831,-0.0574473428563892,0.00783624837281624,0.875909090909091,0.559545454545455,-0.0374050981732354
474,"B_smooth_logistic",2800,0.7,-0.0228516023678302,-0.0228435433660869,0.0154112812832852,-0.0496256888520783,0.00372055481086414,0.926428571428571,0.557857142857143,-0.0374321074272687
474,"B_smooth_logistic",3400,0.85,-0.0240389889532914,-0.0240259370932487,0.013507958964814,-0.0480514508765517,-0.00154007856741183,1,0.578529411764706,-0.0373105148676763
474,"B_smooth_logistic",4000,1,-0.0238912330051571,-0.0239388229231421,0.0199429026566089,-0.0599810390098046,0.008831960253808,0.84875,0.54775,-0.0372763596230296
475,"A_threshold",1000,0.25,-0.00309211131600737,-0.00283296350181311,0.0373975902505269,-0.107011867343033,0.133011913974226,0.548,0.347,-0.0096
475,"A_threshold",1600,0.4,-0.016948675840754,-0.0168237157658138,0.0323806623665665,-0.0991335711040276,0.111423044833207,0.719375,0.4975,-0.0097
475,"A_threshold",2200,0.55,-0.0256944834815273,-0.0257257347397227,0.0153715746016612,-0.0695868956715349,0.0277030120738344,0.947272727272727,0.651363636363636,-0.00969090909090909
475,"A_threshold",2800,0.7,-0.0266792384095317,-0.0267303772125014,0.0107503068795305,-0.0646529242170205,0.0115572034150779,0.990714285714286,0.736071428571429,-0.00982857142857143
475,"A_threshold",3400,0.85,-0.0167553949090375,-0.0167602535444286,0.00758644777615281,-0.0443698690001825,0.00930597090410927,0.985882352941176,0.343823529411765,-0.00975294117647059
475,"A_threshold",4000,1,-0.0177442307245098,-0.0177410957513701,0.00819969515370913,-0.0489180769311492,0.00944293259350161,0.9865,0.3925,-0.0099
475,"B_smooth_logistic",1000,0.25,-0.0145768508395705,-0.0138714261941892,0.0350742528963969,-0.0693913684091746,0.049288973307239,0.618,0.461,-0.0370427102443113
475,"B_smooth_logistic",1600,0.4,-0.0227302588358954,-0.0224173642589241,0.0178098862263424,-0.051734283095,0.00918930050564283,0.856875,0.54,-0.0369964745262918
475,"B_smooth_logistic",2200,0.55,-0.0399214513645594,-0.0397595684509739,0.015561509998913,-0.0653374442887441,-0.012103959800059,1,0.857272727272727,-0.037311272854508
475,"B_smooth_logistic",2800,0.7,-0.0442857142857143,-0.0442395142279994,0.0155126272235323,-0.0702103951825031,-0.0171017274577023,1,0.941428571428571,-0.0373448355381341
475,"B_smooth_logistic",3400,0.85,-0.039113499327276,-0.0390136552578146,0.0142306958625161,-0.0625178655030809,-0.0135370482883232,1,0.877941176470588,-0.0373552815870681
475,"B_smooth_logistic",4000,1,-0.0416345080932097,-0.0416514229129708,0.0101220994819223,-0.058992414340458,-0.0242354059239796,1,1,-0.0373038158099769
476,"A_threshold",1000,0.25,-0.00582227048513577,-0.00573184720357794,0.0116976270254887,-0.0498499227661287,0.0331955743186733,0.705,0.099,-0.00992
476,"A_threshold",1600,0.4,0.00549230701902458,0.00548215136919111,0.00541713062063903,-0.0166470444759352,0.0229765964072674,0.150625,0,-0.0098
476,"A_threshold",2200,0.55,0.003913564294802,0.00349247612802814,0.00918029499981224,-0.0309273218119179,0.0353688410990448,0.365909090909091,0.00181818181818182,-0.0101636363636364
476,"A_threshold",2800,0.7,0.00200069003390965,0.00169663009505449,0.0153922581137231,-0.0596874005743194,0.0542116985607894,0.470357142857143,0.0721428571428571,-0.0102
476,"A_threshold",3400,0.85,-0.000174423675106825,-0.000478054048393843,0.0151727234504624,-0.0558967580989633,0.0560527114793878,0.536470588235294,0.0861764705882353,-0.0101411764705882
476,"A_threshold",4000,1,-0.000267511302352516,-0.000568684625538396,0.0185411605653311,-0.0631702481861527,0.0714800921457435,0.5435,0.13675,-0.01017
476,"B_smooth_logistic",1000,0.25,-0.0556301315520578,-0.0557570186894598,0.0256076313457147,-0.0970866704386001,-0.0066880651294844,1,0.887,-0.0373347200170024
476,"B_smooth_logistic",1600,0.4,-0.0480896586856852,-0.0481003847496865,0.029208418132256,-0.0947003138658657,0.00883506089937448,0.94375,0.781875,-0.0372222577119293
476,"B_smooth_logistic",2200,0.55,-0.0370831129552514,-0.0369585012861581,0.0308926391158834,-0.0862289575298626,0.0228852578334087,0.838181818181818,0.683181818181818,-0.0376938239136476
476,"B_smooth_logistic",2800,0.7,-0.0414902170999732,-0.0414316775758277,0.0226141027444091,-0.0756200121476221,0.00424419099819319,0.968214285714286,0.783571428571429,-0.0378570256571224
476,"B_smooth_logistic",3400,0.85,-0.043826860539005,-0.043968048830342,0.0141261105752222,-0.0652690271020248,-0.0158745931375642,1,0.942647058823529,-0.0377702904626036
476,"B_smooth_logistic",4000,1,-0.0463511831942833,-0.046598757905532,0.0130417225067074,-0.065764419963861,-0.0202257782024526,1,1,-0.0377181941191113
477,"A_threshold",1000,0.25,0.0120637829322789,0.0118609215149261,0.000248542897546018,0.011079962643519,0.0127206151910083,0,0,-0.00976
477,"A_threshold",1600,0.4,0.00677779239408917,0.00611624678193531,0.00913768730282716,-0.0177255747379838,0.0441867068528281,0.273125,0,-0.010425
477,"A_threshold",2200,0.55,-0.00205814465627494,-0.00292754376205279,0.00536378155413183,-0.015409797887307,0.0216505425638027,0.728181818181818,0,-0.0102363636363636
477,"A_threshold",2800,0.7,-0.00360431823970835,-0.00403269903682585,0.0112440828763732,-0.034138833383726,0.0464028892248411,0.672142857142857,0.0617857142857143,-0.0101571428571429
477,"A_threshold",3400,0.85,-0.00426854757517059,-0.00447655214942113,0.000758772805845156,-0.00619630649405861,-0.000819758350963484,1,0,-0.0102117647058824
477,"A_threshold",4000,1,-0.0104060576539875,-0.0103320798451642,0.00409170026609599,-0.0198808748529558,0.0121722789778988,0.984,0,-0.01025
477,"B_smooth_logistic",1000,0.25,-0.032638574898267,-0.0326932700234604,0.00656112530812794,-0.0442721409867757,-0.0218508721170489,1,1,-0.0373005706161711
477,"B_smooth_logistic",1600,0.4,-0.0280694517362934,-0.0283861213786422,0.00752782919236404,-0.0420575325996303,-0.0163251197126449,1,0.829375,-0.0373080140197696
477,"B_smooth_logistic",2200,0.55,-0.0364975508244222,-0.0365355407500549,0.0199504180594269,-0.0708828736910713,-0.00208672383773414,1,0.743636363636364,-0.0372104838117372
477,"B_smooth_logistic",2800,0.7,-0.0348923647410024,-0.0351374173969214,0.0210541673365947,-0.0733695356350574,-0.000632660267557428,1,0.706785714285714,-0.037196981371933
477,"B_smooth_logistic",3400,0.85,-0.0412622031242213,-0.0412835095917489,0.0133397237343576,-0.0648759856783557,-0.0187075537200961,1,0.967352941176471,-0.0371862422938207
477,"B_smooth_logistic",4000,1,-0.0392186868626251,-0.0392549317433423,0.0203587737658794,-0.0751111392237123,-0.00471722381532304,1,0.77175,-0.0371453562945448
478,"A_threshold",1000,0.25,0.00794079407940794,0.00812074539212164,0.00122639863802206,0.00420088199649835,0.0116661380721451,0,0,-0.0094
478,"A_threshold",1600,0.4,0.00076876081069889,0.000940529615823818,0.0104018811877329,-0.0322356291189149,0.0312692302821367,0.46625,0.02625,-0.00935
478,"A_threshold",2200,0.55,-0.0215746948598934,-0.0215576529533175,0.0222663386910792,-0.0873951876496899,0.055776631697498,0.837272727272727,0.539545454545455,-0.00974545454545454
478,"A_threshold",2800,0.7,-0.0212707116072763,-0.021381335619449,0.0186678243938956,-0.0705487308571955,0.0496692597147802,0.875,0.555714285714286,-0.00977142857142857
478,"A_threshold",3400,0.85,-0.0191477365743816,-0.01935370001186,0.0184862604416352,-0.0669961998569387,0.0537096670763985,0.853823529411765,0.507941176470588,-0.00992941176470588
478,"A_threshold",4000,1,-0.0163343967172149,-0.0166538450460868,0.0211977080685824,-0.0737011721956224,0.0689671334291956,0.79025,0.46025,-0.00997
478,"B_smooth_logistic",1000,0.25,-0.0264152151639344,-0.0265677219043842,0.0177328979829512,-0.0604309094194111,0.000462302095097872,0.991,0.59,-0.0380005577303964
478,"B_smooth_logistic",1600,0.4,-0.0156095945099228,-0.0155750662354759,0.00902062814131589,-0.0319784452855648,-0.000773508717698906,1,0.345625,-0.037430688458306
478,"B_smooth_logistic",2200,0.55,-0.0178911456680419,-0.0180625265447635,0.0102053976465638,-0.0369042351721192,-0.0017501196758981,1,0.412727272727273,-0.0376019918881543
478,"B_smooth_logistic",2800,0.7,-0.0164522291433656,-0.016517245779267,0.00489778495011341,-0.0257451193311998,-0.0088619633532688,1,0.281785714285714,-0.037425761493365
478,"B_smooth_logistic",3400,0.85,-0.0158384538612633,-0.0160308205331949,0.00751498666989749,-0.030246444560702,-0.00437090628139938,1,0.33,-0.0375463011602086
478,"B_smooth_logistic",4000,1,-0.0193530689827536,-0.0195445073000952,0.00491790968579095,-0.0287261197915629,-0.0117751570863503,1,0.45,-0.037535719708295
479,"A_threshold",1000,0.25,-0.00016025641025641,-0.000149129924705313,0.0115035653270267,-0.0347601303611328,0.0327273599609557,0.494,0.051,-0.00988
479,"A_threshold",1600,0.4,-0.00732013396282735,-0.00732441093284053,0.00177986654384682,-0.0126199371227516,-0.00181991650530831,1,0,-0.0097
479,"A_threshold",2200,0.55,-0.00618916631400761,-0.00624095889919774,0.00460021337565334,-0.0193412663312023,0.00931376092415516,0.909545454545455,0,-0.00963636363636364
479,"A_threshold",2800,0.7,-0.0102456140350877,-0.0102896486106784,0.00181771029550544,-0.0167877906806048,-0.00250047627154913,1,0,-0.0099
479,"A_threshold",3400,0.85,-0.0127329153856695,-0.0127289308877571,0.00608556711775209,-0.0392647134820032,0.00862627713945989,0.981176470588235,0.116470588235294,-0.0100117647058824
479,"A_threshold",4000,1,-0.0111911191119112,-0.011197512512488,0.00984131937103664,-0.0538254922744372,0.0236362622884909,0.876,0.18125,-0.01003
479,"B_smooth_logistic",1000,0.25,-0.0145795083383217,-0.0147591752929187,0.00678625570874572,-0.0252842618702808,-0.00178138421741011,1,0.294,-0.0375793473585241
479,"B_smooth_logistic",1600,0.4,-0.0325614144891253,-0.0328029002963015,0.00900990120641119,-0.0499567963489905,-0.0185783877231721,1,0.936875,-0.0371208417213519
479,"B_smooth_logistic",2200,0.55,-0.0371981028338257,-0.0373936284952801,0.00222225900575015,-0.0413509262344473,-0.0336391843870599,1,1,-0.037178975371714
479,"B_smooth_logistic",2800,0.7,-0.0349191618951945,-0.0349853800775075,0.0104081704049173,-0.0537528797255482,-0.0177505745873807,1,0.931428571428571,-0.0373512226371805
479,"B_smooth_logistic",3400,0.85,-0.0377563819756226,-0.0377381546441199,0.0133865778675528,-0.0613082298804437,-0.0150687611619457,1,0.886470588235294,-0.0372673922702486
479,"B_smooth_logistic",4000,1,-0.0361771447085788,-0.0361594491507257,0.009680345743085,-0.0536306931950354,-0.0201549940040474,1,1,-0.03724371394967
480,"A_threshold",1000,0.25,0.00445662803186971,0.00376933001150527,0.0597838174133609,-0.239673199495816,0.206457765319085,0.447,0.323,-0.00976
480,"A_threshold",1600,0.4,-0.0001562744178778,-0.000972531356741178,0.0534329311964347,-0.276679858744785,0.158582734658674,0.465,0.331875,-0.00955
480,"A_threshold",2200,0.55,-0.00387262094191068,-0.00453786645290722,0.0359960225907465,-0.169281373154433,0.10894127816837,0.524090909090909,0.302272727272727,-0.00956363636363636
480,"A_threshold",2800,0.7,-0.00991523750185615,-0.0104441873506938,0.0361598751383056,-0.206315033665462,0.117233746145985,0.606428571428571,0.372142857142857,-0.00952857142857143
480,"A_threshold",3400,0.85,-0.00786769456168149,-0.00812972913440957,0.0340500910745721,-0.170593682228557,0.125959072520009,0.598235294117647,0.351470588235294,-0.00972941176470588
480,"A_threshold",4000,1,-0.0049115012278753,-0.00511622633849602,0.0305614087692127,-0.149082053134551,0.115443656681843,0.569,0.30375,-0.00977
480,"B_smooth_logistic",1000,0.25,-0.0300421616249058,-0.0281867681776192,0.0158378747284078,-0.0611392486553021,-0.005559030077565,1,0.624,-0.0363079480275378
480,"B_smooth_logistic",1600,0.4,-0.0346242177228093,-0.0338511989267445,0.0091526008774919,-0.0511360603459279,-0.0191340587621281,1,0.970625,-0.0369111313403558
480,"B_smooth_logistic",2200,0.55,-0.0364533673593429,-0.0362112907153349,0.0158087129551577,-0.064760483308701,-0.0094486291328167,1,0.793636363636364,-0.0369702943223001
480,"B_smooth_logistic",2800,0.7,-0.0293736803127286,-0.0291151082876721,0.0118645874953602,-0.0508140418520543,-0.00933003599795593,1,0.72,-0.0370365126894487
480,"B_smooth_logistic",3400,0.85,-0.028913379592526,-0.0287747041910678,0.0151729507640667,-0.0562796501835002,-0.00329299163318297,1,0.664411764705882,-0.0370296499366727
480,"B_smooth_logistic",4000,1,-0.0306575306575307,-0.0306226818442853,0.0157798222997925,-0.0582335401157271,-0.0032797222834758,1,0.69575,-0.0370520637796751
481,"A_threshold",1000,0.25,-0.00270130743279746,-0.00277745976479333,0.0142053669902688,-0.0308380698007779,0.066646912925436,0.624,0.085,-0.0094
481,"A_threshold",1600,0.4,0.00681089743589744,0.00670470201368597,0.00987067818846521,-0.0177487146625518,0.0486892268168027,0.256875,0,-0.009025
481,"A_threshold",2200,0.55,-0.00649952345652864,-0.00644439910151569,0.01857614380571,-0.0545128500001315,0.0740777818811996,0.670454545454545,0.24,-0.00947272727272727
481,"A_threshold",2800,0.7,0.00494097233392517,0.00521618741111357,0.0152144934374299,-0.0339172151219314,0.0707429877607931,0.3875,0.0310714285714286,-0.00941428571428572
481,"A_threshold",3400,0.85,-0.00150000484542405,-0.00112401379031393,0.00955908107991716,-0.0275702444166818,0.0409162130653753,0.584117647058824,0.00852941176470588,-0.00952941176470588
481,"A_threshold",4000,1,-0.00305739281683974,-0.00274984630952373,0.011213623227111,-0.0359210932196427,0.0444698507791852,0.62675,0.04525,-0.00965
481,"B_smooth_logistic",1000,0.25,-0.066,-0.0661766527153983,0.025619289976081,-0.114391085411305,-0.0260322240118126,1,1,-0.036941717544417
481,"B_smooth_logistic",1600,0.4,-0.0517580872011252,-0.0519709621115001,0.0191193303044278,-0.0872527016179669,-0.0205317795090159,1,1,-0.0368688433846066
481,"B_smooth_logistic",2200,0.55,-0.051670189295838,-0.0517620827144119,0.0142060772712573,-0.0771023716844683,-0.027247036496079,1,1,-0.0369479982153026
481,"B_smooth_logistic",2800,0.7,-0.0543967628776213,-0.0544522498201398,0.0157106085838001,-0.0819601034313848,-0.0273453417734418,1,1,-0.0369227050647674
481,"B_smooth_logistic",3400,0.85,-0.0553688417326858,-0.0553605815913564,0.0158168757508775,-0.0841292834362866,-0.0289666352661789,1,1,-0.0368545202935621
481,"B_smooth_logistic",4000,1,-0.0551668722586862,-0.0551666871681111,0.0152635105534627,-0.0826942302697488,-0.0291855324993664,1,1,-0.0370509485835407
482,"A_threshold",1000,0.25,-0.0107819734375751,-0.0119731815873279,0.0198961976794487,-0.0436072391501926,0.111047972471921,0.774,0.407,-0.00932
482,"A_threshold",1600,0.4,-0.0205843168896478,-0.0215220507636864,0.00974172685815393,-0.0719893935185935,0.0011079546846194,0.99875,0.518125,-0.009625
482,"A_threshold",2200,0.55,-0.0264514148652484,-0.0271907106915668,0.0106825650046079,-0.0828745399245281,-0.00201884115616157,1,0.741363636363636,-0.00985454545454545
482,"A_threshold",2800,0.7,-0.0210114533160264,-0.0215249781327998,0.00362302445975818,-0.037229406120244,-0.0109461130188126,1,0.647142857142857,-0.0097
482,"A_threshold",3400,0.85,-0.0217901522782157,-0.0222601944582198,0.00605556687062619,-0.0512980437989307,-0.00634596776338242,1,0.616764705882353,-0.00969411764705882
482,"A_threshold",4000,1,-0.0211309338430393,-0.0213019113181119,0.00571973131831926,-0.0481037074888757,-0.00586131515506386,1,0.557,-0.00958
482,"B_smooth_logistic",1000,0.25,-0.0286042661265693,-0.0284168100771128,0.0216567889298106,-0.0673197144627741,0.00886832862661044,0.883,0.608,-0.0375878739972539
482,"B_smooth_logistic",1600,0.4,-0.0243389423076923,-0.0246394125458375,0.00116484436192195,-0.0257822890809156,-0.0218051185535795,1,1,-0.0372031629939828
482,"B_smooth_logistic",2200,0.55,-0.0368451181459312,-0.0369346241859487,0.0051871511347613,-0.0465275446663381,-0.0284871535755104,1,1,-0.0371524081413679
482,"B_smooth_logistic",2800,0.7,-0.0385384702284286,-0.0385343518568682,0.0111607505971012,-0.0593133671010328,-0.0202655809110961,1,1,-0.0371877040990538
482,"B_smooth_logistic",3400,0.85,-0.037397380693416,-0.0374115848892074,0.0117834968112016,-0.0590917460490316,-0.0178725074857044,1,0.939117647058824,-0.0371905060235276
482,"B_smooth_logistic",4000,1,-0.0367159837062561,-0.0367317414702631,0.0113631654244316,-0.057668703528146,-0.0180349262018159,1,0.93675,-0.0371143576633261
483,"A_threshold",1000,0.25,0.0107630213338459,0.0101105824369568,0.00659412221411035,-0.0153910688084945,0.024305003139376,0.082,0,-0.01012
483,"A_threshold",1600,0.4,-0.000995564068958565,-0.0021433407371614,0.00931122229343369,-0.0428225678315761,0.0165225924768895,0.52875,0.04125,-0.010075
483,"A_threshold",2200,0.55,-0.0119564089257914,-0.0120954834639732,0.00420761390666881,-0.0278190395243242,0.0006492219790218,0.999090909090909,0.0336363636363636,-0.0100545454545455
483,"A_threshold",2800,0.7,-0.0113665389527458,-0.0115308326186171,0.00485453054170075,-0.0297006528501317,0.00287653586447634,0.9975,0.0489285714285714,-0.00997142857142857
483,"A_threshold",3400,0.85,-0.00760313432365552,-0.00780451605382136,0.00345423795159217,-0.0218718079523904,0.00166528911280233,0.997941176470588,0.00264705882352941,-0.0100235294117647
483,"A_threshold",4000,1,-0.00670104485272709,-0.00729819569542175,0.00381815628986708,-0.016355399078671,0.0094919876253218,0.95675,0,-0.01
483,"B_smooth_logistic",1000,0.25,-0.0436622873693812,-0.0436637109860089,0.0121955361854678,-0.0654686602633567,-0.0230993691372824,1,1,-0.0367675899196739
483,"B_smooth_logistic",1600,0.4,-0.0477504363984459,-0.0477168715380287,0.0157345681789477,-0.0753730402532168,-0.0214094552917773,1,1,-0.0369286756932812
483,"B_smooth_logistic",2200,0.55,-0.04602604010106,-0.0459779350052899,0.0187767311546395,-0.0789448310375318,-0.0141763341650545,1,0.909090909090909,-0.036924484060929
483,"B_smooth_logistic",2800,0.7,-0.0512603073965281,-0.0512716724699643,0.0275655584619986,-0.100495250429825,-0.00568391145053809,1,0.832857142857143,-0.0369344296807283
483,"B_smooth_logistic",3400,0.85,-0.0432854318316398,-0.0433481939989167,0.0295189486790221,-0.0963477767013289,0.00572448743927904,0.938823529411765,0.718529411764706,-0.0367269917024258
483,"B_smooth_logistic",4000,1,-0.0380474300156727,-0.0381677336520879,0.0290778058261067,-0.0911039981224383,0.00928247438770541,0.894,0.66825,-0.0367650597563707
484,"A_threshold",1000,0.25,0.0242350002401883,0.0251633869228465,0.0398734228314917,-0.108015054885937,0.20375762166717,0.271,0.124,-0.00932
484,"A_threshold",1600,0.4,0.0305190744215134,0.0314742423031744,0.0325062203078691,-0.0646099125778548,0.190370682344266,0.168125,0.036875,-0.0098
484,"A_threshold",2200,0.55,0.0201983638003007,0.0204015685093367,0.0310795354154575,-0.101371318037093,0.148108621729139,0.258181818181818,0.0963636363636364,-0.00972727272727273
484,"A_threshold",2800,0.7,0.011789580453797,0.0118931682088519,0.0186830886533052,-0.066769582576262,0.082677959363725,0.259642857142857,0.0435714285714286,-0.00947142857142857
484,"A_threshold",3400,0.85,0.00644512814974876,0.00660913781709049,0.0166598600971103,-0.0544550431379108,0.076899679940936,0.349705882352941,0.0488235294117647,-0.0096
484,"A_threshold",4000,1,0.0028119623941294,0.00297319789693731,0.0120831315318791,-0.0418114040743187,0.0540775584777114,0.412,0.02075,-0.00966
484,"B_smooth_logistic",1000,0.25,-0.057326675628961,-0.056417367481791,0.0208650097535487,-0.0887424185925009,-0.0167006082073967,1,0.958,-0.036902752841644
484,"B_smooth_logistic",1600,0.4,-0.0453820909517112,-0.0442415075087356,0.0171395910512498,-0.0708368987906578,-0.0110926424762891,1,0.888125,-0.0372279415264416
484,"B_smooth_logistic",2200,0.55,-0.0460819735048504,-0.0449866726011431,0.00829084555731307,-0.0570980176421655,-0.0282555264920537,1,1,-0.037217112855862
484,"B_smooth_logistic",2800,0.7,-0.0391658363091002,-0.0390994418550364,0.00489637224053547,-0.0474695169951055,-0.0304366751648684,1,1,-0.0372896316892226
484,"B_smooth_logistic",3400,0.85,-0.039640881683637,-0.039514291006505,0.00656764782445798,-0.0505368366004,-0.0276037492769762,1,1,-0.0371660949031704
484,"B_smooth_logistic",4000,1,-0.039005404194551,-0.0390109402172164,3.78193587829814e-06,-0.0390175247604383,-0.0390043074008171,1,1,-0.037154501067585
485,"A_threshold",1000,0.25,-0.033963396339634,-0.034054884889849,0.0379231508898701,-0.164789795353766,0.103138080358533,0.813,0.656,-0.01016
485,"A_threshold",1600,0.4,-0.0299675244973489,-0.0300909477121216,0.0348960240970871,-0.154839207158169,0.0898365712793041,0.80375,0.621875,-0.010525
485,"A_threshold",2200,0.55,-0.0318122721363045,-0.0319546573750647,0.0295845960288689,-0.136637482720543,0.0763638153523809,0.862727272727273,0.660454545454545,-0.0103454545454545
485,"A_threshold",2800,0.7,-0.0248006200155004,-0.0249349001153172,0.0336697964344786,-0.14624529379622,0.0978658601218527,0.770714285714286,0.558928571428571,-0.0102
485,"A_threshold",3400,0.85,-0.0196265016424336,-0.0196946449934762,0.028424948344182,-0.116351199271443,0.0871208244821315,0.751470588235294,0.494411764705882,-0.0103176470588235
485,"A_threshold",4000,1,-0.0209502636565492,-0.0209942972076324,0.0214707870999025,-0.0911145192897768,0.0609357784502378,0.83425,0.5205,-0.01037
485,"B_smooth_logistic",1000,0.25,-0.0155299526252348,-0.0158721078205211,0.00692519427479363,-0.0290649223344329,-0.00495751920639406,1,0.309,-0.0372276440887055
485,"B_smooth_logistic",1600,0.4,-0.0201322115384615,-0.0204559632684597,0.000291524804776479,-0.0207699916077737,-0.0198328050640262,1,0.889375,-0.0372943597721676
485,"B_smooth_logistic",2200,0.55,-0.0284839963609296,-0.0288068818109523,0.00449383554905721,-0.0369597699898852,-0.0215733951472916,1,1,-0.0373308870199146
485,"B_smooth_logistic",2800,0.7,-0.0283703547532277,-0.028455659153998,0.0133438867765219,-0.0519520327810478,-0.0061295777930441,1,0.680714285714286,-0.0373377778116744
485,"B_smooth_logistic",3400,0.85,-0.0288714619485839,-0.0289644524801456,0.018212749069167,-0.0606822407683155,0.00190595582994024,0.965,0.641470588235294,-0.0373358629421675
485,"B_smooth_logistic",4000,1,-0.0275471482923969,-0.0275959546272227,0.0158008324136265,-0.0557946304700138,-0.00118449187670548,1,0.63425,-0.0372994270072829
486,"A_threshold",1000,0.25,-0.0266964271428343,-0.026542444034097,0.00156426865274941,-0.0296155664225951,-0.0193238303542441,1,0.999,-0.011
486,"A_threshold",1600,0.4,-0.00205001281258009,-0.00244549550248867,0.0272370780039269,-0.0716112113176864,0.117448617126223,0.579375,0.27875,-0.010575
486,"A_threshold",2200,0.55,0.00301808785529716,0.0026600520879242,0.0252226571357505,-0.0745848835042418,0.101136903156699,0.487272727272727,0.181363636363636,-0.0104
486,"A_threshold",2800,0.7,0.000350150243037958,8.00591636396688e-05,0.0186968864366904,-0.0547080376276862,0.0758860068411602,0.520714285714286,0.133214285714286,-0.0101428571428571
486,"A_threshold",3400,0.85,-0.00520969083491085,-0.00535845053048199,0.0146096392476935,-0.052837154541759,0.0486521021139611,0.653235294117647,0.156470588235294,-0.0101176470588235
486,"A_threshold",4000,1,-0.0103631737219523,-0.0106050545615069,0.0168148031899715,-0.0636476063460543,0.0536494856818172,0.746,0.298,-0.01014
486,"B_smooth_logistic",1000,0.25,-0.0298110471520876,-0.0292936551608704,0.0402754837268964,-0.0848806524764966,0.0545598314822457,0.726,0.612,-0.0376437289706229
486,"B_smooth_logistic",1600,0.4,-0.0305070126753169,-0.0307029079518852,0.0300564510284119,-0.0757039021786568,0.0288532942026558,0.805,0.62875,-0.0374816047034498
486,"B_smooth_logistic",2200,0.55,-0.0379747672450275,-0.0381712557139758,0.0181094191753011,-0.0658777099627236,-0.00370486440088116,1,0.793181818181818,-0.0373498158020348
486,"B_smooth_logistic",2800,0.7,-0.0379910141075653,-0.038018638323855,0.0155258979101709,-0.0625769299664655,-0.00970486533408849,1,0.835714285714286,-0.0371204412213102
486,"B_smooth_logistic",3400,0.85,-0.0342139064671328,-0.0342779139325383,0.0146024237921464,-0.0575570464266952,-0.00770709317242395,1,0.784117647058823,-0.0371064929367765
486,"B_smooth_logistic",4000,1,-0.0330446191863401,-0.0330356678503332,0.0152943764001925,-0.0590640350615246,-0.00671900637117009,1,0.74275,-0.0371440056005089
487,"A_threshold",1000,0.25,-0.0502050205020502,-0.0497198592865048,0.0319884304062882,-0.132597827243511,0.0723934289450886,0.929,0.819,-0.00964
487,"A_threshold",1600,0.4,-0.0311262158678073,-0.0309788671535612,0.015779750861715,-0.0678136714367928,0.0303259461810789,0.9575,0.77,-0.0096
487,"A_threshold",2200,0.55,-0.0317609867972479,-0.0318693611905724,0.011501077727749,-0.061097418022497,0.0102883242100034,0.991818181818182,0.844090909090909,-0.0098
487,"A_threshold",2800,0.7,-0.0212970049492321,-0.0213233679995896,0.0147375489054475,-0.0620912964920761,0.0442907001672713,0.919285714285714,0.573928571428571,-0.00991428571428571
487,"A_threshold",3400,0.85,-0.0217553827751196,-0.0217060457679399,0.0164811779226992,-0.0689699545748,0.0499504688827139,0.899705882352941,0.576176470588235,-0.00997647058823529
487,"A_threshold",4000,1,-0.0194835543976848,-0.0194592032552262,0.00930755874533578,-0.045053040758478,0.0221332799326618,0.974,0.515,-0.01001
487,"B_smooth_logistic",1000,0.25,-0.0337106072790267,-0.0339651617550077,0.00630414850784011,-0.0460840995224426,-0.0235922238735506,1,1,-0.0370224764545619
487,"B_smooth_logistic",1600,0.4,-0.0324898293455616,-0.0323645092015526,0.00142739923342547,-0.0347655458588544,-0.0297620429192843,1,1,-0.0369275167530485
487,"B_smooth_logistic",2200,0.55,-0.0167142706019253,-0.0169908874607159,0.00505051085561772,-0.0262291556873257,-0.0086062274402858,1,0.318181818181818,-0.0371100730784575
487,"B_smooth_logistic",2800,0.7,-0.0198373824451411,-0.0201773612419918,0.013075439354132,-0.0443542286124017,0.00118235743801672,0.967142857142857,0.488928571428571,-0.0370340273589134
487,"B_smooth_logistic",3400,0.85,-0.0215758084094234,-0.0217607436200003,0.0119509857023938,-0.0432546420256302,-0.00192181193665029,1,0.531470588235294,-0.0371962487178454
487,"B_smooth_logistic",4000,1,-0.0252981324533113,-0.0253889091830242,0.00687294953764157,-0.0374436275457818,-0.0137281223113337,1,0.724,-0.0372224413303973
488,"A_threshold",1000,0.25,0.000472319287838585,0.000475732349237742,0.0164694629715414,-0.0473214584298129,0.0593759822032262,0.501,0.104,-0.00988
488,"A_threshold",1600,0.4,-0.0170583639065438,-0.0170526728391818,0.0240443471506992,-0.0929826778790758,0.0628383787269548,0.751875,0.44375,-0.009625
488,"A_threshold",2200,0.55,-0.0082773294155408,-0.00820598374120517,0.0264781255268849,-0.0906326401046505,0.0825040318240293,0.623636363636364,0.311818181818182,-0.00981818181818182
488,"A_threshold",2800,0.7,-0.00811444585841543,-0.00809154498297025,0.0140995104417482,-0.0515300904717069,0.0488449570786826,0.714285714285714,0.192857142857143,-0.00971428571428572
488,"A_threshold",3400,0.85,-0.00980974576916632,-0.00985065949398418,0.00958526297205664,-0.0366674009547465,0.034758872299648,0.846764705882353,0.143529411764706,-0.00985882352941177
488,"A_threshold",4000,1,-0.00959965992348279,-0.00957373653597228,0.00801953249215973,-0.030906409464668,0.0308969713631533,0.88325,0.08425,-0.00991
488,"B_smooth_logistic",1000,0.25,-0.0428877194676451,-0.0429128570598552,0.00142386913383977,-0.0452554673979416,-0.0404154448129545,1,1,-0.0372646399348507
488,"B_smooth_logistic",1600,0.4,-0.0356989247311828,-0.0357715229572335,0.00374446172786714,-0.0425445190443576,-0.0297314839916219,1,1,-0.0368067143339819
488,"B_smooth_logistic",2200,0.55,-0.0462795600813587,-0.0462654191155826,0.0148883343679862,-0.0737746526100378,-0.0224506984461278,1,1,-0.0367395756221849
488,"B_smooth_logistic",2800,0.7,-0.0455592545823289,-0.0454617079657209,0.0125881567847407,-0.0679396971464018,-0.0244109825848664,1,1,-0.0369311438149693
488,"B_smooth_logistic",3400,0.85,-0.0528430176731633,-0.0527973122625146,0.0128672078961522,-0.0754046205791661,-0.03085087712199,1,1,-0.0368913507620722
488,"B_smooth_logistic",4000,1,-0.0544769611706021,-0.0544769669929415,0.0116588160864135,-0.074381913245759,-0.0341792154638161,1,1,-0.0369578162821018
489,"A_threshold",1000,0.25,0.00832332933173269,0.00829144735666304,0.00709049530102122,-0.0152136950489973,0.030021259112599,0.118,0,-0.0106
489,"A_threshold",1600,0.4,0.00180665649771199,0.00159449900961959,0.000927451627425845,-0.000914607449063437,0.00507056250070712,0.040625,0,-0.0104
489,"A_threshold",2200,0.55,-0.00480372058868525,-0.00480209862550137,0.0075967086287434,-0.0279265829624007,0.0274620593504874,0.734545454545455,0.0245454545454545,-0.0100545454545455
489,"A_threshold",2800,0.7,-0.00641967748520106,-0.00641771221563159,0.0123941070394667,-0.0553445211990162,0.0446368914831177,0.695,0.137142857142857,-0.0105
489,"A_threshold",3400,0.85,-0.00719173531756578,-0.00719764189431936,0.0112277803250451,-0.0525723391306135,0.0382068559498337,0.738823529411765,0.13,-0.0103411764705882
489,"A_threshold",4000,1,-0.00678876527472187,-0.00677812287780189,0.013066648326515,-0.0577345966598233,0.0483585505339278,0.6985,0.153,-0.01023
489,"B_smooth_logistic",1000,0.25,-0.0574116094562191,-0.0598675812569417,0.0329757818234365,-0.128776095642325,-0.012255750576804,1,0.904,-0.0376901583748558
489,"B_smooth_logistic",1600,0.4,-0.0513044239706278,-0.0520182408846895,0.0304552732908329,-0.11171370888248,-0.00323595441089908,1,0.82375,-0.0372856726015496
489,"B_smooth_logistic",2200,0.55,-0.0431425574769881,-0.0437171295201663,0.0320688268519933,-0.1055008364568,0.00944662501088739,0.914090909090909,0.714545454545455,-0.0372498034205968
489,"B_smooth_logistic",2800,0.7,-0.0382050247019865,-0.0386533053393778,0.0280015129886071,-0.0910341330240725,0.00801941117812233,0.916785714285714,0.69,-0.0372421815550786
489,"B_smooth_logistic",3400,0.85,-0.0402788455580667,-0.0405978559482637,0.0245302212403787,-0.0855523483223985,0.00124735286338047,0.983235294117647,0.743823529411765,-0.037350400614653
489,"B_smooth_logistic",4000,1,-0.0406185995903738,-0.0410569310263468,0.0254242012125337,-0.0875709997646953,0.00169814953785621,0.979,0.74025,-0.0374849064688546
490,"A_threshold",1000,0.25,-0.000864497950819679,-0.000739469451706907,0.0448691090713774,-0.123318300973156,0.16104994706952,0.53,0.356,-0.01056
490,"A_threshold",1600,0.4,0.012816345919458,0.0125075663082902,0.0350111717364375,-0.0675430638292104,0.14693887482417,0.395625,0.1725,-0.0109
490,"A_threshold",2200,0.55,0.00283640114249444,0.00188259251437581,0.0395166675238408,-0.093925723815871,0.152084879466488,0.522727272727273,0.322727272727273,-0.0106909090909091
490,"A_threshold",2800,0.7,0.0034117364345594,0.00270003605428822,0.0343284711464959,-0.0791318456771427,0.137434980255152,0.511071428571429,0.2825,-0.0104285714285714
490,"A_threshold",3400,0.85,0.00808593997365244,0.0075256455583198,0.0298297603408872,-0.0638015763336554,0.125254463148384,0.445,0.177647058823529,-0.0103529411764706
490,"A_threshold",4000,1,-0.00302243523067322,-0.00339839627706681,0.0210119552143489,-0.0517113612793602,0.112610293010643,0.60375,0.226,-0.01035
490,"B_smooth_logistic",1000,0.25,-0.0121263767698469,-0.0120815029454476,0.0409653638051285,-0.0939429657170045,0.0507782225222252,0.554,0.412,-0.0361893844163051
490,"B_smooth_logistic",1600,0.4,-0.0346996991129694,-0.0345979177750497,0.043785965435084,-0.127416015723481,0.0256276469010347,0.719375,0.546875,-0.0367041111126813
490,"B_smooth_logistic",2200,0.55,-0.0447860492985392,-0.045304452017934,0.0387143388402007,-0.124591626816636,0.00953795924202935,0.871363636363636,0.668636363636364,-0.0368571491992611
490,"B_smooth_logistic",2800,0.7,-0.0404583455798308,-0.0407413070908722,0.0316876897072532,-0.102167709113356,0.00738491317822815,0.896071428571429,0.678571428571429,-0.0369848598474763
490,"B_smooth_logistic",3400,0.85,-0.0435680167642227,-0.0434217831378462,0.0266407820342507,-0.0951794583077032,-0.00292849590609367,1,0.746764705882353,-0.037114372376001
490,"B_smooth_logistic",4000,1,-0.0450476217143817,-0.0449167217729257,0.0239412243580194,-0.0905516290515367,-0.0077738550544995,1,0.8025,-0.0370423288424631
491,"A_threshold",1000,0.25,0.0128073770491803,0.0127377708403785,0.00366899079568537,0.000916384288196945,0.0242810828668141,0,0,-0.0098
491,"A_threshold",1600,0.4,0.00572789974924806,0.00511963336887604,0.0120664370665174,-0.0264139012264482,0.0530574229603032,0.361875,0.0075,-0.0101
491,"A_threshold",2200,0.55,9.92063492063489e-05,-0.000498924060891632,0.00135633354129141,-0.0041607810157049,0.00505029952999372,0.673636363636364,0,-0.0101818181818182
491,"A_threshold",2800,0.7,-0.00633655604912464,-0.00651297125344982,0.00876233235169446,-0.0353867811468556,0.0257177199682626,0.776428571428571,0.0557142857142857,-0.0100714285714286
491,"A_threshold",3400,0.85,-0.00491438843915992,-0.00529545391883132,0.00715422409123928,-0.0273167779055975,0.0224590974828286,0.78,0.0141176470588235,-0.0100352941176471
491,"A_threshold",4000,1,-0.00691049713367163,-0.00739170220344849,0.00779205663866521,-0.0301101219446788,0.0271256741148604,0.8295,0.039,-0.00997
491,"B_smooth_logistic",1000,0.25,-0.0543082172328689,-0.0537821196583914,0.0169615449693959,-0.0854893366898661,-0.0272137786525675,1,1,-0.0368971954583423
491,"B_smooth_logistic",1600,0.4,-0.0411687769844879,-0.040701344027681,0.00704408757635132,-0.0540199432320124,-0.0297710304839526,1,1,-0.036718342828337
491,"B_smooth_logistic",2200,0.55,-0.0382590986034702,-0.0380259114201081,0.00063099971799179,-0.0390640484947087,-0.0369143041685315,1,1,-0.0368059662937141
491,"B_smooth_logistic",2800,0.7,-0.037769148951373,-0.0374415634733203,0.00274139781753702,-0.0423469839086767,-0.0329365054849859,1,1,-0.0370452907116352
491,"B_smooth_logistic",3400,0.85,-0.0383304058548185,-0.0380937401820214,0.00618810034445063,-0.0492967043950273,-0.027941134438064,1,1,-0.0372001593271441
491,"B_smooth_logistic",4000,1,-0.0418959309277353,-0.0418549448007556,0.0073666403845524,-0.0546559703464557,-0.0292478811490106,1,1,-0.0372629031091607
492,"A_threshold",1000,0.25,-0.0566337791771318,-0.0565360024376205,0.0309815058332383,-0.164252860633328,0.0860075562392261,0.961,0.893,-0.01008
492,"A_threshold",1600,0.4,-0.0336872751380248,-0.0345084680427733,0.015202281098336,-0.0717298728517882,0.0513341985779534,0.974375,0.845625,-0.0099
492,"A_threshold",2200,0.55,-0.0293584745958849,-0.0295848967960294,0.0144149375037971,-0.0776647181458896,0.0328086713850773,0.974545454545454,0.748181818181818,-0.00987272727272727
492,"A_threshold",2800,0.7,-0.0194707026157714,-0.0196989694215414,0.00982996966718857,-0.0504076048573664,0.0255833937521841,0.969285714285714,0.500357142857143,-0.00972857142857143
492,"A_threshold",3400,0.85,-0.0184831025425339,-0.0184847217361707,0.0128665618246581,-0.0641201000767985,0.0327925185504221,0.926470588235294,0.453235294117647,-0.00985882352941177
492,"A_threshold",4000,1,-0.0191739848813148,-0.0191789377698875,0.0132126658911957,-0.0657885487133637,0.0340592707625438,0.92825,0.47625,-0.00996
492,"B_smooth_logistic",1000,0.25,-0.0220326507957576,-0.0220295642612947,0.022652927998205,-0.0645863656710249,0.0136161557419098,0.782,0.494,-0.0373253029757196
492,"B_smooth_logistic",1600,0.4,-0.0276771336553945,-0.0286089686595491,0.0336277241277439,-0.0948810781425727,0.0204489518786837,0.733125,0.540625,-0.0373273111856254
492,"B_smooth_logistic",2200,0.55,-0.0294062321058777,-0.0296508974361037,0.0214287094302587,-0.0720937686143265,0.00207615448641287,0.952727272727273,0.609090909090909,-0.037230566929267
492,"B_smooth_logistic",2800,0.7,-0.0269576773665917,-0.0268254303556879,0.0238741425391753,-0.0733563811646064,0.00884965811009449,0.839642857142857,0.551428571428571,-0.0373830023256351
492,"B_smooth_logistic",3400,0.85,-0.0314116501006708,-0.0312106115649239,0.0282776384258805,-0.0885142977162134,0.00969860841460979,0.838529411764706,0.578235294117647,-0.037190585863779
492,"B_smooth_logistic",4000,1,-0.0268052714865617,-0.0267295771122306,0.0262161059410875,-0.0782089222493463,0.0129140223188132,0.79975,0.542,-0.0372458908325825
493,"A_threshold",1000,0.25,-0.0190768836822227,-0.0203497106956106,0.00294961070042756,-0.0333596023340808,-0.0103022219472505,1,0.527,-0.00968
493,"A_threshold",1600,0.4,-0.0231398139813981,-0.0234278817735345,0.00431001162184841,-0.0427003613260564,-0.00847722512514668,1,0.7875,-0.00955
493,"A_threshold",2200,0.55,-0.0135787929502676,-0.0135730903664793,0.00587605810966118,-0.0349941538840195,0.0127555843762987,0.986818181818182,0.13,-0.00963636363636364
493,"A_threshold",2800,0.7,-0.0217810525305936,-0.0217436961262141,0.00875430418156949,-0.0510639366439164,0.0210035705009649,0.989642857142857,0.599642857142857,-0.00958571428571429
493,"A_threshold",3400,0.85,-0.0209391363566526,-0.0209494981573858,0.0188500667769313,-0.0859308188731978,0.0692699582269822,0.868823529411765,0.531470588235294,-0.00965882352941176
493,"A_threshold",4000,1,-0.0238325101369704,-0.0238642971663075,0.0183108086804109,-0.0845481769096853,0.0675565537600491,0.90325,0.60425,-0.00975
493,"B_smooth_logistic",1000,0.25,-0.0303626955446436,-0.0300100537903196,0.00749510542617027,-0.0446732766968936,-0.01807307611761,1,0.906,-0.037293115451182
493,"B_smooth_logistic",1600,0.4,-0.0375283737392055,-0.0373542926293359,0.0153205024170471,-0.0683498417251987,-0.0142233944114861,1,0.851875,-0.036986076395143
493,"B_smooth_logistic",2200,0.55,-0.0470629558461952,-0.0468982109130509,0.0147884244615125,-0.0753066878052568,-0.0235024267099728,1,1,-0.0367905620328833
493,"B_smooth_logistic",2800,0.7,-0.0458255335844559,-0.045731402799609,0.0169711748760708,-0.0772301072350613,-0.0179614586821993,1,0.9575,-0.0369995497384391
493,"B_smooth_logistic",3400,0.85,-0.0442121260249571,-0.0441588261803649,0.0139730833590938,-0.0693194169888088,-0.02068301547094,1,1,-0.0371524389113116
493,"B_smooth_logistic",4000,1,-0.0445927787048669,-0.0445856177377088,0.00860742429928388,-0.0600233693849238,-0.0300083201667674,1,1,-0.0371439051245582
494,"A_threshold",1000,0.25,0.0080686475409836,0.00741050348735631,0.0271961835245089,-0.0520920462669831,0.139215657032491,0.435,0.143,-0.00956
494,"A_threshold",1600,0.4,0.0130657161296977,0.0129800168231621,0.0247744422968405,-0.0691431474555013,0.102082394981878,0.301875,0.09,-0.009775
494,"A_threshold",2200,0.55,0.00869892943246614,0.00877692416203069,0.0205844812970482,-0.0662079659735452,0.0745934222749416,0.329090909090909,0.0818181818181818,-0.0100909090909091
494,"A_threshold",2800,0.7,0.00591866931986326,0.00616483960409981,0.0163888069311954,-0.0631449119602982,0.0494274976837715,0.327142857142857,0.065,-0.0102
494,"A_threshold",3400,0.85,0.000793772724944949,0.000945932575667139,0.0144167541827537,-0.0557532675262385,0.0420168463558515,0.454117647058824,0.0794117647058823,-0.0101882352941176
494,"A_threshold",4000,1,0.000318528747219438,0.000359161793433079,0.0154866483098863,-0.0570333252467419,0.0473071587933283,0.4795,0.09925,-0.00998
494,"B_smooth_logistic",1000,0.25,-0.0423603026193134,-0.0423049844901961,0.0212931560551464,-0.0774611461573847,-0.00466748426846011,1,0.794,-0.0373315053996503
494,"B_smooth_logistic",1600,0.4,-0.037991299129913,-0.0379915154129003,0.0145326064297491,-0.0648984865058652,-0.0150194309400771,1,0.8675,-0.037022288950104
494,"B_smooth_logistic",2200,0.55,-0.0365059252077356,-0.0370105877598219,0.0132692663270794,-0.062395979768529,-0.0167989910464614,1,0.893181818181818,-0.0368468967465099
494,"B_smooth_logistic",2800,0.7,-0.0386361977894908,-0.0392055917233725,0.020556548095365,-0.0782971132924742,-0.00694528909498814,1,0.768571428571429,-0.0369859217768291
494,"B_smooth_logistic",3400,0.85,-0.0380491876113323,-0.0383459106120031,0.0223840007209782,-0.0793733230953508,-0.00125094832537813,1,0.732058823529412,-0.0370760672186094
494,"B_smooth_logistic",4000,1,-0.0343281373125493,-0.0346136878863885,0.0248929300091879,-0.0796787782638366,0.00698159231561797,0.90575,0.666,-0.0371759850273659
495,"A_threshold",1000,0.25,-0.0472078918992588,-0.046909561635459,0.0268213282117047,-0.0689359317300434,0.113310428771352,0.925,0.859,-0.00988
495,"A_threshold",1600,0.4,-0.0305074448312093,-0.0298327038870336,0.00613072909627199,-0.0386430879498801,0.00457347649544307,0.999375,0.916875,-0.0101
495,"A_threshold",2200,0.55,-0.0068326993587469,-0.00633764647485211,0.0107609669385651,-0.0302994219506138,0.0457308422580199,0.756363636363636,0.0718181818181818,-0.0101454545454545
495,"A_threshold",2800,0.7,-0.00128721840180436,-0.00100197107399928,0.00717998590570271,-0.0225536787089113,0.0294130424477495,0.585714285714286,0.000357142857142857,-0.0102714285714286
495,"A_threshold",3400,0.85,-0.00692948317402611,-0.0066369160880763,0.00418434080274502,-0.018727079462456,0.0116131024720058,0.927647058823529,0,-0.0101176470588235
495,"A_threshold",4000,1,-0.0015862255863517,-0.00133617550993279,0.00645027259169318,-0.0230558341903786,0.0273626551839699,0.60575,0.00025,-0.01036
495,"B_smooth_logistic",1000,0.25,-0.042,-0.0419706081125908,0.0159792205692734,-0.0692175559222962,-0.0143287316476322,1,0.901,-0.0373510036148022
495,"B_smooth_logistic",1600,0.4,-0.0288766243101174,-0.028961297567249,0.000949529097288881,-0.0306186507077306,-0.0273380246765497,1,1,-0.0372754574285273
495,"B_smooth_logistic",2200,0.55,-0.0379883881898386,-0.0379676698872273,0.00812090052868899,-0.0517053953606224,-0.0235902088904519,1,1,-0.0373650794025822
495,"B_smooth_logistic",2800,0.7,-0.0433419251876024,-0.0433687622345141,0.00539735542012825,-0.0527906101502108,-0.0341037215624021,1,1,-0.0372799795344773
495,"B_smooth_logistic",3400,0.85,-0.0434069498871097,-0.0434336233177476,0.00862416659825379,-0.0589577311709671,-0.0291997058336279,1,1,-0.0372590782281336
495,"B_smooth_logistic",4000,1,-0.0419015118844493,-0.0419222804789107,0.00626101668574748,-0.053008159450732,-0.0313339577920595,1,1,-0.0372061007018775
496,"A_threshold",1000,0.25,-0.0117667804870229,-0.0117659006858271,0.0282272239561965,-0.0901234547192549,0.121511020391367,0.674,0.424,-0.00956
496,"A_threshold",1600,0.4,-0.0191076529104698,-0.0192240941360267,0.0152139617490341,-0.0618973744715487,0.0468677976610568,0.896875,0.516875,-0.009625
496,"A_threshold",2200,0.55,-0.0153794510161881,-0.0154690829767524,0.0148874536830459,-0.0613527962317054,0.0428670417917284,0.850454545454545,0.398181818181818,-0.00965454545454546
496,"A_threshold",2800,0.7,-0.0235907345958138,-0.023728387111955,0.00734118234198609,-0.0449206154472797,0.00682429159247437,0.996785714285714,0.707857142857143,-0.00962857142857143
496,"A_threshold",3400,0.85,-0.0227879359493323,-0.0230153660998799,0.00149847985057805,-0.0264398448054708,-0.0158652578402072,1,0.959705882352941,-0.00962352941176471
496,"A_threshold",4000,1,-0.0183028598218472,-0.0184882716833337,0.00466897456892579,-0.0307475411566879,0.00205359014751172,0.9995,0.39875,-0.00972
496,"B_smooth_logistic",1000,0.25,-0.0333668591395221,-0.0333741678172336,0.000679091863052046,-0.0345872113706505,-0.0322107805334536,1,1,-0.0375712572477535
496,"B_smooth_logistic",1600,0.4,-0.0274458139742045,-0.0274418715150471,0.00503071443185411,-0.0359118075137166,-0.0183309199426843,1,0.900625,-0.0372300203020419
496,"B_smooth_logistic",2200,0.55,-0.0370385062942981,-0.0371703377772323,0.00336439997385897,-0.0431673246092764,-0.0314780319387842,1,1,-0.0373389778324686
496,"B_smooth_logistic",2800,0.7,-0.0447296245742496,-0.0447359136506149,0.00509130400848841,-0.0536303650978222,-0.0359714556902289,1,1,-0.0373420831783038
496,"B_smooth_logistic",3400,0.85,-0.0430259664169337,-0.0429831174370648,0.00389640051545243,-0.0499037301377075,-0.0363597622465065,1,1,-0.0373360444825265
496,"B_smooth_logistic",4000,1,-0.044737768954918,-0.0446729262437647,0.00589356943098604,-0.0550034306087959,-0.0345880319268169,1,1,-0.0373775065361721
497,"A_threshold",1000,0.25,-0.0333945747325192,-0.0333647982181909,0.0215554394245108,-0.142320293467709,0.0127052614095396,0.967,0.709,-0.0106
497,"A_threshold",1600,0.4,-0.0169708223143338,-0.0172002523892234,0.0119485355551652,-0.0778019942400109,0.00926810525612794,0.946875,0.37125,-0.01025
497,"A_threshold",2200,0.55,-0.0227204538635682,-0.0227362516541425,0.00270260152800134,-0.03394024177613,-0.0149991494986946,1,0.841363636363636,-0.0101272727272727
497,"A_threshold",2800,0.7,-0.0242137100477356,-0.0241833302057101,0.00497977358262841,-0.0415763486873522,-0.00335163185925219,1,0.807857142857143,-0.00992857142857143
497,"A_threshold",3400,0.85,-0.0164309379838926,-0.0163834708712359,0.00823433873238317,-0.045166328859348,0.0178975959340162,0.970588235294118,0.338823529411765,-0.0102588235294118
497,"A_threshold",4000,1,-0.018206974764956,-0.0180752195622657,0.000863325236678683,-0.0208380084194354,-0.0142129431696889,1,0.0065,-0.01027
497,"B_smooth_logistic",1000,0.25,-0.0446108550947261,-0.0444662998640306,0.0299647533521605,-0.0940464898745939,0.00936914045397905,0.916,0.738,-0.0372786480578662
497,"B_smooth_logistic",1600,0.4,-0.0474120419273584,-0.0475428961228785,0.0321052142826074,-0.103959581421245,0.00692547753054425,0.933125,0.741875,-0.037038189985377
497,"B_smooth_logistic",2200,0.55,-0.0486240594543844,-0.0489489139743771,0.032070558805573,-0.106994134358688,0.00446811933514964,0.956363636363636,0.753636363636364,-0.0370132624575836
497,"B_smooth_logistic",2800,0.7,-0.0455806355003242,-0.0456027789954411,0.0269184042352253,-0.0919143099718367,0.00151208167506305,0.989642857142857,0.77,-0.0371004100551177
497,"B_smooth_logistic",3400,0.85,-0.0474885614033145,-0.047500644809334,0.0185131637261989,-0.0796534906078063,-0.015131461775807,1,0.924705882352941,-0.037064147666119
497,"B_smooth_logistic",4000,1,-0.0464281544516722,-0.0463964902353875,0.0160095705643071,-0.073450528716437,-0.0178673151763852,1,0.96325,-0.0371254982923664
498,"A_threshold",1000,0.25,0.00419351333513095,0.00438388955323986,0.0233443108264448,-0.0686011459883461,0.0837750482729984,0.443,0.145,-0.00976
498,"A_threshold",1600,0.4,-0.00844835792479771,-0.00837985025621513,0.0216511597705622,-0.0764391331281456,0.0685772216493053,0.671875,0.294375,-0.010125
498,"A_threshold",2200,0.55,-0.00751303586355132,-0.00760846813269785,0.0189150555197622,-0.0679772257153296,0.0634611368705875,0.675,0.252272727272727,-0.00992727272727273
498,"A_threshold",2800,0.7,-0.0114486728493764,-0.0115147500397549,0.0123388292878354,-0.0540023834088732,0.031464589587643,0.828214285714286,0.238928571428571,-0.00995714285714286
498,"A_threshold",3400,0.85,-0.0191749120362718,-0.0192967733279567,0.0181966886072868,-0.0807013031770573,0.0511619025210644,0.857941176470588,0.496176470588235,-0.00997647058823529
498,"A_threshold",4000,1,-0.0133911435316953,-0.013637407434755,0.0170393272010035,-0.0687606212390224,0.0564798204666163,0.7925,0.3575,-0.01009
498,"B_smooth_logistic",1000,0.25,-0.0274647182464218,-0.0271475640632663,0.00703573542356994,-0.0403495377208353,-0.016126237872827,1,0.793,-0.0367489421412717
498,"B_smooth_logistic",1600,0.4,-0.03375,-0.034028894964221,0.00171749594389499,-0.036382833291963,-0.0304542625106074,1,1,-0.0368510129607979
498,"B_smooth_logistic",2200,0.55,-0.0403959413940609,-0.0407656850996876,0.0083766215569655,-0.0561011545218166,-0.0271521122751168,1,1,-0.0368941712715274
498,"B_smooth_logistic",2800,0.7,-0.0410588620049786,-0.0417000102894109,0.000379433791117316,-0.0420312551684645,-0.0406076372166463,1,1,-0.036872874000512
498,"B_smooth_logistic",3400,0.85,-0.0341132277080268,-0.0342830718273267,0.00384086091398718,-0.0403589888568905,-0.0270457289696479,1,1,-0.0368429095134794
498,"B_smooth_logistic",4000,1,-0.0323233080827021,-0.0323448840750932,0.00278979198630033,-0.0366882365120431,-0.0269983818576573,1,1,-0.0369808116700972
499,"A_threshold",1000,0.25,-0.0119298245614035,-0.0119117299124182,0.000786353398647446,-0.0145803855769531,-0.00919997194271913,1,0,-0.00992
499,"A_threshold",1600,0.4,0.0029146395677192,0.00335177491963815,1.94743652526347e-05,0.00317996518004754,0.00336583640192671,0,0,-0.00985
499,"A_threshold",2200,0.55,-0.0120937863872129,-0.0112959285459135,0.0132043485687842,-0.0660739640495153,0.0250487299431785,0.808636363636364,0.245909090909091,-0.0100181818181818
499,"A_threshold",2800,0.7,-0.0111520540262773,-0.0105564525925118,0.0111054490730232,-0.0550809219985829,0.0246453494263757,0.837857142857143,0.197142857142857,-0.00978571428571429
499,"A_threshold",3400,0.85,-0.00830478563272086,-0.00775308366876425,0.00848450455722511,-0.04371227037017,0.0186140531753682,0.825294117647059,0.0791176470588235,-0.00982352941176471
499,"A_threshold",4000,1,-0.00881935803713595,-0.00849125441855434,0.000283923350944136,-0.00934081863586579,-0.00727596920204222,1,0,-0.00981
499,"B_smooth_logistic",1000,0.25,-0.0372861810493946,-0.0377829749748363,0.00627629457394011,-0.0504391328282528,-0.0279259960482827,1,1,-0.0361341463084585
499,"B_smooth_logistic",1600,0.4,-0.0367205484936443,-0.0370534848272802,0.0203873454305933,-0.0768642988113602,-0.00509177509819449,1,0.731875,-0.0363334149008108
499,"B_smooth_logistic",2200,0.55,-0.0285383597883598,-0.0287197661711586,0.0249684321581161,-0.0750355174805976,0.0123785862158866,0.837272727272727,0.598636363636364,-0.0365328174485295
499,"B_smooth_logistic",2800,0.7,-0.0325987537872292,-0.0326787221177321,0.0317433254549927,-0.0921371327929446,0.018478603315586,0.801785714285714,0.612142857142857,-0.0367335914785683
499,"B_smooth_logistic",3400,0.85,-0.0315822515609259,-0.0316479353111045,0.0303791843906415,-0.0861712422663046,0.0194978167076619,0.804705882352941,0.614411764705882,-0.0369011836994076
499,"B_smooth_logistic",4000,1,-0.0334337081303586,-0.0335211665016988,0.0269438198358763,-0.0812631785091211,0.0121946160857164,0.85425,0.6445,-0.0369291503730955
500,"A_threshold",1000,0.25,-0.029427893255841,-0.0300516980434774,0.016257488748273,-0.0899305005929865,0.01518794644063,0.981,0.729,-0.00944
500,"A_threshold",1600,0.4,-0.0274620102347748,-0.0277168023784136,0.000641481407846364,-0.0283491105241529,-0.0238475993778598,1,1,-0.010025
500,"A_threshold",2200,0.55,-0.0205819307716735,-0.0207779830560826,0.00892457044925361,-0.0433062249276654,0.0181754364127545,0.98,0.570454545454545,-0.0101090909090909
500,"A_threshold",2800,0.7,-0.024390243902439,-0.0246120576952742,0.00867226789896773,-0.0480668928540154,0.0186824631964051,0.9925,0.717142857142857,-0.0100714285714286
500,"A_threshold",3400,0.85,-0.0135243632336656,-0.0137057731015945,0.0131996065689747,-0.052612879911149,0.0480553465250663,0.854117647058824,0.327058823529412,-0.00990588235294118
500,"A_threshold",4000,1,-0.0153797536079268,-0.0154794220593764,0.00540724392951763,-0.0306087986379878,0.0109118661713595,0.99175,0.1985,-0.00983
500,"B_smooth_logistic",1000,0.25,-0.0348044261451364,-0.0348897747535539,0.0454432596332589,-0.112639047222957,0.0514986039427021,0.733,0.613,-0.0375538402882166
500,"B_smooth_logistic",1600,0.4,-0.0257964512551669,-0.0258865062954027,0.0319762801332487,-0.0811735650325852,0.031209522135698,0.74625,0.560625,-0.037282097353038
500,"B_smooth_logistic",2200,0.55,-0.0362339574132819,-0.0363048623301477,0.0301307227190189,-0.0860045634454673,0.0210028144915876,0.851363636363636,0.675909090909091,-0.0373910896415015
500,"B_smooth_logistic",2800,0.7,-0.0388673072991208,-0.0390060181420922,0.0313243621213348,-0.0912184103445034,0.0188697696501904,0.858571428571429,0.685,-0.0372653139683566
500,"B_smooth_logistic",3400,0.85,-0.0417609351432881,-0.0418264398908127,0.031792985840093,-0.097565365695524,0.0140870977787463,0.880588235294118,0.7,-0.0373705337811205
500,"B_smooth_logistic",4000,1,-0.0396288293454078,-0.0397293667543401,0.0320236710593275,-0.0959648335489101,0.0167202995039459,0.86325,0.684,-0.0372076371842805
