"id","X","treatment","outcome","p_control","p_treatment","true_CATE"
1,-0.9653464644216,1,0,0.0839158381644809,0.0690940307616735,-0.0148218074028074
2,0.0866711759008467,1,1,0.101570934207987,0.0626265944711323,-0.0389443397368546
3,0.968292574863881,1,0,0.118829016488619,0.0576463425204265,-0.0611826739681921
4,0.398720265366137,1,0,0.107409380376937,0.0608195354946261,-0.0465898448823108
5,-0.27836077241227,0,1,0.0950998914823393,0.0648040183659107,-0.0302958731164286
6,0.028959340415895,0,1,0.100522477114323,0.0629662453307707,-0.037556231783552
7,-0.464323872234672,0,0,0.0919470894264558,0.0659402000654799,-0.0260068893609759
8,0.618398394435644,0,0,0.111694832490657,0.0595767626516132,-0.0521180698390441
9,-0.552164207678288,0,0,0.0904907593759098,0.0664832942660703,-0.0240074651098395
10,0.754812878090888,0,0,0.114430630455372,0.0588170443265507,-0.0556135861288213
11,-0.767969824839383,0,0,0.0870007323277186,0.067835250205757,-0.0191654821219616
12,-0.588875606190413,0,1,0.0898882879131051,0.066711500128061,-0.0231767877850441
13,0.640345737338066,0,1,0.112131094486763,0.0594539162511984,-0.0526771782355645
14,-0.463702356442809,1,0,0.0919574683743836,0.0659363721230855,-0.0260210962512981
15,0.431574281770736,0,0,0.108040967398974,0.0606321422012226,-0.0474088251977515
16,0.420704870950431,0,0,0.10783165290237,0.0606940794661665,-0.0471375734362032
17,-0.995623252820224,0,0,0.0834515100894705,0.0692890254528113,-0.0141624846366592
18,-0.0748939625918865,1,0,0.09865996258492,0.0635817836039773,-0.0350781789809428
19,-0.581612970679998,0,0,0.0900071876149294,0.0666662964047705,-0.0233408912101589
20,-0.415652478579432,0,0,0.0927630665295733,0.065641055351739,-0.0271220111778343
21,0.158592423889786,1,0,0.102891101795695,0.0622057101177618,-0.0406853916779333
22,0.910379798151553,1,0,0.117621566702233,0.0579617506258926,-0.0596598160763403
23,0.391524084843695,0,0,0.107271475006395,0.0608606534449143,-0.0464108215614809
24,-0.283630257938057,0,0,0.0950092361093392,0.0648359611216686,-0.0301732749876706
25,0.678127151913941,1,0,0.112885588442568,0.0592429971138004,-0.0536425913287676
26,-0.362405060324818,0,1,0.0936632018834578,0.0653152310027531,-0.0283479708807047
27,0.695579457562417,1,0,0.113235604298964,0.0591458045046991,-0.0540897997942651
28,-0.934957150369883,0,0,0.0843842507372251,0.0688988223293301,-0.015485428407895
29,0.998955079820007,1,0,0.119472645065582,0.0574799996059846,-0.061992645459597
30,-0.340037945657969,1,0,0.0940436434751698,0.0651788143552578,-0.0288648291199119
31,-0.307371315546334,0,0,0.0946017574412541,0.0649800573194543,-0.0296217001217998
32,-0.145467389374971,0,0,0.0974118884102904,0.0640032681236332,-0.0334086202866572
33,0.230454464443028,0,0,0.104225332104021,0.0617878111117591,-0.0424375209922616
34,0.703334158286452,0,0,0.11339143276267,0.0591026662229279,-0.0542887665397418
35,0.0555762038566172,0,0,0.101004828890027,0.0628093844117476,-0.0381954444782798
36,0.50343030737713,0,0,0.109433714640567,0.0602241696192316,-0.0492095450213357
37,0.644876330625266,1,0,0.112221337297357,0.0594285866155648,-0.0527927506817917
38,-0.346054788678885,1,0,0.0939411672216418,0.0652154848954234,-0.0287256823262183
39,-0.794217351358384,1,0,0.086584658716983,0.068001411226557,-0.018583247490426
40,0.541791630443186,1,0,0.110183681645022,0.0600074211277166,-0.0501762605173056
41,-0.571303462143987,0,0,0.0901762123448576,0.0666021773330853,-0.0235740350117723
42,-0.592267777770758,1,0,0.0898328017385832,0.0667326232577284,-0.0231001784808548
43,0.778677905909717,1,0,0.114915199839311,0.0586850722749954,-0.0562301275643152
44,0.498997905291617,0,0,0.10934734996034,0.0602492606728864,-0.0490980892874539
45,-0.586354333441705,0,0,0.0899295486946311,0.0666958041274438,-0.0232337445671873
46,-0.721343681681901,0,0,0.087744308560073,0.0675410096147998,-0.0202032989452732
47,-0.462165155913681,0,0,0.0919831432412258,0.0659269053262544,-0.0260562379149714
48,0.770052301231772,1,0,0.114739854840505,0.0587327392358576,-0.0560071156046478
49,0.0969533864408731,0,1,0.101758747168621,0.0625662604025592,-0.0391924867660614
50,0.894915146287531,1,0,0.11730094101107,0.0580462487515878,-0.059254692259482
51,0.0207561943680048,0,0,0.100374232372391,0.0630146624757755,-0.0373595698966154
52,0.634363851509988,1,0,0.112012041172705,0.0594873752635921,-0.0525246659091132
53,0.790055428165942,1,0,0.115146843587555,0.0586222530999224,-0.0565245904876325
54,-0.680790661368519,0,0,0.0883956982920697,0.0672860573218205,-0.0211096409702493
55,0.2659572949633,1,0,0.104890123503601,0.0615823208409935,-0.0433078026626079
56,0.387269143015146,1,0,0.107190007928249,0.0608849778049933,-0.0463050301232552
57,0.950762608554214,1,0,0.118462398874462,0.0577416448574002,-0.0607207540170618
58,0.243441760540009,1,0,0.104468086579664,0.0617125664893521,-0.0427555200903116
59,0.852852771058679,1,0,0.116432701683191,0.0582766606907014,-0.0581560409924893
60,-0.241301132831722,0,0,0.0957396486659378,0.0645797823395893,-0.0311598663263484
61,0.990200103260577,1,0,0.119288564928502,0.0575274489901697,-0.0617611159383324
62,-0.648419193923473,0,0,0.0889188013172386,0.0670831827377818,-0.0218356185794568
63,-0.561768344137818,1,0,0.0903327954013233,0.0665429254967035,-0.0237898699046199
64,0.0181832094676793,1,0,0.100327774208146,0.0630298560683843,-0.0372979181397618
65,0.379480933770537,1,0,0.10704103230218,0.0609295244580417,-0.0461115078441385
66,0.309731137473136,0,0,0.105714940685849,0.0613298370244703,-0.0443851036613783
67,-0.827191411051899,0,0,0.08606450985936,0.0682106895698793,-0.0178538202894807
68,0.280609887093306,0,1,0.105165583312557,0.0614976979775306,-0.0436678853350266
69,-0.660409696865827,0,0,0.0887247172212661,0.0671582619012914,-0.0215664553199748
70,0.961687875445932,0,0,0.11869077224192,0.0576822318728948,-0.0610085403690249
71,-0.788257022388279,1,0,0.0866789829987112,0.0679636460440345,-0.0187153369546767
72,0.786667467094958,0,1,0.115077823040881,0.0586409525911007,-0.0564368704497806
73,-0.556308138649911,0,0,0.0904225716103662,0.0665090174757378,-0.0239135541346284
74,0.400273273698986,0,0,0.107439162199283,0.0608106652353498,-0.0466284969639329
75,-0.984788127243519,0,0,0.0836174097979007,0.0692191844341689,-0.0143982253637318
76,-0.861146012321115,1,0,0.0855318530076445,0.0684268148541081,-0.0171050381535365
77,0.346543521620333,0,0,0.106413007307194,0.0611182556056203,-0.0452947517015739
78,-0.318181946873665,1,0,0.0944167286834443,0.065045771072056,-0.0293709576113883
79,-0.807878578081727,0,0,0.0863688155053842,0.0680880433963827,-0.0182807721090015
80,0.986210471019149,1,0,0.119204761193121,0.0575490838137687,-0.0616556773793522
81,0.817740821279585,1,0,0.115712209047989,0.0584696559297288,-0.0572425531182598
82,0.148648777976632,1,0,0.102707678015109,0.0622637427878216,-0.0404439352272877
83,0.0452870614826679,0,0,0.100818125553848,0.0628699780472207,-0.0379481475066277
84,0.357371128629893,0,0,0.106619100753602,0.0610561532665786,-0.0455629474870235
85,0.848482669331133,1,0,0.116342815994053,0.0583006486539737,-0.0580421673400791
86,-0.116052641998976,0,0,0.0979303603298327,0.0638272794660166,-0.0341030808638161
87,0.458745444659144,1,0,0.108565770696253,0.0604775710611145,-0.0480881996351381
88,-0.766422037500888,1,0,0.0870253241179777,0.0678254636393603,-0.0191998604786175
89,0.55356463463977,0,0,0.11041474631406,0.0599410480847749,-0.0504736982292853
90,0.108306861948222,1,0,0.101966485332057,0.0624997033739676,-0.0394667819580889
91,-0.996923851314932,1,0,0.0834316163772162,0.0692974132295764,-0.0141342031476398
92,-0.753020004369318,0,0,0.0872385234342105,0.0677407781195651,-0.0194977453146454
93,-0.273844186682254,0,0,0.0951776556914625,0.064776651222838,-0.0304010044686245
94,-0.288864019792527,0,0,0.0949192718896262,0.0648677018306034,-0.0300515700590228
95,-0.634129606187344,1,0,0.0891505998100761,0.0669938094722619,-0.0221567903378142
96,0.203421197365969,0,0,0.103721632949696,0.061944708940976,-0.0417769240087199
97,0.747330732177943,1,0,0.114279075388863,0.0588584773654213,-0.0554205980234412
98,-0.717649792321026,1,0,0.0878034622292291,0.0675177495030886,-0.0202857127261405
99,0.182188614737242,0,0,0.103327525894948,0.062068201116311,-0.0412593247786371
100,0.997724152635783,0,0,0.119446749046593,0.0574866686464211,-0.0619600804001717
101,0.377036008052528,0,0,0.106994302493212,0.0609435151200725,-0.0460507873731394
102,-0.669869848061353,1,0,0.0885718605683969,0.0672175521581002,-0.0213543084102967
103,-0.974928588140756,1,0,0.0837686324117346,0.0691556884789199,-0.0146129439328146
104,-0.624806036241353,0,0,0.0893021358022679,0.0669355554249027,-0.0223665803773653
105,0.123737569432706,0,0,0.102249428553475,0.062409350487413,-0.0398400780660622
106,0.203821841627359,0,0,0.103729082241249,0.0619423809357089,-0.0417867013055405
107,0.0043029896914959,1,0,0.100077480481482,0.0631118783471615,-0.0369656021343205
108,0.524021426215768,1,0,0.109835714420852,0.06010773509112,-0.049727979329732
109,-0.135132888332009,0,0,0.0975937673680434,0.063941385272203,-0.0336523820958405
110,0.868263195734471,0,0,0.116750149678042,0.0581921450703713,-0.0585580046076707
111,0.614596616011113,1,0,0.111619412957543,0.0595980665838757,-0.0520213463736673
112,-0.299965891987085,1,1,0.0947286918933177,0.0649350781986857,-0.0297936136946321
113,0.747707670554519,1,0,0.11428670630363,0.0588563893817798,-0.0554303169218498
114,0.924163092393428,1,0,0.117907973035957,0.0578865366640229,-0.0600214363719337
115,0.799144381191581,0,0,0.115332184334081,0.0585721152075513,-0.0567600691265295
116,-0.169037229847163,0,0,0.0969982089196519,0.0641446127985455,-0.0328535961211063
117,-0.636279862374067,0,0,0.0891156846277777,0.0670072510374085,-0.0221084335903692
118,-0.0847503058612347,0,1,0.0984848038382747,0.0636404926734309,-0.0348443111648438
119,0.524157147388905,0,0,0.10983836839046,0.0601069683417087,-0.0497314000487511
120,0.796760918572545,1,0,0.11528355599355,0.0585852593423543,-0.0566982966511958
121,0.592528325971216,1,0,0.111182501989009,0.0597218710990076,-0.0514606308900009
122,-0.0600178246386349,1,0,0.0989248542983832,0.0634932698387456,-0.0354315844596376
123,-0.583280903287232,0,0,0.0899798686493489,0.0666766753487179,-0.023303193300631
124,0.485501827206463,1,0,0.10908474904333,0.0603257198713299,-0.0487590291719997
125,-0.00436908518895507,1,0,0.0999213839500187,0.0631631746901014,-0.0367582092599173
126,0.418147852178663,0,0,0.107782463688243,0.0607086587466183,-0.0470738049416243
127,0.50103641487658,0,0,0.109387062581221,0.0602377198115133,-0.0491493427697072
128,0.405278051737696,1,0,0.107535187550654,0.0607820878645842,-0.0467530996860702
129,0.962763006333262,0,0,0.118713266528079,0.0576763882777145,-0.0610368782503644
130,-0.768010104075074,0,0,0.0870000924409805,0.0678355049064251,-0.0191645875345554
131,-0.0060544814914465,0,0,0.0998910721066169,0.0631731485190451,-0.0367179235875718
132,-0.604884791187942,1,0,0.0896266945281912,0.0668112442033795,-0.0228154503248117
133,0.289171795360744,0,0,0.105326837315128,0.0614483008467438,-0.0438785364683839
134,-0.537581258453429,0,0,0.0907310879546937,0.0663928449182827,-0.024338243036411
135,0.0725888293236494,1,0,0.101314207588664,0.0627093151244183,-0.0386048924642454
136,0.12474839668721,0,1,0.102267987718809,0.0624034359516334,-0.0398645517671759
137,-0.807503214105964,0,0,0.0863747396267913,0.0680856616731799,-0.0182890779536115
138,-0.783706725109369,0,0,0.0867510556310641,0.0679348280388131,-0.018816227592251
139,0.838056141044945,0,0,0.116128603087992,0.0583579184188474,-0.0577706846691448
140,0.662427589297295,0,0,0.112571531960441,0.0593305564716346,-0.0532409754888065
141,-0.407764903735369,0,0,0.0928959124762044,0.065592695606139,-0.0273032168700654
142,-0.389762066304684,1,0,0.0931997638979525,0.0654824419408056,-0.0277173219571469
143,0.805095716845244,0,0,0.11545368370385,0.058539307316045,-0.0569143763878051
144,-0.467824551742524,1,0,0.0918886498022785,0.0659617647587831,-0.0259268850434954
145,0.235937004908919,0,0,0.104327749180343,0.0617560364169006,-0.0425717127634428
146,0.0225391867570579,1,0,0.100406437535094,0.0630041358287392,-0.0374023017063543
147,0.282102757599205,1,0,0.105193684174778,0.0614890823302786,-0.0437046018444997
148,0.673284912016243,1,0,0.112788642059071,0.0592699902579418,-0.0535186518011293
149,-0.468105262611061,1,0,0.0918839651188665,0.0659634942622636,-0.0259204708566029
150,-0.0744623397476971,1,0,0.0986676393645419,0.0635792138070725,-0.0350884255574693
151,-0.462452007457614,1,0,0.0919783516564255,0.0659286717957901,-0.0260496798606354
152,0.423074733931571,0,0,0.107877259432462,0.0606805702107805,-0.0471966892216819
153,-0.681048478465527,0,0,0.0883915433020103,0.0672876753650075,-0.0211038679370028
154,-0.291769955307245,0,0,0.0948693540893667,0.064885331430542,-0.0299840226588247
155,-0.269696646835655,0,1,0.0952491159725668,0.0647515296974443,-0.0304975862751225
156,0.108016777783632,1,0,0.101961172892728,0.0625014030999119,-0.0394597697928158
157,-0.598473785445094,0,0,0.0897313691918488,0.0667712842830775,-0.0229600849087713
158,-0.722871080506593,1,0,0.0877198594366934,0.0675506296891335,-0.0201692297475599
159,-0.0237442296929657,1,0,0.0995734149818178,0.063277921455239,-0.0362954935265788
160,0.173643230926245,0,0,0.103169285628745,0.0621179673210756,-0.0410513183076692
161,-0.481680091004819,1,0,0.0916576757199595,0.0660471812133312,-0.0256104945066283
162,0.294317706953734,1,0,0.105423859751016,0.0614186298325345,-0.0440052299184817
163,-0.739589299540967,0,0,0.0874526526527992,0.0676560098046848,-0.0197966428481143
164,0.787475753109902,0,0,0.115094286413246,0.058636490834354,-0.0564577955788917
165,-0.0913969893008471,0,0,0.0983668409328965,0.0636801120023723,-0.0346867289305242
166,0.153373076114804,0,0,0.102794787848137,0.0622361647465125,-0.0405586231016247
167,0.860928213689476,0,0,0.116598958695865,0.0582323580702741,-0.0583666006255905
168,-0.552568725775927,0,0,0.0904841010521027,0.0664858048815209,-0.0239982961705818
169,-0.123038945253938,0,0,0.0978069956430086,0.0638690376968845,-0.0339379579461241
170,-0.98893831577152,0,0,0.0835538296894484,0.0692459280036146,-0.0143079016858339
171,0.917587937787175,1,0,0.117771271054282,0.057922405145967,-0.0598488659083148
172,0.709167152643204,0,0,0.113508768305674,0.0590702375497735,-0.0544385307559007
173,0.913656860589981,0,1,0.117689606873081,0.0579438597403938,-0.0597457471326868
174,0.271390331443399,0,0,0.104992186899732,0.0615509308342145,-0.0434412560655174
175,-0.127061307895929,1,0,0.097736031318348,0.0638930915355106,-0.0338429397828374
176,0.521798172034323,1,0,0.109792247636395,0.0601202965485513,-0.0496719510878436
177,-0.950839270837605,0,1,0.0841391527163355,0.0690007787366792,-0.0151383739796563
178,0.983475216198713,0,1,0.11914733554877,0.0575639208619344,-0.061583414686836
179,-0.771061680279672,0,0,0.0869516266622729,0.0678548037423212,-0.0190968229199516
180,-0.59565229061991,0,0,0.0897774716062713,0.0667537048852045,-0.0230237667210668
181,0.253808330744505,1,1,0.104662213576043,0.0616525670373571,-0.0430096465386863
182,0.421263337135315,0,0,0.10784239870783,0.0606908957113457,-0.0471515029964843
183,-0.704973049461842,0,0,0.0880067408036746,0.0674379816103051,-0.0205687591933695
184,0.591713215224445,0,0,0.111166393005928,0.059726448531469,-0.0514399444744585
185,-0.673863088712096,1,0,0.0885074093729798,0.0672425938459366,-0.0212648155270432
186,0.332828529179096,1,0,0.106152459011673,0.0611970034802947,-0.0449554555313778
187,-0.758053727913648,1,0,0.0871583917084568,0.0677725739906319,-0.0193858177178249
188,0.655872338451445,0,0,0.11244062563185,0.0593671521861351,-0.0530734734457153
189,0.310624168720096,0,0,0.105731827183345,0.0613246961799916,-0.0444071310033538
190,-0.739458987955004,0,0,0.0874547325702073,0.0676551878211091,-0.0197995447490982
191,-0.532552974298596,1,0,0.090814087749384,0.0663616839765611,-0.0244524037728228
192,-0.507857980206609,0,1,0.0912227105008129,0.0662088429496849,-0.025013867551128
193,-0.931750431656837,1,0,0.0844338164410517,0.0688782535033704,-0.0155555629376813
194,0.534040005411953,1,0,0.110031774595778,0.0600511602708539,-0.0499806143249237
195,-0.193097102455795,0,0,0.0965775467801298,0.0642891959589699,-0.03228835082116
196,0.683978158049285,1,0,0.113002828336302,0.0592103959549531,-0.0537924323813489
197,0.303773360326886,1,0,0.105602344791468,0.0613641440118671,-0.0442382007796005
198,0.702007632236928,1,0,0.113364763353201,0.0591100434048631,-0.0542547199483377
199,-0.301092585548759,0,0,0.0947093696990978,0.0649419196498953,-0.0297674500492025
200,0.47472682595253,1,0,0.108875491134046,0.0603868285559759,-0.0484886625780705
201,-0.610261596273631,0,0,0.0895389905022218,0.0668447750489841,-0.0226942154532377
202,-0.274070187937468,1,0,0.0951737631681658,0.0647780203662982,-0.0303957428018676
203,-0.564550440758467,1,0,0.090287083298897,0.066560208564091,-0.023726874734806
204,0.222548918332905,0,0,0.1040778082787,0.0618336555033507,-0.0422441527753493
205,0.641380709130317,1,0,0.112151704026113,0.0594481290409807,-0.0527035749851323
206,-0.0816985019482672,0,0,0.0985390083365444,0.0636223092794273,-0.0349166990571171
207,-0.3870506323874,1,0,0.0932456046002966,0.0654658514135012,-0.0277797531867954
208,-0.199194086249918,0,1,0.0964712063429916,0.0643258827775472,-0.0321453235654444
209,-0.965244102757424,1,0,0.0839174119673926,0.069093372373886,-0.0148240395935066
210,-0.504837992601097,0,0,0.0912727949407228,0.0661901742520537,-0.0250826206886691
211,-0.224910805467516,0,0,0.0960238188166857,0.0644808402613394,-0.0315429785553464
212,-0.0637945802882314,0,0,0.0988575436549786,0.0635157308384068,-0.0353418128165718
213,0.824741753749549,0,0,0.115855557290434,0.058431127039039,-0.0574244302513948
214,0.334450167138129,0,0,0.106183236479124,0.0611876875201292,-0.0449955489589952
215,-0.794905298389494,0,1,0.0865737776985983,0.068005771373121,-0.0185680063254773
216,-0.987867288757116,0,0,0.0835702334145783,0.0692390254534144,-0.0143312079611639
217,-0.408144203945994,1,0,0.0928895202314396,0.0655950203865824,-0.0272944998448572
218,0.10897169355303,1,0,0.101978661612222,0.0624958080068424,-0.0394828536053795
219,-0.0306161153130233,1,0,0.0994502581188926,0.0633186659768211,-0.0361315921420715
220,0.40225594677031,0,0,0.107477194197855,0.0607993426344948,-0.0466778515633602
221,0.17374957120046,0,0,0.103171253480297,0.0621173477926959,-0.0410539056876012
222,-0.576092097442597,0,0,0.0900976669774811,0.0666319526989815,-0.0234657142784997
223,0.0164131103083491,1,0,0.100295824151464,0.0630403105681146,-0.0372555135833497
224,0.767508393153548,0,0,0.114688185669911,0.0587468043537237,-0.055941381316187
225,0.0210232092067599,0,0,0.100379054723019,0.0630130859367024,-0.0373659687863161
226,0.738998753484339,0,0,0.114110512250097,0.0589046486269687,-0.0552058636231283
227,-0.0650166966952384,1,0,0.0988357714078641,0.0635230005557908,-0.0353127708520733
228,0.246101653669029,0,0,0.104517866050069,0.0616971664061914,-0.0428206996438774
229,0.689979122020304,0,0,0.113123183374633,0.0591769767111549,-0.053946206663478
230,0.59852990694344,0,0,0.111301173749864,0.0596881780234556,-0.0516129957264081
231,0.709107358474284,0,0,0.113507564959233,0.0590705698922886,-0.0544369950669446
232,0.442748046945781,1,0,0.108256515055693,0.0605685322674303,-0.0476879827882628
233,-0.951678652316332,1,0,0.0841262171131041,0.0690061710907831,-0.015120046022321
234,-0.663081796374172,0,0,0.0886815174564631,0.0671750040145302,-0.0215065134419329
235,-0.0842866241000593,1,0,0.0984930377926439,0.0636377296320848,-0.034855308160559
236,-0.734128900803626,0,0,0.0875398450088555,0.0676215744636706,-0.0199182705451849
237,-0.744694977998734,0,0,0.0873711955616183,0.0676882228574957,-0.0196829727041226
238,0.979834086727351,0,0,0.119070928526972,0.0575836772868081,-0.0614872512401643
239,0.292035205289721,0,0,0.105380815109608,0.0614317889460122,-0.0439490261635962
240,0.546971352305263,0,0,0.110285290008841,0.0599782107715855,-0.0503070792372558
241,0.234234261326492,0,0,0.104295931414208,0.0617659032289082,-0.0425300281853001
242,0.454984825104475,1,0,0.108493002139667,0.0604989424465576,-0.0479940596931091
243,-0.981187682133168,1,0,0.0836726035535384,0.0691959911239375,-0.0144766124296009
244,0.853422380983829,1,0,0.116444422047995,0.0582735347220886,-0.0581708873259066
245,0.212405200581998,1,0,0.103888788722378,0.0618925256288109,-0.0419962630935675
246,-0.223802580498159,0,0,0.0960430600441671,0.0644741554316934,-0.0315689046124737
247,0.919947428628802,1,0,0.117820310684184,0.0579095313607776,-0.0599107793234068
248,0.6894307192415,0,0,0.113112179994053,0.0591800300208461,-0.0539321499732072
249,-0.389793291222304,0,0,0.0931992361134541,0.0654826330203612,-0.0277166030930929
250,-0.349024144466966,1,0,0.0938906313390143,0.0652335891456824,-0.0286570421933319
251,-0.158906231634319,0,0,0.0971758278235889,0.0640838231815269,-0.033092004642062
252,0.734599348623306,0,0,0.114021595891793,0.0589290414130269,-0.0550925544787658
253,0.126184800174087,1,0,0.102294365756935,0.0623950321912194,-0.0398993335657157
254,-0.571987669914961,0,0,0.0901649858826256,0.0666064309276409,-0.0235585549549847
255,0.558002542238683,1,0,0.110501957677654,0.0599160461934289,-0.050585911484225
256,-0.643030427396297,1,0,0.0890061512268065,0.0670494660709541,-0.0219566851558524
257,-0.150682933628559,1,0,0.0973202138529105,0.0640345199120761,-0.0332856939408344
258,-0.97166410414502,1,0,0.0838187568067096,0.0691346769130153,-0.0146840798936942
259,0.0642482470721006,0,0,0.101162427165594,0.0627583563291362,-0.0384040708364575
260,0.0907382192090154,1,0,0.101645185288986,0.0626027233416268,-0.0390424619473588
261,0.0119369444437325,0,1,0.100215070280395,0.0630667547640675,-0.0371483155163271
262,0.978438685648143,1,0,0.119041658065955,0.0575912502886191,-0.0614504077773361
263,-0.0522395670413971,0,0,0.0990636096413376,0.0634470345614375,-0.0356165750799
264,-0.944539734628052,0,0,0.0842362917433615,0.0689603217089595,-0.015275970034402
265,0.214824539143592,1,0,0.10393384346111,0.0618784799925543,-0.0420553634685562
266,0.0758577100932598,0,0,0.101373749188891,0.0626901044169373,-0.0386836447719541
267,0.310826587025076,1,0,0.105735655080168,0.0613235309900563,-0.0444121240901119
268,0.214827578514814,1,0,0.103933900073425,0.0618784623491484,-0.0420554377242765
269,-0.0348802539519966,0,1,0.0993739050360601,0.0633439610423118,-0.0360299439937483
270,-0.549702428281307,1,0,0.090531289510068,0.0664680172896229,-0.0240632722204451
271,0.787794410716742,0,0,0.115100777474437,0.0586347319247789,-0.0564660455496577
272,0.773790478240699,1,0,0.114815817499052,0.0587120768040057,-0.0561037406950465
273,0.3065569344908,0,0,0.10565493832642,0.061348112975778,-0.0443068253506421
274,-0.0322180725634098,0,0,0.0994215675734728,0.0633281677558324,-0.0360933998176404
275,0.487531643360853,0,0,0.109124208949775,0.0603142145752648,-0.0488099943745106
276,-0.358109352178872,0,1,0.0937361602309317,0.0652890109653847,-0.0284471492655471
277,-0.758656405378133,1,0,0.0871488021641061,0.0677763817730274,-0.0193724203910788
278,-0.582963713444769,1,0,0.089985063306843,0.0666747014750283,-0.0233103618318147
279,-0.545150958467275,1,0,0.0906062668466162,0.0664397809824362,-0.02416648586418
280,-0.989048887044191,1,0,0.0835521363593586,0.0692466406491383,-0.0143054957102203
281,-0.340245806146413,1,0,0.0940401016156431,0.065180080871813,-0.0288600207438301
282,-0.135009460151196,1,0,0.097595941434459,0.0639406465229138,-0.0336552949115453
283,0.00328648136928678,0,0,0.100059172219989,0.0631178891026874,-0.0369412831173013
284,0.762459666468203,1,0,0.114585701255259,0.0587747278197082,-0.0558109734355504
285,0.576088561676443,0,0,0.110857998495298,0.0598142557214016,-0.0510437427738969
286,0.0511259194463491,0,0,0.100924037881936,0.062835585825995,-0.038088452055941
287,0.848197715822607,1,0,0.116336957069676,0.0583022131163846,-0.0580347439532917
288,0.69498049467802,1,0,0.113223576088038,0.0591491376761139,-0.0540744384119241
289,-0.801894755102694,1,0,0.0864632980533385,0.0680500846173913,-0.0184132134359472
290,-0.527712686918676,1,1,0.0908940489113675,0.0663317009093874,-0.0245623480019801
291,0.887522707227618,0,0,0.117147942865064,0.0580866815112366,-0.0590612613538278
292,0.699435019399971,0,0,0.11331305733383,0.059124352883254,-0.0541887044505761
293,0.94146689446643,0,1,0.118268388013779,0.0577922413549173,-0.060476146658862
294,0.997434842400253,0,0,0.119440663295434,0.0574882362058066,-0.061952427089627
295,-0.399499617051333,0,0,0.093035303212259,0.0655420556063241,-0.0274932476059349
296,0.737701406702399,1,0,0.114084285299806,0.0589118408662814,-0.055172444433525
297,0.303456366527826,0,0,0.105596356897291,0.0613659698767093,-0.0442303870205814
298,0.464668212458491,1,0,0.108680464061421,0.0604439266333339,-0.0482365374280867
299,-0.0514775225892663,0,0,0.0990772129676894,0.0634425065289962,-0.0356347064386932
300,0.600203438196331,0,0,0.111334284931143,0.0596787859378198,-0.0516554989933232
301,0.698874816298485,0,1,0.113301800740941,0.0591274692952204,-0.0541743314457202
302,0.553683299105614,0,0,0.110417077459414,0.0599403794363242,-0.0504766980230898
303,-0.805592364165932,1,0,0.086404903011965,0.0680735383300845,-0.0183313646818805
304,0.999331341125071,0,1,0.119480561749777,0.0574779612048254,-0.0620026005449511
305,0.909887100104243,1,0,0.117611339983367,0.057964440923531,-0.0596468990598361
306,0.518751985859126,0,0,0.109732716216543,0.0601375115879968,-0.0495952046285457
307,-0.775133944582194,1,0,0.0868869881501149,0.0678805655628341,-0.0190064225872808
308,0.588111044839025,0,0,0.111095227987144,0.0597466812407039,-0.0513485467464405
309,-0.78308071102947,1,0,0.0867609753762042,0.0679308642444559,-0.0188301111317483
310,-0.730670033488423,1,0,0.0875951173038495,0.0675997699478852,-0.0199953473559644
311,0.736148284282535,1,0,0.114052894538058,0.0589204521588344,-0.0551324423792233
312,-0.483407560735941,1,0,0.0916289151450856,0.0660578379007565,-0.0255710772443291
313,0.604909275192767,0,0,0.111427437124781,0.0596523835561151,-0.0517750535686654
314,-0.202159352134913,0,0,0.09641952552128,0.0643437324445588,-0.0320757930767212
315,0.191976469941437,1,0,0.103509037596735,0.0620112448117737,-0.0414977927849611
316,-0.398189387284219,0,0,0.0930574169386732,0.0655340313912808,-0.0275233855473924
317,-0.254711871035397,0,0,0.095507697214619,0.064660842903485,-0.030846854311134
318,0.073288650251925,1,0,0.101326951988369,0.0627052019228371,-0.0386217500655322
319,0.325858611613512,0,0,0.10602026471878,0.0612370592511924,-0.0447832054675876
320,0.229753897059709,0,0,0.104212251497235,0.0617918724309899,-0.0424203790662455
321,0.662874274887145,1,1,0.112580456974367,0.059328063548706,-0.0532523934256606
322,-0.761401326395571,0,0,0.087105138233497,0.0677937269949422,-0.0193114112385549
323,0.539050416555256,0,0,0.110129941634266,0.0600228852292542,-0.0501070564050116
324,-0.835567458067089,0,1,0.0859328335654114,0.0682639453001137,-0.0176688882652977
325,-0.230972905177623,0,0,0.0959186283653594,0.0645174183587878,-0.0314012100065716
326,0.192078327294439,0,0,0.103510927980922,0.0620106523524619,-0.0415002756284598
327,0.325844609178603,0,0,0.106019999289006,0.061237139747154,-0.0447828595418518
328,-0.998170212842524,1,0,0.083412556308417,0.0693054521048901,-0.0141071042035269
329,0.434131338261068,0,0,0.108090261022605,0.0606175798956835,-0.047472681126921
330,-0.296150047332048,0,0,0.0947941578171213,0.0649119128031057,-0.0298822450140156
331,0.183496891986579,0,0,0.103351771036805,0.0620605853199009,-0.0412911857169037
332,-0.373144574463367,1,0,0.093481024608555,0.0653808254405985,-0.0281001991679564
333,-0.21140241343528,1,0,0.0962585893584016,0.0643994014291867,-0.0318591879292149
334,0.616702140308917,1,0,0.111661176764036,0.0595862670277306,-0.0520749097363057
335,0.914496907964349,0,0,0.117707053889787,0.0579392743970887,-0.0597677794926983
336,-0.674962004180998,1,1,0.0884896802285897,0.0672494866844538,-0.0212401935441359
337,-0.230665493290871,0,0,0.095923960141688,0.0645155630016094,-0.0314083971400786
338,0.518737347330898,1,0,0.109732430205068,0.0601375943264627,-0.0495948358786051
339,-0.0899721076712012,0,0,0.0983921186058112,0.0636716166801915,-0.0347205019256197
340,0.662124485708773,1,0,0.112565476142551,0.0593322481287405,-0.0532332280138105
341,0.481973328627646,1,0,0.10901618434604,0.0603457248078029,-0.0486704595382372
342,-0.943796488456428,0,0,0.0842477593341138,0.0689555498649733,-0.0152922094691404
343,0.524693660438061,1,0,0.109848860224468,0.0601039374299459,-0.0497449227945225
344,0.137353716418147,0,0,0.10249967689369,0.0623297238445879,-0.040169953049102
345,-0.057924878783524,0,0,0.0989621730691771,0.0634808259272658,-0.0354813471419113
346,-0.227791623678058,0,0,0.0959738175823686,0.064498220419232,-0.0314755971631366
347,-0.87240144982934,0,0,0.0853559457948348,0.0684985970353145,-0.0168573487595203
348,-0.591988430824131,0,0,0.0898373698848515,0.0667308835233138,-0.0231064863615377
349,0.475284130778164,1,0,0.108886305728742,0.060383666471405,-0.048502639257337
350,-0.295450478792191,1,0,0.094806164244791,0.0649076666662944,-0.0298984975784967
351,0.6329923751764,0,0,0.111984761203091,0.0594950489490319,-0.0524897122540595
352,-0.0786882946267724,0,0,0.0985925000483533,0.0636043784719997,-0.0349881215763536
353,-0.364061407744884,0,0,0.0936350840674115,0.0653253435913005,-0.028309740476111
354,-0.643053189851344,1,0,0.0890057820930601,0.0670496084589806,-0.0219561736340795
355,-0.683966822456568,0,0,0.0883445234559002,0.0673059932178225,-0.0210385302380778
356,0.569876619614661,0,0,0.110735597322254,0.0598491990697355,-0.0508863982525188
357,-0.996636304538697,0,0,0.083436014267928,0.0692955587115093,-0.0141404555564187
358,-0.400655508041382,0,1,0.0930157982921782,0.0655491353658566,-0.0274666629263215
359,0.39186477381736,1,0,0.10727800034961,0.060858706210539,-0.0464192941390711
360,-0.00737518910318613,1,0,0.099867324900514,0.0631809652216454,-0.0366863596788685
361,0.511473901569843,1,0,0.109590595660006,0.0601786612135123,-0.0494119344464937
362,0.360239954665303,1,0,0.106673765068614,0.0610397088456681,-0.0456340562229463
363,0.919852640014142,0,0,0.117818340257667,0.0579100484918771,-0.0599082917657901
364,-0.276205888018012,0,0,0.0951369860589681,0.0647909600305841,-0.030346026028384
365,0.839824847877026,0,1,0.116164917005585,0.0583481997321808,-0.0578167172734046
366,0.754050651099533,1,0,0.114415183116661,0.0588212639741085,-0.0555939191425528
367,0.613594323862344,0,0,0.111599536942986,0.0596036842921557,-0.0519958526508299
368,0.401494279038161,0,0,0.107462582347134,0.0608036921146835,-0.04665889023245
369,-0.880725579801947,0,0,0.0852260620062596,0.0685517295093337,-0.016674332496926
370,-0.0723422151058912,0,0,0.0987053553098164,0.0635665924106123,-0.0351387628992041
371,0.818606110289693,0,0,0.115729918000745,0.0584648926130562,-0.057265025387689
372,-0.699630481190979,0,0,0.0880925391324447,0.0674043899087069,-0.0206881492237378
373,-0.281962625682354,1,0,0.0950379174150071,0.0648258506242753,-0.0302120667907318
374,-0.684362960513681,0,0,0.0883381426905157,0.0673084800526152,-0.0210296626379005
375,0.309455321636051,1,0,0.105709725712483,0.0613314248737558,-0.0443783008387276
376,-0.965438852552325,0,0,0.0839144177269187,0.069094625004918,-0.0148197927220007
377,0.256773458328098,0,0,0.104717797861549,0.0616354155506107,-0.043082382310938
378,-0.479244644753635,1,0,0.0916982371554595,0.0660321597626926,-0.0256660773927669
379,-0.780622487422079,1,0,0.0867999380275679,0.0679153013445247,-0.0188846366830432
380,0.333218498621136,0,0,0.106159859620033,0.0611947630689146,-0.0449650965511185
381,0.938845805358142,1,0,0.118213733005779,0.0578065154418682,-0.0604072175639103
382,0.372145552653819,0,0,0.106900885209229,0.0609715089146316,-0.0459293762945973
383,-0.0456318100914359,1,0,0.0991816206291767,0.0634077815974279,-0.0357738390317488
384,0.93321552593261,1,0,0.118096404242504,0.0578371883507045,-0.0602592158917999
385,0.253860742319375,1,0,0.104663195857249,0.0616522638290846,-0.043010932028164
386,-0.0547117814421654,0,0,0.0990194893562118,0.063461726417855,-0.0355577629383568
387,-0.168607582338154,1,0,0.0970057357072412,0.0641420336693478,-0.0328637020378934
388,0.168112187180668,0,0,0.103066978160424,0.0621501986142638,-0.0409167795461598
389,-0.740584560669959,0,0,0.0874367686568044,0.0676622880500737,-0.0197744806067307
390,0.779362092725933,0,1,0.114929118259417,0.0586812928635147,-0.0562478253959019
391,-0.565296028740704,1,0,0.0902748362247797,0.0665648410479926,-0.0237099951767871
392,-0.967098081950098,0,0,0.0838889113309591,0.0691052980240217,-0.0147836133069374
393,0.880750889889896,1,0,0.117007941383395,0.0581237429868299,-0.0588841983965649
394,0.729635382536799,1,0,0.113921341679581,0.0589565758146115,-0.0549647658649692
395,0.868962915614247,1,0,0.11676458141218,0.0581883103167904,-0.0585762710953901
396,-0.718493116088212,0,1,0.0877899541312198,0.0675230591875342,-0.0202668949436857
397,-0.619983854703605,1,0,0.0893806018424778,0.0669054446886635,-0.0224751571538143
398,0.620577466674149,0,0,0.111738080924773,0.0595645550541488,-0.0521735258706238
399,0.459747597109526,1,0,0.108585169729476,0.0604718770782448,-0.0481132926512309
400,-0.114869515411556,1,0,0.0979512658003741,0.0638202102521925,-0.0341310555481816
401,-0.946997850202024,0,0,0.0841983754221758,0.0689761056620943,-0.0152222697600815
402,0.051996776368469,1,1,0.100939843009121,0.0628304577821227,-0.0381093852269983
403,-0.859790344256908,1,0,0.0855530624196713,0.0684181737097567,-0.0171348887099147
404,-0.652399975340813,0,0,0.0888543240127368,0.067108099967577,-0.0217462240451598
405,0.386993496213108,1,0,0.107184732145611,0.0608865539172804,-0.0462981782283303
406,0.0226172478869557,0,0,0.100407847717966,0.0630036749994386,-0.0374041727185272
407,0.370351148769259,1,0,0.106866626587396,0.0609817834011547,-0.0458848431862413
408,0.81205751048401,1,0,0.115595953280343,0.0585009509507522,-0.0570950023295907
409,-0.459029477089643,1,0,0.0920355364327274,0.0659075982721381,-0.0261279381605893
410,0.773903323337436,1,0,0.114818111279421,0.0587114531690357,-0.056106658110385
411,-0.7439074087888,1,0,0.0873837561331738,0.0676832529509232,-0.0197005031822506
412,-0.444585144054145,1,0,0.0922772292406999,0.0658187292261465,-0.0264585000145534
413,0.384625827893615,1,0,0.107139425218261,0.0609000935058976,-0.0462393317123633
414,-0.723900965414941,0,0,0.0877033775107907,0.0675571169699579,-0.0201462605408328
415,0.748093038797379,1,0,0.114294508335303,0.0588542547741663,-0.0554402535611363
416,0.0520158964209259,0,0,0.100940190042393,0.0628303451980108,-0.0381098448443818
417,0.911706716287881,1,0,0.11764911279723,0.0579545057877475,-0.0596946070094824
418,-0.0968961305916309,1,0,0.0982693393576826,0.0637129084760675,-0.0345564308816151
419,-0.368846949189901,1,1,0.0935538882130853,0.0653545692018324,-0.0281993190112529
420,0.516568401362747,0,0,0.109690059981482,0.0601498546094961,-0.0495402053719855
421,0.51830952661112,0,0,0.10972407161824,0.0601400124601989,-0.0495840591580409
422,-0.0726484232582152,1,0,0.0986999072285367,0.0635684151659671,-0.0351314920625696
423,-0.227531915530562,1,0,0.0959783242804373,0.0644966534047414,-0.0314816708756959
424,0.656357523519546,1,0,0.112450310069867,0.059364442839957,-0.0530858672299095
425,-0.345865300390869,1,1,0.0939443929768073,0.0652143297383777,-0.0287300632384296
426,-0.608420003671199,1,0,0.0895690210158207,0.0668332887457671,-0.0227357322700536
427,0.562529514078051,1,0,0.110590981432561,0.0598905525998098,-0.0507004288327512
428,0.469671355094761,0,0,0.108777431928213,0.0604155198046888,-0.0483619121235238
429,0.232249247375876,0,1,0.104258849918216,0.0617774075594489,-0.0424814423587669
430,-0.652366326190531,0,0,0.0888548688561248,0.0671078893087147,-0.02174697954741
431,0.424649306107312,0,0,0.107907570463676,0.0606715960160305,-0.0472359744476459
432,-0.241806162986904,1,1,0.0957309045704599,0.0645828332551632,-0.0311480713152967
433,0.374223723076284,1,0,0.106940573561827,0.0609596116465377,-0.0459809619152896
434,-0.436935871373862,0,0,0.0924054530893555,0.0657717120482473,-0.0266337410411081
435,-0.440564724616706,0,1,0.0923446031140715,0.0657940133389909,-0.0265505897750806
436,0.528928111307323,1,0,0.109931698280085,0.0600800208565801,-0.0498516774235048
437,-0.83685494447127,1,0,0.0859126097271155,0.0682721346811434,-0.0176404750459721
438,-0.288698943331838,0,1,0.0949221082582232,0.0648667004859155,-0.0300554077723077
439,-0.113052774220705,1,0,0.0979833747837998,0.0638093565939986,-0.0341740181898012
440,-0.0716567528434098,0,0,0.0987175520829271,0.0635625122581864,-0.0351550398247407
441,-0.724677982740104,1,0,0.0876909442438655,0.067562011811548,-0.0201289324323175
442,0.420022463891655,0,0,0.107818523549086,0.0606979700064705,-0.0471205535426158
443,0.931768371257931,0,0,0.118066263445614,0.0578450746975195,-0.0602211887480945
444,0.889566734433174,0,0,0.117190229900447,0.0580754991132018,-0.0591147307872451
445,-0.243489511311054,0,0,0.0957017642228573,0.064593003426102,-0.0311087607967553
446,0.975741443224251,1,0,0.118985097328264,0.0576058911835067,-0.0613792061447568
447,-0.305366342421621,0,0,0.0946361091229409,0.0649678766364675,-0.0296682324864734
448,-0.152255251072347,0,0,0.0972925920510088,0.0640439441011802,-0.0332486479498287
449,0.255853721871972,1,0,0.104700553692548,0.0616407351980203,-0.0430598184945275
450,0.437582519836724,1,0,0.108156822469878,0.0605979307815193,-0.0475588916883586
451,0.589454221073538,0,0,0.11112175931638,0.059739136123696,-0.0513826231926836
452,0.830270151142031,1,0,0.115968863522788,0.0584007189174732,-0.0575681446053149
453,-0.860905657988042,0,0,0.0855356130009176,0.0684252827412586,-0.0171103302596591
454,-0.0365490764379501,0,0,0.0993440375307673,0.0633538631385962,-0.0359901743921711
455,-0.189018897246569,1,0,0.096648735145929,0.0642646674277307,-0.0323840677181984
456,-0.877446079161018,0,1,0.0852772115861359,0.0685307920766746,-0.0167464195094614
457,0.414146280381829,1,0,0.107705525289244,0.0607314809680068,-0.046974044321237
458,-0.669778023846447,0,0,0.0885733431161859,0.0672169764285031,-0.0213563666876828
459,0.0859794709831476,0,0,0.101558310697021,0.0626306552134019,-0.0389276554836187
460,-0.115079428069293,1,0,0.0979475564201984,0.0638214644328415,-0.0341260919873569
461,-0.225617382675409,1,0,0.0960115528780421,0.0644851026825408,-0.0315264501955013
462,0.971325561869889,0,0,0.118892547190047,0.0576298685621618,-0.0612626786278852
463,-0.100061429198831,0,0,0.0982132566329236,0.06373179322125,-0.0344814634116735
464,-0.702757650986314,1,0,0.0880423095610636,0.0674240502821761,-0.0206182592788875
465,0.224132294766605,1,0,0.104107340564025,0.0618244709335822,-0.0422828696304426
466,0.514833435881883,1,1,0.109656177866555,0.0601596634387702,-0.0494965144277849
467,-0.909420192241669,1,0,0.08477970451518,0.0687351784558014,-0.0160445260593787
468,0.378796615637839,0,0,0.107027951135538,0.0609334400467906,-0.0460945110887474
469,0.0219517298974097,1,0,0.100395825626934,0.0630076039467065,-0.0373882216802275
470,-0.252926488872617,1,0,0.0955385480667093,0.0646500457838365,-0.0308885022828729
471,0.998052919283509,0,0,0.119453665103772,0.0574848873504776,-0.0619687777532945
472,-0.0362865389324725,1,0,0.0993487357277495,0.0633523052549291,-0.0359964304728204
473,0.601421764586121,1,0,0.111358395204031,0.0596719493945441,-0.0516864458094866
474,-0.0774227436631918,1,0,0.098614996747757,0.0635968414108098,-0.0350181553369473
475,0.992789411917329,0,0,0.119342981589573,0.0575134118740304,-0.0618295697155423
476,0.0878674713894725,1,0,0.101592769705997,0.0626195720452276,-0.0389731976607691
477,-0.422364146914333,1,0,0.0926501600424587,0.0656822315646009,-0.0269679284778578
478,-0.550249435473233,1,0,0.0905222823050987,0.0664714115508334,-0.0240508707542653
479,0.300321332644671,0,0,0.105537153404386,0.0613840302140829,-0.0441531231903027
480,0.156350548844784,0,0,0.102849722122876,0.0622187896395117,-0.0406309324833646
481,0.883066465612501,1,0,0.117055797576607,0.0581110675780544,-0.0589447299985525
482,0.730069458018988,0,0,0.113930105372996,0.0589541675796437,-0.0549759377933524
483,0.920267994981259,1,0,0.1178269746965,0.0579077825032078,-0.0599191921932919
484,-0.516685881651938,1,0,0.0910764475042589,0.0662634425604224,-0.0248130049438365
485,0.71931092441082,1,0,0.113713070877276,0.0590138827187291,-0.0546991881585468
486,-0.908485575113446,0,0,0.0847942094232247,0.0687291961515994,-0.0160650132716253
487,-0.272344603203237,0,0,0.0952034873143645,0.0647675672435332,-0.0304359200708313
488,0.676709439139813,0,0,0.11285719691799,0.0592508989836381,-0.0536062979343515
489,-0.117052119690925,1,0,0.097912702976215,0.0638332519411988,-0.0340794510350162
490,0.8669183854945,0,0,0.116722417290899,0.0581995158509969,-0.0585229014399018
491,0.778127287980169,0,0,0.114903999677765,0.058688114024822,-0.0562158856529435
492,0.0840606670826674,0,0,0.101523300097658,0.0626419210835589,-0.0388813790140993
493,0.982895060442388,1,0,0.119135158472769,0.0575670683060265,-0.0615680901667421
494,-0.465158685576171,1,0,0.0919331501917889,0.065945342041654,-0.0259878081501349
495,0.308036647271365,1,0,0.105682905785941,0.0613395926735103,-0.0443433131124304
496,-0.192688688635826,0,0,0.0965846738626253,0.0642867391446241,-0.0322979347180012
497,-0.0797973442822695,0,0,0.0985727891070137,0.0636109841651823,-0.0349618049418314
498,-0.192063028924167,1,0,0.0965955929359071,0.0642829756566499,-0.0323126172792571
499,0.90422748727724,0,1,0.117493921125732,0.0579953527254388,-0.0594985684002932
500,0.289145392831415,1,0,0.105326339717756,0.0614484531166623,-0.0438778866010934
501,0.889446575194597,1,0,0.117187743668143,0.0580761564205969,-0.0591115872475456
502,-0.383875153958797,0,1,0.0932993163613087,0.0654464264935861,-0.0278528898677226
503,0.860255673993379,0,0,0.116585104602794,0.0582360464783805,-0.0583490581244135
504,0.559673112351447,0,0,0.110534802444941,0.0599066372129955,-0.0506281652319455
505,-0.653376339469105,0,0,0.0888385161437171,0.067114212714786,-0.0217243034289311
506,-0.195868811570108,0,0,0.0965291910915577,0.064305871492453,-0.0322233195991047
507,0.164424499031156,1,0,0.10299881705929,0.0621716967164848,-0.0408271203428051
508,0.826569987926632,1,0,0.115893016871161,0.0584210694677526,-0.0574719474034086
509,-0.758205993101001,1,0,0.0871559688402445,0.0677735360000759,-0.0193824328401686
510,-0.723790667951107,1,0,0.0877051425398407,0.0675564221747713,-0.0201487203650694
511,-0.146867114584893,0,0,0.0973872776287383,0.0640116539481762,-0.0333756236805622
512,0.769623030442744,1,0,0.114731134525444,0.0587351124272959,-0.0559960220981478
513,0.813998745754361,0,0,0.1156356510709,0.0584902598169786,-0.0571453912539215
514,-0.0497467634268105,0,0,0.0991081150866075,0.0634322235582239,-0.0356758915283836
515,0.167207810096443,1,0,0.103050258481965,0.0621554702155864,-0.0408947882663791
516,-0.870290320832282,1,0,0.0853889148646902,0.0684851278788252,-0.016903786985865
517,-0.940216968767345,1,1,0.0843030078178916,0.068932572649917,-0.0153704351679746
518,-0.877933396957815,1,0,0.0852696092476286,0.0685339029022286,-0.0167357063454
519,-0.498391852714121,0,0,0.0913797825417481,0.0661503424233575,-0.0252294401183906
520,0.507512960582972,0,0,0.109513317446458,0.0602010670857374,-0.0493122503607202
521,0.103031725157052,0,0,0.101869917754198,0.0625306193759949,-0.0393392983782031
522,0.282183901872486,1,0,0.105195211773759,0.0614886140631518,-0.0437065977106068
523,0.449271686375141,0,0,0.10838253401918,0.0605314234080389,-0.0478511106111414
524,0.769755765330046,0,1,0.114733830873807,0.0587343786028008,-0.0559994522710066
525,-0.450153578538448,1,0,0.0921839867892247,0.0658529759289223,-0.0263310108603024
526,0.955443876329809,0,0,0.118560205883218,0.0577161805000314,-0.0608440253831866
527,-0.219246186781675,0,0,0.0961222052918793,0.064446677976123,-0.0316755273157563
528,0.139340447727591,0,0,0.10253623593815,0.0623181134568168,-0.0402181224813336
529,0.825443407054991,0,0,0.115869932562563,0.05842726687753,-0.0574426656850333
530,0.594986573327333,1,0,0.111231096546865,0.0597080682633507,-0.0515230282835143
531,-0.53490036027506,1,0,0.0907753319236508,0.06637622934673,-0.0243991025769209
532,-0.96167782926932,1,0,0.0839722598969896,0.0690704378135422,-0.0149018220834474
533,-0.863992841448635,1,0,0.0854873299098533,0.0684449640782022,-0.0170423658316511
534,-0.409874046687037,1,1,0.0928603726614388,0.0656056237897425,-0.0272547488716963
535,-0.345925678499043,1,0,0.0939433651188931,0.0652146978128707,-0.0287286673060224
536,0.103034642059356,1,0,0.101869971129111,0.062530602276958,-0.0393393688521529
537,-0.145205341279507,0,0,0.0974164965086257,0.0640016982939795,-0.0334147982146461
538,0.0851981253363192,0,0,0.101544052929943,0.0626352424985816,-0.0389088104313612
539,-0.82082715863362,0,0,0.0861646817465622,0.068170250773845,-0.0179944309727172
540,0.382966006640345,1,0,0.107107673470445,0.0609095869266784,-0.0461980865437665
541,-0.81958182901144,1,0,0.0861842953009985,0.0681623404834595,-0.018021954817539
542,-0.540797817520797,1,0,0.0906780293721418,0.0664127854875937,-0.0242652438845481
543,-0.370401193853468,0,0,0.0935275310694841,0.0653640636902062,-0.0281634673792779
544,0.748856611549854,1,0,0.114309968734393,0.0588500254542099,-0.0554599432801832
545,-0.92757614236325,0,1,0.0844983773115838,0.0688514869172194,-0.0156468903943643
546,0.321732476353645,0,0,0.10594207515069,0.061260783493412,-0.0446812916572778
547,0.50568129774183,1,0,0.10947759774921,0.0602114309008641,-0.0492661668483463
548,-0.228896361775696,0,0,0.0959546492497494,0.0645048865307684,-0.031449762718981
549,-0.465012416709214,0,0,0.0919355923682484,0.0659444410815593,-0.0259911512866891
550,0.663171386811882,1,0,0.112586393769633,0.0593264054409238,-0.0532599883287094
551,-0.255709308199584,0,0,0.0954904656883251,0.0646668756472813,-0.0308235900410438
552,0.58111267676577,0,0,0.110957081130453,0.0597860080989668,-0.0511710730314862
553,0.560242566745728,1,0,0.110546000335208,0.0599034302496744,-0.0506425700855337
554,0.819540207274258,1,0,0.115749037817259,0.0584597509249021,-0.0572892868923565
555,0.618226383812726,0,0,0.111691419188522,0.0595777263892301,-0.052113692799292
556,-0.625744010321796,1,0,0.0892868804044641,0.0669414137975123,-0.0223454666069518
557,0.769967158790678,1,0,0.114738125189623,0.058733209932325,-0.0560049152572983
558,-0.573086190968752,1,0,0.0901469640131149,0.0666132607597577,-0.0235337032533572
559,-0.932570181321353,1,1,0.084421143196437,0.0688835110749289,-0.015537632121508
560,0.634285342413932,1,0,0.112010479395374,0.0594878145127278,-0.0525226648826457
561,0.294866151176393,1,0,0.105434204917432,0.061415468326079,-0.0440187365913526
562,0.931088977027684,1,0,0.118052115574775,0.0578487774408598,-0.0602033381339156
563,0.211848846171051,1,0,0.103878430315098,0.0618957560036775,-0.0419826743114203
564,-0.835880475118756,1,0,0.0859279162963092,0.0682659362400197,-0.0176619800562895
565,-0.745097067672759,1,0,0.0873647834517495,0.067690760349905,-0.0196740231018446
566,-0.273740197531879,0,0,0.0951794467921576,0.0647760212527955,-0.0304034255393621
567,-0.458378694485873,1,1,0.092046413539475,0.0659035919211742,-0.0261428216183009
568,-0.620951956138015,0,0,0.0893648440091294,0.0669114887127945,-0.0224533552963349
569,-0.539817793760449,0,0,0.0906941923434391,0.066406709389982,-0.024287482953457
570,0.345564712304622,0,0,0.106394393886947,0.0611238725302418,-0.0452705213567055
571,0.473540702369064,1,0,0.108852477343498,0.0603935590029091,-0.0484589183405889
572,0.157728547230363,0,0,0.102875154945268,0.0622107498330413,-0.0406644051122267
573,0.553925151005387,1,0,0.110421828736603,0.0599390166751018,-0.0504828120615013
574,0.62293584831059,1,0,0.111784904639528,0.0595513455697792,-0.0522335590697492
575,-0.228765971492976,1,0,0.0959569114760024,0.0645040997080341,-0.0314528117679683
576,-0.715623818337917,1,0,0.0878359213279148,0.0675049952701865,-0.0203309260577283
577,-0.60096994927153,0,0,0.0896906003851198,0.066786840280905,-0.0229037601042148
578,0.688366685528308,0,0,0.113090833444264,0.0591859545994716,-0.0539048788447921
579,0.544038887601346,0,0,0.110227755039749,0.0599947463830672,-0.050233008656682
580,-0.844863778911531,0,0,0.0857869037614211,0.0683230973365038,-0.0174638064249173
581,0.286028386093676,0,1,0.105267609376342,0.0614664321439951,-0.0438011772323465
582,-0.411149284336716,0,0,0.0928388903708989,0.0656134416241888,-0.0272254487467101
583,-0.689344887156039,1,0,0.0882579321879839,0.0673397623585695,-0.0209181698294144
584,-0.211977196391672,0,0,0.0962485894183533,0.0644028647049792,-0.031845724713374
585,-0.468900281004608,0,0,0.091870698505805,0.0659683927233967,-0.0259023057824082
586,-0.681860264856368,1,0,0.0883784616738253,0.0672927703189447,-0.0210856913548806
587,0.199855697806925,0,0,0.103655359448334,0.0619654304258761,-0.0416899290224584
588,0.362524871714413,0,0,0.106717320889905,0.0610266144168566,-0.0456907064730482
589,0.406568424776196,1,0,0.107559957833299,0.0607747218487688,-0.0467852359845298
590,0.78316497290507,1,0,0.115006507031767,0.0586602901156281,-0.0563462169161386
591,0.412934665568173,0,0,0.107682239043729,0.0607383927706206,-0.0469438462731084
592,0.884920749813318,0,0,0.117094132461022,0.0581009191387063,-0.0589932133223156
593,-0.937571739777923,0,1,0.0843438570256782,0.0689155972750673,-0.0154282597506108
594,0.193703279364854,1,0,0.10354108981275,0.0620012014375554,-0.0415398883751944
595,0.930451733060181,1,0,0.118038846785876,0.0578522506646784,-0.0601865961211981
596,-0.0286230118945241,1,1,0.0994859642498011,0.0633068460263275,-0.0361791182234737
597,-0.294703559018672,1,0,0.0948189848463633,0.0649031334093376,-0.0299158514370258
598,-0.814958410803229,1,0,0.0862571480778784,0.0681329801338481,-0.0181241679440303
599,0.954954871442169,1,0,0.118549985702094,0.0577188400117571,-0.0608311456903368
600,0.256139784120023,0,0,0.104705916814336,0.0616390806016869,-0.0430668362126492
601,-0.44649706967175,1,0,0.0922452048368295,0.0658304859872431,-0.0264147188495865
602,-0.317542413249612,1,0,0.0944276655584485,0.0650418818681001,-0.0293857836903484
603,-0.433410055935383,0,0,0.0924646097805387,0.0657500507119502,-0.0267145590685886
604,-0.197121286764741,1,0,0.0965073472997868,0.0643134081254134,-0.0321939391743734
605,0.950947212520987,1,0,0.11846625453248,0.0577406404806947,-0.0607256140517851
606,0.382914752699435,0,1,0.107106693133912,0.0609098800978769,-0.0461968130360355
607,0.550565707497299,1,0,0.11035584715651,0.0599579487053326,-0.0503978984511773
608,0.103351135738194,0,0,0.101875762633385,0.0625287470000509,-0.0393470156333337
609,0.923297845758498,1,1,0.117889976112538,0.0578912555263734,-0.0599987205861646
610,0.280470536090434,1,0,0.10516296059436,0.0614985022569465,-0.043664458337413
611,-0.536853849422187,0,1,0.0907430907667042,0.0663883362276107,-0.0243547545390935
612,-0.0562267140485346,1,0,0.098992461809625,0.0634707309146373,-0.0355217308949877
613,-0.12986649852246,0,0,0.0976865680653302,0.0639098716477806,-0.0337766964175497
614,-0.304315977729857,1,1,0.0946541097294549,0.0649614962722019,-0.029692613457253
615,0.763040701858699,1,0,0.114597491667516,0.0587715135992713,-0.0558259780682451
616,0.443690339103341,0,0,0.108274709618415,0.0605631708484573,-0.0477115387699574
617,0.299968346022069,1,0,0.105530489268711,0.0613860640143919,-0.0441444252543188
618,-0.787448611110449,1,0,0.0866917835490078,0.0679585253748809,-0.0187332581741269
619,0.689551883377135,1,0,0.113114611001107,0.0591793554097548,-0.0539352555913521
620,-0.446514571085572,0,0,0.0922449117374757,0.0658305936154773,-0.0264143181219984
621,0.707659413572401,0,0,0.113478428735431,0.0590786182630877,-0.0543998104723433
622,-0.599543153308332,0,0,0.0897139016059385,0.0667779481309153,-0.0229359534750232
623,-0.0446759085170925,0,0,0.0991987028719882,0.0634021049992118,-0.0357965978727764
624,0.728724893648177,0,0,0.113902961426769,0.0589616274733696,-0.0549413339533999
625,-0.424039804376662,0,0,0.0926219906880814,0.065692515500462,-0.0269294751876194
626,-0.735221022740006,1,0,0.0875223995787072,0.0676284604971912,-0.0198939390815159
627,0.842936322558671,1,0,0.116228823680759,0.0583311064920506,-0.0578977171887086
628,0.49740613438189,0,0,0.109316349140857,0.0602582737972095,-0.049058075343647
629,0.253977851010859,0,0,0.104665390700826,0.0616515863440007,-0.0430138043568249
630,-0.0966530931182206,1,0,0.0982736466722617,0.0637114586860554,-0.0345621879862063
631,0.0418683774769306,0,0,0.100756159108598,0.0628901230356383,-0.0378660360729595
632,-0.763835546560585,1,0,0.0870664332319878,0.0678091123342539,-0.0192573208977339
633,-0.223772867117077,0,0,0.096043575981368,0.0644739762090153,-0.0315695997723528
634,0.00306025007739663,0,0,0.100055097988763,0.0631192269125103,-0.0369358710762528
635,-0.0285819270648062,0,0,0.0994867003979361,0.063306602397466,-0.03618009800047
636,-0.0237639709375799,0,0,0.0995730609881039,0.0632780384692499,-0.036295022518854
637,0.354757135268301,1,0,0.106569313652839,0.0610711405655405,-0.0454981730872982
638,0.430368834640831,1,0,0.108017736260411,0.0606390082957412,-0.0473787279646693
639,0.803079494275153,0,1,0.115412509093775,0.0585504202030789,-0.0568620888906965
640,-0.565833673346788,0,0,0.0902660057699778,0.0665681817248463,-0.0236978240451315
641,-0.152097990270704,0,0,0.0972953544268172,0.0640430014499554,-0.0332523529768619
642,-0.462069886736572,1,0,0.0919847346727007,0.0659263186558625,-0.0260584160168382
643,0.0685505983419716,1,1,0.10124069536882,0.0627330547686963,-0.0385076406001233
644,0.756640018895268,0,0,0.114467666796888,0.058806930528945,-0.0556607362679433
645,-0.757278854493052,1,0,0.0871707225631848,0.0677676785467692,-0.0194030440164156
646,0.91723008453846,1,0,0.117763834981404,0.057924357889,-0.0598394770924039
647,-0.870936519000679,0,0,0.0853788220940877,0.0684892504095096,-0.0168895716845781
648,0.394903657026589,0,0,0.107336220667425,0.0608413398143028,-0.0464948808531221
649,0.744997807778418,1,1,0.114231856460973,0.0588714017335212,-0.0553604547274513
650,0.338596855755895,0,0,0.106261973271156,0.0611638717177769,-0.0450981015533795
651,0.605806699488312,1,0,0.11144520940483,0.0596473497452922,-0.0517978596595374
652,0.612523953430355,1,1,0.111578314315168,0.0596096841173925,-0.0519686301977755
653,-0.0433660154230893,0,1,0.099222115299501,0.0633943270004476,-0.0358277882990534
654,-0.606203514151275,1,0,0.0896051769468452,0.0668194665813156,-0.0227857103655296
655,0.0601971340365708,0,0,0.10108877856931,0.0627821890939322,-0.0383065894753777
656,0.212315791752189,1,0,0.103887124014926,0.0618930447549694,-0.0419940792599562
657,-0.774441488087177,1,0,0.0868979763515064,0.0678761843281901,-0.0190217920233162
658,-0.234196207486093,1,0,0.0958627391022623,0.0645368753054221,-0.0313258637968402
659,0.0829772651195526,0,0,0.101503537016169,0.0626482828949811,-0.0388552541211881
660,-0.779902859590948,0,0,0.0868113470680638,0.0679107460395535,-0.0189006010285103
661,-0.301620077807456,1,0,0.0947003247008186,0.0649451228920167,-0.029755201808802
662,-0.900924202054739,0,0,0.0849116419253562,0.0686808149893953,-0.0162308269359609
663,0.446664224844426,1,0,0.10833214950461,0.0605462530552922,-0.0477858964493175
664,0.435667952056974,0,1,0.108119892581688,0.0606088305328247,-0.0475110620488637
665,-0.796858953312039,1,0,0.086542884168238,0.0680181548758232,-0.0185247292924147
666,0.143860282376409,0,0,0.102619451178878,0.0622917072233825,-0.0403277439554955
667,-0.525961476378143,1,0,0.0909229943767845,0.066320856169803,-0.0246021382069814
668,0.612067472189665,1,1,0.111569264567368,0.0596122430369518,-0.051957021530416
669,-0.6601004418917,0,0,0.0887297181648055,0.067156324505743,-0.0215733936590626
670,0.512815047055483,0,0,0.109616772329656,0.0601710765189199,-0.0494456958107364
671,-0.95679344702512,1,0,0.0840474326764564,0.069039037985908,-0.0150083946905484
672,-0.518308479338884,1,0,0.0910495868457624,0.0662734827005655,-0.024776104145197
673,-0.322590521536767,1,0,0.0943413670629534,0.0650725868805314,-0.029268780182422
674,-0.50803888682276,1,0,0.0912197110726816,0.0662099614178147,-0.025009749654867
675,-0.279168198350817,0,0,0.0950859956374467,0.0648089118989645,-0.0302770837384822
676,-0.730213515460491,0,1,0.087602414764812,0.0675968925696806,-0.0200055221951314
677,0.849682368338108,1,1,0.116367485795694,0.0582940624535284,-0.0580734233421661
678,-0.617397967260331,1,0,0.0894227047427432,0.0668893030323407,-0.0225334017104025
679,-0.33574882755056,0,0,0.0941167550202242,0.0651526854019609,-0.0289640696182633
680,0.619519784580916,0,0,0.111717087092174,0.0595704801076229,-0.0521466069845508
681,0.57895405497402,1,0,0.11091450057141,0.0597981432194597,-0.0511163573519499
682,0.653934046626091,1,0,0.112401944018516,0.0593779770542438,-0.0530239669642723
683,0.688482014462352,1,0,0.11309314699324,0.0591853124168938,-0.0539078345763461
684,0.484336154535413,1,0,0.109062093866277,0.0603323280035799,-0.0487297658626973
685,0.705295871477574,1,0,0.113430882448509,0.0590917581693892,-0.0543391242791198
686,0.00244638416916132,0,0,0.100044043533959,0.0631228571175846,-0.036921186416374
687,0.178150509484112,1,0,0.103252723006748,0.0620917134022984,-0.0411610096044493
688,0.467454253695905,1,0,0.108734452049225,0.0604281065149116,-0.0483063455343138
689,0.372100340202451,1,0,0.106900021897846,0.0609717677744422,-0.0459282541234043
690,0.450174963101745,1,0,0.108399993020973,0.0605262869147421,-0.0478737061062308
691,-0.464218652807176,0,0,0.0919488464549331,0.0659395519999941,-0.0260092944549391
692,0.405693914741278,0,0,0.107543169999735,0.0607797138447997,-0.0467634561549353
693,0.940349683631212,1,0,0.118245089233794,0.0577983251252277,-0.060446764108566
694,-0.26143660582602,0,0,0.0953915758475759,0.0647015258858835,-0.0306900499616924
695,-0.118397397454828,1,0,0.0978889409985769,0.0638412916001843,-0.0340476493983926
696,0.0693238885141909,0,0,0.101254768728551,0.062728508160373,-0.0385262605681779
697,0.836922418791801,1,0,0.116105331439569,0.0583641487921326,-0.0577411826474369
698,0.611322583630681,0,0,0.111554498518109,0.0596164189166644,-0.051938079601445
699,-0.0218946868553758,1,0,0.0996065853604769,0.0632669593926616,-0.0363396259678153
700,0.236437280196697,1,0,0.10433709904225,0.061753137773954,-0.0425839612682956
701,0.142524741124362,0,0,0.102594856138247,0.0622995087695964,-0.0402953473686503
702,-0.962332345545292,0,0,0.083962191246586,0.0690746464530784,-0.0148875447935076
703,0.709623510017991,0,0,0.113517952778727,0.0590677011234163,-0.0544502516553108
704,0.188180006574839,1,0,0.103438600305058,0.0620333309360034,-0.0414052693690548
705,-0.936681144870818,1,0,0.0843576141679045,0.0689098828820062,-0.0154477312858982
706,-0.765656258910894,1,0,0.0870374934030611,0.067820622151429,-0.0192168712516322
707,-0.977972376160324,1,0,0.0837219212210776,0.0691752848798104,-0.0145466363412673
708,-0.0391065757721663,1,1,0.0992982805608394,0.0633690410731766,-0.0359292394876628
709,-0.692872950341552,1,0,0.0882011691127046,0.0673619237839136,-0.0208392453287909
710,-0.0677255596965551,1,0,0.0987875276923545,0.0635391168991072,-0.0352484107932473
711,-0.629427579697222,0,1,0.089226992835498,0.0669644251384536,-0.0222625676970444
712,0.0990779437124729,0,0,0.101797592307314,0.0625538006659982,-0.0392437916413163
713,-0.196984897833318,1,0,0.0965097257765121,0.0643125873799766,-0.0321971383965355
714,-0.59557249257341,1,0,0.0897787757938189,0.0667532077638639,-0.023025568029955
715,-0.368123473133892,0,0,0.0935661593141132,0.0653501501067178,-0.0282160092073954
716,-0.851057165302336,1,0,0.085689807216037,0.0683625319113367,-0.0173272753047004
717,-0.485587795265019,0,1,0.0915926280902681,0.0660712899558944,-0.0255213381343737
718,-0.680636268574744,1,0,0.0883981865765922,0.0672850883800587,-0.0211130981965335
719,-0.0436870115809143,0,1,0.0992163775068207,0.0633962329574564,-0.0358201445493642
720,-0.0849450123496354,1,0,0.0984813464679078,0.0636416529466591,-0.0348396935212486
721,0.317792833317071,0,0,0.105867467020521,0.0612834434695798,-0.044584023550941
722,-0.87777366116643,1,0,0.085272101117554,0.0685328832037723,-0.0167392179137817
723,0.826880522537977,1,0,0.115899380611603,0.058419361300892,-0.0574800193107112
724,-0.343288061209023,0,0,0.0939882764846518,0.0651986202825209,-0.0287896562021309
725,0.375413646921515,0,0,0.106963304253751,0.060952800457366,-0.0460105037963852
726,-0.137164188083261,0,0,0.0975579942182489,0.0639535442641071,-0.0336044499541418
727,0.393162912223488,0,0,0.10730286728024,0.06085128713328,-0.0464515801469604
728,-0.271061269100755,0,0,0.0952255988358847,0.0647597941727658,-0.0304658046631189
729,-0.938203564845026,1,0,0.0843340983719609,0.0689196515692385,-0.0154144468027224
730,-0.261181105859578,1,1,0.0953959854605473,0.0646999797389407,-0.0306960057216066
731,-0.40621892362833,0,1,0.0929219705489808,0.0655832208849552,-0.0273387496640256
732,0.175958985928446,0,0,0.103212146729756,0.0621044772566303,-0.0411076694731257
733,0.751663953997195,0,0,0.114366825911931,0.0588344784363654,-0.0555323474755657
734,0.925255852285773,1,0,0.117930705581969,0.0578805775109441,-0.0600501280710245
735,-0.888587672263384,1,0,0.085103552129158,0.0686019478805716,-0.0165016042485864
736,0.426482023671269,0,0,0.10794286030633,0.0606611520981381,-0.0472817082081923
737,0.18443681159988,0,0,0.103369192840196,0.0620551143605357,-0.0413140784796605
738,0.957949907518923,0,0,0.11861259379567,0.0577025529541606,-0.0609100408415097
739,0.345815376844257,1,0,0.106399160348514,0.0611224340388053,-0.0452767263097091
740,0.786988557316363,1,0,0.115084362841789,0.0586391801278378,-0.0564451827139515
741,-0.834255444351584,1,0,0.0859534471158232,0.0682556008435018,-0.0176978462723214
742,-0.538790008053184,1,0,0.0907111458114771,0.0664003377254457,-0.0243108080860314
743,0.732107680290937,1,0,0.113971263572407,0.0589428608296484,-0.0550284027427588
744,0.954459350090474,0,1,0.118539630104984,0.0577215350814048,-0.0608180950235793
745,-0.923428027424961,0,0,0.0845625777466228,0.068824897710007,-0.0157376800366158
746,0.0254895957186818,0,1,0.10045974923301,0.0629867204486344,-0.0374730287843754
747,-0.659295488614589,1,1,0.0887427362087386,0.0671512819427569,-0.0215914542659817
748,-0.714038402307779,1,1,0.0878613295996519,0.0674950160664014,-0.0203663135332505
749,0.536261919885874,0,0,0.110075298236118,0.060038619896422,-0.0500366783396961
750,0.583138327579945,1,0,0.110997051740734,0.0597746225985699,-0.0512224291421644
751,-0.766005793120712,1,0,0.0870319386281744,0.0678228319745269,-0.0192091066536475
752,-0.127037739381194,1,0,0.0977364469909003,0.0638929505705673,-0.033843496420333
753,0.493854479398578,1,0,0.10924720604176,0.0602783889713712,-0.0489688170703888
754,0.435325055383146,0,0,0.108113279655436,0.0606107828581743,-0.0475024967972617
755,-0.54087669076398,0,0,0.0906767286736153,0.0664132745201534,-0.024263454153462
756,-0.945354258175939,1,0,0.0842237260373773,0.0689655515243729,-0.0152581745130043
757,0.483170805498958,0,0,0.109039449106695,0.0603389349782612,-0.048700514128434
758,-0.0755720701999962,0,0,0.0986479029382695,0.0635858211178697,-0.0350620818203998
759,0.2763581876643,0,0,0.105085588274079,0.0615222415471201,-0.043563346726959
760,0.8206050330773,1,0,0.115770836840369,0.0584538901640781,-0.0573169466762908
761,0.351131364237517,0,0,0.106500289752012,0.0610919345737184,-0.0454083551782937
762,-0.597833756823093,1,0,0.0897418252037908,0.0667672961909962,-0.0229745290127946
763,-0.652246715500951,0,0,0.0888568056038313,0.0671071404968013,-0.02174966510703
764,-0.6332031423226,1,0,0.0891656472420471,0.0669880187829836,-0.0221776284590635
765,0.314309027045965,1,0,0.105801530026254,0.061303488098132,-0.0444980419281217
766,-0.982210353482515,1,0,0.0836569229397866,0.0692025782261475,-0.0144543447136391
767,0.0143784424290061,0,0,0.100259109832826,0.0630523296527065,-0.0372067801801199
768,-0.923940333537757,0,0,0.0845546463818778,0.0688281810515455,-0.0157264653303324
769,-0.961526338942349,0,0,0.0839745904814142,0.0690694637414551,-0.0149051267399591
770,-0.287463900167495,1,0,0.094943331363018,0.064859209238741,-0.0300841221242769
771,0.194530879147351,0,0,0.103556454438373,0.0619963885356235,-0.0415600659027497
772,0.0628292793408036,1,0,0.101136625139081,0.0627667031790048,-0.0383699219600766
773,0.731174829881638,0,0,0.113952424743835,0.0589480354331688,-0.0550043893106661
774,0.129088582005352,1,0,0.102347709065955,0.0623780466765522,-0.0399696623894026
775,0.633253097999841,0,0,0.111989946781198,0.0594935900811098,-0.0524963567000877
776,-0.92152545414865,0,0,0.0845920387081333,0.0688127054926802,-0.0157793332154531
777,0.0591018572449684,1,0,0.101068874783859,0.0627886340753655,-0.0382802407084934
778,-0.19012016011402,0,0,0.0966295070960146,0.0642712901589341,-0.0323582169370805
779,-0.155299617908895,0,0,0.0972391297963833,0.0640621951636358,-0.0331769346327475
780,0.712021863088012,1,0,0.113566231762352,0.0590543727965161,-0.0545118589658359
781,-0.664572417270392,0,0,0.0886574268773536,0.0671843452237841,-0.0214730816535695
782,0.488442129921168,0,0,0.109141913003263,0.0603090544708739,-0.0488328585323891
783,0.767606505192816,1,1,0.114690178042344,0.0587462618394945,-0.0559439162028496
784,0.495681800879538,0,1,0.109282775275295,0.060268038957905,-0.0490147363173899
785,0.377078709192574,1,0,0.106995118485032,0.0609432707444551,-0.0460518477405767
786,0.773571039550006,1,0,0.114811357125577,0.0587132895429897,-0.0560980675825871
787,-0.114459733944386,1,0,0.0979585074360689,0.0638177619667937,-0.0341407454692752
788,0.810601043514907,0,0,0.115566176663186,0.0585089734812684,-0.0570572031819172
789,-0.111015356145799,1,0,0.0980193951588026,0.0637971866040121,-0.0342222085547905
790,0.195357085671276,0,0,0.10357179520923,0.0619915840842131,-0.0415802111250166
791,-0.558255569078028,0,0,0.0903905429189503,0.0665211092289183,-0.023869433690032
792,-0.392590339295566,0,1,0.0931519694088463,0.0654997515407437,-0.0276522178681027
793,0.69424700550735,0,0,0.113208847874701,0.0591532197132785,-0.0540556281614227
794,-0.485232729464769,0,0,0.0915985367993113,0.0660690990250765,-0.0255294377742348
795,0.796635815408081,1,0,0.115281004082256,0.0585859493279819,-0.0566950547542739
796,-0.279510418884456,1,0,0.0950801065515146,0.0648109860845973,-0.0302691204669173
797,-0.711195315700024,1,0,0.0879069102483133,0.0674771240390377,-0.0204297862092755
798,0.807761954609305,1,0,0.115508152314542,0.0585246147541411,-0.0569835375604013
799,-0.278058784548193,0,0,0.0951050891770619,0.0648021882088939,-0.0303029009681679
800,0.962985202204436,1,0,0.118717915852235,0.0576751806589672,-0.061042735193268
801,0.995380422100425,1,0,0.119397455489206,0.0574993687529687,-0.0618980867362377
802,0.437837882898748,1,0,0.108161748977718,0.0605964771226201,-0.047565271855098
803,0.397083663381636,1,0,0.10737800335001,0.0608288845221522,-0.0465491188278583
804,-0.477178204338998,1,1,0.0917326655928705,0.0660194167720101,-0.0257132488208604
805,-0.421151821501553,0,1,0.0926705451515465,0.0656747921485115,-0.026995753003035
806,-0.806133786682039,1,0,0.0863963555140133,0.0680769731694968,-0.0183193823445165
807,0.407990115694702,0,0,0.107587254732565,0.0607666071795241,-0.0468206475530407
808,-0.0107462187297642,0,1,0.0998067342873092,0.0632009209913717,-0.0366058132959375
809,0.577316003851593,1,0,0.110882198234437,0.0598073533878638,-0.0510748448465733
810,-0.940861667040735,0,0,0.0842930547244285,0.0689367104947155,-0.0153563442297129
811,0.888896839693189,1,0,0.117176369594203,0.0580791637291673,-0.0590972058650355
812,0.00225483905524015,0,0,0.100040594425018,0.063123989893493,-0.036916604531525
813,0.430464648175985,1,0,0.108019582599279,0.0606384625257562,-0.0473811200735232
814,-0.730523084755987,1,0,0.0875974662258902,0.0675988437353066,-0.0199986224905836
815,-0.282406298443675,1,0,0.0950302860109229,0.0648285403739845,-0.0302017456369384
816,0.892009382136166,0,0,0.11724078099751,0.058062138604364,-0.0591786423931457
817,0.180043888743967,1,1,0.10328779047715,0.062080687970061,-0.0412071025070888
818,-0.684353261720389,1,0,0.0883382989081637,0.0673084191655091,-0.0210298797426546
819,-0.556884666439146,0,0,0.0904130885992473,0.0665125969707257,-0.0239004916285217
820,-0.581102857831866,0,0,0.0900155442142187,0.0666631224558008,-0.0233524217584179
821,-0.781217272393405,0,0,0.0867905092805651,0.0679190665974823,-0.0188714426830828
822,-0.233452846296132,1,0,0.0958756257564581,0.0645323876404011,-0.031343238116057
823,0.234988946001977,0,0,0.10431003252678,0.0617615299097114,-0.0425485026170687
824,-0.342642321251333,0,0,0.0939992745914389,0.0651946847526107,-0.0288045898388282
825,-0.0880944905802608,0,0,0.0984254367293403,0.0636604237056565,-0.0347650130236838
826,-0.468159175012261,1,0,0.0918830654186348,0.0659638264298075,-0.0259192389888273
827,-0.989752020686865,1,0,0.0835413690358475,0.0692511725912479,-0.0142901964445996
828,0.566410379949957,0,0,0.110667349382606,0.0598687056307499,-0.0507986437518563
829,0.400075124111027,1,0,0.107435361908278,0.0608117969315549,-0.0466235649767234
830,-0.912582618184388,1,0,0.0847306415438363,0.068755424112009,-0.0159752174318273
831,-0.865649151615798,1,0,0.0854614356495777,0.0684555255082918,-0.0170059101412859
832,-0.769066079054028,0,0,0.0869833184582918,0.0678421825474121,-0.0191411359108798
833,-0.219425927381963,1,0,0.0961190820665256,0.0644477617000667,-0.0316713203664589
834,-0.511552958283573,0,1,0.0911614654349929,0.0662316908993141,-0.0249297745356788
835,-0.354793090373278,0,0,0.0937925184990326,0.065268775945324,-0.0285237425537086
836,-0.271617390681058,1,0,0.0952160164378071,0.0647631624582116,-0.0304528539795955
837,-0.0157361216843128,1,0,0.09971710617532,0.0632304709325707,-0.0364866352427493
838,-0.666727304924279,0,0,0.0886226112345128,0.0671978512955569,-0.021424759938956
839,-0.808176511898637,1,0,0.0863641136748673,0.068089933872204,-0.0182741798026633
840,-0.663311023730785,1,0,0.088677812428018,0.0671764404252287,-0.0215013720027894
841,0.74736836226657,0,0,0.114279837169834,0.0588582689170635,-0.0554215682527705
842,0.937926083803177,1,0,0.118194560135948,0.0578115249018919,-0.0603830352340563
843,0.387080948799849,1,0,0.107186405932551,0.0608860538707189,-0.0463003520618316
844,0.838403083849698,1,0,0.116135725510463,0.0583560119185301,-0.0577797135919326
845,0.461009871214628,1,0,0.108609608364903,0.0604647058621079,-0.0481449025027951
846,0.0766730974428356,1,0,0.101388606041226,0.0626853133672087,-0.038703292674017
847,0.461546118371189,0,0,0.108619992000157,0.0604616595821733,-0.0481583324179839
848,0.578836611937732,0,0,0.110912184322902,0.0597988035149323,-0.0511133808079702
849,-0.0398942437022924,1,0,0.0992841919405309,0.063373716311387,-0.0359104756291439
850,0.610149120911956,1,0,0.111531240238872,0.0596229979587195,-0.0519082422801527
851,-0.0490863532759249,0,0,0.099119908747146,0.0634283002686374,-0.0356916084785086
852,0.975544651970267,0,0,0.118980971557434,0.0576069595223926,-0.0613740120350412
853,-0.555349291302264,1,0,0.0904383451843488,0.0665030646649448,-0.0239352805194039
854,0.0318837575614452,0,0,0.100575373291411,0.0629489930368301,-0.0376263802545813
855,-0.0707297655753791,0,0,0.0987340485660083,0.0635569948381948,-0.0351770537278135
856,0.350045271683484,1,0,0.106479621444446,0.061098164666102,-0.0453814567783436
857,-0.225099288858473,0,0,0.0960205466725221,0.0644819772601912,-0.0315385694123309
858,-0.0554378414526582,0,0,0.0990065350754748,0.0634660418440718,-0.035540493231403
859,-0.835767180193216,0,0,0.0859296960473467,0.0682652156232604,-0.0176644804240863
860,-0.728268357459456,1,0,0.0876335143617821,0.0675846337459605,-0.0200488806158215
861,-0.0168039868585765,1,0,0.0996979345931139,0.0632367964470102,-0.0364611381461036
862,0.2404351294972,0,0,0.104411843182431,0.0617299784178718,-0.042681864764559
863,0.738568861968815,0,0,0.114101821051705,0.0589070317710887,-0.0551947892806164
864,-0.30765143642202,1,0,0.0945969589527478,0.0649817592887915,-0.0296151996639563
865,0.9590052831918,1,0,0.118634662136351,0.0576968148312113,-0.0609378473051399
866,0.758695568423718,0,0,0.114509345483826,0.0587955543663103,-0.0557137911175159
867,-0.00938742700964212,0,0,0.0998311531664106,0.0631928765298657,-0.0366382766365449
868,-0.618294288869947,0,0,0.0894081089893579,0.06689489765198,-0.0225132113373779
869,0.308517441153526,1,0,0.105691994483955,0.0613368244626966,-0.0443551700212582
870,-0.780353817623109,1,0,0.0868041973825458,0.067913600608859,-0.0188905967736868
871,0.84063277952373,0,0,0.116181508204658,0.0583437608161973,-0.057837747388461
872,-0.560228299815208,1,0,0.0903581085402808,0.0665333601553977,-0.0238247483848832
873,0.385986586567014,0,0,0.107165462191648,0.0608923116189268,-0.0462731505727209
874,0.288724082522094,0,0,0.105318399740057,0.0614508829651546,-0.0438675167749024
875,0.425973481032997,1,0,0.107933067060752,0.0606640499088462,-0.0472690171519054
876,-0.647561949677765,0,0,0.0889326917528954,0.0670778180426998,-0.0218548737101956
877,-0.297599539160728,1,0,0.0947692850747317,0.0649207115351468,-0.0298485735395849
878,-0.652224749326706,0,0,0.0888571612863628,0.0671070029803952,-0.0217501583059676
879,-0.506913170684129,0,0,0.0912383768658428,0.0662030018822869,-0.0250353749835559
880,-0.40170718356967,0,0,0.0929980551297983,0.065555577430063,-0.0274424776997353
881,-0.444692474324256,0,0,0.0922754312137671,0.0658193891668193,-0.0264560420469478
882,-0.934276849962771,0,0,0.0843947638164731,0.0688944582094835,-0.0155003056069897
883,0.587984472047538,1,0,0.111092728121198,0.0597473922928308,-0.051345335828367
884,-0.276839375961572,0,0,0.0951260797374115,0.0647947986357077,-0.0303312811017038
885,0.911591628566384,1,0,0.117646723417645,0.0579551341213485,-0.0596915892962966
886,0.0592680578120053,0,0,0.101071894819751,0.0627876560549341,-0.0382842387648171
887,0.975372021086514,0,0,0.118977352415831,0.0576078967149578,-0.0613694557008729
888,0.718753783497959,0,0,0.11370184136004,0.0590169766675617,-0.0546848646924787
889,-0.816853908356279,0,0,0.0862272733338769,0.0681450157992833,-0.0180822575345936
890,-0.0919674560427666,1,0,0.0983567223656027,0.0636835134924374,-0.0346732088731654
891,0.363506254274398,1,0,0.106736033125746,0.0610209911047764,-0.0457150420209699
892,-0.276358473580331,0,0,0.0951343589971155,0.0647918845998182,-0.0303424743972973
893,-0.816156338434666,1,1,0.0862382665725493,0.0681405862749477,-0.0180976802976016
894,0.274295040871948,0,0,0.105046789856194,0.061534154668107,-0.0435126351880871
895,-0.114168580621481,1,1,0.0979636529716802,0.0638160224917489,-0.0341476304799313
896,0.30717275198549,0,0,0.10566657685361,0.061344566915961,-0.0443220099376493
897,0.95234439522028,1,1,0.118495439760887,0.0577330393461375,-0.0607624004147493
898,-0.849964248947799,1,0,0.0857069341245526,0.0683555715542161,-0.0173513625703365
899,0.458004870917648,0,1,0.108551437093916,0.0604817791406362,-0.0480696579532796
900,0.934082135558128,0,0,0.118114456854121,0.0578324661983215,-0.0602819906557995
901,0.0134579744189978,0,1,0.100242504482666,0.0630577676957398,-0.0371847367869265
902,0.0422412157058716,0,0,0.100762915463224,0.0628879257510063,-0.0378749897122181
903,0.442658390849829,0,0,0.108254784040992,0.0605690424124931,-0.0476857416284993
904,0.594703144393861,1,0,0.111225492784928,0.0597096595386904,-0.051515833246238
905,0.699148691259325,0,0,0.11330730379985,0.0591259457085476,-0.054181358091302
906,0.802968746982515,1,0,0.115410247820288,0.0585510306702634,-0.056859217150025
907,-0.0467259781435132,0,0,0.0991620707367805,0.0634142798693525,-0.035747790867428
908,0.791937350295484,0,1,0.115185198217328,0.0586118684464452,-0.0565733297708831
909,-0.8744315514341,0,0,0.0853242529992386,0.0685115515458448,-0.0168127014533938
910,0.412330752238631,0,0,0.107670633976876,0.0607418381416896,-0.0469287958351866
911,-0.338652929291129,0,0,0.0940672466520518,0.0651703758844338,-0.028896870767618
912,-0.829181844368577,1,0,0.0860332025527659,0.0682233414515628,-0.0178098611012031
913,0.820651085115969,1,0,0.115771779694266,0.0584536367078368,-0.0573181429864288
914,-0.481832937803119,1,0,0.0916551306524243,0.0660481240543123,-0.025607006598112
915,-0.868587006814778,1,0,0.08541552358646,0.0684742624001499,-0.0169412611863101
916,0.663940459024161,1,0,0.112601762393679,0.0593221136417685,-0.0532796487519109
917,-0.137502194847912,0,0,0.0975520427278507,0.0639555677203348,-0.0335964750075159
918,-0.178575916215777,1,0,0.0968312394784879,0.0642018974221757,-0.0326293420563122
919,-0.154922904912382,1,1,0.0972457438478194,0.0640599364962679,-0.0331858073515515
920,0.750129478052258,1,0,0.11433574508066,0.0588429758625661,-0.0554927692180939
921,-0.235952222719789,0,0,0.0958323035746352,0.0645474775079433,-0.0312848260666918
922,-0.961354812607169,1,0,0.0839772293782826,0.0690683608546044,-0.0149088685236782
923,0.259461747016758,1,0,0.104768215053161,0.0616198692642755,-0.0431483457888859
924,0.0204190500080585,1,0,0.10036814376017,0.0630166531340177,-0.0373514906261522
925,-0.535345872864127,0,0,0.0907679781002501,0.0663789902605382,-0.0243889878397119
926,0.758732218760997,1,0,0.114510088732448,0.0587953515486667,-0.0557147371837817
927,0.228050705511123,1,0,0.104180456496868,0.0618017471888174,-0.0423787093080506
928,0.79767727619037,0,1,0.115302249771285,0.0585802055571612,-0.0567220442141233
929,-0.828001760877669,0,1,0.0860517627108515,0.0682158401708218,-0.0178359225400297
930,0.292150028049946,1,0,0.105382980128423,0.061431126905145,-0.0439518532232776
931,-0.850746852345765,1,0,0.0856946697628903,0.0683605555826358,-0.0173341141802545
932,-0.854340862482786,0,0,0.0856383676075539,0.0683834484463315,-0.0172549191612224
933,-0.294099849648774,1,0,0.0948293484285721,0.0648994695501453,-0.0299298788784268
934,0.0620181770063937,1,0,0.101121878953715,0.062771474823508,-0.0383504041302074
935,0.821904007811099,0,0,0.115797434171352,0.058446741402596,-0.0573506927687564
936,0.196796768344939,0,0,0.103598531635886,0.0619832130549355,-0.0416153185809502
937,-0.120959477964789,0,0,0.097843700548218,0.0638566057344618,-0.0339870948137562
938,0.385467676911503,1,0,0.107155532634838,0.0608952790422436,-0.0462602535925941
939,0.782671108841896,0,0,0.114996454316154,0.0586630172559034,-0.0563334370602506
940,-0.245146646164358,0,0,0.095673085402656,0.0646030166811906,-0.0310700687214654
941,0.719994949642569,1,0,0.11372685914796,0.0590100843560769,-0.0547167747918834
942,0.918619399424642,0,1,0.117792706764553,0.0579167769846195,-0.0598759297799337
943,0.537621991243213,1,0,0.110101947234228,0.0600309449311633,-0.0500710023030652
944,0.774489881005138,1,0,0.114830034765644,0.0587082116761014,-0.0561218230895422
945,0.704608930740505,1,0,0.113417066837021,0.0590955776702315,-0.0543214891667892
946,0.586646922398359,0,0,0.111066313960498,0.0597549067737727,-0.0513114071867256
947,0.208464236930013,1,0,0.103815434110213,0.061915411540373,-0.0419000225698396
948,0.762574271298945,0,0,0.114588026741179,0.0587740938260201,-0.0558139329151594
949,0.589861027430743,0,0,0.1111297959256,0.0597368511181899,-0.0513929448074102
950,-0.492999526206404,0,0,0.091469366465195,0.0661170394015702,-0.0253523270636248
951,-0.697797653265297,0,1,0.0881219906149371,0.0673928694755514,-0.0207291211393857
952,-0.182571473531425,0,0,0.0967613757371971,0.0642259069163866,-0.0325354688208105
953,-0.125736990012228,1,0,0.0977593904570724,0.0638851711464677,-0.0338742193106047
954,0.27287279907614,0,0,0.105020051312009,0.0615423682999064,-0.0434776830121027
955,0.314108120277524,1,0,0.105797728626384,0.0613046442337633,-0.0444930843926211
956,0.686977869831026,1,0,0.11306297643511,0.0591936884122358,-0.0538692880228743
957,-0.486854341812432,1,0,0.091571554070055,0.0660791057216742,-0.0254924483483809
958,0.795305118430406,0,0,0.115253862959982,0.0585932890367529,-0.0566605739232293
959,0.845317456871271,1,0,0.116277750494742,0.0583180286327917,-0.0579597218619505
960,-0.207426510751247,0,0,0.0963277866100624,0.0643754499217011,-0.0319523366883613
961,-0.105043623130769,0,0,0.0981250399529124,0.0637615284607825,-0.0343635114921299
962,-0.989321354776621,0,1,0.0835479638190639,0.0692483967663375,-0.0142995670527264
963,-0.257591150701046,0,0,0.0954579629231793,0.0646782589174988,-0.0307797040056805
964,-0.374323203694075,0,0,0.0934610505669906,0.0653880279617227,-0.028073022605268
965,-0.1535086594522,0,0,0.0972705777182247,0.0640514577320227,-0.033219119986202
966,-0.549761709757149,1,0,0.0905303133222969,0.0664683851322443,-0.0240619281900526
967,0.432382490020245,0,0,0.108056545487311,0.0606275391430254,-0.0474290063442856
968,0.329280315898359,0,0,0.106085144013425,0.061217391824668,-0.0448677521887569
969,-0.680076376534998,0,0,0.0884072106546194,0.0672815747056268,-0.0211256359489925
970,-0.87847226858139,1,0,0.0852612033658138,0.0685373429773748,-0.016723860388439
971,0.162980248220265,1,0,0.102972133235383,0.0621801181521897,-0.0407920150831932
972,0.210591554176062,0,0,0.103855024962065,0.0619030568304689,-0.0419519681315959
973,0.122499512508512,1,0,0.102226701432895,0.062416595298613,-0.0398101061342822
974,-0.556392092257738,0,1,0.0904211906446338,0.0665095387083781,-0.0239116519362558
975,0.0779427345842123,0,0,0.101411743446076,0.062677853918561,-0.0387338895275145
976,-0.284013578668237,0,0,0.0950026445405068,0.0648382853206272,-0.0301643592198796
977,0.61351928813383,1,0,0.111598049066992,0.0596041048769461,-0.0519939441900463
978,-0.0469180862419307,0,0,0.0991586386265231,0.0634154208648025,-0.0357432177617207
979,-0.151716034393758,0,0,0.0973020639913527,0.0640407119874342,-0.0332613520039185
980,0.120497009251267,1,1,0.102189950778909,0.0624283151275768,-0.039761635651332
981,-0.297192073427141,1,0,0.0947762764451937,0.0649182380169958,-0.0298580384281979
982,0.530905546154827,0,0,0.10997040135295,0.0600688551718897,-0.0499015461810607
983,-0.23153671529144,0,0,0.0959088502861805,0.0645208213138322,-0.0313880289723483
984,-0.669199146330357,1,0,0.0885826898984886,0.0672133470237151,-0.0213693428747735
985,-0.0849712244234979,1,0,0.0984808810327779,0.0636418091482371,-0.0348390718845408
986,-0.830648652743548,0,0,0.0860101378881572,0.0682326663841292,-0.017777471504028
987,0.1588145471178,1,0,0.102895202463756,0.0622044143487512,-0.0406907881150052
988,-0.666348117869347,1,0,0.0886287367104621,0.0671954745028872,-0.0214332622075749
989,-0.63781112106517,1,0,0.0890908280528662,0.0670168246848797,-0.0220740033679865
990,-0.646536155603826,1,0,0.0889493158745324,0.0670713990741805,-0.0218779168003518
991,0.485844357404858,1,0,0.109091406999355,0.0603237782158244,-0.0487676287835309
992,-0.843956762459129,0,0,0.0858011318390167,0.0683173239446404,-0.0174838078943763
993,-0.282967849168926,0,0,0.0950206278304355,0.0648319449034171,-0.0301886829270184
994,-0.653451525140554,1,0,0.0888372989518488,0.0671146834530188,-0.02172261549883
995,0.0374925071373582,1,0,0.100676892227745,0.0629159171413147,-0.0377609750864306
996,0.33035268355161,1,1,0.106105484489678,0.0612112292367491,-0.0448942552529287
997,0.696706111542881,0,0,0.11325823248024,0.0591395352595318,-0.0541186972207081
998,-0.214397268835455,0,0,0.0962064957424327,0.0644174484216453,-0.0317890473207874
999,0.785553828813136,1,0,0.115055143532801,0.0586471004206129,-0.0564080431121881
1000,0.104537319857627,0,0,0.101897471163059,0.0625217940797012,-0.0393756770833575
1001,-0.419797371141613,1,0,0.092693324837729,0.0656664815114225,-0.0270268433263065
1002,0.523988365195692,0,0,0.109835067935231,0.0601079218689477,-0.0497271460662835
1003,-0.56373969046399,1,0,0.0903004024316542,0.0665551715538013,-0.0237452308778529
1004,0.738768892828375,1,0,0.114105865041829,0.058905922869929,-0.0551999421719001
1005,-0.45804508542642,0,1,0.0920519898913773,0.0659015382432538,-0.0261504516481235
1006,0.219825920183212,0,0,0.104027037697949,0.0618494535697421,-0.0421775841282066
1007,0.767926799599081,0,1,0.114696682507306,0.0587444907921676,-0.0559521917151383
1008,-0.662138658575714,1,0,0.0886967629727272,0.0671690943163918,-0.0215276686563354
1009,-0.674130202736706,1,0,0.0885030996444855,0.0672442692319094,-0.0212588304125761
1010,0.588434916455299,0,0,0.111101624812101,0.0597448618525709,-0.0513567629595305
1011,0.481136175338179,0,0,0.108999922593567,0.0603504719864404,-0.0486494506071265
1012,-0.697865597438067,1,0,0.0881208986697916,0.0673932965132067,-0.020727602156585
1013,0.0432692389003932,1,0,0.100781546777508,0.0628818675705992,-0.0378996792069089
1014,-0.348278491292149,0,0,0.093903319423139,0.0652290424366262,-0.0286742769865128
1015,0.781853579450399,0,0,0.11497981499928,0.0586675319524299,-0.0563122830468498
1016,-0.794997851364315,1,0,0.0865723139149275,0.0680063579853505,-0.018565955929577
1017,-0.851139545906335,0,1,0.0856885163691553,0.0683630565878232,-0.0173254597813322
1018,-0.246521422639489,0,0,0.095649298984862,0.0646113248794365,-0.0310379741054256
1019,-0.960782275069505,0,0,0.0839860382941472,0.069064679648014,-0.0149213586461332
1020,-0.723971874453127,1,0,0.0877022428097934,0.0675575636497162,-0.0201446791600772
1021,-0.785777559969574,0,0,0.0867182487398232,0.0679479416736444,-0.0187703070661788
1022,0.943073386326432,1,0,0.118301897431364,0.0577834942589519,-0.060518403172412
1023,-0.433194077573717,0,0,0.09246823460512,0.0657487240345094,-0.0267195105706106
1024,-0.300062428694218,0,0,0.0947270362019881,0.0649356643576861,-0.029791371844302
1025,-0.290675273630768,0,0,0.094888155636097,0.0648786897411765,-0.0300094658949205
1026,0.671817527152598,1,0,0.112759277929013,0.0592781724934594,-0.0534811054355539
1027,-0.248942026402801,1,0,0.0956074304893371,0.0646259557520457,-0.0309814747372914
1028,-0.895605769474059,1,0,0.0849943286284101,0.0686468040972404,-0.0163475245311697
1029,0.680537057574838,1,0,0.112933864211946,0.0592295673494124,-0.0537042968625333
1030,-0.774864993989468,1,0,0.0868912558259782,0.067878863857056,-0.0190123919689222
1031,-0.33531579002738,0,0,0.0941241393309721,0.0651500479147787,-0.0289740914161934
1032,0.900445885956287,1,0,0.117415521642991,0.0580160157824073,-0.0593995058605833
1033,0.238783160224557,0,0,0.104380952087472,0.0617395472155959,-0.0426414048718764
1034,0.0741634704172611,1,0,0.101342885289728,0.0627000605162613,-0.0386428247734664
1035,-0.494716345798224,0,0,0.0914408359915099,0.0661276407927852,-0.0253131951987247
1036,0.30958619248122,0,0,0.10571220011779,0.0613306714561803,-0.04438152866161
1037,0.956744741648436,0,1,0.11858739762508,0.057709106148037,-0.0608782914770434
1038,0.626819731201977,0,0,0.111862053300866,0.0595295976109122,-0.0523324556899542
1039,0.0197573760524392,0,0,0.100356195304236,0.0630205601375484,-0.0373356351666874
1040,-0.449260849971324,0,0,0.0921989296715486,0.0658474844004393,-0.0263514452711093
1041,-0.184306127019227,0,0,0.0967310587173335,0.0642363331349801,-0.0324947255823534
1042,0.839822348672897,1,0,0.116164865686623,0.0583482134637313,-0.0578166522228919
1043,0.14876289665699,0,0,0.102709781442559,0.0622630764867635,-0.0404467049557955
1044,0.0752316429279745,0,0,0.101362343176063,0.062693783291779,-0.0386685598842841
1045,0.304259076248854,1,0,0.105611520364328,0.0613613464164484,-0.04425017394788
1046,0.0185160054825246,1,1,0.100333782142195,0.063027890700435,-0.0373058914417596
1047,0.594591344706714,0,0,0.111223282426335,0.0597102872345956,-0.0515129951917392
1048,0.667327902279794,0,0,0.112669476594434,0.059303213513546,-0.053366263080888
1049,-0.248713779263198,0,0,0.0956113777152975,0.064624576024543,-0.0309868016907545
1050,0.719029565341771,0,0,0.11370739979163,0.0590154451600368,-0.0546919546315932
1051,0.910891204606742,0,0,0.117632182558532,0.0579589582979735,-0.0596732242605584
1052,0.934212872758508,1,0,0.118117180488412,0.0578317538432548,-0.060285426645157
1053,0.785844870842993,0,0,0.1150610702975,0.0586454936675305,-0.05641557662997
1054,-0.526984873227775,1,0,0.09090607781455,0.066327193569997,-0.0245788842445529
1055,0.622617416083813,1,0,0.111778581429862,0.0595531289739305,-0.0522254524559319
1056,-0.968582080677152,1,0,0.0838661046237904,0.0691148451620664,-0.014751259461724
1057,0.989815371111035,0,0,0.119280481265475,0.0575295349680488,-0.0617509462974262
1058,-0.328205996192992,1,0,0.0942454523345343,0.0651067587318223,-0.0291386936027121
1059,0.720433559734374,1,0,0.113735701218283,0.059007648893703,-0.0547280523245798
1060,-0.00930034695193172,1,0,0.0998327182653498,0.0631923610219177,-0.0366403572434321
1061,0.229498064145446,1,0,0.104207475088147,0.0617933556040661,-0.0424141194840809
1062,0.866504786070436,0,0,0.116713889282228,0.0582017829273258,-0.0585121063549026
1063,-0.818855739198625,0,0,0.086195732855852,0.0681577287788849,-0.0180380040769671
1064,0.163158154115081,1,0,0.102975419875213,0.0621790807242642,-0.0407963391509491
1065,-0.317021150141954,1,0,0.0944365806898099,0.0650387120641856,-0.0293978686256243
1066,0.56034358497709,0,0,0.11054798688612,0.0599028613679397,-0.0506451255181805
1067,-0.441371160559356,1,1,0.0923310853821232,0.0657989702840773,-0.0265321150980459
1068,0.656011648010463,0,0,0.112443406217464,0.0593663742488108,-0.0530770319686533
1069,-0.600123416166753,0,0,0.0897044245870859,0.0667815643418368,-0.0229228602452492
1070,0.411080059595406,1,0,0.107646603608614,0.0607489740188007,-0.0468976295898134
1071,-0.371212071739137,0,1,0.093513782708968,0.0653690176477757,-0.0281447650611923
1072,0.688122038263828,1,0,0.113085925849593,0.0591873168829723,-0.0538986089666204
1073,0.356474075000733,0,0,0.106602012824629,0.0610612961249827,-0.0455407166996459
1074,-0.796498992945999,0,0,0.086548575542367,0.0680158730618738,-0.0185327024804932
1075,0.517415888141841,0,0,0.109706613874911,0.0601450637885717,-0.0495615500863396
1076,-0.497856474947184,0,1,0.0913886733623167,0.0661470352321479,-0.0252416381301688
1077,-0.663163070101291,0,1,0.0886802038037634,0.0671755132979999,-0.0215046905057635
1078,0.0392811927013099,0,0,0.100709286750864,0.0629053723220225,-0.0378039144288414
1079,0.401787650771439,1,1,0.107468210190083,0.0608020167899554,-0.0466661934001279
1080,-0.360038433223963,0,0,0.0937033903994695,0.0653007844313259,-0.0284026059681436
1081,0.405103110242635,0,0,0.107531829721739,0.0607830865717163,-0.0467487431500224
1082,0.0605524582788348,1,0,0.101095236403602,0.0627800983777553,-0.0383151380258472
1083,-0.569986650254577,0,0,0.0901978221020073,0.0665939916643641,-0.0236038304376432
1084,0.1600840264,0,0,0.102918641389621,0.0621970092497263,-0.0407216321398949
1085,0.0691649443469942,0,0,0.101251875910152,0.062729442657521,-0.0385224332526314
1086,-0.00724284024909139,1,0,0.0998697043951203,0.0631801818648099,-0.0366895225303104
1087,0.10183015698567,1,0,0.10184793297753,0.0625376634038827,-0.0393102695736475
1088,-0.563254526350647,0,0,0.0903083736300522,0.0665521575069575,-0.0237562161230947
1089,-0.178832114674151,1,0,0.0968267584063588,0.0642034366800527,-0.0326233217263061
1090,0.332571427337825,0,0,0.106147580134373,0.061198480596664,-0.0449490995377086
1091,-0.41693218331784,0,0,0.0927415292757341,0.0656489045124394,-0.0270926247632946
1092,-0.669492406770587,0,0,0.0885779546896817,0.0672151856642905,-0.0213627690253912
1093,-0.165171790868044,1,0,0.0970659444367529,0.0641214124458911,-0.0329445319908618
1094,0.96994252037257,0,0,0.118863573558668,0.0576373801357066,-0.0612261934229612
1095,0.632263009436429,0,0,0.11197025578936,0.0594991302744633,-0.0524711255148964
1096,-0.9080571946688,1,0,0.0848008584799316,0.0687264543320672,-0.0160744041478644
1097,0.0742353377863765,0,0,0.101344194325494,0.0626996381619509,-0.0386445561635428
1098,0.422482437919825,0,0,0.107865859477241,0.060683946293414,-0.0471819131838268
1099,0.220938518643379,1,0,0.104047779565291,0.0618429981321595,-0.042204781433131
1100,-0.0487325587309897,1,0,0.0991262273539402,0.0634261985792633,-0.0357000287746769
1101,-0.0633609523065388,1,0,0.0988652698500722,0.0635131516036925,-0.0353521182463798
1102,0.826966003980488,1,0,0.115901132423614,0.0584188910988322,-0.0574822413247822
1103,0.397037229500711,0,0,0.107377113234632,0.0608291497935639,-0.0465479634410678
1104,0.479687254410237,1,1,0.108971782249445,0.0603586890930516,-0.0486130931563929
1105,0.19772626971826,0,0,0.103615796699951,0.0619778090336623,-0.0416379876662888
1106,0.913453567773104,1,0,0.117685385003768,0.0579449694520352,-0.0597404155517327
1107,0.584286046214402,1,0,0.11101970438227,0.059768172560146,-0.0512515318221244
1108,0.386852108407766,0,0,0.10718202612151,0.0608873623690253,-0.0462946637524842
1109,0.912299213465303,0,0,0.117661414520173,0.0579512710878518,-0.0597101434323216
1110,-0.241669000126421,0,0,0.095733279338507,0.0645820046333357,-0.0311512747051713
1111,0.16778556117788,0,0,0.103060939382661,0.0621521024644847,-0.0409088369181761
1112,0.686144493985921,1,0,0.113046263370441,0.0591983296357844,-0.0538479337346569
1113,-0.0237058931961656,0,0,0.0995741024228715,0.0632776942205349,-0.0362964082023366
1114,0.911706156563014,0,0,0.117649101176469,0.0579545088436093,-0.0596945923328599
1115,0.937329637352377,0,1,0.118182127822919,0.0578147737927747,-0.0603673540301439
1116,-0.40080628823489,0,0,0.0930132542435876,0.0655500589374759,-0.0274631953061117
1117,-0.647218968253583,1,0,0.0889382498322331,0.0670756717522297,-0.0218625780800034
1118,0.98837382113561,1,0,0.119250196861415,0.0575373515343697,-0.0617128453270457
1119,0.254152283072472,0,0,0.104668659970685,0.0616505772505837,-0.0430180827201016
1120,-0.115975459571928,0,0,0.0979317239974923,0.0638268182766507,-0.0341049057208416
1121,-0.416669473517686,1,0,0.0927459502791202,0.0656472930918778,-0.0270986571872423
1122,-0.159289274830371,0,0,0.0971691069492846,0.064086120601389,-0.0330829863478955
1123,0.884218407794833,1,0,0.11707961118354,0.0581047628389064,-0.0589748483446341
1124,-0.234801954124123,1,0,0.0958522392316793,0.0645405324074367,-0.0313117068242426
1125,-0.276664819568396,0,0,0.0951290848418131,0.0647937408942699,-0.0303353439475431
1126,0.663101836573333,0,1,0.112585004014551,0.0593267935796208,-0.0532582104349298
1127,0.526371365878731,1,0,0.109881674428177,0.0600944605273833,-0.0497872139007935
1128,-0.839680656790733,1,0,0.0858682385512769,0.0682901115269396,-0.0175781270243373
1129,0.851708076428622,1,0,0.116409151401147,0.0582829431487522,-0.0581262082523945
1130,0.860638129059225,1,0,0.116592982874138,0.0582339489539507,-0.0583590339201869
1131,-0.761690334416926,0,0,0.0871005420848671,0.067795553483066,-0.0193049886018011
1132,0.813652886543423,1,1,0.115628577466431,0.0584921644633157,-0.0571364130031152
1133,-0.3234350560233,1,0,0.0943269364651198,0.0650777250604411,-0.0292492114046786
1134,0.149239791091532,0,0,0.102718571939864,0.0622602921306448,-0.0404582798092195
1135,0.9259600546211,1,0,0.117945357025898,0.0578767375858509,-0.0600686194400476
1136,0.27349943574518,0,0,0.105031831516531,0.0615387492652001,-0.0434930822513311
1137,0.693945321720093,1,0,0.113202790651829,0.0591548987300672,-0.0540478919217617
1138,-0.40313611831516,0,0,0.0929739519710356,0.0655643313481931,-0.0274096206228426
1139,-0.0534612904302776,0,0,0.0990418040125195,0.0634542946132986,-0.0355875093992209
1140,-0.511054405476898,1,0,0.0911697268967363,0.0662286076634657,-0.0249411192332706
1141,-0.46356100961566,0,0,0.091959828930161,0.0659355015907468,-0.0260243273394142
1142,0.0401499168947339,0,0,0.100725023378551,0.062900251536209,-0.0378247718423415
1143,0.879384823143482,1,0,0.116979716730662,0.0581312220217013,-0.0588484947089611
1144,-0.297878672834486,1,0,0.0947644959153774,0.0649224060649617,-0.0298420898504157
1145,-0.339768961537629,1,0,0.0940482270343711,0.0651771754397501,-0.028871051594621
1146,-0.509285214357078,0,0,0.0911990493977683,0.0662176674042673,-0.0249813819935011
1147,0.618810280226171,0,0,0.111703006139338,0.0595744550056343,-0.052128551133704
1148,0.895006609614938,0,0,0.117302835073076,0.0580457486606555,-0.0592570864124207
1149,-0.362625137437135,0,1,0.0936594654631796,0.0653165745677055,-0.028342890895474
1150,-0.281634486746043,0,0,0.0950435619295667,0.0648238613609231,-0.0302197005686436
1151,-0.40399851417169,0,0,0.0929594078587501,0.0655696150704011,-0.0273897927883489
1152,-0.197276619728655,1,0,0.0965046385232164,0.0643143428819246,-0.0321902956412918
1153,0.897873078007251,1,0,0.117362208576399,0.0580300778173932,-0.0593321307590058
1154,-0.835939528420568,1,1,0.0859269886406829,0.0682663118536265,-0.0176606767870565
1155,-0.358389442320913,0,0,0.0937314016249423,0.0652907202742692,-0.0284406813506731
1156,0.249615550041199,1,0,0.10458366017425,0.0616768273728276,-0.0429068328014226
1157,-0.452510945033282,1,0,0.0921445386134812,0.0658674790741165,-0.0262770595393647
1158,-0.0681959968060255,0,0,0.0987791515416136,0.0635419161466508,-0.0352372353949629
1159,-0.256719058845192,1,0,0.0954730242692329,0.0646729833996926,-0.0308000408695403
1160,0.742489128373563,0,0,0.114181099175044,0.058885302750481,-0.0552957964245635
1161,-0.315143350511789,0,0,0.094468702833338,0.0650272943454789,-0.029441408487859
1162,0.307501298375428,0,0,0.105672786616938,0.0613426751267534,-0.0443301114901849
1163,-0.581622940022498,0,1,0.0900070243054813,0.0666663584359419,-0.0233406658695395
1164,-0.0734070735052228,0,0,0.0986864104129007,0.0635729313686113,-0.0351134790442894
1165,-0.469760472886264,1,0,0.0918563462704103,0.0659736931280872,-0.025882653142323
1166,-0.910941912326962,0,1,0.0847560928058713,0.0687449197248079,-0.0160111730810634
1167,-0.557827852666378,0,0,0.0903975765419999,0.0665184533281386,-0.0238791232138614
1168,0.21337815374136,0,0,0.103906905710391,0.0618868767244502,-0.0420200289859408
1169,-0.637947138864547,1,0,0.0890886204093013,0.0670176751489305,-0.0220709452603708
1170,0.715578522533178,1,0,0.113637860478048,0.0590346126225745,-0.0546032478554738
1171,-0.494820220395923,1,0,0.0914391100381116,0.0661282822709267,-0.0253108277671849
1172,0.602062804624438,0,0,0.111371083006155,0.0596683525429899,-0.0517027304631654
1173,0.179475046694279,1,0,0.103277253788254,0.0620840002307517,-0.0411932535575022
1174,-0.74264319287613,0,0,0.0874039219333846,0.0676752759025558,-0.0197286460308289
1175,-0.723537459503859,0,0,0.0877091946154361,0.0675548271676085,-0.0201543674478276
1176,0.0797240873798728,1,0,0.1014442140671,0.062667389403598,-0.0387768246635023
1177,0.658944135997444,1,0,0.112501951917003,0.0593500007629117,-0.0531519511540914
1178,0.159247039351612,1,0,0.102903187217594,0.0622018914519858,-0.0407012957656081
1179,0.567594663240016,1,1,0.110690662985312,0.0598620403055628,-0.0508286226797491
1180,-0.982880250085145,1,0,0.0836466528666842,0.0692068933946111,-0.0144397594720731
1181,0.282846311572939,1,0,0.105207682842312,0.061484791555894,-0.0437228912864182
1182,0.252511442173272,0,0,0.104637910292455,0.0616600701624412,-0.0429778401300135
1183,-0.0789690990932286,0,0,0.0985875090288945,0.0636060509319272,-0.0349814580969673
1184,-0.16523532057181,0,1,0.0970648308411166,0.06412179368779,-0.0329430371533266
1185,0.0354547072201967,0,0,0.100639997321713,0.0629279325712564,-0.0377120647504564
1186,0.0339477127417922,0,1,0.10061272051239,0.0629368196028242,-0.0376759009095654
1187,-0.239641115535051,1,0,0.0957683952480958,0.064569755027051,-0.0311986402210448
1188,0.887589369900525,1,0,0.117149321780191,0.058086316783369,-0.0590630049968215
1189,0.471322629600763,1,0,0.108809452594201,0.0604061469452798,-0.0484033056489216
1190,-0.435855791904032,0,0,0.0924235712215356,0.0657650757254436,-0.0266584954960921
1191,0.862400422804058,1,0,0.116629290699782,0.0582242848017407,-0.0584050058980417
1192,-0.778454000130296,1,0,0.0868343215251183,0.0679015754960564,-0.0189327460290619
1193,-0.0405166000127792,0,0,0.0992730614239228,0.0633774105625198,-0.035895650861403
1194,0.407324889209121,0,0,0.107574481422816,0.0607704040058775,-0.0468040774169385
1195,0.887155428994447,0,0,0.117140345979706,0.0580886910192534,-0.0590516549604523
1196,-0.0539018800482154,1,0,0.0990339413055009,0.0634569129929047,-0.0355770283125963
1197,-0.757248430512846,0,0,0.0871712067437167,0.0677674863428568,-0.01940372040086
1198,-0.802914769854397,0,1,0.086447185750819,0.0680565537615686,-0.0183906319892503
1199,0.639225316699594,0,0,0.112108787122627,0.0594601818572212,-0.0526486052654062
1200,0.962412296794355,1,0,0.118705928447999,0.0576782944074028,-0.0610276340405958
1201,0.0983639247715473,0,1,0.10178453580791,0.0625579878625925,-0.0392265479453174
1202,0.662560141645372,0,0,0.112574180361876,0.0593298166954485,-0.0532443636664271
1203,0.456737437751144,1,0,0.108526910127524,0.0604889815702975,-0.0480379285572267
1204,0.8980393409729,1,0,0.117365653200504,0.0580291689876744,-0.0593364842128297
1205,0.604236178100109,0,0,0.111414108969822,0.0596561593372893,-0.051757949632533
1206,0.871225557290018,1,0,0.116811259031474,0.0581759117298828,-0.0586353473015916
1207,0.788118681870401,0,0,0.115107383210604,0.0586329420806325,-0.0564744411299716
1208,0.192909799981862,1,0,0.103526360535456,0.0620058162401473,-0.0415205442953089
1209,-0.603740541264415,1,0,0.0896453690103789,0.0668041104445682,-0.0228412585658107
1210,-0.191407622769475,0,0,0.0966070323292513,0.0642790334569888,-0.0323279988722624
1211,0.480529999360442,0,0,0.108988148918071,0.0603539095985196,-0.0486342393195511
1212,-0.501843980979174,0,0,0.0913224730031949,0.06617167095852,-0.025150802044675
1213,0.531061314046383,1,0,0.10997345060605,0.0600679757032446,-0.049905474902805
1214,0.868266754318029,1,0,0.116750223069971,0.0581921255672656,-0.058558097502705
1215,0.684509287588298,1,0,0.11301347613552,0.059207437392352,-0.0538060387431684
1216,0.886637346353382,0,0,0.117129630540401,0.0580915257419791,-0.0590381047984217
1217,-0.412349133286625,0,0,0.0928186821303589,0.0656207980796827,-0.0271978840506761
1218,-0.166204638313502,1,0,0.0970478413369682,0.0641276108276757,-0.0329202305092926
1219,0.52527959132567,0,0,0.109860319457513,0.0601006275064733,-0.0497596919510401
1220,-0.136149812489748,0,0,0.0975758568896829,0.0639474721265304,-0.0336283847631526
1221,-0.338136864360422,1,0,0.0940760426867322,0.0651672319223902,-0.028908810764342
1222,0.530079893767834,1,0,0.109954239932642,0.0600735170231292,-0.0498807229095123
1223,-0.139426801819354,1,0,0.097518161174943,0.0639670903956406,-0.0335510707793025
1224,-0.885589953511953,1,0,0.0851502447809858,0.0685827962174412,-0.0165674485635447
1225,-0.352295847609639,1,0,0.0938349779827786,0.06525354223007,-0.0285814357527086
1226,0.698550158645958,1,0,0.113295277590811,0.059129275437424,-0.0541660021533869
1227,0.0800275430083275,0,0,0.101449746396426,0.0626656069231959,-0.0387841394732305
1228,0.679019572213292,0,0,0.112903463505469,0.0592380235597831,-0.0536654399456862
1229,-0.375606443267316,1,0,0.0934393080632517,0.065395870588446,-0.0280434374748057
1230,-0.805752721149474,0,0,0.086402371358491,0.0680745556343248,-0.0183278157241662
1231,0.0402297619730234,1,0,0.100726469853116,0.06289978090054,-0.037826688952576
1232,0.612374968361109,1,0,0.111575360613263,0.0596105192790839,-0.0519648413341789
1233,-0.0300880125723779,0,0,0.0994597178852717,0.0633155339027219,-0.0361441839825498
1234,-0.830717390403152,1,0,0.0860090571679111,0.0682331033986359,-0.0177759537692752
1235,0.0270961821079254,0,0,0.10048878962833,0.062977239138908,-0.0375115504894216
1236,-0.351994110271335,1,0,0.0938401094522145,0.0652517017917043,-0.0285884076605102
1237,0.096774754114449,1,0,0.101755481676659,0.0625673081201271,-0.0391881735565319
1238,-0.396215660031885,1,0,0.0930907379124418,0.0655219454558115,-0.0275687924566303
1239,-0.947756657842547,1,0,0.0841866739795546,0.0689809787629224,-0.0152056952166322
1240,-0.109552524983883,1,0,0.0980452644477604,0.0637884500943704,-0.03425681435339
1241,0.155300067272037,0,0,0.102830337805344,0.0622249192305012,-0.040605418574843
1242,-0.812976066023111,0,0,0.0862884016394054,0.0681203951304124,-0.018168006508993
1243,0.824716741684824,1,0,0.115855044879017,0.0584312646478934,-0.057423780231124
1244,0.910189532674849,1,0,0.117617617353225,0.0579627895257268,-0.0596548278274979
1245,-0.0816827481612563,1,0,0.0985392882157551,0.063622215427076,-0.0349170727886791
1246,-0.665082871448249,1,0,0.0886491785611466,0.0671875443418807,-0.0214616342192659
1247,-0.951001533307135,0,0,0.084136651968833,0.0690018211127393,-0.0151348308560937
1248,-0.533473348245025,0,0,0.0907988904113684,0.0663673866396466,-0.0244315037717218
1249,-0.0404033814556897,0,0,0.0992750861958873,0.063376738492399,-0.0358983477034883
1250,0.193555312696844,0,0,0.103538342981912,0.0620020619736598,-0.0415362810082518
1251,-0.33822198305279,1,0,0.0940745918360341,0.0651677504713312,-0.0289068413647029
1252,-0.508119156584144,1,1,0.0912183802300369,0.0662104576969943,-0.0250079225330426
1253,0.542576550506055,0,0,0.110199073807811,0.0600029938188704,-0.0501960799889407
1254,0.202564749866724,1,0,0.103705710366684,0.0619496857353022,-0.0417560246313814
1255,-0.692919754423201,0,1,0.0882004163026297,0.0673622178278524,-0.0208381984747773
1256,0.317046349402517,1,0,0.105853335486329,0.0612877379666872,-0.0445655975196413
1257,0.573414313606918,1,0,0.11080529014128,0.0598292965298378,-0.0509759936114425
1258,0.183505790308118,0,0,0.103351935958737,0.0620605335236198,-0.0412914024351173
1259,-0.009871412999928,0,0,0.0998224548334041,0.0631957417650871,-0.036626713068317
1260,0.739978997036815,1,0,0.114130332177019,0.0588992148924691,-0.0552311172845499
1261,0.18805393949151,0,0,0.103436262059971,0.0620340644638587,-0.041402197596112
1262,0.823504880070686,1,0,0.115830220350303,0.0584379323100247,-0.0573922880402782
1263,0.579107359983027,1,0,0.110917524164727,0.0597972813088679,-0.0511202428558593
1264,0.221664850134403,0,0,0.104061322335709,0.0618387842041408,-0.0422225381315686
1265,-0.454115921631455,0,0,0.0921176896111457,0.0658773550153958,-0.0262403345957499
1266,-0.102425259537995,0,0,0.0981713929182503,0.0637458996637986,-0.0344254932544516
1267,-0.9701041970402,0,0,0.0838427179608259,0.0691246387940908,-0.014718079166735
1268,-0.830704308580607,1,1,0.0860092628444705,0.0682330202279257,-0.0177762426165448
1269,-0.0171094387769699,1,0,0.0996924513608821,0.0632386059042926,-0.0364538454565895
1270,-0.104129623621702,0,0,0.0981412182958968,0.0637560724672296,-0.0343851458286672
1271,0.468300787266344,1,0,0.108750860865019,0.0604233003681595,-0.0483275604968592
1272,0.486772754229605,1,0,0.109109454574367,0.0603185158299458,-0.0487909387444215
1273,-0.135804270859808,1,0,0.0975819423793713,0.0639454038079396,-0.0336365385714317
1274,0.165995474904776,1,0,0.103027849191677,0.0621625375553569,-0.0408653116363201
1275,0.982042997609824,0,0,0.119117276202579,0.0575716911853847,-0.0615455850171942
1276,-0.864600331988186,0,0,0.0854778317577083,0.0684488375546767,-0.0170289942030316
1277,-0.636806443799287,1,0,0.0891071360452245,0.0670105431562759,-0.0220965928889486
1278,0.557410857174546,1,0,0.110490326717888,0.0599193790122255,-0.0505709477056629
1279,-0.222062796354294,0,0,0.0960732734817267,0.0644636623292527,-0.031609611152474
1280,-0.73357396479696,1,1,0.0875487106972643,0.0676180757373009,-0.0199306349599633
1281,-0.933759761042893,1,0,0.084402755488708,0.0688911412608102,-0.0155116142278978
1282,0.875670184381306,1,0,0.11690299749927,0.0581515637441765,-0.0587514337550934
1283,-0.0763009157963097,0,0,0.0986349424174992,0.0635901609967892,-0.03504478142071
1284,-0.257972791790962,1,0,0.0954513725101983,0.0646805676929324,-0.0307708048172659
1285,0.0687734903767705,0,0,0.101244751675508,0.062731744229384,-0.0385130074461242
1286,0.911751653533429,1,0,0.117650045767747,0.057954260449833,-0.0596957853179141
1287,0.15133771719411,0,0,0.102757250493688,0.0622480447345435,-0.040509205759145
1288,0.65055558597669,1,0,0.112334549390065,0.0593968493205372,-0.0529377000695277
1289,-0.214416367933154,1,0,0.0962061636065576,0.0644175635278789,-0.0317886000786786
1290,-0.649323232471943,0,0,0.0889041547668732,0.0670888407063154,-0.0218153140605579
1291,-0.663001752458513,0,0,0.0886828112485043,0.0671745024408985,-0.0215083088076058
1292,-0.0668952227570117,0,1,0.098802313416559,0.0635341764158093,-0.0352681370007497
1293,-0.419515776447952,1,0,0.0926980614407869,0.0656647538253548,-0.0270333076154321
1294,0.711257477290928,1,0,0.113550842689509,0.0590586203987116,-0.0544922222907976
1295,0.898130191490054,0,0,0.117367535471987,0.0580286723845291,-0.0593388630874583
1296,0.822108650114387,0,0,0.115801624836376,0.0584456152514464,-0.0573560095849298
1297,-0.369006423279643,1,0,0.093551183517887,0.0653555433297403,-0.0281956401881467
1298,0.629330483265221,0,0,0.111911951133458,0.0595155425128887,-0.0523964086205691
1299,-0.846564775332808,0,0,0.0857602265378238,0.0683339258331085,-0.0174263007047153
1300,0.393417481798679,1,1,0.107307744368821,0.0608498323249495,-0.0464579120438716
1301,-0.795840171631426,0,0,0.0865589931183874,0.0680116969312525,-0.0185472961871349
1302,-0.763428519945592,1,0,0.087072904022375,0.0678065395220869,-0.0192663645002882
1303,0.0857984088361263,1,0,0.101555006569811,0.0626317182024908,-0.0389232883673204
1304,0.422150011640042,1,0,0.107859461713618,0.0606858411975862,-0.0471736205160321
1305,-0.911078296136111,1,0,0.0847539769032973,0.0687457928462111,-0.0160081840570861
1306,-0.185224409680814,0,0,0.0967150130703442,0.0642418531553873,-0.0324731599149569
1307,-0.579058904666454,1,0,0.0900490349900334,0.0666504062791689,-0.0233986287108645
1308,-0.0652154814451933,0,1,0.0988322304216708,0.0635241830933715,-0.0353080473282994
1309,0.640888157300651,1,0,0.112141895359325,0.0594508831574566,-0.0526910122018685
1310,-0.45068183215335,0,0,0.0921751456732601,0.0658562256274834,-0.0263189200457767
1311,-0.00559626333415508,1,0,0.0998993123484654,0.0631704367327966,-0.0367288756156688
1312,0.595554071012884,0,0,0.111242317463173,0.0597048822398605,-0.0515374352233126
1313,0.719462299253792,1,0,0.113716122097208,0.0590130421210009,-0.0547030799762072
1314,0.247135660145432,1,0,0.1045372229691,0.0616911807492442,-0.0428460422198562
1315,0.721064728219062,0,0,0.113748426181683,0.0590041443811357,-0.0547442818005471
1316,0.935620245989412,1,0,0.118146503590848,0.0578240859318439,-0.0603224176590043
1317,-0.757521831430495,0,0,0.0871668558091837,0.0677692135750452,-0.0193976422341385
1318,-0.811338277999312,0,0,0.0863142306697277,0.0681099991862644,-0.0182042314834633
1319,-0.348382796626538,1,0,0.0939015444641615,0.0652296784330932,-0.0286718660310683
1320,0.788405711296946,0,0,0.115113230569726,0.0586313578383333,-0.0564818727313924
1321,-0.00563910510390997,0,1,0.0998985418895199,0.063170690270576,-0.036727851618944
1322,-0.464210068341345,1,1,0.0919489898057513,0.0659394991269774,-0.0260094906787739
1323,0.744660778902471,0,0,0.114225036323851,0.0588732690886373,-0.0553517672352136
1324,0.434823478106409,1,0,0.108103607138133,0.060613638757466,-0.047489968380667
1325,0.389702134300023,0,1,0.107236584434094,0.0608710679342335,-0.0463655164998605
1326,-0.604416377842426,0,0,0.0896343387423631,0.0668083238224452,-0.022826014919918
1327,0.23870594240725,1,1,0.104379508345977,0.0617399945227485,-0.0426395138232284
1328,-0.950470191426575,0,0,0.0841448411248001,0.0689984078203906,-0.0151464333044095
1329,-0.0314231291413307,1,0,0.0994358038371479,0.0633234524971042,-0.0361123513400438
1330,0.464302762877196,1,0,0.108673384115303,0.0604460020715957,-0.0482273820437074
1331,-0.0760851604864001,0,0,0.0986387788761675,0.0635888762625564,-0.0350499026136111
1332,0.607186436653137,1,0,0.111472538077614,0.0596396113327074,-0.0518329267449071
1333,0.187371568754315,1,0,0.103423606514372,0.0620380350139255,-0.041385571500447
1334,0.586548169609159,0,0,0.111064363991291,0.0597554616114025,-0.0513089023798887
1335,-0.728863073047251,1,0,0.0876240048642874,0.0675883815586469,-0.0200356233056405
1336,0.573578262701631,1,0,0.110808520880668,0.0598283743269043,-0.0509801465537637
1337,0.739280642475933,0,0,0.114116211566438,0.0589030859978463,-0.0552131255685917
1338,-0.085683083627373,1,0,0.0984682416420262,0.0636460513578681,-0.0348221902841581
1339,-0.202833636663854,1,0,0.0964077770494004,0.0643477920005311,-0.0320599850488693
1340,0.286040163133293,1,0,0.105267831223799,0.0614663642042791,-0.0438014670195198
1341,-0.408693071920425,1,0,0.092880271005632,0.0655983846056011,-0.0272818864000309
1342,0.414785384200513,0,0,0.107717810125495,0.0607278354196906,-0.0469899747058047
1343,-0.867584841325879,0,0,0.0854311826634785,0.0684678703101214,-0.0169633123533571
1344,-0.722444356884807,0,0,0.0877266893958882,0.0675479419115232,-0.020178747484365
1345,0.213377252221107,1,0,0.103906888922235,0.0618868819583967,-0.0420200069638384
1346,0.248862299136817,1,0,0.104569553240106,0.0616811867903774,-0.0428883664497282
1347,-0.154819594696164,0,0,0.0972475577632176,0.0640593170896284,-0.0331882406735892
1348,0.272861507255584,1,0,0.105019839046658,0.0615424335157412,-0.043477405530917
1349,-0.417152072302997,0,0,0.092737829026504,0.0656502533051349,-0.0270875757213691
1350,-0.284549952019006,0,0,0.0949934217716512,0.0648415376578438,-0.0301518841138074
1351,0.587273634038866,0,0,0.111078689685535,0.0597513857380783,-0.0513273039474562
1352,0.81573718925938,1,0,0.115671211876613,0.0584806870912506,-0.0571905247853623
1353,-0.914364515338093,1,0,0.0847030079242196,0.0687668341404879,-0.0159361737837317
1354,0.32650890480727,0,0,0.106032592304077,0.0612333210120509,-0.0447992712920264
1355,0.867028246168047,1,0,0.116724682599593,0.0581989136819462,-0.0585257689176467
1356,-0.258650876581669,1,0,0.0954396639290947,0.0646846700230309,-0.0307549939060638
1357,-0.972756040282547,0,0,0.0838019876827973,0.0691417044066597,-0.0146602832761377
1358,-0.248966089449823,1,0,0.0956070143599353,0.0646261012119736,-0.0309809131479617
1359,0.0609389799647033,0,0,0.101102261651072,0.0627778241706093,-0.0383244374804629
1360,0.801517027895898,1,0,0.115380609719894,0.0585590334662888,-0.0568215762536053
1361,0.49964261893183,1,0,0.109359908390574,0.0602456104536967,-0.0491142979368775
1362,-0.757813080213964,1,0,0.0871622210576864,0.0677710536074621,-0.0193911674502242
1363,-0.660233851987869,0,0,0.0887275607669804,0.0671571602761614,-0.0215704004908189
1364,-0.968016494531184,1,0,0.0838747961215945,0.0691112063835417,-0.0147635897380528
1365,-0.674830873031169,1,0,0.0884917956396355,0.0672486641428468,-0.0212431314967887
1366,-0.903799654915929,1,0,0.084866967101834,0.0686992097485114,-0.0161677573533226
1367,-0.54671246977523,0,1,0.0905805374384376,0.0664494669958289,-0.0241310704426086
1368,0.658529195934534,0,0,0.112493666223537,0.0593523173151479,-0.0531413489083889
1369,0.92895122198388,1,0,0.118007608022509,0.0578604297981096,-0.0601471782243997
1370,-0.282705043442547,0,0,0.0950251477493091,0.0648303515630077,-0.0301947961863013
1371,-0.517703797202557,0,0,0.0910595959862301,0.0662697409465368,-0.0247898550396933
1372,-0.119069204200059,0,0,0.0978770766327698,0.0638453068098849,-0.0340317698228849
1373,0.107443633489311,0,0,0.101950677369595,0.0625047615218384,-0.0394459158477563
1374,0.920871975366026,0,0,0.117839531276853,0.0579044876081351,-0.0599350436687183
1375,-0.584063726477325,0,0,0.0899670494130345,0.0666815470928499,-0.0232855023201846
1376,0.585177505388856,0,1,0.111037301995775,0.0597631631182848,-0.0512741388774903
1377,0.2550337635912,0,0,0.104685182382147,0.0616454781018929,-0.0430397042802545
1378,-0.527743015438318,1,0,0.0908935476894186,0.066331888739635,-0.0245616589497835
1379,0.0446508876048028,0,0,0.100806591819804,0.0628737263189701,-0.0379328655008335
1380,0.859077663626522,0,0,0.116560841426099,0.05824250756645,-0.0583183338596495
1381,0.0993619477376342,0,0,0.101802785997448,0.0625521352637205,-0.039250650733727
1382,-0.30149626173079,0,0,0.0947024477263923,0.0649443709950344,-0.0297580767313579
1383,-0.872009368613362,1,0,0.0853620679741763,0.0684960953430901,-0.0168659726310862
1384,0.156399892643094,0,0,0.10285063273325,0.0622185017308545,-0.0406321310023952
1385,-0.0671267681755126,1,1,0.0987981901130768,0.0635355540690503,-0.0352626360440265
1386,-0.748024875298142,1,0,0.087318106635505,0.067709239708288,-0.0196088669272169
1387,-0.0539037985727191,1,0,0.0990339070689684,0.0634569243947223,-0.0355769826742461
1388,-0.476675630081445,1,0,0.0917410406112009,0.0660163179238382,-0.0257247226873627
1389,-0.397106777410954,0,0,0.0930756925129411,0.0655274018736354,-0.0275482906393057
1390,-0.908490436151624,1,0,0.0847941339759065,0.0687292272649208,-0.0160649067109857
1391,0.480273129418492,1,0,0.108983160104026,0.0603553663581952,-0.0486277937458307
1392,-0.0812447085045278,1,0,0.0985470706404106,0.0636196058807095,-0.0349274647597011
1393,0.203238795511425,1,0,0.103718241657373,0.0619457688421515,-0.0417724728152217
1394,-0.272266414947808,1,0,0.0952048343467674,0.0647670936375404,-0.030437740709227
1395,0.987405498512089,1,0,0.119229857856105,0.0575426026635289,-0.0616872551925765
1396,-0.3956234510988,0,0,0.0931007378247329,0.0655183195236848,-0.0275824183010481
1397,-0.565652977209538,0,0,0.0902689734969522,0.0665670589446013,-0.0237019145523509
1398,-0.0627894019708037,0,0,0.098875454307049,0.0635097521510461,-0.0353657021560029
1399,-0.512478402350098,1,0,0.0911461317923386,0.066237414542902,-0.0249087172494366
1400,0.747676857281476,1,0,0.114286082488828,0.0588565600638639,-0.0554295224249639
1401,0.421823788899928,1,0,0.107853183665531,0.0606877007940017,-0.0471654828715291
1402,0.905999804846942,1,0,0.117530680111904,0.0579856709777375,-0.0595450091341665
1403,0.970658048056066,0,0,0.118878562538066,0.0576334938477416,-0.0612450686903241
1404,-0.0513884332031012,1,0,0.0990788034191445,0.0634419771837057,-0.0356368262354388
1405,-0.664659202098846,1,0,0.0886560244916185,0.067184889111632,-0.0214711353799865
1406,0.842001227196306,0,1,0.116209614519436,0.0583362430510254,-0.057873371468411
1407,0.62344869133085,1,0,0.11179508898325,0.0595484734582019,-0.0522466155250478
1408,0.564886777661741,1,0,0.11063736232643,0.0598772817165567,-0.0507600806098731
1409,-0.740705589298159,0,0,0.0874348372629948,0.0676630515523114,-0.0197717857106834
1410,0.403082015924156,1,0,0.10749304350229,0.0607946257209039,-0.0466984177813858
1411,-0.289739293511957,1,0,0.0949042340723404,0.0648730114329707,-0.0300312226393697
1412,-0.259138009045273,1,0,0.0954312533404443,0.0646876172643825,-0.0307436360760618
1413,-0.155790126416832,0,0,0.0972305184081192,0.0640651362287333,-0.0331653821793858
1414,-0.205756918061525,0,1,0.0963568577177647,0.064365394487374,-0.0319914632303907
1415,-0.114267587196082,0,0,0.0979619032072564,0.0638166139946061,-0.0341452892126502
1416,-0.400226056575775,0,0,0.0930230445821014,0.0655465049196547,-0.0274765396624467
1417,-0.0914232954382896,0,0,0.0983663743113785,0.0636802688527794,-0.0346861054585991
1418,0.852841345127672,0,1,0.116432466592289,0.058276723396804,-0.0581557431954853
1419,0.960008707363158,1,1,0.11865564744479,0.0576913596675887,-0.0609642877772014
1420,-0.909384250175208,1,0,0.0847802622809725,0.068734948388641,-0.0160453138923315
1421,-0.191035878844559,1,0,0.0966135212481716,0.0642767975561239,-0.0323367236920478
1422,0.368343220092356,1,0,0.10682830282572,0.06099328241786,-0.0458350204078603
1423,0.18598970444873,1,1,0.103397982051398,0.0620460764746291,-0.0413519055767693
1424,-0.0984335034154356,1,0,0.0982420966403883,0.0637220800695368,-0.0345200165708516
1425,-0.553489582147449,1,0,0.0904689455018327,0.0664915204455144,-0.0239774250563183
1426,-0.344011176377535,0,0,0.0939759619084844,0.0652030276460801,-0.0287729342624043
1427,-0.874936352483928,0,0,0.0853163739879706,0.0685147731411629,-0.0168016008468077
1428,0.440214381553233,1,0,0.108207606253111,0.0605829504249561,-0.047624655828155
1429,0.97588399425149,0,0,0.118988086018394,0.0576051173151753,-0.061382968703219
1430,-0.320337632670999,1,0,0.0943798719488985,0.0650588820654263,-0.0293209898834722
1431,-0.361983137670904,0,0,0.0936703655662059,0.0653126552479874,-0.0283577103182185
1432,0.178542224690318,1,1,0.103259977139616,0.0620894322357283,-0.0411705449038878
1433,-0.57397178420797,1,0,0.0901324377095672,0.0666187672297963,-0.0235136704797709
1434,0.965082360897213,1,0,0.118761805485101,0.0576637839199692,-0.0610980215651316
1435,-0.464212919585407,0,0,0.0919489421931953,0.0659395166882142,-0.0260094255049811
1436,0.241117439698428,0,0,0.104424604438072,0.0617260266371052,-0.0426985778009669
1437,-0.556859571486712,0,0,0.0904135013546562,0.0665124411596696,-0.0239010601949866
1438,-0.679234445560724,0,0,0.0884207820702774,0.0672762913801175,-0.0211444906901599
1439,0.327309440821409,1,0,0.106047769772184,0.0612287193883588,-0.0448190503838251
1440,0.00617045909166336,1,0,0.100111123103992,0.0631008371313116,-0.0370102859726805
1441,0.43496563937515,0,0,0.108106348527466,0.0606128293015812,-0.0474935192258844
1442,0.837516997475177,0,1,0.11611753571031,0.0583608812057904,-0.05775665450452
1443,0.71498400811106,0,0,0.113625884618766,0.0590379152086566,-0.0545879694101097
1444,-0.39968559704721,0,0,0.0930321646711943,0.0655431946740886,-0.0274889699971057
1445,0.430680617224425,0,0,0.108023744451721,0.060637232346643,-0.0473865121050783
1446,-0.0916741965338588,0,0,0.0983619238958267,0.0636817648692526,-0.0346801590265741
1447,-0.0672225835733116,0,0,0.0987964839010151,0.063536124161433,-0.0352603597395821
1448,-0.204941599164158,1,0,0.0963710569765736,0.0643604846083128,-0.0320105723682607
1449,-0.874043482355773,1,0,0.0853303104887517,0.0685090750189804,-0.0168212354697713
1450,0.171674164012074,0,1,0.103132853588192,0.0621294399612513,-0.0410034136269404
1451,0.443537899293005,0,1,0.108271766001294,0.0605640381647326,-0.047707727836561
1452,-0.470840161200613,0,0,0.091838334606288,0.0659803466050421,-0.025857988001246
1453,0.723146554082632,0,0,0.113790406589633,0.0589925865922836,-0.0547978199973499
1454,-0.489978012628853,0,0,0.0915195980648981,0.0660983853374531,-0.025421212727445
1455,0.0483418530784547,1,0,0.100873524775363,0.062851982429688,-0.0380215423456749
1456,0.706680524162948,0,0,0.113458734760415,0.0590840599812096,-0.054374674779205
1457,0.912591391243041,0,0,0.117667481271827,0.0579496760246117,-0.0597178052472155
1458,-0.59058757731691,0,0,0.0898602811279593,0.0667221598351688,-0.0231381212927905
1459,0.475346278399229,1,0,0.108887511772311,0.060383313862432,-0.0485041979098788
1460,0.322230447549373,0,0,0.105951508923106,0.0612579198282101,-0.0446935890948957
1461,-0.26300285384059,0,0,0.0953645483313847,0.0647110047193219,-0.0306535436120628
1462,-0.45110525470227,0,0,0.0921680596123657,0.0658588305363027,-0.026309229076063
1463,0.717712721787393,0,1,0.113680860712738,0.059022758362295,-0.0546581023504429
1464,-0.953992581460625,1,0,0.0840905667912149,0.0690210382537141,-0.0150695285375009
1465,-0.662719325628132,0,0,0.0886873763984985,0.0671727327170233,-0.0215146436814752
1466,0.559514668770134,0,0,0.110531686948315,0.0599075295391175,-0.0506241574091971
1467,-0.886858887039125,0,0,0.085130476959022,0.0685909025065857,-0.0165395744524363
1468,-0.864428710192442,1,0,0.0854805149781343,0.0684477432405278,-0.0170327717376065
1469,0.620557294227183,1,0,0.111737680491506,0.0595646680534765,-0.0521730124380298
1470,-0.344726950395852,1,0,0.0939637737755439,0.0652073905385109,-0.028756383237033
1471,-0.890710196923465,0,0,0.0850705055979951,0.0686155111467158,-0.0164549944512793
1472,-0.290770312771201,1,0,0.0948865231728795,0.0648792663407547,-0.0300072568321248
1473,0.758783413562924,0,0,0.114511126941822,0.0587950682451661,-0.0557160586966558
1474,-0.102631227113307,1,0,0.098167745961408,0.0637471289379407,-0.0344206170234673
1475,0.547800519969314,1,1,0.110301563052166,0.0599735360264505,-0.0503280270257158
1476,0.368713917210698,0,0,0.106835377120404,0.0609911593550267,-0.0458442177653777
1477,-0.855511227622628,1,0,0.0856200404283942,0.06839090488602,-0.0172291355423743
1478,0.162621414288878,0,0,0.102965504407096,0.0621822106803187,-0.0407832937267768
1479,0.667802828364074,0,0,0.112678973097099,0.0593005641300833,-0.0533784089670161
1480,0.00708267977461219,1,0,0.100127560492223,0.0630954443777051,-0.0370321161145174
1481,0.80458269175142,0,0,0.115443205668946,0.0585421347874139,-0.0569010708815318
1482,-0.679503868333995,0,0,0.0884164389342306,0.0672779820329031,-0.0211384569013274
1483,0.0490472847595811,0,0,0.100886321752489,0.0628478274515919,-0.0380384943008971
1484,0.245354136452079,1,1,0.104503874269774,0.0617014939719456,-0.0428023802978282
1485,-0.574126896914095,1,0,0.090129893627319,0.0666197317380544,-0.0235101618892646
1486,-0.285469870548695,0,0,0.0949776059314293,0.0648471160014983,-0.030130489929931
1487,0.561589826829731,0,0,0.110572497142013,0.0598958436031016,-0.0506766535389111
1488,0.573701797518879,1,0,0.110810955281002,0.059827679460431,-0.0509832758205708
1489,0.113197425380349,0,0,0.102056085322882,0.0624710539862508,-0.0395850313366309
1490,-0.227825280278921,1,0,0.0959732335554754,0.064498423497401,-0.0314748100580744
1491,-0.871890202630311,0,0,0.0853639287785738,0.06849533501583,-0.0168685937627438
1492,0.641728004906327,1,0,0.112158620517472,0.0594461871993879,-0.0527124333180844
1493,0.949526862706989,0,0,0.11843659175294,0.0577483686149219,-0.0606882231380181
1494,0.323347820434719,0,0,0.105972679592419,0.0612514946471748,-0.0447211849452442
1495,-0.60477759828791,1,0,0.0896284437977216,0.0668105758855295,-0.0228178679121921
1496,-0.39884449634701,0,0,0.0930463595841525,0.0655380433489608,-0.0275083162351917
1497,-0.728830142877996,0,0,0.0876245313930341,0.0675881740323827,-0.0200363573606514
1498,-0.264311867300421,1,0,0.0953419649660402,0.0647189277771473,-0.030623037188893
1499,-0.716143646743149,1,0,0.0878275918741939,0.0675082675632845,-0.0203193243109093
1500,-0.596617267467082,1,0,0.0897617017601344,0.0667597167153111,-0.0230019850448233
1501,-0.387844581156969,0,0,0.0932321796568787,0.0654707089655077,-0.027761470691371
1502,-0.042520662304014,0,0,0.0992372273633317,0.0633893078604456,-0.0358479195028861
1503,-0.995288535486907,0,0,0.0834566305609906,0.0692868669569028,-0.0141697636040879
1504,-0.53122216835618,1,0,0.0908360662442821,0.066353439070088,-0.0244826271741941
1505,-0.789749878458679,0,0,0.0866553493052393,0.0679731030893669,-0.0186822462158724
1506,-0.755479689221829,0,0,0.0871993594482373,0.0677563131644022,-0.0194430462838351
1507,-0.116265357472003,1,0,0.0979266021369342,0.0638285505241877,-0.0340980516127465
1508,0.552749152760953,0,0,0.110398727462776,0.0599456433366595,-0.0504530841261167
1509,0.326246665790677,0,0,0.10602762089622,0.0612348284789511,-0.0447927924172691
1510,0.713703454006463,1,0,0.113600092958778,0.0590450294008457,-0.0545550635579325
1511,-0.325853215996176,0,0,0.0942856281960188,0.0650924393254519,-0.0291931888705669
1512,-0.230914148967713,0,0,0.0959196474172807,0.0645170637370539,-0.0314025836802268
1513,-0.332387831062078,0,0,0.0941740815584507,0.0651322172990513,-0.0290418642593993
1514,0.485819898545742,1,0,0.109090931566652,0.0603239168605761,-0.0487670147060763
1515,-0.671284344978631,1,0,0.0885490256400682,0.0672264215051704,-0.0213226041348978
1516,-0.827078874222934,0,0,0.0860662802469532,0.0682099743118742,-0.017856305935079
1517,-0.262644651345909,0,0,0.0953707289472266,0.0647088367865934,-0.0306618921606332
1518,0.555411021690816,1,0,0.110451023189587,0.0599306448863867,-0.0505203783032005
1519,0.695454052183777,0,0,0.113233085849757,0.0591465023591201,-0.0540865834906373
1520,0.441948644816875,0,0,0.108241081638974,0.0605730810241454,-0.047668000614829
1521,-0.465302635915577,1,1,0.0919307467835253,0.0659462287316783,-0.0259845180518469
1522,-0.459309329278767,1,0,0.0920308593700854,0.0659093211691176,-0.0261215382009678
1523,0.0265592853538692,0,0,0.100479083940057,0.0629804075004012,-0.0374986764396557
1524,0.479072660207748,0,0,0.108959847780676,0.0603621748900768,-0.0485976728905991
1525,0.582029422279447,0,0,0.110975169004206,0.0597808551299248,-0.0511943138742809
1526,-0.0739389699883759,0,0,0.0986769486546975,0.0635760978970784,-0.0351008507576191
1527,0.479792062193155,0,0,0.108973817568981,0.0603580946730234,-0.0486157228959572
1528,-0.721587666776031,1,0,0.0877404026693269,0.067542546230145,-0.0201978564391818
1529,0.386673205066472,0,0,0.107178602172956,0.0608883853480037,-0.0462902168249528
1530,0.00933421030640602,0,1,0.100168141293979,0.0630821358971864,-0.0370860053967925
1531,-0.460565193556249,1,0,0.0920098732203997,0.0659170533545436,-0.0260928198658562
1532,-0.980086613912135,1,0,0.0836894892117583,0.0691888997104811,-0.0145005895012772
1533,-0.959174602292478,0,0,0.0840107780229693,0.0690543438722263,-0.014956434150743
1534,0.341556842438877,0,0,0.106318208581417,0.0611468768375754,-0.0451713317438417
1535,-0.498047799337655,0,0,0.091385496019589,0.0661482170834248,-0.0252372789361642
1536,-0.156093475874513,1,1,0.0972251931326689,0.0640669551602377,-0.0331582379724312
1537,0.951282385271043,1,0,0.118473255263726,0.0577388169447766,-0.0607344383189493
1538,-0.84795261034742,1,0,0.0857384662852525,0.0683427619308562,-0.0173957043543964
1539,0.764483580365777,0,0,0.114626775230749,0.0587635324753538,-0.0558632427553956
1540,-0.736348459962755,0,0,0.0875043933235514,0.0676355698824488,-0.0198688234411026
1541,0.335969352629036,0,0,0.106212076609515,0.0611789613300412,-0.0450331152794743
1542,-0.73223919654265,1,0,0.0875700383532411,0.0676096610601556,-0.0199603772930855
1543,-0.0134665961377323,0,0,0.0997578622775659,0.0632170293254266,-0.0365408329521393
1544,-0.607694495934993,1,0,0.0895808542309964,0.0668287641428648,-0.0227520900881316
1545,-0.176974165719002,0,0,0.0968592592992469,0.064192274774702,-0.0326669845245449
1546,0.309261549264193,1,0,0.105706062107271,0.0613325404284809,-0.0443735216787896
1547,-0.361156809609383,1,0,0.0936843969355456,0.0653076109515072,-0.0283767859840383
1548,-0.830454084090889,0,0,0.0860131970389586,0.0682314293859891,-0.0177817676529695
1549,0.791486112866551,1,0,0.115176000732451,0.0586143582670162,-0.0565616424654346
1550,0.23304425412789,1,0,0.104273699820502,0.061772799784568,-0.0425009000359342
1551,0.373035136144608,1,0,0.106917872653482,0.0609664158936479,-0.0459514567598345
1552,-0.0961679210886359,0,1,0.0982822458022657,0.0637085645841478,-0.0345736812181178
1553,0.187519518658519,1,0,0.10342635034158,0.0620371741091129,-0.0413891762324673
1554,-0.495278074871749,0,0,0.0914315027959666,0.0661311098226372,-0.0253003929733294
1555,0.813138614408672,1,0,0.115618060131551,0.058494996667012,-0.0571230634645387
1556,-0.004840605892241,1,0,0.0999129028289888,0.0631659649047585,-0.0367469379242302
1557,-0.639467904344201,1,0,0.0890639409111289,0.0670271845599025,-0.0220367563512264
1558,-0.805299325846136,0,0,0.0864095295601073,0.068071679332236,-0.0183378502278712
1559,-0.164952009916306,0,0,0.0970697970077894,0.0641200935561792,-0.0329497034516102
1560,-0.949703908525407,1,1,0.0841566525172571,0.0689934855634005,-0.0151631669538566
1561,0.75188527489081,0,0,0.114371309376769,0.0588332529285325,-0.0555380564482362
1562,0.229303156491369,1,0,0.104203836285544,0.0617944855896101,-0.0424093506959338
1563,0.28556840820238,0,0,0.105258944964191,0.061469085732234,-0.0437898592319567
1564,0.272213865537196,0,0,0.105007665213378,0.061546174074267,-0.0434614911391112
1565,0.515815800987184,0,0,0.109675361332865,0.0601541093394631,-0.0495212519934021
1566,0.684125694446266,0,0,0.113005785978792,0.0592095741158068,-0.0537962118629852
1567,-0.804995126090944,1,0,0.0864143325645186,0.0680697495774417,-0.0183445829870768
1568,-0.603648747317493,1,0,0.0896468672655194,0.0668035381912501,-0.0228433290742693
1569,0.860452037770301,0,1,0.116589149483302,0.0582349695382586,-0.0583541799450433
1570,-0.547990184277296,0,0,0.090559489114476,0.0664573936007948,-0.0241020955136812
1571,0.0501042772084475,1,0,0.100905498962114,0.0628416022674389,-0.0380638966946748
1572,-0.895219546277076,0,0,0.0850003361592079,0.0686443348427544,-0.0163560013164536
1573,0.112787710037082,1,0,0.102048576252429,0.0624734536673556,-0.0395751225850736
1574,-0.356284997891635,0,0,0.0937671604930165,0.0652778784788736,-0.0284892820141429
1575,-0.242860011290759,1,1,0.0957126605335402,0.0645892000441823,-0.031123460489358
1576,0.926154272630811,1,0,0.117949398150857,0.0578756785819983,-0.0600737195688584
1577,-0.477378753013909,0,0,0.0917293237933728,0.0660206533830168,-0.025708670410356
1578,-0.307245693169534,1,0,0.0946039094313927,0.0649792940715919,-0.0296246153598009
1579,0.00488010654225945,0,1,0.100087876218409,0.0631084660122949,-0.0369794102061145
1580,-0.931877669878304,1,0,0.0844318492381494,0.0688790695379614,-0.015552779700188
1581,-0.121551267337054,0,0,0.0978332535591249,0.063860143479888,-0.0339731100792368
1582,0.0536429542116821,1,0,0.100969725389102,0.0628207653250229,-0.0381489600640791
1583,-0.708876718766987,1,0,0.0879440980431037,0.0674625359715844,-0.0204815620715193
1584,-0.883737442549318,1,0,0.085179111219964,0.0685709634720147,-0.0166081477479493
1585,0.48303734883666,1,0,0.109036856074872,0.0603396916572589,-0.0486971644176136
1586,0.307519384659827,0,0,0.105673128470081,0.0613425709864601,-0.0443305574836209
1587,-0.839364964049309,1,0,0.0858731947339015,0.0682881029096144,-0.0175850918242871
1588,0.856689040083438,0,0,0.116511657015743,0.0582556106250755,-0.058256046390668
1589,0.998828510288149,0,0,0.119469982095314,0.0574806853135443,-0.06198929678177
1590,-0.262006254866719,0,0,0.0953817450671193,0.0647049732161172,-0.0306767718510021
1591,-0.575450808275491,0,0,0.0901081821173899,0.0666279644955381,-0.0234802176218518
1592,-0.026757100597024,1,0,0.0995194020887206,0.06329578224381,-0.0362236198449105
1593,-0.14608099590987,1,0,0.0974010989409181,0.0640069441454286,-0.0333941547954895
1594,0.217157030012459,0,0,0.103977297210172,0.0618649413754153,-0.0421123558347564
1595,0.760336540173739,0,0,0.114542627602074,0.0587864741097197,-0.0557561534923542
1596,-0.392039129044861,0,0,0.0931612824884536,0.0654963776892856,-0.027664904799168
1597,0.979294199496508,0,0,0.119059602909975,0.057586607205876,-0.0614729957040991
1598,0.38370818644762,0,0,0.107121870063523,0.0609053418255321,-0.0462165282379904
1599,0.876023011747748,1,0,0.116910282641865,0.0581496313402494,-0.0587606513016157
1600,-0.703859336208552,0,1,0.0880246201157256,0.0674309777939067,-0.0205936423218189
1601,-0.0438030562363565,0,1,0.0992143032862009,0.0633969220010459,-0.035817381285155
1602,0.675177905708551,1,0,0.112826532991221,0.0592594363624772,-0.0535670966287441
1603,0.908088978845626,0,1,0.117574023701543,0.0579742602668055,-0.0595997634347373
1604,0.872642538510263,0,0,0.116840499173687,0.0581681483668122,-0.0586723508068743
1605,-0.00407581962645054,1,0,0.0999266591647064,0.0631614393547742,-0.0367652198099322
1606,0.740198330488056,1,0,0.114134767376239,0.0588979991367753,-0.0552367682394637
1607,0.276753570418805,1,0,0.105093025071347,0.0615199587551908,-0.0435730663161559
1608,-0.269900836516172,0,0,0.0952455967512755,0.0647527662560054,-0.0304928304952701
1609,0.144517509732395,1,1,0.102631556453653,0.0622878683735047,-0.0403436880801483
1610,0.0600396324880421,1,0,0.101085916177257,0.0627831158486525,-0.0383028003286044
1611,0.612164829391986,0,0,0.111571194621593,0.0596116972682166,-0.0519594973533764
1612,-0.26366590289399,0,0,0.0953531086768127,0.0647150178394606,-0.0306380908373521
1613,0.987509393598884,0,0,0.119232039963153,0.0575420392279825,-0.0616900007351707
1614,0.852286607492715,0,0,0.116421053246064,0.0582797679018856,-0.0581412853441788
1615,0.506145150400698,0,0,0.109486642485072,0.0602088061970801,-0.0492778362879914
1616,0.857052169274539,1,0,0.11651913308741,0.0582536184614965,-0.0582655146259136
1617,-0.61173552647233,0,1,0.0895149619331195,0.0668539695042142,-0.0226609924289054
1618,-0.553773851599544,1,0,0.0904642674273045,0.0664932849390662,-0.0239709824882384
1619,-0.830265622120351,0,0,0.0860161602700072,0.0682302312317726,-0.0177859290382347
1620,0.434885338880122,1,0,0.108104800032649,0.0606132865254942,-0.0474915135071544
1621,-0.872532614506781,0,1,0.0853538978037501,0.0684994339564651,-0.016854463847285
1622,-0.466801108326763,1,0,0.0919057315020755,0.0659554595210568,-0.0259502719810187
1623,-0.118201470002532,0,0,0.0978924013943042,0.0638401206383871,-0.0340522807559171
1624,0.252235640306026,1,0,0.104632742494967,0.0616616659190976,-0.0429710765758693
1625,-0.20195675548166,0,0,0.0964230557365739,0.0643425127502017,-0.0320805429863722
1626,-0.999024907592684,0,0,0.0833994881184166,0.0693109652775529,-0.0140885228408636
1627,-0.0268332273699343,0,0,0.0995180376724632,0.0632962335965789,-0.0362218040758843
1628,-0.154331825207919,0,0,0.0972561224022677,0.0640563926946788,-0.0331997297075889
1629,-0.844064828474075,0,0,0.0857994365297318,0.0683180117887605,-0.0174814247409713
1630,0.0145889953710139,0,0,0.100262908575914,0.0630510857861485,-0.0372118227897658
1631,0.479207821190357,1,0,0.108962472299484,0.0603614082806947,-0.0486010640187895
1632,-0.0850565447472036,1,0,0.0984793660545858,0.0636423175869869,-0.034837048467599
1633,-0.193145291414112,1,0,0.0965767058829518,0.0642894858455352,-0.0322872200374166
1634,-0.979725315235555,0,0,0.0836950306566239,0.0691865729183365,-0.0145084577382873
1635,0.238224498461932,0,0,0.10437050718664,0.06174278349815,-0.0426277236884903
1636,-0.0512426104396582,0,0,0.099081406741548,0.0634411107527558,-0.0356402959887922
1637,0.739377291873097,0,0,0.114118165710082,0.0589025502385742,-0.0552156154715076
1638,0.932103584520519,1,0,0.11807324454923,0.0578432478450983,-0.0602299967041317
1639,-0.653176976367831,1,0,0.0888417437350871,0.0671129645152711,-0.021728779219816
1640,-0.139361509587616,1,0,0.0975193104335534,0.0639666994575458,-0.0335526109760076
1641,-0.162506934255362,1,1,0.0971126662861398,0.0641054225368981,-0.0330072437492417
1642,-0.253403232898563,1,0,0.0955303092051439,0.0646529287346942,-0.0308773804704497
1643,-0.964273612480611,0,0,0.083932334514844,0.0690871304920937,-0.0148452040227503
1644,0.538269709330052,1,0,0.110114640495285,0.0600272901415335,-0.0500873503537511
1645,-0.606098406948149,0,0,0.0896068918085551,0.0668188111922711,-0.022788080616284
1646,-0.59280499489978,0,1,0.0898240172429228,0.0667359690905903,-0.0230880481523325
1647,-0.368836632464081,0,0,0.0935540631881171,0.0653545061838438,-0.0281995570042733
1648,0.241152932401747,0,0,0.104425268296215,0.0617258210781532,-0.0426994472180613
1649,0.0973443053662777,1,0,0.10176589369436,0.0625639676348952,-0.0392019260594644
1650,0.432580314110965,1,0,0.108060358816613,0.060626412508209,-0.0474339463084038
1651,-0.828163294587284,1,0,0.0860492219211233,0.0682168669256447,-0.0178323549954786
1652,-0.300047715660185,1,0,0.0947272885420776,0.0649355750216369,-0.0297917135204408
1653,-0.901462443172932,1,0,0.084903277853967,0.0686842578619272,-0.0162190199920398
1654,0.840185082517564,0,0,0.116172314313579,0.058346220501725,-0.0578260938118541
1655,0.698229466564953,0,0,0.113288834440113,0.0591310595690382,-0.0541577748710748
1656,-0.694505569990724,1,0,0.0881749130263895,0.0673721813262629,-0.0208027317001266
1657,-0.987637968268245,1,0,0.0835737460409013,0.0692375476125167,-0.0143361984283846
1658,0.164912810083479,0,0,0.103007840426694,0.062168849612532,-0.0408389908141619
1659,-0.848717427812517,0,0,0.0857264766373115,0.0683476318395966,-0.0173788447977149
1660,0.671947458293289,0,1,0.112761877737576,0.0592774479460774,-0.0534844297914991
1661,0.59950671903789,1,0,0.11132049914372,0.0596826958525844,-0.0516378032911353
1662,-0.803797687869519,0,0,0.0864332412433803,0.0680621538702207,-0.0183710873731596
1663,-0.482122519053519,1,0,0.091650308979887,0.0660499103809824,-0.0256003985989046
1664,-0.131155977025628,0,1,0.0976638384902732,0.0639175864383132,-0.03374625205196
1665,-0.473867389839143,1,0,0.091787850454746,0.0659990049402834,-0.0257888455144626
1666,0.930590911768377,1,1,0.118041744675427,0.0578514920706792,-0.0601902526047482
1667,0.167563130613416,1,0,0.103056827186485,0.0621533990074918,-0.0409034281789936
1668,0.668405014555901,1,0,0.112691015265632,0.0592972049833429,-0.0533938102822886
1669,-0.775758190546185,0,0,0.0868770834207396,0.0678845154480328,-0.0189925679727068
1670,0.730550886131823,1,0,0.113939825771434,0.0589514967418504,-0.0549883290295832
1671,-0.184081801213324,0,0,0.0967349788440748,0.0642349847251443,-0.0324999941189304
1672,0.973019002471119,1,0,0.118928031758403,0.0576206724009558,-0.0613073593574477
1673,-0.727866782341152,1,0,0.0876399360723469,0.067582103185947,-0.0200578328864
1674,-0.959246068727225,1,0,0.0840096781186674,0.0690548033016307,-0.0149548748170367
1675,0.903245912864804,1,0,0.117473566940818,0.0580007154848115,-0.0594728514560069
1676,0.781391925178468,1,0,0.114970419795659,0.0586700815202216,-0.0563003382754374
1677,-0.425133260898292,0,0,0.0926036128176999,0.0656992271282549,-0.026904385689445
1678,-0.288508038502187,0,0,0.0949253885083449,0.0648655424857063,-0.0300598460226386
1679,0.93518578633666,1,0,0.118137450802822,0.057826452933533,-0.0603109978692888
1680,0.854828090406954,1,1,0.116473350483409,0.058265820986877,-0.0582075294965324
1681,0.636984831653535,0,0,0.112064191116074,0.0594727129323919,-0.0525914781836825
1682,-0.260840754024684,0,0,0.0954018597949098,0.0646979201680243,-0.0307039396268854
1683,0.34323517838493,0,0,0.106350106095776,0.0611372425668969,-0.0452128635288792
1684,-0.8365125390701,0,0,0.0859179878106958,0.0682699566366208,-0.017648031174075
1685,-0.994178080931306,1,0,0.0834736202265278,0.0692797064002646,-0.0141939138262631
1686,-0.0286178225651383,0,0,0.0994860572306943,0.0633068152540838,-0.0361792419766105
1687,-0.918239112943411,0,0,0.0846429489784148,0.068791650417971,-0.0158512985604437
1688,0.922428216785192,1,0,0.117871890435534,0.0578959986528066,-0.0599758917827274
1689,-0.347205157857388,1,0,0.0939215860348611,0.0652224981757194,-0.0286990878591417
1690,-0.0157154565677047,1,0,0.0997174772123366,0.0632303485282804,-0.0364871286840562
1691,-0.0780123830772936,0,0,0.0986045146250955,0.0636003529385034,-0.035004161686592
1692,0.25702404556796,0,0,0.104722496564645,0.0616339662578642,-0.0430885303067809
1693,0.565130191855133,0,0,0.110642152649675,0.0598759115042326,-0.0507662411454419
1694,-0.736029371153563,1,0,0.0875094891384222,0.0676335577042836,-0.0198759314341386
1695,-0.630820881575346,1,1,0.0892043499425394,0.0669731310404427,-0.0222312189020967
1696,-0.391691255848855,1,0,0.0931671604774462,0.0654942485078365,-0.0276729119696097
1697,-0.733178332913667,1,0,0.087555031829803,0.0676155814842786,-0.0199394503455243
1698,-0.719058501534164,0,0,0.0877808990145543,0.0675266191502953,-0.020254279864259
1699,-0.965782054699957,1,0,0.0839091412964146,0.0690968325329218,-0.0148123087634928
1700,-0.17537598265335,1,0,0.0968872239281194,0.0641826748977131,-0.0327045490304063
1701,-0.401244981680065,0,0,0.0930058527151376,0.0655527461285613,-0.0274531065865763
1702,-0.642980981618166,0,1,0.0890069530829169,0.0670491567693108,-0.0219577963136061
1703,0.212374017573893,0,1,0.10388820812172,0.0618927066833438,-0.0419955014383763
1704,0.124667601659894,0,0,0.10226650418223,0.0624039086789268,-0.0398625955033029
1705,-0.214974706526846,1,0,0.0961964544761725,0.0644209286014619,-0.0317755258747107
1706,-0.318392619490623,1,0,0.0944131261501402,0.0650470522854974,-0.0293660738646428
1707,0.516765499487519,1,0,0.109693909688387,0.0601487403870012,-0.0495451693013863
1708,0.857396811712533,1,0,0.116526228940615,0.0582517277772345,-0.0582745011633808
1709,-0.39938614750281,0,0,0.0930372181360443,0.0655413606508109,-0.0274958574852334
1710,-0.216871094889939,0,0,0.0961634841024754,0.0644323592437651,-0.0317311248587102
1711,0.838077970314771,0,0,0.116129051212003,0.0583577984621662,-0.0577712527498369
1712,0.274025587830693,1,0,0.105041723602223,0.0615357107158968,-0.0435060128863259
1713,0.917087892536074,0,0,0.117760880391282,0.0579251338232161,-0.0598357465680656
1714,-0.0282791582867503,1,0,0.0994921254857824,0.0633048070363664,-0.036187318449416
1715,0.890654230490327,1,0,0.117212733520327,0.0580695504981739,-0.0591431830221532
1716,0.765245035290718,1,0,0.114642231765778,0.0587593209807501,-0.0558829107850284
1717,-0.517889251001179,0,0,0.0910565261142155,0.0662708885079393,-0.0247856376062761
1718,-0.171476201619953,1,0,0.0969554916268263,0.0641592555224684,-0.0327962361043579
1719,-0.100874750409275,1,0,0.0981988508233805,0.0637366464853259,-0.0344622043380546
1720,0.771203759126365,0,0,0.1147632486957,0.0587263739310512,-0.0560368747646492
1721,0.300802245736122,0,0,0.105546233297884,0.0613812594421681,-0.0441649738557163
1722,-0.736848733387887,0,0,0.0874964045493686,0.0676387247249122,-0.0198576798244565
1723,-0.336261159740388,1,0,0.0941080192188841,0.0651558059748028,-0.0289522132440813
1724,-0.252886625006795,1,0,0.0955392370037059,0.0646498047257945,-0.0308894322779114
1725,0.604535238351673,1,0,0.11142003056056,0.0596544817120575,-0.051765548848503
1726,0.487786340992898,1,0,0.109129161191285,0.060312771056686,-0.0488163901345994
1727,-0.931323854718357,1,0,0.0844404119593545,0.0688755177434526,-0.0155648942159019
1728,-0.316814580000937,1,0,0.094440113855001,0.0650374559497529,-0.0294026579052481
1729,-0.0543378796428442,0,1,0.0990261610584056,0.063459504193621,-0.0355666568647846
1730,-0.778524303808808,0,0,0.0868332065979013,0.0679020204560791,-0.0189311861418223
1731,0.745637121144682,0,0,0.114244794620257,0.0588678596819212,-0.0553769349383361
1732,0.27215012582019,1,0,0.105006467154235,0.0615465422246993,-0.0434599249295358
1733,0.177259137388319,1,0,0.103236217460839,0.0620969046291067,-0.0411393128317323
1734,0.0184048633091152,1,0,0.100331775667812,0.0630285470579033,-0.0373032286099083
1735,0.681622968520969,1,0,0.112955623310712,0.0592235167884106,-0.0537321065223012
1736,-0.536390442401171,1,0,0.090750738086563,0.0663854640457412,-0.0243652740408218
1737,0.326776110567153,1,0,0.106037658080515,0.0612317850297753,-0.0448058730507401
1738,0.612887423485518,0,0,0.111585520573753,0.059607646668828,-0.0519778739049246
1739,-0.28926645591855,1,0,0.0949123574894445,0.0648701430461875,-0.030042214443257
1740,0.382337525486946,0,0,0.10709565302717,0.0609131819135176,-0.046182471113652
1741,0.141646109055728,1,0,0.102578678286231,0.0623046417844156,-0.040274036501815
1742,-0.0724797528237104,0,0,0.0987029081940103,0.0635674111209055,-0.0351354970731048
1743,0.496129053179175,1,0,0.109291482691881,0.060265505958434,-0.0490259767334469
1744,0.0759754879400134,0,0,0.101375895053384,0.0626894123572239,-0.0386864826961601
1745,-0.236154342535883,0,0,0.0958288009571693,0.0645486979403807,-0.0312801030167886
1746,0.374363983049989,0,0,0.106943252677132,0.0609588087537769,-0.0459844439233551
1747,-0.217405877541751,0,1,0.0961541882628872,0.0644355830330869,-0.0317186052298003
1748,-0.143529703840613,1,0,0.097445967079092,0.0639916610406391,-0.0334543060384529
1749,0.962770986836404,0,0,0.11871343351291,0.0576763449038368,-0.0610370886090727
1750,-0.0906678084284067,1,0,0.0983797760183076,0.0636757644030006,-0.0347040116153071
1751,-0.491372934542596,1,0,0.0914964048972264,0.06610699662636,-0.0253894082708664
1752,-0.350787514820695,1,0,0.093860631825691,0.0652443426794451,-0.0286162891462459
1753,-0.782512147445232,1,1,0.0867699856571124,0.0679272644008079,-0.0188427212563045
1754,0.675010705366731,0,0,0.112823185793852,0.0592603684737247,-0.0535628173201269
1755,0.633585155010223,0,0,0.111996551445689,0.059491732113077,-0.0525048193326121
1756,0.298254606779665,1,0,0.105498140369105,0.0613959389477267,-0.0441022014213784
1757,-0.573607501573861,0,0,0.0901384127483974,0.0666165021303797,-0.0235219106180177
1758,-0.836175866425037,1,0,0.0859232761485842,0.0682678151210085,-0.0176554610275757
1759,0.573032861575484,0,0,0.110797773663149,0.059831442224074,-0.0509663314390747
1760,-0.831901779398322,1,0,0.0859904376750018,0.0682406338147302,-0.0177498038602716
1761,0.255945710465312,1,0,0.10470227827684,0.0616402031275177,-0.0430620751493227
1762,0.0266181668266654,1,0,0.100480148322339,0.0629800600189033,-0.0375000883034357
1763,-0.61809267802164,1,0,0.0894113918448869,0.0668936392086518,-0.0225177526362351
1764,0.0686962814070284,0,0,0.101243346569671,0.0627321981924232,-0.0385111483772481
1765,-0.0182972121983767,0,1,0.0996711319369315,0.0632456425778622,-0.0364254893590693
1766,-0.903521546628326,1,0,0.0848712870334176,0.0686974304433665,-0.0161738565900511
1767,-0.506188101600856,0,0,0.0912504012448137,0.0661985196342756,-0.0250518816105381
1768,0.859947413671762,1,0,0.11657875502072,0.0582377371430959,-0.0583410178776237
1769,-0.643735054880381,1,0,0.0889947250777086,0.0670538739205717,-0.0219408511571369
1770,-0.0194604727439582,1,0,0.0996502564261362,0.0632525347385527,-0.0363977216875835
1771,-0.794636981096119,0,0,0.0865780214324485,0.0680040707713599,-0.0185739506610886
1772,-0.680049874354154,1,0,0.0884076378249943,0.067281408392006,-0.0211262294329882
1773,-0.891196958720684,1,0,0.0850629286277705,0.0686186219812336,-0.0164443066465369
1774,0.884028827305883,1,0,0.117075691778502,0.0581058003950614,-0.0589698913834406
1775,0.215625440701842,0,0,0.103948762256212,0.0618738309594876,-0.0420749312967247
1776,-0.976802304387093,1,0,0.0837398748104311,0.0691677511598559,-0.0145721236505752
1777,-0.238464482594281,0,1,0.0957887757184998,0.0645626484691564,-0.0312261272493433
1778,0.14084495510906,1,0,0.102563928972988,0.0623093225120964,-0.0402546064608912
1779,0.296033610124141,1,0,0.105456229386094,0.0614087390159858,-0.0440474903701087
1780,-0.146797569934279,0,0,0.0973885002722109,0.0640112372784925,-0.0333772629937185
1781,0.126872138120234,1,0,0.102306990127239,0.0623910112551241,-0.0399159788721151
1782,0.268106770701706,0,0,0.104930492435247,0.0615699002044279,-0.0433605922308186
1783,-0.472925217822194,1,0,0.0918035600903056,0.0659931973339582,-0.0258103627563474
1784,-0.252524313051254,1,0,0.0955454987704955,0.0646476138524397,-0.0308978849180559
1785,0.787146288435906,1,0,0.115087575546737,0.0586383094482346,-0.0564492660985023
1786,0.692398635204881,1,0,0.113171740639163,0.0591635074931269,-0.0540082331460364
1787,0.653112642467022,0,0,0.112385555133649,0.0593825649459295,-0.0530029901877193
1788,-0.738527003210038,1,0,0.087469609384052,0.0676493092880206,-0.0198203000960314
1789,0.31270006345585,0,0,0.105771089861962,0.061312747592273,-0.0444583422696886
1790,-0.295780484564602,0,0,0.094800500312129,0.0649096696539178,-0.0298908306582113
1791,0.992361324373633,1,0,0.119333983462604,0.0575157323930292,-0.0618182510695744
1792,0.424753945320845,0,0,0.107909585068153,0.0606709996741027,-0.0472385853940498
1793,-0.257078731898218,0,0,0.0954668123262272,0.0646751591100339,-0.0307916532161933
1794,-0.153390039689839,0,0,0.0972726609149657,0.0640507466236465,-0.0332219142913191
1795,-0.910149633418769,0,0,0.0847683854254039,0.0687398478033468,-0.0160285376220572
1796,-0.116550131235272,0,0,0.097921571041146,0.0638302521957585,-0.0340913188453875
1797,0.831249355804175,1,0,0.115988942662133,0.0583953344965325,-0.0575936081656009
1798,-0.716671174857765,1,1,0.0878191397741988,0.0675115884760824,-0.0203075512981164
1799,-0.882344697136432,1,0,0.0852008192838587,0.0685620686827019,-0.0166387506011568
1800,0.379709643311799,0,0,0.107045404541008,0.0609282158611129,-0.0461171886798947
1801,0.581142683979124,0,0,0.110957673147792,0.0597858394237182,-0.0511718337240739
1802,-0.415614118799567,0,0,0.0927637121886752,0.0656408200827507,-0.0271228921059245
1803,-0.695487402379513,0,0,0.0881591264190773,0.0673783507525051,-0.0207807756665722
1804,-0.435155774932355,1,1,0.0924353155800544,0.065760774949765,-0.0266745406302895
1805,0.099112578202039,0,0,0.101798225668881,0.0625535975668098,-0.0392446281020715
1806,-0.592194938566536,1,0,0.0898339928541698,0.0667321696211104,-0.0231018232330595
1807,0.901991003192961,1,0,0.117447549256238,0.0580075722689818,-0.0594399769872558
1808,0.0225593145005405,1,0,0.100406801143303,0.0630040170054856,-0.0374027841378177
1809,0.714427959639579,0,0,0.113614684610887,0.0590410042693209,-0.054573680341566
1810,0.508548098150641,0,0,0.109533508432984,0.0601952108650274,-0.0493382975679564
1811,0.727438112720847,1,0,0.113876989285411,0.0589687676023626,-0.0549082216830489
1812,0.8387621329166,0,0,0.116143096863086,0.0583540389540887,-0.0577890579089975
1813,0.109931502491236,1,0,0.101996242626717,0.062490184714542,-0.0395060579121753
1814,-0.751135586760938,0,0,0.0872685385703937,0.0677288786213784,-0.0195396599490153
1815,0.998398433439434,1,0,0.119460933840762,0.0574830153704432,-0.0619779184703189
1816,-0.338968121446669,0,0,0.0940618747426873,0.0651722961621617,-0.0288895785805256
1817,-0.0194317195564508,1,0,0.099650772374997,0.0632523643713818,-0.0363984080036151
1818,0.96292052930221,0,0,0.118716562591723,0.0576755321491392,-0.0610410304425835
1819,0.111292424146086,1,0,0.10202117550946,0.0624822122077528,-0.0395389633017073
1820,0.558867417741567,1,0,0.110518960766352,0.0599111748712605,-0.0506077858950916
1821,-0.377108027227223,1,0,0.0934138718130582,0.06540504875604,-0.0280088230570181
1822,0.490399027243257,1,0,0.109179972632942,0.0602979653215154,-0.0488820073114268
1823,-0.803225750569254,0,0,0.0864422739946198,0.0680585261788702,-0.0183837478157496
1824,-0.163191427476704,1,0,0.0971006634291279,0.0641095293393026,-0.0329911340898253
1825,0.74874965660274,0,0,0.114307803060045,0.0588506178451615,-0.0554571852148835
1826,-0.750367258675396,1,0,0.0872807792342659,0.067724027430073,-0.0195567518041929
1827,-0.573777290061116,1,0,0.0901356277982416,0.0666175578616326,-0.023518069936609
1828,-0.805302330758423,0,0,0.0864094821168074,0.0680716983947788,-0.0183377837220286
1829,0.881995147559792,1,0,0.117033654448527,0.0581169316262473,-0.0589167228222797
1830,0.653455568943173,1,0,0.112392397044551,0.0593806495152844,-0.0530117475292668
1831,-0.680930379312485,0,1,0.0883934465705239,0.0672869341779897,-0.0211065123925341
1832,-0.355580721050501,0,0,0.09377913034594,0.0652735813471807,-0.0285055489987592
1833,-0.829487155657262,1,0,0.0860284012577874,0.0682252823079492,-0.0178031189498382
1834,-0.225871146190912,0,0,0.0960071479720174,0.0644866335728901,-0.0315205143991273
1835,-0.73657612176612,0,0,0.0875007577523817,0.0676370055546688,-0.0198637521977128
1836,0.037171418312937,0,0,0.100671078032624,0.0629178102274641,-0.0377532678051595
1837,-0.0504493247717619,0,0,0.0990955700574734,0.0634363975031895,-0.0356591725542839
1838,-0.873287688475102,0,0,0.0853421090269378,0.0685042520336581,-0.0168378569932798
1839,0.5462032915093,0,0,0.110270218110535,0.0599825413080726,-0.0502876768024627
1840,0.316293683834374,0,0,0.105839088612269,0.0612920683114374,-0.0445470203008318
1841,-0.319628306664526,0,0,0.0943919981933706,0.0650545676362839,-0.0293374305570867
1842,-0.885784959886223,0,0,0.0851472066432884,0.0685840419129669,-0.0165631647303215
1843,-0.884456914849579,1,0,0.0851678991105415,0.0685755588113116,-0.0165923402992299
1844,-0.322119798511267,0,0,0.0943494111862833,0.0650697231475783,-0.0292796880387051
1845,0.775329380761832,1,0,0.114847101908424,0.0587035726415513,-0.0561435292668728
1846,0.759930585045367,0,0,0.114534393253716,0.0587887203250321,-0.0557456729286834
1847,-0.980778032913804,1,0,0.0836788854517481,0.0691933527056615,-0.0144855327460866
1848,-0.736568142659962,1,1,0.0875008851698146,0.0676369552366546,-0.01986392993316
1849,0.164629087783396,1,0,0.10300259751415,0.0621705038442813,-0.0408320936698686
1850,0.934429877903312,0,0,0.118121701453752,0.0578305714534142,-0.060291130000338
1851,0.46352144703269,0,0,0.108658248846566,0.0604504394950361,-0.0482078093515298
1852,-0.453008691314608,0,0,0.0921362112658124,0.0658705417211143,-0.0262656695446981
1853,0.628641669172794,0,0,0.111898259940431,0.0595193981594862,-0.0523788617809447
1854,-0.787250035442412,1,0,0.0866949280986803,0.0679572676041297,-0.0187376604945506
1855,0.94040492689237,1,0,0.118246241206359,0.0577980242839858,-0.0604482169223728
1856,-0.258104063570499,1,0,0.0954491057224737,0.0646813618522484,-0.0307677438702253
1857,-0.583146485500038,0,0,0.0899820699931712,0.0666758388596524,-0.0233062311335188
1858,0.38231995375827,0,0,0.107095316964196,0.0609132824287438,-0.0461820345354525
1859,0.69499780330807,1,0,0.113223923659634,0.059149041352766,-0.0540748823068684
1860,-0.587995461188257,1,0,0.0899026896007417,0.066706020459559,-0.0231966691411827
1861,0.935932996217161,1,0,0.118153020704853,0.0578223820777476,-0.0603306386271056
1862,-0.867051858454943,0,0,0.0854395117092374,0.0684644710224331,-0.0169750406868043
1863,-0.387058644555509,1,0,0.0932454691132411,0.0654659004320218,-0.0277795686812193
1864,-0.163879618048668,1,0,0.0970885970723649,0.0641136585720241,-0.0329749385003408
1865,0.0360841304063797,0,0,0.100651391912995,0.0629242210902218,-0.0377271708227734
1866,-0.221589998807758,1,0,0.0960814856457264,0.0644608110358633,-0.0316206746098631
1867,0.263185714837164,0,0,0.104838091175033,0.0615983397318937,-0.0432397514431395
1868,-0.379781832918525,0,0,0.0933685939570016,0.0654213948885064,-0.0279471990684952
1869,0.70361642818898,1,0,0.113397108420617,0.0591010965524891,-0.0542960118681275
1870,0.482825220096856,1,0,0.109032734574306,0.060340894413257,-0.0486918401610489
1871,-0.343621577136219,1,0,0.0939825965633841,0.0652006530168733,-0.0287819435465108
1872,-0.391883300151676,0,0,0.0931639154771877,0.0654954239200358,-0.027668491557152
1873,-0.122880837880075,0,0,0.0978097859823236,0.0638680923828343,-0.0339416935994894
1874,0.276153061073273,0,0,0.105081730208692,0.0615234259024089,-0.0435583043062832
1875,-0.108608093578368,1,0,0.0980619693813949,0.0637828102311256,-0.0342791591502693
1876,0.360974964220077,0,0,0.106687774348224,0.0610354963579046,-0.045652277990319
1877,0.850469778291881,1,0,0.116383680032031,0.058289740048834,-0.058093939983197
1878,0.884803881403059,0,0,0.117091716039019,0.0581015587067491,-0.0589901573322701
1879,-0.851171621121466,0,0,0.0856880137775653,0.0683632608737048,-0.0173247529038605
1880,-0.0862828809767962,1,0,0.0984575930832596,0.0636496259576123,-0.0348079671256473
1881,-0.958134916145355,1,0,0.084026780793941,0.0690476604617987,-0.0149791203321423
1882,-0.557300611399114,0,0,0.0904062474892727,0.0665151795642859,-0.0238910679249868
1883,-0.0983164198696613,1,0,0.0982441711599167,0.0637213815342117,-0.034522789625705
1884,0.864831430371851,0,0,0.116679391871777,0.058210955993505,-0.0584684358782723
1885,0.523312262259424,1,0,0.109821847936627,0.0601117416233573,-0.0497101063132697
1886,0.383212470915169,0,0,0.107112387714478,0.060908177175916,-0.0462042105385617
1887,-0.867657467722893,1,0,0.0854300477710771,0.0684683335228861,-0.016961714248191
1888,-0.28123426111415,0,0,0.0950504468567304,0.0648214351662263,-0.0302290116905041
1889,0.0397353828884661,1,0,0.100717513971108,0.0629026950018484,-0.0378148189692599
1890,-0.967156068887562,1,0,0.0838880200579175,0.0691056710535064,-0.0147823490044111
1891,-0.10040914779529,0,0,0.0982070974977251,0.06373386809139,-0.0344732294063351
1892,0.74084719736129,0,0,0.114147889162546,0.0588944026339114,-0.0552534865286347
1893,-0.159844982437789,0,0,0.0971593572433593,0.0640894537657769,-0.0330699034775825
1894,-0.817672040313482,0,0,0.0862143817347053,0.0681502112248877,-0.0180641705098175
1895,0.254300690256059,0,0,0.104671441543709,0.0616497187238237,-0.0430217228198853
1896,-0.721094886772335,0,0,0.0877482916116702,0.0675394427406833,-0.0202088488709869
1897,0.991464348044246,1,0,0.119315131494511,0.0575205948859654,-0.0617945366085453
1898,-0.000242123380303383,0,0,0.099995641863572,0.0631387583784447,-0.0368568834851273
1899,0.360647097695619,0,0,0.106681525013241,0.0610373753933943,-0.0456441496198464
1900,-0.677537837065756,0,0,0.0884481360835314,0.0672656459108132,-0.0211824901727182
1901,-0.148745054379106,0,0,0.0973542673140673,0.0640229063883735,-0.0333313609256939
1902,-0.390648343600333,1,0,0.0931847844868384,0.0654878656785365,-0.0276969188083019
1903,0.24624334461987,0,0,0.104520518361013,0.0616963461535003,-0.0428241722075124
1904,-0.601127669215202,1,0,0.0896880249717477,0.0667878232985928,-0.0229002016731549
1905,-0.602650506421924,0,0,0.0896631619495084,0.0667973153442072,-0.0228658466053012
1906,0.687619843054563,1,0,0.113075852456344,0.0591901133776414,-0.0538857390787023
1907,0.47163786413148,1,0,0.108815566400677,0.0604043577857443,-0.0484112086149328
1908,-0.425970696378499,1,0,0.0925895401414873,0.0657043677319139,-0.0268851724095734
1909,0.554902974516153,1,0,0.110441040295722,0.0599335072354631,-0.0505075330602589
1910,0.996327374130487,1,0,0.119417369754457,0.0574942371327451,-0.0619231326217123
1911,-0.19128267141059,1,0,0.0966092133550566,0.064278281913152,-0.0323309314419047
1912,-0.608066002838314,0,0,0.0895747946831101,0.0668310809967776,-0.0227437136863325
1913,0.950657883659005,0,0,0.11846021162749,0.0577422146425082,-0.0607179969849822
1914,-0.850571319460869,0,0,0.0856974204415878,0.0683594376679757,-0.0173379827736121
1915,-0.553296028170735,1,0,0.0904721308436238,0.066490319058355,-0.0239818117852688
1916,0.603201468475163,0,0,0.111393623158645,0.0596619640435931,-0.0517316591150519
1917,-0.806089752819389,1,0,0.0863970506529372,0.0680766938081999,-0.0183203568447373
1918,-0.242477257270366,1,0,0.0957192863444346,0.0645868875810954,-0.0311323987633392
1919,-0.80243311310187,1,0,0.0864547937327019,0.068053498923951,-0.0184012948087509
1920,0.356156127993017,1,0,0.106595956847196,0.061063119030096,-0.0455328378171002
1921,-0.909326824825257,0,0,0.0847811534413127,0.068734580807272,-0.0160465726340407
1922,-0.834780335891992,1,0,0.0859451998060783,0.0682589390600077,-0.0176862607460706
1923,-0.0608041379600763,1,1,0.098910836988764,0.0634979455656342,-0.0354128914231297
1924,0.961571509484202,1,0,0.118688337811435,0.0576828643832423,-0.0610054734281929
1925,-0.454592272173613,1,0,0.092109722289057,0.0658802864195506,-0.0262294358695064
1926,0.390553210861981,1,0,0.107252881409816,0.0608662028704222,-0.0463866785393938
1927,0.637649937998503,1,0,0.112077428188014,0.0594689927218747,-0.0526084354661394
1928,0.477007961366326,0,1,0.108919762923209,0.0603738866323386,-0.0485458762908706
1929,-0.843804471660405,1,0,0.0858035209858144,0.0683163546190557,-0.0174871663667586
1930,-0.283794423099607,1,0,0.0950064130812953,0.0648369564992432,-0.0301694565820521
1931,-0.845769710838795,0,0,0.0857726948306162,0.0683288642763948,-0.0174438305542214
1932,0.22495395783335,1,0,0.104122668700086,0.0618197052781404,-0.0423029634219456
1933,0.90501191932708,1,0,0.117510189512557,0.0579910673733376,-0.0595191221392198
1934,0.43640895979479,0,0,0.108134184484173,0.0606046117129781,-0.0475295727711947
1935,-0.17287373309955,1,0,0.0969310221750809,0.064167647210258,-0.0327633749648229
1936,-0.506155577953905,1,0,0.0912509406429026,0.0661983185854868,-0.0250526220574157
1937,0.681821477599442,0,0,0.11295960136079,0.0592224107830831,-0.0537371905777067
1938,-0.522765557747334,1,0,0.0909758405652495,0.0663010690172288,-0.0246747715480207
1939,0.0781367998570204,1,0,0.101415280433609,0.062676713807557,-0.0387385666260525
1940,-0.0983438678085804,0,0,0.098243684826034,0.0637215452914658,-0.0345221395345683
1941,-0.845763465389609,0,0,0.0857727927789704,0.0683288245178569,-0.0174439682611134
1942,-0.927512092050165,1,1,0.084499368282826,0.0688510762856496,-0.0156482919971765
1943,0.47118516638875,0,0,0.10880678666256,0.0604069271533059,-0.0483998595092538
1944,0.268296769820154,1,0,0.104934061435466,0.0615688024167619,-0.0433652590187043
1945,0.936177988536656,1,0,0.118158126091658,0.0578210473996707,-0.0603370786919877
1946,0.315058245323598,0,1,0.105815707207217,0.0612991768355033,-0.044516530371714
1947,0.64599819527939,0,0,0.112243693003371,0.0594223160577481,-0.0528213769456225
1948,0.0687782457098365,0,0,0.101244838217136,0.0627317162697088,-0.0385131219474272
1949,0.0733553529717028,0,0,0.101328166782105,0.0627048098903542,-0.038623356891751
1950,0.327051268424839,1,0,0.10604287483842,0.0612302033739939,-0.0448126714644266
1951,0.299694580025971,0,0,0.105525321017522,0.0613876414131888,-0.0441376796043335
1952,0.736544942948967,1,0,0.114060910845141,0.0589182527713202,-0.0551426580738206
1953,-0.427627422846854,0,0,0.0925617053554251,0.0657145386607997,-0.0268471666946254
1954,0.169518787879497,1,0,0.10309298747315,0.0621420003881326,-0.0409509870850176
1955,-0.801681896671653,0,0,0.086466660739181,0.0680487346971593,-0.0184179260420217
1956,0.17190316086635,0,0,0.103137089945237,0.062128105624327,-0.0410089843209103
1957,-0.0187290855683386,1,0,0.0996633812183227,0.0632482012871682,-0.0364151799311545
1958,-0.385596947278827,0,0,0.0932701895732567,0.0654569583190624,-0.0278132312541943
1959,-0.912386090029031,1,0,0.0847336897987332,0.0687541657899253,-0.015979524008808
1960,-0.00334978569298983,1,0,0.0999397200137837,0.0631571433978128,-0.036782576615971
1961,0.529826963786036,0,0,0.10994928946694,0.0600749452003112,-0.0498743442666291
1962,-0.182000685483217,0,0,0.096771353413107,0.0642224765119014,-0.0325488769012056
1963,0.518177976831794,1,0,0.109721501564491,0.0601407560258364,-0.0495807455386547
1964,0.422694146167487,0,0,0.107869934116372,0.0606827395378819,-0.0471871945784903
1965,-0.967135509476066,0,0,0.0838883360599853,0.0691055387947706,-0.0147827972652147
1966,0.981137630529702,0,0,0.119098277778008,0.0575766036496648,-0.061521674128343
1967,-0.900746167171746,1,0,0.0849144086872597,0.0686796762200758,-0.0162347324671839
1968,0.943765269592404,0,0,0.118316331786207,0.0577797274460631,-0.0605366043401439
1969,-0.731808611191809,1,1,0.0875769194830202,0.0676069467611456,-0.0199699727218746
1970,0.80385363008827,1,0,0.115428316721194,0.0585461531366902,-0.056882163584504
1971,0.282559690065682,0,0,0.105202286510516,0.0614864455092353,-0.043715841001281
1972,0.712705404497683,0,0,0.113579994767622,0.059050574679598,-0.0545294200880239
1973,0.881004118360579,0,0,0.117013174050278,0.0581223566936215,-0.0588908173566563
1974,0.0640540216118097,1,0,0.101158895090848,0.0627594987680436,-0.038399396322804
1975,0.88463285472244,0,1,0.117088179895063,0.0581024946704602,-0.0589856852246032
1976,-0.17577536823228,1,0,0.0968802348983646,0.0641850737794199,-0.0326951611189447
1977,0.817132545169443,0,0,0.115699761515579,0.0584730046377577,-0.0572267568778214
1978,0.930922598578036,0,0,0.118048651093278,0.0578496842482882,-0.06019896684499
1979,-0.461273464374244,0,0,0.0919980395408891,0.06592141445338,-0.0260766250875092
1980,-0.0487946537323296,1,0,0.0991251183400251,0.0634265674451614,-0.0356985508948637
1981,-0.21412637270987,1,0,0.0962112067727839,0.0644158158084539,-0.0317953909643299
1982,-0.0282017043791711,0,0,0.0994935133668353,0.0633043477570951,-0.0361891656097402
1983,0.869429127313197,1,0,0.116774197895554,0.0581857554159764,-0.058588442479578
1984,-0.738258810248226,0,0,0.0874738908402579,0.0676476177373787,-0.0198262731028793
1985,-0.999242988415062,0,0,0.083396153984334,0.0693123720637537,-0.0140837819205803
1986,-0.864317338913679,0,0,0.085482256252894,0.0684470331111576,-0.0170352231417364
1987,-0.354795504361391,1,1,0.093792477463424,0.0652687906727683,-0.0285236867906557
1988,-0.968118268996477,0,0,0.0838732320686316,0.0691118611508839,-0.0147613709177477
1989,-0.453445283696055,0,0,0.092128907586007,0.0658732281953979,-0.0262556793906091
1990,0.511832949705422,1,0,0.109597603075561,0.0601766305702194,-0.0494209725053411
1991,-0.531234896741807,0,0,0.0908358560100731,0.0663535179233208,-0.0244823380867523
1992,-0.603962199762464,1,0,0.0896417512071143,0.0668054923062009,-0.0228362589009134
1993,-0.0482968771830201,0,0,0.0991340089172282,0.063423610535627,-0.0357103983816012
1994,-0.354368828702718,1,0,0.0937997308126542,0.0652661876250995,-0.0285335431875546
1995,-0.389421365223825,1,0,0.0932055228303713,0.0654803570687226,-0.0277251657616488
1996,-0.459496059454978,0,0,0.0920277387388477,0.0659104707880421,-0.0261172679508056
1997,-0.033828373067081,0,0,0.0993927350241133,0.0633377203615029,-0.0360550146626104
1998,0.475118242669851,0,0,0.108883086543292,0.06038460768558,-0.0484984788577122
1999,-0.63661947986111,1,0,0.0891101711542832,0.0670093742647615,-0.0221007968895216
2000,-0.514772466383874,0,0,0.0911081315500485,0.0662516047453898,-0.0248565268046587
2001,-0.831055436749011,1,0,0.0860037424506571,0.0682352526389886,-0.0177684898116685
2002,-0.205281664151698,0,0,0.096365134317302,0.0643625324492233,-0.0320026018680786
2003,0.636347422376275,1,0,0.112051506558348,0.0594762784265153,-0.0525752281318325
2004,0.284104532562196,1,0,0.105231374735673,0.0614775314662478,-0.0437538432694256
2005,-0.310500451829284,1,0,0.0945481675172817,0.064999071804163,-0.0295490957131187
2006,-0.46167358988896,1,0,0.0919913549101683,0.0659238783003026,-0.0260674766098657
2007,-0.52255347231403,0,0,0.0909793484868126,0.0662997561093982,-0.0246795923774144
2008,-0.280620380770415,0,0,0.0950610080708689,0.0648177139465246,-0.0302432941243443
2009,-0.504759717267007,1,0,0.091274093412708,0.0661896904414095,-0.0250844029712985
2010,0.943931625690311,1,0,0.118319802603307,0.0577788217896578,-0.0605409808136496
2011,0.427774427458644,1,0,0.107967752250833,0.0606537882215628,-0.0473139640292707
2012,0.0703572700731456,1,0,0.101273578286041,0.0627224328083178,-0.0385511454777234
2013,0.533949026837945,0,0,0.110029992796994,0.0600516738016379,-0.0499783189953563
2014,0.744506169576198,0,0,0.114221907758664,0.0588741257415787,-0.0553477820170854
2015,0.776946930214763,1,0,0.114879993130646,0.0586946351116115,-0.0561853580190343
2016,-0.79322098242119,0,0,0.0866004201319978,0.0679950967890911,-0.0186053233429067
2017,0.123904320877045,1,0,0.102252489966606,0.0624083747580702,-0.0398441152085363
2018,-0.590091686230153,1,0,0.0898683927891788,0.0667190719721852,-0.0231493208169936
2019,0.773912170901895,1,0,0.114818291123831,0.0587114042735044,-0.0561068868503271
2020,0.165614701341838,1,1,0.103020811710488,0.0621647574396569,-0.0408560542708314
2021,0.393723196815699,0,0,0.107313601568483,0.0608480852748155,-0.0464655162936672
2022,-0.0240338342264295,1,0,0.0995682219977511,0.0632796380738258,-0.0362885839239253
2023,-0.614493840374053,0,0,0.0894700104750694,0.0668711791680811,-0.0225988313069883
2024,-0.263237954117358,0,0,0.0953604919812742,0.0647124276428224,-0.0306480643384518
2025,0.671642236411572,1,0,0.112755770597403,0.0592791499970454,-0.0534766206003573
2026,-0.30463053798303,0,0,0.0946487186370488,0.0649634069845195,-0.0296853116525293
2027,-0.524819535203278,0,0,0.0909418737993187,0.0663137853461392,-0.0246280884531795
2028,0.350013503804803,1,0,0.106479016955886,0.0610983469033606,-0.0453806700525256
2029,0.0967931835912168,0,0,0.101755818572794,0.0625672000264675,-0.0391886185463264
2030,0.504526367411017,0,0,0.10945508042841,0.0602179665232609,-0.0492371139051494
2031,-0.575277260504663,0,0,0.0901110279490192,0.066626885232997,-0.0234841427160222
2032,-0.430865441448987,1,0,0.0925073248558415,0.0657344216403359,-0.0267729032155056
2033,-0.322125136852264,1,0,0.0943493199566378,0.0650697556237325,-0.0292795643329053
2034,-0.754713508766145,0,0,0.0872115571431809,0.0677514737155487,-0.0194600834276321
2035,0.847654090262949,0,0,0.116325780304166,0.0583051978590001,-0.0580205824451656
2036,-0.50158876972273,1,0,0.0913267087143007,0.0661700939495504,-0.0251566147647503
2037,0.0648265643976629,1,0,0.101172944766623,0.0627549547673864,-0.0384179899992369
2038,-0.931347163859755,1,0,0.0844400515530419,0.0688756672290444,-0.0155643843239975
2039,0.067312790080905,0,0,0.101218171705917,0.0627403331804373,-0.0384778385254795
2040,-0.423466642387211,1,0,0.0926316252066643,0.0656889976911781,-0.0269426275154862
2041,-0.759523725137115,0,0,0.0871350034204645,0.0677818619426789,-0.0193531414777856
2042,-0.710248749703169,0,0,0.087922090429583,0.0674711681146246,-0.0204509223149584
2043,-0.697364063933492,0,0,0.0881289592085265,0.0673901443712963,-0.0207388148372301
2044,-0.231743591371924,1,0,0.0959052626869954,0.0645220699853475,-0.0313831927016479
2045,-0.639235423877835,1,0,0.0890677132835712,0.0670257307686085,-0.0220419825149627
2046,0.106872803065926,0,0,0.101940225170432,0.0625081065527124,-0.0394321186177197
2047,-0.432713874615729,1,0,0.0924762944415112,0.0657457744095244,-0.0267305200319868
2048,0.168162384536117,0,0,0.103067906254756,0.0621499060268131,-0.040918000227943
2049,-0.296130780130625,1,0,0.0947944884745103,0.0649117958544579,-0.0298826926200525
2050,-0.326131710782647,0,1,0.0942808718437841,0.0650941341375228,-0.0291867377062613
2051,0.911145602352917,1,0,0.117637463696566,0.0579575693090872,-0.0596798943874786
2052,0.538013536017388,0,0,0.1101096201414,0.0600287355904978,-0.0500808845509018
2053,-0.543627876322716,1,0,0.0906313693871246,0.066430334607531,-0.0242010347795936
2054,-0.531819494441152,1,0,0.09082620070648,0.0663571396404737,-0.0244690610660063
2055,0.401019874494523,1,0,0.107453482242937,0.0608064013343316,-0.0466470809086054
2056,-0.150414249394089,1,0,0.0973249346827784,0.0640329095961567,-0.0332920250866218
2057,-0.740015289746225,1,0,0.0874458536888441,0.0676586969439091,-0.0197871567449349
2058,-0.240180208347738,1,1,0.0957590589114723,0.0645730112511243,-0.0311860476603481
2059,0.688845410943031,1,0,0.113100437156007,0.0591832889700807,-0.0539171481859266
2060,0.081531161442399,1,0,0.101477162960419,0.0626567754554754,-0.0388203875049434
2061,-0.693944640923291,1,1,0.0881839331934894,0.0673686569166181,-0.0208152762768713
2062,0.808326739352196,1,0,0.115519693177523,0.0585215028969295,-0.0569981902805939
2063,-0.200216232333332,0,0,0.0964533888398225,0.0643320351508668,-0.0321213536889557
2064,0.397102154791355,0,0,0.107378357823334,0.0608287788831602,-0.0465495789401734
2065,0.203205781523138,1,0,0.103717627857838,0.0619459606817317,-0.0417716671761064
2066,0.815356951672584,1,1,0.115663433098274,0.058482780741029,-0.0571806523572445
2067,0.532055516727269,1,0,0.109992914486126,0.0600623626989077,-0.0499305517872186
2068,-0.80918554123491,0,0,0.0863481914407133,0.0680963368151977,-0.0182518546255156
2069,0.699015292339027,0,0,0.113304623342717,0.0591266878120161,-0.0541779355307006
2070,0.389075494371355,1,0,0.107224586511937,0.0608746502689038,-0.0463499362430334
2071,0.155429817736149,0,0,0.102832731888515,0.0622241621021955,-0.0406085697863191
2072,0.543427853379399,0,0,0.110215769857011,0.0599981924262336,-0.0502175774307769
2073,-0.641113341785967,0,0,0.0890372451417701,0.0670374749605293,-0.0219997701812408
2074,-0.798317284788936,0,1,0.0865198297906826,0.06802740006726,-0.0184924297234225
2075,-0.815128013957292,1,0,0.0862544745980445,0.0681340569670374,-0.0181204176310071
2076,-0.101803452242166,1,0,0.0981824036573533,0.0637421886717821,-0.0344402149855712
2077,0.0396260297857225,1,0,0.100715533089836,0.062903339597138,-0.0378121934926982
2078,-0.73003507591784,0,0,0.0876052672782155,0.0675957679175906,-0.0200094993606248
2079,-0.271303412038833,1,0,0.0952214264227197,0.0647612607502505,-0.0304601656724692
2080,0.341568124480546,0,0,0.106318422973449,0.0611468120697345,-0.0451716109037146
2081,-0.118073360528797,1,0,0.0978946640737957,0.0638393550020369,-0.0340553090717588
2082,0.194330448750407,1,0,0.103552733205938,0.0619975541054631,-0.0415551791004745
2083,0.962642532773316,0,0,0.118710745752184,0.0576770430528637,-0.0610337026993198
2084,-0.707557659130543,0,0,0.0879652606806582,0.0674542380638088,-0.0205110226168494
2085,-0.210551453754306,1,0,0.0962733958613207,0.0643942744068818,-0.0318791214544389
2086,-0.222207956016064,0,0,0.0960707522853961,0.0644645377651064,-0.0316062145202897
2087,0.0758369811810553,1,0,0.101373371520708,0.0626902262202503,-0.0386831453004572
2088,0.642022992484272,1,0,0.112164495569304,0.0594445378763051,-0.0527199576929985
2089,0.687364339828491,1,0,0.113070727689087,0.0591915362053818,-0.0538791914837051
2090,-0.472968311514705,1,0,0.0918028414997672,0.0659934629557673,-0.0258093785439999
2091,0.147526926826686,1,0,0.102687002164658,0.0622702932583371,-0.0404167089063207
2092,-0.279769347049296,1,0,0.0950756510153033,0.0648125554794091,-0.0302630955358943
2093,-0.422145972028375,0,1,0.0926538283303611,0.0656808926799892,-0.0269729356503719
2094,-0.471910641063005,1,0,0.0918204796943783,0.0659869439514296,-0.0258335357429487
2095,0.728645048104227,1,0,0.113901349689299,0.0589620704991596,-0.0549392791901397
2096,-0.661563056055456,1,0,0.0887060685630606,0.0671654878301012,-0.0215405807329594
2097,0.0352614698931575,0,0,0.100636499332226,0.0629290720629025,-0.0377074272693231
2098,0.270452114753425,0,0,0.104974555582151,0.061556350423214,-0.0434182051589368
2099,-0.966239444445819,1,0,0.0839021098007188,0.0690997746342829,-0.014802335166436
2100,-0.600720634218305,1,0,0.0896946715935825,0.0667852864077556,-0.0229093851858268
2101,-0.354629545472562,1,0,0.0937952986515033,0.0652677781852119,-0.0285275204662915
2102,0.168693937826902,0,0,0.103077734549022,0.0621468078185639,-0.040930926730458
2103,0.437499637715518,0,0,0.108155223536214,0.0605984025965219,-0.0475568209396919
2104,0.680046417750418,0,0,0.112924034144782,0.0592323013235889,-0.0536917328211935
2105,0.266128052957356,0,0,0.104893329978512,0.0615813340389818,-0.0433119959395304
2106,0.459144076798111,0,0,0.108573486800469,0.0604753060716119,-0.0480981807288571
2107,-0.539964406285435,0,0,0.0906917741819571,0.0664076183473545,-0.0242841558346026
2108,-0.519494398031384,0,0,0.0910299595278954,0.0662808216980588,-0.0247491378298366
2109,-0.878168360795826,1,0,0.0852659439441409,0.0685354028562534,-0.0167305410878875
2110,0.791662408970296,0,0,0.115179594065656,0.0586133854953346,-0.0565662085703214
2111,-0.0874564242549241,0,0,0.0984367614390167,0.0636566204402039,-0.0347801409988128
2112,-0.19100793171674,1,1,0.0966140090906947,0.0642766294675154,-0.0323373796231793
2113,-0.79330703895539,0,0,0.0865990587137619,0.0679956421465527,-0.0186034165672092
2114,0.0745695964433253,1,0,0.101350282912165,0.0626976738062349,-0.0386526091059303
2115,-0.592907062266022,0,1,0.0898223483398538,0.066736604792225,-0.0230857435476289
2116,0.339691664092243,1,0,0.106282769933775,0.061157585318045,-0.0451251846157301
2117,-0.737503813114017,0,0,0.0874859446989321,0.067642856018865,-0.0198430886800671
2118,0.900976526085287,0,0,0.117426520043142,0.0580131158937474,-0.0594134041493943
2119,0.561786925885826,1,0,0.110576373990954,0.0598947337808293,-0.0506816402101242
2120,-0.861951728817075,1,0,0.0855192498401342,0.0684319510391394,-0.0170872988009948
2121,-0.227324897423387,0,0,0.0959819167872531,0.0644954043342631,-0.03148651245299
2122,0.133779376279563,0,0,0.102433932371474,0.0623506172471003,-0.0400833151243738
2123,-0.823013922199607,1,0,0.0861302506821719,0.0681841430786542,-0.0179461076035177
2124,-0.944857822265476,1,0,0.0842313843828087,0.0689623640121398,-0.0152690203706689
2125,0.0261967773549259,1,0,0.100472531215043,0.0629825468344945,-0.0374899843805489
2126,0.254565721843392,0,0,0.104676409152383,0.0616481855595869,-0.0430282235927962
2127,0.76935355225578,0,0,0.114725660572329,0.0587366022632256,-0.0559890583091033
2128,-0.479888898786157,1,0,0.0916875057788401,0.0660361331116859,-0.0256513726671543
2129,-0.373376287054271,1,0,0.0934770975099108,0.0653822413618268,-0.028094856148084
2130,-0.901436329819262,1,1,0.0849036836287413,0.0686840908235294,-0.0162195928052119
2131,0.310389894526452,0,0,0.105727397017992,0.0613260447692997,-0.0444013522486919
2132,-0.47161329491064,1,0,0.0918254389229155,0.0659851113514353,-0.0258403275714802
2133,0.869983604177833,1,0,0.1167856359069,0.058182716947586,-0.0586029189593143
2134,0.924692736938596,0,0,0.117918990690407,0.0578836482788227,-0.0600353424115848
2135,-0.657293082680553,0,0,0.0887751274407153,0.0671387395611916,-0.0216363878795237
2136,-0.218030266929418,1,0,0.0961433358536485,0.0644393471818798,-0.0317039886717687
2137,0.771839446853846,0,0,0.114776165567909,0.0587228601012577,-0.056053305466651
2138,-0.684641845524311,1,0,0.0883336508198283,0.0673102308594164,-0.0210234199604119
2139,-0.672492521349341,0,0,0.0885295256560428,0.0672339980164748,-0.021295527639568
2140,0.280936473514885,0,0,0.10517173020529,0.0614958130871146,-0.0436759171181759
2141,-0.766348532401025,0,0,0.0870264921492889,0.0678249989035923,-0.0192014932456966
2142,-0.581829995382577,1,0,0.0900036325577468,0.066667646786433,-0.0233359857713138
2143,-0.0743986875750124,1,0,0.0986687715176117,0.0635788348428379,-0.0350899366747738
2144,0.0598823530599475,0,0,0.101083057893747,0.0627840413091309,-0.0382990165846161
2145,-0.0533954738639295,1,0,0.0990429786144003,0.0634539034807382,-0.0355890751336621
2146,-0.792897845152766,0,0,0.0866055323510509,0.0679930490398187,-0.0186124833112322
2147,0.422089488245547,1,0,0.107858296936758,0.0606861862004321,-0.0471721107363257
2148,-0.316222676541656,0,0,0.0944502383973819,0.0650338568204083,-0.0294163815769736
2149,-0.10217944579199,1,0,0.0981757455677924,0.0637444326050843,-0.0344313129627081
2150,-0.911298443097621,0,0,0.0847505615731845,0.0687472022362304,-0.0160033593369541
2151,-0.411436241585761,0,0,0.092834056985652,0.0656152009327434,-0.0272188560529086
2152,-0.420287817250937,0,0,0.0926850757389424,0.0656694906779403,-0.0270155850610022
2153,-0.525085875764489,0,0,0.090937470143229,0.0663154344465235,-0.0246220356967056
2154,-0.932883126661181,1,0,0.0844163055494696,0.0688855182887609,-0.0155307872607087
2155,-0.754707360174507,1,0,0.0872116550358206,0.0677514348803094,-0.0194602201555112
2156,-0.731823815964162,0,0,0.0875766764891598,0.0676070426063879,-0.0199696338827718
2157,0.205522522795945,1,0,0.103760708751631,0.0619324997751054,-0.0418282089765257
2158,-0.847290495410562,0,0,0.0857488471459629,0.0683385462312109,-0.017410300914752
2159,0.205963430926204,0,0,0.103768909437694,0.0619299382865574,-0.0418389711511371
2160,0.967155608348548,1,1,0.118805208499389,0.0576525192017541,-0.0611526892976349
2161,0.700814632698894,0,0,0.113340783126768,0.0591166787456012,-0.0542241043811665
2162,-0.349194783251733,1,1,0.0938877279541652,0.0652346296774503,-0.0286530982767149
2163,-0.203936669044197,0,0,0.096388560998372,0.0643544333636696,-0.0320341276347024
2164,-0.60445876698941,1,0,0.0896336469536871,0.0668085880979473,-0.0228250588557398
2165,-0.543189578223974,1,0,0.0906385943176936,0.0664276164507341,-0.0242109778669594
2166,-0.259784566704184,0,0,0.0954200912190307,0.0646915292506583,-0.0307285619683724
2167,0.74648173712194,1,0,0.114261889565835,0.0588631804781058,-0.0553987090877294
2168,0.0191394984722137,1,0,0.100345038860844,0.063024208739476,-0.0373208301213681
2169,-0.877729850355536,0,0,0.0852727845754335,0.0685326035330516,-0.0167401810423819
2170,0.840309491381049,1,0,0.116174869106528,0.0583455369790611,-0.0578293321274665
2171,-0.609405768103898,1,0,0.0895529452062773,0.0668394368859205,-0.0227135083203568
2172,0.996902025304735,1,0,0.119429455985896,0.0574911232548022,-0.0619383327310938
2173,0.137378651183099,1,0,0.102500135661825,0.062329578114188,-0.040170557547637
2174,-0.470460083335638,1,0,0.0918446748100238,0.0659780043400849,-0.0258666704699389
2175,0.69820316741243,0,1,0.113288306067679,0.0591312058834314,-0.0541571001842474
2176,-0.383743497543037,1,0,0.0933015438683154,0.0654456212455328,-0.0278559226227827
2177,0.112388364505023,0,0,0.102041257706289,0.0624757926958211,-0.0395654650104678
2178,0.200613218359649,0,0,0.103669436680804,0.061961027429538,-0.0417084092512662
2179,0.828339814674109,1,0,0.115929289738339,0.0584113347570762,-0.0575179549812629
2180,-0.0214798916131258,1,0,0.0996140257992933,0.0632645011842485,-0.0363495246150448
2181,0.767922592815012,1,1,0.114696597074824,0.0587445140529852,-0.0559520830218387
2182,-0.58108000876382,1,0,0.0900159185409015,0.0666629802909811,-0.0233529382499204
2183,-0.907578192651272,0,1,0.0848082938136535,0.0687233886326166,-0.0160849051810369
2184,0.084068201482296,1,0,0.101523437549782,0.0626418768431529,-0.0388815607066288
2185,-0.853742377366871,0,0,0.0856477408805198,0.0683796357665699,-0.0172681051139499
2186,-0.743989447131753,1,0,0.0873824476659799,0.0676837706329997,-0.0196986770329802
2187,0.343056834768504,0,0,0.106346716196437,0.061138266257996,-0.0452084499384408
2188,0.551165034994483,1,0,0.110367615793327,0.0599545708052603,-0.0504130449880667
2189,0.76632170425728,1,0,0.114664089828255,0.0587533665668434,-0.0559107232614116
2190,-0.360662324819714,0,0,0.0936927943793586,0.0653045925562802,-0.0283882018230784
2191,0.709850637242198,1,0,0.11352252409541,0.0590664387922954,-0.0544560853031151
2192,0.446985448244959,0,0,0.10833835545883,0.0605444259493951,-0.0477939295094348
2193,0.528535526711494,1,0,0.109924015892373,0.0600822378362536,-0.0498417780561191
2194,-0.853102297522128,0,0,0.0856577666251588,0.0683755583234621,-0.0172822083016966
2195,-0.285503154620528,0,0,0.0949770337341095,0.0648473178429511,-0.0301297158911585
2196,0.744387431070209,1,0,0.114219505100748,0.0588747836509,-0.0553447214498484
2197,-0.536561370827258,1,0,0.0907479172927889,0.0663865234412142,-0.0243613938515746
2198,-0.905876171775162,0,0,0.084834718306472,0.0687124964161093,-0.0161222218903627
2199,-0.100623156875372,0,0,0.0982033069286452,0.0637351451353456,-0.0344681617932996
2200,0.249608993530273,0,0,0.104583537376217,0.0616768653172007,-0.0429066720590161
2201,0.292565133422613,0,0,0.105390807396537,0.0614287335614084,-0.0439620738351284
2202,0.39117044582963,1,0,0.107264701995604,0.0608626747578848,-0.0464020272377189
2203,-0.81303857639432,1,0,0.0862874159470476,0.0681207919473633,-0.0181666239996843
2204,-0.0614142748527229,0,0,0.0988999615279207,0.0635015738996553,-0.0353983876282654
2205,-0.954059216659516,1,0,0.0840895403570516,0.0690214664336377,-0.0150680739234138
2206,0.0917387953959405,0,0,0.101663459956765,0.0625968518550862,-0.0390666081016793
2207,0.118504066951573,1,0,0.102153387215906,0.0624399810395494,-0.0397134061763563
2208,0.787451634183526,1,0,0.115093795123245,0.0586366239667552,-0.0564571711564897
2209,-0.68027595244348,1,0,0.0884039938880608,0.0672828271503548,-0.021121166737706
2210,0.0147373327054083,1,1,0.100265584917487,0.0630502094794374,-0.0372153754380495
2211,0.0179703789763153,0,0,0.100323932167583,0.0630311129950926,-0.0372928191724901
2212,0.0587261840701103,1,0,0.101062048709544,0.0627908448063624,-0.0382712039031814
2213,0.808194872923195,1,0,0.115516998517175,0.0585222294421496,-0.0569947690750255
2214,0.424550144467503,0,0,0.10790566134869,0.0606721611461659,-0.0472335002025237
2215,-0.063560881651938,0,0,0.0988617075290174,0.0635143407784454,-0.0353473667505721
2216,0.987952906638384,1,0,0.119241355449615,0.0575396340617031,-0.0617017213879123
2217,0.468384596984833,1,0,0.108752485512167,0.0604228245626536,-0.0483296609495133
2218,0.115501070395112,1,0,0.102098314565678,0.062457563260858,-0.0396407513048204
2219,0.89795706095174,0,0,0.117363948518017,0.0580296187465888,-0.0593343297714281
2220,-0.319499923381954,1,0,0.0943941931120044,0.0650537867817978,-0.0293404063302066
2221,-0.677002537995577,0,0,0.0884567681681428,0.0672622874698488,-0.021194480698294
2222,-0.120018044486642,1,0,0.0978603219318962,0.0638509781760271,-0.0340093437558691
2223,-0.411226813681424,0,0,0.0928375844774847,0.0656139169451607,-0.027223667532324
2224,0.785173195414245,0,0,0.115047392734957,0.0586492018422449,-0.0563981908927124
2225,-0.365991363301873,1,0,0.0936023310833157,0.0653371284915562,-0.0282652025917595
2226,0.705987330526114,1,0,0.113444790413437,0.0590879137796584,-0.0543568766337783
2227,-0.140595560427755,0,0,0.0974975910024222,0.0639740887297139,-0.0335235022727083
2228,0.37466293759644,1,0,0.106948963225439,0.0609570974757387,-0.0459918657497
2229,-0.84108794759959,1,0,0.0858461481004986,0.0682990661799819,-0.0175470819205167
2230,0.819240872282535,1,0,0.115742910499208,0.0584613985525794,-0.0572815119466286
2231,-0.229017763398588,1,0,0.0959525430164879,0.0645056191206693,-0.0314469238958186
2232,-0.393909867387265,1,0,0.0931296784596828,0.0655078287737992,-0.0276218496858836
2233,-0.0943592842668295,1,0,0.0983143077694065,0.0636977769559573,-0.0346165308134492
2234,-0.887635323219001,0,0,0.0851183834590556,0.0685958630277193,-0.0165225204313364
2235,0.285494839306921,0,0,0.105257559235889,0.0614695101572493,-0.0437880490786398
2236,0.977371287532151,0,0,0.119019272120194,0.0575970438119093,-0.0614222283082843
2237,0.874763985630125,1,0,0.116884288207044,0.0581565271897898,-0.0587277610172543
2238,-0.580458927899599,0,0,0.0900260939850332,0.0666591160902547,-0.0233669778947785
2239,0.332918882369995,0,1,0.106154173640377,0.0611964843858306,-0.0449576892545463
2240,-0.674017049837857,0,0,0.0885049252771682,0.0672435595123697,-0.0212613657647986
2241,0.844871553592384,1,1,0.11626858685071,0.0583204774496695,-0.05794810940104
2242,0.912266277708113,0,0,0.117660730662238,0.0579514508940335,-0.0597092797682041
2243,-0.377469597384334,1,0,0.0934077478826443,0.0654072589689262,-0.028000488913718
2244,0.555841183755547,0,0,0.110459476294643,0.0599282214438116,-0.0505312548508313
2245,0.172169658355415,0,0,0.103142020244045,0.0621265528094383,-0.0410154674346064
2246,0.289703947491944,1,0,0.105336867004848,0.0614452318689285,-0.0438916351359194
2247,0.901616739109159,1,0,0.117439790712802,0.0580096173825865,-0.0594301733302154
2248,-0.760231342632324,0,0,0.087123746946042,0.0677863333361453,-0.0193374136098967
2249,0.851473337505013,1,0,0.116404322530011,0.0582842315511461,-0.0581200909788647
2250,-0.567707707174122,1,0,0.0902352320940886,0.0665798273282964,-0.0236554047657923
2251,0.953487251419574,0,0,0.118519317085029,0.0577268225300174,-0.0607924945550119
2252,0.529393051750958,1,0,0.109940797189592,0.0600773953724429,-0.0498634018171488
2253,-0.717632706742734,1,0,0.0878037359201249,0.0675176419338998,-0.0202860939862251
2254,0.38596548140049,0,0,0.10716505831952,0.0608924323077473,-0.0462726260117731
2255,-0.16721843695268,1,0,0.0970300750432834,0.0641336954354693,-0.0328963796078142
2256,-0.65420197090134,0,0,0.0888251507001209,0.0671193821692833,-0.0217057685308376
2257,-0.929825236555189,1,0,0.0844635865482582,0.0688659074742135,-0.0155976790740448
2258,-0.777540038339794,0,0,0.0868488169793935,0.0678957911733564,-0.0189530258060371
2259,-0.617288327775896,0,0,0.0894244902659914,0.0668886187193867,-0.0225358715466047
2260,-0.835262595675886,1,0,0.0859376229758196,0.0682620062795203,-0.0176756166962993
2261,-0.0208989577367902,1,0,0.0996244472004673,0.0632610585352105,-0.0363633886652569
2262,0.436922036577016,0,0,0.108144081228458,0.0606016907458577,-0.0475423904826005
2263,0.465700868982822,0,0,0.108700472163664,0.0604380623957877,-0.0482624097678767
2264,0.779661644715816,0,0,0.114935212510615,0.0586796382261362,-0.0562555742844785
2265,-0.570080732926726,1,0,0.090196277988173,0.0665945764774127,-0.0236017015107604
2266,0.0998676149174571,1,0,0.101812033907966,0.0625491701290459,-0.03926286377892
2267,0.306695954408497,0,0,0.10565756560847,0.0613473124411087,-0.044310253167361
2268,0.135719608515501,1,1,0.102469615340481,0.0623392750270808,-0.0401303403134003
2269,-0.365594293456525,1,0,0.0936090688561288,0.0653347036998047,-0.0282743651563241
2270,-0.477050006855279,0,1,0.0917348018412749,0.0660186262997832,-0.0257161755414917
2271,0.125548651907593,1,0,0.102282682819974,0.0623987538825509,-0.0398839289374227
2272,-0.224906858056784,0,0,0.0960238873463198,0.0644808164493534,-0.0315430708969664
2273,0.0791922933422029,1,0,0.101434519523312,0.0626705132444082,-0.0387640062789036
2274,0.136078717187047,0,0,0.10247622094477,0.0623371759589285,-0.0401390449858411
2275,-0.780392477288842,1,0,0.086803584480127,0.0679138453301456,-0.0188897391499813
2276,0.976911436300725,0,0,0.119009629038851,0.0575995399178996,-0.0614100891209517
2277,0.864571605343372,1,0,0.116674036188967,0.0582123804340747,-0.058461655754892
2278,0.786952436901629,1,0,0.115083627143573,0.0586393795151086,-0.0564442476284639
2279,-0.685626689810306,0,0,0.0883177900429734,0.0673164139323488,-0.0210013761106245
2280,0.895654055289924,0,1,0.11731624341547,0.0580422087595057,-0.0592740346559646
2281,0.292116374243051,0,0,0.105382345571374,0.0614313209443419,-0.0439510246270319
2282,-0.55587073136121,1,0,0.0904297668970274,0.0665063018592299,-0.0239234650377975
2283,-0.371331328991801,0,0,0.09351176086603,0.0653697462645801,-0.0281420146014499
2284,-0.0440312414430082,1,0,0.0992102247407525,0.0633982769270119,-0.0358119478137406
2285,0.219596263952553,1,1,0.104022756735038,0.0618507861427295,-0.0421719705923089
2286,0.93409089371562,0,1,0.118114639310191,0.0578324184770035,-0.0602822208331879
2287,-0.14457280933857,1,0,0.0974276203419556,0.0639979091854667,-0.0334297111564889
2288,0.792176963295788,0,0,0.115190082462265,0.0586105463593417,-0.0565795361029238
2289,0.288750564213842,1,0,0.105318898796178,0.0614507302330436,-0.0438681685631348
2290,-0.0462891706265509,0,1,0.0991698749218194,0.0634116855919172,-0.0357581893299022
2291,-0.775875607971102,0,0,0.0868752205067289,0.0678852584247428,-0.0189899620819861
2292,0.465151518583298,1,0,0.108689827893815,0.0604411819740061,-0.0482486459198088
2293,0.566308781504631,0,1,0.110665349532858,0.0598692774745048,-0.0507960720583537
2294,-0.704712697304785,0,0,0.0880109201470938,0.0674363442714189,-0.0205745758756749
2295,-0.0751363825984299,0,0,0.0986556511720604,0.0635832269671279,-0.0350724242049325
2296,0.0492231994867325,1,0,0.100889513181481,0.0628467913573861,-0.0380427218240947
2297,-0.758124616928399,0,0,0.0871572637034448,0.0677730218649161,-0.0193842418385287
2298,0.482558287680149,0,0,0.109027548474124,0.0603424079343754,-0.0486851405397489
2299,-0.513124642893672,0,0,0.0911354256367836,0.066241411653965,-0.0248940139828186
2300,-0.461976846680045,0,0,0.0919862888915381,0.0659257457171439,-0.0260605431743941
2301,0.487458012532443,1,0,0.109122777337385,0.0603146318897185,-0.0488081454476666
2302,-0.562703963369131,0,0,0.0903174200930884,0.0665487373279383,-0.0237686827651501
2303,-0.0904399012215436,1,0,0.0983838192206745,0.0636744056072755,-0.034709413613399
2304,-0.7547955699265,0,0,0.0872102506447859,0.0677519920256179,-0.0194582586191679
2305,-0.423056692350656,1,0,0.0926385167795362,0.0656864817105356,-0.0269520350690007
2306,-0.352818849962205,0,0,0.093826084185259,0.0652567323825175,-0.0285693518027415
2307,-0.253527392633259,1,0,0.0955281636404648,0.0646536795690166,-0.0308744840714482
2308,-0.770085148978978,1,0,0.0869671334805346,0.0678486273908005,-0.0191185060897341
2309,-0.580644065048546,1,0,0.0900230606923268,0.0666602679428263,-0.0233627927495005
2310,-0.412393379490823,1,0,0.0928179369971044,0.0656210693745173,-0.0271968676225871
2311,0.51951399166137,0,0,0.109747605392,0.0601332048000218,-0.0496144005919786
2312,0.0547418678179383,0,0,0.100989677880198,0.0628142958570614,-0.038175382023137
2313,-0.957974994089454,0,0,0.084029242547869,0.069046632488612,-0.0149826100592571
2314,-0.255537828896195,1,0,0.0954934279327555,0.0646658384612427,-0.0308275894715129
2315,0.864492589142174,1,0,0.116672407497844,0.0582128136316316,-0.058459593866212
2316,0.134731013327837,0,0,0.102451432630225,0.0623450539214408,-0.0401063787087843
2317,-0.75009096134454,0,0,0.0872851814609427,0.0677222829790904,-0.0195628984818524
2318,-0.708101632073522,1,0,0.08795653276781,0.0674576599606354,-0.0204988728071746
2319,0.618736609816551,0,0,0.111701544151873,0.0595748677479431,-0.0521266764039304
2320,-0.405648530460894,0,0,0.0929315863958231,0.0655797254846217,-0.0273518609112014
2321,0.00151655357331038,0,0,0.100027301276418,0.0631283562068057,-0.0368989450696125
2322,-0.194524972699583,0,0,0.0965526332221669,0.0642977860032128,-0.0322548472189541
2323,0.937166163232177,1,0,0.118178720570688,0.0578156642791292,-0.060363056291559
2324,0.285932915750891,1,0,0.105265810989467,0.0614669828985727,-0.0437988280908944
2325,0.26849070424214,0,0,0.104937704468116,0.0615676819103378,-0.0433700225577785
2326,0.683040951378644,0,0,0.112984041856421,0.0592156168358679,-0.0537684250205532
2327,-0.754856088198721,0,0,0.0872092871427529,0.0677523742700688,-0.0194569128726841
2328,0.115339685231447,0,0,0.102095355630954,0.0624585082844376,-0.039636847346516
2329,-0.474235046189278,0,0,0.0917817208631677,0.0660012713254962,-0.0257804495376715
2330,0.510186976287514,0,0,0.109565482421931,0.0601859401132647,-0.0493795423086663
2331,0.575765953399241,1,0,0.110851638852013,0.0598160699835432,-0.0510355688684697
2332,-0.346876796334982,0,0,0.0939271749181429,0.0652204962325672,-0.0287066786855757
2333,0.514704830944538,1,1,0.109653666708022,0.0601603905813507,-0.049493276126671
2334,-0.079979280475527,1,0,0.098569555922691,0.0636120678699327,-0.0349574880527583
2335,-0.108120771124959,1,0,0.0980705900458546,0.0637799002682341,-0.0342906897776204
2336,0.683924361597747,0,1,0.113001749902812,0.0592106956262415,-0.0537910542765706
2337,0.778390762861818,1,0,0.114909358922022,0.058686658505871,-0.056222700416151
2338,-0.181359702721238,0,0,0.0967825592246337,0.0642186244445015,-0.0325639347801322
2339,0.147518084850162,1,1,0.102686839220617,0.0622703448890487,-0.0404164943315683
2340,0.518236759118736,0,0,0.109722649972186,0.0601404237666051,-0.0495822262055809
2341,0.515216520056129,0,0,0.109663658322144,0.0601574974990202,-0.0495061608231234
2342,0.00653984118252993,0,0,0.100117778744837,0.0630986534120829,-0.0370191253327544
2343,-0.320547966752201,1,1,0.0943762764622186,0.0650601614599229,-0.0293161150022957
2344,0.51402059616521,1,0,0.10964030708895,0.0601642594377226,-0.0494760476512275
2345,0.660327705089003,1,0,0.112529583443538,0.0593422771026506,-0.0531873063408869
2346,0.761614742688835,0,0,0.114568557885141,0.0587794021342117,-0.0557891557509295
2347,0.994754910469055,0,0,0.119384302643839,0.0575027586939503,-0.0618815439498886
2348,0.910351470112801,0,1,0.117620978688584,0.0579619053033706,-0.059659073385213
2349,0.974036595318466,0,0,0.118949358933697,0.0576151470665444,-0.0613342118671521
2350,0.877137968316674,0,1,0.1169333067377,0.0581435252188683,-0.0587897815188313
2351,-0.83319143159315,1,0,0.085970167517667,0.0682488343764757,-0.0177213331411913
2352,0.423369399271905,1,0,0.107882931267642,0.0606788906860912,-0.0472040405815504
2353,-0.860674001276493,0,0,0.085539237074371,0.0684238061005429,-0.0171154309738281
2354,-0.22425994835794,1,0,0.0960351187127211,0.0644769142032842,-0.031558204509437
2355,-0.775057469960302,0,0,0.0868882016209778,0.0678800816881305,-0.0190081199328473
2356,0.816466624848545,1,0,0.115686135708335,0.0584766708974513,-0.0572094648108833
2357,-0.761360445059836,1,0,0.0871057883947386,0.067793468634606,-0.0193123197601326
2358,-0.70991410408169,1,0,0.0879274577443233,0.0674690625946872,-0.0204583951496361
2359,0.115020625758916,0,1,0.102089506022255,0.0624603766412085,-0.0396291293810463
2360,-0.66029590042308,1,0,0.0887265573870948,0.0671575489925097,-0.0215690083945851
2361,0.58012131229043,1,0,0.110937523888957,0.059791580964601,-0.0511459429243559
2362,0.396491755265743,1,0,0.107366657239382,0.0608322661060276,-0.0465343911333544
2363,0.119473884813488,0,0,0.1021711785538,0.0624343038474349,-0.0397368747063648
2364,-0.741774750873446,0,0,0.0874177770905734,0.0676697966445481,-0.0197479804460253
2365,-0.449406648054719,1,1,0.0921964890906038,0.0658483812333556,-0.0263481078572482
2366,0.109686911571771,0,0,0.101991762150288,0.0624916176697287,-0.0395001444805594
2367,-0.432290665339679,0,1,0.0924833982059436,0.0657431749676379,-0.0267402232383057
2368,0.490327751263976,1,0,0.109178586184506,0.0602983691875952,-0.0488802169969103
2369,-0.694164994638413,0,0,0.0881803896383372,0.0673700414148748,-0.0208103482234624
2370,-0.420897465199232,0,0,0.0926748226338869,0.0656732313944341,-0.0270015912394529
2371,-0.019611434545368,1,0,0.0996475475978144,0.0632534292180562,-0.0363941183797581
2372,0.199655912816525,1,0,0.103651647065439,0.0619665917005972,-0.0416850553648418
2373,0.80923961289227,0,0,0.115538349038423,0.058516473464328,-0.057021875574095
2374,0.392059789039195,0,0,0.107281735706191,0.0608575916120643,-0.046424144094127
2375,-0.703216270077974,1,0,0.0880349452549644,0.0674269340466993,-0.0206080112082651
2376,-0.0873812511563301,1,0,0.0984380957239487,0.0636561723765155,-0.0347819233474332
2377,0.268779519479722,1,0,0.104943130031372,0.0615660132407104,-0.0433771167906619
2378,0.462284633424133,1,0,0.108634293681888,0.0604574645062466,-0.0481768291756418
2379,0.591404654551297,1,0,0.111160295473352,0.0597281814070619,-0.0514321140662901
2380,0.295714375097305,0,0,0.10545020651696,0.0614105790392039,-0.0440396274777561
2381,0.103209272958338,1,0,0.101873166656355,0.0625295785892621,-0.0393435880670931
2382,-0.296298449859023,0,0,0.0947916110162524,0.0649128135878689,-0.0298787974283835
2383,0.0822394103743136,1,0,0.101490079253078,0.0626526159743173,-0.0388374632787608
2384,-0.495459757279605,1,0,0.0914284843044638,0.0661322318618107,-0.0252962524426532
2385,0.106304542627186,1,0,0.101929820972562,0.0625114366895867,-0.0394183842829757
2386,-0.292296472005546,0,0,0.0948603121658232,0.0648885261556547,-0.0299717860101684
2387,-0.297651613596827,1,0,0.0947683916054528,0.0649210276590012,-0.0298473639464517
2388,0.168780403677374,1,0,0.103079333360526,0.0621463038578758,-0.0409330295026498
2389,-0.0585054317489266,0,0,0.098951820125115,0.0634842774607883,-0.0354675426643266
2390,-0.540364935528487,1,0,0.0906851683274574,0.0664101015775248,-0.0242750667499326
2391,0.64097357634455,0,0,0.11214359633865,0.0594504055260652,-0.0526931908125846
2392,0.205398654565215,0,0,0.10375840496329,0.0619332194146013,-0.0418251855486891
2393,0.659168931655586,0,1,0.112506440951518,0.0593487457956252,-0.0531576951558928
2394,0.968060472048819,0,1,0.118824155938683,0.0576476033911046,-0.0611765525475788
2395,0.595921965315938,1,0,0.111249592226632,0.0597028169069989,-0.0515467753196331
2396,-0.741443693172187,1,0,0.0874230593207022,0.0676677080116981,-0.0197553513090041
2397,0.366603935603052,1,0,0.10679511624538,0.0610032446002868,-0.0457918716450931
2398,0.0498167667537928,1,0,0.100900282286328,0.0628432955106805,-0.0380569867756478
2399,-0.03456179657951,0,0,0.0993796054877224,0.0633420716131101,-0.0360375338746123
2400,0.512775657232851,1,0,0.109616003435313,0.0601712992707935,-0.0494447041645195
2401,0.985628692433238,0,0,0.119192544967499,0.0575522392983747,-0.0616403056691245
2402,-0.308330707252026,1,1,0.0945853239051128,0.0649858866012335,-0.0295994373038794
2403,0.903844160959125,1,0,0.117485972006686,0.0579974469451143,-0.0594885250615713
2404,-0.594941989518702,0,0,0.0897890810856177,0.066749280012594,-0.0230398010730237
2405,0.0534070725552738,1,0,0.100965443045796,0.06282215407648,-0.0381432889693158
2406,0.513220032211393,0,0,0.109624677965648,0.060168786347676,-0.0494558916179718
2407,-0.351011518854648,0,0,0.0938568215499527,0.0652457088377645,-0.0286111127121882
2408,0.18178836395964,0,0,0.103320109407633,0.0620705312466553,-0.0412495781609781
2409,-0.456682907883078,1,0,0.0920747621517867,0.0658931533749763,-0.0261816087768104
2410,0.518480208236724,1,0,0.109727406259335,0.0601390477204232,-0.0495883585389115
2411,0.646800652146339,1,0,0.112259686168961,0.0594178311802081,-0.0528418549887533
2412,-0.475714733358473,1,0,0.0917570551388941,0.0660103934581574,-0.0257466616807368
2413,0.758372801356018,0,0,0.114502800127122,0.0587973405407109,-0.0557054595864111
2414,-0.16818918613717,0,1,0.0970130658896,0.0641395221734123,-0.0328735437161877
2415,-0.153538943268359,0,0,0.0972700458811241,0.0640516392803136,-0.0332184066008105
2416,0.27484492957592,1,0,0.105057129528464,0.0615309792637418,-0.0435261502647225
2417,-0.442414339631796,0,0,0.0923136019244666,0.0658053829405634,-0.0265082189839032
2418,-0.456422467716038,0,0,0.092079116647656,0.0658915503514285,-0.0261875662962275
2419,0.546616609208286,1,0,0.110278328549335,0.059980210873653,-0.0502981176756822
2420,-0.513213329017162,1,0,0.0911339564773764,0.0662419602106742,-0.0248919962667021
2421,-0.443844768684357,0,0,0.0922896330749428,0.0658141770542752,-0.0264754560206677
2422,0.123095442540944,1,0,0.102237640414446,0.0624131079614784,-0.0398245324529672
2423,0.570484664291143,0,0,0.110747573113174,0.0598457778597522,-0.050901795253422
2424,0.922957235015929,1,0,0.117882892143262,0.0578931132405033,-0.0599897789027588
2425,-0.226266777142882,1,0,0.0960002808472371,0.0644890203806817,-0.0315112604665554
2426,-0.931864966638386,0,0,0.0844320456383526,0.0688789880661029,-0.0155530575722497
2427,0.309369559865445,1,0,0.105708104222572,0.0613319186051078,-0.0443761856174644
2428,-0.851706203538924,1,0,0.0856796377149012,0.0683666656930078,-0.0173129720218935
2429,0.883215743117034,1,0,0.117058883289499,0.058110250525392,-0.058948632764107
2430,-0.816390918102115,1,0,0.086234569611146,0.0681420758110323,-0.0180924938001137
2431,0.740034950897098,0,0,0.114131463620431,0.0588989047404422,-0.0552325588799889
2432,0.566123868804425,0,0,0.110661709818041,0.05987031826313,-0.0507913915549111
2433,-0.993655808735639,0,0,0.0834816119420374,0.0692763388634036,-0.0142052730786339
2434,0.150468533858657,1,0,0.102741224172986,0.0622531186310934,-0.0404881055418927
2435,-0.0189658710733056,0,0,0.0996591319181935,0.0632496042052711,-0.0364095277129224
2436,-0.833289356902242,0,0,0.0859686285497409,0.0682494570952656,-0.0177191714544752
2437,-0.413358005229384,1,0,0.092801693441807,0.0656269842197273,-0.0271747092220797
2438,0.505309576168656,1,0,0.109470349964883,0.0602135343594835,-0.0492568156053992
2439,0.682800049427897,1,0,0.112979213372889,0.0592169588938689,-0.0537622544790201
2440,-0.538571698591113,0,0,0.0907147472237196,0.0663989844088027,-0.0243157628149168
2441,0.0827604867517948,0,0,0.101499583022386,0.062649555904968,-0.0388500271174184
2442,0.595280803740025,1,0,0.111236914129512,0.0597064163865076,-0.0515304977430041
2443,-0.0370294726453722,1,1,0.0993354411907969,0.0633567138767504,-0.0359787273140465
2444,0.171904958318919,0,0,0.103137123198054,0.0621280951508945,-0.0410090280471591
2445,0.0434908717870712,0,1,0.100785563928115,0.0628805615507774,-0.0379050023773372
2446,-0.673108205199242,0,0,0.0885195900012213,0.0672378592936572,-0.0212817307075642
2447,0.199724127072841,1,0,0.103652914602088,0.0619661951945941,-0.0416867194074938
2448,0.879258179105818,0,0,0.116977100405153,0.0581319154268019,-0.0588451849783514
2449,-0.68277343781665,1,0,0.0883637483292614,0.0672985020255909,-0.0210652463036705
2450,-0.207426401320845,1,0,0.0963277885152183,0.0643754492625881,-0.0319523392526302
2451,0.230640264693648,1,0,0.104228801506964,0.0617867340350357,-0.0424420674719281
2452,-0.562588955741376,1,0,0.0903193099204619,0.0665480229040828,-0.023771287016379
2453,-0.851101175416261,1,0,0.0856891176059081,0.0683628122083068,-0.0173263053976012
2454,-0.0205095349811018,1,0,0.0996314336171303,0.0632587508903726,-0.0363726827267577
2455,0.0587147818878293,0,0,0.101061841535476,0.0627909119061344,-0.0382709296293413
2456,0.786326744128019,0,0,0.115070883723846,0.0586428334848247,-0.0564280502390217
2457,-0.230409233365208,0,0,0.0959284049367863,0.0645140164055204,-0.0314143885312659
2458,0.266966558527201,0,0,0.104909076600063,0.0615764885711252,-0.0433325880289374
2459,0.0386312580667436,1,0,0.100697514845441,0.0629092036841652,-0.0377883111612761
2460,-0.153880496509373,0,0,0.0972640477848439,0.0640536868892416,-0.0332103608956023
2461,0.558876779861748,1,0,0.110519144834233,0.0599111221421118,-0.0506080226921208
2462,-0.503444660454988,1,0,0.0912959107444229,0.0661815627210337,-0.0251143480233892
2463,-0.66766027873382,0,0,0.0886075413854321,0.0672036996261335,-0.0214038417592986
2464,0.399130081757903,1,0,0.107417238662838,0.0608171946442342,-0.0466000440186039
2465,0.753291206434369,0,0,0.114399793970714,0.0588254685011112,-0.0555743254696033
2466,0.988251828588545,0,0,0.119247634319844,0.0575380130645431,-0.0617096212553007
2467,-0.73167638387531,0,0,0.0875790326890634,0.0676061132545261,-0.0199729194345374
2468,-0.686462943442166,0,0,0.0883043243166637,0.0673216645335949,-0.0209826597830688
2469,0.592474633362144,1,0,0.111181440802477,0.0597221726114752,-0.0514592681910021
2470,0.657605516258627,1,1,0.112475223722109,0.0593574743935534,-0.0531177493285553
2471,0.0454087308607996,1,0,0.100820331534328,0.0628692612073738,-0.037951070326954
2472,0.740671625826508,0,0,0.114144338516946,0.0588953757616376,-0.0552489627553089
2473,-0.427010715007782,1,0,0.0925720658321625,0.0657107524142433,-0.0268613134179192
2474,-0.867578690871596,0,0,0.0854312787738421,0.0684678310825215,-0.0169634476913206
2475,0.322855879552662,1,0,0.105963358414858,0.0612543233559552,-0.0447090350589033
2476,0.713975504040718,1,0,0.113605571895691,0.0590435179439754,-0.0545620539517156
2477,0.0544169950298965,1,0,0.100983778943483,0.0628162083667978,-0.038167570576685
2478,-0.783830099273473,0,0,0.0867491007797186,0.0679356092443251,-0.0188134915353935
2479,-0.135782799683511,0,1,0.0975823205291231,0.0639452752893516,-0.0336370452397715
2480,0.427418776787817,0,0,0.10796090184766,0.0606558145695859,-0.0473050872780739
2481,0.206770678982139,1,0,0.103783925361088,0.0619252487754069,-0.0418586765856815
2482,-0.370132642332464,1,0,0.0935320847355775,0.0653624230850687,-0.0281696616505088
2483,0.949401823338121,1,0,0.118433980721622,0.0577490490015858,-0.0606849317200361
2484,0.0455925967544317,1,0,0.100823665277561,0.0628681779385946,-0.0379554873389667
2485,0.443840836640447,0,0,0.108277615799157,0.0605623145942713,-0.047715301204886
2486,-0.951218528673053,1,0,0.0841333077974795,0.0690032151163715,-0.015130092681108
2487,-0.19101201556623,1,0,0.096613937803252,0.0642766540298915,-0.0323372837733605
2488,0.97598793823272,1,0,0.118990265323533,0.057604553039493,-0.0613857122840396
2489,0.884664813987911,0,0,0.117088840677109,0.05810231976853,-0.0589865209085787
2490,0.318132710643113,0,0,0.105873901719619,0.0612814882598273,-0.0445924134597914
2491,-0.716597539838403,0,0,0.087820319516553,0.0675111249173227,-0.0203091945992303
2492,-0.925850706640631,0,0,0.0845250765294601,0.068840425806102,-0.0156846507233581
2493,-0.243677977938205,0,0,0.0956985021814981,0.0645941421648924,-0.0311043600166057
2494,-0.566283972002566,0,0,0.0902586105130079,0.0665709797938608,-0.0236876307191471
2495,0.119028920307755,1,0,0.102163015325644,0.0624369085540173,-0.0397261067716263
2496,0.9486303916201,1,0,0.118417873038105,0.0577532468207817,-0.0606646262173233
2497,0.386481205467135,0,0,0.107174927688235,0.0608894832299745,-0.0462854444582602
2498,-0.198215942829847,1,0,0.0964882595680598,0.0643199957725917,-0.0321682637954682
2499,-0.440475157927722,0,1,0.0923461045686562,0.0657934628180347,-0.0265526417506215
2500,0.971890640445054,0,0,0.118904386899609,0.0576267997724683,-0.0612775871271409
2501,-0.0957778487354517,1,0,0.0982891598833621,0.0637062378506086,-0.0345829220327535
2502,-0.4943463713862,1,0,0.0914469836284946,0.0661253560607694,-0.0253216275677252
2503,-0.352095585782081,0,1,0.0938383836898155,0.0652523207333249,-0.0285860629564906
2504,-0.999869270715863,1,0,0.0833865797253865,0.0693164122050619,-0.0140701675203247
2505,0.811287741642445,0,0,0.115580214974757,0.0585051908730627,-0.0570750241016945
2506,-0.410875885281712,1,0,0.0928434955978571,0.0656117654804771,-0.0272317301173801
2507,0.855693547055125,1,0,0.116491164028883,0.0582610723285963,-0.0582300917002864
2508,-0.510813493747264,1,0,0.0911737192589366,0.0662271178235811,-0.0249466014353554
2509,0.010614818893373,0,1,0.100191229057203,0.0630745675678987,-0.0371166614893047
2510,0.0198055729269981,0,0,0.100357065596908,0.063020275540572,-0.0373367900563357
2511,-0.400760697200894,1,0,0.0930140234746782,0.0655497796781346,-0.0274642437965436
2512,0.337000109255314,1,0,0.106231648364455,0.0611730413341623,-0.0450586070302924
2513,0.0445632007904351,0,0,0.100805002163289,0.0628742429771048,-0.0379307591861839
2514,-0.96524160541594,1,0,0.0839174503641657,0.0690933563111176,-0.0148240940530481
2515,0.924727742560208,1,0,0.117919718908017,0.0578834573825013,-0.0600362615255158
2516,0.777549555059522,0,0,0.114892248989341,0.0586913057235038,-0.0562009432658369
2517,0.804853469133377,1,0,0.11544873592864,0.0585406424169788,-0.0569080935116608
2518,-0.4614421678707,0,0,0.0919952210706095,0.065922453265952,-0.0260727678046575
2519,-0.417147558648139,0,0,0.0927379049800808,0.0656502256182471,-0.0270876793618337
2520,-0.109225570224226,1,0,0.0980510472779562,0.0637864975652729,-0.0342645497126833
2521,-0.660591866355389,0,0,0.08872177148851,0.0671594031662506,-0.0215623683222594
2522,-0.592126328963786,1,0,0.0898351148174911,0.0667317423287237,-0.0231033724887675
2523,0.0395758487284184,0,0,0.100714624094593,0.0629036353976038,-0.0378109886969889
2524,0.559673821087927,1,0,0.110534816381091,0.0599066332215454,-0.0506281831595454
2525,-0.834399605169892,1,0,0.0859511819308933,0.0682565176655033,-0.01769466426539
2526,0.954499609768391,1,0,0.118540471438102,0.0577213161103749,-0.0608191553277275
2527,0.531902953051031,1,0,0.109989927493528,0.0600632240010201,-0.0499267034925078
2528,-0.633770787157118,0,0,0.0891564274017577,0.0669915666858328,-0.0221648607159249
2529,0.768523876089603,1,0,0.114708808656231,0.058741189429741,-0.0559676192264897
2530,0.981571190990508,1,0,0.119107375380344,0.0575742511290329,-0.0615331242513108
2531,-0.181390973739326,0,0,0.0967820125104537,0.0642188123666671,-0.0325632001437865
2532,0.357690974604338,0,0,0.106625194066661,0.0610543196697424,-0.0455708743969181
2533,-0.150901889894158,1,0,0.0973163669033978,0.0640358322192786,-0.0332805346841192
2534,0.555148015264422,0,0,0.110445855135326,0.0599321266544611,-0.0505137284808646
2535,0.776285094209015,1,0,0.114866534378195,0.0586982918342112,-0.0561682425439834
2536,-0.0688448268920183,0,0,0.0987676001346302,0.0635457770766573,-0.0352218230579728
2537,0.313826934900135,0,0,0.105792408460026,0.0613062623739172,-0.044486146086109
2538,0.971872158814222,1,0,0.118903999650353,0.0576269001388055,-0.061277099511548
2539,0.241037886124104,1,0,0.10442311647569,0.0617264873805903,-0.0426966290950995
2540,-0.945261090993881,0,1,0.0842251632471394,0.0689649533067816,-0.0152602099403578
2541,0.678581119515002,1,0,0.112894681046101,0.0592404670547904,-0.0536542139913104
2542,-0.588050573598593,1,0,0.0899017877431752,0.0667063635700039,-0.0231954241731713
2543,-0.267570794560015,0,0,0.0952857620744362,0.064738656988861,-0.0305471050855752
2544,-0.539552704896778,0,0,0.090698564748075,0.0664050659411993,-0.0242934988068757
2545,-0.941116563044488,0,0,0.0842891198387478,0.0689383465484289,-0.0153507732903189
2546,-0.0687057860195637,1,0,0.0987700754390848,0.0635449496812688,-0.035225125757816
2547,0.465815635863692,0,0,0.108702696014133,0.0604374106918648,-0.0482652853222677
2548,0.113759849686176,0,0,0.102066393969068,0.0624677600369332,-0.0395986339321344
2549,0.202162790112197,0,0,0.103698238105701,0.0619520216418293,-0.0417462164638714
2550,0.903018127661198,1,1,0.117468843963988,0.0580019600389873,-0.0594668839250009
2551,0.940202129539102,0,1,0.118242012376445,0.0577991286758052,-0.0604428837006401
2552,0.610308846924454,0,0,0.111534405792886,0.0596221024116774,-0.0519123033812091
2553,-0.193265606183559,1,0,0.0965746064191296,0.0642902096190416,-0.032284396800088
2554,0.881941408384591,0,1,0.117032543806453,0.0581172257917188,-0.0589153180147343
2555,-0.471823256928474,0,0,0.0918219370882687,0.0659864053817442,-0.0258355317065245
2556,-0.79073338676244,1,0,0.0866397823820357,0.0679793341507075,-0.0186604482313281
2557,-0.519859741907567,0,0,0.091023913741922,0.0662830827621709,-0.024740830979751
2558,0.418064038734883,0,0,0.107780851708101,0.0607091366787633,-0.0470717150293377
2559,-0.0762533042579889,1,0,0.0986357890118823,0.0635898774875582,-0.0350459115243241
2560,-0.585171634797007,0,0,0.0899489095102096,0.0666884425044177,-0.0232604670057919
2561,-0.867573670577258,0,0,0.0854313572237807,0.0684677990630976,-0.0169635581606832
2562,-0.170039888937026,1,0,0.0969806458460874,0.0641506320322725,-0.0328300138138149
2563,-0.988888990599662,1,0,0.0835545850837568,0.0692456100989728,-0.0143089749847839
2564,-0.0764519525691867,1,0,0.0986322568322587,0.0635910603731183,-0.0350411964591404
2565,0.580637109000236,0,0,0.110947698943425,0.0597886813993989,-0.0511590175440261
2566,-0.1519228015095,0,0,0.0972984317998738,0.0640419513503429,-0.0332564804495309
2567,0.321459314785898,0,0,0.105936900579393,0.0612623544070482,-0.0446745461723447
2568,-0.181564536876976,0,1,0.0967789781397531,0.0642198553980056,-0.0325591227417475
2569,0.734547150786966,1,0,0.114020541283946,0.058929330884152,-0.055091210399794
2570,-0.686067346017808,0,0,0.0883106941704551,0.0673191806413243,-0.0209915135291308
2571,-0.713414122350514,1,0,0.0878713362880159,0.0674910869894685,-0.0203802492985474
2572,-0.746061616577208,1,0,0.0873494035590575,0.0676968477485351,-0.0196525558105224
2573,0.133118461817503,0,0,0.10242177995348,0.0623544812642595,-0.0400672986892206
2574,-0.318069859873503,1,0,0.0944186454381174,0.0650450894203195,-0.0293735560177979
2575,0.313802855554968,0,0,0.105791952877876,0.0613064009454086,-0.0444855519324671
2576,-0.269826629664749,1,0,0.0952468756973171,0.0647523168619111,-0.030494558835406
2577,0.793578152544796,0,0,0.115218647756141,0.0586028157267178,-0.0566158320294232
2578,0.452029421459883,0,0,0.108435844698038,0.0605157427943368,-0.0479201019037013
2579,0.781040165573359,1,0,0.11496326152525,0.0586720242449176,-0.0562912372803327
2580,-0.921671035233885,0,0,0.0845897840854487,0.0688136383459832,-0.0157761457394655
2581,0.136827374342829,0,0,0.102489993289684,0.0623328001074681,-0.0401571931822157
2582,-0.568836244288832,0,0,0.09021670484547,0.0665868411857649,-0.0236298636597051
2583,-0.269386083818972,1,0,0.095254468767678,0.0647496489914646,-0.0305048197762135
2584,0.00777531880885363,1,0,0.100140042820544,0.0630913500068744,-0.0370486928136699
2585,-0.31411448540166,0,0,0.0944863070252186,0.0650210392546359,-0.0294652677705827
2586,0.833332657814026,0,0,0.116031671984215,0.0583838804476987,-0.0576477915365159
2587,0.613033496309072,1,0,0.111588416768889,0.0596068278690891,-0.0519815888997998
2588,0.788114997092634,1,0,0.115107308146047,0.058632962418811,-0.0564743457272363
2589,0.315172703471035,1,0,0.105817873203977,0.0612985182284568,-0.0445193549755198
2590,-0.157432756386697,0,0,0.0972016852812852,0.0640749862738672,-0.033126699007418
2591,-0.0895410892553627,0,0,0.0983997660949487,0.0636690471026698,-0.0347307189922789
2592,-0.690427982248366,1,0,0.0882405027417038,0.0673465650689368,-0.020893937672767
2593,-0.952846302650869,0,0,0.0841082256031477,0.069013672958415,-0.0150945526447327
2594,0.75011116405949,1,0,0.114335374174912,0.0588430772864191,-0.0554922968884927
2595,0.182274870108813,0,0,0.10332912423428,0.0620676989761834,-0.0412614252580963
2596,-0.888917626813054,1,0,0.0850984141557176,0.0686040561789538,-0.0164943579767637
2597,0.297379181254655,0,0,0.105481619029606,0.0614009839103757,-0.0440806351192299
2598,-0.571738031227142,1,0,0.0901690818014284,0.0666048789403534,-0.023564202861075
2599,-0.499477738514543,1,1,0.0913617520270033,0.0661570507418692,-0.0252047012851341
2600,0.277472908608615,0,0,0.105106556372933,0.0615158057689152,-0.0435907506040175
2601,0.989362987224013,0,0,0.119270976767822,0.0575319878374961,-0.0617389889303262
2602,-0.782578189857304,0,0,0.0867689390100613,0.0679276825373229,-0.0188412564727384
2603,0.428065733984113,1,0,0.107973363567047,0.0606521285266081,-0.0473212350404389
2604,0.400187870953232,1,1,0.107437524254118,0.0608111529955601,-0.0466263712585583
2605,-0.0815829574130476,0,1,0.0985410610983601,0.0636216209319792,-0.0349194401663809
2606,-0.549374592024833,1,0,0.0905366881592391,0.0664659830939086,-0.0240707050653306
2607,-0.416398284956813,1,1,0.09275051416552,0.0656456297025071,-0.027104884463013
2608,0.848275677766651,1,0,0.116338560018459,0.0583017850828899,-0.0580367749355688
2609,-0.770662772934884,1,0,0.086957960804898,0.0678522806757437,-0.0191056801291543
2610,-0.46598800830543,0,0,0.0919193045168064,0.0659504505677631,-0.0259688539490433
2611,-0.0606554318219423,1,0,0.0989134877811538,0.0634970612761004,-0.0354164265050534
2612,0.947924887761474,1,0,0.118403143604778,0.0577570861380135,-0.0606460574667648
2613,-0.933542049489915,0,0,0.0844061204527881,0.0688897447598535,-0.0155163756929346
2614,0.180580126587301,0,0,0.103297724107689,0.0620775657086572,-0.0412201583990319
2615,-0.0713399890810251,0,1,0.0987231888724696,0.0635606268328716,-0.035162562039598
2616,-0.596630475483835,1,0,0.0897614859293852,0.066759799005076,-0.0230016869243092
2617,-0.708142463117838,0,0,0.0879558776752603,0.0674579168174461,-0.0204979608578142
2618,-0.021138203330338,0,0,0.099620155244653,0.063262476297808,-0.036357678946845
2619,-0.352480457630008,1,1,0.0938318385527799,0.0652546682774795,-0.0285771702753004
2620,-0.327386420685798,1,0,0.0942594455904838,0.0651017703281896,-0.0291576752622942
2621,0.961660641245544,0,0,0.118690202485804,0.0576823799045476,-0.0610078225812568
2622,-0.144233289640397,1,0,0.097433591670654,0.0639958754186741,-0.0334377162519799
2623,0.770526217762381,0,1,0.114749482770428,0.0587301193281952,-0.0560193634422327
2624,0.302159404847771,0,0,0.10557186089555,0.0613734408253251,-0.0441984200702244
2625,0.750650791451335,0,0,0.114346303465553,0.0588400888703321,-0.0555062145952205
2626,-0.406097094062716,1,0,0.0929240243107164,0.0655824742922069,-0.0273415500185095
2627,-0.210219195578247,0,0,0.0962791776295993,0.0643922726583631,-0.0318869049712362
2628,-0.678082761820406,0,0,0.0884393495590735,0.0672690649026822,-0.0211702846563913
2629,-0.909281776752323,0,0,0.0847818525297407,0.0687342924544947,-0.016047560075246
2630,-0.209340721834451,0,0,0.0962944658257944,0.0643869804160603,-0.0319074854097341
2631,0.987194614484906,1,0,0.11922542876802,0.0575437463288902,-0.0616816824391302
2632,-0.258187041152269,0,0,0.0954476728988775,0.0646818638492078,-0.0307658090496697
2633,0.0205305577255785,0,0,0.100370157482149,0.063015994733724,-0.037354162748425
2634,0.937387661542743,1,0,0.118183337227783,0.0578144577229062,-0.0603688795048764
2635,0.943030301481485,1,0,0.11830099862794,0.0577837288329502,-0.0605172697949899
2636,0.245381524320692,0,0,0.10450438687765,0.0617013354116601,-0.0428030514659899
2637,-0.256652536801994,0,0,0.0954741732165521,0.0646725810064334,-0.0308015922101187
2638,-0.266009674407542,1,0,0.0953126811809293,0.0647292054289873,-0.030583475751942
2639,0.987480194307864,0,0,0.119231426687366,0.0575421975787248,-0.061689229108641
2640,-0.789483633823693,1,0,0.0866595638482132,0.067971416375513,-0.0186881474727002
2641,0.726450071670115,1,0,0.11385705035589,0.0589742506245437,-0.0548827997313468
2642,0.068039748352021,1,0,0.101231399195544,0.0627360585120801,-0.0384953406834642
2643,0.476408107671887,1,0,0.108908119559702,0.06037728962493,-0.0485308299347723
2644,-0.218645295128226,1,0,0.0961326472197799,0.0644430550966486,-0.0316895921231314
2645,0.272185214329511,1,1,0.105007126680449,0.0615463395588151,-0.0434607871216343
2646,0.634940798394382,1,0,0.112023518930591,0.0594841474070004,-0.0525393715235903
2647,0.515413289424032,0,0,0.109667500796589,0.0601563850027216,-0.049511115793867
2648,0.809296201448888,0,0,0.115539505591762,0.0585161617057568,-0.0570233438860052
2649,0.490293372888118,0,0,0.109177917467606,0.0602985639842789,-0.0488793534833276
2650,0.0326340729370713,1,0,0.100588948805998,0.062944567340376,-0.0376443814656217
2651,0.680316617712379,1,0,0.112929447562762,0.059230795683689,-0.0536986518790729
2652,-0.645817377138883,0,0,0.0889609661411991,0.0670669016141164,-0.0218940645270827
2653,-0.900305787101388,0,0,0.0849212527918291,0.0686768594802982,-0.0162443933115309
2654,0.798198826611042,1,0,0.115312890623881,0.0585773293476474,-0.056735561276234
2655,0.833738187327981,0,0,0.116039991139727,0.0583816510808911,-0.0576583400588361
2656,-0.368686642963439,0,0,0.0935566070920743,0.0653535900045295,-0.0282030170875448
2657,-0.43188477633521,0,0,0.0924902117019674,0.0657406820003226,-0.0267495297016449
2658,0.0821611154824495,0,0,0.101488651322208,0.0626530757803834,-0.038835575541825
2659,0.851930249016732,0,0,0.116413721927367,0.058281723743326,-0.0581319981840415
2660,-0.544918732251972,1,0,0.0906100938574521,0.0664383406013797,-0.0241717532560725
2661,-0.0692068259231746,0,0,0.0987611558296444,0.0635479312840761,-0.0352132245455683
2662,0.324720875825733,0,0,0.105998699739797,0.0612436000887343,-0.0447550996510625
2663,-0.593745889607817,0,0,0.0898086337362014,0.0667418294362069,-0.0230668042999945
2664,0.694573076907545,0,0,0.11321539507128,0.0591514050178013,-0.0540639900534788
2665,-0.584159024991095,1,0,0.0899654889505781,0.0666821401867276,-0.0232833487638506
2666,-0.289240739308298,1,0,0.0949127993223122,0.0648699870442414,-0.0300428122780707
2667,-0.996656467672437,1,1,0.0834357058755504,0.0692956887511003,-0.0141400171244501
2668,-0.949837749358267,0,0,0.0841545894022445,0.0689943452733279,-0.0151602441289166
2669,0.337050634436309,1,0,0.106232607805943,0.0611727511641421,-0.0450598566418006
2670,0.633446687832475,0,0,0.111993797271067,0.0594925068758072,-0.0525012903952602
2671,-0.777023465838283,0,0,0.0868570107992246,0.0678925220680375,-0.0189644887311871
2672,-0.0175778516568244,1,0,0.0996840433027886,0.0632413808148221,-0.0364426624879666
2673,-0.332103373017162,1,0,0.0941789348276347,0.0651304852551125,-0.0290484495725222
2674,-0.503400165587664,1,0,0.0912966490145558,0.0661812877363278,-0.025115361278228
2675,0.390173511579633,1,0,0.10724561040814,0.0608683733249767,-0.0463772370831628
2676,0.601380582433194,0,0,0.111357580148388,0.0596721804729974,-0.0516853996753905
2677,0.111862104851753,1,0,0.10203161399798,0.0624788752047294,-0.0395527387932502
2678,0.342408620286733,0,0,0.106334395941323,0.0611419871395155,-0.0451924088018073
2679,0.855479524005204,0,0,0.116486758609106,0.0582622466139689,-0.0582245119951366
2680,0.131690309382975,1,0,0.102395524479299,0.0623628316793066,-0.0400326927999924
2681,0.582313523162156,1,0,0.110980774988606,0.059779258301096,-0.05120151668751
2682,-0.801933601498604,1,0,0.0864626843801777,0.0680503309788141,-0.0184123534013636
2683,-0.929769221227616,1,0,0.0844644528796238,0.0688655482857874,-0.0155989045938364
2684,-0.819674139842391,1,0,0.0861828412953608,0.0681629268094475,-0.0180199144859133
2685,-0.274356927257031,1,0,0.0951688247303424,0.0647797575072033,-0.0303890672231391
2686,-0.349577651824802,1,0,0.0938812138147109,0.0652369644133714,-0.0286442494013396
2687,0.551309001632035,1,0,0.110370442944124,0.0599537594141399,-0.0504166835299842
2688,0.676963795907795,0,0,0.112862290281115,0.0592494812090587,-0.0536128090720562
2689,-0.172101034782827,0,0,0.0969445507088583,0.0641630073007418,-0.0327815434081166
2690,0.211855511181056,1,0,0.103878554401256,0.0618957173035271,-0.0419828370977292
2691,-0.279951502103359,0,0,0.0950725166732,0.0648136595643372,-0.0302588571088627
2692,-0.286229291930795,1,0,0.0949645512390034,0.0648517214343701,-0.0301128298046333
2693,-0.0299306586384773,1,1,0.0994625366799444,0.06331460069524,-0.0361479359847044
2694,-0.686300322413445,1,0,0.0883069427672439,0.0673206434521539,-0.02098629931509
2695,0.435501273255795,0,1,0.108116678056942,0.0606097795321998,-0.0475068985247425
2696,-0.839573633857071,0,0,0.0858699187167264,0.0682894305798443,-0.0175804881368821
2697,-0.840526300948113,0,0,0.0858549637330636,0.0682954922672757,-0.0175594714657879
2698,0.0518092378042638,1,0,0.100936439197955,0.062831562070591,-0.0381048771273637
2699,0.888015205040574,0,0,0.117158130497782,0.0580839869853641,-0.059074143512418
2700,-0.167587548494339,0,0,0.0970236072764598,0.0641359108994232,-0.0328876963770366
2701,-0.215595697052777,0,0,0.0961856568995223,0.0644246714667865,-0.0317609854327358
2702,-0.222448712214828,0,0,0.0960665708570721,0.0644659897535475,-0.0316005811035246
2703,0.481712091714144,1,0,0.10901110957491,0.0603472061457014,-0.0486639034292087
2704,0.676041686441749,0,0,0.112843826469177,0.0592546211620789,-0.053589205307098
2705,-0.202732023317367,0,0,0.0964095474390657,0.0643471802182028,-0.0320623672208629
2706,-0.105722795240581,1,0,0.0981130197359332,0.0637655829664599,-0.0343474367694733
2707,-0.38291374174878,0,1,0.0933155836807951,0.0654405464353152,-0.02787503724548
2708,0.0196006605401635,0,0,0.100353365533025,0.0630214855328304,-0.0373318800001946
2709,-0.721251198090613,1,0,0.0877457891457053,0.06754042716267,-0.0202053619830353
2710,0.671769082546234,1,0,0.112758308608172,0.0592784426418508,-0.0534798659663217
2711,-0.0369987348094583,1,1,0.0993359912021471,0.06335653147056,-0.0359794597315871
2712,0.0740584805607796,0,1,0.101340972967892,0.0627006775314926,-0.0386402954363996
2713,-0.0113308466970921,0,0,0.0997962295579892,0.0632043824611146,-0.0365918470968745
2714,0.79484433401376,1,0,0.115244466017996,0.0585958307806149,-0.0566486352373809
2715,-0.279572004452348,1,0,0.0950790467938273,0.0648113593589405,-0.0302676874348867
2716,0.682654593605548,1,0,0.112976298037263,0.0592177692379696,-0.053758528799293
2717,0.698808381333947,1,0,0.113300465876664,0.059127838883389,-0.0541726269932755
2718,0.0587072870694101,0,0,0.101061705357186,0.0627909560118162,-0.03827074934537
2719,-0.639596699737012,1,0,0.089061851059143,0.0670279899804723,-0.0220338610786707
2720,0.491943649947643,0,0,0.109210022170787,0.060289213756105,-0.0489208084146824
2721,-0.861178506631404,0,0,0.0855313446930108,0.0684270219880338,-0.0171043227049771
2722,-0.643913554027677,1,0,0.0889918307684988,0.0670549905779535,-0.0219368401905453
2723,-0.455547850113362,1,0,0.0920937413942032,0.065886167297245,-0.0262075740969582
2724,0.150177746079862,0,0,0.102735863015527,0.0622548162039385,-0.0404810468115886
2725,0.389346114825457,0,0,0.10722976778461,0.0608731031791843,-0.0463566646054253
2726,-0.525357662700117,1,0,0.0909329766350017,0.0663171173084884,-0.0246158593265133
2727,-0.677020625211298,0,0,0.0884564764862925,0.0672624009456421,-0.0211940755406503
2728,-0.750827067997307,1,0,0.0872734535685818,0.0677269306081267,-0.0195465229604551
2729,-0.849325638264418,0,0,0.0857169431211527,0.0683515047963229,-0.0173654383248298
2730,0.198290881235152,1,0,0.103626285343651,0.0619745266576951,-0.0416517586859561
2731,-0.768588764593005,0,0,0.0869909001548008,0.0678391640911234,-0.0191517360636773
2732,0.33015232346952,0,0,0.106101683834693,0.0612123806043551,-0.0448893032303381
2733,-0.588596333749592,0,0,0.0898928573831689,0.0667097613688382,-0.0231830960143307
2734,0.72652603359893,1,0,0.113858583179716,0.0589738290654452,-0.0548847541142706
2735,0.191346103791147,1,0,0.10349733922663,0.0620149114913221,-0.041482427735308
2736,-0.357586768921465,1,0,0.0937450392653434,0.0652858219026409,-0.0284592173627025
2737,-0.542663537431508,0,0,0.0906472662884202,0.0664243542837823,-0.0242229120046379
2738,0.363918076269329,0,0,0.106743886286264,0.0610186315132514,-0.0457252547730126
2739,0.00569546734914184,0,0,0.100102565133704,0.0631036452990402,-0.0369989198346638
2740,0.40664189029485,1,0,0.107561368244408,0.0607743025004559,-0.0467870657439523
2741,-0.852949475403875,0,0,0.0856601604768341,0.0683745848477736,-0.0172855756290606
2742,-0.410537174437195,0,0,0.0928492012432707,0.0656096889811387,-0.0272395122621319
2743,-0.511037983000278,1,0,0.091169999043184,0.0662285061030354,-0.0249414929401486
2744,-0.0430258451960981,1,0,0.0992281961501061,0.0633923072531797,-0.0358358888969264
2745,0.655965112149715,0,0,0.112442477366089,0.0593666341149338,-0.0530758432511554
2746,-0.106990287080407,1,0,0.0980905907477141,0.0637731502520049,-0.0343174404957093
2747,0.373810031916946,0,0,0.106932671962934,0.0609619798040845,-0.0459706921588496
2748,-0.512250709347427,0,1,0.0911499042125937,0.0662360062751462,-0.0249138979374475
2749,0.815179986413568,1,0,0.115659812954939,0.058483755164398,-0.057176057790541
2750,0.768379800952971,1,0,0.114705882502583,0.058741986035775,-0.0559638964668085
2751,0.40853699343279,0,0,0.107597756574336,0.060763486003039,-0.0468342705712966
2752,-0.753843490500003,0,0,0.087225409821007,0.0677459787814231,-0.0194794310395839
2753,-0.32854491379112,1,0,0.0942396662723417,0.0651088216814148,-0.0291308445909269
2754,0.143313635606319,0,0,0.102609383618257,0.0622949003428557,-0.0403144832754013
2755,0.0600444455631077,1,0,0.101086003647762,0.0627830875278527,-0.0383029161199092
2756,-0.79543336853385,1,0,0.0865654262369551,0.0680091184101394,-0.0185563078268157
2757,0.205920605454594,1,0,0.103768112878721,0.0619301870799785,-0.0418379257987429
2758,0.721334230154753,1,0,0.113753859977836,0.059002648052611,-0.0547512119252254
2759,0.0788953816518188,0,0,0.101429107215085,0.0626722574130237,-0.038756849802061
2760,-0.0946638626046479,0,0,0.0983089078126082,0.0636995934965781,-0.0346093143160301
2761,0.901446013245732,0,1,0.117436251690885,0.0580105503125993,-0.0594257013782856
2762,-0.951573065947741,0,1,0.0841278441921464,0.0690054927614307,-0.0151223514307157
2763,0.360976898577064,0,0,0.106687811219198,0.0610354852720738,-0.0456523259471247
2764,0.753017729148269,1,0,0.114394252755107,0.0588269826272695,-0.0555672701278374
2765,-0.888658855576068,0,0,0.0851024436558128,0.0686024027128744,-0.0165000409429384
2766,0.675480452366173,1,0,0.112832589917914,0.0592577497552557,-0.0535748401626578
2767,-0.603137223049998,0,0,0.0896552167464785,0.0668003493774032,-0.0228548673690753
2768,0.980642328970134,0,0,0.119087885368666,0.0575792912910168,-0.0615085940776488
2769,-0.791624251753092,1,0,0.0866256839976682,0.0679849787232088,-0.0186407052744594
2770,0.349313949700445,1,0,0.106465706400344,0.0611023600424048,-0.0453633463579396
2771,-0.846254403237253,1,0,0.0857650936332592,0.0683319498942448,-0.0174331437390143
2772,-0.0600072527304292,1,0,0.098925042771832,0.0634932069762267,-0.0354318357956053
2773,-0.639594049658626,1,0,0.0890618940592382,0.0670279734081458,-0.0220339206510924
2774,-0.992587488610297,0,0,0.0834979613512672,0.069269450959039,-0.0142285103922282
2775,-0.412248189095408,0,0,0.0928203821126384,0.0656201791460263,-0.0272002029666121
2776,0.706484065856785,1,0,0.113454782635286,0.059085152163961,-0.0543696304713249
2777,-0.442384494002908,1,0,0.092314102089482,0.0658051994646945,-0.0265089026247875
2778,0.873209948651493,0,0,0.116852209756838,0.0581650399101352,-0.0586871698467025
2779,0.494309071917087,1,0,0.109256053840613,0.0602758139878509,-0.0489802398527624
2780,-0.808532075025141,0,0,0.086358502673075,0.0680921900862631,-0.0182663125868119
2781,-0.547438216861337,1,0,0.0905685813635904,0.0664539692322696,-0.0241146121313208
2782,0.90851517720148,1,0,0.11758286763748,0.0579719327031146,-0.059610934934365
2783,0.28284737188369,1,0,0.105207702805638,0.0614847854374334,-0.0437229173682048
2784,0.26273556984961,1,0,0.104829642518354,0.0616009418006217,-0.0432287007177322
2785,0.131416715215892,1,0,0.102390495343471,0.0623644315050304,-0.0400260638384406
2786,-0.0304550169967115,0,0,0.0994531437460907,0.0633177105188929,-0.0361354332271978
2787,0.598946254234761,1,0,0.111309410466905,0.0596858412963274,-0.0516235691705776
2788,0.17549689905718,0,0,0.103203592946766,0.0621071688521123,-0.0410964240946538
2789,0.92459941515699,0,0,0.117917049347984,0.0578841571938216,-0.060032892154162
2790,0.986474753823131,0,0,0.119210310978689,0.0575476504349498,-0.0616626605437396
2791,0.574224088806659,1,0,0.110821248168719,0.0598247417267909,-0.0509965064419276
2792,-0.0205278978683054,0,0,0.0996311041690148,0.0632588597035699,-0.0363722444654449
2793,0.503951776772738,1,0,0.109443879325049,0.0602212183151552,-0.0492226610098934
2794,0.389449575915933,0,0,0.10723174869871,0.0608725117199739,-0.0463592369787363
2795,0.0954851978458464,0,0,0.101731910672999,0.062574872134766,-0.0391570385382328
2796,0.28579996433109,0,0,0.105263306611985,0.0614677498837369,-0.0437955567282483
2797,0.542025323025882,0,0,0.11018826412401,0.0600061029624902,-0.0501821611615195
2798,0.947273415047675,1,0,0.118389543636389,0.0577606316331812,-0.060628912003208
2799,0.0313767972402275,0,0,0.100566201740009,0.0629519834803948,-0.0376142182596142
2800,-0.599013121798635,0,0,0.0897225590207677,0.066774645121746,-0.0229479138990218
2801,-0.690705038607121,0,0,0.08823604477851,0.0673483053086371,-0.020887739469873
2802,-0.532094727735966,1,0,0.0908216552318055,0.0663588448375929,-0.0244628103942126
2803,-0.254068910609931,1,0,0.0955188063453433,0.0646569543993573,-0.030861851945986
2804,0.978459226433188,1,0,0.119042088892102,0.0575911388046404,-0.0614509500874617
2805,-0.389148910995573,1,0,0.0932101284035576,0.0654786898680222,-0.0277314385355354
2806,0.954351029358804,0,0,0.118537366480668,0.0577221242380815,-0.0608152422425862
2807,-0.356376240495592,0,0,0.0937656098386454,0.0652784352131318,-0.0284871746255135
2808,-0.420033107511699,0,0,0.092689359768139,0.0656679278724615,-0.0270214318956776
2809,0.663174781948328,0,1,0.112586461611741,0.0593263864937623,-0.0532600751179789
2810,0.0691792042925954,0,0,0.101252135441268,0.0627293588169936,-0.0385227766242743
2811,0.890184997580945,1,0,0.117203023196523,0.0580721171370619,-0.0591309060594615
2812,-0.747702342923731,0,0,0.0873232475291046,0.0677072037607837,-0.0196160437683208
2813,-0.81533907353878,1,0,0.0862511477391529,0.0681353970346785,-0.0181157507044744
2814,0.276182204019278,1,0,0.105082278327919,0.0615232576362255,-0.0435590206916932
2815,0.218687056563795,1,0,0.104005809961781,0.0618560620529958,-0.0421497479087849
2816,-0.068532794713974,0,0,0.0987731552304001,0.0635439202698684,-0.0352292349605317
2817,0.0445713172666728,0,0,0.100805149304309,0.0628741951539733,-0.0379309541503361
2818,-0.742071590851992,1,0,0.0874130410707364,0.0676716694496768,-0.0197413716210596
2819,-0.691726775839925,0,1,0.0882196063186998,0.0673547233804721,-0.0208648829382277
2820,0.186399461235851,1,0,0.103405579749663,0.0620436918820369,-0.0413618878676262
2821,-0.384968121536076,1,0,0.093280826184267,0.0654531117496485,-0.0278277144346185
2822,-0.287568188738078,0,0,0.0949415390936583,0.064859841777783,-0.0300816973158752
2823,-0.136867932509631,0,0,0.0975632108363743,0.0639517707978064,-0.0336114400385679
2824,-0.819502882193774,1,0,0.0861855388251202,0.0681618390447001,-0.0180236997804201
2825,-0.867890261579305,1,1,0.0854264101227938,0.0684698183068147,-0.0169565918159791
2826,0.883675395511091,0,0,0.117068385199862,0.058107734740391,-0.0589606504594714
2827,-0.37071700161323,0,0,0.0935221763622476,0.0653659930369127,-0.0281561833253349
2828,0.44005997152999,1,0,0.108204626215242,0.0605838292193808,-0.0476207969958612
2829,-0.639901341404766,1,0,0.0890569080770907,0.067029895089537,-0.0220270129875537
2830,0.902126841712743,0,0,0.117450365316433,0.0580068300151736,-0.0594435353012595
2831,-0.838867623824626,1,1,0.0858810031965255,0.0682849386584358,-0.0175960645380898
2832,-0.93201628094539,1,0,0.0844297062494671,0.0688799585217947,-0.0155497477276724
2833,-0.45494874054566,0,0,0.0921037604917372,0.065882480162508,-0.0262212803292292
2834,0.304744282271713,1,0,0.105620687006768,0.0613585518769315,-0.0442621351298367
2835,-0.181216275319457,1,0,0.0967850668148523,0.0642177625287592,-0.0325673042860931
2836,0.129317487590015,1,0,0.102351915175311,0.062376707889276,-0.0399752072860352
2837,-0.349155979231,0,0,0.0938883881897596,0.0652343930545291,-0.0286539951352305
2838,0.935751712881029,1,0,0.118149243070416,0.0578233696983211,-0.0603258733720948
2839,0.152165962848812,0,0,0.102772524050065,0.0622432101727805,-0.0405293138772846
2840,0.064133764244616,0,0,0.101160345232178,0.0627590297175794,-0.0384013155145989
2841,0.841479691211134,1,0,0.116198902083873,0.058339108077207,-0.0578597940066662
2842,-0.357702819164842,1,0,0.0937430674299923,0.0652865300863837,-0.0284565373436086
2843,-0.729078887496144,1,0,0.0876205542236532,0.0675897416381449,-0.0200308125855083
2844,-0.817838298156857,0,0,0.0862117621635504,0.0681512670655373,-0.018060495098013
2845,0.52503561321646,0,0,0.10985554777425,0.0601020057180339,-0.0497535420562164
2846,0.604430303908885,0,0,0.111417952757857,0.0596550703531863,-0.0517628824046708
2847,-0.889122047461569,1,0,0.085095231107351,0.0686053623881222,-0.0164898687192288
2848,-0.186361614614725,1,0,0.0966951453708375,0.0642486897831424,-0.0324464555876951
2849,-0.0208790372125804,1,0,0.0996248045729179,0.0632609404880855,-0.0363638640848323
2850,-0.745616784319282,0,0,0.0873564961791631,0.0676940402888981,-0.019662455890265
2851,-0.742956171743572,1,0,0.087398929143239,0.0676772506798603,-0.0197216784633787
2852,-0.423042841255665,0,0,0.0926387496350502,0.0656863967039681,-0.0269523529310821
2853,-0.845840237103403,1,0,0.0857715887632379,0.0683293132481778,-0.0174422755150601
2854,0.503410868346691,0,0,0.109433335743427,0.0602242796388319,-0.0492090561045954
2855,-0.243229742627591,1,0,0.0957062605462387,0.0645914339020553,-0.0311148266441834
2856,0.798453234601766,0,0,0.115318081453842,0.0585759264044398,-0.0567421550494017
2857,-0.544781721197069,0,0,0.090612351822357,0.0664374908051217,-0.0241748610172353
2858,0.414741968270391,0,0,0.107716975546662,0.0607280830644783,-0.0469888924821833
2859,0.147511000279337,0,0,0.102686708663028,0.0622703862578181,-0.0404163224052099
2860,-0.481082399841398,0,0,0.0916676285461625,0.0660434944539389,-0.0256241340922237
2861,0.38045418728143,1,0,0.10705963907202,0.0609239560199507,-0.0461356830520694
2862,0.570784715935588,0,0,0.110753483221333,0.0598440896636525,-0.0509093935576801
2863,0.586303216405213,1,0,0.111059527282997,0.0597568378896089,-0.051302689393388
2864,0.737035543192178,1,0,0.114070826351562,0.0589155326043009,-0.0551552937472609
2865,0.37000664928928,1,0,0.106860050535666,0.060983756138552,-0.045876294397114
2866,0.84340400621295,0,0,0.116238432089119,0.0583285376248141,-0.0579098944643053
2867,-0.767208962701261,0,0,0.0870128203875428,0.0678304391565363,-0.0191823812310065
2868,0.233202044386417,0,0,0.104276647401285,0.0617718852871369,-0.0425047621141485
2869,-0.751719789113849,0,0,0.0872592323554729,0.0677325674661966,-0.0195266648892763
2870,0.282824002206326,0,0,0.105207262806642,0.0614849202909081,-0.0437223425157338
2871,-0.488068606238812,0,0,0.0915513540639617,0.0660865996649839,-0.0254647543989777
2872,-0.664854286238551,0,0,0.0886528721333609,0.0671861117353237,-0.0214667603980372
2873,0.763165733311325,1,0,0.114600028952901,0.0587708219613142,-0.0558292069915869
2874,-0.863183769863099,0,0,0.0854999812797624,0.0684398055975833,-0.0170601756821791
2875,0.368324808310717,0,1,0.106827951470457,0.0609933878679299,-0.0458345636025268
2876,0.291872921865433,0,1,0.10537775527215,0.0614327246452103,-0.0439450306269394
2877,-0.956804552581161,1,0,0.0840472616877846,0.0690391093642929,-0.0150081523234917
2878,-0.909875201527029,0,0,0.0847726437562215,0.0687380910571342,-0.0160345526990874
2879,0.569489540997893,0,0,0.110727974176054,0.0598513770926414,-0.0508765970834122
2880,-0.357012796215713,1,0,0.0937547923093169,0.0652823194029086,-0.0284724729064083
2881,-0.916828960180283,0,0,0.0846648028481653,0.0687826176189979,-0.0158821852291674
2882,-0.363848307635635,1,0,0.0936387011871096,0.0653240424579189,-0.0283146587291907
2883,0.454866655170918,1,0,0.108490716227959,0.0604996141140091,-0.0479911021139503
2884,0.725773183628917,0,0,0.113843392332593,0.0589780072140799,-0.0548653851185135
2885,0.950349003076553,1,0,0.118453760660939,0.0577438952245229,-0.0607098654364166
2886,0.778844207059592,0,0,0.114918582770541,0.0586841536153177,-0.0562344291552237
2887,0.670546261593699,0,0,0.112733843776567,0.0592852620103407,-0.0534485817662262
2888,-0.319011133164167,1,0,0.0944025501850616,0.0650508139353237,-0.0293517362497378
2889,-0.019809256773442,0,0,0.0996439980145158,0.0632546013730131,-0.0363893966415027
2890,0.66377955628559,0,0,0.112598546869593,0.0593230115336948,-0.0532755353358979
2891,0.438924145419151,0,0,0.108182707543393,0.0605902939178824,-0.0475924136255104
2892,-0.046426635235548,0,0,0.09916741886292,0.0634125020079787,-0.0357549168549413
2893,0.0897772735916078,0,0,0.101627637182211,0.0626083627556287,-0.0390192744265821
2894,0.158431758638471,1,0,0.102888135807666,0.062206647383731,-0.0406814884239353
2895,0.855089284945279,0,0,0.116478726356533,0.0582643878050795,-0.0582143385514531
2896,-0.613627976737916,0,0,0.0894841190163848,0.066865776431439,-0.0226183425849459
2897,-0.851931760553271,0,0,0.0856761038151207,0.0683681023397235,-0.0173080014753972
2898,0.202099813614041,1,0,0.103697067442509,0.0619523876242629,-0.0417446798182462
2899,0.307357406709343,0,0,0.105670066921239,0.0613435036566182,-0.0443265632646206
2900,-0.962376635987312,0,0,0.0839615099510032,0.0690749312559557,-0.0148865786950475
2901,0.459815154317766,1,0,0.108586477568694,0.0604714932529089,-0.0481149843157849
2902,-0.934130703099072,1,0,0.0843970224644091,0.0688935207123159,-0.0155035017520932
2903,0.744830445386469,0,0,0.114228469660952,0.0588723290210686,-0.0553561406398832
2904,-0.630776155740023,1,0,0.0892050767126072,0.0669728515593884,-0.0222322251532188
2905,0.212381477467716,1,0,0.103888347018234,0.0618926633697227,-0.0419956836485115
2906,-0.54952673567459,0,1,0.0905341826950315,0.066466927124951,-0.0240672555700805
2907,-0.456970761995763,1,0,0.0920699495167404,0.0658949251750384,-0.0261750243417019
2908,-0.0304067456163466,1,0,0.0994540084077928,0.0633174242288033,-0.0361365841789894
2909,-0.100322196725756,1,0,0.0982086376286707,0.0637333492401347,-0.034475288388536
2910,0.696373295038939,1,0,0.11325154764643,0.0591413871459799,-0.0541101605004503
2911,0.374645072966814,1,0,0.10694862197261,0.0609571997353345,-0.0459914222372753
2912,-0.914913123939186,0,0,0.0846945017614968,0.0687703474009852,-0.0159241543605116
2913,0.53309597633779,0,0,0.110013287188549,0.0600564890660159,-0.0499567981225327
2914,-0.209053846541792,1,1,0.0962994588247038,0.064385252263681,-0.0319142065610228
2915,-0.26397352386266,0,0,0.0953478016770215,0.0647168798013469,-0.0306309218756746
2916,0.423773603979498,0,0,0.107890711986379,0.0606765868829288,-0.0472141251034507
2917,-0.524869277141988,0,0,0.0909410513550319,0.0663140933303205,-0.0246269580247114
2918,0.866115244105458,0,0,0.116705857808917,0.0582039182124652,-0.0585019395964519
2919,-0.314906385261565,1,0,0.0944727571197252,0.0650258536413386,-0.0294469034783865
2920,0.493830476887524,0,0,0.109246738894946,0.06027852493351,-0.0489682139614356
2921,0.185947840102017,1,0,0.103397205831723,0.0620463201103387,-0.0413508857213842
2922,0.970640460960567,0,0,0.118878194101396,0.0576335893666278,-0.0612446047347683
2923,-0.597226043231785,1,0,0.0897517543084081,0.0667635096622851,-0.022988244646123
2924,0.700797705445439,0,0,0.113340442907531,0.0591167728982663,-0.0542236700092644
2925,0.989684083499014,0,0,0.11927772287079,0.0575302468121403,-0.0617474760586499
2926,-0.956559837330133,0,1,0.0840510295629611,0.0690375365296261,-0.015013493033335
2927,0.801244825124741,0,0,0.115375053201857,0.0585605341347432,-0.0568145190671141
2928,0.324576098937541,0,0,0.105995955873362,0.0612444324572012,-0.0447515234161604
2929,-0.525039758533239,1,0,0.0909382326285462,0.0663151488998167,-0.0246230837287295
2930,0.568545132875443,1,0,0.110709376881822,0.0598566914215281,-0.0508526854602942
2931,-0.0259193065576255,0,0,0.0995344189276531,0.0632908151927551,-0.036243603734898
2932,0.240024071652442,1,0,0.104404155827793,0.0617323592826513,-0.0426717965451412
2933,0.377245999407023,0,0,0.106998315348149,0.0609423133631655,-0.0460560019849833
2934,-0.769764329306781,1,0,0.0869722284790606,0.067846598388782,-0.0191256300902786
2935,-0.732027281075716,0,0,0.0875734248863068,0.0676083251870713,-0.0199650996992355
2936,0.41416973574087,1,0,0.107705976125741,0.0607313471713456,-0.0469746289543956
2937,-0.00134634459391236,0,0,0.0999757684073819,0.0631452904110809,-0.036830477996301
2938,-0.345264934003353,1,0,0.0939546139737113,0.0652106699151049,-0.0287439440586064
2939,-0.299515263177454,1,1,0.0947364209253676,0.0649323421011677,-0.0298040788242
2940,0.0579350315965712,0,0,0.101047674612084,0.0627955007537174,-0.0382521738583668
2941,0.920795298181474,1,0,0.117837937115755,0.0579049058955404,-0.0599330312202142
2942,0.0165703371167183,1,0,0.100298661708766,0.0630393818950153,-0.0372592798137504
2943,0.379301018547267,0,0,0.10703759297447,0.0609305538892208,-0.046107039085249
2944,-0.807439708616585,0,0,0.0863757419283234,0.0680852587319274,-0.018290483196396
2945,0.332822400145233,0,0,0.106152342702139,0.0611970386927867,-0.0449553040093518
2946,0.461357440333813,1,0,0.108616338428853,0.0604627313964136,-0.0481536070324396
2947,0.484086924232543,0,1,0.109057250540899,0.0603337409639249,-0.0487235095769738
2948,0.548693273216486,1,1,0.110319086362287,0.0599685031749806,-0.0503505831873067
2949,-0.741739100776613,1,0,0.0874183458960252,0.0676695717263117,-0.0197487741697136
2950,0.955252907704562,1,0,0.118556214556414,0.0577172190921114,-0.0608389954643023
2951,0.109271751251072,0,0,0.101984157541133,0.0624940499894083,-0.0394901075517243
2952,0.56299060350284,0,0,0.110600052366291,0.0598879565496118,-0.0507120958166788
2953,0.888648090418428,1,0,0.117171223265339,0.0580805245512739,-0.0590906987140655
2954,0.302763486746699,1,1,0.105583269700213,0.061369960998545,-0.044213308701668
2955,-0.946383984293789,1,0,0.0842078428238365,0.0689721636176003,-0.0152356792062362
2956,-0.362916925922036,0,0,0.0936545117492334,0.0653183559683274,-0.028336155780906
2957,-0.622189658228308,1,0,0.0893447015222756,0.0669192166385127,-0.0224254848837629
2958,-0.184546794276685,1,0,0.0967268531790269,0.0642377798016775,-0.0324890733773494
2959,-0.889824582263827,0,0,0.0850842927115442,0.0686098516278889,-0.0164744410836553
2960,-0.225517338141799,1,0,0.0960132895318161,0.0644844991487714,-0.0315287903830446
2961,-0.277511396445334,0,0,0.0951145112509033,0.0647988709592102,-0.0303156402916931
2962,-0.739730826113373,0,0,0.0874503937824369,0.0676569025410016,-0.0197934912414353
2963,0.271603552158922,1,0,0.104996194187364,0.0615496992314093,-0.0434464949559548
2964,-0.704434745013714,1,0,0.0880153822173079,0.0674345962870626,-0.0205807859302453
2965,0.216036541387439,1,0,0.103956420770119,0.0618714447496266,-0.0420849760204927
2966,0.447941991966218,1,0,0.108356837489486,0.0605389854723427,-0.0478178520171429
2967,-0.416473410557956,1,0,0.0927492498415988,0.0656460904965089,-0.0271031593450898
2968,-0.748631424736232,0,0,0.0873084394911588,0.067713068633728,-0.0195953708574308
2969,0.740589417982846,1,0,0.114142676031555,0.0588958314143248,-0.0552468446172298
2970,0.602154789026827,0,0,0.111372903713635,0.0596678364386252,-0.0517050672750096
2971,-0.530493514146656,0,1,0.090848102125342,0.0663489251517868,-0.0244991769735552
2972,0.335242265835404,1,0,0.106198272774334,0.0611831375659762,-0.045015135208358
2973,0.96373884472996,0,0,0.118733686573494,0.0576710848422681,-0.0610626017312259
2974,0.89205743232742,1,1,0.117241775595731,0.0580618758139735,-0.0591798997817579
2975,-0.448633269872516,0,0,0.0922094356851411,0.0658436241604451,-0.026365811524696
2976,0.985405615065247,0,0,0.119187861061147,0.0575534492814939,-0.0616344117796532
2977,0.723001776263118,1,0,0.11378748668097,0.0589933902947256,-0.0547940963862439
2978,-0.453217044938356,1,1,0.09213272568853,0.0658718237661745,-0.0262609019223556
2979,0.919914403464645,0,1,0.11781962416749,0.0579097115331842,-0.0599099126343058
2980,-0.683497003745288,0,0,0.0883520915666954,0.0673030439486989,-0.0210490476179965
2981,0.0625743255950511,0,0,0.101131989765917,0.0627682030132498,-0.0383637867526668
2982,-0.0108437007293105,0,0,0.0998049826401011,0.0632014981512594,-0.0366034844888417
2983,0.610307592898607,0,0,0.111534380939481,0.059622109442663,-0.0519122714968175
2984,0.201502678915858,1,0,0.10368596795209,0.0619558579208953,-0.0417301100311942
2985,-0.0612492659129202,0,0,0.0989029026452444,0.0635005926130127,-0.0354023100322317
2986,-0.484146917704493,1,0,0.0916166081001367,0.0660623994507717,-0.025554208649365
2987,-0.694581258576363,1,0,0.0881736959600402,0.0673726569032009,-0.0208010390568393
2988,-0.197339694015682,0,0,0.0965035386205605,0.0643147224514638,-0.0321888161690967
2989,-0.711494517046958,0,0,0.0879021124165918,0.0674790067568137,-0.0204231056597781
2990,0.21126102283597,1,0,0.103867487000047,0.0618991692684563,-0.0419683177315906
2991,-0.0100583699531853,1,0,0.0998190949706273,0.0631968485974281,-0.0366222463731992
2992,0.710650921799242,0,0,0.1135386324448,0.0590619911601747,-0.0544766412846256
2993,-0.231562033295631,1,0,0.0959084112205148,0.064520974128119,-0.0313874370923958
2994,0.919834412634373,0,0,0.117817961357708,0.0579101479341156,-0.0599078134235928
2995,-0.56197806308046,1,0,0.0903293488227774,0.0665442281770144,-0.023785120645763
2996,-0.336871995590627,1,0,0.0940976047763915,0.0651595267069813,-0.0289380780694102
2997,-0.842176423408091,0,0,0.0858290656674188,0.068305992945482,-0.0175230727219368
2998,-0.114464444108307,1,0,0.0979584241955983,0.0638177901076998,-0.0341406340878985
2999,0.732100186869502,1,0,0.113971112232636,0.0589429023946217,-0.0550282098380141
3000,-0.687520442064852,0,0,0.0882872986605508,0.0673283048139565,-0.0209589938465942
3001,-0.664393155369908,0,0,0.088660323695138,0.0671832217872536,-0.0214771019078844
3002,0.405532617121935,1,1,0.107540073846076,0.0607806346274968,-0.0467594392185789
3003,0.225400779861957,1,0,0.10413100500851,0.0618171138491666,-0.042313891159343
3004,0.0565042207017541,0,0,0.101021683453655,0.0628039219210865,-0.0382177615325688
3005,-0.540284811053425,1,0,0.090686489770899,0.0664096048091079,-0.0242768849617911
3006,0.578615704085678,1,0,0.110907827623463,0.0598000455351637,-0.0511077820882988
3007,-0.219072613399476,0,0,0.0961252214399208,0.0644456314527705,-0.0316795899871503
3008,0.244107124395669,1,0,0.104480536792251,0.0617087138704753,-0.0427718229217754
3009,-0.703725706320256,1,0,0.0880267656015843,0.0674301374800262,-0.020596628121558
3010,-0.545610291883349,1,0,0.0905986976132149,0.0664426300793309,-0.024156067533884
3011,-0.717234168201685,1,0,0.0878101202581819,0.0675151328179498,-0.020294987440232
3012,0.830936083104461,0,0,0.115982518501629,0.0583970570603082,-0.0575854614413212
3013,-0.970447885803878,0,0,0.0838374381508446,0.0691268503411012,-0.0147105878097434
3014,0.265681112650782,0,0,0.104884937565545,0.0615839169162075,-0.043301020649338
3015,-0.623990445397794,1,0,0.0893154026454406,0.0669304618169611,-0.0223849408284796
3016,0.854897693265229,0,0,0.116474783019628,0.0582654390707986,-0.0582093439488293
3017,-0.205992170609534,1,0,0.0963527610035424,0.0643668112513268,-0.0319859497522157
3018,0.773826509714127,0,0,0.114816549899482,0.0587118776764967,-0.0561046722229852
3019,-0.486995385494083,0,0,0.0915692075193798,0.0660799761450433,-0.0254892313743365
3020,0.410286537371576,1,1,0.107631359597386,0.0607535018982714,-0.0468778576991149
3021,-0.126941775903106,1,0,0.0977381394932887,0.0638923766092514,-0.0338457628840372
3022,-0.752451698295772,1,0,0.0872475744698819,0.0677371892431966,-0.0195103852266853
3023,-0.6208421215415,0,0,0.0893666316660989,0.0669108029709869,-0.022455828695112
3024,-0.627773036714643,1,0,0.0892538879557175,0.0669540882629484,-0.0222997996927692
3025,0.51813212223351,1,0,0.109720605727562,0.060141015214182,-0.0495795905133801
3026,-0.832048188894987,1,0,0.085988136260332,0.0682415647485582,-0.0177465715117738
3027,-0.745667055714875,0,0,0.08735569460168,0.0676943575601934,-0.0196613370414866
3028,-0.334239514078945,0,0,0.094142494622171,0.0651434931070211,-0.0289990015151499
3029,0.307301509194076,1,0,0.105669010419214,0.0613438255179734,-0.044325184901241
3030,-0.366034470964223,0,0,0.0936015996270053,0.065337391742733,-0.0282642078842723
3031,-0.172962890937924,1,0,0.0969294612929063,0.0641681826065867,-0.0327612786863196
3032,0.722281840164214,0,0,0.113772967832323,0.0589973870151373,-0.0547755808171856
3033,0.584297601133585,1,0,0.111019932463476,0.0597681076262267,-0.0512518248372492
3034,0.47262548469007,0,0,0.108834722729955,0.0603987527223109,-0.0484359700076442
3035,-0.126889025326818,1,0,0.0977390698633245,0.0638920611080377,-0.0338470087552868
3036,0.927606038283557,0,0,0.117979609068603,0.0578677631804183,-0.0601118458881847
3037,0.0786847034469247,1,0,0.101425266984867,0.0626734950418605,-0.0387517719430065
3038,0.791263094637543,1,0,0.115171455231092,0.0586155888650656,-0.0565558663660264
3039,0.837781360838562,1,0,0.11612296236775,0.0583594284168298,-0.0577635339509203
3040,-0.586892351973802,1,0,0.0899207425564633,0.0666991532349695,-0.0232215893214939
3041,0.154654031153768,1,0,0.102818418241893,0.0622286891503023,-0.040589729091591
3042,0.47203243849799,1,1,0.108823219386157,0.0604021183912809,-0.0484211009948765
3043,0.783943720161915,1,0,0.115022360163104,0.0586559900786568,-0.0563663700844474
3044,-0.20617011655122,0,0,0.0963496623363466,0.0643678829163774,-0.0319817794199692
3045,-0.158473945688456,1,0,0.0971834132092177,0.0640812305052146,-0.0331021827040031
3046,-0.0674961791373789,1,0,0.0987916120513418,0.0635377520549189,-0.0352538599964229
3047,0.501349986996502,1,0,0.109393172466226,0.0602359447312841,-0.049157227734942
3048,0.521892872173339,1,0,0.109794098808809,0.0601197614396286,-0.0496743373691802
3049,0.158465737011284,0,0,0.10288876306485,0.062206449164459,-0.0406823139003906
3050,-0.350455787498504,0,0,0.0938662747134698,0.0652423195860049,-0.0286239551274649
3051,-0.730504409875721,0,0,0.0875977647411369,0.0675987260290506,-0.0199990387120863
3052,-0.415202233940363,0,0,0.0927706451523582,0.0656382939514915,-0.0271323512008667
3053,0.855184057261795,1,0,0.116480677001687,0.058263867794883,-0.0582168092068035
3054,-0.444243893958628,1,0,0.0922829461675887,0.0658166310255995,-0.0264663151419891
3055,0.340176639147103,1,0,0.106291983525777,0.0611548007797853,-0.0451371827459919
3056,-0.00789187429472804,0,0,0.0998580359211806,0.0631840235054109,-0.0366740124157697
3057,-0.433874713256955,0,0,0.0924568117408122,0.0657529050192148,-0.0267039067215974
3058,0.14455863693729,1,0,0.102632314005425,0.0622876281577893,-0.0403446858476357
3059,0.317886494565755,1,0,0.105869240219876,0.0612829046593946,-0.0445863355604816
3060,-0.40201172651723,0,0,0.0929929176531497,0.0655574430252649,-0.0274354746278847
3061,0.661122062243521,0,0,0.112545450382003,0.0593378430949594,-0.0532076072870438
3062,-0.96642857696861,1,0,0.0838992024050422,0.0691009912390708,-0.0147982111659714
3063,-0.623317193239927,0,1,0.0893263554696516,0.0669262574276385,-0.0224000980420131
3064,-0.526474700309336,0,0,0.0909145105252181,0.0663240342463045,-0.0245904762789136
3065,-0.220478277187794,1,0,0.0961007979476418,0.0644541070548895,-0.0316466908927523
3066,0.677785597741604,0,0,0.112878747810345,0.0592449007353574,-0.0536338470749873
3067,0.437047614250332,1,0,0.108146503618967,0.0606009758470859,-0.0475455277718813
3068,-0.107238593045622,1,1,0.0980861973679201,0.0637746328070254,-0.0343115645608947
3069,-0.961252172477543,1,0,0.083978808511278,0.0690677009028147,-0.0149111076084633
3070,0.0182675099931657,1,0,0.100329296047094,0.0630293582158183,-0.0372999378312762
3071,-0.705299177207053,1,0,0.0880015058404017,0.0674400326598981,-0.0205614731805036
3072,-0.696429077070206,1,0,0.0881439878947916,0.0673842683368917,-0.0207597195578999
3073,-0.724931652192026,1,0,0.0876868855544965,0.0675636098803255,-0.020123275674171
3074,0.975851868279278,1,0,0.118987412467415,0.0576052917169424,-0.0613821207504724
3075,-0.7220194269903,0,0,0.0877334911230566,0.0675452655305244,-0.0201882255925322
3076,-0.642185560893267,1,0,0.0890198532189506,0.0670441813002693,-0.0219756719186813
3077,0.386522746179253,0,0,0.107175722684205,0.0608892456924985,-0.046286476991706
3078,-0.777562342118472,0,0,0.0868484632149052,0.0678959323250807,-0.0189525308898245
3079,-0.236780897248536,0,0,0.0958179438600156,0.0645524813165152,-0.0312654625435004
3080,-0.00589340412989259,0,0,0.0998939687287482,0.0631721952328499,-0.0367217734958983
3081,0.319130151998252,0,0,0.10589278768554,0.0612757506230408,-0.0446170370624995
3082,0.994923324324191,0,1,0.11938784381591,0.0575018459617989,-0.0618859978541113
3083,0.406926763243973,1,0,0.107566837466979,0.0607726764435985,-0.0467941610233806
3084,0.501577799208462,0,0,0.109397611525695,0.0602346551545004,-0.0491629563711945
3085,0.278574950993061,1,0,0.105127289615422,0.0615094438080799,-0.043617845807342
3086,0.702211051713675,1,0,0.113368852685782,0.0591089120763084,-0.0542599406094735
3087,0.971523894462734,0,0,0.118896702602691,0.0576287914537417,-0.0612679111489488
3088,0.212964792270213,0,1,0.103899208323589,0.0618892766161079,-0.0420099317074808
3089,-0.484188481699675,0,0,0.0916159162863677,0.0660626558934319,-0.0255532603929358
3090,0.583414241671562,1,1,0.111002497116378,0.0597730719355923,-0.0512294251807861
3091,-0.0531422314234078,0,0,0.0990474982463753,0.0634523985407201,-0.0355950997056552
3092,0.369568225927651,1,0,0.106851682113081,0.0609862668067529,-0.045865415306328
3093,0.363340222276747,1,0,0.106732867154319,0.0610219424323822,-0.0457109247219368
3094,0.57032180018723,0,0,0.110744365299455,0.0598466942091617,-0.0508976710902932
3095,-0.42979918140918,0,1,0.0925252288579015,0.0657278736773115,-0.02679735518059
3096,-0.480510674417019,1,0,0.0916771498969757,0.0660399680388881,-0.0256371818580876
3097,-0.056392471306026,1,0,0.0989895049730345,0.0634717162193259,-0.0355177887537085
3098,0.968266760464758,1,0,0.118828475891344,0.057646482752771,-0.0611819931385732
3099,-0.859565496910363,1,0,0.0855565806148278,0.0684167406112704,-0.0171398400035574
3100,-0.698872614651918,0,0,0.0881047161165802,0.0673996260371517,-0.0207050900794285
3101,-0.623033887706697,0,0,0.0893309647968829,0.0669244882874992,-0.0224064765093837
3102,-0.422387015540153,0,0,0.092649775547902,0.0656823719050971,-0.0269674036428049
3103,0.257215140853077,1,0,0.104726079873042,0.061632861063328,-0.0430932188097143
3104,0.76266932208091,0,0,0.114589955480361,0.0587735680101536,-0.055816387470207
3105,0.615431993734092,0,1,0.111635981330424,0.0595933847866881,-0.0520425965437357
3106,-0.211047810036689,1,0,0.0962647591287693,0.0643972649015888,-0.0318674942271805
3107,0.0868546119891107,0,1,0.101574282122539,0.0626255176273116,-0.0389487644952272
3108,-0.532614689320326,0,0,0.0908130686310587,0.0663620663503489,-0.0244510022807098
3109,-0.642818415071815,0,0,0.0890095894505741,0.0670481398647276,-0.0219614495858466
3110,0.598706609103829,0,0,0.111304669433903,0.0596871862814717,-0.0516174831524315
3111,0.652367668692023,0,0,0.112370693013939,0.0593867262285945,-0.0529839667853444
3112,-0.999593210406601,0,0,0.0833907998602282,0.069314631315708,-0.0140761685445203
3113,-0.632983122486621,1,0,0.0891692210947743,0.0669866436583779,-0.0221825774363965
3114,-0.900219539646059,0,0,0.0849225932530574,0.0686763078406207,-0.0162462854124367
3115,0.341767198871821,0,0,0.106322206036074,0.0611456692358534,-0.0451765368002202
3116,-0.932606698013842,1,0,0.0844205786923432,0.0688837452881523,-0.0155368334041909
3117,-0.996712122578174,1,0,0.0834348546467429,0.0692960476915759,-0.014138806955167
3118,-0.0201691556721926,1,0,0.0996375405295081,0.0632567339319175,-0.0363808065975906
3119,-0.347356664482504,0,0,0.0939190074140828,0.0652234218953337,-0.0286955855187491
3120,-0.304309988860041,1,0,0.0946542123723962,0.0649614598949176,-0.0296927524774786
3121,-0.519271842669696,0,0,0.0910336425971211,0.0662794443679783,-0.0247541982291428
3122,-0.223826482892036,1,0,0.0960426450095825,0.0644742996044832,-0.0315683454050994
3123,0.797123956028372,1,0,0.11529096167497,0.0585832571129897,-0.0567077045619803
3124,0.174968651961535,1,0,0.103193815227042,0.0621102459556717,-0.0410835692713703
3125,0.172614452894777,1,0,0.1031502495666,0.0621239611824996,-0.0410262883841
3126,-0.569064279552549,1,0,0.0902129615956695,0.0665882585081173,-0.0236247030875522
3127,-0.978977807797492,1,0,0.0837064966651004,0.0691817591410782,-0.0145247375240222
3128,-0.276290646754205,1,0,0.0951355267618888,0.0647914736118646,-0.0303440531500242
3129,0.68665037676692,1,0,0.113056408417721,0.0591955122407468,-0.0538608961769738
3130,-0.131833962630481,1,0,0.0976518895627469,0.0639216430904382,-0.0337302464723087
3131,-0.0693241097033024,1,0,0.0987590680246644,0.0635486292386359,-0.0352104387860285
3132,-0.156040094792843,1,0,0.0972261302144157,0.06406663507531,-0.0331594951391057
3133,-0.283842872828245,0,0,0.095005579941146,0.0648372502657106,-0.0301683296754354
3134,-0.231743721291423,0,0,0.0959052604339979,0.0645220707695283,-0.0313831896644696
3135,0.372176356613636,0,0,0.106901473400474,0.0609713325499278,-0.0459301408505462
3136,0.0576884867623448,0,0,0.1010431956195,0.0627969517405839,-0.038246243878916
3137,0.778070925269276,1,0,0.114902853253135,0.0586884253947381,-0.0562144278583969
3138,-0.0869237575680017,1,0,0.0984462163538984,0.0636534455832333,-0.0347927707706652
3139,-0.332992420531809,1,1,0.0941637671244982,0.065135898741822,-0.0290278683826762
3140,0.852150759659708,1,0,0.116418258418178,0.058280513483235,-0.0581377449349428
3141,0.0498556182719767,0,0,0.100900987205917,0.0628430666988769,-0.0380579205070403
3142,-0.696491369511932,0,0,0.0881429865535971,0.0673846598062546,-0.0207583267473425
3143,-0.583311767317355,1,0,0.0899793631997162,0.0666768674186006,-0.0233024957811156
3144,-0.364602710586041,0,0,0.0936258966618653,0.0653286487528733,-0.028297247908992
3145,-0.13208385463804,0,0,0.0976474857545737,0.0639231383522183,-0.0337243474023554
3146,0.328373215626925,0,0,0.106067940982058,0.0612226051213467,-0.0448453358607112
3147,-0.061888983938843,1,0,0.0988915007531819,0.0635043970115036,-0.0353871037416783
3148,0.5892240004614,1,0,0.111117211448836,0.0597404292945397,-0.0513767821542962
3149,0.463111581746489,1,0,0.108650309876727,0.0604527674153899,-0.0481975424613367
3150,-0.567647663876414,1,0,0.0902362179238458,0.0665794541784619,-0.0236567637453839
3151,0.504602379631251,1,0,0.109456562290361,0.0602175363581434,-0.0492390259322178
3152,-0.828849879559129,0,0,0.0860384232738123,0.0682212312174637,-0.0178171920563486
3153,-0.209182873833925,1,0,0.0962972131055499,0.064386029525768,-0.031911183579782
3154,0.417630606796592,1,0,0.107772515869631,0.0607116083080578,-0.0470609075615734
3155,0.623632088303566,1,0,0.111798731187009,0.059547446398468,-0.0522512847885413
3156,-0.483857280574739,0,0,0.0916214291086563,0.066060612465468,-0.0255608166431883
3157,-0.467429298441857,1,0,0.0918952464073738,0.0659593296129449,-0.0259359167944289
3158,-0.377729644998908,0,0,0.0934033436668463,0.0654088486358411,-0.0279944950310052
3159,0.146265584975481,0,1,0.102663759885869,0.0622776589811239,-0.0403861009047447
3160,0.322373755276203,1,0,0.105954223941201,0.0612570957367613,-0.0446971282044402
3161,0.733740349300206,0,0,0.114004241704911,0.0589338052953392,-0.0550704364095722
3162,0.758008265402168,0,0,0.114495408135637,0.0587993579229007,-0.0556960502127364
3163,0.371870328206569,1,0,0.106895630017481,0.0609730847032823,-0.0459225453141986
3164,-0.642614899668843,0,0,0.089012889991698,0.0670468668324184,-0.0219660231592796
3165,0.417495254427195,1,0,0.107769912865452,0.0607123801691291,-0.0470575326963225
3166,0.367258423473686,0,0,0.106807603197105,0.0609994956804801,-0.0458081075166245
3167,0.51132294209674,1,0,0.10958764955465,0.0601795150035405,-0.0494081345511095
3168,0.650095527991652,0,0,0.112325374735074,0.0593994196643203,-0.0529259550707539
3169,-0.569456732366234,1,1,0.0902065197226536,0.0665906978111217,-0.0236158219115319
3170,-0.603660991881043,0,1,0.0896466674092035,0.0668036145249105,-0.022843052884293
3171,-0.401624829974025,0,0,0.0929994444346657,0.0655550729498519,-0.0274443714848138
3172,0.767298222519457,1,0,0.114683917812134,0.0587479665159971,-0.0559359512961368
3173,0.606609842274338,0,0,0.111461116668555,0.0596428451133917,-0.0518182715551636
3174,0.975941294338554,0,0,0.118989287376365,0.0576048062523118,-0.0613844811240528
3175,-0.82613658439368,1,0,0.0860811052950994,0.0682039856088591,-0.0178771196862403
3176,-0.328749015461653,0,0,0.0942361819654596,0.065110064052433,-0.0291261179130266
3177,-0.261652573011816,1,0,0.095387848663637,0.0647028328287443,-0.0306850158348927
3178,0.138527759350836,1,0,0.10252127977202,0.0623228625350129,-0.0401984172370072
3179,0.457026773132384,1,0,0.108532508825691,0.0604873372963642,-0.0480451715293264
3180,0.864234730601311,0,0,0.116667092624896,0.058214227333514,-0.058452865291382
3181,-0.903938410338014,0,0,0.0848648118507641,0.0687000975058576,-0.0161647143449065
3182,0.543214690405875,0,0,0.110211589022363,0.0599993946427729,-0.05021219437959
3183,-0.108211114536971,1,0,0.0980689918328246,0.0637804397291641,-0.0342885521036605
3184,0.348345636855811,1,0,0.106447284537066,0.0611079153790576,-0.0453393691580081
3185,0.00234258454293013,1,0,0.100042174424774,0.0631234709743557,-0.036918703450418
3186,-0.667195725254714,1,0,0.088615044791142,0.0672007875214549,-0.0214142572696871
3187,-0.149834299925715,0,0,0.0973351251947041,0.0640294338905137,-0.0333056913041904
3188,-0.0432989737018943,1,0,0.0992233137046923,0.0633939289381329,-0.0358293847665594
3189,-0.547833121847361,0,0,0.0905620762319736,0.0664564191794172,-0.0241056570525564
3190,0.922915033996105,0,0,0.117882014478689,0.0578933434116279,-0.0599886710670611
3191,-0.62527687381953,0,0,0.089294477712009,0.0669384961097555,-0.0223559816022535
3192,0.487743933685124,0,0,0.109128336626434,0.0603130114011476,-0.0488153252252861
3193,-0.394315059296787,1,0,0.0931228344638872,0.0655103092626749,-0.0276125252012124
3194,-0.0277452473528683,0,0,0.0995016928786489,0.0633016411620488,-0.0362000517166001
3195,0.449546816758811,0,0,0.108387851620533,0.0605298588328187,-0.0478579927877139
3196,0.446450597606599,1,0,0.108328022453741,0.0605474681870654,-0.0477805542666755
3197,0.995558956637979,1,0,0.119401209825296,0.0574984012249768,-0.0619028086003196
3198,-0.882846689317375,0,0,0.0851929943909968,0.068565274540033,-0.0166277198509638
3199,-0.31782109523192,0,0,0.0944228995866429,0.0650435765937811,-0.0293793229928618
3200,0.393901836592704,0,0,0.107317024261469,0.0608470644351751,-0.0464699598262936
3201,-0.929910974577069,1,0,0.084462260542221,0.0688664572575437,-0.0155958032846773
3202,-0.56478211004287,1,0,0.0902832777247065,0.0665616479385852,-0.0237216297861214
3203,0.502787235658616,0,0,0.109421180776474,0.0602278093292533,-0.0491933714472205
3204,0.90618816530332,1,0,0.117534587412756,0.0579846420987117,-0.0595499453140439
3205,0.458924023900181,1,0,0.10856922729737,0.0604765563812157,-0.0480926709161541
3206,0.14967803331092,0,0,0.102726650556217,0.0622577335486265,-0.0404689170075905
3207,0.209001434035599,1,0,0.103825430461979,0.061912291471301,-0.0419131389906779
3208,-0.227189132943749,0,0,0.0959842728532735,0.0644945851939748,-0.0314896876592987
3209,0.945912690833211,0,0,0.118361141887417,0.057768037730718,-0.060593104156699
3210,0.148549698293209,0,0,0.102705851816325,0.0622643212865723,-0.0404415305297527
3211,-0.0650151544250548,0,0,0.0988357988810239,0.0635229913811609,-0.035312807499863
3212,0.975954108405858,1,0,0.118989556038507,0.0576047366892743,-0.0613848193492324
3213,0.967374375090003,1,0,0.118809789137049,0.0576513306818526,-0.0611584584551967
3214,-0.521168449893594,0,0,0.0910022599369276,0.0662911827679723,-0.0247110771689553
3215,-0.0191903724335134,0,0,0.0996551032154007,0.0632509343684829,-0.0364041688469179
3216,0.280306646600366,1,0,0.105159876112394,0.0614994481754787,-0.0436604279369153
3217,-0.450234716292471,0,0,0.0921826287777828,0.0658534750606213,-0.0263291537171615
3218,0.896896874997765,0,1,0.117341985441203,0.0580354142259097,-0.0593065712152934
3219,0.45657737320289,1,0,0.108523812955108,0.0604898912245599,-0.0480339217305485
3220,-0.806376428343356,0,0,0.0863925251513467,0.068078512564963,-0.0183140125863838
3221,0.301564261317253,0,0,0.105560621965869,0.0613768693427811,-0.044183752623088
3222,-0.448849889915437,0,0,0.0922058092326777,0.0658449565647633,-0.0263608526679144
3223,-0.622613220475614,1,0,0.0893378093685974,0.0669218614535423,-0.0224159479150551
3224,0.463091043755412,1,0,0.108649912075292,0.06045288406765,-0.0481970280076416
3225,-0.212858996819705,1,0,0.096233249864154,0.0644081782095199,-0.0318250716546342
3226,-0.0726637248881161,0,0,0.0986996349876717,0.0635685062527621,-0.0351311287349096
3227,-0.311655962374061,1,0,0.0945283849941162,0.0650060946791835,-0.0295222903149327
3228,0.264683716464788,1,0,0.104866211115428,0.0615896812542824,-0.0432765298611454
3229,0.738648499827832,1,0,0.114103431061898,0.0589065902842932,-0.0551968407776053
3230,0.59935639007017,1,0,0.111317524822269,0.0596835395144327,-0.0516339853078367
3231,0.110382023733109,0,0,0.10200449584193,0.062487545380593,-0.039516950461337
3232,0.344177973922342,0,0,0.106368028038517,0.0611318311934283,-0.0452361968450887
3233,0.0646530566737056,0,0,0.101169789156612,0.0627559752915252,-0.0384138138650866
3234,0.372226448729634,1,0,0.106902429898653,0.0609710457540133,-0.0459313841446396
3235,-0.549553743097931,0,0,0.0905337379499509,0.0664670947037102,-0.0240666432462407
3236,0.776826058048755,0,1,0.114877535034785,0.0586953029287529,-0.0561822321060326
3237,-0.926203112117946,1,0,0.0845196228205565,0.0688426848096326,-0.0156769380109239
3238,0.578342080581933,0,1,0.110902431484398,0.0598015839744838,-0.0511008475099137
3239,-0.118133648764342,0,0,0.0978935992524815,0.0638397153089427,-0.0340538839435389
3240,0.777798069640994,0,0,0.114897303476051,0.05868993277909,-0.0562073706969608
3241,-0.112404077779502,0,0,0.0979948420817923,0.0638054815388408,-0.0341893605429516
3242,-0.883625876158476,0,1,0.0851808499676951,0.0685702509122141,-0.016610599055481
3243,-0.0864713378250599,0,0,0.0984542475086373,0.063650749138589,-0.0348034983700483
3244,-0.527707828674465,1,0,0.0908941292009983,0.0663316708214097,-0.0245624583795885
3245,0.060010748449713,0,0,0.101085391254086,0.0627832858065814,-0.0383021054475042
3246,-0.203264751005918,1,0,0.0964002661506578,0.0643503876660255,-0.0320498784846323
3247,0.0826285295188427,0,0,0.101497176215921,0.0626503308228679,-0.0388468453930535
3248,-0.228377621155232,0,0,0.0959636495023257,0.0645017563127647,-0.031461893189561
3249,0.900715775322169,0,0,0.117421115437838,0.0580145408503608,-0.0594065745874769
3250,0.760044337250292,1,0,0.114536700538724,0.0587880909075895,-0.0557486096311345
3251,0.0013797371648252,0,0,0.100024838010403,0.0631291653872098,-0.0368956726231936
3252,0.796634742524475,0,0,0.1152809821973,0.0585859552453254,-0.0566950269519747
3253,-0.378563145175576,1,0,0.0933892286047862,0.0654139440512621,-0.0279752845535241
3254,-0.457444407045841,0,1,0.0920620311335989,0.0658978406521301,-0.0261641904814689
3255,0.168092429637909,1,0,0.103066612867044,0.0621503137762424,-0.0409162990908015
3256,-0.630891376174986,0,0,0.0892032044551584,0.0669735715465436,-0.0222296329086148
3257,0.341944437939674,1,0,0.106325574256144,0.0611446517696419,-0.0451809224865017
3258,-0.771900178864598,1,1,0.0869383137293113,0.0678601074824365,-0.0190782062468747
3259,0.16216683993116,0,0,0.102957107484524,0.0621848616099621,-0.0407722458745617
3260,-0.822595291770995,1,0,0.0861368411440149,0.0681814833555557,-0.0179553577884592
3261,0.31862023146823,0,0,0.105883132268931,0.0612786838042235,-0.0446044484647071
3262,-0.705852508079261,1,1,0.0879926244835383,0.0674435127447783,-0.0205491117387599
3263,-0.779339826200157,1,0,0.0868202743932712,0.0679071821881429,-0.0189130922051284
3264,-0.665808089077473,0,1,0.0886374611210522,0.0671920896684262,-0.021445371452626
3265,0.108070190064609,0,0,0.101962151036972,0.0625010901315019,-0.0394610609054705
3266,0.614115382079035,1,0,0.111609869432939,0.0596007637713291,-0.0520091056616102
3267,0.394179470837116,1,0,0.107322343854055,0.0608454779219806,-0.046476865932074
3268,-0.431997143197805,0,0,0.0924883253993608,0.0657413721479789,-0.0267469532513818
3269,0.220153702422976,1,0,0.104033148072378,0.0618475516701549,-0.0421855964022227
3270,-0.853703937493265,1,0,0.0856483429446929,0.068379390890139,-0.0172689520545539
3271,-0.390192731283605,1,0,0.0931924847462223,0.0654850774225728,-0.0277074073236495
3272,0.249619698151946,1,0,0.104583737865004,0.0616768033665552,-0.0429069344984486
3273,-0.966412993613631,1,0,0.0838994419530791,0.06910089099758,-0.0147985509554991
3274,0.610953134018928,1,0,0.11154717549127,0.0596184901699161,-0.0519286853213536
3275,-0.214708939660341,1,0,0.0962010758729723,0.0644193268199104,-0.0317817490530619
3276,-0.986908821389079,1,0,0.0835849156707694,0.0692328488671266,-0.0143520668036428
3277,-0.696294015273452,1,0,0.0881461590272068,0.0673834195645102,-0.0207627394626967
3278,-0.069617903791368,0,0,0.0987538382774194,0.063550377635577,-0.0352034606418424
3279,-0.268583226017654,0,1,0.0952683078935198,0.0647447872847758,-0.030523520608744
3280,-0.643124100286514,0,0,0.0890046321629228,0.067050052033184,-0.0219545801297388
3281,-0.723861976526678,1,0,0.0877040014246449,0.0675568713670719,-0.0201471300575729
3282,-0.807300190906972,1,0,0.0863779439609994,0.0680843735021898,-0.0182935704588095
3283,-0.856332376133651,1,0,0.0856071838832896,0.0683961369033228,-0.0172110469799668
3284,0.713107819203287,1,0,0.113588098008304,0.0590483387581264,-0.0545397592501771
3285,0.226927844807506,1,0,0.104159499740558,0.0618082581128043,-0.0423512416277532
3286,-0.852332490961999,1,1,0.0856698257234559,0.0683706547923277,-0.0172991709311282
3287,0.443959931842983,1,0,0.108279915634099,0.0605616370113715,-0.0477182786227276
3288,-0.659153962042183,0,0,0.0887450252143551,0.0671503953976131,-0.0215946298167421
3289,-0.00213512359187007,1,0,0.099961574339413,0.0631499568277295,-0.0368116175116835
3290,0.857585919089615,0,0,0.116530122637305,0.0582506903718773,-0.0582794322654275
3291,0.523416813462973,0,0,0.109823892159549,0.060111150929337,-0.049712741230212
3292,0.410276266746223,1,0,0.107631162305303,0.060753560505068,-0.0468776018002347
3293,0.666979886125773,0,0,0.112662518194463,0.0593051549981544,-0.0533573631963087
3294,-0.673197886906564,1,0,0.0885181428384199,0.0672384217519723,-0.0212797210864476
3295,-0.996592176612467,1,0,0.0834366892021498,0.069295274114796,-0.0141414150873538
3296,0.00839644577354193,0,0,0.100151237577032,0.0630876785733706,-0.0370635590036614
3297,0.590145685710013,1,0,0.111135419757042,0.0597352522593645,-0.0514001674976778
3298,0.592821969185024,1,0,0.111188305741994,0.0597202221618901,-0.0514680835801041
3299,0.500377405434847,1,0,0.10937422290024,0.0602414505152026,-0.0491327723850375
3300,0.485806574579328,0,0,0.109090672575396,0.0603239923874465,-0.0487666801879494
3301,-0.19836369343102,1,0,0.096485683470259,0.0643208849847823,-0.0321647984854767
3302,0.185652562882751,1,0,0.103391731152764,0.0620480385448232,-0.0413436926079408
3303,0.95454248925671,0,0,0.118541367524815,0.0577210828911422,-0.060820284633673
3304,0.464093109127134,1,0,0.108669322623595,0.0604471927540769,-0.0482221298695176
3305,-0.647627583704889,0,0,0.0889316281767087,0.0670782287710046,-0.021853399405704
3306,-0.359091537538916,0,0,0.0937194742937493,0.0652950051406565,-0.0284244691530928
3307,-0.4327711192891,1,0,0.0924753336006844,0.0657461260258873,-0.026729207574797
3308,-0.616686465218663,1,0,0.0894342924132874,0.0668848623203592,-0.0225494300929281
3309,-0.30608916003257,1,0,0.094623723629416,0.0649722676784154,-0.0296514559510006
3310,0.696827715262771,1,0,0.113260675055116,0.0591388586351254,-0.054121816419991
3311,0.809411943424493,0,0,0.115541871150281,0.0585155240630855,-0.057026347087195
3312,-0.891707773320377,1,0,0.0850549779080771,0.0686218866747293,-0.0164330912333478
3313,-0.739048585761338,1,0,0.0874612833365412,0.0676525991335875,-0.0198086842029538
3314,-0.794219810049981,1,0,0.0865846198265109,0.0680014268090623,-0.0185831930174486
3315,-0.0583483995869756,1,0,0.0989546203691224,0.0634833438477958,-0.0354712765213265
3316,-0.00123245641589165,1,0,0.0999778179716969,0.0631446166751741,-0.0368332012965229
3317,0.437947196885943,1,1,0.108163857942115,0.0605958548607207,-0.0475680030813938
3318,0.995969947893173,1,0,0.119409852794697,0.0574961740079005,-0.0619136787867962
3319,0.844033871311694,1,0,0.116251373552571,0.0583250781039024,-0.0579262954486683
3320,-0.853351264260709,1,0,0.0856538668650483,0.0683771442671278,-0.0172767225979205
3321,-0.183185035828501,1,0,0.096750651369262,0.0642295945820521,-0.0325210567872099
3322,0.0155033362098038,1,0,0.100279406366389,0.0630456844743404,-0.0372337218920488
3323,0.975801683031023,0,0,0.118986360293464,0.0576055641578135,-0.0613807961356507
3324,0.845544785726815,0,0,0.116282422513187,0.0583167802226284,-0.057965642290559
3325,-0.210888868197799,0,0,0.0962675246840819,0.0643963072795521,-0.0318712174045298
3326,0.264963322784752,0,0,0.104871460520704,0.0615880652504327,-0.0432833952702709
3327,-0.195755326189101,1,0,0.0965311705513508,0.0643051886471833,-0.0322259819041675
3328,0.0462237983010709,1,0,0.100835110580302,0.0628644592686773,-0.0379706513116247
3329,0.805968126747757,1,0,0.115471503720032,0.0585344994359085,-0.0569370042841236
3330,-0.000205489341169596,1,0,0.0999963012526637,0.0631385416801869,-0.0368577595724768
3331,0.692442542407662,0,0,0.113172621981759,0.0591632630921166,-0.0540093588896427
3332,-0.931876166723669,1,0,0.0844318724778586,0.0688790598975184,-0.0155528125803402
3333,-0.58713062480092,1,0,0.0899168428211872,0.0667006365075958,-0.0232162063135915
3334,-0.882962273433805,1,1,0.0851911927952261,0.0685660127110129,-0.0166251800842132
3335,-0.647379907779396,1,0,0.0889356417375158,0.067076678862889,-0.0218589628746268
3336,0.183851143345237,1,0,0.103358336928929,0.0620585232877112,-0.0412998136412182
3337,-0.931146572344005,0,0,0.0844431531479279,0.068874380810478,-0.0155687723374499
3338,-0.459412481170148,0,0,0.092029135485836,0.0659099562294952,-0.0261191792563409
3339,0.0172123801894486,0,0,0.100310249747951,0.0630355897471434,-0.0372746600008078
3340,-0.794720028992742,0,0,0.0865767079182707,0.0680045971268069,-0.0185721107914637
3341,0.0259363064542413,1,0,0.100467823155552,0.0629840840404344,-0.0374837391151178
3342,-0.476638662628829,0,0,0.0917416566728641,0.0660160899896794,-0.0257255666831847
3343,-0.881076310761273,0,0,0.08522059338725,0.0685539690442187,-0.0166666243430312
3344,-0.332539970055223,1,0,0.0941714859372843,0.0651331436796855,-0.0290383422575988
3345,0.449376923497766,0,0,0.108384567969817,0.0605308249549657,-0.0478537430148516
3346,-0.853111251723021,1,0,0.0856576263657402,0.0683756153620495,-0.0172820110036907
3347,-0.52968600904569,0,0,0.0908614421390642,0.0663439230956688,-0.0245175190433954
3348,-0.109062199946493,0,0,0.0980539369126443,0.0637855219611903,-0.034268414951454
3349,0.787863083183765,0,0,0.115102176375537,0.0586343528765708,-0.0564678234989659
3350,0.765324662439525,0,0,0.114643848197112,0.0587588805911075,-0.0558849676060046
3351,0.816964764147997,0,0,0.115696328312961,0.0584739283447656,-0.0572223999681949
3352,0.494552266784012,1,0,0.109260787435025,0.0602744364826464,-0.0489863509523782
3353,-0.810857886914164,0,0,0.0863218080914983,0.0681069501579619,-0.0182148579335363
3354,0.507819791324437,0,0,0.109519302025895,0.0601993311559879,-0.0493199708699067
3355,-0.373577319551259,0,0,0.0934736905018291,0.0653834698299587,-0.0280902206718703
3356,-0.397678293287754,1,0,0.0930660443325828,0.0655309015557921,-0.0275351427767907
3357,-0.627801223192364,0,0,0.0892534297143761,0.06695426434758,-0.022299165366796
3358,-0.0837098518386483,1,0,0.0985032808379483,0.06363429284982,-0.0348689879881283
3359,0.592826819047332,0,0,0.111188401600011,0.0597201949281162,-0.051468206671895
3360,0.787931179162115,0,0,0.115103563547807,0.0586339770126492,-0.0564695865351574
3361,-0.794919867068529,0,0,0.086573547284265,0.0680058637109039,-0.0185676835733611
3362,-0.579326202627271,1,0,0.0900446545960244,0.0666520691090494,-0.023392585486975
3363,0.61151136783883,1,0,0.111558240657055,0.0596153605577436,-0.0519428800993112
3364,0.62075379723683,0,0,0.11174158122896,0.059563567317628,-0.052178013911332
3365,-0.417255896609277,1,0,0.0927360819372646,0.0656508901693909,-0.0270851917678737
3366,-0.475064750295132,0,0,0.0917678893322955,0.0660063862292248,-0.0257615031030707
3367,0.0333846784196794,1,0,0.100602531197901,0.062940140223163,-0.0376623909747381
3368,0.250548902433366,0,0,0.10460114239296,0.0616714260225159,-0.0429297163704445
3369,0.735149548389018,0,0,0.11403271267391,0.0589259902767208,-0.0551067223971894
3370,0.0409640367142856,1,0,0.10073977284951,0.0628954529745819,-0.0378443198749282
3371,-0.21636897046119,0,1,0.0961722129927119,0.0644293324622151,-0.0317428805304968
3372,-0.509298323187977,0,1,0.0911988321013462,0.0662177484600006,-0.0249810836413456
3373,0.724551282823086,1,0,0.113818740837084,0.0589847890803621,-0.0548339517567215
3374,-0.860008956398815,1,0,0.0855496419127374,0.068419567093893,-0.0171300748188444
3375,0.107977482490242,0,0,0.101960453279547,0.0625016333509918,-0.0394588199285553
3376,-0.657504428643733,0,0,0.0887717081716769,0.067140063256934,-0.021631644914743
3377,-0.619265850167722,1,0,0.0893922904550526,0.0669009623899093,-0.0224913280651433
3378,0.223606146872044,0,0,0.104097526315064,0.0618275227777826,-0.0422700035372815
3379,0.144837255124003,1,0,0.102637446206001,0.0622860008278868,-0.0403514453781143
3380,0.553672814276069,1,0,0.110416871484799,0.0599404385157766,-0.0504764329690222
3381,0.148013366851956,1,0,0.102695966859672,0.062267452863985,-0.0404285139956867
3382,0.163499546702951,1,0,0.102981727034097,0.0621770899967939,-0.0408046370373031
3383,0.595481425058097,1,0,0.111240881007019,0.0597052900770755,-0.0515355909299433
3384,0.235152948182076,0,0,0.10431309709324,0.061760579572398,-0.0425525175208415
3385,0.938008691649884,0,0,0.118196282100867,0.0578110749439434,-0.0603852071569235
3386,-0.344001485034823,0,0,0.0939761269414823,0.0652029685758274,-0.0287731583656549
3387,-0.606134313624352,1,0,0.0896063059749295,0.0668190350853153,-0.0227872708896142
3388,-0.455561079550534,1,0,0.0920935201652206,0.0658862487181013,-0.0262072714471193
3389,-0.0320990271866322,1,0,0.0994236993850676,0.0633274616095786,-0.036096237775489
3390,0.785408983938396,1,0,0.115052194018318,0.0586479000797768,-0.0564042939385408
3391,-0.0389589858241379,1,0,0.0993009206259175,0.0633681650822153,-0.0359327555437022
3392,0.209951640572399,1,0,0.103843114321794,0.0619067729813117,-0.041936341340482
3393,0.482004484161735,1,0,0.109016789585238,0.0603455481433358,-0.0486712414419021
3394,0.546890093013644,1,0,0.11028369534687,0.0599786689198137,-0.050305026427056
3395,0.752034729346633,0,0,0.114374337075367,0.0588324253762516,-0.0555419116991157
3396,-0.967966686934233,0,0,0.0838755615660716,0.0691108859478138,-0.0147646756182577
3397,0.183890116866678,1,1,0.103359059308431,0.0620582964338972,-0.0413007628745341
3398,-0.741317575797439,1,0,0.0874250716772358,0.0676669123567881,-0.0197581593204477
3399,0.023997156880796,0,0,0.100432778830034,0.0629955293066497,-0.0374372495233848
3400,-0.754837835207582,1,0,0.087209577744782,0.0677522589806353,-0.0194573187641467
3401,0.452086353674531,1,0,0.108436945515922,0.060515419115081,-0.0479215264008412
3402,-0.590512675698847,0,0,0.0898615063074105,0.0667216934219607,-0.0231398128854497
3403,-0.121830911841244,1,0,0.0978283172786532,0.0638618152717674,-0.0339665020068858
3404,0.0978486412204802,1,0,0.101775114292126,0.0625610097846085,-0.0392141045075174
3405,0.145892798900604,0,0,0.102656891587007,0.0622798360557199,-0.0403770555312872
3406,-0.808194505050778,0,0,0.0863638297240838,0.0680900480454912,-0.0182737816785926
3407,-0.293675100896508,1,0,0.0948366404894608,0.0648968919025861,-0.0299397485868746
3408,-0.703888645861298,1,0,0.0880241495428466,0.0674311621050809,-0.0205929874377657
3409,-0.949786332901567,1,0,0.0841553819655771,0.0689940150049461,-0.015161366960631
3410,-0.504581091459841,1,0,0.0912770566128021,0.0661885863885846,-0.0250884702242175
3411,-0.8745511402376,1,0,0.0853223863794416,0.0685123147382469,-0.0168100716411947
3412,-0.460264758672565,1,0,0.0920148932532402,0.0659152035411392,-0.026099689712101
3413,0.851302299648523,0,0,0.116400804178455,0.0582851703367986,-0.0581156338416561
3414,-0.229250545147806,1,0,0.0959485045315111,0.0645070238480935,-0.0314414806834175
3415,0.303783284500241,0,0,0.105602532260221,0.0613640868500568,-0.0442384454101638
3416,0.886794841382653,1,0,0.117132887900705,0.0580906639839941,-0.0590422239167113
3417,-0.807161747477949,0,0,0.0863801290883595,0.0680834950992304,-0.0182966339891291
3418,0.665508523583412,0,0,0.112633103220387,0.0593133639756639,-0.053319739244723
3419,0.545812212862074,0,0,0.110262544544712,0.0599847464287373,-0.0502777981159745
3420,-0.216594198253006,1,1,0.0961682975635319,0.0644306901079773,-0.0317376074555546
3421,-0.872824848163873,0,0,0.0853493350592512,0.0685012986429163,-0.0168480364163349
3422,-0.856015515979379,1,0,0.0856121446870342,0.0683941179580642,-0.01721802672897
3423,0.76352153159678,0,1,0.11460724949805,0.0587688538295093,-0.0558383956685403
3424,-0.928210149984807,0,0,0.0844885686651436,0.0688555517120352,-0.0156330169531084
3425,-0.60075309779495,0,0,0.0896941414677911,0.0667854887373203,-0.0229086527304708
3426,0.129277733154595,0,1,0.102351184681914,0.0623769403968919,-0.0399742442850221
3427,-0.0388729465194046,1,0,0.0993024597118768,0.0633676544181395,-0.0359348052937373
3428,0.494419971946627,0,0,0.109258212399054,0.0602751858238667,-0.0489830265751873
3429,-0.932366421911865,0,0,0.0844242931344539,0.0688822042026336,-0.0155420889318204
3430,0.851623073685914,1,0,0.116407402769093,0.058283409696912,-0.0581239930721813
3431,0.616483150050044,0,0,0.111656832379602,0.0595874941677702,-0.0520693382118319
3432,0.714399333111942,0,0,0.113614108037322,0.0590411633046656,-0.0545729447326566
3433,-0.500039587728679,0,0,0.0913524240973,0.0661605219475212,-0.0251919021497788
3434,-0.859449820127338,0,0,0.0855583906650296,0.0684160033386769,-0.0171423873263527
3435,-0.124878042843193,0,0,0.0977745437603058,0.0638800345036038,-0.033894509256702
3436,-0.372785751707852,1,0,0.0934871062807211,0.0653786328462513,-0.0281084734344699
3437,-0.306963454466313,1,0,0.0946087445173637,0.0649775792953684,-0.0296311652219952
3438,-0.696081101894379,0,0,0.0881495817299998,0.0673820815675362,-0.0207675001624636
3439,0.0435192477889359,1,0,0.100786078260397,0.0628803943408636,-0.0379056839195339
3440,0.424824543762952,0,1,0.107910944308987,0.060670597334621,-0.0472403469743665
3441,0.515394926536828,0,0,0.109667142204658,0.0601564888221522,-0.0495106533825057
3442,0.0438960795290768,0,0,0.100792908785737,0.0628781738417575,-0.0379147349439792
3443,-0.171439396217465,1,0,0.0969561361290562,0.0641590345327136,-0.0327971015963426
3444,-0.162715276237577,1,0,0.0971090127876236,0.0641066725150841,-0.0330023402725395
3445,0.955342748202384,0,0,0.118558092247161,0.057716730488045,-0.0608413617591159
3446,0.989191520493478,1,0,0.119267374456224,0.0575329175724543,-0.0617344568837699
3447,-0.209744584280998,1,0,0.096287437084217,0.0643894133786283,-0.0318980237055887
3448,0.49984133336693,0,0,0.109363779420539,0.0602444854203545,-0.0491192940001845
3449,-0.726192710455507,0,0,0.087666711251057,0.0675715548253353,-0.0200951564257217
3450,0.475004676729441,1,0,0.10888088275765,0.0603852520427144,-0.0484956307149358
3451,-0.594106187112629,1,0,0.0898027435474184,0.0667440736691935,-0.023058669878225
3452,0.033831063657999,0,0,0.100610609421585,0.0629375075533591,-0.0376731018682255
3453,-0.270825020503253,0,0,0.0952296698401533,0.0647583633250915,-0.0304713065150618
3454,-0.777655046898872,1,0,0.0868469928206722,0.0678965190195966,-0.0189504738010756
3455,-0.0920157791115344,0,0,0.0983558652851047,0.0636838016334702,-0.0346720636516346
3456,-0.725458946079016,0,0,0.0876784494410534,0.0675669318426243,-0.0201115175984291
3457,0.932953499723226,0,0,0.118090946364477,0.057838616201725,-0.0602523301627517
3458,0.0475238007493317,1,0,0.10085868659303,0.0628568010619894,-0.0380018855310404
3459,-0.52441061893478,0,0,0.0909486351656295,0.0663112535341439,-0.0246373816314855
3460,0.67366751935333,0,0,0.112796299587515,0.0592678569879465,-0.0535284425995687
3461,-0.581750474870205,0,0,0.0900049351596065,0.0666671519870841,-0.0233377831725225
3462,0.166532936040312,0,0,0.103037783306737,0.0621594043190018,-0.0408783789877356
3463,-0.42167385481298,0,0,0.0926617667292311,0.0656779955017871,-0.0269837712274441
3464,-0.561056509613991,0,1,0.0903444947682011,0.0665385040755059,-0.0238059906926952
3465,-0.901666253339499,0,0,0.0849001109131438,0.0686855615803892,-0.0162145493327546
3466,-0.162551250308752,1,0,0.0971118891466814,0.0641056884156394,-0.033006200731042
3467,0.305611772462726,1,1,0.105637077613041,0.0613535558717958,-0.044283521741245
3468,0.353815337177366,1,0,0.106551380830289,0.0610765411962018,-0.0454748396340873
3469,0.237207932397723,1,1,0.104351503544207,0.0617486727899657,-0.0426028307542418
3470,0.00134267704561353,1,0,0.10002417078296,0.0631293845754662,-0.036894786207494
3471,-0.39071474224329,1,0,0.093183662337503,0.0654882720341259,-0.0276953903033771
3472,0.832904098089784,0,0,0.116022880943088,0.0583862365080705,-0.0576366444350174
3473,-0.286991435103118,0,1,0.0949514513729039,0.0648563436792903,-0.0300951076936135
3474,-0.783833925612271,0,0,0.0867490401523987,0.0679356334728449,-0.0188134066795538
3475,0.447605882305652,1,0,0.108350342970929,0.0605408970912236,-0.0478094458797057
3476,0.697086638305336,0,0,0.113265876027045,0.0591374179661134,-0.0541284580609312
3477,0.0282888719812036,0,1,0.100510353319856,0.0629702013108388,-0.0375401520090171
3478,0.848917650058866,1,0,0.116351760119676,0.0582982605824528,-0.0580534995372232
3479,-0.0548982005566359,1,0,0.0990161631434717,0.0634628343964945,-0.0355533287469771
3480,-0.279150512535125,1,0,0.0950862999918436,0.0648088047075875,-0.0302774952842561
3481,0.641426703426987,1,0,0.112152619993834,0.059447871868766,-0.0527047481250682
3482,-0.735913937911391,0,0,0.0875113326612966,0.0676328297944383,-0.0198785028668582
3483,0.291440961882472,1,0,0.105369611092581,0.0614352153194444,-0.0439343957731363
3484,-0.316500438377261,1,0,0.0944454871443044,0.065035545756497,-0.0294099413878074
3485,-0.980636558961123,1,1,0.0836810550293075,0.0691924415392724,-0.0144886134900351
3486,-0.504707678686827,0,0,0.0912749566649585,0.0661893687988772,-0.0250855878660813
3487,-0.627012201119214,0,0,0.0892662580335425,0.0669493353853659,-0.0223169226481767
3488,-0.826267398428172,0,0,0.0860790470593193,0.0682048169655489,-0.0178742300937704
3489,-0.176589517388493,0,0,0.0968659891261477,0.064189964168346,-0.0326760249578017
3490,0.429656816180795,0,0,0.108004016444086,0.0606430642164046,-0.0473609522276812
3491,0.468528245110065,0,0,0.108755270173361,0.0604220090500049,-0.0483332611233566
3492,-0.900881947018206,1,0,0.0849122985849138,0.0686805447107836,-0.0162317538741302
3493,0.516529832966626,0,0,0.109689306680101,0.0601500726441429,-0.0495392340359584
3494,-0.97922948282212,1,0,0.083702636065259,0.0691833798361632,-0.0145192562290959
3495,0.781177734024823,1,0,0.114966060982375,0.0586712644642307,-0.0562947965181442
3496,0.91538596060127,0,0,0.11772552114233,0.0579344219327039,-0.0597910992096265
3497,-0.126097959000617,1,0,0.0977530229691178,0.0638873299141938,-0.033865693054924
3498,0.937251336406916,0,0,0.118180495804309,0.0578152003169291,-0.0603652954873802
3499,0.390273621305823,0,0,0.107247527404128,0.0608678010661155,-0.0463797263380124
3500,0.0247862958349288,1,0,0.100447038844516,0.0629908714094716,-0.0374561674350449
3501,-0.340190590824932,0,0,0.0940410424509608,0.0651797444366231,-0.0288612980143377
3502,-0.58330968208611,1,0,0.0899793973487523,0.0666768544419861,-0.0233025429067662
3503,0.503969346638769,0,0,0.109444221818138,0.0602211188792373,-0.0492231029389008
3504,-0.623750304803252,0,0,0.0893193092413873,0.0669289621359313,-0.022390347105456
3505,-0.531274354550987,1,1,0.0908352042898849,0.0663537623677418,-0.0244814419221431
3506,0.241839833091944,1,0,0.104438116871723,0.0617218429614574,-0.0427162739102653
3507,-0.758436427917331,1,0,0.087152302240155,0.0677749919082864,-0.0193773103318685
3508,-0.429282943718135,1,0,0.0925338983310213,0.0657247036504064,-0.0268091946806149
3509,-0.752409659791738,1,0,0.0872482440231184,0.0677369237753082,-0.0195113202478102
3510,0.735790863167495,0,0,0.114045671626045,0.058922434048432,-0.0551232375776134
3511,0.673648667987436,1,0,0.112795922284408,0.0592679620941601,-0.0535279601902481
3512,0.55958271259442,0,0,0.110533024893409,0.0599071463268542,-0.0506258785665544
3513,-0.496100501157343,1,0,0.0914178396306085,0.0661361891265425,-0.025281650504066
3514,-0.878442346584052,0,0,0.0852616701006431,0.0685371519556634,-0.0167245181449797
3515,-0.328307863790542,0,0,0.094243713199132,0.0651073787809244,-0.0291363344182076
3516,-0.726142031140625,0,0,0.0876675219335269,0.0675712355177692,-0.0200962864157578
3517,0.520482834428549,0,1,0.109766538605895,0.0601277294050821,-0.0496388092008131
3518,0.693534903228283,0,0,0.113194550701801,0.0591571829800014,-0.0540373677217992
3519,-0.172937088180333,0,0,0.0969299130182893,0.0641680276595839,-0.0327618853587053
3520,0.409322903957218,1,0,0.107612850206316,0.060759000865534,-0.0468538493407818
3521,-0.680371146649122,0,0,0.0884024595840998,0.0672834245521287,-0.0211190350319711
3522,-0.892347062937915,1,0,0.0850450284519651,0.0686259726742418,-0.0164190557777233
3523,0.825699160806835,1,0,0.115875172757665,0.0584258599019705,-0.0574493128556941
3524,0.0828822618350387,0,0,0.101501804158569,0.0626488407896046,-0.0388529633689646
3525,0.10913565941155,1,0,0.101981664817757,0.0624948473364245,-0.0394868174813328
3526,-0.704601923935115,1,0,0.0880126984081856,0.0674356476356157,-0.0205770507725699
3527,0.0788513426668942,0,0,0.101428304464334,0.0626725161180972,-0.0387557883462365
3528,0.570844206959009,0,0,0.110754655047019,0.0598437549515248,-0.0509109000954945
3529,-0.10572554403916,0,0,0.0981129710894356,0.0637655993766612,-0.0343473717127745
3530,0.0374975497834384,1,0,0.100676983541082,0.0629158874111384,-0.0377610961299436
3531,0.777174768503755,0,0,0.114884626648982,0.0586933763274064,-0.0561912503215759
3532,-0.116360152605921,0,1,0.0979249273664793,0.0638291169697968,-0.0340958103966826
3533,0.504027169197798,1,0,0.109445348972066,0.0602207916359812,-0.0492245573360848
3534,0.48771750042215,0,0,0.109127822662605,0.0603131612127702,-0.0488146614498348
3535,0.907058042939752,1,0,0.11755263339139,0.0579798907989473,-0.0595727425924429
3536,0.363712459802628,0,0,0.106739965258911,0.0610198096107946,-0.0457201556481164
3537,-0.152274268679321,0,0,0.0972922580006223,0.0640440580972179,-0.0332481999034044
3538,0.120115815196186,0,0,0.102182956296291,0.0624305463325019,-0.0397524099637891
3539,0.590763661079109,0,0,0.111147629601429,0.0597317813745159,-0.0514158482269132
3540,0.299114524852484,1,0,0.105514371268664,0.061390983729664,-0.044123387539
3541,0.00764811132103205,0,0,0.100137750259266,0.0630921019450921,-0.0370456483141736
3542,-0.245135099161416,0,0,0.0956732852115953,0.0646029469033025,-0.0310703383082928
3543,0.910212512593716,1,0,0.117618094342326,0.0579626640483629,-0.0596554302939629
3544,0.859254522249103,0,0,0.116564483858023,0.0582415374988622,-0.0583229463591607
3545,-0.560445504728705,1,0,0.090354538036506,0.0665347091555337,-0.0238198288809724
3546,-0.91587747214362,1,0,0.0846795514454497,0.0687765234388697,-0.01590302800658
3547,0.169279449153692,0,0,0.103088561474638,0.0621433952777521,-0.0409451661968855
3548,0.601244677323848,0,0,0.111354890422532,0.0596729430603105,-0.0516819473622211
3549,0.981899374630302,0,1,0.119114262211081,0.0575724704482875,-0.0615417917627936
3550,0.776944440789521,0,1,0.114879942504419,0.0586946488655816,-0.0561852936388375
3551,-0.510415907483548,0,0,0.0911803083579552,0.0662246591493242,-0.024955649208631
3552,-0.967529501300305,0,0,0.0838822805188554,0.0691080733857592,-0.0147742071330962
3553,0.125654632225633,1,0,0.102284629078772,0.0623981338459925,-0.0398864952327799
3554,0.666321304161102,0,0,0.112649351221225,0.0593088292053848,-0.0533405220158406
3555,-0.407189230434597,1,0,0.0929056148983924,0.0655891673757939,-0.0273164475225985
3556,-0.979741377290338,1,0,0.0836947842966029,0.0691866763577053,-0.0145081079388976
3557,-0.0237472676672041,0,0,0.099573360505758,0.063277939462477,-0.036295421043281
3558,-0.146225126925856,0,0,0.0973985647399014,0.0640078076405678,-0.0333907570993335
3559,-0.0591650041751564,1,0,0.0989400592046792,0.0634881989971776,-0.0354518602075016
3560,-0.0161640448495746,0,1,0.0997094231974946,0.063233005670634,-0.0364764175268605
3561,-0.0526866419240832,0,0,0.0990556296397943,0.0634496911996754,-0.0356059384401189
3562,-0.633987830020487,0,0,0.0891529023604041,0.0669929232967122,-0.0221599790636919
3563,-0.21257925638929,1,0,0.0962381159140413,0.0644064925208067,-0.0318316233932347
3564,0.270685450173914,1,0,0.104978940264119,0.0615550025244033,-0.0434239377397155
3565,-0.0276399431750178,0,0,0.0995035799687263,0.0633010167686059,-0.0362025632001204
3566,0.538476914167404,0,0,0.110118701336701,0.0600261210193154,-0.0500925803173855
3567,0.793049573432654,1,0,0.115207871173555,0.0586057318877891,-0.0566021392857663
3568,0.0326236919499934,1,0,0.100588760970887,0.0629446285701115,-0.0376441324007756
3569,-0.594859704375267,0,0,0.089790426078314,0.0667487674288824,-0.0230416586494316
3570,-0.927899784874171,0,0,0.0844933701527888,0.0688535618493689,-0.0156398083034199
3571,-0.838995954953134,1,0,0.0858789882791769,0.0682857551326229,-0.0175932331465541
3572,-0.955194348003715,1,1,0.0840720567876543,0.06902876086113,-0.0150432959265243
3573,0.872636870015413,1,0,0.116840382188705,0.0581681794214507,-0.0586722027672539
3574,0.0883099348284304,0,0,0.101600846866941,0.0626169749076114,-0.0389838719593301
3575,-0.892315840814263,0,0,0.0850455143467216,0.0686257731137846,-0.016419741232937
3576,-0.800474786199629,1,0,0.0864857326171959,0.0680410798305091,-0.0184446527866868
3577,-0.95662712585181,0,0,0.084049993507825,0.0690379690033272,-0.0150120245044978
3578,0.211790683679283,1,0,0.103877347477547,0.0618960937231352,-0.0419812537544116
3579,-0.99628622084856,1,0,0.0834413689153386,0.0692933009268555,-0.0141480679884831
3580,-0.0644762786105275,1,0,0.0988453985370756,0.0635197858017624,-0.0353256127353132
3581,0.301083852071315,0,0,0.105551550494272,0.0613796370267205,-0.0441719134675511
3582,-0.743350266013294,0,0,0.0873926427278052,0.0676797373404333,-0.0197129053873719
3583,0.966168229933828,0,0,0.118784536221503,0.0576578837352367,-0.0611266524862666
3584,-0.96053024334833,1,1,0.0839899162556801,0.069063059233971,-0.0149268570217091
3585,-0.984244864899665,0,0,0.0836257357285031,0.0692156843914846,-0.0144100513370184
3586,0.538755180779845,0,1,0.110124155067299,0.0600245509752249,-0.0500996040920746
3587,-0.369243274908513,1,0,0.0935471666219388,0.0653569901337734,-0.0281901764881654
3588,-0.479945242870599,0,0,0.0916865673058663,0.0660364806167174,-0.0256500866891489
3589,-0.917730922345072,0,1,0.0846508240819686,0.0687883950528978,-0.0158624290290708
3590,-0.287317332811654,0,0,0.0949458502729808,0.0648583202768697,-0.0300875299961111
3591,0.0556253055110574,0,0,0.101005720607588,0.062809095378594,-0.0381966252289937
3592,-0.11190576152876,1,0,0.0980036518541071,0.0638025049442037,-0.0342011469099035
3593,-0.316655960399657,0,0,0.0944428269569623,0.0650364914289145,-0.0294063355280478
3594,-0.81965237762779,0,0,0.0861831840741836,0.0681627885830799,-0.0180203954911037
3595,-0.897276767995209,0,0,0.0849683414241133,0.0686574882995141,-0.0163108531245992
3596,0.743956439197063,0,1,0.114210784407272,0.0588771717594979,-0.0553336126477742
3597,0.976015388965607,1,0,0.118990840865488,0.0576044040198883,-0.0613864368455997
3598,-0.630912639666349,1,0,0.089202858941069,0.0669737044182095,-0.0222291545228595
3599,0.987161798868328,0,0,0.119224739571399,0.0575439242963217,-0.0616808152750775
3600,-0.975378933828324,0,1,0.0837617197341112,0.069158587553536,-0.0146031321805753
3601,0.636978385969996,0,0,0.112064062839549,0.0594727489867903,-0.0525913138527584
3602,0.126375905238092,0,0,0.102297875654626,0.0623939141997846,-0.0399039614548416
3603,0.0562461270019412,0,0,0.101016995727074,0.0628054410671456,-0.0382115546599282
3604,0.095384756103158,1,0,0.101730074963592,0.0625754613211596,-0.0391546136424327
3605,0.662727225571871,0,0,0.112577518783193,0.0593288842104368,-0.0532486345727564
3606,-0.368600280489773,1,0,0.0935580718749999,0.0653530624829448,-0.0282050093920551
3607,0.18733379105106,0,0,0.103422905912614,0.0620382548401651,-0.0413846510724486
3608,-0.914120831526816,0,0,0.0847067864843047,0.0687652736555516,-0.0159415128287531
3609,0.656382771208882,0,0,0.112450814041181,0.0593643018562446,-0.053086512184936
3610,0.454717078246176,1,0,0.108487822831434,0.0605004643060254,-0.047987358525409
3611,0.120753942988813,0,0,0.102194665463675,0.0624268112850957,-0.0397678541785796
3612,-0.946393980178982,1,0,0.0842076886536648,0.068972227806209,-0.0152354608474558
3613,-0.42166063003242,1,0,0.0926619891056468,0.065677914348766,-0.0269840747568808
3614,-0.317909279838204,0,1,0.0944213915134016,0.0650441128720882,-0.0293772786413133
3615,0.789195551071316,0,1,0.115129322507498,0.0586269985706334,-0.0565023239368641
3616,0.715793876443058,1,0,0.113642198824484,0.0590334163531487,-0.054608782471335
3617,0.960988720413297,1,0,0.11867614624086,0.0576860322470399,-0.06099011399382
3618,0.1699587428011,1,0,0.103101123828128,0.0621394363638686,-0.0409616874642589
3619,-0.454733411315829,0,0,0.092107361749366,0.0658811549962021,-0.0262262067531639
3620,0.150629889219999,0,1,0.102744199134929,0.0622521766827776,-0.0404920224521512
3621,-0.526582806371152,0,0,0.090912723568096,0.0663247036979252,-0.0245880198701708
3622,-0.695196466054767,0,0,0.0881638040363563,0.0673765225750411,-0.0207872814613152
3623,0.986096187029034,1,0,0.119202361364818,0.0575497036611146,-0.0616526577037032
3624,0.0197180095128715,1,0,0.100355484466211,0.0630207925933063,-0.0373346918729047
3625,0.300925908144563,1,0,0.105548568220918,0.0613805469823737,-0.0441680212385438
3626,-0.600287966895849,1,0,0.089701737261798,0.0667825898586963,-0.0229191474031017
3627,-0.848704305943102,0,0,0.0857266823292623,0.0683475482845224,-0.0173791340447399
3628,0.86136070266366,0,0,0.116607868579193,0.0582299862876457,-0.0583778822915471
3629,0.523900966625661,0,0,0.109833358932074,0.0601084156287143,-0.0497249433033596
3630,-0.780639911536127,0,0,0.0867996618010157,0.0679154116441514,-0.0188842501568642
3631,0.110460981260985,1,0,0.102005942346278,0.0624870828264735,-0.0395188595198049
3632,-0.432519196067005,1,1,0.0924795621505842,0.0657445786403749,-0.0267349835102093
3633,0.343351313844323,1,0,0.106352313613222,0.0611365759587949,-0.0452157376544267
3634,-0.664217052981257,1,1,0.0886631695393695,0.0671821181683971,-0.0214810513709724
3635,0.968315044417977,0,0,0.118829487040901,0.0576462204586461,-0.0611832665822546
3636,0.0565420594066381,1,0,0.101022370729987,0.062803699204392,-0.0382186715255955
3637,0.416445235721767,1,0,0.107749721501621,0.0607183683226453,-0.0470313531789759
3638,-0.325070358812809,1,0,0.0942989995960742,0.065087675377879,-0.0292113242181951
3639,-0.220564952120185,0,0,0.0960992921470509,0.0644546297047558,-0.0316446624422951
3640,-0.0552035211585462,0,0,0.0990107156268373,0.0634646491029316,-0.0355460665239057
3641,-0.747010143939406,1,0,0.0873342815202742,0.0677028345281479,-0.0196314469921262
3642,0.678292074706405,1,0,0.112888891638663,0.059242077951922,-0.0536468136867415
3643,0.407619390636683,1,0,0.107580136111235,0.0607687230911617,-0.0468114130200733
3644,0.43310023099184,0,1,0.108070381487858,0.0606234516049864,-0.0474469298828716
3645,-0.810464131180197,1,0,0.0863280194246348,0.0681044510960748,-0.01822356832856
3646,-0.597812453750521,1,0,0.0897421732464576,0.0667671634528997,-0.0229750097935578
3647,-0.447898220270872,1,0,0.092221742161064,0.0658391031438969,-0.0263826390171671
3648,0.701966755092144,1,0,0.113363941617323,0.0591102707477901,-0.0542536708695332
3649,-0.00233688950538635,1,0,0.0999579438521143,0.0631511505265511,-0.0368067933255632
3650,-0.986067001707852,1,0,0.0835978129961508,0.0692274244063055,-0.0143703885898453
3651,0.614514737389982,0,0,0.111617789142547,0.0595985254835725,-0.0520192636589747
3652,0.0806146860122681,0,0,0.101460451418038,0.0626621582142658,-0.0387982932037724
3653,-0.867608197499067,1,0,0.0854308176880309,0.0684680192759933,-0.0169627984120376
3654,-0.971429731231183,1,0,0.0838223565248684,0.0691331686196402,-0.0146891879052282
3655,0.971559231635183,0,0,0.118897442991077,0.0576285995459368,-0.0612688434451407
3656,0.988484775647521,1,0,0.119252527582429,0.0575367498664586,-0.0617157777159709
3657,0.159828489646316,0,0,0.102913922927944,0.0621984997750103,-0.040715423152934
3658,-0.706516057252884,0,0,0.0879819751118799,0.0674476862494846,-0.0205342888623953
3659,-0.744484644848853,0,0,0.0873745499064773,0.0676868955300977,-0.0196876543763796
3660,0.847686908673495,1,0,0.116326455013615,0.0583050176674751,-0.0580214373461397
3661,-0.822898344136775,0,0,0.0861320701717592,0.0681834087563374,-0.0179486614154218
3662,-0.778001659084111,0,0,0.0868414953904929,0.0678987126424896,-0.0189427827480032
3663,-0.92320334399119,1,0,0.0845660564390433,0.0688234577720662,-0.0157425986669771
3664,0.767677799332887,0,0,0.114691625839523,0.0587458676187993,-0.055945758220724
3665,-0.223321837838739,0,0,0.0960514078676511,0.0644712557854307,-0.0315801520822204
3666,-0.122963119763881,0,0,0.0978083338313578,0.0638685843394187,-0.0339397494919391
3667,0.828839293215424,0,0,0.115939528411282,0.0584085877131244,-0.0575309406981577
3668,-0.737643426284194,1,0,0.0874837156005827,0.0676437365267494,-0.0198399790738333
3669,-0.241294229868799,0,0,0.0957397681888309,0.0645797406393316,-0.0311600275494994
3670,0.727609345223755,1,0,0.113880445111941,0.0589678174155159,-0.0549126276964255
3671,-0.589437670540065,0,0,0.0898790920218764,0.0667149996863991,-0.0231640923354772
3672,-0.848187664989382,0,0,0.0857347812934305,0.0683442585866354,-0.0173905227067951
3673,-0.239544144831598,1,0,0.0957700747319735,0.0645691693216096,-0.0312009054103639
3674,0.475902343634516,1,0,0.108898303357265,0.0603801589828177,-0.0485181443744474
3675,0.931850959546864,1,0,0.118067983384355,0.0578446246010653,-0.0602233587832893
3676,-0.817185062915087,0,1,0.0862220550022311,0.0681471187029488,-0.0180749362992823
3677,-0.802735407836735,0,1,0.0864500187825485,0.0680554161693096,-0.0183946026132389
3678,0.69638045411557,0,0,0.113251691437473,0.059141347310253,-0.0541103441272195
3679,-0.501382658723742,1,0,0.0913301296432149,0.0661688203678379,-0.025161309275377
3680,-0.73964338330552,0,0,0.0874517894290796,0.0676563509586986,-0.0197954384703809
3681,0.223121180199087,0,0,0.104088480944598,0.0618303358809371,-0.0422581450636607
3682,0.612054574303329,0,1,0.111569008875891,0.0596123153407683,-0.0519566935351231
3683,0.26060495711863,1,0,0.104789661746049,0.061613259227673,-0.0431764025183756
3684,0.536433813627809,0,0,0.110078665979689,0.0600376498388898,-0.0500410161407994
3685,-0.0507616787217557,1,0,0.0990899930775128,0.0634382532926853,-0.0356517397848276
3686,-0.199931240174919,1,0,0.0964583563749624,0.0643303197067719,-0.0321280366681905
3687,0.616431368514895,1,0,0.111655805145946,0.0595877843357128,-0.052068020810233
3688,0.740680566523224,0,1,0.114144519325511,0.0588953262063163,-0.0552491931191951
3689,-0.147887995000929,0,0,0.0973693314146677,0.0640177707398981,-0.0333515606747696
3690,-0.208928825333714,0,0,0.0963016348626257,0.0643844991426311,-0.0319171357199946
3691,-0.856143319513649,0,0,0.0856101437469447,0.068394932280189,-0.0172152114667557
3692,-0.542339479550719,1,0,0.0906526088703812,0.0664223447591198,-0.0242302641112613
3693,0.534552738536149,0,0,0.110041816853361,0.0600482662130736,-0.0499935506402871
3694,0.459231649059802,1,0,0.108575181953347,0.0604748085050702,-0.048100373448277
3695,0.650717886630446,1,0,0.112337786208912,0.0593959425717125,-0.0529418436371992
3696,-0.226239694748074,0,0,0.0960007509132051,0.0644888569922811,-0.031511893920924
3697,-0.626030744519085,1,0,0.0892822173713329,0.0669432047690288,-0.0223390126023041
3698,0.835224185604602,0,0,0.116070479787579,0.0583734826038743,-0.0576969971837042
3699,0.106358380522579,1,0,0.101930806642404,0.0625111211800362,-0.0394196854623675
3700,0.317916236352175,0,0,0.105869803298313,0.0612827335631203,-0.0445870697351929
3701,0.445263596251607,0,0,0.108305093366768,0.0605542203777398,-0.0477508729890282
3702,0.406004070769995,0,0,0.107549123753197,0.0607779433264736,-0.0467711804267229
3703,-0.652285929769278,0,0,0.0888561706384565,0.0671073859933301,-0.0217487846451264
3704,0.357666769530624,0,0,0.10662473293057,0.0610544584295649,-0.0455702745010049
3705,0.50105551443994,0,0,0.109387434723525,0.0602376116906244,-0.0491498230329003
3706,0.739769168198109,1,0,0.114126089313587,0.0589003779865304,-0.055225711327057
3707,0.391464871354401,0,0,0.107270340903932,0.0608609918901697,-0.0464093490137626
3708,0.970630533993244,0,0,0.118877986139194,0.0576336432819554,-0.0612443428572385
3709,0.534914278890938,1,1,0.110048898371539,0.0600462256223985,-0.0500026727491407
3710,0.289717602543533,1,0,0.1053371243783,0.0614451531206818,-0.0438919712576181
3711,-0.949836061801761,1,0,0.0841546154151198,0.0689943344334571,-0.0151602809816627
3712,-0.785755479242653,0,0,0.0867185984912007,0.0679478018342844,-0.0187707966569163
3713,0.439803815912455,1,0,0.108199682696248,0.060585287105242,-0.047614395591006
3714,0.480061426758766,0,0,0.108979048659559,0.0603565669901136,-0.0486224816694454
3715,0.551704766228795,1,0,0.110378215114638,0.0599515289511777,-0.0504266861634607
3716,-0.434778509195894,0,0,0.0924416456168061,0.0657584572068113,-0.0266831884099948
3717,-0.0314264665357769,0,0,0.0994357440655475,0.0633234722923926,-0.036112271773155
3718,-0.0348266246728599,1,0,0.0993748649906816,0.0633436428524799,-0.0360312221382017
3719,-0.345262851566076,0,0,0.0939546494281051,0.0652106572209353,-0.0287439922071698
3720,0.365969180129468,0,1,0.106783006995171,0.0610068806983106,-0.0457761262968609
3721,-0.940360049717128,1,0,0.0843007987884638,0.0689334909616087,-0.0153673078268551
3722,0.277794613968581,1,0,0.105112608394411,0.061513948538231,-0.0435986598561801
3723,0.563694525975734,0,0,0.110613901769734,0.0598839934910788,-0.0507299082786555
3724,-0.706172970123589,0,0,0.0879874812085106,0.0674455283150708,-0.0205419528934398
3725,-0.249004961457103,1,0,0.0956063421382178,0.064626336191977,-0.0309800059462408
3726,0.991561446338892,0,1,0.119317172108537,0.0575200684991845,-0.0617971036093524
3727,0.459812432061881,1,0,0.108586424868306,0.0604715087193236,-0.0481149161489823
3728,0.428123274818063,0,0,0.107974471982471,0.0606518006974667,-0.0473226712850039
3729,0.551564668305218,0,0,0.110375463765344,0.0599523185107204,-0.0504231452546235
3730,0.489943504333496,1,0,0.109171112143556,0.0603005464626232,-0.0488705656809323
3731,-0.575061227660626,1,0,0.0901145705628628,0.0666255417860677,-0.0234890287767951
3732,-0.46529185725376,1,0,0.0919309267431102,0.0659461623380373,-0.0259847644050728
3733,0.321733852382749,1,0,0.105942101217734,0.0612607755801581,-0.0446813256375763
3734,0.781280490104109,1,0,0.114968152061826,0.0586706969557966,-0.0562974551060291
3735,0.348304625134915,1,0,0.106446504363281,0.0611081506790543,-0.045338353684227
3736,-0.724477206356823,0,0,0.0876941567690799,0.0675607469837906,-0.0201334097852894
3737,0.102622189093381,1,0,0.101862424108017,0.0625330201415684,-0.0393294039664486
3738,-0.0988815799355507,0,0,0.0982341578538235,0.0637247534169584,-0.0345094044368651
3739,-0.866856628563255,0,0,0.0854425627958141,0.0684632259135398,-0.0169793368822743
3740,0.615271079819649,0,0,0.111632789694669,0.0595942865870519,-0.0520385031076167
3741,0.154661992099136,1,1,0.102818565116319,0.0622286426932033,-0.0405899224231158
3742,-0.319252484943718,1,0,0.0943984235989179,0.0650522818330819,-0.029346141765836
3743,-0.932562645059079,0,0,0.0844212596984034,0.0688834627384339,-0.0155377969599696
3744,-0.56917852954939,0,0,0.0902110862090568,0.0665889686240612,-0.0236221175849956
3745,0.95805930858478,0,0,0.118614881252027,0.05770195811097,-0.0609129231410574
3746,-0.213123214896768,0,0,0.0962286540255502,0.0644097703997622,-0.031818883625788
3747,-0.814978106413037,0,0,0.0862568376091898,0.0681331051831087,-0.0181237324260811
3748,0.0935901487246156,0,0,0.101697281024408,0.0625859892737193,-0.0391112917506891
3749,-0.138775470200926,1,0,0.0975296263027789,0.063963190638677,-0.0335664356641018
3750,0.601963438559324,1,0,0.111369116217846,0.0596689100689474,-0.051700206148899
3751,0.524870722554624,0,0,0.109852322973007,0.060102937188093,-0.0497493857849144
3752,-0.683358847163618,1,0,0.0883543171840014,0.0673021766988176,-0.0210521404851838
3753,0.439752120058984,1,0,0.108198685047744,0.0605855813313616,-0.047613103716382
3754,0.427055518142879,0,0,0.107953905297078,0.0606578843300195,-0.0472960209670585
3755,0.258653005119413,0,0,0.104753045345458,0.061624545807103,-0.0431284995383545
3756,0.361825653817505,0,0,0.106703990511647,0.0610306212238757,-0.0456733692877716
3757,0.269152399152517,1,0,0.104950135160468,0.0615638589397837,-0.043386276220684
3758,0.837883154861629,0,0,0.116125051979619,0.0583588690244857,-0.0577661829551334
3759,0.0335209956392646,0,0,0.100604998066478,0.0629393362469998,-0.0376656618194779
3760,-0.121772926766425,1,0,0.0978293408120501,0.0638614686176658,-0.0339678721943843
3761,0.627741472795606,1,0,0.111880369420392,0.059524437374101,-0.0523559320462906
3762,-0.0130359968170524,0,0,0.0997655966445842,0.0632144793368008,-0.0365511173077834
3763,0.976011714432389,1,0,0.118990763823761,0.0576044239675128,-0.0613863398562484
3764,-0.682079819962382,0,0,0.0883749239273833,0.0672941483576581,-0.0210807755697253
3765,0.933325421996415,1,0,0.118098693388894,0.0578365895074561,-0.0602621038814376
3766,0.843180618714541,1,0,0.116233842579664,0.0583297646222272,-0.057904077957437
3767,0.539002967998385,1,0,0.110129011633299,0.060023152935228,-0.0501058586980706
3768,0.759579680860043,1,0,0.114527275967816,0.0587906619994206,-0.0557366139683958
3769,0.712146646343172,1,0,0.113568744146256,0.0590536794177932,-0.0545150647284627
3770,-0.0547908977605402,1,0,0.099018077698553,0.0634621966420616,-0.0355558810564915
3771,0.272144726477563,1,0,0.105006365668117,0.0615465734105351,-0.0434597922575816
3772,-0.195486535318196,0,0,0.0965358590595082,0.0643035713506104,-0.0322322877088977
3773,0.76444526296109,1,0,0.114625997485696,0.0587637444107325,-0.0558622530749636
3774,0.219845744781196,0,0,0.104027407250498,0.061849338539399,-0.0421780687110988
3775,0.787398628890514,0,0,0.115092715439372,0.0586369165480188,-0.0564557988913534
3776,-0.19487931439653,0,0,0.0965464515379193,0.0642999178826548,-0.0322465336552645
3777,-0.459763042163104,0,1,0.0920232770939619,0.0659121145203251,-0.0261111625736367
3778,0.362426053732634,1,0,0.106715436865923,0.0610271806697362,-0.0456882561961865
3779,0.3853375534527,0,0,0.107153042794117,0.0608960231840923,-0.0462570196100245
3780,0.726459431927651,0,0,0.113857239234085,0.05897419867861,-0.054883040555475
3781,-0.0973535189405084,0,0,0.0982612335927252,0.0637156370154768,-0.0345455965772483
3782,-0.759389176033437,0,0,0.0871371439185161,0.067781011765728,-0.019356132152788
3783,-0.812209258321673,0,0,0.0863004938465662,0.0681155275957947,-0.0181849662507715
3784,-0.374150916468352,1,0,0.0934639700522307,0.0653869750804395,-0.0280769949717912
3785,0.0475904741324484,1,0,0.100859895870776,0.0628564083180795,-0.0380034875526969
3786,0.884929417166859,1,0,0.117094311672711,0.0581008717064569,-0.0589934399662536
3787,0.228023784700781,0,0,0.104179954010843,0.0618019032820281,-0.0423780507288152
3788,-0.0821767416782677,1,1,0.0985305123444894,0.0636251584286941,-0.0349053539157953
3789,-0.448540827259421,1,0,0.0922109833129035,0.0658430555644717,-0.0263679277484318
3790,-0.794762174133211,0,0,0.0865760413430924,0.0680048642430751,-0.0185711771000173
3791,-0.248742144554853,1,0,0.0956108871679644,0.0646247474879511,-0.0309861396800133
3792,0.0702258059754968,1,0,0.101271185211248,0.0627232056682261,-0.0385479795430215
3793,0.365103394724429,0,0,0.10676649232864,0.0610118405420784,-0.0457546517865619
3794,0.924531432799995,1,1,0.117915635150733,0.0578845279270767,-0.0600311072236567
3795,-0.44962870888412,0,0,0.0921927720241226,0.0658497471953573,-0.0263430248287652
3796,-0.639881259761751,1,0,0.0890572339053999,0.0670297695052997,-0.0220274644001002
3797,0.216954876668751,1,0,0.103973530506036,0.0618661146367202,-0.0421074158693154
3798,0.11995770316571,1,0,0.102180055242664,0.0624314718156294,-0.0397485834270342
3799,-0.475338319316506,0,0,0.0917633292276653,0.066008072789769,-0.0257552564378962
3800,-0.788770281709731,0,0,0.0866708568330155,0.0679668973361997,-0.0187039594968157
3801,0.375163913238794,0,0,0.10695853332746,0.0609542298876182,-0.0460043034398418
3802,0.445114493370056,1,0,0.108302213475264,0.0605550685909249,-0.0477471448843394
3803,-0.334814694710076,1,0,0.0941326848355379,0.0651469960342348,-0.0289856888013031
3804,-0.728268462698907,1,0,0.0876335126789216,0.0675846344091475,-0.0200488782697741
3805,-0.0194721980951726,1,0,0.0996500460264374,0.0632526042132308,-0.0363974418132066
3806,0.569119056686759,1,0,0.110720678269285,0.0598534618118367,-0.0508672164574479
3807,-0.373714649118483,0,0,0.0934713631662946,0.0653843090349648,-0.0280870541313298
3808,-0.909825576934963,0,0,0.084773413796523,0.0687377733950895,-0.0160356404014334
3809,-0.257154625374824,1,0,0.0954655016099152,0.0646756182085164,-0.0307898834013988
3810,-0.353978546801955,1,0,0.0938063659200379,0.0652638066917358,-0.0285425592283021
3811,-0.418863301631063,0,1,0.0927090373201183,0.0656607508169753,-0.0270482865031429
3812,-0.661017587874085,0,0,0.0887148877939845,0.0671620703188951,-0.0215528174750894
3813,0.119707591831684,0,0,0.102175466326665,0.0624329358279103,-0.0397425304987544
3814,0.266029063146561,0,0,0.104891471148145,0.0615819060944081,-0.0433095650537367
3815,0.0136579447425902,1,0,0.100246111762803,0.0630565862516828,-0.0371895255111206
3816,-0.572864567860961,1,0,0.0901505996062908,0.0666118828106149,-0.0235387167956759
3817,0.991042412351817,1,0,0.119306264460637,0.0575228823254363,-0.0617833821352005
3818,0.382539318408817,1,0,0.107099512425385,0.0609120276124125,-0.0461874848129722
3819,0.303991505876184,1,0,0.105606465653161,0.0613628875363752,-0.0442435781167858
3820,-0.140323892701417,0,0,0.0975023720140114,0.0639724619644772,-0.0335299100495342
3821,0.585076179821044,1,0,0.111035301682316,0.0597637324846671,-0.0512715691976494
3822,-0.34875146811828,0,0,0.0938952710396966,0.0652319264349743,-0.0286633446047223
3823,-0.859668283723295,0,0,0.0855549722893052,0.0684173957350791,-0.0171375765542261
3824,-0.890865093097091,0,0,0.0850680944062686,0.0686165010548558,-0.0164515933514128
3825,-0.902203103527427,1,0,0.0848917694831504,0.0686889957754167,-0.0162027737077337
3826,0.398027985822409,1,0,0.107396106969752,0.0608234899515785,-0.0465726170181732
3827,0.0768247987143695,1,0,0.10139137034357,0.062684422039181,-0.0387069483043889
3828,-0.761529148090631,0,0,0.0871031054341106,0.067794534803599,-0.0193085706305116
3829,-0.421954384539276,1,0,0.0926570496980604,0.0656797169764944,-0.026977332721566
3830,0.207976907957345,0,0,0.103806366458262,0.0619182420997443,-0.0418881243585181
3831,-0.0766381067223847,1,0,0.0986289469143824,0.0635921688786794,-0.035036778035703
3832,-0.465998916886747,1,0,0.0919191224087936,0.0659505177657343,-0.0259686046430593
3833,-0.712705463171005,0,0,0.0878826967532042,0.0674866271059078,-0.0203960696472964
3834,-0.0450937054120004,0,0,0.0991912363963057,0.063404586017607,-0.0357866503786987
3835,0.0606215912848711,1,0,0.101096492902773,0.0627796916089662,-0.0383168012938071
3836,0.94070810964331,1,0,0.118252563566079,0.0577963732513026,-0.0604561903147761
3837,0.905139371287078,1,0,0.11751283293136,0.057990371131374,-0.0595224617999859
3838,0.507435333449394,1,0,0.109511803413683,0.0602015062774834,-0.0493102971361993
3839,0.556128699798137,1,0,0.110465126581842,0.0599266016900728,-0.0505385248917697
3840,0.351084355264902,1,0,0.106499395099565,0.0610922042163789,-0.0454071908831864
3841,0.170920812059194,1,0,0.10311891794254,0.0621338298406264,-0.0409850881019139
3842,0.155767698772252,1,0,0.102838966512459,0.062222190517268,-0.0406167759951906
3843,0.607923705130816,0,1,0.11148714367372,0.0596354766641905,-0.0518516670095298
3844,-0.183473899494857,1,0,0.0967456027298676,0.064231330794529,-0.0325142719353386
3845,-0.559427719563246,0,0,0.090371269905422,0.0665283881904167,-0.0238428817150053
3846,0.49420900689438,1,0,0.109254106206882,0.060276380785053,-0.0489777254218288
3847,0.839349703863263,0,0,0.1161551606945,0.0583508104033771,-0.0578043502911231
3848,-0.852284827269614,0,0,0.0856705724306402,0.0683703511937808,-0.0173002212368594
3849,0.00839444668963552,1,0,0.100151201545163,0.0630876903894814,-0.0370635111556812
3850,0.646957697812468,1,0,0.112262816361176,0.0594169534996305,-0.0528458628615454
3851,-0.575288285966963,0,0,0.0901108471513793,0.0666269537978918,-0.0234838933534875
3852,0.697820341680199,0,0,0.113280615015147,0.0591333357590989,-0.054147279256048
3853,0.876888030208647,0,0,0.116928145119305,0.0581448939664384,-0.0587832511528662
3854,0.0483020385727286,0,0,0.100872802557998,0.0628522169439479,-0.0380205856140501
3855,-0.62989344727248,1,0,0.0892194213295928,0.0669673359466787,-0.0222520853829141
3856,0.0411626505665481,0,0,0.100743371442846,0.0628942823623466,-0.0378490890804993
3857,-0.521253287326545,1,0,0.0910008563817781,0.0662917078852945,-0.0247091484964836
3858,0.105107277166098,1,0,0.101907903494017,0.0625184534825223,-0.0393894500114944
3859,-0.852268595248461,0,1,0.0856708267254793,0.0683702478026209,-0.0173005789228584
3860,-0.7928302353248,1,0,0.0866066020123093,0.0679926205976286,-0.0186139814146807
3861,0.931737800128758,0,0,0.118065626793425,0.0578452413074089,-0.0602203854860163
3862,0.848806297872216,1,0,0.116349470425871,0.058298871904214,-0.0580505985216573
3863,0.29477417236194,1,1,0.105432469881526,0.0614159985272956,-0.0440164713542308
3864,-0.492875317111611,0,0,0.0914714309089078,0.0661162724694869,-0.0253551584394209
3865,-0.972198257688433,1,0,0.0838105533023792,0.0691381145411782,-0.014672438761201
3866,-0.347843463532627,1,0,0.0939107225943787,0.0652263899392048,-0.0286843326551739
3867,0.650325066875666,0,1,0.11232995220682,0.0593981372176395,-0.052931814989181
3868,0.77326720347628,0,0,0.114805181515755,0.0587149687471394,-0.0560902127686152
3869,0.0941210412420332,1,0,0.101706981365884,0.062582874653628,-0.0391241067122559
3870,0.190914682578295,1,0,0.103489333561856,0.0620174210754802,-0.0414719124863753
3871,0.431026285979897,0,0,0.108030405988214,0.0606352634349258,-0.0473951425532885
3872,-0.235862032044679,1,0,0.0958338665628884,0.0645469329288589,-0.0312869336340295
3873,-0.774888585787266,0,0,0.0868908814665612,0.0678790131256357,-0.0190118683409256
3874,0.00543163809925318,1,0,0.100097811978509,0.0631052051171046,-0.0369926068614045
3875,-0.960772342514247,0,0,0.0839861911213039,0.0690646157869259,-0.014921575334378
3876,-0.136549006216228,1,0,0.0975688269300813,0.0639498616696345,-0.0336189652604468
3877,-0.0429936181753874,1,0,0.0992287722544575,0.0633921159096301,-0.0358366563448274
3878,-0.649672169238329,1,0,0.0888985021390516,0.0670910246622324,-0.0218074774768192
3879,0.104640087578446,1,0,0.101899352123229,0.0625211917318238,-0.0393781603914053
3880,-0.655210696626455,1,0,0.0888088237621395,0.0671256985177356,-0.0216831252444038
3881,0.614227754995227,0,0,0.111612097877136,0.0596001339409637,-0.0520119639361723
3882,0.149218620732427,0,1,0.102718181696846,0.0622604157316742,-0.040457765965172
3883,-0.202524728607386,1,0,0.0964131591847248,0.0643459321780777,-0.0320672270066471
3884,-0.78585594240576,0,0,0.0867170071983883,0.0679484380792803,-0.018768569119108
3885,-0.136774686165154,0,0,0.0975648528166908,0.0639512126093512,-0.0336136402073396
3886,0.536413575988263,1,0,0.110078269479003,0.0600377640463267,-0.0500405054326768
3887,-0.122971833217889,1,0,0.0978081800531815,0.063868636436647,-0.0339395436165345
3888,-0.808212653268129,0,0,0.0863635433270652,0.0680901632029049,-0.0182733801241603
3889,0.436154890805483,0,0,0.108129284038993,0.0606060581868897,-0.0475232258521031
3890,-0.279027624521405,1,0,0.0950884147901504,0.0648080599042345,-0.0302803548859159
3891,0.978553153574467,0,1,0.119044058954162,0.0575906290228394,-0.0614534299313222
3892,0.993037992157042,0,1,0.119348206856748,0.0575120644442666,-0.0618361424124809
3893,0.113418706227094,0,0,0.102060141058026,0.0624697579918103,-0.0395903830662155
3894,-0.928531769663095,0,0,0.0844835933255911,0.0688576137879802,-0.015625979537611
3895,0.404391523916274,0,0,0.107518172476625,0.0607871490384929,-0.046731023438132
3896,-0.128766871988773,0,0,0.0977059548553651,0.0639032934035201,-0.033802661451845
3897,0.00582282152026892,1,0,0.100104859621823,0.0631028923653085,-0.0370019672565144
3898,-0.263983975630254,0,0,0.09534762137039,0.0647169430644672,-0.0306306783059229
3899,-0.230829870793968,0,0,0.0959211091321835,0.0645165550812712,-0.0314045540509123
3900,0.116305693052709,1,0,0.102113068145879,0.0624528518287268,-0.0396602163171522
3901,0.980906974058598,0,1,0.119093438050076,0.0575778552399324,-0.0615155828101432
3902,-0.725461984053254,1,0,0.0876784008389832,0.0675669509823632,-0.02011144985662
3903,0.837649282533675,0,0,0.116120251133538,0.0583601542389702,-0.0577600968945675
3904,-0.358601639047265,1,0,0.0937277966418613,0.0652920152770462,-0.0284357813648151
3905,-0.834952034987509,1,0,0.0859425021555518,0.0682600310684488,-0.017682471087103
3906,-0.12521462701261,1,0,0.0977686055879752,0.0638820472854695,-0.0338865583025057
3907,0.425404162611812,0,0,0.107922104353833,0.0606672941896971,-0.0472548101641362
3908,-0.00935090286657214,1,0,0.0998318096159788,0.0631926603089752,-0.0366391493070036
3909,-0.609027918428183,1,1,0.0895591068571786,0.06683708020327,-0.0227220266539086
3910,-0.813168998342007,1,0,0.0862853594264665,0.0681216198751109,-0.0181637395513557
3911,-0.215974440332502,1,0,0.0961790719690867,0.0644269543467352,-0.0317521176223515
3912,-0.369242079090327,1,0,0.0935471869020831,0.0653569828290641,-0.028190204073019
3913,0.526353628374636,1,0,0.109881327455789,0.0600945607144122,-0.0497867667413771
3914,0.554635874927044,0,0,0.110435792228311,0.0599350121318196,-0.050500780096491
3915,-0.837100825272501,1,0,0.0859087479215757,0.0682736987713484,-0.0176350491502273
3916,0.161997852381319,0,0,0.102953986091759,0.0621858471172344,-0.0407681389745248
3917,-0.00096025737002492,1,0,0.0999827166951064,0.0631430064362443,-0.0368397102588621
3918,0.336638288572431,0,0,0.106224777839805,0.0611751193359141,-0.045049658503891
3919,0.967319902032614,0,0,0.11880864854108,0.0576516266219112,-0.0611570219191687
3920,0.887354257982224,1,0,0.117144458560869,0.0580876031480346,-0.0590568554128343
3921,0.0597624671645463,1,0,0.101080879221656,0.0627847467478774,-0.0382961324737783
3922,0.34891101764515,1,0,0.106458040396954,0.0611046716586175,-0.0453533687383365
3923,0.0131093235686421,0,0,0.100236215418869,0.0630598276081409,-0.0371763878107279
3924,-0.0327675100415945,0,1,0.0994117290187136,0.0633314269713782,-0.0360803020473355
3925,0.0762150222435594,0,0,0.10138025939535,0.0626880048815757,-0.0386922545137747
3926,0.136955577880144,0,0,0.102492351894573,0.062332050795046,-0.0401603010995267
3927,-0.566793390084058,1,0,0.0902502449953777,0.0665741453512612,-0.0236760996441165
3928,0.0224150298163295,1,0,0.100404194662591,0.0630048687884318,-0.0373993258741589
3929,0.257482388522476,0,0,0.104731091328542,0.0616313154745426,-0.043099775853999
3930,-0.501269954256713,1,0,0.0913320003052311,0.0661681239646205,-0.0251638763406106
3931,0.0230645574629307,0,0,0.1004159287538,0.0630010343942247,-0.0374148943595757
3932,-0.983871810138226,0,0,0.0836314535278461,0.0692132810295298,-0.0144181724983163
3933,-0.8227578708902,1,0,0.0861342816210624,0.0681825162729646,-0.0179517653480979
3934,-0.674554342404008,0,0,0.088496256788424,0.067246929589813,-0.021249327198611
3935,0.288298528641462,0,0,0.105310380324483,0.0614533373790062,-0.0438570429454763
3936,-0.455875494517386,1,0,0.0920882625081435,0.0658881838193174,-0.0262000786888261
3937,0.504382717423141,1,0,0.10945228001292,0.060218779469004,-0.0492335005439162
3938,-0.514442378655076,0,0,0.0911135984415739,0.0662495627750379,-0.024864035666536
3939,-0.307941799983382,1,0,0.0945919852364468,0.0649835235348206,-0.0296084617016262
3940,0.607279045507312,1,0,0.111474372605749,0.0596390919591067,-0.0518352806466421
3941,0.149055738933384,1,0,0.10271517926524,0.0622613667084682,-0.0404538125567718
3942,0.713290555402637,0,0,0.11359177784989,0.0590473234541533,-0.0545444543957367
3943,-0.496105139609426,0,0,0.0914177625760982,0.0661362177746458,-0.0252815448014524
3944,0.00459650065749884,0,0,0.100082767441254,0.0631101428752004,-0.0369726245660535
3945,-0.525928786955774,1,0,0.0909235347736315,0.0663206537493406,-0.024602881024291
3946,0.354334871284664,1,0,0.106561272975407,0.0610735619335975,-0.0454877110418091
3947,-0.303824704140425,0,0,0.0946625299742832,0.0649585122664908,-0.0297040177077924
3948,-0.716868091840297,0,0,0.0878159849420914,0.0675128281533595,-0.020303156788732
3949,0.761180778034031,0,0,0.114559753678795,0.0587818030629042,-0.0557779506158913
3950,0.868763367179781,0,0,0.116760465564621,0.05818940390036,-0.0585710616642607
3951,-0.89609754877165,0,1,0.0849866797766425,0.0686499483263733,-0.0163367314502692
3952,0.865940952207893,0,0,0.116702264459942,0.058204873622159,-0.0584973908377825
3953,0.97010807460174,0,1,0.118867041467679,0.0576364809293218,-0.0612305605383573
3954,0.236250712070614,0,0,0.104333612103035,0.0617542187526892,-0.0425793933503458
3955,0.73499550530687,1,0,0.114029600139415,0.0589268445086878,-0.0551027556307269
3956,-0.308139685541391,0,0,0.0945885957351672,0.0649847259109849,-0.0296038698241822
3957,0.137577542103827,0,0,0.102503795068304,0.0623284157142401,-0.0401753793540641
3958,-0.584623469505459,1,0,0.0899578842678622,0.0666850307447052,-0.023272853523157
3959,-0.454398446250707,0,0,0.0921129640990867,0.0658790936234179,-0.0262338704756687
3960,0.520395294297487,1,0,0.109764827770982,0.0601282241171509,-0.0496366036538308
3961,0.664934549946338,0,0,0.11262163035489,0.0593165665591561,-0.0533050637957339
3962,0.582227677572519,1,1,0.110979081025338,0.0597797408040529,-0.0511993402212852
3963,-0.590709580108523,1,0,0.0898582855382394,0.0667229195543895,-0.0231353659838499
3964,-0.278292013797909,1,0,0.0951010749058462,0.0648036016593049,-0.0302974732465412
3965,0.591785885859281,0,0,0.111167829108253,0.0597260404203041,-0.0514417886879493
3966,0.617591228801757,0,0,0.111678816245629,0.0595812851493068,-0.0520975310963223
3967,-0.225945360958576,1,0,0.0960058597631371,0.0644870812979867,-0.0315187784651505
3968,-0.735271000768989,1,0,0.0875216013106378,0.0676287756335935,-0.0198928256770443
3969,-0.381828693673015,1,0,0.0933339460042548,0.0654339108023586,-0.0279000352018962
3970,0.102431890554726,1,0,0.101858942212444,0.0625341357311571,-0.0393248064812867
3971,-0.356368059292436,1,0,0.0937657488760279,0.0652783852937705,-0.0284873635822574
3972,0.648723190184683,0,0,0.112298010929606,0.0594070875341589,-0.0528909233954474
3973,-0.201518329791725,0,0,0.096430695631575,0.0643398733659965,-0.0320908222655784
3974,0.722366848494858,1,0,0.113774682099127,0.0589969150787472,-0.0547777670203796
3975,0.398304134141654,1,0,0.107401401520707,0.0608219125012435,-0.0465794890194634
3976,-0.150301688350737,1,0,0.0973269124610877,0.0640322349907869,-0.0332946774703008
3977,0.479269530624151,1,0,0.108963670574757,0.0603610582786412,-0.0486026122961155
3978,-0.788902059663087,1,0,0.0866687705730288,0.0679677321200009,-0.0187010384530279
3979,-0.837358874734491,1,0,0.0859046951641108,0.068275340304217,-0.0176293548598938
3980,-0.825737322680652,0,0,0.0860873875782523,0.0682014482565013,-0.017885939321751
3981,-0.601167562883347,1,0,0.0896873735574885,0.0667880719451256,-0.0228993016123629
3982,-0.579951760359108,1,0,0.0900344039052187,0.0666559607823456,-0.0233784431228731
3983,0.962645857129246,0,0,0.11871081531003,0.0576770249848583,-0.0610337903251721
3984,-0.915879998356104,0,0,0.0846795122846552,0.0687765396183311,-0.0159029726663241
3985,-0.620553011074662,0,0,0.0893713373534791,0.0669089979686013,-0.0224623393848778
3986,-0.651719502173364,1,0,0.0888653427464287,0.0671038400178222,-0.0217615027286064
3987,0.173896986991167,0,0,0.103173981498793,0.062116488971785,-0.0410574925270084
3988,0.422451049555093,1,0,0.107865255373139,0.0606841252117496,-0.0471811301613891
3989,0.561932972632349,0,0,0.110579246740921,0.0598939114355199,-0.050685335305401
3990,0.520002037286758,1,0,0.109757142466315,0.0601304465618919,-0.049626695904423
3991,0.491251565981656,1,1,0.109196557271512,0.0602931348373057,-0.0489034224342065
3992,0.818770147394389,0,0,0.115733275439839,0.0584639896486643,-0.0572692857911744
3993,-0.988416256848723,1,0,0.0835618251175789,0.0692425633609984,-0.0143192617565805
3994,-0.089899574406445,0,0,0.0983934055145886,0.063671184256065,-0.0347222212585236
3995,0.878173227421939,0,0,0.116954688585617,0.0581378561037003,-0.0588168324819162
3996,0.922121406998485,0,0,0.117865510284918,0.0578976721404018,-0.0599678381445167
3997,0.202224242966622,0,1,0.103699380457313,0.0619516645158651,-0.0417477159414478
3998,0.0217528566718102,1,0,0.100392233377142,0.0630087780576153,-0.0373834553195269
3999,-0.505722015630454,0,0,0.0912581314600926,0.0661956385226475,-0.0250624929374451
4000,-0.665769908577204,1,0,0.0886380779737315,0.067191850363706,-0.0214462276100255
