"id","X","harmed_group","treatment","outcome","p_control","p_treatment","true_CATE"
1,-2.15783000843202,0,1,0,0.1,0.1,0
2,0.262624602491902,0,0,0,0.1,0.1,0
3,-0.386676890194971,0,1,0,0.1,0.1,0
4,1.44067391441077,1,1,0,0.1,0.06,-0.04
5,-0.816303408846286,0,1,0,0.1,0.1,0
6,-1.65162532995243,0,0,0,0.1,0.1,0
7,0.379407906987762,0,0,1,0.1,0.1,0
8,-0.697574000048641,0,1,0,0.1,0.1,0
9,0.0894578348580843,0,1,0,0.1,0.1,0
10,-0.337491574719086,0,0,0,0.1,0.1,0
11,-0.866052453494144,0,1,0,0.1,0.1,0
12,-1.55520943781429,0,1,0,0.1,0.1,0
13,0.271615954996067,0,0,0,0.1,0.1,0
14,-1.72156336985557,0,0,0,0.1,0.1,0
15,0.497346776305901,0,0,1,0.1,0.1,0
16,0.895864774269119,1,0,0,0.1,0.06,-0.04
17,0.483980759182466,0,1,0,0.1,0.1,0
18,-0.591984926376802,0,0,0,0.1,0.1,0
19,0.261699282032813,0,0,0,0.1,0.1,0
20,-1.22220671705925,0,0,0,0.1,0.1,0
21,-1.83430679028504,0,0,0,0.1,0.1,0
22,1.43717741714836,1,1,0,0.1,0.06,-0.04
23,0.821306973755994,1,0,0,0.1,0.06,-0.04
24,0.215319856984302,0,0,0,0.1,0.1,0
25,-1.17519273939143,0,1,0,0.1,0.1,0
26,2.11243492908281,1,0,1,0.1,0.06,-0.04
27,1.09519712017616,1,0,0,0.1,0.06,-0.04
28,0.572350023793888,0,0,0,0.1,0.1,0
29,1.84778947460345,1,1,0,0.1,0.06,-0.04
30,-0.762108227132698,0,0,0,0.1,0.1,0
31,0.154475342917118,0,1,0,0.1,0.1,0
32,-2.09719175580635,0,0,0,0.1,0.1,0
33,-0.594463549807673,0,1,0,0.1,0.1,0
34,-0.169894244804135,0,0,0,0.1,0.1,0
35,0.254732107584999,0,0,0,0.1,0.1,0
36,-0.222387992304802,0,1,0,0.1,0.1,0
37,-1.02101680814515,0,1,0,0.1,0.1,0
38,-0.0685653802157388,0,0,0,0.1,0.1,0
39,0.110230797610083,0,0,0,0.1,0.1,0
40,0.282380974190214,0,0,0,0.1,0.1,0
41,-0.97864062052609,0,1,0,0.1,0.1,0
42,0.0642084027273336,0,0,1,0.1,0.1,0
43,0.263157542368139,0,0,1,0.1,0.1,0
44,0.790312231034701,1,1,0,0.1,0.06,-0.04
45,1.64045145795521,1,1,0,0.1,0.06,-0.04
46,0.00985089365050169,0,1,0,0.1,0.1,0
47,-0.454994205369719,0,1,0,0.1,0.1,0
48,-0.60415155479276,0,1,0,0.1,0.1,0
49,0.37751524246454,0,0,0,0.1,0.1,0
50,-1.28801083762167,0,0,0,0.1,0.1,0
51,-0.00603834327921938,0,1,0,0.1,0.1,0
52,-1.05348160413592,0,0,0,0.1,0.1,0
53,1.38524444789812,1,1,0,0.1,0.06,-0.04
54,1.33548694223022,1,0,0,0.1,0.06,-0.04
55,-1.01570375899615,0,0,1,0.1,0.1,0
56,-1.2909597202857,0,0,0,0.1,0.1,0
57,1.02069649466395,1,0,0,0.1,0.06,-0.04
58,1.01051205279245,1,1,0,0.1,0.06,-0.04
59,-0.673463269853816,0,0,0,0.1,0.1,0
60,-0.892618477540262,0,0,0,0.1,0.1,0
61,-1.69034659396653,0,0,1,0.1,0.1,0
62,-1.60823351442929,0,0,0,0.1,0.1,0
63,-0.379884252448872,0,1,0,0.1,0.1,0
64,1.04873012190244,1,0,0,0.1,0.06,-0.04
65,-2.22851174071261,0,1,0,0.1,0.1,0
66,-0.532612933298974,0,1,0,0.1,0.1,0
67,2.44943991673464,1,0,1,0.1,0.06,-0.04
68,-1.69522099655328,0,0,0,0.1,0.1,0
69,0.393308801324064,0,1,1,0.1,0.1,0
70,0.616015933051274,0,0,0,0.1,0.1,0
71,-0.765138200966328,0,0,0,0.1,0.1,0
72,-0.352375686634669,0,0,0,0.1,0.1,0
73,0.798593142073584,1,1,0,0.1,0.06,-0.04
74,-1.19300998274161,0,1,0,0.1,0.1,0
75,-0.465032662192218,0,0,0,0.1,0.1,0
76,0.126345743933972,0,0,0,0.1,0.1,0
77,0.0351917831219392,0,0,0,0.1,0.1,0
78,0.485354614343119,0,1,0,0.1,0.1,0
79,1.33364112577754,1,0,0,0.1,0.06,-0.04
80,0.31945719181469,0,1,0,0.1,0.1,0
81,-0.232282846675345,0,0,0,0.1,0.1,0
82,-0.273945813825714,0,1,0,0.1,0.1,0
83,-1.0961234522868,0,0,0,0.1,0.1,0
84,1.06957168216173,1,1,0,0.1,0.06,-0.04
85,1.69248321581235,1,0,0,0.1,0.06,-0.04
86,0.314791660031426,0,1,0,0.1,0.1,0
87,-0.345560513126369,0,0,0,0.1,0.1,0
88,-1.97608128560327,0,0,0,0.1,0.1,0
89,-0.181817801836809,0,1,0,0.1,0.1,0
90,0.220773625364576,0,0,0,0.1,0.1,0
91,0.699727437203745,1,1,0,0.1,0.06,-0.04
92,0.543871901127066,0,1,1,0.1,0.1,0
93,1.46316397210225,1,1,0,0.1,0.06,-0.04
94,-0.456892478020473,0,0,0,0.1,0.1,0
95,0.000404417852525588,0,1,0,0.1,0.1,0
96,-0.154580171888322,0,1,0,0.1,0.1,0
97,-0.355124624679305,0,0,0,0.1,0.1,0
98,-1.54861641584321,0,0,0,0.1,0.1,0
99,0.717170639709624,1,0,0,0.1,0.06,-0.04
100,0.965463294368595,1,0,0,0.1,0.06,-0.04
101,0.256912662789411,0,0,0,0.1,0.1,0
102,0.892158919117903,1,0,0,0.1,0.06,-0.04
103,0.479294049718996,0,0,0,0.1,0.1,0
104,0.906809820956137,1,1,0,0.1,0.06,-0.04
105,-0.64710264438555,0,0,0,0.1,0.1,0
106,-1.27167374340663,0,0,1,0.1,0.1,0
107,-1.23611993431385,0,1,0,0.1,0.1,0
108,0.729921219502254,1,0,0,0.1,0.06,-0.04
109,-0.817206877250807,0,0,0,0.1,0.1,0
110,1.39769511008869,1,1,0,0.1,0.06,-0.04
111,1.8485597021662,1,1,0,0.1,0.06,-0.04
112,-0.821410969368165,0,1,0,0.1,0.1,0
113,0.64287694939785,0,0,0,0.1,0.1,0
114,0.63767894356307,0,0,0,0.1,0.1,0
115,0.413781494694097,0,1,0,0.1,0.1,0
116,1.35161493970729,1,1,0,0.1,0.06,-0.04
117,-1.03944610191839,0,0,0,0.1,0.1,0
118,-1.12084048622273,0,0,1,0.1,0.1,0
119,1.57614060978904,1,1,0,0.1,0.06,-0.04
120,0.395277479939647,0,0,0,0.1,0.1,0
121,-1.68682045236796,0,0,1,0.1,0.1,0
122,-0.408811158030902,0,1,0,0.1,0.1,0
123,-1.80548591539913,0,0,0,0.1,0.1,0
124,-1.38440435487468,0,0,0,0.1,0.1,0
125,0.0322762933969732,0,1,0,0.1,0.1,0
126,-0.365480955816682,0,0,0,0.1,0.1,0
127,-0.375069758035835,0,0,0,0.1,0.1,0
128,-0.516222378496908,0,1,0,0.1,0.1,0
129,0.66548747518212,0,1,0,0.1,0.1,0
130,-0.196576615289994,0,1,0,0.1,0.1,0
131,-1.53965945559009,0,1,0,0.1,0.1,0
132,1.18437509977497,1,1,0,0.1,0.06,-0.04
133,-1.27600210931101,0,1,0,0.1,0.1,0
134,0.241967559941312,0,1,0,0.1,0.1,0
135,-0.292507562721694,0,0,0,0.1,0.1,0
136,-0.265938886486751,0,0,0,0.1,0.1,0
137,-0.577678731028063,0,0,0,0.1,0.1,0
138,-1.05011643210533,0,1,0,0.1,0.1,0
139,1.86374512106962,1,0,0,0.1,0.06,-0.04
140,0.467142119850474,0,1,0,0.1,0.1,0
141,-1.23211399968513,0,0,1,0.1,0.1,0
142,-0.790071284922912,0,0,0,0.1,0.1,0
143,-0.317690803055926,0,1,1,0.1,0.1,0
144,1.54067330361899,1,0,0,0.1,0.06,-0.04
145,0.593852943720518,0,0,0,0.1,0.1,0
146,0.501368127559021,0,0,0,0.1,0.1,0
147,-1.00208236955526,0,0,0,0.1,0.1,0
148,0.763811776754349,1,1,1,0.1,0.06,-0.04
149,1.20013185845011,1,0,0,0.1,0.06,-0.04
150,-1.41266397151613,0,0,0,0.1,0.1,0
151,0.107453128089143,0,0,1,0.1,0.1,0
152,-0.566137274329642,0,0,0,0.1,0.1,0
153,0.59980223565302,0,0,0,0.1,0.1,0
154,0.350411327193265,0,0,0,0.1,0.1,0
155,-0.700953001517697,0,1,1,0.1,0.1,0
156,1.78157558233567,1,1,0,0.1,0.06,-0.04
157,-1.15088529733867,0,0,0,0.1,0.1,0
158,-1.14280618895968,0,0,0,0.1,0.1,0
159,0.313498503901104,0,0,0,0.1,0.1,0
160,-0.8437469481795,0,1,0,0.1,0.1,0
161,1.47695053472985,1,0,1,0.1,0.06,-0.04
162,0.991951055947431,1,0,0,0.1,0.06,-0.04
163,-0.701482281773713,0,1,0,0.1,0.1,0
164,1.29785431247824,1,1,0,0.1,0.06,-0.04
165,0.364363853783757,0,1,0,0.1,0.1,0
166,-0.63962428193154,0,1,0,0.1,0.1,0
167,-0.0617188792457317,0,1,0,0.1,0.1,0
168,0.555934873193825,0,1,0,0.1,0.1,0
169,-1.52199511351918,0,1,0,0.1,0.1,0
170,0.14028936366146,0,0,0,0.1,0.1,0
171,0.407313396781356,0,1,0,0.1,0.1,0
172,1.3495541782737,1,0,0,0.1,0.06,-0.04
173,1.34601977720145,1,1,0,0.1,0.06,-0.04
174,0.19294431191173,0,0,0,0.1,0.1,0
175,1.34117271345395,1,0,0,0.1,0.06,-0.04
176,1.00497774088006,1,0,0,0.1,0.06,-0.04
177,-0.425703503434508,0,0,0,0.1,0.1,0
178,-0.671325835317858,0,0,0,0.1,0.1,0
179,0.522878002407864,0,1,0,0.1,0.1,0
180,-0.104583150413288,0,0,0,0.1,0.1,0
181,-0.814224553579889,0,1,0,0.1,0.1,0
182,-1.56916299845169,0,0,0,0.1,0.1,0
183,0.680545318112453,1,1,0,0.1,0.06,-0.04
184,-0.256725054338683,0,0,0,0.1,0.1,0
185,0.0421380950545849,0,0,0,0.1,0.1,0
186,-0.015910310708616,0,0,0,0.1,0.1,0
187,-1.38036463469265,0,1,1,0.1,0.1,0
188,0.650221943107926,0,0,0,0.1,0.1,0
189,-1.26178236287827,0,1,0,0.1,0.1,0
190,1.17566386652364,1,1,0,0.1,0.06,-0.04
191,-0.797846024139607,0,0,0,0.1,0.1,0
192,-0.441737599916882,0,1,0,0.1,0.1,0
193,1.56145276176558,1,1,0,0.1,0.06,-0.04
194,2.35650354752911,1,0,0,0.1,0.06,-0.04
195,-0.077041631834561,0,0,0,0.1,0.1,0
196,0.170165666147913,0,0,0,0.1,0.1,0
197,-2.39206415941981,0,1,0,0.1,0.1,0
198,0.830865186983035,1,0,0,0.1,0.06,-0.04
199,1.09847206567523,1,0,1,0.1,0.06,-0.04
200,0.695954467520248,1,0,0,0.1,0.06,-0.04
201,1.6077818528821,1,0,0,0.1,0.06,-0.04
202,-0.297187189271787,0,1,0,0.1,0.1,0
203,-0.382720256317659,0,0,1,0.1,0.1,0
204,0.823000306642159,1,1,1,0.1,0.06,-0.04
205,0.462609862866291,0,0,0,0.1,0.1,0
206,0.332218481114076,0,1,0,0.1,0.1,0
207,0.193126981425751,0,1,0,0.1,0.1,0
208,-1.25131075734094,0,0,0,0.1,0.1,0
209,-0.424644781954843,0,0,0,0.1,0.1,0
210,1.53155713081,1,0,0,0.1,0.06,-0.04
211,0.306946583737789,0,1,1,0.1,0.1,0
212,-0.240140554858989,0,0,0,0.1,0.1,0
213,-1.06867382243008,0,1,0,0.1,0.1,0
214,-1.44377197812966,0,0,0,0.1,0.1,0
215,0.320585304871631,0,0,0,0.1,0.1,0
216,-0.387828945389824,0,0,0,0.1,0.1,0
217,0.873382842318052,1,0,0,0.1,0.06,-0.04
218,2.08672470645112,1,1,0,0.1,0.06,-0.04
219,1.32208785754063,1,0,0,0.1,0.06,-0.04
220,1.19569731432994,1,1,0,0.1,0.06,-0.04
221,1.03068333588091,1,0,0,0.1,0.06,-0.04
222,-0.342302270262315,0,0,0,0.1,0.1,0
223,0.449036654307861,0,1,0,0.1,0.1,0
224,-1.25149425415009,0,1,0,0.1,0.1,0
225,-0.990340004558441,0,0,0,0.1,0.1,0
226,-0.381774433456342,0,1,0,0.1,0.1,0
227,-0.388522141419411,0,0,0,0.1,0.1,0
228,-0.802481348315706,0,0,0,0.1,0.1,0
229,0.53765564927221,0,1,0,0.1,0.1,0
230,1.18679955714388,1,1,0,0.1,0.06,-0.04
231,0.837754771674271,1,0,0,0.1,0.06,-0.04
232,1.02263838293551,1,0,0,0.1,0.06,-0.04
233,-0.49392048300002,0,1,0,0.1,0.1,0
234,1.01825892046279,1,1,0,0.1,0.06,-0.04
235,0.731200198270023,1,0,0,0.1,0.06,-0.04
236,0.598407996918812,0,0,0,0.1,0.1,0
237,-2.04736241365945,0,0,0,0.1,0.1,0
238,0.32233253546055,0,0,1,0.1,0.1,0
239,0.950733620782306,1,1,0,0.1,0.06,-0.04
240,-2.19764674981765,0,0,0,0.1,0.1,0
241,-0.686684121028054,0,1,0,0.1,0.1,0
242,-0.0389638608968982,0,1,0,0.1,0.1,0
243,0.14187676136325,0,0,0,0.1,0.1,0
244,-1.31284763510503,0,0,0,0.1,0.1,0
245,-0.211850217720647,0,1,1,0.1,0.1,0
246,-0.224836487032074,0,0,1,0.1,0.1,0
247,0.293270881053033,0,0,0,0.1,0.1,0
248,0.422462261807403,0,0,1,0.1,0.1,0
249,0.907510342984235,1,0,0,0.1,0.06,-0.04
250,0.924217631323692,1,1,1,0.1,0.06,-0.04
251,0.200781507413138,0,1,0,0.1,0.1,0
252,-1.375353488965,0,0,1,0.1,0.1,0
253,-0.691921220412591,0,0,0,0.1,0.1,0
254,0.76136308922601,1,1,0,0.1,0.06,-0.04
255,0.75822504435922,1,1,0,0.1,0.06,-0.04
256,-0.937828839322744,0,1,0,0.1,0.1,0
257,-1.550001950822,0,0,0,0.1,0.1,0
258,1.71080942738021,1,0,0,0.1,0.06,-0.04
259,1.34040539000832,1,0,0,0.1,0.06,-0.04
260,0.449451386117516,0,1,0,0.1,0.1,0
261,0.538724707323257,0,1,1,0.1,0.1,0
262,0.645046059500961,0,1,0,0.1,0.1,0
263,-0.709292905006912,0,1,0,0.1,0.1,0
264,-0.960066531109966,0,1,0,0.1,0.1,0
265,1.16383986726697,1,1,0,0.1,0.06,-0.04
266,0.421941775518164,0,0,0,0.1,0.1,0
267,0.0381602457542077,0,1,1,0.1,0.1,0
268,0.0828103541109383,0,0,0,0.1,0.1,0
269,0.795006060595138,1,1,0,0.1,0.06,-0.04
270,0.553895015213061,0,0,0,0.1,0.1,0
271,0.584994400101366,0,1,0,0.1,0.1,0
272,0.509105117479322,0,1,0,0.1,0.1,0
273,-0.421045509082617,0,0,0,0.1,0.1,0
274,0.460910041133642,0,1,0,0.1,0.1,0
275,-0.828003621057123,0,1,0,0.1,0.1,0
276,0.134101230545675,0,1,0,0.1,0.1,0
277,-0.689683126884883,0,0,0,0.1,0.1,0
278,0.134135856926876,0,1,1,0.1,0.1,0
279,-0.903284123234805,0,1,0,0.1,0.1,0
280,-0.689774474412082,0,0,0,0.1,0.1,0
281,-0.440759549938055,0,1,0,0.1,0.1,0
282,1.46707110991574,1,1,0,0.1,0.06,-0.04
283,1.36779885907375,1,1,0,0.1,0.06,-0.04
284,-0.138131806911814,0,0,1,0.1,0.1,0
285,1.40711500637804,1,1,0,0.1,0.06,-0.04
286,-1.7593694945814,0,1,0,0.1,0.1,0
287,-0.812933153979701,0,0,0,0.1,0.1,0
288,0.114476245682577,0,1,0,0.1,0.1,0
289,-0.458977972282566,0,1,0,0.1,0.1,0
290,-1.73662382098603,0,0,0,0.1,0.1,0
291,0.260714742353506,0,1,0,0.1,0.1,0
292,2.05864464667521,1,0,0,0.1,0.06,-0.04
293,1.84391096428298,1,0,1,0.1,0.06,-0.04
294,0.249808133260636,0,0,0,0.1,0.1,0
295,-1.02578418561737,0,1,0,0.1,0.1,0
296,1.01819322131125,1,0,0,0.1,0.06,-0.04
297,1.98256482162972,1,1,0,0.1,0.06,-0.04
298,0.183001708163298,0,1,0,0.1,0.1,0
299,0.400628842296438,0,0,0,0.1,0.1,0
300,-0.79354730387709,0,1,1,0.1,0.1,0
301,1.91419824824546,1,1,0,0.1,0.06,-0.04
302,-1.19576818599457,0,0,0,0.1,0.1,0
303,0.559822834995543,0,0,0,0.1,0.1,0
304,0.505988486692724,0,1,0,0.1,0.1,0
305,0.623782875189229,0,0,0,0.1,0.1,0
306,0.325562111939147,0,1,0,0.1,0.1,0
307,-1.63838290884688,0,0,0,0.1,0.1,0
308,0.650037301621201,0,1,0,0.1,0.1,0
309,-0.191972787670506,0,1,0,0.1,0.1,0
310,0.87291201265794,1,0,0,0.1,0.06,-0.04
311,-2.05978925773822,0,0,0,0.1,0.1,0
312,-1.56274786191654,0,0,0,0.1,0.1,0
313,2.91921735941099,1,1,0,0.1,0.06,-0.04
314,0.283136906621403,0,1,0,0.1,0.1,0
315,1.67110787185455,1,1,0,0.1,0.06,-0.04
316,-1.60238554939404,0,1,0,0.1,0.1,0
317,0.688228471077351,1,1,0,0.1,0.06,-0.04
318,0.141002096092977,0,0,0,0.1,0.1,0
319,-0.987987634997922,0,0,0,0.1,0.1,0
320,0.022926316448779,0,1,0,0.1,0.1,0
321,-1.6418626106221,0,1,0,0.1,0.1,0
322,1.10130417573857,1,1,0,0.1,0.06,-0.04
323,-1.6353243177875,0,1,0,0.1,0.1,0
324,-0.227019057363281,0,1,0,0.1,0.1,0
325,-0.034949336976298,0,1,0,0.1,0.1,0
326,0.0675531845972529,0,1,0,0.1,0.1,0
327,1.53126173557406,1,0,0,0.1,0.06,-0.04
328,2.24462416430364,1,1,0,0.1,0.06,-0.04
329,0.172749750404737,0,1,1,0.1,0.1,0
330,0.0848185798827584,0,0,0,0.1,0.1,0
331,0.324879822106679,0,0,0,0.1,0.1,0
332,-2.19246267707915,0,0,0,0.1,0.1,0
333,2.66375989077664,1,0,0,0.1,0.06,-0.04
334,-0.922519132310102,0,1,0,0.1,0.1,0
335,-0.181127573489149,0,0,0,0.1,0.1,0
336,-0.346658406833228,0,1,0,0.1,0.1,0
337,-0.483509993966076,0,0,0,0.1,0.1,0
338,-0.213535788911196,0,0,0,0.1,0.1,0
339,-1.07221909264189,0,1,0,0.1,0.1,0
340,-0.914899385166763,0,0,0,0.1,0.1,0
341,1.86640892827307,1,0,0,0.1,0.06,-0.04
342,-2.02020942749731,0,1,0,0.1,0.1,0
343,-1.26445723953812,0,1,0,0.1,0.1,0
344,-1.63689660719602,0,1,0,0.1,0.1,0
345,-0.186936442093656,0,1,0,0.1,0.1,0
346,1.57343893487974,1,1,0,0.1,0.06,-0.04
347,-0.774288608646106,0,1,0,0.1,0.1,0
348,-0.760582146548049,0,0,1,0.1,0.1,0
349,-0.460456116975185,0,0,0,0.1,0.1,0
350,0.607067314611831,0,0,0,0.1,0.1,0
351,1.42539718888842,1,0,0,0.1,0.06,-0.04
352,-0.126573709067786,0,0,0,0.1,0.1,0
353,-1.05602610060196,0,1,1,0.1,0.1,0
354,0.748196414417488,1,0,0,0.1,0.06,-0.04
355,-1.85271719511112,0,0,0,0.1,0.1,0
356,-2.21432246696202,0,1,1,0.1,0.1,0
357,1.45635325986737,1,1,0,0.1,0.06,-0.04
358,1.49344783562037,1,0,0,0.1,0.06,-0.04
359,1.29669683492845,1,1,0,0.1,0.06,-0.04
360,-0.343909111840622,0,0,0,0.1,0.1,0
361,-0.167847011048202,0,0,1,0.1,0.1,0
362,-0.622299524833485,0,0,0,0.1,0.1,0
363,-0.415618272419385,0,0,0,0.1,0.1,0
364,0.642679068317765,0,0,0,0.1,0.1,0
365,0.0968849674439578,0,1,0,0.1,0.1,0
366,-0.0758782419049323,0,0,0,0.1,0.1,0
367,-1.27885925328527,0,1,0,0.1,0.1,0
368,-0.0484767981192266,0,0,0,0.1,0.1,0
369,1.70437262098675,1,1,0,0.1,0.06,-0.04
370,-0.0705093105872066,0,1,0,0.1,0.1,0
371,-0.311310945189142,0,1,1,0.1,0.1,0
372,-0.204261235209087,0,0,1,0.1,0.1,0
373,-0.220268801666974,0,0,0,0.1,0.1,0
374,0.208658586245957,0,0,0,0.1,0.1,0
375,-0.485914571706068,0,0,0,0.1,0.1,0
376,0.359560056971664,0,0,0,0.1,0.1,0
377,0.489809711275676,0,1,0,0.1,0.1,0
378,0.76702300011773,1,0,0,0.1,0.06,-0.04
379,0.475814648919857,0,1,0,0.1,0.1,0
380,-1.39027573986618,0,0,0,0.1,0.1,0
381,0.249924485932174,0,0,0,0.1,0.1,0
382,-1.05348819594799,0,0,0,0.1,0.1,0
383,-1.02919145584474,0,1,0,0.1,0.1,0
384,-1.34397276759198,0,1,0,0.1,0.1,0
385,-0.99677309796091,0,0,0,0.1,0.1,0
386,0.284318486418307,0,1,1,0.1,0.1,0
387,0.527362269887345,0,0,0,0.1,0.1,0
388,-0.0614219189885655,0,1,1,0.1,0.1,0
389,-2.27725258137296,0,0,0,0.1,0.1,0
390,-1.41147005633344,0,0,0,0.1,0.1,0
391,-0.899773730590776,0,1,0,0.1,0.1,0
392,-0.165767583785676,0,1,0,0.1,0.1,0
393,0.44766919746277,0,1,0,0.1,0.1,0
394,-0.935802897589554,0,1,0,0.1,0.1,0
395,0.151212047501905,0,1,0,0.1,0.1,0
396,0.0839052776256617,0,1,0,0.1,0.1,0
397,0.154258981296119,0,1,0,0.1,0.1,0
398,-0.135979445675132,0,1,0,0.1,0.1,0
399,0.398088492127566,0,1,0,0.1,0.1,0
400,-0.53212370305257,0,1,0,0.1,0.1,0
401,-1.54405613698927,0,0,0,0.1,0.1,0
402,-0.353900477123038,0,0,0,0.1,0.1,0
403,0.591410746476003,0,1,0,0.1,0.1,0
404,1.19937108021128,1,0,0,0.1,0.06,-0.04
405,1.69980293214218,1,0,0,0.1,0.06,-0.04
406,0.723039658626087,1,0,1,0.1,0.06,-0.04
407,-0.034761868401409,0,1,0,0.1,0.1,0
408,0.283470224825945,0,0,0,0.1,0.1,0
409,1.83122278083345,1,1,0,0.1,0.06,-0.04
410,-0.970979338454488,0,0,0,0.1,0.1,0
411,-0.0611427903213293,0,0,0,0.1,0.1,0
412,1.81909007323545,1,1,0,0.1,0.06,-0.04
413,-1.90883900392543,0,1,0,0.1,0.1,0
414,-1.49857872953595,0,0,0,0.1,0.1,0
415,0.949126860626024,1,1,0,0.1,0.06,-0.04
416,-0.368569333728841,0,1,0,0.1,0.1,0
417,0.743896463042008,1,0,0,0.1,0.06,-0.04
418,0.601069891527057,0,0,0,0.1,0.1,0
419,1.51615593837577,1,1,0,0.1,0.06,-0.04
420,-0.868717735167882,0,1,1,0.1,0.1,0
421,1.24889443803428,1,1,1,0.1,0.06,-0.04
422,0.248225784684772,0,1,0,0.1,0.1,0
423,-0.0186775423810352,0,1,0,0.1,0.1,0
424,-0.239649195345289,0,0,0,0.1,0.1,0
425,-0.802496645531972,0,1,0,0.1,0.1,0
426,1.50428070069234,1,0,0,0.1,0.06,-0.04
427,0.305380414204997,0,1,0,0.1,0.1,0
428,-0.328496918255209,0,1,0,0.1,0.1,0
429,-0.159422316060654,0,0,0,0.1,0.1,0
430,0.465157703947428,0,1,0,0.1,0.1,0
431,0.0966180506246571,0,1,0,0.1,0.1,0
432,0.0982527084024726,0,1,0,0.1,0.1,0
433,-1.44951448865006,0,1,1,0.1,0.1,0
434,0.379953242470697,0,0,0,0.1,0.1,0
435,-0.64016510243108,0,1,0,0.1,0.1,0
436,-0.931782517119153,0,0,0,0.1,0.1,0
437,-0.581183393802764,0,1,0,0.1,0.1,0
438,-0.793542085124911,0,1,0,0.1,0.1,0
439,0.384582180793106,0,1,0,0.1,0.1,0
440,0.18383315838384,0,0,0,0.1,0.1,0
441,-0.488485862294789,0,0,0,0.1,0.1,0
442,-0.0242715802868345,0,1,0,0.1,0.1,0
443,0.427118753498093,0,0,0,0.1,0.1,0
444,0.00606908788017141,0,1,0,0.1,0.1,0
445,1.09902049421877,1,0,0,0.1,0.06,-0.04
446,0.491949584090097,0,1,0,0.1,0.1,0
447,0.775297511305467,1,0,0,0.1,0.06,-0.04
448,0.431038813607639,0,0,0,0.1,0.1,0
449,-1.36706125604807,0,1,0,0.1,0.1,0
450,0.301933972153402,0,1,0,0.1,0.1,0
451,0.276157815706961,0,1,0,0.1,0.1,0
452,-1.02213860210921,0,0,0,0.1,0.1,0
453,-0.231487341427497,0,1,0,0.1,0.1,0
454,1.41896247824496,1,1,0,0.1,0.06,-0.04
455,0.298406486974572,0,1,0,0.1,0.1,0
456,-0.90832843039281,0,0,0,0.1,0.1,0
457,-0.0224296787571483,0,0,0,0.1,0.1,0
458,1.80775545474335,1,1,0,0.1,0.06,-0.04
459,-0.295561637564776,0,0,0,0.1,0.1,0
460,1.02866203376643,1,1,0,0.1,0.06,-0.04
461,0.35634353690354,0,1,0,0.1,0.1,0
462,-0.293629310873701,0,1,0,0.1,0.1,0
463,0.417017778617651,0,1,0,0.1,0.1,0
464,-0.59175251466323,0,0,0,0.1,0.1,0
465,0.511025939855267,0,1,0,0.1,0.1,0
466,1.3560726494268,1,0,0,0.1,0.06,-0.04
467,0.574029201576645,0,1,0,0.1,0.1,0
468,0.423069498712146,0,1,1,0.1,0.1,0
469,-0.0810549360856239,0,0,1,0.1,0.1,0
470,-0.306879472663074,0,0,1,0.1,0.1,0
471,1.31161539900574,1,0,0,0.1,0.06,-0.04
472,-0.815145302437108,0,0,0,0.1,0.1,0
473,-0.385043958515547,0,0,0,0.1,0.1,0
474,2.27124475796541,1,1,0,0.1,0.06,-0.04
475,-1.13572805195001,0,0,0,0.1,0.1,0
476,-1.14667604920282,0,0,0,0.1,0.1,0
477,-1.52496528549476,0,0,0,0.1,0.1,0
478,1.73767607522659,1,0,0,0.1,0.06,-0.04
479,0.359456326696242,0,0,0,0.1,0.1,0
480,-0.0344660506125444,0,0,0,0.1,0.1,0
481,-1.78632255139302,0,0,0,0.1,0.1,0
482,-0.171908629326026,0,1,0,0.1,0.1,0
483,2.67276138557098,1,1,0,0.1,0.06,-0.04
484,0.445397137967506,0,1,0,0.1,0.1,0
485,-0.429496381499366,0,1,0,0.1,0.1,0
486,1.70444898056359,1,1,0,0.1,0.06,-0.04
487,-0.220267324920041,0,1,0,0.1,0.1,0
488,-0.160390025208088,0,1,0,0.1,0.1,0
489,-3.19279671279006,0,0,0,0.1,0.1,0
490,-0.0162574494344083,0,1,0,0.1,0.1,0
491,0.229148470652732,0,1,0,0.1,0.1,0
492,-0.983794781186677,0,0,0,0.1,0.1,0
493,-0.398938534369845,0,1,0,0.1,0.1,0
494,-0.111516506893526,0,1,1,0.1,0.1,0
495,1.7085774958195,1,0,0,0.1,0.06,-0.04
496,-0.310159855149811,0,0,0,0.1,0.1,0
497,1.30889829782711,1,1,0,0.1,0.06,-0.04
498,-0.77090298616074,0,0,0,0.1,0.1,0
499,1.77140306273098,1,1,0,0.1,0.06,-0.04
500,0.143370992503202,0,0,1,0.1,0.1,0
501,-0.994157953201469,0,0,0,0.1,0.1,0
502,-1.27866993108469,0,1,0,0.1,0.1,0
503,-0.672977338819085,0,1,0,0.1,0.1,0
504,-1.12868297216361,0,1,1,0.1,0.1,0
505,0.0307224848030905,0,1,0,0.1,0.1,0
506,-0.346125182475013,0,0,0,0.1,0.1,0
507,-0.52908487135733,0,1,0,0.1,0.1,0
508,-0.0691693843727981,0,0,0,0.1,0.1,0
509,0.457397009162645,0,1,0,0.1,0.1,0
510,-1.2329535877034,0,1,0,0.1,0.1,0
511,-1.9498067778539,0,0,0,0.1,0.1,0
512,-0.478166572775027,0,1,1,0.1,0.1,0
513,-0.340091520324978,0,1,0,0.1,0.1,0
514,-0.856799653187935,0,0,0,0.1,0.1,0
515,1.25251743938231,1,0,0,0.1,0.06,-0.04
516,0.306953229716908,0,1,0,0.1,0.1,0
517,-0.0735906615001006,0,0,0,0.1,0.1,0
518,0.893675855841501,1,0,0,0.1,0.06,-0.04
519,-0.741329769430291,0,1,0,0.1,0.1,0
520,2.10146032857666,1,0,1,0.1,0.06,-0.04
521,-1.63784407113684,0,1,1,0.1,0.1,0
522,0.339704193752256,0,1,0,0.1,0.1,0
523,0.117926056638956,0,0,0,0.1,0.1,0
524,0.198092791848923,0,1,0,0.1,0.1,0
525,-0.539804797304012,0,0,0,0.1,0.1,0
526,-0.478005990214245,0,0,0,0.1,0.1,0
527,0.403370193471666,0,0,0,0.1,0.1,0
528,0.331631956500788,0,0,0,0.1,0.1,0
529,1.48573308963077,1,1,1,0.1,0.06,-0.04
530,-0.0640467359804429,0,0,0,0.1,0.1,0
531,0.0161045884259997,0,1,0,0.1,0.1,0
532,0.567348726660265,0,1,0,0.1,0.1,0
533,-0.0425849223393309,0,1,0,0.1,0.1,0
534,-1.75004145632018,0,1,0,0.1,0.1,0
535,-1.76559095381913,0,0,0,0.1,0.1,0
536,1.40612035843768,1,1,0,0.1,0.06,-0.04
537,0.857748929481455,1,0,0,0.1,0.06,-0.04
538,-0.970434184417905,0,0,0,0.1,0.1,0
539,-0.0694710508412113,0,0,0,0.1,0.1,0
540,-0.651901564106489,0,0,0,0.1,0.1,0
541,0.223980697505624,0,0,0,0.1,0.1,0
542,1.57262341163953,1,1,0,0.1,0.06,-0.04
543,-0.199856075758952,0,1,0,0.1,0.1,0
544,-0.095649325910976,0,1,0,0.1,0.1,0
545,-1.91780946698865,0,1,0,0.1,0.1,0
546,-0.970790096305458,0,0,0,0.1,0.1,0
547,1.02715058564656,1,1,0,0.1,0.06,-0.04
548,0.70919018901499,1,0,0,0.1,0.06,-0.04
549,-0.703687216312016,0,1,0,0.1,0.1,0
550,1.53929747067148,1,1,0,0.1,0.06,-0.04
551,-0.356633956219923,0,0,1,0.1,0.1,0
552,1.78160766604871,1,1,0,0.1,0.06,-0.04
553,-2.66649141490965,0,1,1,0.1,0.1,0
554,-1.20952774486946,0,1,0,0.1,0.1,0
555,-0.630700751035197,0,0,0,0.1,0.1,0
556,-1.35876474269538,0,0,0,0.1,0.1,0
557,-1.37165734508549,0,1,0,0.1,0.1,0
558,-0.564367735707172,0,0,0,0.1,0.1,0
559,-0.358473074264738,0,0,1,0.1,0.1,0
560,0.110135315612147,0,0,0,0.1,0.1,0
561,-0.483784718564064,0,1,1,0.1,0.1,0
562,-1.51429458421144,0,1,0,0.1,0.1,0
563,0.340834470855858,0,1,0,0.1,0.1,0
564,-1.54018053644529,0,1,0,0.1,0.1,0
565,0.855720510174938,1,0,1,0.1,0.06,-0.04
566,-0.00834010590971881,0,0,0,0.1,0.1,0
567,-0.574518935400957,0,1,0,0.1,0.1,0
568,1.21903137336299,1,0,0,0.1,0.06,-0.04
569,-0.984381456294007,0,0,1,0.1,0.1,0
570,-1.68889046375109,0,1,0,0.1,0.1,0
571,1.4024535742892,1,1,0,0.1,0.06,-0.04
572,0.333358191587633,0,1,0,0.1,0.1,0
573,0.467558218058308,0,0,0,0.1,0.1,0
574,1.07931610714406,1,1,0,0.1,0.06,-0.04
575,0.692854327743244,1,0,0,0.1,0.06,-0.04
576,0.345174830343436,0,1,0,0.1,0.1,0
577,-0.283618341438332,0,1,0,0.1,0.1,0
578,0.722154493138648,1,1,1,0.1,0.06,-0.04
579,-0.305466787854976,0,0,0,0.1,0.1,0
580,-0.785459438978361,0,0,0,0.1,0.1,0
581,0.35557651896918,0,0,0,0.1,0.1,0
582,-1.67696662493155,0,0,0,0.1,0.1,0
583,-0.267084637134368,0,1,0,0.1,0.1,0
584,-0.34492957989654,0,0,0,0.1,0.1,0
585,0.140433179692987,0,0,0,0.1,0.1,0
586,-1.27591837657154,0,0,0,0.1,0.1,0
587,-2.17552488551323,0,0,0,0.1,0.1,0
588,1.054691886832,1,1,1,0.1,0.06,-0.04
589,0.626776442675712,0,0,0,0.1,0.1,0
590,-0.232715788542012,0,1,0,0.1,0.1,0
591,-0.0982067290434543,0,1,0,0.1,0.1,0
592,0.648525181242107,0,0,0,0.1,0.1,0
593,-1.42320419452407,0,1,0,0.1,0.1,0
594,0.685419708977378,1,0,0,0.1,0.06,-0.04
595,0.953301839042503,1,0,0,0.1,0.06,-0.04
596,-1.27924710078425,0,0,0,0.1,0.1,0
597,2.34043326516751,1,1,0,0.1,0.06,-0.04
598,0.671292844415069,0,1,0,0.1,0.1,0
599,-1.60081148999515,0,1,0,0.1,0.1,0
600,-0.644459854750195,0,1,0,0.1,0.1,0
601,0.1568813623247,0,1,0,0.1,0.1,0
602,1.71886845588873,1,1,0,0.1,0.06,-0.04
603,-1.91758960215353,0,1,1,0.1,0.1,0
604,-1.41650552824686,0,0,0,0.1,0.1,0
605,1.33426771307129,1,1,0,0.1,0.06,-0.04
606,0.336418744542322,0,0,0,0.1,0.1,0
607,-0.683688372198918,0,1,0,0.1,0.1,0
608,-0.039526666144631,0,1,0,0.1,0.1,0
609,0.190732298307059,0,1,0,0.1,0.1,0
610,-1.26246472410495,0,1,0,0.1,0.1,0
611,2.10041407886449,1,0,0,0.1,0.06,-0.04
612,-0.418019322037089,0,0,0,0.1,0.1,0
613,-0.362432469586545,0,1,0,0.1,0.1,0
614,-1.01404630182967,0,0,0,0.1,0.1,0
615,-1.54876093678924,0,1,1,0.1,0.1,0
616,-0.320880301828159,0,0,0,0.1,0.1,0
617,-0.743592562672999,0,0,1,0.1,0.1,0
618,-0.39537652468381,0,0,0,0.1,0.1,0
619,-1.34533004204758,0,1,0,0.1,0.1,0
620,-0.596694678065208,0,1,0,0.1,0.1,0
621,1.18808231450229,1,0,0,0.1,0.06,-0.04
622,-0.725759933027242,0,1,1,0.1,0.1,0
623,1.2107128048825,1,0,0,0.1,0.06,-0.04
624,-1.45162430363099,0,0,0,0.1,0.1,0
625,1.07449632491361,1,0,0,0.1,0.06,-0.04
626,-1.10006920624711,0,1,0,0.1,0.1,0
627,0.369072290579615,0,0,0,0.1,0.1,0
628,-1.0713559295755,0,1,0,0.1,0.1,0
629,0.105237770226594,0,1,0,0.1,0.1,0
630,0.382535755775857,0,0,0,0.1,0.1,0
631,0.200818214425375,0,1,0,0.1,0.1,0
632,0.257711394746782,0,0,0,0.1,0.1,0
633,-1.1503825134251,0,1,0,0.1,0.1,0
634,0.308557779780073,0,0,0,0.1,0.1,0
635,-1.22019268123014,0,0,0,0.1,0.1,0
636,-0.79254368419788,0,0,0,0.1,0.1,0
637,-0.535040942603658,0,1,0,0.1,0.1,0
638,1.18017774723794,1,0,0,0.1,0.06,-0.04
639,0.242113284567588,0,0,0,0.1,0.1,0
640,1.17037951801778,1,1,0,0.1,0.06,-0.04
641,-0.204683002095273,0,0,0,0.1,0.1,0
642,-1.11290838753836,0,0,0,0.1,0.1,0
643,0.150697822014582,0,1,0,0.1,0.1,0
644,1.03676408354056,1,1,0,0.1,0.06,-0.04
645,-1.94288694848895,0,1,0,0.1,0.1,0
646,0.60425206211411,0,0,0,0.1,0.1,0
647,0.822778766166937,1,0,0,0.1,0.06,-0.04
648,-0.966607683101544,0,0,0,0.1,0.1,0
649,0.467024289115768,0,1,0,0.1,0.1,0
650,0.548223063301141,0,1,0,0.1,0.1,0
651,-0.693908975201908,0,1,1,0.1,0.1,0
652,-0.790037906942452,0,0,0,0.1,0.1,0
653,0.887824225529997,1,1,0,0.1,0.06,-0.04
654,-0.324167027338558,0,0,1,0.1,0.1,0
655,-1.48814964003844,0,1,0,0.1,0.1,0
656,-0.923447032947326,0,0,0,0.1,0.1,0
657,-0.914257416501148,0,1,0,0.1,0.1,0
658,-0.0613047915134673,0,1,0,0.1,0.1,0
659,-0.321244029290606,0,0,0,0.1,0.1,0
660,-2.30874524165794,0,1,0,0.1,0.1,0
661,0.120295402041753,0,1,0,0.1,0.1,0
662,0.399034450507209,0,0,0,0.1,0.1,0
663,0.508268838450402,0,0,0,0.1,0.1,0
664,0.674801512861084,1,0,0,0.1,0.06,-0.04
665,1.07782800364143,1,0,0,0.1,0.06,-0.04
666,-1.56114443967952,0,1,0,0.1,0.1,0
667,-0.15073624816981,0,1,0,0.1,0.1,0
668,-1.30544582738887,0,1,0,0.1,0.1,0
669,0.997280164990681,1,0,0,0.1,0.06,-0.04
670,1.42037257333982,1,0,0,0.1,0.06,-0.04
671,-0.687960534224127,0,0,0,0.1,0.1,0
672,1.11825953556757,1,0,0,0.1,0.06,-0.04
673,-0.572265448615977,0,1,1,0.1,0.1,0
674,0.680535989701664,1,0,0,0.1,0.06,-0.04
675,-0.791687787821629,0,1,0,0.1,0.1,0
676,-0.0321187755204592,0,0,0,0.1,0.1,0
677,-0.761275612765393,0,1,0,0.1,0.1,0
678,2.90864575963029,1,1,0,0.1,0.06,-0.04
679,0.907905312600854,1,1,1,0.1,0.06,-0.04
680,0.297519207346402,0,1,0,0.1,0.1,0
681,-1.61684130503239,0,0,0,0.1,0.1,0
682,-0.196518489563816,0,1,0,0.1,0.1,0
683,-0.0563656995512497,0,0,0,0.1,0.1,0
684,-0.154736690037365,0,0,0,0.1,0.1,0
685,-0.463113785357965,0,1,0,0.1,0.1,0
686,0.065780553363329,0,0,0,0.1,0.1,0
687,1.15429046838889,1,0,0,0.1,0.06,-0.04
688,1.09061191344559,1,1,0,0.1,0.06,-0.04
689,0.553730335264214,0,0,0,0.1,0.1,0
690,0.708741522599517,1,1,0,0.1,0.06,-0.04
691,0.688841538042776,1,0,0,0.1,0.06,-0.04
692,-0.190850419258877,0,1,0,0.1,0.1,0
693,2.225807963002,1,0,1,0.1,0.06,-0.04
694,-0.0536440498878991,0,0,0,0.1,0.1,0
695,-0.432418733515319,0,1,0,0.1,0.1,0
696,-2.40000615158054,0,0,0,0.1,0.1,0
697,0.174878217728485,0,1,0,0.1,0.1,0
698,-0.506254544856433,0,0,0,0.1,0.1,0
699,-0.0743214104170758,0,1,0,0.1,0.1,0
700,0.678797978728574,1,1,0,0.1,0.06,-0.04
701,-0.594941970819711,0,1,0,0.1,0.1,0
702,-1.16663367052136,0,1,0,0.1,0.1,0
703,-1.57655328872441,0,0,0,0.1,0.1,0
704,-0.126658025324298,0,0,1,0.1,0.1,0
705,0.972614888976378,1,0,0,0.1,0.06,-0.04
706,-0.664141980388675,0,0,0,0.1,0.1,0
707,0.318474867673849,0,0,1,0.1,0.1,0
708,-0.411707043413426,0,1,1,0.1,0.1,0
709,-0.83242116850604,0,0,0,0.1,0.1,0
710,0.417519325731291,0,0,0,0.1,0.1,0
711,-0.304796052971649,0,1,0,0.1,0.1,0
712,-0.576319682671231,0,1,0,0.1,0.1,0
713,1.35126434284546,1,1,0,0.1,0.06,-0.04
714,-1.00148691159896,0,1,0,0.1,0.1,0
715,0.5615199811563,0,1,0,0.1,0.1,0
716,-0.94206463650679,0,1,0,0.1,0.1,0
717,0.422114055885932,0,0,0,0.1,0.1,0
718,1.50446500618288,1,1,0,0.1,0.06,-0.04
719,0.729368230475723,1,0,0,0.1,0.06,-0.04
720,1.31786894998138,1,1,0,0.1,0.06,-0.04
721,-0.826846277364849,0,1,0,0.1,0.1,0
722,0.0165106817431406,0,0,0,0.1,0.1,0
723,0.470098999523877,0,1,0,0.1,0.1,0
724,-0.820336478897309,0,0,0,0.1,0.1,0
725,0.59872977846119,0,1,0,0.1,0.1,0
726,-0.859962279303473,0,0,0,0.1,0.1,0
727,0.132027583128402,0,1,0,0.1,0.1,0
728,-1.29569380476662,0,1,0,0.1,0.1,0
729,1.26520060045719,1,0,1,0.1,0.06,-0.04
730,1.09799870191213,1,0,0,0.1,0.06,-0.04
731,-0.716884880927819,0,0,1,0.1,0.1,0
732,0.19296610002147,0,0,0,0.1,0.1,0
733,0.113094616989698,0,1,0,0.1,0.1,0
734,-0.0506392964185261,0,1,0,0.1,0.1,0
735,0.788793968311627,1,1,0,0.1,0.06,-0.04
736,0.176104930153738,0,1,0,0.1,0.1,0
737,1.1855101837619,1,1,0,0.1,0.06,-0.04
738,0.75958935772623,1,1,0,0.1,0.06,-0.04
739,0.185108495331274,0,0,0,0.1,0.1,0
740,0.945209655537238,1,1,0,0.1,0.06,-0.04
741,0.693577992107957,1,0,0,0.1,0.06,-0.04
742,0.898370805875616,1,0,0,0.1,0.06,-0.04
743,-0.425057083508407,0,0,0,0.1,0.1,0
744,0.159837151583857,0,0,0,0.1,0.1,0
745,0.548787082827108,0,1,1,0.1,0.1,0
746,-0.687707717434779,0,1,0,0.1,0.1,0
747,-1.23357411464154,0,0,0,0.1,0.1,0
748,0.633396319413671,0,0,0,0.1,0.1,0
749,-0.1715670001942,0,0,0,0.1,0.1,0
750,0.0547773157195783,0,1,0,0.1,0.1,0
751,0.997696707864113,1,1,0,0.1,0.06,-0.04
752,0.281269180559829,0,0,0,0.1,0.1,0
753,0.0691840606594242,0,0,0,0.1,0.1,0
754,-0.66793283165584,0,1,0,0.1,0.1,0
755,-1.67046262577572,0,0,0,0.1,0.1,0
756,0.235743100577669,0,0,0,0.1,0.1,0
757,-0.651161273720141,0,0,1,0.1,0.1,0
758,-1.48222660278702,0,1,0,0.1,0.1,0
759,1.29275313867079,1,1,0,0.1,0.06,-0.04
760,-0.116701462164432,0,1,0,0.1,0.1,0
761,0.330504967489487,0,1,1,0.1,0.1,0
762,-0.779245570162604,0,0,1,0.1,0.1,0
763,0.160200393312673,0,1,0,0.1,0.1,0
764,2.07160672672479,1,1,0,0.1,0.06,-0.04
765,-1.79715572514179,0,0,0,0.1,0.1,0
766,-0.202316714863464,0,1,1,0.1,0.1,0
767,1.22506519176062,1,0,1,0.1,0.06,-0.04
768,0.725893520000425,1,1,1,0.1,0.06,-0.04
769,0.45752975536268,0,0,0,0.1,0.1,0
770,0.236642541004908,0,0,0,0.1,0.1,0
771,0.48373120625458,0,0,0,0.1,0.1,0
772,1.50041709994365,1,1,0,0.1,0.06,-0.04
773,-0.190976052892574,0,0,1,0.1,0.1,0
774,1.33315046871224,1,1,0,0.1,0.06,-0.04
775,1.34683802972226,1,0,0,0.1,0.06,-0.04
776,0.357706912090723,0,0,0,0.1,0.1,0
777,-0.0559583229196308,0,0,0,0.1,0.1,0
778,0.503635046730291,0,1,0,0.1,0.1,0
779,-0.163481257262574,0,0,0,0.1,0.1,0
780,0.45078116223481,0,0,0,0.1,0.1,0
781,0.17665673509508,0,0,0,0.1,0.1,0
782,1.46764148523469,1,0,0,0.1,0.06,-0.04
783,-0.500729792004362,0,0,0,0.1,0.1,0
784,-1.65919475295978,0,0,0,0.1,0.1,0
785,-0.614517570529484,0,1,0,0.1,0.1,0
786,0.796312195468019,1,0,0,0.1,0.06,-0.04
787,1.16176761594922,1,0,0,0.1,0.06,-0.04
788,0.244501904367454,0,0,0,0.1,0.1,0
789,0.103809432462026,0,0,1,0.1,0.1,0
790,0.36003946899448,0,1,0,0.1,0.1,0
791,-0.0689833736907995,0,0,0,0.1,0.1,0
792,-0.441436291165609,0,0,1,0.1,0.1,0
793,0.374182700772044,0,1,0,0.1,0.1,0
794,0.685984493731845,1,1,0,0.1,0.06,-0.04
795,-1.011028938814,0,1,0,0.1,0.1,0
796,-0.333502019009653,0,1,0,0.1,0.1,0
797,0.379583684525357,0,1,0,0.1,0.1,0
798,0.814396803976255,1,1,0,0.1,0.06,-0.04
799,-2.39086396872918,0,0,0,0.1,0.1,0
800,-0.0175342000805657,0,1,0,0.1,0.1,0
801,-0.859725564428508,0,0,0,0.1,0.1,0
802,-0.245651479868247,0,1,1,0.1,0.1,0
803,-0.145973020608763,0,1,1,0.1,0.1,0
804,0.525945224173601,0,0,0,0.1,0.1,0
805,0.91450722144358,1,1,0,0.1,0.06,-0.04
806,-0.591879577018396,0,1,1,0.1,0.1,0
807,-0.570865442929612,0,0,0,0.1,0.1,0
808,-0.457802996492514,0,1,0,0.1,0.1,0
809,0.13505446218917,0,1,0,0.1,0.1,0
810,0.581393441826229,0,0,0,0.1,0.1,0
811,-2.40567783699197,0,0,0,0.1,0.1,0
812,-1.72737464357824,0,1,0,0.1,0.1,0
813,-1.02244244888053,0,1,0,0.1,0.1,0
814,-0.250194650676543,0,1,0,0.1,0.1,0
815,-1.5527299074456,0,1,0,0.1,0.1,0
816,0.350308128153921,0,1,0,0.1,0.1,0
817,0.15661170452568,0,0,0,0.1,0.1,0
818,0.485444228675199,0,1,0,0.1,0.1,0
819,1.10164159661019,1,0,0,0.1,0.06,-0.04
820,-1.55606983896809,0,1,0,0.1,0.1,0
821,-0.243203307129363,0,0,0,0.1,0.1,0
822,-0.972883560477038,0,0,0,0.1,0.1,0
823,1.49473987298304,1,1,0,0.1,0.06,-0.04
824,0.265793536990176,0,1,0,0.1,0.1,0
825,1.03371455338495,1,1,0,0.1,0.06,-0.04
826,0.515993172004112,0,0,0,0.1,0.1,0
827,-0.0569941520036839,0,1,0,0.1,0.1,0
828,-0.646077431431878,0,1,0,0.1,0.1,0
829,0.877024120837438,1,0,0,0.1,0.06,-0.04
830,1.44849069479072,1,1,0,0.1,0.06,-0.04
831,-0.0359014278101138,0,0,0,0.1,0.1,0
832,-0.863164680619511,0,0,0,0.1,0.1,0
833,-1.16296800631322,0,0,1,0.1,0.1,0
834,0.607091911615164,0,1,0,0.1,0.1,0
835,-1.13438684760703,0,1,0,0.1,0.1,0
836,1.31032403952114,1,1,0,0.1,0.06,-0.04
837,0.937325909746422,1,0,0,0.1,0.06,-0.04
838,-1.61623943300373,0,1,1,0.1,0.1,0
839,-1.35364330318226,0,0,0,0.1,0.1,0
840,0.251242229675812,0,0,0,0.1,0.1,0
841,1.36376028612371,1,1,0,0.1,0.06,-0.04
842,0.249222590221718,0,0,0,0.1,0.1,0
843,0.741288825841015,1,1,0,0.1,0.06,-0.04
844,-0.0244522924356606,0,1,0,0.1,0.1,0
845,1.35165035669055,1,1,0,0.1,0.06,-0.04
846,2.46421535897542,1,0,0,0.1,0.06,-0.04
847,-1.01496686992163,0,0,0,0.1,0.1,0
848,1.53563293540994,1,1,0,0.1,0.06,-0.04
849,0.0947940004916616,0,1,0,0.1,0.1,0
850,1.57817477768532,1,1,0,0.1,0.06,-0.04
851,1.12236112809595,1,1,0,0.1,0.06,-0.04
852,-0.113207345465559,0,0,0,0.1,0.1,0
853,-0.0213133236535712,0,1,0,0.1,0.1,0
854,-0.198324782846557,0,0,0,0.1,0.1,0
855,0.653795733470341,0,0,0,0.1,0.1,0
856,0.804074104398056,1,0,0,0.1,0.06,-0.04
857,-0.648289709832616,0,1,0,0.1,0.1,0
858,-0.345580771377523,0,0,0,0.1,0.1,0
859,0.783979053552881,1,0,0,0.1,0.06,-0.04
860,0.228762188474688,0,1,0,0.1,0.1,0
861,-2.21834921321524,0,1,0,0.1,0.1,0
862,-0.609378801079662,0,0,0,0.1,0.1,0
863,-1.84979995286592,0,0,0,0.1,0.1,0
864,0.236617535906872,0,0,0,0.1,0.1,0
865,0.168374170973492,0,1,0,0.1,0.1,0
866,1.73017995022434,1,0,0,0.1,0.06,-0.04
867,0.537908662207597,0,0,1,0.1,0.1,0
868,0.43842828811527,0,1,0,0.1,0.1,0
869,-1.21616757816847,0,1,0,0.1,0.1,0
870,1.01155105213884,1,0,1,0.1,0.06,-0.04
871,-1.15934063507993,0,0,0,0.1,0.1,0
872,-0.559125518663868,0,0,0,0.1,0.1,0
873,-0.400727664408681,0,1,0,0.1,0.1,0
874,-1.52436150772292,0,1,0,0.1,0.1,0
875,1.13364557224249,1,0,0,0.1,0.06,-0.04
876,0.599310844618358,0,1,0,0.1,0.1,0
877,-2.01121420809974,0,0,0,0.1,0.1,0
878,-1.19884888797541,0,1,0,0.1,0.1,0
879,0.707851750344292,1,1,0,0.1,0.06,-0.04
880,0.244164329865864,0,0,0,0.1,0.1,0
881,0.426272493189412,0,1,0,0.1,0.1,0
882,1.32939561084863,1,0,0,0.1,0.06,-0.04
883,0.429616434551436,0,1,0,0.1,0.1,0
884,1.48301423166944,1,1,1,0.1,0.06,-0.04
885,-0.249962836519718,0,0,0,0.1,0.1,0
886,-0.171861243760674,0,0,0,0.1,0.1,0
887,0.322098771709983,0,0,0,0.1,0.1,0
888,0.40711319765974,0,0,0,0.1,0.1,0
889,-0.0690303681375654,0,1,0,0.1,0.1,0
890,1.09890629904028,1,0,0,0.1,0.06,-0.04
891,1.74635769531871,1,0,0,0.1,0.06,-0.04
892,0.793401108085031,1,0,0,0.1,0.06,-0.04
893,-0.573510648455056,0,1,0,0.1,0.1,0
894,0.0362936648483266,0,1,0,0.1,0.1,0
895,1.9940886896398,1,1,0,0.1,0.06,-0.04
896,0.6114633114467,0,0,0,0.1,0.1,0
897,-0.328727392021011,0,1,0,0.1,0.1,0
898,1.40051471555334,1,0,0,0.1,0.06,-0.04
899,0.162025910713773,0,1,0,0.1,0.1,0
900,-0.85929500239073,0,0,0,0.1,0.1,0
901,1.88565530785449,1,0,1,0.1,0.06,-0.04
902,0.12873590739219,0,0,0,0.1,0.1,0
903,0.613335348558603,0,1,0,0.1,0.1,0
904,-0.585540782257882,0,1,0,0.1,0.1,0
905,0.758913182953079,1,0,0,0.1,0.06,-0.04
906,-0.359947177624481,0,1,0,0.1,0.1,0
907,-0.513364917842219,0,0,1,0.1,0.1,0
908,0.939421637924828,1,0,0,0.1,0.06,-0.04
909,0.495388333475684,0,0,1,0.1,0.1,0
910,-0.241427398703834,0,0,0,0.1,0.1,0
911,0.262281313010641,0,1,0,0.1,0.1,0
912,-0.00230038799449898,0,0,0,0.1,0.1,0
913,-1.23504744068185,0,0,0,0.1,0.1,0
914,-0.227933900029926,0,1,0,0.1,0.1,0
915,-0.230781174070451,0,0,0,0.1,0.1,0
916,2.08799728759216,1,0,0,0.1,0.06,-0.04
917,-1.13072356499887,0,1,0,0.1,0.1,0
918,0.72719840382273,1,0,1,0.1,0.06,-0.04
919,1.65891961848063,1,1,0,0.1,0.06,-0.04
920,-0.103730737434714,0,0,0,0.1,0.1,0
921,0.39396250336624,0,0,0,0.1,0.1,0
922,0.714301813886036,1,0,0,0.1,0.06,-0.04
923,-0.885259166379929,0,1,0,0.1,0.1,0
924,1.16350080662196,1,1,0,0.1,0.06,-0.04
925,-0.0452834917401522,0,1,1,0.1,0.1,0
926,-0.726675920829653,0,1,0,0.1,0.1,0
927,0.137445320462824,0,1,0,0.1,0.1,0
928,1.0760567304936,1,0,0,0.1,0.06,-0.04
929,-1.04664831148437,0,0,1,0.1,0.1,0
930,-0.363290447597862,0,1,0,0.1,0.1,0
931,0.0356000157304364,0,0,0,0.1,0.1,0
932,2.16842393304658,1,1,0,0.1,0.06,-0.04
933,0.000952559815960982,0,0,1,0.1,0.1,0
934,0.750396852677521,1,1,0,0.1,0.06,-0.04
935,0.0744462836240567,0,0,0,0.1,0.1,0
936,0.204787830922341,0,0,1,0.1,0.1,0
937,0.135195939011753,0,1,0,0.1,0.1,0
938,-0.329564044142823,0,1,0,0.1,0.1,0
939,1.79246431808015,1,0,0,0.1,0.06,-0.04
940,-0.431860789094566,0,1,1,0.1,0.1,0
941,-0.487471402237786,0,1,0,0.1,0.1,0
942,-0.173583046718935,0,1,0,0.1,0.1,0
943,-0.832311084583904,0,1,0,0.1,0.1,0
944,-0.49463762062304,0,1,0,0.1,0.1,0
945,-1.66983670631177,0,1,1,0.1,0.1,0
946,0.850676123053841,1,0,0,0.1,0.06,-0.04
947,0.467933167869242,0,1,0,0.1,0.1,0
948,-1.05266349801641,0,0,0,0.1,0.1,0
949,1.17292349809784,1,1,0,0.1,0.06,-0.04
950,-1.04919178018158,0,1,0,0.1,0.1,0
951,0.361771803551443,0,1,0,0.1,0.1,0
952,-0.392742221367947,0,1,0,0.1,0.1,0
953,0.327890871418088,0,0,0,0.1,0.1,0
954,-0.558892494984708,0,0,0,0.1,0.1,0
955,-0.904498978434046,0,1,0,0.1,0.1,0
956,-0.622248175723866,0,1,0,0.1,0.1,0
957,-0.147147654923292,0,0,0,0.1,0.1,0
958,1.03562269873095,1,0,0,0.1,0.06,-0.04
959,-0.482516206912169,0,1,0,0.1,0.1,0
960,0.160642651757606,0,0,0,0.1,0.1,0
961,0.198226325517518,0,0,0,0.1,0.1,0
962,1.04508818357668,1,0,0,0.1,0.06,-0.04
963,0.104255818928579,0,0,0,0.1,0.1,0
964,0.382873480694214,0,1,0,0.1,0.1,0
965,-0.855249452230801,0,0,1,0.1,0.1,0
966,0.287497844018196,0,1,0,0.1,0.1,0
967,-0.0186127645912948,0,0,0,0.1,0.1,0
968,-1.51605418539674,0,1,0,0.1,0.1,0
969,0.894028565172077,1,1,0,0.1,0.06,-0.04
970,0.852564111324508,1,0,0,0.1,0.06,-0.04
971,0.830846870581754,1,1,0,0.1,0.06,-0.04
972,0.152428824613674,0,1,0,0.1,0.1,0
973,0.132069109511863,0,0,0,0.1,0.1,0
974,0.947751915959117,1,1,0,0.1,0.06,-0.04
975,-0.480896894176738,0,0,0,0.1,0.1,0
976,-0.173186326492428,0,1,1,0.1,0.1,0
977,-1.3034484808586,0,0,1,0.1,0.1,0
978,-1.18913767116353,0,0,0,0.1,0.1,0
979,-0.0271785261952746,0,0,0,0.1,0.1,0
980,-0.309661966936095,0,0,1,0.1,0.1,0
981,0.306072581182482,0,1,0,0.1,0.1,0
982,-0.00284460998203396,0,1,0,0.1,0.1,0
983,-0.19816349612369,0,0,0,0.1,0.1,0
984,1.82750168070224,1,0,0,0.1,0.06,-0.04
985,-0.261761102475049,0,0,0,0.1,0.1,0
986,-1.33424234844061,0,1,1,0.1,0.1,0
987,0.151110056588012,0,1,0,0.1,0.1,0
988,0.721538846293381,1,1,0,0.1,0.06,-0.04
989,-1.50319254480839,0,1,0,0.1,0.1,0
990,-0.436915145307001,0,0,0,0.1,0.1,0
991,-1.03950340707495,0,1,0,0.1,0.1,0
992,1.08122043284747,1,0,0,0.1,0.06,-0.04
993,0.940943132928911,1,1,0,0.1,0.06,-0.04
994,0.577333252215816,0,0,0,0.1,0.1,0
995,-0.681383467366698,0,1,0,0.1,0.1,0
996,-1.45854838218106,0,1,0,0.1,0.1,0
997,-0.174132141000242,0,0,0,0.1,0.1,0
998,-0.159315548804677,0,1,0,0.1,0.1,0
999,-0.0578005747021969,0,0,1,0.1,0.1,0
1000,0.17057939074391,0,1,0,0.1,0.1,0
1001,2.1072868493671,1,1,0,0.1,0.06,-0.04
1002,-0.457758354195896,0,1,0,0.1,0.1,0
1003,0.626012615379612,0,1,0,0.1,0.1,0
1004,0.159477290508371,0,1,0,0.1,0.1,0
1005,0.253578835450888,0,1,0,0.1,0.1,0
1006,0.162550554090779,0,0,0,0.1,0.1,0
1007,-1.76116076432842,0,0,0,0.1,0.1,0
1008,0.0617004023809564,0,1,0,0.1,0.1,0
1009,0.415670865710827,0,0,0,0.1,0.1,0
1010,1.30135073646685,1,0,0,0.1,0.06,-0.04
1011,-1.76860256016296,0,1,0,0.1,0.1,0
1012,1.72195286983068,1,0,0,0.1,0.06,-0.04
1013,0.223665133511616,0,0,0,0.1,0.1,0
1014,0.435275224493364,0,1,0,0.1,0.1,0
1015,0.240098926959514,0,0,0,0.1,0.1,0
1016,0.586649489504574,0,1,0,0.1,0.1,0
1017,0.747334171537487,1,0,0,0.1,0.06,-0.04
1018,0.457045795892932,0,1,0,0.1,0.1,0
1019,-0.739766310498858,0,0,0,0.1,0.1,0
1020,-0.301291745983208,0,0,0,0.1,0.1,0
1021,-1.51253130355445,0,0,0,0.1,0.1,0
1022,-0.304582818503532,0,1,0,0.1,0.1,0
1023,-0.560190311074243,0,0,0,0.1,0.1,0
1024,1.00998009262858,1,1,0,0.1,0.06,-0.04
1025,-1.48063546531516,0,0,1,0.1,0.1,0
1026,-0.213220535521965,0,0,0,0.1,0.1,0
1027,-1.32721345087764,0,1,0,0.1,0.1,0
1028,0.717714089217955,1,0,0,0.1,0.06,-0.04
1029,0.604767501228193,0,1,0,0.1,0.1,0
1030,0.280592380893831,0,0,0,0.1,0.1,0
1031,0.510778622225081,0,1,0,0.1,0.1,0
1032,0.826630886775659,1,1,1,0.1,0.06,-0.04
1033,-1.00308076140993,0,1,0,0.1,0.1,0
1034,0.130357090392559,0,1,0,0.1,0.1,0
1035,1.77446391918123,1,0,0,0.1,0.06,-0.04
1036,2.11794721623379,1,1,0,0.1,0.06,-0.04
1037,0.650050958862099,0,0,0,0.1,0.1,0
1038,0.188166807886145,0,1,0,0.1,0.1,0
1039,1.45620424660994,1,1,0,0.1,0.06,-0.04
1040,0.69395109849183,1,1,0,0.1,0.06,-0.04
1041,0.389495453105871,0,1,0,0.1,0.1,0
1042,0.701036217704876,1,0,1,0.1,0.06,-0.04
1043,2.58921185415831,1,1,0,0.1,0.06,-0.04
1044,-2.24557349971666,0,1,0,0.1,0.1,0
1045,1.49440750444448,1,1,0,0.1,0.06,-0.04
1046,-0.114179468798839,0,1,0,0.1,0.1,0
1047,1.1002122011209,1,1,0,0.1,0.06,-0.04
1048,-1.1181316562737,0,1,0,0.1,0.1,0
1049,0.231756977329832,0,1,0,0.1,0.1,0
1050,-1.12886738888182,0,1,1,0.1,0.1,0
1051,-0.607672140892811,0,0,0,0.1,0.1,0
1052,1.38686154093074,1,0,1,0.1,0.06,-0.04
1053,2.01195314011525,1,1,0,0.1,0.06,-0.04
1054,1.61406723750496,1,1,0,0.1,0.06,-0.04
1055,-1.75321595361099,0,0,0,0.1,0.1,0
1056,1.21583652516083,1,0,0,0.1,0.06,-0.04
1057,1.36961584157075,1,0,0,0.1,0.06,-0.04
1058,0.785601233023573,1,0,0,0.1,0.06,-0.04
1059,-1.04361756081482,0,1,0,0.1,0.1,0
1060,0.137260950354313,0,0,0,0.1,0.1,0
1061,0.364554480462788,0,1,0,0.1,0.1,0
1062,1.19234478349577,1,0,0,0.1,0.06,-0.04
1063,-0.756964162673596,0,1,0,0.1,0.1,0
1064,-0.474526584749091,0,1,0,0.1,0.1,0
1065,-0.656718221137061,0,0,0,0.1,0.1,0
1066,2.22193335268854,1,0,0,0.1,0.06,-0.04
1067,-0.901259370635378,0,0,0,0.1,0.1,0
1068,-0.228388246973033,0,1,0,0.1,0.1,0
1069,-0.664367069241502,0,0,0,0.1,0.1,0
1070,-0.0272667456701538,0,1,0,0.1,0.1,0
1071,-0.380404924303712,0,0,0,0.1,0.1,0
1072,1.9245104424812,1,1,0,0.1,0.06,-0.04
1073,-0.567892178503444,0,1,0,0.1,0.1,0
1074,-0.103536492467363,0,0,0,0.1,0.1,0
1075,0.405175327125481,0,1,0,0.1,0.1,0
1076,-0.720477000418727,0,0,0,0.1,0.1,0
1077,-0.742858958144029,0,1,0,0.1,0.1,0
1078,-0.354773785949373,0,1,0,0.1,0.1,0
1079,-0.627492519043507,0,1,0,0.1,0.1,0
1080,-0.183148611199048,0,1,1,0.1,0.1,0
1081,-0.541130382682111,0,1,0,0.1,0.1,0
1082,0.114696984291235,0,1,0,0.1,0.1,0
1083,-0.333032946595177,0,1,1,0.1,0.1,0
1084,1.3485022950256,1,0,1,0.1,0.06,-0.04
1085,0.636154552365613,0,0,0,0.1,0.1,0
1086,-0.330953976568486,0,0,0,0.1,0.1,0
1087,-0.334663422818985,0,1,0,0.1,0.1,0
1088,-1.47012611066657,0,1,0,0.1,0.1,0
1089,1.37952813796909,1,0,0,0.1,0.06,-0.04
1090,0.886066657403928,1,0,0,0.1,0.06,-0.04
1091,1.58988167841194,1,1,0,0.1,0.06,-0.04
1092,-0.234801216078712,0,1,1,0.1,0.1,0
1093,0.0849555442233939,0,0,0,0.1,0.1,0
1094,-1.09110130481693,0,1,0,0.1,0.1,0
1095,0.365514933294757,0,0,0,0.1,0.1,0
1096,1.29166911197065,1,0,0,0.1,0.06,-0.04
1097,1.971872416462,1,0,0,0.1,0.06,-0.04
1098,-0.624254363028975,0,0,0,0.1,0.1,0
1099,1.9076860077199,1,0,0,0.1,0.06,-0.04
1100,1.11611474137024,1,0,0,0.1,0.06,-0.04
1101,-1.24219554438429,0,0,0,0.1,0.1,0
1102,0.774311811355796,1,0,0,0.1,0.06,-0.04
1103,0.0509756499806058,0,0,0,0.1,0.1,0
1104,0.173765816170441,0,0,0,0.1,0.1,0
1105,0.781324301486403,1,1,0,0.1,0.06,-0.04
1106,-0.837653369576985,0,1,0,0.1,0.1,0
1107,-0.0683480092934369,0,1,0,0.1,0.1,0
1108,0.439973252383017,0,0,0,0.1,0.1,0
1109,0.195794317483447,0,1,0,0.1,0.1,0
1110,0.421239615552561,0,0,0,0.1,0.1,0
1111,-2.28609750043018,0,1,1,0.1,0.1,0
1112,2.63055347471315,1,1,0,0.1,0.06,-0.04
1113,1.07903407435259,1,1,0,0.1,0.06,-0.04
1114,1.09812308540171,1,1,0,0.1,0.06,-0.04
1115,0.777190648264784,1,1,0,0.1,0.06,-0.04
1116,0.913372486263217,1,0,1,0.1,0.06,-0.04
1117,-2.77261362668178,0,0,0,0.1,0.1,0
1118,-0.525694848657953,0,0,0,0.1,0.1,0
1119,-0.447705182654315,0,1,0,0.1,0.1,0
1120,1.5269475709926,1,1,0,0.1,0.06,-0.04
1121,0.114933935316768,0,1,0,0.1,0.1,0
1122,0.722441680505951,1,1,0,0.1,0.06,-0.04
1123,-0.436126811961204,0,1,0,0.1,0.1,0
1124,0.956434654689536,1,0,0,0.1,0.06,-0.04
1125,-1.44381380359388,0,1,0,0.1,0.1,0
1126,-0.641098859729312,0,1,0,0.1,0.1,0
1127,-0.258039431482917,0,0,0,0.1,0.1,0
1128,0.793237041655113,1,0,0,0.1,0.06,-0.04
1129,0.52663471452272,0,1,0,0.1,0.1,0
1130,-1.23749898242682,0,0,0,0.1,0.1,0
1131,-1.19180283902536,0,0,1,0.1,0.1,0
1132,0.57452860606349,0,1,0,0.1,0.1,0
1133,-0.0387180662059386,0,1,0,0.1,0.1,0
1134,0.0837992430458569,0,0,0,0.1,0.1,0
1135,0.121289478338327,0,1,0,0.1,0.1,0
1136,0.524776769536555,0,1,0,0.1,0.1,0
1137,1.76335065599399,1,1,0,0.1,0.06,-0.04
1138,-0.337563054043398,0,1,0,0.1,0.1,0
1139,1.89877043998212,1,0,0,0.1,0.06,-0.04
1140,-0.394850331338472,0,1,0,0.1,0.1,0
1141,-0.784775033908435,0,1,1,0.1,0.1,0
1142,-0.536525621940772,0,0,0,0.1,0.1,0
1143,-0.904309716684973,0,0,0,0.1,0.1,0
1144,0.909924440160728,1,0,0,0.1,0.06,-0.04
1145,-1.5382675188194,0,0,0,0.1,0.1,0
1146,1.05851946456019,1,0,0,0.1,0.06,-0.04
1147,-0.720082054326943,0,0,0,0.1,0.1,0
1148,-0.971979441271968,0,0,0,0.1,0.1,0
1149,1.5948670285306,1,1,0,0.1,0.06,-0.04
1150,-0.104577178214089,0,1,0,0.1,0.1,0
1151,1.01729581837123,1,1,0,0.1,0.06,-0.04
1152,-0.0678673423355386,0,0,1,0.1,0.1,0
1153,-1.51238354065676,0,1,0,0.1,0.1,0
1154,0.659983490778454,0,0,0,0.1,0.1,0
1155,-0.255943867864773,0,1,0,0.1,0.1,0
1156,0.279438862478084,0,0,0,0.1,0.1,0
1157,-1.64741236984953,0,0,0,0.1,0.1,0
1158,-0.570504718857415,0,0,1,0.1,0.1,0
1159,0.516814658315338,0,0,0,0.1,0.1,0
1160,-0.031459054597041,0,1,0,0.1,0.1,0
1161,-0.0622522872340216,0,0,0,0.1,0.1,0
1162,2.02911653713927,1,1,0,0.1,0.06,-0.04
1163,0.809297705896028,1,1,0,0.1,0.06,-0.04
1164,0.769741419350226,1,1,0,0.1,0.06,-0.04
1165,0.581172694598383,0,1,0,0.1,0.1,0
1166,-1.14326866220231,0,0,0,0.1,0.1,0
1167,1.65679679710569,1,1,0,0.1,0.06,-0.04
1168,-1.43172829553934,0,0,0,0.1,0.1,0
1169,-1.29726616443523,0,1,0,0.1,0.1,0
1170,-0.798223290456593,0,1,0,0.1,0.1,0
1171,0.651609342663504,0,1,0,0.1,0.1,0
1172,1.15816092926181,1,0,0,0.1,0.06,-0.04
1173,-0.549928120682596,0,1,0,0.1,0.1,0
1174,-0.752042321646711,0,1,0,0.1,0.1,0
1175,-0.526506557292212,0,0,0,0.1,0.1,0
1176,1.33748428986621,1,1,0,0.1,0.06,-0.04
1177,0.186257425012819,0,1,1,0.1,0.1,0
1178,-0.114783840218246,0,1,0,0.1,0.1,0
1179,-0.472769593818365,0,0,0,0.1,0.1,0
1180,-1.1727469713414,0,0,0,0.1,0.1,0
1181,-1.38935070465321,0,0,0,0.1,0.1,0
1182,-0.239337762977081,0,0,0,0.1,0.1,0
1183,-1.04334031820128,0,1,0,0.1,0.1,0
1184,-1.06792660448932,0,1,0,0.1,0.1,0
1185,1.28266760830962,1,1,0,0.1,0.06,-0.04
1186,1.05753147854414,1,1,0,0.1,0.06,-0.04
1187,1.80084168645121,1,0,0,0.1,0.06,-0.04
1188,0.159551112681362,0,0,0,0.1,0.1,0
1189,0.384672552817303,0,1,0,0.1,0.1,0
1190,1.19120382229114,1,0,0,0.1,0.06,-0.04
1191,0.846573709600561,1,0,0,0.1,0.06,-0.04
1192,-0.527034855344833,0,0,0,0.1,0.1,0
1193,-0.572139534719304,0,1,0,0.1,0.1,0
1194,0.29215788871341,0,1,0,0.1,0.1,0
1195,-0.696461781731218,0,0,0,0.1,0.1,0
1196,-0.552258453591246,0,0,0,0.1,0.1,0
1197,0.716677149238146,1,0,0,0.1,0.06,-0.04
1198,0.476675329014499,0,1,0,0.1,0.1,0
1199,-0.250866725020034,0,1,0,0.1,0.1,0
1200,-0.294589337111923,0,1,0,0.1,0.1,0
1201,-0.439004978042432,0,1,0,0.1,0.1,0
1202,-0.713495746328669,0,0,0,0.1,0.1,0
1203,0.304159055909722,0,0,0,0.1,0.1,0
1204,0.833564051761007,1,0,1,0.1,0.06,-0.04
1205,0.133157892412844,0,1,0,0.1,0.1,0
1206,-0.342909169218117,0,1,0,0.1,0.1,0
1207,-0.15977019716889,0,0,0,0.1,0.1,0
1208,-1.72567901287852,0,0,0,0.1,0.1,0
1209,-0.439507265264735,0,1,0,0.1,0.1,0
1210,0.188171915096199,0,1,0,0.1,0.1,0
1211,-0.694280780170388,0,1,0,0.1,0.1,0
1212,-0.432498535286393,0,1,0,0.1,0.1,0
1213,-0.0746125171684014,0,0,0,0.1,0.1,0
1214,1.15470105971341,1,0,0,0.1,0.06,-0.04
1215,-1.06552887460526,0,1,0,0.1,0.1,0
1216,1.04765145736726,1,0,1,0.1,0.06,-0.04
1217,-1.18183078128938,0,0,0,0.1,0.1,0
1218,0.275229300180792,0,0,0,0.1,0.1,0
1219,-0.724867368008719,0,0,1,0.1,0.1,0
1220,-1.23581657443161,0,1,0,0.1,0.1,0
1221,-1.5061514718496,0,1,0,0.1,0.1,0
1222,-1.04888531711274,0,1,0,0.1,0.1,0
1223,-0.852458349590793,0,1,0,0.1,0.1,0
1224,-0.0326475513975863,0,0,0,0.1,0.1,0
1225,1.57710366159189,1,0,0,0.1,0.06,-0.04
1226,-0.250983406555843,0,0,0,0.1,0.1,0
1227,-0.952338350048264,0,1,0,0.1,0.1,0
1228,-1.27630264026253,0,1,0,0.1,0.1,0
1229,-0.72780132355937,0,0,0,0.1,0.1,0
1230,-0.979471694193675,0,1,0,0.1,0.1,0
1231,-1.11242091858086,0,1,0,0.1,0.1,0
1232,-0.939922544064268,0,1,0,0.1,0.1,0
1233,-1.08752486043885,0,0,0,0.1,0.1,0
1234,-0.87961555918035,0,1,0,0.1,0.1,0
1235,-0.397210921882032,0,1,0,0.1,0.1,0
1236,-1.05000964209845,0,1,0,0.1,0.1,0
1237,0.841040529302278,1,0,0,0.1,0.06,-0.04
1238,-0.328086513489833,0,0,0,0.1,0.1,0
1239,0.539057926149488,0,1,0,0.1,0.1,0
1240,-0.639874429691013,0,0,0,0.1,0.1,0
1241,-1.53465550071641,0,1,0,0.1,0.1,0
1242,0.308372339573057,0,1,1,0.1,0.1,0
1243,-0.0681341513958934,0,0,0,0.1,0.1,0
1244,0.176746687208127,0,0,0,0.1,0.1,0
1245,-0.474174451187082,0,0,0,0.1,0.1,0
1246,-1.11758292034561,0,1,0,0.1,0.1,0
1247,0.472488609880617,0,0,0,0.1,0.1,0
1248,0.98510689452855,1,0,0,0.1,0.06,-0.04
1249,-1.73529323487606,0,1,0,0.1,0.1,0
1250,0.0615332420393918,0,1,0,0.1,0.1,0
1251,-2.20322312390563,0,0,1,0.1,0.1,0
1252,-1.2152816995225,0,1,0,0.1,0.1,0
1253,0.952881442407487,1,0,0,0.1,0.06,-0.04
1254,0.004400273133372,0,0,0,0.1,0.1,0
1255,-0.99143083937275,0,0,0,0.1,0.1,0
1256,0.578177423226104,0,1,1,0.1,0.1,0
1257,0.903374983472991,1,0,1,0.1,0.06,-0.04
1258,-1.71658545411882,0,1,0,0.1,0.1,0
1259,-1.33652037259789,0,1,0,0.1,0.1,0
1260,-0.203039827927416,0,1,0,0.1,0.1,0
1261,1.72458065565554,1,1,0,0.1,0.06,-0.04
1262,0.279886883570615,0,0,0,0.1,0.1,0
1263,-2.54714228398806,0,1,0,0.1,0.1,0
1264,-0.33283092755842,0,1,0,0.1,0.1,0
1265,0.442092128602504,0,0,0,0.1,0.1,0
1266,-0.942871005341438,0,0,1,0.1,0.1,0
1267,-0.592421242153605,0,0,0,0.1,0.1,0
1268,0.386747677397637,0,1,0,0.1,0.1,0
1269,-0.212092187227503,0,1,0,0.1,0.1,0
1270,-1.36387934249289,0,1,1,0.1,0.1,0
1271,0.308534941030412,0,1,0,0.1,0.1,0
1272,0.281745418507282,0,0,0,0.1,0.1,0
1273,-0.533540398525472,0,0,0,0.1,0.1,0
1274,-0.31344463726874,0,0,0,0.1,0.1,0
1275,-0.537914049006778,0,1,0,0.1,0.1,0
1276,0.250263857246336,0,0,0,0.1,0.1,0
1277,0.00515898943100282,0,1,0,0.1,0.1,0
1278,0.0942782697015002,0,1,0,0.1,0.1,0
1279,1.51543674455829,1,1,0,0.1,0.06,-0.04
1280,-1.1712551754482,0,0,1,0.1,0.1,0
1281,0.437689522381321,0,1,0,0.1,0.1,0
1282,-0.791951116749586,0,1,0,0.1,0.1,0
1283,1.75428088651061,1,1,0,0.1,0.06,-0.04
1284,0.335360058655939,0,0,0,0.1,0.1,0
1285,0.692472108284153,1,0,0,0.1,0.06,-0.04
1286,1.15089974674633,1,1,0,0.1,0.06,-0.04
1287,0.368352251131539,0,0,1,0.1,0.1,0
1288,-1.32310472465379,0,1,0,0.1,0.1,0
1289,-2.27969083889812,0,1,1,0.1,0.1,0
1290,-1.45334996815389,0,0,0,0.1,0.1,0
1291,1.11477876532345,1,0,1,0.1,0.06,-0.04
1292,-0.117092383907833,0,1,0,0.1,0.1,0
1293,-1.20723193219523,0,1,1,0.1,0.1,0
1294,-0.325340900891622,0,0,0,0.1,0.1,0
1295,-0.533362522703624,0,0,0,0.1,0.1,0
1296,1.48846736539766,1,0,0,0.1,0.06,-0.04
1297,1.29923147808525,1,1,0,0.1,0.06,-0.04
1298,-0.653731291244078,0,0,1,0.1,0.1,0
1299,0.116270001573766,0,0,0,0.1,0.1,0
1300,1.80218767756956,1,1,0,0.1,0.06,-0.04
1301,0.05198912194531,0,1,0,0.1,0.1,0
1302,1.42191404290876,1,0,0,0.1,0.06,-0.04
1303,0.408623233512949,0,0,0,0.1,0.1,0
1304,0.00255323156401408,0,0,0,0.1,0.1,0
1305,1.44347304996912,1,0,0,0.1,0.06,-0.04
1306,1.65945877664726,1,0,0,0.1,0.06,-0.04
1307,-0.00137763884297511,0,1,0,0.1,0.1,0
1308,-0.46540515606888,0,1,0,0.1,0.1,0
1309,-3.08477716956984,0,1,0,0.1,0.1,0
1310,0.0131486176070195,0,0,1,0.1,0.1,0
1311,0.50244645304182,0,1,0,0.1,0.1,0
1312,-1.97928152539711,0,1,0,0.1,0.1,0
1313,-0.29432438941009,0,1,0,0.1,0.1,0
1314,1.25377739054498,1,0,0,0.1,0.06,-0.04
1315,0.201405697295821,0,1,0,0.1,0.1,0
1316,-0.265863666514649,0,1,0,0.1,0.1,0
1317,-0.679788839592642,0,0,0,0.1,0.1,0
1318,0.61349768101922,0,1,0,0.1,0.1,0
1319,-0.300179874610296,0,0,0,0.1,0.1,0
1320,-0.946534462390377,0,0,0,0.1,0.1,0
1321,1.40496695139631,1,1,0,0.1,0.06,-0.04
1322,0.607098218107984,0,0,0,0.1,0.1,0
1323,0.820292390506299,1,1,0,0.1,0.06,-0.04
1324,-1.9310417005406,0,1,0,0.1,0.1,0
1325,-0.2406868532709,0,1,0,0.1,0.1,0
1326,-1.41508178805565,0,1,0,0.1,0.1,0
1327,1.02417257449582,1,1,0,0.1,0.06,-0.04
1328,-0.103032405489918,0,0,0,0.1,0.1,0
1329,0.122767005719008,0,1,0,0.1,0.1,0
1330,0.62477436993946,0,0,0,0.1,0.1,0
1331,1.13791652855464,1,0,0,0.1,0.06,-0.04
1332,-1.72557443052868,0,0,0,0.1,0.1,0
1333,-1.54632528887362,0,0,0,0.1,0.1,0
1334,-0.525484745353815,0,1,0,0.1,0.1,0
1335,1.32234204220718,1,0,0,0.1,0.06,-0.04
1336,0.00911123644197353,0,0,0,0.1,0.1,0
1337,0.97646122735059,1,1,0,0.1,0.06,-0.04
1338,-0.479863068704558,0,1,0,0.1,0.1,0
1339,-0.961026249202096,0,1,0,0.1,0.1,0
1340,1.30842899279942,1,1,0,0.1,0.06,-0.04
1341,-0.832023182457764,0,1,0,0.1,0.1,0
1342,0.587852202588174,0,0,0,0.1,0.1,0
1343,-0.043995430597057,0,1,0,0.1,0.1,0
1344,0.715711960737669,1,1,0,0.1,0.06,-0.04
1345,2.39560283453871,1,1,0,0.1,0.06,-0.04
1346,0.193327845577,0,0,1,0.1,0.1,0
1347,0.00863627700908215,0,0,0,0.1,0.1,0
1348,0.00976225899018597,0,1,0,0.1,0.1,0
1349,0.200926387493501,0,0,0,0.1,0.1,0
1350,-1.56120451715003,0,0,0,0.1,0.1,0
1351,-0.451353138409363,0,0,0,0.1,0.1,0
1352,0.269168966815532,0,0,1,0.1,0.1,0
1353,-0.725727000091791,0,0,1,0.1,0.1,0
1354,-0.605968992302691,0,0,0,0.1,0.1,0
1355,-0.427853115201508,0,0,0,0.1,0.1,0
1356,2.11503775886829,1,0,0,0.1,0.06,-0.04
1357,0.106460386247936,0,0,0,0.1,0.1,0
1358,0.301401346651007,0,0,0,0.1,0.1,0
1359,1.76473634285567,1,1,0,0.1,0.06,-0.04
1360,0.0839724064533884,0,1,0,0.1,0.1,0
1361,2.32395139869286,1,1,0,0.1,0.06,-0.04
1362,0.0541714287498125,0,1,0,0.1,0.1,0
1363,-0.694267624984313,0,1,0,0.1,0.1,0
1364,0.144733389671406,0,0,1,0.1,0.1,0
1365,2.33851786774872,1,0,0,0.1,0.06,-0.04
1366,-1.26349858972118,0,0,0,0.1,0.1,0
1367,0.716722554108722,1,1,0,0.1,0.06,-0.04
1368,-2.14898408517865,0,1,0,0.1,0.1,0
1369,-2.35474675369287,0,0,0,0.1,0.1,0
1370,-0.0829124022419507,0,1,0,0.1,0.1,0
1371,-0.10562223469125,0,1,1,0.1,0.1,0
1372,1.00353330149826,1,0,0,0.1,0.06,-0.04
1373,-1.43204302477417,0,1,0,0.1,0.1,0
1374,0.515627839374734,0,1,0,0.1,0.1,0
1375,-1.1373976961465,0,0,0,0.1,0.1,0
1376,0.176703590536633,0,1,0,0.1,0.1,0
1377,0.564476664658423,0,0,0,0.1,0.1,0
1378,-0.792908978632502,0,0,0,0.1,0.1,0
1379,1.82338543791092,1,0,1,0.1,0.06,-0.04
1380,1.70021978704366,1,0,0,0.1,0.06,-0.04
1381,0.651082240409693,0,1,0,0.1,0.1,0
1382,1.29090437572181,1,0,1,0.1,0.06,-0.04
1383,0.583200603120437,0,0,0,0.1,0.1,0
1384,1.33333645301555,1,1,0,0.1,0.06,-0.04
1385,1.22917396948114,1,0,0,0.1,0.06,-0.04
1386,-0.326532696119768,0,0,0,0.1,0.1,0
1387,-1.29519171533697,0,1,0,0.1,0.1,0
1388,0.885448547967939,1,0,0,0.1,0.06,-0.04
1389,-0.223270205824566,0,0,0,0.1,0.1,0
1390,-0.654921727554053,0,1,0,0.1,0.1,0
1391,1.51141924362581,1,0,0,0.1,0.06,-0.04
1392,0.292828064552606,0,0,0,0.1,0.1,0
1393,1.00362236536029,1,1,0,0.1,0.06,-0.04
1394,-0.561179114390554,0,1,0,0.1,0.1,0
1395,0.0763426199575443,0,1,0,0.1,0.1,0
1396,-0.0258231066918891,0,1,1,0.1,0.1,0
1397,-0.601868344294217,0,0,0,0.1,0.1,0
1398,0.740350290015557,1,1,1,0.1,0.06,-0.04
1399,0.981235726503594,1,1,0,0.1,0.06,-0.04
1400,-0.745903959619111,0,1,0,0.1,0.1,0
1401,0.917942898692029,1,0,0,0.1,0.06,-0.04
1402,-1.03705519201117,0,0,0,0.1,0.1,0
1403,-0.0644014323379988,0,0,0,0.1,0.1,0
1404,0.454241366388808,0,1,0,0.1,0.1,0
1405,0.583657812413417,0,1,0,0.1,0.1,0
1406,-0.529088860602279,0,1,0,0.1,0.1,0
1407,-0.171386692975515,0,1,0,0.1,0.1,0
1408,0.953672359642405,1,1,0,0.1,0.06,-0.04
1409,0.42477702251222,0,0,0,0.1,0.1,0
1410,-0.0906132251481796,0,0,0,0.1,0.1,0
1411,-1.47249652260573,0,1,0,0.1,0.1,0
1412,-0.955781905875508,0,0,0,0.1,0.1,0
1413,0.759906137452382,1,1,0,0.1,0.06,-0.04
1414,0.580213903057013,0,1,0,0.1,0.1,0
1415,0.908649820042207,1,0,0,0.1,0.06,-0.04
1416,0.144678355216903,0,1,0,0.1,0.1,0
1417,-1.0245258178628,0,0,0,0.1,0.1,0
1418,-2.07224123919721,0,0,0,0.1,0.1,0
1419,0.451243033969295,0,0,0,0.1,0.1,0
1420,1.50324196486936,1,0,0,0.1,0.06,-0.04
1421,1.32198728920649,1,1,0,0.1,0.06,-0.04
1422,0.0383742139933535,0,1,0,0.1,0.1,0
1423,0.912773419999198,1,0,1,0.1,0.06,-0.04
1424,-0.819229208638252,0,1,0,0.1,0.1,0
1425,-0.181073207056406,0,0,0,0.1,0.1,0
1426,-1.80960869894736,0,0,0,0.1,0.1,0
1427,-1.47344032732878,0,0,0,0.1,0.1,0
1428,-0.725643497016309,0,1,0,0.1,0.1,0
1429,0.508444673471379,0,1,0,0.1,0.1,0
1430,0.771791566489689,1,1,0,0.1,0.06,-0.04
1431,-1.28137542621815,0,0,0,0.1,0.1,0
1432,0.601014191828727,0,1,0,0.1,0.1,0
1433,-1.88199919850827,0,0,1,0.1,0.1,0
1434,1.05048340938961,1,1,0,0.1,0.06,-0.04
1435,-0.590865154446278,0,0,0,0.1,0.1,0
1436,-0.777110447777766,0,1,0,0.1,0.1,0
1437,1.0945694949068,1,1,0,0.1,0.06,-0.04
1438,0.216538429388623,0,1,0,0.1,0.1,0
1439,-0.211772376536708,0,0,0,0.1,0.1,0
1440,0.583616613805369,0,0,1,0.1,0.1,0
1441,0.882829247928542,1,1,0,0.1,0.06,-0.04
1442,0.433444972696745,0,1,0,0.1,0.1,0
1443,0.294496011146149,0,0,0,0.1,0.1,0
1444,1.60500898481311,1,0,0,0.1,0.06,-0.04
1445,-0.896860712484534,0,1,0,0.1,0.1,0
1446,-0.00559332405763824,0,1,0,0.1,0.1,0
1447,-0.672671853579542,0,1,1,0.1,0.1,0
1448,-1.39073846449695,0,0,0,0.1,0.1,0
1449,2.26860152915041,1,1,0,0.1,0.06,-0.04
1450,0.0340697218190599,0,1,0,0.1,0.1,0
1451,-1.80109746677749,0,0,0,0.1,0.1,0
1452,0.877654009953842,1,1,0,0.1,0.06,-0.04
1453,0.656490197214495,0,0,0,0.1,0.1,0
1454,2.12893203098037,1,1,0,0.1,0.06,-0.04
1455,1.64628785277064,1,0,1,0.1,0.06,-0.04
1456,0.250565251535705,0,1,0,0.1,0.1,0
1457,0.377816132751171,0,0,0,0.1,0.1,0
1458,0.945995978090428,1,0,0,0.1,0.06,-0.04
1459,0.997463643574194,1,0,0,0.1,0.06,-0.04
1460,0.0716229483661084,0,0,0,0.1,0.1,0
1461,-0.48706905930778,0,1,0,0.1,0.1,0
1462,-1.49129622700124,0,0,0,0.1,0.1,0
1463,1.01456195798233,1,1,0,0.1,0.06,-0.04
1464,1.58800300684165,1,1,0,0.1,0.06,-0.04
1465,1.03656899821484,1,0,0,0.1,0.06,-0.04
1466,-0.843429331180508,0,1,1,0.1,0.1,0
1467,1.40387451013099,1,0,0,0.1,0.06,-0.04
1468,0.135551849725894,0,0,0,0.1,0.1,0
1469,-0.163567390729192,0,1,1,0.1,0.1,0
1470,-0.417577874825468,0,1,0,0.1,0.1,0
1471,0.610633159690159,0,0,0,0.1,0.1,0
1472,-0.673370151271734,0,0,0,0.1,0.1,0
1473,0.328435845510766,0,1,0,0.1,0.1,0
1474,0.483925270828696,0,0,0,0.1,0.1,0
1475,-2.22915234194729,0,0,0,0.1,0.1,0
1476,-0.835750132238665,0,0,0,0.1,0.1,0
1477,-0.938621789397796,0,1,0,0.1,0.1,0
1478,2.22608681441399,1,0,0,0.1,0.06,-0.04
1479,-0.407260330147346,0,1,0,0.1,0.1,0
1480,-0.120026552605418,0,0,0,0.1,0.1,0
1481,0.0428130538474642,0,1,0,0.1,0.1,0
1482,-0.462938933850891,0,1,0,0.1,0.1,0
1483,-0.625864026725152,0,1,0,0.1,0.1,0
1484,1.72153973098323,1,1,0,0.1,0.06,-0.04
1485,-1.59091916474796,0,1,0,0.1,0.1,0
1486,0.712793604029307,1,0,0,0.1,0.06,-0.04
1487,-0.959672403227439,0,1,0,0.1,0.1,0
1488,-0.154590505008954,0,1,0,0.1,0.1,0
1489,0.999149200176088,1,1,0,0.1,0.06,-0.04
1490,-1.87323417231874,0,0,0,0.1,0.1,0
1491,-1.95879905019039,0,1,0,0.1,0.1,0
1492,-0.924434674722368,0,1,0,0.1,0.1,0
1493,1.02674151061927,1,1,0,0.1,0.06,-0.04
1494,1.70954002385696,1,1,0,0.1,0.06,-0.04
1495,0.420374893398599,0,1,0,0.1,0.1,0
1496,0.613039901268377,0,1,0,0.1,0.1,0
1497,1.56921451207442,1,1,1,0.1,0.06,-0.04
1498,1.53777702818075,1,0,0,0.1,0.06,-0.04
1499,-0.405735616765755,0,1,0,0.1,0.1,0
1500,-0.546153219849768,0,1,0,0.1,0.1,0
1501,0.153003788342016,0,1,0,0.1,0.1,0
1502,-0.90729107876647,0,0,0,0.1,0.1,0
1503,0.473698859365345,0,0,0,0.1,0.1,0
1504,0.00609071752454421,0,0,0,0.1,0.1,0
1505,0.221628296087023,0,0,0,0.1,0.1,0
1506,1.46902971705384,1,1,0,0.1,0.06,-0.04
1507,-2.5066216137086,0,1,0,0.1,0.1,0
1508,-2.01881287442393,0,1,1,0.1,0.1,0
1509,-0.483115760069324,0,1,0,0.1,0.1,0
1510,0.354204913381311,0,1,0,0.1,0.1,0
1511,0.230961167140954,0,0,0,0.1,0.1,0
1512,-0.627311303928059,0,1,0,0.1,0.1,0
1513,-0.887341404083249,0,1,0,0.1,0.1,0
1514,-0.0153281047908711,0,1,0,0.1,0.1,0
1515,0.813190771954214,1,1,0,0.1,0.06,-0.04
1516,2.13831899278394,1,1,0,0.1,0.06,-0.04
1517,-1.76485582772589,0,1,0,0.1,0.1,0
1518,1.67558979887359,1,1,0,0.1,0.06,-0.04
1519,-2.65472129202643,0,0,0,0.1,0.1,0
1520,-1.07306766709581,0,0,0,0.1,0.1,0
1521,0.366590710702654,0,1,0,0.1,0.1,0
1522,-0.875401982715788,0,0,0,0.1,0.1,0
1523,1.27370727935753,1,1,0,0.1,0.06,-0.04
1524,1.17879714707932,1,1,0,0.1,0.06,-0.04
1525,0.546897768522712,0,1,0,0.1,0.1,0
1526,0.134179187619743,0,0,0,0.1,0.1,0
1527,-0.05492240394854,0,0,0,0.1,0.1,0
1528,0.111576194291749,0,1,0,0.1,0.1,0
1529,1.59528310129215,1,0,0,0.1,0.06,-0.04
1530,-1.20245777163013,0,1,0,0.1,0.1,0
1531,-1.74135454013714,0,1,0,0.1,0.1,0
1532,0.989425806126028,1,1,0,0.1,0.06,-0.04
1533,1.85825662953054,1,1,0,0.1,0.06,-0.04
1534,-0.722983273492898,0,0,0,0.1,0.1,0
1535,0.564598071584868,0,0,0,0.1,0.1,0
1536,1.25736929386042,1,0,0,0.1,0.06,-0.04
1537,0.21731084806662,0,1,0,0.1,0.1,0
1538,-1.03595511002282,0,0,0,0.1,0.1,0
1539,-0.126112011812962,0,1,0,0.1,0.1,0
1540,0.870381167954626,1,1,0,0.1,0.06,-0.04
1541,1.46475900622776,1,0,0,0.1,0.06,-0.04
1542,-0.472661390194027,0,1,0,0.1,0.1,0
1543,-1.08440647568767,0,0,0,0.1,0.1,0
1544,0.34276158306648,0,0,0,0.1,0.1,0
1545,1.92602354483154,1,1,0,0.1,0.06,-0.04
1546,-1.00514101793911,0,1,1,0.1,0.1,0
1547,0.0889995488264965,0,0,0,0.1,0.1,0
1548,1.07886966803056,1,0,0,0.1,0.06,-0.04
1549,0.0543205765091212,0,0,0,0.1,0.1,0
1550,0.176806999202995,0,1,0,0.1,0.1,0
1551,-0.45758027158804,0,0,0,0.1,0.1,0
1552,-3.13042316014707,0,0,0,0.1,0.1,0
1553,-0.815117990387596,0,0,0,0.1,0.1,0
1554,0.415521018422144,0,0,0,0.1,0.1,0
1555,-0.621251898618455,0,1,1,0.1,0.1,0
1556,-2.15654880881388,0,1,0,0.1,0.1,0
1557,-0.803576804054139,0,0,0,0.1,0.1,0
1558,1.22054184661584,1,0,0,0.1,0.06,-0.04
1559,-1.32463194721228,0,1,0,0.1,0.1,0
1560,-1.53992057670015,0,0,0,0.1,0.1,0
1561,-0.640473428984308,0,0,0,0.1,0.1,0
1562,1.25980591552658,1,1,0,0.1,0.06,-0.04
1563,-0.543608766146106,0,0,1,0.1,0.1,0
1564,0.610927002945695,0,0,0,0.1,0.1,0
1565,-0.706999002357373,0,1,0,0.1,0.1,0
1566,0.628107333312196,0,1,1,0.1,0.1,0
1567,-1.42794864501612,0,0,0,0.1,0.1,0
1568,0.380179838744157,0,1,0,0.1,0.1,0
1569,-0.665718187109696,0,1,0,0.1,0.1,0
1570,0.184705867674633,0,0,0,0.1,0.1,0
1571,-0.940895832650352,0,0,0,0.1,0.1,0
1572,0.734177372490481,1,1,0,0.1,0.06,-0.04
1573,-1.03638747099303,0,0,0,0.1,0.1,0
1574,0.387686773359766,0,0,0,0.1,0.1,0
1575,0.162031222198967,0,0,0,0.1,0.1,0
1576,-2.13303307438653,0,0,0,0.1,0.1,0
1577,-1.06263329254632,0,0,0,0.1,0.1,0
1578,0.0931982505174979,0,0,0,0.1,0.1,0
1579,-1.23970450881258,0,0,0,0.1,0.1,0
1580,1.26221236430485,1,1,0,0.1,0.06,-0.04
1581,-1.85942112771889,0,1,0,0.1,0.1,0
1582,0.280264197998831,0,0,0,0.1,0.1,0
1583,0.310336273025065,0,1,0,0.1,0.1,0
1584,0.605214941365825,0,1,0,0.1,0.1,0
1585,0.13727700317243,0,1,0,0.1,0.1,0
1586,-0.899204811333467,0,0,0,0.1,0.1,0
1587,1.28911845593678,1,1,0,0.1,0.06,-0.04
1588,-1.14942571674131,0,1,0,0.1,0.1,0
1589,0.662095332399228,0,1,0,0.1,0.1,0
1590,1.52124673899748,1,0,0,0.1,0.06,-0.04
1591,0.784227739315673,1,1,0,0.1,0.06,-0.04
1592,-0.702123543674621,0,0,0,0.1,0.1,0
1593,0.746641566142178,1,0,0,0.1,0.06,-0.04
1594,-1.65681944363314,0,0,0,0.1,0.1,0
1595,-0.849445715152381,0,0,0,0.1,0.1,0
1596,0.423799669093827,0,0,1,0.1,0.1,0
1597,1.45463182561066,1,1,0,0.1,0.06,-0.04
1598,-0.452149602552379,0,0,0,0.1,0.1,0
1599,0.13213789324062,0,1,1,0.1,0.1,0
1600,0.370206444822279,0,0,0,0.1,0.1,0
1601,0.0951938642438476,0,1,0,0.1,0.1,0
1602,0.949228761709411,1,0,0,0.1,0.06,-0.04
1603,0.156719844215985,0,0,0,0.1,0.1,0
1604,0.411810621392238,0,0,0,0.1,0.1,0
1605,0.650836470748328,0,0,0,0.1,0.1,0
1606,0.884191581126874,1,0,0,0.1,0.06,-0.04
1607,-0.721843748154736,0,1,0,0.1,0.1,0
1608,-1.85345616020075,0,0,0,0.1,0.1,0
1609,0.1106090884162,0,1,0,0.1,0.1,0
1610,-0.505878870988297,0,0,1,0.1,0.1,0
1611,1.31761958682838,1,1,0,0.1,0.06,-0.04
1612,1.27498784324092,1,0,0,0.1,0.06,-0.04
1613,-0.476121582306373,0,1,0,0.1,0.1,0
1614,-0.312473432710909,0,0,0,0.1,0.1,0
1615,-0.385870761311158,0,0,0,0.1,0.1,0
1616,-0.769809165905086,0,1,0,0.1,0.1,0
1617,-0.369791729752688,0,0,0,0.1,0.1,0
1618,0.590050956729745,0,1,0,0.1,0.1,0
1619,-0.154569191300913,0,1,0,0.1,0.1,0
1620,2.24489425750098,1,0,0,0.1,0.06,-0.04
1621,-0.224633040985619,0,1,0,0.1,0.1,0
1622,1.24171236947101,1,1,0,0.1,0.06,-0.04
1623,0.077570016125938,0,1,0,0.1,0.1,0
1624,-1.34855623622156,0,0,0,0.1,0.1,0
1625,0.819148886568718,1,0,0,0.1,0.06,-0.04
1626,-0.293888449430183,0,1,0,0.1,0.1,0
1627,2.05138126968855,1,1,0,0.1,0.06,-0.04
1628,-1.11396201004063,0,0,0,0.1,0.1,0
1629,0.0216152334831152,0,1,1,0.1,0.1,0
1630,0.853929579658088,1,0,1,0.1,0.06,-0.04
1631,-1.12868707619132,0,0,0,0.1,0.1,0
1632,-0.647015651627968,0,0,0,0.1,0.1,0
1633,-0.164804003939743,0,0,0,0.1,0.1,0
1634,0.918957013908688,1,1,0,0.1,0.06,-0.04
1635,-0.763528699014143,0,0,0,0.1,0.1,0
1636,1.15838770452246,1,0,0,0.1,0.06,-0.04
1637,-0.498323878413657,0,0,0,0.1,0.1,0
1638,-0.525371757956118,0,1,1,0.1,0.1,0
1639,-0.249506740702865,0,0,1,0.1,0.1,0
1640,-0.0144152384575118,0,1,0,0.1,0.1,0
1641,-0.243971872921601,0,0,0,0.1,0.1,0
1642,0.962579811062345,1,1,0,0.1,0.06,-0.04
1643,0.46556667005624,0,1,0,0.1,0.1,0
1644,0.0411822218143742,0,0,0,0.1,0.1,0
1645,-0.351933160853118,0,0,0,0.1,0.1,0
1646,0.349818601986998,0,1,0,0.1,0.1,0
1647,-0.506441113342745,0,0,0,0.1,0.1,0
1648,0.0180389107640412,0,1,0,0.1,0.1,0
1649,-0.839400923617099,0,0,0,0.1,0.1,0
1650,-1.20078715828282,0,1,0,0.1,0.1,0
1651,0.701711714269959,1,0,0,0.1,0.06,-0.04
1652,0.529933574017403,0,1,1,0.1,0.1,0
1653,0.483501581481112,0,1,1,0.1,0.1,0
1654,1.41578006181329,1,0,0,0.1,0.06,-0.04
1655,-0.795328335552547,0,0,1,0.1,0.1,0
1656,0.354848175421632,0,1,0,0.1,0.1,0
1657,0.861498968762567,1,1,1,0.1,0.06,-0.04
1658,-2.00014587499047,0,1,0,0.1,0.1,0
1659,-0.819728387335021,0,1,0,0.1,0.1,0
1660,-1.33936029354545,0,1,0,0.1,0.1,0
1661,-0.732309559119363,0,1,0,0.1,0.1,0
1662,1.65767073416376,1,1,0,0.1,0.06,-0.04
1663,2.34107743238589,1,1,0,0.1,0.06,-0.04
1664,-1.03109558025575,0,0,0,0.1,0.1,0
1665,-0.703896734252806,0,0,0,0.1,0.1,0
1666,1.58526714236357,1,1,0,0.1,0.06,-0.04
1667,0.227790977247888,0,1,0,0.1,0.1,0
1668,0.719538050335781,1,1,0,0.1,0.06,-0.04
1669,0.217622502679406,0,1,0,0.1,0.1,0
1670,2.97839696315501,1,1,0,0.1,0.06,-0.04
1671,0.107505824557301,0,1,1,0.1,0.1,0
1672,0.220009204733773,0,1,1,0.1,0.1,0
1673,0.81275227855966,1,0,1,0.1,0.06,-0.04
1674,-0.729446796361355,0,1,1,0.1,0.1,0
1675,0.748039893789391,1,1,0,0.1,0.06,-0.04
1676,0.752308616513727,1,0,0,0.1,0.06,-0.04
1677,-0.821846495748726,0,1,0,0.1,0.1,0
1678,-0.851495527539318,0,1,0,0.1,0.1,0
1679,0.995715439305313,1,0,0,0.1,0.06,-0.04
1680,0.455272648542964,0,0,0,0.1,0.1,0
1681,0.24192596569544,0,1,0,0.1,0.1,0
1682,1.4941577218518,1,0,0,0.1,0.06,-0.04
1683,0.543434745808541,0,1,0,0.1,0.1,0
1684,0.75133939513327,1,1,0,0.1,0.06,-0.04
1685,0.263541808152006,0,0,0,0.1,0.1,0
1686,-0.385489575473301,0,1,0,0.1,0.1,0
1687,0.943500573215122,1,0,0,0.1,0.06,-0.04
1688,1.37508606702437,1,1,0,0.1,0.06,-0.04
1689,2.38175819572501,1,1,1,0.1,0.06,-0.04
1690,0.381635490401578,0,0,0,0.1,0.1,0
1691,1.1005479689047,1,1,0,0.1,0.06,-0.04
1692,-0.69846947770709,0,1,0,0.1,0.1,0
1693,1.15080550919045,1,1,0,0.1,0.06,-0.04
1694,-0.275087386464849,0,1,0,0.1,0.1,0
1695,1.22235559163758,1,0,1,0.1,0.06,-0.04
1696,-1.21749704397021,0,1,0,0.1,0.1,0
1697,-0.0388630871920705,0,1,0,0.1,0.1,0
1698,0.158008385689371,0,0,0,0.1,0.1,0
1699,-1.15094205894572,0,0,0,0.1,0.1,0
1700,-1.65793135069983,0,0,0,0.1,0.1,0
1701,0.867953001954553,1,1,1,0.1,0.06,-0.04
1702,0.394650434341268,0,0,0,0.1,0.1,0
1703,0.0528097502641089,0,0,0,0.1,0.1,0
1704,-0.688319733767859,0,1,1,0.1,0.1,0
1705,-1.48858536591612,0,1,0,0.1,0.1,0
1706,0.269795124192873,0,0,0,0.1,0.1,0
1707,1.56183663436486,1,1,0,0.1,0.06,-0.04
1708,1.40653468848603,1,0,0,0.1,0.06,-0.04
1709,0.562572474248199,0,0,0,0.1,0.1,0
1710,1.77593370895114,1,1,0,0.1,0.06,-0.04
1711,-1.82248459836223,0,0,0,0.1,0.1,0
1712,0.767253413063142,1,1,0,0.1,0.06,-0.04
1713,0.163458852092763,0,1,0,0.1,0.1,0
1714,0.534924836949217,0,0,0,0.1,0.1,0
1715,1.7971428095388,1,1,0,0.1,0.06,-0.04
1716,0.506763117414019,0,1,0,0.1,0.1,0
1717,0.913641337203481,1,1,0,0.1,0.06,-0.04
1718,0.417100924144886,0,0,0,0.1,0.1,0
1719,1.11181511537776,1,1,0,0.1,0.06,-0.04
1720,-0.287519925326135,0,1,0,0.1,0.1,0
1721,0.921581746830997,1,0,0,0.1,0.06,-0.04
1722,0.591325307511444,0,1,0,0.1,0.1,0
1723,0.810118814583449,1,0,0,0.1,0.06,-0.04
1724,1.76597217929284,1,1,0,0.1,0.06,-0.04
1725,0.757938421312492,1,0,0,0.1,0.06,-0.04
1726,1.75599823663863,1,1,0,0.1,0.06,-0.04
1727,0.992564302990878,1,0,0,0.1,0.06,-0.04
1728,1.31285552978105,1,0,0,0.1,0.06,-0.04
1729,-0.491406492422036,0,0,0,0.1,0.1,0
1730,0.378720220662743,0,0,0,0.1,0.1,0
1731,-0.688506228204808,0,0,0,0.1,0.1,0
1732,-0.13679062439107,0,0,0,0.1,0.1,0
1733,-0.650207016333828,0,1,0,0.1,0.1,0
1734,-0.416760379689155,0,1,0,0.1,0.1,0
1735,0.723330437742424,1,0,0,0.1,0.06,-0.04
1736,-0.602022735914937,0,0,0,0.1,0.1,0
1737,0.337050793346201,0,1,0,0.1,0.1,0
1738,0.134756965869324,0,0,0,0.1,0.1,0
1739,2.10550152310685,1,0,0,0.1,0.06,-0.04
1740,0.919279273084153,1,0,0,0.1,0.06,-0.04
1741,1.31489230772982,1,1,0,0.1,0.06,-0.04
1742,0.0980386981436153,0,0,0,0.1,0.1,0
1743,-0.888334635650558,0,0,0,0.1,0.1,0
1744,0.0275823248754652,0,0,0,0.1,0.1,0
1745,-1.66433340206163,0,1,0,0.1,0.1,0
1746,-1.00242507150281,0,0,0,0.1,0.1,0
1747,0.984381438133541,1,0,1,0.1,0.06,-0.04
1748,-0.772628549281621,0,1,0,0.1,0.1,0
1749,0.577338014702554,0,0,0,0.1,0.1,0
1750,-0.76270633570308,0,0,0,0.1,0.1,0
1751,0.585627932475134,0,0,0,0.1,0.1,0
1752,1.97511024196542,1,1,0,0.1,0.06,-0.04
1753,0.295918186657981,0,1,0,0.1,0.1,0
1754,0.950523857461945,1,1,0,0.1,0.06,-0.04
1755,-0.848544064428733,0,0,0,0.1,0.1,0
1756,-0.680730918248609,0,0,0,0.1,0.1,0
1757,0.103957491881948,0,0,0,0.1,0.1,0
1758,-0.493518024776848,0,1,0,0.1,0.1,0
1759,-0.0774046482170471,0,1,0,0.1,0.1,0
1760,-0.711670318566713,0,1,0,0.1,0.1,0
1761,1.48652789215498,1,0,0,0.1,0.06,-0.04
1762,-0.27737137748731,0,1,0,0.1,0.1,0
1763,1.45818235943669,1,0,0,0.1,0.06,-0.04
1764,0.597028331164754,0,0,0,0.1,0.1,0
1765,-0.0542564768248577,0,0,0,0.1,0.1,0
1766,0.116576948847548,0,0,0,0.1,0.1,0
1767,-1.10628881943124,0,0,0,0.1,0.1,0
1768,-0.865285507439784,0,1,0,0.1,0.1,0
1769,0.735282211913463,1,1,0,0.1,0.06,-0.04
1770,0.310748679778028,0,1,0,0.1,0.1,0
1771,-0.0691259782785387,0,0,0,0.1,0.1,0
1772,-1.32757035253391,0,0,0,0.1,0.1,0
1773,0.347365559797875,0,0,0,0.1,0.1,0
1774,2.10156977820171,1,1,0,0.1,0.06,-0.04
1775,-0.237238006243555,0,1,0,0.1,0.1,0
1776,0.718936920265343,1,1,0,0.1,0.06,-0.04
1777,-0.633275800999108,0,1,0,0.1,0.1,0
1778,1.10392361260074,1,1,0,0.1,0.06,-0.04
1779,-0.979440182378284,0,0,0,0.1,0.1,0
1780,0.991481682622794,1,0,0,0.1,0.06,-0.04
1781,-1.10595618289789,0,1,0,0.1,0.1,0
1782,0.344407309074247,0,0,0,0.1,0.1,0
1783,-0.404468233294967,0,1,0,0.1,0.1,0
1784,-1.30741601610065,0,1,0,0.1,0.1,0
1785,-0.336709127911477,0,0,0,0.1,0.1,0
1786,1.18393536389315,1,1,0,0.1,0.06,-0.04
1787,-1.95282071384751,0,1,0,0.1,0.1,0
1788,1.82082415470756,1,1,0,0.1,0.06,-0.04
1789,-0.483738311458748,0,1,0,0.1,0.1,0
1790,0.706576643102394,1,1,0,0.1,0.06,-0.04
1791,-0.704241992983022,0,0,0,0.1,0.1,0
1792,-0.619072455015019,0,1,0,0.1,0.1,0
1793,0.0691054239289487,0,0,0,0.1,0.1,0
1794,-0.902415450463753,0,0,0,0.1,0.1,0
1795,-0.100997647929923,0,0,0,0.1,0.1,0
1796,-0.248798738440036,0,0,0,0.1,0.1,0
1797,-0.214442399676965,0,1,0,0.1,0.1,0
1798,-0.521842213757891,0,0,0,0.1,0.1,0
1799,-0.993431531107751,0,1,0,0.1,0.1,0
1800,-2.17408283814349,0,1,0,0.1,0.1,0
1801,0.252986395185865,0,1,0,0.1,0.1,0
1802,-1.01499587342118,0,0,0,0.1,0.1,0
1803,-0.759514097870637,0,1,0,0.1,0.1,0
1804,1.51199515333607,1,1,0,0.1,0.06,-0.04
1805,1.9118270240817,1,0,0,0.1,0.06,-0.04
1806,-0.90241816034639,0,1,0,0.1,0.1,0
1807,-0.239726655405472,0,1,0,0.1,0.1,0
1808,-1.03810707150186,0,0,0,0.1,0.1,0
1809,-0.596987809884403,0,0,0,0.1,0.1,0
1810,0.658327917493229,0,0,0,0.1,0.1,0
1811,-1.35679679907628,0,0,0,0.1,0.1,0
1812,0.363489838144422,0,1,0,0.1,0.1,0
1813,-0.161032254873946,0,1,0,0.1,0.1,0
1814,0.701731944247892,1,1,0,0.1,0.06,-0.04
1815,-1.06208709436698,0,0,0,0.1,0.1,0
1816,1.22300229136053,1,1,0,0.1,0.06,-0.04
1817,0.489235726548229,0,0,0,0.1,0.1,0
1818,0.0317974051697089,0,0,0,0.1,0.1,0
1819,0.442962568367546,0,0,1,0.1,0.1,0
1820,0.0973842256336134,0,0,0,0.1,0.1,0
1821,0.73883605908014,1,1,0,0.1,0.06,-0.04
1822,-1.59889715991646,0,1,0,0.1,0.1,0
1823,-1.41716663485124,0,1,0,0.1,0.1,0
1824,0.0443931480012419,0,0,0,0.1,0.1,0
1825,0.3354418798299,0,0,0,0.1,0.1,0
1826,-0.405585636677315,0,0,0,0.1,0.1,0
1827,-1.2366276132906,0,0,0,0.1,0.1,0
1828,-0.831944637401534,0,0,0,0.1,0.1,0
1829,-2.12841967204764,0,0,0,0.1,0.1,0
1830,-0.122823336511345,0,0,0,0.1,0.1,0
1831,-1.81394005042078,0,1,0,0.1,0.1,0
1832,-1.20336267889532,0,0,0,0.1,0.1,0
1833,-1.36066921041519,0,0,0,0.1,0.1,0
1834,0.42557514827671,0,0,1,0.1,0.1,0
1835,0.730749561389494,1,0,1,0.1,0.06,-0.04
1836,-0.504503761146858,0,1,0,0.1,0.1,0
1837,-1.2036471784384,0,1,0,0.1,0.1,0
1838,0.439321349254468,0,1,1,0.1,0.1,0
1839,1.196394067121,1,1,0,0.1,0.06,-0.04
1840,0.294248331751397,0,1,0,0.1,0.1,0
1841,1.13200104916996,1,1,0,0.1,0.06,-0.04
1842,-2.0295938030256,0,0,0,0.1,0.1,0
1843,-1.14095437972216,0,1,0,0.1,0.1,0
1844,-1.18212198051128,0,0,0,0.1,0.1,0
1845,0.458870853705228,0,0,0,0.1,0.1,0
1846,-0.733527280611067,0,1,0,0.1,0.1,0
1847,0.418271074349461,0,1,0,0.1,0.1,0
1848,0.132933962164964,0,0,0,0.1,0.1,0
1849,0.226062419478797,0,0,0,0.1,0.1,0
1850,-0.132837040161412,0,1,0,0.1,0.1,0
1851,0.555904400167102,0,0,0,0.1,0.1,0
1852,-0.074949401335508,0,0,0,0.1,0.1,0
1853,0.479217436288977,0,0,0,0.1,0.1,0
1854,1.09330144418561,1,0,0,0.1,0.06,-0.04
1855,0.815044176542638,1,1,0,0.1,0.06,-0.04
1856,-0.988378822048012,0,1,0,0.1,0.1,0
1857,0.785996323533216,1,0,0,0.1,0.06,-0.04
1858,-0.887438692693645,0,0,0,0.1,0.1,0
1859,1.07344204425739,1,1,1,0.1,0.06,-0.04
1860,-0.638921805565688,0,1,1,0.1,0.1,0
1861,0.539240519586621,0,1,0,0.1,0.1,0
1862,-1.01288249209668,0,0,0,0.1,0.1,0
1863,0.707227649927567,1,0,0,0.1,0.06,-0.04
1864,-1.62189236464058,0,1,1,0.1,0.1,0
1865,0.0777138990140843,0,1,0,0.1,0.1,0
1866,0.855687104303976,1,1,0,0.1,0.06,-0.04
1867,1.92294752980468,1,0,0,0.1,0.06,-0.04
1868,0.800246217796415,1,0,0,0.1,0.06,-0.04
1869,0.419692880049777,0,1,0,0.1,0.1,0
1870,-0.329193185925531,0,1,0,0.1,0.1,0
1871,-0.387446672404073,0,1,0,0.1,0.1,0
1872,-0.252750135371064,0,0,0,0.1,0.1,0
1873,0.161296754380154,0,1,0,0.1,0.1,0
1874,-2.01926169276893,0,1,1,0.1,0.1,0
1875,0.809055701757753,1,1,0,0.1,0.06,-0.04
1876,0.728616831945047,1,1,0,0.1,0.06,-0.04
1877,-1.59542029991443,0,0,0,0.1,0.1,0
1878,-1.68792528694334,0,1,0,0.1,0.1,0
1879,-0.0334606650504765,0,1,0,0.1,0.1,0
1880,0.526356601384465,0,0,1,0.1,0.1,0
1881,0.299905807902611,0,0,0,0.1,0.1,0
1882,-1.92365466130371,0,0,0,0.1,0.1,0
1883,-1.39346142455357,0,0,0,0.1,0.1,0
1884,-0.483654735705167,0,0,0,0.1,0.1,0
1885,-1.91431438280442,0,1,1,0.1,0.1,0
1886,-1.75069094749903,0,0,0,0.1,0.1,0
1887,-0.0785943420880295,0,1,0,0.1,0.1,0
1888,-0.898509663337358,0,1,0,0.1,0.1,0
1889,-0.160864013158828,0,0,0,0.1,0.1,0
1890,-1.66062770846326,0,0,0,0.1,0.1,0
1891,-0.777780274601433,0,0,0,0.1,0.1,0
1892,1.17538302746221,1,0,1,0.1,0.06,-0.04
1893,-0.268237747481221,0,0,0,0.1,0.1,0
1894,0.309779329946882,0,0,0,0.1,0.1,0
1895,-1.10062082632241,0,0,0,0.1,0.1,0
1896,1.98519495669428,1,1,0,0.1,0.06,-0.04
1897,1.29348483166431,1,0,0,0.1,0.06,-0.04
1898,0.246699439627932,0,1,0,0.1,0.1,0
1899,0.0397170945159478,0,0,1,0.1,0.1,0
1900,-0.187592912541136,0,1,1,0.1,0.1,0
1901,0.109851823242833,0,1,0,0.1,0.1,0
1902,-0.573510133254607,0,0,0,0.1,0.1,0
1903,-0.489363035991074,0,1,0,0.1,0.1,0
1904,-0.0523081119112656,0,1,0,0.1,0.1,0
1905,0.176272582353864,0,0,0,0.1,0.1,0
1906,-0.809485693896122,0,0,1,0.1,0.1,0
1907,0.651860186007181,0,1,0,0.1,0.1,0
1908,-0.123784481981179,0,0,0,0.1,0.1,0
1909,1.4191743088243,1,0,1,0.1,0.06,-0.04
1910,0.0109930282954142,0,0,0,0.1,0.1,0
1911,-0.255039936976636,0,1,0,0.1,0.1,0
1912,0.720366085685398,1,0,0,0.1,0.06,-0.04
1913,-0.508345529416243,0,0,0,0.1,0.1,0
1914,-1.16105650831675,0,0,0,0.1,0.1,0
1915,-0.678973227982029,0,1,0,0.1,0.1,0
1916,-2.05772461497836,0,1,0,0.1,0.1,0
1917,1.49514625663609,1,0,0,0.1,0.06,-0.04
1918,-1.09799562789773,0,0,0,0.1,0.1,0
1919,0.682131986632206,1,0,0,0.1,0.06,-0.04
1920,1.84155933101635,1,1,0,0.1,0.06,-0.04
1921,1.22516292840024,1,0,0,0.1,0.06,-0.04
1922,0.81334776574235,1,0,0,0.1,0.06,-0.04
1923,-0.0304127619039655,0,1,0,0.1,0.1,0
1924,0.0809237434601438,0,0,0,0.1,0.1,0
1925,-1.17500119471754,0,1,0,0.1,0.1,0
1926,0.48247061001592,0,0,0,0.1,0.1,0
1927,0.00734371760883884,0,0,0,0.1,0.1,0
1928,-0.215111108768868,0,0,0,0.1,0.1,0
1929,-1.08465417608549,0,0,0,0.1,0.1,0
1930,0.288019588421022,0,1,0,0.1,0.1,0
1931,-2.05578610954688,0,0,0,0.1,0.1,0
1932,-0.116843821097408,0,0,0,0.1,0.1,0
1933,1.52073647498293,1,0,0,0.1,0.06,-0.04
1934,-0.455825918821555,0,0,0,0.1,0.1,0
1935,0.595937414710705,0,1,0,0.1,0.1,0
1936,0.406229158492792,0,1,0,0.1,0.1,0
1937,-0.991516038950364,0,1,0,0.1,0.1,0
1938,-1.73113735068054,0,0,0,0.1,0.1,0
1939,0.644427609139318,0,0,0,0.1,0.1,0
1940,0.511380183553174,0,1,0,0.1,0.1,0
1941,1.02062477672514,1,0,0,0.1,0.06,-0.04
1942,0.207341861632134,0,0,0,0.1,0.1,0
1943,0.361710097010101,0,1,0,0.1,0.1,0
1944,1.72531941677171,1,0,0,0.1,0.06,-0.04
1945,-0.13941977593738,0,0,0,0.1,0.1,0
1946,-1.62793280418343,0,0,0,0.1,0.1,0
1947,-0.109040622855814,0,0,0,0.1,0.1,0
1948,0.536292498747323,0,1,0,0.1,0.1,0
1949,-0.38979028823996,0,1,0,0.1,0.1,0
1950,-0.997262995366205,0,1,0,0.1,0.1,0
1951,1.29255387146552,1,0,0,0.1,0.06,-0.04
1952,-0.266695951166652,0,1,0,0.1,0.1,0
1953,-0.444252201718462,0,0,0,0.1,0.1,0
1954,-0.106611352028603,0,1,0,0.1,0.1,0
1955,1.46221916100934,1,0,0,0.1,0.06,-0.04
1956,-0.266260583396394,0,1,0,0.1,0.1,0
1957,0.192654355483275,0,0,0,0.1,0.1,0
1958,-1.88611309377508,0,0,0,0.1,0.1,0
1959,-0.923433657218433,0,0,0,0.1,0.1,0
1960,-0.132923090842339,0,1,0,0.1,0.1,0
1961,-1.10097034317532,0,0,0,0.1,0.1,0
1962,-0.756160492873225,0,1,1,0.1,0.1,0
1963,-1.21606192971162,0,0,0,0.1,0.1,0
1964,0.43319680853539,0,0,0,0.1,0.1,0
1965,-0.845264661868974,0,1,0,0.1,0.1,0
1966,-0.848155473633198,0,0,1,0.1,0.1,0
1967,-0.0220758274104082,0,0,0,0.1,0.1,0
1968,-0.333078059307412,0,1,0,0.1,0.1,0
1969,0.258427724252759,0,1,0,0.1,0.1,0
1970,0.940143173645656,1,0,0,0.1,0.06,-0.04
1971,0.790497776946982,1,1,0,0.1,0.06,-0.04
1972,0.542748504736687,0,0,0,0.1,0.1,0
1973,0.0443740299648626,0,0,0,0.1,0.1,0
1974,-1.1746537474183,0,1,0,0.1,0.1,0
1975,1.1938334267143,1,1,1,0.1,0.06,-0.04
1976,0.252283377816512,0,0,0,0.1,0.1,0
1977,0.940529938829801,1,1,0,0.1,0.06,-0.04
1978,-0.214324538826503,0,0,1,0.1,0.1,0
1979,-1.53612573869117,0,1,0,0.1,0.1,0
1980,-0.658135185261665,0,1,0,0.1,0.1,0
1981,0.675892046374473,1,0,0,0.1,0.06,-0.04
1982,-0.306592155668158,0,0,0,0.1,0.1,0
1983,1.39964951798526,1,0,0,0.1,0.06,-0.04
1984,-1.30267046463459,0,1,0,0.1,0.1,0
1985,1.97774740304168,1,1,0,0.1,0.06,-0.04
1986,-0.600139874394099,0,0,0,0.1,0.1,0
1987,1.54066669068826,1,0,0,0.1,0.06,-0.04
1988,-1.569540961409,0,0,0,0.1,0.1,0
1989,-0.283659836289048,0,1,0,0.1,0.1,0
1990,-0.943580425192957,0,0,0,0.1,0.1,0
1991,-0.787150044782201,0,1,0,0.1,0.1,0
1992,-0.740811776634161,0,0,0,0.1,0.1,0
1993,0.297472251460506,0,0,0,0.1,0.1,0
1994,0.748294255194339,1,0,0,0.1,0.06,-0.04
1995,2.3263942607673,1,1,0,0.1,0.06,-0.04
1996,-0.68670968209482,0,0,0,0.1,0.1,0
1997,0.382031609303587,0,1,1,0.1,0.1,0
1998,0.340601689171168,0,1,0,0.1,0.1,0
1999,1.13015333969036,1,0,0,0.1,0.06,-0.04
2000,-1.08932184165862,0,1,0,0.1,0.1,0
2001,0.296944265823403,0,1,0,0.1,0.1,0
2002,-1.69687386116029,0,1,0,0.1,0.1,0
2003,-0.791983348464033,0,1,0,0.1,0.1,0
2004,0.0327867763614597,0,1,0,0.1,0.1,0
2005,0.316294241880124,0,1,0,0.1,0.1,0
2006,0.515658535858079,0,0,0,0.1,0.1,0
2007,-1.98451329280889,0,0,0,0.1,0.1,0
2008,-0.302334581316256,0,0,0,0.1,0.1,0
2009,-0.0157830300852862,0,0,0,0.1,0.1,0
2010,-1.72953952971244,0,0,0,0.1,0.1,0
2011,-1.57973000759127,0,0,0,0.1,0.1,0
2012,-0.704497405280719,0,0,0,0.1,0.1,0
2013,2.6323966819057,1,1,0,0.1,0.06,-0.04
2014,0.904695684429966,1,1,0,0.1,0.06,-0.04
2015,-1.03749050657418,0,0,0,0.1,0.1,0
2016,-0.110533464290819,0,1,0,0.1,0.1,0
2017,1.11103286761205,1,0,0,0.1,0.06,-0.04
2018,0.0454644961568452,0,1,0,0.1,0.1,0
2019,1.82542109215814,1,0,0,0.1,0.06,-0.04
2020,1.84385689299937,1,0,0,0.1,0.06,-0.04
2021,1.76342063241748,1,0,1,0.1,0.06,-0.04
2022,1.34857979958863,1,0,0,0.1,0.06,-0.04
2023,0.203529307332369,0,1,0,0.1,0.1,0
2024,0.671445834039644,0,0,0,0.1,0.1,0
2025,-1.59715292251756,0,1,0,0.1,0.1,0
2026,0.347552156158253,0,0,0,0.1,0.1,0
2027,-0.735364068643949,0,0,0,0.1,0.1,0
2028,0.0646981439547082,0,0,0,0.1,0.1,0
2029,-1.39815721243588,0,1,1,0.1,0.1,0
2030,0.6155933871347,0,1,0,0.1,0.1,0
2031,-0.197987854832203,0,0,0,0.1,0.1,0
2032,-0.527615866300497,0,1,0,0.1,0.1,0
2033,1.54435846692457,1,0,0,0.1,0.06,-0.04
2034,-0.987444544248076,0,0,0,0.1,0.1,0
2035,0.57458050169286,0,0,0,0.1,0.1,0
2036,-0.427977899172738,0,1,0,0.1,0.1,0
2037,0.100443739173521,0,1,0,0.1,0.1,0
2038,0.572315711934941,0,1,1,0.1,0.1,0
2039,0.0118801250129132,0,1,0,0.1,0.1,0
2040,-1.321563205846,0,0,0,0.1,0.1,0
2041,0.262539536006064,0,1,0,0.1,0.1,0
2042,0.668437410819055,0,1,1,0.1,0.1,0
2043,-0.195555063508737,0,0,0,0.1,0.1,0
2044,0.415869626211392,0,1,0,0.1,0.1,0
2045,0.654798385935985,0,0,0,0.1,0.1,0
2046,1.08215838180109,1,0,0,0.1,0.06,-0.04
2047,-0.0954546259905702,0,1,0,0.1,0.1,0
2048,-1.54806917308086,0,1,1,0.1,0.1,0
2049,1.01086264750081,1,1,0,0.1,0.06,-0.04
2050,0.00894570537125213,0,0,0,0.1,0.1,0
2051,0.595699288585968,0,1,0,0.1,0.1,0
2052,1.24020713408394,1,1,0,0.1,0.06,-0.04
2053,-1.19255598169785,0,0,0,0.1,0.1,0
2054,0.743482325845788,1,0,0,0.1,0.06,-0.04
2055,-0.901423197500755,0,1,0,0.1,0.1,0
2056,-0.676252134786774,0,1,0,0.1,0.1,0
2057,-0.57153252962269,0,1,0,0.1,0.1,0
2058,-0.323791955540652,0,0,0,0.1,0.1,0
2059,-0.956550904988058,0,1,0,0.1,0.1,0
2060,-0.46308204891227,0,0,0,0.1,0.1,0
2061,-0.110873455659742,0,1,0,0.1,0.1,0
2062,-0.226194696670135,0,0,0,0.1,0.1,0
2063,0.221609724387242,0,0,1,0.1,0.1,0
2064,-0.062198054573207,0,1,0,0.1,0.1,0
2065,-0.00696592103671991,0,1,0,0.1,0.1,0
2066,0.0388977469117575,0,1,1,0.1,0.1,0
2067,0.0786208901407269,0,1,1,0.1,0.1,0
2068,-0.176065286117483,0,1,0,0.1,0.1,0
2069,1.37605599314693,1,0,0,0.1,0.06,-0.04
2070,-2.18482408572536,0,0,0,0.1,0.1,0
2071,0.376089484788934,0,0,0,0.1,0.1,0
2072,-0.138229955667495,0,0,0,0.1,0.1,0
2073,-0.641623113151487,0,0,0,0.1,0.1,0
2074,-1.72543183511985,0,0,0,0.1,0.1,0
2075,-2.08834467390731,0,1,0,0.1,0.1,0
2076,0.536006030255064,0,1,0,0.1,0.1,0
2077,0.424834080814597,0,0,1,0.1,0.1,0
2078,0.42438046730583,0,0,0,0.1,0.1,0
2079,-0.779462164560395,0,1,1,0.1,0.1,0
2080,-0.381376200561809,0,0,0,0.1,0.1,0
2081,0.374057893770659,0,1,0,0.1,0.1,0
2082,-0.137114026756658,0,1,0,0.1,0.1,0
2083,-1.24621199367272,0,0,0,0.1,0.1,0
2084,0.761681021409821,1,0,0,0.1,0.06,-0.04
2085,2.19137177774394,1,1,0,0.1,0.06,-0.04
2086,-0.776895078505713,0,0,0,0.1,0.1,0
2087,1.2945824493217,1,1,0,0.1,0.06,-0.04
2088,-1.25117770821115,0,0,0,0.1,0.1,0
2089,0.882678526682064,1,0,0,0.1,0.06,-0.04
2090,0.126979678062118,0,0,0,0.1,0.1,0
2091,-0.538757421818408,0,1,0,0.1,0.1,0
2092,-0.178224913367314,0,0,0,0.1,0.1,0
2093,-1.66496590295357,0,1,0,0.1,0.1,0
2094,-1.9846201873067,0,1,0,0.1,0.1,0
2095,1.50358983855478,1,1,0,0.1,0.06,-0.04
2096,-1.54661776725943,0,0,0,0.1,0.1,0
2097,2.18053648421961,1,0,0,0.1,0.06,-0.04
2098,-0.49684529416274,0,1,0,0.1,0.1,0
2099,0.796089749790865,1,1,0,0.1,0.06,-0.04
2100,0.552815793423853,0,0,0,0.1,0.1,0
2101,0.546457535672248,0,0,0,0.1,0.1,0
2102,-1.01827111473183,0,0,0,0.1,0.1,0
2103,-0.222169303225685,0,0,0,0.1,0.1,0
2104,-0.952295090256448,0,1,0,0.1,0.1,0
2105,-0.974011492516169,0,0,0,0.1,0.1,0
2106,-0.806463736573008,0,0,0,0.1,0.1,0
2107,0.0384019648417041,0,0,0,0.1,0.1,0
2108,-2.00613893808417,0,1,0,0.1,0.1,0
2109,0.846803565604157,1,1,0,0.1,0.06,-0.04
2110,-1.27486071031351,0,0,0,0.1,0.1,0
2111,2.51330105525267,1,0,0,0.1,0.06,-0.04
2112,1.0565412595048,1,1,0,0.1,0.06,-0.04
2113,0.112245580455672,0,1,0,0.1,0.1,0
2114,-0.868219247432631,0,1,0,0.1,0.1,0
2115,-0.20692509626834,0,0,0,0.1,0.1,0
2116,0.00838019859522979,0,0,0,0.1,0.1,0
2117,-2.02256428085868,0,0,0,0.1,0.1,0
2118,2.07550167630711,1,0,0,0.1,0.06,-0.04
2119,-0.00119537434116851,0,1,0,0.1,0.1,0
2120,0.506687878183848,0,1,0,0.1,0.1,0
2121,-0.478869883553825,0,1,0,0.1,0.1,0
2122,1.6694414602666,1,0,0,0.1,0.06,-0.04
2123,0.247003034519765,0,1,0,0.1,0.1,0
2124,0.732613225095943,1,0,0,0.1,0.06,-0.04
2125,-0.678795212846961,0,0,0,0.1,0.1,0
2126,-0.27418436112712,0,1,0,0.1,0.1,0
2127,0.584308511927869,0,1,0,0.1,0.1,0
2128,-0.87616168311647,0,1,0,0.1,0.1,0
2129,0.478403033048784,0,0,0,0.1,0.1,0
2130,1.02847924694544,1,1,0,0.1,0.06,-0.04
2131,0.0968825202545485,0,0,0,0.1,0.1,0
2132,0.732998221201893,1,0,0,0.1,0.06,-0.04
2133,0.496906787357876,0,1,0,0.1,0.1,0
2134,-0.269093847600356,0,1,0,0.1,0.1,0
2135,0.542023480186897,0,1,0,0.1,0.1,0
2136,-0.146915156415793,0,0,0,0.1,0.1,0
2137,-1.10535306570727,0,1,0,0.1,0.1,0
2138,1.59970957184507,1,1,0,0.1,0.06,-0.04
2139,0.0364871183962058,0,1,0,0.1,0.1,0
2140,-0.0139920890078662,0,0,0,0.1,0.1,0
2141,0.229261807145621,0,1,0,0.1,0.1,0
2142,1.31103998961522,1,0,0,0.1,0.06,-0.04
2143,0.461234974182249,0,0,0,0.1,0.1,0
2144,-1.62204340065981,0,1,0,0.1,0.1,0
2145,-0.609312566201522,0,0,0,0.1,0.1,0
2146,1.33253598813474,1,1,0,0.1,0.06,-0.04
2147,-0.676703823222116,0,1,0,0.1,0.1,0
2148,1.05214957131398,1,1,0,0.1,0.06,-0.04
2149,0.168561942135736,0,0,0,0.1,0.1,0
2150,0.599148657060561,0,1,0,0.1,0.1,0
2151,-0.694356621210411,0,1,0,0.1,0.1,0
2152,0.459035538579377,0,1,0,0.1,0.1,0
2153,1.35486484030642,1,0,0,0.1,0.06,-0.04
2154,-0.553979217481316,0,1,0,0.1,0.1,0
2155,-0.466724305689147,0,0,0,0.1,0.1,0
2156,0.718910046742136,1,1,0,0.1,0.06,-0.04
2157,-0.594859083300062,0,0,1,0.1,0.1,0
2158,1.13796132513469,1,1,0,0.1,0.06,-0.04
2159,-0.477615045438325,0,0,0,0.1,0.1,0
2160,0.309491993796921,0,0,1,0.1,0.1,0
2161,-0.626651237383336,0,0,0,0.1,0.1,0
2162,-0.470165840600835,0,0,0,0.1,0.1,0
2163,0.69785803908324,1,1,0,0.1,0.06,-0.04
2164,0.0950556306870736,0,1,0,0.1,0.1,0
2165,0.979678275140234,1,0,0,0.1,0.06,-0.04
2166,-0.357614092777011,0,0,0,0.1,0.1,0
2167,0.11090947596576,0,1,0,0.1,0.1,0
2168,0.671185390651111,0,0,0,0.1,0.1,0
2169,0.299479557926592,0,1,0,0.1,0.1,0
2170,3.18958708552022,1,1,0,0.1,0.06,-0.04
2171,-1.27236615560619,0,1,0,0.1,0.1,0
2172,-0.22396151095508,0,1,0,0.1,0.1,0
2173,0.419605443756101,0,1,0,0.1,0.1,0
2174,1.42738609673696,1,0,0,0.1,0.06,-0.04
2175,-2.0497697161359,0,0,0,0.1,0.1,0
2176,-0.445938004415007,0,0,0,0.1,0.1,0
2177,0.570570155189767,0,1,0,0.1,0.1,0
2178,0.17032917219026,0,1,0,0.1,0.1,0
2179,-0.720780832415742,0,1,0,0.1,0.1,0
2180,0.746091974343764,1,1,0,0.1,0.06,-0.04
2181,1.21321689869708,1,0,0,0.1,0.06,-0.04
2182,-0.576655495079085,0,0,0,0.1,0.1,0
2183,-1.31415697267495,0,1,0,0.1,0.1,0
2184,0.96615917369463,1,1,0,0.1,0.06,-0.04
2185,0.863205255223146,1,0,0,0.1,0.06,-0.04
2186,-1.68862423120656,0,0,0,0.1,0.1,0
2187,1.44410016447666,1,0,0,0.1,0.06,-0.04
2188,0.910101279557832,1,0,0,0.1,0.06,-0.04
2189,0.148289120042382,0,0,0,0.1,0.1,0
2190,0.638753048980827,0,0,0,0.1,0.1,0
2191,0.449001171055005,0,1,0,0.1,0.1,0
2192,-0.0599639782899074,0,0,1,0.1,0.1,0
2193,-2.6354250021776,0,0,0,0.1,0.1,0
2194,0.9444679681802,1,1,0,0.1,0.06,-0.04
2195,0.287338118550737,0,1,0,0.1,0.1,0
2196,-0.639951208830984,0,1,1,0.1,0.1,0
2197,-0.42305929505784,0,1,0,0.1,0.1,0
2198,-1.12263767400568,0,0,0,0.1,0.1,0
2199,-1.40551278882452,0,1,0,0.1,0.1,0
2200,-0.234332319139999,0,1,0,0.1,0.1,0
2201,0.0615079263549458,0,0,0,0.1,0.1,0
2202,0.0683611483722261,0,1,0,0.1,0.1,0
2203,0.414587070279432,0,0,1,0.1,0.1,0
2204,0.328416127103356,0,0,0,0.1,0.1,0
2205,0.483753465184977,0,0,0,0.1,0.1,0
2206,-0.551621198383472,0,1,0,0.1,0.1,0
2207,0.891424833824736,1,0,0,0.1,0.06,-0.04
2208,0.544471614109652,0,0,1,0.1,0.1,0
2209,0.166844599944454,0,1,1,0.1,0.1,0
2210,1.30533603462309,1,1,0,0.1,0.06,-0.04
2211,-0.512646704967442,0,0,0,0.1,0.1,0
2212,-0.492883942977804,0,1,0,0.1,0.1,0
2213,1.75209861763868,1,0,0,0.1,0.06,-0.04
2214,0.906921365330295,1,1,0,0.1,0.06,-0.04
2215,-0.587563342062495,0,1,0,0.1,0.1,0
2216,-0.702477525198167,0,1,0,0.1,0.1,0
2217,0.523560302361412,0,1,0,0.1,0.1,0
2218,0.104010055845426,0,1,0,0.1,0.1,0
2219,-1.03976132924205,0,0,0,0.1,0.1,0
2220,-0.59431669946201,0,0,0,0.1,0.1,0
2221,-0.577473425632347,0,1,1,0.1,0.1,0
2222,0.254305529937978,0,0,0,0.1,0.1,0
2223,0.129909413754532,0,1,1,0.1,0.1,0
2224,0.689201429332557,1,1,0,0.1,0.06,-0.04
2225,1.69916053983762,1,0,0,0.1,0.06,-0.04
2226,-1.85465968086423,0,1,0,0.1,0.1,0
2227,-0.279616441968026,0,1,0,0.1,0.1,0
2228,0.674877103782784,1,0,0,0.1,0.06,-0.04
2229,-0.615143183753356,0,1,0,0.1,0.1,0
2230,0.246737052338585,0,0,0,0.1,0.1,0
2231,-1.31421586653793,0,0,0,0.1,0.1,0
2232,1.09087755958561,1,1,1,0.1,0.06,-0.04
2233,2.04012317816008,1,1,0,0.1,0.06,-0.04
2234,-2.47102629749844,0,1,0,0.1,0.1,0
2235,-0.272263502436624,0,0,0,0.1,0.1,0
2236,-1.84096701812542,0,0,0,0.1,0.1,0
2237,0.568845657380012,0,1,0,0.1,0.1,0
2238,0.454467657666256,0,0,0,0.1,0.1,0
2239,-0.837733341146254,0,1,0,0.1,0.1,0
2240,-1.15443780902142,0,0,0,0.1,0.1,0
2241,-1.46843187273168,0,0,0,0.1,0.1,0
2242,1.32362198952497,1,0,0,0.1,0.06,-0.04
2243,0.532113271397226,0,0,0,0.1,0.1,0
2244,-1.01546561321535,0,1,0,0.1,0.1,0
2245,0.862237773042137,1,0,0,0.1,0.06,-0.04
2246,0.270978636557461,0,1,0,0.1,0.1,0
2247,0.51863222868274,0,0,1,0.1,0.1,0
2248,-0.41143291419993,0,1,1,0.1,0.1,0
2249,0.848933349723681,1,1,0,0.1,0.06,-0.04
2250,-0.105732083064373,0,1,0,0.1,0.1,0
2251,-0.478523048414543,0,0,0,0.1,0.1,0
2252,0.845752271874591,1,1,0,0.1,0.06,-0.04
2253,-0.304199938974554,0,0,0,0.1,0.1,0
2254,-0.314292763816064,0,0,1,0.1,0.1,0
2255,-0.22949068417321,0,0,0,0.1,0.1,0
2256,-0.447696602075625,0,1,1,0.1,0.1,0
2257,1.10164339081483,1,1,0,0.1,0.06,-0.04
2258,0.377702538079392,0,1,0,0.1,0.1,0
2259,1.91086609022677,1,1,0,0.1,0.06,-0.04
2260,1.36764207307711,1,0,0,0.1,0.06,-0.04
2261,0.692555181805451,1,1,0,0.1,0.06,-0.04
2262,1.43426881343473,1,1,1,0.1,0.06,-0.04
2263,0.771547380148031,1,1,0,0.1,0.06,-0.04
2264,-0.649263638469147,0,0,0,0.1,0.1,0
2265,2.18919275695767,1,1,0,0.1,0.06,-0.04
2266,-0.345874070795966,0,0,0,0.1,0.1,0
2267,0.923262463483438,1,0,0,0.1,0.06,-0.04
2268,-0.412072080285428,0,1,0,0.1,0.1,0
2269,-2.57007188845485,0,1,0,0.1,0.1,0
2270,1.32158315947769,1,1,0,0.1,0.06,-0.04
2271,-1.21593862458616,0,0,0,0.1,0.1,0
2272,-0.0612643488498321,0,0,0,0.1,0.1,0
2273,-1.4570301514793,0,1,0,0.1,0.1,0
2274,-0.99673898101568,0,0,1,0.1,0.1,0
2275,-0.347912312775302,0,1,0,0.1,0.1,0
2276,0.703031274470235,1,0,0,0.1,0.06,-0.04
2277,0.430523250511076,0,1,0,0.1,0.1,0
2278,0.553273175258018,0,1,0,0.1,0.1,0
2279,1.15788029102872,1,1,0,0.1,0.06,-0.04
2280,0.0100176170687915,0,0,0,0.1,0.1,0
2281,-0.571618344756196,0,0,0,0.1,0.1,0
2282,-2.60377815870704,0,1,0,0.1,0.1,0
2283,-0.84241708069877,0,1,0,0.1,0.1,0
2284,-1.28970744167081,0,1,0,0.1,0.1,0
2285,-1.39723492564328,0,0,0,0.1,0.1,0
2286,0.00819946741286449,0,0,0,0.1,0.1,0
2287,-0.891318676829971,0,1,0,0.1,0.1,0
2288,-0.555344104753751,0,1,0,0.1,0.1,0
2289,-0.222927471140033,0,0,0,0.1,0.1,0
2290,-0.329810914917737,0,1,0,0.1,0.1,0
2291,1.63510323360363,1,0,0,0.1,0.06,-0.04
2292,-0.645813823423963,0,0,1,0.1,0.1,0
2293,0.270002693368368,0,1,0,0.1,0.1,0
2294,-0.316425464004159,0,0,0,0.1,0.1,0
2295,-0.421592304820864,0,1,0,0.1,0.1,0
2296,0.946656928473442,1,0,0,0.1,0.06,-0.04
2297,1.39340779235511,1,1,0,0.1,0.06,-0.04
2298,0.0330882953889713,0,1,0,0.1,0.1,0
2299,0.607942125882047,0,1,0,0.1,0.1,0
2300,-0.120219082529889,0,0,0,0.1,0.1,0
2301,0.297750219796714,0,1,0,0.1,0.1,0
2302,-1.34581916972382,0,1,0,0.1,0.1,0
2303,-0.873669798562968,0,1,0,0.1,0.1,0
2304,-0.573434816705582,0,1,0,0.1,0.1,0
2305,-0.961466313694464,0,0,0,0.1,0.1,0
2306,0.43886981930328,0,1,1,0.1,0.1,0
2307,0.823473349093121,1,1,0,0.1,0.06,-0.04
2308,-1.54965633478974,0,1,0,0.1,0.1,0
2309,0.301391443055214,0,1,1,0.1,0.1,0
2310,0.28398381967467,0,0,1,0.1,0.1,0
2311,0.43044251105853,0,0,0,0.1,0.1,0
2312,-0.751603270798172,0,0,0,0.1,0.1,0
2313,-1.15094403662388,0,1,0,0.1,0.1,0
2314,0.460390984371871,0,0,0,0.1,0.1,0
2315,-1.32790480517548,0,1,0,0.1,0.1,0
2316,1.25593153580907,1,0,0,0.1,0.06,-0.04
2317,2.45847290919166,1,1,0,0.1,0.06,-0.04
2318,0.745851930771047,1,1,0,0.1,0.06,-0.04
2319,0.711796257153498,1,0,0,0.1,0.06,-0.04
2320,-0.850736846971655,0,1,0,0.1,0.1,0
2321,-0.66809625747909,0,0,0,0.1,0.1,0
2322,0.188364908863215,0,1,0,0.1,0.1,0
2323,0.421833573141022,0,0,1,0.1,0.1,0
2324,-1.45634979064767,0,1,0,0.1,0.1,0
2325,-0.411298259085148,0,1,0,0.1,0.1,0
2326,0.649429226742301,0,1,1,0.1,0.1,0
2327,1.95090727713496,1,1,0,0.1,0.06,-0.04
2328,-0.670793781730306,0,1,0,0.1,0.1,0
2329,-1.10038165591251,0,0,0,0.1,0.1,0
2330,-1.09575729488172,0,1,0,0.1,0.1,0
2331,0.167234901047348,0,0,0,0.1,0.1,0
2332,-0.357120512106979,0,1,0,0.1,0.1,0
2333,0.554283194415359,0,0,0,0.1,0.1,0
2334,0.477362958614124,0,1,0,0.1,0.1,0
2335,-0.44973331714724,0,1,0,0.1,0.1,0
2336,-0.350611249224114,0,1,1,0.1,0.1,0
2337,-1.78566179007329,0,0,0,0.1,0.1,0
2338,0.722867107169934,1,0,0,0.1,0.06,-0.04
2339,0.928609891569311,1,0,0,0.1,0.06,-0.04
2340,1.14281743723281,1,1,1,0.1,0.06,-0.04
2341,-1.21808960958446,0,1,0,0.1,0.1,0
2342,-0.729172552210614,0,0,1,0.1,0.1,0
2343,0.225231918679146,0,0,0,0.1,0.1,0
2344,0.582779776474106,0,1,0,0.1,0.1,0
2345,0.771823744554366,1,1,0,0.1,0.06,-0.04
2346,-0.759282718911806,0,0,0,0.1,0.1,0
2347,0.926117117964752,1,0,0,0.1,0.06,-0.04
2348,0.547735454348236,0,0,0,0.1,0.1,0
2349,-0.372281137561311,0,0,0,0.1,0.1,0
2350,0.457175727190912,0,0,0,0.1,0.1,0
2351,-1.26923629267884,0,0,0,0.1,0.1,0
2352,2.0147736684913,1,1,0,0.1,0.06,-0.04
2353,-0.760537316161597,0,1,1,0.1,0.1,0
2354,-0.267560867172803,0,1,0,0.1,0.1,0
2355,1.46707019246101,1,1,0,0.1,0.06,-0.04
2356,-1.51141701053419,0,0,0,0.1,0.1,0
2357,0.0186408819021596,0,1,0,0.1,0.1,0
2358,-0.533211338051451,0,1,0,0.1,0.1,0
2359,-0.52643422673045,0,1,0,0.1,0.1,0
2360,1.38375003593973,1,0,0,0.1,0.06,-0.04
2361,0.644532192428969,0,1,0,0.1,0.1,0
2362,-0.0351093274476803,0,0,0,0.1,0.1,0
2363,-0.309114917919254,0,0,0,0.1,0.1,0
2364,0.621778415742731,0,1,0,0.1,0.1,0
2365,1.10872899377283,1,1,0,0.1,0.06,-0.04
2366,1.55025993664599,1,1,0,0.1,0.06,-0.04
2367,-0.00523210064324077,0,1,0,0.1,0.1,0
2368,-0.605673905267615,0,1,0,0.1,0.1,0
2369,0.870190985368162,1,1,0,0.1,0.06,-0.04
2370,-0.352952146407235,0,0,0,0.1,0.1,0
2371,-0.277623920271834,0,0,0,0.1,0.1,0
2372,-0.175355608695547,0,0,0,0.1,0.1,0
2373,0.703928630567765,1,1,0,0.1,0.06,-0.04
2374,-0.198300325548399,0,0,0,0.1,0.1,0
2375,0.49468489820226,0,0,0,0.1,0.1,0
2376,-0.494424685374379,0,1,0,0.1,0.1,0
2377,1.65646886024065,1,1,0,0.1,0.06,-0.04
2378,0.0138091286958289,0,1,0,0.1,0.1,0
2379,0.566247113761752,0,0,0,0.1,0.1,0
2380,1.93859859476563,1,0,0,0.1,0.06,-0.04
2381,-0.827016032343945,0,0,0,0.1,0.1,0
2382,-0.0612223169699808,0,0,0,0.1,0.1,0
2383,0.502303181478963,0,0,0,0.1,0.1,0
2384,0.200240252810619,0,1,0,0.1,0.1,0
2385,-0.00732056004668531,0,1,1,0.1,0.1,0
2386,0.54593735834663,0,1,0,0.1,0.1,0
2387,0.164359663187413,0,1,0,0.1,0.1,0
2388,-0.719815812651976,0,1,1,0.1,0.1,0
2389,-2.35944658663068,0,1,1,0.1,0.1,0
2390,0.901751267658688,1,1,0,0.1,0.06,-0.04
2391,-0.862221574521227,0,0,0,0.1,0.1,0
2392,0.971910720959926,1,0,0,0.1,0.06,-0.04
2393,0.873952621378722,1,1,0,0.1,0.06,-0.04
2394,0.904428226304147,1,1,0,0.1,0.06,-0.04
2395,-0.559317961370004,0,0,0,0.1,0.1,0
2396,0.36278892285498,0,0,0,0.1,0.1,0
2397,-0.059433848389069,0,0,0,0.1,0.1,0
2398,-0.273776861665897,0,0,1,0.1,0.1,0
2399,0.253323506857652,0,1,0,0.1,0.1,0
2400,1.33372078250399,1,1,0,0.1,0.06,-0.04
2401,-1.03425875931949,0,0,0,0.1,0.1,0
2402,0.807051314915975,1,0,1,0.1,0.06,-0.04
2403,-1.39985516064088,0,1,0,0.1,0.1,0
2404,0.12161966843364,0,0,0,0.1,0.1,0
2405,0.871768116675042,1,1,0,0.1,0.06,-0.04
2406,0.851767980281448,1,0,0,0.1,0.06,-0.04
2407,-1.47673515210302,0,1,0,0.1,0.1,0
2408,0.64713932139844,0,1,0,0.1,0.1,0
2409,-0.54123658716844,0,0,0,0.1,0.1,0
2410,0.628122742939033,0,1,0,0.1,0.1,0
2411,1.56655247242163,1,0,0,0.1,0.06,-0.04
2412,-1.0297572567157,0,0,1,0.1,0.1,0
2413,-1.33329395685685,0,0,0,0.1,0.1,0
2414,1.02300411257587,1,1,0,0.1,0.06,-0.04
2415,-0.666950336182227,0,0,0,0.1,0.1,0
2416,-1.44790453952193,0,0,0,0.1,0.1,0
2417,0.259701949530605,0,1,0,0.1,0.1,0
2418,0.601088447480703,0,1,0,0.1,0.1,0
2419,1.16957073110943,1,1,0,0.1,0.06,-0.04
2420,1.89065002344769,1,0,0,0.1,0.06,-0.04
2421,1.74988935294393,1,0,0,0.1,0.06,-0.04
2422,-0.569910328269837,0,1,0,0.1,0.1,0
2423,-1.23701444031606,0,0,0,0.1,0.1,0
2424,1.32577288029243,1,0,0,0.1,0.06,-0.04
2425,-0.0137073786726057,0,0,0,0.1,0.1,0
2426,0.515511252549709,0,0,0,0.1,0.1,0
2427,0.573608896705719,0,1,0,0.1,0.1,0
2428,-1.92349750804117,0,1,0,0.1,0.1,0
2429,2.61621854798349,1,1,0,0.1,0.06,-0.04
2430,1.09456193317945,1,1,0,0.1,0.06,-0.04
2431,-0.292554200921998,0,0,1,0.1,0.1,0
2432,-1.13166819812517,0,1,0,0.1,0.1,0
2433,-1.31950222555203,0,1,0,0.1,0.1,0
2434,0.916968438225909,1,1,0,0.1,0.06,-0.04
2435,0.361848072287928,0,1,0,0.1,0.1,0
2436,0.294910794057531,0,0,0,0.1,0.1,0
2437,-0.520469648343961,0,1,0,0.1,0.1,0
2438,-1.59520433863577,0,1,1,0.1,0.1,0
2439,1.99198442302026,1,0,0,0.1,0.06,-0.04
2440,-0.426703267095679,0,0,0,0.1,0.1,0
2441,1.35770609233762,1,1,0,0.1,0.06,-0.04
2442,-0.277003089136695,0,1,1,0.1,0.1,0
2443,1.14073742633086,1,0,0,0.1,0.06,-0.04
2444,-0.818247911546828,0,1,0,0.1,0.1,0
2445,0.465021766080961,0,0,0,0.1,0.1,0
2446,-0.58802159111301,0,1,0,0.1,0.1,0
2447,0.349138933382633,0,0,0,0.1,0.1,0
2448,0.167555315800992,0,0,0,0.1,0.1,0
2449,1.26554338873856,1,0,0,0.1,0.06,-0.04
2450,0.112331429559715,0,1,0,0.1,0.1,0
2451,0.100138156677709,0,0,0,0.1,0.1,0
2452,0.110693797744253,0,0,0,0.1,0.1,0
2453,-1.10392200969409,0,0,0,0.1,0.1,0
2454,-0.261856468989103,0,1,0,0.1,0.1,0
2455,0.710959474499099,1,0,0,0.1,0.06,-0.04
2456,-1.49778448311057,0,1,0,0.1,0.1,0
2457,-0.0705955531741927,0,0,0,0.1,0.1,0
2458,0.0415973887970815,0,1,0,0.1,0.1,0
2459,-1.2266181922327,0,0,0,0.1,0.1,0
2460,-0.0642556036631097,0,1,0,0.1,0.1,0
2461,-0.919092789281121,0,1,0,0.1,0.1,0
2462,0.198153709873878,0,1,0,0.1,0.1,0
2463,-1.33384953883921,0,1,0,0.1,0.1,0
2464,1.88414273389056,1,1,0,0.1,0.06,-0.04
2465,0.255879149191188,0,0,0,0.1,0.1,0
2466,-1.22048656222792,0,0,0,0.1,0.1,0
2467,-1.45730527007563,0,0,1,0.1,0.1,0
2468,-1.35128776712327,0,0,0,0.1,0.1,0
2469,0.535543427660109,0,0,0,0.1,0.1,0
2470,-1.03107804591895,0,0,0,0.1,0.1,0
2471,-2.57514756359777,0,0,0,0.1,0.1,0
2472,1.68501653843576,1,1,0,0.1,0.06,-0.04
2473,0.134069830138177,0,1,1,0.1,0.1,0
2474,0.789850544964298,1,0,0,0.1,0.06,-0.04
2475,-1.10488546936815,0,1,0,0.1,0.1,0
2476,1.38565956652199,1,1,0,0.1,0.06,-0.04
2477,-0.204004580965384,0,0,0,0.1,0.1,0
2478,0.883154838407234,1,1,0,0.1,0.06,-0.04
2479,-0.817396374820741,0,1,0,0.1,0.1,0
2480,0.0844492481875513,0,0,0,0.1,0.1,0
2481,-0.973372924044002,0,1,0,0.1,0.1,0
2482,0.308808464926332,0,0,0,0.1,0.1,0
2483,-0.575253107115516,0,1,0,0.1,0.1,0
2484,1.53622539752544,1,0,0,0.1,0.06,-0.04
2485,1.45335321580439,1,1,0,0.1,0.06,-0.04
2486,0.258116848435178,0,1,0,0.1,0.1,0
2487,-1.20623790884238,0,0,0,0.1,0.1,0
2488,-1.21347300301492,0,1,0,0.1,0.1,0
2489,0.854830216262786,1,1,0,0.1,0.06,-0.04
2490,0.658236380844375,0,1,0,0.1,0.1,0
2491,0.888684023612178,1,1,0,0.1,0.06,-0.04
2492,-0.699038965779166,0,1,0,0.1,0.1,0
2493,-0.51134085959707,0,1,0,0.1,0.1,0
2494,-1.33053944008045,0,1,0,0.1,0.1,0
2495,-0.926257178744273,0,1,0,0.1,0.1,0
2496,-0.871896717497115,0,1,0,0.1,0.1,0
2497,1.17675062177275,1,1,1,0.1,0.06,-0.04
2498,1.06121315788847,1,0,0,0.1,0.06,-0.04
2499,0.44621742740146,0,1,0,0.1,0.1,0
2500,1.00710739825838,1,0,1,0.1,0.06,-0.04
2501,1.41284068013459,1,1,0,0.1,0.06,-0.04
2502,0.128411888597576,0,0,0,0.1,0.1,0
2503,-0.372566291644314,0,1,0,0.1,0.1,0
2504,-0.644506892149851,0,1,0,0.1,0.1,0
2505,-0.976430919137087,0,1,0,0.1,0.1,0
2506,-1.19984506450034,0,1,0,0.1,0.1,0
2507,0.0992185093499291,0,1,0,0.1,0.1,0
2508,-1.16691607574095,0,1,0,0.1,0.1,0
2509,-0.211444492874897,0,1,0,0.1,0.1,0
2510,-0.406742901295207,0,1,0,0.1,0.1,0
2511,0.774229379155726,1,1,0,0.1,0.06,-0.04
2512,-2.27304280012267,0,1,0,0.1,0.1,0
2513,-1.94880234420484,0,1,0,0.1,0.1,0
2514,0.401950646701259,0,0,0,0.1,0.1,0
2515,-0.184226501737449,0,1,0,0.1,0.1,0
2516,0.758618216445941,1,0,0,0.1,0.06,-0.04
2517,0.391402964664233,0,0,0,0.1,0.1,0
2518,-0.65606290178611,0,1,0,0.1,0.1,0
2519,-1.02190333767598,0,1,0,0.1,0.1,0
2520,0.185873329890485,0,0,0,0.1,0.1,0
2521,-0.228376546730994,0,1,0,0.1,0.1,0
2522,0.0776361108016931,0,1,0,0.1,0.1,0
2523,1.58409596344894,1,0,0,0.1,0.06,-0.04
2524,-0.737774381011341,0,1,0,0.1,0.1,0
2525,-1.38131108902648,0,0,0,0.1,0.1,0
2526,0.115964019895703,0,0,0,0.1,0.1,0
2527,-1.68458513341393,0,0,0,0.1,0.1,0
2528,-0.447494407339892,0,0,1,0.1,0.1,0
2529,0.150898218771173,0,0,0,0.1,0.1,0
2530,1.26381042950698,1,0,0,0.1,0.06,-0.04
2531,1.191101857575,1,0,0,0.1,0.06,-0.04
2532,-0.462420177961153,0,0,0,0.1,0.1,0
2533,-0.124458024968795,0,0,0,0.1,0.1,0
2534,-0.774429018744234,0,1,0,0.1,0.1,0
2535,-0.0378221411509546,0,1,0,0.1,0.1,0
2536,-0.103692357386301,0,1,0,0.1,0.1,0
2537,2.10330884000158,1,0,0,0.1,0.06,-0.04
2538,0.495731270938317,0,0,0,0.1,0.1,0
2539,1.45336102005472,1,1,0,0.1,0.06,-0.04
2540,0.124456544598553,0,1,0,0.1,0.1,0
2541,0.872157892807481,1,1,0,0.1,0.06,-0.04
2542,-0.0883147426133539,0,1,1,0.1,0.1,0
2543,0.113767767124773,0,0,0,0.1,0.1,0
2544,-1.69946130678652,0,0,1,0.1,0.1,0
2545,1.28737773755678,1,1,0,0.1,0.06,-0.04
2546,-0.27587187021753,0,1,0,0.1,0.1,0
2547,1.44768154288125,1,0,0,0.1,0.06,-0.04
2548,-0.536810621317533,0,1,0,0.1,0.1,0
2549,0.0506363524954225,0,1,0,0.1,0.1,0
2550,0.490656331610457,0,0,0,0.1,0.1,0
2551,-0.19229892688883,0,1,0,0.1,0.1,0
2552,-1.8717791187111,0,0,0,0.1,0.1,0
2553,-1.15041843363202,0,1,0,0.1,0.1,0
2554,-0.0675785944335852,0,0,0,0.1,0.1,0
2555,-1.67480048523709,0,1,0,0.1,0.1,0
2556,1.52076015226777,1,0,0,0.1,0.06,-0.04
2557,-0.0170485447533707,0,1,0,0.1,0.1,0
2558,-0.0449625859378224,0,0,0,0.1,0.1,0
2559,0.066643019787362,0,0,0,0.1,0.1,0
2560,0.306561624620739,0,0,0,0.1,0.1,0
2561,0.990658060681553,1,0,0,0.1,0.06,-0.04
2562,-1.20514101185594,0,0,0,0.1,0.1,0
2563,1.69347058500736,1,0,0,0.1,0.06,-0.04
2564,-0.0159917883304852,0,1,0,0.1,0.1,0
2565,-0.656413561387196,0,0,0,0.1,0.1,0
2566,0.0203624779317125,0,0,0,0.1,0.1,0
2567,-0.285828918608726,0,0,0,0.1,0.1,0
2568,-0.791513009341585,0,1,1,0.1,0.1,0
2569,0.29839976772546,0,1,1,0.1,0.1,0
2570,-2.21301613049517,0,0,0,0.1,0.1,0
2571,-0.771071248627159,0,0,0,0.1,0.1,0
2572,0.0236584750187202,0,1,0,0.1,0.1,0
2573,1.82967603579035,1,0,0,0.1,0.06,-0.04
2574,-1.12051604107915,0,1,0,0.1,0.1,0
2575,-0.75016551591825,0,0,0,0.1,0.1,0
2576,0.292853863283689,0,0,0,0.1,0.1,0
2577,-0.358596054974137,0,1,0,0.1,0.1,0
2578,0.0306228923400442,0,1,0,0.1,0.1,0
2579,1.02619949526758,1,1,0,0.1,0.06,-0.04
2580,-0.20370602651281,0,0,0,0.1,0.1,0
2581,0.975698873576102,1,0,0,0.1,0.06,-0.04
2582,-1.26306020147455,0,0,0,0.1,0.1,0
2583,-1.10144771700028,0,1,0,0.1,0.1,0
2584,-0.88852911429365,0,0,0,0.1,0.1,0
2585,0.693055160798503,1,1,0,0.1,0.06,-0.04
2586,-1.98378620824578,0,0,0,0.1,0.1,0
2587,-0.00567996454789316,0,1,0,0.1,0.1,0
2588,0.699796606505312,1,0,0,0.1,0.06,-0.04
2589,0.338239993630442,0,1,0,0.1,0.1,0
2590,1.04202512817555,1,1,1,0.1,0.06,-0.04
2591,-0.192987582857708,0,0,0,0.1,0.1,0
2592,-0.856982243741404,0,1,0,0.1,0.1,0
2593,-0.819814154883105,0,1,0,0.1,0.1,0
2594,0.640987115297172,0,0,0,0.1,0.1,0
2595,-0.309286169956117,0,1,0,0.1,0.1,0
2596,-3.48833018974579,0,0,0,0.1,0.1,0
2597,0.29277234805278,0,1,0,0.1,0.1,0
2598,0.366627647760321,0,0,0,0.1,0.1,0
2599,1.38891494867892,1,0,0,0.1,0.06,-0.04
2600,-0.16425384580419,0,0,0,0.1,0.1,0
2601,-0.627089708360403,0,1,0,0.1,0.1,0
2602,-0.157556959956363,0,1,0,0.1,0.1,0
2603,0.406016494237159,0,0,0,0.1,0.1,0
2604,1.82403833031684,1,0,0,0.1,0.06,-0.04
2605,0.551272938642429,0,0,0,0.1,0.1,0
2606,0.306142242902631,0,0,0,0.1,0.1,0
2607,-0.332643595658333,0,1,0,0.1,0.1,0
2608,-0.0255064740911475,0,0,0,0.1,0.1,0
2609,-0.49672170779483,0,0,0,0.1,0.1,0
2610,-0.678005022193783,0,0,1,0.1,0.1,0
2611,0.332485410917222,0,1,0,0.1,0.1,0
2612,-0.248252109827003,0,1,0,0.1,0.1,0
2613,0.727837769607773,1,0,1,0.1,0.06,-0.04
2614,0.662195626284827,0,0,0,0.1,0.1,0
2615,0.692879326027102,1,1,0,0.1,0.06,-0.04
2616,2.12002725868131,1,1,1,0.1,0.06,-0.04
2617,-0.23989419649625,0,0,0,0.1,0.1,0
2618,-0.842577008784463,0,0,0,0.1,0.1,0
2619,-0.950655774935206,0,1,0,0.1,0.1,0
2620,-0.0994123726744335,0,0,0,0.1,0.1,0
2621,-1.16159235720421,0,0,0,0.1,0.1,0
2622,-1.11662996414628,0,0,0,0.1,0.1,0
2623,-0.544147157667603,0,1,0,0.1,0.1,0
2624,0.897738343769313,1,0,0,0.1,0.06,-0.04
2625,-0.173453886999253,0,1,0,0.1,0.1,0
2626,1.47013314678344,1,0,0,0.1,0.06,-0.04
2627,0.66286963250039,0,1,0,0.1,0.1,0
2628,-0.739055671919952,0,0,0,0.1,0.1,0
2629,0.178672139035916,0,0,0,0.1,0.1,0
2630,1.55449337670361,1,0,0,0.1,0.06,-0.04
2631,-0.670995794725839,0,0,0,0.1,0.1,0
2632,2.94359643531578,1,1,1,0.1,0.06,-0.04
2633,-0.885993854701776,0,0,0,0.1,0.1,0
2634,1.68790586657515,1,1,0,0.1,0.06,-0.04
2635,-0.71093895011581,0,1,0,0.1,0.1,0
2636,0.65160104841617,0,1,0,0.1,0.1,0
2637,1.854605391296,1,1,0,0.1,0.06,-0.04
2638,0.0470322475085475,0,0,0,0.1,0.1,0
2639,0.434333600812713,0,0,0,0.1,0.1,0
2640,0.848016138596426,1,1,0,0.1,0.06,-0.04
2641,0.841029661696019,1,1,0,0.1,0.06,-0.04
2642,0.946884050622308,1,0,0,0.1,0.06,-0.04
2643,-1.44679600218167,0,0,1,0.1,0.1,0
2644,-0.901004114411614,0,0,0,0.1,0.1,0
2645,-0.828162032774136,0,1,0,0.1,0.1,0
2646,-0.318792265883333,0,1,0,0.1,0.1,0
2647,-0.579012512945318,0,1,0,0.1,0.1,0
2648,0.507758401556507,0,1,1,0.1,0.1,0
2649,-0.543647270428928,0,0,0,0.1,0.1,0
2650,-0.750980453733651,0,0,0,0.1,0.1,0
2651,-2.14812611581983,0,0,1,0.1,0.1,0
2652,0.00273355698837805,0,0,0,0.1,0.1,0
2653,-1.82036750315065,0,1,0,0.1,0.1,0
2654,0.595522167740539,0,0,0,0.1,0.1,0
2655,-0.338855147883107,0,0,0,0.1,0.1,0
2656,0.17557002756733,0,1,0,0.1,0.1,0
2657,-0.653767073717048,0,1,0,0.1,0.1,0
2658,0.445453279206082,0,0,0,0.1,0.1,0
2659,1.61779280561552,1,0,0,0.1,0.06,-0.04
2660,0.603572774319489,0,1,0,0.1,0.1,0
2661,0.537452939949351,0,0,0,0.1,0.1,0
2662,0.358870755308465,0,1,0,0.1,0.1,0
2663,0.30776146586694,0,0,0,0.1,0.1,0
2664,-0.728772808529695,0,1,0,0.1,0.1,0
2665,0.812889752099623,1,0,0,0.1,0.06,-0.04
2666,-0.424203833520592,0,0,1,0.1,0.1,0
2667,1.72331936705514,1,1,0,0.1,0.06,-0.04
2668,0.506982402993924,0,0,0,0.1,0.1,0
2669,-1.12767314627872,0,0,0,0.1,0.1,0
2670,-0.503896555995569,0,0,0,0.1,0.1,0
2671,-0.928588115283802,0,1,0,0.1,0.1,0
2672,-1.8820530251854,0,0,0,0.1,0.1,0
2673,-1.53172718211907,0,0,0,0.1,0.1,0
2674,-0.924505206552973,0,1,0,0.1,0.1,0
2675,0.083856455574143,0,0,0,0.1,0.1,0
2676,-0.0737597820449489,0,1,0,0.1,0.1,0
2677,-0.282287591656658,0,1,0,0.1,0.1,0
2678,-0.0203556204207207,0,1,0,0.1,0.1,0
2679,0.613859089066389,0,0,0,0.1,0.1,0
2680,0.837158553182426,1,0,0,0.1,0.06,-0.04
2681,0.947277980964695,1,0,0,0.1,0.06,-0.04
2682,1.02654470629604,1,0,0,0.1,0.06,-0.04
2683,-1.3530534825965,0,0,0,0.1,0.1,0
2684,-0.74263124710023,0,1,0,0.1,0.1,0
2685,0.877877126106275,1,0,1,0.1,0.06,-0.04
2686,1.70109781129838,1,0,0,0.1,0.06,-0.04
2687,-1.04612745529059,0,0,0,0.1,0.1,0
2688,-1.79602630281387,0,0,0,0.1,0.1,0
2689,-1.8616427248514,0,1,0,0.1,0.1,0
2690,-1.06291458279712,0,1,0,0.1,0.1,0
2691,-1.09914670373487,0,0,0,0.1,0.1,0
2692,-2.50112654897972,0,1,0,0.1,0.1,0
2693,-0.089075612897812,0,1,0,0.1,0.1,0
2694,0.736081597487808,1,1,0,0.1,0.06,-0.04
2695,0.346221446938834,0,0,0,0.1,0.1,0
2696,-0.0960715650900813,0,0,0,0.1,0.1,0
2697,1.2551905976266,1,0,0,0.1,0.06,-0.04
2698,-0.43004340746653,0,0,0,0.1,0.1,0
2699,0.403169906190706,0,1,0,0.1,0.1,0
2700,-0.397560983794508,0,0,0,0.1,0.1,0
2701,-2.29282307007171,0,1,0,0.1,0.1,0
2702,-0.455503356173776,0,0,0,0.1,0.1,0
2703,-0.429048251418732,0,0,0,0.1,0.1,0
2704,1.6019299229629,1,1,0,0.1,0.06,-0.04
2705,-1.07986844385679,0,0,0,0.1,0.1,0
2706,0.0671764020236515,0,0,0,0.1,0.1,0
2707,1.03635281955122,1,1,0,0.1,0.06,-0.04
2708,-0.802972902756994,0,0,0,0.1,0.1,0
2709,-1.67163166434281,0,0,0,0.1,0.1,0
2710,0.607118485195358,0,0,0,0.1,0.1,0
2711,-0.594066953796778,0,0,0,0.1,0.1,0
2712,1.34214712788231,1,0,0,0.1,0.06,-0.04
2713,-1.1189488710742,0,1,1,0.1,0.1,0
2714,-0.00694632381517917,0,1,0,0.1,0.1,0
2715,-1.6517405177453,0,1,0,0.1,0.1,0
2716,-1.73573745037961,0,1,0,0.1,0.1,0
2717,0.929448600286653,1,0,0,0.1,0.06,-0.04
2718,-0.375069819054419,0,1,0,0.1,0.1,0
2719,-1.34777606982587,0,1,0,0.1,0.1,0
2720,1.18353301235741,1,1,0,0.1,0.06,-0.04
2721,1.06737204046453,1,1,0,0.1,0.06,-0.04
2722,0.0831602078043581,0,0,0,0.1,0.1,0
2723,-0.780022661992853,0,0,0,0.1,0.1,0
2724,0.251911439153925,0,0,1,0.1,0.1,0
2725,-0.843804165421916,0,0,0,0.1,0.1,0
2726,-0.406376442460523,0,1,0,0.1,0.1,0
2727,-0.598975008305693,0,0,1,0.1,0.1,0
2728,1.14125612877099,1,1,0,0.1,0.06,-0.04
2729,0.735310821251812,1,1,0,0.1,0.06,-0.04
2730,-0.196579319072946,0,1,0,0.1,0.1,0
2731,-0.97180988784337,0,0,0,0.1,0.1,0
2732,0.227645441537357,0,1,0,0.1,0.1,0
2733,-2.06143366104749,0,0,0,0.1,0.1,0
2734,-1.305313313231,0,1,0,0.1,0.1,0
2735,-0.394131134097959,0,0,0,0.1,0.1,0
2736,-0.413740824495735,0,1,0,0.1,0.1,0
2737,1.70791968326023,1,0,0,0.1,0.06,-0.04
2738,0.527918572172007,0,0,0,0.1,0.1,0
2739,0.120322292435875,0,0,0,0.1,0.1,0
2740,-0.368993390426524,0,1,0,0.1,0.1,0
2741,0.762315971875576,1,1,0,0.1,0.06,-0.04
2742,-0.451287734610492,0,0,1,0.1,0.1,0
2743,0.550383217251446,0,0,1,0.1,0.1,0
2744,0.52883533489249,0,1,1,0.1,0.1,0
2745,0.380554287122322,0,1,0,0.1,0.1,0
2746,-1.50154796348239,0,0,0,0.1,0.1,0
2747,1.53133852843263,1,1,0,0.1,0.06,-0.04
2748,1.23631891968991,1,0,0,0.1,0.06,-0.04
2749,0.734977225032321,1,1,0,0.1,0.06,-0.04
2750,1.16413744149305,1,0,0,0.1,0.06,-0.04
2751,-0.665400813294184,0,1,0,0.1,0.1,0
2752,1.6906573354097,1,0,0,0.1,0.06,-0.04
2753,1.0240672098162,1,1,0,0.1,0.06,-0.04
2754,0.265141515275045,0,0,0,0.1,0.1,0
2755,0.111081145858412,0,1,0,0.1,0.1,0
2756,-0.203151460170877,0,1,0,0.1,0.1,0
2757,-0.0914152439309071,0,0,0,0.1,0.1,0
2758,1.05951546980798,1,0,0,0.1,0.06,-0.04
2759,0.0134046470337234,0,1,1,0.1,0.1,0
2760,-0.747352961145007,0,0,0,0.1,0.1,0
2761,-1.6525666035315,0,0,0,0.1,0.1,0
2762,0.584104373062072,0,1,0,0.1,0.1,0
2763,-0.000991881562498056,0,0,0,0.1,0.1,0
2764,-1.19177390375537,0,1,0,0.1,0.1,0
2765,0.493776240480765,0,0,0,0.1,0.1,0
2766,0.601826019718805,0,0,0,0.1,0.1,0
2767,0.349121788168308,0,0,0,0.1,0.1,0
2768,1.19030133946298,1,0,0,0.1,0.06,-0.04
2769,0.882934781682026,1,1,0,0.1,0.06,-0.04
2770,0.611715272196119,0,0,0,0.1,0.1,0
2771,-0.0730688338496914,0,1,0,0.1,0.1,0
2772,0.825278292082905,1,1,0,0.1,0.06,-0.04
2773,-0.282802837017922,0,0,0,0.1,0.1,0
2774,-0.722261588628355,0,1,0,0.1,0.1,0
2775,-1.59524959066616,0,0,0,0.1,0.1,0
2776,1.01850755692251,1,0,0,0.1,0.06,-0.04
2777,-0.0270083373042684,0,0,0,0.1,0.1,0
2778,-0.0543391232021184,0,1,0,0.1,0.1,0
2779,-0.991106694979613,0,1,0,0.1,0.1,0
2780,-0.323949391331959,0,1,0,0.1,0.1,0
2781,-0.622504460448859,0,1,0,0.1,0.1,0
2782,-0.348200149393584,0,1,0,0.1,0.1,0
2783,-1.37421261278627,0,1,0,0.1,0.1,0
2784,0.706611489483403,1,0,0,0.1,0.06,-0.04
2785,-1.34866600805659,0,0,0,0.1,0.1,0
2786,0.716873948025129,1,1,0,0.1,0.06,-0.04
2787,0.93199637150043,1,0,0,0.1,0.06,-0.04
2788,0.990030988553498,1,1,0,0.1,0.06,-0.04
2789,0.228600576263986,0,1,0,0.1,0.1,0
2790,-1.25148204925423,0,0,0,0.1,0.1,0
2791,0.247286575878416,0,1,0,0.1,0.1,0
2792,1.76150492151668,1,0,0,0.1,0.06,-0.04
2793,-0.0421735451201156,0,0,0,0.1,0.1,0
2794,1.22911418978136,1,1,0,0.1,0.06,-0.04
2795,0.671081151969792,0,1,0,0.1,0.1,0
2796,-0.723690136414899,0,1,0,0.1,0.1,0
2797,-0.677768391342829,0,0,0,0.1,0.1,0
2798,0.878216418006986,1,1,0,0.1,0.06,-0.04
2799,0.276404160149559,0,1,0,0.1,0.1,0
2800,-1.14326426501259,0,1,0,0.1,0.1,0
2801,-0.867753441668549,0,1,0,0.1,0.1,0
2802,-1.24863751814764,0,0,0,0.1,0.1,0
2803,0.200105908952611,0,0,0,0.1,0.1,0
2804,0.596227590701859,0,1,0,0.1,0.1,0
2805,1.66745640638264,1,1,0,0.1,0.06,-0.04
2806,0.772028280765098,1,0,0,0.1,0.06,-0.04
2807,1.65274581157582,1,0,0,0.1,0.06,-0.04
2808,-1.34866873869829,0,1,0,0.1,0.1,0
2809,-1.13336612717853,0,1,0,0.1,0.1,0
2810,1.11116991819172,1,1,0,0.1,0.06,-0.04
2811,-0.711566194854273,0,0,0,0.1,0.1,0
2812,0.217501614215895,0,1,1,0.1,0.1,0
2813,0.486181492463474,0,0,0,0.1,0.1,0
2814,0.371951650505906,0,1,0,0.1,0.1,0
2815,0.211964331672036,0,1,0,0.1,0.1,0
2816,0.516836801328593,0,0,0,0.1,0.1,0
2817,0.798495538747763,1,0,0,0.1,0.06,-0.04
2818,0.128902967556042,0,1,0,0.1,0.1,0
2819,-0.493922520031221,0,1,0,0.1,0.1,0
2820,-0.490707178161204,0,0,0,0.1,0.1,0
2821,0.412942666391015,0,0,0,0.1,0.1,0
2822,-0.685954000403548,0,0,0,0.1,0.1,0
2823,1.66370647567801,1,1,0,0.1,0.06,-0.04
2824,0.504516479920592,0,0,0,0.1,0.1,0
2825,-0.0423527720223282,0,1,0,0.1,0.1,0
2826,-0.677796368714234,0,1,1,0.1,0.1,0
2827,0.0803059096824565,0,0,0,0.1,0.1,0
2828,0.0984310121373731,0,0,0,0.1,0.1,0
2829,-0.576401015128866,0,1,0,0.1,0.1,0
2830,0.0592762067322211,0,1,1,0.1,0.1,0
2831,1.59081622924125,1,0,1,0.1,0.06,-0.04
2832,0.0339681024117267,0,1,0,0.1,0.1,0
2833,1.09731875005282,1,0,1,0.1,0.06,-0.04
2834,-0.483392834844528,0,0,0,0.1,0.1,0
2835,-0.148948454038962,0,0,0,0.1,0.1,0
2836,-1.07305021873098,0,0,1,0.1,0.1,0
2837,-0.267485468565639,0,0,0,0.1,0.1,0
2838,-0.735164673292604,0,0,0,0.1,0.1,0
2839,0.524408304617847,0,1,0,0.1,0.1,0
2840,0.0784835167105874,0,1,0,0.1,0.1,0
2841,0.90057250621237,1,0,0,0.1,0.06,-0.04
2842,0.968573643989376,1,1,0,0.1,0.06,-0.04
2843,-0.297182227491147,0,0,0,0.1,0.1,0
2844,0.452406261710395,0,0,0,0.1,0.1,0
2845,-1.27363834334506,0,0,0,0.1,0.1,0
2846,0.902456110548185,1,0,0,0.1,0.06,-0.04
2847,1.92522956437526,1,1,0,0.1,0.06,-0.04
2848,1.14044969840573,1,0,0,0.1,0.06,-0.04
2849,0.87232016933813,1,0,0,0.1,0.06,-0.04
2850,0.506894675888149,0,1,0,0.1,0.1,0
2851,0.938843136310316,1,1,0,0.1,0.06,-0.04
2852,0.584210598524953,0,1,0,0.1,0.1,0
2853,0.0561648468862593,0,1,0,0.1,0.1,0
2854,-1.10708065758499,0,0,0,0.1,0.1,0
2855,0.293862799721919,0,0,0,0.1,0.1,0
2856,0.588379258051203,0,1,0,0.1,0.1,0
2857,0.392046920455904,0,1,0,0.1,0.1,0
2858,-0.952321890556152,0,1,0,0.1,0.1,0
2859,-0.430138230903229,0,1,0,0.1,0.1,0
2860,0.890927222360005,1,0,0,0.1,0.06,-0.04
2861,0.564270177855122,0,0,0,0.1,0.1,0
2862,-1.02867140041501,0,0,0,0.1,0.1,0
2863,-0.381643317941539,0,0,0,0.1,0.1,0
2864,1.1027072904371,1,1,0,0.1,0.06,-0.04
2865,-0.025234161506908,0,0,0,0.1,0.1,0
2866,-0.553521800026692,0,1,0,0.1,0.1,0
2867,-0.272252086494981,0,0,0,0.1,0.1,0
2868,-2.49484401301933,0,0,0,0.1,0.1,0
2869,0.546292839254783,0,0,0,0.1,0.1,0
2870,1.82311303160039,1,1,1,0.1,0.06,-0.04
2871,-1.37898723676271,0,0,0,0.1,0.1,0
2872,0.207340223092006,0,0,0,0.1,0.1,0
2873,-0.413502247902772,0,0,0,0.1,0.1,0
2874,0.00360802721268234,0,0,0,0.1,0.1,0
2875,0.102138867977887,0,0,0,0.1,0.1,0
2876,0.521858348798498,0,0,0,0.1,0.1,0
2877,-0.297236236112762,0,0,0,0.1,0.1,0
2878,-0.421376503523633,0,1,0,0.1,0.1,0
2879,-1.03866366136708,0,1,0,0.1,0.1,0
2880,0.619061753253589,0,1,0,0.1,0.1,0
2881,-1.06172444222986,0,1,0,0.1,0.1,0
2882,-1.38143364234225,0,1,1,0.1,0.1,0
2883,-0.573979343763612,0,1,1,0.1,0.1,0
2884,-0.277980066834656,0,1,0,0.1,0.1,0
2885,1.71828921016267,1,1,0,0.1,0.06,-0.04
2886,0.174132401706998,0,0,1,0.1,0.1,0
2887,-1.19988826391236,0,1,0,0.1,0.1,0
2888,1.7998264385957,1,0,0,0.1,0.06,-0.04
2889,0.947134429810575,1,1,0,0.1,0.06,-0.04
2890,-0.0591577428976444,0,1,0,0.1,0.1,0
2891,0.34921279698974,0,0,0,0.1,0.1,0
2892,0.790683328242066,1,1,0,0.1,0.06,-0.04
2893,-1.34464947945829,0,1,0,0.1,0.1,0
2894,0.493017789213427,0,0,0,0.1,0.1,0
2895,0.0861559144717663,0,0,0,0.1,0.1,0
2896,-1.11171629277667,0,0,0,0.1,0.1,0
2897,-0.100282436678,0,1,0,0.1,0.1,0
2898,0.479993194212943,0,1,0,0.1,0.1,0
2899,-0.821860002253183,0,0,0,0.1,0.1,0
2900,-0.113865345319509,0,0,0,0.1,0.1,0
2901,-1.24286509753825,0,0,0,0.1,0.1,0
2902,-0.812651933289148,0,0,0,0.1,0.1,0
2903,-0.466744104091223,0,0,0,0.1,0.1,0
2904,1.76962745809774,1,1,0,0.1,0.06,-0.04
2905,0.117027239693785,0,1,0,0.1,0.1,0
2906,0.905225889135673,1,1,0,0.1,0.06,-0.04
2907,-2.13607139646717,0,1,0,0.1,0.1,0
2908,-0.0382177167740639,0,0,0,0.1,0.1,0
2909,-0.376539288007634,0,1,1,0.1,0.1,0
2910,0.867734527124241,1,0,0,0.1,0.06,-0.04
2911,-0.222182661561267,0,0,0,0.1,0.1,0
2912,-1.90839018459119,0,0,0,0.1,0.1,0
2913,1.00308179280423,1,0,0,0.1,0.06,-0.04
2914,0.621059434337213,0,1,0,0.1,0.1,0
2915,-0.83577616698346,0,1,0,0.1,0.1,0
2916,0.414301898767244,0,0,0,0.1,0.1,0
2917,0.829872057461181,1,0,1,0.1,0.06,-0.04
2918,0.123704482772678,0,1,0,0.1,0.1,0
2919,0.419938185919762,0,1,0,0.1,0.1,0
2920,1.56939612689503,1,0,0,0.1,0.06,-0.04
2921,0.964752076779395,1,0,0,0.1,0.06,-0.04
2922,0.554306860668619,0,1,0,0.1,0.1,0
2923,-0.448530356561228,0,0,0,0.1,0.1,0
2924,0.237667158122101,0,1,0,0.1,0.1,0
2925,1.65267046956327,1,1,0,0.1,0.06,-0.04
2926,0.537156065344781,0,0,0,0.1,0.1,0
2927,-0.922458323066002,0,0,1,0.1,0.1,0
2928,1.19371812901387,1,1,1,0.1,0.06,-0.04
2929,0.708265374758398,1,0,0,0.1,0.06,-0.04
2930,0.219094127232772,0,0,0,0.1,0.1,0
2931,-0.469477934388809,0,1,0,0.1,0.1,0
2932,3.00223488832226,1,0,0,0.1,0.06,-0.04
2933,0.3322914260142,0,0,0,0.1,0.1,0
2934,-1.74925813468506,0,0,0,0.1,0.1,0
2935,-1.89456182576877,0,0,0,0.1,0.1,0
2936,1.39043691383805,1,1,0,0.1,0.06,-0.04
2937,-0.939889190544709,0,0,0,0.1,0.1,0
2938,-0.20200859307206,0,0,0,0.1,0.1,0
2939,0.879738309964382,1,1,0,0.1,0.06,-0.04
2940,-0.478385066114229,0,1,0,0.1,0.1,0
2941,-2.04690419895082,0,1,0,0.1,0.1,0
2942,-0.0135092056313336,0,1,0,0.1,0.1,0
2943,-1.61730162926208,0,0,0,0.1,0.1,0
2944,-1.49235791172279,0,1,1,0.1,0.1,0
2945,0.122657831054627,0,0,0,0.1,0.1,0
2946,-0.724525194616961,0,1,0,0.1,0.1,0
2947,-0.457563565668357,0,0,0,0.1,0.1,0
2948,-0.136754597166522,0,0,0,0.1,0.1,0
2949,0.811823855669073,1,1,1,0.1,0.06,-0.04
2950,0.470346736166794,0,0,0,0.1,0.1,0
2951,-0.477736164643175,0,0,1,0.1,0.1,0
2952,-1.57492186389666,0,0,0,0.1,0.1,0
2953,-1.12642294059249,0,1,0,0.1,0.1,0
2954,1.35325276331932,1,1,0,0.1,0.06,-0.04
2955,0.0291051833785396,0,1,1,0.1,0.1,0
2956,-0.807573830655409,0,1,0,0.1,0.1,0
2957,-0.879065332440006,0,1,0,0.1,0.1,0
2958,-0.471227592429769,0,1,0,0.1,0.1,0
2959,1.41004557878599,1,0,0,0.1,0.06,-0.04
2960,-0.229960035164083,0,0,0,0.1,0.1,0
2961,-1.9547933668259,0,0,0,0.1,0.1,0
2962,-1.38612452019132,0,0,0,0.1,0.1,0
2963,1.60731984536128,1,0,0,0.1,0.06,-0.04
2964,0.626904406668848,0,1,0,0.1,0.1,0
2965,0.706339431999277,1,1,0,0.1,0.06,-0.04
2966,-0.553092603009368,0,1,0,0.1,0.1,0
2967,0.584622224253034,0,1,0,0.1,0.1,0
2968,0.395665027423898,0,1,0,0.1,0.1,0
2969,-0.786536666918219,0,1,1,0.1,0.1,0
2970,-0.128189525347728,0,1,0,0.1,0.1,0
2971,1.67693165513448,1,1,0,0.1,0.06,-0.04
2972,-0.275769719768007,0,0,0,0.1,0.1,0
2973,0.746701398632183,1,0,0,0.1,0.06,-0.04
2974,-0.803502821778316,0,0,0,0.1,0.1,0
2975,0.825997775298038,1,0,0,0.1,0.06,-0.04
2976,1.53530910561146,1,0,0,0.1,0.06,-0.04
2977,1.09713552145242,1,0,0,0.1,0.06,-0.04
2978,0.598829089574178,0,0,0,0.1,0.1,0
2979,1.20408083258125,1,0,0,0.1,0.06,-0.04
2980,0.415283962396821,0,1,0,0.1,0.1,0
2981,0.655232160210726,0,1,0,0.1,0.1,0
2982,1.27603799825951,1,0,1,0.1,0.06,-0.04
2983,0.786167000899363,1,0,0,0.1,0.06,-0.04
2984,1.53667016512927,1,0,0,0.1,0.06,-0.04
2985,-0.200321787425731,0,0,0,0.1,0.1,0
2986,1.05364061093543,1,0,0,0.1,0.06,-0.04
2987,0.332300198322771,0,0,0,0.1,0.1,0
2988,-0.180240090291111,0,0,0,0.1,0.1,0
2989,0.287672989090404,0,0,0,0.1,0.1,0
2990,0.737553979633961,1,0,0,0.1,0.06,-0.04
2991,0.911366202590042,1,1,0,0.1,0.06,-0.04
2992,0.112124793958753,0,0,0,0.1,0.1,0
2993,1.97529924680815,1,0,0,0.1,0.06,-0.04
2994,0.616823159369889,0,0,0,0.1,0.1,0
2995,1.44916823900233,1,0,0,0.1,0.06,-0.04
2996,0.0905015382877574,0,0,1,0.1,0.1,0
2997,0.52097739424322,0,0,0,0.1,0.1,0
2998,-1.2199865622779,0,0,0,0.1,0.1,0
2999,0.819823565715788,1,1,0,0.1,0.06,-0.04
3000,-0.514431037669134,0,0,0,0.1,0.1,0
3001,1.60897846809828,1,0,0,0.1,0.06,-0.04
3002,-0.536282979068682,0,1,0,0.1,0.1,0
3003,0.0714791935422956,0,1,0,0.1,0.1,0
3004,2.19302823326714,1,0,0,0.1,0.06,-0.04
3005,-1.02030390143151,0,1,0,0.1,0.1,0
3006,0.279810668342727,0,1,0,0.1,0.1,0
3007,0.0544018049689988,0,1,0,0.1,0.1,0
3008,-0.230768380875357,0,0,1,0.1,0.1,0
3009,-2.07313648668674,0,1,0,0.1,0.1,0
3010,-0.245583025305167,0,0,0,0.1,0.1,0
3011,0.337185557355281,0,0,0,0.1,0.1,0
3012,0.381091140517421,0,1,0,0.1,0.1,0
3013,-0.803134785034711,0,0,0,0.1,0.1,0
3014,1.08294316123106,1,0,0,0.1,0.06,-0.04
3015,1.73500582804035,1,1,0,0.1,0.06,-0.04
3016,-0.688845003692059,0,1,1,0.1,0.1,0
3017,1.04876977853115,1,1,0,0.1,0.06,-0.04
3018,1.98893819830589,1,0,1,0.1,0.06,-0.04
3019,0.0678099014920213,0,1,0,0.1,0.1,0
3020,-1.38870172470449,0,0,0,0.1,0.1,0
3021,-0.34724208666326,0,1,0,0.1,0.1,0
3022,-0.582840701922754,0,0,0,0.1,0.1,0
3023,-2.06425898016517,0,0,0,0.1,0.1,0
3024,-1.93275762796869,0,1,0,0.1,0.1,0
3025,1.3110928397884,1,1,0,0.1,0.06,-0.04
3026,0.124737140323441,0,0,0,0.1,0.1,0
3027,0.65219323378337,0,0,0,0.1,0.1,0
3028,-0.88003131800127,0,0,0,0.1,0.1,0
3029,-0.449008119560391,0,0,0,0.1,0.1,0
3030,-0.168699592117428,0,0,0,0.1,0.1,0
3031,0.119217504829318,0,1,1,0.1,0.1,0
3032,0.982790463663856,1,1,1,0.1,0.06,-0.04
3033,-0.800520245894053,0,0,0,0.1,0.1,0
3034,-0.936892709619756,0,1,0,0.1,0.1,0
3035,-0.500205811379889,0,1,1,0.1,0.1,0
3036,-0.604958564322596,0,0,0,0.1,0.1,0
3037,0.0486630928518512,0,1,0,0.1,0.1,0
3038,-0.702092800302402,0,0,0,0.1,0.1,0
3039,0.879109388144316,1,1,0,0.1,0.06,-0.04
3040,0.496975168167884,0,0,0,0.1,0.1,0
3041,0.723833516402665,1,0,0,0.1,0.06,-0.04
3042,-0.254552466029537,0,1,0,0.1,0.1,0
3043,-1.79553739785234,0,0,0,0.1,0.1,0
3044,-0.0441764949058258,0,0,0,0.1,0.1,0
3045,1.0252582984442,1,1,0,0.1,0.06,-0.04
3046,-0.190339876914722,0,1,0,0.1,0.1,0
3047,-0.73338828348312,0,1,0,0.1,0.1,0
3048,-1.2120853473054,0,1,0,0.1,0.1,0
3049,-0.605536426665274,0,1,0,0.1,0.1,0
3050,-0.724515078902456,0,0,0,0.1,0.1,0
3051,-0.497698422025114,0,1,0,0.1,0.1,0
3052,-0.0747893374461699,0,0,0,0.1,0.1,0
3053,-0.0163343853355879,0,1,0,0.1,0.1,0
3054,0.0352620054694498,0,1,0,0.1,0.1,0
3055,1.24847643869909,1,1,1,0.1,0.06,-0.04
3056,0.281486340252849,0,1,0,0.1,0.1,0
3057,0.277266119827929,0,0,0,0.1,0.1,0
3058,0.605202828104296,0,1,0,0.1,0.1,0
3059,1.49723247314474,1,1,0,0.1,0.06,-0.04
3060,0.666718685987471,0,0,0,0.1,0.1,0
3061,1.49369405919804,1,1,1,0.1,0.06,-0.04
3062,0.811552084526598,1,0,0,0.1,0.06,-0.04
3063,-1.7286214913573,0,1,0,0.1,0.1,0
3064,0.916026166125151,1,0,0,0.1,0.06,-0.04
3065,-0.0700040446660868,0,0,0,0.1,0.1,0
3066,-0.307465984202909,0,1,0,0.1,0.1,0
3067,-1.00278803618442,0,1,0,0.1,0.1,0
3068,0.8051207852934,1,0,0,0.1,0.06,-0.04
3069,0.191120994494121,0,0,0,0.1,0.1,0
3070,0.0139857871508795,0,1,1,0.1,0.1,0
3071,-0.212901600605524,0,0,1,0.1,0.1,0
3072,0.0350312464235491,0,0,0,0.1,0.1,0
3073,0.296547435156006,0,0,1,0.1,0.1,0
3074,-1.04616918908033,0,1,0,0.1,0.1,0
3075,1.47552785133575,1,1,0,0.1,0.06,-0.04
3076,-0.181642638427117,0,0,0,0.1,0.1,0
3077,-0.619143783541317,0,1,0,0.1,0.1,0
3078,2.10987478249164,1,1,0,0.1,0.06,-0.04
3079,0.531166068323442,0,0,0,0.1,0.1,0
3080,-0.520921887109664,0,1,0,0.1,0.1,0
3081,0.297392658684245,0,0,0,0.1,0.1,0
3082,2.16490505766999,1,0,0,0.1,0.06,-0.04
3083,0.957368811147324,1,0,0,0.1,0.06,-0.04
3084,2.18397657106331,1,1,0,0.1,0.06,-0.04
3085,-0.383472246897699,0,0,0,0.1,0.1,0
3086,0.583171814371438,0,1,0,0.1,0.1,0
3087,-1.06278195606021,0,1,0,0.1,0.1,0
3088,-0.370371909211513,0,1,0,0.1,0.1,0
3089,0.184585778711307,0,0,1,0.1,0.1,0
3090,0.324379958199958,0,1,0,0.1,0.1,0
3091,2.50610174688518,1,0,0,0.1,0.06,-0.04
3092,-0.0616564806557355,0,0,0,0.1,0.1,0
3093,0.641093933239373,0,0,0,0.1,0.1,0
3094,-0.90780799537555,0,0,0,0.1,0.1,0
3095,-0.531016478633256,0,0,0,0.1,0.1,0
3096,0.777525482459527,1,1,0,0.1,0.06,-0.04
3097,0.348898310528033,0,0,0,0.1,0.1,0
3098,-0.571924981871641,0,0,0,0.1,0.1,0
3099,-1.22904982860508,0,0,0,0.1,0.1,0
3100,-0.686865188753864,0,1,0,0.1,0.1,0
3101,0.906793303391365,1,0,0,0.1,0.06,-0.04
3102,1.2785930630243,1,1,0,0.1,0.06,-0.04
3103,-1.17097145976633,0,0,1,0.1,0.1,0
3104,1.37743545767227,1,1,0,0.1,0.06,-0.04
3105,1.35771097915844,1,0,0,0.1,0.06,-0.04
3106,2.06328869605404,1,0,0,0.1,0.06,-0.04
3107,0.831957890581758,1,1,0,0.1,0.06,-0.04
3108,-1.23951762874312,0,0,0,0.1,0.1,0
3109,-0.0928342388460962,0,0,0,0.1,0.1,0
3110,0.274799204798207,0,1,0,0.1,0.1,0
3111,-1.01035846672675,0,1,0,0.1,0.1,0
3112,0.516700308873238,0,0,0,0.1,0.1,0
3113,1.26730098698846,1,1,1,0.1,0.06,-0.04
3114,-0.48033798191058,0,1,0,0.1,0.1,0
3115,0.4147572351799,0,0,0,0.1,0.1,0
3116,-1.11301052363775,0,0,0,0.1,0.1,0
3117,0.0544411481035083,0,0,1,0.1,0.1,0
3118,-1.01311516114137,0,0,0,0.1,0.1,0
3119,-0.839805368689199,0,1,0,0.1,0.1,0
3120,0.987209288097767,1,0,0,0.1,0.06,-0.04
3121,-0.549201193790899,0,0,0,0.1,0.1,0
3122,-1.53921567989141,0,0,0,0.1,0.1,0
3123,1.4751453102784,1,1,0,0.1,0.06,-0.04
3124,-0.535961609431616,0,0,0,0.1,0.1,0
3125,-0.180903465672783,0,0,0,0.1,0.1,0
3126,0.251764085850028,0,0,0,0.1,0.1,0
3127,-0.96832574196469,0,0,0,0.1,0.1,0
3128,-1.0020565600447,0,1,1,0.1,0.1,0
3129,-0.440972457293362,0,0,0,0.1,0.1,0
3130,2.45935560874699,1,1,0,0.1,0.06,-0.04
3131,-0.200004317124141,0,1,0,0.1,0.1,0
3132,0.173966725266194,0,1,1,0.1,0.1,0
3133,-0.41976977308226,0,0,0,0.1,0.1,0
3134,-1.36239113607778,0,0,0,0.1,0.1,0
3135,-1.61205927629613,0,1,0,0.1,0.1,0
3136,-0.472324620345819,0,0,0,0.1,0.1,0
3137,0.529381100005144,0,1,0,0.1,0.1,0
3138,0.193007258907638,0,0,0,0.1,0.1,0
3139,-0.332745833929698,0,1,0,0.1,0.1,0
3140,0.512997060189175,0,1,0,0.1,0.1,0
3141,0.691587440404986,1,0,0,0.1,0.06,-0.04
3142,-0.765378992937231,0,0,0,0.1,0.1,0
3143,-0.562849333246171,0,0,0,0.1,0.1,0
3144,0.182974282060781,0,1,0,0.1,0.1,0
3145,1.25740927967341,1,1,0,0.1,0.06,-0.04
3146,1.16314445249405,1,0,0,0.1,0.06,-0.04
3147,-0.404298206555466,0,0,0,0.1,0.1,0
3148,1.91075831794253,1,1,0,0.1,0.06,-0.04
3149,-1.58787924719524,0,0,0,0.1,0.1,0
3150,-0.978767781353276,0,1,0,0.1,0.1,0
3151,-0.680070530050825,0,0,0,0.1,0.1,0
3152,-0.530850381305421,0,1,0,0.1,0.1,0
3153,0.167753670744904,0,1,0,0.1,0.1,0
3154,1.15221707078649,1,0,0,0.1,0.06,-0.04
3155,1.80228738453529,1,0,0,0.1,0.06,-0.04
3156,0.581647407064299,0,0,0,0.1,0.1,0
3157,0.18342998404004,0,1,0,0.1,0.1,0
3158,-0.424117404062879,0,0,0,0.1,0.1,0
3159,-0.207590958669237,0,1,0,0.1,0.1,0
3160,0.153096284150942,0,1,0,0.1,0.1,0
3161,0.405588447058473,0,1,0,0.1,0.1,0
3162,-0.0222098715963942,0,1,0,0.1,0.1,0
3163,0.260989430566866,0,0,0,0.1,0.1,0
3164,0.968224329329503,1,0,1,0.1,0.06,-0.04
3165,-0.432453202865537,0,0,0,0.1,0.1,0
3166,1.77433854725375,1,0,0,0.1,0.06,-0.04
3167,-1.38297376580593,0,1,0,0.1,0.1,0
3168,0.76694091063303,1,0,0,0.1,0.06,-0.04
3169,1.5779864760575,1,1,0,0.1,0.06,-0.04
3170,-0.669676288834661,0,1,0,0.1,0.1,0
3171,-0.538996441706712,0,1,0,0.1,0.1,0
3172,0.0803653923140896,0,0,0,0.1,0.1,0
3173,-0.103358857604336,0,1,0,0.1,0.1,0
3174,1.2389900341207,1,0,0,0.1,0.06,-0.04
3175,1.42201487846449,1,1,0,0.1,0.06,-0.04
3176,-0.7998512147828,0,0,0,0.1,0.1,0
3177,-1.23428812553133,0,0,0,0.1,0.1,0
3178,0.73424101344091,1,0,0,0.1,0.06,-0.04
3179,-1.20697885101046,0,0,0,0.1,0.1,0
3180,2.13448581371262,1,1,0,0.1,0.06,-0.04
3181,-1.09345885088599,0,1,0,0.1,0.1,0
3182,0.220663555581942,0,0,0,0.1,0.1,0
3183,0.6200446059039,0,0,0,0.1,0.1,0
3184,-0.0272570565850208,0,1,0,0.1,0.1,0
3185,-0.682189352845282,0,0,0,0.1,0.1,0
3186,-0.75611247512916,0,1,0,0.1,0.1,0
3187,2.59295006946623,1,0,0,0.1,0.06,-0.04
3188,0.831013526821277,1,1,0,0.1,0.06,-0.04
3189,0.717520958792612,1,1,0,0.1,0.06,-0.04
3190,-0.803549131725702,0,1,1,0.1,0.1,0
3191,0.0722247189698198,0,1,0,0.1,0.1,0
3192,-0.303428739389899,0,1,0,0.1,0.1,0
3193,-0.523276763074887,0,1,0,0.1,0.1,0
3194,0.0459943591042919,0,1,0,0.1,0.1,0
3195,1.47683030187858,1,0,0,0.1,0.06,-0.04
3196,0.11526328088181,0,1,0,0.1,0.1,0
3197,-1.16963447659488,0,0,0,0.1,0.1,0
3198,-0.371394604273428,0,0,0,0.1,0.1,0
3199,1.09544252927146,1,0,0,0.1,0.06,-0.04
3200,0.229641863736254,0,1,0,0.1,0.1,0
3201,0.295873464657412,0,0,0,0.1,0.1,0
3202,-0.552871586987121,0,0,0,0.1,0.1,0
3203,-0.396737581329903,0,1,0,0.1,0.1,0
3204,-1.36465333709854,0,0,0,0.1,0.1,0
3205,0.223616059142659,0,0,0,0.1,0.1,0
3206,0.112507825468423,0,0,0,0.1,0.1,0
3207,-1.13965504242665,0,0,0,0.1,0.1,0
3208,0.835816739702474,1,0,0,0.1,0.06,-0.04
3209,-1.35652514480484,0,0,0,0.1,0.1,0
3210,-0.9425271636,0,0,0,0.1,0.1,0
3211,0.301051618341394,0,1,0,0.1,0.1,0
3212,0.19006295435073,0,1,0,0.1,0.1,0
3213,0.581477160292094,0,0,0,0.1,0.1,0
3214,0.340780243915871,0,1,1,0.1,0.1,0
3215,1.49259771844818,1,0,0,0.1,0.06,-0.04
3216,0.0784951323187302,0,0,0,0.1,0.1,0
3217,1.3121028242952,1,1,0,0.1,0.06,-0.04
3218,0.510750580602002,0,1,0,0.1,0.1,0
3219,0.502322983028991,0,1,0,0.1,0.1,0
3220,0.34342074775266,0,0,0,0.1,0.1,0
3221,0.841788711332488,1,1,1,0.1,0.06,-0.04
3222,0.216047837680286,0,0,0,0.1,0.1,0
3223,-0.242841816246887,0,0,0,0.1,0.1,0
3224,-1.81733672807595,0,0,0,0.1,0.1,0
3225,-0.0974141171391364,0,0,0,0.1,0.1,0
3226,-0.299565911562834,0,1,0,0.1,0.1,0
3227,-0.856941482627767,0,0,0,0.1,0.1,0
3228,0.535436823050841,0,0,0,0.1,0.1,0
3229,0.428306316206386,0,0,0,0.1,0.1,0
3230,-0.726271393615138,0,1,0,0.1,0.1,0
3231,0.329399155658068,0,1,0,0.1,0.1,0
3232,-0.944170362692674,0,0,0,0.1,0.1,0
3233,1.16614603055714,1,0,0,0.1,0.06,-0.04
3234,-2.53538319843075,0,0,0,0.1,0.1,0
3235,-0.817660394395864,0,0,0,0.1,0.1,0
3236,0.0735074705309578,0,0,0,0.1,0.1,0
3237,0.669046780678419,0,1,0,0.1,0.1,0
3238,-2.05863216132905,0,1,0,0.1,0.1,0
3239,0.904012838926541,1,1,0,0.1,0.06,-0.04
3240,-1.02906813362599,0,1,0,0.1,0.1,0
3241,0.893093469914831,1,0,0,0.1,0.06,-0.04
3242,1.69077897075637,1,0,0,0.1,0.06,-0.04
3243,-0.64776105896997,0,1,0,0.1,0.1,0
3244,-0.176301885200432,0,1,0,0.1,0.1,0
3245,-0.372466493391259,0,1,0,0.1,0.1,0
3246,0.770593873240057,1,0,0,0.1,0.06,-0.04
3247,0.174525372401986,0,0,0,0.1,0.1,0
3248,1.09123774442839,1,0,1,0.1,0.06,-0.04
3249,0.144010148319678,0,1,0,0.1,0.1,0
3250,0.519494722218008,0,0,0,0.1,0.1,0
3251,0.0703883030446215,0,1,0,0.1,0.1,0
3252,0.484768739696649,0,0,0,0.1,0.1,0
3253,1.01677365978661,1,0,0,0.1,0.06,-0.04
3254,-0.495263641187697,0,1,0,0.1,0.1,0
3255,0.309252707230316,0,0,0,0.1,0.1,0
3256,2.05564356674904,1,0,1,0.1,0.06,-0.04
3257,2.0262437706331,1,1,0,0.1,0.06,-0.04
3258,-0.183666580440671,0,0,0,0.1,0.1,0
3259,0.746796879349256,1,1,0,0.1,0.06,-0.04
3260,-0.345989293265755,0,0,0,0.1,0.1,0
3261,0.139264267475475,0,0,0,0.1,0.1,0
3262,-1.67890711730622,0,0,0,0.1,0.1,0
3263,-0.448764793566486,0,1,0,0.1,0.1,0
3264,0.517750913953883,0,0,1,0.1,0.1,0
3265,0.721273693562858,1,0,0,0.1,0.06,-0.04
3266,-1.49539243510407,0,1,0,0.1,0.1,0
3267,-0.329443918264602,0,0,0,0.1,0.1,0
3268,1.49844335101924,1,1,0,0.1,0.06,-0.04
3269,0.384284819067689,0,1,0,0.1,0.1,0
3270,0.659711395071978,0,1,0,0.1,0.1,0
3271,-0.379184275208919,0,0,0,0.1,0.1,0
3272,-0.627730757294196,0,0,0,0.1,0.1,0
3273,0.857677323678092,1,0,0,0.1,0.06,-0.04
3274,0.299412379965814,0,1,0,0.1,0.1,0
3275,-0.101443569696076,0,1,0,0.1,0.1,0
3276,-1.53658901855791,0,0,0,0.1,0.1,0
3277,1.25798065064529,1,0,1,0.1,0.06,-0.04
3278,-0.72613360796787,0,0,0,0.1,0.1,0
3279,-0.821228306785675,0,1,0,0.1,0.1,0
3280,1.07735612311354,1,0,0,0.1,0.06,-0.04
3281,0.296192145597926,0,0,0,0.1,0.1,0
3282,1.54857030365787,1,1,0,0.1,0.06,-0.04
3283,0.818501736686203,1,0,1,0.1,0.06,-0.04
3284,-0.672015246172974,0,1,0,0.1,0.1,0
3285,0.607117772231375,0,0,0,0.1,0.1,0
3286,0.577470192654464,0,0,0,0.1,0.1,0
3287,0.599935052710718,0,1,0,0.1,0.1,0
3288,-2.98228404101461,0,1,1,0.1,0.1,0
3289,-1.48766613811874,0,0,0,0.1,0.1,0
3290,-0.325914929026515,0,1,0,0.1,0.1,0
3291,-0.307964030711636,0,1,0,0.1,0.1,0
3292,0.946344634888256,1,0,0,0.1,0.06,-0.04
3293,1.10664679139975,1,0,1,0.1,0.06,-0.04
3294,0.730637618743278,1,0,0,0.1,0.06,-0.04
3295,1.01078900011006,1,1,0,0.1,0.06,-0.04
3296,-2.60598777174221,0,1,0,0.1,0.1,0
3297,-1.56052471528049,0,0,0,0.1,0.1,0
3298,1.51504555322966,1,0,0,0.1,0.06,-0.04
3299,-1.13524603635097,0,1,0,0.1,0.1,0
3300,-0.558272060235595,0,0,0,0.1,0.1,0
3301,-2.26224879108407,0,0,0,0.1,0.1,0
3302,-0.434469220764107,0,0,0,0.1,0.1,0
3303,-0.486627990235212,0,1,0,0.1,0.1,0
3304,-0.810729100627858,0,0,0,0.1,0.1,0
3305,0.227821049999137,0,1,0,0.1,0.1,0
3306,0.277496132313826,0,1,1,0.1,0.1,0
3307,-0.335053360496026,0,0,0,0.1,0.1,0
3308,0.156654497704955,0,1,0,0.1,0.1,0
3309,0.252681722829974,0,0,0,0.1,0.1,0
3310,0.462851195567514,0,0,0,0.1,0.1,0
3311,2.56688426816855,1,1,0,0.1,0.06,-0.04
3312,1.56611770906452,1,0,0,0.1,0.06,-0.04
3313,-1.61221952937822,0,1,0,0.1,0.1,0
3314,0.0929667227385865,0,0,0,0.1,0.1,0
3315,0.294506171668296,0,0,0,0.1,0.1,0
3316,0.847158437381307,1,0,0,0.1,0.06,-0.04
3317,-0.727747076029183,0,1,0,0.1,0.1,0
3318,-0.129878083206025,0,0,0,0.1,0.1,0
3319,-0.160670332159496,0,0,1,0.1,0.1,0
3320,1.29801186674286,1,1,0,0.1,0.06,-0.04
3321,-1.70921640275912,0,1,1,0.1,0.1,0
3322,-0.170460201089309,0,1,0,0.1,0.1,0
3323,-0.298062571860618,0,1,0,0.1,0.1,0
3324,-0.149346290212494,0,1,0,0.1,0.1,0
3325,-0.087636911406529,0,1,0,0.1,0.1,0
3326,0.197862172923466,0,0,0,0.1,0.1,0
3327,-0.329951619344068,0,1,0,0.1,0.1,0
3328,-0.329116160739399,0,1,0,0.1,0.1,0
3329,-1.38080282464056,0,1,0,0.1,0.1,0
3330,-1.16610759463398,0,1,0,0.1,0.1,0
3331,-0.808420798640902,0,0,0,0.1,0.1,0
3332,-0.0104642969270113,0,1,1,0.1,0.1,0
3333,-1.47402294761069,0,0,0,0.1,0.1,0
3334,1.40644844311191,1,0,0,0.1,0.06,-0.04
3335,0.928481675748564,1,0,0,0.1,0.06,-0.04
3336,-0.822275667277256,0,1,0,0.1,0.1,0
3337,-0.921484059488391,0,0,0,0.1,0.1,0
3338,0.1514334686108,0,1,0,0.1,0.1,0
3339,0.117607585759202,0,1,0,0.1,0.1,0
3340,-0.618550269311355,0,1,0,0.1,0.1,0
3341,-2.80963589935909,0,1,0,0.1,0.1,0
3342,-0.330007776290592,0,0,0,0.1,0.1,0
3343,1.60848108124977,1,0,0,0.1,0.06,-0.04
3344,-1.61973369602208,0,0,0,0.1,0.1,0
3345,2.45460408065594,1,0,0,0.1,0.06,-0.04
3346,-0.682344746567193,0,0,0,0.1,0.1,0
3347,-0.303644766453102,0,0,0,0.1,0.1,0
3348,1.05872704120128,1,0,0,0.1,0.06,-0.04
3349,0.861521636756783,1,1,0,0.1,0.06,-0.04
3350,-2.25546250258978,0,0,1,0.1,0.1,0
3351,-0.98513614347708,0,0,0,0.1,0.1,0
3352,0.367037542048167,0,1,0,0.1,0.1,0
3353,-1.33935426091122,0,0,0,0.1,0.1,0
3354,-0.286988752671282,0,0,0,0.1,0.1,0
3355,0.980400868728757,1,1,0,0.1,0.06,-0.04
3356,-0.290293311792146,0,0,0,0.1,0.1,0
3357,2.29452793171432,1,1,0,0.1,0.06,-0.04
3358,-1.57103378229446,0,0,0,0.1,0.1,0
3359,0.366693591891866,0,0,0,0.1,0.1,0
3360,-0.570777880782746,0,0,0,0.1,0.1,0
3361,0.385807621375482,0,1,0,0.1,0.1,0
3362,-2.26250090025552,0,1,1,0.1,0.1,0
3363,0.450668438051174,0,1,0,0.1,0.1,0
3364,0.350147020094887,0,0,0,0.1,0.1,0
3365,-0.387124212730696,0,0,1,0.1,0.1,0
3366,0.15779660147289,0,0,0,0.1,0.1,0
3367,-0.461696716267949,0,1,0,0.1,0.1,0
3368,-0.349595111333643,0,1,0,0.1,0.1,0
3369,0.122422344591662,0,0,0,0.1,0.1,0
3370,0.302712550341416,0,1,1,0.1,0.1,0
3371,1.22503667185223,1,0,0,0.1,0.06,-0.04
3372,0.752017368374853,1,1,0,0.1,0.06,-0.04
3373,-2.37805555819299,0,1,0,0.1,0.1,0
3374,0.228857659807247,0,0,0,0.1,0.1,0
3375,0.832282777681649,1,1,0,0.1,0.06,-0.04
3376,1.30331532202311,1,1,0,0.1,0.06,-0.04
3377,-1.49055461960069,0,1,1,0.1,0.1,0
3378,-0.0264235558585774,0,1,0,0.1,0.1,0
3379,-1.06078532765062,0,0,1,0.1,0.1,0
3380,-1.13393283247765,0,1,0,0.1,0.1,0
3381,0.289771555656644,0,1,0,0.1,0.1,0
3382,0.471056333481688,0,1,0,0.1,0.1,0
3383,-0.738332462555544,0,1,0,0.1,0.1,0
3384,-0.0806835628140375,0,1,0,0.1,0.1,0
3385,-0.121241187389996,0,0,0,0.1,0.1,0
3386,0.620565202143085,0,0,0,0.1,0.1,0
3387,0.875567369133041,1,0,0,0.1,0.06,-0.04
3388,-0.307625174659467,0,1,0,0.1,0.1,0
3389,1.03898173591967,1,0,0,0.1,0.06,-0.04
3390,0.186973471739395,0,1,0,0.1,0.1,0
3391,-0.453581984940814,0,1,0,0.1,0.1,0
3392,-0.0820555181982531,0,0,1,0.1,0.1,0
3393,0.51775260100595,0,1,0,0.1,0.1,0
3394,-0.570524887545281,0,1,0,0.1,0.1,0
3395,0.536743929742897,0,0,0,0.1,0.1,0
3396,-0.218569952898437,0,0,0,0.1,0.1,0
3397,-0.440173330790523,0,0,1,0.1,0.1,0
3398,-0.2128652465433,0,0,0,0.1,0.1,0
3399,-0.152266347819834,0,0,1,0.1,0.1,0
3400,-0.701051797724584,0,0,0,0.1,0.1,0
3401,1.38206978716739,1,0,0,0.1,0.06,-0.04
3402,-0.922330643987957,0,0,1,0.1,0.1,0
3403,-1.09099613505764,0,1,0,0.1,0.1,0
3404,0.617743133797268,0,1,0,0.1,0.1,0
3405,-0.64556710652,0,1,0,0.1,0.1,0
3406,0.601886251767189,0,1,0,0.1,0.1,0
3407,-0.805322447412492,0,0,0,0.1,0.1,0
3408,-0.133898762512821,0,1,1,0.1,0.1,0
3409,0.885458517712044,1,0,0,0.1,0.06,-0.04
3410,-0.0176798990126571,0,0,0,0.1,0.1,0
3411,-0.308148200444881,0,1,0,0.1,0.1,0
3412,-1.60362175119779,0,1,0,0.1,0.1,0
3413,-0.552573073901763,0,1,0,0.1,0.1,0
3414,1.56119518774258,1,0,0,0.1,0.06,-0.04
3415,0.546822982020129,0,0,0,0.1,0.1,0
3416,1.66275023994569,1,1,0,0.1,0.06,-0.04
3417,0.455375557343853,0,1,0,0.1,0.1,0
3418,-0.00271622228669798,0,0,0,0.1,0.1,0
3419,1.07266710273598,1,1,0,0.1,0.06,-0.04
3420,0.72953214517728,1,0,0,0.1,0.06,-0.04
3421,0.118123402754679,0,1,0,0.1,0.1,0
3422,-1.31640872594212,0,0,0,0.1,0.1,0
3423,0.090784016816573,0,1,0,0.1,0.1,0
3424,0.0770900563314547,0,0,0,0.1,0.1,0
3425,0.479268805813553,0,1,0,0.1,0.1,0
3426,-0.271667937727443,0,0,0,0.1,0.1,0
3427,1.84344753283583,1,1,0,0.1,0.06,-0.04
3428,0.972433410142658,1,1,0,0.1,0.06,-0.04
3429,1.42872039392713,1,1,0,0.1,0.06,-0.04
3430,-1.36597647927245,0,1,0,0.1,0.1,0
3431,1.34431486758157,1,0,1,0.1,0.06,-0.04
3432,-1.2741419870004,0,1,0,0.1,0.1,0
3433,0.546611304270055,0,0,0,0.1,0.1,0
3434,0.898236100337881,1,0,1,0.1,0.06,-0.04
3435,-1.36066640042106,0,0,0,0.1,0.1,0
3436,-0.862507228406609,0,0,0,0.1,0.1,0
3437,-1.14683707366907,0,1,1,0.1,0.1,0
3438,-0.629722861064736,0,0,0,0.1,0.1,0
3439,0.082347676671015,0,1,0,0.1,0.1,0
3440,0.0665957973684909,0,1,0,0.1,0.1,0
3441,0.259895533332675,0,1,0,0.1,0.1,0
3442,-0.858618939313644,0,0,1,0.1,0.1,0
3443,2.13096763290222,1,1,0,0.1,0.06,-0.04
3444,-0.982039246561274,0,0,0,0.1,0.1,0
3445,-0.742587656859842,0,1,1,0.1,0.1,0
3446,0.757124487850794,1,1,0,0.1,0.06,-0.04
3447,0.567220167799619,0,0,0,0.1,0.1,0
3448,-1.4345660093834,0,0,0,0.1,0.1,0
3449,-1.10445123591125,0,0,0,0.1,0.1,0
3450,0.740199282570965,1,0,0,0.1,0.06,-0.04
3451,-0.398575066924199,0,0,0,0.1,0.1,0
3452,-2.04475007545867,0,0,0,0.1,0.1,0
3453,0.203300557397259,0,0,0,0.1,0.1,0
3454,-0.342342601992342,0,0,1,0.1,0.1,0
3455,2.1061388975642,1,1,0,0.1,0.06,-0.04
3456,0.573648178933606,0,0,1,0.1,0.1,0
3457,1.30785243203832,1,0,0,0.1,0.06,-0.04
3458,0.558703186358186,0,1,0,0.1,0.1,0
3459,-1.47333383729237,0,1,0,0.1,0.1,0
3460,0.213826431147779,0,0,0,0.1,0.1,0
3461,0.147008934398368,0,1,0,0.1,0.1,0
3462,-0.662272063237104,0,0,0,0.1,0.1,0
3463,-1.7068508101194,0,0,0,0.1,0.1,0
3464,-0.265443030607529,0,0,0,0.1,0.1,0
3465,0.552545915208067,0,0,0,0.1,0.1,0
3466,-2.34059998476159,0,1,1,0.1,0.1,0
3467,0.433840118360117,0,1,0,0.1,0.1,0
3468,0.0196264946485504,0,0,1,0.1,0.1,0
3469,-0.401622667479717,0,0,1,0.1,0.1,0
3470,-1.84236247675338,0,1,0,0.1,0.1,0
3471,-0.539141013658727,0,0,0,0.1,0.1,0
3472,0.300530806142236,0,0,0,0.1,0.1,0
3473,1.47512398595255,1,0,0,0.1,0.06,-0.04
3474,0.0682689834478375,0,1,0,0.1,0.1,0
3475,-0.142151169302171,0,0,0,0.1,0.1,0
3476,0.316447847782054,0,1,0,0.1,0.1,0
3477,-0.716152805084574,0,0,0,0.1,0.1,0
3478,-0.883348852776513,0,0,0,0.1,0.1,0
3479,-1.57220942116556,0,0,0,0.1,0.1,0
3480,0.107509002964173,0,1,0,0.1,0.1,0
3481,1.55439457089888,1,0,0,0.1,0.06,-0.04
3482,-1.0787387241381,0,1,0,0.1,0.1,0
3483,0.54267792550055,0,0,0,0.1,0.1,0
3484,1.30194040489354,1,0,0,0.1,0.06,-0.04
3485,0.370484810771785,0,0,0,0.1,0.1,0
3486,-0.496604015188519,0,0,0,0.1,0.1,0
3487,-0.792932333642199,0,0,0,0.1,0.1,0
3488,0.515580836965981,0,0,0,0.1,0.1,0
3489,-0.401838212057866,0,1,0,0.1,0.1,0
3490,-0.484724078137611,0,1,0,0.1,0.1,0
3491,1.04125128982923,1,1,0,0.1,0.06,-0.04
3492,0.284036483936715,0,0,0,0.1,0.1,0
3493,-0.40783219890711,0,0,0,0.1,0.1,0
3494,-0.1498782909293,0,1,0,0.1,0.1,0
3495,-0.753787676256094,0,1,0,0.1,0.1,0
3496,2.26238289420466,1,1,0,0.1,0.06,-0.04
3497,1.20103252856062,1,1,0,0.1,0.06,-0.04
3498,0.586837427256991,0,1,0,0.1,0.1,0
3499,0.583322957175155,0,1,0,0.1,0.1,0
3500,-0.960225159045112,0,1,0,0.1,0.1,0
3501,-1.73313930755197,0,0,0,0.1,0.1,0
3502,0.578595454124995,0,1,0,0.1,0.1,0
3503,0.852809603180841,1,1,0,0.1,0.06,-0.04
3504,2.31383479540543,1,0,0,0.1,0.06,-0.04
3505,-0.465058694553423,0,1,0,0.1,0.1,0
3506,0.584814354704889,0,0,0,0.1,0.1,0
3507,-0.522028085883498,0,0,0,0.1,0.1,0
3508,-0.893753385098757,0,1,1,0.1,0.1,0
3509,1.90042282190194,1,0,0,0.1,0.06,-0.04
3510,0.820794032685796,1,0,0,0.1,0.06,-0.04
3511,0.515666228060233,0,1,0,0.1,0.1,0
3512,-1.80897490985806,0,0,0,0.1,0.1,0
3513,1.734900142866,1,1,0,0.1,0.06,-0.04
3514,0.748621272974275,1,1,0,0.1,0.06,-0.04
3515,0.644618852120434,0,0,0,0.1,0.1,0
3516,0.840101710077909,1,1,0,0.1,0.06,-0.04
3517,0.354139630659628,0,0,0,0.1,0.1,0
3518,0.672770283854591,0,1,0,0.1,0.1,0
3519,0.330668029917167,0,0,0,0.1,0.1,0
3520,-1.23376497598571,0,1,1,0.1,0.1,0
3521,1.05539283360477,1,0,0,0.1,0.06,-0.04
3522,-1.48689999164057,0,1,0,0.1,0.1,0
3523,-0.791952038557213,0,0,0,0.1,0.1,0
3524,-1.22189216654785,0,0,0,0.1,0.1,0
3525,-1.13818088334249,0,0,0,0.1,0.1,0
3526,0.916893922550947,1,1,0,0.1,0.06,-0.04
3527,1.32595979743336,1,0,0,0.1,0.06,-0.04
3528,1.8733531307004,1,1,0,0.1,0.06,-0.04
3529,-0.00951677625187532,0,0,0,0.1,0.1,0
3530,0.194577612467506,0,0,0,0.1,0.1,0
3531,0.0446406245584912,0,0,0,0.1,0.1,0
3532,1.94031236039544,1,1,0,0.1,0.06,-0.04
3533,0.290303427258076,0,0,0,0.1,0.1,0
3534,0.00302490089872389,0,0,0,0.1,0.1,0
3535,-0.293020483912247,0,1,0,0.1,0.1,0
3536,-0.0293044623615543,0,1,0,0.1,0.1,0
3537,0.356320569613883,0,1,1,0.1,0.1,0
3538,-1.57633649860787,0,0,1,0.1,0.1,0
3539,0.941326157077921,1,1,0,0.1,0.06,-0.04
3540,0.731827050029836,1,1,0,0.1,0.06,-0.04
3541,0.67758434911465,1,1,0,0.1,0.06,-0.04
3542,-0.755174615705188,0,1,0,0.1,0.1,0
3543,0.395469863024583,0,0,0,0.1,0.1,0
3544,0.633050823354762,0,0,0,0.1,0.1,0
3545,-0.5570057314461,0,0,0,0.1,0.1,0
3546,0.787001399838845,1,1,0,0.1,0.06,-0.04
3547,1.51060728891948,1,1,0,0.1,0.06,-0.04
3548,0.0301355726903193,0,1,0,0.1,0.1,0
3549,0.984433484930011,1,1,1,0.1,0.06,-0.04
3550,-0.205411563625701,0,1,0,0.1,0.1,0
3551,-0.94391248070371,0,0,0,0.1,0.1,0
3552,0.714178407172909,1,1,0,0.1,0.06,-0.04
3553,0.28712323950256,0,0,0,0.1,0.1,0
3554,-0.194514065831913,0,0,0,0.1,0.1,0
3555,0.0870823156853659,0,0,0,0.1,0.1,0
3556,-0.101777069858477,0,0,0,0.1,0.1,0
3557,-0.210259180603243,0,1,1,0.1,0.1,0
3558,2.02465358743175,1,1,0,0.1,0.06,-0.04
3559,-0.0963568115005422,0,1,0,0.1,0.1,0
3560,-1.45834304531934,0,1,0,0.1,0.1,0
3561,-1.39908773495874,0,1,0,0.1,0.1,0
3562,0.295026549551694,0,1,0,0.1,0.1,0
3563,0.834750036625047,1,0,0,0.1,0.06,-0.04
3564,-0.983403800255425,0,1,0,0.1,0.1,0
3565,0.797343456822865,1,1,0,0.1,0.06,-0.04
3566,1.2960011124916,1,1,0,0.1,0.06,-0.04
3567,-0.326410030799574,0,1,0,0.1,0.1,0
3568,0.980495662358032,1,0,0,0.1,0.06,-0.04
3569,1.60252781114286,1,1,0,0.1,0.06,-0.04
3570,0.936757963093614,1,1,0,0.1,0.06,-0.04
3571,0.272841933267472,0,1,0,0.1,0.1,0
3572,0.427117099858457,0,1,0,0.1,0.1,0
3573,-0.366511676419936,0,0,0,0.1,0.1,0
3574,1.03339015911519,1,1,0,0.1,0.06,-0.04
3575,0.0202069153371666,0,1,0,0.1,0.1,0
3576,0.685109428892852,1,0,0,0.1,0.06,-0.04
3577,0.327871872946555,0,0,0,0.1,0.1,0
3578,-0.5116855648535,0,0,0,0.1,0.1,0
3579,0.199359626757884,0,0,0,0.1,0.1,0
3580,0.00641063994106972,0,1,0,0.1,0.1,0
3581,2.15960654260422,1,0,0,0.1,0.06,-0.04
3582,-0.914567293035137,0,1,0,0.1,0.1,0
3583,0.783872796081197,1,0,0,0.1,0.06,-0.04
3584,-0.546550933812476,0,0,0,0.1,0.1,0
3585,0.27593620785437,0,1,0,0.1,0.1,0
3586,-0.226878341018554,0,1,0,0.1,0.1,0
3587,1.55364671003301,1,1,0,0.1,0.06,-0.04
3588,0.841531858569209,1,1,0,0.1,0.06,-0.04
3589,0.727953115169401,1,0,0,0.1,0.06,-0.04
3590,0.239595597726587,0,0,0,0.1,0.1,0
3591,1.59458503848916,1,1,0,0.1,0.06,-0.04
3592,-0.94756000740968,0,1,0,0.1,0.1,0
3593,0.946015235453988,1,0,0,0.1,0.06,-0.04
3594,-1.45462520681327,0,1,0,0.1,0.1,0
3595,-0.315429600741002,0,0,0,0.1,0.1,0
3596,-0.541175093355067,0,1,0,0.1,0.1,0
3597,-1.08677989016791,0,0,0,0.1,0.1,0
3598,-0.124722050984852,0,1,0,0.1,0.1,0
3599,0.548759179970593,0,1,0,0.1,0.1,0
3600,-0.40273391706215,0,0,0,0.1,0.1,0
3601,-0.247378165064276,0,1,0,0.1,0.1,0
3602,1.29285004097103,1,0,0,0.1,0.06,-0.04
3603,0.666109840776251,0,0,0,0.1,0.1,0
3604,-0.710199296421212,0,1,0,0.1,0.1,0
3605,2.09428489719479,1,0,1,0.1,0.06,-0.04
3606,0.097416671011474,0,0,0,0.1,0.1,0
3607,-0.815968821346462,0,0,0,0.1,0.1,0
3608,1.01397317586183,1,1,0,0.1,0.06,-0.04
3609,0.638197948613388,0,0,0,0.1,0.1,0
3610,-0.52691033402955,0,0,0,0.1,0.1,0
3611,-1.27519762712699,0,0,0,0.1,0.1,0
3612,1.9960374310581,1,1,0,0.1,0.06,-0.04
3613,-0.355592863035637,0,0,0,0.1,0.1,0
3614,0.738094942593016,1,1,0,0.1,0.06,-0.04
3615,-1.06060037263965,0,1,0,0.1,0.1,0
3616,-0.0638079526113523,0,1,0,0.1,0.1,0
3617,1.39061410815141,1,1,0,0.1,0.06,-0.04
3618,0.377679547974504,0,1,0,0.1,0.1,0
3619,2.0401465664876,1,1,0,0.1,0.06,-0.04
3620,-1.18767072426849,0,0,0,0.1,0.1,0
3621,1.68775029536048,1,1,0,0.1,0.06,-0.04
3622,2.02910567717499,1,0,0,0.1,0.06,-0.04
3623,0.714036672830872,1,0,0,0.1,0.06,-0.04
3624,0.780736147924042,1,1,0,0.1,0.06,-0.04
3625,-1.54140221064562,0,1,0,0.1,0.1,0
3626,0.898436214223331,1,1,0,0.1,0.06,-0.04
3627,-0.242366645838979,0,0,0,0.1,0.1,0
3628,-0.529707047158733,0,1,0,0.1,0.1,0
3629,0.381752193536647,0,0,0,0.1,0.1,0
3630,-0.751494847717805,0,1,1,0.1,0.1,0
3631,-0.134995150000286,0,0,0,0.1,0.1,0
3632,-0.192579043458325,0,0,0,0.1,0.1,0
3633,-2.15523230357358,0,1,1,0.1,0.1,0
3634,-0.305549821648576,0,1,0,0.1,0.1,0
3635,0.458650198296632,0,0,0,0.1,0.1,0
3636,0.670869271943245,0,1,1,0.1,0.1,0
3637,0.0866422692861491,0,0,0,0.1,0.1,0
3638,1.49325499375319,1,1,0,0.1,0.06,-0.04
3639,-0.740653946221846,0,0,0,0.1,0.1,0
3640,0.442591907882263,0,1,0,0.1,0.1,0
3641,1.3691479404942,1,1,0,0.1,0.06,-0.04
3642,0.296770070829521,0,1,0,0.1,0.1,0
3643,-0.266078008200804,0,0,0,0.1,0.1,0
3644,0.450103985595249,0,0,0,0.1,0.1,0
3645,1.85064053453824,1,0,0,0.1,0.06,-0.04
3646,-0.365946412358548,0,1,0,0.1,0.1,0
3647,-0.760156968097993,0,1,0,0.1,0.1,0
3648,-0.0761404897785988,0,1,0,0.1,0.1,0
3649,1.87336666706242,1,0,0,0.1,0.06,-0.04
3650,0.281135045292179,0,1,0,0.1,0.1,0
3651,-0.567778589947059,0,0,0,0.1,0.1,0
3652,-0.883535188032277,0,1,0,0.1,0.1,0
3653,-0.496205378906437,0,1,0,0.1,0.1,0
3654,0.00782184264970347,0,1,0,0.1,0.1,0
3655,1.45046406826617,1,1,0,0.1,0.06,-0.04
3656,0.715590806651923,1,0,0,0.1,0.06,-0.04
3657,-0.111977172971571,0,1,0,0.1,0.1,0
3658,0.241666154094268,0,1,0,0.1,0.1,0
3659,-0.774245591603264,0,0,0,0.1,0.1,0
3660,1.37746515935953,1,1,0,0.1,0.06,-0.04
3661,0.874790161153186,1,0,0,0.1,0.06,-0.04
3662,0.90645803854376,1,1,0,0.1,0.06,-0.04
3663,-0.990768263870293,0,1,0,0.1,0.1,0
3664,2.05092473109676,1,0,0,0.1,0.06,-0.04
3665,1.62977253538733,1,0,0,0.1,0.06,-0.04
3666,-0.496760581616886,0,0,0,0.1,0.1,0
3667,0.791453372926936,1,0,0,0.1,0.06,-0.04
3668,-0.742402666589634,0,0,0,0.1,0.1,0
3669,-4.0687191076535,0,1,0,0.1,0.1,0
3670,-0.514376805099216,0,1,0,0.1,0.1,0
3671,-2.2284152059351,0,0,0,0.1,0.1,0
3672,1.43755359991986,1,0,0,0.1,0.06,-0.04
3673,0.510751608786465,0,1,0,0.1,0.1,0
3674,-1.48603024078927,0,0,0,0.1,0.1,0
3675,0.953618987175463,1,0,0,0.1,0.06,-0.04
3676,0.837351575183472,1,1,0,0.1,0.06,-0.04
3677,-0.0681495860865989,0,0,0,0.1,0.1,0
3678,-0.29855996939163,0,1,0,0.1,0.1,0
3679,0.806696123859933,1,0,0,0.1,0.06,-0.04
3680,0.0983791563802442,0,0,0,0.1,0.1,0
3681,-1.70086726959441,0,0,0,0.1,0.1,0
3682,-1.44302452892272,0,1,0,0.1,0.1,0
3683,-1.00495303671841,0,0,0,0.1,0.1,0
3684,-0.383232724418344,0,0,0,0.1,0.1,0
3685,-0.290892463341823,0,1,0,0.1,0.1,0
3686,-0.859636022928806,0,0,0,0.1,0.1,0
3687,-0.0199021523593226,0,1,0,0.1,0.1,0
3688,-0.270155909498769,0,1,1,0.1,0.1,0
3689,0.0576371335020593,0,1,0,0.1,0.1,0
3690,1.90028993023494,1,1,0,0.1,0.06,-0.04
3691,-0.36888982776617,0,0,0,0.1,0.1,0
3692,-0.407110908328373,0,1,0,0.1,0.1,0
3693,2.22547756378829,1,1,0,0.1,0.06,-0.04
3694,0.088325162751893,0,0,1,0.1,0.1,0
3695,1.01957120462069,1,1,0,0.1,0.06,-0.04
3696,-0.442957100809914,0,1,0,0.1,0.1,0
3697,-0.158110138795905,0,1,0,0.1,0.1,0
3698,-0.993601476517276,0,0,0,0.1,0.1,0
3699,0.0659434672395368,0,0,0,0.1,0.1,0
3700,1.48826471961983,1,0,0,0.1,0.06,-0.04
3701,2.09397998174406,1,1,0,0.1,0.06,-0.04
3702,-0.623334880348859,0,1,0,0.1,0.1,0
3703,0.108283547321879,0,0,0,0.1,0.1,0
3704,0.353191919232699,0,1,0,0.1,0.1,0
3705,-0.867863441011511,0,1,0,0.1,0.1,0
3706,-0.324334302981682,0,1,0,0.1,0.1,0
3707,1.54945061807597,1,0,0,0.1,0.06,-0.04
3708,-0.444848487481119,0,1,0,0.1,0.1,0
3709,0.908706629720527,1,1,0,0.1,0.06,-0.04
3710,1.50516896988321,1,0,0,0.1,0.06,-0.04
3711,-0.937803376908539,0,1,0,0.1,0.1,0
3712,0.251542716399632,0,0,0,0.1,0.1,0
3713,-0.79796495904497,0,1,0,0.1,0.1,0
3714,-0.201981597353748,0,0,0,0.1,0.1,0
3715,1.03476320364471,1,0,0,0.1,0.06,-0.04
3716,-0.235961657087068,0,0,0,0.1,0.1,0
3717,-0.193535228769562,0,0,0,0.1,0.1,0
3718,-0.962074030870228,0,1,0,0.1,0.1,0
3719,0.269552885164937,0,1,0,0.1,0.1,0
3720,-0.146020792787151,0,0,0,0.1,0.1,0
3721,-2.35196569878745,0,0,1,0.1,0.1,0
3722,-0.568269563891624,0,0,0,0.1,0.1,0
3723,-0.564565995964821,0,0,0,0.1,0.1,0
3724,-1.28367203891112,0,1,0,0.1,0.1,0
3725,1.93433169538445,1,0,0,0.1,0.06,-0.04
3726,-1.03851253587285,0,1,0,0.1,0.1,0
3727,1.23524606228283,1,1,0,0.1,0.06,-0.04
3728,-0.86674662504278,0,0,1,0.1,0.1,0
3729,-0.755431091699131,0,0,0,0.1,0.1,0
3730,-0.622821516519311,0,0,0,0.1,0.1,0
3731,0.40477699698776,0,1,0,0.1,0.1,0
3732,-1.51521081606571,0,1,0,0.1,0.1,0
3733,0.197260884894824,0,0,0,0.1,0.1,0
3734,0.703075532841827,1,0,1,0.1,0.06,-0.04
3735,-0.444503019425664,0,0,0,0.1,0.1,0
3736,-0.422036783645968,0,0,0,0.1,0.1,0
3737,-1.66421700604659,0,0,0,0.1,0.1,0
3738,2.5981195420793,1,1,0,0.1,0.06,-0.04
3739,-1.23777904006038,0,1,0,0.1,0.1,0
3740,-0.299224754204661,0,1,0,0.1,0.1,0
3741,-1.60884862942486,0,1,1,0.1,0.1,0
3742,-1.56379256964159,0,1,0,0.1,0.1,0
3743,-0.710842178694271,0,1,1,0.1,0.1,0
3744,0.200952995391324,0,0,0,0.1,0.1,0
3745,-0.691631365383843,0,0,0,0.1,0.1,0
3746,0.510931469783238,0,1,0,0.1,0.1,0
3747,0.879590307498094,1,0,0,0.1,0.06,-0.04
3748,-0.537308514175157,0,1,0,0.1,0.1,0
3749,-1.17786089749685,0,1,0,0.1,0.1,0
3750,0.466694035945609,0,1,0,0.1,0.1,0
3751,-0.556824704689751,0,1,0,0.1,0.1,0
3752,1.48071116974587,1,1,0,0.1,0.06,-0.04
3753,1.23175420990548,1,1,0,0.1,0.06,-0.04
3754,1.29489717333616,1,0,0,0.1,0.06,-0.04
3755,0.988794645048109,1,1,0,0.1,0.06,-0.04
3756,0.805685137280002,1,0,0,0.1,0.06,-0.04
3757,-0.565885922591935,0,0,0,0.1,0.1,0
3758,0.528064886747984,0,1,0,0.1,0.1,0
3759,0.372740656527187,0,1,0,0.1,0.1,0
3760,-0.88395442171326,0,1,0,0.1,0.1,0
3761,0.450354278914592,0,1,1,0.1,0.1,0
3762,-1.46677240184208,0,1,1,0.1,0.1,0
3763,0.249441084410533,0,0,0,0.1,0.1,0
3764,-1.44473291777336,0,1,0,0.1,0.1,0
3765,-0.177882047577318,0,0,1,0.1,0.1,0
3766,0.526906536943661,0,0,0,0.1,0.1,0
3767,-0.877093494002567,0,0,0,0.1,0.1,0
3768,1.14594976409635,1,1,0,0.1,0.06,-0.04
3769,0.359563771231802,0,0,0,0.1,0.1,0
3770,0.0337016335666287,0,1,0,0.1,0.1,0
3771,0.683371400184648,1,0,0,0.1,0.06,-0.04
3772,-1.5530930756084,0,1,0,0.1,0.1,0
3773,0.0467706220033944,0,0,0,0.1,0.1,0
3774,1.37015143425286,1,0,0,0.1,0.06,-0.04
3775,-0.534370427985421,0,0,0,0.1,0.1,0
3776,-0.258186954004551,0,1,0,0.1,0.1,0
3777,-0.691654893237074,0,0,0,0.1,0.1,0
3778,0.62416114772255,0,0,0,0.1,0.1,0
3779,0.20801734374342,0,1,0,0.1,0.1,0
3780,0.453511870162322,0,0,0,0.1,0.1,0
3781,-1.45928171101303,0,1,0,0.1,0.1,0
3782,1.88080032003004,1,0,0,0.1,0.06,-0.04
3783,0.0705771981586744,0,0,0,0.1,0.1,0
3784,1.44504741736327,1,1,0,0.1,0.06,-0.04
3785,2.26071430169976,1,1,0,0.1,0.06,-0.04
3786,0.82522501932766,1,1,0,0.1,0.06,-0.04
3787,-0.958838120246866,0,1,0,0.1,0.1,0
3788,-0.582607379606592,0,1,0,0.1,0.1,0
3789,0.414432881819066,0,0,0,0.1,0.1,0
3790,-2.05507890527862,0,0,0,0.1,0.1,0
3791,0.594018595652997,0,1,0,0.1,0.1,0
3792,-0.45770586422117,0,0,0,0.1,0.1,0
3793,0.0138947161599141,0,0,0,0.1,0.1,0
3794,-1.72964490858543,0,0,0,0.1,0.1,0
3795,-1.11005406949013,0,1,0,0.1,0.1,0
3796,0.154969667871872,0,1,0,0.1,0.1,0
3797,-0.563768047717453,0,1,0,0.1,0.1,0
3798,-0.924736395741582,0,0,0,0.1,0.1,0
3799,0.3099882039002,0,0,0,0.1,0.1,0
3800,-1.15443795229338,0,0,1,0.1,0.1,0
3801,0.400752534580887,0,1,0,0.1,0.1,0
3802,-0.406711588827806,0,0,0,0.1,0.1,0
3803,0.19872971813547,0,0,1,0.1,0.1,0
3804,-0.418736946939722,0,0,0,0.1,0.1,0
3805,-0.667147702767406,0,0,0,0.1,0.1,0
3806,-1.24313493241205,0,0,0,0.1,0.1,0
3807,-1.22691112639927,0,0,0,0.1,0.1,0
3808,0.226500804032496,0,1,0,0.1,0.1,0
3809,0.100038725672459,0,0,0,0.1,0.1,0
3810,-0.65708345798387,0,1,1,0.1,0.1,0
3811,-0.995930032956536,0,0,0,0.1,0.1,0
3812,1.79758942286387,1,1,1,0.1,0.06,-0.04
3813,-1.42098572010598,0,1,0,0.1,0.1,0
3814,0.788313943250372,1,1,0,0.1,0.06,-0.04
3815,-1.88070085017173,0,1,0,0.1,0.1,0
3816,-0.064226053317268,0,0,1,0.1,0.1,0
3817,-0.654445443772774,0,0,0,0.1,0.1,0
3818,0.260815584263381,0,1,0,0.1,0.1,0
3819,0.905499520455375,1,0,0,0.1,0.06,-0.04
3820,-0.934756970502422,0,0,1,0.1,0.1,0
3821,-0.264980849042824,0,1,0,0.1,0.1,0
3822,0.575003725703734,0,0,0,0.1,0.1,0
3823,0.379043765711092,0,1,0,0.1,0.1,0
3824,0.687900350106553,1,0,0,0.1,0.06,-0.04
3825,-0.44857453343119,0,0,0,0.1,0.1,0
3826,-0.523191988162374,0,1,0,0.1,0.1,0
3827,0.719677442695389,1,1,0,0.1,0.06,-0.04
3828,-0.0472364908205644,0,1,0,0.1,0.1,0
3829,1.60657080438606,1,1,0,0.1,0.06,-0.04
3830,-0.341344774143346,0,1,0,0.1,0.1,0
3831,2.00793113370532,1,1,0,0.1,0.06,-0.04
3832,0.319188235046506,0,0,0,0.1,0.1,0
3833,1.44699389301757,1,1,0,0.1,0.06,-0.04
3834,-1.92890720010417,0,0,0,0.1,0.1,0
3835,-0.0629749873168286,0,1,0,0.1,0.1,0
3836,0.116312757391542,0,0,0,0.1,0.1,0
3837,1.70557556177404,1,0,0,0.1,0.06,-0.04
3838,-1.64347571411719,0,0,0,0.1,0.1,0
3839,-1.05999028082807,0,1,1,0.1,0.1,0
3840,1.00421555159932,1,1,0,0.1,0.06,-0.04
3841,-0.164518251938047,0,1,0,0.1,0.1,0
3842,-0.425881053532139,0,1,0,0.1,0.1,0
3843,-0.201866103018154,0,0,0,0.1,0.1,0
3844,0.966470144707181,1,1,0,0.1,0.06,-0.04
3845,0.614016571015938,0,0,0,0.1,0.1,0
3846,0.927611388914032,1,0,0,0.1,0.06,-0.04
3847,1.5943500748616,1,1,0,0.1,0.06,-0.04
3848,1.01630336110381,1,0,0,0.1,0.06,-0.04
3849,0.34274897459079,0,1,0,0.1,0.1,0
3850,-1.97063017095999,0,0,1,0.1,0.1,0
3851,-0.263830531187337,0,0,0,0.1,0.1,0
3852,-0.0396425045495856,0,1,0,0.1,0.1,0
3853,0.208265215816414,0,0,0,0.1,0.1,0
3854,-1.10402406929781,0,0,0,0.1,0.1,0
3855,0.820616642428155,1,0,1,0.1,0.06,-0.04
3856,-0.496818212855978,0,0,0,0.1,0.1,0
3857,-2.12028454278361,0,1,0,0.1,0.1,0
3858,-1.32210510987515,0,1,0,0.1,0.1,0
3859,0.954826632352597,1,0,0,0.1,0.06,-0.04
3860,-0.745417466606778,0,1,0,0.1,0.1,0
3861,-0.0467862875076423,0,0,0,0.1,0.1,0
3862,-0.123894202556352,0,0,0,0.1,0.1,0
3863,-0.38104835413787,0,1,0,0.1,0.1,0
3864,-1.29526610944422,0,0,0,0.1,0.1,0
3865,-0.602196984266268,0,0,0,0.1,0.1,0
3866,0.583473374024265,0,0,0,0.1,0.1,0
3867,1.12925104714931,1,0,0,0.1,0.06,-0.04
3868,0.926512327737218,1,0,0,0.1,0.06,-0.04
3869,0.231539393810816,0,0,0,0.1,0.1,0
3870,1.17724821570513,1,0,0,0.1,0.06,-0.04
3871,-0.632996605958519,0,1,0,0.1,0.1,0
3872,-0.537751954464036,0,1,0,0.1,0.1,0
3873,1.34883295500406,1,1,0,0.1,0.06,-0.04
3874,-0.958833246316583,0,1,0,0.1,0.1,0
3875,-1.23987583945374,0,0,0,0.1,0.1,0
3876,-2.60832102963588,0,0,0,0.1,0.1,0
3877,-0.175205557688549,0,1,0,0.1,0.1,0
3878,-0.377373213828275,0,1,0,0.1,0.1,0
3879,1.98733926417663,1,0,0,0.1,0.06,-0.04
3880,0.754906958023088,1,0,1,0.1,0.06,-0.04
3881,-0.947769961049031,0,0,1,0.1,0.1,0
3882,-0.239273412792695,0,0,0,0.1,0.1,0
3883,-1.62080881676879,0,0,0,0.1,0.1,0
3884,1.05218623762326,1,1,0,0.1,0.06,-0.04
3885,-2.23312766813385,0,0,1,0.1,0.1,0
3886,-0.686761325814748,0,1,0,0.1,0.1,0
3887,1.49653480184276,1,1,0,0.1,0.06,-0.04
3888,0.673406023919083,0,1,0,0.1,0.1,0
3889,-1.96269200537126,0,0,0,0.1,0.1,0
3890,2.54940957024317,1,1,0,0.1,0.06,-0.04
3891,0.906619298618433,1,1,1,0.1,0.06,-0.04
3892,0.612878940586387,0,0,0,0.1,0.1,0
3893,0.621362012850024,0,0,0,0.1,0.1,0
3894,-1.30025167132383,0,1,0,0.1,0.1,0
3895,1.18721337508603,1,0,0,0.1,0.06,-0.04
3896,-0.0842055864841783,0,0,0,0.1,0.1,0
3897,-0.93211044002016,0,0,0,0.1,0.1,0
3898,1.42592909833684,1,1,0,0.1,0.06,-0.04
3899,1.68207930486024,1,0,0,0.1,0.06,-0.04
3900,0.679353277159675,1,0,0,0.1,0.06,-0.04
3901,-0.354978804578665,0,0,0,0.1,0.1,0
3902,-0.45863679180524,0,1,0,0.1,0.1,0
3903,0.149413757838014,0,0,0,0.1,0.1,0
3904,-1.94804700679696,0,1,0,0.1,0.1,0
3905,-0.95522234110873,0,1,0,0.1,0.1,0
3906,-0.300838499578011,0,0,0,0.1,0.1,0
3907,-0.492307717796119,0,0,0,0.1,0.1,0
3908,0.182739424827394,0,0,0,0.1,0.1,0
3909,0.230168965016343,0,1,0,0.1,0.1,0
3910,-0.173643101202153,0,1,0,0.1,0.1,0
3911,-0.241308497514116,0,1,0,0.1,0.1,0
3912,0.391430881156747,0,1,0,0.1,0.1,0
3913,-1.42689700128577,0,0,0,0.1,0.1,0
3914,-0.659923312098732,0,0,0,0.1,0.1,0
3915,0.320959313344841,0,0,0,0.1,0.1,0
3916,-1.10607706344741,0,1,0,0.1,0.1,0
3917,-0.484943821811175,0,0,0,0.1,0.1,0
3918,1.86115684345835,1,1,0,0.1,0.06,-0.04
3919,0.199637371153475,0,0,0,0.1,0.1,0
3920,-1.01010137424708,0,0,0,0.1,0.1,0
3921,-0.743895196954282,0,1,0,0.1,0.1,0
3922,0.841744399955543,1,1,0,0.1,0.06,-0.04
3923,-0.0414489681968895,0,1,0,0.1,0.1,0
3924,-1.45712639643321,0,0,0,0.1,0.1,0
3925,0.585148741263233,0,1,0,0.1,0.1,0
3926,-0.87179635030778,0,1,1,0.1,0.1,0
3927,-0.0698963461778138,0,1,0,0.1,0.1,0
3928,-1.02355543287945,0,0,1,0.1,0.1,0
3929,-0.751424486528877,0,0,0,0.1,0.1,0
3930,-0.999807171503388,0,0,0,0.1,0.1,0
3931,0.358562495294485,0,0,0,0.1,0.1,0
3932,1.44548617095963,1,0,0,0.1,0.06,-0.04
3933,-0.0227241540162279,0,0,0,0.1,0.1,0
3934,1.0621258761234,1,0,0,0.1,0.06,-0.04
3935,-0.61343533962551,0,1,0,0.1,0.1,0
3936,-0.647514904071526,0,1,0,0.1,0.1,0
3937,-0.249244294856941,0,1,0,0.1,0.1,0
3938,-0.515785938713452,0,1,0,0.1,0.1,0
3939,-1.87283894245145,0,0,0,0.1,0.1,0
3940,-0.792219289626021,0,1,0,0.1,0.1,0
3941,-1.18942454553592,0,1,0,0.1,0.1,0
3942,-0.118534041739836,0,1,0,0.1,0.1,0
3943,1.06544765499204,1,0,0,0.1,0.06,-0.04
3944,-0.627244072470941,0,1,1,0.1,0.1,0
3945,-0.0272995621054707,0,0,0,0.1,0.1,0
3946,-0.901618985585231,0,0,0,0.1,0.1,0
3947,-1.02671578406907,0,0,0,0.1,0.1,0
3948,-1.68983411114866,0,0,0,0.1,0.1,0
3949,-1.10160512892374,0,0,0,0.1,0.1,0
3950,0.665363079289537,0,1,0,0.1,0.1,0
3951,0.299575029834731,0,0,0,0.1,0.1,0
3952,0.724819720082967,1,1,0,0.1,0.06,-0.04
3953,-1.44482842274092,0,1,0,0.1,0.1,0
3954,0.527119744708918,0,0,0,0.1,0.1,0
3955,1.52796638690036,1,1,0,0.1,0.06,-0.04
3956,-0.568286948796,0,1,0,0.1,0.1,0
3957,1.33328615466872,1,0,0,0.1,0.06,-0.04
3958,0.262161515400417,0,1,0,0.1,0.1,0
3959,-1.35233274435251,0,1,0,0.1,0.1,0
3960,-0.388561576597804,0,1,1,0.1,0.1,0
3961,-0.702561194702636,0,1,0,0.1,0.1,0
3962,1.25172461700162,1,1,0,0.1,0.06,-0.04
3963,-0.148142856470403,0,0,0,0.1,0.1,0
3964,1.10445386463715,1,1,0,0.1,0.06,-0.04
3965,1.44649749239039,1,0,0,0.1,0.06,-0.04
3966,-0.752668913264786,0,0,0,0.1,0.1,0
3967,-1.0139551454655,0,0,0,0.1,0.1,0
3968,-0.94150346039852,0,0,0,0.1,0.1,0
3969,-1.74454726955814,0,0,0,0.1,0.1,0
3970,1.21565164179854,1,0,0,0.1,0.06,-0.04
3971,-0.194997987595849,0,1,0,0.1,0.1,0
3972,-0.768451616620989,0,0,0,0.1,0.1,0
3973,-0.134042356839929,0,1,0,0.1,0.1,0
3974,-0.0399360555138103,0,0,0,0.1,0.1,0
3975,-0.428719228161346,0,1,0,0.1,0.1,0
3976,1.37474442660829,1,1,1,0.1,0.06,-0.04
3977,0.500723739509688,0,1,0,0.1,0.1,0
3978,0.859926061875599,1,0,0,0.1,0.06,-0.04
3979,-0.870972339836094,0,1,0,0.1,0.1,0
3980,0.643660886327185,0,0,0,0.1,0.1,0
3981,-1.07629509963694,0,0,0,0.1,0.1,0
3982,-0.967298150849435,0,1,0,0.1,0.1,0
3983,-0.0413037245828618,0,1,0,0.1,0.1,0
3984,1.01966087390354,1,1,0,0.1,0.06,-0.04
3985,-0.253065234819099,0,0,0,0.1,0.1,0
3986,0.7961762586601,1,1,0,0.1,0.06,-0.04
3987,0.939569350074393,1,1,0,0.1,0.06,-0.04
3988,0.536298866509471,0,0,0,0.1,0.1,0
3989,-1.28042265368211,0,0,0,0.1,0.1,0
3990,1.59674564997215,1,0,0,0.1,0.06,-0.04
3991,1.21748198182481,1,0,0,0.1,0.06,-0.04
3992,-1.93186852560458,0,1,1,0.1,0.1,0
3993,0.875618524492395,1,0,1,0.1,0.06,-0.04
3994,-0.269464281606105,0,1,0,0.1,0.1,0
3995,-0.387447264068639,0,1,1,0.1,0.1,0
3996,1.31461948035334,1,1,0,0.1,0.06,-0.04
3997,-1.00334335765596,0,0,0,0.1,0.1,0
3998,-0.234432875729953,0,0,0,0.1,0.1,0
3999,0.851207410869128,1,1,0,0.1,0.06,-0.04
4000,0.0563687056563882,0,1,0,0.1,0.1,0
