"replicate","scenario","jaccard_threshold","naive_first_stop_n","stable_first_stop_n","naive_stopped","stable_stopped","final_harm_fraction","final_harm_decision","naive_agrees_final","stable_agrees_final","naive_reversal","stable_reversal"
1,"A_threshold",0.5,1600,1600,TRUE,TRUE,0.222058823529412,FALSE,FALSE,FALSE,TRUE,TRUE
2,"A_threshold",0.5,NA,NA,FALSE,FALSE,0.133235294117647,FALSE,TRUE,TRUE,FALSE,FALSE
3,"A_threshold",0.5,1600,1600,TRUE,TRUE,0.356470588235294,FALSE,FALSE,FALSE,TRUE,TRUE
4,"A_threshold",0.5,NA,NA,FALSE,FALSE,0.0773529411764706,FALSE,TRUE,TRUE,FALSE,FALSE
5,"A_threshold",0.5,NA,NA,FALSE,FALSE,0,FALSE,TRUE,TRUE,FALSE,FALSE
6,"A_threshold",0.5,2200,4000,TRUE,TRUE,0.582058823529412,TRUE,TRUE,TRUE,FALSE,FALSE
7,"A_threshold",0.5,1600,1600,TRUE,TRUE,0.398235294117647,FALSE,FALSE,FALSE,TRUE,TRUE
8,"A_threshold",0.5,NA,NA,FALSE,FALSE,0.00176470588235294,FALSE,TRUE,TRUE,FALSE,FALSE
9,"A_threshold",0.5,NA,NA,FALSE,FALSE,0.118235294117647,FALSE,TRUE,TRUE,FALSE,FALSE
10,"A_threshold",0.5,2200,2800,TRUE,TRUE,0.302352941176471,FALSE,FALSE,FALSE,TRUE,TRUE
11,"A_threshold",0.5,2800,2800,TRUE,TRUE,0.569411764705882,TRUE,TRUE,TRUE,FALSE,FALSE
12,"A_threshold",0.5,NA,NA,FALSE,FALSE,0,FALSE,TRUE,TRUE,FALSE,FALSE
13,"A_threshold",0.5,NA,NA,FALSE,FALSE,0.173235294117647,FALSE,TRUE,TRUE,FALSE,FALSE
14,"A_threshold",0.5,NA,NA,FALSE,FALSE,0.0535294117647059,FALSE,TRUE,TRUE,FALSE,FALSE
15,"A_threshold",0.5,NA,NA,FALSE,FALSE,0.00117647058823529,FALSE,TRUE,TRUE,FALSE,FALSE
16,"A_threshold",0.5,NA,NA,FALSE,FALSE,0.08,FALSE,TRUE,TRUE,FALSE,FALSE
17,"A_threshold",0.5,NA,NA,FALSE,FALSE,0.286764705882353,FALSE,TRUE,TRUE,FALSE,FALSE
18,"A_threshold",0.5,4000,4000,TRUE,TRUE,0.543823529411765,TRUE,TRUE,TRUE,FALSE,FALSE
19,"A_threshold",0.5,NA,NA,FALSE,FALSE,0.0367647058823529,FALSE,TRUE,TRUE,FALSE,FALSE
20,"A_threshold",0.5,1600,1600,TRUE,TRUE,0.294705882352941,FALSE,FALSE,FALSE,TRUE,TRUE
21,"A_threshold",0.5,NA,NA,FALSE,FALSE,0.113235294117647,FALSE,TRUE,TRUE,FALSE,FALSE
22,"A_threshold",0.5,NA,NA,FALSE,FALSE,0.0288235294117647,FALSE,TRUE,TRUE,FALSE,FALSE
23,"A_threshold",0.5,NA,NA,FALSE,FALSE,0,FALSE,TRUE,TRUE,FALSE,FALSE
24,"A_threshold",0.5,NA,NA,FALSE,FALSE,0.152058823529412,FALSE,TRUE,TRUE,FALSE,FALSE
25,"A_threshold",0.5,2800,2800,TRUE,TRUE,0.357941176470588,FALSE,FALSE,FALSE,TRUE,TRUE
26,"A_threshold",0.5,1600,2200,TRUE,TRUE,0.332352941176471,FALSE,FALSE,FALSE,TRUE,TRUE
27,"A_threshold",0.5,1600,1600,TRUE,TRUE,0.223235294117647,FALSE,FALSE,FALSE,TRUE,TRUE
28,"A_threshold",0.5,NA,NA,FALSE,FALSE,0.0847058823529412,FALSE,TRUE,TRUE,FALSE,FALSE
29,"A_threshold",0.5,NA,NA,FALSE,FALSE,0.238529411764706,FALSE,TRUE,TRUE,FALSE,FALSE
30,"A_threshold",0.5,NA,NA,FALSE,FALSE,0.0814705882352941,FALSE,TRUE,TRUE,FALSE,FALSE
31,"A_threshold",0.5,NA,NA,FALSE,FALSE,0.0723529411764706,FALSE,TRUE,TRUE,FALSE,FALSE
32,"A_threshold",0.5,NA,NA,FALSE,FALSE,0.0214705882352941,FALSE,TRUE,TRUE,FALSE,FALSE
33,"A_threshold",0.5,1600,NA,TRUE,FALSE,0.00264705882352941,FALSE,FALSE,TRUE,TRUE,FALSE
34,"A_threshold",0.5,NA,NA,FALSE,FALSE,0.423529411764706,FALSE,TRUE,TRUE,FALSE,FALSE
35,"A_threshold",0.5,1600,1600,TRUE,TRUE,0.588823529411765,TRUE,TRUE,TRUE,FALSE,FALSE
36,"A_threshold",0.5,NA,NA,FALSE,FALSE,0.286176470588235,FALSE,TRUE,TRUE,FALSE,FALSE
37,"A_threshold",0.5,NA,NA,FALSE,FALSE,0.0158823529411765,FALSE,TRUE,TRUE,FALSE,FALSE
38,"A_threshold",0.5,NA,NA,FALSE,FALSE,0.190294117647059,FALSE,TRUE,TRUE,FALSE,FALSE
39,"A_threshold",0.5,1600,1600,TRUE,TRUE,0.0870588235294118,FALSE,FALSE,FALSE,TRUE,TRUE
40,"A_threshold",0.5,NA,NA,FALSE,FALSE,0.0691176470588235,FALSE,TRUE,TRUE,FALSE,FALSE
41,"A_threshold",0.5,1600,1600,TRUE,TRUE,0.412058823529412,FALSE,FALSE,FALSE,TRUE,TRUE
42,"A_threshold",0.5,NA,NA,FALSE,FALSE,0.0255882352941176,FALSE,TRUE,TRUE,FALSE,FALSE
43,"A_threshold",0.5,NA,NA,FALSE,FALSE,0.113235294117647,FALSE,TRUE,TRUE,FALSE,FALSE
44,"A_threshold",0.5,1600,1600,TRUE,TRUE,0.732352941176471,TRUE,TRUE,TRUE,FALSE,FALSE
45,"A_threshold",0.5,2800,2800,TRUE,TRUE,0.434705882352941,FALSE,FALSE,FALSE,TRUE,TRUE
46,"A_threshold",0.5,NA,NA,FALSE,FALSE,0.279705882352941,FALSE,TRUE,TRUE,FALSE,FALSE
47,"A_threshold",0.5,1600,1600,TRUE,TRUE,0.570294117647059,TRUE,TRUE,TRUE,FALSE,FALSE
48,"A_threshold",0.5,1600,1600,TRUE,TRUE,0.563823529411765,TRUE,TRUE,TRUE,FALSE,FALSE
49,"A_threshold",0.5,NA,NA,FALSE,FALSE,0.167058823529412,FALSE,TRUE,TRUE,FALSE,FALSE
50,"A_threshold",0.5,1600,1600,TRUE,TRUE,0.619411764705882,TRUE,TRUE,TRUE,FALSE,FALSE
51,"A_threshold",0.5,NA,NA,FALSE,FALSE,0.395882352941176,FALSE,TRUE,TRUE,FALSE,FALSE
52,"A_threshold",0.5,NA,NA,FALSE,FALSE,0.302941176470588,FALSE,TRUE,TRUE,FALSE,FALSE
53,"A_threshold",0.5,NA,NA,FALSE,FALSE,0.39,FALSE,TRUE,TRUE,FALSE,FALSE
54,"A_threshold",0.5,NA,NA,FALSE,FALSE,0.075,FALSE,TRUE,TRUE,FALSE,FALSE
55,"A_threshold",0.5,NA,NA,FALSE,FALSE,0.337647058823529,FALSE,TRUE,TRUE,FALSE,FALSE
56,"A_threshold",0.5,NA,NA,FALSE,FALSE,0.447647058823529,FALSE,TRUE,TRUE,FALSE,FALSE
57,"A_threshold",0.5,NA,NA,FALSE,FALSE,0.135882352941176,FALSE,TRUE,TRUE,FALSE,FALSE
58,"A_threshold",0.5,NA,NA,FALSE,FALSE,0.265,FALSE,TRUE,TRUE,FALSE,FALSE
59,"A_threshold",0.5,NA,NA,FALSE,FALSE,0.0117647058823529,FALSE,TRUE,TRUE,FALSE,FALSE
60,"A_threshold",0.5,NA,NA,FALSE,FALSE,0.327647058823529,FALSE,TRUE,TRUE,FALSE,FALSE
61,"A_threshold",0.5,NA,NA,FALSE,FALSE,0,FALSE,TRUE,TRUE,FALSE,FALSE
62,"A_threshold",0.5,NA,NA,FALSE,FALSE,0.400294117647059,FALSE,TRUE,TRUE,FALSE,FALSE
63,"A_threshold",0.5,1600,2200,TRUE,TRUE,0.447647058823529,FALSE,FALSE,FALSE,TRUE,TRUE
64,"A_threshold",0.5,1600,1600,TRUE,TRUE,0.111764705882353,FALSE,FALSE,FALSE,TRUE,TRUE
65,"A_threshold",0.5,3400,3400,TRUE,TRUE,0.468823529411765,FALSE,FALSE,FALSE,TRUE,TRUE
66,"A_threshold",0.5,NA,NA,FALSE,FALSE,0.149117647058824,FALSE,TRUE,TRUE,FALSE,FALSE
67,"A_threshold",0.5,1600,1600,TRUE,TRUE,0.377352941176471,FALSE,FALSE,FALSE,TRUE,TRUE
68,"A_threshold",0.5,1600,2200,TRUE,TRUE,0.992941176470588,TRUE,TRUE,TRUE,FALSE,FALSE
69,"A_threshold",0.5,2200,NA,TRUE,FALSE,0,FALSE,FALSE,TRUE,TRUE,FALSE
70,"A_threshold",0.5,1600,1600,TRUE,TRUE,0.409411764705882,FALSE,FALSE,FALSE,TRUE,TRUE
71,"A_threshold",0.5,1600,1600,TRUE,TRUE,0.114705882352941,FALSE,FALSE,FALSE,TRUE,TRUE
72,"A_threshold",0.5,NA,NA,FALSE,FALSE,0.305882352941176,FALSE,TRUE,TRUE,FALSE,FALSE
73,"A_threshold",0.5,NA,NA,FALSE,FALSE,0.459117647058824,FALSE,TRUE,TRUE,FALSE,FALSE
74,"A_threshold",0.5,1600,3400,TRUE,TRUE,0.420588235294118,FALSE,FALSE,FALSE,TRUE,TRUE
75,"A_threshold",0.5,NA,NA,FALSE,FALSE,0.0376470588235294,FALSE,TRUE,TRUE,FALSE,FALSE
76,"A_threshold",0.5,NA,NA,FALSE,FALSE,0.283235294117647,FALSE,TRUE,TRUE,FALSE,FALSE
77,"A_threshold",0.5,1600,1600,TRUE,TRUE,1,TRUE,TRUE,TRUE,FALSE,FALSE
78,"A_threshold",0.5,NA,NA,FALSE,FALSE,0.0126470588235294,FALSE,TRUE,TRUE,FALSE,FALSE
79,"A_threshold",0.5,1600,1600,TRUE,TRUE,0.262941176470588,FALSE,FALSE,FALSE,TRUE,TRUE
80,"A_threshold",0.5,1600,1600,TRUE,TRUE,0.389117647058824,FALSE,FALSE,FALSE,TRUE,TRUE
81,"A_threshold",0.5,NA,NA,FALSE,FALSE,0,FALSE,TRUE,TRUE,FALSE,FALSE
82,"A_threshold",0.5,1600,1600,TRUE,TRUE,0.877352941176471,TRUE,TRUE,TRUE,FALSE,FALSE
83,"A_threshold",0.5,NA,NA,FALSE,FALSE,0.397352941176471,FALSE,TRUE,TRUE,FALSE,FALSE
84,"A_threshold",0.5,2200,2200,TRUE,TRUE,0.606470588235294,TRUE,TRUE,TRUE,FALSE,FALSE
85,"A_threshold",0.5,NA,NA,FALSE,FALSE,0,FALSE,TRUE,TRUE,FALSE,FALSE
86,"A_threshold",0.5,NA,NA,FALSE,FALSE,0.321470588235294,FALSE,TRUE,TRUE,FALSE,FALSE
87,"A_threshold",0.5,2200,2200,TRUE,TRUE,0.112058823529412,FALSE,FALSE,FALSE,TRUE,TRUE
88,"A_threshold",0.5,NA,NA,FALSE,FALSE,0.268529411764706,FALSE,TRUE,TRUE,FALSE,FALSE
89,"A_threshold",0.5,NA,NA,FALSE,FALSE,0.248823529411765,FALSE,TRUE,TRUE,FALSE,FALSE
90,"A_threshold",0.5,1600,1600,TRUE,TRUE,0.532058823529412,TRUE,TRUE,TRUE,FALSE,FALSE
91,"A_threshold",0.5,NA,NA,FALSE,FALSE,0.134117647058824,FALSE,TRUE,TRUE,FALSE,FALSE
92,"A_threshold",0.5,NA,NA,FALSE,FALSE,0.189705882352941,FALSE,TRUE,TRUE,FALSE,FALSE
93,"A_threshold",0.5,NA,NA,FALSE,FALSE,0.295588235294118,FALSE,TRUE,TRUE,FALSE,FALSE
94,"A_threshold",0.5,NA,NA,FALSE,FALSE,0.442352941176471,FALSE,TRUE,TRUE,FALSE,FALSE
95,"A_threshold",0.5,1600,1600,TRUE,TRUE,0.508235294117647,TRUE,TRUE,TRUE,FALSE,FALSE
96,"A_threshold",0.5,NA,NA,FALSE,FALSE,0.192352941176471,FALSE,TRUE,TRUE,FALSE,FALSE
97,"A_threshold",0.5,NA,NA,FALSE,FALSE,0.253823529411765,FALSE,TRUE,TRUE,FALSE,FALSE
98,"A_threshold",0.5,NA,NA,FALSE,FALSE,0.326176470588235,FALSE,TRUE,TRUE,FALSE,FALSE
99,"A_threshold",0.5,NA,NA,FALSE,FALSE,0,FALSE,TRUE,TRUE,FALSE,FALSE
100,"A_threshold",0.5,NA,NA,FALSE,FALSE,0,FALSE,TRUE,TRUE,FALSE,FALSE
101,"A_threshold",0.5,1600,1600,TRUE,TRUE,0.751176470588235,TRUE,TRUE,TRUE,FALSE,FALSE
102,"A_threshold",0.5,2200,2200,TRUE,TRUE,0.452352941176471,FALSE,FALSE,FALSE,TRUE,TRUE
103,"A_threshold",0.5,NA,NA,FALSE,FALSE,0.344411764705882,FALSE,TRUE,TRUE,FALSE,FALSE
104,"A_threshold",0.5,NA,NA,FALSE,FALSE,0,FALSE,TRUE,TRUE,FALSE,FALSE
105,"A_threshold",0.5,1600,1600,TRUE,TRUE,0.611470588235294,TRUE,TRUE,TRUE,FALSE,FALSE
106,"A_threshold",0.5,2200,2200,TRUE,TRUE,0.569117647058824,TRUE,TRUE,TRUE,FALSE,FALSE
107,"A_threshold",0.5,1600,1600,TRUE,TRUE,0.610588235294118,TRUE,TRUE,TRUE,FALSE,FALSE
108,"A_threshold",0.5,NA,NA,FALSE,FALSE,0.288529411764706,FALSE,TRUE,TRUE,FALSE,FALSE
109,"A_threshold",0.5,1600,1600,TRUE,TRUE,0.562647058823529,TRUE,TRUE,TRUE,FALSE,FALSE
110,"A_threshold",0.5,NA,NA,FALSE,FALSE,0.313823529411765,FALSE,TRUE,TRUE,FALSE,FALSE
111,"A_threshold",0.5,NA,NA,FALSE,FALSE,0,FALSE,TRUE,TRUE,FALSE,FALSE
112,"A_threshold",0.5,2800,3400,TRUE,TRUE,0.946176470588235,TRUE,TRUE,TRUE,FALSE,FALSE
113,"A_threshold",0.5,NA,NA,FALSE,FALSE,0.312058823529412,FALSE,TRUE,TRUE,FALSE,FALSE
114,"A_threshold",0.5,1600,1600,TRUE,TRUE,0.474705882352941,FALSE,FALSE,FALSE,TRUE,TRUE
115,"A_threshold",0.5,NA,NA,FALSE,FALSE,0.00617647058823529,FALSE,TRUE,TRUE,FALSE,FALSE
116,"A_threshold",0.5,NA,NA,FALSE,FALSE,0.268529411764706,FALSE,TRUE,TRUE,FALSE,FALSE
117,"A_threshold",0.5,NA,NA,FALSE,FALSE,0.0644117647058823,FALSE,TRUE,TRUE,FALSE,FALSE
118,"A_threshold",0.5,NA,NA,FALSE,FALSE,0.327352941176471,FALSE,TRUE,TRUE,FALSE,FALSE
119,"A_threshold",0.5,NA,NA,FALSE,FALSE,0,FALSE,TRUE,TRUE,FALSE,FALSE
120,"A_threshold",0.5,NA,NA,FALSE,FALSE,0.325294117647059,FALSE,TRUE,TRUE,FALSE,FALSE
121,"A_threshold",0.5,NA,NA,FALSE,FALSE,0.262647058823529,FALSE,TRUE,TRUE,FALSE,FALSE
122,"A_threshold",0.5,1600,1600,TRUE,TRUE,0.606764705882353,TRUE,TRUE,TRUE,FALSE,FALSE
123,"A_threshold",0.5,NA,NA,FALSE,FALSE,0,FALSE,TRUE,TRUE,FALSE,FALSE
124,"A_threshold",0.5,1600,1600,TRUE,TRUE,0.140588235294118,FALSE,FALSE,FALSE,TRUE,TRUE
125,"A_threshold",0.5,NA,NA,FALSE,FALSE,0.313823529411765,FALSE,TRUE,TRUE,FALSE,FALSE
126,"A_threshold",0.5,NA,NA,FALSE,FALSE,0.238823529411765,FALSE,TRUE,TRUE,FALSE,FALSE
127,"A_threshold",0.5,1600,1600,TRUE,TRUE,0.242941176470588,FALSE,FALSE,FALSE,TRUE,TRUE
128,"A_threshold",0.5,1600,2200,TRUE,TRUE,0.677058823529412,TRUE,TRUE,TRUE,FALSE,FALSE
129,"A_threshold",0.5,NA,NA,FALSE,FALSE,0.168235294117647,FALSE,TRUE,TRUE,FALSE,FALSE
130,"A_threshold",0.5,1600,1600,TRUE,TRUE,0.314411764705882,FALSE,FALSE,FALSE,TRUE,TRUE
131,"A_threshold",0.5,NA,NA,FALSE,FALSE,0.213529411764706,FALSE,TRUE,TRUE,FALSE,FALSE
132,"A_threshold",0.5,1600,1600,TRUE,TRUE,0.690882352941177,TRUE,TRUE,TRUE,FALSE,FALSE
133,"A_threshold",0.5,3400,3400,TRUE,TRUE,0.625882352941176,TRUE,TRUE,TRUE,FALSE,FALSE
134,"A_threshold",0.5,1600,1600,TRUE,TRUE,0.350294117647059,FALSE,FALSE,FALSE,TRUE,TRUE
135,"A_threshold",0.5,1600,1600,TRUE,TRUE,0.612352941176471,TRUE,TRUE,TRUE,FALSE,FALSE
136,"A_threshold",0.5,NA,NA,FALSE,FALSE,0.0676470588235294,FALSE,TRUE,TRUE,FALSE,FALSE
137,"A_threshold",0.5,4000,4000,TRUE,TRUE,0.516764705882353,TRUE,TRUE,TRUE,FALSE,FALSE
138,"A_threshold",0.5,1600,1600,TRUE,TRUE,0.145,FALSE,FALSE,FALSE,TRUE,TRUE
139,"A_threshold",0.5,NA,NA,FALSE,FALSE,0.215294117647059,FALSE,TRUE,TRUE,FALSE,FALSE
140,"A_threshold",0.5,NA,NA,FALSE,FALSE,0.381764705882353,FALSE,TRUE,TRUE,FALSE,FALSE
141,"A_threshold",0.5,2200,2200,TRUE,TRUE,0.535,TRUE,TRUE,TRUE,FALSE,FALSE
142,"A_threshold",0.5,NA,NA,FALSE,FALSE,0,FALSE,TRUE,TRUE,FALSE,FALSE
143,"A_threshold",0.5,NA,NA,FALSE,FALSE,0.207941176470588,FALSE,TRUE,TRUE,FALSE,FALSE
144,"A_threshold",0.5,1600,1600,TRUE,TRUE,0.543235294117647,TRUE,TRUE,TRUE,FALSE,FALSE
145,"A_threshold",0.5,NA,NA,FALSE,FALSE,0.167941176470588,FALSE,TRUE,TRUE,FALSE,FALSE
146,"A_threshold",0.5,NA,NA,FALSE,FALSE,0.203529411764706,FALSE,TRUE,TRUE,FALSE,FALSE
147,"A_threshold",0.5,NA,NA,FALSE,FALSE,0.159411764705882,FALSE,TRUE,TRUE,FALSE,FALSE
148,"A_threshold",0.5,1600,2800,TRUE,TRUE,0.802647058823529,TRUE,TRUE,TRUE,FALSE,FALSE
149,"A_threshold",0.5,NA,NA,FALSE,FALSE,0.322647058823529,FALSE,TRUE,TRUE,FALSE,FALSE
150,"A_threshold",0.5,NA,NA,FALSE,FALSE,0.0238235294117647,FALSE,TRUE,TRUE,FALSE,FALSE
151,"A_threshold",0.5,NA,NA,FALSE,FALSE,0.0723529411764706,FALSE,TRUE,TRUE,FALSE,FALSE
152,"A_threshold",0.5,1600,1600,TRUE,TRUE,0.52,TRUE,TRUE,TRUE,FALSE,FALSE
153,"A_threshold",0.5,NA,NA,FALSE,FALSE,0.0552941176470588,FALSE,TRUE,TRUE,FALSE,FALSE
154,"A_threshold",0.5,2200,2200,TRUE,TRUE,0.422352941176471,FALSE,FALSE,FALSE,TRUE,TRUE
155,"A_threshold",0.5,NA,NA,FALSE,FALSE,0.0367647058823529,FALSE,TRUE,TRUE,FALSE,FALSE
156,"A_threshold",0.5,NA,NA,FALSE,FALSE,0.00558823529411765,FALSE,TRUE,TRUE,FALSE,FALSE
157,"A_threshold",0.5,2800,2800,TRUE,TRUE,0.510588235294118,TRUE,TRUE,TRUE,FALSE,FALSE
158,"A_threshold",0.5,3400,3400,TRUE,TRUE,0.638235294117647,TRUE,TRUE,TRUE,FALSE,FALSE
159,"A_threshold",0.5,1600,1600,TRUE,TRUE,0.297058823529412,FALSE,FALSE,FALSE,TRUE,TRUE
160,"A_threshold",0.5,NA,NA,FALSE,FALSE,0.211176470588235,FALSE,TRUE,TRUE,FALSE,FALSE
161,"A_threshold",0.5,NA,NA,FALSE,FALSE,0.304411764705882,FALSE,TRUE,TRUE,FALSE,FALSE
162,"A_threshold",0.5,NA,NA,FALSE,FALSE,0.257647058823529,FALSE,TRUE,TRUE,FALSE,FALSE
163,"A_threshold",0.5,NA,NA,FALSE,FALSE,0.287941176470588,FALSE,TRUE,TRUE,FALSE,FALSE
164,"A_threshold",0.5,NA,NA,FALSE,FALSE,0,FALSE,TRUE,TRUE,FALSE,FALSE
165,"A_threshold",0.5,3400,3400,TRUE,TRUE,0.447941176470588,FALSE,FALSE,FALSE,TRUE,TRUE
166,"A_threshold",0.5,NA,NA,FALSE,FALSE,0.132058823529412,FALSE,TRUE,TRUE,FALSE,FALSE
167,"A_threshold",0.5,1600,1600,TRUE,TRUE,0.400882352941176,FALSE,FALSE,FALSE,TRUE,TRUE
168,"A_threshold",0.5,NA,NA,FALSE,FALSE,0.313235294117647,FALSE,TRUE,TRUE,FALSE,FALSE
169,"A_threshold",0.5,NA,NA,FALSE,FALSE,0.256764705882353,FALSE,TRUE,TRUE,FALSE,FALSE
170,"A_threshold",0.5,1600,1600,TRUE,TRUE,0.517941176470588,TRUE,TRUE,TRUE,FALSE,FALSE
171,"A_threshold",0.5,1600,1600,TRUE,TRUE,0.405882352941176,FALSE,FALSE,FALSE,TRUE,TRUE
172,"A_threshold",0.5,3400,3400,TRUE,TRUE,0.478823529411765,FALSE,FALSE,FALSE,TRUE,TRUE
173,"A_threshold",0.5,NA,NA,FALSE,FALSE,0.00117647058823529,FALSE,TRUE,TRUE,FALSE,FALSE
174,"A_threshold",0.5,2200,2200,TRUE,TRUE,0.617941176470588,TRUE,TRUE,TRUE,FALSE,FALSE
175,"A_threshold",0.5,1600,1600,TRUE,TRUE,0.306470588235294,FALSE,FALSE,FALSE,TRUE,TRUE
176,"A_threshold",0.5,1600,1600,TRUE,TRUE,0.727058823529412,TRUE,TRUE,TRUE,FALSE,FALSE
177,"A_threshold",0.5,1600,2200,TRUE,TRUE,0.142647058823529,FALSE,FALSE,FALSE,TRUE,TRUE
178,"A_threshold",0.5,NA,NA,FALSE,FALSE,0.0929411764705882,FALSE,TRUE,TRUE,FALSE,FALSE
179,"A_threshold",0.5,NA,NA,FALSE,FALSE,0,FALSE,TRUE,TRUE,FALSE,FALSE
180,"A_threshold",0.5,NA,NA,FALSE,FALSE,0.314117647058824,FALSE,TRUE,TRUE,FALSE,FALSE
181,"A_threshold",0.5,NA,NA,FALSE,FALSE,0.0408823529411765,FALSE,TRUE,TRUE,FALSE,FALSE
182,"A_threshold",0.5,NA,NA,FALSE,FALSE,0.167058823529412,FALSE,TRUE,TRUE,FALSE,FALSE
183,"A_threshold",0.5,NA,NA,FALSE,FALSE,0.345882352941176,FALSE,TRUE,TRUE,FALSE,FALSE
184,"A_threshold",0.5,1600,NA,TRUE,FALSE,0.0161764705882353,FALSE,FALSE,TRUE,TRUE,FALSE
185,"A_threshold",0.5,NA,NA,FALSE,FALSE,0,FALSE,TRUE,TRUE,FALSE,FALSE
186,"A_threshold",0.5,NA,NA,FALSE,FALSE,0.234411764705882,FALSE,TRUE,TRUE,FALSE,FALSE
187,"A_threshold",0.5,NA,NA,FALSE,FALSE,0.0697058823529412,FALSE,TRUE,TRUE,FALSE,FALSE
188,"A_threshold",0.5,1600,1600,TRUE,TRUE,0.79,TRUE,TRUE,TRUE,FALSE,FALSE
189,"A_threshold",0.5,NA,NA,FALSE,FALSE,0.0270588235294118,FALSE,TRUE,TRUE,FALSE,FALSE
190,"A_threshold",0.5,2200,2200,TRUE,TRUE,0.317352941176471,FALSE,FALSE,FALSE,TRUE,TRUE
191,"A_threshold",0.5,NA,NA,FALSE,FALSE,0.0802941176470588,FALSE,TRUE,TRUE,FALSE,FALSE
192,"A_threshold",0.5,NA,NA,FALSE,FALSE,0.000294117647058824,FALSE,TRUE,TRUE,FALSE,FALSE
193,"A_threshold",0.5,NA,NA,FALSE,FALSE,0.0308823529411765,FALSE,TRUE,TRUE,FALSE,FALSE
194,"A_threshold",0.5,NA,NA,FALSE,FALSE,0.0664705882352941,FALSE,TRUE,TRUE,FALSE,FALSE
195,"A_threshold",0.5,1600,1600,TRUE,TRUE,0.694411764705882,TRUE,TRUE,TRUE,FALSE,FALSE
196,"A_threshold",0.5,NA,NA,FALSE,FALSE,0,FALSE,TRUE,TRUE,FALSE,FALSE
197,"A_threshold",0.5,1600,1600,TRUE,TRUE,0.717647058823529,TRUE,TRUE,TRUE,FALSE,FALSE
198,"A_threshold",0.5,NA,NA,FALSE,FALSE,0.0714705882352941,FALSE,TRUE,TRUE,FALSE,FALSE
199,"A_threshold",0.5,1600,1600,TRUE,TRUE,0.305882352941176,FALSE,FALSE,FALSE,TRUE,TRUE
200,"A_threshold",0.5,NA,NA,FALSE,FALSE,0.0841176470588235,FALSE,TRUE,TRUE,FALSE,FALSE
201,"A_threshold",0.5,NA,NA,FALSE,FALSE,0.0697058823529412,FALSE,TRUE,TRUE,FALSE,FALSE
202,"A_threshold",0.5,1600,1600,TRUE,TRUE,0.988529411764706,TRUE,TRUE,TRUE,FALSE,FALSE
203,"A_threshold",0.5,NA,NA,FALSE,FALSE,0.112941176470588,FALSE,TRUE,TRUE,FALSE,FALSE
204,"A_threshold",0.5,NA,NA,FALSE,FALSE,0,FALSE,TRUE,TRUE,FALSE,FALSE
205,"A_threshold",0.5,3400,NA,TRUE,FALSE,0.280882352941176,FALSE,FALSE,TRUE,TRUE,FALSE
206,"A_threshold",0.5,NA,NA,FALSE,FALSE,0.134705882352941,FALSE,TRUE,TRUE,FALSE,FALSE
207,"A_threshold",0.5,4000,NA,TRUE,FALSE,0.551176470588235,TRUE,TRUE,FALSE,FALSE,FALSE
208,"A_threshold",0.5,NA,NA,FALSE,FALSE,0.0585294117647059,FALSE,TRUE,TRUE,FALSE,FALSE
209,"A_threshold",0.5,2200,2200,TRUE,TRUE,0.289705882352941,FALSE,FALSE,FALSE,TRUE,TRUE
210,"A_threshold",0.5,NA,NA,FALSE,FALSE,0.184411764705882,FALSE,TRUE,TRUE,FALSE,FALSE
211,"A_threshold",0.5,NA,NA,FALSE,FALSE,0.129705882352941,FALSE,TRUE,TRUE,FALSE,FALSE
212,"A_threshold",0.5,NA,NA,FALSE,FALSE,0,FALSE,TRUE,TRUE,FALSE,FALSE
213,"A_threshold",0.5,NA,NA,FALSE,FALSE,0.309705882352941,FALSE,TRUE,TRUE,FALSE,FALSE
214,"A_threshold",0.5,NA,NA,FALSE,FALSE,0.0270588235294118,FALSE,TRUE,TRUE,FALSE,FALSE
215,"A_threshold",0.5,1600,1600,TRUE,TRUE,0.752352941176471,TRUE,TRUE,TRUE,FALSE,FALSE
216,"A_threshold",0.5,NA,NA,FALSE,FALSE,0.368823529411765,FALSE,TRUE,TRUE,FALSE,FALSE
217,"A_threshold",0.5,NA,NA,FALSE,FALSE,0,FALSE,TRUE,TRUE,FALSE,FALSE
218,"A_threshold",0.5,NA,NA,FALSE,FALSE,0.358823529411765,FALSE,TRUE,TRUE,FALSE,FALSE
219,"A_threshold",0.5,NA,NA,FALSE,FALSE,0.03,FALSE,TRUE,TRUE,FALSE,FALSE
220,"A_threshold",0.5,1600,1600,TRUE,TRUE,1,TRUE,TRUE,TRUE,FALSE,FALSE
221,"A_threshold",0.5,1600,1600,TRUE,TRUE,0.300294117647059,FALSE,FALSE,FALSE,TRUE,TRUE
222,"A_threshold",0.5,NA,NA,FALSE,FALSE,0.112647058823529,FALSE,TRUE,TRUE,FALSE,FALSE
223,"A_threshold",0.5,3400,3400,TRUE,TRUE,0.650294117647059,TRUE,TRUE,TRUE,FALSE,FALSE
224,"A_threshold",0.5,2200,2200,TRUE,TRUE,0,FALSE,FALSE,FALSE,TRUE,TRUE
225,"A_threshold",0.5,1600,1600,TRUE,TRUE,0.722352941176471,TRUE,TRUE,TRUE,FALSE,FALSE
226,"A_threshold",0.5,1600,1600,TRUE,TRUE,0.345294117647059,FALSE,FALSE,FALSE,TRUE,TRUE
227,"A_threshold",0.5,1600,1600,TRUE,TRUE,0.552647058823529,TRUE,TRUE,TRUE,FALSE,FALSE
228,"A_threshold",0.5,NA,NA,FALSE,FALSE,0.430882352941176,FALSE,TRUE,TRUE,FALSE,FALSE
229,"A_threshold",0.5,1600,1600,TRUE,TRUE,0.430294117647059,FALSE,FALSE,FALSE,TRUE,TRUE
230,"A_threshold",0.5,NA,NA,FALSE,FALSE,0.00382352941176471,FALSE,TRUE,TRUE,FALSE,FALSE
231,"A_threshold",0.5,1600,1600,TRUE,TRUE,0.855,TRUE,TRUE,TRUE,FALSE,FALSE
232,"A_threshold",0.5,NA,NA,FALSE,FALSE,0.194411764705882,FALSE,TRUE,TRUE,FALSE,FALSE
233,"A_threshold",0.5,NA,NA,FALSE,FALSE,0.0838235294117647,FALSE,TRUE,TRUE,FALSE,FALSE
234,"A_threshold",0.5,1600,1600,TRUE,TRUE,0.0694117647058824,FALSE,FALSE,FALSE,TRUE,TRUE
235,"A_threshold",0.5,NA,NA,FALSE,FALSE,0.190882352941176,FALSE,TRUE,TRUE,FALSE,FALSE
236,"A_threshold",0.5,2200,2800,TRUE,TRUE,0.895588235294118,TRUE,TRUE,TRUE,FALSE,FALSE
237,"A_threshold",0.5,1600,1600,TRUE,TRUE,0.846176470588235,TRUE,TRUE,TRUE,FALSE,FALSE
238,"A_threshold",0.5,NA,NA,FALSE,FALSE,0.123235294117647,FALSE,TRUE,TRUE,FALSE,FALSE
239,"A_threshold",0.5,NA,NA,FALSE,FALSE,0.289411764705882,FALSE,TRUE,TRUE,FALSE,FALSE
240,"A_threshold",0.5,NA,NA,FALSE,FALSE,0.383823529411765,FALSE,TRUE,TRUE,FALSE,FALSE
241,"A_threshold",0.5,NA,NA,FALSE,FALSE,0.210294117647059,FALSE,TRUE,TRUE,FALSE,FALSE
242,"A_threshold",0.5,NA,NA,FALSE,FALSE,0.358529411764706,FALSE,TRUE,TRUE,FALSE,FALSE
243,"A_threshold",0.5,NA,NA,FALSE,FALSE,0.304411764705882,FALSE,TRUE,TRUE,FALSE,FALSE
244,"A_threshold",0.5,NA,NA,FALSE,FALSE,0.0620588235294118,FALSE,TRUE,TRUE,FALSE,FALSE
245,"A_threshold",0.5,NA,NA,FALSE,FALSE,0.147647058823529,FALSE,TRUE,TRUE,FALSE,FALSE
246,"A_threshold",0.5,1600,1600,TRUE,TRUE,0.711176470588235,TRUE,TRUE,TRUE,FALSE,FALSE
247,"A_threshold",0.5,NA,NA,FALSE,FALSE,0.119411764705882,FALSE,TRUE,TRUE,FALSE,FALSE
248,"A_threshold",0.5,2200,2200,TRUE,TRUE,0.265588235294118,FALSE,FALSE,FALSE,TRUE,TRUE
249,"A_threshold",0.5,3400,4000,TRUE,TRUE,0.696470588235294,TRUE,TRUE,TRUE,FALSE,FALSE
250,"A_threshold",0.5,1600,1600,TRUE,TRUE,0.657058823529412,TRUE,TRUE,TRUE,FALSE,FALSE
251,"A_threshold",0.5,NA,NA,FALSE,FALSE,0.0164705882352941,FALSE,TRUE,TRUE,FALSE,FALSE
252,"A_threshold",0.5,NA,NA,FALSE,FALSE,0.238529411764706,FALSE,TRUE,TRUE,FALSE,FALSE
253,"A_threshold",0.5,3400,4000,TRUE,TRUE,1,TRUE,TRUE,TRUE,FALSE,FALSE
254,"A_threshold",0.5,NA,NA,FALSE,FALSE,0.0791176470588235,FALSE,TRUE,TRUE,FALSE,FALSE
255,"A_threshold",0.5,1600,1600,TRUE,TRUE,0.468529411764706,FALSE,FALSE,FALSE,TRUE,TRUE
256,"A_threshold",0.5,2200,2800,TRUE,TRUE,0.679411764705882,TRUE,TRUE,TRUE,FALSE,FALSE
257,"A_threshold",0.5,1600,1600,TRUE,TRUE,0.260588235294118,FALSE,FALSE,FALSE,TRUE,TRUE
258,"A_threshold",0.5,2800,2800,TRUE,TRUE,0.45,FALSE,FALSE,FALSE,TRUE,TRUE
259,"A_threshold",0.5,4000,4000,TRUE,TRUE,0.529705882352941,TRUE,TRUE,TRUE,FALSE,FALSE
260,"A_threshold",0.5,NA,NA,FALSE,FALSE,0.115588235294118,FALSE,TRUE,TRUE,FALSE,FALSE
261,"A_threshold",0.5,NA,NA,FALSE,FALSE,0.167352941176471,FALSE,TRUE,TRUE,FALSE,FALSE
262,"A_threshold",0.5,1600,1600,TRUE,TRUE,1,TRUE,TRUE,TRUE,FALSE,FALSE
263,"A_threshold",0.5,NA,NA,FALSE,FALSE,0,FALSE,TRUE,TRUE,FALSE,FALSE
264,"A_threshold",0.5,NA,NA,FALSE,FALSE,0.310294117647059,FALSE,TRUE,TRUE,FALSE,FALSE
265,"A_threshold",0.5,1600,1600,TRUE,TRUE,0.85,TRUE,TRUE,TRUE,FALSE,FALSE
266,"A_threshold",0.5,3400,3400,TRUE,TRUE,0.571176470588235,TRUE,TRUE,TRUE,FALSE,FALSE
267,"A_threshold",0.5,NA,NA,FALSE,FALSE,0.399411764705882,FALSE,TRUE,TRUE,FALSE,FALSE
268,"A_threshold",0.5,NA,NA,FALSE,FALSE,0.0120588235294118,FALSE,TRUE,TRUE,FALSE,FALSE
269,"A_threshold",0.5,1600,NA,TRUE,FALSE,0,FALSE,FALSE,TRUE,TRUE,FALSE
270,"A_threshold",0.5,2200,2200,TRUE,TRUE,0.406470588235294,FALSE,FALSE,FALSE,TRUE,TRUE
271,"A_threshold",0.5,2800,2800,TRUE,TRUE,0.527058823529412,TRUE,TRUE,TRUE,FALSE,FALSE
272,"A_threshold",0.5,NA,NA,FALSE,FALSE,0.262941176470588,FALSE,TRUE,TRUE,FALSE,FALSE
273,"A_threshold",0.5,NA,NA,FALSE,FALSE,0,FALSE,TRUE,TRUE,FALSE,FALSE
274,"A_threshold",0.5,NA,NA,FALSE,FALSE,0.155588235294118,FALSE,TRUE,TRUE,FALSE,FALSE
275,"A_threshold",0.5,NA,NA,FALSE,FALSE,0.347647058823529,FALSE,TRUE,TRUE,FALSE,FALSE
276,"A_threshold",0.5,NA,NA,FALSE,FALSE,0.397058823529412,FALSE,TRUE,TRUE,FALSE,FALSE
277,"A_threshold",0.5,2200,2200,TRUE,TRUE,0.609705882352941,TRUE,TRUE,TRUE,FALSE,FALSE
278,"A_threshold",0.5,NA,NA,FALSE,FALSE,0,FALSE,TRUE,TRUE,FALSE,FALSE
279,"A_threshold",0.5,1600,1600,TRUE,TRUE,0.496764705882353,FALSE,FALSE,FALSE,TRUE,TRUE
280,"A_threshold",0.5,NA,NA,FALSE,FALSE,0,FALSE,TRUE,TRUE,FALSE,FALSE
281,"A_threshold",0.5,NA,NA,FALSE,FALSE,0,FALSE,TRUE,TRUE,FALSE,FALSE
282,"A_threshold",0.5,NA,NA,FALSE,FALSE,0,FALSE,TRUE,TRUE,FALSE,FALSE
283,"A_threshold",0.5,2200,2200,TRUE,TRUE,0.687352941176471,TRUE,TRUE,TRUE,FALSE,FALSE
284,"A_threshold",0.5,NA,NA,FALSE,FALSE,0.075,FALSE,TRUE,TRUE,FALSE,FALSE
285,"A_threshold",0.5,NA,NA,FALSE,FALSE,0,FALSE,TRUE,TRUE,FALSE,FALSE
286,"A_threshold",0.5,NA,NA,FALSE,FALSE,0,FALSE,TRUE,TRUE,FALSE,FALSE
287,"A_threshold",0.5,NA,NA,FALSE,FALSE,0,FALSE,TRUE,TRUE,FALSE,FALSE
288,"A_threshold",0.5,NA,NA,FALSE,FALSE,0.257352941176471,FALSE,TRUE,TRUE,FALSE,FALSE
289,"A_threshold",0.5,NA,NA,FALSE,FALSE,0.242647058823529,FALSE,TRUE,TRUE,FALSE,FALSE
290,"A_threshold",0.5,NA,NA,FALSE,FALSE,0,FALSE,TRUE,TRUE,FALSE,FALSE
291,"A_threshold",0.5,NA,NA,FALSE,FALSE,0.12,FALSE,TRUE,TRUE,FALSE,FALSE
292,"A_threshold",0.5,NA,NA,FALSE,FALSE,0.196764705882353,FALSE,TRUE,TRUE,FALSE,FALSE
293,"A_threshold",0.5,3400,NA,TRUE,FALSE,0.442941176470588,FALSE,FALSE,TRUE,TRUE,FALSE
294,"A_threshold",0.5,NA,NA,FALSE,FALSE,0.0926470588235294,FALSE,TRUE,TRUE,FALSE,FALSE
295,"A_threshold",0.5,NA,NA,FALSE,FALSE,0.0176470588235294,FALSE,TRUE,TRUE,FALSE,FALSE
296,"A_threshold",0.5,1600,2200,TRUE,TRUE,0.862941176470588,TRUE,TRUE,TRUE,FALSE,FALSE
297,"A_threshold",0.5,2200,2200,TRUE,TRUE,0.417647058823529,FALSE,FALSE,FALSE,TRUE,TRUE
298,"A_threshold",0.5,NA,NA,FALSE,FALSE,0.184411764705882,FALSE,TRUE,TRUE,FALSE,FALSE
299,"A_threshold",0.5,NA,NA,FALSE,FALSE,0,FALSE,TRUE,TRUE,FALSE,FALSE
300,"A_threshold",0.5,3400,NA,TRUE,FALSE,0.868529411764706,TRUE,TRUE,FALSE,FALSE,FALSE
301,"A_threshold",0.5,3400,NA,TRUE,FALSE,0.450588235294118,FALSE,FALSE,TRUE,TRUE,FALSE
302,"A_threshold",0.5,1600,2200,TRUE,TRUE,0.312647058823529,FALSE,FALSE,FALSE,TRUE,TRUE
303,"A_threshold",0.5,NA,NA,FALSE,FALSE,0.201176470588235,FALSE,TRUE,TRUE,FALSE,FALSE
304,"A_threshold",0.5,NA,NA,FALSE,FALSE,0.00470588235294118,FALSE,TRUE,TRUE,FALSE,FALSE
305,"A_threshold",0.5,NA,NA,FALSE,FALSE,0.140882352941176,FALSE,TRUE,TRUE,FALSE,FALSE
306,"A_threshold",0.5,1600,1600,TRUE,TRUE,0.357941176470588,FALSE,FALSE,FALSE,TRUE,TRUE
307,"A_threshold",0.5,1600,NA,TRUE,FALSE,0.343529411764706,FALSE,FALSE,TRUE,TRUE,FALSE
308,"A_threshold",0.5,2800,3400,TRUE,TRUE,0.692647058823529,TRUE,TRUE,TRUE,FALSE,FALSE
309,"A_threshold",0.5,2800,2800,TRUE,TRUE,0.375882352941176,FALSE,FALSE,FALSE,TRUE,TRUE
310,"A_threshold",0.5,NA,NA,FALSE,FALSE,0,FALSE,TRUE,TRUE,FALSE,FALSE
311,"A_threshold",0.5,NA,NA,FALSE,FALSE,0.383235294117647,FALSE,TRUE,TRUE,FALSE,FALSE
312,"A_threshold",0.5,NA,NA,FALSE,FALSE,0.0361764705882353,FALSE,TRUE,TRUE,FALSE,FALSE
313,"A_threshold",0.5,NA,NA,FALSE,FALSE,0,FALSE,TRUE,TRUE,FALSE,FALSE
314,"A_threshold",0.5,NA,NA,FALSE,FALSE,0.195,FALSE,TRUE,TRUE,FALSE,FALSE
315,"A_threshold",0.5,NA,NA,FALSE,FALSE,0.371764705882353,FALSE,TRUE,TRUE,FALSE,FALSE
316,"A_threshold",0.5,1600,1600,TRUE,TRUE,0.410882352941176,FALSE,FALSE,FALSE,TRUE,TRUE
317,"A_threshold",0.5,NA,NA,FALSE,FALSE,0.175294117647059,FALSE,TRUE,TRUE,FALSE,FALSE
318,"A_threshold",0.5,NA,NA,FALSE,FALSE,0.351176470588235,FALSE,TRUE,TRUE,FALSE,FALSE
319,"A_threshold",0.5,NA,NA,FALSE,FALSE,0.000294117647058824,FALSE,TRUE,TRUE,FALSE,FALSE
320,"A_threshold",0.5,1600,1600,TRUE,TRUE,0.961470588235294,TRUE,TRUE,TRUE,FALSE,FALSE
321,"A_threshold",0.5,NA,NA,FALSE,FALSE,0.0197058823529412,FALSE,TRUE,TRUE,FALSE,FALSE
322,"A_threshold",0.5,NA,NA,FALSE,FALSE,0.393529411764706,FALSE,TRUE,TRUE,FALSE,FALSE
323,"A_threshold",0.5,NA,NA,FALSE,FALSE,0.33,FALSE,TRUE,TRUE,FALSE,FALSE
324,"A_threshold",0.5,1600,2200,TRUE,TRUE,0.535882352941176,TRUE,TRUE,TRUE,FALSE,FALSE
325,"A_threshold",0.5,2800,NA,TRUE,FALSE,0,FALSE,FALSE,TRUE,TRUE,FALSE
326,"A_threshold",0.5,NA,NA,FALSE,FALSE,0.208823529411765,FALSE,TRUE,TRUE,FALSE,FALSE
327,"A_threshold",0.5,2800,NA,TRUE,FALSE,0.211470588235294,FALSE,FALSE,TRUE,TRUE,FALSE
328,"A_threshold",0.5,2200,2200,TRUE,TRUE,0.278235294117647,FALSE,FALSE,FALSE,TRUE,TRUE
329,"A_threshold",0.5,NA,NA,FALSE,FALSE,0.0220588235294118,FALSE,TRUE,TRUE,FALSE,FALSE
330,"A_threshold",0.5,NA,NA,FALSE,FALSE,0.178529411764706,FALSE,TRUE,TRUE,FALSE,FALSE
331,"A_threshold",0.5,1600,1600,TRUE,TRUE,0.592352941176471,TRUE,TRUE,TRUE,FALSE,FALSE
332,"A_threshold",0.5,NA,NA,FALSE,FALSE,0.04,FALSE,TRUE,TRUE,FALSE,FALSE
333,"A_threshold",0.5,1600,1600,TRUE,TRUE,0.00117647058823529,FALSE,FALSE,FALSE,TRUE,TRUE
334,"A_threshold",0.5,NA,NA,FALSE,FALSE,0,FALSE,TRUE,TRUE,FALSE,FALSE
335,"A_threshold",0.5,NA,NA,FALSE,FALSE,0.281764705882353,FALSE,TRUE,TRUE,FALSE,FALSE
336,"A_threshold",0.5,NA,NA,FALSE,FALSE,0.000294117647058824,FALSE,TRUE,TRUE,FALSE,FALSE
337,"A_threshold",0.5,1600,1600,TRUE,TRUE,0.465294117647059,FALSE,FALSE,FALSE,TRUE,TRUE
338,"A_threshold",0.5,NA,NA,FALSE,FALSE,0.202352941176471,FALSE,TRUE,TRUE,FALSE,FALSE
339,"A_threshold",0.5,2200,2200,TRUE,TRUE,0.634705882352941,TRUE,TRUE,TRUE,FALSE,FALSE
340,"A_threshold",0.5,NA,NA,FALSE,FALSE,0,FALSE,TRUE,TRUE,FALSE,FALSE
341,"A_threshold",0.5,2200,2200,TRUE,TRUE,0.328529411764706,FALSE,FALSE,FALSE,TRUE,TRUE
342,"A_threshold",0.5,1600,1600,TRUE,TRUE,0.361764705882353,FALSE,FALSE,FALSE,TRUE,TRUE
343,"A_threshold",0.5,NA,NA,FALSE,FALSE,0.0320588235294118,FALSE,TRUE,TRUE,FALSE,FALSE
344,"A_threshold",0.5,2200,2200,TRUE,TRUE,0.230294117647059,FALSE,FALSE,FALSE,TRUE,TRUE
345,"A_threshold",0.5,NA,NA,FALSE,FALSE,0,FALSE,TRUE,TRUE,FALSE,FALSE
346,"A_threshold",0.5,NA,NA,FALSE,FALSE,0,FALSE,TRUE,TRUE,FALSE,FALSE
347,"A_threshold",0.5,1600,1600,TRUE,TRUE,0,FALSE,FALSE,FALSE,TRUE,TRUE
348,"A_threshold",0.5,NA,NA,FALSE,FALSE,0.378823529411765,FALSE,TRUE,TRUE,FALSE,FALSE
349,"A_threshold",0.5,1600,1600,TRUE,TRUE,0.341176470588235,FALSE,FALSE,FALSE,TRUE,TRUE
350,"A_threshold",0.5,1600,1600,TRUE,TRUE,0.942941176470588,TRUE,TRUE,TRUE,FALSE,FALSE
351,"A_threshold",0.5,2200,2200,TRUE,TRUE,0.719117647058824,TRUE,TRUE,TRUE,FALSE,FALSE
352,"A_threshold",0.5,NA,NA,FALSE,FALSE,0.101176470588235,FALSE,TRUE,TRUE,FALSE,FALSE
353,"A_threshold",0.5,NA,NA,FALSE,FALSE,0,FALSE,TRUE,TRUE,FALSE,FALSE
354,"A_threshold",0.5,NA,NA,FALSE,FALSE,0,FALSE,TRUE,TRUE,FALSE,FALSE
355,"A_threshold",0.5,NA,NA,FALSE,FALSE,0,FALSE,TRUE,TRUE,FALSE,FALSE
356,"A_threshold",0.5,NA,NA,FALSE,FALSE,0.358529411764706,FALSE,TRUE,TRUE,FALSE,FALSE
357,"A_threshold",0.5,NA,NA,FALSE,FALSE,0.035,FALSE,TRUE,TRUE,FALSE,FALSE
358,"A_threshold",0.5,1600,1600,TRUE,TRUE,0.234117647058824,FALSE,FALSE,FALSE,TRUE,TRUE
359,"A_threshold",0.5,NA,NA,FALSE,FALSE,0.00352941176470588,FALSE,TRUE,TRUE,FALSE,FALSE
360,"A_threshold",0.5,1600,1600,TRUE,TRUE,0.416176470588235,FALSE,FALSE,FALSE,TRUE,TRUE
361,"A_threshold",0.5,1600,1600,TRUE,TRUE,0.409117647058824,FALSE,FALSE,FALSE,TRUE,TRUE
362,"A_threshold",0.5,1600,1600,TRUE,TRUE,0.337058823529412,FALSE,FALSE,FALSE,TRUE,TRUE
363,"A_threshold",0.5,1600,2800,TRUE,TRUE,0.515,TRUE,TRUE,TRUE,FALSE,FALSE
364,"A_threshold",0.5,NA,NA,FALSE,FALSE,0.169117647058824,FALSE,TRUE,TRUE,FALSE,FALSE
365,"A_threshold",0.5,NA,NA,FALSE,FALSE,0.275,FALSE,TRUE,TRUE,FALSE,FALSE
366,"A_threshold",0.5,2200,2200,TRUE,TRUE,0.465882352941176,FALSE,FALSE,FALSE,TRUE,TRUE
367,"A_threshold",0.5,1600,1600,TRUE,TRUE,0.368823529411765,FALSE,FALSE,FALSE,TRUE,TRUE
368,"A_threshold",0.5,NA,NA,FALSE,FALSE,0.211176470588235,FALSE,TRUE,TRUE,FALSE,FALSE
369,"A_threshold",0.5,3400,NA,TRUE,FALSE,0.360588235294118,FALSE,FALSE,TRUE,TRUE,FALSE
370,"A_threshold",0.5,NA,NA,FALSE,FALSE,0.177058823529412,FALSE,TRUE,TRUE,FALSE,FALSE
371,"A_threshold",0.5,NA,NA,FALSE,FALSE,0.297941176470588,FALSE,TRUE,TRUE,FALSE,FALSE
372,"A_threshold",0.5,2200,2200,TRUE,TRUE,0.537352941176471,TRUE,TRUE,TRUE,FALSE,FALSE
373,"A_threshold",0.5,NA,NA,FALSE,FALSE,0,FALSE,TRUE,TRUE,FALSE,FALSE
374,"A_threshold",0.5,1600,1600,TRUE,TRUE,0.294411764705882,FALSE,FALSE,FALSE,TRUE,TRUE
375,"A_threshold",0.5,1600,2200,TRUE,TRUE,0.326764705882353,FALSE,FALSE,FALSE,TRUE,TRUE
376,"A_threshold",0.5,NA,NA,FALSE,FALSE,0,FALSE,TRUE,TRUE,FALSE,FALSE
377,"A_threshold",0.5,NA,NA,FALSE,FALSE,0.0123529411764706,FALSE,TRUE,TRUE,FALSE,FALSE
378,"A_threshold",0.5,NA,NA,FALSE,FALSE,0.211176470588235,FALSE,TRUE,TRUE,FALSE,FALSE
379,"A_threshold",0.5,NA,NA,FALSE,FALSE,0.07,FALSE,TRUE,TRUE,FALSE,FALSE
380,"A_threshold",0.5,1600,1600,TRUE,TRUE,0.708823529411765,TRUE,TRUE,TRUE,FALSE,FALSE
381,"A_threshold",0.5,1600,1600,TRUE,TRUE,0.122058823529412,FALSE,FALSE,FALSE,TRUE,TRUE
382,"A_threshold",0.5,1600,1600,TRUE,TRUE,0.310588235294118,FALSE,FALSE,FALSE,TRUE,TRUE
383,"A_threshold",0.5,NA,NA,FALSE,FALSE,0.0179411764705882,FALSE,TRUE,TRUE,FALSE,FALSE
384,"A_threshold",0.5,NA,NA,FALSE,FALSE,0.371470588235294,FALSE,TRUE,TRUE,FALSE,FALSE
385,"A_threshold",0.5,NA,NA,FALSE,FALSE,0.158529411764706,FALSE,TRUE,TRUE,FALSE,FALSE
386,"A_threshold",0.5,NA,NA,FALSE,FALSE,0.00205882352941176,FALSE,TRUE,TRUE,FALSE,FALSE
387,"A_threshold",0.5,1600,1600,TRUE,TRUE,0.580588235294118,TRUE,TRUE,TRUE,FALSE,FALSE
388,"A_threshold",0.5,NA,NA,FALSE,FALSE,0.421470588235294,FALSE,TRUE,TRUE,FALSE,FALSE
389,"A_threshold",0.5,NA,NA,FALSE,FALSE,0.399411764705882,FALSE,TRUE,TRUE,FALSE,FALSE
390,"A_threshold",0.5,1600,1600,TRUE,TRUE,0.251470588235294,FALSE,FALSE,FALSE,TRUE,TRUE
391,"A_threshold",0.5,NA,NA,FALSE,FALSE,0.314117647058824,FALSE,TRUE,TRUE,FALSE,FALSE
392,"A_threshold",0.5,1600,1600,TRUE,TRUE,0.559411764705882,TRUE,TRUE,TRUE,FALSE,FALSE
393,"A_threshold",0.5,NA,NA,FALSE,FALSE,0.179411764705882,FALSE,TRUE,TRUE,FALSE,FALSE
394,"A_threshold",0.5,1600,1600,TRUE,TRUE,0.513235294117647,TRUE,TRUE,TRUE,FALSE,FALSE
395,"A_threshold",0.5,1600,1600,TRUE,TRUE,0.424705882352941,FALSE,FALSE,FALSE,TRUE,TRUE
396,"A_threshold",0.5,2800,2800,TRUE,TRUE,0.513235294117647,TRUE,TRUE,TRUE,FALSE,FALSE
397,"A_threshold",0.5,NA,NA,FALSE,FALSE,0.11,FALSE,TRUE,TRUE,FALSE,FALSE
398,"A_threshold",0.5,NA,NA,FALSE,FALSE,0.0738235294117647,FALSE,TRUE,TRUE,FALSE,FALSE
399,"A_threshold",0.5,NA,NA,FALSE,FALSE,0.0717647058823529,FALSE,TRUE,TRUE,FALSE,FALSE
400,"A_threshold",0.5,NA,NA,FALSE,FALSE,0.0535294117647059,FALSE,TRUE,TRUE,FALSE,FALSE
401,"A_threshold",0.5,NA,NA,FALSE,FALSE,0.00117647058823529,FALSE,TRUE,TRUE,FALSE,FALSE
402,"A_threshold",0.5,2200,2200,TRUE,TRUE,0.632058823529412,TRUE,TRUE,TRUE,FALSE,FALSE
403,"A_threshold",0.5,NA,NA,FALSE,FALSE,0.290588235294118,FALSE,TRUE,TRUE,FALSE,FALSE
404,"A_threshold",0.5,1600,1600,TRUE,TRUE,0.0208823529411765,FALSE,FALSE,FALSE,TRUE,TRUE
405,"A_threshold",0.5,NA,NA,FALSE,FALSE,0.245588235294118,FALSE,TRUE,TRUE,FALSE,FALSE
406,"A_threshold",0.5,NA,NA,FALSE,FALSE,0.226470588235294,FALSE,TRUE,TRUE,FALSE,FALSE
407,"A_threshold",0.5,NA,NA,FALSE,FALSE,0.0617647058823529,FALSE,TRUE,TRUE,FALSE,FALSE
408,"A_threshold",0.5,NA,NA,FALSE,FALSE,0,FALSE,TRUE,TRUE,FALSE,FALSE
409,"A_threshold",0.5,1600,1600,TRUE,TRUE,0.555882352941176,TRUE,TRUE,TRUE,FALSE,FALSE
410,"A_threshold",0.5,1600,1600,TRUE,TRUE,1,TRUE,TRUE,TRUE,FALSE,FALSE
411,"A_threshold",0.5,1600,1600,TRUE,TRUE,0.321176470588235,FALSE,FALSE,FALSE,TRUE,TRUE
412,"A_threshold",0.5,1600,1600,TRUE,TRUE,0.0808823529411765,FALSE,FALSE,FALSE,TRUE,TRUE
413,"A_threshold",0.5,1600,1600,TRUE,TRUE,0.634705882352941,TRUE,TRUE,TRUE,FALSE,FALSE
414,"A_threshold",0.5,2800,2800,TRUE,TRUE,0.607647058823529,TRUE,TRUE,TRUE,FALSE,FALSE
415,"A_threshold",0.5,NA,NA,FALSE,FALSE,0.0341176470588235,FALSE,TRUE,TRUE,FALSE,FALSE
416,"A_threshold",0.5,NA,NA,FALSE,FALSE,0.469705882352941,FALSE,TRUE,TRUE,FALSE,FALSE
417,"A_threshold",0.5,1600,1600,TRUE,TRUE,0.366764705882353,FALSE,FALSE,FALSE,TRUE,TRUE
418,"A_threshold",0.5,NA,NA,FALSE,FALSE,0.498823529411765,FALSE,TRUE,TRUE,FALSE,FALSE
419,"A_threshold",0.5,NA,NA,FALSE,FALSE,0,FALSE,TRUE,TRUE,FALSE,FALSE
420,"A_threshold",0.5,NA,NA,FALSE,FALSE,0.0873529411764706,FALSE,TRUE,TRUE,FALSE,FALSE
421,"A_threshold",0.5,NA,NA,FALSE,FALSE,0.463529411764706,FALSE,TRUE,TRUE,FALSE,FALSE
422,"A_threshold",0.5,NA,NA,FALSE,FALSE,0.130882352941176,FALSE,TRUE,TRUE,FALSE,FALSE
423,"A_threshold",0.5,2800,NA,TRUE,FALSE,0.0532352941176471,FALSE,FALSE,TRUE,TRUE,FALSE
424,"A_threshold",0.5,NA,NA,FALSE,FALSE,0,FALSE,TRUE,TRUE,FALSE,FALSE
425,"A_threshold",0.5,NA,NA,FALSE,FALSE,0.235294117647059,FALSE,TRUE,TRUE,FALSE,FALSE
426,"A_threshold",0.5,NA,NA,FALSE,FALSE,0.208529411764706,FALSE,TRUE,TRUE,FALSE,FALSE
427,"A_threshold",0.5,NA,NA,FALSE,FALSE,0.348529411764706,FALSE,TRUE,TRUE,FALSE,FALSE
428,"A_threshold",0.5,NA,NA,FALSE,FALSE,0.0161764705882353,FALSE,TRUE,TRUE,FALSE,FALSE
429,"A_threshold",0.5,NA,NA,FALSE,FALSE,0.24,FALSE,TRUE,TRUE,FALSE,FALSE
430,"A_threshold",0.5,2800,2800,TRUE,TRUE,0.376176470588235,FALSE,FALSE,FALSE,TRUE,TRUE
431,"A_threshold",0.5,NA,NA,FALSE,FALSE,0,FALSE,TRUE,TRUE,FALSE,FALSE
432,"A_threshold",0.5,4000,NA,TRUE,FALSE,0.758823529411765,TRUE,TRUE,FALSE,FALSE,FALSE
433,"A_threshold",0.5,1600,1600,TRUE,TRUE,0.722058823529412,TRUE,TRUE,TRUE,FALSE,FALSE
434,"A_threshold",0.5,NA,NA,FALSE,FALSE,0.374411764705882,FALSE,TRUE,TRUE,FALSE,FALSE
435,"A_threshold",0.5,NA,NA,FALSE,FALSE,0,FALSE,TRUE,TRUE,FALSE,FALSE
436,"A_threshold",0.5,NA,NA,FALSE,FALSE,0.290588235294118,FALSE,TRUE,TRUE,FALSE,FALSE
437,"A_threshold",0.5,NA,NA,FALSE,FALSE,0.0247058823529412,FALSE,TRUE,TRUE,FALSE,FALSE
438,"A_threshold",0.5,NA,NA,FALSE,FALSE,0.31,FALSE,TRUE,TRUE,FALSE,FALSE
439,"A_threshold",0.5,2200,2200,TRUE,TRUE,0.492647058823529,FALSE,FALSE,FALSE,TRUE,TRUE
440,"A_threshold",0.5,NA,NA,FALSE,FALSE,0,FALSE,TRUE,TRUE,FALSE,FALSE
441,"A_threshold",0.5,NA,NA,FALSE,FALSE,0.240882352941176,FALSE,TRUE,TRUE,FALSE,FALSE
442,"A_threshold",0.5,2200,2800,TRUE,TRUE,0.880588235294118,TRUE,TRUE,TRUE,FALSE,FALSE
443,"A_threshold",0.5,NA,NA,FALSE,FALSE,0,FALSE,TRUE,TRUE,FALSE,FALSE
444,"A_threshold",0.5,1600,1600,TRUE,TRUE,0.206470588235294,FALSE,FALSE,FALSE,TRUE,TRUE
445,"A_threshold",0.5,NA,NA,FALSE,FALSE,0.294411764705882,FALSE,TRUE,TRUE,FALSE,FALSE
446,"A_threshold",0.5,1600,1600,TRUE,TRUE,0.660882352941176,TRUE,TRUE,TRUE,FALSE,FALSE
447,"A_threshold",0.5,1600,1600,TRUE,TRUE,0.750294117647059,TRUE,TRUE,TRUE,FALSE,FALSE
448,"A_threshold",0.5,NA,NA,FALSE,FALSE,0.0264705882352941,FALSE,TRUE,TRUE,FALSE,FALSE
449,"A_threshold",0.5,1600,1600,TRUE,TRUE,1,TRUE,TRUE,TRUE,FALSE,FALSE
450,"A_threshold",0.5,NA,NA,FALSE,FALSE,0.242941176470588,FALSE,TRUE,TRUE,FALSE,FALSE
451,"A_threshold",0.5,NA,NA,FALSE,FALSE,0.0576470588235294,FALSE,TRUE,TRUE,FALSE,FALSE
452,"A_threshold",0.5,NA,NA,FALSE,FALSE,0.105294117647059,FALSE,TRUE,TRUE,FALSE,FALSE
453,"A_threshold",0.5,2200,2200,TRUE,TRUE,0.342352941176471,FALSE,FALSE,FALSE,TRUE,TRUE
454,"A_threshold",0.5,NA,NA,FALSE,FALSE,0,FALSE,TRUE,TRUE,FALSE,FALSE
455,"A_threshold",0.5,NA,NA,FALSE,FALSE,0.472647058823529,FALSE,TRUE,TRUE,FALSE,FALSE
456,"A_threshold",0.5,NA,NA,FALSE,FALSE,0,FALSE,TRUE,TRUE,FALSE,FALSE
457,"A_threshold",0.5,NA,NA,FALSE,FALSE,0.00588235294117647,FALSE,TRUE,TRUE,FALSE,FALSE
458,"A_threshold",0.5,1600,1600,TRUE,TRUE,0.689705882352941,TRUE,TRUE,TRUE,FALSE,FALSE
459,"A_threshold",0.5,1600,1600,TRUE,TRUE,0.148823529411765,FALSE,FALSE,FALSE,TRUE,TRUE
460,"A_threshold",0.5,NA,NA,FALSE,FALSE,0,FALSE,TRUE,TRUE,FALSE,FALSE
461,"A_threshold",0.5,NA,NA,FALSE,FALSE,0.00205882352941176,FALSE,TRUE,TRUE,FALSE,FALSE
462,"A_threshold",0.5,NA,NA,FALSE,FALSE,0.212352941176471,FALSE,TRUE,TRUE,FALSE,FALSE
463,"A_threshold",0.5,NA,NA,FALSE,FALSE,0,FALSE,TRUE,TRUE,FALSE,FALSE
464,"A_threshold",0.5,NA,NA,FALSE,FALSE,0.0561764705882353,FALSE,TRUE,TRUE,FALSE,FALSE
465,"A_threshold",0.5,NA,NA,FALSE,FALSE,0.0229411764705882,FALSE,TRUE,TRUE,FALSE,FALSE
466,"A_threshold",0.5,NA,NA,FALSE,FALSE,0.276764705882353,FALSE,TRUE,TRUE,FALSE,FALSE
467,"A_threshold",0.5,NA,NA,FALSE,FALSE,0.0555882352941176,FALSE,TRUE,TRUE,FALSE,FALSE
468,"A_threshold",0.5,NA,NA,FALSE,FALSE,0.234705882352941,FALSE,TRUE,TRUE,FALSE,FALSE
469,"A_threshold",0.5,NA,NA,FALSE,FALSE,0.00117647058823529,FALSE,TRUE,TRUE,FALSE,FALSE
470,"A_threshold",0.5,NA,NA,FALSE,FALSE,0.0105882352941176,FALSE,TRUE,TRUE,FALSE,FALSE
471,"A_threshold",0.5,NA,NA,FALSE,FALSE,0.0958823529411765,FALSE,TRUE,TRUE,FALSE,FALSE
472,"A_threshold",0.5,NA,NA,FALSE,FALSE,0.365,FALSE,TRUE,TRUE,FALSE,FALSE
473,"A_threshold",0.5,NA,NA,FALSE,FALSE,0.194411764705882,FALSE,TRUE,TRUE,FALSE,FALSE
474,"A_threshold",0.5,1600,1600,TRUE,TRUE,0.0182352941176471,FALSE,FALSE,FALSE,TRUE,TRUE
475,"A_threshold",0.5,2200,2200,TRUE,TRUE,0.396470588235294,FALSE,FALSE,FALSE,TRUE,TRUE
476,"A_threshold",0.5,NA,NA,FALSE,FALSE,0.136470588235294,FALSE,TRUE,TRUE,FALSE,FALSE
477,"A_threshold",0.5,NA,NA,FALSE,FALSE,0,FALSE,TRUE,TRUE,FALSE,FALSE
478,"A_threshold",0.5,2200,2800,TRUE,TRUE,0.460294117647059,FALSE,FALSE,FALSE,TRUE,TRUE
479,"A_threshold",0.5,NA,NA,FALSE,FALSE,0.18,FALSE,TRUE,TRUE,FALSE,FALSE
480,"A_threshold",0.5,NA,NA,FALSE,FALSE,0.304411764705882,FALSE,TRUE,TRUE,FALSE,FALSE
481,"A_threshold",0.5,NA,NA,FALSE,FALSE,0.0444117647058824,FALSE,TRUE,TRUE,FALSE,FALSE
482,"A_threshold",0.5,1600,2200,TRUE,TRUE,0.553529411764706,TRUE,TRUE,TRUE,FALSE,FALSE
483,"A_threshold",0.5,NA,NA,FALSE,FALSE,0,FALSE,TRUE,TRUE,FALSE,FALSE
484,"A_threshold",0.5,NA,NA,FALSE,FALSE,0.0229411764705882,FALSE,TRUE,TRUE,FALSE,FALSE
485,"A_threshold",0.5,1600,1600,TRUE,TRUE,0.520882352941176,TRUE,TRUE,TRUE,FALSE,FALSE
486,"A_threshold",0.5,NA,NA,FALSE,FALSE,0.296764705882353,FALSE,TRUE,TRUE,FALSE,FALSE
487,"A_threshold",0.5,1600,1600,TRUE,TRUE,0.518235294117647,TRUE,TRUE,TRUE,FALSE,FALSE
488,"A_threshold",0.5,NA,NA,FALSE,FALSE,0.0844117647058824,FALSE,TRUE,TRUE,FALSE,FALSE
489,"A_threshold",0.5,NA,NA,FALSE,FALSE,0.157058823529412,FALSE,TRUE,TRUE,FALSE,FALSE
490,"A_threshold",0.5,NA,NA,FALSE,FALSE,0.226176470588235,FALSE,TRUE,TRUE,FALSE,FALSE
491,"A_threshold",0.5,NA,NA,FALSE,FALSE,0.0385294117647059,FALSE,TRUE,TRUE,FALSE,FALSE
492,"A_threshold",0.5,1600,1600,TRUE,TRUE,0.473823529411765,FALSE,FALSE,FALSE,TRUE,TRUE
493,"A_threshold",0.5,1600,1600,TRUE,TRUE,0.597647058823529,TRUE,TRUE,TRUE,FALSE,FALSE
494,"A_threshold",0.5,NA,NA,FALSE,FALSE,0.0988235294117647,FALSE,TRUE,TRUE,FALSE,FALSE
495,"A_threshold",0.5,1600,1600,TRUE,TRUE,0.000294117647058824,FALSE,FALSE,FALSE,TRUE,TRUE
496,"A_threshold",0.5,1600,1600,TRUE,TRUE,0.395294117647059,FALSE,FALSE,FALSE,TRUE,TRUE
497,"A_threshold",0.5,2200,2800,TRUE,TRUE,0.00676470588235294,FALSE,FALSE,FALSE,TRUE,TRUE
498,"A_threshold",0.5,NA,NA,FALSE,FALSE,0.356470588235294,FALSE,TRUE,TRUE,FALSE,FALSE
499,"A_threshold",0.5,NA,NA,FALSE,FALSE,0,FALSE,TRUE,TRUE,FALSE,FALSE
500,"A_threshold",0.5,1600,1600,TRUE,TRUE,0.200882352941176,FALSE,FALSE,FALSE,TRUE,TRUE
1,"B_smooth_logistic",0.5,1600,1600,TRUE,TRUE,0.813235294117647,TRUE,TRUE,TRUE,FALSE,FALSE
2,"B_smooth_logistic",0.5,1600,1600,TRUE,TRUE,1,TRUE,TRUE,TRUE,FALSE,FALSE
3,"B_smooth_logistic",0.5,1600,1600,TRUE,TRUE,1,TRUE,TRUE,TRUE,FALSE,FALSE
4,"B_smooth_logistic",0.5,1600,1600,TRUE,TRUE,0.694705882352941,TRUE,TRUE,TRUE,FALSE,FALSE
5,"B_smooth_logistic",0.5,1600,1600,TRUE,TRUE,0.839705882352941,TRUE,TRUE,TRUE,FALSE,FALSE
6,"B_smooth_logistic",0.5,1600,1600,TRUE,TRUE,0.779117647058824,TRUE,TRUE,TRUE,FALSE,FALSE
7,"B_smooth_logistic",0.5,2800,2800,TRUE,TRUE,0.573823529411765,TRUE,TRUE,TRUE,FALSE,FALSE
8,"B_smooth_logistic",0.5,3400,4000,TRUE,TRUE,0.653823529411765,TRUE,TRUE,TRUE,FALSE,FALSE
9,"B_smooth_logistic",0.5,1600,1600,TRUE,TRUE,0.924411764705882,TRUE,TRUE,TRUE,FALSE,FALSE
10,"B_smooth_logistic",0.5,1600,1600,TRUE,TRUE,1,TRUE,TRUE,TRUE,FALSE,FALSE
11,"B_smooth_logistic",0.5,1600,1600,TRUE,TRUE,0.898235294117647,TRUE,TRUE,TRUE,FALSE,FALSE
12,"B_smooth_logistic",0.5,3400,3400,TRUE,TRUE,0.587352941176471,TRUE,TRUE,TRUE,FALSE,FALSE
13,"B_smooth_logistic",0.5,1600,1600,TRUE,TRUE,0.852352941176471,TRUE,TRUE,TRUE,FALSE,FALSE
14,"B_smooth_logistic",0.5,1600,1600,TRUE,TRUE,0.623235294117647,TRUE,TRUE,TRUE,FALSE,FALSE
15,"B_smooth_logistic",0.5,1600,1600,TRUE,TRUE,0.945,TRUE,TRUE,TRUE,FALSE,FALSE
16,"B_smooth_logistic",0.5,1600,1600,TRUE,TRUE,1,TRUE,TRUE,TRUE,FALSE,FALSE
17,"B_smooth_logistic",0.5,1600,1600,TRUE,TRUE,0.734705882352941,TRUE,TRUE,TRUE,FALSE,FALSE
18,"B_smooth_logistic",0.5,1600,1600,TRUE,TRUE,0.882647058823529,TRUE,TRUE,TRUE,FALSE,FALSE
19,"B_smooth_logistic",0.5,1600,2200,TRUE,TRUE,1,TRUE,TRUE,TRUE,FALSE,FALSE
20,"B_smooth_logistic",0.5,1600,1600,TRUE,TRUE,0.770588235294118,TRUE,TRUE,TRUE,FALSE,FALSE
21,"B_smooth_logistic",0.5,1600,1600,TRUE,TRUE,1,TRUE,TRUE,TRUE,FALSE,FALSE
22,"B_smooth_logistic",0.5,2200,2800,TRUE,TRUE,0.746764705882353,TRUE,TRUE,TRUE,FALSE,FALSE
23,"B_smooth_logistic",0.5,3400,3400,TRUE,TRUE,0.784117647058823,TRUE,TRUE,TRUE,FALSE,FALSE
24,"B_smooth_logistic",0.5,1600,1600,TRUE,TRUE,1,TRUE,TRUE,TRUE,FALSE,FALSE
25,"B_smooth_logistic",0.5,1600,1600,TRUE,TRUE,1,TRUE,TRUE,TRUE,FALSE,FALSE
26,"B_smooth_logistic",0.5,1600,1600,TRUE,TRUE,1,TRUE,TRUE,TRUE,FALSE,FALSE
27,"B_smooth_logistic",0.5,1600,2200,TRUE,TRUE,1,TRUE,TRUE,TRUE,FALSE,FALSE
28,"B_smooth_logistic",0.5,1600,1600,TRUE,TRUE,1,TRUE,TRUE,TRUE,FALSE,FALSE
29,"B_smooth_logistic",0.5,1600,1600,TRUE,TRUE,1,TRUE,TRUE,TRUE,FALSE,FALSE
30,"B_smooth_logistic",0.5,1600,1600,TRUE,TRUE,0.841764705882353,TRUE,TRUE,TRUE,FALSE,FALSE
31,"B_smooth_logistic",0.5,2200,2200,TRUE,TRUE,0.434117647058824,FALSE,FALSE,FALSE,TRUE,TRUE
32,"B_smooth_logistic",0.5,1600,1600,TRUE,TRUE,0.972941176470588,TRUE,TRUE,TRUE,FALSE,FALSE
33,"B_smooth_logistic",0.5,1600,1600,TRUE,TRUE,0.772058823529412,TRUE,TRUE,TRUE,FALSE,FALSE
34,"B_smooth_logistic",0.5,1600,1600,TRUE,TRUE,0.643823529411765,TRUE,TRUE,TRUE,FALSE,FALSE
35,"B_smooth_logistic",0.5,2200,2200,TRUE,TRUE,0.585294117647059,TRUE,TRUE,TRUE,FALSE,FALSE
36,"B_smooth_logistic",0.5,1600,1600,TRUE,TRUE,1,TRUE,TRUE,TRUE,FALSE,FALSE
37,"B_smooth_logistic",0.5,1600,1600,TRUE,TRUE,0.718529411764706,TRUE,TRUE,TRUE,FALSE,FALSE
38,"B_smooth_logistic",0.5,1600,1600,TRUE,TRUE,1,TRUE,TRUE,TRUE,FALSE,FALSE
39,"B_smooth_logistic",0.5,1600,1600,TRUE,TRUE,0.644705882352941,TRUE,TRUE,TRUE,FALSE,FALSE
40,"B_smooth_logistic",0.5,1600,1600,TRUE,TRUE,1,TRUE,TRUE,TRUE,FALSE,FALSE
41,"B_smooth_logistic",0.5,1600,1600,TRUE,TRUE,0.545,TRUE,TRUE,TRUE,FALSE,FALSE
42,"B_smooth_logistic",0.5,2200,2200,TRUE,TRUE,0.630588235294118,TRUE,TRUE,TRUE,FALSE,FALSE
43,"B_smooth_logistic",0.5,1600,2200,TRUE,TRUE,0.818823529411765,TRUE,TRUE,TRUE,FALSE,FALSE
44,"B_smooth_logistic",0.5,1600,1600,TRUE,TRUE,0.958235294117647,TRUE,TRUE,TRUE,FALSE,FALSE
45,"B_smooth_logistic",0.5,1600,1600,TRUE,TRUE,1,TRUE,TRUE,TRUE,FALSE,FALSE
46,"B_smooth_logistic",0.5,1600,1600,TRUE,TRUE,0.655,TRUE,TRUE,TRUE,FALSE,FALSE
47,"B_smooth_logistic",0.5,1600,1600,TRUE,TRUE,0.791176470588235,TRUE,TRUE,TRUE,FALSE,FALSE
48,"B_smooth_logistic",0.5,1600,1600,TRUE,TRUE,1,TRUE,TRUE,TRUE,FALSE,FALSE
49,"B_smooth_logistic",0.5,2200,2800,TRUE,TRUE,0.675588235294118,TRUE,TRUE,TRUE,FALSE,FALSE
50,"B_smooth_logistic",0.5,1600,1600,TRUE,TRUE,1,TRUE,TRUE,TRUE,FALSE,FALSE
51,"B_smooth_logistic",0.5,1600,1600,TRUE,TRUE,0.497058823529412,FALSE,FALSE,FALSE,TRUE,TRUE
52,"B_smooth_logistic",0.5,1600,1600,TRUE,TRUE,1,TRUE,TRUE,TRUE,FALSE,FALSE
53,"B_smooth_logistic",0.5,NA,NA,FALSE,FALSE,0.469411764705882,FALSE,TRUE,TRUE,FALSE,FALSE
54,"B_smooth_logistic",0.5,1600,1600,TRUE,TRUE,0.669705882352941,TRUE,TRUE,TRUE,FALSE,FALSE
55,"B_smooth_logistic",0.5,1600,2200,TRUE,TRUE,0.626176470588235,TRUE,TRUE,TRUE,FALSE,FALSE
56,"B_smooth_logistic",0.5,1600,1600,TRUE,TRUE,0.851176470588235,TRUE,TRUE,TRUE,FALSE,FALSE
57,"B_smooth_logistic",0.5,1600,1600,TRUE,TRUE,0.642941176470588,TRUE,TRUE,TRUE,FALSE,FALSE
58,"B_smooth_logistic",0.5,1600,1600,TRUE,TRUE,1,TRUE,TRUE,TRUE,FALSE,FALSE
59,"B_smooth_logistic",0.5,2800,2800,TRUE,TRUE,0.994705882352941,TRUE,TRUE,TRUE,FALSE,FALSE
60,"B_smooth_logistic",0.5,1600,1600,TRUE,TRUE,1,TRUE,TRUE,TRUE,FALSE,FALSE
61,"B_smooth_logistic",0.5,1600,1600,TRUE,TRUE,0.898529411764706,TRUE,TRUE,TRUE,FALSE,FALSE
62,"B_smooth_logistic",0.5,1600,2200,TRUE,TRUE,0.749411764705882,TRUE,TRUE,TRUE,FALSE,FALSE
63,"B_smooth_logistic",0.5,1600,1600,TRUE,TRUE,0.875,TRUE,TRUE,TRUE,FALSE,FALSE
64,"B_smooth_logistic",0.5,1600,1600,TRUE,TRUE,0.865588235294118,TRUE,TRUE,TRUE,FALSE,FALSE
65,"B_smooth_logistic",0.5,1600,1600,TRUE,TRUE,0.749117647058824,TRUE,TRUE,TRUE,FALSE,FALSE
66,"B_smooth_logistic",0.5,4000,4000,TRUE,TRUE,0.540294117647059,TRUE,TRUE,TRUE,FALSE,FALSE
67,"B_smooth_logistic",0.5,1600,1600,TRUE,TRUE,0.892941176470588,TRUE,TRUE,TRUE,FALSE,FALSE
68,"B_smooth_logistic",0.5,1600,2200,TRUE,TRUE,1,TRUE,TRUE,TRUE,FALSE,FALSE
69,"B_smooth_logistic",0.5,1600,1600,TRUE,TRUE,0.605588235294118,TRUE,TRUE,TRUE,FALSE,FALSE
70,"B_smooth_logistic",0.5,1600,1600,TRUE,TRUE,1,TRUE,TRUE,TRUE,FALSE,FALSE
71,"B_smooth_logistic",0.5,1600,2200,TRUE,TRUE,0.682058823529412,TRUE,TRUE,TRUE,FALSE,FALSE
72,"B_smooth_logistic",0.5,1600,1600,TRUE,TRUE,0.726176470588235,TRUE,TRUE,TRUE,FALSE,FALSE
73,"B_smooth_logistic",0.5,1600,1600,TRUE,TRUE,0.636470588235294,TRUE,TRUE,TRUE,FALSE,FALSE
74,"B_smooth_logistic",0.5,1600,1600,TRUE,TRUE,0.894117647058824,TRUE,TRUE,TRUE,FALSE,FALSE
75,"B_smooth_logistic",0.5,1600,1600,TRUE,TRUE,0.656176470588235,TRUE,TRUE,TRUE,FALSE,FALSE
76,"B_smooth_logistic",0.5,2200,2200,TRUE,TRUE,0.547058823529412,TRUE,TRUE,TRUE,FALSE,FALSE
77,"B_smooth_logistic",0.5,1600,1600,TRUE,TRUE,0.998823529411765,TRUE,TRUE,TRUE,FALSE,FALSE
78,"B_smooth_logistic",0.5,1600,1600,TRUE,TRUE,0.762941176470588,TRUE,TRUE,TRUE,FALSE,FALSE
79,"B_smooth_logistic",0.5,1600,1600,TRUE,TRUE,1,TRUE,TRUE,TRUE,FALSE,FALSE
80,"B_smooth_logistic",0.5,1600,1600,TRUE,TRUE,0.737352941176471,TRUE,TRUE,TRUE,FALSE,FALSE
81,"B_smooth_logistic",0.5,1600,1600,TRUE,TRUE,1,TRUE,TRUE,TRUE,FALSE,FALSE
82,"B_smooth_logistic",0.5,1600,1600,TRUE,TRUE,1,TRUE,TRUE,TRUE,FALSE,FALSE
83,"B_smooth_logistic",0.5,1600,2200,TRUE,TRUE,1,TRUE,TRUE,TRUE,FALSE,FALSE
84,"B_smooth_logistic",0.5,1600,1600,TRUE,TRUE,0.890882352941176,TRUE,TRUE,TRUE,FALSE,FALSE
85,"B_smooth_logistic",0.5,1600,1600,TRUE,TRUE,0.921176470588235,TRUE,TRUE,TRUE,FALSE,FALSE
86,"B_smooth_logistic",0.5,1600,1600,TRUE,TRUE,1,TRUE,TRUE,TRUE,FALSE,FALSE
87,"B_smooth_logistic",0.5,1600,1600,TRUE,TRUE,1,TRUE,TRUE,TRUE,FALSE,FALSE
88,"B_smooth_logistic",0.5,1600,2200,TRUE,TRUE,0.807352941176471,TRUE,TRUE,TRUE,FALSE,FALSE
89,"B_smooth_logistic",0.5,1600,1600,TRUE,TRUE,1,TRUE,TRUE,TRUE,FALSE,FALSE
90,"B_smooth_logistic",0.5,1600,1600,TRUE,TRUE,0.828235294117647,TRUE,TRUE,TRUE,FALSE,FALSE
91,"B_smooth_logistic",0.5,1600,1600,TRUE,TRUE,0.763235294117647,TRUE,TRUE,TRUE,FALSE,FALSE
92,"B_smooth_logistic",0.5,1600,1600,TRUE,TRUE,1,TRUE,TRUE,TRUE,FALSE,FALSE
93,"B_smooth_logistic",0.5,1600,1600,TRUE,TRUE,0.885294117647059,TRUE,TRUE,TRUE,FALSE,FALSE
94,"B_smooth_logistic",0.5,1600,1600,TRUE,TRUE,1,TRUE,TRUE,TRUE,FALSE,FALSE
95,"B_smooth_logistic",0.5,1600,1600,TRUE,TRUE,1,TRUE,TRUE,TRUE,FALSE,FALSE
96,"B_smooth_logistic",0.5,1600,1600,TRUE,TRUE,1,TRUE,TRUE,TRUE,FALSE,FALSE
97,"B_smooth_logistic",0.5,1600,1600,TRUE,TRUE,0.634705882352941,TRUE,TRUE,TRUE,FALSE,FALSE
98,"B_smooth_logistic",0.5,1600,1600,TRUE,TRUE,0.931176470588235,TRUE,TRUE,TRUE,FALSE,FALSE
99,"B_smooth_logistic",0.5,1600,1600,TRUE,TRUE,1,TRUE,TRUE,TRUE,FALSE,FALSE
100,"B_smooth_logistic",0.5,1600,1600,TRUE,TRUE,0.902352941176471,TRUE,TRUE,TRUE,FALSE,FALSE
101,"B_smooth_logistic",0.5,1600,1600,TRUE,TRUE,1,TRUE,TRUE,TRUE,FALSE,FALSE
102,"B_smooth_logistic",0.5,1600,1600,TRUE,TRUE,0.840294117647059,TRUE,TRUE,TRUE,FALSE,FALSE
103,"B_smooth_logistic",0.5,1600,1600,TRUE,TRUE,0.958823529411765,TRUE,TRUE,TRUE,FALSE,FALSE
104,"B_smooth_logistic",0.5,1600,1600,TRUE,TRUE,0.854705882352941,TRUE,TRUE,TRUE,FALSE,FALSE
105,"B_smooth_logistic",0.5,1600,1600,TRUE,TRUE,0.862352941176471,TRUE,TRUE,TRUE,FALSE,FALSE
106,"B_smooth_logistic",0.5,1600,1600,TRUE,TRUE,0.755,TRUE,TRUE,TRUE,FALSE,FALSE
107,"B_smooth_logistic",0.5,1600,1600,TRUE,TRUE,0.644411764705882,TRUE,TRUE,TRUE,FALSE,FALSE
108,"B_smooth_logistic",0.5,1600,1600,TRUE,TRUE,1,TRUE,TRUE,TRUE,FALSE,FALSE
109,"B_smooth_logistic",0.5,1600,1600,TRUE,TRUE,1,TRUE,TRUE,TRUE,FALSE,FALSE
110,"B_smooth_logistic",0.5,1600,1600,TRUE,TRUE,0.681470588235294,TRUE,TRUE,TRUE,FALSE,FALSE
111,"B_smooth_logistic",0.5,1600,1600,TRUE,TRUE,0.888823529411765,TRUE,TRUE,TRUE,FALSE,FALSE
112,"B_smooth_logistic",0.5,1600,1600,TRUE,TRUE,0.72,TRUE,TRUE,TRUE,FALSE,FALSE
113,"B_smooth_logistic",0.5,1600,1600,TRUE,TRUE,1,TRUE,TRUE,TRUE,FALSE,FALSE
114,"B_smooth_logistic",0.5,1600,1600,TRUE,TRUE,1,TRUE,TRUE,TRUE,FALSE,FALSE
115,"B_smooth_logistic",0.5,1600,1600,TRUE,TRUE,0.800588235294118,TRUE,TRUE,TRUE,FALSE,FALSE
116,"B_smooth_logistic",0.5,1600,1600,TRUE,TRUE,1,TRUE,TRUE,TRUE,FALSE,FALSE
117,"B_smooth_logistic",0.5,1600,1600,TRUE,TRUE,1,TRUE,TRUE,TRUE,FALSE,FALSE
118,"B_smooth_logistic",0.5,1600,1600,TRUE,TRUE,1,TRUE,TRUE,TRUE,FALSE,FALSE
119,"B_smooth_logistic",0.5,1600,1600,TRUE,TRUE,0.830882352941177,TRUE,TRUE,TRUE,FALSE,FALSE
120,"B_smooth_logistic",0.5,1600,1600,TRUE,TRUE,0.695588235294118,TRUE,TRUE,TRUE,FALSE,FALSE
121,"B_smooth_logistic",0.5,1600,1600,TRUE,TRUE,1,TRUE,TRUE,TRUE,FALSE,FALSE
122,"B_smooth_logistic",0.5,2800,2800,TRUE,TRUE,0.691176470588235,TRUE,TRUE,TRUE,FALSE,FALSE
123,"B_smooth_logistic",0.5,1600,1600,TRUE,TRUE,0.680882352941176,TRUE,TRUE,TRUE,FALSE,FALSE
124,"B_smooth_logistic",0.5,1600,1600,TRUE,TRUE,0.762941176470588,TRUE,TRUE,TRUE,FALSE,FALSE
125,"B_smooth_logistic",0.5,1600,1600,TRUE,TRUE,0.716764705882353,TRUE,TRUE,TRUE,FALSE,FALSE
126,"B_smooth_logistic",0.5,1600,2200,TRUE,TRUE,0.742647058823529,TRUE,TRUE,TRUE,FALSE,FALSE
127,"B_smooth_logistic",0.5,1600,1600,TRUE,TRUE,0.881176470588235,TRUE,TRUE,TRUE,FALSE,FALSE
128,"B_smooth_logistic",0.5,2200,2200,TRUE,TRUE,1,TRUE,TRUE,TRUE,FALSE,FALSE
129,"B_smooth_logistic",0.5,1600,1600,TRUE,TRUE,1,TRUE,TRUE,TRUE,FALSE,FALSE
130,"B_smooth_logistic",0.5,1600,1600,TRUE,TRUE,0.667352941176471,TRUE,TRUE,TRUE,FALSE,FALSE
131,"B_smooth_logistic",0.5,2200,2200,TRUE,TRUE,0.633823529411765,TRUE,TRUE,TRUE,FALSE,FALSE
132,"B_smooth_logistic",0.5,1600,1600,TRUE,TRUE,1,TRUE,TRUE,TRUE,FALSE,FALSE
133,"B_smooth_logistic",0.5,1600,1600,TRUE,TRUE,0.606176470588235,TRUE,TRUE,TRUE,FALSE,FALSE
134,"B_smooth_logistic",0.5,1600,1600,TRUE,TRUE,0.748823529411765,TRUE,TRUE,TRUE,FALSE,FALSE
135,"B_smooth_logistic",0.5,1600,1600,TRUE,TRUE,0.827941176470588,TRUE,TRUE,TRUE,FALSE,FALSE
136,"B_smooth_logistic",0.5,1600,1600,TRUE,TRUE,0.872352941176471,TRUE,TRUE,TRUE,FALSE,FALSE
137,"B_smooth_logistic",0.5,1600,1600,TRUE,TRUE,0.898235294117647,TRUE,TRUE,TRUE,FALSE,FALSE
138,"B_smooth_logistic",0.5,1600,1600,TRUE,TRUE,1,TRUE,TRUE,TRUE,FALSE,FALSE
139,"B_smooth_logistic",0.5,1600,1600,TRUE,TRUE,0.790294117647059,TRUE,TRUE,TRUE,FALSE,FALSE
140,"B_smooth_logistic",0.5,1600,1600,TRUE,TRUE,0.650588235294118,TRUE,TRUE,TRUE,FALSE,FALSE
141,"B_smooth_logistic",0.5,1600,1600,TRUE,TRUE,1,TRUE,TRUE,TRUE,FALSE,FALSE
142,"B_smooth_logistic",0.5,1600,1600,TRUE,TRUE,0.852058823529412,TRUE,TRUE,TRUE,FALSE,FALSE
143,"B_smooth_logistic",0.5,1600,1600,TRUE,TRUE,1,TRUE,TRUE,TRUE,FALSE,FALSE
144,"B_smooth_logistic",0.5,2200,2200,TRUE,TRUE,0.613529411764706,TRUE,TRUE,TRUE,FALSE,FALSE
145,"B_smooth_logistic",0.5,1600,1600,TRUE,TRUE,1,TRUE,TRUE,TRUE,FALSE,FALSE
146,"B_smooth_logistic",0.5,1600,1600,TRUE,TRUE,1,TRUE,TRUE,TRUE,FALSE,FALSE
147,"B_smooth_logistic",0.5,1600,1600,TRUE,TRUE,1,TRUE,TRUE,TRUE,FALSE,FALSE
148,"B_smooth_logistic",0.5,1600,1600,TRUE,TRUE,0.630882352941176,TRUE,TRUE,TRUE,FALSE,FALSE
149,"B_smooth_logistic",0.5,1600,1600,TRUE,TRUE,0.680588235294118,TRUE,TRUE,TRUE,FALSE,FALSE
150,"B_smooth_logistic",0.5,1600,1600,TRUE,TRUE,0.998235294117647,TRUE,TRUE,TRUE,FALSE,FALSE
151,"B_smooth_logistic",0.5,1600,1600,TRUE,TRUE,1,TRUE,TRUE,TRUE,FALSE,FALSE
152,"B_smooth_logistic",0.5,1600,1600,TRUE,TRUE,0.560294117647059,TRUE,TRUE,TRUE,FALSE,FALSE
153,"B_smooth_logistic",0.5,1600,1600,TRUE,TRUE,0.808529411764706,TRUE,TRUE,TRUE,FALSE,FALSE
154,"B_smooth_logistic",0.5,1600,1600,TRUE,TRUE,0.665294117647059,TRUE,TRUE,TRUE,FALSE,FALSE
155,"B_smooth_logistic",0.5,1600,2200,TRUE,TRUE,1,TRUE,TRUE,TRUE,FALSE,FALSE
156,"B_smooth_logistic",0.5,1600,1600,TRUE,TRUE,0.660882352941176,TRUE,TRUE,TRUE,FALSE,FALSE
157,"B_smooth_logistic",0.5,1600,1600,TRUE,TRUE,0.704411764705882,TRUE,TRUE,TRUE,FALSE,FALSE
158,"B_smooth_logistic",0.5,1600,1600,TRUE,TRUE,1,TRUE,TRUE,TRUE,FALSE,FALSE
159,"B_smooth_logistic",0.5,1600,1600,TRUE,TRUE,0.719117647058824,TRUE,TRUE,TRUE,FALSE,FALSE
160,"B_smooth_logistic",0.5,1600,1600,TRUE,TRUE,0.867647058823529,TRUE,TRUE,TRUE,FALSE,FALSE
161,"B_smooth_logistic",0.5,1600,1600,TRUE,TRUE,0.541470588235294,TRUE,TRUE,TRUE,FALSE,FALSE
162,"B_smooth_logistic",0.5,1600,1600,TRUE,TRUE,1,TRUE,TRUE,TRUE,FALSE,FALSE
163,"B_smooth_logistic",0.5,1600,1600,TRUE,TRUE,1,TRUE,TRUE,TRUE,FALSE,FALSE
164,"B_smooth_logistic",0.5,2200,2200,TRUE,TRUE,0.697647058823529,TRUE,TRUE,TRUE,FALSE,FALSE
165,"B_smooth_logistic",0.5,1600,1600,TRUE,TRUE,1,TRUE,TRUE,TRUE,FALSE,FALSE
166,"B_smooth_logistic",0.5,1600,1600,TRUE,TRUE,0.682647058823529,TRUE,TRUE,TRUE,FALSE,FALSE
167,"B_smooth_logistic",0.5,1600,1600,TRUE,TRUE,0.951176470588235,TRUE,TRUE,TRUE,FALSE,FALSE
168,"B_smooth_logistic",0.5,1600,1600,TRUE,TRUE,1,TRUE,TRUE,TRUE,FALSE,FALSE
169,"B_smooth_logistic",0.5,1600,1600,TRUE,TRUE,1,TRUE,TRUE,TRUE,FALSE,FALSE
170,"B_smooth_logistic",0.5,1600,1600,TRUE,TRUE,0.768235294117647,TRUE,TRUE,TRUE,FALSE,FALSE
171,"B_smooth_logistic",0.5,1600,1600,TRUE,TRUE,1,TRUE,TRUE,TRUE,FALSE,FALSE
172,"B_smooth_logistic",0.5,1600,1600,TRUE,TRUE,0.496764705882353,FALSE,FALSE,FALSE,TRUE,TRUE
173,"B_smooth_logistic",0.5,1600,1600,TRUE,TRUE,1,TRUE,TRUE,TRUE,FALSE,FALSE
174,"B_smooth_logistic",0.5,1600,1600,TRUE,TRUE,0.856470588235294,TRUE,TRUE,TRUE,FALSE,FALSE
175,"B_smooth_logistic",0.5,1600,1600,TRUE,TRUE,0.749411764705882,TRUE,TRUE,TRUE,FALSE,FALSE
176,"B_smooth_logistic",0.5,1600,1600,TRUE,TRUE,0.943823529411765,TRUE,TRUE,TRUE,FALSE,FALSE
177,"B_smooth_logistic",0.5,1600,1600,TRUE,TRUE,0.585294117647059,TRUE,TRUE,TRUE,FALSE,FALSE
178,"B_smooth_logistic",0.5,1600,1600,TRUE,TRUE,0.737352941176471,TRUE,TRUE,TRUE,FALSE,FALSE
179,"B_smooth_logistic",0.5,1600,1600,TRUE,TRUE,0.663529411764706,TRUE,TRUE,TRUE,FALSE,FALSE
180,"B_smooth_logistic",0.5,1600,1600,TRUE,TRUE,1,TRUE,TRUE,TRUE,FALSE,FALSE
181,"B_smooth_logistic",0.5,1600,1600,TRUE,TRUE,0.668823529411765,TRUE,TRUE,TRUE,FALSE,FALSE
182,"B_smooth_logistic",0.5,1600,1600,TRUE,TRUE,1,TRUE,TRUE,TRUE,FALSE,FALSE
183,"B_smooth_logistic",0.5,1600,1600,TRUE,TRUE,0.836764705882353,TRUE,TRUE,TRUE,FALSE,FALSE
184,"B_smooth_logistic",0.5,1600,1600,TRUE,TRUE,1,TRUE,TRUE,TRUE,FALSE,FALSE
185,"B_smooth_logistic",0.5,1600,1600,TRUE,TRUE,1,TRUE,TRUE,TRUE,FALSE,FALSE
186,"B_smooth_logistic",0.5,1600,1600,TRUE,TRUE,0.531176470588235,TRUE,TRUE,TRUE,FALSE,FALSE
187,"B_smooth_logistic",0.5,1600,1600,TRUE,TRUE,1,TRUE,TRUE,TRUE,FALSE,FALSE
188,"B_smooth_logistic",0.5,1600,1600,TRUE,TRUE,1,TRUE,TRUE,TRUE,FALSE,FALSE
189,"B_smooth_logistic",0.5,1600,1600,TRUE,TRUE,0.646764705882353,TRUE,TRUE,TRUE,FALSE,FALSE
190,"B_smooth_logistic",0.5,1600,1600,TRUE,TRUE,0.619117647058824,TRUE,TRUE,TRUE,FALSE,FALSE
191,"B_smooth_logistic",0.5,1600,2200,TRUE,TRUE,0.798529411764706,TRUE,TRUE,TRUE,FALSE,FALSE
192,"B_smooth_logistic",0.5,1600,1600,TRUE,TRUE,0.784117647058823,TRUE,TRUE,TRUE,FALSE,FALSE
193,"B_smooth_logistic",0.5,1600,1600,TRUE,TRUE,1,TRUE,TRUE,TRUE,FALSE,FALSE
194,"B_smooth_logistic",0.5,1600,1600,TRUE,TRUE,1,TRUE,TRUE,TRUE,FALSE,FALSE
195,"B_smooth_logistic",0.5,1600,1600,TRUE,TRUE,1,TRUE,TRUE,TRUE,FALSE,FALSE
196,"B_smooth_logistic",0.5,2200,2800,TRUE,TRUE,0.94,TRUE,TRUE,TRUE,FALSE,FALSE
197,"B_smooth_logistic",0.5,1600,1600,TRUE,TRUE,0.622352941176471,TRUE,TRUE,TRUE,FALSE,FALSE
198,"B_smooth_logistic",0.5,1600,1600,TRUE,TRUE,1,TRUE,TRUE,TRUE,FALSE,FALSE
199,"B_smooth_logistic",0.5,1600,1600,TRUE,TRUE,1,TRUE,TRUE,TRUE,FALSE,FALSE
200,"B_smooth_logistic",0.5,1600,1600,TRUE,TRUE,1,TRUE,TRUE,TRUE,FALSE,FALSE
201,"B_smooth_logistic",0.5,1600,1600,TRUE,TRUE,0.983529411764706,TRUE,TRUE,TRUE,FALSE,FALSE
202,"B_smooth_logistic",0.5,2200,2200,TRUE,TRUE,0.587058823529412,TRUE,TRUE,TRUE,FALSE,FALSE
203,"B_smooth_logistic",0.5,1600,1600,TRUE,TRUE,0.640294117647059,TRUE,TRUE,TRUE,FALSE,FALSE
204,"B_smooth_logistic",0.5,1600,1600,TRUE,TRUE,1,TRUE,TRUE,TRUE,FALSE,FALSE
205,"B_smooth_logistic",0.5,1600,1600,TRUE,TRUE,0.667352941176471,TRUE,TRUE,TRUE,FALSE,FALSE
206,"B_smooth_logistic",0.5,1600,1600,TRUE,TRUE,0.610588235294118,TRUE,TRUE,TRUE,FALSE,FALSE
207,"B_smooth_logistic",0.5,1600,1600,TRUE,TRUE,0.682941176470588,TRUE,TRUE,TRUE,FALSE,FALSE
208,"B_smooth_logistic",0.5,3400,3400,TRUE,TRUE,0.645588235294118,TRUE,TRUE,TRUE,FALSE,FALSE
209,"B_smooth_logistic",0.5,1600,2200,TRUE,TRUE,0.741176470588235,TRUE,TRUE,TRUE,FALSE,FALSE
210,"B_smooth_logistic",0.5,1600,1600,TRUE,TRUE,1,TRUE,TRUE,TRUE,FALSE,FALSE
211,"B_smooth_logistic",0.5,1600,1600,TRUE,TRUE,1,TRUE,TRUE,TRUE,FALSE,FALSE
212,"B_smooth_logistic",0.5,1600,1600,TRUE,TRUE,0.683529411764706,TRUE,TRUE,TRUE,FALSE,FALSE
213,"B_smooth_logistic",0.5,1600,2200,TRUE,TRUE,1,TRUE,TRUE,TRUE,FALSE,FALSE
214,"B_smooth_logistic",0.5,1600,1600,TRUE,TRUE,0.775588235294118,TRUE,TRUE,TRUE,FALSE,FALSE
215,"B_smooth_logistic",0.5,1600,1600,TRUE,TRUE,0.924117647058823,TRUE,TRUE,TRUE,FALSE,FALSE
216,"B_smooth_logistic",0.5,1600,1600,TRUE,TRUE,1,TRUE,TRUE,TRUE,FALSE,FALSE
217,"B_smooth_logistic",0.5,1600,1600,TRUE,TRUE,0.765882352941176,TRUE,TRUE,TRUE,FALSE,FALSE
218,"B_smooth_logistic",0.5,1600,2800,TRUE,TRUE,0.756176470588235,TRUE,TRUE,TRUE,FALSE,FALSE
219,"B_smooth_logistic",0.5,1600,2200,TRUE,TRUE,0.810294117647059,TRUE,TRUE,TRUE,FALSE,FALSE
220,"B_smooth_logistic",0.5,1600,1600,TRUE,TRUE,0.819705882352941,TRUE,TRUE,TRUE,FALSE,FALSE
221,"B_smooth_logistic",0.5,1600,1600,TRUE,TRUE,1,TRUE,TRUE,TRUE,FALSE,FALSE
222,"B_smooth_logistic",0.5,2200,2200,TRUE,TRUE,0.732352941176471,TRUE,TRUE,TRUE,FALSE,FALSE
223,"B_smooth_logistic",0.5,2200,2200,TRUE,TRUE,0.670588235294118,TRUE,TRUE,TRUE,FALSE,FALSE
224,"B_smooth_logistic",0.5,1600,1600,TRUE,TRUE,1,TRUE,TRUE,TRUE,FALSE,FALSE
225,"B_smooth_logistic",0.5,2200,2200,TRUE,TRUE,0.803235294117647,TRUE,TRUE,TRUE,FALSE,FALSE
226,"B_smooth_logistic",0.5,1600,1600,TRUE,TRUE,0.598823529411765,TRUE,TRUE,TRUE,FALSE,FALSE
227,"B_smooth_logistic",0.5,1600,1600,TRUE,TRUE,1,TRUE,TRUE,TRUE,FALSE,FALSE
228,"B_smooth_logistic",0.5,1600,1600,TRUE,TRUE,0.865,TRUE,TRUE,TRUE,FALSE,FALSE
229,"B_smooth_logistic",0.5,1600,1600,TRUE,TRUE,0.896470588235294,TRUE,TRUE,TRUE,FALSE,FALSE
230,"B_smooth_logistic",0.5,1600,1600,TRUE,TRUE,0.960882352941177,TRUE,TRUE,TRUE,FALSE,FALSE
231,"B_smooth_logistic",0.5,1600,1600,TRUE,TRUE,0.751764705882353,TRUE,TRUE,TRUE,FALSE,FALSE
232,"B_smooth_logistic",0.5,2200,2200,TRUE,TRUE,0.793823529411765,TRUE,TRUE,TRUE,FALSE,FALSE
233,"B_smooth_logistic",0.5,1600,2200,TRUE,TRUE,0.841176470588235,TRUE,TRUE,TRUE,FALSE,FALSE
234,"B_smooth_logistic",0.5,1600,1600,TRUE,TRUE,0.615,TRUE,TRUE,TRUE,FALSE,FALSE
235,"B_smooth_logistic",0.5,1600,1600,TRUE,TRUE,1,TRUE,TRUE,TRUE,FALSE,FALSE
236,"B_smooth_logistic",0.5,1600,1600,TRUE,TRUE,0.884705882352941,TRUE,TRUE,TRUE,FALSE,FALSE
237,"B_smooth_logistic",0.5,1600,1600,TRUE,TRUE,1,TRUE,TRUE,TRUE,FALSE,FALSE
238,"B_smooth_logistic",0.5,1600,1600,TRUE,TRUE,1,TRUE,TRUE,TRUE,FALSE,FALSE
239,"B_smooth_logistic",0.5,1600,1600,TRUE,TRUE,0.542058823529412,TRUE,TRUE,TRUE,FALSE,FALSE
240,"B_smooth_logistic",0.5,1600,1600,TRUE,TRUE,0.900882352941176,TRUE,TRUE,TRUE,FALSE,FALSE
241,"B_smooth_logistic",0.5,1600,1600,TRUE,TRUE,0.747941176470588,TRUE,TRUE,TRUE,FALSE,FALSE
242,"B_smooth_logistic",0.5,NA,NA,FALSE,FALSE,0.468235294117647,FALSE,TRUE,TRUE,FALSE,FALSE
243,"B_smooth_logistic",0.5,1600,1600,TRUE,TRUE,0.636470588235294,TRUE,TRUE,TRUE,FALSE,FALSE
244,"B_smooth_logistic",0.5,1600,1600,TRUE,TRUE,1,TRUE,TRUE,TRUE,FALSE,FALSE
245,"B_smooth_logistic",0.5,2200,2200,TRUE,TRUE,0.722058823529412,TRUE,TRUE,TRUE,FALSE,FALSE
246,"B_smooth_logistic",0.5,1600,1600,TRUE,TRUE,0.747352941176471,TRUE,TRUE,TRUE,FALSE,FALSE
247,"B_smooth_logistic",0.5,1600,1600,TRUE,TRUE,0.912647058823529,TRUE,TRUE,TRUE,FALSE,FALSE
248,"B_smooth_logistic",0.5,1600,1600,TRUE,TRUE,1,TRUE,TRUE,TRUE,FALSE,FALSE
249,"B_smooth_logistic",0.5,1600,1600,TRUE,TRUE,0.714705882352941,TRUE,TRUE,TRUE,FALSE,FALSE
250,"B_smooth_logistic",0.5,1600,1600,TRUE,TRUE,0.920294117647059,TRUE,TRUE,TRUE,FALSE,FALSE
251,"B_smooth_logistic",0.5,1600,1600,TRUE,TRUE,1,TRUE,TRUE,TRUE,FALSE,FALSE
252,"B_smooth_logistic",0.5,1600,1600,TRUE,TRUE,0.702058823529412,TRUE,TRUE,TRUE,FALSE,FALSE
253,"B_smooth_logistic",0.5,1600,1600,TRUE,TRUE,0.803529411764706,TRUE,TRUE,TRUE,FALSE,FALSE
254,"B_smooth_logistic",0.5,1600,1600,TRUE,TRUE,0.768235294117647,TRUE,TRUE,TRUE,FALSE,FALSE
255,"B_smooth_logistic",0.5,1600,1600,TRUE,TRUE,0.642941176470588,TRUE,TRUE,TRUE,FALSE,FALSE
256,"B_smooth_logistic",0.5,1600,1600,TRUE,TRUE,1,TRUE,TRUE,TRUE,FALSE,FALSE
257,"B_smooth_logistic",0.5,1600,2200,TRUE,TRUE,1,TRUE,TRUE,TRUE,FALSE,FALSE
258,"B_smooth_logistic",0.5,1600,1600,TRUE,TRUE,1,TRUE,TRUE,TRUE,FALSE,FALSE
259,"B_smooth_logistic",0.5,1600,2200,TRUE,TRUE,1,TRUE,TRUE,TRUE,FALSE,FALSE
260,"B_smooth_logistic",0.5,1600,1600,TRUE,TRUE,0.852352941176471,TRUE,TRUE,TRUE,FALSE,FALSE
261,"B_smooth_logistic",0.5,1600,1600,TRUE,TRUE,1,TRUE,TRUE,TRUE,FALSE,FALSE
262,"B_smooth_logistic",0.5,2200,2800,TRUE,TRUE,0.871470588235294,TRUE,TRUE,TRUE,FALSE,FALSE
263,"B_smooth_logistic",0.5,NA,NA,FALSE,FALSE,0,FALSE,TRUE,TRUE,FALSE,FALSE
264,"B_smooth_logistic",0.5,1600,1600,TRUE,TRUE,0.640882352941176,TRUE,TRUE,TRUE,FALSE,FALSE
265,"B_smooth_logistic",0.5,1600,1600,TRUE,TRUE,0.729705882352941,TRUE,TRUE,TRUE,FALSE,FALSE
266,"B_smooth_logistic",0.5,1600,1600,TRUE,TRUE,0.502647058823529,TRUE,TRUE,TRUE,FALSE,FALSE
267,"B_smooth_logistic",0.5,1600,1600,TRUE,TRUE,0.765,TRUE,TRUE,TRUE,FALSE,FALSE
268,"B_smooth_logistic",0.5,1600,1600,TRUE,TRUE,0.555588235294118,TRUE,TRUE,TRUE,FALSE,FALSE
269,"B_smooth_logistic",0.5,2200,2200,TRUE,TRUE,0.731176470588235,TRUE,TRUE,TRUE,FALSE,FALSE
270,"B_smooth_logistic",0.5,1600,1600,TRUE,TRUE,1,TRUE,TRUE,TRUE,FALSE,FALSE
271,"B_smooth_logistic",0.5,1600,1600,TRUE,TRUE,0.452647058823529,FALSE,FALSE,FALSE,TRUE,TRUE
272,"B_smooth_logistic",0.5,1600,1600,TRUE,TRUE,1,TRUE,TRUE,TRUE,FALSE,FALSE
273,"B_smooth_logistic",0.5,1600,1600,TRUE,TRUE,1,TRUE,TRUE,TRUE,FALSE,FALSE
274,"B_smooth_logistic",0.5,1600,1600,TRUE,TRUE,0.477647058823529,FALSE,FALSE,FALSE,TRUE,TRUE
275,"B_smooth_logistic",0.5,4000,4000,TRUE,TRUE,0.547647058823529,TRUE,TRUE,TRUE,FALSE,FALSE
276,"B_smooth_logistic",0.5,1600,1600,TRUE,TRUE,0.977352941176471,TRUE,TRUE,TRUE,FALSE,FALSE
277,"B_smooth_logistic",0.5,1600,1600,TRUE,TRUE,0.574117647058824,TRUE,TRUE,TRUE,FALSE,FALSE
278,"B_smooth_logistic",0.5,1600,1600,TRUE,TRUE,0.823235294117647,TRUE,TRUE,TRUE,FALSE,FALSE
279,"B_smooth_logistic",0.5,1600,1600,TRUE,TRUE,0.680294117647059,TRUE,TRUE,TRUE,FALSE,FALSE
280,"B_smooth_logistic",0.5,1600,1600,TRUE,TRUE,1,TRUE,TRUE,TRUE,FALSE,FALSE
281,"B_smooth_logistic",0.5,1600,1600,TRUE,TRUE,0.740882352941176,TRUE,TRUE,TRUE,FALSE,FALSE
282,"B_smooth_logistic",0.5,1600,1600,TRUE,TRUE,0.984117647058824,TRUE,TRUE,TRUE,FALSE,FALSE
283,"B_smooth_logistic",0.5,1600,1600,TRUE,TRUE,0.496470588235294,FALSE,FALSE,FALSE,TRUE,TRUE
284,"B_smooth_logistic",0.5,1600,1600,TRUE,TRUE,0.761176470588235,TRUE,TRUE,TRUE,FALSE,FALSE
285,"B_smooth_logistic",0.5,1600,1600,TRUE,TRUE,1,TRUE,TRUE,TRUE,FALSE,FALSE
286,"B_smooth_logistic",0.5,1600,1600,TRUE,TRUE,0.869411764705882,TRUE,TRUE,TRUE,FALSE,FALSE
287,"B_smooth_logistic",0.5,1600,1600,TRUE,TRUE,0.678823529411765,TRUE,TRUE,TRUE,FALSE,FALSE
288,"B_smooth_logistic",0.5,1600,1600,TRUE,TRUE,1,TRUE,TRUE,TRUE,FALSE,FALSE
289,"B_smooth_logistic",0.5,1600,1600,TRUE,TRUE,0.885294117647059,TRUE,TRUE,TRUE,FALSE,FALSE
290,"B_smooth_logistic",0.5,1600,2200,TRUE,TRUE,1,TRUE,TRUE,TRUE,FALSE,FALSE
291,"B_smooth_logistic",0.5,1600,1600,TRUE,TRUE,0.793823529411765,TRUE,TRUE,TRUE,FALSE,FALSE
292,"B_smooth_logistic",0.5,1600,1600,TRUE,TRUE,0.799705882352941,TRUE,TRUE,TRUE,FALSE,FALSE
293,"B_smooth_logistic",0.5,1600,1600,TRUE,TRUE,0.678823529411765,TRUE,TRUE,TRUE,FALSE,FALSE
294,"B_smooth_logistic",0.5,1600,1600,TRUE,TRUE,1,TRUE,TRUE,TRUE,FALSE,FALSE
295,"B_smooth_logistic",0.5,1600,1600,TRUE,TRUE,0.627058823529412,TRUE,TRUE,TRUE,FALSE,FALSE
296,"B_smooth_logistic",0.5,1600,1600,TRUE,TRUE,0.700588235294118,TRUE,TRUE,TRUE,FALSE,FALSE
297,"B_smooth_logistic",0.5,1600,1600,TRUE,TRUE,0.779411764705882,TRUE,TRUE,TRUE,FALSE,FALSE
298,"B_smooth_logistic",0.5,1600,1600,TRUE,TRUE,0.883235294117647,TRUE,TRUE,TRUE,FALSE,FALSE
299,"B_smooth_logistic",0.5,1600,1600,TRUE,TRUE,1,TRUE,TRUE,TRUE,FALSE,FALSE
300,"B_smooth_logistic",0.5,1600,1600,TRUE,TRUE,0.763529411764706,TRUE,TRUE,TRUE,FALSE,FALSE
301,"B_smooth_logistic",0.5,1600,1600,TRUE,TRUE,0.724117647058824,TRUE,TRUE,TRUE,FALSE,FALSE
302,"B_smooth_logistic",0.5,1600,1600,TRUE,TRUE,0.953235294117647,TRUE,TRUE,TRUE,FALSE,FALSE
303,"B_smooth_logistic",0.5,1600,1600,TRUE,TRUE,0.727352941176471,TRUE,TRUE,TRUE,FALSE,FALSE
304,"B_smooth_logistic",0.5,1600,1600,TRUE,TRUE,1,TRUE,TRUE,TRUE,FALSE,FALSE
305,"B_smooth_logistic",0.5,1600,1600,TRUE,TRUE,0.971470588235294,TRUE,TRUE,TRUE,FALSE,FALSE
306,"B_smooth_logistic",0.5,1600,1600,TRUE,TRUE,0.722058823529412,TRUE,TRUE,TRUE,FALSE,FALSE
307,"B_smooth_logistic",0.5,1600,1600,TRUE,TRUE,0.725,TRUE,TRUE,TRUE,FALSE,FALSE
308,"B_smooth_logistic",0.5,1600,1600,TRUE,TRUE,0.698823529411765,TRUE,TRUE,TRUE,FALSE,FALSE
309,"B_smooth_logistic",0.5,1600,1600,TRUE,TRUE,1,TRUE,TRUE,TRUE,FALSE,FALSE
310,"B_smooth_logistic",0.5,1600,1600,TRUE,TRUE,1,TRUE,TRUE,TRUE,FALSE,FALSE
311,"B_smooth_logistic",0.5,1600,1600,TRUE,TRUE,0.647941176470588,TRUE,TRUE,TRUE,FALSE,FALSE
312,"B_smooth_logistic",0.5,1600,1600,TRUE,TRUE,0.767647058823529,TRUE,TRUE,TRUE,FALSE,FALSE
313,"B_smooth_logistic",0.5,1600,1600,TRUE,TRUE,0.687352941176471,TRUE,TRUE,TRUE,FALSE,FALSE
314,"B_smooth_logistic",0.5,1600,1600,TRUE,TRUE,1,TRUE,TRUE,TRUE,FALSE,FALSE
315,"B_smooth_logistic",0.5,1600,1600,TRUE,TRUE,1,TRUE,TRUE,TRUE,FALSE,FALSE
316,"B_smooth_logistic",0.5,1600,1600,TRUE,TRUE,0.997352941176471,TRUE,TRUE,TRUE,FALSE,FALSE
317,"B_smooth_logistic",0.5,1600,2200,TRUE,TRUE,1,TRUE,TRUE,TRUE,FALSE,FALSE
318,"B_smooth_logistic",0.5,1600,1600,TRUE,TRUE,1,TRUE,TRUE,TRUE,FALSE,FALSE
319,"B_smooth_logistic",0.5,1600,1600,TRUE,TRUE,0.967352941176471,TRUE,TRUE,TRUE,FALSE,FALSE
320,"B_smooth_logistic",0.5,1600,1600,TRUE,TRUE,0.975882352941176,TRUE,TRUE,TRUE,FALSE,FALSE
321,"B_smooth_logistic",0.5,1600,1600,TRUE,TRUE,0.916176470588235,TRUE,TRUE,TRUE,FALSE,FALSE
322,"B_smooth_logistic",0.5,1600,1600,TRUE,TRUE,0.851176470588235,TRUE,TRUE,TRUE,FALSE,FALSE
323,"B_smooth_logistic",0.5,1600,1600,TRUE,TRUE,0.719411764705882,TRUE,TRUE,TRUE,FALSE,FALSE
324,"B_smooth_logistic",0.5,1600,1600,TRUE,TRUE,0.743823529411765,TRUE,TRUE,TRUE,FALSE,FALSE
325,"B_smooth_logistic",0.5,1600,1600,TRUE,TRUE,0.846470588235294,TRUE,TRUE,TRUE,FALSE,FALSE
326,"B_smooth_logistic",0.5,1600,1600,TRUE,TRUE,0.660588235294118,TRUE,TRUE,TRUE,FALSE,FALSE
327,"B_smooth_logistic",0.5,2200,2200,TRUE,TRUE,0.733235294117647,TRUE,TRUE,TRUE,FALSE,FALSE
328,"B_smooth_logistic",0.5,2200,2800,TRUE,TRUE,0.660882352941176,TRUE,TRUE,TRUE,FALSE,FALSE
329,"B_smooth_logistic",0.5,1600,1600,TRUE,TRUE,0.647352941176471,TRUE,TRUE,TRUE,FALSE,FALSE
330,"B_smooth_logistic",0.5,1600,1600,TRUE,TRUE,1,TRUE,TRUE,TRUE,FALSE,FALSE
331,"B_smooth_logistic",0.5,1600,1600,TRUE,TRUE,1,TRUE,TRUE,TRUE,FALSE,FALSE
332,"B_smooth_logistic",0.5,1600,1600,TRUE,TRUE,1,TRUE,TRUE,TRUE,FALSE,FALSE
333,"B_smooth_logistic",0.5,1600,1600,TRUE,TRUE,0.741470588235294,TRUE,TRUE,TRUE,FALSE,FALSE
334,"B_smooth_logistic",0.5,1600,1600,TRUE,TRUE,0.948529411764706,TRUE,TRUE,TRUE,FALSE,FALSE
335,"B_smooth_logistic",0.5,1600,1600,TRUE,TRUE,0.687352941176471,TRUE,TRUE,TRUE,FALSE,FALSE
336,"B_smooth_logistic",0.5,1600,1600,TRUE,TRUE,0.659705882352941,TRUE,TRUE,TRUE,FALSE,FALSE
337,"B_smooth_logistic",0.5,1600,1600,TRUE,TRUE,1,TRUE,TRUE,TRUE,FALSE,FALSE
338,"B_smooth_logistic",0.5,1600,1600,TRUE,TRUE,0.784411764705882,TRUE,TRUE,TRUE,FALSE,FALSE
339,"B_smooth_logistic",0.5,2200,2800,TRUE,TRUE,1,TRUE,TRUE,TRUE,FALSE,FALSE
340,"B_smooth_logistic",0.5,1600,1600,TRUE,TRUE,0.705294117647059,TRUE,TRUE,TRUE,FALSE,FALSE
341,"B_smooth_logistic",0.5,1600,1600,TRUE,TRUE,1,TRUE,TRUE,TRUE,FALSE,FALSE
342,"B_smooth_logistic",0.5,1600,1600,TRUE,TRUE,0.723823529411765,TRUE,TRUE,TRUE,FALSE,FALSE
343,"B_smooth_logistic",0.5,1600,1600,TRUE,TRUE,1,TRUE,TRUE,TRUE,FALSE,FALSE
344,"B_smooth_logistic",0.5,1600,1600,TRUE,TRUE,1,TRUE,TRUE,TRUE,FALSE,FALSE
345,"B_smooth_logistic",0.5,1600,1600,TRUE,TRUE,0.651176470588235,TRUE,TRUE,TRUE,FALSE,FALSE
346,"B_smooth_logistic",0.5,1600,1600,TRUE,TRUE,0.812941176470588,TRUE,TRUE,TRUE,FALSE,FALSE
347,"B_smooth_logistic",0.5,1600,1600,TRUE,TRUE,0.660588235294118,TRUE,TRUE,TRUE,FALSE,FALSE
348,"B_smooth_logistic",0.5,1600,1600,TRUE,TRUE,1,TRUE,TRUE,TRUE,FALSE,FALSE
349,"B_smooth_logistic",0.5,1600,1600,TRUE,TRUE,0.795294117647059,TRUE,TRUE,TRUE,FALSE,FALSE
350,"B_smooth_logistic",0.5,1600,1600,TRUE,TRUE,0.961764705882353,TRUE,TRUE,TRUE,FALSE,FALSE
351,"B_smooth_logistic",0.5,1600,1600,TRUE,TRUE,0.925588235294118,TRUE,TRUE,TRUE,FALSE,FALSE
352,"B_smooth_logistic",0.5,1600,1600,TRUE,TRUE,0.658529411764706,TRUE,TRUE,TRUE,FALSE,FALSE
353,"B_smooth_logistic",0.5,2200,2800,TRUE,TRUE,0.883823529411765,TRUE,TRUE,TRUE,FALSE,FALSE
354,"B_smooth_logistic",0.5,1600,1600,TRUE,TRUE,1,TRUE,TRUE,TRUE,FALSE,FALSE
355,"B_smooth_logistic",0.5,1600,1600,TRUE,TRUE,0.951176470588235,TRUE,TRUE,TRUE,FALSE,FALSE
356,"B_smooth_logistic",0.5,1600,1600,TRUE,TRUE,0.78,TRUE,TRUE,TRUE,FALSE,FALSE
357,"B_smooth_logistic",0.5,1600,1600,TRUE,TRUE,1,TRUE,TRUE,TRUE,FALSE,FALSE
358,"B_smooth_logistic",0.5,1600,2200,TRUE,TRUE,1,TRUE,TRUE,TRUE,FALSE,FALSE
359,"B_smooth_logistic",0.5,1600,1600,TRUE,TRUE,1,TRUE,TRUE,TRUE,FALSE,FALSE
360,"B_smooth_logistic",0.5,1600,1600,TRUE,TRUE,0.578823529411765,TRUE,TRUE,TRUE,FALSE,FALSE
361,"B_smooth_logistic",0.5,1600,1600,TRUE,TRUE,0.912941176470588,TRUE,TRUE,TRUE,FALSE,FALSE
362,"B_smooth_logistic",0.5,1600,1600,TRUE,TRUE,0.959117647058824,TRUE,TRUE,TRUE,FALSE,FALSE
363,"B_smooth_logistic",0.5,1600,1600,TRUE,TRUE,0.615294117647059,TRUE,TRUE,TRUE,FALSE,FALSE
364,"B_smooth_logistic",0.5,1600,1600,TRUE,TRUE,1,TRUE,TRUE,TRUE,FALSE,FALSE
365,"B_smooth_logistic",0.5,1600,1600,TRUE,TRUE,0.812941176470588,TRUE,TRUE,TRUE,FALSE,FALSE
366,"B_smooth_logistic",0.5,1600,2200,TRUE,TRUE,0.649705882352941,TRUE,TRUE,TRUE,FALSE,FALSE
367,"B_smooth_logistic",0.5,1600,1600,TRUE,TRUE,1,TRUE,TRUE,TRUE,FALSE,FALSE
368,"B_smooth_logistic",0.5,1600,1600,TRUE,TRUE,0.596176470588235,TRUE,TRUE,TRUE,FALSE,FALSE
369,"B_smooth_logistic",0.5,1600,1600,TRUE,TRUE,0.821470588235294,TRUE,TRUE,TRUE,FALSE,FALSE
370,"B_smooth_logistic",0.5,2200,2200,TRUE,TRUE,1,TRUE,TRUE,TRUE,FALSE,FALSE
371,"B_smooth_logistic",0.5,2800,2800,TRUE,TRUE,0.511176470588235,TRUE,TRUE,TRUE,FALSE,FALSE
372,"B_smooth_logistic",0.5,2200,2800,TRUE,TRUE,1,TRUE,TRUE,TRUE,FALSE,FALSE
373,"B_smooth_logistic",0.5,1600,2200,TRUE,TRUE,0.916470588235294,TRUE,TRUE,TRUE,FALSE,FALSE
374,"B_smooth_logistic",0.5,1600,1600,TRUE,TRUE,1,TRUE,TRUE,TRUE,FALSE,FALSE
375,"B_smooth_logistic",0.5,1600,1600,TRUE,TRUE,0.772352941176471,TRUE,TRUE,TRUE,FALSE,FALSE
376,"B_smooth_logistic",0.5,1600,1600,TRUE,TRUE,0.582647058823529,TRUE,TRUE,TRUE,FALSE,FALSE
377,"B_smooth_logistic",0.5,1600,1600,TRUE,TRUE,0.868235294117647,TRUE,TRUE,TRUE,FALSE,FALSE
378,"B_smooth_logistic",0.5,1600,1600,TRUE,TRUE,0.673823529411765,TRUE,TRUE,TRUE,FALSE,FALSE
379,"B_smooth_logistic",0.5,1600,1600,TRUE,TRUE,1,TRUE,TRUE,TRUE,FALSE,FALSE
380,"B_smooth_logistic",0.5,1600,1600,TRUE,TRUE,0.68,TRUE,TRUE,TRUE,FALSE,FALSE
381,"B_smooth_logistic",0.5,1600,1600,TRUE,TRUE,1,TRUE,TRUE,TRUE,FALSE,FALSE
382,"B_smooth_logistic",0.5,1600,1600,TRUE,TRUE,0.722647058823529,TRUE,TRUE,TRUE,FALSE,FALSE
383,"B_smooth_logistic",0.5,1600,1600,TRUE,TRUE,0.933529411764706,TRUE,TRUE,TRUE,FALSE,FALSE
384,"B_smooth_logistic",0.5,1600,1600,TRUE,TRUE,1,TRUE,TRUE,TRUE,FALSE,FALSE
385,"B_smooth_logistic",0.5,2800,2800,TRUE,TRUE,0.701764705882353,TRUE,TRUE,TRUE,FALSE,FALSE
386,"B_smooth_logistic",0.5,1600,1600,TRUE,TRUE,0.879705882352941,TRUE,TRUE,TRUE,FALSE,FALSE
387,"B_smooth_logistic",0.5,1600,1600,TRUE,TRUE,0.997647058823529,TRUE,TRUE,TRUE,FALSE,FALSE
388,"B_smooth_logistic",0.5,1600,1600,TRUE,TRUE,0.57,TRUE,TRUE,TRUE,FALSE,FALSE
389,"B_smooth_logistic",0.5,1600,1600,TRUE,TRUE,1,TRUE,TRUE,TRUE,FALSE,FALSE
390,"B_smooth_logistic",0.5,1600,1600,TRUE,TRUE,0.845588235294118,TRUE,TRUE,TRUE,FALSE,FALSE
391,"B_smooth_logistic",0.5,1600,1600,TRUE,TRUE,0.926764705882353,TRUE,TRUE,TRUE,FALSE,FALSE
392,"B_smooth_logistic",0.5,1600,1600,TRUE,TRUE,0.509117647058824,TRUE,TRUE,TRUE,FALSE,FALSE
393,"B_smooth_logistic",0.5,1600,1600,TRUE,TRUE,1,TRUE,TRUE,TRUE,FALSE,FALSE
394,"B_smooth_logistic",0.5,2200,2200,TRUE,TRUE,0.848235294117647,TRUE,TRUE,TRUE,FALSE,FALSE
395,"B_smooth_logistic",0.5,1600,1600,TRUE,TRUE,0.802352941176471,TRUE,TRUE,TRUE,FALSE,FALSE
396,"B_smooth_logistic",0.5,1600,1600,TRUE,TRUE,1,TRUE,TRUE,TRUE,FALSE,FALSE
397,"B_smooth_logistic",0.5,1600,1600,TRUE,TRUE,1,TRUE,TRUE,TRUE,FALSE,FALSE
398,"B_smooth_logistic",0.5,1600,1600,TRUE,TRUE,1,TRUE,TRUE,TRUE,FALSE,FALSE
399,"B_smooth_logistic",0.5,1600,1600,TRUE,TRUE,0.811470588235294,TRUE,TRUE,TRUE,FALSE,FALSE
400,"B_smooth_logistic",0.5,1600,1600,TRUE,TRUE,0.821470588235294,TRUE,TRUE,TRUE,FALSE,FALSE
401,"B_smooth_logistic",0.5,1600,1600,TRUE,TRUE,1,TRUE,TRUE,TRUE,FALSE,FALSE
402,"B_smooth_logistic",0.5,1600,1600,TRUE,TRUE,1,TRUE,TRUE,TRUE,FALSE,FALSE
403,"B_smooth_logistic",0.5,1600,1600,TRUE,TRUE,0.829705882352941,TRUE,TRUE,TRUE,FALSE,FALSE
404,"B_smooth_logistic",0.5,1600,1600,TRUE,TRUE,1,TRUE,TRUE,TRUE,FALSE,FALSE
405,"B_smooth_logistic",0.5,1600,1600,TRUE,TRUE,1,TRUE,TRUE,TRUE,FALSE,FALSE
406,"B_smooth_logistic",0.5,1600,1600,TRUE,TRUE,1,TRUE,TRUE,TRUE,FALSE,FALSE
407,"B_smooth_logistic",0.5,1600,1600,TRUE,TRUE,1,TRUE,TRUE,TRUE,FALSE,FALSE
408,"B_smooth_logistic",0.5,1600,1600,TRUE,TRUE,1,TRUE,TRUE,TRUE,FALSE,FALSE
409,"B_smooth_logistic",0.5,1600,1600,TRUE,TRUE,0.692058823529412,TRUE,TRUE,TRUE,FALSE,FALSE
410,"B_smooth_logistic",0.5,1600,1600,TRUE,TRUE,0.618235294117647,TRUE,TRUE,TRUE,FALSE,FALSE
411,"B_smooth_logistic",0.5,1600,1600,TRUE,TRUE,0.557647058823529,TRUE,TRUE,TRUE,FALSE,FALSE
412,"B_smooth_logistic",0.5,1600,1600,TRUE,TRUE,0.812058823529412,TRUE,TRUE,TRUE,FALSE,FALSE
413,"B_smooth_logistic",0.5,1600,1600,TRUE,TRUE,1,TRUE,TRUE,TRUE,FALSE,FALSE
414,"B_smooth_logistic",0.5,1600,1600,TRUE,TRUE,0.851176470588235,TRUE,TRUE,TRUE,FALSE,FALSE
415,"B_smooth_logistic",0.5,1600,1600,TRUE,TRUE,0.859411764705882,TRUE,TRUE,TRUE,FALSE,FALSE
416,"B_smooth_logistic",0.5,1600,1600,TRUE,TRUE,0.900882352941176,TRUE,TRUE,TRUE,FALSE,FALSE
417,"B_smooth_logistic",0.5,1600,1600,TRUE,TRUE,1,TRUE,TRUE,TRUE,FALSE,FALSE
418,"B_smooth_logistic",0.5,1600,1600,TRUE,TRUE,0.577647058823529,TRUE,TRUE,TRUE,FALSE,FALSE
419,"B_smooth_logistic",0.5,1600,1600,TRUE,TRUE,1,TRUE,TRUE,TRUE,FALSE,FALSE
420,"B_smooth_logistic",0.5,1600,1600,TRUE,TRUE,0.832058823529412,TRUE,TRUE,TRUE,FALSE,FALSE
421,"B_smooth_logistic",0.5,1600,1600,TRUE,TRUE,0.910294117647059,TRUE,TRUE,TRUE,FALSE,FALSE
422,"B_smooth_logistic",0.5,1600,1600,TRUE,TRUE,0.751176470588235,TRUE,TRUE,TRUE,FALSE,FALSE
423,"B_smooth_logistic",0.5,1600,1600,TRUE,TRUE,1,TRUE,TRUE,TRUE,FALSE,FALSE
424,"B_smooth_logistic",0.5,3400,3400,TRUE,TRUE,0.627941176470588,TRUE,TRUE,TRUE,FALSE,FALSE
425,"B_smooth_logistic",0.5,2800,2800,TRUE,TRUE,0.544117647058823,TRUE,TRUE,TRUE,FALSE,FALSE
426,"B_smooth_logistic",0.5,1600,1600,TRUE,TRUE,0.944117647058824,TRUE,TRUE,TRUE,FALSE,FALSE
427,"B_smooth_logistic",0.5,1600,1600,TRUE,TRUE,1,TRUE,TRUE,TRUE,FALSE,FALSE
428,"B_smooth_logistic",0.5,1600,1600,TRUE,TRUE,0.640294117647059,TRUE,TRUE,TRUE,FALSE,FALSE
429,"B_smooth_logistic",0.5,1600,1600,TRUE,TRUE,0.883235294117647,TRUE,TRUE,TRUE,FALSE,FALSE
430,"B_smooth_logistic",0.5,1600,1600,TRUE,TRUE,0.709705882352941,TRUE,TRUE,TRUE,FALSE,FALSE
431,"B_smooth_logistic",0.5,1600,1600,TRUE,TRUE,0.588823529411765,TRUE,TRUE,TRUE,FALSE,FALSE
432,"B_smooth_logistic",0.5,1600,1600,TRUE,TRUE,1,TRUE,TRUE,TRUE,FALSE,FALSE
433,"B_smooth_logistic",0.5,1600,1600,TRUE,TRUE,0.924117647058823,TRUE,TRUE,TRUE,FALSE,FALSE
434,"B_smooth_logistic",0.5,1600,1600,TRUE,TRUE,0.669411764705882,TRUE,TRUE,TRUE,FALSE,FALSE
435,"B_smooth_logistic",0.5,1600,1600,TRUE,TRUE,1,TRUE,TRUE,TRUE,FALSE,FALSE
436,"B_smooth_logistic",0.5,1600,1600,TRUE,TRUE,0.835882352941177,TRUE,TRUE,TRUE,FALSE,FALSE
437,"B_smooth_logistic",0.5,1600,1600,TRUE,TRUE,1,TRUE,TRUE,TRUE,FALSE,FALSE
438,"B_smooth_logistic",0.5,1600,1600,TRUE,TRUE,0.850882352941176,TRUE,TRUE,TRUE,FALSE,FALSE
439,"B_smooth_logistic",0.5,1600,1600,TRUE,TRUE,0.746764705882353,TRUE,TRUE,TRUE,FALSE,FALSE
440,"B_smooth_logistic",0.5,1600,1600,TRUE,TRUE,1,TRUE,TRUE,TRUE,FALSE,FALSE
441,"B_smooth_logistic",0.5,1600,1600,TRUE,TRUE,0.699117647058824,TRUE,TRUE,TRUE,FALSE,FALSE
442,"B_smooth_logistic",0.5,1600,1600,TRUE,TRUE,1,TRUE,TRUE,TRUE,FALSE,FALSE
443,"B_smooth_logistic",0.5,1600,1600,TRUE,TRUE,1,TRUE,TRUE,TRUE,FALSE,FALSE
444,"B_smooth_logistic",0.5,1600,1600,TRUE,TRUE,0.707647058823529,TRUE,TRUE,TRUE,FALSE,FALSE
445,"B_smooth_logistic",0.5,1600,1600,TRUE,TRUE,1,TRUE,TRUE,TRUE,FALSE,FALSE
446,"B_smooth_logistic",0.5,1600,1600,TRUE,TRUE,0.950588235294118,TRUE,TRUE,TRUE,FALSE,FALSE
447,"B_smooth_logistic",0.5,1600,1600,TRUE,TRUE,0.748823529411765,TRUE,TRUE,TRUE,FALSE,FALSE
448,"B_smooth_logistic",0.5,1600,1600,TRUE,TRUE,0.781176470588235,TRUE,TRUE,TRUE,FALSE,FALSE
449,"B_smooth_logistic",0.5,1600,3400,TRUE,TRUE,1,TRUE,TRUE,TRUE,FALSE,FALSE
450,"B_smooth_logistic",0.5,1600,1600,TRUE,TRUE,1,TRUE,TRUE,TRUE,FALSE,FALSE
451,"B_smooth_logistic",0.5,1600,1600,TRUE,TRUE,0.739411764705882,TRUE,TRUE,TRUE,FALSE,FALSE
452,"B_smooth_logistic",0.5,1600,1600,TRUE,TRUE,0.811764705882353,TRUE,TRUE,TRUE,FALSE,FALSE
453,"B_smooth_logistic",0.5,1600,1600,TRUE,TRUE,0.832941176470588,TRUE,TRUE,TRUE,FALSE,FALSE
454,"B_smooth_logistic",0.5,1600,1600,TRUE,TRUE,0.837352941176471,TRUE,TRUE,TRUE,FALSE,FALSE
455,"B_smooth_logistic",0.5,1600,1600,TRUE,TRUE,1,TRUE,TRUE,TRUE,FALSE,FALSE
456,"B_smooth_logistic",0.5,1600,1600,TRUE,TRUE,0.822058823529412,TRUE,TRUE,TRUE,FALSE,FALSE
457,"B_smooth_logistic",0.5,1600,1600,TRUE,TRUE,0.816470588235294,TRUE,TRUE,TRUE,FALSE,FALSE
458,"B_smooth_logistic",0.5,2200,2800,TRUE,TRUE,1,TRUE,TRUE,TRUE,FALSE,FALSE
459,"B_smooth_logistic",0.5,1600,1600,TRUE,TRUE,0.636764705882353,TRUE,TRUE,TRUE,FALSE,FALSE
460,"B_smooth_logistic",0.5,1600,1600,TRUE,TRUE,1,TRUE,TRUE,TRUE,FALSE,FALSE
461,"B_smooth_logistic",0.5,1600,1600,TRUE,TRUE,0.591470588235294,TRUE,TRUE,TRUE,FALSE,FALSE
462,"B_smooth_logistic",0.5,1600,2200,TRUE,TRUE,0.795882352941176,TRUE,TRUE,TRUE,FALSE,FALSE
463,"B_smooth_logistic",0.5,1600,1600,TRUE,TRUE,0.927647058823529,TRUE,TRUE,TRUE,FALSE,FALSE
464,"B_smooth_logistic",0.5,2800,3400,TRUE,TRUE,1,TRUE,TRUE,TRUE,FALSE,FALSE
465,"B_smooth_logistic",0.5,1600,1600,TRUE,TRUE,0.869117647058824,TRUE,TRUE,TRUE,FALSE,FALSE
466,"B_smooth_logistic",0.5,NA,NA,FALSE,FALSE,0.449705882352941,FALSE,TRUE,TRUE,FALSE,FALSE
467,"B_smooth_logistic",0.5,1600,1600,TRUE,TRUE,1,TRUE,TRUE,TRUE,FALSE,FALSE
468,"B_smooth_logistic",0.5,1600,1600,TRUE,TRUE,1,TRUE,TRUE,TRUE,FALSE,FALSE
469,"B_smooth_logistic",0.5,1600,1600,TRUE,TRUE,0.993529411764706,TRUE,TRUE,TRUE,FALSE,FALSE
470,"B_smooth_logistic",0.5,1600,1600,TRUE,TRUE,0.575882352941177,TRUE,TRUE,TRUE,FALSE,FALSE
471,"B_smooth_logistic",0.5,2200,2800,TRUE,TRUE,1,TRUE,TRUE,TRUE,FALSE,FALSE
472,"B_smooth_logistic",0.5,2200,2800,TRUE,TRUE,0.712941176470588,TRUE,TRUE,TRUE,FALSE,FALSE
473,"B_smooth_logistic",0.5,1600,1600,TRUE,TRUE,0.915,TRUE,TRUE,TRUE,FALSE,FALSE
474,"B_smooth_logistic",0.5,1600,1600,TRUE,TRUE,0.549705882352941,TRUE,TRUE,TRUE,FALSE,FALSE
475,"B_smooth_logistic",0.5,1600,1600,TRUE,TRUE,1,TRUE,TRUE,TRUE,FALSE,FALSE
476,"B_smooth_logistic",0.5,1600,1600,TRUE,TRUE,1,TRUE,TRUE,TRUE,FALSE,FALSE
477,"B_smooth_logistic",0.5,1600,1600,TRUE,TRUE,0.775882352941176,TRUE,TRUE,TRUE,FALSE,FALSE
478,"B_smooth_logistic",0.5,NA,NA,FALSE,FALSE,0.451764705882353,FALSE,TRUE,TRUE,FALSE,FALSE
479,"B_smooth_logistic",0.5,1600,2200,TRUE,TRUE,1,TRUE,TRUE,TRUE,FALSE,FALSE
480,"B_smooth_logistic",0.5,1600,1600,TRUE,TRUE,0.698235294117647,TRUE,TRUE,TRUE,FALSE,FALSE
481,"B_smooth_logistic",0.5,1600,1600,TRUE,TRUE,1,TRUE,TRUE,TRUE,FALSE,FALSE
482,"B_smooth_logistic",0.5,1600,1600,TRUE,TRUE,0.941176470588235,TRUE,TRUE,TRUE,FALSE,FALSE
483,"B_smooth_logistic",0.5,1600,1600,TRUE,TRUE,0.667352941176471,TRUE,TRUE,TRUE,FALSE,FALSE
484,"B_smooth_logistic",0.5,1600,1600,TRUE,TRUE,1,TRUE,TRUE,TRUE,FALSE,FALSE
485,"B_smooth_logistic",0.5,1600,2200,TRUE,TRUE,0.636176470588235,TRUE,TRUE,TRUE,FALSE,FALSE
486,"B_smooth_logistic",0.5,1600,1600,TRUE,TRUE,0.739411764705882,TRUE,TRUE,TRUE,FALSE,FALSE
487,"B_smooth_logistic",0.5,1600,1600,TRUE,TRUE,0.722647058823529,TRUE,TRUE,TRUE,FALSE,FALSE
488,"B_smooth_logistic",0.5,1600,1600,TRUE,TRUE,1,TRUE,TRUE,TRUE,FALSE,FALSE
489,"B_smooth_logistic",0.5,1600,1600,TRUE,TRUE,0.740294117647059,TRUE,TRUE,TRUE,FALSE,FALSE
490,"B_smooth_logistic",0.5,1600,1600,TRUE,TRUE,0.803823529411765,TRUE,TRUE,TRUE,FALSE,FALSE
491,"B_smooth_logistic",0.5,1600,1600,TRUE,TRUE,1,TRUE,TRUE,TRUE,FALSE,FALSE
492,"B_smooth_logistic",0.5,1600,1600,TRUE,TRUE,0.542058823529412,TRUE,TRUE,TRUE,FALSE,FALSE
493,"B_smooth_logistic",0.5,1600,1600,TRUE,TRUE,1,TRUE,TRUE,TRUE,FALSE,FALSE
494,"B_smooth_logistic",0.5,1600,1600,TRUE,TRUE,0.662647058823529,TRUE,TRUE,TRUE,FALSE,FALSE
495,"B_smooth_logistic",0.5,1600,1600,TRUE,TRUE,1,TRUE,TRUE,TRUE,FALSE,FALSE
496,"B_smooth_logistic",0.5,1600,1600,TRUE,TRUE,1,TRUE,TRUE,TRUE,FALSE,FALSE
497,"B_smooth_logistic",0.5,1600,1600,TRUE,TRUE,0.965,TRUE,TRUE,TRUE,FALSE,FALSE
498,"B_smooth_logistic",0.5,1600,1600,TRUE,TRUE,1,TRUE,TRUE,TRUE,FALSE,FALSE
499,"B_smooth_logistic",0.5,1600,1600,TRUE,TRUE,0.643823529411765,TRUE,TRUE,TRUE,FALSE,FALSE
500,"B_smooth_logistic",0.5,1600,1600,TRUE,TRUE,0.686470588235294,TRUE,TRUE,TRUE,FALSE,FALSE
1,"A_threshold",0.6,1600,1600,TRUE,TRUE,0.222058823529412,FALSE,FALSE,FALSE,TRUE,TRUE
2,"A_threshold",0.6,NA,NA,FALSE,FALSE,0.133235294117647,FALSE,TRUE,TRUE,FALSE,FALSE
3,"A_threshold",0.6,1600,1600,TRUE,TRUE,0.356470588235294,FALSE,FALSE,FALSE,TRUE,TRUE
4,"A_threshold",0.6,NA,NA,FALSE,FALSE,0.0773529411764706,FALSE,TRUE,TRUE,FALSE,FALSE
5,"A_threshold",0.6,NA,NA,FALSE,FALSE,0,FALSE,TRUE,TRUE,FALSE,FALSE
6,"A_threshold",0.6,2200,4000,TRUE,TRUE,0.582058823529412,TRUE,TRUE,TRUE,FALSE,FALSE
7,"A_threshold",0.6,1600,1600,TRUE,TRUE,0.398235294117647,FALSE,FALSE,FALSE,TRUE,TRUE
8,"A_threshold",0.6,NA,NA,FALSE,FALSE,0.00176470588235294,FALSE,TRUE,TRUE,FALSE,FALSE
9,"A_threshold",0.6,NA,NA,FALSE,FALSE,0.118235294117647,FALSE,TRUE,TRUE,FALSE,FALSE
10,"A_threshold",0.6,2200,2800,TRUE,TRUE,0.302352941176471,FALSE,FALSE,FALSE,TRUE,TRUE
11,"A_threshold",0.6,2800,2800,TRUE,TRUE,0.569411764705882,TRUE,TRUE,TRUE,FALSE,FALSE
12,"A_threshold",0.6,NA,NA,FALSE,FALSE,0,FALSE,TRUE,TRUE,FALSE,FALSE
13,"A_threshold",0.6,NA,NA,FALSE,FALSE,0.173235294117647,FALSE,TRUE,TRUE,FALSE,FALSE
14,"A_threshold",0.6,NA,NA,FALSE,FALSE,0.0535294117647059,FALSE,TRUE,TRUE,FALSE,FALSE
15,"A_threshold",0.6,NA,NA,FALSE,FALSE,0.00117647058823529,FALSE,TRUE,TRUE,FALSE,FALSE
16,"A_threshold",0.6,NA,NA,FALSE,FALSE,0.08,FALSE,TRUE,TRUE,FALSE,FALSE
17,"A_threshold",0.6,NA,NA,FALSE,FALSE,0.286764705882353,FALSE,TRUE,TRUE,FALSE,FALSE
18,"A_threshold",0.6,4000,4000,TRUE,TRUE,0.543823529411765,TRUE,TRUE,TRUE,FALSE,FALSE
19,"A_threshold",0.6,NA,NA,FALSE,FALSE,0.0367647058823529,FALSE,TRUE,TRUE,FALSE,FALSE
20,"A_threshold",0.6,1600,1600,TRUE,TRUE,0.294705882352941,FALSE,FALSE,FALSE,TRUE,TRUE
21,"A_threshold",0.6,NA,NA,FALSE,FALSE,0.113235294117647,FALSE,TRUE,TRUE,FALSE,FALSE
22,"A_threshold",0.6,NA,NA,FALSE,FALSE,0.0288235294117647,FALSE,TRUE,TRUE,FALSE,FALSE
23,"A_threshold",0.6,NA,NA,FALSE,FALSE,0,FALSE,TRUE,TRUE,FALSE,FALSE
24,"A_threshold",0.6,NA,NA,FALSE,FALSE,0.152058823529412,FALSE,TRUE,TRUE,FALSE,FALSE
25,"A_threshold",0.6,2800,NA,TRUE,FALSE,0.357941176470588,FALSE,FALSE,TRUE,TRUE,FALSE
26,"A_threshold",0.6,1600,2200,TRUE,TRUE,0.332352941176471,FALSE,FALSE,FALSE,TRUE,TRUE
27,"A_threshold",0.6,1600,1600,TRUE,TRUE,0.223235294117647,FALSE,FALSE,FALSE,TRUE,TRUE
28,"A_threshold",0.6,NA,NA,FALSE,FALSE,0.0847058823529412,FALSE,TRUE,TRUE,FALSE,FALSE
29,"A_threshold",0.6,NA,NA,FALSE,FALSE,0.238529411764706,FALSE,TRUE,TRUE,FALSE,FALSE
30,"A_threshold",0.6,NA,NA,FALSE,FALSE,0.0814705882352941,FALSE,TRUE,TRUE,FALSE,FALSE
31,"A_threshold",0.6,NA,NA,FALSE,FALSE,0.0723529411764706,FALSE,TRUE,TRUE,FALSE,FALSE
32,"A_threshold",0.6,NA,NA,FALSE,FALSE,0.0214705882352941,FALSE,TRUE,TRUE,FALSE,FALSE
33,"A_threshold",0.6,1600,NA,TRUE,FALSE,0.00264705882352941,FALSE,FALSE,TRUE,TRUE,FALSE
34,"A_threshold",0.6,NA,NA,FALSE,FALSE,0.423529411764706,FALSE,TRUE,TRUE,FALSE,FALSE
35,"A_threshold",0.6,1600,1600,TRUE,TRUE,0.588823529411765,TRUE,TRUE,TRUE,FALSE,FALSE
36,"A_threshold",0.6,NA,NA,FALSE,FALSE,0.286176470588235,FALSE,TRUE,TRUE,FALSE,FALSE
37,"A_threshold",0.6,NA,NA,FALSE,FALSE,0.0158823529411765,FALSE,TRUE,TRUE,FALSE,FALSE
38,"A_threshold",0.6,NA,NA,FALSE,FALSE,0.190294117647059,FALSE,TRUE,TRUE,FALSE,FALSE
39,"A_threshold",0.6,1600,NA,TRUE,FALSE,0.0870588235294118,FALSE,FALSE,TRUE,TRUE,FALSE
40,"A_threshold",0.6,NA,NA,FALSE,FALSE,0.0691176470588235,FALSE,TRUE,TRUE,FALSE,FALSE
41,"A_threshold",0.6,1600,1600,TRUE,TRUE,0.412058823529412,FALSE,FALSE,FALSE,TRUE,TRUE
42,"A_threshold",0.6,NA,NA,FALSE,FALSE,0.0255882352941176,FALSE,TRUE,TRUE,FALSE,FALSE
43,"A_threshold",0.6,NA,NA,FALSE,FALSE,0.113235294117647,FALSE,TRUE,TRUE,FALSE,FALSE
44,"A_threshold",0.6,1600,1600,TRUE,TRUE,0.732352941176471,TRUE,TRUE,TRUE,FALSE,FALSE
45,"A_threshold",0.6,2800,2800,TRUE,TRUE,0.434705882352941,FALSE,FALSE,FALSE,TRUE,TRUE
46,"A_threshold",0.6,NA,NA,FALSE,FALSE,0.279705882352941,FALSE,TRUE,TRUE,FALSE,FALSE
47,"A_threshold",0.6,1600,1600,TRUE,TRUE,0.570294117647059,TRUE,TRUE,TRUE,FALSE,FALSE
48,"A_threshold",0.6,1600,1600,TRUE,TRUE,0.563823529411765,TRUE,TRUE,TRUE,FALSE,FALSE
49,"A_threshold",0.6,NA,NA,FALSE,FALSE,0.167058823529412,FALSE,TRUE,TRUE,FALSE,FALSE
50,"A_threshold",0.6,1600,1600,TRUE,TRUE,0.619411764705882,TRUE,TRUE,TRUE,FALSE,FALSE
51,"A_threshold",0.6,NA,NA,FALSE,FALSE,0.395882352941176,FALSE,TRUE,TRUE,FALSE,FALSE
52,"A_threshold",0.6,NA,NA,FALSE,FALSE,0.302941176470588,FALSE,TRUE,TRUE,FALSE,FALSE
53,"A_threshold",0.6,NA,NA,FALSE,FALSE,0.39,FALSE,TRUE,TRUE,FALSE,FALSE
54,"A_threshold",0.6,NA,NA,FALSE,FALSE,0.075,FALSE,TRUE,TRUE,FALSE,FALSE
55,"A_threshold",0.6,NA,NA,FALSE,FALSE,0.337647058823529,FALSE,TRUE,TRUE,FALSE,FALSE
56,"A_threshold",0.6,NA,NA,FALSE,FALSE,0.447647058823529,FALSE,TRUE,TRUE,FALSE,FALSE
57,"A_threshold",0.6,NA,NA,FALSE,FALSE,0.135882352941176,FALSE,TRUE,TRUE,FALSE,FALSE
58,"A_threshold",0.6,NA,NA,FALSE,FALSE,0.265,FALSE,TRUE,TRUE,FALSE,FALSE
59,"A_threshold",0.6,NA,NA,FALSE,FALSE,0.0117647058823529,FALSE,TRUE,TRUE,FALSE,FALSE
60,"A_threshold",0.6,NA,NA,FALSE,FALSE,0.327647058823529,FALSE,TRUE,TRUE,FALSE,FALSE
61,"A_threshold",0.6,NA,NA,FALSE,FALSE,0,FALSE,TRUE,TRUE,FALSE,FALSE
62,"A_threshold",0.6,NA,NA,FALSE,FALSE,0.400294117647059,FALSE,TRUE,TRUE,FALSE,FALSE
63,"A_threshold",0.6,1600,2200,TRUE,TRUE,0.447647058823529,FALSE,FALSE,FALSE,TRUE,TRUE
64,"A_threshold",0.6,1600,1600,TRUE,TRUE,0.111764705882353,FALSE,FALSE,FALSE,TRUE,TRUE
65,"A_threshold",0.6,3400,3400,TRUE,TRUE,0.468823529411765,FALSE,FALSE,FALSE,TRUE,TRUE
66,"A_threshold",0.6,NA,NA,FALSE,FALSE,0.149117647058824,FALSE,TRUE,TRUE,FALSE,FALSE
67,"A_threshold",0.6,1600,1600,TRUE,TRUE,0.377352941176471,FALSE,FALSE,FALSE,TRUE,TRUE
68,"A_threshold",0.6,1600,2200,TRUE,TRUE,0.992941176470588,TRUE,TRUE,TRUE,FALSE,FALSE
69,"A_threshold",0.6,2200,NA,TRUE,FALSE,0,FALSE,FALSE,TRUE,TRUE,FALSE
70,"A_threshold",0.6,1600,1600,TRUE,TRUE,0.409411764705882,FALSE,FALSE,FALSE,TRUE,TRUE
71,"A_threshold",0.6,1600,1600,TRUE,TRUE,0.114705882352941,FALSE,FALSE,FALSE,TRUE,TRUE
72,"A_threshold",0.6,NA,NA,FALSE,FALSE,0.305882352941176,FALSE,TRUE,TRUE,FALSE,FALSE
73,"A_threshold",0.6,NA,NA,FALSE,FALSE,0.459117647058824,FALSE,TRUE,TRUE,FALSE,FALSE
74,"A_threshold",0.6,1600,3400,TRUE,TRUE,0.420588235294118,FALSE,FALSE,FALSE,TRUE,TRUE
75,"A_threshold",0.6,NA,NA,FALSE,FALSE,0.0376470588235294,FALSE,TRUE,TRUE,FALSE,FALSE
76,"A_threshold",0.6,NA,NA,FALSE,FALSE,0.283235294117647,FALSE,TRUE,TRUE,FALSE,FALSE
77,"A_threshold",0.6,1600,1600,TRUE,TRUE,1,TRUE,TRUE,TRUE,FALSE,FALSE
78,"A_threshold",0.6,NA,NA,FALSE,FALSE,0.0126470588235294,FALSE,TRUE,TRUE,FALSE,FALSE
79,"A_threshold",0.6,1600,1600,TRUE,TRUE,0.262941176470588,FALSE,FALSE,FALSE,TRUE,TRUE
80,"A_threshold",0.6,1600,1600,TRUE,TRUE,0.389117647058824,FALSE,FALSE,FALSE,TRUE,TRUE
81,"A_threshold",0.6,NA,NA,FALSE,FALSE,0,FALSE,TRUE,TRUE,FALSE,FALSE
82,"A_threshold",0.6,1600,1600,TRUE,TRUE,0.877352941176471,TRUE,TRUE,TRUE,FALSE,FALSE
83,"A_threshold",0.6,NA,NA,FALSE,FALSE,0.397352941176471,FALSE,TRUE,TRUE,FALSE,FALSE
84,"A_threshold",0.6,2200,2200,TRUE,TRUE,0.606470588235294,TRUE,TRUE,TRUE,FALSE,FALSE
85,"A_threshold",0.6,NA,NA,FALSE,FALSE,0,FALSE,TRUE,TRUE,FALSE,FALSE
86,"A_threshold",0.6,NA,NA,FALSE,FALSE,0.321470588235294,FALSE,TRUE,TRUE,FALSE,FALSE
87,"A_threshold",0.6,2200,2200,TRUE,TRUE,0.112058823529412,FALSE,FALSE,FALSE,TRUE,TRUE
88,"A_threshold",0.6,NA,NA,FALSE,FALSE,0.268529411764706,FALSE,TRUE,TRUE,FALSE,FALSE
89,"A_threshold",0.6,NA,NA,FALSE,FALSE,0.248823529411765,FALSE,TRUE,TRUE,FALSE,FALSE
90,"A_threshold",0.6,1600,1600,TRUE,TRUE,0.532058823529412,TRUE,TRUE,TRUE,FALSE,FALSE
91,"A_threshold",0.6,NA,NA,FALSE,FALSE,0.134117647058824,FALSE,TRUE,TRUE,FALSE,FALSE
92,"A_threshold",0.6,NA,NA,FALSE,FALSE,0.189705882352941,FALSE,TRUE,TRUE,FALSE,FALSE
93,"A_threshold",0.6,NA,NA,FALSE,FALSE,0.295588235294118,FALSE,TRUE,TRUE,FALSE,FALSE
94,"A_threshold",0.6,NA,NA,FALSE,FALSE,0.442352941176471,FALSE,TRUE,TRUE,FALSE,FALSE
95,"A_threshold",0.6,1600,1600,TRUE,TRUE,0.508235294117647,TRUE,TRUE,TRUE,FALSE,FALSE
96,"A_threshold",0.6,NA,NA,FALSE,FALSE,0.192352941176471,FALSE,TRUE,TRUE,FALSE,FALSE
97,"A_threshold",0.6,NA,NA,FALSE,FALSE,0.253823529411765,FALSE,TRUE,TRUE,FALSE,FALSE
98,"A_threshold",0.6,NA,NA,FALSE,FALSE,0.326176470588235,FALSE,TRUE,TRUE,FALSE,FALSE
99,"A_threshold",0.6,NA,NA,FALSE,FALSE,0,FALSE,TRUE,TRUE,FALSE,FALSE
100,"A_threshold",0.6,NA,NA,FALSE,FALSE,0,FALSE,TRUE,TRUE,FALSE,FALSE
101,"A_threshold",0.6,1600,1600,TRUE,TRUE,0.751176470588235,TRUE,TRUE,TRUE,FALSE,FALSE
102,"A_threshold",0.6,2200,2800,TRUE,TRUE,0.452352941176471,FALSE,FALSE,FALSE,TRUE,TRUE
103,"A_threshold",0.6,NA,NA,FALSE,FALSE,0.344411764705882,FALSE,TRUE,TRUE,FALSE,FALSE
104,"A_threshold",0.6,NA,NA,FALSE,FALSE,0,FALSE,TRUE,TRUE,FALSE,FALSE
105,"A_threshold",0.6,1600,1600,TRUE,TRUE,0.611470588235294,TRUE,TRUE,TRUE,FALSE,FALSE
106,"A_threshold",0.6,2200,2200,TRUE,TRUE,0.569117647058824,TRUE,TRUE,TRUE,FALSE,FALSE
107,"A_threshold",0.6,1600,1600,TRUE,TRUE,0.610588235294118,TRUE,TRUE,TRUE,FALSE,FALSE
108,"A_threshold",0.6,NA,NA,FALSE,FALSE,0.288529411764706,FALSE,TRUE,TRUE,FALSE,FALSE
109,"A_threshold",0.6,1600,1600,TRUE,TRUE,0.562647058823529,TRUE,TRUE,TRUE,FALSE,FALSE
110,"A_threshold",0.6,NA,NA,FALSE,FALSE,0.313823529411765,FALSE,TRUE,TRUE,FALSE,FALSE
111,"A_threshold",0.6,NA,NA,FALSE,FALSE,0,FALSE,TRUE,TRUE,FALSE,FALSE
112,"A_threshold",0.6,2800,3400,TRUE,TRUE,0.946176470588235,TRUE,TRUE,TRUE,FALSE,FALSE
113,"A_threshold",0.6,NA,NA,FALSE,FALSE,0.312058823529412,FALSE,TRUE,TRUE,FALSE,FALSE
114,"A_threshold",0.6,1600,1600,TRUE,TRUE,0.474705882352941,FALSE,FALSE,FALSE,TRUE,TRUE
115,"A_threshold",0.6,NA,NA,FALSE,FALSE,0.00617647058823529,FALSE,TRUE,TRUE,FALSE,FALSE
116,"A_threshold",0.6,NA,NA,FALSE,FALSE,0.268529411764706,FALSE,TRUE,TRUE,FALSE,FALSE
117,"A_threshold",0.6,NA,NA,FALSE,FALSE,0.0644117647058823,FALSE,TRUE,TRUE,FALSE,FALSE
118,"A_threshold",0.6,NA,NA,FALSE,FALSE,0.327352941176471,FALSE,TRUE,TRUE,FALSE,FALSE
119,"A_threshold",0.6,NA,NA,FALSE,FALSE,0,FALSE,TRUE,TRUE,FALSE,FALSE
120,"A_threshold",0.6,NA,NA,FALSE,FALSE,0.325294117647059,FALSE,TRUE,TRUE,FALSE,FALSE
121,"A_threshold",0.6,NA,NA,FALSE,FALSE,0.262647058823529,FALSE,TRUE,TRUE,FALSE,FALSE
122,"A_threshold",0.6,1600,1600,TRUE,TRUE,0.606764705882353,TRUE,TRUE,TRUE,FALSE,FALSE
123,"A_threshold",0.6,NA,NA,FALSE,FALSE,0,FALSE,TRUE,TRUE,FALSE,FALSE
124,"A_threshold",0.6,1600,1600,TRUE,TRUE,0.140588235294118,FALSE,FALSE,FALSE,TRUE,TRUE
125,"A_threshold",0.6,NA,NA,FALSE,FALSE,0.313823529411765,FALSE,TRUE,TRUE,FALSE,FALSE
126,"A_threshold",0.6,NA,NA,FALSE,FALSE,0.238823529411765,FALSE,TRUE,TRUE,FALSE,FALSE
127,"A_threshold",0.6,1600,NA,TRUE,FALSE,0.242941176470588,FALSE,FALSE,TRUE,TRUE,FALSE
128,"A_threshold",0.6,1600,2200,TRUE,TRUE,0.677058823529412,TRUE,TRUE,TRUE,FALSE,FALSE
129,"A_threshold",0.6,NA,NA,FALSE,FALSE,0.168235294117647,FALSE,TRUE,TRUE,FALSE,FALSE
130,"A_threshold",0.6,1600,1600,TRUE,TRUE,0.314411764705882,FALSE,FALSE,FALSE,TRUE,TRUE
131,"A_threshold",0.6,NA,NA,FALSE,FALSE,0.213529411764706,FALSE,TRUE,TRUE,FALSE,FALSE
132,"A_threshold",0.6,1600,1600,TRUE,TRUE,0.690882352941177,TRUE,TRUE,TRUE,FALSE,FALSE
133,"A_threshold",0.6,3400,3400,TRUE,TRUE,0.625882352941176,TRUE,TRUE,TRUE,FALSE,FALSE
134,"A_threshold",0.6,1600,1600,TRUE,TRUE,0.350294117647059,FALSE,FALSE,FALSE,TRUE,TRUE
135,"A_threshold",0.6,1600,1600,TRUE,TRUE,0.612352941176471,TRUE,TRUE,TRUE,FALSE,FALSE
136,"A_threshold",0.6,NA,NA,FALSE,FALSE,0.0676470588235294,FALSE,TRUE,TRUE,FALSE,FALSE
137,"A_threshold",0.6,4000,4000,TRUE,TRUE,0.516764705882353,TRUE,TRUE,TRUE,FALSE,FALSE
138,"A_threshold",0.6,1600,NA,TRUE,FALSE,0.145,FALSE,FALSE,TRUE,TRUE,FALSE
139,"A_threshold",0.6,NA,NA,FALSE,FALSE,0.215294117647059,FALSE,TRUE,TRUE,FALSE,FALSE
140,"A_threshold",0.6,NA,NA,FALSE,FALSE,0.381764705882353,FALSE,TRUE,TRUE,FALSE,FALSE
141,"A_threshold",0.6,2200,2800,TRUE,TRUE,0.535,TRUE,TRUE,TRUE,FALSE,FALSE
142,"A_threshold",0.6,NA,NA,FALSE,FALSE,0,FALSE,TRUE,TRUE,FALSE,FALSE
143,"A_threshold",0.6,NA,NA,FALSE,FALSE,0.207941176470588,FALSE,TRUE,TRUE,FALSE,FALSE
144,"A_threshold",0.6,1600,1600,TRUE,TRUE,0.543235294117647,TRUE,TRUE,TRUE,FALSE,FALSE
145,"A_threshold",0.6,NA,NA,FALSE,FALSE,0.167941176470588,FALSE,TRUE,TRUE,FALSE,FALSE
146,"A_threshold",0.6,NA,NA,FALSE,FALSE,0.203529411764706,FALSE,TRUE,TRUE,FALSE,FALSE
147,"A_threshold",0.6,NA,NA,FALSE,FALSE,0.159411764705882,FALSE,TRUE,TRUE,FALSE,FALSE
148,"A_threshold",0.6,1600,2800,TRUE,TRUE,0.802647058823529,TRUE,TRUE,TRUE,FALSE,FALSE
149,"A_threshold",0.6,NA,NA,FALSE,FALSE,0.322647058823529,FALSE,TRUE,TRUE,FALSE,FALSE
150,"A_threshold",0.6,NA,NA,FALSE,FALSE,0.0238235294117647,FALSE,TRUE,TRUE,FALSE,FALSE
151,"A_threshold",0.6,NA,NA,FALSE,FALSE,0.0723529411764706,FALSE,TRUE,TRUE,FALSE,FALSE
152,"A_threshold",0.6,1600,2200,TRUE,TRUE,0.52,TRUE,TRUE,TRUE,FALSE,FALSE
153,"A_threshold",0.6,NA,NA,FALSE,FALSE,0.0552941176470588,FALSE,TRUE,TRUE,FALSE,FALSE
154,"A_threshold",0.6,2200,2200,TRUE,TRUE,0.422352941176471,FALSE,FALSE,FALSE,TRUE,TRUE
155,"A_threshold",0.6,NA,NA,FALSE,FALSE,0.0367647058823529,FALSE,TRUE,TRUE,FALSE,FALSE
156,"A_threshold",0.6,NA,NA,FALSE,FALSE,0.00558823529411765,FALSE,TRUE,TRUE,FALSE,FALSE
157,"A_threshold",0.6,2800,2800,TRUE,TRUE,0.510588235294118,TRUE,TRUE,TRUE,FALSE,FALSE
158,"A_threshold",0.6,3400,3400,TRUE,TRUE,0.638235294117647,TRUE,TRUE,TRUE,FALSE,FALSE
159,"A_threshold",0.6,1600,1600,TRUE,TRUE,0.297058823529412,FALSE,FALSE,FALSE,TRUE,TRUE
160,"A_threshold",0.6,NA,NA,FALSE,FALSE,0.211176470588235,FALSE,TRUE,TRUE,FALSE,FALSE
161,"A_threshold",0.6,NA,NA,FALSE,FALSE,0.304411764705882,FALSE,TRUE,TRUE,FALSE,FALSE
162,"A_threshold",0.6,NA,NA,FALSE,FALSE,0.257647058823529,FALSE,TRUE,TRUE,FALSE,FALSE
163,"A_threshold",0.6,NA,NA,FALSE,FALSE,0.287941176470588,FALSE,TRUE,TRUE,FALSE,FALSE
164,"A_threshold",0.6,NA,NA,FALSE,FALSE,0,FALSE,TRUE,TRUE,FALSE,FALSE
165,"A_threshold",0.6,3400,NA,TRUE,FALSE,0.447941176470588,FALSE,FALSE,TRUE,TRUE,FALSE
166,"A_threshold",0.6,NA,NA,FALSE,FALSE,0.132058823529412,FALSE,TRUE,TRUE,FALSE,FALSE
167,"A_threshold",0.6,1600,1600,TRUE,TRUE,0.400882352941176,FALSE,FALSE,FALSE,TRUE,TRUE
168,"A_threshold",0.6,NA,NA,FALSE,FALSE,0.313235294117647,FALSE,TRUE,TRUE,FALSE,FALSE
169,"A_threshold",0.6,NA,NA,FALSE,FALSE,0.256764705882353,FALSE,TRUE,TRUE,FALSE,FALSE
170,"A_threshold",0.6,1600,1600,TRUE,TRUE,0.517941176470588,TRUE,TRUE,TRUE,FALSE,FALSE
171,"A_threshold",0.6,1600,1600,TRUE,TRUE,0.405882352941176,FALSE,FALSE,FALSE,TRUE,TRUE
172,"A_threshold",0.6,3400,3400,TRUE,TRUE,0.478823529411765,FALSE,FALSE,FALSE,TRUE,TRUE
173,"A_threshold",0.6,NA,NA,FALSE,FALSE,0.00117647058823529,FALSE,TRUE,TRUE,FALSE,FALSE
174,"A_threshold",0.6,2200,3400,TRUE,TRUE,0.617941176470588,TRUE,TRUE,TRUE,FALSE,FALSE
175,"A_threshold",0.6,1600,1600,TRUE,TRUE,0.306470588235294,FALSE,FALSE,FALSE,TRUE,TRUE
176,"A_threshold",0.6,1600,1600,TRUE,TRUE,0.727058823529412,TRUE,TRUE,TRUE,FALSE,FALSE
177,"A_threshold",0.6,1600,2200,TRUE,TRUE,0.142647058823529,FALSE,FALSE,FALSE,TRUE,TRUE
178,"A_threshold",0.6,NA,NA,FALSE,FALSE,0.0929411764705882,FALSE,TRUE,TRUE,FALSE,FALSE
179,"A_threshold",0.6,NA,NA,FALSE,FALSE,0,FALSE,TRUE,TRUE,FALSE,FALSE
180,"A_threshold",0.6,NA,NA,FALSE,FALSE,0.314117647058824,FALSE,TRUE,TRUE,FALSE,FALSE
181,"A_threshold",0.6,NA,NA,FALSE,FALSE,0.0408823529411765,FALSE,TRUE,TRUE,FALSE,FALSE
182,"A_threshold",0.6,NA,NA,FALSE,FALSE,0.167058823529412,FALSE,TRUE,TRUE,FALSE,FALSE
183,"A_threshold",0.6,NA,NA,FALSE,FALSE,0.345882352941176,FALSE,TRUE,TRUE,FALSE,FALSE
184,"A_threshold",0.6,1600,NA,TRUE,FALSE,0.0161764705882353,FALSE,FALSE,TRUE,TRUE,FALSE
185,"A_threshold",0.6,NA,NA,FALSE,FALSE,0,FALSE,TRUE,TRUE,FALSE,FALSE
186,"A_threshold",0.6,NA,NA,FALSE,FALSE,0.234411764705882,FALSE,TRUE,TRUE,FALSE,FALSE
187,"A_threshold",0.6,NA,NA,FALSE,FALSE,0.0697058823529412,FALSE,TRUE,TRUE,FALSE,FALSE
188,"A_threshold",0.6,1600,1600,TRUE,TRUE,0.79,TRUE,TRUE,TRUE,FALSE,FALSE
189,"A_threshold",0.6,NA,NA,FALSE,FALSE,0.0270588235294118,FALSE,TRUE,TRUE,FALSE,FALSE
190,"A_threshold",0.6,2200,2800,TRUE,TRUE,0.317352941176471,FALSE,FALSE,FALSE,TRUE,TRUE
191,"A_threshold",0.6,NA,NA,FALSE,FALSE,0.0802941176470588,FALSE,TRUE,TRUE,FALSE,FALSE
192,"A_threshold",0.6,NA,NA,FALSE,FALSE,0.000294117647058824,FALSE,TRUE,TRUE,FALSE,FALSE
193,"A_threshold",0.6,NA,NA,FALSE,FALSE,0.0308823529411765,FALSE,TRUE,TRUE,FALSE,FALSE
194,"A_threshold",0.6,NA,NA,FALSE,FALSE,0.0664705882352941,FALSE,TRUE,TRUE,FALSE,FALSE
195,"A_threshold",0.6,1600,1600,TRUE,TRUE,0.694411764705882,TRUE,TRUE,TRUE,FALSE,FALSE
196,"A_threshold",0.6,NA,NA,FALSE,FALSE,0,FALSE,TRUE,TRUE,FALSE,FALSE
197,"A_threshold",0.6,1600,1600,TRUE,TRUE,0.717647058823529,TRUE,TRUE,TRUE,FALSE,FALSE
198,"A_threshold",0.6,NA,NA,FALSE,FALSE,0.0714705882352941,FALSE,TRUE,TRUE,FALSE,FALSE
199,"A_threshold",0.6,1600,1600,TRUE,TRUE,0.305882352941176,FALSE,FALSE,FALSE,TRUE,TRUE
200,"A_threshold",0.6,NA,NA,FALSE,FALSE,0.0841176470588235,FALSE,TRUE,TRUE,FALSE,FALSE
201,"A_threshold",0.6,NA,NA,FALSE,FALSE,0.0697058823529412,FALSE,TRUE,TRUE,FALSE,FALSE
202,"A_threshold",0.6,1600,1600,TRUE,TRUE,0.988529411764706,TRUE,TRUE,TRUE,FALSE,FALSE
203,"A_threshold",0.6,NA,NA,FALSE,FALSE,0.112941176470588,FALSE,TRUE,TRUE,FALSE,FALSE
204,"A_threshold",0.6,NA,NA,FALSE,FALSE,0,FALSE,TRUE,TRUE,FALSE,FALSE
205,"A_threshold",0.6,3400,NA,TRUE,FALSE,0.280882352941176,FALSE,FALSE,TRUE,TRUE,FALSE
206,"A_threshold",0.6,NA,NA,FALSE,FALSE,0.134705882352941,FALSE,TRUE,TRUE,FALSE,FALSE
207,"A_threshold",0.6,4000,NA,TRUE,FALSE,0.551176470588235,TRUE,TRUE,FALSE,FALSE,FALSE
208,"A_threshold",0.6,NA,NA,FALSE,FALSE,0.0585294117647059,FALSE,TRUE,TRUE,FALSE,FALSE
209,"A_threshold",0.6,2200,2200,TRUE,TRUE,0.289705882352941,FALSE,FALSE,FALSE,TRUE,TRUE
210,"A_threshold",0.6,NA,NA,FALSE,FALSE,0.184411764705882,FALSE,TRUE,TRUE,FALSE,FALSE
211,"A_threshold",0.6,NA,NA,FALSE,FALSE,0.129705882352941,FALSE,TRUE,TRUE,FALSE,FALSE
212,"A_threshold",0.6,NA,NA,FALSE,FALSE,0,FALSE,TRUE,TRUE,FALSE,FALSE
213,"A_threshold",0.6,NA,NA,FALSE,FALSE,0.309705882352941,FALSE,TRUE,TRUE,FALSE,FALSE
214,"A_threshold",0.6,NA,NA,FALSE,FALSE,0.0270588235294118,FALSE,TRUE,TRUE,FALSE,FALSE
215,"A_threshold",0.6,1600,1600,TRUE,TRUE,0.752352941176471,TRUE,TRUE,TRUE,FALSE,FALSE
216,"A_threshold",0.6,NA,NA,FALSE,FALSE,0.368823529411765,FALSE,TRUE,TRUE,FALSE,FALSE
217,"A_threshold",0.6,NA,NA,FALSE,FALSE,0,FALSE,TRUE,TRUE,FALSE,FALSE
218,"A_threshold",0.6,NA,NA,FALSE,FALSE,0.358823529411765,FALSE,TRUE,TRUE,FALSE,FALSE
219,"A_threshold",0.6,NA,NA,FALSE,FALSE,0.03,FALSE,TRUE,TRUE,FALSE,FALSE
220,"A_threshold",0.6,1600,1600,TRUE,TRUE,1,TRUE,TRUE,TRUE,FALSE,FALSE
221,"A_threshold",0.6,1600,1600,TRUE,TRUE,0.300294117647059,FALSE,FALSE,FALSE,TRUE,TRUE
222,"A_threshold",0.6,NA,NA,FALSE,FALSE,0.112647058823529,FALSE,TRUE,TRUE,FALSE,FALSE
223,"A_threshold",0.6,3400,4000,TRUE,TRUE,0.650294117647059,TRUE,TRUE,TRUE,FALSE,FALSE
224,"A_threshold",0.6,2200,2200,TRUE,TRUE,0,FALSE,FALSE,FALSE,TRUE,TRUE
225,"A_threshold",0.6,1600,1600,TRUE,TRUE,0.722352941176471,TRUE,TRUE,TRUE,FALSE,FALSE
226,"A_threshold",0.6,1600,1600,TRUE,TRUE,0.345294117647059,FALSE,FALSE,FALSE,TRUE,TRUE
227,"A_threshold",0.6,1600,1600,TRUE,TRUE,0.552647058823529,TRUE,TRUE,TRUE,FALSE,FALSE
228,"A_threshold",0.6,NA,NA,FALSE,FALSE,0.430882352941176,FALSE,TRUE,TRUE,FALSE,FALSE
229,"A_threshold",0.6,1600,1600,TRUE,TRUE,0.430294117647059,FALSE,FALSE,FALSE,TRUE,TRUE
230,"A_threshold",0.6,NA,NA,FALSE,FALSE,0.00382352941176471,FALSE,TRUE,TRUE,FALSE,FALSE
231,"A_threshold",0.6,1600,1600,TRUE,TRUE,0.855,TRUE,TRUE,TRUE,FALSE,FALSE
232,"A_threshold",0.6,NA,NA,FALSE,FALSE,0.194411764705882,FALSE,TRUE,TRUE,FALSE,FALSE
233,"A_threshold",0.6,NA,NA,FALSE,FALSE,0.0838235294117647,FALSE,TRUE,TRUE,FALSE,FALSE
234,"A_threshold",0.6,1600,NA,TRUE,FALSE,0.0694117647058824,FALSE,FALSE,TRUE,TRUE,FALSE
235,"A_threshold",0.6,NA,NA,FALSE,FALSE,0.190882352941176,FALSE,TRUE,TRUE,FALSE,FALSE
236,"A_threshold",0.6,2200,2800,TRUE,TRUE,0.895588235294118,TRUE,TRUE,TRUE,FALSE,FALSE
237,"A_threshold",0.6,1600,1600,TRUE,TRUE,0.846176470588235,TRUE,TRUE,TRUE,FALSE,FALSE
238,"A_threshold",0.6,NA,NA,FALSE,FALSE,0.123235294117647,FALSE,TRUE,TRUE,FALSE,FALSE
239,"A_threshold",0.6,NA,NA,FALSE,FALSE,0.289411764705882,FALSE,TRUE,TRUE,FALSE,FALSE
240,"A_threshold",0.6,NA,NA,FALSE,FALSE,0.383823529411765,FALSE,TRUE,TRUE,FALSE,FALSE
241,"A_threshold",0.6,NA,NA,FALSE,FALSE,0.210294117647059,FALSE,TRUE,TRUE,FALSE,FALSE
242,"A_threshold",0.6,NA,NA,FALSE,FALSE,0.358529411764706,FALSE,TRUE,TRUE,FALSE,FALSE
243,"A_threshold",0.6,NA,NA,FALSE,FALSE,0.304411764705882,FALSE,TRUE,TRUE,FALSE,FALSE
244,"A_threshold",0.6,NA,NA,FALSE,FALSE,0.0620588235294118,FALSE,TRUE,TRUE,FALSE,FALSE
245,"A_threshold",0.6,NA,NA,FALSE,FALSE,0.147647058823529,FALSE,TRUE,TRUE,FALSE,FALSE
246,"A_threshold",0.6,1600,1600,TRUE,TRUE,0.711176470588235,TRUE,TRUE,TRUE,FALSE,FALSE
247,"A_threshold",0.6,NA,NA,FALSE,FALSE,0.119411764705882,FALSE,TRUE,TRUE,FALSE,FALSE
248,"A_threshold",0.6,2200,2200,TRUE,TRUE,0.265588235294118,FALSE,FALSE,FALSE,TRUE,TRUE
249,"A_threshold",0.6,3400,4000,TRUE,TRUE,0.696470588235294,TRUE,TRUE,TRUE,FALSE,FALSE
250,"A_threshold",0.6,1600,1600,TRUE,TRUE,0.657058823529412,TRUE,TRUE,TRUE,FALSE,FALSE
251,"A_threshold",0.6,NA,NA,FALSE,FALSE,0.0164705882352941,FALSE,TRUE,TRUE,FALSE,FALSE
252,"A_threshold",0.6,NA,NA,FALSE,FALSE,0.238529411764706,FALSE,TRUE,TRUE,FALSE,FALSE
253,"A_threshold",0.6,3400,4000,TRUE,TRUE,1,TRUE,TRUE,TRUE,FALSE,FALSE
254,"A_threshold",0.6,NA,NA,FALSE,FALSE,0.0791176470588235,FALSE,TRUE,TRUE,FALSE,FALSE
255,"A_threshold",0.6,1600,1600,TRUE,TRUE,0.468529411764706,FALSE,FALSE,FALSE,TRUE,TRUE
256,"A_threshold",0.6,2200,2800,TRUE,TRUE,0.679411764705882,TRUE,TRUE,TRUE,FALSE,FALSE
257,"A_threshold",0.6,1600,1600,TRUE,TRUE,0.260588235294118,FALSE,FALSE,FALSE,TRUE,TRUE
258,"A_threshold",0.6,2800,2800,TRUE,TRUE,0.45,FALSE,FALSE,FALSE,TRUE,TRUE
259,"A_threshold",0.6,4000,4000,TRUE,TRUE,0.529705882352941,TRUE,TRUE,TRUE,FALSE,FALSE
260,"A_threshold",0.6,NA,NA,FALSE,FALSE,0.115588235294118,FALSE,TRUE,TRUE,FALSE,FALSE
261,"A_threshold",0.6,NA,NA,FALSE,FALSE,0.167352941176471,FALSE,TRUE,TRUE,FALSE,FALSE
262,"A_threshold",0.6,1600,1600,TRUE,TRUE,1,TRUE,TRUE,TRUE,FALSE,FALSE
263,"A_threshold",0.6,NA,NA,FALSE,FALSE,0,FALSE,TRUE,TRUE,FALSE,FALSE
264,"A_threshold",0.6,NA,NA,FALSE,FALSE,0.310294117647059,FALSE,TRUE,TRUE,FALSE,FALSE
265,"A_threshold",0.6,1600,1600,TRUE,TRUE,0.85,TRUE,TRUE,TRUE,FALSE,FALSE
266,"A_threshold",0.6,3400,3400,TRUE,TRUE,0.571176470588235,TRUE,TRUE,TRUE,FALSE,FALSE
267,"A_threshold",0.6,NA,NA,FALSE,FALSE,0.399411764705882,FALSE,TRUE,TRUE,FALSE,FALSE
268,"A_threshold",0.6,NA,NA,FALSE,FALSE,0.0120588235294118,FALSE,TRUE,TRUE,FALSE,FALSE
269,"A_threshold",0.6,1600,NA,TRUE,FALSE,0,FALSE,FALSE,TRUE,TRUE,FALSE
270,"A_threshold",0.6,2200,3400,TRUE,TRUE,0.406470588235294,FALSE,FALSE,FALSE,TRUE,TRUE
271,"A_threshold",0.6,2800,2800,TRUE,TRUE,0.527058823529412,TRUE,TRUE,TRUE,FALSE,FALSE
272,"A_threshold",0.6,NA,NA,FALSE,FALSE,0.262941176470588,FALSE,TRUE,TRUE,FALSE,FALSE
273,"A_threshold",0.6,NA,NA,FALSE,FALSE,0,FALSE,TRUE,TRUE,FALSE,FALSE
274,"A_threshold",0.6,NA,NA,FALSE,FALSE,0.155588235294118,FALSE,TRUE,TRUE,FALSE,FALSE
275,"A_threshold",0.6,NA,NA,FALSE,FALSE,0.347647058823529,FALSE,TRUE,TRUE,FALSE,FALSE
276,"A_threshold",0.6,NA,NA,FALSE,FALSE,0.397058823529412,FALSE,TRUE,TRUE,FALSE,FALSE
277,"A_threshold",0.6,2200,2200,TRUE,TRUE,0.609705882352941,TRUE,TRUE,TRUE,FALSE,FALSE
278,"A_threshold",0.6,NA,NA,FALSE,FALSE,0,FALSE,TRUE,TRUE,FALSE,FALSE
279,"A_threshold",0.6,1600,1600,TRUE,TRUE,0.496764705882353,FALSE,FALSE,FALSE,TRUE,TRUE
280,"A_threshold",0.6,NA,NA,FALSE,FALSE,0,FALSE,TRUE,TRUE,FALSE,FALSE
281,"A_threshold",0.6,NA,NA,FALSE,FALSE,0,FALSE,TRUE,TRUE,FALSE,FALSE
282,"A_threshold",0.6,NA,NA,FALSE,FALSE,0,FALSE,TRUE,TRUE,FALSE,FALSE
283,"A_threshold",0.6,2200,2200,TRUE,TRUE,0.687352941176471,TRUE,TRUE,TRUE,FALSE,FALSE
284,"A_threshold",0.6,NA,NA,FALSE,FALSE,0.075,FALSE,TRUE,TRUE,FALSE,FALSE
285,"A_threshold",0.6,NA,NA,FALSE,FALSE,0,FALSE,TRUE,TRUE,FALSE,FALSE
286,"A_threshold",0.6,NA,NA,FALSE,FALSE,0,FALSE,TRUE,TRUE,FALSE,FALSE
287,"A_threshold",0.6,NA,NA,FALSE,FALSE,0,FALSE,TRUE,TRUE,FALSE,FALSE
288,"A_threshold",0.6,NA,NA,FALSE,FALSE,0.257352941176471,FALSE,TRUE,TRUE,FALSE,FALSE
289,"A_threshold",0.6,NA,NA,FALSE,FALSE,0.242647058823529,FALSE,TRUE,TRUE,FALSE,FALSE
290,"A_threshold",0.6,NA,NA,FALSE,FALSE,0,FALSE,TRUE,TRUE,FALSE,FALSE
291,"A_threshold",0.6,NA,NA,FALSE,FALSE,0.12,FALSE,TRUE,TRUE,FALSE,FALSE
292,"A_threshold",0.6,NA,NA,FALSE,FALSE,0.196764705882353,FALSE,TRUE,TRUE,FALSE,FALSE
293,"A_threshold",0.6,3400,NA,TRUE,FALSE,0.442941176470588,FALSE,FALSE,TRUE,TRUE,FALSE
294,"A_threshold",0.6,NA,NA,FALSE,FALSE,0.0926470588235294,FALSE,TRUE,TRUE,FALSE,FALSE
295,"A_threshold",0.6,NA,NA,FALSE,FALSE,0.0176470588235294,FALSE,TRUE,TRUE,FALSE,FALSE
296,"A_threshold",0.6,1600,2200,TRUE,TRUE,0.862941176470588,TRUE,TRUE,TRUE,FALSE,FALSE
297,"A_threshold",0.6,2200,2200,TRUE,TRUE,0.417647058823529,FALSE,FALSE,FALSE,TRUE,TRUE
298,"A_threshold",0.6,NA,NA,FALSE,FALSE,0.184411764705882,FALSE,TRUE,TRUE,FALSE,FALSE
299,"A_threshold",0.6,NA,NA,FALSE,FALSE,0,FALSE,TRUE,TRUE,FALSE,FALSE
300,"A_threshold",0.6,3400,NA,TRUE,FALSE,0.868529411764706,TRUE,TRUE,FALSE,FALSE,FALSE
301,"A_threshold",0.6,3400,NA,TRUE,FALSE,0.450588235294118,FALSE,FALSE,TRUE,TRUE,FALSE
302,"A_threshold",0.6,1600,2200,TRUE,TRUE,0.312647058823529,FALSE,FALSE,FALSE,TRUE,TRUE
303,"A_threshold",0.6,NA,NA,FALSE,FALSE,0.201176470588235,FALSE,TRUE,TRUE,FALSE,FALSE
304,"A_threshold",0.6,NA,NA,FALSE,FALSE,0.00470588235294118,FALSE,TRUE,TRUE,FALSE,FALSE
305,"A_threshold",0.6,NA,NA,FALSE,FALSE,0.140882352941176,FALSE,TRUE,TRUE,FALSE,FALSE
306,"A_threshold",0.6,1600,2200,TRUE,TRUE,0.357941176470588,FALSE,FALSE,FALSE,TRUE,TRUE
307,"A_threshold",0.6,1600,NA,TRUE,FALSE,0.343529411764706,FALSE,FALSE,TRUE,TRUE,FALSE
308,"A_threshold",0.6,2800,4000,TRUE,TRUE,0.692647058823529,TRUE,TRUE,TRUE,FALSE,FALSE
309,"A_threshold",0.6,2800,2800,TRUE,TRUE,0.375882352941176,FALSE,FALSE,FALSE,TRUE,TRUE
310,"A_threshold",0.6,NA,NA,FALSE,FALSE,0,FALSE,TRUE,TRUE,FALSE,FALSE
311,"A_threshold",0.6,NA,NA,FALSE,FALSE,0.383235294117647,FALSE,TRUE,TRUE,FALSE,FALSE
312,"A_threshold",0.6,NA,NA,FALSE,FALSE,0.0361764705882353,FALSE,TRUE,TRUE,FALSE,FALSE
313,"A_threshold",0.6,NA,NA,FALSE,FALSE,0,FALSE,TRUE,TRUE,FALSE,FALSE
314,"A_threshold",0.6,NA,NA,FALSE,FALSE,0.195,FALSE,TRUE,TRUE,FALSE,FALSE
315,"A_threshold",0.6,NA,NA,FALSE,FALSE,0.371764705882353,FALSE,TRUE,TRUE,FALSE,FALSE
316,"A_threshold",0.6,1600,1600,TRUE,TRUE,0.410882352941176,FALSE,FALSE,FALSE,TRUE,TRUE
317,"A_threshold",0.6,NA,NA,FALSE,FALSE,0.175294117647059,FALSE,TRUE,TRUE,FALSE,FALSE
318,"A_threshold",0.6,NA,NA,FALSE,FALSE,0.351176470588235,FALSE,TRUE,TRUE,FALSE,FALSE
319,"A_threshold",0.6,NA,NA,FALSE,FALSE,0.000294117647058824,FALSE,TRUE,TRUE,FALSE,FALSE
320,"A_threshold",0.6,1600,1600,TRUE,TRUE,0.961470588235294,TRUE,TRUE,TRUE,FALSE,FALSE
321,"A_threshold",0.6,NA,NA,FALSE,FALSE,0.0197058823529412,FALSE,TRUE,TRUE,FALSE,FALSE
322,"A_threshold",0.6,NA,NA,FALSE,FALSE,0.393529411764706,FALSE,TRUE,TRUE,FALSE,FALSE
323,"A_threshold",0.6,NA,NA,FALSE,FALSE,0.33,FALSE,TRUE,TRUE,FALSE,FALSE
324,"A_threshold",0.6,1600,2200,TRUE,TRUE,0.535882352941176,TRUE,TRUE,TRUE,FALSE,FALSE
325,"A_threshold",0.6,2800,NA,TRUE,FALSE,0,FALSE,FALSE,TRUE,TRUE,FALSE
326,"A_threshold",0.6,NA,NA,FALSE,FALSE,0.208823529411765,FALSE,TRUE,TRUE,FALSE,FALSE
327,"A_threshold",0.6,2800,NA,TRUE,FALSE,0.211470588235294,FALSE,FALSE,TRUE,TRUE,FALSE
328,"A_threshold",0.6,2200,2800,TRUE,TRUE,0.278235294117647,FALSE,FALSE,FALSE,TRUE,TRUE
329,"A_threshold",0.6,NA,NA,FALSE,FALSE,0.0220588235294118,FALSE,TRUE,TRUE,FALSE,FALSE
330,"A_threshold",0.6,NA,NA,FALSE,FALSE,0.178529411764706,FALSE,TRUE,TRUE,FALSE,FALSE
331,"A_threshold",0.6,1600,1600,TRUE,TRUE,0.592352941176471,TRUE,TRUE,TRUE,FALSE,FALSE
332,"A_threshold",0.6,NA,NA,FALSE,FALSE,0.04,FALSE,TRUE,TRUE,FALSE,FALSE
333,"A_threshold",0.6,1600,1600,TRUE,TRUE,0.00117647058823529,FALSE,FALSE,FALSE,TRUE,TRUE
334,"A_threshold",0.6,NA,NA,FALSE,FALSE,0,FALSE,TRUE,TRUE,FALSE,FALSE
335,"A_threshold",0.6,NA,NA,FALSE,FALSE,0.281764705882353,FALSE,TRUE,TRUE,FALSE,FALSE
336,"A_threshold",0.6,NA,NA,FALSE,FALSE,0.000294117647058824,FALSE,TRUE,TRUE,FALSE,FALSE
337,"A_threshold",0.6,1600,1600,TRUE,TRUE,0.465294117647059,FALSE,FALSE,FALSE,TRUE,TRUE
338,"A_threshold",0.6,NA,NA,FALSE,FALSE,0.202352941176471,FALSE,TRUE,TRUE,FALSE,FALSE
339,"A_threshold",0.6,2200,2200,TRUE,TRUE,0.634705882352941,TRUE,TRUE,TRUE,FALSE,FALSE
340,"A_threshold",0.6,NA,NA,FALSE,FALSE,0,FALSE,TRUE,TRUE,FALSE,FALSE
341,"A_threshold",0.6,2200,2200,TRUE,TRUE,0.328529411764706,FALSE,FALSE,FALSE,TRUE,TRUE
342,"A_threshold",0.6,1600,1600,TRUE,TRUE,0.361764705882353,FALSE,FALSE,FALSE,TRUE,TRUE
343,"A_threshold",0.6,NA,NA,FALSE,FALSE,0.0320588235294118,FALSE,TRUE,TRUE,FALSE,FALSE
344,"A_threshold",0.6,2200,2200,TRUE,TRUE,0.230294117647059,FALSE,FALSE,FALSE,TRUE,TRUE
345,"A_threshold",0.6,NA,NA,FALSE,FALSE,0,FALSE,TRUE,TRUE,FALSE,FALSE
346,"A_threshold",0.6,NA,NA,FALSE,FALSE,0,FALSE,TRUE,TRUE,FALSE,FALSE
347,"A_threshold",0.6,1600,1600,TRUE,TRUE,0,FALSE,FALSE,FALSE,TRUE,TRUE
348,"A_threshold",0.6,NA,NA,FALSE,FALSE,0.378823529411765,FALSE,TRUE,TRUE,FALSE,FALSE
349,"A_threshold",0.6,1600,1600,TRUE,TRUE,0.341176470588235,FALSE,FALSE,FALSE,TRUE,TRUE
350,"A_threshold",0.6,1600,1600,TRUE,TRUE,0.942941176470588,TRUE,TRUE,TRUE,FALSE,FALSE
351,"A_threshold",0.6,2200,2200,TRUE,TRUE,0.719117647058824,TRUE,TRUE,TRUE,FALSE,FALSE
352,"A_threshold",0.6,NA,NA,FALSE,FALSE,0.101176470588235,FALSE,TRUE,TRUE,FALSE,FALSE
353,"A_threshold",0.6,NA,NA,FALSE,FALSE,0,FALSE,TRUE,TRUE,FALSE,FALSE
354,"A_threshold",0.6,NA,NA,FALSE,FALSE,0,FALSE,TRUE,TRUE,FALSE,FALSE
355,"A_threshold",0.6,NA,NA,FALSE,FALSE,0,FALSE,TRUE,TRUE,FALSE,FALSE
356,"A_threshold",0.6,NA,NA,FALSE,FALSE,0.358529411764706,FALSE,TRUE,TRUE,FALSE,FALSE
357,"A_threshold",0.6,NA,NA,FALSE,FALSE,0.035,FALSE,TRUE,TRUE,FALSE,FALSE
358,"A_threshold",0.6,1600,1600,TRUE,TRUE,0.234117647058824,FALSE,FALSE,FALSE,TRUE,TRUE
359,"A_threshold",0.6,NA,NA,FALSE,FALSE,0.00352941176470588,FALSE,TRUE,TRUE,FALSE,FALSE
360,"A_threshold",0.6,1600,1600,TRUE,TRUE,0.416176470588235,FALSE,FALSE,FALSE,TRUE,TRUE
361,"A_threshold",0.6,1600,1600,TRUE,TRUE,0.409117647058824,FALSE,FALSE,FALSE,TRUE,TRUE
362,"A_threshold",0.6,1600,1600,TRUE,TRUE,0.337058823529412,FALSE,FALSE,FALSE,TRUE,TRUE
363,"A_threshold",0.6,1600,2800,TRUE,TRUE,0.515,TRUE,TRUE,TRUE,FALSE,FALSE
364,"A_threshold",0.6,NA,NA,FALSE,FALSE,0.169117647058824,FALSE,TRUE,TRUE,FALSE,FALSE
365,"A_threshold",0.6,NA,NA,FALSE,FALSE,0.275,FALSE,TRUE,TRUE,FALSE,FALSE
366,"A_threshold",0.6,2200,2800,TRUE,TRUE,0.465882352941176,FALSE,FALSE,FALSE,TRUE,TRUE
367,"A_threshold",0.6,1600,1600,TRUE,TRUE,0.368823529411765,FALSE,FALSE,FALSE,TRUE,TRUE
368,"A_threshold",0.6,NA,NA,FALSE,FALSE,0.211176470588235,FALSE,TRUE,TRUE,FALSE,FALSE
369,"A_threshold",0.6,3400,NA,TRUE,FALSE,0.360588235294118,FALSE,FALSE,TRUE,TRUE,FALSE
370,"A_threshold",0.6,NA,NA,FALSE,FALSE,0.177058823529412,FALSE,TRUE,TRUE,FALSE,FALSE
371,"A_threshold",0.6,NA,NA,FALSE,FALSE,0.297941176470588,FALSE,TRUE,TRUE,FALSE,FALSE
372,"A_threshold",0.6,2200,2200,TRUE,TRUE,0.537352941176471,TRUE,TRUE,TRUE,FALSE,FALSE
373,"A_threshold",0.6,NA,NA,FALSE,FALSE,0,FALSE,TRUE,TRUE,FALSE,FALSE
374,"A_threshold",0.6,1600,1600,TRUE,TRUE,0.294411764705882,FALSE,FALSE,FALSE,TRUE,TRUE
375,"A_threshold",0.6,1600,2200,TRUE,TRUE,0.326764705882353,FALSE,FALSE,FALSE,TRUE,TRUE
376,"A_threshold",0.6,NA,NA,FALSE,FALSE,0,FALSE,TRUE,TRUE,FALSE,FALSE
377,"A_threshold",0.6,NA,NA,FALSE,FALSE,0.0123529411764706,FALSE,TRUE,TRUE,FALSE,FALSE
378,"A_threshold",0.6,NA,NA,FALSE,FALSE,0.211176470588235,FALSE,TRUE,TRUE,FALSE,FALSE
379,"A_threshold",0.6,NA,NA,FALSE,FALSE,0.07,FALSE,TRUE,TRUE,FALSE,FALSE
380,"A_threshold",0.6,1600,1600,TRUE,TRUE,0.708823529411765,TRUE,TRUE,TRUE,FALSE,FALSE
381,"A_threshold",0.6,1600,1600,TRUE,TRUE,0.122058823529412,FALSE,FALSE,FALSE,TRUE,TRUE
382,"A_threshold",0.6,1600,1600,TRUE,TRUE,0.310588235294118,FALSE,FALSE,FALSE,TRUE,TRUE
383,"A_threshold",0.6,NA,NA,FALSE,FALSE,0.0179411764705882,FALSE,TRUE,TRUE,FALSE,FALSE
384,"A_threshold",0.6,NA,NA,FALSE,FALSE,0.371470588235294,FALSE,TRUE,TRUE,FALSE,FALSE
385,"A_threshold",0.6,NA,NA,FALSE,FALSE,0.158529411764706,FALSE,TRUE,TRUE,FALSE,FALSE
386,"A_threshold",0.6,NA,NA,FALSE,FALSE,0.00205882352941176,FALSE,TRUE,TRUE,FALSE,FALSE
387,"A_threshold",0.6,1600,1600,TRUE,TRUE,0.580588235294118,TRUE,TRUE,TRUE,FALSE,FALSE
388,"A_threshold",0.6,NA,NA,FALSE,FALSE,0.421470588235294,FALSE,TRUE,TRUE,FALSE,FALSE
389,"A_threshold",0.6,NA,NA,FALSE,FALSE,0.399411764705882,FALSE,TRUE,TRUE,FALSE,FALSE
390,"A_threshold",0.6,1600,1600,TRUE,TRUE,0.251470588235294,FALSE,FALSE,FALSE,TRUE,TRUE
391,"A_threshold",0.6,NA,NA,FALSE,FALSE,0.314117647058824,FALSE,TRUE,TRUE,FALSE,FALSE
392,"A_threshold",0.6,1600,1600,TRUE,TRUE,0.559411764705882,TRUE,TRUE,TRUE,FALSE,FALSE
393,"A_threshold",0.6,NA,NA,FALSE,FALSE,0.179411764705882,FALSE,TRUE,TRUE,FALSE,FALSE
394,"A_threshold",0.6,1600,1600,TRUE,TRUE,0.513235294117647,TRUE,TRUE,TRUE,FALSE,FALSE
395,"A_threshold",0.6,1600,1600,TRUE,TRUE,0.424705882352941,FALSE,FALSE,FALSE,TRUE,TRUE
396,"A_threshold",0.6,2800,2800,TRUE,TRUE,0.513235294117647,TRUE,TRUE,TRUE,FALSE,FALSE
397,"A_threshold",0.6,NA,NA,FALSE,FALSE,0.11,FALSE,TRUE,TRUE,FALSE,FALSE
398,"A_threshold",0.6,NA,NA,FALSE,FALSE,0.0738235294117647,FALSE,TRUE,TRUE,FALSE,FALSE
399,"A_threshold",0.6,NA,NA,FALSE,FALSE,0.0717647058823529,FALSE,TRUE,TRUE,FALSE,FALSE
400,"A_threshold",0.6,NA,NA,FALSE,FALSE,0.0535294117647059,FALSE,TRUE,TRUE,FALSE,FALSE
401,"A_threshold",0.6,NA,NA,FALSE,FALSE,0.00117647058823529,FALSE,TRUE,TRUE,FALSE,FALSE
402,"A_threshold",0.6,2200,2200,TRUE,TRUE,0.632058823529412,TRUE,TRUE,TRUE,FALSE,FALSE
403,"A_threshold",0.6,NA,NA,FALSE,FALSE,0.290588235294118,FALSE,TRUE,TRUE,FALSE,FALSE
404,"A_threshold",0.6,1600,NA,TRUE,FALSE,0.0208823529411765,FALSE,FALSE,TRUE,TRUE,FALSE
405,"A_threshold",0.6,NA,NA,FALSE,FALSE,0.245588235294118,FALSE,TRUE,TRUE,FALSE,FALSE
406,"A_threshold",0.6,NA,NA,FALSE,FALSE,0.226470588235294,FALSE,TRUE,TRUE,FALSE,FALSE
407,"A_threshold",0.6,NA,NA,FALSE,FALSE,0.0617647058823529,FALSE,TRUE,TRUE,FALSE,FALSE
408,"A_threshold",0.6,NA,NA,FALSE,FALSE,0,FALSE,TRUE,TRUE,FALSE,FALSE
409,"A_threshold",0.6,1600,1600,TRUE,TRUE,0.555882352941176,TRUE,TRUE,TRUE,FALSE,FALSE
410,"A_threshold",0.6,1600,1600,TRUE,TRUE,1,TRUE,TRUE,TRUE,FALSE,FALSE
411,"A_threshold",0.6,1600,1600,TRUE,TRUE,0.321176470588235,FALSE,FALSE,FALSE,TRUE,TRUE
412,"A_threshold",0.6,1600,2200,TRUE,TRUE,0.0808823529411765,FALSE,FALSE,FALSE,TRUE,TRUE
413,"A_threshold",0.6,1600,1600,TRUE,TRUE,0.634705882352941,TRUE,TRUE,TRUE,FALSE,FALSE
414,"A_threshold",0.6,2800,3400,TRUE,TRUE,0.607647058823529,TRUE,TRUE,TRUE,FALSE,FALSE
415,"A_threshold",0.6,NA,NA,FALSE,FALSE,0.0341176470588235,FALSE,TRUE,TRUE,FALSE,FALSE
416,"A_threshold",0.6,NA,NA,FALSE,FALSE,0.469705882352941,FALSE,TRUE,TRUE,FALSE,FALSE
417,"A_threshold",0.6,1600,1600,TRUE,TRUE,0.366764705882353,FALSE,FALSE,FALSE,TRUE,TRUE
418,"A_threshold",0.6,NA,NA,FALSE,FALSE,0.498823529411765,FALSE,TRUE,TRUE,FALSE,FALSE
419,"A_threshold",0.6,NA,NA,FALSE,FALSE,0,FALSE,TRUE,TRUE,FALSE,FALSE
420,"A_threshold",0.6,NA,NA,FALSE,FALSE,0.0873529411764706,FALSE,TRUE,TRUE,FALSE,FALSE
421,"A_threshold",0.6,NA,NA,FALSE,FALSE,0.463529411764706,FALSE,TRUE,TRUE,FALSE,FALSE
422,"A_threshold",0.6,NA,NA,FALSE,FALSE,0.130882352941176,FALSE,TRUE,TRUE,FALSE,FALSE
423,"A_threshold",0.6,2800,NA,TRUE,FALSE,0.0532352941176471,FALSE,FALSE,TRUE,TRUE,FALSE
424,"A_threshold",0.6,NA,NA,FALSE,FALSE,0,FALSE,TRUE,TRUE,FALSE,FALSE
425,"A_threshold",0.6,NA,NA,FALSE,FALSE,0.235294117647059,FALSE,TRUE,TRUE,FALSE,FALSE
426,"A_threshold",0.6,NA,NA,FALSE,FALSE,0.208529411764706,FALSE,TRUE,TRUE,FALSE,FALSE
427,"A_threshold",0.6,NA,NA,FALSE,FALSE,0.348529411764706,FALSE,TRUE,TRUE,FALSE,FALSE
428,"A_threshold",0.6,NA,NA,FALSE,FALSE,0.0161764705882353,FALSE,TRUE,TRUE,FALSE,FALSE
429,"A_threshold",0.6,NA,NA,FALSE,FALSE,0.24,FALSE,TRUE,TRUE,FALSE,FALSE
430,"A_threshold",0.6,2800,2800,TRUE,TRUE,0.376176470588235,FALSE,FALSE,FALSE,TRUE,TRUE
431,"A_threshold",0.6,NA,NA,FALSE,FALSE,0,FALSE,TRUE,TRUE,FALSE,FALSE
432,"A_threshold",0.6,4000,NA,TRUE,FALSE,0.758823529411765,TRUE,TRUE,FALSE,FALSE,FALSE
433,"A_threshold",0.6,1600,1600,TRUE,TRUE,0.722058823529412,TRUE,TRUE,TRUE,FALSE,FALSE
434,"A_threshold",0.6,NA,NA,FALSE,FALSE,0.374411764705882,FALSE,TRUE,TRUE,FALSE,FALSE
435,"A_threshold",0.6,NA,NA,FALSE,FALSE,0,FALSE,TRUE,TRUE,FALSE,FALSE
436,"A_threshold",0.6,NA,NA,FALSE,FALSE,0.290588235294118,FALSE,TRUE,TRUE,FALSE,FALSE
437,"A_threshold",0.6,NA,NA,FALSE,FALSE,0.0247058823529412,FALSE,TRUE,TRUE,FALSE,FALSE
438,"A_threshold",0.6,NA,NA,FALSE,FALSE,0.31,FALSE,TRUE,TRUE,FALSE,FALSE
439,"A_threshold",0.6,2200,2200,TRUE,TRUE,0.492647058823529,FALSE,FALSE,FALSE,TRUE,TRUE
440,"A_threshold",0.6,NA,NA,FALSE,FALSE,0,FALSE,TRUE,TRUE,FALSE,FALSE
441,"A_threshold",0.6,NA,NA,FALSE,FALSE,0.240882352941176,FALSE,TRUE,TRUE,FALSE,FALSE
442,"A_threshold",0.6,2200,2800,TRUE,TRUE,0.880588235294118,TRUE,TRUE,TRUE,FALSE,FALSE
443,"A_threshold",0.6,NA,NA,FALSE,FALSE,0,FALSE,TRUE,TRUE,FALSE,FALSE
444,"A_threshold",0.6,1600,1600,TRUE,TRUE,0.206470588235294,FALSE,FALSE,FALSE,TRUE,TRUE
445,"A_threshold",0.6,NA,NA,FALSE,FALSE,0.294411764705882,FALSE,TRUE,TRUE,FALSE,FALSE
446,"A_threshold",0.6,1600,1600,TRUE,TRUE,0.660882352941176,TRUE,TRUE,TRUE,FALSE,FALSE
447,"A_threshold",0.6,1600,1600,TRUE,TRUE,0.750294117647059,TRUE,TRUE,TRUE,FALSE,FALSE
448,"A_threshold",0.6,NA,NA,FALSE,FALSE,0.0264705882352941,FALSE,TRUE,TRUE,FALSE,FALSE
449,"A_threshold",0.6,1600,1600,TRUE,TRUE,1,TRUE,TRUE,TRUE,FALSE,FALSE
450,"A_threshold",0.6,NA,NA,FALSE,FALSE,0.242941176470588,FALSE,TRUE,TRUE,FALSE,FALSE
451,"A_threshold",0.6,NA,NA,FALSE,FALSE,0.0576470588235294,FALSE,TRUE,TRUE,FALSE,FALSE
452,"A_threshold",0.6,NA,NA,FALSE,FALSE,0.105294117647059,FALSE,TRUE,TRUE,FALSE,FALSE
453,"A_threshold",0.6,2200,NA,TRUE,FALSE,0.342352941176471,FALSE,FALSE,TRUE,TRUE,FALSE
454,"A_threshold",0.6,NA,NA,FALSE,FALSE,0,FALSE,TRUE,TRUE,FALSE,FALSE
455,"A_threshold",0.6,NA,NA,FALSE,FALSE,0.472647058823529,FALSE,TRUE,TRUE,FALSE,FALSE
456,"A_threshold",0.6,NA,NA,FALSE,FALSE,0,FALSE,TRUE,TRUE,FALSE,FALSE
457,"A_threshold",0.6,NA,NA,FALSE,FALSE,0.00588235294117647,FALSE,TRUE,TRUE,FALSE,FALSE
458,"A_threshold",0.6,1600,2200,TRUE,TRUE,0.689705882352941,TRUE,TRUE,TRUE,FALSE,FALSE
459,"A_threshold",0.6,1600,1600,TRUE,TRUE,0.148823529411765,FALSE,FALSE,FALSE,TRUE,TRUE
460,"A_threshold",0.6,NA,NA,FALSE,FALSE,0,FALSE,TRUE,TRUE,FALSE,FALSE
461,"A_threshold",0.6,NA,NA,FALSE,FALSE,0.00205882352941176,FALSE,TRUE,TRUE,FALSE,FALSE
462,"A_threshold",0.6,NA,NA,FALSE,FALSE,0.212352941176471,FALSE,TRUE,TRUE,FALSE,FALSE
463,"A_threshold",0.6,NA,NA,FALSE,FALSE,0,FALSE,TRUE,TRUE,FALSE,FALSE
464,"A_threshold",0.6,NA,NA,FALSE,FALSE,0.0561764705882353,FALSE,TRUE,TRUE,FALSE,FALSE
465,"A_threshold",0.6,NA,NA,FALSE,FALSE,0.0229411764705882,FALSE,TRUE,TRUE,FALSE,FALSE
466,"A_threshold",0.6,NA,NA,FALSE,FALSE,0.276764705882353,FALSE,TRUE,TRUE,FALSE,FALSE
467,"A_threshold",0.6,NA,NA,FALSE,FALSE,0.0555882352941176,FALSE,TRUE,TRUE,FALSE,FALSE
468,"A_threshold",0.6,NA,NA,FALSE,FALSE,0.234705882352941,FALSE,TRUE,TRUE,FALSE,FALSE
469,"A_threshold",0.6,NA,NA,FALSE,FALSE,0.00117647058823529,FALSE,TRUE,TRUE,FALSE,FALSE
470,"A_threshold",0.6,NA,NA,FALSE,FALSE,0.0105882352941176,FALSE,TRUE,TRUE,FALSE,FALSE
471,"A_threshold",0.6,NA,NA,FALSE,FALSE,0.0958823529411765,FALSE,TRUE,TRUE,FALSE,FALSE
472,"A_threshold",0.6,NA,NA,FALSE,FALSE,0.365,FALSE,TRUE,TRUE,FALSE,FALSE
473,"A_threshold",0.6,NA,NA,FALSE,FALSE,0.194411764705882,FALSE,TRUE,TRUE,FALSE,FALSE
474,"A_threshold",0.6,1600,1600,TRUE,TRUE,0.0182352941176471,FALSE,FALSE,FALSE,TRUE,TRUE
475,"A_threshold",0.6,2200,2200,TRUE,TRUE,0.396470588235294,FALSE,FALSE,FALSE,TRUE,TRUE
476,"A_threshold",0.6,NA,NA,FALSE,FALSE,0.136470588235294,FALSE,TRUE,TRUE,FALSE,FALSE
477,"A_threshold",0.6,NA,NA,FALSE,FALSE,0,FALSE,TRUE,TRUE,FALSE,FALSE
478,"A_threshold",0.6,2200,2800,TRUE,TRUE,0.460294117647059,FALSE,FALSE,FALSE,TRUE,TRUE
479,"A_threshold",0.6,NA,NA,FALSE,FALSE,0.18,FALSE,TRUE,TRUE,FALSE,FALSE
480,"A_threshold",0.6,NA,NA,FALSE,FALSE,0.304411764705882,FALSE,TRUE,TRUE,FALSE,FALSE
481,"A_threshold",0.6,NA,NA,FALSE,FALSE,0.0444117647058824,FALSE,TRUE,TRUE,FALSE,FALSE
482,"A_threshold",0.6,1600,2200,TRUE,TRUE,0.553529411764706,TRUE,TRUE,TRUE,FALSE,FALSE
483,"A_threshold",0.6,NA,NA,FALSE,FALSE,0,FALSE,TRUE,TRUE,FALSE,FALSE
484,"A_threshold",0.6,NA,NA,FALSE,FALSE,0.0229411764705882,FALSE,TRUE,TRUE,FALSE,FALSE
485,"A_threshold",0.6,1600,1600,TRUE,TRUE,0.520882352941176,TRUE,TRUE,TRUE,FALSE,FALSE
486,"A_threshold",0.6,NA,NA,FALSE,FALSE,0.296764705882353,FALSE,TRUE,TRUE,FALSE,FALSE
487,"A_threshold",0.6,1600,1600,TRUE,TRUE,0.518235294117647,TRUE,TRUE,TRUE,FALSE,FALSE
488,"A_threshold",0.6,NA,NA,FALSE,FALSE,0.0844117647058824,FALSE,TRUE,TRUE,FALSE,FALSE
489,"A_threshold",0.6,NA,NA,FALSE,FALSE,0.157058823529412,FALSE,TRUE,TRUE,FALSE,FALSE
490,"A_threshold",0.6,NA,NA,FALSE,FALSE,0.226176470588235,FALSE,TRUE,TRUE,FALSE,FALSE
491,"A_threshold",0.6,NA,NA,FALSE,FALSE,0.0385294117647059,FALSE,TRUE,TRUE,FALSE,FALSE
492,"A_threshold",0.6,1600,1600,TRUE,TRUE,0.473823529411765,FALSE,FALSE,FALSE,TRUE,TRUE
493,"A_threshold",0.6,1600,1600,TRUE,TRUE,0.597647058823529,TRUE,TRUE,TRUE,FALSE,FALSE
494,"A_threshold",0.6,NA,NA,FALSE,FALSE,0.0988235294117647,FALSE,TRUE,TRUE,FALSE,FALSE
495,"A_threshold",0.6,1600,1600,TRUE,TRUE,0.000294117647058824,FALSE,FALSE,FALSE,TRUE,TRUE
496,"A_threshold",0.6,1600,1600,TRUE,TRUE,0.395294117647059,FALSE,FALSE,FALSE,TRUE,TRUE
497,"A_threshold",0.6,2200,2800,TRUE,TRUE,0.00676470588235294,FALSE,FALSE,FALSE,TRUE,TRUE
498,"A_threshold",0.6,NA,NA,FALSE,FALSE,0.356470588235294,FALSE,TRUE,TRUE,FALSE,FALSE
499,"A_threshold",0.6,NA,NA,FALSE,FALSE,0,FALSE,TRUE,TRUE,FALSE,FALSE
500,"A_threshold",0.6,1600,1600,TRUE,TRUE,0.200882352941176,FALSE,FALSE,FALSE,TRUE,TRUE
1,"B_smooth_logistic",0.6,1600,1600,TRUE,TRUE,0.813235294117647,TRUE,TRUE,TRUE,FALSE,FALSE
2,"B_smooth_logistic",0.6,1600,1600,TRUE,TRUE,1,TRUE,TRUE,TRUE,FALSE,FALSE
3,"B_smooth_logistic",0.6,1600,1600,TRUE,TRUE,1,TRUE,TRUE,TRUE,FALSE,FALSE
4,"B_smooth_logistic",0.6,1600,1600,TRUE,TRUE,0.694705882352941,TRUE,TRUE,TRUE,FALSE,FALSE
5,"B_smooth_logistic",0.6,1600,1600,TRUE,TRUE,0.839705882352941,TRUE,TRUE,TRUE,FALSE,FALSE
6,"B_smooth_logistic",0.6,1600,1600,TRUE,TRUE,0.779117647058824,TRUE,TRUE,TRUE,FALSE,FALSE
7,"B_smooth_logistic",0.6,2800,2800,TRUE,TRUE,0.573823529411765,TRUE,TRUE,TRUE,FALSE,FALSE
8,"B_smooth_logistic",0.6,3400,4000,TRUE,TRUE,0.653823529411765,TRUE,TRUE,TRUE,FALSE,FALSE
9,"B_smooth_logistic",0.6,1600,1600,TRUE,TRUE,0.924411764705882,TRUE,TRUE,TRUE,FALSE,FALSE
10,"B_smooth_logistic",0.6,1600,1600,TRUE,TRUE,1,TRUE,TRUE,TRUE,FALSE,FALSE
11,"B_smooth_logistic",0.6,1600,1600,TRUE,TRUE,0.898235294117647,TRUE,TRUE,TRUE,FALSE,FALSE
12,"B_smooth_logistic",0.6,3400,3400,TRUE,TRUE,0.587352941176471,TRUE,TRUE,TRUE,FALSE,FALSE
13,"B_smooth_logistic",0.6,1600,1600,TRUE,TRUE,0.852352941176471,TRUE,TRUE,TRUE,FALSE,FALSE
14,"B_smooth_logistic",0.6,1600,1600,TRUE,TRUE,0.623235294117647,TRUE,TRUE,TRUE,FALSE,FALSE
15,"B_smooth_logistic",0.6,1600,1600,TRUE,TRUE,0.945,TRUE,TRUE,TRUE,FALSE,FALSE
16,"B_smooth_logistic",0.6,1600,1600,TRUE,TRUE,1,TRUE,TRUE,TRUE,FALSE,FALSE
17,"B_smooth_logistic",0.6,1600,1600,TRUE,TRUE,0.734705882352941,TRUE,TRUE,TRUE,FALSE,FALSE
18,"B_smooth_logistic",0.6,1600,1600,TRUE,TRUE,0.882647058823529,TRUE,TRUE,TRUE,FALSE,FALSE
19,"B_smooth_logistic",0.6,1600,2200,TRUE,TRUE,1,TRUE,TRUE,TRUE,FALSE,FALSE
20,"B_smooth_logistic",0.6,1600,1600,TRUE,TRUE,0.770588235294118,TRUE,TRUE,TRUE,FALSE,FALSE
21,"B_smooth_logistic",0.6,1600,1600,TRUE,TRUE,1,TRUE,TRUE,TRUE,FALSE,FALSE
22,"B_smooth_logistic",0.6,2200,2800,TRUE,TRUE,0.746764705882353,TRUE,TRUE,TRUE,FALSE,FALSE
23,"B_smooth_logistic",0.6,3400,3400,TRUE,TRUE,0.784117647058823,TRUE,TRUE,TRUE,FALSE,FALSE
24,"B_smooth_logistic",0.6,1600,1600,TRUE,TRUE,1,TRUE,TRUE,TRUE,FALSE,FALSE
25,"B_smooth_logistic",0.6,1600,1600,TRUE,TRUE,1,TRUE,TRUE,TRUE,FALSE,FALSE
26,"B_smooth_logistic",0.6,1600,1600,TRUE,TRUE,1,TRUE,TRUE,TRUE,FALSE,FALSE
27,"B_smooth_logistic",0.6,1600,2800,TRUE,TRUE,1,TRUE,TRUE,TRUE,FALSE,FALSE
28,"B_smooth_logistic",0.6,1600,2200,TRUE,TRUE,1,TRUE,TRUE,TRUE,FALSE,FALSE
29,"B_smooth_logistic",0.6,1600,1600,TRUE,TRUE,1,TRUE,TRUE,TRUE,FALSE,FALSE
30,"B_smooth_logistic",0.6,1600,1600,TRUE,TRUE,0.841764705882353,TRUE,TRUE,TRUE,FALSE,FALSE
31,"B_smooth_logistic",0.6,2200,2200,TRUE,TRUE,0.434117647058824,FALSE,FALSE,FALSE,TRUE,TRUE
32,"B_smooth_logistic",0.6,1600,1600,TRUE,TRUE,0.972941176470588,TRUE,TRUE,TRUE,FALSE,FALSE
33,"B_smooth_logistic",0.6,1600,1600,TRUE,TRUE,0.772058823529412,TRUE,TRUE,TRUE,FALSE,FALSE
34,"B_smooth_logistic",0.6,1600,1600,TRUE,TRUE,0.643823529411765,TRUE,TRUE,TRUE,FALSE,FALSE
35,"B_smooth_logistic",0.6,2200,2200,TRUE,TRUE,0.585294117647059,TRUE,TRUE,TRUE,FALSE,FALSE
36,"B_smooth_logistic",0.6,1600,1600,TRUE,TRUE,1,TRUE,TRUE,TRUE,FALSE,FALSE
37,"B_smooth_logistic",0.6,1600,1600,TRUE,TRUE,0.718529411764706,TRUE,TRUE,TRUE,FALSE,FALSE
38,"B_smooth_logistic",0.6,1600,1600,TRUE,TRUE,1,TRUE,TRUE,TRUE,FALSE,FALSE
39,"B_smooth_logistic",0.6,1600,1600,TRUE,TRUE,0.644705882352941,TRUE,TRUE,TRUE,FALSE,FALSE
40,"B_smooth_logistic",0.6,1600,1600,TRUE,TRUE,1,TRUE,TRUE,TRUE,FALSE,FALSE
41,"B_smooth_logistic",0.6,1600,1600,TRUE,TRUE,0.545,TRUE,TRUE,TRUE,FALSE,FALSE
42,"B_smooth_logistic",0.6,2200,2200,TRUE,TRUE,0.630588235294118,TRUE,TRUE,TRUE,FALSE,FALSE
43,"B_smooth_logistic",0.6,1600,2200,TRUE,TRUE,0.818823529411765,TRUE,TRUE,TRUE,FALSE,FALSE
44,"B_smooth_logistic",0.6,1600,2200,TRUE,TRUE,0.958235294117647,TRUE,TRUE,TRUE,FALSE,FALSE
45,"B_smooth_logistic",0.6,1600,1600,TRUE,TRUE,1,TRUE,TRUE,TRUE,FALSE,FALSE
46,"B_smooth_logistic",0.6,1600,1600,TRUE,TRUE,0.655,TRUE,TRUE,TRUE,FALSE,FALSE
47,"B_smooth_logistic",0.6,1600,1600,TRUE,TRUE,0.791176470588235,TRUE,TRUE,TRUE,FALSE,FALSE
48,"B_smooth_logistic",0.6,1600,1600,TRUE,TRUE,1,TRUE,TRUE,TRUE,FALSE,FALSE
49,"B_smooth_logistic",0.6,2200,2800,TRUE,TRUE,0.675588235294118,TRUE,TRUE,TRUE,FALSE,FALSE
50,"B_smooth_logistic",0.6,1600,1600,TRUE,TRUE,1,TRUE,TRUE,TRUE,FALSE,FALSE
51,"B_smooth_logistic",0.6,1600,1600,TRUE,TRUE,0.497058823529412,FALSE,FALSE,FALSE,TRUE,TRUE
52,"B_smooth_logistic",0.6,1600,1600,TRUE,TRUE,1,TRUE,TRUE,TRUE,FALSE,FALSE
53,"B_smooth_logistic",0.6,NA,NA,FALSE,FALSE,0.469411764705882,FALSE,TRUE,TRUE,FALSE,FALSE
54,"B_smooth_logistic",0.6,1600,1600,TRUE,TRUE,0.669705882352941,TRUE,TRUE,TRUE,FALSE,FALSE
55,"B_smooth_logistic",0.6,1600,2800,TRUE,TRUE,0.626176470588235,TRUE,TRUE,TRUE,FALSE,FALSE
56,"B_smooth_logistic",0.6,1600,1600,TRUE,TRUE,0.851176470588235,TRUE,TRUE,TRUE,FALSE,FALSE
57,"B_smooth_logistic",0.6,1600,1600,TRUE,TRUE,0.642941176470588,TRUE,TRUE,TRUE,FALSE,FALSE
58,"B_smooth_logistic",0.6,1600,1600,TRUE,TRUE,1,TRUE,TRUE,TRUE,FALSE,FALSE
59,"B_smooth_logistic",0.6,2800,2800,TRUE,TRUE,0.994705882352941,TRUE,TRUE,TRUE,FALSE,FALSE
60,"B_smooth_logistic",0.6,1600,1600,TRUE,TRUE,1,TRUE,TRUE,TRUE,FALSE,FALSE
61,"B_smooth_logistic",0.6,1600,1600,TRUE,TRUE,0.898529411764706,TRUE,TRUE,TRUE,FALSE,FALSE
62,"B_smooth_logistic",0.6,1600,2200,TRUE,TRUE,0.749411764705882,TRUE,TRUE,TRUE,FALSE,FALSE
63,"B_smooth_logistic",0.6,1600,1600,TRUE,TRUE,0.875,TRUE,TRUE,TRUE,FALSE,FALSE
64,"B_smooth_logistic",0.6,1600,1600,TRUE,TRUE,0.865588235294118,TRUE,TRUE,TRUE,FALSE,FALSE
65,"B_smooth_logistic",0.6,1600,1600,TRUE,TRUE,0.749117647058824,TRUE,TRUE,TRUE,FALSE,FALSE
66,"B_smooth_logistic",0.6,4000,4000,TRUE,TRUE,0.540294117647059,TRUE,TRUE,TRUE,FALSE,FALSE
67,"B_smooth_logistic",0.6,1600,1600,TRUE,TRUE,0.892941176470588,TRUE,TRUE,TRUE,FALSE,FALSE
68,"B_smooth_logistic",0.6,1600,2200,TRUE,TRUE,1,TRUE,TRUE,TRUE,FALSE,FALSE
69,"B_smooth_logistic",0.6,1600,1600,TRUE,TRUE,0.605588235294118,TRUE,TRUE,TRUE,FALSE,FALSE
70,"B_smooth_logistic",0.6,1600,1600,TRUE,TRUE,1,TRUE,TRUE,TRUE,FALSE,FALSE
71,"B_smooth_logistic",0.6,1600,2200,TRUE,TRUE,0.682058823529412,TRUE,TRUE,TRUE,FALSE,FALSE
72,"B_smooth_logistic",0.6,1600,1600,TRUE,TRUE,0.726176470588235,TRUE,TRUE,TRUE,FALSE,FALSE
73,"B_smooth_logistic",0.6,1600,1600,TRUE,TRUE,0.636470588235294,TRUE,TRUE,TRUE,FALSE,FALSE
74,"B_smooth_logistic",0.6,1600,1600,TRUE,TRUE,0.894117647058824,TRUE,TRUE,TRUE,FALSE,FALSE
75,"B_smooth_logistic",0.6,1600,1600,TRUE,TRUE,0.656176470588235,TRUE,TRUE,TRUE,FALSE,FALSE
76,"B_smooth_logistic",0.6,2200,2200,TRUE,TRUE,0.547058823529412,TRUE,TRUE,TRUE,FALSE,FALSE
77,"B_smooth_logistic",0.6,1600,1600,TRUE,TRUE,0.998823529411765,TRUE,TRUE,TRUE,FALSE,FALSE
78,"B_smooth_logistic",0.6,1600,1600,TRUE,TRUE,0.762941176470588,TRUE,TRUE,TRUE,FALSE,FALSE
79,"B_smooth_logistic",0.6,1600,1600,TRUE,TRUE,1,TRUE,TRUE,TRUE,FALSE,FALSE
80,"B_smooth_logistic",0.6,1600,1600,TRUE,TRUE,0.737352941176471,TRUE,TRUE,TRUE,FALSE,FALSE
81,"B_smooth_logistic",0.6,1600,1600,TRUE,TRUE,1,TRUE,TRUE,TRUE,FALSE,FALSE
82,"B_smooth_logistic",0.6,1600,1600,TRUE,TRUE,1,TRUE,TRUE,TRUE,FALSE,FALSE
83,"B_smooth_logistic",0.6,1600,2800,TRUE,TRUE,1,TRUE,TRUE,TRUE,FALSE,FALSE
84,"B_smooth_logistic",0.6,1600,1600,TRUE,TRUE,0.890882352941176,TRUE,TRUE,TRUE,FALSE,FALSE
85,"B_smooth_logistic",0.6,1600,1600,TRUE,TRUE,0.921176470588235,TRUE,TRUE,TRUE,FALSE,FALSE
86,"B_smooth_logistic",0.6,1600,1600,TRUE,TRUE,1,TRUE,TRUE,TRUE,FALSE,FALSE
87,"B_smooth_logistic",0.6,1600,1600,TRUE,TRUE,1,TRUE,TRUE,TRUE,FALSE,FALSE
88,"B_smooth_logistic",0.6,1600,2200,TRUE,TRUE,0.807352941176471,TRUE,TRUE,TRUE,FALSE,FALSE
89,"B_smooth_logistic",0.6,1600,1600,TRUE,TRUE,1,TRUE,TRUE,TRUE,FALSE,FALSE
90,"B_smooth_logistic",0.6,1600,1600,TRUE,TRUE,0.828235294117647,TRUE,TRUE,TRUE,FALSE,FALSE
91,"B_smooth_logistic",0.6,1600,1600,TRUE,TRUE,0.763235294117647,TRUE,TRUE,TRUE,FALSE,FALSE
92,"B_smooth_logistic",0.6,1600,1600,TRUE,TRUE,1,TRUE,TRUE,TRUE,FALSE,FALSE
93,"B_smooth_logistic",0.6,1600,1600,TRUE,TRUE,0.885294117647059,TRUE,TRUE,TRUE,FALSE,FALSE
94,"B_smooth_logistic",0.6,1600,1600,TRUE,TRUE,1,TRUE,TRUE,TRUE,FALSE,FALSE
95,"B_smooth_logistic",0.6,1600,1600,TRUE,TRUE,1,TRUE,TRUE,TRUE,FALSE,FALSE
96,"B_smooth_logistic",0.6,1600,1600,TRUE,TRUE,1,TRUE,TRUE,TRUE,FALSE,FALSE
97,"B_smooth_logistic",0.6,1600,1600,TRUE,TRUE,0.634705882352941,TRUE,TRUE,TRUE,FALSE,FALSE
98,"B_smooth_logistic",0.6,1600,1600,TRUE,TRUE,0.931176470588235,TRUE,TRUE,TRUE,FALSE,FALSE
99,"B_smooth_logistic",0.6,1600,1600,TRUE,TRUE,1,TRUE,TRUE,TRUE,FALSE,FALSE
100,"B_smooth_logistic",0.6,1600,1600,TRUE,TRUE,0.902352941176471,TRUE,TRUE,TRUE,FALSE,FALSE
101,"B_smooth_logistic",0.6,1600,1600,TRUE,TRUE,1,TRUE,TRUE,TRUE,FALSE,FALSE
102,"B_smooth_logistic",0.6,1600,1600,TRUE,TRUE,0.840294117647059,TRUE,TRUE,TRUE,FALSE,FALSE
103,"B_smooth_logistic",0.6,1600,1600,TRUE,TRUE,0.958823529411765,TRUE,TRUE,TRUE,FALSE,FALSE
104,"B_smooth_logistic",0.6,1600,1600,TRUE,TRUE,0.854705882352941,TRUE,TRUE,TRUE,FALSE,FALSE
105,"B_smooth_logistic",0.6,1600,1600,TRUE,TRUE,0.862352941176471,TRUE,TRUE,TRUE,FALSE,FALSE
106,"B_smooth_logistic",0.6,1600,1600,TRUE,TRUE,0.755,TRUE,TRUE,TRUE,FALSE,FALSE
107,"B_smooth_logistic",0.6,1600,1600,TRUE,TRUE,0.644411764705882,TRUE,TRUE,TRUE,FALSE,FALSE
108,"B_smooth_logistic",0.6,1600,1600,TRUE,TRUE,1,TRUE,TRUE,TRUE,FALSE,FALSE
109,"B_smooth_logistic",0.6,1600,1600,TRUE,TRUE,1,TRUE,TRUE,TRUE,FALSE,FALSE
110,"B_smooth_logistic",0.6,1600,1600,TRUE,TRUE,0.681470588235294,TRUE,TRUE,TRUE,FALSE,FALSE
111,"B_smooth_logistic",0.6,1600,1600,TRUE,TRUE,0.888823529411765,TRUE,TRUE,TRUE,FALSE,FALSE
112,"B_smooth_logistic",0.6,1600,1600,TRUE,TRUE,0.72,TRUE,TRUE,TRUE,FALSE,FALSE
113,"B_smooth_logistic",0.6,1600,1600,TRUE,TRUE,1,TRUE,TRUE,TRUE,FALSE,FALSE
114,"B_smooth_logistic",0.6,1600,1600,TRUE,TRUE,1,TRUE,TRUE,TRUE,FALSE,FALSE
115,"B_smooth_logistic",0.6,1600,1600,TRUE,TRUE,0.800588235294118,TRUE,TRUE,TRUE,FALSE,FALSE
116,"B_smooth_logistic",0.6,1600,1600,TRUE,TRUE,1,TRUE,TRUE,TRUE,FALSE,FALSE
117,"B_smooth_logistic",0.6,1600,1600,TRUE,TRUE,1,TRUE,TRUE,TRUE,FALSE,FALSE
118,"B_smooth_logistic",0.6,1600,1600,TRUE,TRUE,1,TRUE,TRUE,TRUE,FALSE,FALSE
119,"B_smooth_logistic",0.6,1600,1600,TRUE,TRUE,0.830882352941177,TRUE,TRUE,TRUE,FALSE,FALSE
120,"B_smooth_logistic",0.6,1600,1600,TRUE,TRUE,0.695588235294118,TRUE,TRUE,TRUE,FALSE,FALSE
121,"B_smooth_logistic",0.6,1600,1600,TRUE,TRUE,1,TRUE,TRUE,TRUE,FALSE,FALSE
122,"B_smooth_logistic",0.6,2800,2800,TRUE,TRUE,0.691176470588235,TRUE,TRUE,TRUE,FALSE,FALSE
123,"B_smooth_logistic",0.6,1600,1600,TRUE,TRUE,0.680882352941176,TRUE,TRUE,TRUE,FALSE,FALSE
124,"B_smooth_logistic",0.6,1600,1600,TRUE,TRUE,0.762941176470588,TRUE,TRUE,TRUE,FALSE,FALSE
125,"B_smooth_logistic",0.6,1600,1600,TRUE,TRUE,0.716764705882353,TRUE,TRUE,TRUE,FALSE,FALSE
126,"B_smooth_logistic",0.6,1600,2200,TRUE,TRUE,0.742647058823529,TRUE,TRUE,TRUE,FALSE,FALSE
127,"B_smooth_logistic",0.6,1600,1600,TRUE,TRUE,0.881176470588235,TRUE,TRUE,TRUE,FALSE,FALSE
128,"B_smooth_logistic",0.6,2200,2800,TRUE,TRUE,1,TRUE,TRUE,TRUE,FALSE,FALSE
129,"B_smooth_logistic",0.6,1600,1600,TRUE,TRUE,1,TRUE,TRUE,TRUE,FALSE,FALSE
130,"B_smooth_logistic",0.6,1600,1600,TRUE,TRUE,0.667352941176471,TRUE,TRUE,TRUE,FALSE,FALSE
131,"B_smooth_logistic",0.6,2200,2200,TRUE,TRUE,0.633823529411765,TRUE,TRUE,TRUE,FALSE,FALSE
132,"B_smooth_logistic",0.6,1600,1600,TRUE,TRUE,1,TRUE,TRUE,TRUE,FALSE,FALSE
133,"B_smooth_logistic",0.6,1600,1600,TRUE,TRUE,0.606176470588235,TRUE,TRUE,TRUE,FALSE,FALSE
134,"B_smooth_logistic",0.6,1600,1600,TRUE,TRUE,0.748823529411765,TRUE,TRUE,TRUE,FALSE,FALSE
135,"B_smooth_logistic",0.6,1600,1600,TRUE,TRUE,0.827941176470588,TRUE,TRUE,TRUE,FALSE,FALSE
136,"B_smooth_logistic",0.6,1600,1600,TRUE,TRUE,0.872352941176471,TRUE,TRUE,TRUE,FALSE,FALSE
137,"B_smooth_logistic",0.6,1600,1600,TRUE,TRUE,0.898235294117647,TRUE,TRUE,TRUE,FALSE,FALSE
138,"B_smooth_logistic",0.6,1600,1600,TRUE,TRUE,1,TRUE,TRUE,TRUE,FALSE,FALSE
139,"B_smooth_logistic",0.6,1600,1600,TRUE,TRUE,0.790294117647059,TRUE,TRUE,TRUE,FALSE,FALSE
140,"B_smooth_logistic",0.6,1600,1600,TRUE,TRUE,0.650588235294118,TRUE,TRUE,TRUE,FALSE,FALSE
141,"B_smooth_logistic",0.6,1600,1600,TRUE,TRUE,1,TRUE,TRUE,TRUE,FALSE,FALSE
142,"B_smooth_logistic",0.6,1600,1600,TRUE,TRUE,0.852058823529412,TRUE,TRUE,TRUE,FALSE,FALSE
143,"B_smooth_logistic",0.6,1600,1600,TRUE,TRUE,1,TRUE,TRUE,TRUE,FALSE,FALSE
144,"B_smooth_logistic",0.6,2200,2200,TRUE,TRUE,0.613529411764706,TRUE,TRUE,TRUE,FALSE,FALSE
145,"B_smooth_logistic",0.6,1600,1600,TRUE,TRUE,1,TRUE,TRUE,TRUE,FALSE,FALSE
146,"B_smooth_logistic",0.6,1600,1600,TRUE,TRUE,1,TRUE,TRUE,TRUE,FALSE,FALSE
147,"B_smooth_logistic",0.6,1600,1600,TRUE,TRUE,1,TRUE,TRUE,TRUE,FALSE,FALSE
148,"B_smooth_logistic",0.6,1600,1600,TRUE,TRUE,0.630882352941176,TRUE,TRUE,TRUE,FALSE,FALSE
149,"B_smooth_logistic",0.6,1600,1600,TRUE,TRUE,0.680588235294118,TRUE,TRUE,TRUE,FALSE,FALSE
150,"B_smooth_logistic",0.6,1600,1600,TRUE,TRUE,0.998235294117647,TRUE,TRUE,TRUE,FALSE,FALSE
151,"B_smooth_logistic",0.6,1600,1600,TRUE,TRUE,1,TRUE,TRUE,TRUE,FALSE,FALSE
152,"B_smooth_logistic",0.6,1600,1600,TRUE,TRUE,0.560294117647059,TRUE,TRUE,TRUE,FALSE,FALSE
153,"B_smooth_logistic",0.6,1600,1600,TRUE,TRUE,0.808529411764706,TRUE,TRUE,TRUE,FALSE,FALSE
154,"B_smooth_logistic",0.6,1600,2200,TRUE,TRUE,0.665294117647059,TRUE,TRUE,TRUE,FALSE,FALSE
155,"B_smooth_logistic",0.6,1600,2200,TRUE,TRUE,1,TRUE,TRUE,TRUE,FALSE,FALSE
156,"B_smooth_logistic",0.6,1600,1600,TRUE,TRUE,0.660882352941176,TRUE,TRUE,TRUE,FALSE,FALSE
157,"B_smooth_logistic",0.6,1600,2200,TRUE,TRUE,0.704411764705882,TRUE,TRUE,TRUE,FALSE,FALSE
158,"B_smooth_logistic",0.6,1600,1600,TRUE,TRUE,1,TRUE,TRUE,TRUE,FALSE,FALSE
159,"B_smooth_logistic",0.6,1600,1600,TRUE,TRUE,0.719117647058824,TRUE,TRUE,TRUE,FALSE,FALSE
160,"B_smooth_logistic",0.6,1600,1600,TRUE,TRUE,0.867647058823529,TRUE,TRUE,TRUE,FALSE,FALSE
161,"B_smooth_logistic",0.6,1600,1600,TRUE,TRUE,0.541470588235294,TRUE,TRUE,TRUE,FALSE,FALSE
162,"B_smooth_logistic",0.6,1600,1600,TRUE,TRUE,1,TRUE,TRUE,TRUE,FALSE,FALSE
163,"B_smooth_logistic",0.6,1600,1600,TRUE,TRUE,1,TRUE,TRUE,TRUE,FALSE,FALSE
164,"B_smooth_logistic",0.6,2200,2200,TRUE,TRUE,0.697647058823529,TRUE,TRUE,TRUE,FALSE,FALSE
165,"B_smooth_logistic",0.6,1600,2200,TRUE,TRUE,1,TRUE,TRUE,TRUE,FALSE,FALSE
166,"B_smooth_logistic",0.6,1600,1600,TRUE,TRUE,0.682647058823529,TRUE,TRUE,TRUE,FALSE,FALSE
167,"B_smooth_logistic",0.6,1600,1600,TRUE,TRUE,0.951176470588235,TRUE,TRUE,TRUE,FALSE,FALSE
168,"B_smooth_logistic",0.6,1600,1600,TRUE,TRUE,1,TRUE,TRUE,TRUE,FALSE,FALSE
169,"B_smooth_logistic",0.6,1600,1600,TRUE,TRUE,1,TRUE,TRUE,TRUE,FALSE,FALSE
170,"B_smooth_logistic",0.6,1600,1600,TRUE,TRUE,0.768235294117647,TRUE,TRUE,TRUE,FALSE,FALSE
171,"B_smooth_logistic",0.6,1600,1600,TRUE,TRUE,1,TRUE,TRUE,TRUE,FALSE,FALSE
172,"B_smooth_logistic",0.6,1600,1600,TRUE,TRUE,0.496764705882353,FALSE,FALSE,FALSE,TRUE,TRUE
173,"B_smooth_logistic",0.6,1600,1600,TRUE,TRUE,1,TRUE,TRUE,TRUE,FALSE,FALSE
174,"B_smooth_logistic",0.6,1600,1600,TRUE,TRUE,0.856470588235294,TRUE,TRUE,TRUE,FALSE,FALSE
175,"B_smooth_logistic",0.6,1600,1600,TRUE,TRUE,0.749411764705882,TRUE,TRUE,TRUE,FALSE,FALSE
176,"B_smooth_logistic",0.6,1600,1600,TRUE,TRUE,0.943823529411765,TRUE,TRUE,TRUE,FALSE,FALSE
177,"B_smooth_logistic",0.6,1600,1600,TRUE,TRUE,0.585294117647059,TRUE,TRUE,TRUE,FALSE,FALSE
178,"B_smooth_logistic",0.6,1600,1600,TRUE,TRUE,0.737352941176471,TRUE,TRUE,TRUE,FALSE,FALSE
179,"B_smooth_logistic",0.6,1600,1600,TRUE,TRUE,0.663529411764706,TRUE,TRUE,TRUE,FALSE,FALSE
180,"B_smooth_logistic",0.6,1600,1600,TRUE,TRUE,1,TRUE,TRUE,TRUE,FALSE,FALSE
181,"B_smooth_logistic",0.6,1600,1600,TRUE,TRUE,0.668823529411765,TRUE,TRUE,TRUE,FALSE,FALSE
182,"B_smooth_logistic",0.6,1600,1600,TRUE,TRUE,1,TRUE,TRUE,TRUE,FALSE,FALSE
183,"B_smooth_logistic",0.6,1600,1600,TRUE,TRUE,0.836764705882353,TRUE,TRUE,TRUE,FALSE,FALSE
184,"B_smooth_logistic",0.6,1600,1600,TRUE,TRUE,1,TRUE,TRUE,TRUE,FALSE,FALSE
185,"B_smooth_logistic",0.6,1600,1600,TRUE,TRUE,1,TRUE,TRUE,TRUE,FALSE,FALSE
186,"B_smooth_logistic",0.6,1600,1600,TRUE,TRUE,0.531176470588235,TRUE,TRUE,TRUE,FALSE,FALSE
187,"B_smooth_logistic",0.6,1600,1600,TRUE,TRUE,1,TRUE,TRUE,TRUE,FALSE,FALSE
188,"B_smooth_logistic",0.6,1600,1600,TRUE,TRUE,1,TRUE,TRUE,TRUE,FALSE,FALSE
189,"B_smooth_logistic",0.6,1600,1600,TRUE,TRUE,0.646764705882353,TRUE,TRUE,TRUE,FALSE,FALSE
190,"B_smooth_logistic",0.6,1600,2200,TRUE,TRUE,0.619117647058824,TRUE,TRUE,TRUE,FALSE,FALSE
191,"B_smooth_logistic",0.6,1600,2200,TRUE,TRUE,0.798529411764706,TRUE,TRUE,TRUE,FALSE,FALSE
192,"B_smooth_logistic",0.6,1600,1600,TRUE,TRUE,0.784117647058823,TRUE,TRUE,TRUE,FALSE,FALSE
193,"B_smooth_logistic",0.6,1600,1600,TRUE,TRUE,1,TRUE,TRUE,TRUE,FALSE,FALSE
194,"B_smooth_logistic",0.6,1600,1600,TRUE,TRUE,1,TRUE,TRUE,TRUE,FALSE,FALSE
195,"B_smooth_logistic",0.6,1600,1600,TRUE,TRUE,1,TRUE,TRUE,TRUE,FALSE,FALSE
196,"B_smooth_logistic",0.6,2200,2800,TRUE,TRUE,0.94,TRUE,TRUE,TRUE,FALSE,FALSE
197,"B_smooth_logistic",0.6,1600,1600,TRUE,TRUE,0.622352941176471,TRUE,TRUE,TRUE,FALSE,FALSE
198,"B_smooth_logistic",0.6,1600,1600,TRUE,TRUE,1,TRUE,TRUE,TRUE,FALSE,FALSE
199,"B_smooth_logistic",0.6,1600,1600,TRUE,TRUE,1,TRUE,TRUE,TRUE,FALSE,FALSE
200,"B_smooth_logistic",0.6,1600,2200,TRUE,TRUE,1,TRUE,TRUE,TRUE,FALSE,FALSE
201,"B_smooth_logistic",0.6,1600,1600,TRUE,TRUE,0.983529411764706,TRUE,TRUE,TRUE,FALSE,FALSE
202,"B_smooth_logistic",0.6,2200,2200,TRUE,TRUE,0.587058823529412,TRUE,TRUE,TRUE,FALSE,FALSE
203,"B_smooth_logistic",0.6,1600,1600,TRUE,TRUE,0.640294117647059,TRUE,TRUE,TRUE,FALSE,FALSE
204,"B_smooth_logistic",0.6,1600,1600,TRUE,TRUE,1,TRUE,TRUE,TRUE,FALSE,FALSE
205,"B_smooth_logistic",0.6,1600,1600,TRUE,TRUE,0.667352941176471,TRUE,TRUE,TRUE,FALSE,FALSE
206,"B_smooth_logistic",0.6,1600,1600,TRUE,TRUE,0.610588235294118,TRUE,TRUE,TRUE,FALSE,FALSE
207,"B_smooth_logistic",0.6,1600,1600,TRUE,TRUE,0.682941176470588,TRUE,TRUE,TRUE,FALSE,FALSE
208,"B_smooth_logistic",0.6,3400,3400,TRUE,TRUE,0.645588235294118,TRUE,TRUE,TRUE,FALSE,FALSE
209,"B_smooth_logistic",0.6,1600,2200,TRUE,TRUE,0.741176470588235,TRUE,TRUE,TRUE,FALSE,FALSE
210,"B_smooth_logistic",0.6,1600,1600,TRUE,TRUE,1,TRUE,TRUE,TRUE,FALSE,FALSE
211,"B_smooth_logistic",0.6,1600,1600,TRUE,TRUE,1,TRUE,TRUE,TRUE,FALSE,FALSE
212,"B_smooth_logistic",0.6,1600,2200,TRUE,TRUE,0.683529411764706,TRUE,TRUE,TRUE,FALSE,FALSE
213,"B_smooth_logistic",0.6,1600,2200,TRUE,TRUE,1,TRUE,TRUE,TRUE,FALSE,FALSE
214,"B_smooth_logistic",0.6,1600,1600,TRUE,TRUE,0.775588235294118,TRUE,TRUE,TRUE,FALSE,FALSE
215,"B_smooth_logistic",0.6,1600,1600,TRUE,TRUE,0.924117647058823,TRUE,TRUE,TRUE,FALSE,FALSE
216,"B_smooth_logistic",0.6,1600,1600,TRUE,TRUE,1,TRUE,TRUE,TRUE,FALSE,FALSE
217,"B_smooth_logistic",0.6,1600,1600,TRUE,TRUE,0.765882352941176,TRUE,TRUE,TRUE,FALSE,FALSE
218,"B_smooth_logistic",0.6,1600,2800,TRUE,TRUE,0.756176470588235,TRUE,TRUE,TRUE,FALSE,FALSE
219,"B_smooth_logistic",0.6,1600,2200,TRUE,TRUE,0.810294117647059,TRUE,TRUE,TRUE,FALSE,FALSE
220,"B_smooth_logistic",0.6,1600,1600,TRUE,TRUE,0.819705882352941,TRUE,TRUE,TRUE,FALSE,FALSE
221,"B_smooth_logistic",0.6,1600,1600,TRUE,TRUE,1,TRUE,TRUE,TRUE,FALSE,FALSE
222,"B_smooth_logistic",0.6,2200,2200,TRUE,TRUE,0.732352941176471,TRUE,TRUE,TRUE,FALSE,FALSE
223,"B_smooth_logistic",0.6,2200,2200,TRUE,TRUE,0.670588235294118,TRUE,TRUE,TRUE,FALSE,FALSE
224,"B_smooth_logistic",0.6,1600,1600,TRUE,TRUE,1,TRUE,TRUE,TRUE,FALSE,FALSE
225,"B_smooth_logistic",0.6,2200,2200,TRUE,TRUE,0.803235294117647,TRUE,TRUE,TRUE,FALSE,FALSE
226,"B_smooth_logistic",0.6,1600,1600,TRUE,TRUE,0.598823529411765,TRUE,TRUE,TRUE,FALSE,FALSE
227,"B_smooth_logistic",0.6,1600,1600,TRUE,TRUE,1,TRUE,TRUE,TRUE,FALSE,FALSE
228,"B_smooth_logistic",0.6,1600,1600,TRUE,TRUE,0.865,TRUE,TRUE,TRUE,FALSE,FALSE
229,"B_smooth_logistic",0.6,1600,1600,TRUE,TRUE,0.896470588235294,TRUE,TRUE,TRUE,FALSE,FALSE
230,"B_smooth_logistic",0.6,1600,2200,TRUE,TRUE,0.960882352941177,TRUE,TRUE,TRUE,FALSE,FALSE
231,"B_smooth_logistic",0.6,1600,1600,TRUE,TRUE,0.751764705882353,TRUE,TRUE,TRUE,FALSE,FALSE
232,"B_smooth_logistic",0.6,2200,2200,TRUE,TRUE,0.793823529411765,TRUE,TRUE,TRUE,FALSE,FALSE
233,"B_smooth_logistic",0.6,1600,2200,TRUE,TRUE,0.841176470588235,TRUE,TRUE,TRUE,FALSE,FALSE
234,"B_smooth_logistic",0.6,1600,1600,TRUE,TRUE,0.615,TRUE,TRUE,TRUE,FALSE,FALSE
235,"B_smooth_logistic",0.6,1600,1600,TRUE,TRUE,1,TRUE,TRUE,TRUE,FALSE,FALSE
236,"B_smooth_logistic",0.6,1600,1600,TRUE,TRUE,0.884705882352941,TRUE,TRUE,TRUE,FALSE,FALSE
237,"B_smooth_logistic",0.6,1600,1600,TRUE,TRUE,1,TRUE,TRUE,TRUE,FALSE,FALSE
238,"B_smooth_logistic",0.6,1600,1600,TRUE,TRUE,1,TRUE,TRUE,TRUE,FALSE,FALSE
239,"B_smooth_logistic",0.6,1600,1600,TRUE,TRUE,0.542058823529412,TRUE,TRUE,TRUE,FALSE,FALSE
240,"B_smooth_logistic",0.6,1600,1600,TRUE,TRUE,0.900882352941176,TRUE,TRUE,TRUE,FALSE,FALSE
241,"B_smooth_logistic",0.6,1600,1600,TRUE,TRUE,0.747941176470588,TRUE,TRUE,TRUE,FALSE,FALSE
242,"B_smooth_logistic",0.6,NA,NA,FALSE,FALSE,0.468235294117647,FALSE,TRUE,TRUE,FALSE,FALSE
243,"B_smooth_logistic",0.6,1600,1600,TRUE,TRUE,0.636470588235294,TRUE,TRUE,TRUE,FALSE,FALSE
244,"B_smooth_logistic",0.6,1600,1600,TRUE,TRUE,1,TRUE,TRUE,TRUE,FALSE,FALSE
245,"B_smooth_logistic",0.6,2200,2200,TRUE,TRUE,0.722058823529412,TRUE,TRUE,TRUE,FALSE,FALSE
246,"B_smooth_logistic",0.6,1600,1600,TRUE,TRUE,0.747352941176471,TRUE,TRUE,TRUE,FALSE,FALSE
247,"B_smooth_logistic",0.6,1600,1600,TRUE,TRUE,0.912647058823529,TRUE,TRUE,TRUE,FALSE,FALSE
248,"B_smooth_logistic",0.6,1600,1600,TRUE,TRUE,1,TRUE,TRUE,TRUE,FALSE,FALSE
249,"B_smooth_logistic",0.6,1600,2200,TRUE,TRUE,0.714705882352941,TRUE,TRUE,TRUE,FALSE,FALSE
250,"B_smooth_logistic",0.6,1600,1600,TRUE,TRUE,0.920294117647059,TRUE,TRUE,TRUE,FALSE,FALSE
251,"B_smooth_logistic",0.6,1600,1600,TRUE,TRUE,1,TRUE,TRUE,TRUE,FALSE,FALSE
252,"B_smooth_logistic",0.6,1600,1600,TRUE,TRUE,0.702058823529412,TRUE,TRUE,TRUE,FALSE,FALSE
253,"B_smooth_logistic",0.6,1600,1600,TRUE,TRUE,0.803529411764706,TRUE,TRUE,TRUE,FALSE,FALSE
254,"B_smooth_logistic",0.6,1600,1600,TRUE,TRUE,0.768235294117647,TRUE,TRUE,TRUE,FALSE,FALSE
255,"B_smooth_logistic",0.6,1600,1600,TRUE,TRUE,0.642941176470588,TRUE,TRUE,TRUE,FALSE,FALSE
256,"B_smooth_logistic",0.6,1600,1600,TRUE,TRUE,1,TRUE,TRUE,TRUE,FALSE,FALSE
257,"B_smooth_logistic",0.6,1600,2200,TRUE,TRUE,1,TRUE,TRUE,TRUE,FALSE,FALSE
258,"B_smooth_logistic",0.6,1600,1600,TRUE,TRUE,1,TRUE,TRUE,TRUE,FALSE,FALSE
259,"B_smooth_logistic",0.6,1600,2200,TRUE,TRUE,1,TRUE,TRUE,TRUE,FALSE,FALSE
260,"B_smooth_logistic",0.6,1600,1600,TRUE,TRUE,0.852352941176471,TRUE,TRUE,TRUE,FALSE,FALSE
261,"B_smooth_logistic",0.6,1600,1600,TRUE,TRUE,1,TRUE,TRUE,TRUE,FALSE,FALSE
262,"B_smooth_logistic",0.6,2200,2800,TRUE,TRUE,0.871470588235294,TRUE,TRUE,TRUE,FALSE,FALSE
263,"B_smooth_logistic",0.6,NA,NA,FALSE,FALSE,0,FALSE,TRUE,TRUE,FALSE,FALSE
264,"B_smooth_logistic",0.6,1600,1600,TRUE,TRUE,0.640882352941176,TRUE,TRUE,TRUE,FALSE,FALSE
265,"B_smooth_logistic",0.6,1600,1600,TRUE,TRUE,0.729705882352941,TRUE,TRUE,TRUE,FALSE,FALSE
266,"B_smooth_logistic",0.6,1600,1600,TRUE,TRUE,0.502647058823529,TRUE,TRUE,TRUE,FALSE,FALSE
267,"B_smooth_logistic",0.6,1600,1600,TRUE,TRUE,0.765,TRUE,TRUE,TRUE,FALSE,FALSE
268,"B_smooth_logistic",0.6,1600,1600,TRUE,TRUE,0.555588235294118,TRUE,TRUE,TRUE,FALSE,FALSE
269,"B_smooth_logistic",0.6,2200,2200,TRUE,TRUE,0.731176470588235,TRUE,TRUE,TRUE,FALSE,FALSE
270,"B_smooth_logistic",0.6,1600,1600,TRUE,TRUE,1,TRUE,TRUE,TRUE,FALSE,FALSE
271,"B_smooth_logistic",0.6,1600,1600,TRUE,TRUE,0.452647058823529,FALSE,FALSE,FALSE,TRUE,TRUE
272,"B_smooth_logistic",0.6,1600,1600,TRUE,TRUE,1,TRUE,TRUE,TRUE,FALSE,FALSE
273,"B_smooth_logistic",0.6,1600,1600,TRUE,TRUE,1,TRUE,TRUE,TRUE,FALSE,FALSE
274,"B_smooth_logistic",0.6,1600,1600,TRUE,TRUE,0.477647058823529,FALSE,FALSE,FALSE,TRUE,TRUE
275,"B_smooth_logistic",0.6,4000,4000,TRUE,TRUE,0.547647058823529,TRUE,TRUE,TRUE,FALSE,FALSE
276,"B_smooth_logistic",0.6,1600,1600,TRUE,TRUE,0.977352941176471,TRUE,TRUE,TRUE,FALSE,FALSE
277,"B_smooth_logistic",0.6,1600,1600,TRUE,TRUE,0.574117647058824,TRUE,TRUE,TRUE,FALSE,FALSE
278,"B_smooth_logistic",0.6,1600,1600,TRUE,TRUE,0.823235294117647,TRUE,TRUE,TRUE,FALSE,FALSE
279,"B_smooth_logistic",0.6,1600,1600,TRUE,TRUE,0.680294117647059,TRUE,TRUE,TRUE,FALSE,FALSE
280,"B_smooth_logistic",0.6,1600,1600,TRUE,TRUE,1,TRUE,TRUE,TRUE,FALSE,FALSE
281,"B_smooth_logistic",0.6,1600,1600,TRUE,TRUE,0.740882352941176,TRUE,TRUE,TRUE,FALSE,FALSE
282,"B_smooth_logistic",0.6,1600,1600,TRUE,TRUE,0.984117647058824,TRUE,TRUE,TRUE,FALSE,FALSE
283,"B_smooth_logistic",0.6,1600,1600,TRUE,TRUE,0.496470588235294,FALSE,FALSE,FALSE,TRUE,TRUE
284,"B_smooth_logistic",0.6,1600,1600,TRUE,TRUE,0.761176470588235,TRUE,TRUE,TRUE,FALSE,FALSE
285,"B_smooth_logistic",0.6,1600,1600,TRUE,TRUE,1,TRUE,TRUE,TRUE,FALSE,FALSE
286,"B_smooth_logistic",0.6,1600,1600,TRUE,TRUE,0.869411764705882,TRUE,TRUE,TRUE,FALSE,FALSE
287,"B_smooth_logistic",0.6,1600,1600,TRUE,TRUE,0.678823529411765,TRUE,TRUE,TRUE,FALSE,FALSE
288,"B_smooth_logistic",0.6,1600,1600,TRUE,TRUE,1,TRUE,TRUE,TRUE,FALSE,FALSE
289,"B_smooth_logistic",0.6,1600,1600,TRUE,TRUE,0.885294117647059,TRUE,TRUE,TRUE,FALSE,FALSE
290,"B_smooth_logistic",0.6,1600,2200,TRUE,TRUE,1,TRUE,TRUE,TRUE,FALSE,FALSE
291,"B_smooth_logistic",0.6,1600,1600,TRUE,TRUE,0.793823529411765,TRUE,TRUE,TRUE,FALSE,FALSE
292,"B_smooth_logistic",0.6,1600,1600,TRUE,TRUE,0.799705882352941,TRUE,TRUE,TRUE,FALSE,FALSE
293,"B_smooth_logistic",0.6,1600,1600,TRUE,TRUE,0.678823529411765,TRUE,TRUE,TRUE,FALSE,FALSE
294,"B_smooth_logistic",0.6,1600,1600,TRUE,TRUE,1,TRUE,TRUE,TRUE,FALSE,FALSE
295,"B_smooth_logistic",0.6,1600,1600,TRUE,TRUE,0.627058823529412,TRUE,TRUE,TRUE,FALSE,FALSE
296,"B_smooth_logistic",0.6,1600,1600,TRUE,TRUE,0.700588235294118,TRUE,TRUE,TRUE,FALSE,FALSE
297,"B_smooth_logistic",0.6,1600,1600,TRUE,TRUE,0.779411764705882,TRUE,TRUE,TRUE,FALSE,FALSE
298,"B_smooth_logistic",0.6,1600,1600,TRUE,TRUE,0.883235294117647,TRUE,TRUE,TRUE,FALSE,FALSE
299,"B_smooth_logistic",0.6,1600,1600,TRUE,TRUE,1,TRUE,TRUE,TRUE,FALSE,FALSE
300,"B_smooth_logistic",0.6,1600,1600,TRUE,TRUE,0.763529411764706,TRUE,TRUE,TRUE,FALSE,FALSE
301,"B_smooth_logistic",0.6,1600,1600,TRUE,TRUE,0.724117647058824,TRUE,TRUE,TRUE,FALSE,FALSE
302,"B_smooth_logistic",0.6,1600,1600,TRUE,TRUE,0.953235294117647,TRUE,TRUE,TRUE,FALSE,FALSE
303,"B_smooth_logistic",0.6,1600,1600,TRUE,TRUE,0.727352941176471,TRUE,TRUE,TRUE,FALSE,FALSE
304,"B_smooth_logistic",0.6,1600,1600,TRUE,TRUE,1,TRUE,TRUE,TRUE,FALSE,FALSE
305,"B_smooth_logistic",0.6,1600,1600,TRUE,TRUE,0.971470588235294,TRUE,TRUE,TRUE,FALSE,FALSE
306,"B_smooth_logistic",0.6,1600,1600,TRUE,TRUE,0.722058823529412,TRUE,TRUE,TRUE,FALSE,FALSE
307,"B_smooth_logistic",0.6,1600,1600,TRUE,TRUE,0.725,TRUE,TRUE,TRUE,FALSE,FALSE
308,"B_smooth_logistic",0.6,1600,1600,TRUE,TRUE,0.698823529411765,TRUE,TRUE,TRUE,FALSE,FALSE
309,"B_smooth_logistic",0.6,1600,1600,TRUE,TRUE,1,TRUE,TRUE,TRUE,FALSE,FALSE
310,"B_smooth_logistic",0.6,1600,1600,TRUE,TRUE,1,TRUE,TRUE,TRUE,FALSE,FALSE
311,"B_smooth_logistic",0.6,1600,1600,TRUE,TRUE,0.647941176470588,TRUE,TRUE,TRUE,FALSE,FALSE
312,"B_smooth_logistic",0.6,1600,1600,TRUE,TRUE,0.767647058823529,TRUE,TRUE,TRUE,FALSE,FALSE
313,"B_smooth_logistic",0.6,1600,1600,TRUE,TRUE,0.687352941176471,TRUE,TRUE,TRUE,FALSE,FALSE
314,"B_smooth_logistic",0.6,1600,1600,TRUE,TRUE,1,TRUE,TRUE,TRUE,FALSE,FALSE
315,"B_smooth_logistic",0.6,1600,1600,TRUE,TRUE,1,TRUE,TRUE,TRUE,FALSE,FALSE
316,"B_smooth_logistic",0.6,1600,1600,TRUE,TRUE,0.997352941176471,TRUE,TRUE,TRUE,FALSE,FALSE
317,"B_smooth_logistic",0.6,1600,2200,TRUE,TRUE,1,TRUE,TRUE,TRUE,FALSE,FALSE
318,"B_smooth_logistic",0.6,1600,1600,TRUE,TRUE,1,TRUE,TRUE,TRUE,FALSE,FALSE
319,"B_smooth_logistic",0.6,1600,1600,TRUE,TRUE,0.967352941176471,TRUE,TRUE,TRUE,FALSE,FALSE
320,"B_smooth_logistic",0.6,1600,1600,TRUE,TRUE,0.975882352941176,TRUE,TRUE,TRUE,FALSE,FALSE
321,"B_smooth_logistic",0.6,1600,1600,TRUE,TRUE,0.916176470588235,TRUE,TRUE,TRUE,FALSE,FALSE
322,"B_smooth_logistic",0.6,1600,1600,TRUE,TRUE,0.851176470588235,TRUE,TRUE,TRUE,FALSE,FALSE
323,"B_smooth_logistic",0.6,1600,1600,TRUE,TRUE,0.719411764705882,TRUE,TRUE,TRUE,FALSE,FALSE
324,"B_smooth_logistic",0.6,1600,1600,TRUE,TRUE,0.743823529411765,TRUE,TRUE,TRUE,FALSE,FALSE
325,"B_smooth_logistic",0.6,1600,1600,TRUE,TRUE,0.846470588235294,TRUE,TRUE,TRUE,FALSE,FALSE
326,"B_smooth_logistic",0.6,1600,1600,TRUE,TRUE,0.660588235294118,TRUE,TRUE,TRUE,FALSE,FALSE
327,"B_smooth_logistic",0.6,2200,2200,TRUE,TRUE,0.733235294117647,TRUE,TRUE,TRUE,FALSE,FALSE
328,"B_smooth_logistic",0.6,2200,2800,TRUE,TRUE,0.660882352941176,TRUE,TRUE,TRUE,FALSE,FALSE
329,"B_smooth_logistic",0.6,1600,1600,TRUE,TRUE,0.647352941176471,TRUE,TRUE,TRUE,FALSE,FALSE
330,"B_smooth_logistic",0.6,1600,1600,TRUE,TRUE,1,TRUE,TRUE,TRUE,FALSE,FALSE
331,"B_smooth_logistic",0.6,1600,1600,TRUE,TRUE,1,TRUE,TRUE,TRUE,FALSE,FALSE
332,"B_smooth_logistic",0.6,1600,1600,TRUE,TRUE,1,TRUE,TRUE,TRUE,FALSE,FALSE
333,"B_smooth_logistic",0.6,1600,1600,TRUE,TRUE,0.741470588235294,TRUE,TRUE,TRUE,FALSE,FALSE
334,"B_smooth_logistic",0.6,1600,1600,TRUE,TRUE,0.948529411764706,TRUE,TRUE,TRUE,FALSE,FALSE
335,"B_smooth_logistic",0.6,1600,1600,TRUE,TRUE,0.687352941176471,TRUE,TRUE,TRUE,FALSE,FALSE
336,"B_smooth_logistic",0.6,1600,1600,TRUE,TRUE,0.659705882352941,TRUE,TRUE,TRUE,FALSE,FALSE
337,"B_smooth_logistic",0.6,1600,1600,TRUE,TRUE,1,TRUE,TRUE,TRUE,FALSE,FALSE
338,"B_smooth_logistic",0.6,1600,1600,TRUE,TRUE,0.784411764705882,TRUE,TRUE,TRUE,FALSE,FALSE
339,"B_smooth_logistic",0.6,2200,2800,TRUE,TRUE,1,TRUE,TRUE,TRUE,FALSE,FALSE
340,"B_smooth_logistic",0.6,1600,1600,TRUE,TRUE,0.705294117647059,TRUE,TRUE,TRUE,FALSE,FALSE
341,"B_smooth_logistic",0.6,1600,1600,TRUE,TRUE,1,TRUE,TRUE,TRUE,FALSE,FALSE
342,"B_smooth_logistic",0.6,1600,1600,TRUE,TRUE,0.723823529411765,TRUE,TRUE,TRUE,FALSE,FALSE
343,"B_smooth_logistic",0.6,1600,1600,TRUE,TRUE,1,TRUE,TRUE,TRUE,FALSE,FALSE
344,"B_smooth_logistic",0.6,1600,1600,TRUE,TRUE,1,TRUE,TRUE,TRUE,FALSE,FALSE
345,"B_smooth_logistic",0.6,1600,1600,TRUE,TRUE,0.651176470588235,TRUE,TRUE,TRUE,FALSE,FALSE
346,"B_smooth_logistic",0.6,1600,1600,TRUE,TRUE,0.812941176470588,TRUE,TRUE,TRUE,FALSE,FALSE
347,"B_smooth_logistic",0.6,1600,1600,TRUE,TRUE,0.660588235294118,TRUE,TRUE,TRUE,FALSE,FALSE
348,"B_smooth_logistic",0.6,1600,1600,TRUE,TRUE,1,TRUE,TRUE,TRUE,FALSE,FALSE
349,"B_smooth_logistic",0.6,1600,1600,TRUE,TRUE,0.795294117647059,TRUE,TRUE,TRUE,FALSE,FALSE
350,"B_smooth_logistic",0.6,1600,1600,TRUE,TRUE,0.961764705882353,TRUE,TRUE,TRUE,FALSE,FALSE
351,"B_smooth_logistic",0.6,1600,1600,TRUE,TRUE,0.925588235294118,TRUE,TRUE,TRUE,FALSE,FALSE
352,"B_smooth_logistic",0.6,1600,1600,TRUE,TRUE,0.658529411764706,TRUE,TRUE,TRUE,FALSE,FALSE
353,"B_smooth_logistic",0.6,2200,2800,TRUE,TRUE,0.883823529411765,TRUE,TRUE,TRUE,FALSE,FALSE
354,"B_smooth_logistic",0.6,1600,1600,TRUE,TRUE,1,TRUE,TRUE,TRUE,FALSE,FALSE
355,"B_smooth_logistic",0.6,1600,1600,TRUE,TRUE,0.951176470588235,TRUE,TRUE,TRUE,FALSE,FALSE
356,"B_smooth_logistic",0.6,1600,1600,TRUE,TRUE,0.78,TRUE,TRUE,TRUE,FALSE,FALSE
357,"B_smooth_logistic",0.6,1600,2200,TRUE,TRUE,1,TRUE,TRUE,TRUE,FALSE,FALSE
358,"B_smooth_logistic",0.6,1600,2200,TRUE,TRUE,1,TRUE,TRUE,TRUE,FALSE,FALSE
359,"B_smooth_logistic",0.6,1600,1600,TRUE,TRUE,1,TRUE,TRUE,TRUE,FALSE,FALSE
360,"B_smooth_logistic",0.6,1600,1600,TRUE,TRUE,0.578823529411765,TRUE,TRUE,TRUE,FALSE,FALSE
361,"B_smooth_logistic",0.6,1600,1600,TRUE,TRUE,0.912941176470588,TRUE,TRUE,TRUE,FALSE,FALSE
362,"B_smooth_logistic",0.6,1600,1600,TRUE,TRUE,0.959117647058824,TRUE,TRUE,TRUE,FALSE,FALSE
363,"B_smooth_logistic",0.6,1600,1600,TRUE,TRUE,0.615294117647059,TRUE,TRUE,TRUE,FALSE,FALSE
364,"B_smooth_logistic",0.6,1600,1600,TRUE,TRUE,1,TRUE,TRUE,TRUE,FALSE,FALSE
365,"B_smooth_logistic",0.6,1600,1600,TRUE,TRUE,0.812941176470588,TRUE,TRUE,TRUE,FALSE,FALSE
366,"B_smooth_logistic",0.6,1600,2200,TRUE,TRUE,0.649705882352941,TRUE,TRUE,TRUE,FALSE,FALSE
367,"B_smooth_logistic",0.6,1600,1600,TRUE,TRUE,1,TRUE,TRUE,TRUE,FALSE,FALSE
368,"B_smooth_logistic",0.6,1600,1600,TRUE,TRUE,0.596176470588235,TRUE,TRUE,TRUE,FALSE,FALSE
369,"B_smooth_logistic",0.6,1600,1600,TRUE,TRUE,0.821470588235294,TRUE,TRUE,TRUE,FALSE,FALSE
370,"B_smooth_logistic",0.6,2200,2200,TRUE,TRUE,1,TRUE,TRUE,TRUE,FALSE,FALSE
371,"B_smooth_logistic",0.6,2800,2800,TRUE,TRUE,0.511176470588235,TRUE,TRUE,TRUE,FALSE,FALSE
372,"B_smooth_logistic",0.6,2200,2800,TRUE,TRUE,1,TRUE,TRUE,TRUE,FALSE,FALSE
373,"B_smooth_logistic",0.6,1600,2200,TRUE,TRUE,0.916470588235294,TRUE,TRUE,TRUE,FALSE,FALSE
374,"B_smooth_logistic",0.6,1600,1600,TRUE,TRUE,1,TRUE,TRUE,TRUE,FALSE,FALSE
375,"B_smooth_logistic",0.6,1600,1600,TRUE,TRUE,0.772352941176471,TRUE,TRUE,TRUE,FALSE,FALSE
376,"B_smooth_logistic",0.6,1600,1600,TRUE,TRUE,0.582647058823529,TRUE,TRUE,TRUE,FALSE,FALSE
377,"B_smooth_logistic",0.6,1600,1600,TRUE,TRUE,0.868235294117647,TRUE,TRUE,TRUE,FALSE,FALSE
378,"B_smooth_logistic",0.6,1600,1600,TRUE,TRUE,0.673823529411765,TRUE,TRUE,TRUE,FALSE,FALSE
379,"B_smooth_logistic",0.6,1600,1600,TRUE,TRUE,1,TRUE,TRUE,TRUE,FALSE,FALSE
380,"B_smooth_logistic",0.6,1600,1600,TRUE,TRUE,0.68,TRUE,TRUE,TRUE,FALSE,FALSE
381,"B_smooth_logistic",0.6,1600,1600,TRUE,TRUE,1,TRUE,TRUE,TRUE,FALSE,FALSE
382,"B_smooth_logistic",0.6,1600,1600,TRUE,TRUE,0.722647058823529,TRUE,TRUE,TRUE,FALSE,FALSE
383,"B_smooth_logistic",0.6,1600,1600,TRUE,TRUE,0.933529411764706,TRUE,TRUE,TRUE,FALSE,FALSE
384,"B_smooth_logistic",0.6,1600,1600,TRUE,TRUE,1,TRUE,TRUE,TRUE,FALSE,FALSE
385,"B_smooth_logistic",0.6,2800,2800,TRUE,TRUE,0.701764705882353,TRUE,TRUE,TRUE,FALSE,FALSE
386,"B_smooth_logistic",0.6,1600,1600,TRUE,TRUE,0.879705882352941,TRUE,TRUE,TRUE,FALSE,FALSE
387,"B_smooth_logistic",0.6,1600,1600,TRUE,TRUE,0.997647058823529,TRUE,TRUE,TRUE,FALSE,FALSE
388,"B_smooth_logistic",0.6,1600,1600,TRUE,TRUE,0.57,TRUE,TRUE,TRUE,FALSE,FALSE
389,"B_smooth_logistic",0.6,1600,1600,TRUE,TRUE,1,TRUE,TRUE,TRUE,FALSE,FALSE
390,"B_smooth_logistic",0.6,1600,1600,TRUE,TRUE,0.845588235294118,TRUE,TRUE,TRUE,FALSE,FALSE
391,"B_smooth_logistic",0.6,1600,1600,TRUE,TRUE,0.926764705882353,TRUE,TRUE,TRUE,FALSE,FALSE
392,"B_smooth_logistic",0.6,1600,1600,TRUE,TRUE,0.509117647058824,TRUE,TRUE,TRUE,FALSE,FALSE
393,"B_smooth_logistic",0.6,1600,1600,TRUE,TRUE,1,TRUE,TRUE,TRUE,FALSE,FALSE
394,"B_smooth_logistic",0.6,2200,2200,TRUE,TRUE,0.848235294117647,TRUE,TRUE,TRUE,FALSE,FALSE
395,"B_smooth_logistic",0.6,1600,1600,TRUE,TRUE,0.802352941176471,TRUE,TRUE,TRUE,FALSE,FALSE
396,"B_smooth_logistic",0.6,1600,1600,TRUE,TRUE,1,TRUE,TRUE,TRUE,FALSE,FALSE
397,"B_smooth_logistic",0.6,1600,1600,TRUE,TRUE,1,TRUE,TRUE,TRUE,FALSE,FALSE
398,"B_smooth_logistic",0.6,1600,1600,TRUE,TRUE,1,TRUE,TRUE,TRUE,FALSE,FALSE
399,"B_smooth_logistic",0.6,1600,1600,TRUE,TRUE,0.811470588235294,TRUE,TRUE,TRUE,FALSE,FALSE
400,"B_smooth_logistic",0.6,1600,1600,TRUE,TRUE,0.821470588235294,TRUE,TRUE,TRUE,FALSE,FALSE
401,"B_smooth_logistic",0.6,1600,1600,TRUE,TRUE,1,TRUE,TRUE,TRUE,FALSE,FALSE
402,"B_smooth_logistic",0.6,1600,1600,TRUE,TRUE,1,TRUE,TRUE,TRUE,FALSE,FALSE
403,"B_smooth_logistic",0.6,1600,2200,TRUE,TRUE,0.829705882352941,TRUE,TRUE,TRUE,FALSE,FALSE
404,"B_smooth_logistic",0.6,1600,1600,TRUE,TRUE,1,TRUE,TRUE,TRUE,FALSE,FALSE
405,"B_smooth_logistic",0.6,1600,1600,TRUE,TRUE,1,TRUE,TRUE,TRUE,FALSE,FALSE
406,"B_smooth_logistic",0.6,1600,1600,TRUE,TRUE,1,TRUE,TRUE,TRUE,FALSE,FALSE
407,"B_smooth_logistic",0.6,1600,1600,TRUE,TRUE,1,TRUE,TRUE,TRUE,FALSE,FALSE
408,"B_smooth_logistic",0.6,1600,2800,TRUE,TRUE,1,TRUE,TRUE,TRUE,FALSE,FALSE
409,"B_smooth_logistic",0.6,1600,1600,TRUE,TRUE,0.692058823529412,TRUE,TRUE,TRUE,FALSE,FALSE
410,"B_smooth_logistic",0.6,1600,1600,TRUE,TRUE,0.618235294117647,TRUE,TRUE,TRUE,FALSE,FALSE
411,"B_smooth_logistic",0.6,1600,2200,TRUE,TRUE,0.557647058823529,TRUE,TRUE,TRUE,FALSE,FALSE
412,"B_smooth_logistic",0.6,1600,1600,TRUE,TRUE,0.812058823529412,TRUE,TRUE,TRUE,FALSE,FALSE
413,"B_smooth_logistic",0.6,1600,1600,TRUE,TRUE,1,TRUE,TRUE,TRUE,FALSE,FALSE
414,"B_smooth_logistic",0.6,1600,1600,TRUE,TRUE,0.851176470588235,TRUE,TRUE,TRUE,FALSE,FALSE
415,"B_smooth_logistic",0.6,1600,1600,TRUE,TRUE,0.859411764705882,TRUE,TRUE,TRUE,FALSE,FALSE
416,"B_smooth_logistic",0.6,1600,1600,TRUE,TRUE,0.900882352941176,TRUE,TRUE,TRUE,FALSE,FALSE
417,"B_smooth_logistic",0.6,1600,1600,TRUE,TRUE,1,TRUE,TRUE,TRUE,FALSE,FALSE
418,"B_smooth_logistic",0.6,1600,1600,TRUE,TRUE,0.577647058823529,TRUE,TRUE,TRUE,FALSE,FALSE
419,"B_smooth_logistic",0.6,1600,1600,TRUE,TRUE,1,TRUE,TRUE,TRUE,FALSE,FALSE
420,"B_smooth_logistic",0.6,1600,1600,TRUE,TRUE,0.832058823529412,TRUE,TRUE,TRUE,FALSE,FALSE
421,"B_smooth_logistic",0.6,1600,1600,TRUE,TRUE,0.910294117647059,TRUE,TRUE,TRUE,FALSE,FALSE
422,"B_smooth_logistic",0.6,1600,1600,TRUE,TRUE,0.751176470588235,TRUE,TRUE,TRUE,FALSE,FALSE
423,"B_smooth_logistic",0.6,1600,1600,TRUE,TRUE,1,TRUE,TRUE,TRUE,FALSE,FALSE
424,"B_smooth_logistic",0.6,3400,3400,TRUE,TRUE,0.627941176470588,TRUE,TRUE,TRUE,FALSE,FALSE
425,"B_smooth_logistic",0.6,2800,2800,TRUE,TRUE,0.544117647058823,TRUE,TRUE,TRUE,FALSE,FALSE
426,"B_smooth_logistic",0.6,1600,1600,TRUE,TRUE,0.944117647058824,TRUE,TRUE,TRUE,FALSE,FALSE
427,"B_smooth_logistic",0.6,1600,1600,TRUE,TRUE,1,TRUE,TRUE,TRUE,FALSE,FALSE
428,"B_smooth_logistic",0.6,1600,1600,TRUE,TRUE,0.640294117647059,TRUE,TRUE,TRUE,FALSE,FALSE
429,"B_smooth_logistic",0.6,1600,1600,TRUE,TRUE,0.883235294117647,TRUE,TRUE,TRUE,FALSE,FALSE
430,"B_smooth_logistic",0.6,1600,1600,TRUE,TRUE,0.709705882352941,TRUE,TRUE,TRUE,FALSE,FALSE
431,"B_smooth_logistic",0.6,1600,1600,TRUE,TRUE,0.588823529411765,TRUE,TRUE,TRUE,FALSE,FALSE
432,"B_smooth_logistic",0.6,1600,1600,TRUE,TRUE,1,TRUE,TRUE,TRUE,FALSE,FALSE
433,"B_smooth_logistic",0.6,1600,1600,TRUE,TRUE,0.924117647058823,TRUE,TRUE,TRUE,FALSE,FALSE
434,"B_smooth_logistic",0.6,1600,1600,TRUE,TRUE,0.669411764705882,TRUE,TRUE,TRUE,FALSE,FALSE
435,"B_smooth_logistic",0.6,1600,1600,TRUE,TRUE,1,TRUE,TRUE,TRUE,FALSE,FALSE
436,"B_smooth_logistic",0.6,1600,1600,TRUE,TRUE,0.835882352941177,TRUE,TRUE,TRUE,FALSE,FALSE
437,"B_smooth_logistic",0.6,1600,1600,TRUE,TRUE,1,TRUE,TRUE,TRUE,FALSE,FALSE
438,"B_smooth_logistic",0.6,1600,1600,TRUE,TRUE,0.850882352941176,TRUE,TRUE,TRUE,FALSE,FALSE
439,"B_smooth_logistic",0.6,1600,1600,TRUE,TRUE,0.746764705882353,TRUE,TRUE,TRUE,FALSE,FALSE
440,"B_smooth_logistic",0.6,1600,1600,TRUE,TRUE,1,TRUE,TRUE,TRUE,FALSE,FALSE
441,"B_smooth_logistic",0.6,1600,1600,TRUE,TRUE,0.699117647058824,TRUE,TRUE,TRUE,FALSE,FALSE
442,"B_smooth_logistic",0.6,1600,1600,TRUE,TRUE,1,TRUE,TRUE,TRUE,FALSE,FALSE
443,"B_smooth_logistic",0.6,1600,1600,TRUE,TRUE,1,TRUE,TRUE,TRUE,FALSE,FALSE
444,"B_smooth_logistic",0.6,1600,1600,TRUE,TRUE,0.707647058823529,TRUE,TRUE,TRUE,FALSE,FALSE
445,"B_smooth_logistic",0.6,1600,1600,TRUE,TRUE,1,TRUE,TRUE,TRUE,FALSE,FALSE
446,"B_smooth_logistic",0.6,1600,1600,TRUE,TRUE,0.950588235294118,TRUE,TRUE,TRUE,FALSE,FALSE
447,"B_smooth_logistic",0.6,1600,1600,TRUE,TRUE,0.748823529411765,TRUE,TRUE,TRUE,FALSE,FALSE
448,"B_smooth_logistic",0.6,1600,1600,TRUE,TRUE,0.781176470588235,TRUE,TRUE,TRUE,FALSE,FALSE
449,"B_smooth_logistic",0.6,1600,3400,TRUE,TRUE,1,TRUE,TRUE,TRUE,FALSE,FALSE
450,"B_smooth_logistic",0.6,1600,1600,TRUE,TRUE,1,TRUE,TRUE,TRUE,FALSE,FALSE
451,"B_smooth_logistic",0.6,1600,1600,TRUE,TRUE,0.739411764705882,TRUE,TRUE,TRUE,FALSE,FALSE
452,"B_smooth_logistic",0.6,1600,1600,TRUE,TRUE,0.811764705882353,TRUE,TRUE,TRUE,FALSE,FALSE
453,"B_smooth_logistic",0.6,1600,1600,TRUE,TRUE,0.832941176470588,TRUE,TRUE,TRUE,FALSE,FALSE
454,"B_smooth_logistic",0.6,1600,1600,TRUE,TRUE,0.837352941176471,TRUE,TRUE,TRUE,FALSE,FALSE
455,"B_smooth_logistic",0.6,1600,1600,TRUE,TRUE,1,TRUE,TRUE,TRUE,FALSE,FALSE
456,"B_smooth_logistic",0.6,1600,1600,TRUE,TRUE,0.822058823529412,TRUE,TRUE,TRUE,FALSE,FALSE
457,"B_smooth_logistic",0.6,1600,1600,TRUE,TRUE,0.816470588235294,TRUE,TRUE,TRUE,FALSE,FALSE
458,"B_smooth_logistic",0.6,2200,2800,TRUE,TRUE,1,TRUE,TRUE,TRUE,FALSE,FALSE
459,"B_smooth_logistic",0.6,1600,1600,TRUE,TRUE,0.636764705882353,TRUE,TRUE,TRUE,FALSE,FALSE
460,"B_smooth_logistic",0.6,1600,1600,TRUE,TRUE,1,TRUE,TRUE,TRUE,FALSE,FALSE
461,"B_smooth_logistic",0.6,1600,1600,TRUE,TRUE,0.591470588235294,TRUE,TRUE,TRUE,FALSE,FALSE
462,"B_smooth_logistic",0.6,1600,2200,TRUE,TRUE,0.795882352941176,TRUE,TRUE,TRUE,FALSE,FALSE
463,"B_smooth_logistic",0.6,1600,1600,TRUE,TRUE,0.927647058823529,TRUE,TRUE,TRUE,FALSE,FALSE
464,"B_smooth_logistic",0.6,2800,3400,TRUE,TRUE,1,TRUE,TRUE,TRUE,FALSE,FALSE
465,"B_smooth_logistic",0.6,1600,1600,TRUE,TRUE,0.869117647058824,TRUE,TRUE,TRUE,FALSE,FALSE
466,"B_smooth_logistic",0.6,NA,NA,FALSE,FALSE,0.449705882352941,FALSE,TRUE,TRUE,FALSE,FALSE
467,"B_smooth_logistic",0.6,1600,1600,TRUE,TRUE,1,TRUE,TRUE,TRUE,FALSE,FALSE
468,"B_smooth_logistic",0.6,1600,1600,TRUE,TRUE,1,TRUE,TRUE,TRUE,FALSE,FALSE
469,"B_smooth_logistic",0.6,1600,1600,TRUE,TRUE,0.993529411764706,TRUE,TRUE,TRUE,FALSE,FALSE
470,"B_smooth_logistic",0.6,1600,1600,TRUE,TRUE,0.575882352941177,TRUE,TRUE,TRUE,FALSE,FALSE
471,"B_smooth_logistic",0.6,2200,2800,TRUE,TRUE,1,TRUE,TRUE,TRUE,FALSE,FALSE
472,"B_smooth_logistic",0.6,2200,2800,TRUE,TRUE,0.712941176470588,TRUE,TRUE,TRUE,FALSE,FALSE
473,"B_smooth_logistic",0.6,1600,1600,TRUE,TRUE,0.915,TRUE,TRUE,TRUE,FALSE,FALSE
474,"B_smooth_logistic",0.6,1600,1600,TRUE,TRUE,0.549705882352941,TRUE,TRUE,TRUE,FALSE,FALSE
475,"B_smooth_logistic",0.6,1600,1600,TRUE,TRUE,1,TRUE,TRUE,TRUE,FALSE,FALSE
476,"B_smooth_logistic",0.6,1600,1600,TRUE,TRUE,1,TRUE,TRUE,TRUE,FALSE,FALSE
477,"B_smooth_logistic",0.6,1600,1600,TRUE,TRUE,0.775882352941176,TRUE,TRUE,TRUE,FALSE,FALSE
478,"B_smooth_logistic",0.6,NA,NA,FALSE,FALSE,0.451764705882353,FALSE,TRUE,TRUE,FALSE,FALSE
479,"B_smooth_logistic",0.6,1600,2200,TRUE,TRUE,1,TRUE,TRUE,TRUE,FALSE,FALSE
480,"B_smooth_logistic",0.6,1600,1600,TRUE,TRUE,0.698235294117647,TRUE,TRUE,TRUE,FALSE,FALSE
481,"B_smooth_logistic",0.6,1600,1600,TRUE,TRUE,1,TRUE,TRUE,TRUE,FALSE,FALSE
482,"B_smooth_logistic",0.6,1600,1600,TRUE,TRUE,0.941176470588235,TRUE,TRUE,TRUE,FALSE,FALSE
483,"B_smooth_logistic",0.6,1600,1600,TRUE,TRUE,0.667352941176471,TRUE,TRUE,TRUE,FALSE,FALSE
484,"B_smooth_logistic",0.6,1600,1600,TRUE,TRUE,1,TRUE,TRUE,TRUE,FALSE,FALSE
485,"B_smooth_logistic",0.6,1600,2200,TRUE,TRUE,0.636176470588235,TRUE,TRUE,TRUE,FALSE,FALSE
486,"B_smooth_logistic",0.6,1600,1600,TRUE,TRUE,0.739411764705882,TRUE,TRUE,TRUE,FALSE,FALSE
487,"B_smooth_logistic",0.6,1600,1600,TRUE,TRUE,0.722647058823529,TRUE,TRUE,TRUE,FALSE,FALSE
488,"B_smooth_logistic",0.6,1600,1600,TRUE,TRUE,1,TRUE,TRUE,TRUE,FALSE,FALSE
489,"B_smooth_logistic",0.6,1600,1600,TRUE,TRUE,0.740294117647059,TRUE,TRUE,TRUE,FALSE,FALSE
490,"B_smooth_logistic",0.6,1600,1600,TRUE,TRUE,0.803823529411765,TRUE,TRUE,TRUE,FALSE,FALSE
491,"B_smooth_logistic",0.6,1600,1600,TRUE,TRUE,1,TRUE,TRUE,TRUE,FALSE,FALSE
492,"B_smooth_logistic",0.6,1600,1600,TRUE,TRUE,0.542058823529412,TRUE,TRUE,TRUE,FALSE,FALSE
493,"B_smooth_logistic",0.6,1600,1600,TRUE,TRUE,1,TRUE,TRUE,TRUE,FALSE,FALSE
494,"B_smooth_logistic",0.6,1600,1600,TRUE,TRUE,0.662647058823529,TRUE,TRUE,TRUE,FALSE,FALSE
495,"B_smooth_logistic",0.6,1600,1600,TRUE,TRUE,1,TRUE,TRUE,TRUE,FALSE,FALSE
496,"B_smooth_logistic",0.6,1600,1600,TRUE,TRUE,1,TRUE,TRUE,TRUE,FALSE,FALSE
497,"B_smooth_logistic",0.6,1600,1600,TRUE,TRUE,0.965,TRUE,TRUE,TRUE,FALSE,FALSE
498,"B_smooth_logistic",0.6,1600,1600,TRUE,TRUE,1,TRUE,TRUE,TRUE,FALSE,FALSE
499,"B_smooth_logistic",0.6,1600,1600,TRUE,TRUE,0.643823529411765,TRUE,TRUE,TRUE,FALSE,FALSE
500,"B_smooth_logistic",0.6,1600,1600,TRUE,TRUE,0.686470588235294,TRUE,TRUE,TRUE,FALSE,FALSE
1,"A_threshold",0.7,1600,1600,TRUE,TRUE,0.222058823529412,FALSE,FALSE,FALSE,TRUE,TRUE
2,"A_threshold",0.7,NA,NA,FALSE,FALSE,0.133235294117647,FALSE,TRUE,TRUE,FALSE,FALSE
3,"A_threshold",0.7,1600,1600,TRUE,TRUE,0.356470588235294,FALSE,FALSE,FALSE,TRUE,TRUE
4,"A_threshold",0.7,NA,NA,FALSE,FALSE,0.0773529411764706,FALSE,TRUE,TRUE,FALSE,FALSE
5,"A_threshold",0.7,NA,NA,FALSE,FALSE,0,FALSE,TRUE,TRUE,FALSE,FALSE
6,"A_threshold",0.7,2200,4000,TRUE,TRUE,0.582058823529412,TRUE,TRUE,TRUE,FALSE,FALSE
7,"A_threshold",0.7,1600,1600,TRUE,TRUE,0.398235294117647,FALSE,FALSE,FALSE,TRUE,TRUE
8,"A_threshold",0.7,NA,NA,FALSE,FALSE,0.00176470588235294,FALSE,TRUE,TRUE,FALSE,FALSE
9,"A_threshold",0.7,NA,NA,FALSE,FALSE,0.118235294117647,FALSE,TRUE,TRUE,FALSE,FALSE
10,"A_threshold",0.7,2200,2800,TRUE,TRUE,0.302352941176471,FALSE,FALSE,FALSE,TRUE,TRUE
11,"A_threshold",0.7,2800,3400,TRUE,TRUE,0.569411764705882,TRUE,TRUE,TRUE,FALSE,FALSE
12,"A_threshold",0.7,NA,NA,FALSE,FALSE,0,FALSE,TRUE,TRUE,FALSE,FALSE
13,"A_threshold",0.7,NA,NA,FALSE,FALSE,0.173235294117647,FALSE,TRUE,TRUE,FALSE,FALSE
14,"A_threshold",0.7,NA,NA,FALSE,FALSE,0.0535294117647059,FALSE,TRUE,TRUE,FALSE,FALSE
15,"A_threshold",0.7,NA,NA,FALSE,FALSE,0.00117647058823529,FALSE,TRUE,TRUE,FALSE,FALSE
16,"A_threshold",0.7,NA,NA,FALSE,FALSE,0.08,FALSE,TRUE,TRUE,FALSE,FALSE
17,"A_threshold",0.7,NA,NA,FALSE,FALSE,0.286764705882353,FALSE,TRUE,TRUE,FALSE,FALSE
18,"A_threshold",0.7,4000,4000,TRUE,TRUE,0.543823529411765,TRUE,TRUE,TRUE,FALSE,FALSE
19,"A_threshold",0.7,NA,NA,FALSE,FALSE,0.0367647058823529,FALSE,TRUE,TRUE,FALSE,FALSE
20,"A_threshold",0.7,1600,NA,TRUE,FALSE,0.294705882352941,FALSE,FALSE,TRUE,TRUE,FALSE
21,"A_threshold",0.7,NA,NA,FALSE,FALSE,0.113235294117647,FALSE,TRUE,TRUE,FALSE,FALSE
22,"A_threshold",0.7,NA,NA,FALSE,FALSE,0.0288235294117647,FALSE,TRUE,TRUE,FALSE,FALSE
23,"A_threshold",0.7,NA,NA,FALSE,FALSE,0,FALSE,TRUE,TRUE,FALSE,FALSE
24,"A_threshold",0.7,NA,NA,FALSE,FALSE,0.152058823529412,FALSE,TRUE,TRUE,FALSE,FALSE
25,"A_threshold",0.7,2800,NA,TRUE,FALSE,0.357941176470588,FALSE,FALSE,TRUE,TRUE,FALSE
26,"A_threshold",0.7,1600,2200,TRUE,TRUE,0.332352941176471,FALSE,FALSE,FALSE,TRUE,TRUE
27,"A_threshold",0.7,1600,1600,TRUE,TRUE,0.223235294117647,FALSE,FALSE,FALSE,TRUE,TRUE
28,"A_threshold",0.7,NA,NA,FALSE,FALSE,0.0847058823529412,FALSE,TRUE,TRUE,FALSE,FALSE
29,"A_threshold",0.7,NA,NA,FALSE,FALSE,0.238529411764706,FALSE,TRUE,TRUE,FALSE,FALSE
30,"A_threshold",0.7,NA,NA,FALSE,FALSE,0.0814705882352941,FALSE,TRUE,TRUE,FALSE,FALSE
31,"A_threshold",0.7,NA,NA,FALSE,FALSE,0.0723529411764706,FALSE,TRUE,TRUE,FALSE,FALSE
32,"A_threshold",0.7,NA,NA,FALSE,FALSE,0.0214705882352941,FALSE,TRUE,TRUE,FALSE,FALSE
33,"A_threshold",0.7,1600,NA,TRUE,FALSE,0.00264705882352941,FALSE,FALSE,TRUE,TRUE,FALSE
34,"A_threshold",0.7,NA,NA,FALSE,FALSE,0.423529411764706,FALSE,TRUE,TRUE,FALSE,FALSE
35,"A_threshold",0.7,1600,1600,TRUE,TRUE,0.588823529411765,TRUE,TRUE,TRUE,FALSE,FALSE
36,"A_threshold",0.7,NA,NA,FALSE,FALSE,0.286176470588235,FALSE,TRUE,TRUE,FALSE,FALSE
37,"A_threshold",0.7,NA,NA,FALSE,FALSE,0.0158823529411765,FALSE,TRUE,TRUE,FALSE,FALSE
38,"A_threshold",0.7,NA,NA,FALSE,FALSE,0.190294117647059,FALSE,TRUE,TRUE,FALSE,FALSE
39,"A_threshold",0.7,1600,NA,TRUE,FALSE,0.0870588235294118,FALSE,FALSE,TRUE,TRUE,FALSE
40,"A_threshold",0.7,NA,NA,FALSE,FALSE,0.0691176470588235,FALSE,TRUE,TRUE,FALSE,FALSE
41,"A_threshold",0.7,1600,1600,TRUE,TRUE,0.412058823529412,FALSE,FALSE,FALSE,TRUE,TRUE
42,"A_threshold",0.7,NA,NA,FALSE,FALSE,0.0255882352941176,FALSE,TRUE,TRUE,FALSE,FALSE
43,"A_threshold",0.7,NA,NA,FALSE,FALSE,0.113235294117647,FALSE,TRUE,TRUE,FALSE,FALSE
44,"A_threshold",0.7,1600,1600,TRUE,TRUE,0.732352941176471,TRUE,TRUE,TRUE,FALSE,FALSE
45,"A_threshold",0.7,2800,3400,TRUE,TRUE,0.434705882352941,FALSE,FALSE,FALSE,TRUE,TRUE
46,"A_threshold",0.7,NA,NA,FALSE,FALSE,0.279705882352941,FALSE,TRUE,TRUE,FALSE,FALSE
47,"A_threshold",0.7,1600,1600,TRUE,TRUE,0.570294117647059,TRUE,TRUE,TRUE,FALSE,FALSE
48,"A_threshold",0.7,1600,1600,TRUE,TRUE,0.563823529411765,TRUE,TRUE,TRUE,FALSE,FALSE
49,"A_threshold",0.7,NA,NA,FALSE,FALSE,0.167058823529412,FALSE,TRUE,TRUE,FALSE,FALSE
50,"A_threshold",0.7,1600,1600,TRUE,TRUE,0.619411764705882,TRUE,TRUE,TRUE,FALSE,FALSE
51,"A_threshold",0.7,NA,NA,FALSE,FALSE,0.395882352941176,FALSE,TRUE,TRUE,FALSE,FALSE
52,"A_threshold",0.7,NA,NA,FALSE,FALSE,0.302941176470588,FALSE,TRUE,TRUE,FALSE,FALSE
53,"A_threshold",0.7,NA,NA,FALSE,FALSE,0.39,FALSE,TRUE,TRUE,FALSE,FALSE
54,"A_threshold",0.7,NA,NA,FALSE,FALSE,0.075,FALSE,TRUE,TRUE,FALSE,FALSE
55,"A_threshold",0.7,NA,NA,FALSE,FALSE,0.337647058823529,FALSE,TRUE,TRUE,FALSE,FALSE
56,"A_threshold",0.7,NA,NA,FALSE,FALSE,0.447647058823529,FALSE,TRUE,TRUE,FALSE,FALSE
57,"A_threshold",0.7,NA,NA,FALSE,FALSE,0.135882352941176,FALSE,TRUE,TRUE,FALSE,FALSE
58,"A_threshold",0.7,NA,NA,FALSE,FALSE,0.265,FALSE,TRUE,TRUE,FALSE,FALSE
59,"A_threshold",0.7,NA,NA,FALSE,FALSE,0.0117647058823529,FALSE,TRUE,TRUE,FALSE,FALSE
60,"A_threshold",0.7,NA,NA,FALSE,FALSE,0.327647058823529,FALSE,TRUE,TRUE,FALSE,FALSE
61,"A_threshold",0.7,NA,NA,FALSE,FALSE,0,FALSE,TRUE,TRUE,FALSE,FALSE
62,"A_threshold",0.7,NA,NA,FALSE,FALSE,0.400294117647059,FALSE,TRUE,TRUE,FALSE,FALSE
63,"A_threshold",0.7,1600,2200,TRUE,TRUE,0.447647058823529,FALSE,FALSE,FALSE,TRUE,TRUE
64,"A_threshold",0.7,1600,NA,TRUE,FALSE,0.111764705882353,FALSE,FALSE,TRUE,TRUE,FALSE
65,"A_threshold",0.7,3400,3400,TRUE,TRUE,0.468823529411765,FALSE,FALSE,FALSE,TRUE,TRUE
66,"A_threshold",0.7,NA,NA,FALSE,FALSE,0.149117647058824,FALSE,TRUE,TRUE,FALSE,FALSE
67,"A_threshold",0.7,1600,1600,TRUE,TRUE,0.377352941176471,FALSE,FALSE,FALSE,TRUE,TRUE
68,"A_threshold",0.7,1600,2200,TRUE,TRUE,0.992941176470588,TRUE,TRUE,TRUE,FALSE,FALSE
69,"A_threshold",0.7,2200,NA,TRUE,FALSE,0,FALSE,FALSE,TRUE,TRUE,FALSE
70,"A_threshold",0.7,1600,1600,TRUE,TRUE,0.409411764705882,FALSE,FALSE,FALSE,TRUE,TRUE
71,"A_threshold",0.7,1600,1600,TRUE,TRUE,0.114705882352941,FALSE,FALSE,FALSE,TRUE,TRUE
72,"A_threshold",0.7,NA,NA,FALSE,FALSE,0.305882352941176,FALSE,TRUE,TRUE,FALSE,FALSE
73,"A_threshold",0.7,NA,NA,FALSE,FALSE,0.459117647058824,FALSE,TRUE,TRUE,FALSE,FALSE
74,"A_threshold",0.7,1600,3400,TRUE,TRUE,0.420588235294118,FALSE,FALSE,FALSE,TRUE,TRUE
75,"A_threshold",0.7,NA,NA,FALSE,FALSE,0.0376470588235294,FALSE,TRUE,TRUE,FALSE,FALSE
76,"A_threshold",0.7,NA,NA,FALSE,FALSE,0.283235294117647,FALSE,TRUE,TRUE,FALSE,FALSE
77,"A_threshold",0.7,1600,2200,TRUE,TRUE,1,TRUE,TRUE,TRUE,FALSE,FALSE
78,"A_threshold",0.7,NA,NA,FALSE,FALSE,0.0126470588235294,FALSE,TRUE,TRUE,FALSE,FALSE
79,"A_threshold",0.7,1600,1600,TRUE,TRUE,0.262941176470588,FALSE,FALSE,FALSE,TRUE,TRUE
80,"A_threshold",0.7,1600,NA,TRUE,FALSE,0.389117647058824,FALSE,FALSE,TRUE,TRUE,FALSE
81,"A_threshold",0.7,NA,NA,FALSE,FALSE,0,FALSE,TRUE,TRUE,FALSE,FALSE
82,"A_threshold",0.7,1600,1600,TRUE,TRUE,0.877352941176471,TRUE,TRUE,TRUE,FALSE,FALSE
83,"A_threshold",0.7,NA,NA,FALSE,FALSE,0.397352941176471,FALSE,TRUE,TRUE,FALSE,FALSE
84,"A_threshold",0.7,2200,2200,TRUE,TRUE,0.606470588235294,TRUE,TRUE,TRUE,FALSE,FALSE
85,"A_threshold",0.7,NA,NA,FALSE,FALSE,0,FALSE,TRUE,TRUE,FALSE,FALSE
86,"A_threshold",0.7,NA,NA,FALSE,FALSE,0.321470588235294,FALSE,TRUE,TRUE,FALSE,FALSE
87,"A_threshold",0.7,2200,2200,TRUE,TRUE,0.112058823529412,FALSE,FALSE,FALSE,TRUE,TRUE
88,"A_threshold",0.7,NA,NA,FALSE,FALSE,0.268529411764706,FALSE,TRUE,TRUE,FALSE,FALSE
89,"A_threshold",0.7,NA,NA,FALSE,FALSE,0.248823529411765,FALSE,TRUE,TRUE,FALSE,FALSE
90,"A_threshold",0.7,1600,1600,TRUE,TRUE,0.532058823529412,TRUE,TRUE,TRUE,FALSE,FALSE
91,"A_threshold",0.7,NA,NA,FALSE,FALSE,0.134117647058824,FALSE,TRUE,TRUE,FALSE,FALSE
92,"A_threshold",0.7,NA,NA,FALSE,FALSE,0.189705882352941,FALSE,TRUE,TRUE,FALSE,FALSE
93,"A_threshold",0.7,NA,NA,FALSE,FALSE,0.295588235294118,FALSE,TRUE,TRUE,FALSE,FALSE
94,"A_threshold",0.7,NA,NA,FALSE,FALSE,0.442352941176471,FALSE,TRUE,TRUE,FALSE,FALSE
95,"A_threshold",0.7,1600,1600,TRUE,TRUE,0.508235294117647,TRUE,TRUE,TRUE,FALSE,FALSE
96,"A_threshold",0.7,NA,NA,FALSE,FALSE,0.192352941176471,FALSE,TRUE,TRUE,FALSE,FALSE
97,"A_threshold",0.7,NA,NA,FALSE,FALSE,0.253823529411765,FALSE,TRUE,TRUE,FALSE,FALSE
98,"A_threshold",0.7,NA,NA,FALSE,FALSE,0.326176470588235,FALSE,TRUE,TRUE,FALSE,FALSE
99,"A_threshold",0.7,NA,NA,FALSE,FALSE,0,FALSE,TRUE,TRUE,FALSE,FALSE
100,"A_threshold",0.7,NA,NA,FALSE,FALSE,0,FALSE,TRUE,TRUE,FALSE,FALSE
101,"A_threshold",0.7,1600,1600,TRUE,TRUE,0.751176470588235,TRUE,TRUE,TRUE,FALSE,FALSE
102,"A_threshold",0.7,2200,2800,TRUE,TRUE,0.452352941176471,FALSE,FALSE,FALSE,TRUE,TRUE
103,"A_threshold",0.7,NA,NA,FALSE,FALSE,0.344411764705882,FALSE,TRUE,TRUE,FALSE,FALSE
104,"A_threshold",0.7,NA,NA,FALSE,FALSE,0,FALSE,TRUE,TRUE,FALSE,FALSE
105,"A_threshold",0.7,1600,4000,TRUE,TRUE,0.611470588235294,TRUE,TRUE,TRUE,FALSE,FALSE
106,"A_threshold",0.7,2200,2200,TRUE,TRUE,0.569117647058824,TRUE,TRUE,TRUE,FALSE,FALSE
107,"A_threshold",0.7,1600,1600,TRUE,TRUE,0.610588235294118,TRUE,TRUE,TRUE,FALSE,FALSE
108,"A_threshold",0.7,NA,NA,FALSE,FALSE,0.288529411764706,FALSE,TRUE,TRUE,FALSE,FALSE
109,"A_threshold",0.7,1600,1600,TRUE,TRUE,0.562647058823529,TRUE,TRUE,TRUE,FALSE,FALSE
110,"A_threshold",0.7,NA,NA,FALSE,FALSE,0.313823529411765,FALSE,TRUE,TRUE,FALSE,FALSE
111,"A_threshold",0.7,NA,NA,FALSE,FALSE,0,FALSE,TRUE,TRUE,FALSE,FALSE
112,"A_threshold",0.7,2800,4000,TRUE,TRUE,0.946176470588235,TRUE,TRUE,TRUE,FALSE,FALSE
113,"A_threshold",0.7,NA,NA,FALSE,FALSE,0.312058823529412,FALSE,TRUE,TRUE,FALSE,FALSE
114,"A_threshold",0.7,1600,1600,TRUE,TRUE,0.474705882352941,FALSE,FALSE,FALSE,TRUE,TRUE
115,"A_threshold",0.7,NA,NA,FALSE,FALSE,0.00617647058823529,FALSE,TRUE,TRUE,FALSE,FALSE
116,"A_threshold",0.7,NA,NA,FALSE,FALSE,0.268529411764706,FALSE,TRUE,TRUE,FALSE,FALSE
117,"A_threshold",0.7,NA,NA,FALSE,FALSE,0.0644117647058823,FALSE,TRUE,TRUE,FALSE,FALSE
118,"A_threshold",0.7,NA,NA,FALSE,FALSE,0.327352941176471,FALSE,TRUE,TRUE,FALSE,FALSE
119,"A_threshold",0.7,NA,NA,FALSE,FALSE,0,FALSE,TRUE,TRUE,FALSE,FALSE
120,"A_threshold",0.7,NA,NA,FALSE,FALSE,0.325294117647059,FALSE,TRUE,TRUE,FALSE,FALSE
121,"A_threshold",0.7,NA,NA,FALSE,FALSE,0.262647058823529,FALSE,TRUE,TRUE,FALSE,FALSE
122,"A_threshold",0.7,1600,1600,TRUE,TRUE,0.606764705882353,TRUE,TRUE,TRUE,FALSE,FALSE
123,"A_threshold",0.7,NA,NA,FALSE,FALSE,0,FALSE,TRUE,TRUE,FALSE,FALSE
124,"A_threshold",0.7,1600,1600,TRUE,TRUE,0.140588235294118,FALSE,FALSE,FALSE,TRUE,TRUE
125,"A_threshold",0.7,NA,NA,FALSE,FALSE,0.313823529411765,FALSE,TRUE,TRUE,FALSE,FALSE
126,"A_threshold",0.7,NA,NA,FALSE,FALSE,0.238823529411765,FALSE,TRUE,TRUE,FALSE,FALSE
127,"A_threshold",0.7,1600,NA,TRUE,FALSE,0.242941176470588,FALSE,FALSE,TRUE,TRUE,FALSE
128,"A_threshold",0.7,1600,2200,TRUE,TRUE,0.677058823529412,TRUE,TRUE,TRUE,FALSE,FALSE
129,"A_threshold",0.7,NA,NA,FALSE,FALSE,0.168235294117647,FALSE,TRUE,TRUE,FALSE,FALSE
130,"A_threshold",0.7,1600,1600,TRUE,TRUE,0.314411764705882,FALSE,FALSE,FALSE,TRUE,TRUE
131,"A_threshold",0.7,NA,NA,FALSE,FALSE,0.213529411764706,FALSE,TRUE,TRUE,FALSE,FALSE
132,"A_threshold",0.7,1600,1600,TRUE,TRUE,0.690882352941177,TRUE,TRUE,TRUE,FALSE,FALSE
133,"A_threshold",0.7,3400,3400,TRUE,TRUE,0.625882352941176,TRUE,TRUE,TRUE,FALSE,FALSE
134,"A_threshold",0.7,1600,1600,TRUE,TRUE,0.350294117647059,FALSE,FALSE,FALSE,TRUE,TRUE
135,"A_threshold",0.7,1600,1600,TRUE,TRUE,0.612352941176471,TRUE,TRUE,TRUE,FALSE,FALSE
136,"A_threshold",0.7,NA,NA,FALSE,FALSE,0.0676470588235294,FALSE,TRUE,TRUE,FALSE,FALSE
137,"A_threshold",0.7,4000,4000,TRUE,TRUE,0.516764705882353,TRUE,TRUE,TRUE,FALSE,FALSE
138,"A_threshold",0.7,1600,NA,TRUE,FALSE,0.145,FALSE,FALSE,TRUE,TRUE,FALSE
139,"A_threshold",0.7,NA,NA,FALSE,FALSE,0.215294117647059,FALSE,TRUE,TRUE,FALSE,FALSE
140,"A_threshold",0.7,NA,NA,FALSE,FALSE,0.381764705882353,FALSE,TRUE,TRUE,FALSE,FALSE
141,"A_threshold",0.7,2200,2800,TRUE,TRUE,0.535,TRUE,TRUE,TRUE,FALSE,FALSE
142,"A_threshold",0.7,NA,NA,FALSE,FALSE,0,FALSE,TRUE,TRUE,FALSE,FALSE
143,"A_threshold",0.7,NA,NA,FALSE,FALSE,0.207941176470588,FALSE,TRUE,TRUE,FALSE,FALSE
144,"A_threshold",0.7,1600,1600,TRUE,TRUE,0.543235294117647,TRUE,TRUE,TRUE,FALSE,FALSE
145,"A_threshold",0.7,NA,NA,FALSE,FALSE,0.167941176470588,FALSE,TRUE,TRUE,FALSE,FALSE
146,"A_threshold",0.7,NA,NA,FALSE,FALSE,0.203529411764706,FALSE,TRUE,TRUE,FALSE,FALSE
147,"A_threshold",0.7,NA,NA,FALSE,FALSE,0.159411764705882,FALSE,TRUE,TRUE,FALSE,FALSE
148,"A_threshold",0.7,1600,3400,TRUE,TRUE,0.802647058823529,TRUE,TRUE,TRUE,FALSE,FALSE
149,"A_threshold",0.7,NA,NA,FALSE,FALSE,0.322647058823529,FALSE,TRUE,TRUE,FALSE,FALSE
150,"A_threshold",0.7,NA,NA,FALSE,FALSE,0.0238235294117647,FALSE,TRUE,TRUE,FALSE,FALSE
151,"A_threshold",0.7,NA,NA,FALSE,FALSE,0.0723529411764706,FALSE,TRUE,TRUE,FALSE,FALSE
152,"A_threshold",0.7,1600,2200,TRUE,TRUE,0.52,TRUE,TRUE,TRUE,FALSE,FALSE
153,"A_threshold",0.7,NA,NA,FALSE,FALSE,0.0552941176470588,FALSE,TRUE,TRUE,FALSE,FALSE
154,"A_threshold",0.7,2200,2200,TRUE,TRUE,0.422352941176471,FALSE,FALSE,FALSE,TRUE,TRUE
155,"A_threshold",0.7,NA,NA,FALSE,FALSE,0.0367647058823529,FALSE,TRUE,TRUE,FALSE,FALSE
156,"A_threshold",0.7,NA,NA,FALSE,FALSE,0.00558823529411765,FALSE,TRUE,TRUE,FALSE,FALSE
157,"A_threshold",0.7,2800,2800,TRUE,TRUE,0.510588235294118,TRUE,TRUE,TRUE,FALSE,FALSE
158,"A_threshold",0.7,3400,4000,TRUE,TRUE,0.638235294117647,TRUE,TRUE,TRUE,FALSE,FALSE
159,"A_threshold",0.7,1600,1600,TRUE,TRUE,0.297058823529412,FALSE,FALSE,FALSE,TRUE,TRUE
160,"A_threshold",0.7,NA,NA,FALSE,FALSE,0.211176470588235,FALSE,TRUE,TRUE,FALSE,FALSE
161,"A_threshold",0.7,NA,NA,FALSE,FALSE,0.304411764705882,FALSE,TRUE,TRUE,FALSE,FALSE
162,"A_threshold",0.7,NA,NA,FALSE,FALSE,0.257647058823529,FALSE,TRUE,TRUE,FALSE,FALSE
163,"A_threshold",0.7,NA,NA,FALSE,FALSE,0.287941176470588,FALSE,TRUE,TRUE,FALSE,FALSE
164,"A_threshold",0.7,NA,NA,FALSE,FALSE,0,FALSE,TRUE,TRUE,FALSE,FALSE
165,"A_threshold",0.7,3400,NA,TRUE,FALSE,0.447941176470588,FALSE,FALSE,TRUE,TRUE,FALSE
166,"A_threshold",0.7,NA,NA,FALSE,FALSE,0.132058823529412,FALSE,TRUE,TRUE,FALSE,FALSE
167,"A_threshold",0.7,1600,1600,TRUE,TRUE,0.400882352941176,FALSE,FALSE,FALSE,TRUE,TRUE
168,"A_threshold",0.7,NA,NA,FALSE,FALSE,0.313235294117647,FALSE,TRUE,TRUE,FALSE,FALSE
169,"A_threshold",0.7,NA,NA,FALSE,FALSE,0.256764705882353,FALSE,TRUE,TRUE,FALSE,FALSE
170,"A_threshold",0.7,1600,1600,TRUE,TRUE,0.517941176470588,TRUE,TRUE,TRUE,FALSE,FALSE
171,"A_threshold",0.7,1600,1600,TRUE,TRUE,0.405882352941176,FALSE,FALSE,FALSE,TRUE,TRUE
172,"A_threshold",0.7,3400,NA,TRUE,FALSE,0.478823529411765,FALSE,FALSE,TRUE,TRUE,FALSE
173,"A_threshold",0.7,NA,NA,FALSE,FALSE,0.00117647058823529,FALSE,TRUE,TRUE,FALSE,FALSE
174,"A_threshold",0.7,2200,4000,TRUE,TRUE,0.617941176470588,TRUE,TRUE,TRUE,FALSE,FALSE
175,"A_threshold",0.7,1600,1600,TRUE,TRUE,0.306470588235294,FALSE,FALSE,FALSE,TRUE,TRUE
176,"A_threshold",0.7,1600,1600,TRUE,TRUE,0.727058823529412,TRUE,TRUE,TRUE,FALSE,FALSE
177,"A_threshold",0.7,1600,2200,TRUE,TRUE,0.142647058823529,FALSE,FALSE,FALSE,TRUE,TRUE
178,"A_threshold",0.7,NA,NA,FALSE,FALSE,0.0929411764705882,FALSE,TRUE,TRUE,FALSE,FALSE
179,"A_threshold",0.7,NA,NA,FALSE,FALSE,0,FALSE,TRUE,TRUE,FALSE,FALSE
180,"A_threshold",0.7,NA,NA,FALSE,FALSE,0.314117647058824,FALSE,TRUE,TRUE,FALSE,FALSE
181,"A_threshold",0.7,NA,NA,FALSE,FALSE,0.0408823529411765,FALSE,TRUE,TRUE,FALSE,FALSE
182,"A_threshold",0.7,NA,NA,FALSE,FALSE,0.167058823529412,FALSE,TRUE,TRUE,FALSE,FALSE
183,"A_threshold",0.7,NA,NA,FALSE,FALSE,0.345882352941176,FALSE,TRUE,TRUE,FALSE,FALSE
184,"A_threshold",0.7,1600,NA,TRUE,FALSE,0.0161764705882353,FALSE,FALSE,TRUE,TRUE,FALSE
185,"A_threshold",0.7,NA,NA,FALSE,FALSE,0,FALSE,TRUE,TRUE,FALSE,FALSE
186,"A_threshold",0.7,NA,NA,FALSE,FALSE,0.234411764705882,FALSE,TRUE,TRUE,FALSE,FALSE
187,"A_threshold",0.7,NA,NA,FALSE,FALSE,0.0697058823529412,FALSE,TRUE,TRUE,FALSE,FALSE
188,"A_threshold",0.7,1600,1600,TRUE,TRUE,0.79,TRUE,TRUE,TRUE,FALSE,FALSE
189,"A_threshold",0.7,NA,NA,FALSE,FALSE,0.0270588235294118,FALSE,TRUE,TRUE,FALSE,FALSE
190,"A_threshold",0.7,2200,2800,TRUE,TRUE,0.317352941176471,FALSE,FALSE,FALSE,TRUE,TRUE
191,"A_threshold",0.7,NA,NA,FALSE,FALSE,0.0802941176470588,FALSE,TRUE,TRUE,FALSE,FALSE
192,"A_threshold",0.7,NA,NA,FALSE,FALSE,0.000294117647058824,FALSE,TRUE,TRUE,FALSE,FALSE
193,"A_threshold",0.7,NA,NA,FALSE,FALSE,0.0308823529411765,FALSE,TRUE,TRUE,FALSE,FALSE
194,"A_threshold",0.7,NA,NA,FALSE,FALSE,0.0664705882352941,FALSE,TRUE,TRUE,FALSE,FALSE
195,"A_threshold",0.7,1600,1600,TRUE,TRUE,0.694411764705882,TRUE,TRUE,TRUE,FALSE,FALSE
196,"A_threshold",0.7,NA,NA,FALSE,FALSE,0,FALSE,TRUE,TRUE,FALSE,FALSE
197,"A_threshold",0.7,1600,2200,TRUE,TRUE,0.717647058823529,TRUE,TRUE,TRUE,FALSE,FALSE
198,"A_threshold",0.7,NA,NA,FALSE,FALSE,0.0714705882352941,FALSE,TRUE,TRUE,FALSE,FALSE
199,"A_threshold",0.7,1600,1600,TRUE,TRUE,0.305882352941176,FALSE,FALSE,FALSE,TRUE,TRUE
200,"A_threshold",0.7,NA,NA,FALSE,FALSE,0.0841176470588235,FALSE,TRUE,TRUE,FALSE,FALSE
201,"A_threshold",0.7,NA,NA,FALSE,FALSE,0.0697058823529412,FALSE,TRUE,TRUE,FALSE,FALSE
202,"A_threshold",0.7,1600,1600,TRUE,TRUE,0.988529411764706,TRUE,TRUE,TRUE,FALSE,FALSE
203,"A_threshold",0.7,NA,NA,FALSE,FALSE,0.112941176470588,FALSE,TRUE,TRUE,FALSE,FALSE
204,"A_threshold",0.7,NA,NA,FALSE,FALSE,0,FALSE,TRUE,TRUE,FALSE,FALSE
205,"A_threshold",0.7,3400,NA,TRUE,FALSE,0.280882352941176,FALSE,FALSE,TRUE,TRUE,FALSE
206,"A_threshold",0.7,NA,NA,FALSE,FALSE,0.134705882352941,FALSE,TRUE,TRUE,FALSE,FALSE
207,"A_threshold",0.7,4000,NA,TRUE,FALSE,0.551176470588235,TRUE,TRUE,FALSE,FALSE,FALSE
208,"A_threshold",0.7,NA,NA,FALSE,FALSE,0.0585294117647059,FALSE,TRUE,TRUE,FALSE,FALSE
209,"A_threshold",0.7,2200,2200,TRUE,TRUE,0.289705882352941,FALSE,FALSE,FALSE,TRUE,TRUE
210,"A_threshold",0.7,NA,NA,FALSE,FALSE,0.184411764705882,FALSE,TRUE,TRUE,FALSE,FALSE
211,"A_threshold",0.7,NA,NA,FALSE,FALSE,0.129705882352941,FALSE,TRUE,TRUE,FALSE,FALSE
212,"A_threshold",0.7,NA,NA,FALSE,FALSE,0,FALSE,TRUE,TRUE,FALSE,FALSE
213,"A_threshold",0.7,NA,NA,FALSE,FALSE,0.309705882352941,FALSE,TRUE,TRUE,FALSE,FALSE
214,"A_threshold",0.7,NA,NA,FALSE,FALSE,0.0270588235294118,FALSE,TRUE,TRUE,FALSE,FALSE
215,"A_threshold",0.7,1600,1600,TRUE,TRUE,0.752352941176471,TRUE,TRUE,TRUE,FALSE,FALSE
216,"A_threshold",0.7,NA,NA,FALSE,FALSE,0.368823529411765,FALSE,TRUE,TRUE,FALSE,FALSE
217,"A_threshold",0.7,NA,NA,FALSE,FALSE,0,FALSE,TRUE,TRUE,FALSE,FALSE
218,"A_threshold",0.7,NA,NA,FALSE,FALSE,0.358823529411765,FALSE,TRUE,TRUE,FALSE,FALSE
219,"A_threshold",0.7,NA,NA,FALSE,FALSE,0.03,FALSE,TRUE,TRUE,FALSE,FALSE
220,"A_threshold",0.7,1600,1600,TRUE,TRUE,1,TRUE,TRUE,TRUE,FALSE,FALSE
221,"A_threshold",0.7,1600,1600,TRUE,TRUE,0.300294117647059,FALSE,FALSE,FALSE,TRUE,TRUE
222,"A_threshold",0.7,NA,NA,FALSE,FALSE,0.112647058823529,FALSE,TRUE,TRUE,FALSE,FALSE
223,"A_threshold",0.7,3400,4000,TRUE,TRUE,0.650294117647059,TRUE,TRUE,TRUE,FALSE,FALSE
224,"A_threshold",0.7,2200,2200,TRUE,TRUE,0,FALSE,FALSE,FALSE,TRUE,TRUE
225,"A_threshold",0.7,1600,1600,TRUE,TRUE,0.722352941176471,TRUE,TRUE,TRUE,FALSE,FALSE
226,"A_threshold",0.7,1600,1600,TRUE,TRUE,0.345294117647059,FALSE,FALSE,FALSE,TRUE,TRUE
227,"A_threshold",0.7,1600,2200,TRUE,TRUE,0.552647058823529,TRUE,TRUE,TRUE,FALSE,FALSE
228,"A_threshold",0.7,NA,NA,FALSE,FALSE,0.430882352941176,FALSE,TRUE,TRUE,FALSE,FALSE
229,"A_threshold",0.7,1600,1600,TRUE,TRUE,0.430294117647059,FALSE,FALSE,FALSE,TRUE,TRUE
230,"A_threshold",0.7,NA,NA,FALSE,FALSE,0.00382352941176471,FALSE,TRUE,TRUE,FALSE,FALSE
231,"A_threshold",0.7,1600,2800,TRUE,TRUE,0.855,TRUE,TRUE,TRUE,FALSE,FALSE
232,"A_threshold",0.7,NA,NA,FALSE,FALSE,0.194411764705882,FALSE,TRUE,TRUE,FALSE,FALSE
233,"A_threshold",0.7,NA,NA,FALSE,FALSE,0.0838235294117647,FALSE,TRUE,TRUE,FALSE,FALSE
234,"A_threshold",0.7,1600,NA,TRUE,FALSE,0.0694117647058824,FALSE,FALSE,TRUE,TRUE,FALSE
235,"A_threshold",0.7,NA,NA,FALSE,FALSE,0.190882352941176,FALSE,TRUE,TRUE,FALSE,FALSE
236,"A_threshold",0.7,2200,2800,TRUE,TRUE,0.895588235294118,TRUE,TRUE,TRUE,FALSE,FALSE
237,"A_threshold",0.7,1600,1600,TRUE,TRUE,0.846176470588235,TRUE,TRUE,TRUE,FALSE,FALSE
238,"A_threshold",0.7,NA,NA,FALSE,FALSE,0.123235294117647,FALSE,TRUE,TRUE,FALSE,FALSE
239,"A_threshold",0.7,NA,NA,FALSE,FALSE,0.289411764705882,FALSE,TRUE,TRUE,FALSE,FALSE
240,"A_threshold",0.7,NA,NA,FALSE,FALSE,0.383823529411765,FALSE,TRUE,TRUE,FALSE,FALSE
241,"A_threshold",0.7,NA,NA,FALSE,FALSE,0.210294117647059,FALSE,TRUE,TRUE,FALSE,FALSE
242,"A_threshold",0.7,NA,NA,FALSE,FALSE,0.358529411764706,FALSE,TRUE,TRUE,FALSE,FALSE
243,"A_threshold",0.7,NA,NA,FALSE,FALSE,0.304411764705882,FALSE,TRUE,TRUE,FALSE,FALSE
244,"A_threshold",0.7,NA,NA,FALSE,FALSE,0.0620588235294118,FALSE,TRUE,TRUE,FALSE,FALSE
245,"A_threshold",0.7,NA,NA,FALSE,FALSE,0.147647058823529,FALSE,TRUE,TRUE,FALSE,FALSE
246,"A_threshold",0.7,1600,1600,TRUE,TRUE,0.711176470588235,TRUE,TRUE,TRUE,FALSE,FALSE
247,"A_threshold",0.7,NA,NA,FALSE,FALSE,0.119411764705882,FALSE,TRUE,TRUE,FALSE,FALSE
248,"A_threshold",0.7,2200,NA,TRUE,FALSE,0.265588235294118,FALSE,FALSE,TRUE,TRUE,FALSE
249,"A_threshold",0.7,3400,4000,TRUE,TRUE,0.696470588235294,TRUE,TRUE,TRUE,FALSE,FALSE
250,"A_threshold",0.7,1600,2800,TRUE,TRUE,0.657058823529412,TRUE,TRUE,TRUE,FALSE,FALSE
251,"A_threshold",0.7,NA,NA,FALSE,FALSE,0.0164705882352941,FALSE,TRUE,TRUE,FALSE,FALSE
252,"A_threshold",0.7,NA,NA,FALSE,FALSE,0.238529411764706,FALSE,TRUE,TRUE,FALSE,FALSE
253,"A_threshold",0.7,3400,4000,TRUE,TRUE,1,TRUE,TRUE,TRUE,FALSE,FALSE
254,"A_threshold",0.7,NA,NA,FALSE,FALSE,0.0791176470588235,FALSE,TRUE,TRUE,FALSE,FALSE
255,"A_threshold",0.7,1600,2200,TRUE,TRUE,0.468529411764706,FALSE,FALSE,FALSE,TRUE,TRUE
256,"A_threshold",0.7,2200,3400,TRUE,TRUE,0.679411764705882,TRUE,TRUE,TRUE,FALSE,FALSE
257,"A_threshold",0.7,1600,1600,TRUE,TRUE,0.260588235294118,FALSE,FALSE,FALSE,TRUE,TRUE
258,"A_threshold",0.7,2800,2800,TRUE,TRUE,0.45,FALSE,FALSE,FALSE,TRUE,TRUE
259,"A_threshold",0.7,4000,4000,TRUE,TRUE,0.529705882352941,TRUE,TRUE,TRUE,FALSE,FALSE
260,"A_threshold",0.7,NA,NA,FALSE,FALSE,0.115588235294118,FALSE,TRUE,TRUE,FALSE,FALSE
261,"A_threshold",0.7,NA,NA,FALSE,FALSE,0.167352941176471,FALSE,TRUE,TRUE,FALSE,FALSE
262,"A_threshold",0.7,1600,1600,TRUE,TRUE,1,TRUE,TRUE,TRUE,FALSE,FALSE
263,"A_threshold",0.7,NA,NA,FALSE,FALSE,0,FALSE,TRUE,TRUE,FALSE,FALSE
264,"A_threshold",0.7,NA,NA,FALSE,FALSE,0.310294117647059,FALSE,TRUE,TRUE,FALSE,FALSE
265,"A_threshold",0.7,1600,1600,TRUE,TRUE,0.85,TRUE,TRUE,TRUE,FALSE,FALSE
266,"A_threshold",0.7,3400,3400,TRUE,TRUE,0.571176470588235,TRUE,TRUE,TRUE,FALSE,FALSE
267,"A_threshold",0.7,NA,NA,FALSE,FALSE,0.399411764705882,FALSE,TRUE,TRUE,FALSE,FALSE
268,"A_threshold",0.7,NA,NA,FALSE,FALSE,0.0120588235294118,FALSE,TRUE,TRUE,FALSE,FALSE
269,"A_threshold",0.7,1600,NA,TRUE,FALSE,0,FALSE,FALSE,TRUE,TRUE,FALSE
270,"A_threshold",0.7,2200,3400,TRUE,TRUE,0.406470588235294,FALSE,FALSE,FALSE,TRUE,TRUE
271,"A_threshold",0.7,2800,2800,TRUE,TRUE,0.527058823529412,TRUE,TRUE,TRUE,FALSE,FALSE
272,"A_threshold",0.7,NA,NA,FALSE,FALSE,0.262941176470588,FALSE,TRUE,TRUE,FALSE,FALSE
273,"A_threshold",0.7,NA,NA,FALSE,FALSE,0,FALSE,TRUE,TRUE,FALSE,FALSE
274,"A_threshold",0.7,NA,NA,FALSE,FALSE,0.155588235294118,FALSE,TRUE,TRUE,FALSE,FALSE
275,"A_threshold",0.7,NA,NA,FALSE,FALSE,0.347647058823529,FALSE,TRUE,TRUE,FALSE,FALSE
276,"A_threshold",0.7,NA,NA,FALSE,FALSE,0.397058823529412,FALSE,TRUE,TRUE,FALSE,FALSE
277,"A_threshold",0.7,2200,2200,TRUE,TRUE,0.609705882352941,TRUE,TRUE,TRUE,FALSE,FALSE
278,"A_threshold",0.7,NA,NA,FALSE,FALSE,0,FALSE,TRUE,TRUE,FALSE,FALSE
279,"A_threshold",0.7,1600,1600,TRUE,TRUE,0.496764705882353,FALSE,FALSE,FALSE,TRUE,TRUE
280,"A_threshold",0.7,NA,NA,FALSE,FALSE,0,FALSE,TRUE,TRUE,FALSE,FALSE
281,"A_threshold",0.7,NA,NA,FALSE,FALSE,0,FALSE,TRUE,TRUE,FALSE,FALSE
282,"A_threshold",0.7,NA,NA,FALSE,FALSE,0,FALSE,TRUE,TRUE,FALSE,FALSE
283,"A_threshold",0.7,2200,2200,TRUE,TRUE,0.687352941176471,TRUE,TRUE,TRUE,FALSE,FALSE
284,"A_threshold",0.7,NA,NA,FALSE,FALSE,0.075,FALSE,TRUE,TRUE,FALSE,FALSE
285,"A_threshold",0.7,NA,NA,FALSE,FALSE,0,FALSE,TRUE,TRUE,FALSE,FALSE
286,"A_threshold",0.7,NA,NA,FALSE,FALSE,0,FALSE,TRUE,TRUE,FALSE,FALSE
287,"A_threshold",0.7,NA,NA,FALSE,FALSE,0,FALSE,TRUE,TRUE,FALSE,FALSE
288,"A_threshold",0.7,NA,NA,FALSE,FALSE,0.257352941176471,FALSE,TRUE,TRUE,FALSE,FALSE
289,"A_threshold",0.7,NA,NA,FALSE,FALSE,0.242647058823529,FALSE,TRUE,TRUE,FALSE,FALSE
290,"A_threshold",0.7,NA,NA,FALSE,FALSE,0,FALSE,TRUE,TRUE,FALSE,FALSE
291,"A_threshold",0.7,NA,NA,FALSE,FALSE,0.12,FALSE,TRUE,TRUE,FALSE,FALSE
292,"A_threshold",0.7,NA,NA,FALSE,FALSE,0.196764705882353,FALSE,TRUE,TRUE,FALSE,FALSE
293,"A_threshold",0.7,3400,NA,TRUE,FALSE,0.442941176470588,FALSE,FALSE,TRUE,TRUE,FALSE
294,"A_threshold",0.7,NA,NA,FALSE,FALSE,0.0926470588235294,FALSE,TRUE,TRUE,FALSE,FALSE
295,"A_threshold",0.7,NA,NA,FALSE,FALSE,0.0176470588235294,FALSE,TRUE,TRUE,FALSE,FALSE
296,"A_threshold",0.7,1600,2200,TRUE,TRUE,0.862941176470588,TRUE,TRUE,TRUE,FALSE,FALSE
297,"A_threshold",0.7,2200,2200,TRUE,TRUE,0.417647058823529,FALSE,FALSE,FALSE,TRUE,TRUE
298,"A_threshold",0.7,NA,NA,FALSE,FALSE,0.184411764705882,FALSE,TRUE,TRUE,FALSE,FALSE
299,"A_threshold",0.7,NA,NA,FALSE,FALSE,0,FALSE,TRUE,TRUE,FALSE,FALSE
300,"A_threshold",0.7,3400,NA,TRUE,FALSE,0.868529411764706,TRUE,TRUE,FALSE,FALSE,FALSE
301,"A_threshold",0.7,3400,NA,TRUE,FALSE,0.450588235294118,FALSE,FALSE,TRUE,TRUE,FALSE
302,"A_threshold",0.7,1600,2200,TRUE,TRUE,0.312647058823529,FALSE,FALSE,FALSE,TRUE,TRUE
303,"A_threshold",0.7,NA,NA,FALSE,FALSE,0.201176470588235,FALSE,TRUE,TRUE,FALSE,FALSE
304,"A_threshold",0.7,NA,NA,FALSE,FALSE,0.00470588235294118,FALSE,TRUE,TRUE,FALSE,FALSE
305,"A_threshold",0.7,NA,NA,FALSE,FALSE,0.140882352941176,FALSE,TRUE,TRUE,FALSE,FALSE
306,"A_threshold",0.7,1600,2200,TRUE,TRUE,0.357941176470588,FALSE,FALSE,FALSE,TRUE,TRUE
307,"A_threshold",0.7,1600,NA,TRUE,FALSE,0.343529411764706,FALSE,FALSE,TRUE,TRUE,FALSE
308,"A_threshold",0.7,2800,4000,TRUE,TRUE,0.692647058823529,TRUE,TRUE,TRUE,FALSE,FALSE
309,"A_threshold",0.7,2800,3400,TRUE,TRUE,0.375882352941176,FALSE,FALSE,FALSE,TRUE,TRUE
310,"A_threshold",0.7,NA,NA,FALSE,FALSE,0,FALSE,TRUE,TRUE,FALSE,FALSE
311,"A_threshold",0.7,NA,NA,FALSE,FALSE,0.383235294117647,FALSE,TRUE,TRUE,FALSE,FALSE
312,"A_threshold",0.7,NA,NA,FALSE,FALSE,0.0361764705882353,FALSE,TRUE,TRUE,FALSE,FALSE
313,"A_threshold",0.7,NA,NA,FALSE,FALSE,0,FALSE,TRUE,TRUE,FALSE,FALSE
314,"A_threshold",0.7,NA,NA,FALSE,FALSE,0.195,FALSE,TRUE,TRUE,FALSE,FALSE
315,"A_threshold",0.7,NA,NA,FALSE,FALSE,0.371764705882353,FALSE,TRUE,TRUE,FALSE,FALSE
316,"A_threshold",0.7,1600,1600,TRUE,TRUE,0.410882352941176,FALSE,FALSE,FALSE,TRUE,TRUE
317,"A_threshold",0.7,NA,NA,FALSE,FALSE,0.175294117647059,FALSE,TRUE,TRUE,FALSE,FALSE
318,"A_threshold",0.7,NA,NA,FALSE,FALSE,0.351176470588235,FALSE,TRUE,TRUE,FALSE,FALSE
319,"A_threshold",0.7,NA,NA,FALSE,FALSE,0.000294117647058824,FALSE,TRUE,TRUE,FALSE,FALSE
320,"A_threshold",0.7,1600,1600,TRUE,TRUE,0.961470588235294,TRUE,TRUE,TRUE,FALSE,FALSE
321,"A_threshold",0.7,NA,NA,FALSE,FALSE,0.0197058823529412,FALSE,TRUE,TRUE,FALSE,FALSE
322,"A_threshold",0.7,NA,NA,FALSE,FALSE,0.393529411764706,FALSE,TRUE,TRUE,FALSE,FALSE
323,"A_threshold",0.7,NA,NA,FALSE,FALSE,0.33,FALSE,TRUE,TRUE,FALSE,FALSE
324,"A_threshold",0.7,1600,2200,TRUE,TRUE,0.535882352941176,TRUE,TRUE,TRUE,FALSE,FALSE
325,"A_threshold",0.7,2800,NA,TRUE,FALSE,0,FALSE,FALSE,TRUE,TRUE,FALSE
326,"A_threshold",0.7,NA,NA,FALSE,FALSE,0.208823529411765,FALSE,TRUE,TRUE,FALSE,FALSE
327,"A_threshold",0.7,2800,NA,TRUE,FALSE,0.211470588235294,FALSE,FALSE,TRUE,TRUE,FALSE
328,"A_threshold",0.7,2200,2800,TRUE,TRUE,0.278235294117647,FALSE,FALSE,FALSE,TRUE,TRUE
329,"A_threshold",0.7,NA,NA,FALSE,FALSE,0.0220588235294118,FALSE,TRUE,TRUE,FALSE,FALSE
330,"A_threshold",0.7,NA,NA,FALSE,FALSE,0.178529411764706,FALSE,TRUE,TRUE,FALSE,FALSE
331,"A_threshold",0.7,1600,1600,TRUE,TRUE,0.592352941176471,TRUE,TRUE,TRUE,FALSE,FALSE
332,"A_threshold",0.7,NA,NA,FALSE,FALSE,0.04,FALSE,TRUE,TRUE,FALSE,FALSE
333,"A_threshold",0.7,1600,1600,TRUE,TRUE,0.00117647058823529,FALSE,FALSE,FALSE,TRUE,TRUE
334,"A_threshold",0.7,NA,NA,FALSE,FALSE,0,FALSE,TRUE,TRUE,FALSE,FALSE
335,"A_threshold",0.7,NA,NA,FALSE,FALSE,0.281764705882353,FALSE,TRUE,TRUE,FALSE,FALSE
336,"A_threshold",0.7,NA,NA,FALSE,FALSE,0.000294117647058824,FALSE,TRUE,TRUE,FALSE,FALSE
337,"A_threshold",0.7,1600,1600,TRUE,TRUE,0.465294117647059,FALSE,FALSE,FALSE,TRUE,TRUE
338,"A_threshold",0.7,NA,NA,FALSE,FALSE,0.202352941176471,FALSE,TRUE,TRUE,FALSE,FALSE
339,"A_threshold",0.7,2200,2200,TRUE,TRUE,0.634705882352941,TRUE,TRUE,TRUE,FALSE,FALSE
340,"A_threshold",0.7,NA,NA,FALSE,FALSE,0,FALSE,TRUE,TRUE,FALSE,FALSE
341,"A_threshold",0.7,2200,2200,TRUE,TRUE,0.328529411764706,FALSE,FALSE,FALSE,TRUE,TRUE
342,"A_threshold",0.7,1600,1600,TRUE,TRUE,0.361764705882353,FALSE,FALSE,FALSE,TRUE,TRUE
343,"A_threshold",0.7,NA,NA,FALSE,FALSE,0.0320588235294118,FALSE,TRUE,TRUE,FALSE,FALSE
344,"A_threshold",0.7,2200,NA,TRUE,FALSE,0.230294117647059,FALSE,FALSE,TRUE,TRUE,FALSE
345,"A_threshold",0.7,NA,NA,FALSE,FALSE,0,FALSE,TRUE,TRUE,FALSE,FALSE
346,"A_threshold",0.7,NA,NA,FALSE,FALSE,0,FALSE,TRUE,TRUE,FALSE,FALSE
347,"A_threshold",0.7,1600,1600,TRUE,TRUE,0,FALSE,FALSE,FALSE,TRUE,TRUE
348,"A_threshold",0.7,NA,NA,FALSE,FALSE,0.378823529411765,FALSE,TRUE,TRUE,FALSE,FALSE
349,"A_threshold",0.7,1600,2800,TRUE,TRUE,0.341176470588235,FALSE,FALSE,FALSE,TRUE,TRUE
350,"A_threshold",0.7,1600,1600,TRUE,TRUE,0.942941176470588,TRUE,TRUE,TRUE,FALSE,FALSE
351,"A_threshold",0.7,2200,2800,TRUE,TRUE,0.719117647058824,TRUE,TRUE,TRUE,FALSE,FALSE
352,"A_threshold",0.7,NA,NA,FALSE,FALSE,0.101176470588235,FALSE,TRUE,TRUE,FALSE,FALSE
353,"A_threshold",0.7,NA,NA,FALSE,FALSE,0,FALSE,TRUE,TRUE,FALSE,FALSE
354,"A_threshold",0.7,NA,NA,FALSE,FALSE,0,FALSE,TRUE,TRUE,FALSE,FALSE
355,"A_threshold",0.7,NA,NA,FALSE,FALSE,0,FALSE,TRUE,TRUE,FALSE,FALSE
356,"A_threshold",0.7,NA,NA,FALSE,FALSE,0.358529411764706,FALSE,TRUE,TRUE,FALSE,FALSE
357,"A_threshold",0.7,NA,NA,FALSE,FALSE,0.035,FALSE,TRUE,TRUE,FALSE,FALSE
358,"A_threshold",0.7,1600,1600,TRUE,TRUE,0.234117647058824,FALSE,FALSE,FALSE,TRUE,TRUE
359,"A_threshold",0.7,NA,NA,FALSE,FALSE,0.00352941176470588,FALSE,TRUE,TRUE,FALSE,FALSE
360,"A_threshold",0.7,1600,2200,TRUE,TRUE,0.416176470588235,FALSE,FALSE,FALSE,TRUE,TRUE
361,"A_threshold",0.7,1600,1600,TRUE,TRUE,0.409117647058824,FALSE,FALSE,FALSE,TRUE,TRUE
362,"A_threshold",0.7,1600,2200,TRUE,TRUE,0.337058823529412,FALSE,FALSE,FALSE,TRUE,TRUE
363,"A_threshold",0.7,1600,2800,TRUE,TRUE,0.515,TRUE,TRUE,TRUE,FALSE,FALSE
364,"A_threshold",0.7,NA,NA,FALSE,FALSE,0.169117647058824,FALSE,TRUE,TRUE,FALSE,FALSE
365,"A_threshold",0.7,NA,NA,FALSE,FALSE,0.275,FALSE,TRUE,TRUE,FALSE,FALSE
366,"A_threshold",0.7,2200,2800,TRUE,TRUE,0.465882352941176,FALSE,FALSE,FALSE,TRUE,TRUE
367,"A_threshold",0.7,1600,1600,TRUE,TRUE,0.368823529411765,FALSE,FALSE,FALSE,TRUE,TRUE
368,"A_threshold",0.7,NA,NA,FALSE,FALSE,0.211176470588235,FALSE,TRUE,TRUE,FALSE,FALSE
369,"A_threshold",0.7,3400,NA,TRUE,FALSE,0.360588235294118,FALSE,FALSE,TRUE,TRUE,FALSE
370,"A_threshold",0.7,NA,NA,FALSE,FALSE,0.177058823529412,FALSE,TRUE,TRUE,FALSE,FALSE
371,"A_threshold",0.7,NA,NA,FALSE,FALSE,0.297941176470588,FALSE,TRUE,TRUE,FALSE,FALSE
372,"A_threshold",0.7,2200,2200,TRUE,TRUE,0.537352941176471,TRUE,TRUE,TRUE,FALSE,FALSE
373,"A_threshold",0.7,NA,NA,FALSE,FALSE,0,FALSE,TRUE,TRUE,FALSE,FALSE
374,"A_threshold",0.7,1600,1600,TRUE,TRUE,0.294411764705882,FALSE,FALSE,FALSE,TRUE,TRUE
375,"A_threshold",0.7,1600,2200,TRUE,TRUE,0.326764705882353,FALSE,FALSE,FALSE,TRUE,TRUE
376,"A_threshold",0.7,NA,NA,FALSE,FALSE,0,FALSE,TRUE,TRUE,FALSE,FALSE
377,"A_threshold",0.7,NA,NA,FALSE,FALSE,0.0123529411764706,FALSE,TRUE,TRUE,FALSE,FALSE
378,"A_threshold",0.7,NA,NA,FALSE,FALSE,0.211176470588235,FALSE,TRUE,TRUE,FALSE,FALSE
379,"A_threshold",0.7,NA,NA,FALSE,FALSE,0.07,FALSE,TRUE,TRUE,FALSE,FALSE
380,"A_threshold",0.7,1600,1600,TRUE,TRUE,0.708823529411765,TRUE,TRUE,TRUE,FALSE,FALSE
381,"A_threshold",0.7,1600,1600,TRUE,TRUE,0.122058823529412,FALSE,FALSE,FALSE,TRUE,TRUE
382,"A_threshold",0.7,1600,1600,TRUE,TRUE,0.310588235294118,FALSE,FALSE,FALSE,TRUE,TRUE
383,"A_threshold",0.7,NA,NA,FALSE,FALSE,0.0179411764705882,FALSE,TRUE,TRUE,FALSE,FALSE
384,"A_threshold",0.7,NA,NA,FALSE,FALSE,0.371470588235294,FALSE,TRUE,TRUE,FALSE,FALSE
385,"A_threshold",0.7,NA,NA,FALSE,FALSE,0.158529411764706,FALSE,TRUE,TRUE,FALSE,FALSE
386,"A_threshold",0.7,NA,NA,FALSE,FALSE,0.00205882352941176,FALSE,TRUE,TRUE,FALSE,FALSE
387,"A_threshold",0.7,1600,1600,TRUE,TRUE,0.580588235294118,TRUE,TRUE,TRUE,FALSE,FALSE
388,"A_threshold",0.7,NA,NA,FALSE,FALSE,0.421470588235294,FALSE,TRUE,TRUE,FALSE,FALSE
389,"A_threshold",0.7,NA,NA,FALSE,FALSE,0.399411764705882,FALSE,TRUE,TRUE,FALSE,FALSE
390,"A_threshold",0.7,1600,1600,TRUE,TRUE,0.251470588235294,FALSE,FALSE,FALSE,TRUE,TRUE
391,"A_threshold",0.7,NA,NA,FALSE,FALSE,0.314117647058824,FALSE,TRUE,TRUE,FALSE,FALSE
392,"A_threshold",0.7,1600,1600,TRUE,TRUE,0.559411764705882,TRUE,TRUE,TRUE,FALSE,FALSE
393,"A_threshold",0.7,NA,NA,FALSE,FALSE,0.179411764705882,FALSE,TRUE,TRUE,FALSE,FALSE
394,"A_threshold",0.7,1600,4000,TRUE,TRUE,0.513235294117647,TRUE,TRUE,TRUE,FALSE,FALSE
395,"A_threshold",0.7,1600,1600,TRUE,TRUE,0.424705882352941,FALSE,FALSE,FALSE,TRUE,TRUE
396,"A_threshold",0.7,2800,2800,TRUE,TRUE,0.513235294117647,TRUE,TRUE,TRUE,FALSE,FALSE
397,"A_threshold",0.7,NA,NA,FALSE,FALSE,0.11,FALSE,TRUE,TRUE,FALSE,FALSE
398,"A_threshold",0.7,NA,NA,FALSE,FALSE,0.0738235294117647,FALSE,TRUE,TRUE,FALSE,FALSE
399,"A_threshold",0.7,NA,NA,FALSE,FALSE,0.0717647058823529,FALSE,TRUE,TRUE,FALSE,FALSE
400,"A_threshold",0.7,NA,NA,FALSE,FALSE,0.0535294117647059,FALSE,TRUE,TRUE,FALSE,FALSE
401,"A_threshold",0.7,NA,NA,FALSE,FALSE,0.00117647058823529,FALSE,TRUE,TRUE,FALSE,FALSE
402,"A_threshold",0.7,2200,2200,TRUE,TRUE,0.632058823529412,TRUE,TRUE,TRUE,FALSE,FALSE
403,"A_threshold",0.7,NA,NA,FALSE,FALSE,0.290588235294118,FALSE,TRUE,TRUE,FALSE,FALSE
404,"A_threshold",0.7,1600,NA,TRUE,FALSE,0.0208823529411765,FALSE,FALSE,TRUE,TRUE,FALSE
405,"A_threshold",0.7,NA,NA,FALSE,FALSE,0.245588235294118,FALSE,TRUE,TRUE,FALSE,FALSE
406,"A_threshold",0.7,NA,NA,FALSE,FALSE,0.226470588235294,FALSE,TRUE,TRUE,FALSE,FALSE
407,"A_threshold",0.7,NA,NA,FALSE,FALSE,0.0617647058823529,FALSE,TRUE,TRUE,FALSE,FALSE
408,"A_threshold",0.7,NA,NA,FALSE,FALSE,0,FALSE,TRUE,TRUE,FALSE,FALSE
409,"A_threshold",0.7,1600,2800,TRUE,TRUE,0.555882352941176,TRUE,TRUE,TRUE,FALSE,FALSE
410,"A_threshold",0.7,1600,1600,TRUE,TRUE,1,TRUE,TRUE,TRUE,FALSE,FALSE
411,"A_threshold",0.7,1600,1600,TRUE,TRUE,0.321176470588235,FALSE,FALSE,FALSE,TRUE,TRUE
412,"A_threshold",0.7,1600,2200,TRUE,TRUE,0.0808823529411765,FALSE,FALSE,FALSE,TRUE,TRUE
413,"A_threshold",0.7,1600,1600,TRUE,TRUE,0.634705882352941,TRUE,TRUE,TRUE,FALSE,FALSE
414,"A_threshold",0.7,2800,3400,TRUE,TRUE,0.607647058823529,TRUE,TRUE,TRUE,FALSE,FALSE
415,"A_threshold",0.7,NA,NA,FALSE,FALSE,0.0341176470588235,FALSE,TRUE,TRUE,FALSE,FALSE
416,"A_threshold",0.7,NA,NA,FALSE,FALSE,0.469705882352941,FALSE,TRUE,TRUE,FALSE,FALSE
417,"A_threshold",0.7,1600,NA,TRUE,FALSE,0.366764705882353,FALSE,FALSE,TRUE,TRUE,FALSE
418,"A_threshold",0.7,NA,NA,FALSE,FALSE,0.498823529411765,FALSE,TRUE,TRUE,FALSE,FALSE
419,"A_threshold",0.7,NA,NA,FALSE,FALSE,0,FALSE,TRUE,TRUE,FALSE,FALSE
420,"A_threshold",0.7,NA,NA,FALSE,FALSE,0.0873529411764706,FALSE,TRUE,TRUE,FALSE,FALSE
421,"A_threshold",0.7,NA,NA,FALSE,FALSE,0.463529411764706,FALSE,TRUE,TRUE,FALSE,FALSE
422,"A_threshold",0.7,NA,NA,FALSE,FALSE,0.130882352941176,FALSE,TRUE,TRUE,FALSE,FALSE
423,"A_threshold",0.7,2800,NA,TRUE,FALSE,0.0532352941176471,FALSE,FALSE,TRUE,TRUE,FALSE
424,"A_threshold",0.7,NA,NA,FALSE,FALSE,0,FALSE,TRUE,TRUE,FALSE,FALSE
425,"A_threshold",0.7,NA,NA,FALSE,FALSE,0.235294117647059,FALSE,TRUE,TRUE,FALSE,FALSE
426,"A_threshold",0.7,NA,NA,FALSE,FALSE,0.208529411764706,FALSE,TRUE,TRUE,FALSE,FALSE
427,"A_threshold",0.7,NA,NA,FALSE,FALSE,0.348529411764706,FALSE,TRUE,TRUE,FALSE,FALSE
428,"A_threshold",0.7,NA,NA,FALSE,FALSE,0.0161764705882353,FALSE,TRUE,TRUE,FALSE,FALSE
429,"A_threshold",0.7,NA,NA,FALSE,FALSE,0.24,FALSE,TRUE,TRUE,FALSE,FALSE
430,"A_threshold",0.7,2800,2800,TRUE,TRUE,0.376176470588235,FALSE,FALSE,FALSE,TRUE,TRUE
431,"A_threshold",0.7,NA,NA,FALSE,FALSE,0,FALSE,TRUE,TRUE,FALSE,FALSE
432,"A_threshold",0.7,4000,NA,TRUE,FALSE,0.758823529411765,TRUE,TRUE,FALSE,FALSE,FALSE
433,"A_threshold",0.7,1600,1600,TRUE,TRUE,0.722058823529412,TRUE,TRUE,TRUE,FALSE,FALSE
434,"A_threshold",0.7,NA,NA,FALSE,FALSE,0.374411764705882,FALSE,TRUE,TRUE,FALSE,FALSE
435,"A_threshold",0.7,NA,NA,FALSE,FALSE,0,FALSE,TRUE,TRUE,FALSE,FALSE
436,"A_threshold",0.7,NA,NA,FALSE,FALSE,0.290588235294118,FALSE,TRUE,TRUE,FALSE,FALSE
437,"A_threshold",0.7,NA,NA,FALSE,FALSE,0.0247058823529412,FALSE,TRUE,TRUE,FALSE,FALSE
438,"A_threshold",0.7,NA,NA,FALSE,FALSE,0.31,FALSE,TRUE,TRUE,FALSE,FALSE
439,"A_threshold",0.7,2200,2800,TRUE,TRUE,0.492647058823529,FALSE,FALSE,FALSE,TRUE,TRUE
440,"A_threshold",0.7,NA,NA,FALSE,FALSE,0,FALSE,TRUE,TRUE,FALSE,FALSE
441,"A_threshold",0.7,NA,NA,FALSE,FALSE,0.240882352941176,FALSE,TRUE,TRUE,FALSE,FALSE
442,"A_threshold",0.7,2200,2800,TRUE,TRUE,0.880588235294118,TRUE,TRUE,TRUE,FALSE,FALSE
443,"A_threshold",0.7,NA,NA,FALSE,FALSE,0,FALSE,TRUE,TRUE,FALSE,FALSE
444,"A_threshold",0.7,1600,3400,TRUE,TRUE,0.206470588235294,FALSE,FALSE,FALSE,TRUE,TRUE
445,"A_threshold",0.7,NA,NA,FALSE,FALSE,0.294411764705882,FALSE,TRUE,TRUE,FALSE,FALSE
446,"A_threshold",0.7,1600,1600,TRUE,TRUE,0.660882352941176,TRUE,TRUE,TRUE,FALSE,FALSE
447,"A_threshold",0.7,1600,1600,TRUE,TRUE,0.750294117647059,TRUE,TRUE,TRUE,FALSE,FALSE
448,"A_threshold",0.7,NA,NA,FALSE,FALSE,0.0264705882352941,FALSE,TRUE,TRUE,FALSE,FALSE
449,"A_threshold",0.7,1600,1600,TRUE,TRUE,1,TRUE,TRUE,TRUE,FALSE,FALSE
450,"A_threshold",0.7,NA,NA,FALSE,FALSE,0.242941176470588,FALSE,TRUE,TRUE,FALSE,FALSE
451,"A_threshold",0.7,NA,NA,FALSE,FALSE,0.0576470588235294,FALSE,TRUE,TRUE,FALSE,FALSE
452,"A_threshold",0.7,NA,NA,FALSE,FALSE,0.105294117647059,FALSE,TRUE,TRUE,FALSE,FALSE
453,"A_threshold",0.7,2200,NA,TRUE,FALSE,0.342352941176471,FALSE,FALSE,TRUE,TRUE,FALSE
454,"A_threshold",0.7,NA,NA,FALSE,FALSE,0,FALSE,TRUE,TRUE,FALSE,FALSE
455,"A_threshold",0.7,NA,NA,FALSE,FALSE,0.472647058823529,FALSE,TRUE,TRUE,FALSE,FALSE
456,"A_threshold",0.7,NA,NA,FALSE,FALSE,0,FALSE,TRUE,TRUE,FALSE,FALSE
457,"A_threshold",0.7,NA,NA,FALSE,FALSE,0.00588235294117647,FALSE,TRUE,TRUE,FALSE,FALSE
458,"A_threshold",0.7,1600,2200,TRUE,TRUE,0.689705882352941,TRUE,TRUE,TRUE,FALSE,FALSE
459,"A_threshold",0.7,1600,NA,TRUE,FALSE,0.148823529411765,FALSE,FALSE,TRUE,TRUE,FALSE
460,"A_threshold",0.7,NA,NA,FALSE,FALSE,0,FALSE,TRUE,TRUE,FALSE,FALSE
461,"A_threshold",0.7,NA,NA,FALSE,FALSE,0.00205882352941176,FALSE,TRUE,TRUE,FALSE,FALSE
462,"A_threshold",0.7,NA,NA,FALSE,FALSE,0.212352941176471,FALSE,TRUE,TRUE,FALSE,FALSE
463,"A_threshold",0.7,NA,NA,FALSE,FALSE,0,FALSE,TRUE,TRUE,FALSE,FALSE
464,"A_threshold",0.7,NA,NA,FALSE,FALSE,0.0561764705882353,FALSE,TRUE,TRUE,FALSE,FALSE
465,"A_threshold",0.7,NA,NA,FALSE,FALSE,0.0229411764705882,FALSE,TRUE,TRUE,FALSE,FALSE
466,"A_threshold",0.7,NA,NA,FALSE,FALSE,0.276764705882353,FALSE,TRUE,TRUE,FALSE,FALSE
467,"A_threshold",0.7,NA,NA,FALSE,FALSE,0.0555882352941176,FALSE,TRUE,TRUE,FALSE,FALSE
468,"A_threshold",0.7,NA,NA,FALSE,FALSE,0.234705882352941,FALSE,TRUE,TRUE,FALSE,FALSE
469,"A_threshold",0.7,NA,NA,FALSE,FALSE,0.00117647058823529,FALSE,TRUE,TRUE,FALSE,FALSE
470,"A_threshold",0.7,NA,NA,FALSE,FALSE,0.0105882352941176,FALSE,TRUE,TRUE,FALSE,FALSE
471,"A_threshold",0.7,NA,NA,FALSE,FALSE,0.0958823529411765,FALSE,TRUE,TRUE,FALSE,FALSE
472,"A_threshold",0.7,NA,NA,FALSE,FALSE,0.365,FALSE,TRUE,TRUE,FALSE,FALSE
473,"A_threshold",0.7,NA,NA,FALSE,FALSE,0.194411764705882,FALSE,TRUE,TRUE,FALSE,FALSE
474,"A_threshold",0.7,1600,1600,TRUE,TRUE,0.0182352941176471,FALSE,FALSE,FALSE,TRUE,TRUE
475,"A_threshold",0.7,2200,2200,TRUE,TRUE,0.396470588235294,FALSE,FALSE,FALSE,TRUE,TRUE
476,"A_threshold",0.7,NA,NA,FALSE,FALSE,0.136470588235294,FALSE,TRUE,TRUE,FALSE,FALSE
477,"A_threshold",0.7,NA,NA,FALSE,FALSE,0,FALSE,TRUE,TRUE,FALSE,FALSE
478,"A_threshold",0.7,2200,2800,TRUE,TRUE,0.460294117647059,FALSE,FALSE,FALSE,TRUE,TRUE
479,"A_threshold",0.7,NA,NA,FALSE,FALSE,0.18,FALSE,TRUE,TRUE,FALSE,FALSE
480,"A_threshold",0.7,NA,NA,FALSE,FALSE,0.304411764705882,FALSE,TRUE,TRUE,FALSE,FALSE
481,"A_threshold",0.7,NA,NA,FALSE,FALSE,0.0444117647058824,FALSE,TRUE,TRUE,FALSE,FALSE
482,"A_threshold",0.7,1600,2800,TRUE,TRUE,0.553529411764706,TRUE,TRUE,TRUE,FALSE,FALSE
483,"A_threshold",0.7,NA,NA,FALSE,FALSE,0,FALSE,TRUE,TRUE,FALSE,FALSE
484,"A_threshold",0.7,NA,NA,FALSE,FALSE,0.0229411764705882,FALSE,TRUE,TRUE,FALSE,FALSE
485,"A_threshold",0.7,1600,1600,TRUE,TRUE,0.520882352941176,TRUE,TRUE,TRUE,FALSE,FALSE
486,"A_threshold",0.7,NA,NA,FALSE,FALSE,0.296764705882353,FALSE,TRUE,TRUE,FALSE,FALSE
487,"A_threshold",0.7,1600,1600,TRUE,TRUE,0.518235294117647,TRUE,TRUE,TRUE,FALSE,FALSE
488,"A_threshold",0.7,NA,NA,FALSE,FALSE,0.0844117647058824,FALSE,TRUE,TRUE,FALSE,FALSE
489,"A_threshold",0.7,NA,NA,FALSE,FALSE,0.157058823529412,FALSE,TRUE,TRUE,FALSE,FALSE
490,"A_threshold",0.7,NA,NA,FALSE,FALSE,0.226176470588235,FALSE,TRUE,TRUE,FALSE,FALSE
491,"A_threshold",0.7,NA,NA,FALSE,FALSE,0.0385294117647059,FALSE,TRUE,TRUE,FALSE,FALSE
492,"A_threshold",0.7,1600,1600,TRUE,TRUE,0.473823529411765,FALSE,FALSE,FALSE,TRUE,TRUE
493,"A_threshold",0.7,1600,3400,TRUE,TRUE,0.597647058823529,TRUE,TRUE,TRUE,FALSE,FALSE
494,"A_threshold",0.7,NA,NA,FALSE,FALSE,0.0988235294117647,FALSE,TRUE,TRUE,FALSE,FALSE
495,"A_threshold",0.7,1600,1600,TRUE,TRUE,0.000294117647058824,FALSE,FALSE,FALSE,TRUE,TRUE
496,"A_threshold",0.7,1600,1600,TRUE,TRUE,0.395294117647059,FALSE,FALSE,FALSE,TRUE,TRUE
497,"A_threshold",0.7,2200,NA,TRUE,FALSE,0.00676470588235294,FALSE,FALSE,TRUE,TRUE,FALSE
498,"A_threshold",0.7,NA,NA,FALSE,FALSE,0.356470588235294,FALSE,TRUE,TRUE,FALSE,FALSE
499,"A_threshold",0.7,NA,NA,FALSE,FALSE,0,FALSE,TRUE,TRUE,FALSE,FALSE
500,"A_threshold",0.7,1600,1600,TRUE,TRUE,0.200882352941176,FALSE,FALSE,FALSE,TRUE,TRUE
1,"B_smooth_logistic",0.7,1600,1600,TRUE,TRUE,0.813235294117647,TRUE,TRUE,TRUE,FALSE,FALSE
2,"B_smooth_logistic",0.7,1600,1600,TRUE,TRUE,1,TRUE,TRUE,TRUE,FALSE,FALSE
3,"B_smooth_logistic",0.7,1600,1600,TRUE,TRUE,1,TRUE,TRUE,TRUE,FALSE,FALSE
4,"B_smooth_logistic",0.7,1600,1600,TRUE,TRUE,0.694705882352941,TRUE,TRUE,TRUE,FALSE,FALSE
5,"B_smooth_logistic",0.7,1600,1600,TRUE,TRUE,0.839705882352941,TRUE,TRUE,TRUE,FALSE,FALSE
6,"B_smooth_logistic",0.7,1600,1600,TRUE,TRUE,0.779117647058824,TRUE,TRUE,TRUE,FALSE,FALSE
7,"B_smooth_logistic",0.7,2800,2800,TRUE,TRUE,0.573823529411765,TRUE,TRUE,TRUE,FALSE,FALSE
8,"B_smooth_logistic",0.7,3400,4000,TRUE,TRUE,0.653823529411765,TRUE,TRUE,TRUE,FALSE,FALSE
9,"B_smooth_logistic",0.7,1600,1600,TRUE,TRUE,0.924411764705882,TRUE,TRUE,TRUE,FALSE,FALSE
10,"B_smooth_logistic",0.7,1600,1600,TRUE,TRUE,1,TRUE,TRUE,TRUE,FALSE,FALSE
11,"B_smooth_logistic",0.7,1600,1600,TRUE,TRUE,0.898235294117647,TRUE,TRUE,TRUE,FALSE,FALSE
12,"B_smooth_logistic",0.7,3400,3400,TRUE,TRUE,0.587352941176471,TRUE,TRUE,TRUE,FALSE,FALSE
13,"B_smooth_logistic",0.7,1600,1600,TRUE,TRUE,0.852352941176471,TRUE,TRUE,TRUE,FALSE,FALSE
14,"B_smooth_logistic",0.7,1600,2200,TRUE,TRUE,0.623235294117647,TRUE,TRUE,TRUE,FALSE,FALSE
15,"B_smooth_logistic",0.7,1600,1600,TRUE,TRUE,0.945,TRUE,TRUE,TRUE,FALSE,FALSE
16,"B_smooth_logistic",0.7,1600,1600,TRUE,TRUE,1,TRUE,TRUE,TRUE,FALSE,FALSE
17,"B_smooth_logistic",0.7,1600,1600,TRUE,TRUE,0.734705882352941,TRUE,TRUE,TRUE,FALSE,FALSE
18,"B_smooth_logistic",0.7,1600,1600,TRUE,TRUE,0.882647058823529,TRUE,TRUE,TRUE,FALSE,FALSE
19,"B_smooth_logistic",0.7,1600,2200,TRUE,TRUE,1,TRUE,TRUE,TRUE,FALSE,FALSE
20,"B_smooth_logistic",0.7,1600,1600,TRUE,TRUE,0.770588235294118,TRUE,TRUE,TRUE,FALSE,FALSE
21,"B_smooth_logistic",0.7,1600,1600,TRUE,TRUE,1,TRUE,TRUE,TRUE,FALSE,FALSE
22,"B_smooth_logistic",0.7,2200,2800,TRUE,TRUE,0.746764705882353,TRUE,TRUE,TRUE,FALSE,FALSE
23,"B_smooth_logistic",0.7,3400,3400,TRUE,TRUE,0.784117647058823,TRUE,TRUE,TRUE,FALSE,FALSE
24,"B_smooth_logistic",0.7,1600,1600,TRUE,TRUE,1,TRUE,TRUE,TRUE,FALSE,FALSE
25,"B_smooth_logistic",0.7,1600,1600,TRUE,TRUE,1,TRUE,TRUE,TRUE,FALSE,FALSE
26,"B_smooth_logistic",0.7,1600,1600,TRUE,TRUE,1,TRUE,TRUE,TRUE,FALSE,FALSE
27,"B_smooth_logistic",0.7,1600,2800,TRUE,TRUE,1,TRUE,TRUE,TRUE,FALSE,FALSE
28,"B_smooth_logistic",0.7,1600,2200,TRUE,TRUE,1,TRUE,TRUE,TRUE,FALSE,FALSE
29,"B_smooth_logistic",0.7,1600,1600,TRUE,TRUE,1,TRUE,TRUE,TRUE,FALSE,FALSE
30,"B_smooth_logistic",0.7,1600,1600,TRUE,TRUE,0.841764705882353,TRUE,TRUE,TRUE,FALSE,FALSE
31,"B_smooth_logistic",0.7,2200,2200,TRUE,TRUE,0.434117647058824,FALSE,FALSE,FALSE,TRUE,TRUE
32,"B_smooth_logistic",0.7,1600,1600,TRUE,TRUE,0.972941176470588,TRUE,TRUE,TRUE,FALSE,FALSE
33,"B_smooth_logistic",0.7,1600,1600,TRUE,TRUE,0.772058823529412,TRUE,TRUE,TRUE,FALSE,FALSE
34,"B_smooth_logistic",0.7,1600,1600,TRUE,TRUE,0.643823529411765,TRUE,TRUE,TRUE,FALSE,FALSE
35,"B_smooth_logistic",0.7,2200,2200,TRUE,TRUE,0.585294117647059,TRUE,TRUE,TRUE,FALSE,FALSE
36,"B_smooth_logistic",0.7,1600,2200,TRUE,TRUE,1,TRUE,TRUE,TRUE,FALSE,FALSE
37,"B_smooth_logistic",0.7,1600,1600,TRUE,TRUE,0.718529411764706,TRUE,TRUE,TRUE,FALSE,FALSE
38,"B_smooth_logistic",0.7,1600,1600,TRUE,TRUE,1,TRUE,TRUE,TRUE,FALSE,FALSE
39,"B_smooth_logistic",0.7,1600,1600,TRUE,TRUE,0.644705882352941,TRUE,TRUE,TRUE,FALSE,FALSE
40,"B_smooth_logistic",0.7,1600,1600,TRUE,TRUE,1,TRUE,TRUE,TRUE,FALSE,FALSE
41,"B_smooth_logistic",0.7,1600,1600,TRUE,TRUE,0.545,TRUE,TRUE,TRUE,FALSE,FALSE
42,"B_smooth_logistic",0.7,2200,2200,TRUE,TRUE,0.630588235294118,TRUE,TRUE,TRUE,FALSE,FALSE
43,"B_smooth_logistic",0.7,1600,2800,TRUE,TRUE,0.818823529411765,TRUE,TRUE,TRUE,FALSE,FALSE
44,"B_smooth_logistic",0.7,1600,2200,TRUE,TRUE,0.958235294117647,TRUE,TRUE,TRUE,FALSE,FALSE
45,"B_smooth_logistic",0.7,1600,1600,TRUE,TRUE,1,TRUE,TRUE,TRUE,FALSE,FALSE
46,"B_smooth_logistic",0.7,1600,1600,TRUE,TRUE,0.655,TRUE,TRUE,TRUE,FALSE,FALSE
47,"B_smooth_logistic",0.7,1600,1600,TRUE,TRUE,0.791176470588235,TRUE,TRUE,TRUE,FALSE,FALSE
48,"B_smooth_logistic",0.7,1600,1600,TRUE,TRUE,1,TRUE,TRUE,TRUE,FALSE,FALSE
49,"B_smooth_logistic",0.7,2200,2800,TRUE,TRUE,0.675588235294118,TRUE,TRUE,TRUE,FALSE,FALSE
50,"B_smooth_logistic",0.7,1600,1600,TRUE,TRUE,1,TRUE,TRUE,TRUE,FALSE,FALSE
51,"B_smooth_logistic",0.7,1600,2200,TRUE,TRUE,0.497058823529412,FALSE,FALSE,FALSE,TRUE,TRUE
52,"B_smooth_logistic",0.7,1600,1600,TRUE,TRUE,1,TRUE,TRUE,TRUE,FALSE,FALSE
53,"B_smooth_logistic",0.7,NA,NA,FALSE,FALSE,0.469411764705882,FALSE,TRUE,TRUE,FALSE,FALSE
54,"B_smooth_logistic",0.7,1600,1600,TRUE,TRUE,0.669705882352941,TRUE,TRUE,TRUE,FALSE,FALSE
55,"B_smooth_logistic",0.7,1600,2800,TRUE,TRUE,0.626176470588235,TRUE,TRUE,TRUE,FALSE,FALSE
56,"B_smooth_logistic",0.7,1600,1600,TRUE,TRUE,0.851176470588235,TRUE,TRUE,TRUE,FALSE,FALSE
57,"B_smooth_logistic",0.7,1600,1600,TRUE,TRUE,0.642941176470588,TRUE,TRUE,TRUE,FALSE,FALSE
58,"B_smooth_logistic",0.7,1600,1600,TRUE,TRUE,1,TRUE,TRUE,TRUE,FALSE,FALSE
59,"B_smooth_logistic",0.7,2800,2800,TRUE,TRUE,0.994705882352941,TRUE,TRUE,TRUE,FALSE,FALSE
60,"B_smooth_logistic",0.7,1600,1600,TRUE,TRUE,1,TRUE,TRUE,TRUE,FALSE,FALSE
61,"B_smooth_logistic",0.7,1600,1600,TRUE,TRUE,0.898529411764706,TRUE,TRUE,TRUE,FALSE,FALSE
62,"B_smooth_logistic",0.7,1600,2200,TRUE,TRUE,0.749411764705882,TRUE,TRUE,TRUE,FALSE,FALSE
63,"B_smooth_logistic",0.7,1600,1600,TRUE,TRUE,0.875,TRUE,TRUE,TRUE,FALSE,FALSE
64,"B_smooth_logistic",0.7,1600,1600,TRUE,TRUE,0.865588235294118,TRUE,TRUE,TRUE,FALSE,FALSE
65,"B_smooth_logistic",0.7,1600,1600,TRUE,TRUE,0.749117647058824,TRUE,TRUE,TRUE,FALSE,FALSE
66,"B_smooth_logistic",0.7,4000,4000,TRUE,TRUE,0.540294117647059,TRUE,TRUE,TRUE,FALSE,FALSE
67,"B_smooth_logistic",0.7,1600,1600,TRUE,TRUE,0.892941176470588,TRUE,TRUE,TRUE,FALSE,FALSE
68,"B_smooth_logistic",0.7,1600,2200,TRUE,TRUE,1,TRUE,TRUE,TRUE,FALSE,FALSE
69,"B_smooth_logistic",0.7,1600,1600,TRUE,TRUE,0.605588235294118,TRUE,TRUE,TRUE,FALSE,FALSE
70,"B_smooth_logistic",0.7,1600,1600,TRUE,TRUE,1,TRUE,TRUE,TRUE,FALSE,FALSE
71,"B_smooth_logistic",0.7,1600,2200,TRUE,TRUE,0.682058823529412,TRUE,TRUE,TRUE,FALSE,FALSE
72,"B_smooth_logistic",0.7,1600,1600,TRUE,TRUE,0.726176470588235,TRUE,TRUE,TRUE,FALSE,FALSE
73,"B_smooth_logistic",0.7,1600,1600,TRUE,TRUE,0.636470588235294,TRUE,TRUE,TRUE,FALSE,FALSE
74,"B_smooth_logistic",0.7,1600,1600,TRUE,TRUE,0.894117647058824,TRUE,TRUE,TRUE,FALSE,FALSE
75,"B_smooth_logistic",0.7,1600,1600,TRUE,TRUE,0.656176470588235,TRUE,TRUE,TRUE,FALSE,FALSE
76,"B_smooth_logistic",0.7,2200,2200,TRUE,TRUE,0.547058823529412,TRUE,TRUE,TRUE,FALSE,FALSE
77,"B_smooth_logistic",0.7,1600,1600,TRUE,TRUE,0.998823529411765,TRUE,TRUE,TRUE,FALSE,FALSE
78,"B_smooth_logistic",0.7,1600,1600,TRUE,TRUE,0.762941176470588,TRUE,TRUE,TRUE,FALSE,FALSE
79,"B_smooth_logistic",0.7,1600,1600,TRUE,TRUE,1,TRUE,TRUE,TRUE,FALSE,FALSE
80,"B_smooth_logistic",0.7,1600,1600,TRUE,TRUE,0.737352941176471,TRUE,TRUE,TRUE,FALSE,FALSE
81,"B_smooth_logistic",0.7,1600,1600,TRUE,TRUE,1,TRUE,TRUE,TRUE,FALSE,FALSE
82,"B_smooth_logistic",0.7,1600,1600,TRUE,TRUE,1,TRUE,TRUE,TRUE,FALSE,FALSE
83,"B_smooth_logistic",0.7,1600,2800,TRUE,TRUE,1,TRUE,TRUE,TRUE,FALSE,FALSE
84,"B_smooth_logistic",0.7,1600,1600,TRUE,TRUE,0.890882352941176,TRUE,TRUE,TRUE,FALSE,FALSE
85,"B_smooth_logistic",0.7,1600,1600,TRUE,TRUE,0.921176470588235,TRUE,TRUE,TRUE,FALSE,FALSE
86,"B_smooth_logistic",0.7,1600,1600,TRUE,TRUE,1,TRUE,TRUE,TRUE,FALSE,FALSE
87,"B_smooth_logistic",0.7,1600,1600,TRUE,TRUE,1,TRUE,TRUE,TRUE,FALSE,FALSE
88,"B_smooth_logistic",0.7,1600,2200,TRUE,TRUE,0.807352941176471,TRUE,TRUE,TRUE,FALSE,FALSE
89,"B_smooth_logistic",0.7,1600,1600,TRUE,TRUE,1,TRUE,TRUE,TRUE,FALSE,FALSE
90,"B_smooth_logistic",0.7,1600,1600,TRUE,TRUE,0.828235294117647,TRUE,TRUE,TRUE,FALSE,FALSE
91,"B_smooth_logistic",0.7,1600,1600,TRUE,TRUE,0.763235294117647,TRUE,TRUE,TRUE,FALSE,FALSE
92,"B_smooth_logistic",0.7,1600,1600,TRUE,TRUE,1,TRUE,TRUE,TRUE,FALSE,FALSE
93,"B_smooth_logistic",0.7,1600,1600,TRUE,TRUE,0.885294117647059,TRUE,TRUE,TRUE,FALSE,FALSE
94,"B_smooth_logistic",0.7,1600,2800,TRUE,TRUE,1,TRUE,TRUE,TRUE,FALSE,FALSE
95,"B_smooth_logistic",0.7,1600,1600,TRUE,TRUE,1,TRUE,TRUE,TRUE,FALSE,FALSE
96,"B_smooth_logistic",0.7,1600,1600,TRUE,TRUE,1,TRUE,TRUE,TRUE,FALSE,FALSE
97,"B_smooth_logistic",0.7,1600,1600,TRUE,TRUE,0.634705882352941,TRUE,TRUE,TRUE,FALSE,FALSE
98,"B_smooth_logistic",0.7,1600,1600,TRUE,TRUE,0.931176470588235,TRUE,TRUE,TRUE,FALSE,FALSE
99,"B_smooth_logistic",0.7,1600,1600,TRUE,TRUE,1,TRUE,TRUE,TRUE,FALSE,FALSE
100,"B_smooth_logistic",0.7,1600,2200,TRUE,TRUE,0.902352941176471,TRUE,TRUE,TRUE,FALSE,FALSE
101,"B_smooth_logistic",0.7,1600,1600,TRUE,TRUE,1,TRUE,TRUE,TRUE,FALSE,FALSE
102,"B_smooth_logistic",0.7,1600,1600,TRUE,TRUE,0.840294117647059,TRUE,TRUE,TRUE,FALSE,FALSE
103,"B_smooth_logistic",0.7,1600,1600,TRUE,TRUE,0.958823529411765,TRUE,TRUE,TRUE,FALSE,FALSE
104,"B_smooth_logistic",0.7,1600,1600,TRUE,TRUE,0.854705882352941,TRUE,TRUE,TRUE,FALSE,FALSE
105,"B_smooth_logistic",0.7,1600,1600,TRUE,TRUE,0.862352941176471,TRUE,TRUE,TRUE,FALSE,FALSE
106,"B_smooth_logistic",0.7,1600,1600,TRUE,TRUE,0.755,TRUE,TRUE,TRUE,FALSE,FALSE
107,"B_smooth_logistic",0.7,1600,1600,TRUE,TRUE,0.644411764705882,TRUE,TRUE,TRUE,FALSE,FALSE
108,"B_smooth_logistic",0.7,1600,1600,TRUE,TRUE,1,TRUE,TRUE,TRUE,FALSE,FALSE
109,"B_smooth_logistic",0.7,1600,1600,TRUE,TRUE,1,TRUE,TRUE,TRUE,FALSE,FALSE
110,"B_smooth_logistic",0.7,1600,1600,TRUE,TRUE,0.681470588235294,TRUE,TRUE,TRUE,FALSE,FALSE
111,"B_smooth_logistic",0.7,1600,1600,TRUE,TRUE,0.888823529411765,TRUE,TRUE,TRUE,FALSE,FALSE
112,"B_smooth_logistic",0.7,1600,1600,TRUE,TRUE,0.72,TRUE,TRUE,TRUE,FALSE,FALSE
113,"B_smooth_logistic",0.7,1600,2200,TRUE,TRUE,1,TRUE,TRUE,TRUE,FALSE,FALSE
114,"B_smooth_logistic",0.7,1600,1600,TRUE,TRUE,1,TRUE,TRUE,TRUE,FALSE,FALSE
115,"B_smooth_logistic",0.7,1600,1600,TRUE,TRUE,0.800588235294118,TRUE,TRUE,TRUE,FALSE,FALSE
116,"B_smooth_logistic",0.7,1600,1600,TRUE,TRUE,1,TRUE,TRUE,TRUE,FALSE,FALSE
117,"B_smooth_logistic",0.7,1600,1600,TRUE,TRUE,1,TRUE,TRUE,TRUE,FALSE,FALSE
118,"B_smooth_logistic",0.7,1600,1600,TRUE,TRUE,1,TRUE,TRUE,TRUE,FALSE,FALSE
119,"B_smooth_logistic",0.7,1600,2200,TRUE,TRUE,0.830882352941177,TRUE,TRUE,TRUE,FALSE,FALSE
120,"B_smooth_logistic",0.7,1600,1600,TRUE,TRUE,0.695588235294118,TRUE,TRUE,TRUE,FALSE,FALSE
121,"B_smooth_logistic",0.7,1600,1600,TRUE,TRUE,1,TRUE,TRUE,TRUE,FALSE,FALSE
122,"B_smooth_logistic",0.7,2800,3400,TRUE,TRUE,0.691176470588235,TRUE,TRUE,TRUE,FALSE,FALSE
123,"B_smooth_logistic",0.7,1600,1600,TRUE,TRUE,0.680882352941176,TRUE,TRUE,TRUE,FALSE,FALSE
124,"B_smooth_logistic",0.7,1600,1600,TRUE,TRUE,0.762941176470588,TRUE,TRUE,TRUE,FALSE,FALSE
125,"B_smooth_logistic",0.7,1600,1600,TRUE,TRUE,0.716764705882353,TRUE,TRUE,TRUE,FALSE,FALSE
126,"B_smooth_logistic",0.7,1600,2800,TRUE,TRUE,0.742647058823529,TRUE,TRUE,TRUE,FALSE,FALSE
127,"B_smooth_logistic",0.7,1600,1600,TRUE,TRUE,0.881176470588235,TRUE,TRUE,TRUE,FALSE,FALSE
128,"B_smooth_logistic",0.7,2200,2800,TRUE,TRUE,1,TRUE,TRUE,TRUE,FALSE,FALSE
129,"B_smooth_logistic",0.7,1600,1600,TRUE,TRUE,1,TRUE,TRUE,TRUE,FALSE,FALSE
130,"B_smooth_logistic",0.7,1600,1600,TRUE,TRUE,0.667352941176471,TRUE,TRUE,TRUE,FALSE,FALSE
131,"B_smooth_logistic",0.7,2200,2200,TRUE,TRUE,0.633823529411765,TRUE,TRUE,TRUE,FALSE,FALSE
132,"B_smooth_logistic",0.7,1600,1600,TRUE,TRUE,1,TRUE,TRUE,TRUE,FALSE,FALSE
133,"B_smooth_logistic",0.7,1600,1600,TRUE,TRUE,0.606176470588235,TRUE,TRUE,TRUE,FALSE,FALSE
134,"B_smooth_logistic",0.7,1600,1600,TRUE,TRUE,0.748823529411765,TRUE,TRUE,TRUE,FALSE,FALSE
135,"B_smooth_logistic",0.7,1600,1600,TRUE,TRUE,0.827941176470588,TRUE,TRUE,TRUE,FALSE,FALSE
136,"B_smooth_logistic",0.7,1600,1600,TRUE,TRUE,0.872352941176471,TRUE,TRUE,TRUE,FALSE,FALSE
137,"B_smooth_logistic",0.7,1600,1600,TRUE,TRUE,0.898235294117647,TRUE,TRUE,TRUE,FALSE,FALSE
138,"B_smooth_logistic",0.7,1600,1600,TRUE,TRUE,1,TRUE,TRUE,TRUE,FALSE,FALSE
139,"B_smooth_logistic",0.7,1600,1600,TRUE,TRUE,0.790294117647059,TRUE,TRUE,TRUE,FALSE,FALSE
140,"B_smooth_logistic",0.7,1600,1600,TRUE,TRUE,0.650588235294118,TRUE,TRUE,TRUE,FALSE,FALSE
141,"B_smooth_logistic",0.7,1600,1600,TRUE,TRUE,1,TRUE,TRUE,TRUE,FALSE,FALSE
142,"B_smooth_logistic",0.7,1600,1600,TRUE,TRUE,0.852058823529412,TRUE,TRUE,TRUE,FALSE,FALSE
143,"B_smooth_logistic",0.7,1600,1600,TRUE,TRUE,1,TRUE,TRUE,TRUE,FALSE,FALSE
144,"B_smooth_logistic",0.7,2200,2800,TRUE,TRUE,0.613529411764706,TRUE,TRUE,TRUE,FALSE,FALSE
145,"B_smooth_logistic",0.7,1600,1600,TRUE,TRUE,1,TRUE,TRUE,TRUE,FALSE,FALSE
146,"B_smooth_logistic",0.7,1600,1600,TRUE,TRUE,1,TRUE,TRUE,TRUE,FALSE,FALSE
147,"B_smooth_logistic",0.7,1600,1600,TRUE,TRUE,1,TRUE,TRUE,TRUE,FALSE,FALSE
148,"B_smooth_logistic",0.7,1600,1600,TRUE,TRUE,0.630882352941176,TRUE,TRUE,TRUE,FALSE,FALSE
149,"B_smooth_logistic",0.7,1600,1600,TRUE,TRUE,0.680588235294118,TRUE,TRUE,TRUE,FALSE,FALSE
150,"B_smooth_logistic",0.7,1600,1600,TRUE,TRUE,0.998235294117647,TRUE,TRUE,TRUE,FALSE,FALSE
151,"B_smooth_logistic",0.7,1600,1600,TRUE,TRUE,1,TRUE,TRUE,TRUE,FALSE,FALSE
152,"B_smooth_logistic",0.7,1600,1600,TRUE,TRUE,0.560294117647059,TRUE,TRUE,TRUE,FALSE,FALSE
153,"B_smooth_logistic",0.7,1600,1600,TRUE,TRUE,0.808529411764706,TRUE,TRUE,TRUE,FALSE,FALSE
154,"B_smooth_logistic",0.7,1600,2200,TRUE,TRUE,0.665294117647059,TRUE,TRUE,TRUE,FALSE,FALSE
155,"B_smooth_logistic",0.7,1600,2200,TRUE,TRUE,1,TRUE,TRUE,TRUE,FALSE,FALSE
156,"B_smooth_logistic",0.7,1600,1600,TRUE,TRUE,0.660882352941176,TRUE,TRUE,TRUE,FALSE,FALSE
157,"B_smooth_logistic",0.7,1600,2800,TRUE,TRUE,0.704411764705882,TRUE,TRUE,TRUE,FALSE,FALSE
158,"B_smooth_logistic",0.7,1600,1600,TRUE,TRUE,1,TRUE,TRUE,TRUE,FALSE,FALSE
159,"B_smooth_logistic",0.7,1600,1600,TRUE,TRUE,0.719117647058824,TRUE,TRUE,TRUE,FALSE,FALSE
160,"B_smooth_logistic",0.7,1600,1600,TRUE,TRUE,0.867647058823529,TRUE,TRUE,TRUE,FALSE,FALSE
161,"B_smooth_logistic",0.7,1600,1600,TRUE,TRUE,0.541470588235294,TRUE,TRUE,TRUE,FALSE,FALSE
162,"B_smooth_logistic",0.7,1600,1600,TRUE,TRUE,1,TRUE,TRUE,TRUE,FALSE,FALSE
163,"B_smooth_logistic",0.7,1600,1600,TRUE,TRUE,1,TRUE,TRUE,TRUE,FALSE,FALSE
164,"B_smooth_logistic",0.7,2200,2200,TRUE,TRUE,0.697647058823529,TRUE,TRUE,TRUE,FALSE,FALSE
165,"B_smooth_logistic",0.7,1600,2200,TRUE,TRUE,1,TRUE,TRUE,TRUE,FALSE,FALSE
166,"B_smooth_logistic",0.7,1600,1600,TRUE,TRUE,0.682647058823529,TRUE,TRUE,TRUE,FALSE,FALSE
167,"B_smooth_logistic",0.7,1600,1600,TRUE,TRUE,0.951176470588235,TRUE,TRUE,TRUE,FALSE,FALSE
168,"B_smooth_logistic",0.7,1600,1600,TRUE,TRUE,1,TRUE,TRUE,TRUE,FALSE,FALSE
169,"B_smooth_logistic",0.7,1600,2200,TRUE,TRUE,1,TRUE,TRUE,TRUE,FALSE,FALSE
170,"B_smooth_logistic",0.7,1600,1600,TRUE,TRUE,0.768235294117647,TRUE,TRUE,TRUE,FALSE,FALSE
171,"B_smooth_logistic",0.7,1600,2200,TRUE,TRUE,1,TRUE,TRUE,TRUE,FALSE,FALSE
172,"B_smooth_logistic",0.7,1600,1600,TRUE,TRUE,0.496764705882353,FALSE,FALSE,FALSE,TRUE,TRUE
173,"B_smooth_logistic",0.7,1600,1600,TRUE,TRUE,1,TRUE,TRUE,TRUE,FALSE,FALSE
174,"B_smooth_logistic",0.7,1600,1600,TRUE,TRUE,0.856470588235294,TRUE,TRUE,TRUE,FALSE,FALSE
175,"B_smooth_logistic",0.7,1600,1600,TRUE,TRUE,0.749411764705882,TRUE,TRUE,TRUE,FALSE,FALSE
176,"B_smooth_logistic",0.7,1600,1600,TRUE,TRUE,0.943823529411765,TRUE,TRUE,TRUE,FALSE,FALSE
177,"B_smooth_logistic",0.7,1600,1600,TRUE,TRUE,0.585294117647059,TRUE,TRUE,TRUE,FALSE,FALSE
178,"B_smooth_logistic",0.7,1600,1600,TRUE,TRUE,0.737352941176471,TRUE,TRUE,TRUE,FALSE,FALSE
179,"B_smooth_logistic",0.7,1600,1600,TRUE,TRUE,0.663529411764706,TRUE,TRUE,TRUE,FALSE,FALSE
180,"B_smooth_logistic",0.7,1600,1600,TRUE,TRUE,1,TRUE,TRUE,TRUE,FALSE,FALSE
181,"B_smooth_logistic",0.7,1600,1600,TRUE,TRUE,0.668823529411765,TRUE,TRUE,TRUE,FALSE,FALSE
182,"B_smooth_logistic",0.7,1600,1600,TRUE,TRUE,1,TRUE,TRUE,TRUE,FALSE,FALSE
183,"B_smooth_logistic",0.7,1600,1600,TRUE,TRUE,0.836764705882353,TRUE,TRUE,TRUE,FALSE,FALSE
184,"B_smooth_logistic",0.7,1600,1600,TRUE,TRUE,1,TRUE,TRUE,TRUE,FALSE,FALSE
185,"B_smooth_logistic",0.7,1600,1600,TRUE,TRUE,1,TRUE,TRUE,TRUE,FALSE,FALSE
186,"B_smooth_logistic",0.7,1600,1600,TRUE,TRUE,0.531176470588235,TRUE,TRUE,TRUE,FALSE,FALSE
187,"B_smooth_logistic",0.7,1600,1600,TRUE,TRUE,1,TRUE,TRUE,TRUE,FALSE,FALSE
188,"B_smooth_logistic",0.7,1600,2200,TRUE,TRUE,1,TRUE,TRUE,TRUE,FALSE,FALSE
189,"B_smooth_logistic",0.7,1600,1600,TRUE,TRUE,0.646764705882353,TRUE,TRUE,TRUE,FALSE,FALSE
190,"B_smooth_logistic",0.7,1600,2200,TRUE,TRUE,0.619117647058824,TRUE,TRUE,TRUE,FALSE,FALSE
191,"B_smooth_logistic",0.7,1600,2200,TRUE,TRUE,0.798529411764706,TRUE,TRUE,TRUE,FALSE,FALSE
192,"B_smooth_logistic",0.7,1600,1600,TRUE,TRUE,0.784117647058823,TRUE,TRUE,TRUE,FALSE,FALSE
193,"B_smooth_logistic",0.7,1600,1600,TRUE,TRUE,1,TRUE,TRUE,TRUE,FALSE,FALSE
194,"B_smooth_logistic",0.7,1600,1600,TRUE,TRUE,1,TRUE,TRUE,TRUE,FALSE,FALSE
195,"B_smooth_logistic",0.7,1600,1600,TRUE,TRUE,1,TRUE,TRUE,TRUE,FALSE,FALSE
196,"B_smooth_logistic",0.7,2200,2800,TRUE,TRUE,0.94,TRUE,TRUE,TRUE,FALSE,FALSE
197,"B_smooth_logistic",0.7,1600,2200,TRUE,TRUE,0.622352941176471,TRUE,TRUE,TRUE,FALSE,FALSE
198,"B_smooth_logistic",0.7,1600,1600,TRUE,TRUE,1,TRUE,TRUE,TRUE,FALSE,FALSE
199,"B_smooth_logistic",0.7,1600,1600,TRUE,TRUE,1,TRUE,TRUE,TRUE,FALSE,FALSE
200,"B_smooth_logistic",0.7,1600,2200,TRUE,TRUE,1,TRUE,TRUE,TRUE,FALSE,FALSE
201,"B_smooth_logistic",0.7,1600,1600,TRUE,TRUE,0.983529411764706,TRUE,TRUE,TRUE,FALSE,FALSE
202,"B_smooth_logistic",0.7,2200,2200,TRUE,TRUE,0.587058823529412,TRUE,TRUE,TRUE,FALSE,FALSE
203,"B_smooth_logistic",0.7,1600,1600,TRUE,TRUE,0.640294117647059,TRUE,TRUE,TRUE,FALSE,FALSE
204,"B_smooth_logistic",0.7,1600,1600,TRUE,TRUE,1,TRUE,TRUE,TRUE,FALSE,FALSE
205,"B_smooth_logistic",0.7,1600,1600,TRUE,TRUE,0.667352941176471,TRUE,TRUE,TRUE,FALSE,FALSE
206,"B_smooth_logistic",0.7,1600,2200,TRUE,TRUE,0.610588235294118,TRUE,TRUE,TRUE,FALSE,FALSE
207,"B_smooth_logistic",0.7,1600,1600,TRUE,TRUE,0.682941176470588,TRUE,TRUE,TRUE,FALSE,FALSE
208,"B_smooth_logistic",0.7,3400,3400,TRUE,TRUE,0.645588235294118,TRUE,TRUE,TRUE,FALSE,FALSE
209,"B_smooth_logistic",0.7,1600,2200,TRUE,TRUE,0.741176470588235,TRUE,TRUE,TRUE,FALSE,FALSE
210,"B_smooth_logistic",0.7,1600,1600,TRUE,TRUE,1,TRUE,TRUE,TRUE,FALSE,FALSE
211,"B_smooth_logistic",0.7,1600,1600,TRUE,TRUE,1,TRUE,TRUE,TRUE,FALSE,FALSE
212,"B_smooth_logistic",0.7,1600,2200,TRUE,TRUE,0.683529411764706,TRUE,TRUE,TRUE,FALSE,FALSE
213,"B_smooth_logistic",0.7,1600,2200,TRUE,TRUE,1,TRUE,TRUE,TRUE,FALSE,FALSE
214,"B_smooth_logistic",0.7,1600,1600,TRUE,TRUE,0.775588235294118,TRUE,TRUE,TRUE,FALSE,FALSE
215,"B_smooth_logistic",0.7,1600,1600,TRUE,TRUE,0.924117647058823,TRUE,TRUE,TRUE,FALSE,FALSE
216,"B_smooth_logistic",0.7,1600,1600,TRUE,TRUE,1,TRUE,TRUE,TRUE,FALSE,FALSE
217,"B_smooth_logistic",0.7,1600,1600,TRUE,TRUE,0.765882352941176,TRUE,TRUE,TRUE,FALSE,FALSE
218,"B_smooth_logistic",0.7,1600,2800,TRUE,TRUE,0.756176470588235,TRUE,TRUE,TRUE,FALSE,FALSE
219,"B_smooth_logistic",0.7,1600,2200,TRUE,TRUE,0.810294117647059,TRUE,TRUE,TRUE,FALSE,FALSE
220,"B_smooth_logistic",0.7,1600,1600,TRUE,TRUE,0.819705882352941,TRUE,TRUE,TRUE,FALSE,FALSE
221,"B_smooth_logistic",0.7,1600,2200,TRUE,TRUE,1,TRUE,TRUE,TRUE,FALSE,FALSE
222,"B_smooth_logistic",0.7,2200,2200,TRUE,TRUE,0.732352941176471,TRUE,TRUE,TRUE,FALSE,FALSE
223,"B_smooth_logistic",0.7,2200,2800,TRUE,TRUE,0.670588235294118,TRUE,TRUE,TRUE,FALSE,FALSE
224,"B_smooth_logistic",0.7,1600,1600,TRUE,TRUE,1,TRUE,TRUE,TRUE,FALSE,FALSE
225,"B_smooth_logistic",0.7,2200,2800,TRUE,TRUE,0.803235294117647,TRUE,TRUE,TRUE,FALSE,FALSE
226,"B_smooth_logistic",0.7,1600,1600,TRUE,TRUE,0.598823529411765,TRUE,TRUE,TRUE,FALSE,FALSE
227,"B_smooth_logistic",0.7,1600,1600,TRUE,TRUE,1,TRUE,TRUE,TRUE,FALSE,FALSE
228,"B_smooth_logistic",0.7,1600,1600,TRUE,TRUE,0.865,TRUE,TRUE,TRUE,FALSE,FALSE
229,"B_smooth_logistic",0.7,1600,1600,TRUE,TRUE,0.896470588235294,TRUE,TRUE,TRUE,FALSE,FALSE
230,"B_smooth_logistic",0.7,1600,2200,TRUE,TRUE,0.960882352941177,TRUE,TRUE,TRUE,FALSE,FALSE
231,"B_smooth_logistic",0.7,1600,1600,TRUE,TRUE,0.751764705882353,TRUE,TRUE,TRUE,FALSE,FALSE
232,"B_smooth_logistic",0.7,2200,2200,TRUE,TRUE,0.793823529411765,TRUE,TRUE,TRUE,FALSE,FALSE
233,"B_smooth_logistic",0.7,1600,2200,TRUE,TRUE,0.841176470588235,TRUE,TRUE,TRUE,FALSE,FALSE
234,"B_smooth_logistic",0.7,1600,1600,TRUE,TRUE,0.615,TRUE,TRUE,TRUE,FALSE,FALSE
235,"B_smooth_logistic",0.7,1600,1600,TRUE,TRUE,1,TRUE,TRUE,TRUE,FALSE,FALSE
236,"B_smooth_logistic",0.7,1600,1600,TRUE,TRUE,0.884705882352941,TRUE,TRUE,TRUE,FALSE,FALSE
237,"B_smooth_logistic",0.7,1600,1600,TRUE,TRUE,1,TRUE,TRUE,TRUE,FALSE,FALSE
238,"B_smooth_logistic",0.7,1600,1600,TRUE,TRUE,1,TRUE,TRUE,TRUE,FALSE,FALSE
239,"B_smooth_logistic",0.7,1600,2200,TRUE,TRUE,0.542058823529412,TRUE,TRUE,TRUE,FALSE,FALSE
240,"B_smooth_logistic",0.7,1600,1600,TRUE,TRUE,0.900882352941176,TRUE,TRUE,TRUE,FALSE,FALSE
241,"B_smooth_logistic",0.7,1600,1600,TRUE,TRUE,0.747941176470588,TRUE,TRUE,TRUE,FALSE,FALSE
242,"B_smooth_logistic",0.7,NA,NA,FALSE,FALSE,0.468235294117647,FALSE,TRUE,TRUE,FALSE,FALSE
243,"B_smooth_logistic",0.7,1600,1600,TRUE,TRUE,0.636470588235294,TRUE,TRUE,TRUE,FALSE,FALSE
244,"B_smooth_logistic",0.7,1600,1600,TRUE,TRUE,1,TRUE,TRUE,TRUE,FALSE,FALSE
245,"B_smooth_logistic",0.7,2200,2200,TRUE,TRUE,0.722058823529412,TRUE,TRUE,TRUE,FALSE,FALSE
246,"B_smooth_logistic",0.7,1600,1600,TRUE,TRUE,0.747352941176471,TRUE,TRUE,TRUE,FALSE,FALSE
247,"B_smooth_logistic",0.7,1600,1600,TRUE,TRUE,0.912647058823529,TRUE,TRUE,TRUE,FALSE,FALSE
248,"B_smooth_logistic",0.7,1600,1600,TRUE,TRUE,1,TRUE,TRUE,TRUE,FALSE,FALSE
249,"B_smooth_logistic",0.7,1600,2200,TRUE,TRUE,0.714705882352941,TRUE,TRUE,TRUE,FALSE,FALSE
250,"B_smooth_logistic",0.7,1600,1600,TRUE,TRUE,0.920294117647059,TRUE,TRUE,TRUE,FALSE,FALSE
251,"B_smooth_logistic",0.7,1600,1600,TRUE,TRUE,1,TRUE,TRUE,TRUE,FALSE,FALSE
252,"B_smooth_logistic",0.7,1600,1600,TRUE,TRUE,0.702058823529412,TRUE,TRUE,TRUE,FALSE,FALSE
253,"B_smooth_logistic",0.7,1600,1600,TRUE,TRUE,0.803529411764706,TRUE,TRUE,TRUE,FALSE,FALSE
254,"B_smooth_logistic",0.7,1600,1600,TRUE,TRUE,0.768235294117647,TRUE,TRUE,TRUE,FALSE,FALSE
255,"B_smooth_logistic",0.7,1600,1600,TRUE,TRUE,0.642941176470588,TRUE,TRUE,TRUE,FALSE,FALSE
256,"B_smooth_logistic",0.7,1600,1600,TRUE,TRUE,1,TRUE,TRUE,TRUE,FALSE,FALSE
257,"B_smooth_logistic",0.7,1600,2200,TRUE,TRUE,1,TRUE,TRUE,TRUE,FALSE,FALSE
258,"B_smooth_logistic",0.7,1600,1600,TRUE,TRUE,1,TRUE,TRUE,TRUE,FALSE,FALSE
259,"B_smooth_logistic",0.7,1600,2800,TRUE,TRUE,1,TRUE,TRUE,TRUE,FALSE,FALSE
260,"B_smooth_logistic",0.7,1600,1600,TRUE,TRUE,0.852352941176471,TRUE,TRUE,TRUE,FALSE,FALSE
261,"B_smooth_logistic",0.7,1600,1600,TRUE,TRUE,1,TRUE,TRUE,TRUE,FALSE,FALSE
262,"B_smooth_logistic",0.7,2200,2800,TRUE,TRUE,0.871470588235294,TRUE,TRUE,TRUE,FALSE,FALSE
263,"B_smooth_logistic",0.7,NA,NA,FALSE,FALSE,0,FALSE,TRUE,TRUE,FALSE,FALSE
264,"B_smooth_logistic",0.7,1600,1600,TRUE,TRUE,0.640882352941176,TRUE,TRUE,TRUE,FALSE,FALSE
265,"B_smooth_logistic",0.7,1600,1600,TRUE,TRUE,0.729705882352941,TRUE,TRUE,TRUE,FALSE,FALSE
266,"B_smooth_logistic",0.7,1600,1600,TRUE,TRUE,0.502647058823529,TRUE,TRUE,TRUE,FALSE,FALSE
267,"B_smooth_logistic",0.7,1600,1600,TRUE,TRUE,0.765,TRUE,TRUE,TRUE,FALSE,FALSE
268,"B_smooth_logistic",0.7,1600,1600,TRUE,TRUE,0.555588235294118,TRUE,TRUE,TRUE,FALSE,FALSE
269,"B_smooth_logistic",0.7,2200,2200,TRUE,TRUE,0.731176470588235,TRUE,TRUE,TRUE,FALSE,FALSE
270,"B_smooth_logistic",0.7,1600,1600,TRUE,TRUE,1,TRUE,TRUE,TRUE,FALSE,FALSE
271,"B_smooth_logistic",0.7,1600,1600,TRUE,TRUE,0.452647058823529,FALSE,FALSE,FALSE,TRUE,TRUE
272,"B_smooth_logistic",0.7,1600,1600,TRUE,TRUE,1,TRUE,TRUE,TRUE,FALSE,FALSE
273,"B_smooth_logistic",0.7,1600,1600,TRUE,TRUE,1,TRUE,TRUE,TRUE,FALSE,FALSE
274,"B_smooth_logistic",0.7,1600,1600,TRUE,TRUE,0.477647058823529,FALSE,FALSE,FALSE,TRUE,TRUE
275,"B_smooth_logistic",0.7,4000,4000,TRUE,TRUE,0.547647058823529,TRUE,TRUE,TRUE,FALSE,FALSE
276,"B_smooth_logistic",0.7,1600,1600,TRUE,TRUE,0.977352941176471,TRUE,TRUE,TRUE,FALSE,FALSE
277,"B_smooth_logistic",0.7,1600,1600,TRUE,TRUE,0.574117647058824,TRUE,TRUE,TRUE,FALSE,FALSE
278,"B_smooth_logistic",0.7,1600,1600,TRUE,TRUE,0.823235294117647,TRUE,TRUE,TRUE,FALSE,FALSE
279,"B_smooth_logistic",0.7,1600,1600,TRUE,TRUE,0.680294117647059,TRUE,TRUE,TRUE,FALSE,FALSE
280,"B_smooth_logistic",0.7,1600,1600,TRUE,TRUE,1,TRUE,TRUE,TRUE,FALSE,FALSE
281,"B_smooth_logistic",0.7,1600,1600,TRUE,TRUE,0.740882352941176,TRUE,TRUE,TRUE,FALSE,FALSE
282,"B_smooth_logistic",0.7,1600,1600,TRUE,TRUE,0.984117647058824,TRUE,TRUE,TRUE,FALSE,FALSE
283,"B_smooth_logistic",0.7,1600,1600,TRUE,TRUE,0.496470588235294,FALSE,FALSE,FALSE,TRUE,TRUE
284,"B_smooth_logistic",0.7,1600,1600,TRUE,TRUE,0.761176470588235,TRUE,TRUE,TRUE,FALSE,FALSE
285,"B_smooth_logistic",0.7,1600,1600,TRUE,TRUE,1,TRUE,TRUE,TRUE,FALSE,FALSE
286,"B_smooth_logistic",0.7,1600,1600,TRUE,TRUE,0.869411764705882,TRUE,TRUE,TRUE,FALSE,FALSE
287,"B_smooth_logistic",0.7,1600,1600,TRUE,TRUE,0.678823529411765,TRUE,TRUE,TRUE,FALSE,FALSE
288,"B_smooth_logistic",0.7,1600,1600,TRUE,TRUE,1,TRUE,TRUE,TRUE,FALSE,FALSE
289,"B_smooth_logistic",0.7,1600,1600,TRUE,TRUE,0.885294117647059,TRUE,TRUE,TRUE,FALSE,FALSE
290,"B_smooth_logistic",0.7,1600,2200,TRUE,TRUE,1,TRUE,TRUE,TRUE,FALSE,FALSE
291,"B_smooth_logistic",0.7,1600,1600,TRUE,TRUE,0.793823529411765,TRUE,TRUE,TRUE,FALSE,FALSE
292,"B_smooth_logistic",0.7,1600,1600,TRUE,TRUE,0.799705882352941,TRUE,TRUE,TRUE,FALSE,FALSE
293,"B_smooth_logistic",0.7,1600,1600,TRUE,TRUE,0.678823529411765,TRUE,TRUE,TRUE,FALSE,FALSE
294,"B_smooth_logistic",0.7,1600,1600,TRUE,TRUE,1,TRUE,TRUE,TRUE,FALSE,FALSE
295,"B_smooth_logistic",0.7,1600,2200,TRUE,TRUE,0.627058823529412,TRUE,TRUE,TRUE,FALSE,FALSE
296,"B_smooth_logistic",0.7,1600,1600,TRUE,TRUE,0.700588235294118,TRUE,TRUE,TRUE,FALSE,FALSE
297,"B_smooth_logistic",0.7,1600,1600,TRUE,TRUE,0.779411764705882,TRUE,TRUE,TRUE,FALSE,FALSE
298,"B_smooth_logistic",0.7,1600,1600,TRUE,TRUE,0.883235294117647,TRUE,TRUE,TRUE,FALSE,FALSE
299,"B_smooth_logistic",0.7,1600,1600,TRUE,TRUE,1,TRUE,TRUE,TRUE,FALSE,FALSE
300,"B_smooth_logistic",0.7,1600,1600,TRUE,TRUE,0.763529411764706,TRUE,TRUE,TRUE,FALSE,FALSE
301,"B_smooth_logistic",0.7,1600,1600,TRUE,TRUE,0.724117647058824,TRUE,TRUE,TRUE,FALSE,FALSE
302,"B_smooth_logistic",0.7,1600,1600,TRUE,TRUE,0.953235294117647,TRUE,TRUE,TRUE,FALSE,FALSE
303,"B_smooth_logistic",0.7,1600,2200,TRUE,TRUE,0.727352941176471,TRUE,TRUE,TRUE,FALSE,FALSE
304,"B_smooth_logistic",0.7,1600,1600,TRUE,TRUE,1,TRUE,TRUE,TRUE,FALSE,FALSE
305,"B_smooth_logistic",0.7,1600,1600,TRUE,TRUE,0.971470588235294,TRUE,TRUE,TRUE,FALSE,FALSE
306,"B_smooth_logistic",0.7,1600,2200,TRUE,TRUE,0.722058823529412,TRUE,TRUE,TRUE,FALSE,FALSE
307,"B_smooth_logistic",0.7,1600,1600,TRUE,TRUE,0.725,TRUE,TRUE,TRUE,FALSE,FALSE
308,"B_smooth_logistic",0.7,1600,1600,TRUE,TRUE,0.698823529411765,TRUE,TRUE,TRUE,FALSE,FALSE
309,"B_smooth_logistic",0.7,1600,1600,TRUE,TRUE,1,TRUE,TRUE,TRUE,FALSE,FALSE
310,"B_smooth_logistic",0.7,1600,1600,TRUE,TRUE,1,TRUE,TRUE,TRUE,FALSE,FALSE
311,"B_smooth_logistic",0.7,1600,2200,TRUE,TRUE,0.647941176470588,TRUE,TRUE,TRUE,FALSE,FALSE
312,"B_smooth_logistic",0.7,1600,1600,TRUE,TRUE,0.767647058823529,TRUE,TRUE,TRUE,FALSE,FALSE
313,"B_smooth_logistic",0.7,1600,1600,TRUE,TRUE,0.687352941176471,TRUE,TRUE,TRUE,FALSE,FALSE
314,"B_smooth_logistic",0.7,1600,1600,TRUE,TRUE,1,TRUE,TRUE,TRUE,FALSE,FALSE
315,"B_smooth_logistic",0.7,1600,1600,TRUE,TRUE,1,TRUE,TRUE,TRUE,FALSE,FALSE
316,"B_smooth_logistic",0.7,1600,1600,TRUE,TRUE,0.997352941176471,TRUE,TRUE,TRUE,FALSE,FALSE
317,"B_smooth_logistic",0.7,1600,2200,TRUE,TRUE,1,TRUE,TRUE,TRUE,FALSE,FALSE
318,"B_smooth_logistic",0.7,1600,1600,TRUE,TRUE,1,TRUE,TRUE,TRUE,FALSE,FALSE
319,"B_smooth_logistic",0.7,1600,1600,TRUE,TRUE,0.967352941176471,TRUE,TRUE,TRUE,FALSE,FALSE
320,"B_smooth_logistic",0.7,1600,2200,TRUE,TRUE,0.975882352941176,TRUE,TRUE,TRUE,FALSE,FALSE
321,"B_smooth_logistic",0.7,1600,1600,TRUE,TRUE,0.916176470588235,TRUE,TRUE,TRUE,FALSE,FALSE
322,"B_smooth_logistic",0.7,1600,1600,TRUE,TRUE,0.851176470588235,TRUE,TRUE,TRUE,FALSE,FALSE
323,"B_smooth_logistic",0.7,1600,1600,TRUE,TRUE,0.719411764705882,TRUE,TRUE,TRUE,FALSE,FALSE
324,"B_smooth_logistic",0.7,1600,2200,TRUE,TRUE,0.743823529411765,TRUE,TRUE,TRUE,FALSE,FALSE
325,"B_smooth_logistic",0.7,1600,1600,TRUE,TRUE,0.846470588235294,TRUE,TRUE,TRUE,FALSE,FALSE
326,"B_smooth_logistic",0.7,1600,1600,TRUE,TRUE,0.660588235294118,TRUE,TRUE,TRUE,FALSE,FALSE
327,"B_smooth_logistic",0.7,2200,2200,TRUE,TRUE,0.733235294117647,TRUE,TRUE,TRUE,FALSE,FALSE
328,"B_smooth_logistic",0.7,2200,2800,TRUE,TRUE,0.660882352941176,TRUE,TRUE,TRUE,FALSE,FALSE
329,"B_smooth_logistic",0.7,1600,1600,TRUE,TRUE,0.647352941176471,TRUE,TRUE,TRUE,FALSE,FALSE
330,"B_smooth_logistic",0.7,1600,1600,TRUE,TRUE,1,TRUE,TRUE,TRUE,FALSE,FALSE
331,"B_smooth_logistic",0.7,1600,1600,TRUE,TRUE,1,TRUE,TRUE,TRUE,FALSE,FALSE
332,"B_smooth_logistic",0.7,1600,1600,TRUE,TRUE,1,TRUE,TRUE,TRUE,FALSE,FALSE
333,"B_smooth_logistic",0.7,1600,1600,TRUE,TRUE,0.741470588235294,TRUE,TRUE,TRUE,FALSE,FALSE
334,"B_smooth_logistic",0.7,1600,1600,TRUE,TRUE,0.948529411764706,TRUE,TRUE,TRUE,FALSE,FALSE
335,"B_smooth_logistic",0.7,1600,1600,TRUE,TRUE,0.687352941176471,TRUE,TRUE,TRUE,FALSE,FALSE
336,"B_smooth_logistic",0.7,1600,1600,TRUE,TRUE,0.659705882352941,TRUE,TRUE,TRUE,FALSE,FALSE
337,"B_smooth_logistic",0.7,1600,1600,TRUE,TRUE,1,TRUE,TRUE,TRUE,FALSE,FALSE
338,"B_smooth_logistic",0.7,1600,2200,TRUE,TRUE,0.784411764705882,TRUE,TRUE,TRUE,FALSE,FALSE
339,"B_smooth_logistic",0.7,2200,2800,TRUE,TRUE,1,TRUE,TRUE,TRUE,FALSE,FALSE
340,"B_smooth_logistic",0.7,1600,1600,TRUE,TRUE,0.705294117647059,TRUE,TRUE,TRUE,FALSE,FALSE
341,"B_smooth_logistic",0.7,1600,1600,TRUE,TRUE,1,TRUE,TRUE,TRUE,FALSE,FALSE
342,"B_smooth_logistic",0.7,1600,1600,TRUE,TRUE,0.723823529411765,TRUE,TRUE,TRUE,FALSE,FALSE
343,"B_smooth_logistic",0.7,1600,1600,TRUE,TRUE,1,TRUE,TRUE,TRUE,FALSE,FALSE
344,"B_smooth_logistic",0.7,1600,1600,TRUE,TRUE,1,TRUE,TRUE,TRUE,FALSE,FALSE
345,"B_smooth_logistic",0.7,1600,1600,TRUE,TRUE,0.651176470588235,TRUE,TRUE,TRUE,FALSE,FALSE
346,"B_smooth_logistic",0.7,1600,1600,TRUE,TRUE,0.812941176470588,TRUE,TRUE,TRUE,FALSE,FALSE
347,"B_smooth_logistic",0.7,1600,1600,TRUE,TRUE,0.660588235294118,TRUE,TRUE,TRUE,FALSE,FALSE
348,"B_smooth_logistic",0.7,1600,1600,TRUE,TRUE,1,TRUE,TRUE,TRUE,FALSE,FALSE
349,"B_smooth_logistic",0.7,1600,1600,TRUE,TRUE,0.795294117647059,TRUE,TRUE,TRUE,FALSE,FALSE
350,"B_smooth_logistic",0.7,1600,1600,TRUE,TRUE,0.961764705882353,TRUE,TRUE,TRUE,FALSE,FALSE
351,"B_smooth_logistic",0.7,1600,1600,TRUE,TRUE,0.925588235294118,TRUE,TRUE,TRUE,FALSE,FALSE
352,"B_smooth_logistic",0.7,1600,1600,TRUE,TRUE,0.658529411764706,TRUE,TRUE,TRUE,FALSE,FALSE
353,"B_smooth_logistic",0.7,2200,3400,TRUE,TRUE,0.883823529411765,TRUE,TRUE,TRUE,FALSE,FALSE
354,"B_smooth_logistic",0.7,1600,1600,TRUE,TRUE,1,TRUE,TRUE,TRUE,FALSE,FALSE
355,"B_smooth_logistic",0.7,1600,1600,TRUE,TRUE,0.951176470588235,TRUE,TRUE,TRUE,FALSE,FALSE
356,"B_smooth_logistic",0.7,1600,2200,TRUE,TRUE,0.78,TRUE,TRUE,TRUE,FALSE,FALSE
357,"B_smooth_logistic",0.7,1600,2200,TRUE,TRUE,1,TRUE,TRUE,TRUE,FALSE,FALSE
358,"B_smooth_logistic",0.7,1600,4000,TRUE,TRUE,1,TRUE,TRUE,TRUE,FALSE,FALSE
359,"B_smooth_logistic",0.7,1600,1600,TRUE,TRUE,1,TRUE,TRUE,TRUE,FALSE,FALSE
360,"B_smooth_logistic",0.7,1600,1600,TRUE,TRUE,0.578823529411765,TRUE,TRUE,TRUE,FALSE,FALSE
361,"B_smooth_logistic",0.7,1600,2200,TRUE,TRUE,0.912941176470588,TRUE,TRUE,TRUE,FALSE,FALSE
362,"B_smooth_logistic",0.7,1600,1600,TRUE,TRUE,0.959117647058824,TRUE,TRUE,TRUE,FALSE,FALSE
363,"B_smooth_logistic",0.7,1600,1600,TRUE,TRUE,0.615294117647059,TRUE,TRUE,TRUE,FALSE,FALSE
364,"B_smooth_logistic",0.7,1600,1600,TRUE,TRUE,1,TRUE,TRUE,TRUE,FALSE,FALSE
365,"B_smooth_logistic",0.7,1600,1600,TRUE,TRUE,0.812941176470588,TRUE,TRUE,TRUE,FALSE,FALSE
366,"B_smooth_logistic",0.7,1600,2200,TRUE,TRUE,0.649705882352941,TRUE,TRUE,TRUE,FALSE,FALSE
367,"B_smooth_logistic",0.7,1600,1600,TRUE,TRUE,1,TRUE,TRUE,TRUE,FALSE,FALSE
368,"B_smooth_logistic",0.7,1600,1600,TRUE,TRUE,0.596176470588235,TRUE,TRUE,TRUE,FALSE,FALSE
369,"B_smooth_logistic",0.7,1600,1600,TRUE,TRUE,0.821470588235294,TRUE,TRUE,TRUE,FALSE,FALSE
370,"B_smooth_logistic",0.7,2200,3400,TRUE,TRUE,1,TRUE,TRUE,TRUE,FALSE,FALSE
371,"B_smooth_logistic",0.7,2800,2800,TRUE,TRUE,0.511176470588235,TRUE,TRUE,TRUE,FALSE,FALSE
372,"B_smooth_logistic",0.7,2200,2800,TRUE,TRUE,1,TRUE,TRUE,TRUE,FALSE,FALSE
373,"B_smooth_logistic",0.7,1600,2200,TRUE,TRUE,0.916470588235294,TRUE,TRUE,TRUE,FALSE,FALSE
374,"B_smooth_logistic",0.7,1600,2800,TRUE,TRUE,1,TRUE,TRUE,TRUE,FALSE,FALSE
375,"B_smooth_logistic",0.7,1600,1600,TRUE,TRUE,0.772352941176471,TRUE,TRUE,TRUE,FALSE,FALSE
376,"B_smooth_logistic",0.7,1600,1600,TRUE,TRUE,0.582647058823529,TRUE,TRUE,TRUE,FALSE,FALSE
377,"B_smooth_logistic",0.7,1600,1600,TRUE,TRUE,0.868235294117647,TRUE,TRUE,TRUE,FALSE,FALSE
378,"B_smooth_logistic",0.7,1600,1600,TRUE,TRUE,0.673823529411765,TRUE,TRUE,TRUE,FALSE,FALSE
379,"B_smooth_logistic",0.7,1600,2200,TRUE,TRUE,1,TRUE,TRUE,TRUE,FALSE,FALSE
380,"B_smooth_logistic",0.7,1600,1600,TRUE,TRUE,0.68,TRUE,TRUE,TRUE,FALSE,FALSE
381,"B_smooth_logistic",0.7,1600,1600,TRUE,TRUE,1,TRUE,TRUE,TRUE,FALSE,FALSE
382,"B_smooth_logistic",0.7,1600,1600,TRUE,TRUE,0.722647058823529,TRUE,TRUE,TRUE,FALSE,FALSE
383,"B_smooth_logistic",0.7,1600,1600,TRUE,TRUE,0.933529411764706,TRUE,TRUE,TRUE,FALSE,FALSE
384,"B_smooth_logistic",0.7,1600,1600,TRUE,TRUE,1,TRUE,TRUE,TRUE,FALSE,FALSE
385,"B_smooth_logistic",0.7,2800,2800,TRUE,TRUE,0.701764705882353,TRUE,TRUE,TRUE,FALSE,FALSE
386,"B_smooth_logistic",0.7,1600,1600,TRUE,TRUE,0.879705882352941,TRUE,TRUE,TRUE,FALSE,FALSE
387,"B_smooth_logistic",0.7,1600,1600,TRUE,TRUE,0.997647058823529,TRUE,TRUE,TRUE,FALSE,FALSE
388,"B_smooth_logistic",0.7,1600,2200,TRUE,TRUE,0.57,TRUE,TRUE,TRUE,FALSE,FALSE
389,"B_smooth_logistic",0.7,1600,1600,TRUE,TRUE,1,TRUE,TRUE,TRUE,FALSE,FALSE
390,"B_smooth_logistic",0.7,1600,1600,TRUE,TRUE,0.845588235294118,TRUE,TRUE,TRUE,FALSE,FALSE
391,"B_smooth_logistic",0.7,1600,1600,TRUE,TRUE,0.926764705882353,TRUE,TRUE,TRUE,FALSE,FALSE
392,"B_smooth_logistic",0.7,1600,1600,TRUE,TRUE,0.509117647058824,TRUE,TRUE,TRUE,FALSE,FALSE
393,"B_smooth_logistic",0.7,1600,1600,TRUE,TRUE,1,TRUE,TRUE,TRUE,FALSE,FALSE
394,"B_smooth_logistic",0.7,2200,2200,TRUE,TRUE,0.848235294117647,TRUE,TRUE,TRUE,FALSE,FALSE
395,"B_smooth_logistic",0.7,1600,1600,TRUE,TRUE,0.802352941176471,TRUE,TRUE,TRUE,FALSE,FALSE
396,"B_smooth_logistic",0.7,1600,1600,TRUE,TRUE,1,TRUE,TRUE,TRUE,FALSE,FALSE
397,"B_smooth_logistic",0.7,1600,1600,TRUE,TRUE,1,TRUE,TRUE,TRUE,FALSE,FALSE
398,"B_smooth_logistic",0.7,1600,1600,TRUE,TRUE,1,TRUE,TRUE,TRUE,FALSE,FALSE
399,"B_smooth_logistic",0.7,1600,1600,TRUE,TRUE,0.811470588235294,TRUE,TRUE,TRUE,FALSE,FALSE
400,"B_smooth_logistic",0.7,1600,1600,TRUE,TRUE,0.821470588235294,TRUE,TRUE,TRUE,FALSE,FALSE
401,"B_smooth_logistic",0.7,1600,1600,TRUE,TRUE,1,TRUE,TRUE,TRUE,FALSE,FALSE
402,"B_smooth_logistic",0.7,1600,1600,TRUE,TRUE,1,TRUE,TRUE,TRUE,FALSE,FALSE
403,"B_smooth_logistic",0.7,1600,2200,TRUE,TRUE,0.829705882352941,TRUE,TRUE,TRUE,FALSE,FALSE
404,"B_smooth_logistic",0.7,1600,1600,TRUE,TRUE,1,TRUE,TRUE,TRUE,FALSE,FALSE
405,"B_smooth_logistic",0.7,1600,1600,TRUE,TRUE,1,TRUE,TRUE,TRUE,FALSE,FALSE
406,"B_smooth_logistic",0.7,1600,1600,TRUE,TRUE,1,TRUE,TRUE,TRUE,FALSE,FALSE
407,"B_smooth_logistic",0.7,1600,1600,TRUE,TRUE,1,TRUE,TRUE,TRUE,FALSE,FALSE
408,"B_smooth_logistic",0.7,1600,2800,TRUE,TRUE,1,TRUE,TRUE,TRUE,FALSE,FALSE
409,"B_smooth_logistic",0.7,1600,1600,TRUE,TRUE,0.692058823529412,TRUE,TRUE,TRUE,FALSE,FALSE
410,"B_smooth_logistic",0.7,1600,1600,TRUE,TRUE,0.618235294117647,TRUE,TRUE,TRUE,FALSE,FALSE
411,"B_smooth_logistic",0.7,1600,2200,TRUE,TRUE,0.557647058823529,TRUE,TRUE,TRUE,FALSE,FALSE
412,"B_smooth_logistic",0.7,1600,1600,TRUE,TRUE,0.812058823529412,TRUE,TRUE,TRUE,FALSE,FALSE
413,"B_smooth_logistic",0.7,1600,1600,TRUE,TRUE,1,TRUE,TRUE,TRUE,FALSE,FALSE
414,"B_smooth_logistic",0.7,1600,1600,TRUE,TRUE,0.851176470588235,TRUE,TRUE,TRUE,FALSE,FALSE
415,"B_smooth_logistic",0.7,1600,1600,TRUE,TRUE,0.859411764705882,TRUE,TRUE,TRUE,FALSE,FALSE
416,"B_smooth_logistic",0.7,1600,1600,TRUE,TRUE,0.900882352941176,TRUE,TRUE,TRUE,FALSE,FALSE
417,"B_smooth_logistic",0.7,1600,1600,TRUE,TRUE,1,TRUE,TRUE,TRUE,FALSE,FALSE
418,"B_smooth_logistic",0.7,1600,1600,TRUE,TRUE,0.577647058823529,TRUE,TRUE,TRUE,FALSE,FALSE
419,"B_smooth_logistic",0.7,1600,2200,TRUE,TRUE,1,TRUE,TRUE,TRUE,FALSE,FALSE
420,"B_smooth_logistic",0.7,1600,1600,TRUE,TRUE,0.832058823529412,TRUE,TRUE,TRUE,FALSE,FALSE
421,"B_smooth_logistic",0.7,1600,1600,TRUE,TRUE,0.910294117647059,TRUE,TRUE,TRUE,FALSE,FALSE
422,"B_smooth_logistic",0.7,1600,1600,TRUE,TRUE,0.751176470588235,TRUE,TRUE,TRUE,FALSE,FALSE
423,"B_smooth_logistic",0.7,1600,1600,TRUE,TRUE,1,TRUE,TRUE,TRUE,FALSE,FALSE
424,"B_smooth_logistic",0.7,3400,3400,TRUE,TRUE,0.627941176470588,TRUE,TRUE,TRUE,FALSE,FALSE
425,"B_smooth_logistic",0.7,2800,2800,TRUE,TRUE,0.544117647058823,TRUE,TRUE,TRUE,FALSE,FALSE
426,"B_smooth_logistic",0.7,1600,1600,TRUE,TRUE,0.944117647058824,TRUE,TRUE,TRUE,FALSE,FALSE
427,"B_smooth_logistic",0.7,1600,1600,TRUE,TRUE,1,TRUE,TRUE,TRUE,FALSE,FALSE
428,"B_smooth_logistic",0.7,1600,1600,TRUE,TRUE,0.640294117647059,TRUE,TRUE,TRUE,FALSE,FALSE
429,"B_smooth_logistic",0.7,1600,1600,TRUE,TRUE,0.883235294117647,TRUE,TRUE,TRUE,FALSE,FALSE
430,"B_smooth_logistic",0.7,1600,1600,TRUE,TRUE,0.709705882352941,TRUE,TRUE,TRUE,FALSE,FALSE
431,"B_smooth_logistic",0.7,1600,1600,TRUE,TRUE,0.588823529411765,TRUE,TRUE,TRUE,FALSE,FALSE
432,"B_smooth_logistic",0.7,1600,1600,TRUE,TRUE,1,TRUE,TRUE,TRUE,FALSE,FALSE
433,"B_smooth_logistic",0.7,1600,1600,TRUE,TRUE,0.924117647058823,TRUE,TRUE,TRUE,FALSE,FALSE
434,"B_smooth_logistic",0.7,1600,1600,TRUE,TRUE,0.669411764705882,TRUE,TRUE,TRUE,FALSE,FALSE
435,"B_smooth_logistic",0.7,1600,1600,TRUE,TRUE,1,TRUE,TRUE,TRUE,FALSE,FALSE
436,"B_smooth_logistic",0.7,1600,1600,TRUE,TRUE,0.835882352941177,TRUE,TRUE,TRUE,FALSE,FALSE
437,"B_smooth_logistic",0.7,1600,1600,TRUE,TRUE,1,TRUE,TRUE,TRUE,FALSE,FALSE
438,"B_smooth_logistic",0.7,1600,1600,TRUE,TRUE,0.850882352941176,TRUE,TRUE,TRUE,FALSE,FALSE
439,"B_smooth_logistic",0.7,1600,1600,TRUE,TRUE,0.746764705882353,TRUE,TRUE,TRUE,FALSE,FALSE
440,"B_smooth_logistic",0.7,1600,1600,TRUE,TRUE,1,TRUE,TRUE,TRUE,FALSE,FALSE
441,"B_smooth_logistic",0.7,1600,1600,TRUE,TRUE,0.699117647058824,TRUE,TRUE,TRUE,FALSE,FALSE
442,"B_smooth_logistic",0.7,1600,1600,TRUE,TRUE,1,TRUE,TRUE,TRUE,FALSE,FALSE
443,"B_smooth_logistic",0.7,1600,1600,TRUE,TRUE,1,TRUE,TRUE,TRUE,FALSE,FALSE
444,"B_smooth_logistic",0.7,1600,1600,TRUE,TRUE,0.707647058823529,TRUE,TRUE,TRUE,FALSE,FALSE
445,"B_smooth_logistic",0.7,1600,1600,TRUE,TRUE,1,TRUE,TRUE,TRUE,FALSE,FALSE
446,"B_smooth_logistic",0.7,1600,2200,TRUE,TRUE,0.950588235294118,TRUE,TRUE,TRUE,FALSE,FALSE
447,"B_smooth_logistic",0.7,1600,1600,TRUE,TRUE,0.748823529411765,TRUE,TRUE,TRUE,FALSE,FALSE
448,"B_smooth_logistic",0.7,1600,1600,TRUE,TRUE,0.781176470588235,TRUE,TRUE,TRUE,FALSE,FALSE
449,"B_smooth_logistic",0.7,1600,3400,TRUE,TRUE,1,TRUE,TRUE,TRUE,FALSE,FALSE
450,"B_smooth_logistic",0.7,1600,1600,TRUE,TRUE,1,TRUE,TRUE,TRUE,FALSE,FALSE
451,"B_smooth_logistic",0.7,1600,1600,TRUE,TRUE,0.739411764705882,TRUE,TRUE,TRUE,FALSE,FALSE
452,"B_smooth_logistic",0.7,1600,1600,TRUE,TRUE,0.811764705882353,TRUE,TRUE,TRUE,FALSE,FALSE
453,"B_smooth_logistic",0.7,1600,1600,TRUE,TRUE,0.832941176470588,TRUE,TRUE,TRUE,FALSE,FALSE
454,"B_smooth_logistic",0.7,1600,1600,TRUE,TRUE,0.837352941176471,TRUE,TRUE,TRUE,FALSE,FALSE
455,"B_smooth_logistic",0.7,1600,1600,TRUE,TRUE,1,TRUE,TRUE,TRUE,FALSE,FALSE
456,"B_smooth_logistic",0.7,1600,1600,TRUE,TRUE,0.822058823529412,TRUE,TRUE,TRUE,FALSE,FALSE
457,"B_smooth_logistic",0.7,1600,1600,TRUE,TRUE,0.816470588235294,TRUE,TRUE,TRUE,FALSE,FALSE
458,"B_smooth_logistic",0.7,2200,2800,TRUE,TRUE,1,TRUE,TRUE,TRUE,FALSE,FALSE
459,"B_smooth_logistic",0.7,1600,1600,TRUE,TRUE,0.636764705882353,TRUE,TRUE,TRUE,FALSE,FALSE
460,"B_smooth_logistic",0.7,1600,1600,TRUE,TRUE,1,TRUE,TRUE,TRUE,FALSE,FALSE
461,"B_smooth_logistic",0.7,1600,1600,TRUE,TRUE,0.591470588235294,TRUE,TRUE,TRUE,FALSE,FALSE
462,"B_smooth_logistic",0.7,1600,2200,TRUE,TRUE,0.795882352941176,TRUE,TRUE,TRUE,FALSE,FALSE
463,"B_smooth_logistic",0.7,1600,1600,TRUE,TRUE,0.927647058823529,TRUE,TRUE,TRUE,FALSE,FALSE
464,"B_smooth_logistic",0.7,2800,3400,TRUE,TRUE,1,TRUE,TRUE,TRUE,FALSE,FALSE
465,"B_smooth_logistic",0.7,1600,1600,TRUE,TRUE,0.869117647058824,TRUE,TRUE,TRUE,FALSE,FALSE
466,"B_smooth_logistic",0.7,NA,NA,FALSE,FALSE,0.449705882352941,FALSE,TRUE,TRUE,FALSE,FALSE
467,"B_smooth_logistic",0.7,1600,2200,TRUE,TRUE,1,TRUE,TRUE,TRUE,FALSE,FALSE
468,"B_smooth_logistic",0.7,1600,1600,TRUE,TRUE,1,TRUE,TRUE,TRUE,FALSE,FALSE
469,"B_smooth_logistic",0.7,1600,1600,TRUE,TRUE,0.993529411764706,TRUE,TRUE,TRUE,FALSE,FALSE
470,"B_smooth_logistic",0.7,1600,1600,TRUE,TRUE,0.575882352941177,TRUE,TRUE,TRUE,FALSE,FALSE
471,"B_smooth_logistic",0.7,2200,2800,TRUE,TRUE,1,TRUE,TRUE,TRUE,FALSE,FALSE
472,"B_smooth_logistic",0.7,2200,2800,TRUE,TRUE,0.712941176470588,TRUE,TRUE,TRUE,FALSE,FALSE
473,"B_smooth_logistic",0.7,1600,1600,TRUE,TRUE,0.915,TRUE,TRUE,TRUE,FALSE,FALSE
474,"B_smooth_logistic",0.7,1600,1600,TRUE,TRUE,0.549705882352941,TRUE,TRUE,TRUE,FALSE,FALSE
475,"B_smooth_logistic",0.7,1600,1600,TRUE,TRUE,1,TRUE,TRUE,TRUE,FALSE,FALSE
476,"B_smooth_logistic",0.7,1600,1600,TRUE,TRUE,1,TRUE,TRUE,TRUE,FALSE,FALSE
477,"B_smooth_logistic",0.7,1600,1600,TRUE,TRUE,0.775882352941176,TRUE,TRUE,TRUE,FALSE,FALSE
478,"B_smooth_logistic",0.7,NA,NA,FALSE,FALSE,0.451764705882353,FALSE,TRUE,TRUE,FALSE,FALSE
479,"B_smooth_logistic",0.7,1600,2200,TRUE,TRUE,1,TRUE,TRUE,TRUE,FALSE,FALSE
480,"B_smooth_logistic",0.7,1600,2200,TRUE,TRUE,0.698235294117647,TRUE,TRUE,TRUE,FALSE,FALSE
481,"B_smooth_logistic",0.7,1600,1600,TRUE,TRUE,1,TRUE,TRUE,TRUE,FALSE,FALSE
482,"B_smooth_logistic",0.7,1600,2200,TRUE,TRUE,0.941176470588235,TRUE,TRUE,TRUE,FALSE,FALSE
483,"B_smooth_logistic",0.7,1600,1600,TRUE,TRUE,0.667352941176471,TRUE,TRUE,TRUE,FALSE,FALSE
484,"B_smooth_logistic",0.7,1600,1600,TRUE,TRUE,1,TRUE,TRUE,TRUE,FALSE,FALSE
485,"B_smooth_logistic",0.7,1600,2200,TRUE,TRUE,0.636176470588235,TRUE,TRUE,TRUE,FALSE,FALSE
486,"B_smooth_logistic",0.7,1600,1600,TRUE,TRUE,0.739411764705882,TRUE,TRUE,TRUE,FALSE,FALSE
487,"B_smooth_logistic",0.7,1600,1600,TRUE,TRUE,0.722647058823529,TRUE,TRUE,TRUE,FALSE,FALSE
488,"B_smooth_logistic",0.7,1600,1600,TRUE,TRUE,1,TRUE,TRUE,TRUE,FALSE,FALSE
489,"B_smooth_logistic",0.7,1600,1600,TRUE,TRUE,0.740294117647059,TRUE,TRUE,TRUE,FALSE,FALSE
490,"B_smooth_logistic",0.7,1600,1600,TRUE,TRUE,0.803823529411765,TRUE,TRUE,TRUE,FALSE,FALSE
491,"B_smooth_logistic",0.7,1600,1600,TRUE,TRUE,1,TRUE,TRUE,TRUE,FALSE,FALSE
492,"B_smooth_logistic",0.7,1600,1600,TRUE,TRUE,0.542058823529412,TRUE,TRUE,TRUE,FALSE,FALSE
493,"B_smooth_logistic",0.7,1600,1600,TRUE,TRUE,1,TRUE,TRUE,TRUE,FALSE,FALSE
494,"B_smooth_logistic",0.7,1600,1600,TRUE,TRUE,0.662647058823529,TRUE,TRUE,TRUE,FALSE,FALSE
495,"B_smooth_logistic",0.7,1600,1600,TRUE,TRUE,1,TRUE,TRUE,TRUE,FALSE,FALSE
496,"B_smooth_logistic",0.7,1600,1600,TRUE,TRUE,1,TRUE,TRUE,TRUE,FALSE,FALSE
497,"B_smooth_logistic",0.7,1600,1600,TRUE,TRUE,0.965,TRUE,TRUE,TRUE,FALSE,FALSE
498,"B_smooth_logistic",0.7,1600,1600,TRUE,TRUE,1,TRUE,TRUE,TRUE,FALSE,FALSE
499,"B_smooth_logistic",0.7,1600,1600,TRUE,TRUE,0.643823529411765,TRUE,TRUE,TRUE,FALSE,FALSE
500,"B_smooth_logistic",0.7,1600,1600,TRUE,TRUE,0.686470588235294,TRUE,TRUE,TRUE,FALSE,FALSE
1,"A_threshold",0.75,1600,1600,TRUE,TRUE,0.222058823529412,FALSE,FALSE,FALSE,TRUE,TRUE
2,"A_threshold",0.75,NA,NA,FALSE,FALSE,0.133235294117647,FALSE,TRUE,TRUE,FALSE,FALSE
3,"A_threshold",0.75,1600,1600,TRUE,TRUE,0.356470588235294,FALSE,FALSE,FALSE,TRUE,TRUE
4,"A_threshold",0.75,NA,NA,FALSE,FALSE,0.0773529411764706,FALSE,TRUE,TRUE,FALSE,FALSE
5,"A_threshold",0.75,NA,NA,FALSE,FALSE,0,FALSE,TRUE,TRUE,FALSE,FALSE
6,"A_threshold",0.75,2200,4000,TRUE,TRUE,0.582058823529412,TRUE,TRUE,TRUE,FALSE,FALSE
7,"A_threshold",0.75,1600,1600,TRUE,TRUE,0.398235294117647,FALSE,FALSE,FALSE,TRUE,TRUE
8,"A_threshold",0.75,NA,NA,FALSE,FALSE,0.00176470588235294,FALSE,TRUE,TRUE,FALSE,FALSE
9,"A_threshold",0.75,NA,NA,FALSE,FALSE,0.118235294117647,FALSE,TRUE,TRUE,FALSE,FALSE
10,"A_threshold",0.75,2200,2800,TRUE,TRUE,0.302352941176471,FALSE,FALSE,FALSE,TRUE,TRUE
11,"A_threshold",0.75,2800,3400,TRUE,TRUE,0.569411764705882,TRUE,TRUE,TRUE,FALSE,FALSE
12,"A_threshold",0.75,NA,NA,FALSE,FALSE,0,FALSE,TRUE,TRUE,FALSE,FALSE
13,"A_threshold",0.75,NA,NA,FALSE,FALSE,0.173235294117647,FALSE,TRUE,TRUE,FALSE,FALSE
14,"A_threshold",0.75,NA,NA,FALSE,FALSE,0.0535294117647059,FALSE,TRUE,TRUE,FALSE,FALSE
15,"A_threshold",0.75,NA,NA,FALSE,FALSE,0.00117647058823529,FALSE,TRUE,TRUE,FALSE,FALSE
16,"A_threshold",0.75,NA,NA,FALSE,FALSE,0.08,FALSE,TRUE,TRUE,FALSE,FALSE
17,"A_threshold",0.75,NA,NA,FALSE,FALSE,0.286764705882353,FALSE,TRUE,TRUE,FALSE,FALSE
18,"A_threshold",0.75,4000,4000,TRUE,TRUE,0.543823529411765,TRUE,TRUE,TRUE,FALSE,FALSE
19,"A_threshold",0.75,NA,NA,FALSE,FALSE,0.0367647058823529,FALSE,TRUE,TRUE,FALSE,FALSE
20,"A_threshold",0.75,1600,NA,TRUE,FALSE,0.294705882352941,FALSE,FALSE,TRUE,TRUE,FALSE
21,"A_threshold",0.75,NA,NA,FALSE,FALSE,0.113235294117647,FALSE,TRUE,TRUE,FALSE,FALSE
22,"A_threshold",0.75,NA,NA,FALSE,FALSE,0.0288235294117647,FALSE,TRUE,TRUE,FALSE,FALSE
23,"A_threshold",0.75,NA,NA,FALSE,FALSE,0,FALSE,TRUE,TRUE,FALSE,FALSE
24,"A_threshold",0.75,NA,NA,FALSE,FALSE,0.152058823529412,FALSE,TRUE,TRUE,FALSE,FALSE
25,"A_threshold",0.75,2800,NA,TRUE,FALSE,0.357941176470588,FALSE,FALSE,TRUE,TRUE,FALSE
26,"A_threshold",0.75,1600,2200,TRUE,TRUE,0.332352941176471,FALSE,FALSE,FALSE,TRUE,TRUE
27,"A_threshold",0.75,1600,1600,TRUE,TRUE,0.223235294117647,FALSE,FALSE,FALSE,TRUE,TRUE
28,"A_threshold",0.75,NA,NA,FALSE,FALSE,0.0847058823529412,FALSE,TRUE,TRUE,FALSE,FALSE
29,"A_threshold",0.75,NA,NA,FALSE,FALSE,0.238529411764706,FALSE,TRUE,TRUE,FALSE,FALSE
30,"A_threshold",0.75,NA,NA,FALSE,FALSE,0.0814705882352941,FALSE,TRUE,TRUE,FALSE,FALSE
31,"A_threshold",0.75,NA,NA,FALSE,FALSE,0.0723529411764706,FALSE,TRUE,TRUE,FALSE,FALSE
32,"A_threshold",0.75,NA,NA,FALSE,FALSE,0.0214705882352941,FALSE,TRUE,TRUE,FALSE,FALSE
33,"A_threshold",0.75,1600,NA,TRUE,FALSE,0.00264705882352941,FALSE,FALSE,TRUE,TRUE,FALSE
34,"A_threshold",0.75,NA,NA,FALSE,FALSE,0.423529411764706,FALSE,TRUE,TRUE,FALSE,FALSE
35,"A_threshold",0.75,1600,1600,TRUE,TRUE,0.588823529411765,TRUE,TRUE,TRUE,FALSE,FALSE
36,"A_threshold",0.75,NA,NA,FALSE,FALSE,0.286176470588235,FALSE,TRUE,TRUE,FALSE,FALSE
37,"A_threshold",0.75,NA,NA,FALSE,FALSE,0.0158823529411765,FALSE,TRUE,TRUE,FALSE,FALSE
38,"A_threshold",0.75,NA,NA,FALSE,FALSE,0.190294117647059,FALSE,TRUE,TRUE,FALSE,FALSE
39,"A_threshold",0.75,1600,NA,TRUE,FALSE,0.0870588235294118,FALSE,FALSE,TRUE,TRUE,FALSE
40,"A_threshold",0.75,NA,NA,FALSE,FALSE,0.0691176470588235,FALSE,TRUE,TRUE,FALSE,FALSE
41,"A_threshold",0.75,1600,1600,TRUE,TRUE,0.412058823529412,FALSE,FALSE,FALSE,TRUE,TRUE
42,"A_threshold",0.75,NA,NA,FALSE,FALSE,0.0255882352941176,FALSE,TRUE,TRUE,FALSE,FALSE
43,"A_threshold",0.75,NA,NA,FALSE,FALSE,0.113235294117647,FALSE,TRUE,TRUE,FALSE,FALSE
44,"A_threshold",0.75,1600,1600,TRUE,TRUE,0.732352941176471,TRUE,TRUE,TRUE,FALSE,FALSE
45,"A_threshold",0.75,2800,3400,TRUE,TRUE,0.434705882352941,FALSE,FALSE,FALSE,TRUE,TRUE
46,"A_threshold",0.75,NA,NA,FALSE,FALSE,0.279705882352941,FALSE,TRUE,TRUE,FALSE,FALSE
47,"A_threshold",0.75,1600,1600,TRUE,TRUE,0.570294117647059,TRUE,TRUE,TRUE,FALSE,FALSE
48,"A_threshold",0.75,1600,2200,TRUE,TRUE,0.563823529411765,TRUE,TRUE,TRUE,FALSE,FALSE
49,"A_threshold",0.75,NA,NA,FALSE,FALSE,0.167058823529412,FALSE,TRUE,TRUE,FALSE,FALSE
50,"A_threshold",0.75,1600,1600,TRUE,TRUE,0.619411764705882,TRUE,TRUE,TRUE,FALSE,FALSE
51,"A_threshold",0.75,NA,NA,FALSE,FALSE,0.395882352941176,FALSE,TRUE,TRUE,FALSE,FALSE
52,"A_threshold",0.75,NA,NA,FALSE,FALSE,0.302941176470588,FALSE,TRUE,TRUE,FALSE,FALSE
53,"A_threshold",0.75,NA,NA,FALSE,FALSE,0.39,FALSE,TRUE,TRUE,FALSE,FALSE
54,"A_threshold",0.75,NA,NA,FALSE,FALSE,0.075,FALSE,TRUE,TRUE,FALSE,FALSE
55,"A_threshold",0.75,NA,NA,FALSE,FALSE,0.337647058823529,FALSE,TRUE,TRUE,FALSE,FALSE
56,"A_threshold",0.75,NA,NA,FALSE,FALSE,0.447647058823529,FALSE,TRUE,TRUE,FALSE,FALSE
57,"A_threshold",0.75,NA,NA,FALSE,FALSE,0.135882352941176,FALSE,TRUE,TRUE,FALSE,FALSE
58,"A_threshold",0.75,NA,NA,FALSE,FALSE,0.265,FALSE,TRUE,TRUE,FALSE,FALSE
59,"A_threshold",0.75,NA,NA,FALSE,FALSE,0.0117647058823529,FALSE,TRUE,TRUE,FALSE,FALSE
60,"A_threshold",0.75,NA,NA,FALSE,FALSE,0.327647058823529,FALSE,TRUE,TRUE,FALSE,FALSE
61,"A_threshold",0.75,NA,NA,FALSE,FALSE,0,FALSE,TRUE,TRUE,FALSE,FALSE
62,"A_threshold",0.75,NA,NA,FALSE,FALSE,0.400294117647059,FALSE,TRUE,TRUE,FALSE,FALSE
63,"A_threshold",0.75,1600,2200,TRUE,TRUE,0.447647058823529,FALSE,FALSE,FALSE,TRUE,TRUE
64,"A_threshold",0.75,1600,NA,TRUE,FALSE,0.111764705882353,FALSE,FALSE,TRUE,TRUE,FALSE
65,"A_threshold",0.75,3400,3400,TRUE,TRUE,0.468823529411765,FALSE,FALSE,FALSE,TRUE,TRUE
66,"A_threshold",0.75,NA,NA,FALSE,FALSE,0.149117647058824,FALSE,TRUE,TRUE,FALSE,FALSE
67,"A_threshold",0.75,1600,1600,TRUE,TRUE,0.377352941176471,FALSE,FALSE,FALSE,TRUE,TRUE
68,"A_threshold",0.75,1600,2200,TRUE,TRUE,0.992941176470588,TRUE,TRUE,TRUE,FALSE,FALSE
69,"A_threshold",0.75,2200,NA,TRUE,FALSE,0,FALSE,FALSE,TRUE,TRUE,FALSE
70,"A_threshold",0.75,1600,1600,TRUE,TRUE,0.409411764705882,FALSE,FALSE,FALSE,TRUE,TRUE
71,"A_threshold",0.75,1600,1600,TRUE,TRUE,0.114705882352941,FALSE,FALSE,FALSE,TRUE,TRUE
72,"A_threshold",0.75,NA,NA,FALSE,FALSE,0.305882352941176,FALSE,TRUE,TRUE,FALSE,FALSE
73,"A_threshold",0.75,NA,NA,FALSE,FALSE,0.459117647058824,FALSE,TRUE,TRUE,FALSE,FALSE
74,"A_threshold",0.75,1600,3400,TRUE,TRUE,0.420588235294118,FALSE,FALSE,FALSE,TRUE,TRUE
75,"A_threshold",0.75,NA,NA,FALSE,FALSE,0.0376470588235294,FALSE,TRUE,TRUE,FALSE,FALSE
76,"A_threshold",0.75,NA,NA,FALSE,FALSE,0.283235294117647,FALSE,TRUE,TRUE,FALSE,FALSE
77,"A_threshold",0.75,1600,2200,TRUE,TRUE,1,TRUE,TRUE,TRUE,FALSE,FALSE
78,"A_threshold",0.75,NA,NA,FALSE,FALSE,0.0126470588235294,FALSE,TRUE,TRUE,FALSE,FALSE
79,"A_threshold",0.75,1600,1600,TRUE,TRUE,0.262941176470588,FALSE,FALSE,FALSE,TRUE,TRUE
80,"A_threshold",0.75,1600,NA,TRUE,FALSE,0.389117647058824,FALSE,FALSE,TRUE,TRUE,FALSE
81,"A_threshold",0.75,NA,NA,FALSE,FALSE,0,FALSE,TRUE,TRUE,FALSE,FALSE
82,"A_threshold",0.75,1600,1600,TRUE,TRUE,0.877352941176471,TRUE,TRUE,TRUE,FALSE,FALSE
83,"A_threshold",0.75,NA,NA,FALSE,FALSE,0.397352941176471,FALSE,TRUE,TRUE,FALSE,FALSE
84,"A_threshold",0.75,2200,2200,TRUE,TRUE,0.606470588235294,TRUE,TRUE,TRUE,FALSE,FALSE
85,"A_threshold",0.75,NA,NA,FALSE,FALSE,0,FALSE,TRUE,TRUE,FALSE,FALSE
86,"A_threshold",0.75,NA,NA,FALSE,FALSE,0.321470588235294,FALSE,TRUE,TRUE,FALSE,FALSE
87,"A_threshold",0.75,2200,2200,TRUE,TRUE,0.112058823529412,FALSE,FALSE,FALSE,TRUE,TRUE
88,"A_threshold",0.75,NA,NA,FALSE,FALSE,0.268529411764706,FALSE,TRUE,TRUE,FALSE,FALSE
89,"A_threshold",0.75,NA,NA,FALSE,FALSE,0.248823529411765,FALSE,TRUE,TRUE,FALSE,FALSE
90,"A_threshold",0.75,1600,1600,TRUE,TRUE,0.532058823529412,TRUE,TRUE,TRUE,FALSE,FALSE
91,"A_threshold",0.75,NA,NA,FALSE,FALSE,0.134117647058824,FALSE,TRUE,TRUE,FALSE,FALSE
92,"A_threshold",0.75,NA,NA,FALSE,FALSE,0.189705882352941,FALSE,TRUE,TRUE,FALSE,FALSE
93,"A_threshold",0.75,NA,NA,FALSE,FALSE,0.295588235294118,FALSE,TRUE,TRUE,FALSE,FALSE
94,"A_threshold",0.75,NA,NA,FALSE,FALSE,0.442352941176471,FALSE,TRUE,TRUE,FALSE,FALSE
95,"A_threshold",0.75,1600,1600,TRUE,TRUE,0.508235294117647,TRUE,TRUE,TRUE,FALSE,FALSE
96,"A_threshold",0.75,NA,NA,FALSE,FALSE,0.192352941176471,FALSE,TRUE,TRUE,FALSE,FALSE
97,"A_threshold",0.75,NA,NA,FALSE,FALSE,0.253823529411765,FALSE,TRUE,TRUE,FALSE,FALSE
98,"A_threshold",0.75,NA,NA,FALSE,FALSE,0.326176470588235,FALSE,TRUE,TRUE,FALSE,FALSE
99,"A_threshold",0.75,NA,NA,FALSE,FALSE,0,FALSE,TRUE,TRUE,FALSE,FALSE
100,"A_threshold",0.75,NA,NA,FALSE,FALSE,0,FALSE,TRUE,TRUE,FALSE,FALSE
101,"A_threshold",0.75,1600,1600,TRUE,TRUE,0.751176470588235,TRUE,TRUE,TRUE,FALSE,FALSE
102,"A_threshold",0.75,2200,NA,TRUE,FALSE,0.452352941176471,FALSE,FALSE,TRUE,TRUE,FALSE
103,"A_threshold",0.75,NA,NA,FALSE,FALSE,0.344411764705882,FALSE,TRUE,TRUE,FALSE,FALSE
104,"A_threshold",0.75,NA,NA,FALSE,FALSE,0,FALSE,TRUE,TRUE,FALSE,FALSE
105,"A_threshold",0.75,1600,4000,TRUE,TRUE,0.611470588235294,TRUE,TRUE,TRUE,FALSE,FALSE
106,"A_threshold",0.75,2200,2200,TRUE,TRUE,0.569117647058824,TRUE,TRUE,TRUE,FALSE,FALSE
107,"A_threshold",0.75,1600,1600,TRUE,TRUE,0.610588235294118,TRUE,TRUE,TRUE,FALSE,FALSE
108,"A_threshold",0.75,NA,NA,FALSE,FALSE,0.288529411764706,FALSE,TRUE,TRUE,FALSE,FALSE
109,"A_threshold",0.75,1600,1600,TRUE,TRUE,0.562647058823529,TRUE,TRUE,TRUE,FALSE,FALSE
110,"A_threshold",0.75,NA,NA,FALSE,FALSE,0.313823529411765,FALSE,TRUE,TRUE,FALSE,FALSE
111,"A_threshold",0.75,NA,NA,FALSE,FALSE,0,FALSE,TRUE,TRUE,FALSE,FALSE
112,"A_threshold",0.75,2800,4000,TRUE,TRUE,0.946176470588235,TRUE,TRUE,TRUE,FALSE,FALSE
113,"A_threshold",0.75,NA,NA,FALSE,FALSE,0.312058823529412,FALSE,TRUE,TRUE,FALSE,FALSE
114,"A_threshold",0.75,1600,1600,TRUE,TRUE,0.474705882352941,FALSE,FALSE,FALSE,TRUE,TRUE
115,"A_threshold",0.75,NA,NA,FALSE,FALSE,0.00617647058823529,FALSE,TRUE,TRUE,FALSE,FALSE
116,"A_threshold",0.75,NA,NA,FALSE,FALSE,0.268529411764706,FALSE,TRUE,TRUE,FALSE,FALSE
117,"A_threshold",0.75,NA,NA,FALSE,FALSE,0.0644117647058823,FALSE,TRUE,TRUE,FALSE,FALSE
118,"A_threshold",0.75,NA,NA,FALSE,FALSE,0.327352941176471,FALSE,TRUE,TRUE,FALSE,FALSE
119,"A_threshold",0.75,NA,NA,FALSE,FALSE,0,FALSE,TRUE,TRUE,FALSE,FALSE
120,"A_threshold",0.75,NA,NA,FALSE,FALSE,0.325294117647059,FALSE,TRUE,TRUE,FALSE,FALSE
121,"A_threshold",0.75,NA,NA,FALSE,FALSE,0.262647058823529,FALSE,TRUE,TRUE,FALSE,FALSE
122,"A_threshold",0.75,1600,2200,TRUE,TRUE,0.606764705882353,TRUE,TRUE,TRUE,FALSE,FALSE
123,"A_threshold",0.75,NA,NA,FALSE,FALSE,0,FALSE,TRUE,TRUE,FALSE,FALSE
124,"A_threshold",0.75,1600,1600,TRUE,TRUE,0.140588235294118,FALSE,FALSE,FALSE,TRUE,TRUE
125,"A_threshold",0.75,NA,NA,FALSE,FALSE,0.313823529411765,FALSE,TRUE,TRUE,FALSE,FALSE
126,"A_threshold",0.75,NA,NA,FALSE,FALSE,0.238823529411765,FALSE,TRUE,TRUE,FALSE,FALSE
127,"A_threshold",0.75,1600,NA,TRUE,FALSE,0.242941176470588,FALSE,FALSE,TRUE,TRUE,FALSE
128,"A_threshold",0.75,1600,2200,TRUE,TRUE,0.677058823529412,TRUE,TRUE,TRUE,FALSE,FALSE
129,"A_threshold",0.75,NA,NA,FALSE,FALSE,0.168235294117647,FALSE,TRUE,TRUE,FALSE,FALSE
130,"A_threshold",0.75,1600,1600,TRUE,TRUE,0.314411764705882,FALSE,FALSE,FALSE,TRUE,TRUE
131,"A_threshold",0.75,NA,NA,FALSE,FALSE,0.213529411764706,FALSE,TRUE,TRUE,FALSE,FALSE
132,"A_threshold",0.75,1600,1600,TRUE,TRUE,0.690882352941177,TRUE,TRUE,TRUE,FALSE,FALSE
133,"A_threshold",0.75,3400,3400,TRUE,TRUE,0.625882352941176,TRUE,TRUE,TRUE,FALSE,FALSE
134,"A_threshold",0.75,1600,1600,TRUE,TRUE,0.350294117647059,FALSE,FALSE,FALSE,TRUE,TRUE
135,"A_threshold",0.75,1600,1600,TRUE,TRUE,0.612352941176471,TRUE,TRUE,TRUE,FALSE,FALSE
136,"A_threshold",0.75,NA,NA,FALSE,FALSE,0.0676470588235294,FALSE,TRUE,TRUE,FALSE,FALSE
137,"A_threshold",0.75,4000,4000,TRUE,TRUE,0.516764705882353,TRUE,TRUE,TRUE,FALSE,FALSE
138,"A_threshold",0.75,1600,NA,TRUE,FALSE,0.145,FALSE,FALSE,TRUE,TRUE,FALSE
139,"A_threshold",0.75,NA,NA,FALSE,FALSE,0.215294117647059,FALSE,TRUE,TRUE,FALSE,FALSE
140,"A_threshold",0.75,NA,NA,FALSE,FALSE,0.381764705882353,FALSE,TRUE,TRUE,FALSE,FALSE
141,"A_threshold",0.75,2200,2800,TRUE,TRUE,0.535,TRUE,TRUE,TRUE,FALSE,FALSE
142,"A_threshold",0.75,NA,NA,FALSE,FALSE,0,FALSE,TRUE,TRUE,FALSE,FALSE
143,"A_threshold",0.75,NA,NA,FALSE,FALSE,0.207941176470588,FALSE,TRUE,TRUE,FALSE,FALSE
144,"A_threshold",0.75,1600,1600,TRUE,TRUE,0.543235294117647,TRUE,TRUE,TRUE,FALSE,FALSE
145,"A_threshold",0.75,NA,NA,FALSE,FALSE,0.167941176470588,FALSE,TRUE,TRUE,FALSE,FALSE
146,"A_threshold",0.75,NA,NA,FALSE,FALSE,0.203529411764706,FALSE,TRUE,TRUE,FALSE,FALSE
147,"A_threshold",0.75,NA,NA,FALSE,FALSE,0.159411764705882,FALSE,TRUE,TRUE,FALSE,FALSE
148,"A_threshold",0.75,1600,3400,TRUE,TRUE,0.802647058823529,TRUE,TRUE,TRUE,FALSE,FALSE
149,"A_threshold",0.75,NA,NA,FALSE,FALSE,0.322647058823529,FALSE,TRUE,TRUE,FALSE,FALSE
150,"A_threshold",0.75,NA,NA,FALSE,FALSE,0.0238235294117647,FALSE,TRUE,TRUE,FALSE,FALSE
151,"A_threshold",0.75,NA,NA,FALSE,FALSE,0.0723529411764706,FALSE,TRUE,TRUE,FALSE,FALSE
152,"A_threshold",0.75,1600,3400,TRUE,TRUE,0.52,TRUE,TRUE,TRUE,FALSE,FALSE
153,"A_threshold",0.75,NA,NA,FALSE,FALSE,0.0552941176470588,FALSE,TRUE,TRUE,FALSE,FALSE
154,"A_threshold",0.75,2200,2200,TRUE,TRUE,0.422352941176471,FALSE,FALSE,FALSE,TRUE,TRUE
155,"A_threshold",0.75,NA,NA,FALSE,FALSE,0.0367647058823529,FALSE,TRUE,TRUE,FALSE,FALSE
156,"A_threshold",0.75,NA,NA,FALSE,FALSE,0.00558823529411765,FALSE,TRUE,TRUE,FALSE,FALSE
157,"A_threshold",0.75,2800,4000,TRUE,TRUE,0.510588235294118,TRUE,TRUE,TRUE,FALSE,FALSE
158,"A_threshold",0.75,3400,4000,TRUE,TRUE,0.638235294117647,TRUE,TRUE,TRUE,FALSE,FALSE
159,"A_threshold",0.75,1600,1600,TRUE,TRUE,0.297058823529412,FALSE,FALSE,FALSE,TRUE,TRUE
160,"A_threshold",0.75,NA,NA,FALSE,FALSE,0.211176470588235,FALSE,TRUE,TRUE,FALSE,FALSE
161,"A_threshold",0.75,NA,NA,FALSE,FALSE,0.304411764705882,FALSE,TRUE,TRUE,FALSE,FALSE
162,"A_threshold",0.75,NA,NA,FALSE,FALSE,0.257647058823529,FALSE,TRUE,TRUE,FALSE,FALSE
163,"A_threshold",0.75,NA,NA,FALSE,FALSE,0.287941176470588,FALSE,TRUE,TRUE,FALSE,FALSE
164,"A_threshold",0.75,NA,NA,FALSE,FALSE,0,FALSE,TRUE,TRUE,FALSE,FALSE
165,"A_threshold",0.75,3400,NA,TRUE,FALSE,0.447941176470588,FALSE,FALSE,TRUE,TRUE,FALSE
166,"A_threshold",0.75,NA,NA,FALSE,FALSE,0.132058823529412,FALSE,TRUE,TRUE,FALSE,FALSE
167,"A_threshold",0.75,1600,1600,TRUE,TRUE,0.400882352941176,FALSE,FALSE,FALSE,TRUE,TRUE
168,"A_threshold",0.75,NA,NA,FALSE,FALSE,0.313235294117647,FALSE,TRUE,TRUE,FALSE,FALSE
169,"A_threshold",0.75,NA,NA,FALSE,FALSE,0.256764705882353,FALSE,TRUE,TRUE,FALSE,FALSE
170,"A_threshold",0.75,1600,1600,TRUE,TRUE,0.517941176470588,TRUE,TRUE,TRUE,FALSE,FALSE
171,"A_threshold",0.75,1600,1600,TRUE,TRUE,0.405882352941176,FALSE,FALSE,FALSE,TRUE,TRUE
172,"A_threshold",0.75,3400,NA,TRUE,FALSE,0.478823529411765,FALSE,FALSE,TRUE,TRUE,FALSE
173,"A_threshold",0.75,NA,NA,FALSE,FALSE,0.00117647058823529,FALSE,TRUE,TRUE,FALSE,FALSE
174,"A_threshold",0.75,2200,4000,TRUE,TRUE,0.617941176470588,TRUE,TRUE,TRUE,FALSE,FALSE
175,"A_threshold",0.75,1600,1600,TRUE,TRUE,0.306470588235294,FALSE,FALSE,FALSE,TRUE,TRUE
176,"A_threshold",0.75,1600,1600,TRUE,TRUE,0.727058823529412,TRUE,TRUE,TRUE,FALSE,FALSE
177,"A_threshold",0.75,1600,2200,TRUE,TRUE,0.142647058823529,FALSE,FALSE,FALSE,TRUE,TRUE
178,"A_threshold",0.75,NA,NA,FALSE,FALSE,0.0929411764705882,FALSE,TRUE,TRUE,FALSE,FALSE
179,"A_threshold",0.75,NA,NA,FALSE,FALSE,0,FALSE,TRUE,TRUE,FALSE,FALSE
180,"A_threshold",0.75,NA,NA,FALSE,FALSE,0.314117647058824,FALSE,TRUE,TRUE,FALSE,FALSE
181,"A_threshold",0.75,NA,NA,FALSE,FALSE,0.0408823529411765,FALSE,TRUE,TRUE,FALSE,FALSE
182,"A_threshold",0.75,NA,NA,FALSE,FALSE,0.167058823529412,FALSE,TRUE,TRUE,FALSE,FALSE
183,"A_threshold",0.75,NA,NA,FALSE,FALSE,0.345882352941176,FALSE,TRUE,TRUE,FALSE,FALSE
184,"A_threshold",0.75,1600,NA,TRUE,FALSE,0.0161764705882353,FALSE,FALSE,TRUE,TRUE,FALSE
185,"A_threshold",0.75,NA,NA,FALSE,FALSE,0,FALSE,TRUE,TRUE,FALSE,FALSE
186,"A_threshold",0.75,NA,NA,FALSE,FALSE,0.234411764705882,FALSE,TRUE,TRUE,FALSE,FALSE
187,"A_threshold",0.75,NA,NA,FALSE,FALSE,0.0697058823529412,FALSE,TRUE,TRUE,FALSE,FALSE
188,"A_threshold",0.75,1600,1600,TRUE,TRUE,0.79,TRUE,TRUE,TRUE,FALSE,FALSE
189,"A_threshold",0.75,NA,NA,FALSE,FALSE,0.0270588235294118,FALSE,TRUE,TRUE,FALSE,FALSE
190,"A_threshold",0.75,2200,NA,TRUE,FALSE,0.317352941176471,FALSE,FALSE,TRUE,TRUE,FALSE
191,"A_threshold",0.75,NA,NA,FALSE,FALSE,0.0802941176470588,FALSE,TRUE,TRUE,FALSE,FALSE
192,"A_threshold",0.75,NA,NA,FALSE,FALSE,0.000294117647058824,FALSE,TRUE,TRUE,FALSE,FALSE
193,"A_threshold",0.75,NA,NA,FALSE,FALSE,0.0308823529411765,FALSE,TRUE,TRUE,FALSE,FALSE
194,"A_threshold",0.75,NA,NA,FALSE,FALSE,0.0664705882352941,FALSE,TRUE,TRUE,FALSE,FALSE
195,"A_threshold",0.75,1600,1600,TRUE,TRUE,0.694411764705882,TRUE,TRUE,TRUE,FALSE,FALSE
196,"A_threshold",0.75,NA,NA,FALSE,FALSE,0,FALSE,TRUE,TRUE,FALSE,FALSE
197,"A_threshold",0.75,1600,2200,TRUE,TRUE,0.717647058823529,TRUE,TRUE,TRUE,FALSE,FALSE
198,"A_threshold",0.75,NA,NA,FALSE,FALSE,0.0714705882352941,FALSE,TRUE,TRUE,FALSE,FALSE
199,"A_threshold",0.75,1600,1600,TRUE,TRUE,0.305882352941176,FALSE,FALSE,FALSE,TRUE,TRUE
200,"A_threshold",0.75,NA,NA,FALSE,FALSE,0.0841176470588235,FALSE,TRUE,TRUE,FALSE,FALSE
201,"A_threshold",0.75,NA,NA,FALSE,FALSE,0.0697058823529412,FALSE,TRUE,TRUE,FALSE,FALSE
202,"A_threshold",0.75,1600,1600,TRUE,TRUE,0.988529411764706,TRUE,TRUE,TRUE,FALSE,FALSE
203,"A_threshold",0.75,NA,NA,FALSE,FALSE,0.112941176470588,FALSE,TRUE,TRUE,FALSE,FALSE
204,"A_threshold",0.75,NA,NA,FALSE,FALSE,0,FALSE,TRUE,TRUE,FALSE,FALSE
205,"A_threshold",0.75,3400,NA,TRUE,FALSE,0.280882352941176,FALSE,FALSE,TRUE,TRUE,FALSE
206,"A_threshold",0.75,NA,NA,FALSE,FALSE,0.134705882352941,FALSE,TRUE,TRUE,FALSE,FALSE
207,"A_threshold",0.75,4000,NA,TRUE,FALSE,0.551176470588235,TRUE,TRUE,FALSE,FALSE,FALSE
208,"A_threshold",0.75,NA,NA,FALSE,FALSE,0.0585294117647059,FALSE,TRUE,TRUE,FALSE,FALSE
209,"A_threshold",0.75,2200,2200,TRUE,TRUE,0.289705882352941,FALSE,FALSE,FALSE,TRUE,TRUE
210,"A_threshold",0.75,NA,NA,FALSE,FALSE,0.184411764705882,FALSE,TRUE,TRUE,FALSE,FALSE
211,"A_threshold",0.75,NA,NA,FALSE,FALSE,0.129705882352941,FALSE,TRUE,TRUE,FALSE,FALSE
212,"A_threshold",0.75,NA,NA,FALSE,FALSE,0,FALSE,TRUE,TRUE,FALSE,FALSE
213,"A_threshold",0.75,NA,NA,FALSE,FALSE,0.309705882352941,FALSE,TRUE,TRUE,FALSE,FALSE
214,"A_threshold",0.75,NA,NA,FALSE,FALSE,0.0270588235294118,FALSE,TRUE,TRUE,FALSE,FALSE
215,"A_threshold",0.75,1600,2200,TRUE,TRUE,0.752352941176471,TRUE,TRUE,TRUE,FALSE,FALSE
216,"A_threshold",0.75,NA,NA,FALSE,FALSE,0.368823529411765,FALSE,TRUE,TRUE,FALSE,FALSE
217,"A_threshold",0.75,NA,NA,FALSE,FALSE,0,FALSE,TRUE,TRUE,FALSE,FALSE
218,"A_threshold",0.75,NA,NA,FALSE,FALSE,0.358823529411765,FALSE,TRUE,TRUE,FALSE,FALSE
219,"A_threshold",0.75,NA,NA,FALSE,FALSE,0.03,FALSE,TRUE,TRUE,FALSE,FALSE
220,"A_threshold",0.75,1600,1600,TRUE,TRUE,1,TRUE,TRUE,TRUE,FALSE,FALSE
221,"A_threshold",0.75,1600,1600,TRUE,TRUE,0.300294117647059,FALSE,FALSE,FALSE,TRUE,TRUE
222,"A_threshold",0.75,NA,NA,FALSE,FALSE,0.112647058823529,FALSE,TRUE,TRUE,FALSE,FALSE
223,"A_threshold",0.75,3400,4000,TRUE,TRUE,0.650294117647059,TRUE,TRUE,TRUE,FALSE,FALSE
224,"A_threshold",0.75,2200,NA,TRUE,FALSE,0,FALSE,FALSE,TRUE,TRUE,FALSE
225,"A_threshold",0.75,1600,1600,TRUE,TRUE,0.722352941176471,TRUE,TRUE,TRUE,FALSE,FALSE
226,"A_threshold",0.75,1600,1600,TRUE,TRUE,0.345294117647059,FALSE,FALSE,FALSE,TRUE,TRUE
227,"A_threshold",0.75,1600,2200,TRUE,TRUE,0.552647058823529,TRUE,TRUE,TRUE,FALSE,FALSE
228,"A_threshold",0.75,NA,NA,FALSE,FALSE,0.430882352941176,FALSE,TRUE,TRUE,FALSE,FALSE
229,"A_threshold",0.75,1600,NA,TRUE,FALSE,0.430294117647059,FALSE,FALSE,TRUE,TRUE,FALSE
230,"A_threshold",0.75,NA,NA,FALSE,FALSE,0.00382352941176471,FALSE,TRUE,TRUE,FALSE,FALSE
231,"A_threshold",0.75,1600,2800,TRUE,TRUE,0.855,TRUE,TRUE,TRUE,FALSE,FALSE
232,"A_threshold",0.75,NA,NA,FALSE,FALSE,0.194411764705882,FALSE,TRUE,TRUE,FALSE,FALSE
233,"A_threshold",0.75,NA,NA,FALSE,FALSE,0.0838235294117647,FALSE,TRUE,TRUE,FALSE,FALSE
234,"A_threshold",0.75,1600,NA,TRUE,FALSE,0.0694117647058824,FALSE,FALSE,TRUE,TRUE,FALSE
235,"A_threshold",0.75,NA,NA,FALSE,FALSE,0.190882352941176,FALSE,TRUE,TRUE,FALSE,FALSE
236,"A_threshold",0.75,2200,2800,TRUE,TRUE,0.895588235294118,TRUE,TRUE,TRUE,FALSE,FALSE
237,"A_threshold",0.75,1600,1600,TRUE,TRUE,0.846176470588235,TRUE,TRUE,TRUE,FALSE,FALSE
238,"A_threshold",0.75,NA,NA,FALSE,FALSE,0.123235294117647,FALSE,TRUE,TRUE,FALSE,FALSE
239,"A_threshold",0.75,NA,NA,FALSE,FALSE,0.289411764705882,FALSE,TRUE,TRUE,FALSE,FALSE
240,"A_threshold",0.75,NA,NA,FALSE,FALSE,0.383823529411765,FALSE,TRUE,TRUE,FALSE,FALSE
241,"A_threshold",0.75,NA,NA,FALSE,FALSE,0.210294117647059,FALSE,TRUE,TRUE,FALSE,FALSE
242,"A_threshold",0.75,NA,NA,FALSE,FALSE,0.358529411764706,FALSE,TRUE,TRUE,FALSE,FALSE
243,"A_threshold",0.75,NA,NA,FALSE,FALSE,0.304411764705882,FALSE,TRUE,TRUE,FALSE,FALSE
244,"A_threshold",0.75,NA,NA,FALSE,FALSE,0.0620588235294118,FALSE,TRUE,TRUE,FALSE,FALSE
245,"A_threshold",0.75,NA,NA,FALSE,FALSE,0.147647058823529,FALSE,TRUE,TRUE,FALSE,FALSE
246,"A_threshold",0.75,1600,1600,TRUE,TRUE,0.711176470588235,TRUE,TRUE,TRUE,FALSE,FALSE
247,"A_threshold",0.75,NA,NA,FALSE,FALSE,0.119411764705882,FALSE,TRUE,TRUE,FALSE,FALSE
248,"A_threshold",0.75,2200,NA,TRUE,FALSE,0.265588235294118,FALSE,FALSE,TRUE,TRUE,FALSE
249,"A_threshold",0.75,3400,4000,TRUE,TRUE,0.696470588235294,TRUE,TRUE,TRUE,FALSE,FALSE
250,"A_threshold",0.75,1600,2800,TRUE,TRUE,0.657058823529412,TRUE,TRUE,TRUE,FALSE,FALSE
251,"A_threshold",0.75,NA,NA,FALSE,FALSE,0.0164705882352941,FALSE,TRUE,TRUE,FALSE,FALSE
252,"A_threshold",0.75,NA,NA,FALSE,FALSE,0.238529411764706,FALSE,TRUE,TRUE,FALSE,FALSE
253,"A_threshold",0.75,3400,4000,TRUE,TRUE,1,TRUE,TRUE,TRUE,FALSE,FALSE
254,"A_threshold",0.75,NA,NA,FALSE,FALSE,0.0791176470588235,FALSE,TRUE,TRUE,FALSE,FALSE
255,"A_threshold",0.75,1600,2200,TRUE,TRUE,0.468529411764706,FALSE,FALSE,FALSE,TRUE,TRUE
256,"A_threshold",0.75,2200,3400,TRUE,TRUE,0.679411764705882,TRUE,TRUE,TRUE,FALSE,FALSE
257,"A_threshold",0.75,1600,1600,TRUE,TRUE,0.260588235294118,FALSE,FALSE,FALSE,TRUE,TRUE
258,"A_threshold",0.75,2800,2800,TRUE,TRUE,0.45,FALSE,FALSE,FALSE,TRUE,TRUE
259,"A_threshold",0.75,4000,4000,TRUE,TRUE,0.529705882352941,TRUE,TRUE,TRUE,FALSE,FALSE
260,"A_threshold",0.75,NA,NA,FALSE,FALSE,0.115588235294118,FALSE,TRUE,TRUE,FALSE,FALSE
261,"A_threshold",0.75,NA,NA,FALSE,FALSE,0.167352941176471,FALSE,TRUE,TRUE,FALSE,FALSE
262,"A_threshold",0.75,1600,1600,TRUE,TRUE,1,TRUE,TRUE,TRUE,FALSE,FALSE
263,"A_threshold",0.75,NA,NA,FALSE,FALSE,0,FALSE,TRUE,TRUE,FALSE,FALSE
264,"A_threshold",0.75,NA,NA,FALSE,FALSE,0.310294117647059,FALSE,TRUE,TRUE,FALSE,FALSE
265,"A_threshold",0.75,1600,1600,TRUE,TRUE,0.85,TRUE,TRUE,TRUE,FALSE,FALSE
266,"A_threshold",0.75,3400,3400,TRUE,TRUE,0.571176470588235,TRUE,TRUE,TRUE,FALSE,FALSE
267,"A_threshold",0.75,NA,NA,FALSE,FALSE,0.399411764705882,FALSE,TRUE,TRUE,FALSE,FALSE
268,"A_threshold",0.75,NA,NA,FALSE,FALSE,0.0120588235294118,FALSE,TRUE,TRUE,FALSE,FALSE
269,"A_threshold",0.75,1600,NA,TRUE,FALSE,0,FALSE,FALSE,TRUE,TRUE,FALSE
270,"A_threshold",0.75,2200,3400,TRUE,TRUE,0.406470588235294,FALSE,FALSE,FALSE,TRUE,TRUE
271,"A_threshold",0.75,2800,2800,TRUE,TRUE,0.527058823529412,TRUE,TRUE,TRUE,FALSE,FALSE
272,"A_threshold",0.75,NA,NA,FALSE,FALSE,0.262941176470588,FALSE,TRUE,TRUE,FALSE,FALSE
273,"A_threshold",0.75,NA,NA,FALSE,FALSE,0,FALSE,TRUE,TRUE,FALSE,FALSE
274,"A_threshold",0.75,NA,NA,FALSE,FALSE,0.155588235294118,FALSE,TRUE,TRUE,FALSE,FALSE
275,"A_threshold",0.75,NA,NA,FALSE,FALSE,0.347647058823529,FALSE,TRUE,TRUE,FALSE,FALSE
276,"A_threshold",0.75,NA,NA,FALSE,FALSE,0.397058823529412,FALSE,TRUE,TRUE,FALSE,FALSE
277,"A_threshold",0.75,2200,2200,TRUE,TRUE,0.609705882352941,TRUE,TRUE,TRUE,FALSE,FALSE
278,"A_threshold",0.75,NA,NA,FALSE,FALSE,0,FALSE,TRUE,TRUE,FALSE,FALSE
279,"A_threshold",0.75,1600,2200,TRUE,TRUE,0.496764705882353,FALSE,FALSE,FALSE,TRUE,TRUE
280,"A_threshold",0.75,NA,NA,FALSE,FALSE,0,FALSE,TRUE,TRUE,FALSE,FALSE
281,"A_threshold",0.75,NA,NA,FALSE,FALSE,0,FALSE,TRUE,TRUE,FALSE,FALSE
282,"A_threshold",0.75,NA,NA,FALSE,FALSE,0,FALSE,TRUE,TRUE,FALSE,FALSE
283,"A_threshold",0.75,2200,2200,TRUE,TRUE,0.687352941176471,TRUE,TRUE,TRUE,FALSE,FALSE
284,"A_threshold",0.75,NA,NA,FALSE,FALSE,0.075,FALSE,TRUE,TRUE,FALSE,FALSE
285,"A_threshold",0.75,NA,NA,FALSE,FALSE,0,FALSE,TRUE,TRUE,FALSE,FALSE
286,"A_threshold",0.75,NA,NA,FALSE,FALSE,0,FALSE,TRUE,TRUE,FALSE,FALSE
287,"A_threshold",0.75,NA,NA,FALSE,FALSE,0,FALSE,TRUE,TRUE,FALSE,FALSE
288,"A_threshold",0.75,NA,NA,FALSE,FALSE,0.257352941176471,FALSE,TRUE,TRUE,FALSE,FALSE
289,"A_threshold",0.75,NA,NA,FALSE,FALSE,0.242647058823529,FALSE,TRUE,TRUE,FALSE,FALSE
290,"A_threshold",0.75,NA,NA,FALSE,FALSE,0,FALSE,TRUE,TRUE,FALSE,FALSE
291,"A_threshold",0.75,NA,NA,FALSE,FALSE,0.12,FALSE,TRUE,TRUE,FALSE,FALSE
292,"A_threshold",0.75,NA,NA,FALSE,FALSE,0.196764705882353,FALSE,TRUE,TRUE,FALSE,FALSE
293,"A_threshold",0.75,3400,NA,TRUE,FALSE,0.442941176470588,FALSE,FALSE,TRUE,TRUE,FALSE
294,"A_threshold",0.75,NA,NA,FALSE,FALSE,0.0926470588235294,FALSE,TRUE,TRUE,FALSE,FALSE
295,"A_threshold",0.75,NA,NA,FALSE,FALSE,0.0176470588235294,FALSE,TRUE,TRUE,FALSE,FALSE
296,"A_threshold",0.75,1600,2200,TRUE,TRUE,0.862941176470588,TRUE,TRUE,TRUE,FALSE,FALSE
297,"A_threshold",0.75,2200,NA,TRUE,FALSE,0.417647058823529,FALSE,FALSE,TRUE,TRUE,FALSE
298,"A_threshold",0.75,NA,NA,FALSE,FALSE,0.184411764705882,FALSE,TRUE,TRUE,FALSE,FALSE
299,"A_threshold",0.75,NA,NA,FALSE,FALSE,0,FALSE,TRUE,TRUE,FALSE,FALSE
300,"A_threshold",0.75,3400,NA,TRUE,FALSE,0.868529411764706,TRUE,TRUE,FALSE,FALSE,FALSE
301,"A_threshold",0.75,3400,NA,TRUE,FALSE,0.450588235294118,FALSE,FALSE,TRUE,TRUE,FALSE
302,"A_threshold",0.75,1600,2200,TRUE,TRUE,0.312647058823529,FALSE,FALSE,FALSE,TRUE,TRUE
303,"A_threshold",0.75,NA,NA,FALSE,FALSE,0.201176470588235,FALSE,TRUE,TRUE,FALSE,FALSE
304,"A_threshold",0.75,NA,NA,FALSE,FALSE,0.00470588235294118,FALSE,TRUE,TRUE,FALSE,FALSE
305,"A_threshold",0.75,NA,NA,FALSE,FALSE,0.140882352941176,FALSE,TRUE,TRUE,FALSE,FALSE
306,"A_threshold",0.75,1600,2200,TRUE,TRUE,0.357941176470588,FALSE,FALSE,FALSE,TRUE,TRUE
307,"A_threshold",0.75,1600,NA,TRUE,FALSE,0.343529411764706,FALSE,FALSE,TRUE,TRUE,FALSE
308,"A_threshold",0.75,2800,NA,TRUE,FALSE,0.692647058823529,TRUE,TRUE,FALSE,FALSE,FALSE
309,"A_threshold",0.75,2800,3400,TRUE,TRUE,0.375882352941176,FALSE,FALSE,FALSE,TRUE,TRUE
310,"A_threshold",0.75,NA,NA,FALSE,FALSE,0,FALSE,TRUE,TRUE,FALSE,FALSE
311,"A_threshold",0.75,NA,NA,FALSE,FALSE,0.383235294117647,FALSE,TRUE,TRUE,FALSE,FALSE
312,"A_threshold",0.75,NA,NA,FALSE,FALSE,0.0361764705882353,FALSE,TRUE,TRUE,FALSE,FALSE
313,"A_threshold",0.75,NA,NA,FALSE,FALSE,0,FALSE,TRUE,TRUE,FALSE,FALSE
314,"A_threshold",0.75,NA,NA,FALSE,FALSE,0.195,FALSE,TRUE,TRUE,FALSE,FALSE
315,"A_threshold",0.75,NA,NA,FALSE,FALSE,0.371764705882353,FALSE,TRUE,TRUE,FALSE,FALSE
316,"A_threshold",0.75,1600,1600,TRUE,TRUE,0.410882352941176,FALSE,FALSE,FALSE,TRUE,TRUE
317,"A_threshold",0.75,NA,NA,FALSE,FALSE,0.175294117647059,FALSE,TRUE,TRUE,FALSE,FALSE
318,"A_threshold",0.75,NA,NA,FALSE,FALSE,0.351176470588235,FALSE,TRUE,TRUE,FALSE,FALSE
319,"A_threshold",0.75,NA,NA,FALSE,FALSE,0.000294117647058824,FALSE,TRUE,TRUE,FALSE,FALSE
320,"A_threshold",0.75,1600,1600,TRUE,TRUE,0.961470588235294,TRUE,TRUE,TRUE,FALSE,FALSE
321,"A_threshold",0.75,NA,NA,FALSE,FALSE,0.0197058823529412,FALSE,TRUE,TRUE,FALSE,FALSE
322,"A_threshold",0.75,NA,NA,FALSE,FALSE,0.393529411764706,FALSE,TRUE,TRUE,FALSE,FALSE
323,"A_threshold",0.75,NA,NA,FALSE,FALSE,0.33,FALSE,TRUE,TRUE,FALSE,FALSE
324,"A_threshold",0.75,1600,2200,TRUE,TRUE,0.535882352941176,TRUE,TRUE,TRUE,FALSE,FALSE
325,"A_threshold",0.75,2800,NA,TRUE,FALSE,0,FALSE,FALSE,TRUE,TRUE,FALSE
326,"A_threshold",0.75,NA,NA,FALSE,FALSE,0.208823529411765,FALSE,TRUE,TRUE,FALSE,FALSE
327,"A_threshold",0.75,2800,NA,TRUE,FALSE,0.211470588235294,FALSE,FALSE,TRUE,TRUE,FALSE
328,"A_threshold",0.75,2200,2800,TRUE,TRUE,0.278235294117647,FALSE,FALSE,FALSE,TRUE,TRUE
329,"A_threshold",0.75,NA,NA,FALSE,FALSE,0.0220588235294118,FALSE,TRUE,TRUE,FALSE,FALSE
330,"A_threshold",0.75,NA,NA,FALSE,FALSE,0.178529411764706,FALSE,TRUE,TRUE,FALSE,FALSE
331,"A_threshold",0.75,1600,1600,TRUE,TRUE,0.592352941176471,TRUE,TRUE,TRUE,FALSE,FALSE
332,"A_threshold",0.75,NA,NA,FALSE,FALSE,0.04,FALSE,TRUE,TRUE,FALSE,FALSE
333,"A_threshold",0.75,1600,1600,TRUE,TRUE,0.00117647058823529,FALSE,FALSE,FALSE,TRUE,TRUE
334,"A_threshold",0.75,NA,NA,FALSE,FALSE,0,FALSE,TRUE,TRUE,FALSE,FALSE
335,"A_threshold",0.75,NA,NA,FALSE,FALSE,0.281764705882353,FALSE,TRUE,TRUE,FALSE,FALSE
336,"A_threshold",0.75,NA,NA,FALSE,FALSE,0.000294117647058824,FALSE,TRUE,TRUE,FALSE,FALSE
337,"A_threshold",0.75,1600,1600,TRUE,TRUE,0.465294117647059,FALSE,FALSE,FALSE,TRUE,TRUE
338,"A_threshold",0.75,NA,NA,FALSE,FALSE,0.202352941176471,FALSE,TRUE,TRUE,FALSE,FALSE
339,"A_threshold",0.75,2200,2200,TRUE,TRUE,0.634705882352941,TRUE,TRUE,TRUE,FALSE,FALSE
340,"A_threshold",0.75,NA,NA,FALSE,FALSE,0,FALSE,TRUE,TRUE,FALSE,FALSE
341,"A_threshold",0.75,2200,2200,TRUE,TRUE,0.328529411764706,FALSE,FALSE,FALSE,TRUE,TRUE
342,"A_threshold",0.75,1600,1600,TRUE,TRUE,0.361764705882353,FALSE,FALSE,FALSE,TRUE,TRUE
343,"A_threshold",0.75,NA,NA,FALSE,FALSE,0.0320588235294118,FALSE,TRUE,TRUE,FALSE,FALSE
344,"A_threshold",0.75,2200,NA,TRUE,FALSE,0.230294117647059,FALSE,FALSE,TRUE,TRUE,FALSE
345,"A_threshold",0.75,NA,NA,FALSE,FALSE,0,FALSE,TRUE,TRUE,FALSE,FALSE
346,"A_threshold",0.75,NA,NA,FALSE,FALSE,0,FALSE,TRUE,TRUE,FALSE,FALSE
347,"A_threshold",0.75,1600,2200,TRUE,TRUE,0,FALSE,FALSE,FALSE,TRUE,TRUE
348,"A_threshold",0.75,NA,NA,FALSE,FALSE,0.378823529411765,FALSE,TRUE,TRUE,FALSE,FALSE
349,"A_threshold",0.75,1600,2800,TRUE,TRUE,0.341176470588235,FALSE,FALSE,FALSE,TRUE,TRUE
350,"A_threshold",0.75,1600,1600,TRUE,TRUE,0.942941176470588,TRUE,TRUE,TRUE,FALSE,FALSE
351,"A_threshold",0.75,2200,2800,TRUE,TRUE,0.719117647058824,TRUE,TRUE,TRUE,FALSE,FALSE
352,"A_threshold",0.75,NA,NA,FALSE,FALSE,0.101176470588235,FALSE,TRUE,TRUE,FALSE,FALSE
353,"A_threshold",0.75,NA,NA,FALSE,FALSE,0,FALSE,TRUE,TRUE,FALSE,FALSE
354,"A_threshold",0.75,NA,NA,FALSE,FALSE,0,FALSE,TRUE,TRUE,FALSE,FALSE
355,"A_threshold",0.75,NA,NA,FALSE,FALSE,0,FALSE,TRUE,TRUE,FALSE,FALSE
356,"A_threshold",0.75,NA,NA,FALSE,FALSE,0.358529411764706,FALSE,TRUE,TRUE,FALSE,FALSE
357,"A_threshold",0.75,NA,NA,FALSE,FALSE,0.035,FALSE,TRUE,TRUE,FALSE,FALSE
358,"A_threshold",0.75,1600,1600,TRUE,TRUE,0.234117647058824,FALSE,FALSE,FALSE,TRUE,TRUE
359,"A_threshold",0.75,NA,NA,FALSE,FALSE,0.00352941176470588,FALSE,TRUE,TRUE,FALSE,FALSE
360,"A_threshold",0.75,1600,2200,TRUE,TRUE,0.416176470588235,FALSE,FALSE,FALSE,TRUE,TRUE
361,"A_threshold",0.75,1600,1600,TRUE,TRUE,0.409117647058824,FALSE,FALSE,FALSE,TRUE,TRUE
362,"A_threshold",0.75,1600,2200,TRUE,TRUE,0.337058823529412,FALSE,FALSE,FALSE,TRUE,TRUE
363,"A_threshold",0.75,1600,2800,TRUE,TRUE,0.515,TRUE,TRUE,TRUE,FALSE,FALSE
364,"A_threshold",0.75,NA,NA,FALSE,FALSE,0.169117647058824,FALSE,TRUE,TRUE,FALSE,FALSE
365,"A_threshold",0.75,NA,NA,FALSE,FALSE,0.275,FALSE,TRUE,TRUE,FALSE,FALSE
366,"A_threshold",0.75,2200,3400,TRUE,TRUE,0.465882352941176,FALSE,FALSE,FALSE,TRUE,TRUE
367,"A_threshold",0.75,1600,1600,TRUE,TRUE,0.368823529411765,FALSE,FALSE,FALSE,TRUE,TRUE
368,"A_threshold",0.75,NA,NA,FALSE,FALSE,0.211176470588235,FALSE,TRUE,TRUE,FALSE,FALSE
369,"A_threshold",0.75,3400,NA,TRUE,FALSE,0.360588235294118,FALSE,FALSE,TRUE,TRUE,FALSE
370,"A_threshold",0.75,NA,NA,FALSE,FALSE,0.177058823529412,FALSE,TRUE,TRUE,FALSE,FALSE
371,"A_threshold",0.75,NA,NA,FALSE,FALSE,0.297941176470588,FALSE,TRUE,TRUE,FALSE,FALSE
372,"A_threshold",0.75,2200,3400,TRUE,TRUE,0.537352941176471,TRUE,TRUE,TRUE,FALSE,FALSE
373,"A_threshold",0.75,NA,NA,FALSE,FALSE,0,FALSE,TRUE,TRUE,FALSE,FALSE
374,"A_threshold",0.75,1600,1600,TRUE,TRUE,0.294411764705882,FALSE,FALSE,FALSE,TRUE,TRUE
375,"A_threshold",0.75,1600,2200,TRUE,TRUE,0.326764705882353,FALSE,FALSE,FALSE,TRUE,TRUE
376,"A_threshold",0.75,NA,NA,FALSE,FALSE,0,FALSE,TRUE,TRUE,FALSE,FALSE
377,"A_threshold",0.75,NA,NA,FALSE,FALSE,0.0123529411764706,FALSE,TRUE,TRUE,FALSE,FALSE
378,"A_threshold",0.75,NA,NA,FALSE,FALSE,0.211176470588235,FALSE,TRUE,TRUE,FALSE,FALSE
379,"A_threshold",0.75,NA,NA,FALSE,FALSE,0.07,FALSE,TRUE,TRUE,FALSE,FALSE
380,"A_threshold",0.75,1600,1600,TRUE,TRUE,0.708823529411765,TRUE,TRUE,TRUE,FALSE,FALSE
381,"A_threshold",0.75,1600,1600,TRUE,TRUE,0.122058823529412,FALSE,FALSE,FALSE,TRUE,TRUE
382,"A_threshold",0.75,1600,1600,TRUE,TRUE,0.310588235294118,FALSE,FALSE,FALSE,TRUE,TRUE
383,"A_threshold",0.75,NA,NA,FALSE,FALSE,0.0179411764705882,FALSE,TRUE,TRUE,FALSE,FALSE
384,"A_threshold",0.75,NA,NA,FALSE,FALSE,0.371470588235294,FALSE,TRUE,TRUE,FALSE,FALSE
385,"A_threshold",0.75,NA,NA,FALSE,FALSE,0.158529411764706,FALSE,TRUE,TRUE,FALSE,FALSE
386,"A_threshold",0.75,NA,NA,FALSE,FALSE,0.00205882352941176,FALSE,TRUE,TRUE,FALSE,FALSE
387,"A_threshold",0.75,1600,1600,TRUE,TRUE,0.580588235294118,TRUE,TRUE,TRUE,FALSE,FALSE
388,"A_threshold",0.75,NA,NA,FALSE,FALSE,0.421470588235294,FALSE,TRUE,TRUE,FALSE,FALSE
389,"A_threshold",0.75,NA,NA,FALSE,FALSE,0.399411764705882,FALSE,TRUE,TRUE,FALSE,FALSE
390,"A_threshold",0.75,1600,NA,TRUE,FALSE,0.251470588235294,FALSE,FALSE,TRUE,TRUE,FALSE
391,"A_threshold",0.75,NA,NA,FALSE,FALSE,0.314117647058824,FALSE,TRUE,TRUE,FALSE,FALSE
392,"A_threshold",0.75,1600,1600,TRUE,TRUE,0.559411764705882,TRUE,TRUE,TRUE,FALSE,FALSE
393,"A_threshold",0.75,NA,NA,FALSE,FALSE,0.179411764705882,FALSE,TRUE,TRUE,FALSE,FALSE
394,"A_threshold",0.75,1600,4000,TRUE,TRUE,0.513235294117647,TRUE,TRUE,TRUE,FALSE,FALSE
395,"A_threshold",0.75,1600,1600,TRUE,TRUE,0.424705882352941,FALSE,FALSE,FALSE,TRUE,TRUE
396,"A_threshold",0.75,2800,2800,TRUE,TRUE,0.513235294117647,TRUE,TRUE,TRUE,FALSE,FALSE
397,"A_threshold",0.75,NA,NA,FALSE,FALSE,0.11,FALSE,TRUE,TRUE,FALSE,FALSE
398,"A_threshold",0.75,NA,NA,FALSE,FALSE,0.0738235294117647,FALSE,TRUE,TRUE,FALSE,FALSE
399,"A_threshold",0.75,NA,NA,FALSE,FALSE,0.0717647058823529,FALSE,TRUE,TRUE,FALSE,FALSE
400,"A_threshold",0.75,NA,NA,FALSE,FALSE,0.0535294117647059,FALSE,TRUE,TRUE,FALSE,FALSE
401,"A_threshold",0.75,NA,NA,FALSE,FALSE,0.00117647058823529,FALSE,TRUE,TRUE,FALSE,FALSE
402,"A_threshold",0.75,2200,2200,TRUE,TRUE,0.632058823529412,TRUE,TRUE,TRUE,FALSE,FALSE
403,"A_threshold",0.75,NA,NA,FALSE,FALSE,0.290588235294118,FALSE,TRUE,TRUE,FALSE,FALSE
404,"A_threshold",0.75,1600,NA,TRUE,FALSE,0.0208823529411765,FALSE,FALSE,TRUE,TRUE,FALSE
405,"A_threshold",0.75,NA,NA,FALSE,FALSE,0.245588235294118,FALSE,TRUE,TRUE,FALSE,FALSE
406,"A_threshold",0.75,NA,NA,FALSE,FALSE,0.226470588235294,FALSE,TRUE,TRUE,FALSE,FALSE
407,"A_threshold",0.75,NA,NA,FALSE,FALSE,0.0617647058823529,FALSE,TRUE,TRUE,FALSE,FALSE
408,"A_threshold",0.75,NA,NA,FALSE,FALSE,0,FALSE,TRUE,TRUE,FALSE,FALSE
409,"A_threshold",0.75,1600,4000,TRUE,TRUE,0.555882352941176,TRUE,TRUE,TRUE,FALSE,FALSE
410,"A_threshold",0.75,1600,1600,TRUE,TRUE,1,TRUE,TRUE,TRUE,FALSE,FALSE
411,"A_threshold",0.75,1600,1600,TRUE,TRUE,0.321176470588235,FALSE,FALSE,FALSE,TRUE,TRUE
412,"A_threshold",0.75,1600,2200,TRUE,TRUE,0.0808823529411765,FALSE,FALSE,FALSE,TRUE,TRUE
413,"A_threshold",0.75,1600,2200,TRUE,TRUE,0.634705882352941,TRUE,TRUE,TRUE,FALSE,FALSE
414,"A_threshold",0.75,2800,3400,TRUE,TRUE,0.607647058823529,TRUE,TRUE,TRUE,FALSE,FALSE
415,"A_threshold",0.75,NA,NA,FALSE,FALSE,0.0341176470588235,FALSE,TRUE,TRUE,FALSE,FALSE
416,"A_threshold",0.75,NA,NA,FALSE,FALSE,0.469705882352941,FALSE,TRUE,TRUE,FALSE,FALSE
417,"A_threshold",0.75,1600,NA,TRUE,FALSE,0.366764705882353,FALSE,FALSE,TRUE,TRUE,FALSE
418,"A_threshold",0.75,NA,NA,FALSE,FALSE,0.498823529411765,FALSE,TRUE,TRUE,FALSE,FALSE
419,"A_threshold",0.75,NA,NA,FALSE,FALSE,0,FALSE,TRUE,TRUE,FALSE,FALSE
420,"A_threshold",0.75,NA,NA,FALSE,FALSE,0.0873529411764706,FALSE,TRUE,TRUE,FALSE,FALSE
421,"A_threshold",0.75,NA,NA,FALSE,FALSE,0.463529411764706,FALSE,TRUE,TRUE,FALSE,FALSE
422,"A_threshold",0.75,NA,NA,FALSE,FALSE,0.130882352941176,FALSE,TRUE,TRUE,FALSE,FALSE
423,"A_threshold",0.75,2800,NA,TRUE,FALSE,0.0532352941176471,FALSE,FALSE,TRUE,TRUE,FALSE
424,"A_threshold",0.75,NA,NA,FALSE,FALSE,0,FALSE,TRUE,TRUE,FALSE,FALSE
425,"A_threshold",0.75,NA,NA,FALSE,FALSE,0.235294117647059,FALSE,TRUE,TRUE,FALSE,FALSE
426,"A_threshold",0.75,NA,NA,FALSE,FALSE,0.208529411764706,FALSE,TRUE,TRUE,FALSE,FALSE
427,"A_threshold",0.75,NA,NA,FALSE,FALSE,0.348529411764706,FALSE,TRUE,TRUE,FALSE,FALSE
428,"A_threshold",0.75,NA,NA,FALSE,FALSE,0.0161764705882353,FALSE,TRUE,TRUE,FALSE,FALSE
429,"A_threshold",0.75,NA,NA,FALSE,FALSE,0.24,FALSE,TRUE,TRUE,FALSE,FALSE
430,"A_threshold",0.75,2800,2800,TRUE,TRUE,0.376176470588235,FALSE,FALSE,FALSE,TRUE,TRUE
431,"A_threshold",0.75,NA,NA,FALSE,FALSE,0,FALSE,TRUE,TRUE,FALSE,FALSE
432,"A_threshold",0.75,4000,NA,TRUE,FALSE,0.758823529411765,TRUE,TRUE,FALSE,FALSE,FALSE
433,"A_threshold",0.75,1600,1600,TRUE,TRUE,0.722058823529412,TRUE,TRUE,TRUE,FALSE,FALSE
434,"A_threshold",0.75,NA,NA,FALSE,FALSE,0.374411764705882,FALSE,TRUE,TRUE,FALSE,FALSE
435,"A_threshold",0.75,NA,NA,FALSE,FALSE,0,FALSE,TRUE,TRUE,FALSE,FALSE
436,"A_threshold",0.75,NA,NA,FALSE,FALSE,0.290588235294118,FALSE,TRUE,TRUE,FALSE,FALSE
437,"A_threshold",0.75,NA,NA,FALSE,FALSE,0.0247058823529412,FALSE,TRUE,TRUE,FALSE,FALSE
438,"A_threshold",0.75,NA,NA,FALSE,FALSE,0.31,FALSE,TRUE,TRUE,FALSE,FALSE
439,"A_threshold",0.75,2200,2800,TRUE,TRUE,0.492647058823529,FALSE,FALSE,FALSE,TRUE,TRUE
440,"A_threshold",0.75,NA,NA,FALSE,FALSE,0,FALSE,TRUE,TRUE,FALSE,FALSE
441,"A_threshold",0.75,NA,NA,FALSE,FALSE,0.240882352941176,FALSE,TRUE,TRUE,FALSE,FALSE
442,"A_threshold",0.75,2200,2800,TRUE,TRUE,0.880588235294118,TRUE,TRUE,TRUE,FALSE,FALSE
443,"A_threshold",0.75,NA,NA,FALSE,FALSE,0,FALSE,TRUE,TRUE,FALSE,FALSE
444,"A_threshold",0.75,1600,3400,TRUE,TRUE,0.206470588235294,FALSE,FALSE,FALSE,TRUE,TRUE
445,"A_threshold",0.75,NA,NA,FALSE,FALSE,0.294411764705882,FALSE,TRUE,TRUE,FALSE,FALSE
446,"A_threshold",0.75,1600,1600,TRUE,TRUE,0.660882352941176,TRUE,TRUE,TRUE,FALSE,FALSE
447,"A_threshold",0.75,1600,1600,TRUE,TRUE,0.750294117647059,TRUE,TRUE,TRUE,FALSE,FALSE
448,"A_threshold",0.75,NA,NA,FALSE,FALSE,0.0264705882352941,FALSE,TRUE,TRUE,FALSE,FALSE
449,"A_threshold",0.75,1600,1600,TRUE,TRUE,1,TRUE,TRUE,TRUE,FALSE,FALSE
450,"A_threshold",0.75,NA,NA,FALSE,FALSE,0.242941176470588,FALSE,TRUE,TRUE,FALSE,FALSE
451,"A_threshold",0.75,NA,NA,FALSE,FALSE,0.0576470588235294,FALSE,TRUE,TRUE,FALSE,FALSE
452,"A_threshold",0.75,NA,NA,FALSE,FALSE,0.105294117647059,FALSE,TRUE,TRUE,FALSE,FALSE
453,"A_threshold",0.75,2200,NA,TRUE,FALSE,0.342352941176471,FALSE,FALSE,TRUE,TRUE,FALSE
454,"A_threshold",0.75,NA,NA,FALSE,FALSE,0,FALSE,TRUE,TRUE,FALSE,FALSE
455,"A_threshold",0.75,NA,NA,FALSE,FALSE,0.472647058823529,FALSE,TRUE,TRUE,FALSE,FALSE
456,"A_threshold",0.75,NA,NA,FALSE,FALSE,0,FALSE,TRUE,TRUE,FALSE,FALSE
457,"A_threshold",0.75,NA,NA,FALSE,FALSE,0.00588235294117647,FALSE,TRUE,TRUE,FALSE,FALSE
458,"A_threshold",0.75,1600,2200,TRUE,TRUE,0.689705882352941,TRUE,TRUE,TRUE,FALSE,FALSE
459,"A_threshold",0.75,1600,NA,TRUE,FALSE,0.148823529411765,FALSE,FALSE,TRUE,TRUE,FALSE
460,"A_threshold",0.75,NA,NA,FALSE,FALSE,0,FALSE,TRUE,TRUE,FALSE,FALSE
461,"A_threshold",0.75,NA,NA,FALSE,FALSE,0.00205882352941176,FALSE,TRUE,TRUE,FALSE,FALSE
462,"A_threshold",0.75,NA,NA,FALSE,FALSE,0.212352941176471,FALSE,TRUE,TRUE,FALSE,FALSE
463,"A_threshold",0.75,NA,NA,FALSE,FALSE,0,FALSE,TRUE,TRUE,FALSE,FALSE
464,"A_threshold",0.75,NA,NA,FALSE,FALSE,0.0561764705882353,FALSE,TRUE,TRUE,FALSE,FALSE
465,"A_threshold",0.75,NA,NA,FALSE,FALSE,0.0229411764705882,FALSE,TRUE,TRUE,FALSE,FALSE
466,"A_threshold",0.75,NA,NA,FALSE,FALSE,0.276764705882353,FALSE,TRUE,TRUE,FALSE,FALSE
467,"A_threshold",0.75,NA,NA,FALSE,FALSE,0.0555882352941176,FALSE,TRUE,TRUE,FALSE,FALSE
468,"A_threshold",0.75,NA,NA,FALSE,FALSE,0.234705882352941,FALSE,TRUE,TRUE,FALSE,FALSE
469,"A_threshold",0.75,NA,NA,FALSE,FALSE,0.00117647058823529,FALSE,TRUE,TRUE,FALSE,FALSE
470,"A_threshold",0.75,NA,NA,FALSE,FALSE,0.0105882352941176,FALSE,TRUE,TRUE,FALSE,FALSE
471,"A_threshold",0.75,NA,NA,FALSE,FALSE,0.0958823529411765,FALSE,TRUE,TRUE,FALSE,FALSE
472,"A_threshold",0.75,NA,NA,FALSE,FALSE,0.365,FALSE,TRUE,TRUE,FALSE,FALSE
473,"A_threshold",0.75,NA,NA,FALSE,FALSE,0.194411764705882,FALSE,TRUE,TRUE,FALSE,FALSE
474,"A_threshold",0.75,1600,1600,TRUE,TRUE,0.0182352941176471,FALSE,FALSE,FALSE,TRUE,TRUE
475,"A_threshold",0.75,2200,2200,TRUE,TRUE,0.396470588235294,FALSE,FALSE,FALSE,TRUE,TRUE
476,"A_threshold",0.75,NA,NA,FALSE,FALSE,0.136470588235294,FALSE,TRUE,TRUE,FALSE,FALSE
477,"A_threshold",0.75,NA,NA,FALSE,FALSE,0,FALSE,TRUE,TRUE,FALSE,FALSE
478,"A_threshold",0.75,2200,2800,TRUE,TRUE,0.460294117647059,FALSE,FALSE,FALSE,TRUE,TRUE
479,"A_threshold",0.75,NA,NA,FALSE,FALSE,0.18,FALSE,TRUE,TRUE,FALSE,FALSE
480,"A_threshold",0.75,NA,NA,FALSE,FALSE,0.304411764705882,FALSE,TRUE,TRUE,FALSE,FALSE
481,"A_threshold",0.75,NA,NA,FALSE,FALSE,0.0444117647058824,FALSE,TRUE,TRUE,FALSE,FALSE
482,"A_threshold",0.75,1600,2800,TRUE,TRUE,0.553529411764706,TRUE,TRUE,TRUE,FALSE,FALSE
483,"A_threshold",0.75,NA,NA,FALSE,FALSE,0,FALSE,TRUE,TRUE,FALSE,FALSE
484,"A_threshold",0.75,NA,NA,FALSE,FALSE,0.0229411764705882,FALSE,TRUE,TRUE,FALSE,FALSE
485,"A_threshold",0.75,1600,1600,TRUE,TRUE,0.520882352941176,TRUE,TRUE,TRUE,FALSE,FALSE
486,"A_threshold",0.75,NA,NA,FALSE,FALSE,0.296764705882353,FALSE,TRUE,TRUE,FALSE,FALSE
487,"A_threshold",0.75,1600,1600,TRUE,TRUE,0.518235294117647,TRUE,TRUE,TRUE,FALSE,FALSE
488,"A_threshold",0.75,NA,NA,FALSE,FALSE,0.0844117647058824,FALSE,TRUE,TRUE,FALSE,FALSE
489,"A_threshold",0.75,NA,NA,FALSE,FALSE,0.157058823529412,FALSE,TRUE,TRUE,FALSE,FALSE
490,"A_threshold",0.75,NA,NA,FALSE,FALSE,0.226176470588235,FALSE,TRUE,TRUE,FALSE,FALSE
491,"A_threshold",0.75,NA,NA,FALSE,FALSE,0.0385294117647059,FALSE,TRUE,TRUE,FALSE,FALSE
492,"A_threshold",0.75,1600,1600,TRUE,TRUE,0.473823529411765,FALSE,FALSE,FALSE,TRUE,TRUE
493,"A_threshold",0.75,1600,3400,TRUE,TRUE,0.597647058823529,TRUE,TRUE,TRUE,FALSE,FALSE
494,"A_threshold",0.75,NA,NA,FALSE,FALSE,0.0988235294117647,FALSE,TRUE,TRUE,FALSE,FALSE
495,"A_threshold",0.75,1600,1600,TRUE,TRUE,0.000294117647058824,FALSE,FALSE,FALSE,TRUE,TRUE
496,"A_threshold",0.75,1600,1600,TRUE,TRUE,0.395294117647059,FALSE,FALSE,FALSE,TRUE,TRUE
497,"A_threshold",0.75,2200,NA,TRUE,FALSE,0.00676470588235294,FALSE,FALSE,TRUE,TRUE,FALSE
498,"A_threshold",0.75,NA,NA,FALSE,FALSE,0.356470588235294,FALSE,TRUE,TRUE,FALSE,FALSE
499,"A_threshold",0.75,NA,NA,FALSE,FALSE,0,FALSE,TRUE,TRUE,FALSE,FALSE
500,"A_threshold",0.75,1600,2800,TRUE,TRUE,0.200882352941176,FALSE,FALSE,FALSE,TRUE,TRUE
1,"B_smooth_logistic",0.75,1600,1600,TRUE,TRUE,0.813235294117647,TRUE,TRUE,TRUE,FALSE,FALSE
2,"B_smooth_logistic",0.75,1600,1600,TRUE,TRUE,1,TRUE,TRUE,TRUE,FALSE,FALSE
3,"B_smooth_logistic",0.75,1600,1600,TRUE,TRUE,1,TRUE,TRUE,TRUE,FALSE,FALSE
4,"B_smooth_logistic",0.75,1600,1600,TRUE,TRUE,0.694705882352941,TRUE,TRUE,TRUE,FALSE,FALSE
5,"B_smooth_logistic",0.75,1600,1600,TRUE,TRUE,0.839705882352941,TRUE,TRUE,TRUE,FALSE,FALSE
6,"B_smooth_logistic",0.75,1600,1600,TRUE,TRUE,0.779117647058824,TRUE,TRUE,TRUE,FALSE,FALSE
7,"B_smooth_logistic",0.75,2800,2800,TRUE,TRUE,0.573823529411765,TRUE,TRUE,TRUE,FALSE,FALSE
8,"B_smooth_logistic",0.75,3400,NA,TRUE,FALSE,0.653823529411765,TRUE,TRUE,FALSE,FALSE,FALSE
9,"B_smooth_logistic",0.75,1600,1600,TRUE,TRUE,0.924411764705882,TRUE,TRUE,TRUE,FALSE,FALSE
10,"B_smooth_logistic",0.75,1600,1600,TRUE,TRUE,1,TRUE,TRUE,TRUE,FALSE,FALSE
11,"B_smooth_logistic",0.75,1600,1600,TRUE,TRUE,0.898235294117647,TRUE,TRUE,TRUE,FALSE,FALSE
12,"B_smooth_logistic",0.75,3400,3400,TRUE,TRUE,0.587352941176471,TRUE,TRUE,TRUE,FALSE,FALSE
13,"B_smooth_logistic",0.75,1600,1600,TRUE,TRUE,0.852352941176471,TRUE,TRUE,TRUE,FALSE,FALSE
14,"B_smooth_logistic",0.75,1600,2200,TRUE,TRUE,0.623235294117647,TRUE,TRUE,TRUE,FALSE,FALSE
15,"B_smooth_logistic",0.75,1600,1600,TRUE,TRUE,0.945,TRUE,TRUE,TRUE,FALSE,FALSE
16,"B_smooth_logistic",0.75,1600,1600,TRUE,TRUE,1,TRUE,TRUE,TRUE,FALSE,FALSE
17,"B_smooth_logistic",0.75,1600,1600,TRUE,TRUE,0.734705882352941,TRUE,TRUE,TRUE,FALSE,FALSE
18,"B_smooth_logistic",0.75,1600,1600,TRUE,TRUE,0.882647058823529,TRUE,TRUE,TRUE,FALSE,FALSE
19,"B_smooth_logistic",0.75,1600,2200,TRUE,TRUE,1,TRUE,TRUE,TRUE,FALSE,FALSE
20,"B_smooth_logistic",0.75,1600,1600,TRUE,TRUE,0.770588235294118,TRUE,TRUE,TRUE,FALSE,FALSE
21,"B_smooth_logistic",0.75,1600,2800,TRUE,TRUE,1,TRUE,TRUE,TRUE,FALSE,FALSE
22,"B_smooth_logistic",0.75,2200,2800,TRUE,TRUE,0.746764705882353,TRUE,TRUE,TRUE,FALSE,FALSE
23,"B_smooth_logistic",0.75,3400,3400,TRUE,TRUE,0.784117647058823,TRUE,TRUE,TRUE,FALSE,FALSE
24,"B_smooth_logistic",0.75,1600,1600,TRUE,TRUE,1,TRUE,TRUE,TRUE,FALSE,FALSE
25,"B_smooth_logistic",0.75,1600,1600,TRUE,TRUE,1,TRUE,TRUE,TRUE,FALSE,FALSE
26,"B_smooth_logistic",0.75,1600,1600,TRUE,TRUE,1,TRUE,TRUE,TRUE,FALSE,FALSE
27,"B_smooth_logistic",0.75,1600,2800,TRUE,TRUE,1,TRUE,TRUE,TRUE,FALSE,FALSE
28,"B_smooth_logistic",0.75,1600,2200,TRUE,TRUE,1,TRUE,TRUE,TRUE,FALSE,FALSE
29,"B_smooth_logistic",0.75,1600,1600,TRUE,TRUE,1,TRUE,TRUE,TRUE,FALSE,FALSE
30,"B_smooth_logistic",0.75,1600,1600,TRUE,TRUE,0.841764705882353,TRUE,TRUE,TRUE,FALSE,FALSE
31,"B_smooth_logistic",0.75,2200,2200,TRUE,TRUE,0.434117647058824,FALSE,FALSE,FALSE,TRUE,TRUE
32,"B_smooth_logistic",0.75,1600,1600,TRUE,TRUE,0.972941176470588,TRUE,TRUE,TRUE,FALSE,FALSE
33,"B_smooth_logistic",0.75,1600,1600,TRUE,TRUE,0.772058823529412,TRUE,TRUE,TRUE,FALSE,FALSE
34,"B_smooth_logistic",0.75,1600,1600,TRUE,TRUE,0.643823529411765,TRUE,TRUE,TRUE,FALSE,FALSE
35,"B_smooth_logistic",0.75,2200,2200,TRUE,TRUE,0.585294117647059,TRUE,TRUE,TRUE,FALSE,FALSE
36,"B_smooth_logistic",0.75,1600,2200,TRUE,TRUE,1,TRUE,TRUE,TRUE,FALSE,FALSE
37,"B_smooth_logistic",0.75,1600,1600,TRUE,TRUE,0.718529411764706,TRUE,TRUE,TRUE,FALSE,FALSE
38,"B_smooth_logistic",0.75,1600,1600,TRUE,TRUE,1,TRUE,TRUE,TRUE,FALSE,FALSE
39,"B_smooth_logistic",0.75,1600,1600,TRUE,TRUE,0.644705882352941,TRUE,TRUE,TRUE,FALSE,FALSE
40,"B_smooth_logistic",0.75,1600,1600,TRUE,TRUE,1,TRUE,TRUE,TRUE,FALSE,FALSE
41,"B_smooth_logistic",0.75,1600,2200,TRUE,TRUE,0.545,TRUE,TRUE,TRUE,FALSE,FALSE
42,"B_smooth_logistic",0.75,2200,2800,TRUE,TRUE,0.630588235294118,TRUE,TRUE,TRUE,FALSE,FALSE
43,"B_smooth_logistic",0.75,1600,2800,TRUE,TRUE,0.818823529411765,TRUE,TRUE,TRUE,FALSE,FALSE
44,"B_smooth_logistic",0.75,1600,2200,TRUE,TRUE,0.958235294117647,TRUE,TRUE,TRUE,FALSE,FALSE
45,"B_smooth_logistic",0.75,1600,1600,TRUE,TRUE,1,TRUE,TRUE,TRUE,FALSE,FALSE
46,"B_smooth_logistic",0.75,1600,1600,TRUE,TRUE,0.655,TRUE,TRUE,TRUE,FALSE,FALSE
47,"B_smooth_logistic",0.75,1600,1600,TRUE,TRUE,0.791176470588235,TRUE,TRUE,TRUE,FALSE,FALSE
48,"B_smooth_logistic",0.75,1600,1600,TRUE,TRUE,1,TRUE,TRUE,TRUE,FALSE,FALSE
49,"B_smooth_logistic",0.75,2200,2800,TRUE,TRUE,0.675588235294118,TRUE,TRUE,TRUE,FALSE,FALSE
50,"B_smooth_logistic",0.75,1600,1600,TRUE,TRUE,1,TRUE,TRUE,TRUE,FALSE,FALSE
51,"B_smooth_logistic",0.75,1600,2200,TRUE,TRUE,0.497058823529412,FALSE,FALSE,FALSE,TRUE,TRUE
52,"B_smooth_logistic",0.75,1600,1600,TRUE,TRUE,1,TRUE,TRUE,TRUE,FALSE,FALSE
53,"B_smooth_logistic",0.75,NA,NA,FALSE,FALSE,0.469411764705882,FALSE,TRUE,TRUE,FALSE,FALSE
54,"B_smooth_logistic",0.75,1600,1600,TRUE,TRUE,0.669705882352941,TRUE,TRUE,TRUE,FALSE,FALSE
55,"B_smooth_logistic",0.75,1600,2800,TRUE,TRUE,0.626176470588235,TRUE,TRUE,TRUE,FALSE,FALSE
56,"B_smooth_logistic",0.75,1600,2200,TRUE,TRUE,0.851176470588235,TRUE,TRUE,TRUE,FALSE,FALSE
57,"B_smooth_logistic",0.75,1600,1600,TRUE,TRUE,0.642941176470588,TRUE,TRUE,TRUE,FALSE,FALSE
58,"B_smooth_logistic",0.75,1600,1600,TRUE,TRUE,1,TRUE,TRUE,TRUE,FALSE,FALSE
59,"B_smooth_logistic",0.75,2800,2800,TRUE,TRUE,0.994705882352941,TRUE,TRUE,TRUE,FALSE,FALSE
60,"B_smooth_logistic",0.75,1600,1600,TRUE,TRUE,1,TRUE,TRUE,TRUE,FALSE,FALSE
61,"B_smooth_logistic",0.75,1600,1600,TRUE,TRUE,0.898529411764706,TRUE,TRUE,TRUE,FALSE,FALSE
62,"B_smooth_logistic",0.75,1600,2200,TRUE,TRUE,0.749411764705882,TRUE,TRUE,TRUE,FALSE,FALSE
63,"B_smooth_logistic",0.75,1600,1600,TRUE,TRUE,0.875,TRUE,TRUE,TRUE,FALSE,FALSE
64,"B_smooth_logistic",0.75,1600,1600,TRUE,TRUE,0.865588235294118,TRUE,TRUE,TRUE,FALSE,FALSE
65,"B_smooth_logistic",0.75,1600,1600,TRUE,TRUE,0.749117647058824,TRUE,TRUE,TRUE,FALSE,FALSE
66,"B_smooth_logistic",0.75,4000,4000,TRUE,TRUE,0.540294117647059,TRUE,TRUE,TRUE,FALSE,FALSE
67,"B_smooth_logistic",0.75,1600,2200,TRUE,TRUE,0.892941176470588,TRUE,TRUE,TRUE,FALSE,FALSE
68,"B_smooth_logistic",0.75,1600,2200,TRUE,TRUE,1,TRUE,TRUE,TRUE,FALSE,FALSE
69,"B_smooth_logistic",0.75,1600,1600,TRUE,TRUE,0.605588235294118,TRUE,TRUE,TRUE,FALSE,FALSE
70,"B_smooth_logistic",0.75,1600,1600,TRUE,TRUE,1,TRUE,TRUE,TRUE,FALSE,FALSE
71,"B_smooth_logistic",0.75,1600,2200,TRUE,TRUE,0.682058823529412,TRUE,TRUE,TRUE,FALSE,FALSE
72,"B_smooth_logistic",0.75,1600,1600,TRUE,TRUE,0.726176470588235,TRUE,TRUE,TRUE,FALSE,FALSE
73,"B_smooth_logistic",0.75,1600,1600,TRUE,TRUE,0.636470588235294,TRUE,TRUE,TRUE,FALSE,FALSE
74,"B_smooth_logistic",0.75,1600,1600,TRUE,TRUE,0.894117647058824,TRUE,TRUE,TRUE,FALSE,FALSE
75,"B_smooth_logistic",0.75,1600,1600,TRUE,TRUE,0.656176470588235,TRUE,TRUE,TRUE,FALSE,FALSE
76,"B_smooth_logistic",0.75,2200,2200,TRUE,TRUE,0.547058823529412,TRUE,TRUE,TRUE,FALSE,FALSE
77,"B_smooth_logistic",0.75,1600,1600,TRUE,TRUE,0.998823529411765,TRUE,TRUE,TRUE,FALSE,FALSE
78,"B_smooth_logistic",0.75,1600,1600,TRUE,TRUE,0.762941176470588,TRUE,TRUE,TRUE,FALSE,FALSE
79,"B_smooth_logistic",0.75,1600,1600,TRUE,TRUE,1,TRUE,TRUE,TRUE,FALSE,FALSE
80,"B_smooth_logistic",0.75,1600,1600,TRUE,TRUE,0.737352941176471,TRUE,TRUE,TRUE,FALSE,FALSE
81,"B_smooth_logistic",0.75,1600,1600,TRUE,TRUE,1,TRUE,TRUE,TRUE,FALSE,FALSE
82,"B_smooth_logistic",0.75,1600,1600,TRUE,TRUE,1,TRUE,TRUE,TRUE,FALSE,FALSE
83,"B_smooth_logistic",0.75,1600,2800,TRUE,TRUE,1,TRUE,TRUE,TRUE,FALSE,FALSE
84,"B_smooth_logistic",0.75,1600,1600,TRUE,TRUE,0.890882352941176,TRUE,TRUE,TRUE,FALSE,FALSE
85,"B_smooth_logistic",0.75,1600,1600,TRUE,TRUE,0.921176470588235,TRUE,TRUE,TRUE,FALSE,FALSE
86,"B_smooth_logistic",0.75,1600,1600,TRUE,TRUE,1,TRUE,TRUE,TRUE,FALSE,FALSE
87,"B_smooth_logistic",0.75,1600,1600,TRUE,TRUE,1,TRUE,TRUE,TRUE,FALSE,FALSE
88,"B_smooth_logistic",0.75,1600,2200,TRUE,TRUE,0.807352941176471,TRUE,TRUE,TRUE,FALSE,FALSE
89,"B_smooth_logistic",0.75,1600,1600,TRUE,TRUE,1,TRUE,TRUE,TRUE,FALSE,FALSE
90,"B_smooth_logistic",0.75,1600,1600,TRUE,TRUE,0.828235294117647,TRUE,TRUE,TRUE,FALSE,FALSE
91,"B_smooth_logistic",0.75,1600,1600,TRUE,TRUE,0.763235294117647,TRUE,TRUE,TRUE,FALSE,FALSE
92,"B_smooth_logistic",0.75,1600,2200,TRUE,TRUE,1,TRUE,TRUE,TRUE,FALSE,FALSE
93,"B_smooth_logistic",0.75,1600,1600,TRUE,TRUE,0.885294117647059,TRUE,TRUE,TRUE,FALSE,FALSE
94,"B_smooth_logistic",0.75,1600,2800,TRUE,TRUE,1,TRUE,TRUE,TRUE,FALSE,FALSE
95,"B_smooth_logistic",0.75,1600,1600,TRUE,TRUE,1,TRUE,TRUE,TRUE,FALSE,FALSE
96,"B_smooth_logistic",0.75,1600,1600,TRUE,TRUE,1,TRUE,TRUE,TRUE,FALSE,FALSE
97,"B_smooth_logistic",0.75,1600,1600,TRUE,TRUE,0.634705882352941,TRUE,TRUE,TRUE,FALSE,FALSE
98,"B_smooth_logistic",0.75,1600,1600,TRUE,TRUE,0.931176470588235,TRUE,TRUE,TRUE,FALSE,FALSE
99,"B_smooth_logistic",0.75,1600,1600,TRUE,TRUE,1,TRUE,TRUE,TRUE,FALSE,FALSE
100,"B_smooth_logistic",0.75,1600,2200,TRUE,TRUE,0.902352941176471,TRUE,TRUE,TRUE,FALSE,FALSE
101,"B_smooth_logistic",0.75,1600,1600,TRUE,TRUE,1,TRUE,TRUE,TRUE,FALSE,FALSE
102,"B_smooth_logistic",0.75,1600,1600,TRUE,TRUE,0.840294117647059,TRUE,TRUE,TRUE,FALSE,FALSE
103,"B_smooth_logistic",0.75,1600,1600,TRUE,TRUE,0.958823529411765,TRUE,TRUE,TRUE,FALSE,FALSE
104,"B_smooth_logistic",0.75,1600,1600,TRUE,TRUE,0.854705882352941,TRUE,TRUE,TRUE,FALSE,FALSE
105,"B_smooth_logistic",0.75,1600,1600,TRUE,TRUE,0.862352941176471,TRUE,TRUE,TRUE,FALSE,FALSE
106,"B_smooth_logistic",0.75,1600,1600,TRUE,TRUE,0.755,TRUE,TRUE,TRUE,FALSE,FALSE
107,"B_smooth_logistic",0.75,1600,1600,TRUE,TRUE,0.644411764705882,TRUE,TRUE,TRUE,FALSE,FALSE
108,"B_smooth_logistic",0.75,1600,1600,TRUE,TRUE,1,TRUE,TRUE,TRUE,FALSE,FALSE
109,"B_smooth_logistic",0.75,1600,1600,TRUE,TRUE,1,TRUE,TRUE,TRUE,FALSE,FALSE
110,"B_smooth_logistic",0.75,1600,1600,TRUE,TRUE,0.681470588235294,TRUE,TRUE,TRUE,FALSE,FALSE
111,"B_smooth_logistic",0.75,1600,1600,TRUE,TRUE,0.888823529411765,TRUE,TRUE,TRUE,FALSE,FALSE
112,"B_smooth_logistic",0.75,1600,1600,TRUE,TRUE,0.72,TRUE,TRUE,TRUE,FALSE,FALSE
113,"B_smooth_logistic",0.75,1600,2200,TRUE,TRUE,1,TRUE,TRUE,TRUE,FALSE,FALSE
114,"B_smooth_logistic",0.75,1600,1600,TRUE,TRUE,1,TRUE,TRUE,TRUE,FALSE,FALSE
115,"B_smooth_logistic",0.75,1600,2200,TRUE,TRUE,0.800588235294118,TRUE,TRUE,TRUE,FALSE,FALSE
116,"B_smooth_logistic",0.75,1600,1600,TRUE,TRUE,1,TRUE,TRUE,TRUE,FALSE,FALSE
117,"B_smooth_logistic",0.75,1600,1600,TRUE,TRUE,1,TRUE,TRUE,TRUE,FALSE,FALSE
118,"B_smooth_logistic",0.75,1600,1600,TRUE,TRUE,1,TRUE,TRUE,TRUE,FALSE,FALSE
119,"B_smooth_logistic",0.75,1600,2200,TRUE,TRUE,0.830882352941177,TRUE,TRUE,TRUE,FALSE,FALSE
120,"B_smooth_logistic",0.75,1600,1600,TRUE,TRUE,0.695588235294118,TRUE,TRUE,TRUE,FALSE,FALSE
121,"B_smooth_logistic",0.75,1600,1600,TRUE,TRUE,1,TRUE,TRUE,TRUE,FALSE,FALSE
122,"B_smooth_logistic",0.75,2800,3400,TRUE,TRUE,0.691176470588235,TRUE,TRUE,TRUE,FALSE,FALSE
123,"B_smooth_logistic",0.75,1600,1600,TRUE,TRUE,0.680882352941176,TRUE,TRUE,TRUE,FALSE,FALSE
124,"B_smooth_logistic",0.75,1600,2200,TRUE,TRUE,0.762941176470588,TRUE,TRUE,TRUE,FALSE,FALSE
125,"B_smooth_logistic",0.75,1600,1600,TRUE,TRUE,0.716764705882353,TRUE,TRUE,TRUE,FALSE,FALSE
126,"B_smooth_logistic",0.75,1600,3400,TRUE,TRUE,0.742647058823529,TRUE,TRUE,TRUE,FALSE,FALSE
127,"B_smooth_logistic",0.75,1600,1600,TRUE,TRUE,0.881176470588235,TRUE,TRUE,TRUE,FALSE,FALSE
128,"B_smooth_logistic",0.75,2200,2800,TRUE,TRUE,1,TRUE,TRUE,TRUE,FALSE,FALSE
129,"B_smooth_logistic",0.75,1600,1600,TRUE,TRUE,1,TRUE,TRUE,TRUE,FALSE,FALSE
130,"B_smooth_logistic",0.75,1600,1600,TRUE,TRUE,0.667352941176471,TRUE,TRUE,TRUE,FALSE,FALSE
131,"B_smooth_logistic",0.75,2200,2200,TRUE,TRUE,0.633823529411765,TRUE,TRUE,TRUE,FALSE,FALSE
132,"B_smooth_logistic",0.75,1600,1600,TRUE,TRUE,1,TRUE,TRUE,TRUE,FALSE,FALSE
133,"B_smooth_logistic",0.75,1600,1600,TRUE,TRUE,0.606176470588235,TRUE,TRUE,TRUE,FALSE,FALSE
134,"B_smooth_logistic",0.75,1600,1600,TRUE,TRUE,0.748823529411765,TRUE,TRUE,TRUE,FALSE,FALSE
135,"B_smooth_logistic",0.75,1600,1600,TRUE,TRUE,0.827941176470588,TRUE,TRUE,TRUE,FALSE,FALSE
136,"B_smooth_logistic",0.75,1600,1600,TRUE,TRUE,0.872352941176471,TRUE,TRUE,TRUE,FALSE,FALSE
137,"B_smooth_logistic",0.75,1600,1600,TRUE,TRUE,0.898235294117647,TRUE,TRUE,TRUE,FALSE,FALSE
138,"B_smooth_logistic",0.75,1600,1600,TRUE,TRUE,1,TRUE,TRUE,TRUE,FALSE,FALSE
139,"B_smooth_logistic",0.75,1600,1600,TRUE,TRUE,0.790294117647059,TRUE,TRUE,TRUE,FALSE,FALSE
140,"B_smooth_logistic",0.75,1600,1600,TRUE,TRUE,0.650588235294118,TRUE,TRUE,TRUE,FALSE,FALSE
141,"B_smooth_logistic",0.75,1600,1600,TRUE,TRUE,1,TRUE,TRUE,TRUE,FALSE,FALSE
142,"B_smooth_logistic",0.75,1600,1600,TRUE,TRUE,0.852058823529412,TRUE,TRUE,TRUE,FALSE,FALSE
143,"B_smooth_logistic",0.75,1600,1600,TRUE,TRUE,1,TRUE,TRUE,TRUE,FALSE,FALSE
144,"B_smooth_logistic",0.75,2200,2800,TRUE,TRUE,0.613529411764706,TRUE,TRUE,TRUE,FALSE,FALSE
145,"B_smooth_logistic",0.75,1600,1600,TRUE,TRUE,1,TRUE,TRUE,TRUE,FALSE,FALSE
146,"B_smooth_logistic",0.75,1600,1600,TRUE,TRUE,1,TRUE,TRUE,TRUE,FALSE,FALSE
147,"B_smooth_logistic",0.75,1600,1600,TRUE,TRUE,1,TRUE,TRUE,TRUE,FALSE,FALSE
148,"B_smooth_logistic",0.75,1600,1600,TRUE,TRUE,0.630882352941176,TRUE,TRUE,TRUE,FALSE,FALSE
149,"B_smooth_logistic",0.75,1600,1600,TRUE,TRUE,0.680588235294118,TRUE,TRUE,TRUE,FALSE,FALSE
150,"B_smooth_logistic",0.75,1600,1600,TRUE,TRUE,0.998235294117647,TRUE,TRUE,TRUE,FALSE,FALSE
151,"B_smooth_logistic",0.75,1600,1600,TRUE,TRUE,1,TRUE,TRUE,TRUE,FALSE,FALSE
152,"B_smooth_logistic",0.75,1600,1600,TRUE,TRUE,0.560294117647059,TRUE,TRUE,TRUE,FALSE,FALSE
153,"B_smooth_logistic",0.75,1600,1600,TRUE,TRUE,0.808529411764706,TRUE,TRUE,TRUE,FALSE,FALSE
154,"B_smooth_logistic",0.75,1600,2200,TRUE,TRUE,0.665294117647059,TRUE,TRUE,TRUE,FALSE,FALSE
155,"B_smooth_logistic",0.75,1600,2200,TRUE,TRUE,1,TRUE,TRUE,TRUE,FALSE,FALSE
156,"B_smooth_logistic",0.75,1600,1600,TRUE,TRUE,0.660882352941176,TRUE,TRUE,TRUE,FALSE,FALSE
157,"B_smooth_logistic",0.75,1600,2800,TRUE,TRUE,0.704411764705882,TRUE,TRUE,TRUE,FALSE,FALSE
158,"B_smooth_logistic",0.75,1600,1600,TRUE,TRUE,1,TRUE,TRUE,TRUE,FALSE,FALSE
159,"B_smooth_logistic",0.75,1600,1600,TRUE,TRUE,0.719117647058824,TRUE,TRUE,TRUE,FALSE,FALSE
160,"B_smooth_logistic",0.75,1600,1600,TRUE,TRUE,0.867647058823529,TRUE,TRUE,TRUE,FALSE,FALSE
161,"B_smooth_logistic",0.75,1600,2200,TRUE,TRUE,0.541470588235294,TRUE,TRUE,TRUE,FALSE,FALSE
162,"B_smooth_logistic",0.75,1600,1600,TRUE,TRUE,1,TRUE,TRUE,TRUE,FALSE,FALSE
163,"B_smooth_logistic",0.75,1600,1600,TRUE,TRUE,1,TRUE,TRUE,TRUE,FALSE,FALSE
164,"B_smooth_logistic",0.75,2200,2800,TRUE,TRUE,0.697647058823529,TRUE,TRUE,TRUE,FALSE,FALSE
165,"B_smooth_logistic",0.75,1600,2200,TRUE,TRUE,1,TRUE,TRUE,TRUE,FALSE,FALSE
166,"B_smooth_logistic",0.75,1600,1600,TRUE,TRUE,0.682647058823529,TRUE,TRUE,TRUE,FALSE,FALSE
167,"B_smooth_logistic",0.75,1600,2200,TRUE,TRUE,0.951176470588235,TRUE,TRUE,TRUE,FALSE,FALSE
168,"B_smooth_logistic",0.75,1600,1600,TRUE,TRUE,1,TRUE,TRUE,TRUE,FALSE,FALSE
169,"B_smooth_logistic",0.75,1600,2200,TRUE,TRUE,1,TRUE,TRUE,TRUE,FALSE,FALSE
170,"B_smooth_logistic",0.75,1600,1600,TRUE,TRUE,0.768235294117647,TRUE,TRUE,TRUE,FALSE,FALSE
171,"B_smooth_logistic",0.75,1600,2200,TRUE,TRUE,1,TRUE,TRUE,TRUE,FALSE,FALSE
172,"B_smooth_logistic",0.75,1600,1600,TRUE,TRUE,0.496764705882353,FALSE,FALSE,FALSE,TRUE,TRUE
173,"B_smooth_logistic",0.75,1600,1600,TRUE,TRUE,1,TRUE,TRUE,TRUE,FALSE,FALSE
174,"B_smooth_logistic",0.75,1600,2200,TRUE,TRUE,0.856470588235294,TRUE,TRUE,TRUE,FALSE,FALSE
175,"B_smooth_logistic",0.75,1600,1600,TRUE,TRUE,0.749411764705882,TRUE,TRUE,TRUE,FALSE,FALSE
176,"B_smooth_logistic",0.75,1600,1600,TRUE,TRUE,0.943823529411765,TRUE,TRUE,TRUE,FALSE,FALSE
177,"B_smooth_logistic",0.75,1600,1600,TRUE,TRUE,0.585294117647059,TRUE,TRUE,TRUE,FALSE,FALSE
178,"B_smooth_logistic",0.75,1600,1600,TRUE,TRUE,0.737352941176471,TRUE,TRUE,TRUE,FALSE,FALSE
179,"B_smooth_logistic",0.75,1600,1600,TRUE,TRUE,0.663529411764706,TRUE,TRUE,TRUE,FALSE,FALSE
180,"B_smooth_logistic",0.75,1600,1600,TRUE,TRUE,1,TRUE,TRUE,TRUE,FALSE,FALSE
181,"B_smooth_logistic",0.75,1600,1600,TRUE,TRUE,0.668823529411765,TRUE,TRUE,TRUE,FALSE,FALSE
182,"B_smooth_logistic",0.75,1600,1600,TRUE,TRUE,1,TRUE,TRUE,TRUE,FALSE,FALSE
183,"B_smooth_logistic",0.75,1600,1600,TRUE,TRUE,0.836764705882353,TRUE,TRUE,TRUE,FALSE,FALSE
184,"B_smooth_logistic",0.75,1600,1600,TRUE,TRUE,1,TRUE,TRUE,TRUE,FALSE,FALSE
185,"B_smooth_logistic",0.75,1600,1600,TRUE,TRUE,1,TRUE,TRUE,TRUE,FALSE,FALSE
186,"B_smooth_logistic",0.75,1600,1600,TRUE,TRUE,0.531176470588235,TRUE,TRUE,TRUE,FALSE,FALSE
187,"B_smooth_logistic",0.75,1600,1600,TRUE,TRUE,1,TRUE,TRUE,TRUE,FALSE,FALSE
188,"B_smooth_logistic",0.75,1600,2200,TRUE,TRUE,1,TRUE,TRUE,TRUE,FALSE,FALSE
189,"B_smooth_logistic",0.75,1600,1600,TRUE,TRUE,0.646764705882353,TRUE,TRUE,TRUE,FALSE,FALSE
190,"B_smooth_logistic",0.75,1600,2200,TRUE,TRUE,0.619117647058824,TRUE,TRUE,TRUE,FALSE,FALSE
191,"B_smooth_logistic",0.75,1600,2200,TRUE,TRUE,0.798529411764706,TRUE,TRUE,TRUE,FALSE,FALSE
192,"B_smooth_logistic",0.75,1600,1600,TRUE,TRUE,0.784117647058823,TRUE,TRUE,TRUE,FALSE,FALSE
193,"B_smooth_logistic",0.75,1600,1600,TRUE,TRUE,1,TRUE,TRUE,TRUE,FALSE,FALSE
194,"B_smooth_logistic",0.75,1600,1600,TRUE,TRUE,1,TRUE,TRUE,TRUE,FALSE,FALSE
195,"B_smooth_logistic",0.75,1600,2200,TRUE,TRUE,1,TRUE,TRUE,TRUE,FALSE,FALSE
196,"B_smooth_logistic",0.75,2200,2800,TRUE,TRUE,0.94,TRUE,TRUE,TRUE,FALSE,FALSE
197,"B_smooth_logistic",0.75,1600,2200,TRUE,TRUE,0.622352941176471,TRUE,TRUE,TRUE,FALSE,FALSE
198,"B_smooth_logistic",0.75,1600,1600,TRUE,TRUE,1,TRUE,TRUE,TRUE,FALSE,FALSE
199,"B_smooth_logistic",0.75,1600,1600,TRUE,TRUE,1,TRUE,TRUE,TRUE,FALSE,FALSE
200,"B_smooth_logistic",0.75,1600,2200,TRUE,TRUE,1,TRUE,TRUE,TRUE,FALSE,FALSE
201,"B_smooth_logistic",0.75,1600,1600,TRUE,TRUE,0.983529411764706,TRUE,TRUE,TRUE,FALSE,FALSE
202,"B_smooth_logistic",0.75,2200,2200,TRUE,TRUE,0.587058823529412,TRUE,TRUE,TRUE,FALSE,FALSE
203,"B_smooth_logistic",0.75,1600,1600,TRUE,TRUE,0.640294117647059,TRUE,TRUE,TRUE,FALSE,FALSE
204,"B_smooth_logistic",0.75,1600,1600,TRUE,TRUE,1,TRUE,TRUE,TRUE,FALSE,FALSE
205,"B_smooth_logistic",0.75,1600,1600,TRUE,TRUE,0.667352941176471,TRUE,TRUE,TRUE,FALSE,FALSE
206,"B_smooth_logistic",0.75,1600,2200,TRUE,TRUE,0.610588235294118,TRUE,TRUE,TRUE,FALSE,FALSE
207,"B_smooth_logistic",0.75,1600,1600,TRUE,TRUE,0.682941176470588,TRUE,TRUE,TRUE,FALSE,FALSE
208,"B_smooth_logistic",0.75,3400,3400,TRUE,TRUE,0.645588235294118,TRUE,TRUE,TRUE,FALSE,FALSE
209,"B_smooth_logistic",0.75,1600,2200,TRUE,TRUE,0.741176470588235,TRUE,TRUE,TRUE,FALSE,FALSE
210,"B_smooth_logistic",0.75,1600,1600,TRUE,TRUE,1,TRUE,TRUE,TRUE,FALSE,FALSE
211,"B_smooth_logistic",0.75,1600,1600,TRUE,TRUE,1,TRUE,TRUE,TRUE,FALSE,FALSE
212,"B_smooth_logistic",0.75,1600,2200,TRUE,TRUE,0.683529411764706,TRUE,TRUE,TRUE,FALSE,FALSE
213,"B_smooth_logistic",0.75,1600,2200,TRUE,TRUE,1,TRUE,TRUE,TRUE,FALSE,FALSE
214,"B_smooth_logistic",0.75,1600,1600,TRUE,TRUE,0.775588235294118,TRUE,TRUE,TRUE,FALSE,FALSE
215,"B_smooth_logistic",0.75,1600,1600,TRUE,TRUE,0.924117647058823,TRUE,TRUE,TRUE,FALSE,FALSE
216,"B_smooth_logistic",0.75,1600,1600,TRUE,TRUE,1,TRUE,TRUE,TRUE,FALSE,FALSE
217,"B_smooth_logistic",0.75,1600,2200,TRUE,TRUE,0.765882352941176,TRUE,TRUE,TRUE,FALSE,FALSE
218,"B_smooth_logistic",0.75,1600,2800,TRUE,TRUE,0.756176470588235,TRUE,TRUE,TRUE,FALSE,FALSE
219,"B_smooth_logistic",0.75,1600,NA,TRUE,FALSE,0.810294117647059,TRUE,TRUE,FALSE,FALSE,FALSE
220,"B_smooth_logistic",0.75,1600,1600,TRUE,TRUE,0.819705882352941,TRUE,TRUE,TRUE,FALSE,FALSE
221,"B_smooth_logistic",0.75,1600,2200,TRUE,TRUE,1,TRUE,TRUE,TRUE,FALSE,FALSE
222,"B_smooth_logistic",0.75,2200,2800,TRUE,TRUE,0.732352941176471,TRUE,TRUE,TRUE,FALSE,FALSE
223,"B_smooth_logistic",0.75,2200,2800,TRUE,TRUE,0.670588235294118,TRUE,TRUE,TRUE,FALSE,FALSE
224,"B_smooth_logistic",0.75,1600,1600,TRUE,TRUE,1,TRUE,TRUE,TRUE,FALSE,FALSE
225,"B_smooth_logistic",0.75,2200,2800,TRUE,TRUE,0.803235294117647,TRUE,TRUE,TRUE,FALSE,FALSE
226,"B_smooth_logistic",0.75,1600,1600,TRUE,TRUE,0.598823529411765,TRUE,TRUE,TRUE,FALSE,FALSE
227,"B_smooth_logistic",0.75,1600,1600,TRUE,TRUE,1,TRUE,TRUE,TRUE,FALSE,FALSE
228,"B_smooth_logistic",0.75,1600,1600,TRUE,TRUE,0.865,TRUE,TRUE,TRUE,FALSE,FALSE
229,"B_smooth_logistic",0.75,1600,1600,TRUE,TRUE,0.896470588235294,TRUE,TRUE,TRUE,FALSE,FALSE
230,"B_smooth_logistic",0.75,1600,2200,TRUE,TRUE,0.960882352941177,TRUE,TRUE,TRUE,FALSE,FALSE
231,"B_smooth_logistic",0.75,1600,1600,TRUE,TRUE,0.751764705882353,TRUE,TRUE,TRUE,FALSE,FALSE
232,"B_smooth_logistic",0.75,2200,2200,TRUE,TRUE,0.793823529411765,TRUE,TRUE,TRUE,FALSE,FALSE
233,"B_smooth_logistic",0.75,1600,2200,TRUE,TRUE,0.841176470588235,TRUE,TRUE,TRUE,FALSE,FALSE
234,"B_smooth_logistic",0.75,1600,1600,TRUE,TRUE,0.615,TRUE,TRUE,TRUE,FALSE,FALSE
235,"B_smooth_logistic",0.75,1600,1600,TRUE,TRUE,1,TRUE,TRUE,TRUE,FALSE,FALSE
236,"B_smooth_logistic",0.75,1600,1600,TRUE,TRUE,0.884705882352941,TRUE,TRUE,TRUE,FALSE,FALSE
237,"B_smooth_logistic",0.75,1600,2800,TRUE,TRUE,1,TRUE,TRUE,TRUE,FALSE,FALSE
238,"B_smooth_logistic",0.75,1600,1600,TRUE,TRUE,1,TRUE,TRUE,TRUE,FALSE,FALSE
239,"B_smooth_logistic",0.75,1600,2200,TRUE,TRUE,0.542058823529412,TRUE,TRUE,TRUE,FALSE,FALSE
240,"B_smooth_logistic",0.75,1600,1600,TRUE,TRUE,0.900882352941176,TRUE,TRUE,TRUE,FALSE,FALSE
241,"B_smooth_logistic",0.75,1600,2800,TRUE,TRUE,0.747941176470588,TRUE,TRUE,TRUE,FALSE,FALSE
242,"B_smooth_logistic",0.75,NA,NA,FALSE,FALSE,0.468235294117647,FALSE,TRUE,TRUE,FALSE,FALSE
243,"B_smooth_logistic",0.75,1600,1600,TRUE,TRUE,0.636470588235294,TRUE,TRUE,TRUE,FALSE,FALSE
244,"B_smooth_logistic",0.75,1600,1600,TRUE,TRUE,1,TRUE,TRUE,TRUE,FALSE,FALSE
245,"B_smooth_logistic",0.75,2200,2200,TRUE,TRUE,0.722058823529412,TRUE,TRUE,TRUE,FALSE,FALSE
246,"B_smooth_logistic",0.75,1600,1600,TRUE,TRUE,0.747352941176471,TRUE,TRUE,TRUE,FALSE,FALSE
247,"B_smooth_logistic",0.75,1600,1600,TRUE,TRUE,0.912647058823529,TRUE,TRUE,TRUE,FALSE,FALSE
248,"B_smooth_logistic",0.75,1600,1600,TRUE,TRUE,1,TRUE,TRUE,TRUE,FALSE,FALSE
249,"B_smooth_logistic",0.75,1600,2200,TRUE,TRUE,0.714705882352941,TRUE,TRUE,TRUE,FALSE,FALSE
250,"B_smooth_logistic",0.75,1600,2200,TRUE,TRUE,0.920294117647059,TRUE,TRUE,TRUE,FALSE,FALSE
251,"B_smooth_logistic",0.75,1600,1600,TRUE,TRUE,1,TRUE,TRUE,TRUE,FALSE,FALSE
252,"B_smooth_logistic",0.75,1600,1600,TRUE,TRUE,0.702058823529412,TRUE,TRUE,TRUE,FALSE,FALSE
253,"B_smooth_logistic",0.75,1600,1600,TRUE,TRUE,0.803529411764706,TRUE,TRUE,TRUE,FALSE,FALSE
254,"B_smooth_logistic",0.75,1600,1600,TRUE,TRUE,0.768235294117647,TRUE,TRUE,TRUE,FALSE,FALSE
255,"B_smooth_logistic",0.75,1600,1600,TRUE,TRUE,0.642941176470588,TRUE,TRUE,TRUE,FALSE,FALSE
256,"B_smooth_logistic",0.75,1600,1600,TRUE,TRUE,1,TRUE,TRUE,TRUE,FALSE,FALSE
257,"B_smooth_logistic",0.75,1600,2200,TRUE,TRUE,1,TRUE,TRUE,TRUE,FALSE,FALSE
258,"B_smooth_logistic",0.75,1600,1600,TRUE,TRUE,1,TRUE,TRUE,TRUE,FALSE,FALSE
259,"B_smooth_logistic",0.75,1600,2800,TRUE,TRUE,1,TRUE,TRUE,TRUE,FALSE,FALSE
260,"B_smooth_logistic",0.75,1600,1600,TRUE,TRUE,0.852352941176471,TRUE,TRUE,TRUE,FALSE,FALSE
261,"B_smooth_logistic",0.75,1600,1600,TRUE,TRUE,1,TRUE,TRUE,TRUE,FALSE,FALSE
262,"B_smooth_logistic",0.75,2200,2800,TRUE,TRUE,0.871470588235294,TRUE,TRUE,TRUE,FALSE,FALSE
263,"B_smooth_logistic",0.75,NA,NA,FALSE,FALSE,0,FALSE,TRUE,TRUE,FALSE,FALSE
264,"B_smooth_logistic",0.75,1600,1600,TRUE,TRUE,0.640882352941176,TRUE,TRUE,TRUE,FALSE,FALSE
265,"B_smooth_logistic",0.75,1600,1600,TRUE,TRUE,0.729705882352941,TRUE,TRUE,TRUE,FALSE,FALSE
266,"B_smooth_logistic",0.75,1600,1600,TRUE,TRUE,0.502647058823529,TRUE,TRUE,TRUE,FALSE,FALSE
267,"B_smooth_logistic",0.75,1600,1600,TRUE,TRUE,0.765,TRUE,TRUE,TRUE,FALSE,FALSE
268,"B_smooth_logistic",0.75,1600,1600,TRUE,TRUE,0.555588235294118,TRUE,TRUE,TRUE,FALSE,FALSE
269,"B_smooth_logistic",0.75,2200,2200,TRUE,TRUE,0.731176470588235,TRUE,TRUE,TRUE,FALSE,FALSE
270,"B_smooth_logistic",0.75,1600,1600,TRUE,TRUE,1,TRUE,TRUE,TRUE,FALSE,FALSE
271,"B_smooth_logistic",0.75,1600,1600,TRUE,TRUE,0.452647058823529,FALSE,FALSE,FALSE,TRUE,TRUE
272,"B_smooth_logistic",0.75,1600,1600,TRUE,TRUE,1,TRUE,TRUE,TRUE,FALSE,FALSE
273,"B_smooth_logistic",0.75,1600,1600,TRUE,TRUE,1,TRUE,TRUE,TRUE,FALSE,FALSE
274,"B_smooth_logistic",0.75,1600,1600,TRUE,TRUE,0.477647058823529,FALSE,FALSE,FALSE,TRUE,TRUE
275,"B_smooth_logistic",0.75,4000,4000,TRUE,TRUE,0.547647058823529,TRUE,TRUE,TRUE,FALSE,FALSE
276,"B_smooth_logistic",0.75,1600,1600,TRUE,TRUE,0.977352941176471,TRUE,TRUE,TRUE,FALSE,FALSE
277,"B_smooth_logistic",0.75,1600,1600,TRUE,TRUE,0.574117647058824,TRUE,TRUE,TRUE,FALSE,FALSE
278,"B_smooth_logistic",0.75,1600,1600,TRUE,TRUE,0.823235294117647,TRUE,TRUE,TRUE,FALSE,FALSE
279,"B_smooth_logistic",0.75,1600,1600,TRUE,TRUE,0.680294117647059,TRUE,TRUE,TRUE,FALSE,FALSE
280,"B_smooth_logistic",0.75,1600,1600,TRUE,TRUE,1,TRUE,TRUE,TRUE,FALSE,FALSE
281,"B_smooth_logistic",0.75,1600,2200,TRUE,TRUE,0.740882352941176,TRUE,TRUE,TRUE,FALSE,FALSE
282,"B_smooth_logistic",0.75,1600,1600,TRUE,TRUE,0.984117647058824,TRUE,TRUE,TRUE,FALSE,FALSE
283,"B_smooth_logistic",0.75,1600,2200,TRUE,TRUE,0.496470588235294,FALSE,FALSE,FALSE,TRUE,TRUE
284,"B_smooth_logistic",0.75,1600,1600,TRUE,TRUE,0.761176470588235,TRUE,TRUE,TRUE,FALSE,FALSE
285,"B_smooth_logistic",0.75,1600,1600,TRUE,TRUE,1,TRUE,TRUE,TRUE,FALSE,FALSE
286,"B_smooth_logistic",0.75,1600,1600,TRUE,TRUE,0.869411764705882,TRUE,TRUE,TRUE,FALSE,FALSE
287,"B_smooth_logistic",0.75,1600,1600,TRUE,TRUE,0.678823529411765,TRUE,TRUE,TRUE,FALSE,FALSE
288,"B_smooth_logistic",0.75,1600,1600,TRUE,TRUE,1,TRUE,TRUE,TRUE,FALSE,FALSE
289,"B_smooth_logistic",0.75,1600,1600,TRUE,TRUE,0.885294117647059,TRUE,TRUE,TRUE,FALSE,FALSE
290,"B_smooth_logistic",0.75,1600,2200,TRUE,TRUE,1,TRUE,TRUE,TRUE,FALSE,FALSE
291,"B_smooth_logistic",0.75,1600,1600,TRUE,TRUE,0.793823529411765,TRUE,TRUE,TRUE,FALSE,FALSE
292,"B_smooth_logistic",0.75,1600,1600,TRUE,TRUE,0.799705882352941,TRUE,TRUE,TRUE,FALSE,FALSE
293,"B_smooth_logistic",0.75,1600,1600,TRUE,TRUE,0.678823529411765,TRUE,TRUE,TRUE,FALSE,FALSE
294,"B_smooth_logistic",0.75,1600,1600,TRUE,TRUE,1,TRUE,TRUE,TRUE,FALSE,FALSE
295,"B_smooth_logistic",0.75,1600,2200,TRUE,TRUE,0.627058823529412,TRUE,TRUE,TRUE,FALSE,FALSE
296,"B_smooth_logistic",0.75,1600,1600,TRUE,TRUE,0.700588235294118,TRUE,TRUE,TRUE,FALSE,FALSE
297,"B_smooth_logistic",0.75,1600,1600,TRUE,TRUE,0.779411764705882,TRUE,TRUE,TRUE,FALSE,FALSE
298,"B_smooth_logistic",0.75,1600,1600,TRUE,TRUE,0.883235294117647,TRUE,TRUE,TRUE,FALSE,FALSE
299,"B_smooth_logistic",0.75,1600,1600,TRUE,TRUE,1,TRUE,TRUE,TRUE,FALSE,FALSE
300,"B_smooth_logistic",0.75,1600,1600,TRUE,TRUE,0.763529411764706,TRUE,TRUE,TRUE,FALSE,FALSE
301,"B_smooth_logistic",0.75,1600,1600,TRUE,TRUE,0.724117647058824,TRUE,TRUE,TRUE,FALSE,FALSE
302,"B_smooth_logistic",0.75,1600,1600,TRUE,TRUE,0.953235294117647,TRUE,TRUE,TRUE,FALSE,FALSE
303,"B_smooth_logistic",0.75,1600,2200,TRUE,TRUE,0.727352941176471,TRUE,TRUE,TRUE,FALSE,FALSE
304,"B_smooth_logistic",0.75,1600,1600,TRUE,TRUE,1,TRUE,TRUE,TRUE,FALSE,FALSE
305,"B_smooth_logistic",0.75,1600,1600,TRUE,TRUE,0.971470588235294,TRUE,TRUE,TRUE,FALSE,FALSE
306,"B_smooth_logistic",0.75,1600,2200,TRUE,TRUE,0.722058823529412,TRUE,TRUE,TRUE,FALSE,FALSE
307,"B_smooth_logistic",0.75,1600,2200,TRUE,TRUE,0.725,TRUE,TRUE,TRUE,FALSE,FALSE
308,"B_smooth_logistic",0.75,1600,1600,TRUE,TRUE,0.698823529411765,TRUE,TRUE,TRUE,FALSE,FALSE
309,"B_smooth_logistic",0.75,1600,1600,TRUE,TRUE,1,TRUE,TRUE,TRUE,FALSE,FALSE
310,"B_smooth_logistic",0.75,1600,1600,TRUE,TRUE,1,TRUE,TRUE,TRUE,FALSE,FALSE
311,"B_smooth_logistic",0.75,1600,2200,TRUE,TRUE,0.647941176470588,TRUE,TRUE,TRUE,FALSE,FALSE
312,"B_smooth_logistic",0.75,1600,1600,TRUE,TRUE,0.767647058823529,TRUE,TRUE,TRUE,FALSE,FALSE
313,"B_smooth_logistic",0.75,1600,1600,TRUE,TRUE,0.687352941176471,TRUE,TRUE,TRUE,FALSE,FALSE
314,"B_smooth_logistic",0.75,1600,2200,TRUE,TRUE,1,TRUE,TRUE,TRUE,FALSE,FALSE
315,"B_smooth_logistic",0.75,1600,1600,TRUE,TRUE,1,TRUE,TRUE,TRUE,FALSE,FALSE
316,"B_smooth_logistic",0.75,1600,1600,TRUE,TRUE,0.997352941176471,TRUE,TRUE,TRUE,FALSE,FALSE
317,"B_smooth_logistic",0.75,1600,2200,TRUE,TRUE,1,TRUE,TRUE,TRUE,FALSE,FALSE
318,"B_smooth_logistic",0.75,1600,1600,TRUE,TRUE,1,TRUE,TRUE,TRUE,FALSE,FALSE
319,"B_smooth_logistic",0.75,1600,1600,TRUE,TRUE,0.967352941176471,TRUE,TRUE,TRUE,FALSE,FALSE
320,"B_smooth_logistic",0.75,1600,2200,TRUE,TRUE,0.975882352941176,TRUE,TRUE,TRUE,FALSE,FALSE
321,"B_smooth_logistic",0.75,1600,1600,TRUE,TRUE,0.916176470588235,TRUE,TRUE,TRUE,FALSE,FALSE
322,"B_smooth_logistic",0.75,1600,2200,TRUE,TRUE,0.851176470588235,TRUE,TRUE,TRUE,FALSE,FALSE
323,"B_smooth_logistic",0.75,1600,1600,TRUE,TRUE,0.719411764705882,TRUE,TRUE,TRUE,FALSE,FALSE
324,"B_smooth_logistic",0.75,1600,2200,TRUE,TRUE,0.743823529411765,TRUE,TRUE,TRUE,FALSE,FALSE
325,"B_smooth_logistic",0.75,1600,1600,TRUE,TRUE,0.846470588235294,TRUE,TRUE,TRUE,FALSE,FALSE
326,"B_smooth_logistic",0.75,1600,1600,TRUE,TRUE,0.660588235294118,TRUE,TRUE,TRUE,FALSE,FALSE
327,"B_smooth_logistic",0.75,2200,2200,TRUE,TRUE,0.733235294117647,TRUE,TRUE,TRUE,FALSE,FALSE
328,"B_smooth_logistic",0.75,2200,2800,TRUE,TRUE,0.660882352941176,TRUE,TRUE,TRUE,FALSE,FALSE
329,"B_smooth_logistic",0.75,1600,1600,TRUE,TRUE,0.647352941176471,TRUE,TRUE,TRUE,FALSE,FALSE
330,"B_smooth_logistic",0.75,1600,1600,TRUE,TRUE,1,TRUE,TRUE,TRUE,FALSE,FALSE
331,"B_smooth_logistic",0.75,1600,1600,TRUE,TRUE,1,TRUE,TRUE,TRUE,FALSE,FALSE
332,"B_smooth_logistic",0.75,1600,1600,TRUE,TRUE,1,TRUE,TRUE,TRUE,FALSE,FALSE
333,"B_smooth_logistic",0.75,1600,1600,TRUE,TRUE,0.741470588235294,TRUE,TRUE,TRUE,FALSE,FALSE
334,"B_smooth_logistic",0.75,1600,1600,TRUE,TRUE,0.948529411764706,TRUE,TRUE,TRUE,FALSE,FALSE
335,"B_smooth_logistic",0.75,1600,1600,TRUE,TRUE,0.687352941176471,TRUE,TRUE,TRUE,FALSE,FALSE
336,"B_smooth_logistic",0.75,1600,1600,TRUE,TRUE,0.659705882352941,TRUE,TRUE,TRUE,FALSE,FALSE
337,"B_smooth_logistic",0.75,1600,1600,TRUE,TRUE,1,TRUE,TRUE,TRUE,FALSE,FALSE
338,"B_smooth_logistic",0.75,1600,2200,TRUE,TRUE,0.784411764705882,TRUE,TRUE,TRUE,FALSE,FALSE
339,"B_smooth_logistic",0.75,2200,2800,TRUE,TRUE,1,TRUE,TRUE,TRUE,FALSE,FALSE
340,"B_smooth_logistic",0.75,1600,1600,TRUE,TRUE,0.705294117647059,TRUE,TRUE,TRUE,FALSE,FALSE
341,"B_smooth_logistic",0.75,1600,1600,TRUE,TRUE,1,TRUE,TRUE,TRUE,FALSE,FALSE
342,"B_smooth_logistic",0.75,1600,1600,TRUE,TRUE,0.723823529411765,TRUE,TRUE,TRUE,FALSE,FALSE
343,"B_smooth_logistic",0.75,1600,1600,TRUE,TRUE,1,TRUE,TRUE,TRUE,FALSE,FALSE
344,"B_smooth_logistic",0.75,1600,1600,TRUE,TRUE,1,TRUE,TRUE,TRUE,FALSE,FALSE
345,"B_smooth_logistic",0.75,1600,1600,TRUE,TRUE,0.651176470588235,TRUE,TRUE,TRUE,FALSE,FALSE
346,"B_smooth_logistic",0.75,1600,1600,TRUE,TRUE,0.812941176470588,TRUE,TRUE,TRUE,FALSE,FALSE
347,"B_smooth_logistic",0.75,1600,1600,TRUE,TRUE,0.660588235294118,TRUE,TRUE,TRUE,FALSE,FALSE
348,"B_smooth_logistic",0.75,1600,1600,TRUE,TRUE,1,TRUE,TRUE,TRUE,FALSE,FALSE
349,"B_smooth_logistic",0.75,1600,1600,TRUE,TRUE,0.795294117647059,TRUE,TRUE,TRUE,FALSE,FALSE
350,"B_smooth_logistic",0.75,1600,1600,TRUE,TRUE,0.961764705882353,TRUE,TRUE,TRUE,FALSE,FALSE
351,"B_smooth_logistic",0.75,1600,1600,TRUE,TRUE,0.925588235294118,TRUE,TRUE,TRUE,FALSE,FALSE
352,"B_smooth_logistic",0.75,1600,1600,TRUE,TRUE,0.658529411764706,TRUE,TRUE,TRUE,FALSE,FALSE
353,"B_smooth_logistic",0.75,2200,4000,TRUE,TRUE,0.883823529411765,TRUE,TRUE,TRUE,FALSE,FALSE
354,"B_smooth_logistic",0.75,1600,1600,TRUE,TRUE,1,TRUE,TRUE,TRUE,FALSE,FALSE
355,"B_smooth_logistic",0.75,1600,1600,TRUE,TRUE,0.951176470588235,TRUE,TRUE,TRUE,FALSE,FALSE
356,"B_smooth_logistic",0.75,1600,2200,TRUE,TRUE,0.78,TRUE,TRUE,TRUE,FALSE,FALSE
357,"B_smooth_logistic",0.75,1600,2200,TRUE,TRUE,1,TRUE,TRUE,TRUE,FALSE,FALSE
358,"B_smooth_logistic",0.75,1600,4000,TRUE,TRUE,1,TRUE,TRUE,TRUE,FALSE,FALSE
359,"B_smooth_logistic",0.75,1600,2200,TRUE,TRUE,1,TRUE,TRUE,TRUE,FALSE,FALSE
360,"B_smooth_logistic",0.75,1600,3400,TRUE,TRUE,0.578823529411765,TRUE,TRUE,TRUE,FALSE,FALSE
361,"B_smooth_logistic",0.75,1600,2200,TRUE,TRUE,0.912941176470588,TRUE,TRUE,TRUE,FALSE,FALSE
362,"B_smooth_logistic",0.75,1600,1600,TRUE,TRUE,0.959117647058824,TRUE,TRUE,TRUE,FALSE,FALSE
363,"B_smooth_logistic",0.75,1600,1600,TRUE,TRUE,0.615294117647059,TRUE,TRUE,TRUE,FALSE,FALSE
364,"B_smooth_logistic",0.75,1600,1600,TRUE,TRUE,1,TRUE,TRUE,TRUE,FALSE,FALSE
365,"B_smooth_logistic",0.75,1600,1600,TRUE,TRUE,0.812941176470588,TRUE,TRUE,TRUE,FALSE,FALSE
366,"B_smooth_logistic",0.75,1600,2200,TRUE,TRUE,0.649705882352941,TRUE,TRUE,TRUE,FALSE,FALSE
367,"B_smooth_logistic",0.75,1600,1600,TRUE,TRUE,1,TRUE,TRUE,TRUE,FALSE,FALSE
368,"B_smooth_logistic",0.75,1600,1600,TRUE,TRUE,0.596176470588235,TRUE,TRUE,TRUE,FALSE,FALSE
369,"B_smooth_logistic",0.75,1600,2200,TRUE,TRUE,0.821470588235294,TRUE,TRUE,TRUE,FALSE,FALSE
370,"B_smooth_logistic",0.75,2200,3400,TRUE,TRUE,1,TRUE,TRUE,TRUE,FALSE,FALSE
371,"B_smooth_logistic",0.75,2800,2800,TRUE,TRUE,0.511176470588235,TRUE,TRUE,TRUE,FALSE,FALSE
372,"B_smooth_logistic",0.75,2200,2800,TRUE,TRUE,1,TRUE,TRUE,TRUE,FALSE,FALSE
373,"B_smooth_logistic",0.75,1600,2200,TRUE,TRUE,0.916470588235294,TRUE,TRUE,TRUE,FALSE,FALSE
374,"B_smooth_logistic",0.75,1600,2800,TRUE,TRUE,1,TRUE,TRUE,TRUE,FALSE,FALSE
375,"B_smooth_logistic",0.75,1600,1600,TRUE,TRUE,0.772352941176471,TRUE,TRUE,TRUE,FALSE,FALSE
376,"B_smooth_logistic",0.75,1600,1600,TRUE,TRUE,0.582647058823529,TRUE,TRUE,TRUE,FALSE,FALSE
377,"B_smooth_logistic",0.75,1600,1600,TRUE,TRUE,0.868235294117647,TRUE,TRUE,TRUE,FALSE,FALSE
378,"B_smooth_logistic",0.75,1600,1600,TRUE,TRUE,0.673823529411765,TRUE,TRUE,TRUE,FALSE,FALSE
379,"B_smooth_logistic",0.75,1600,2200,TRUE,TRUE,1,TRUE,TRUE,TRUE,FALSE,FALSE
380,"B_smooth_logistic",0.75,1600,1600,TRUE,TRUE,0.68,TRUE,TRUE,TRUE,FALSE,FALSE
381,"B_smooth_logistic",0.75,1600,1600,TRUE,TRUE,1,TRUE,TRUE,TRUE,FALSE,FALSE
382,"B_smooth_logistic",0.75,1600,1600,TRUE,TRUE,0.722647058823529,TRUE,TRUE,TRUE,FALSE,FALSE
383,"B_smooth_logistic",0.75,1600,1600,TRUE,TRUE,0.933529411764706,TRUE,TRUE,TRUE,FALSE,FALSE
384,"B_smooth_logistic",0.75,1600,1600,TRUE,TRUE,1,TRUE,TRUE,TRUE,FALSE,FALSE
385,"B_smooth_logistic",0.75,2800,2800,TRUE,TRUE,0.701764705882353,TRUE,TRUE,TRUE,FALSE,FALSE
386,"B_smooth_logistic",0.75,1600,1600,TRUE,TRUE,0.879705882352941,TRUE,TRUE,TRUE,FALSE,FALSE
387,"B_smooth_logistic",0.75,1600,1600,TRUE,TRUE,0.997647058823529,TRUE,TRUE,TRUE,FALSE,FALSE
388,"B_smooth_logistic",0.75,1600,2200,TRUE,TRUE,0.57,TRUE,TRUE,TRUE,FALSE,FALSE
389,"B_smooth_logistic",0.75,1600,1600,TRUE,TRUE,1,TRUE,TRUE,TRUE,FALSE,FALSE
390,"B_smooth_logistic",0.75,1600,1600,TRUE,TRUE,0.845588235294118,TRUE,TRUE,TRUE,FALSE,FALSE
391,"B_smooth_logistic",0.75,1600,1600,TRUE,TRUE,0.926764705882353,TRUE,TRUE,TRUE,FALSE,FALSE
392,"B_smooth_logistic",0.75,1600,1600,TRUE,TRUE,0.509117647058824,TRUE,TRUE,TRUE,FALSE,FALSE
393,"B_smooth_logistic",0.75,1600,1600,TRUE,TRUE,1,TRUE,TRUE,TRUE,FALSE,FALSE
394,"B_smooth_logistic",0.75,2200,2800,TRUE,TRUE,0.848235294117647,TRUE,TRUE,TRUE,FALSE,FALSE
395,"B_smooth_logistic",0.75,1600,1600,TRUE,TRUE,0.802352941176471,TRUE,TRUE,TRUE,FALSE,FALSE
396,"B_smooth_logistic",0.75,1600,1600,TRUE,TRUE,1,TRUE,TRUE,TRUE,FALSE,FALSE
397,"B_smooth_logistic",0.75,1600,2800,TRUE,TRUE,1,TRUE,TRUE,TRUE,FALSE,FALSE
398,"B_smooth_logistic",0.75,1600,1600,TRUE,TRUE,1,TRUE,TRUE,TRUE,FALSE,FALSE
399,"B_smooth_logistic",0.75,1600,1600,TRUE,TRUE,0.811470588235294,TRUE,TRUE,TRUE,FALSE,FALSE
400,"B_smooth_logistic",0.75,1600,1600,TRUE,TRUE,0.821470588235294,TRUE,TRUE,TRUE,FALSE,FALSE
401,"B_smooth_logistic",0.75,1600,1600,TRUE,TRUE,1,TRUE,TRUE,TRUE,FALSE,FALSE
402,"B_smooth_logistic",0.75,1600,1600,TRUE,TRUE,1,TRUE,TRUE,TRUE,FALSE,FALSE
403,"B_smooth_logistic",0.75,1600,2200,TRUE,TRUE,0.829705882352941,TRUE,TRUE,TRUE,FALSE,FALSE
404,"B_smooth_logistic",0.75,1600,1600,TRUE,TRUE,1,TRUE,TRUE,TRUE,FALSE,FALSE
405,"B_smooth_logistic",0.75,1600,1600,TRUE,TRUE,1,TRUE,TRUE,TRUE,FALSE,FALSE
406,"B_smooth_logistic",0.75,1600,1600,TRUE,TRUE,1,TRUE,TRUE,TRUE,FALSE,FALSE
407,"B_smooth_logistic",0.75,1600,1600,TRUE,TRUE,1,TRUE,TRUE,TRUE,FALSE,FALSE
408,"B_smooth_logistic",0.75,1600,2800,TRUE,TRUE,1,TRUE,TRUE,TRUE,FALSE,FALSE
409,"B_smooth_logistic",0.75,1600,1600,TRUE,TRUE,0.692058823529412,TRUE,TRUE,TRUE,FALSE,FALSE
410,"B_smooth_logistic",0.75,1600,1600,TRUE,TRUE,0.618235294117647,TRUE,TRUE,TRUE,FALSE,FALSE
411,"B_smooth_logistic",0.75,1600,2200,TRUE,TRUE,0.557647058823529,TRUE,TRUE,TRUE,FALSE,FALSE
412,"B_smooth_logistic",0.75,1600,1600,TRUE,TRUE,0.812058823529412,TRUE,TRUE,TRUE,FALSE,FALSE
413,"B_smooth_logistic",0.75,1600,1600,TRUE,TRUE,1,TRUE,TRUE,TRUE,FALSE,FALSE
414,"B_smooth_logistic",0.75,1600,1600,TRUE,TRUE,0.851176470588235,TRUE,TRUE,TRUE,FALSE,FALSE
415,"B_smooth_logistic",0.75,1600,1600,TRUE,TRUE,0.859411764705882,TRUE,TRUE,TRUE,FALSE,FALSE
416,"B_smooth_logistic",0.75,1600,1600,TRUE,TRUE,0.900882352941176,TRUE,TRUE,TRUE,FALSE,FALSE
417,"B_smooth_logistic",0.75,1600,1600,TRUE,TRUE,1,TRUE,TRUE,TRUE,FALSE,FALSE
418,"B_smooth_logistic",0.75,1600,1600,TRUE,TRUE,0.577647058823529,TRUE,TRUE,TRUE,FALSE,FALSE
419,"B_smooth_logistic",0.75,1600,2200,TRUE,TRUE,1,TRUE,TRUE,TRUE,FALSE,FALSE
420,"B_smooth_logistic",0.75,1600,1600,TRUE,TRUE,0.832058823529412,TRUE,TRUE,TRUE,FALSE,FALSE
421,"B_smooth_logistic",0.75,1600,1600,TRUE,TRUE,0.910294117647059,TRUE,TRUE,TRUE,FALSE,FALSE
422,"B_smooth_logistic",0.75,1600,1600,TRUE,TRUE,0.751176470588235,TRUE,TRUE,TRUE,FALSE,FALSE
423,"B_smooth_logistic",0.75,1600,1600,TRUE,TRUE,1,TRUE,TRUE,TRUE,FALSE,FALSE
424,"B_smooth_logistic",0.75,3400,3400,TRUE,TRUE,0.627941176470588,TRUE,TRUE,TRUE,FALSE,FALSE
425,"B_smooth_logistic",0.75,2800,3400,TRUE,TRUE,0.544117647058823,TRUE,TRUE,TRUE,FALSE,FALSE
426,"B_smooth_logistic",0.75,1600,1600,TRUE,TRUE,0.944117647058824,TRUE,TRUE,TRUE,FALSE,FALSE
427,"B_smooth_logistic",0.75,1600,1600,TRUE,TRUE,1,TRUE,TRUE,TRUE,FALSE,FALSE
428,"B_smooth_logistic",0.75,1600,1600,TRUE,TRUE,0.640294117647059,TRUE,TRUE,TRUE,FALSE,FALSE
429,"B_smooth_logistic",0.75,1600,1600,TRUE,TRUE,0.883235294117647,TRUE,TRUE,TRUE,FALSE,FALSE
430,"B_smooth_logistic",0.75,1600,1600,TRUE,TRUE,0.709705882352941,TRUE,TRUE,TRUE,FALSE,FALSE
431,"B_smooth_logistic",0.75,1600,1600,TRUE,TRUE,0.588823529411765,TRUE,TRUE,TRUE,FALSE,FALSE
432,"B_smooth_logistic",0.75,1600,1600,TRUE,TRUE,1,TRUE,TRUE,TRUE,FALSE,FALSE
433,"B_smooth_logistic",0.75,1600,1600,TRUE,TRUE,0.924117647058823,TRUE,TRUE,TRUE,FALSE,FALSE
434,"B_smooth_logistic",0.75,1600,1600,TRUE,TRUE,0.669411764705882,TRUE,TRUE,TRUE,FALSE,FALSE
435,"B_smooth_logistic",0.75,1600,1600,TRUE,TRUE,1,TRUE,TRUE,TRUE,FALSE,FALSE
436,"B_smooth_logistic",0.75,1600,1600,TRUE,TRUE,0.835882352941177,TRUE,TRUE,TRUE,FALSE,FALSE
437,"B_smooth_logistic",0.75,1600,1600,TRUE,TRUE,1,TRUE,TRUE,TRUE,FALSE,FALSE
438,"B_smooth_logistic",0.75,1600,1600,TRUE,TRUE,0.850882352941176,TRUE,TRUE,TRUE,FALSE,FALSE
439,"B_smooth_logistic",0.75,1600,1600,TRUE,TRUE,0.746764705882353,TRUE,TRUE,TRUE,FALSE,FALSE
440,"B_smooth_logistic",0.75,1600,1600,TRUE,TRUE,1,TRUE,TRUE,TRUE,FALSE,FALSE
441,"B_smooth_logistic",0.75,1600,1600,TRUE,TRUE,0.699117647058824,TRUE,TRUE,TRUE,FALSE,FALSE
442,"B_smooth_logistic",0.75,1600,1600,TRUE,TRUE,1,TRUE,TRUE,TRUE,FALSE,FALSE
443,"B_smooth_logistic",0.75,1600,1600,TRUE,TRUE,1,TRUE,TRUE,TRUE,FALSE,FALSE
444,"B_smooth_logistic",0.75,1600,2200,TRUE,TRUE,0.707647058823529,TRUE,TRUE,TRUE,FALSE,FALSE
445,"B_smooth_logistic",0.75,1600,1600,TRUE,TRUE,1,TRUE,TRUE,TRUE,FALSE,FALSE
446,"B_smooth_logistic",0.75,1600,2200,TRUE,TRUE,0.950588235294118,TRUE,TRUE,TRUE,FALSE,FALSE
447,"B_smooth_logistic",0.75,1600,1600,TRUE,TRUE,0.748823529411765,TRUE,TRUE,TRUE,FALSE,FALSE
448,"B_smooth_logistic",0.75,1600,1600,TRUE,TRUE,0.781176470588235,TRUE,TRUE,TRUE,FALSE,FALSE
449,"B_smooth_logistic",0.75,1600,3400,TRUE,TRUE,1,TRUE,TRUE,TRUE,FALSE,FALSE
450,"B_smooth_logistic",0.75,1600,1600,TRUE,TRUE,1,TRUE,TRUE,TRUE,FALSE,FALSE
451,"B_smooth_logistic",0.75,1600,1600,TRUE,TRUE,0.739411764705882,TRUE,TRUE,TRUE,FALSE,FALSE
452,"B_smooth_logistic",0.75,1600,1600,TRUE,TRUE,0.811764705882353,TRUE,TRUE,TRUE,FALSE,FALSE
453,"B_smooth_logistic",0.75,1600,1600,TRUE,TRUE,0.832941176470588,TRUE,TRUE,TRUE,FALSE,FALSE
454,"B_smooth_logistic",0.75,1600,1600,TRUE,TRUE,0.837352941176471,TRUE,TRUE,TRUE,FALSE,FALSE
455,"B_smooth_logistic",0.75,1600,2800,TRUE,TRUE,1,TRUE,TRUE,TRUE,FALSE,FALSE
456,"B_smooth_logistic",0.75,1600,1600,TRUE,TRUE,0.822058823529412,TRUE,TRUE,TRUE,FALSE,FALSE
457,"B_smooth_logistic",0.75,1600,1600,TRUE,TRUE,0.816470588235294,TRUE,TRUE,TRUE,FALSE,FALSE
458,"B_smooth_logistic",0.75,2200,2800,TRUE,TRUE,1,TRUE,TRUE,TRUE,FALSE,FALSE
459,"B_smooth_logistic",0.75,1600,1600,TRUE,TRUE,0.636764705882353,TRUE,TRUE,TRUE,FALSE,FALSE
460,"B_smooth_logistic",0.75,1600,1600,TRUE,TRUE,1,TRUE,TRUE,TRUE,FALSE,FALSE
461,"B_smooth_logistic",0.75,1600,1600,TRUE,TRUE,0.591470588235294,TRUE,TRUE,TRUE,FALSE,FALSE
462,"B_smooth_logistic",0.75,1600,2200,TRUE,TRUE,0.795882352941176,TRUE,TRUE,TRUE,FALSE,FALSE
463,"B_smooth_logistic",0.75,1600,1600,TRUE,TRUE,0.927647058823529,TRUE,TRUE,TRUE,FALSE,FALSE
464,"B_smooth_logistic",0.75,2800,3400,TRUE,TRUE,1,TRUE,TRUE,TRUE,FALSE,FALSE
465,"B_smooth_logistic",0.75,1600,1600,TRUE,TRUE,0.869117647058824,TRUE,TRUE,TRUE,FALSE,FALSE
466,"B_smooth_logistic",0.75,NA,NA,FALSE,FALSE,0.449705882352941,FALSE,TRUE,TRUE,FALSE,FALSE
467,"B_smooth_logistic",0.75,1600,2200,TRUE,TRUE,1,TRUE,TRUE,TRUE,FALSE,FALSE
468,"B_smooth_logistic",0.75,1600,1600,TRUE,TRUE,1,TRUE,TRUE,TRUE,FALSE,FALSE
469,"B_smooth_logistic",0.75,1600,1600,TRUE,TRUE,0.993529411764706,TRUE,TRUE,TRUE,FALSE,FALSE
470,"B_smooth_logistic",0.75,1600,1600,TRUE,TRUE,0.575882352941177,TRUE,TRUE,TRUE,FALSE,FALSE
471,"B_smooth_logistic",0.75,2200,2800,TRUE,TRUE,1,TRUE,TRUE,TRUE,FALSE,FALSE
472,"B_smooth_logistic",0.75,2200,2800,TRUE,TRUE,0.712941176470588,TRUE,TRUE,TRUE,FALSE,FALSE
473,"B_smooth_logistic",0.75,1600,2200,TRUE,TRUE,0.915,TRUE,TRUE,TRUE,FALSE,FALSE
474,"B_smooth_logistic",0.75,1600,1600,TRUE,TRUE,0.549705882352941,TRUE,TRUE,TRUE,FALSE,FALSE
475,"B_smooth_logistic",0.75,1600,1600,TRUE,TRUE,1,TRUE,TRUE,TRUE,FALSE,FALSE
476,"B_smooth_logistic",0.75,1600,1600,TRUE,TRUE,1,TRUE,TRUE,TRUE,FALSE,FALSE
477,"B_smooth_logistic",0.75,1600,1600,TRUE,TRUE,0.775882352941176,TRUE,TRUE,TRUE,FALSE,FALSE
478,"B_smooth_logistic",0.75,NA,NA,FALSE,FALSE,0.451764705882353,FALSE,TRUE,TRUE,FALSE,FALSE
479,"B_smooth_logistic",0.75,1600,2200,TRUE,TRUE,1,TRUE,TRUE,TRUE,FALSE,FALSE
480,"B_smooth_logistic",0.75,1600,2200,TRUE,TRUE,0.698235294117647,TRUE,TRUE,TRUE,FALSE,FALSE
481,"B_smooth_logistic",0.75,1600,1600,TRUE,TRUE,1,TRUE,TRUE,TRUE,FALSE,FALSE
482,"B_smooth_logistic",0.75,1600,2200,TRUE,TRUE,0.941176470588235,TRUE,TRUE,TRUE,FALSE,FALSE
483,"B_smooth_logistic",0.75,1600,1600,TRUE,TRUE,0.667352941176471,TRUE,TRUE,TRUE,FALSE,FALSE
484,"B_smooth_logistic",0.75,1600,1600,TRUE,TRUE,1,TRUE,TRUE,TRUE,FALSE,FALSE
485,"B_smooth_logistic",0.75,1600,2200,TRUE,TRUE,0.636176470588235,TRUE,TRUE,TRUE,FALSE,FALSE
486,"B_smooth_logistic",0.75,1600,1600,TRUE,TRUE,0.739411764705882,TRUE,TRUE,TRUE,FALSE,FALSE
487,"B_smooth_logistic",0.75,1600,1600,TRUE,TRUE,0.722647058823529,TRUE,TRUE,TRUE,FALSE,FALSE
488,"B_smooth_logistic",0.75,1600,1600,TRUE,TRUE,1,TRUE,TRUE,TRUE,FALSE,FALSE
489,"B_smooth_logistic",0.75,1600,1600,TRUE,TRUE,0.740294117647059,TRUE,TRUE,TRUE,FALSE,FALSE
490,"B_smooth_logistic",0.75,1600,1600,TRUE,TRUE,0.803823529411765,TRUE,TRUE,TRUE,FALSE,FALSE
491,"B_smooth_logistic",0.75,1600,1600,TRUE,TRUE,1,TRUE,TRUE,TRUE,FALSE,FALSE
492,"B_smooth_logistic",0.75,1600,1600,TRUE,TRUE,0.542058823529412,TRUE,TRUE,TRUE,FALSE,FALSE
493,"B_smooth_logistic",0.75,1600,1600,TRUE,TRUE,1,TRUE,TRUE,TRUE,FALSE,FALSE
494,"B_smooth_logistic",0.75,1600,1600,TRUE,TRUE,0.662647058823529,TRUE,TRUE,TRUE,FALSE,FALSE
495,"B_smooth_logistic",0.75,1600,1600,TRUE,TRUE,1,TRUE,TRUE,TRUE,FALSE,FALSE
496,"B_smooth_logistic",0.75,1600,1600,TRUE,TRUE,1,TRUE,TRUE,TRUE,FALSE,FALSE
497,"B_smooth_logistic",0.75,1600,1600,TRUE,TRUE,0.965,TRUE,TRUE,TRUE,FALSE,FALSE
498,"B_smooth_logistic",0.75,1600,1600,TRUE,TRUE,1,TRUE,TRUE,TRUE,FALSE,FALSE
499,"B_smooth_logistic",0.75,1600,2200,TRUE,TRUE,0.643823529411765,TRUE,TRUE,TRUE,FALSE,FALSE
500,"B_smooth_logistic",0.75,1600,1600,TRUE,TRUE,0.686470588235294,TRUE,TRUE,TRUE,FALSE,FALSE
1,"A_threshold",0.8,1600,1600,TRUE,TRUE,0.222058823529412,FALSE,FALSE,FALSE,TRUE,TRUE
2,"A_threshold",0.8,NA,NA,FALSE,FALSE,0.133235294117647,FALSE,TRUE,TRUE,FALSE,FALSE
3,"A_threshold",0.8,1600,1600,TRUE,TRUE,0.356470588235294,FALSE,FALSE,FALSE,TRUE,TRUE
4,"A_threshold",0.8,NA,NA,FALSE,FALSE,0.0773529411764706,FALSE,TRUE,TRUE,FALSE,FALSE
5,"A_threshold",0.8,NA,NA,FALSE,FALSE,0,FALSE,TRUE,TRUE,FALSE,FALSE
6,"A_threshold",0.8,2200,NA,TRUE,FALSE,0.582058823529412,TRUE,TRUE,FALSE,FALSE,FALSE
7,"A_threshold",0.8,1600,1600,TRUE,TRUE,0.398235294117647,FALSE,FALSE,FALSE,TRUE,TRUE
8,"A_threshold",0.8,NA,NA,FALSE,FALSE,0.00176470588235294,FALSE,TRUE,TRUE,FALSE,FALSE
9,"A_threshold",0.8,NA,NA,FALSE,FALSE,0.118235294117647,FALSE,TRUE,TRUE,FALSE,FALSE
10,"A_threshold",0.8,2200,NA,TRUE,FALSE,0.302352941176471,FALSE,FALSE,TRUE,TRUE,FALSE
11,"A_threshold",0.8,2800,3400,TRUE,TRUE,0.569411764705882,TRUE,TRUE,TRUE,FALSE,FALSE
12,"A_threshold",0.8,NA,NA,FALSE,FALSE,0,FALSE,TRUE,TRUE,FALSE,FALSE
13,"A_threshold",0.8,NA,NA,FALSE,FALSE,0.173235294117647,FALSE,TRUE,TRUE,FALSE,FALSE
14,"A_threshold",0.8,NA,NA,FALSE,FALSE,0.0535294117647059,FALSE,TRUE,TRUE,FALSE,FALSE
15,"A_threshold",0.8,NA,NA,FALSE,FALSE,0.00117647058823529,FALSE,TRUE,TRUE,FALSE,FALSE
16,"A_threshold",0.8,NA,NA,FALSE,FALSE,0.08,FALSE,TRUE,TRUE,FALSE,FALSE
17,"A_threshold",0.8,NA,NA,FALSE,FALSE,0.286764705882353,FALSE,TRUE,TRUE,FALSE,FALSE
18,"A_threshold",0.8,4000,4000,TRUE,TRUE,0.543823529411765,TRUE,TRUE,TRUE,FALSE,FALSE
19,"A_threshold",0.8,NA,NA,FALSE,FALSE,0.0367647058823529,FALSE,TRUE,TRUE,FALSE,FALSE
20,"A_threshold",0.8,1600,NA,TRUE,FALSE,0.294705882352941,FALSE,FALSE,TRUE,TRUE,FALSE
21,"A_threshold",0.8,NA,NA,FALSE,FALSE,0.113235294117647,FALSE,TRUE,TRUE,FALSE,FALSE
22,"A_threshold",0.8,NA,NA,FALSE,FALSE,0.0288235294117647,FALSE,TRUE,TRUE,FALSE,FALSE
23,"A_threshold",0.8,NA,NA,FALSE,FALSE,0,FALSE,TRUE,TRUE,FALSE,FALSE
24,"A_threshold",0.8,NA,NA,FALSE,FALSE,0.152058823529412,FALSE,TRUE,TRUE,FALSE,FALSE
25,"A_threshold",0.8,2800,NA,TRUE,FALSE,0.357941176470588,FALSE,FALSE,TRUE,TRUE,FALSE
26,"A_threshold",0.8,1600,2200,TRUE,TRUE,0.332352941176471,FALSE,FALSE,FALSE,TRUE,TRUE
27,"A_threshold",0.8,1600,1600,TRUE,TRUE,0.223235294117647,FALSE,FALSE,FALSE,TRUE,TRUE
28,"A_threshold",0.8,NA,NA,FALSE,FALSE,0.0847058823529412,FALSE,TRUE,TRUE,FALSE,FALSE
29,"A_threshold",0.8,NA,NA,FALSE,FALSE,0.238529411764706,FALSE,TRUE,TRUE,FALSE,FALSE
30,"A_threshold",0.8,NA,NA,FALSE,FALSE,0.0814705882352941,FALSE,TRUE,TRUE,FALSE,FALSE
31,"A_threshold",0.8,NA,NA,FALSE,FALSE,0.0723529411764706,FALSE,TRUE,TRUE,FALSE,FALSE
32,"A_threshold",0.8,NA,NA,FALSE,FALSE,0.0214705882352941,FALSE,TRUE,TRUE,FALSE,FALSE
33,"A_threshold",0.8,1600,NA,TRUE,FALSE,0.00264705882352941,FALSE,FALSE,TRUE,TRUE,FALSE
34,"A_threshold",0.8,NA,NA,FALSE,FALSE,0.423529411764706,FALSE,TRUE,TRUE,FALSE,FALSE
35,"A_threshold",0.8,1600,1600,TRUE,TRUE,0.588823529411765,TRUE,TRUE,TRUE,FALSE,FALSE
36,"A_threshold",0.8,NA,NA,FALSE,FALSE,0.286176470588235,FALSE,TRUE,TRUE,FALSE,FALSE
37,"A_threshold",0.8,NA,NA,FALSE,FALSE,0.0158823529411765,FALSE,TRUE,TRUE,FALSE,FALSE
38,"A_threshold",0.8,NA,NA,FALSE,FALSE,0.190294117647059,FALSE,TRUE,TRUE,FALSE,FALSE
39,"A_threshold",0.8,1600,NA,TRUE,FALSE,0.0870588235294118,FALSE,FALSE,TRUE,TRUE,FALSE
40,"A_threshold",0.8,NA,NA,FALSE,FALSE,0.0691176470588235,FALSE,TRUE,TRUE,FALSE,FALSE
41,"A_threshold",0.8,1600,1600,TRUE,TRUE,0.412058823529412,FALSE,FALSE,FALSE,TRUE,TRUE
42,"A_threshold",0.8,NA,NA,FALSE,FALSE,0.0255882352941176,FALSE,TRUE,TRUE,FALSE,FALSE
43,"A_threshold",0.8,NA,NA,FALSE,FALSE,0.113235294117647,FALSE,TRUE,TRUE,FALSE,FALSE
44,"A_threshold",0.8,1600,1600,TRUE,TRUE,0.732352941176471,TRUE,TRUE,TRUE,FALSE,FALSE
45,"A_threshold",0.8,2800,3400,TRUE,TRUE,0.434705882352941,FALSE,FALSE,FALSE,TRUE,TRUE
46,"A_threshold",0.8,NA,NA,FALSE,FALSE,0.279705882352941,FALSE,TRUE,TRUE,FALSE,FALSE
47,"A_threshold",0.8,1600,1600,TRUE,TRUE,0.570294117647059,TRUE,TRUE,TRUE,FALSE,FALSE
48,"A_threshold",0.8,1600,2200,TRUE,TRUE,0.563823529411765,TRUE,TRUE,TRUE,FALSE,FALSE
49,"A_threshold",0.8,NA,NA,FALSE,FALSE,0.167058823529412,FALSE,TRUE,TRUE,FALSE,FALSE
50,"A_threshold",0.8,1600,4000,TRUE,TRUE,0.619411764705882,TRUE,TRUE,TRUE,FALSE,FALSE
51,"A_threshold",0.8,NA,NA,FALSE,FALSE,0.395882352941176,FALSE,TRUE,TRUE,FALSE,FALSE
52,"A_threshold",0.8,NA,NA,FALSE,FALSE,0.302941176470588,FALSE,TRUE,TRUE,FALSE,FALSE
53,"A_threshold",0.8,NA,NA,FALSE,FALSE,0.39,FALSE,TRUE,TRUE,FALSE,FALSE
54,"A_threshold",0.8,NA,NA,FALSE,FALSE,0.075,FALSE,TRUE,TRUE,FALSE,FALSE
55,"A_threshold",0.8,NA,NA,FALSE,FALSE,0.337647058823529,FALSE,TRUE,TRUE,FALSE,FALSE
56,"A_threshold",0.8,NA,NA,FALSE,FALSE,0.447647058823529,FALSE,TRUE,TRUE,FALSE,FALSE
57,"A_threshold",0.8,NA,NA,FALSE,FALSE,0.135882352941176,FALSE,TRUE,TRUE,FALSE,FALSE
58,"A_threshold",0.8,NA,NA,FALSE,FALSE,0.265,FALSE,TRUE,TRUE,FALSE,FALSE
59,"A_threshold",0.8,NA,NA,FALSE,FALSE,0.0117647058823529,FALSE,TRUE,TRUE,FALSE,FALSE
60,"A_threshold",0.8,NA,NA,FALSE,FALSE,0.327647058823529,FALSE,TRUE,TRUE,FALSE,FALSE
61,"A_threshold",0.8,NA,NA,FALSE,FALSE,0,FALSE,TRUE,TRUE,FALSE,FALSE
62,"A_threshold",0.8,NA,NA,FALSE,FALSE,0.400294117647059,FALSE,TRUE,TRUE,FALSE,FALSE
63,"A_threshold",0.8,1600,2200,TRUE,TRUE,0.447647058823529,FALSE,FALSE,FALSE,TRUE,TRUE
64,"A_threshold",0.8,1600,NA,TRUE,FALSE,0.111764705882353,FALSE,FALSE,TRUE,TRUE,FALSE
65,"A_threshold",0.8,3400,NA,TRUE,FALSE,0.468823529411765,FALSE,FALSE,TRUE,TRUE,FALSE
66,"A_threshold",0.8,NA,NA,FALSE,FALSE,0.149117647058824,FALSE,TRUE,TRUE,FALSE,FALSE
67,"A_threshold",0.8,1600,1600,TRUE,TRUE,0.377352941176471,FALSE,FALSE,FALSE,TRUE,TRUE
68,"A_threshold",0.8,1600,2200,TRUE,TRUE,0.992941176470588,TRUE,TRUE,TRUE,FALSE,FALSE
69,"A_threshold",0.8,2200,NA,TRUE,FALSE,0,FALSE,FALSE,TRUE,TRUE,FALSE
70,"A_threshold",0.8,1600,1600,TRUE,TRUE,0.409411764705882,FALSE,FALSE,FALSE,TRUE,TRUE
71,"A_threshold",0.8,1600,1600,TRUE,TRUE,0.114705882352941,FALSE,FALSE,FALSE,TRUE,TRUE
72,"A_threshold",0.8,NA,NA,FALSE,FALSE,0.305882352941176,FALSE,TRUE,TRUE,FALSE,FALSE
73,"A_threshold",0.8,NA,NA,FALSE,FALSE,0.459117647058824,FALSE,TRUE,TRUE,FALSE,FALSE
74,"A_threshold",0.8,1600,3400,TRUE,TRUE,0.420588235294118,FALSE,FALSE,FALSE,TRUE,TRUE
75,"A_threshold",0.8,NA,NA,FALSE,FALSE,0.0376470588235294,FALSE,TRUE,TRUE,FALSE,FALSE
76,"A_threshold",0.8,NA,NA,FALSE,FALSE,0.283235294117647,FALSE,TRUE,TRUE,FALSE,FALSE
77,"A_threshold",0.8,1600,2200,TRUE,TRUE,1,TRUE,TRUE,TRUE,FALSE,FALSE
78,"A_threshold",0.8,NA,NA,FALSE,FALSE,0.0126470588235294,FALSE,TRUE,TRUE,FALSE,FALSE
79,"A_threshold",0.8,1600,1600,TRUE,TRUE,0.262941176470588,FALSE,FALSE,FALSE,TRUE,TRUE
80,"A_threshold",0.8,1600,NA,TRUE,FALSE,0.389117647058824,FALSE,FALSE,TRUE,TRUE,FALSE
81,"A_threshold",0.8,NA,NA,FALSE,FALSE,0,FALSE,TRUE,TRUE,FALSE,FALSE
82,"A_threshold",0.8,1600,1600,TRUE,TRUE,0.877352941176471,TRUE,TRUE,TRUE,FALSE,FALSE
83,"A_threshold",0.8,NA,NA,FALSE,FALSE,0.397352941176471,FALSE,TRUE,TRUE,FALSE,FALSE
84,"A_threshold",0.8,2200,2200,TRUE,TRUE,0.606470588235294,TRUE,TRUE,TRUE,FALSE,FALSE
85,"A_threshold",0.8,NA,NA,FALSE,FALSE,0,FALSE,TRUE,TRUE,FALSE,FALSE
86,"A_threshold",0.8,NA,NA,FALSE,FALSE,0.321470588235294,FALSE,TRUE,TRUE,FALSE,FALSE
87,"A_threshold",0.8,2200,2800,TRUE,TRUE,0.112058823529412,FALSE,FALSE,FALSE,TRUE,TRUE
88,"A_threshold",0.8,NA,NA,FALSE,FALSE,0.268529411764706,FALSE,TRUE,TRUE,FALSE,FALSE
89,"A_threshold",0.8,NA,NA,FALSE,FALSE,0.248823529411765,FALSE,TRUE,TRUE,FALSE,FALSE
90,"A_threshold",0.8,1600,2200,TRUE,TRUE,0.532058823529412,TRUE,TRUE,TRUE,FALSE,FALSE
91,"A_threshold",0.8,NA,NA,FALSE,FALSE,0.134117647058824,FALSE,TRUE,TRUE,FALSE,FALSE
92,"A_threshold",0.8,NA,NA,FALSE,FALSE,0.189705882352941,FALSE,TRUE,TRUE,FALSE,FALSE
93,"A_threshold",0.8,NA,NA,FALSE,FALSE,0.295588235294118,FALSE,TRUE,TRUE,FALSE,FALSE
94,"A_threshold",0.8,NA,NA,FALSE,FALSE,0.442352941176471,FALSE,TRUE,TRUE,FALSE,FALSE
95,"A_threshold",0.8,1600,1600,TRUE,TRUE,0.508235294117647,TRUE,TRUE,TRUE,FALSE,FALSE
96,"A_threshold",0.8,NA,NA,FALSE,FALSE,0.192352941176471,FALSE,TRUE,TRUE,FALSE,FALSE
97,"A_threshold",0.8,NA,NA,FALSE,FALSE,0.253823529411765,FALSE,TRUE,TRUE,FALSE,FALSE
98,"A_threshold",0.8,NA,NA,FALSE,FALSE,0.326176470588235,FALSE,TRUE,TRUE,FALSE,FALSE
99,"A_threshold",0.8,NA,NA,FALSE,FALSE,0,FALSE,TRUE,TRUE,FALSE,FALSE
100,"A_threshold",0.8,NA,NA,FALSE,FALSE,0,FALSE,TRUE,TRUE,FALSE,FALSE
101,"A_threshold",0.8,1600,1600,TRUE,TRUE,0.751176470588235,TRUE,TRUE,TRUE,FALSE,FALSE
102,"A_threshold",0.8,2200,NA,TRUE,FALSE,0.452352941176471,FALSE,FALSE,TRUE,TRUE,FALSE
103,"A_threshold",0.8,NA,NA,FALSE,FALSE,0.344411764705882,FALSE,TRUE,TRUE,FALSE,FALSE
104,"A_threshold",0.8,NA,NA,FALSE,FALSE,0,FALSE,TRUE,TRUE,FALSE,FALSE
105,"A_threshold",0.8,1600,4000,TRUE,TRUE,0.611470588235294,TRUE,TRUE,TRUE,FALSE,FALSE
106,"A_threshold",0.8,2200,2200,TRUE,TRUE,0.569117647058824,TRUE,TRUE,TRUE,FALSE,FALSE
107,"A_threshold",0.8,1600,1600,TRUE,TRUE,0.610588235294118,TRUE,TRUE,TRUE,FALSE,FALSE
108,"A_threshold",0.8,NA,NA,FALSE,FALSE,0.288529411764706,FALSE,TRUE,TRUE,FALSE,FALSE
109,"A_threshold",0.8,1600,1600,TRUE,TRUE,0.562647058823529,TRUE,TRUE,TRUE,FALSE,FALSE
110,"A_threshold",0.8,NA,NA,FALSE,FALSE,0.313823529411765,FALSE,TRUE,TRUE,FALSE,FALSE
111,"A_threshold",0.8,NA,NA,FALSE,FALSE,0,FALSE,TRUE,TRUE,FALSE,FALSE
112,"A_threshold",0.8,2800,4000,TRUE,TRUE,0.946176470588235,TRUE,TRUE,TRUE,FALSE,FALSE
113,"A_threshold",0.8,NA,NA,FALSE,FALSE,0.312058823529412,FALSE,TRUE,TRUE,FALSE,FALSE
114,"A_threshold",0.8,1600,1600,TRUE,TRUE,0.474705882352941,FALSE,FALSE,FALSE,TRUE,TRUE
115,"A_threshold",0.8,NA,NA,FALSE,FALSE,0.00617647058823529,FALSE,TRUE,TRUE,FALSE,FALSE
116,"A_threshold",0.8,NA,NA,FALSE,FALSE,0.268529411764706,FALSE,TRUE,TRUE,FALSE,FALSE
117,"A_threshold",0.8,NA,NA,FALSE,FALSE,0.0644117647058823,FALSE,TRUE,TRUE,FALSE,FALSE
118,"A_threshold",0.8,NA,NA,FALSE,FALSE,0.327352941176471,FALSE,TRUE,TRUE,FALSE,FALSE
119,"A_threshold",0.8,NA,NA,FALSE,FALSE,0,FALSE,TRUE,TRUE,FALSE,FALSE
120,"A_threshold",0.8,NA,NA,FALSE,FALSE,0.325294117647059,FALSE,TRUE,TRUE,FALSE,FALSE
121,"A_threshold",0.8,NA,NA,FALSE,FALSE,0.262647058823529,FALSE,TRUE,TRUE,FALSE,FALSE
122,"A_threshold",0.8,1600,2200,TRUE,TRUE,0.606764705882353,TRUE,TRUE,TRUE,FALSE,FALSE
123,"A_threshold",0.8,NA,NA,FALSE,FALSE,0,FALSE,TRUE,TRUE,FALSE,FALSE
124,"A_threshold",0.8,1600,1600,TRUE,TRUE,0.140588235294118,FALSE,FALSE,FALSE,TRUE,TRUE
125,"A_threshold",0.8,NA,NA,FALSE,FALSE,0.313823529411765,FALSE,TRUE,TRUE,FALSE,FALSE
126,"A_threshold",0.8,NA,NA,FALSE,FALSE,0.238823529411765,FALSE,TRUE,TRUE,FALSE,FALSE
127,"A_threshold",0.8,1600,NA,TRUE,FALSE,0.242941176470588,FALSE,FALSE,TRUE,TRUE,FALSE
128,"A_threshold",0.8,1600,2200,TRUE,TRUE,0.677058823529412,TRUE,TRUE,TRUE,FALSE,FALSE
129,"A_threshold",0.8,NA,NA,FALSE,FALSE,0.168235294117647,FALSE,TRUE,TRUE,FALSE,FALSE
130,"A_threshold",0.8,1600,1600,TRUE,TRUE,0.314411764705882,FALSE,FALSE,FALSE,TRUE,TRUE
131,"A_threshold",0.8,NA,NA,FALSE,FALSE,0.213529411764706,FALSE,TRUE,TRUE,FALSE,FALSE
132,"A_threshold",0.8,1600,1600,TRUE,TRUE,0.690882352941177,TRUE,TRUE,TRUE,FALSE,FALSE
133,"A_threshold",0.8,3400,4000,TRUE,TRUE,0.625882352941176,TRUE,TRUE,TRUE,FALSE,FALSE
134,"A_threshold",0.8,1600,1600,TRUE,TRUE,0.350294117647059,FALSE,FALSE,FALSE,TRUE,TRUE
135,"A_threshold",0.8,1600,1600,TRUE,TRUE,0.612352941176471,TRUE,TRUE,TRUE,FALSE,FALSE
136,"A_threshold",0.8,NA,NA,FALSE,FALSE,0.0676470588235294,FALSE,TRUE,TRUE,FALSE,FALSE
137,"A_threshold",0.8,4000,4000,TRUE,TRUE,0.516764705882353,TRUE,TRUE,TRUE,FALSE,FALSE
138,"A_threshold",0.8,1600,NA,TRUE,FALSE,0.145,FALSE,FALSE,TRUE,TRUE,FALSE
139,"A_threshold",0.8,NA,NA,FALSE,FALSE,0.215294117647059,FALSE,TRUE,TRUE,FALSE,FALSE
140,"A_threshold",0.8,NA,NA,FALSE,FALSE,0.381764705882353,FALSE,TRUE,TRUE,FALSE,FALSE
141,"A_threshold",0.8,2200,2800,TRUE,TRUE,0.535,TRUE,TRUE,TRUE,FALSE,FALSE
142,"A_threshold",0.8,NA,NA,FALSE,FALSE,0,FALSE,TRUE,TRUE,FALSE,FALSE
143,"A_threshold",0.8,NA,NA,FALSE,FALSE,0.207941176470588,FALSE,TRUE,TRUE,FALSE,FALSE
144,"A_threshold",0.8,1600,1600,TRUE,TRUE,0.543235294117647,TRUE,TRUE,TRUE,FALSE,FALSE
145,"A_threshold",0.8,NA,NA,FALSE,FALSE,0.167941176470588,FALSE,TRUE,TRUE,FALSE,FALSE
146,"A_threshold",0.8,NA,NA,FALSE,FALSE,0.203529411764706,FALSE,TRUE,TRUE,FALSE,FALSE
147,"A_threshold",0.8,NA,NA,FALSE,FALSE,0.159411764705882,FALSE,TRUE,TRUE,FALSE,FALSE
148,"A_threshold",0.8,1600,3400,TRUE,TRUE,0.802647058823529,TRUE,TRUE,TRUE,FALSE,FALSE
149,"A_threshold",0.8,NA,NA,FALSE,FALSE,0.322647058823529,FALSE,TRUE,TRUE,FALSE,FALSE
150,"A_threshold",0.8,NA,NA,FALSE,FALSE,0.0238235294117647,FALSE,TRUE,TRUE,FALSE,FALSE
151,"A_threshold",0.8,NA,NA,FALSE,FALSE,0.0723529411764706,FALSE,TRUE,TRUE,FALSE,FALSE
152,"A_threshold",0.8,1600,3400,TRUE,TRUE,0.52,TRUE,TRUE,TRUE,FALSE,FALSE
153,"A_threshold",0.8,NA,NA,FALSE,FALSE,0.0552941176470588,FALSE,TRUE,TRUE,FALSE,FALSE
154,"A_threshold",0.8,2200,2200,TRUE,TRUE,0.422352941176471,FALSE,FALSE,FALSE,TRUE,TRUE
155,"A_threshold",0.8,NA,NA,FALSE,FALSE,0.0367647058823529,FALSE,TRUE,TRUE,FALSE,FALSE
156,"A_threshold",0.8,NA,NA,FALSE,FALSE,0.00558823529411765,FALSE,TRUE,TRUE,FALSE,FALSE
157,"A_threshold",0.8,2800,NA,TRUE,FALSE,0.510588235294118,TRUE,TRUE,FALSE,FALSE,FALSE
158,"A_threshold",0.8,3400,4000,TRUE,TRUE,0.638235294117647,TRUE,TRUE,TRUE,FALSE,FALSE
159,"A_threshold",0.8,1600,1600,TRUE,TRUE,0.297058823529412,FALSE,FALSE,FALSE,TRUE,TRUE
160,"A_threshold",0.8,NA,NA,FALSE,FALSE,0.211176470588235,FALSE,TRUE,TRUE,FALSE,FALSE
161,"A_threshold",0.8,NA,NA,FALSE,FALSE,0.304411764705882,FALSE,TRUE,TRUE,FALSE,FALSE
162,"A_threshold",0.8,NA,NA,FALSE,FALSE,0.257647058823529,FALSE,TRUE,TRUE,FALSE,FALSE
163,"A_threshold",0.8,NA,NA,FALSE,FALSE,0.287941176470588,FALSE,TRUE,TRUE,FALSE,FALSE
164,"A_threshold",0.8,NA,NA,FALSE,FALSE,0,FALSE,TRUE,TRUE,FALSE,FALSE
165,"A_threshold",0.8,3400,NA,TRUE,FALSE,0.447941176470588,FALSE,FALSE,TRUE,TRUE,FALSE
166,"A_threshold",0.8,NA,NA,FALSE,FALSE,0.132058823529412,FALSE,TRUE,TRUE,FALSE,FALSE
167,"A_threshold",0.8,1600,1600,TRUE,TRUE,0.400882352941176,FALSE,FALSE,FALSE,TRUE,TRUE
168,"A_threshold",0.8,NA,NA,FALSE,FALSE,0.313235294117647,FALSE,TRUE,TRUE,FALSE,FALSE
169,"A_threshold",0.8,NA,NA,FALSE,FALSE,0.256764705882353,FALSE,TRUE,TRUE,FALSE,FALSE
170,"A_threshold",0.8,1600,2200,TRUE,TRUE,0.517941176470588,TRUE,TRUE,TRUE,FALSE,FALSE
171,"A_threshold",0.8,1600,1600,TRUE,TRUE,0.405882352941176,FALSE,FALSE,FALSE,TRUE,TRUE
172,"A_threshold",0.8,3400,NA,TRUE,FALSE,0.478823529411765,FALSE,FALSE,TRUE,TRUE,FALSE
173,"A_threshold",0.8,NA,NA,FALSE,FALSE,0.00117647058823529,FALSE,TRUE,TRUE,FALSE,FALSE
174,"A_threshold",0.8,2200,4000,TRUE,TRUE,0.617941176470588,TRUE,TRUE,TRUE,FALSE,FALSE
175,"A_threshold",0.8,1600,1600,TRUE,TRUE,0.306470588235294,FALSE,FALSE,FALSE,TRUE,TRUE
176,"A_threshold",0.8,1600,1600,TRUE,TRUE,0.727058823529412,TRUE,TRUE,TRUE,FALSE,FALSE
177,"A_threshold",0.8,1600,2200,TRUE,TRUE,0.142647058823529,FALSE,FALSE,FALSE,TRUE,TRUE
178,"A_threshold",0.8,NA,NA,FALSE,FALSE,0.0929411764705882,FALSE,TRUE,TRUE,FALSE,FALSE
179,"A_threshold",0.8,NA,NA,FALSE,FALSE,0,FALSE,TRUE,TRUE,FALSE,FALSE
180,"A_threshold",0.8,NA,NA,FALSE,FALSE,0.314117647058824,FALSE,TRUE,TRUE,FALSE,FALSE
181,"A_threshold",0.8,NA,NA,FALSE,FALSE,0.0408823529411765,FALSE,TRUE,TRUE,FALSE,FALSE
182,"A_threshold",0.8,NA,NA,FALSE,FALSE,0.167058823529412,FALSE,TRUE,TRUE,FALSE,FALSE
183,"A_threshold",0.8,NA,NA,FALSE,FALSE,0.345882352941176,FALSE,TRUE,TRUE,FALSE,FALSE
184,"A_threshold",0.8,1600,NA,TRUE,FALSE,0.0161764705882353,FALSE,FALSE,TRUE,TRUE,FALSE
185,"A_threshold",0.8,NA,NA,FALSE,FALSE,0,FALSE,TRUE,TRUE,FALSE,FALSE
186,"A_threshold",0.8,NA,NA,FALSE,FALSE,0.234411764705882,FALSE,TRUE,TRUE,FALSE,FALSE
187,"A_threshold",0.8,NA,NA,FALSE,FALSE,0.0697058823529412,FALSE,TRUE,TRUE,FALSE,FALSE
188,"A_threshold",0.8,1600,1600,TRUE,TRUE,0.79,TRUE,TRUE,TRUE,FALSE,FALSE
189,"A_threshold",0.8,NA,NA,FALSE,FALSE,0.0270588235294118,FALSE,TRUE,TRUE,FALSE,FALSE
190,"A_threshold",0.8,2200,NA,TRUE,FALSE,0.317352941176471,FALSE,FALSE,TRUE,TRUE,FALSE
191,"A_threshold",0.8,NA,NA,FALSE,FALSE,0.0802941176470588,FALSE,TRUE,TRUE,FALSE,FALSE
192,"A_threshold",0.8,NA,NA,FALSE,FALSE,0.000294117647058824,FALSE,TRUE,TRUE,FALSE,FALSE
193,"A_threshold",0.8,NA,NA,FALSE,FALSE,0.0308823529411765,FALSE,TRUE,TRUE,FALSE,FALSE
194,"A_threshold",0.8,NA,NA,FALSE,FALSE,0.0664705882352941,FALSE,TRUE,TRUE,FALSE,FALSE
195,"A_threshold",0.8,1600,1600,TRUE,TRUE,0.694411764705882,TRUE,TRUE,TRUE,FALSE,FALSE
196,"A_threshold",0.8,NA,NA,FALSE,FALSE,0,FALSE,TRUE,TRUE,FALSE,FALSE
197,"A_threshold",0.8,1600,2200,TRUE,TRUE,0.717647058823529,TRUE,TRUE,TRUE,FALSE,FALSE
198,"A_threshold",0.8,NA,NA,FALSE,FALSE,0.0714705882352941,FALSE,TRUE,TRUE,FALSE,FALSE
199,"A_threshold",0.8,1600,1600,TRUE,TRUE,0.305882352941176,FALSE,FALSE,FALSE,TRUE,TRUE
200,"A_threshold",0.8,NA,NA,FALSE,FALSE,0.0841176470588235,FALSE,TRUE,TRUE,FALSE,FALSE
201,"A_threshold",0.8,NA,NA,FALSE,FALSE,0.0697058823529412,FALSE,TRUE,TRUE,FALSE,FALSE
202,"A_threshold",0.8,1600,1600,TRUE,TRUE,0.988529411764706,TRUE,TRUE,TRUE,FALSE,FALSE
203,"A_threshold",0.8,NA,NA,FALSE,FALSE,0.112941176470588,FALSE,TRUE,TRUE,FALSE,FALSE
204,"A_threshold",0.8,NA,NA,FALSE,FALSE,0,FALSE,TRUE,TRUE,FALSE,FALSE
205,"A_threshold",0.8,3400,NA,TRUE,FALSE,0.280882352941176,FALSE,FALSE,TRUE,TRUE,FALSE
206,"A_threshold",0.8,NA,NA,FALSE,FALSE,0.134705882352941,FALSE,TRUE,TRUE,FALSE,FALSE
207,"A_threshold",0.8,4000,NA,TRUE,FALSE,0.551176470588235,TRUE,TRUE,FALSE,FALSE,FALSE
208,"A_threshold",0.8,NA,NA,FALSE,FALSE,0.0585294117647059,FALSE,TRUE,TRUE,FALSE,FALSE
209,"A_threshold",0.8,2200,2200,TRUE,TRUE,0.289705882352941,FALSE,FALSE,FALSE,TRUE,TRUE
210,"A_threshold",0.8,NA,NA,FALSE,FALSE,0.184411764705882,FALSE,TRUE,TRUE,FALSE,FALSE
211,"A_threshold",0.8,NA,NA,FALSE,FALSE,0.129705882352941,FALSE,TRUE,TRUE,FALSE,FALSE
212,"A_threshold",0.8,NA,NA,FALSE,FALSE,0,FALSE,TRUE,TRUE,FALSE,FALSE
213,"A_threshold",0.8,NA,NA,FALSE,FALSE,0.309705882352941,FALSE,TRUE,TRUE,FALSE,FALSE
214,"A_threshold",0.8,NA,NA,FALSE,FALSE,0.0270588235294118,FALSE,TRUE,TRUE,FALSE,FALSE
215,"A_threshold",0.8,1600,2200,TRUE,TRUE,0.752352941176471,TRUE,TRUE,TRUE,FALSE,FALSE
216,"A_threshold",0.8,NA,NA,FALSE,FALSE,0.368823529411765,FALSE,TRUE,TRUE,FALSE,FALSE
217,"A_threshold",0.8,NA,NA,FALSE,FALSE,0,FALSE,TRUE,TRUE,FALSE,FALSE
218,"A_threshold",0.8,NA,NA,FALSE,FALSE,0.358823529411765,FALSE,TRUE,TRUE,FALSE,FALSE
219,"A_threshold",0.8,NA,NA,FALSE,FALSE,0.03,FALSE,TRUE,TRUE,FALSE,FALSE
220,"A_threshold",0.8,1600,1600,TRUE,TRUE,1,TRUE,TRUE,TRUE,FALSE,FALSE
221,"A_threshold",0.8,1600,1600,TRUE,TRUE,0.300294117647059,FALSE,FALSE,FALSE,TRUE,TRUE
222,"A_threshold",0.8,NA,NA,FALSE,FALSE,0.112647058823529,FALSE,TRUE,TRUE,FALSE,FALSE
223,"A_threshold",0.8,3400,4000,TRUE,TRUE,0.650294117647059,TRUE,TRUE,TRUE,FALSE,FALSE
224,"A_threshold",0.8,2200,NA,TRUE,FALSE,0,FALSE,FALSE,TRUE,TRUE,FALSE
225,"A_threshold",0.8,1600,1600,TRUE,TRUE,0.722352941176471,TRUE,TRUE,TRUE,FALSE,FALSE
226,"A_threshold",0.8,1600,1600,TRUE,TRUE,0.345294117647059,FALSE,FALSE,FALSE,TRUE,TRUE
227,"A_threshold",0.8,1600,2200,TRUE,TRUE,0.552647058823529,TRUE,TRUE,TRUE,FALSE,FALSE
228,"A_threshold",0.8,NA,NA,FALSE,FALSE,0.430882352941176,FALSE,TRUE,TRUE,FALSE,FALSE
229,"A_threshold",0.8,1600,NA,TRUE,FALSE,0.430294117647059,FALSE,FALSE,TRUE,TRUE,FALSE
230,"A_threshold",0.8,NA,NA,FALSE,FALSE,0.00382352941176471,FALSE,TRUE,TRUE,FALSE,FALSE
231,"A_threshold",0.8,1600,2800,TRUE,TRUE,0.855,TRUE,TRUE,TRUE,FALSE,FALSE
232,"A_threshold",0.8,NA,NA,FALSE,FALSE,0.194411764705882,FALSE,TRUE,TRUE,FALSE,FALSE
233,"A_threshold",0.8,NA,NA,FALSE,FALSE,0.0838235294117647,FALSE,TRUE,TRUE,FALSE,FALSE
234,"A_threshold",0.8,1600,NA,TRUE,FALSE,0.0694117647058824,FALSE,FALSE,TRUE,TRUE,FALSE
235,"A_threshold",0.8,NA,NA,FALSE,FALSE,0.190882352941176,FALSE,TRUE,TRUE,FALSE,FALSE
236,"A_threshold",0.8,2200,4000,TRUE,TRUE,0.895588235294118,TRUE,TRUE,TRUE,FALSE,FALSE
237,"A_threshold",0.8,1600,1600,TRUE,TRUE,0.846176470588235,TRUE,TRUE,TRUE,FALSE,FALSE
238,"A_threshold",0.8,NA,NA,FALSE,FALSE,0.123235294117647,FALSE,TRUE,TRUE,FALSE,FALSE
239,"A_threshold",0.8,NA,NA,FALSE,FALSE,0.289411764705882,FALSE,TRUE,TRUE,FALSE,FALSE
240,"A_threshold",0.8,NA,NA,FALSE,FALSE,0.383823529411765,FALSE,TRUE,TRUE,FALSE,FALSE
241,"A_threshold",0.8,NA,NA,FALSE,FALSE,0.210294117647059,FALSE,TRUE,TRUE,FALSE,FALSE
242,"A_threshold",0.8,NA,NA,FALSE,FALSE,0.358529411764706,FALSE,TRUE,TRUE,FALSE,FALSE
243,"A_threshold",0.8,NA,NA,FALSE,FALSE,0.304411764705882,FALSE,TRUE,TRUE,FALSE,FALSE
244,"A_threshold",0.8,NA,NA,FALSE,FALSE,0.0620588235294118,FALSE,TRUE,TRUE,FALSE,FALSE
245,"A_threshold",0.8,NA,NA,FALSE,FALSE,0.147647058823529,FALSE,TRUE,TRUE,FALSE,FALSE
246,"A_threshold",0.8,1600,1600,TRUE,TRUE,0.711176470588235,TRUE,TRUE,TRUE,FALSE,FALSE
247,"A_threshold",0.8,NA,NA,FALSE,FALSE,0.119411764705882,FALSE,TRUE,TRUE,FALSE,FALSE
248,"A_threshold",0.8,2200,NA,TRUE,FALSE,0.265588235294118,FALSE,FALSE,TRUE,TRUE,FALSE
249,"A_threshold",0.8,3400,4000,TRUE,TRUE,0.696470588235294,TRUE,TRUE,TRUE,FALSE,FALSE
250,"A_threshold",0.8,1600,2800,TRUE,TRUE,0.657058823529412,TRUE,TRUE,TRUE,FALSE,FALSE
251,"A_threshold",0.8,NA,NA,FALSE,FALSE,0.0164705882352941,FALSE,TRUE,TRUE,FALSE,FALSE
252,"A_threshold",0.8,NA,NA,FALSE,FALSE,0.238529411764706,FALSE,TRUE,TRUE,FALSE,FALSE
253,"A_threshold",0.8,3400,4000,TRUE,TRUE,1,TRUE,TRUE,TRUE,FALSE,FALSE
254,"A_threshold",0.8,NA,NA,FALSE,FALSE,0.0791176470588235,FALSE,TRUE,TRUE,FALSE,FALSE
255,"A_threshold",0.8,1600,2200,TRUE,TRUE,0.468529411764706,FALSE,FALSE,FALSE,TRUE,TRUE
256,"A_threshold",0.8,2200,3400,TRUE,TRUE,0.679411764705882,TRUE,TRUE,TRUE,FALSE,FALSE
257,"A_threshold",0.8,1600,1600,TRUE,TRUE,0.260588235294118,FALSE,FALSE,FALSE,TRUE,TRUE
258,"A_threshold",0.8,2800,2800,TRUE,TRUE,0.45,FALSE,FALSE,FALSE,TRUE,TRUE
259,"A_threshold",0.8,4000,4000,TRUE,TRUE,0.529705882352941,TRUE,TRUE,TRUE,FALSE,FALSE
260,"A_threshold",0.8,NA,NA,FALSE,FALSE,0.115588235294118,FALSE,TRUE,TRUE,FALSE,FALSE
261,"A_threshold",0.8,NA,NA,FALSE,FALSE,0.167352941176471,FALSE,TRUE,TRUE,FALSE,FALSE
262,"A_threshold",0.8,1600,1600,TRUE,TRUE,1,TRUE,TRUE,TRUE,FALSE,FALSE
263,"A_threshold",0.8,NA,NA,FALSE,FALSE,0,FALSE,TRUE,TRUE,FALSE,FALSE
264,"A_threshold",0.8,NA,NA,FALSE,FALSE,0.310294117647059,FALSE,TRUE,TRUE,FALSE,FALSE
265,"A_threshold",0.8,1600,1600,TRUE,TRUE,0.85,TRUE,TRUE,TRUE,FALSE,FALSE
266,"A_threshold",0.8,3400,3400,TRUE,TRUE,0.571176470588235,TRUE,TRUE,TRUE,FALSE,FALSE
267,"A_threshold",0.8,NA,NA,FALSE,FALSE,0.399411764705882,FALSE,TRUE,TRUE,FALSE,FALSE
268,"A_threshold",0.8,NA,NA,FALSE,FALSE,0.0120588235294118,FALSE,TRUE,TRUE,FALSE,FALSE
269,"A_threshold",0.8,1600,NA,TRUE,FALSE,0,FALSE,FALSE,TRUE,TRUE,FALSE
270,"A_threshold",0.8,2200,3400,TRUE,TRUE,0.406470588235294,FALSE,FALSE,FALSE,TRUE,TRUE
271,"A_threshold",0.8,2800,2800,TRUE,TRUE,0.527058823529412,TRUE,TRUE,TRUE,FALSE,FALSE
272,"A_threshold",0.8,NA,NA,FALSE,FALSE,0.262941176470588,FALSE,TRUE,TRUE,FALSE,FALSE
273,"A_threshold",0.8,NA,NA,FALSE,FALSE,0,FALSE,TRUE,TRUE,FALSE,FALSE
274,"A_threshold",0.8,NA,NA,FALSE,FALSE,0.155588235294118,FALSE,TRUE,TRUE,FALSE,FALSE
275,"A_threshold",0.8,NA,NA,FALSE,FALSE,0.347647058823529,FALSE,TRUE,TRUE,FALSE,FALSE
276,"A_threshold",0.8,NA,NA,FALSE,FALSE,0.397058823529412,FALSE,TRUE,TRUE,FALSE,FALSE
277,"A_threshold",0.8,2200,2200,TRUE,TRUE,0.609705882352941,TRUE,TRUE,TRUE,FALSE,FALSE
278,"A_threshold",0.8,NA,NA,FALSE,FALSE,0,FALSE,TRUE,TRUE,FALSE,FALSE
279,"A_threshold",0.8,1600,2200,TRUE,TRUE,0.496764705882353,FALSE,FALSE,FALSE,TRUE,TRUE
280,"A_threshold",0.8,NA,NA,FALSE,FALSE,0,FALSE,TRUE,TRUE,FALSE,FALSE
281,"A_threshold",0.8,NA,NA,FALSE,FALSE,0,FALSE,TRUE,TRUE,FALSE,FALSE
282,"A_threshold",0.8,NA,NA,FALSE,FALSE,0,FALSE,TRUE,TRUE,FALSE,FALSE
283,"A_threshold",0.8,2200,2800,TRUE,TRUE,0.687352941176471,TRUE,TRUE,TRUE,FALSE,FALSE
284,"A_threshold",0.8,NA,NA,FALSE,FALSE,0.075,FALSE,TRUE,TRUE,FALSE,FALSE
285,"A_threshold",0.8,NA,NA,FALSE,FALSE,0,FALSE,TRUE,TRUE,FALSE,FALSE
286,"A_threshold",0.8,NA,NA,FALSE,FALSE,0,FALSE,TRUE,TRUE,FALSE,FALSE
287,"A_threshold",0.8,NA,NA,FALSE,FALSE,0,FALSE,TRUE,TRUE,FALSE,FALSE
288,"A_threshold",0.8,NA,NA,FALSE,FALSE,0.257352941176471,FALSE,TRUE,TRUE,FALSE,FALSE
289,"A_threshold",0.8,NA,NA,FALSE,FALSE,0.242647058823529,FALSE,TRUE,TRUE,FALSE,FALSE
290,"A_threshold",0.8,NA,NA,FALSE,FALSE,0,FALSE,TRUE,TRUE,FALSE,FALSE
291,"A_threshold",0.8,NA,NA,FALSE,FALSE,0.12,FALSE,TRUE,TRUE,FALSE,FALSE
292,"A_threshold",0.8,NA,NA,FALSE,FALSE,0.196764705882353,FALSE,TRUE,TRUE,FALSE,FALSE
293,"A_threshold",0.8,3400,NA,TRUE,FALSE,0.442941176470588,FALSE,FALSE,TRUE,TRUE,FALSE
294,"A_threshold",0.8,NA,NA,FALSE,FALSE,0.0926470588235294,FALSE,TRUE,TRUE,FALSE,FALSE
295,"A_threshold",0.8,NA,NA,FALSE,FALSE,0.0176470588235294,FALSE,TRUE,TRUE,FALSE,FALSE
296,"A_threshold",0.8,1600,2200,TRUE,TRUE,0.862941176470588,TRUE,TRUE,TRUE,FALSE,FALSE
297,"A_threshold",0.8,2200,NA,TRUE,FALSE,0.417647058823529,FALSE,FALSE,TRUE,TRUE,FALSE
298,"A_threshold",0.8,NA,NA,FALSE,FALSE,0.184411764705882,FALSE,TRUE,TRUE,FALSE,FALSE
299,"A_threshold",0.8,NA,NA,FALSE,FALSE,0,FALSE,TRUE,TRUE,FALSE,FALSE
300,"A_threshold",0.8,3400,NA,TRUE,FALSE,0.868529411764706,TRUE,TRUE,FALSE,FALSE,FALSE
301,"A_threshold",0.8,3400,NA,TRUE,FALSE,0.450588235294118,FALSE,FALSE,TRUE,TRUE,FALSE
302,"A_threshold",0.8,1600,2200,TRUE,TRUE,0.312647058823529,FALSE,FALSE,FALSE,TRUE,TRUE
303,"A_threshold",0.8,NA,NA,FALSE,FALSE,0.201176470588235,FALSE,TRUE,TRUE,FALSE,FALSE
304,"A_threshold",0.8,NA,NA,FALSE,FALSE,0.00470588235294118,FALSE,TRUE,TRUE,FALSE,FALSE
305,"A_threshold",0.8,NA,NA,FALSE,FALSE,0.140882352941176,FALSE,TRUE,TRUE,FALSE,FALSE
306,"A_threshold",0.8,1600,2200,TRUE,TRUE,0.357941176470588,FALSE,FALSE,FALSE,TRUE,TRUE
307,"A_threshold",0.8,1600,NA,TRUE,FALSE,0.343529411764706,FALSE,FALSE,TRUE,TRUE,FALSE
308,"A_threshold",0.8,2800,NA,TRUE,FALSE,0.692647058823529,TRUE,TRUE,FALSE,FALSE,FALSE
309,"A_threshold",0.8,2800,3400,TRUE,TRUE,0.375882352941176,FALSE,FALSE,FALSE,TRUE,TRUE
310,"A_threshold",0.8,NA,NA,FALSE,FALSE,0,FALSE,TRUE,TRUE,FALSE,FALSE
311,"A_threshold",0.8,NA,NA,FALSE,FALSE,0.383235294117647,FALSE,TRUE,TRUE,FALSE,FALSE
312,"A_threshold",0.8,NA,NA,FALSE,FALSE,0.0361764705882353,FALSE,TRUE,TRUE,FALSE,FALSE
313,"A_threshold",0.8,NA,NA,FALSE,FALSE,0,FALSE,TRUE,TRUE,FALSE,FALSE
314,"A_threshold",0.8,NA,NA,FALSE,FALSE,0.195,FALSE,TRUE,TRUE,FALSE,FALSE
315,"A_threshold",0.8,NA,NA,FALSE,FALSE,0.371764705882353,FALSE,TRUE,TRUE,FALSE,FALSE
316,"A_threshold",0.8,1600,2200,TRUE,TRUE,0.410882352941176,FALSE,FALSE,FALSE,TRUE,TRUE
317,"A_threshold",0.8,NA,NA,FALSE,FALSE,0.175294117647059,FALSE,TRUE,TRUE,FALSE,FALSE
318,"A_threshold",0.8,NA,NA,FALSE,FALSE,0.351176470588235,FALSE,TRUE,TRUE,FALSE,FALSE
319,"A_threshold",0.8,NA,NA,FALSE,FALSE,0.000294117647058824,FALSE,TRUE,TRUE,FALSE,FALSE
320,"A_threshold",0.8,1600,1600,TRUE,TRUE,0.961470588235294,TRUE,TRUE,TRUE,FALSE,FALSE
321,"A_threshold",0.8,NA,NA,FALSE,FALSE,0.0197058823529412,FALSE,TRUE,TRUE,FALSE,FALSE
322,"A_threshold",0.8,NA,NA,FALSE,FALSE,0.393529411764706,FALSE,TRUE,TRUE,FALSE,FALSE
323,"A_threshold",0.8,NA,NA,FALSE,FALSE,0.33,FALSE,TRUE,TRUE,FALSE,FALSE
324,"A_threshold",0.8,1600,2200,TRUE,TRUE,0.535882352941176,TRUE,TRUE,TRUE,FALSE,FALSE
325,"A_threshold",0.8,2800,NA,TRUE,FALSE,0,FALSE,FALSE,TRUE,TRUE,FALSE
326,"A_threshold",0.8,NA,NA,FALSE,FALSE,0.208823529411765,FALSE,TRUE,TRUE,FALSE,FALSE
327,"A_threshold",0.8,2800,NA,TRUE,FALSE,0.211470588235294,FALSE,FALSE,TRUE,TRUE,FALSE
328,"A_threshold",0.8,2200,2800,TRUE,TRUE,0.278235294117647,FALSE,FALSE,FALSE,TRUE,TRUE
329,"A_threshold",0.8,NA,NA,FALSE,FALSE,0.0220588235294118,FALSE,TRUE,TRUE,FALSE,FALSE
330,"A_threshold",0.8,NA,NA,FALSE,FALSE,0.178529411764706,FALSE,TRUE,TRUE,FALSE,FALSE
331,"A_threshold",0.8,1600,1600,TRUE,TRUE,0.592352941176471,TRUE,TRUE,TRUE,FALSE,FALSE
332,"A_threshold",0.8,NA,NA,FALSE,FALSE,0.04,FALSE,TRUE,TRUE,FALSE,FALSE
333,"A_threshold",0.8,1600,1600,TRUE,TRUE,0.00117647058823529,FALSE,FALSE,FALSE,TRUE,TRUE
334,"A_threshold",0.8,NA,NA,FALSE,FALSE,0,FALSE,TRUE,TRUE,FALSE,FALSE
335,"A_threshold",0.8,NA,NA,FALSE,FALSE,0.281764705882353,FALSE,TRUE,TRUE,FALSE,FALSE
336,"A_threshold",0.8,NA,NA,FALSE,FALSE,0.000294117647058824,FALSE,TRUE,TRUE,FALSE,FALSE
337,"A_threshold",0.8,1600,1600,TRUE,TRUE,0.465294117647059,FALSE,FALSE,FALSE,TRUE,TRUE
338,"A_threshold",0.8,NA,NA,FALSE,FALSE,0.202352941176471,FALSE,TRUE,TRUE,FALSE,FALSE
339,"A_threshold",0.8,2200,2800,TRUE,TRUE,0.634705882352941,TRUE,TRUE,TRUE,FALSE,FALSE
340,"A_threshold",0.8,NA,NA,FALSE,FALSE,0,FALSE,TRUE,TRUE,FALSE,FALSE
341,"A_threshold",0.8,2200,2200,TRUE,TRUE,0.328529411764706,FALSE,FALSE,FALSE,TRUE,TRUE
342,"A_threshold",0.8,1600,1600,TRUE,TRUE,0.361764705882353,FALSE,FALSE,FALSE,TRUE,TRUE
343,"A_threshold",0.8,NA,NA,FALSE,FALSE,0.0320588235294118,FALSE,TRUE,TRUE,FALSE,FALSE
344,"A_threshold",0.8,2200,NA,TRUE,FALSE,0.230294117647059,FALSE,FALSE,TRUE,TRUE,FALSE
345,"A_threshold",0.8,NA,NA,FALSE,FALSE,0,FALSE,TRUE,TRUE,FALSE,FALSE
346,"A_threshold",0.8,NA,NA,FALSE,FALSE,0,FALSE,TRUE,TRUE,FALSE,FALSE
347,"A_threshold",0.8,1600,2200,TRUE,TRUE,0,FALSE,FALSE,FALSE,TRUE,TRUE
348,"A_threshold",0.8,NA,NA,FALSE,FALSE,0.378823529411765,FALSE,TRUE,TRUE,FALSE,FALSE
349,"A_threshold",0.8,1600,2800,TRUE,TRUE,0.341176470588235,FALSE,FALSE,FALSE,TRUE,TRUE
350,"A_threshold",0.8,1600,1600,TRUE,TRUE,0.942941176470588,TRUE,TRUE,TRUE,FALSE,FALSE
351,"A_threshold",0.8,2200,2800,TRUE,TRUE,0.719117647058824,TRUE,TRUE,TRUE,FALSE,FALSE
352,"A_threshold",0.8,NA,NA,FALSE,FALSE,0.101176470588235,FALSE,TRUE,TRUE,FALSE,FALSE
353,"A_threshold",0.8,NA,NA,FALSE,FALSE,0,FALSE,TRUE,TRUE,FALSE,FALSE
354,"A_threshold",0.8,NA,NA,FALSE,FALSE,0,FALSE,TRUE,TRUE,FALSE,FALSE
355,"A_threshold",0.8,NA,NA,FALSE,FALSE,0,FALSE,TRUE,TRUE,FALSE,FALSE
356,"A_threshold",0.8,NA,NA,FALSE,FALSE,0.358529411764706,FALSE,TRUE,TRUE,FALSE,FALSE
357,"A_threshold",0.8,NA,NA,FALSE,FALSE,0.035,FALSE,TRUE,TRUE,FALSE,FALSE
358,"A_threshold",0.8,1600,1600,TRUE,TRUE,0.234117647058824,FALSE,FALSE,FALSE,TRUE,TRUE
359,"A_threshold",0.8,NA,NA,FALSE,FALSE,0.00352941176470588,FALSE,TRUE,TRUE,FALSE,FALSE
360,"A_threshold",0.8,1600,2200,TRUE,TRUE,0.416176470588235,FALSE,FALSE,FALSE,TRUE,TRUE
361,"A_threshold",0.8,1600,1600,TRUE,TRUE,0.409117647058824,FALSE,FALSE,FALSE,TRUE,TRUE
362,"A_threshold",0.8,1600,NA,TRUE,FALSE,0.337058823529412,FALSE,FALSE,TRUE,TRUE,FALSE
363,"A_threshold",0.8,1600,2800,TRUE,TRUE,0.515,TRUE,TRUE,TRUE,FALSE,FALSE
364,"A_threshold",0.8,NA,NA,FALSE,FALSE,0.169117647058824,FALSE,TRUE,TRUE,FALSE,FALSE
365,"A_threshold",0.8,NA,NA,FALSE,FALSE,0.275,FALSE,TRUE,TRUE,FALSE,FALSE
366,"A_threshold",0.8,2200,NA,TRUE,FALSE,0.465882352941176,FALSE,FALSE,TRUE,TRUE,FALSE
367,"A_threshold",0.8,1600,1600,TRUE,TRUE,0.368823529411765,FALSE,FALSE,FALSE,TRUE,TRUE
368,"A_threshold",0.8,NA,NA,FALSE,FALSE,0.211176470588235,FALSE,TRUE,TRUE,FALSE,FALSE
369,"A_threshold",0.8,3400,NA,TRUE,FALSE,0.360588235294118,FALSE,FALSE,TRUE,TRUE,FALSE
370,"A_threshold",0.8,NA,NA,FALSE,FALSE,0.177058823529412,FALSE,TRUE,TRUE,FALSE,FALSE
371,"A_threshold",0.8,NA,NA,FALSE,FALSE,0.297941176470588,FALSE,TRUE,TRUE,FALSE,FALSE
372,"A_threshold",0.8,2200,4000,TRUE,TRUE,0.537352941176471,TRUE,TRUE,TRUE,FALSE,FALSE
373,"A_threshold",0.8,NA,NA,FALSE,FALSE,0,FALSE,TRUE,TRUE,FALSE,FALSE
374,"A_threshold",0.8,1600,1600,TRUE,TRUE,0.294411764705882,FALSE,FALSE,FALSE,TRUE,TRUE
375,"A_threshold",0.8,1600,2200,TRUE,TRUE,0.326764705882353,FALSE,FALSE,FALSE,TRUE,TRUE
376,"A_threshold",0.8,NA,NA,FALSE,FALSE,0,FALSE,TRUE,TRUE,FALSE,FALSE
377,"A_threshold",0.8,NA,NA,FALSE,FALSE,0.0123529411764706,FALSE,TRUE,TRUE,FALSE,FALSE
378,"A_threshold",0.8,NA,NA,FALSE,FALSE,0.211176470588235,FALSE,TRUE,TRUE,FALSE,FALSE
379,"A_threshold",0.8,NA,NA,FALSE,FALSE,0.07,FALSE,TRUE,TRUE,FALSE,FALSE
380,"A_threshold",0.8,1600,1600,TRUE,TRUE,0.708823529411765,TRUE,TRUE,TRUE,FALSE,FALSE
381,"A_threshold",0.8,1600,1600,TRUE,TRUE,0.122058823529412,FALSE,FALSE,FALSE,TRUE,TRUE
382,"A_threshold",0.8,1600,1600,TRUE,TRUE,0.310588235294118,FALSE,FALSE,FALSE,TRUE,TRUE
383,"A_threshold",0.8,NA,NA,FALSE,FALSE,0.0179411764705882,FALSE,TRUE,TRUE,FALSE,FALSE
384,"A_threshold",0.8,NA,NA,FALSE,FALSE,0.371470588235294,FALSE,TRUE,TRUE,FALSE,FALSE
385,"A_threshold",0.8,NA,NA,FALSE,FALSE,0.158529411764706,FALSE,TRUE,TRUE,FALSE,FALSE
386,"A_threshold",0.8,NA,NA,FALSE,FALSE,0.00205882352941176,FALSE,TRUE,TRUE,FALSE,FALSE
387,"A_threshold",0.8,1600,1600,TRUE,TRUE,0.580588235294118,TRUE,TRUE,TRUE,FALSE,FALSE
388,"A_threshold",0.8,NA,NA,FALSE,FALSE,0.421470588235294,FALSE,TRUE,TRUE,FALSE,FALSE
389,"A_threshold",0.8,NA,NA,FALSE,FALSE,0.399411764705882,FALSE,TRUE,TRUE,FALSE,FALSE
390,"A_threshold",0.8,1600,NA,TRUE,FALSE,0.251470588235294,FALSE,FALSE,TRUE,TRUE,FALSE
391,"A_threshold",0.8,NA,NA,FALSE,FALSE,0.314117647058824,FALSE,TRUE,TRUE,FALSE,FALSE
392,"A_threshold",0.8,1600,1600,TRUE,TRUE,0.559411764705882,TRUE,TRUE,TRUE,FALSE,FALSE
393,"A_threshold",0.8,NA,NA,FALSE,FALSE,0.179411764705882,FALSE,TRUE,TRUE,FALSE,FALSE
394,"A_threshold",0.8,1600,4000,TRUE,TRUE,0.513235294117647,TRUE,TRUE,TRUE,FALSE,FALSE
395,"A_threshold",0.8,1600,1600,TRUE,TRUE,0.424705882352941,FALSE,FALSE,FALSE,TRUE,TRUE
396,"A_threshold",0.8,2800,4000,TRUE,TRUE,0.513235294117647,TRUE,TRUE,TRUE,FALSE,FALSE
397,"A_threshold",0.8,NA,NA,FALSE,FALSE,0.11,FALSE,TRUE,TRUE,FALSE,FALSE
398,"A_threshold",0.8,NA,NA,FALSE,FALSE,0.0738235294117647,FALSE,TRUE,TRUE,FALSE,FALSE
399,"A_threshold",0.8,NA,NA,FALSE,FALSE,0.0717647058823529,FALSE,TRUE,TRUE,FALSE,FALSE
400,"A_threshold",0.8,NA,NA,FALSE,FALSE,0.0535294117647059,FALSE,TRUE,TRUE,FALSE,FALSE
401,"A_threshold",0.8,NA,NA,FALSE,FALSE,0.00117647058823529,FALSE,TRUE,TRUE,FALSE,FALSE
402,"A_threshold",0.8,2200,2200,TRUE,TRUE,0.632058823529412,TRUE,TRUE,TRUE,FALSE,FALSE
403,"A_threshold",0.8,NA,NA,FALSE,FALSE,0.290588235294118,FALSE,TRUE,TRUE,FALSE,FALSE
404,"A_threshold",0.8,1600,NA,TRUE,FALSE,0.0208823529411765,FALSE,FALSE,TRUE,TRUE,FALSE
405,"A_threshold",0.8,NA,NA,FALSE,FALSE,0.245588235294118,FALSE,TRUE,TRUE,FALSE,FALSE
406,"A_threshold",0.8,NA,NA,FALSE,FALSE,0.226470588235294,FALSE,TRUE,TRUE,FALSE,FALSE
407,"A_threshold",0.8,NA,NA,FALSE,FALSE,0.0617647058823529,FALSE,TRUE,TRUE,FALSE,FALSE
408,"A_threshold",0.8,NA,NA,FALSE,FALSE,0,FALSE,TRUE,TRUE,FALSE,FALSE
409,"A_threshold",0.8,1600,NA,TRUE,FALSE,0.555882352941176,TRUE,TRUE,FALSE,FALSE,FALSE
410,"A_threshold",0.8,1600,1600,TRUE,TRUE,1,TRUE,TRUE,TRUE,FALSE,FALSE
411,"A_threshold",0.8,1600,1600,TRUE,TRUE,0.321176470588235,FALSE,FALSE,FALSE,TRUE,TRUE
412,"A_threshold",0.8,1600,2200,TRUE,TRUE,0.0808823529411765,FALSE,FALSE,FALSE,TRUE,TRUE
413,"A_threshold",0.8,1600,2200,TRUE,TRUE,0.634705882352941,TRUE,TRUE,TRUE,FALSE,FALSE
414,"A_threshold",0.8,2800,3400,TRUE,TRUE,0.607647058823529,TRUE,TRUE,TRUE,FALSE,FALSE
415,"A_threshold",0.8,NA,NA,FALSE,FALSE,0.0341176470588235,FALSE,TRUE,TRUE,FALSE,FALSE
416,"A_threshold",0.8,NA,NA,FALSE,FALSE,0.469705882352941,FALSE,TRUE,TRUE,FALSE,FALSE
417,"A_threshold",0.8,1600,NA,TRUE,FALSE,0.366764705882353,FALSE,FALSE,TRUE,TRUE,FALSE
418,"A_threshold",0.8,NA,NA,FALSE,FALSE,0.498823529411765,FALSE,TRUE,TRUE,FALSE,FALSE
419,"A_threshold",0.8,NA,NA,FALSE,FALSE,0,FALSE,TRUE,TRUE,FALSE,FALSE
420,"A_threshold",0.8,NA,NA,FALSE,FALSE,0.0873529411764706,FALSE,TRUE,TRUE,FALSE,FALSE
421,"A_threshold",0.8,NA,NA,FALSE,FALSE,0.463529411764706,FALSE,TRUE,TRUE,FALSE,FALSE
422,"A_threshold",0.8,NA,NA,FALSE,FALSE,0.130882352941176,FALSE,TRUE,TRUE,FALSE,FALSE
423,"A_threshold",0.8,2800,NA,TRUE,FALSE,0.0532352941176471,FALSE,FALSE,TRUE,TRUE,FALSE
424,"A_threshold",0.8,NA,NA,FALSE,FALSE,0,FALSE,TRUE,TRUE,FALSE,FALSE
425,"A_threshold",0.8,NA,NA,FALSE,FALSE,0.235294117647059,FALSE,TRUE,TRUE,FALSE,FALSE
426,"A_threshold",0.8,NA,NA,FALSE,FALSE,0.208529411764706,FALSE,TRUE,TRUE,FALSE,FALSE
427,"A_threshold",0.8,NA,NA,FALSE,FALSE,0.348529411764706,FALSE,TRUE,TRUE,FALSE,FALSE
428,"A_threshold",0.8,NA,NA,FALSE,FALSE,0.0161764705882353,FALSE,TRUE,TRUE,FALSE,FALSE
429,"A_threshold",0.8,NA,NA,FALSE,FALSE,0.24,FALSE,TRUE,TRUE,FALSE,FALSE
430,"A_threshold",0.8,2800,2800,TRUE,TRUE,0.376176470588235,FALSE,FALSE,FALSE,TRUE,TRUE
431,"A_threshold",0.8,NA,NA,FALSE,FALSE,0,FALSE,TRUE,TRUE,FALSE,FALSE
432,"A_threshold",0.8,4000,NA,TRUE,FALSE,0.758823529411765,TRUE,TRUE,FALSE,FALSE,FALSE
433,"A_threshold",0.8,1600,1600,TRUE,TRUE,0.722058823529412,TRUE,TRUE,TRUE,FALSE,FALSE
434,"A_threshold",0.8,NA,NA,FALSE,FALSE,0.374411764705882,FALSE,TRUE,TRUE,FALSE,FALSE
435,"A_threshold",0.8,NA,NA,FALSE,FALSE,0,FALSE,TRUE,TRUE,FALSE,FALSE
436,"A_threshold",0.8,NA,NA,FALSE,FALSE,0.290588235294118,FALSE,TRUE,TRUE,FALSE,FALSE
437,"A_threshold",0.8,NA,NA,FALSE,FALSE,0.0247058823529412,FALSE,TRUE,TRUE,FALSE,FALSE
438,"A_threshold",0.8,NA,NA,FALSE,FALSE,0.31,FALSE,TRUE,TRUE,FALSE,FALSE
439,"A_threshold",0.8,2200,2800,TRUE,TRUE,0.492647058823529,FALSE,FALSE,FALSE,TRUE,TRUE
440,"A_threshold",0.8,NA,NA,FALSE,FALSE,0,FALSE,TRUE,TRUE,FALSE,FALSE
441,"A_threshold",0.8,NA,NA,FALSE,FALSE,0.240882352941176,FALSE,TRUE,TRUE,FALSE,FALSE
442,"A_threshold",0.8,2200,2800,TRUE,TRUE,0.880588235294118,TRUE,TRUE,TRUE,FALSE,FALSE
443,"A_threshold",0.8,NA,NA,FALSE,FALSE,0,FALSE,TRUE,TRUE,FALSE,FALSE
444,"A_threshold",0.8,1600,3400,TRUE,TRUE,0.206470588235294,FALSE,FALSE,FALSE,TRUE,TRUE
445,"A_threshold",0.8,NA,NA,FALSE,FALSE,0.294411764705882,FALSE,TRUE,TRUE,FALSE,FALSE
446,"A_threshold",0.8,1600,1600,TRUE,TRUE,0.660882352941176,TRUE,TRUE,TRUE,FALSE,FALSE
447,"A_threshold",0.8,1600,1600,TRUE,TRUE,0.750294117647059,TRUE,TRUE,TRUE,FALSE,FALSE
448,"A_threshold",0.8,NA,NA,FALSE,FALSE,0.0264705882352941,FALSE,TRUE,TRUE,FALSE,FALSE
449,"A_threshold",0.8,1600,1600,TRUE,TRUE,1,TRUE,TRUE,TRUE,FALSE,FALSE
450,"A_threshold",0.8,NA,NA,FALSE,FALSE,0.242941176470588,FALSE,TRUE,TRUE,FALSE,FALSE
451,"A_threshold",0.8,NA,NA,FALSE,FALSE,0.0576470588235294,FALSE,TRUE,TRUE,FALSE,FALSE
452,"A_threshold",0.8,NA,NA,FALSE,FALSE,0.105294117647059,FALSE,TRUE,TRUE,FALSE,FALSE
453,"A_threshold",0.8,2200,NA,TRUE,FALSE,0.342352941176471,FALSE,FALSE,TRUE,TRUE,FALSE
454,"A_threshold",0.8,NA,NA,FALSE,FALSE,0,FALSE,TRUE,TRUE,FALSE,FALSE
455,"A_threshold",0.8,NA,NA,FALSE,FALSE,0.472647058823529,FALSE,TRUE,TRUE,FALSE,FALSE
456,"A_threshold",0.8,NA,NA,FALSE,FALSE,0,FALSE,TRUE,TRUE,FALSE,FALSE
457,"A_threshold",0.8,NA,NA,FALSE,FALSE,0.00588235294117647,FALSE,TRUE,TRUE,FALSE,FALSE
458,"A_threshold",0.8,1600,2200,TRUE,TRUE,0.689705882352941,TRUE,TRUE,TRUE,FALSE,FALSE
459,"A_threshold",0.8,1600,NA,TRUE,FALSE,0.148823529411765,FALSE,FALSE,TRUE,TRUE,FALSE
460,"A_threshold",0.8,NA,NA,FALSE,FALSE,0,FALSE,TRUE,TRUE,FALSE,FALSE
461,"A_threshold",0.8,NA,NA,FALSE,FALSE,0.00205882352941176,FALSE,TRUE,TRUE,FALSE,FALSE
462,"A_threshold",0.8,NA,NA,FALSE,FALSE,0.212352941176471,FALSE,TRUE,TRUE,FALSE,FALSE
463,"A_threshold",0.8,NA,NA,FALSE,FALSE,0,FALSE,TRUE,TRUE,FALSE,FALSE
464,"A_threshold",0.8,NA,NA,FALSE,FALSE,0.0561764705882353,FALSE,TRUE,TRUE,FALSE,FALSE
465,"A_threshold",0.8,NA,NA,FALSE,FALSE,0.0229411764705882,FALSE,TRUE,TRUE,FALSE,FALSE
466,"A_threshold",0.8,NA,NA,FALSE,FALSE,0.276764705882353,FALSE,TRUE,TRUE,FALSE,FALSE
467,"A_threshold",0.8,NA,NA,FALSE,FALSE,0.0555882352941176,FALSE,TRUE,TRUE,FALSE,FALSE
468,"A_threshold",0.8,NA,NA,FALSE,FALSE,0.234705882352941,FALSE,TRUE,TRUE,FALSE,FALSE
469,"A_threshold",0.8,NA,NA,FALSE,FALSE,0.00117647058823529,FALSE,TRUE,TRUE,FALSE,FALSE
470,"A_threshold",0.8,NA,NA,FALSE,FALSE,0.0105882352941176,FALSE,TRUE,TRUE,FALSE,FALSE
471,"A_threshold",0.8,NA,NA,FALSE,FALSE,0.0958823529411765,FALSE,TRUE,TRUE,FALSE,FALSE
472,"A_threshold",0.8,NA,NA,FALSE,FALSE,0.365,FALSE,TRUE,TRUE,FALSE,FALSE
473,"A_threshold",0.8,NA,NA,FALSE,FALSE,0.194411764705882,FALSE,TRUE,TRUE,FALSE,FALSE
474,"A_threshold",0.8,1600,NA,TRUE,FALSE,0.0182352941176471,FALSE,FALSE,TRUE,TRUE,FALSE
475,"A_threshold",0.8,2200,2800,TRUE,TRUE,0.396470588235294,FALSE,FALSE,FALSE,TRUE,TRUE
476,"A_threshold",0.8,NA,NA,FALSE,FALSE,0.136470588235294,FALSE,TRUE,TRUE,FALSE,FALSE
477,"A_threshold",0.8,NA,NA,FALSE,FALSE,0,FALSE,TRUE,TRUE,FALSE,FALSE
478,"A_threshold",0.8,2200,2800,TRUE,TRUE,0.460294117647059,FALSE,FALSE,FALSE,TRUE,TRUE
479,"A_threshold",0.8,NA,NA,FALSE,FALSE,0.18,FALSE,TRUE,TRUE,FALSE,FALSE
480,"A_threshold",0.8,NA,NA,FALSE,FALSE,0.304411764705882,FALSE,TRUE,TRUE,FALSE,FALSE
481,"A_threshold",0.8,NA,NA,FALSE,FALSE,0.0444117647058824,FALSE,TRUE,TRUE,FALSE,FALSE
482,"A_threshold",0.8,1600,2800,TRUE,TRUE,0.553529411764706,TRUE,TRUE,TRUE,FALSE,FALSE
483,"A_threshold",0.8,NA,NA,FALSE,FALSE,0,FALSE,TRUE,TRUE,FALSE,FALSE
484,"A_threshold",0.8,NA,NA,FALSE,FALSE,0.0229411764705882,FALSE,TRUE,TRUE,FALSE,FALSE
485,"A_threshold",0.8,1600,1600,TRUE,TRUE,0.520882352941176,TRUE,TRUE,TRUE,FALSE,FALSE
486,"A_threshold",0.8,NA,NA,FALSE,FALSE,0.296764705882353,FALSE,TRUE,TRUE,FALSE,FALSE
487,"A_threshold",0.8,1600,1600,TRUE,TRUE,0.518235294117647,TRUE,TRUE,TRUE,FALSE,FALSE
488,"A_threshold",0.8,NA,NA,FALSE,FALSE,0.0844117647058824,FALSE,TRUE,TRUE,FALSE,FALSE
489,"A_threshold",0.8,NA,NA,FALSE,FALSE,0.157058823529412,FALSE,TRUE,TRUE,FALSE,FALSE
490,"A_threshold",0.8,NA,NA,FALSE,FALSE,0.226176470588235,FALSE,TRUE,TRUE,FALSE,FALSE
491,"A_threshold",0.8,NA,NA,FALSE,FALSE,0.0385294117647059,FALSE,TRUE,TRUE,FALSE,FALSE
492,"A_threshold",0.8,1600,1600,TRUE,TRUE,0.473823529411765,FALSE,FALSE,FALSE,TRUE,TRUE
493,"A_threshold",0.8,1600,3400,TRUE,TRUE,0.597647058823529,TRUE,TRUE,TRUE,FALSE,FALSE
494,"A_threshold",0.8,NA,NA,FALSE,FALSE,0.0988235294117647,FALSE,TRUE,TRUE,FALSE,FALSE
495,"A_threshold",0.8,1600,1600,TRUE,TRUE,0.000294117647058824,FALSE,FALSE,FALSE,TRUE,TRUE
496,"A_threshold",0.8,1600,1600,TRUE,TRUE,0.395294117647059,FALSE,FALSE,FALSE,TRUE,TRUE
497,"A_threshold",0.8,2200,NA,TRUE,FALSE,0.00676470588235294,FALSE,FALSE,TRUE,TRUE,FALSE
498,"A_threshold",0.8,NA,NA,FALSE,FALSE,0.356470588235294,FALSE,TRUE,TRUE,FALSE,FALSE
499,"A_threshold",0.8,NA,NA,FALSE,FALSE,0,FALSE,TRUE,TRUE,FALSE,FALSE
500,"A_threshold",0.8,1600,NA,TRUE,FALSE,0.200882352941176,FALSE,FALSE,TRUE,TRUE,FALSE
1,"B_smooth_logistic",0.8,1600,1600,TRUE,TRUE,0.813235294117647,TRUE,TRUE,TRUE,FALSE,FALSE
2,"B_smooth_logistic",0.8,1600,1600,TRUE,TRUE,1,TRUE,TRUE,TRUE,FALSE,FALSE
3,"B_smooth_logistic",0.8,1600,1600,TRUE,TRUE,1,TRUE,TRUE,TRUE,FALSE,FALSE
4,"B_smooth_logistic",0.8,1600,1600,TRUE,TRUE,0.694705882352941,TRUE,TRUE,TRUE,FALSE,FALSE
5,"B_smooth_logistic",0.8,1600,1600,TRUE,TRUE,0.839705882352941,TRUE,TRUE,TRUE,FALSE,FALSE
6,"B_smooth_logistic",0.8,1600,1600,TRUE,TRUE,0.779117647058824,TRUE,TRUE,TRUE,FALSE,FALSE
7,"B_smooth_logistic",0.8,2800,3400,TRUE,TRUE,0.573823529411765,TRUE,TRUE,TRUE,FALSE,FALSE
8,"B_smooth_logistic",0.8,3400,NA,TRUE,FALSE,0.653823529411765,TRUE,TRUE,FALSE,FALSE,FALSE
9,"B_smooth_logistic",0.8,1600,1600,TRUE,TRUE,0.924411764705882,TRUE,TRUE,TRUE,FALSE,FALSE
10,"B_smooth_logistic",0.8,1600,1600,TRUE,TRUE,1,TRUE,TRUE,TRUE,FALSE,FALSE
11,"B_smooth_logistic",0.8,1600,1600,TRUE,TRUE,0.898235294117647,TRUE,TRUE,TRUE,FALSE,FALSE
12,"B_smooth_logistic",0.8,3400,3400,TRUE,TRUE,0.587352941176471,TRUE,TRUE,TRUE,FALSE,FALSE
13,"B_smooth_logistic",0.8,1600,1600,TRUE,TRUE,0.852352941176471,TRUE,TRUE,TRUE,FALSE,FALSE
14,"B_smooth_logistic",0.8,1600,2200,TRUE,TRUE,0.623235294117647,TRUE,TRUE,TRUE,FALSE,FALSE
15,"B_smooth_logistic",0.8,1600,1600,TRUE,TRUE,0.945,TRUE,TRUE,TRUE,FALSE,FALSE
16,"B_smooth_logistic",0.8,1600,2200,TRUE,TRUE,1,TRUE,TRUE,TRUE,FALSE,FALSE
17,"B_smooth_logistic",0.8,1600,1600,TRUE,TRUE,0.734705882352941,TRUE,TRUE,TRUE,FALSE,FALSE
18,"B_smooth_logistic",0.8,1600,1600,TRUE,TRUE,0.882647058823529,TRUE,TRUE,TRUE,FALSE,FALSE
19,"B_smooth_logistic",0.8,1600,2200,TRUE,TRUE,1,TRUE,TRUE,TRUE,FALSE,FALSE
20,"B_smooth_logistic",0.8,1600,1600,TRUE,TRUE,0.770588235294118,TRUE,TRUE,TRUE,FALSE,FALSE
21,"B_smooth_logistic",0.8,1600,2800,TRUE,TRUE,1,TRUE,TRUE,TRUE,FALSE,FALSE
22,"B_smooth_logistic",0.8,2200,2800,TRUE,TRUE,0.746764705882353,TRUE,TRUE,TRUE,FALSE,FALSE
23,"B_smooth_logistic",0.8,3400,4000,TRUE,TRUE,0.784117647058823,TRUE,TRUE,TRUE,FALSE,FALSE
24,"B_smooth_logistic",0.8,1600,1600,TRUE,TRUE,1,TRUE,TRUE,TRUE,FALSE,FALSE
25,"B_smooth_logistic",0.8,1600,1600,TRUE,TRUE,1,TRUE,TRUE,TRUE,FALSE,FALSE
26,"B_smooth_logistic",0.8,1600,1600,TRUE,TRUE,1,TRUE,TRUE,TRUE,FALSE,FALSE
27,"B_smooth_logistic",0.8,1600,2800,TRUE,TRUE,1,TRUE,TRUE,TRUE,FALSE,FALSE
28,"B_smooth_logistic",0.8,1600,2200,TRUE,TRUE,1,TRUE,TRUE,TRUE,FALSE,FALSE
29,"B_smooth_logistic",0.8,1600,2800,TRUE,TRUE,1,TRUE,TRUE,TRUE,FALSE,FALSE
30,"B_smooth_logistic",0.8,1600,1600,TRUE,TRUE,0.841764705882353,TRUE,TRUE,TRUE,FALSE,FALSE
31,"B_smooth_logistic",0.8,2200,2200,TRUE,TRUE,0.434117647058824,FALSE,FALSE,FALSE,TRUE,TRUE
32,"B_smooth_logistic",0.8,1600,1600,TRUE,TRUE,0.972941176470588,TRUE,TRUE,TRUE,FALSE,FALSE
33,"B_smooth_logistic",0.8,1600,1600,TRUE,TRUE,0.772058823529412,TRUE,TRUE,TRUE,FALSE,FALSE
34,"B_smooth_logistic",0.8,1600,1600,TRUE,TRUE,0.643823529411765,TRUE,TRUE,TRUE,FALSE,FALSE
35,"B_smooth_logistic",0.8,2200,2800,TRUE,TRUE,0.585294117647059,TRUE,TRUE,TRUE,FALSE,FALSE
36,"B_smooth_logistic",0.8,1600,2200,TRUE,TRUE,1,TRUE,TRUE,TRUE,FALSE,FALSE
37,"B_smooth_logistic",0.8,1600,1600,TRUE,TRUE,0.718529411764706,TRUE,TRUE,TRUE,FALSE,FALSE
38,"B_smooth_logistic",0.8,1600,1600,TRUE,TRUE,1,TRUE,TRUE,TRUE,FALSE,FALSE
39,"B_smooth_logistic",0.8,1600,1600,TRUE,TRUE,0.644705882352941,TRUE,TRUE,TRUE,FALSE,FALSE
40,"B_smooth_logistic",0.8,1600,1600,TRUE,TRUE,1,TRUE,TRUE,TRUE,FALSE,FALSE
41,"B_smooth_logistic",0.8,1600,2200,TRUE,TRUE,0.545,TRUE,TRUE,TRUE,FALSE,FALSE
42,"B_smooth_logistic",0.8,2200,2800,TRUE,TRUE,0.630588235294118,TRUE,TRUE,TRUE,FALSE,FALSE
43,"B_smooth_logistic",0.8,1600,2800,TRUE,TRUE,0.818823529411765,TRUE,TRUE,TRUE,FALSE,FALSE
44,"B_smooth_logistic",0.8,1600,2200,TRUE,TRUE,0.958235294117647,TRUE,TRUE,TRUE,FALSE,FALSE
45,"B_smooth_logistic",0.8,1600,1600,TRUE,TRUE,1,TRUE,TRUE,TRUE,FALSE,FALSE
46,"B_smooth_logistic",0.8,1600,1600,TRUE,TRUE,0.655,TRUE,TRUE,TRUE,FALSE,FALSE
47,"B_smooth_logistic",0.8,1600,1600,TRUE,TRUE,0.791176470588235,TRUE,TRUE,TRUE,FALSE,FALSE
48,"B_smooth_logistic",0.8,1600,1600,TRUE,TRUE,1,TRUE,TRUE,TRUE,FALSE,FALSE
49,"B_smooth_logistic",0.8,2200,2800,TRUE,TRUE,0.675588235294118,TRUE,TRUE,TRUE,FALSE,FALSE
50,"B_smooth_logistic",0.8,1600,1600,TRUE,TRUE,1,TRUE,TRUE,TRUE,FALSE,FALSE
51,"B_smooth_logistic",0.8,1600,3400,TRUE,TRUE,0.497058823529412,FALSE,FALSE,FALSE,TRUE,TRUE
52,"B_smooth_logistic",0.8,1600,1600,TRUE,TRUE,1,TRUE,TRUE,TRUE,FALSE,FALSE
53,"B_smooth_logistic",0.8,NA,NA,FALSE,FALSE,0.469411764705882,FALSE,TRUE,TRUE,FALSE,FALSE
54,"B_smooth_logistic",0.8,1600,1600,TRUE,TRUE,0.669705882352941,TRUE,TRUE,TRUE,FALSE,FALSE
55,"B_smooth_logistic",0.8,1600,3400,TRUE,TRUE,0.626176470588235,TRUE,TRUE,TRUE,FALSE,FALSE
56,"B_smooth_logistic",0.8,1600,2200,TRUE,TRUE,0.851176470588235,TRUE,TRUE,TRUE,FALSE,FALSE
57,"B_smooth_logistic",0.8,1600,1600,TRUE,TRUE,0.642941176470588,TRUE,TRUE,TRUE,FALSE,FALSE
58,"B_smooth_logistic",0.8,1600,1600,TRUE,TRUE,1,TRUE,TRUE,TRUE,FALSE,FALSE
59,"B_smooth_logistic",0.8,2800,2800,TRUE,TRUE,0.994705882352941,TRUE,TRUE,TRUE,FALSE,FALSE
60,"B_smooth_logistic",0.8,1600,1600,TRUE,TRUE,1,TRUE,TRUE,TRUE,FALSE,FALSE
61,"B_smooth_logistic",0.8,1600,2200,TRUE,TRUE,0.898529411764706,TRUE,TRUE,TRUE,FALSE,FALSE
62,"B_smooth_logistic",0.8,1600,2800,TRUE,TRUE,0.749411764705882,TRUE,TRUE,TRUE,FALSE,FALSE
63,"B_smooth_logistic",0.8,1600,1600,TRUE,TRUE,0.875,TRUE,TRUE,TRUE,FALSE,FALSE
64,"B_smooth_logistic",0.8,1600,2200,TRUE,TRUE,0.865588235294118,TRUE,TRUE,TRUE,FALSE,FALSE
65,"B_smooth_logistic",0.8,1600,1600,TRUE,TRUE,0.749117647058824,TRUE,TRUE,TRUE,FALSE,FALSE
66,"B_smooth_logistic",0.8,4000,4000,TRUE,TRUE,0.540294117647059,TRUE,TRUE,TRUE,FALSE,FALSE
67,"B_smooth_logistic",0.8,1600,2200,TRUE,TRUE,0.892941176470588,TRUE,TRUE,TRUE,FALSE,FALSE
68,"B_smooth_logistic",0.8,1600,2200,TRUE,TRUE,1,TRUE,TRUE,TRUE,FALSE,FALSE
69,"B_smooth_logistic",0.8,1600,1600,TRUE,TRUE,0.605588235294118,TRUE,TRUE,TRUE,FALSE,FALSE
70,"B_smooth_logistic",0.8,1600,1600,TRUE,TRUE,1,TRUE,TRUE,TRUE,FALSE,FALSE
71,"B_smooth_logistic",0.8,1600,2200,TRUE,TRUE,0.682058823529412,TRUE,TRUE,TRUE,FALSE,FALSE
72,"B_smooth_logistic",0.8,1600,1600,TRUE,TRUE,0.726176470588235,TRUE,TRUE,TRUE,FALSE,FALSE
73,"B_smooth_logistic",0.8,1600,1600,TRUE,TRUE,0.636470588235294,TRUE,TRUE,TRUE,FALSE,FALSE
74,"B_smooth_logistic",0.8,1600,1600,TRUE,TRUE,0.894117647058824,TRUE,TRUE,TRUE,FALSE,FALSE
75,"B_smooth_logistic",0.8,1600,2200,TRUE,TRUE,0.656176470588235,TRUE,TRUE,TRUE,FALSE,FALSE
76,"B_smooth_logistic",0.8,2200,2200,TRUE,TRUE,0.547058823529412,TRUE,TRUE,TRUE,FALSE,FALSE
77,"B_smooth_logistic",0.8,1600,1600,TRUE,TRUE,0.998823529411765,TRUE,TRUE,TRUE,FALSE,FALSE
78,"B_smooth_logistic",0.8,1600,1600,TRUE,TRUE,0.762941176470588,TRUE,TRUE,TRUE,FALSE,FALSE
79,"B_smooth_logistic",0.8,1600,1600,TRUE,TRUE,1,TRUE,TRUE,TRUE,FALSE,FALSE
80,"B_smooth_logistic",0.8,1600,1600,TRUE,TRUE,0.737352941176471,TRUE,TRUE,TRUE,FALSE,FALSE
81,"B_smooth_logistic",0.8,1600,1600,TRUE,TRUE,1,TRUE,TRUE,TRUE,FALSE,FALSE
82,"B_smooth_logistic",0.8,1600,1600,TRUE,TRUE,1,TRUE,TRUE,TRUE,FALSE,FALSE
83,"B_smooth_logistic",0.8,1600,2800,TRUE,TRUE,1,TRUE,TRUE,TRUE,FALSE,FALSE
84,"B_smooth_logistic",0.8,1600,1600,TRUE,TRUE,0.890882352941176,TRUE,TRUE,TRUE,FALSE,FALSE
85,"B_smooth_logistic",0.8,1600,1600,TRUE,TRUE,0.921176470588235,TRUE,TRUE,TRUE,FALSE,FALSE
86,"B_smooth_logistic",0.8,1600,2800,TRUE,TRUE,1,TRUE,TRUE,TRUE,FALSE,FALSE
87,"B_smooth_logistic",0.8,1600,1600,TRUE,TRUE,1,TRUE,TRUE,TRUE,FALSE,FALSE
88,"B_smooth_logistic",0.8,1600,2200,TRUE,TRUE,0.807352941176471,TRUE,TRUE,TRUE,FALSE,FALSE
89,"B_smooth_logistic",0.8,1600,2200,TRUE,TRUE,1,TRUE,TRUE,TRUE,FALSE,FALSE
90,"B_smooth_logistic",0.8,1600,2200,TRUE,TRUE,0.828235294117647,TRUE,TRUE,TRUE,FALSE,FALSE
91,"B_smooth_logistic",0.8,1600,2800,TRUE,TRUE,0.763235294117647,TRUE,TRUE,TRUE,FALSE,FALSE
92,"B_smooth_logistic",0.8,1600,2800,TRUE,TRUE,1,TRUE,TRUE,TRUE,FALSE,FALSE
93,"B_smooth_logistic",0.8,1600,1600,TRUE,TRUE,0.885294117647059,TRUE,TRUE,TRUE,FALSE,FALSE
94,"B_smooth_logistic",0.8,1600,2800,TRUE,TRUE,1,TRUE,TRUE,TRUE,FALSE,FALSE
95,"B_smooth_logistic",0.8,1600,2200,TRUE,TRUE,1,TRUE,TRUE,TRUE,FALSE,FALSE
96,"B_smooth_logistic",0.8,1600,1600,TRUE,TRUE,1,TRUE,TRUE,TRUE,FALSE,FALSE
97,"B_smooth_logistic",0.8,1600,1600,TRUE,TRUE,0.634705882352941,TRUE,TRUE,TRUE,FALSE,FALSE
98,"B_smooth_logistic",0.8,1600,1600,TRUE,TRUE,0.931176470588235,TRUE,TRUE,TRUE,FALSE,FALSE
99,"B_smooth_logistic",0.8,1600,1600,TRUE,TRUE,1,TRUE,TRUE,TRUE,FALSE,FALSE
100,"B_smooth_logistic",0.8,1600,2200,TRUE,TRUE,0.902352941176471,TRUE,TRUE,TRUE,FALSE,FALSE
101,"B_smooth_logistic",0.8,1600,1600,TRUE,TRUE,1,TRUE,TRUE,TRUE,FALSE,FALSE
102,"B_smooth_logistic",0.8,1600,1600,TRUE,TRUE,0.840294117647059,TRUE,TRUE,TRUE,FALSE,FALSE
103,"B_smooth_logistic",0.8,1600,1600,TRUE,TRUE,0.958823529411765,TRUE,TRUE,TRUE,FALSE,FALSE
104,"B_smooth_logistic",0.8,1600,1600,TRUE,TRUE,0.854705882352941,TRUE,TRUE,TRUE,FALSE,FALSE
105,"B_smooth_logistic",0.8,1600,1600,TRUE,TRUE,0.862352941176471,TRUE,TRUE,TRUE,FALSE,FALSE
106,"B_smooth_logistic",0.8,1600,1600,TRUE,TRUE,0.755,TRUE,TRUE,TRUE,FALSE,FALSE
107,"B_smooth_logistic",0.8,1600,1600,TRUE,TRUE,0.644411764705882,TRUE,TRUE,TRUE,FALSE,FALSE
108,"B_smooth_logistic",0.8,1600,1600,TRUE,TRUE,1,TRUE,TRUE,TRUE,FALSE,FALSE
109,"B_smooth_logistic",0.8,1600,1600,TRUE,TRUE,1,TRUE,TRUE,TRUE,FALSE,FALSE
110,"B_smooth_logistic",0.8,1600,1600,TRUE,TRUE,0.681470588235294,TRUE,TRUE,TRUE,FALSE,FALSE
111,"B_smooth_logistic",0.8,1600,1600,TRUE,TRUE,0.888823529411765,TRUE,TRUE,TRUE,FALSE,FALSE
112,"B_smooth_logistic",0.8,1600,1600,TRUE,TRUE,0.72,TRUE,TRUE,TRUE,FALSE,FALSE
113,"B_smooth_logistic",0.8,1600,4000,TRUE,TRUE,1,TRUE,TRUE,TRUE,FALSE,FALSE
114,"B_smooth_logistic",0.8,1600,1600,TRUE,TRUE,1,TRUE,TRUE,TRUE,FALSE,FALSE
115,"B_smooth_logistic",0.8,1600,2200,TRUE,TRUE,0.800588235294118,TRUE,TRUE,TRUE,FALSE,FALSE
116,"B_smooth_logistic",0.8,1600,1600,TRUE,TRUE,1,TRUE,TRUE,TRUE,FALSE,FALSE
117,"B_smooth_logistic",0.8,1600,1600,TRUE,TRUE,1,TRUE,TRUE,TRUE,FALSE,FALSE
118,"B_smooth_logistic",0.8,1600,1600,TRUE,TRUE,1,TRUE,TRUE,TRUE,FALSE,FALSE
119,"B_smooth_logistic",0.8,1600,2200,TRUE,TRUE,0.830882352941177,TRUE,TRUE,TRUE,FALSE,FALSE
120,"B_smooth_logistic",0.8,1600,1600,TRUE,TRUE,0.695588235294118,TRUE,TRUE,TRUE,FALSE,FALSE
121,"B_smooth_logistic",0.8,1600,1600,TRUE,TRUE,1,TRUE,TRUE,TRUE,FALSE,FALSE
122,"B_smooth_logistic",0.8,2800,3400,TRUE,TRUE,0.691176470588235,TRUE,TRUE,TRUE,FALSE,FALSE
123,"B_smooth_logistic",0.8,1600,1600,TRUE,TRUE,0.680882352941176,TRUE,TRUE,TRUE,FALSE,FALSE
124,"B_smooth_logistic",0.8,1600,3400,TRUE,TRUE,0.762941176470588,TRUE,TRUE,TRUE,FALSE,FALSE
125,"B_smooth_logistic",0.8,1600,2200,TRUE,TRUE,0.716764705882353,TRUE,TRUE,TRUE,FALSE,FALSE
126,"B_smooth_logistic",0.8,1600,3400,TRUE,TRUE,0.742647058823529,TRUE,TRUE,TRUE,FALSE,FALSE
127,"B_smooth_logistic",0.8,1600,1600,TRUE,TRUE,0.881176470588235,TRUE,TRUE,TRUE,FALSE,FALSE
128,"B_smooth_logistic",0.8,2200,3400,TRUE,TRUE,1,TRUE,TRUE,TRUE,FALSE,FALSE
129,"B_smooth_logistic",0.8,1600,1600,TRUE,TRUE,1,TRUE,TRUE,TRUE,FALSE,FALSE
130,"B_smooth_logistic",0.8,1600,1600,TRUE,TRUE,0.667352941176471,TRUE,TRUE,TRUE,FALSE,FALSE
131,"B_smooth_logistic",0.8,2200,2800,TRUE,TRUE,0.633823529411765,TRUE,TRUE,TRUE,FALSE,FALSE
132,"B_smooth_logistic",0.8,1600,1600,TRUE,TRUE,1,TRUE,TRUE,TRUE,FALSE,FALSE
133,"B_smooth_logistic",0.8,1600,1600,TRUE,TRUE,0.606176470588235,TRUE,TRUE,TRUE,FALSE,FALSE
134,"B_smooth_logistic",0.8,1600,1600,TRUE,TRUE,0.748823529411765,TRUE,TRUE,TRUE,FALSE,FALSE
135,"B_smooth_logistic",0.8,1600,1600,TRUE,TRUE,0.827941176470588,TRUE,TRUE,TRUE,FALSE,FALSE
136,"B_smooth_logistic",0.8,1600,2200,TRUE,TRUE,0.872352941176471,TRUE,TRUE,TRUE,FALSE,FALSE
137,"B_smooth_logistic",0.8,1600,1600,TRUE,TRUE,0.898235294117647,TRUE,TRUE,TRUE,FALSE,FALSE
138,"B_smooth_logistic",0.8,1600,1600,TRUE,TRUE,1,TRUE,TRUE,TRUE,FALSE,FALSE
139,"B_smooth_logistic",0.8,1600,1600,TRUE,TRUE,0.790294117647059,TRUE,TRUE,TRUE,FALSE,FALSE
140,"B_smooth_logistic",0.8,1600,2200,TRUE,TRUE,0.650588235294118,TRUE,TRUE,TRUE,FALSE,FALSE
141,"B_smooth_logistic",0.8,1600,1600,TRUE,TRUE,1,TRUE,TRUE,TRUE,FALSE,FALSE
142,"B_smooth_logistic",0.8,1600,1600,TRUE,TRUE,0.852058823529412,TRUE,TRUE,TRUE,FALSE,FALSE
143,"B_smooth_logistic",0.8,1600,1600,TRUE,TRUE,1,TRUE,TRUE,TRUE,FALSE,FALSE
144,"B_smooth_logistic",0.8,2200,2800,TRUE,TRUE,0.613529411764706,TRUE,TRUE,TRUE,FALSE,FALSE
145,"B_smooth_logistic",0.8,1600,1600,TRUE,TRUE,1,TRUE,TRUE,TRUE,FALSE,FALSE
146,"B_smooth_logistic",0.8,1600,1600,TRUE,TRUE,1,TRUE,TRUE,TRUE,FALSE,FALSE
147,"B_smooth_logistic",0.8,1600,1600,TRUE,TRUE,1,TRUE,TRUE,TRUE,FALSE,FALSE
148,"B_smooth_logistic",0.8,1600,2200,TRUE,TRUE,0.630882352941176,TRUE,TRUE,TRUE,FALSE,FALSE
149,"B_smooth_logistic",0.8,1600,1600,TRUE,TRUE,0.680588235294118,TRUE,TRUE,TRUE,FALSE,FALSE
150,"B_smooth_logistic",0.8,1600,1600,TRUE,TRUE,0.998235294117647,TRUE,TRUE,TRUE,FALSE,FALSE
151,"B_smooth_logistic",0.8,1600,1600,TRUE,TRUE,1,TRUE,TRUE,TRUE,FALSE,FALSE
152,"B_smooth_logistic",0.8,1600,1600,TRUE,TRUE,0.560294117647059,TRUE,TRUE,TRUE,FALSE,FALSE
153,"B_smooth_logistic",0.8,1600,1600,TRUE,TRUE,0.808529411764706,TRUE,TRUE,TRUE,FALSE,FALSE
154,"B_smooth_logistic",0.8,1600,2200,TRUE,TRUE,0.665294117647059,TRUE,TRUE,TRUE,FALSE,FALSE
155,"B_smooth_logistic",0.8,1600,2200,TRUE,TRUE,1,TRUE,TRUE,TRUE,FALSE,FALSE
156,"B_smooth_logistic",0.8,1600,1600,TRUE,TRUE,0.660882352941176,TRUE,TRUE,TRUE,FALSE,FALSE
157,"B_smooth_logistic",0.8,1600,2800,TRUE,TRUE,0.704411764705882,TRUE,TRUE,TRUE,FALSE,FALSE
158,"B_smooth_logistic",0.8,1600,1600,TRUE,TRUE,1,TRUE,TRUE,TRUE,FALSE,FALSE
159,"B_smooth_logistic",0.8,1600,1600,TRUE,TRUE,0.719117647058824,TRUE,TRUE,TRUE,FALSE,FALSE
160,"B_smooth_logistic",0.8,1600,1600,TRUE,TRUE,0.867647058823529,TRUE,TRUE,TRUE,FALSE,FALSE
161,"B_smooth_logistic",0.8,1600,2200,TRUE,TRUE,0.541470588235294,TRUE,TRUE,TRUE,FALSE,FALSE
162,"B_smooth_logistic",0.8,1600,1600,TRUE,TRUE,1,TRUE,TRUE,TRUE,FALSE,FALSE
163,"B_smooth_logistic",0.8,1600,1600,TRUE,TRUE,1,TRUE,TRUE,TRUE,FALSE,FALSE
164,"B_smooth_logistic",0.8,2200,2800,TRUE,TRUE,0.697647058823529,TRUE,TRUE,TRUE,FALSE,FALSE
165,"B_smooth_logistic",0.8,1600,2200,TRUE,TRUE,1,TRUE,TRUE,TRUE,FALSE,FALSE
166,"B_smooth_logistic",0.8,1600,1600,TRUE,TRUE,0.682647058823529,TRUE,TRUE,TRUE,FALSE,FALSE
167,"B_smooth_logistic",0.8,1600,3400,TRUE,TRUE,0.951176470588235,TRUE,TRUE,TRUE,FALSE,FALSE
168,"B_smooth_logistic",0.8,1600,1600,TRUE,TRUE,1,TRUE,TRUE,TRUE,FALSE,FALSE
169,"B_smooth_logistic",0.8,1600,2200,TRUE,TRUE,1,TRUE,TRUE,TRUE,FALSE,FALSE
170,"B_smooth_logistic",0.8,1600,1600,TRUE,TRUE,0.768235294117647,TRUE,TRUE,TRUE,FALSE,FALSE
171,"B_smooth_logistic",0.8,1600,2200,TRUE,TRUE,1,TRUE,TRUE,TRUE,FALSE,FALSE
172,"B_smooth_logistic",0.8,1600,1600,TRUE,TRUE,0.496764705882353,FALSE,FALSE,FALSE,TRUE,TRUE
173,"B_smooth_logistic",0.8,1600,1600,TRUE,TRUE,1,TRUE,TRUE,TRUE,FALSE,FALSE
174,"B_smooth_logistic",0.8,1600,2200,TRUE,TRUE,0.856470588235294,TRUE,TRUE,TRUE,FALSE,FALSE
175,"B_smooth_logistic",0.8,1600,1600,TRUE,TRUE,0.749411764705882,TRUE,TRUE,TRUE,FALSE,FALSE
176,"B_smooth_logistic",0.8,1600,1600,TRUE,TRUE,0.943823529411765,TRUE,TRUE,TRUE,FALSE,FALSE
177,"B_smooth_logistic",0.8,1600,1600,TRUE,TRUE,0.585294117647059,TRUE,TRUE,TRUE,FALSE,FALSE
178,"B_smooth_logistic",0.8,1600,1600,TRUE,TRUE,0.737352941176471,TRUE,TRUE,TRUE,FALSE,FALSE
179,"B_smooth_logistic",0.8,1600,2200,TRUE,TRUE,0.663529411764706,TRUE,TRUE,TRUE,FALSE,FALSE
180,"B_smooth_logistic",0.8,1600,1600,TRUE,TRUE,1,TRUE,TRUE,TRUE,FALSE,FALSE
181,"B_smooth_logistic",0.8,1600,1600,TRUE,TRUE,0.668823529411765,TRUE,TRUE,TRUE,FALSE,FALSE
182,"B_smooth_logistic",0.8,1600,1600,TRUE,TRUE,1,TRUE,TRUE,TRUE,FALSE,FALSE
183,"B_smooth_logistic",0.8,1600,1600,TRUE,TRUE,0.836764705882353,TRUE,TRUE,TRUE,FALSE,FALSE
184,"B_smooth_logistic",0.8,1600,1600,TRUE,TRUE,1,TRUE,TRUE,TRUE,FALSE,FALSE
185,"B_smooth_logistic",0.8,1600,1600,TRUE,TRUE,1,TRUE,TRUE,TRUE,FALSE,FALSE
186,"B_smooth_logistic",0.8,1600,1600,TRUE,TRUE,0.531176470588235,TRUE,TRUE,TRUE,FALSE,FALSE
187,"B_smooth_logistic",0.8,1600,1600,TRUE,TRUE,1,TRUE,TRUE,TRUE,FALSE,FALSE
188,"B_smooth_logistic",0.8,1600,2200,TRUE,TRUE,1,TRUE,TRUE,TRUE,FALSE,FALSE
189,"B_smooth_logistic",0.8,1600,1600,TRUE,TRUE,0.646764705882353,TRUE,TRUE,TRUE,FALSE,FALSE
190,"B_smooth_logistic",0.8,1600,2200,TRUE,TRUE,0.619117647058824,TRUE,TRUE,TRUE,FALSE,FALSE
191,"B_smooth_logistic",0.8,1600,2200,TRUE,TRUE,0.798529411764706,TRUE,TRUE,TRUE,FALSE,FALSE
192,"B_smooth_logistic",0.8,1600,1600,TRUE,TRUE,0.784117647058823,TRUE,TRUE,TRUE,FALSE,FALSE
193,"B_smooth_logistic",0.8,1600,1600,TRUE,TRUE,1,TRUE,TRUE,TRUE,FALSE,FALSE
194,"B_smooth_logistic",0.8,1600,1600,TRUE,TRUE,1,TRUE,TRUE,TRUE,FALSE,FALSE
195,"B_smooth_logistic",0.8,1600,2200,TRUE,TRUE,1,TRUE,TRUE,TRUE,FALSE,FALSE
196,"B_smooth_logistic",0.8,2200,2800,TRUE,TRUE,0.94,TRUE,TRUE,TRUE,FALSE,FALSE
197,"B_smooth_logistic",0.8,1600,2200,TRUE,TRUE,0.622352941176471,TRUE,TRUE,TRUE,FALSE,FALSE
198,"B_smooth_logistic",0.8,1600,1600,TRUE,TRUE,1,TRUE,TRUE,TRUE,FALSE,FALSE
199,"B_smooth_logistic",0.8,1600,1600,TRUE,TRUE,1,TRUE,TRUE,TRUE,FALSE,FALSE
200,"B_smooth_logistic",0.8,1600,2200,TRUE,TRUE,1,TRUE,TRUE,TRUE,FALSE,FALSE
201,"B_smooth_logistic",0.8,1600,1600,TRUE,TRUE,0.983529411764706,TRUE,TRUE,TRUE,FALSE,FALSE
202,"B_smooth_logistic",0.8,2200,2200,TRUE,TRUE,0.587058823529412,TRUE,TRUE,TRUE,FALSE,FALSE
203,"B_smooth_logistic",0.8,1600,1600,TRUE,TRUE,0.640294117647059,TRUE,TRUE,TRUE,FALSE,FALSE
204,"B_smooth_logistic",0.8,1600,1600,TRUE,TRUE,1,TRUE,TRUE,TRUE,FALSE,FALSE
205,"B_smooth_logistic",0.8,1600,1600,TRUE,TRUE,0.667352941176471,TRUE,TRUE,TRUE,FALSE,FALSE
206,"B_smooth_logistic",0.8,1600,2200,TRUE,TRUE,0.610588235294118,TRUE,TRUE,TRUE,FALSE,FALSE
207,"B_smooth_logistic",0.8,1600,1600,TRUE,TRUE,0.682941176470588,TRUE,TRUE,TRUE,FALSE,FALSE
208,"B_smooth_logistic",0.8,3400,3400,TRUE,TRUE,0.645588235294118,TRUE,TRUE,TRUE,FALSE,FALSE
209,"B_smooth_logistic",0.8,1600,2200,TRUE,TRUE,0.741176470588235,TRUE,TRUE,TRUE,FALSE,FALSE
210,"B_smooth_logistic",0.8,1600,1600,TRUE,TRUE,1,TRUE,TRUE,TRUE,FALSE,FALSE
211,"B_smooth_logistic",0.8,1600,1600,TRUE,TRUE,1,TRUE,TRUE,TRUE,FALSE,FALSE
212,"B_smooth_logistic",0.8,1600,2200,TRUE,TRUE,0.683529411764706,TRUE,TRUE,TRUE,FALSE,FALSE
213,"B_smooth_logistic",0.8,1600,2200,TRUE,TRUE,1,TRUE,TRUE,TRUE,FALSE,FALSE
214,"B_smooth_logistic",0.8,1600,2200,TRUE,TRUE,0.775588235294118,TRUE,TRUE,TRUE,FALSE,FALSE
215,"B_smooth_logistic",0.8,1600,1600,TRUE,TRUE,0.924117647058823,TRUE,TRUE,TRUE,FALSE,FALSE
216,"B_smooth_logistic",0.8,1600,1600,TRUE,TRUE,1,TRUE,TRUE,TRUE,FALSE,FALSE
217,"B_smooth_logistic",0.8,1600,2200,TRUE,TRUE,0.765882352941176,TRUE,TRUE,TRUE,FALSE,FALSE
218,"B_smooth_logistic",0.8,1600,3400,TRUE,TRUE,0.756176470588235,TRUE,TRUE,TRUE,FALSE,FALSE
219,"B_smooth_logistic",0.8,1600,NA,TRUE,FALSE,0.810294117647059,TRUE,TRUE,FALSE,FALSE,FALSE
220,"B_smooth_logistic",0.8,1600,1600,TRUE,TRUE,0.819705882352941,TRUE,TRUE,TRUE,FALSE,FALSE
221,"B_smooth_logistic",0.8,1600,2200,TRUE,TRUE,1,TRUE,TRUE,TRUE,FALSE,FALSE
222,"B_smooth_logistic",0.8,2200,2800,TRUE,TRUE,0.732352941176471,TRUE,TRUE,TRUE,FALSE,FALSE
223,"B_smooth_logistic",0.8,2200,3400,TRUE,TRUE,0.670588235294118,TRUE,TRUE,TRUE,FALSE,FALSE
224,"B_smooth_logistic",0.8,1600,1600,TRUE,TRUE,1,TRUE,TRUE,TRUE,FALSE,FALSE
225,"B_smooth_logistic",0.8,2200,2800,TRUE,TRUE,0.803235294117647,TRUE,TRUE,TRUE,FALSE,FALSE
226,"B_smooth_logistic",0.8,1600,1600,TRUE,TRUE,0.598823529411765,TRUE,TRUE,TRUE,FALSE,FALSE
227,"B_smooth_logistic",0.8,1600,1600,TRUE,TRUE,1,TRUE,TRUE,TRUE,FALSE,FALSE
228,"B_smooth_logistic",0.8,1600,1600,TRUE,TRUE,0.865,TRUE,TRUE,TRUE,FALSE,FALSE
229,"B_smooth_logistic",0.8,1600,1600,TRUE,TRUE,0.896470588235294,TRUE,TRUE,TRUE,FALSE,FALSE
230,"B_smooth_logistic",0.8,1600,2200,TRUE,TRUE,0.960882352941177,TRUE,TRUE,TRUE,FALSE,FALSE
231,"B_smooth_logistic",0.8,1600,1600,TRUE,TRUE,0.751764705882353,TRUE,TRUE,TRUE,FALSE,FALSE
232,"B_smooth_logistic",0.8,2200,2800,TRUE,TRUE,0.793823529411765,TRUE,TRUE,TRUE,FALSE,FALSE
233,"B_smooth_logistic",0.8,1600,2200,TRUE,TRUE,0.841176470588235,TRUE,TRUE,TRUE,FALSE,FALSE
234,"B_smooth_logistic",0.8,1600,1600,TRUE,TRUE,0.615,TRUE,TRUE,TRUE,FALSE,FALSE
235,"B_smooth_logistic",0.8,1600,1600,TRUE,TRUE,1,TRUE,TRUE,TRUE,FALSE,FALSE
236,"B_smooth_logistic",0.8,1600,2800,TRUE,TRUE,0.884705882352941,TRUE,TRUE,TRUE,FALSE,FALSE
237,"B_smooth_logistic",0.8,1600,2800,TRUE,TRUE,1,TRUE,TRUE,TRUE,FALSE,FALSE
238,"B_smooth_logistic",0.8,1600,1600,TRUE,TRUE,1,TRUE,TRUE,TRUE,FALSE,FALSE
239,"B_smooth_logistic",0.8,1600,2200,TRUE,TRUE,0.542058823529412,TRUE,TRUE,TRUE,FALSE,FALSE
240,"B_smooth_logistic",0.8,1600,1600,TRUE,TRUE,0.900882352941176,TRUE,TRUE,TRUE,FALSE,FALSE
241,"B_smooth_logistic",0.8,1600,2800,TRUE,TRUE,0.747941176470588,TRUE,TRUE,TRUE,FALSE,FALSE
242,"B_smooth_logistic",0.8,NA,NA,FALSE,FALSE,0.468235294117647,FALSE,TRUE,TRUE,FALSE,FALSE
243,"B_smooth_logistic",0.8,1600,1600,TRUE,TRUE,0.636470588235294,TRUE,TRUE,TRUE,FALSE,FALSE
244,"B_smooth_logistic",0.8,1600,1600,TRUE,TRUE,1,TRUE,TRUE,TRUE,FALSE,FALSE
245,"B_smooth_logistic",0.8,2200,2200,TRUE,TRUE,0.722058823529412,TRUE,TRUE,TRUE,FALSE,FALSE
246,"B_smooth_logistic",0.8,1600,1600,TRUE,TRUE,0.747352941176471,TRUE,TRUE,TRUE,FALSE,FALSE
247,"B_smooth_logistic",0.8,1600,1600,TRUE,TRUE,0.912647058823529,TRUE,TRUE,TRUE,FALSE,FALSE
248,"B_smooth_logistic",0.8,1600,1600,TRUE,TRUE,1,TRUE,TRUE,TRUE,FALSE,FALSE
249,"B_smooth_logistic",0.8,1600,2200,TRUE,TRUE,0.714705882352941,TRUE,TRUE,TRUE,FALSE,FALSE
250,"B_smooth_logistic",0.8,1600,2200,TRUE,TRUE,0.920294117647059,TRUE,TRUE,TRUE,FALSE,FALSE
251,"B_smooth_logistic",0.8,1600,1600,TRUE,TRUE,1,TRUE,TRUE,TRUE,FALSE,FALSE
252,"B_smooth_logistic",0.8,1600,1600,TRUE,TRUE,0.702058823529412,TRUE,TRUE,TRUE,FALSE,FALSE
253,"B_smooth_logistic",0.8,1600,1600,TRUE,TRUE,0.803529411764706,TRUE,TRUE,TRUE,FALSE,FALSE
254,"B_smooth_logistic",0.8,1600,1600,TRUE,TRUE,0.768235294117647,TRUE,TRUE,TRUE,FALSE,FALSE
255,"B_smooth_logistic",0.8,1600,1600,TRUE,TRUE,0.642941176470588,TRUE,TRUE,TRUE,FALSE,FALSE
256,"B_smooth_logistic",0.8,1600,2800,TRUE,TRUE,1,TRUE,TRUE,TRUE,FALSE,FALSE
257,"B_smooth_logistic",0.8,1600,2200,TRUE,TRUE,1,TRUE,TRUE,TRUE,FALSE,FALSE
258,"B_smooth_logistic",0.8,1600,1600,TRUE,TRUE,1,TRUE,TRUE,TRUE,FALSE,FALSE
259,"B_smooth_logistic",0.8,1600,2800,TRUE,TRUE,1,TRUE,TRUE,TRUE,FALSE,FALSE
260,"B_smooth_logistic",0.8,1600,1600,TRUE,TRUE,0.852352941176471,TRUE,TRUE,TRUE,FALSE,FALSE
261,"B_smooth_logistic",0.8,1600,1600,TRUE,TRUE,1,TRUE,TRUE,TRUE,FALSE,FALSE
262,"B_smooth_logistic",0.8,2200,2800,TRUE,TRUE,0.871470588235294,TRUE,TRUE,TRUE,FALSE,FALSE
263,"B_smooth_logistic",0.8,NA,NA,FALSE,FALSE,0,FALSE,TRUE,TRUE,FALSE,FALSE
264,"B_smooth_logistic",0.8,1600,2800,TRUE,TRUE,0.640882352941176,TRUE,TRUE,TRUE,FALSE,FALSE
265,"B_smooth_logistic",0.8,1600,1600,TRUE,TRUE,0.729705882352941,TRUE,TRUE,TRUE,FALSE,FALSE
266,"B_smooth_logistic",0.8,1600,1600,TRUE,TRUE,0.502647058823529,TRUE,TRUE,TRUE,FALSE,FALSE
267,"B_smooth_logistic",0.8,1600,1600,TRUE,TRUE,0.765,TRUE,TRUE,TRUE,FALSE,FALSE
268,"B_smooth_logistic",0.8,1600,1600,TRUE,TRUE,0.555588235294118,TRUE,TRUE,TRUE,FALSE,FALSE
269,"B_smooth_logistic",0.8,2200,2800,TRUE,TRUE,0.731176470588235,TRUE,TRUE,TRUE,FALSE,FALSE
270,"B_smooth_logistic",0.8,1600,2200,TRUE,TRUE,1,TRUE,TRUE,TRUE,FALSE,FALSE
271,"B_smooth_logistic",0.8,1600,1600,TRUE,TRUE,0.452647058823529,FALSE,FALSE,FALSE,TRUE,TRUE
272,"B_smooth_logistic",0.8,1600,1600,TRUE,TRUE,1,TRUE,TRUE,TRUE,FALSE,FALSE
273,"B_smooth_logistic",0.8,1600,1600,TRUE,TRUE,1,TRUE,TRUE,TRUE,FALSE,FALSE
274,"B_smooth_logistic",0.8,1600,NA,TRUE,FALSE,0.477647058823529,FALSE,FALSE,TRUE,TRUE,FALSE
275,"B_smooth_logistic",0.8,4000,4000,TRUE,TRUE,0.547647058823529,TRUE,TRUE,TRUE,FALSE,FALSE
276,"B_smooth_logistic",0.8,1600,1600,TRUE,TRUE,0.977352941176471,TRUE,TRUE,TRUE,FALSE,FALSE
277,"B_smooth_logistic",0.8,1600,1600,TRUE,TRUE,0.574117647058824,TRUE,TRUE,TRUE,FALSE,FALSE
278,"B_smooth_logistic",0.8,1600,1600,TRUE,TRUE,0.823235294117647,TRUE,TRUE,TRUE,FALSE,FALSE
279,"B_smooth_logistic",0.8,1600,1600,TRUE,TRUE,0.680294117647059,TRUE,TRUE,TRUE,FALSE,FALSE
280,"B_smooth_logistic",0.8,1600,1600,TRUE,TRUE,1,TRUE,TRUE,TRUE,FALSE,FALSE
281,"B_smooth_logistic",0.8,1600,2200,TRUE,TRUE,0.740882352941176,TRUE,TRUE,TRUE,FALSE,FALSE
282,"B_smooth_logistic",0.8,1600,1600,TRUE,TRUE,0.984117647058824,TRUE,TRUE,TRUE,FALSE,FALSE
283,"B_smooth_logistic",0.8,1600,2200,TRUE,TRUE,0.496470588235294,FALSE,FALSE,FALSE,TRUE,TRUE
284,"B_smooth_logistic",0.8,1600,1600,TRUE,TRUE,0.761176470588235,TRUE,TRUE,TRUE,FALSE,FALSE
285,"B_smooth_logistic",0.8,1600,1600,TRUE,TRUE,1,TRUE,TRUE,TRUE,FALSE,FALSE
286,"B_smooth_logistic",0.8,1600,2200,TRUE,TRUE,0.869411764705882,TRUE,TRUE,TRUE,FALSE,FALSE
287,"B_smooth_logistic",0.8,1600,1600,TRUE,TRUE,0.678823529411765,TRUE,TRUE,TRUE,FALSE,FALSE
288,"B_smooth_logistic",0.8,1600,1600,TRUE,TRUE,1,TRUE,TRUE,TRUE,FALSE,FALSE
289,"B_smooth_logistic",0.8,1600,1600,TRUE,TRUE,0.885294117647059,TRUE,TRUE,TRUE,FALSE,FALSE
290,"B_smooth_logistic",0.8,1600,2200,TRUE,TRUE,1,TRUE,TRUE,TRUE,FALSE,FALSE
291,"B_smooth_logistic",0.8,1600,1600,TRUE,TRUE,0.793823529411765,TRUE,TRUE,TRUE,FALSE,FALSE
292,"B_smooth_logistic",0.8,1600,1600,TRUE,TRUE,0.799705882352941,TRUE,TRUE,TRUE,FALSE,FALSE
293,"B_smooth_logistic",0.8,1600,1600,TRUE,TRUE,0.678823529411765,TRUE,TRUE,TRUE,FALSE,FALSE
294,"B_smooth_logistic",0.8,1600,1600,TRUE,TRUE,1,TRUE,TRUE,TRUE,FALSE,FALSE
295,"B_smooth_logistic",0.8,1600,2200,TRUE,TRUE,0.627058823529412,TRUE,TRUE,TRUE,FALSE,FALSE
296,"B_smooth_logistic",0.8,1600,1600,TRUE,TRUE,0.700588235294118,TRUE,TRUE,TRUE,FALSE,FALSE
297,"B_smooth_logistic",0.8,1600,1600,TRUE,TRUE,0.779411764705882,TRUE,TRUE,TRUE,FALSE,FALSE
298,"B_smooth_logistic",0.8,1600,1600,TRUE,TRUE,0.883235294117647,TRUE,TRUE,TRUE,FALSE,FALSE
299,"B_smooth_logistic",0.8,1600,1600,TRUE,TRUE,1,TRUE,TRUE,TRUE,FALSE,FALSE
300,"B_smooth_logistic",0.8,1600,1600,TRUE,TRUE,0.763529411764706,TRUE,TRUE,TRUE,FALSE,FALSE
301,"B_smooth_logistic",0.8,1600,1600,TRUE,TRUE,0.724117647058824,TRUE,TRUE,TRUE,FALSE,FALSE
302,"B_smooth_logistic",0.8,1600,1600,TRUE,TRUE,0.953235294117647,TRUE,TRUE,TRUE,FALSE,FALSE
303,"B_smooth_logistic",0.8,1600,2200,TRUE,TRUE,0.727352941176471,TRUE,TRUE,TRUE,FALSE,FALSE
304,"B_smooth_logistic",0.8,1600,1600,TRUE,TRUE,1,TRUE,TRUE,TRUE,FALSE,FALSE
305,"B_smooth_logistic",0.8,1600,1600,TRUE,TRUE,0.971470588235294,TRUE,TRUE,TRUE,FALSE,FALSE
306,"B_smooth_logistic",0.8,1600,2200,TRUE,TRUE,0.722058823529412,TRUE,TRUE,TRUE,FALSE,FALSE
307,"B_smooth_logistic",0.8,1600,2200,TRUE,TRUE,0.725,TRUE,TRUE,TRUE,FALSE,FALSE
308,"B_smooth_logistic",0.8,1600,1600,TRUE,TRUE,0.698823529411765,TRUE,TRUE,TRUE,FALSE,FALSE
309,"B_smooth_logistic",0.8,1600,1600,TRUE,TRUE,1,TRUE,TRUE,TRUE,FALSE,FALSE
310,"B_smooth_logistic",0.8,1600,1600,TRUE,TRUE,1,TRUE,TRUE,TRUE,FALSE,FALSE
311,"B_smooth_logistic",0.8,1600,2200,TRUE,TRUE,0.647941176470588,TRUE,TRUE,TRUE,FALSE,FALSE
312,"B_smooth_logistic",0.8,1600,1600,TRUE,TRUE,0.767647058823529,TRUE,TRUE,TRUE,FALSE,FALSE
313,"B_smooth_logistic",0.8,1600,1600,TRUE,TRUE,0.687352941176471,TRUE,TRUE,TRUE,FALSE,FALSE
314,"B_smooth_logistic",0.8,1600,2200,TRUE,TRUE,1,TRUE,TRUE,TRUE,FALSE,FALSE
315,"B_smooth_logistic",0.8,1600,1600,TRUE,TRUE,1,TRUE,TRUE,TRUE,FALSE,FALSE
316,"B_smooth_logistic",0.8,1600,1600,TRUE,TRUE,0.997352941176471,TRUE,TRUE,TRUE,FALSE,FALSE
317,"B_smooth_logistic",0.8,1600,2800,TRUE,TRUE,1,TRUE,TRUE,TRUE,FALSE,FALSE
318,"B_smooth_logistic",0.8,1600,1600,TRUE,TRUE,1,TRUE,TRUE,TRUE,FALSE,FALSE
319,"B_smooth_logistic",0.8,1600,1600,TRUE,TRUE,0.967352941176471,TRUE,TRUE,TRUE,FALSE,FALSE
320,"B_smooth_logistic",0.8,1600,2200,TRUE,TRUE,0.975882352941176,TRUE,TRUE,TRUE,FALSE,FALSE
321,"B_smooth_logistic",0.8,1600,1600,TRUE,TRUE,0.916176470588235,TRUE,TRUE,TRUE,FALSE,FALSE
322,"B_smooth_logistic",0.8,1600,2200,TRUE,TRUE,0.851176470588235,TRUE,TRUE,TRUE,FALSE,FALSE
323,"B_smooth_logistic",0.8,1600,1600,TRUE,TRUE,0.719411764705882,TRUE,TRUE,TRUE,FALSE,FALSE
324,"B_smooth_logistic",0.8,1600,2200,TRUE,TRUE,0.743823529411765,TRUE,TRUE,TRUE,FALSE,FALSE
325,"B_smooth_logistic",0.8,1600,1600,TRUE,TRUE,0.846470588235294,TRUE,TRUE,TRUE,FALSE,FALSE
326,"B_smooth_logistic",0.8,1600,1600,TRUE,TRUE,0.660588235294118,TRUE,TRUE,TRUE,FALSE,FALSE
327,"B_smooth_logistic",0.8,2200,3400,TRUE,TRUE,0.733235294117647,TRUE,TRUE,TRUE,FALSE,FALSE
328,"B_smooth_logistic",0.8,2200,3400,TRUE,TRUE,0.660882352941176,TRUE,TRUE,TRUE,FALSE,FALSE
329,"B_smooth_logistic",0.8,1600,1600,TRUE,TRUE,0.647352941176471,TRUE,TRUE,TRUE,FALSE,FALSE
330,"B_smooth_logistic",0.8,1600,1600,TRUE,TRUE,1,TRUE,TRUE,TRUE,FALSE,FALSE
331,"B_smooth_logistic",0.8,1600,2800,TRUE,TRUE,1,TRUE,TRUE,TRUE,FALSE,FALSE
332,"B_smooth_logistic",0.8,1600,1600,TRUE,TRUE,1,TRUE,TRUE,TRUE,FALSE,FALSE
333,"B_smooth_logistic",0.8,1600,1600,TRUE,TRUE,0.741470588235294,TRUE,TRUE,TRUE,FALSE,FALSE
334,"B_smooth_logistic",0.8,1600,1600,TRUE,TRUE,0.948529411764706,TRUE,TRUE,TRUE,FALSE,FALSE
335,"B_smooth_logistic",0.8,1600,2200,TRUE,TRUE,0.687352941176471,TRUE,TRUE,TRUE,FALSE,FALSE
336,"B_smooth_logistic",0.8,1600,1600,TRUE,TRUE,0.659705882352941,TRUE,TRUE,TRUE,FALSE,FALSE
337,"B_smooth_logistic",0.8,1600,1600,TRUE,TRUE,1,TRUE,TRUE,TRUE,FALSE,FALSE
338,"B_smooth_logistic",0.8,1600,2200,TRUE,TRUE,0.784411764705882,TRUE,TRUE,TRUE,FALSE,FALSE
339,"B_smooth_logistic",0.8,2200,2800,TRUE,TRUE,1,TRUE,TRUE,TRUE,FALSE,FALSE
340,"B_smooth_logistic",0.8,1600,1600,TRUE,TRUE,0.705294117647059,TRUE,TRUE,TRUE,FALSE,FALSE
341,"B_smooth_logistic",0.8,1600,1600,TRUE,TRUE,1,TRUE,TRUE,TRUE,FALSE,FALSE
342,"B_smooth_logistic",0.8,1600,1600,TRUE,TRUE,0.723823529411765,TRUE,TRUE,TRUE,FALSE,FALSE
343,"B_smooth_logistic",0.8,1600,1600,TRUE,TRUE,1,TRUE,TRUE,TRUE,FALSE,FALSE
344,"B_smooth_logistic",0.8,1600,1600,TRUE,TRUE,1,TRUE,TRUE,TRUE,FALSE,FALSE
345,"B_smooth_logistic",0.8,1600,1600,TRUE,TRUE,0.651176470588235,TRUE,TRUE,TRUE,FALSE,FALSE
346,"B_smooth_logistic",0.8,1600,1600,TRUE,TRUE,0.812941176470588,TRUE,TRUE,TRUE,FALSE,FALSE
347,"B_smooth_logistic",0.8,1600,1600,TRUE,TRUE,0.660588235294118,TRUE,TRUE,TRUE,FALSE,FALSE
348,"B_smooth_logistic",0.8,1600,1600,TRUE,TRUE,1,TRUE,TRUE,TRUE,FALSE,FALSE
349,"B_smooth_logistic",0.8,1600,1600,TRUE,TRUE,0.795294117647059,TRUE,TRUE,TRUE,FALSE,FALSE
350,"B_smooth_logistic",0.8,1600,1600,TRUE,TRUE,0.961764705882353,TRUE,TRUE,TRUE,FALSE,FALSE
351,"B_smooth_logistic",0.8,1600,1600,TRUE,TRUE,0.925588235294118,TRUE,TRUE,TRUE,FALSE,FALSE
352,"B_smooth_logistic",0.8,1600,1600,TRUE,TRUE,0.658529411764706,TRUE,TRUE,TRUE,FALSE,FALSE
353,"B_smooth_logistic",0.8,2200,4000,TRUE,TRUE,0.883823529411765,TRUE,TRUE,TRUE,FALSE,FALSE
354,"B_smooth_logistic",0.8,1600,1600,TRUE,TRUE,1,TRUE,TRUE,TRUE,FALSE,FALSE
355,"B_smooth_logistic",0.8,1600,1600,TRUE,TRUE,0.951176470588235,TRUE,TRUE,TRUE,FALSE,FALSE
356,"B_smooth_logistic",0.8,1600,2200,TRUE,TRUE,0.78,TRUE,TRUE,TRUE,FALSE,FALSE
357,"B_smooth_logistic",0.8,1600,2200,TRUE,TRUE,1,TRUE,TRUE,TRUE,FALSE,FALSE
358,"B_smooth_logistic",0.8,1600,4000,TRUE,TRUE,1,TRUE,TRUE,TRUE,FALSE,FALSE
359,"B_smooth_logistic",0.8,1600,2200,TRUE,TRUE,1,TRUE,TRUE,TRUE,FALSE,FALSE
360,"B_smooth_logistic",0.8,1600,3400,TRUE,TRUE,0.578823529411765,TRUE,TRUE,TRUE,FALSE,FALSE
361,"B_smooth_logistic",0.8,1600,2200,TRUE,TRUE,0.912941176470588,TRUE,TRUE,TRUE,FALSE,FALSE
362,"B_smooth_logistic",0.8,1600,1600,TRUE,TRUE,0.959117647058824,TRUE,TRUE,TRUE,FALSE,FALSE
363,"B_smooth_logistic",0.8,1600,1600,TRUE,TRUE,0.615294117647059,TRUE,TRUE,TRUE,FALSE,FALSE
364,"B_smooth_logistic",0.8,1600,1600,TRUE,TRUE,1,TRUE,TRUE,TRUE,FALSE,FALSE
365,"B_smooth_logistic",0.8,1600,1600,TRUE,TRUE,0.812941176470588,TRUE,TRUE,TRUE,FALSE,FALSE
366,"B_smooth_logistic",0.8,1600,2200,TRUE,TRUE,0.649705882352941,TRUE,TRUE,TRUE,FALSE,FALSE
367,"B_smooth_logistic",0.8,1600,1600,TRUE,TRUE,1,TRUE,TRUE,TRUE,FALSE,FALSE
368,"B_smooth_logistic",0.8,1600,1600,TRUE,TRUE,0.596176470588235,TRUE,TRUE,TRUE,FALSE,FALSE
369,"B_smooth_logistic",0.8,1600,2200,TRUE,TRUE,0.821470588235294,TRUE,TRUE,TRUE,FALSE,FALSE
370,"B_smooth_logistic",0.8,2200,3400,TRUE,TRUE,1,TRUE,TRUE,TRUE,FALSE,FALSE
371,"B_smooth_logistic",0.8,2800,2800,TRUE,TRUE,0.511176470588235,TRUE,TRUE,TRUE,FALSE,FALSE
372,"B_smooth_logistic",0.8,2200,NA,TRUE,FALSE,1,TRUE,TRUE,FALSE,FALSE,FALSE
373,"B_smooth_logistic",0.8,1600,2800,TRUE,TRUE,0.916470588235294,TRUE,TRUE,TRUE,FALSE,FALSE
374,"B_smooth_logistic",0.8,1600,2800,TRUE,TRUE,1,TRUE,TRUE,TRUE,FALSE,FALSE
375,"B_smooth_logistic",0.8,1600,1600,TRUE,TRUE,0.772352941176471,TRUE,TRUE,TRUE,FALSE,FALSE
376,"B_smooth_logistic",0.8,1600,1600,TRUE,TRUE,0.582647058823529,TRUE,TRUE,TRUE,FALSE,FALSE
377,"B_smooth_logistic",0.8,1600,1600,TRUE,TRUE,0.868235294117647,TRUE,TRUE,TRUE,FALSE,FALSE
378,"B_smooth_logistic",0.8,1600,1600,TRUE,TRUE,0.673823529411765,TRUE,TRUE,TRUE,FALSE,FALSE
379,"B_smooth_logistic",0.8,1600,2200,TRUE,TRUE,1,TRUE,TRUE,TRUE,FALSE,FALSE
380,"B_smooth_logistic",0.8,1600,1600,TRUE,TRUE,0.68,TRUE,TRUE,TRUE,FALSE,FALSE
381,"B_smooth_logistic",0.8,1600,1600,TRUE,TRUE,1,TRUE,TRUE,TRUE,FALSE,FALSE
382,"B_smooth_logistic",0.8,1600,1600,TRUE,TRUE,0.722647058823529,TRUE,TRUE,TRUE,FALSE,FALSE
383,"B_smooth_logistic",0.8,1600,2200,TRUE,TRUE,0.933529411764706,TRUE,TRUE,TRUE,FALSE,FALSE
384,"B_smooth_logistic",0.8,1600,1600,TRUE,TRUE,1,TRUE,TRUE,TRUE,FALSE,FALSE
385,"B_smooth_logistic",0.8,2800,4000,TRUE,TRUE,0.701764705882353,TRUE,TRUE,TRUE,FALSE,FALSE
386,"B_smooth_logistic",0.8,1600,2200,TRUE,TRUE,0.879705882352941,TRUE,TRUE,TRUE,FALSE,FALSE
387,"B_smooth_logistic",0.8,1600,1600,TRUE,TRUE,0.997647058823529,TRUE,TRUE,TRUE,FALSE,FALSE
388,"B_smooth_logistic",0.8,1600,2200,TRUE,TRUE,0.57,TRUE,TRUE,TRUE,FALSE,FALSE
389,"B_smooth_logistic",0.8,1600,1600,TRUE,TRUE,1,TRUE,TRUE,TRUE,FALSE,FALSE
390,"B_smooth_logistic",0.8,1600,1600,TRUE,TRUE,0.845588235294118,TRUE,TRUE,TRUE,FALSE,FALSE
391,"B_smooth_logistic",0.8,1600,1600,TRUE,TRUE,0.926764705882353,TRUE,TRUE,TRUE,FALSE,FALSE
392,"B_smooth_logistic",0.8,1600,1600,TRUE,TRUE,0.509117647058824,TRUE,TRUE,TRUE,FALSE,FALSE
393,"B_smooth_logistic",0.8,1600,1600,TRUE,TRUE,1,TRUE,TRUE,TRUE,FALSE,FALSE
394,"B_smooth_logistic",0.8,2200,2800,TRUE,TRUE,0.848235294117647,TRUE,TRUE,TRUE,FALSE,FALSE
395,"B_smooth_logistic",0.8,1600,1600,TRUE,TRUE,0.802352941176471,TRUE,TRUE,TRUE,FALSE,FALSE
396,"B_smooth_logistic",0.8,1600,1600,TRUE,TRUE,1,TRUE,TRUE,TRUE,FALSE,FALSE
397,"B_smooth_logistic",0.8,1600,2800,TRUE,TRUE,1,TRUE,TRUE,TRUE,FALSE,FALSE
398,"B_smooth_logistic",0.8,1600,1600,TRUE,TRUE,1,TRUE,TRUE,TRUE,FALSE,FALSE
399,"B_smooth_logistic",0.8,1600,1600,TRUE,TRUE,0.811470588235294,TRUE,TRUE,TRUE,FALSE,FALSE
400,"B_smooth_logistic",0.8,1600,1600,TRUE,TRUE,0.821470588235294,TRUE,TRUE,TRUE,FALSE,FALSE
401,"B_smooth_logistic",0.8,1600,1600,TRUE,TRUE,1,TRUE,TRUE,TRUE,FALSE,FALSE
402,"B_smooth_logistic",0.8,1600,1600,TRUE,TRUE,1,TRUE,TRUE,TRUE,FALSE,FALSE
403,"B_smooth_logistic",0.8,1600,2200,TRUE,TRUE,0.829705882352941,TRUE,TRUE,TRUE,FALSE,FALSE
404,"B_smooth_logistic",0.8,1600,1600,TRUE,TRUE,1,TRUE,TRUE,TRUE,FALSE,FALSE
405,"B_smooth_logistic",0.8,1600,1600,TRUE,TRUE,1,TRUE,TRUE,TRUE,FALSE,FALSE
406,"B_smooth_logistic",0.8,1600,1600,TRUE,TRUE,1,TRUE,TRUE,TRUE,FALSE,FALSE
407,"B_smooth_logistic",0.8,1600,2200,TRUE,TRUE,1,TRUE,TRUE,TRUE,FALSE,FALSE
408,"B_smooth_logistic",0.8,1600,2800,TRUE,TRUE,1,TRUE,TRUE,TRUE,FALSE,FALSE
409,"B_smooth_logistic",0.8,1600,1600,TRUE,TRUE,0.692058823529412,TRUE,TRUE,TRUE,FALSE,FALSE
410,"B_smooth_logistic",0.8,1600,1600,TRUE,TRUE,0.618235294117647,TRUE,TRUE,TRUE,FALSE,FALSE
411,"B_smooth_logistic",0.8,1600,2200,TRUE,TRUE,0.557647058823529,TRUE,TRUE,TRUE,FALSE,FALSE
412,"B_smooth_logistic",0.8,1600,1600,TRUE,TRUE,0.812058823529412,TRUE,TRUE,TRUE,FALSE,FALSE
413,"B_smooth_logistic",0.8,1600,1600,TRUE,TRUE,1,TRUE,TRUE,TRUE,FALSE,FALSE
414,"B_smooth_logistic",0.8,1600,1600,TRUE,TRUE,0.851176470588235,TRUE,TRUE,TRUE,FALSE,FALSE
415,"B_smooth_logistic",0.8,1600,2200,TRUE,TRUE,0.859411764705882,TRUE,TRUE,TRUE,FALSE,FALSE
416,"B_smooth_logistic",0.8,1600,1600,TRUE,TRUE,0.900882352941176,TRUE,TRUE,TRUE,FALSE,FALSE
417,"B_smooth_logistic",0.8,1600,1600,TRUE,TRUE,1,TRUE,TRUE,TRUE,FALSE,FALSE
418,"B_smooth_logistic",0.8,1600,1600,TRUE,TRUE,0.577647058823529,TRUE,TRUE,TRUE,FALSE,FALSE
419,"B_smooth_logistic",0.8,1600,2200,TRUE,TRUE,1,TRUE,TRUE,TRUE,FALSE,FALSE
420,"B_smooth_logistic",0.8,1600,1600,TRUE,TRUE,0.832058823529412,TRUE,TRUE,TRUE,FALSE,FALSE
421,"B_smooth_logistic",0.8,1600,1600,TRUE,TRUE,0.910294117647059,TRUE,TRUE,TRUE,FALSE,FALSE
422,"B_smooth_logistic",0.8,1600,2200,TRUE,TRUE,0.751176470588235,TRUE,TRUE,TRUE,FALSE,FALSE
423,"B_smooth_logistic",0.8,1600,1600,TRUE,TRUE,1,TRUE,TRUE,TRUE,FALSE,FALSE
424,"B_smooth_logistic",0.8,3400,4000,TRUE,TRUE,0.627941176470588,TRUE,TRUE,TRUE,FALSE,FALSE
425,"B_smooth_logistic",0.8,2800,3400,TRUE,TRUE,0.544117647058823,TRUE,TRUE,TRUE,FALSE,FALSE
426,"B_smooth_logistic",0.8,1600,1600,TRUE,TRUE,0.944117647058824,TRUE,TRUE,TRUE,FALSE,FALSE
427,"B_smooth_logistic",0.8,1600,1600,TRUE,TRUE,1,TRUE,TRUE,TRUE,FALSE,FALSE
428,"B_smooth_logistic",0.8,1600,1600,TRUE,TRUE,0.640294117647059,TRUE,TRUE,TRUE,FALSE,FALSE
429,"B_smooth_logistic",0.8,1600,1600,TRUE,TRUE,0.883235294117647,TRUE,TRUE,TRUE,FALSE,FALSE
430,"B_smooth_logistic",0.8,1600,2200,TRUE,TRUE,0.709705882352941,TRUE,TRUE,TRUE,FALSE,FALSE
431,"B_smooth_logistic",0.8,1600,1600,TRUE,TRUE,0.588823529411765,TRUE,TRUE,TRUE,FALSE,FALSE
432,"B_smooth_logistic",0.8,1600,1600,TRUE,TRUE,1,TRUE,TRUE,TRUE,FALSE,FALSE
433,"B_smooth_logistic",0.8,1600,1600,TRUE,TRUE,0.924117647058823,TRUE,TRUE,TRUE,FALSE,FALSE
434,"B_smooth_logistic",0.8,1600,1600,TRUE,TRUE,0.669411764705882,TRUE,TRUE,TRUE,FALSE,FALSE
435,"B_smooth_logistic",0.8,1600,1600,TRUE,TRUE,1,TRUE,TRUE,TRUE,FALSE,FALSE
436,"B_smooth_logistic",0.8,1600,1600,TRUE,TRUE,0.835882352941177,TRUE,TRUE,TRUE,FALSE,FALSE
437,"B_smooth_logistic",0.8,1600,2200,TRUE,TRUE,1,TRUE,TRUE,TRUE,FALSE,FALSE
438,"B_smooth_logistic",0.8,1600,2200,TRUE,TRUE,0.850882352941176,TRUE,TRUE,TRUE,FALSE,FALSE
439,"B_smooth_logistic",0.8,1600,1600,TRUE,TRUE,0.746764705882353,TRUE,TRUE,TRUE,FALSE,FALSE
440,"B_smooth_logistic",0.8,1600,1600,TRUE,TRUE,1,TRUE,TRUE,TRUE,FALSE,FALSE
441,"B_smooth_logistic",0.8,1600,2200,TRUE,TRUE,0.699117647058824,TRUE,TRUE,TRUE,FALSE,FALSE
442,"B_smooth_logistic",0.8,1600,1600,TRUE,TRUE,1,TRUE,TRUE,TRUE,FALSE,FALSE
443,"B_smooth_logistic",0.8,1600,1600,TRUE,TRUE,1,TRUE,TRUE,TRUE,FALSE,FALSE
444,"B_smooth_logistic",0.8,1600,2200,TRUE,TRUE,0.707647058823529,TRUE,TRUE,TRUE,FALSE,FALSE
445,"B_smooth_logistic",0.8,1600,1600,TRUE,TRUE,1,TRUE,TRUE,TRUE,FALSE,FALSE
446,"B_smooth_logistic",0.8,1600,2200,TRUE,TRUE,0.950588235294118,TRUE,TRUE,TRUE,FALSE,FALSE
447,"B_smooth_logistic",0.8,1600,1600,TRUE,TRUE,0.748823529411765,TRUE,TRUE,TRUE,FALSE,FALSE
448,"B_smooth_logistic",0.8,1600,1600,TRUE,TRUE,0.781176470588235,TRUE,TRUE,TRUE,FALSE,FALSE
449,"B_smooth_logistic",0.8,1600,3400,TRUE,TRUE,1,TRUE,TRUE,TRUE,FALSE,FALSE
450,"B_smooth_logistic",0.8,1600,1600,TRUE,TRUE,1,TRUE,TRUE,TRUE,FALSE,FALSE
451,"B_smooth_logistic",0.8,1600,1600,TRUE,TRUE,0.739411764705882,TRUE,TRUE,TRUE,FALSE,FALSE
452,"B_smooth_logistic",0.8,1600,1600,TRUE,TRUE,0.811764705882353,TRUE,TRUE,TRUE,FALSE,FALSE
453,"B_smooth_logistic",0.8,1600,1600,TRUE,TRUE,0.832941176470588,TRUE,TRUE,TRUE,FALSE,FALSE
454,"B_smooth_logistic",0.8,1600,1600,TRUE,TRUE,0.837352941176471,TRUE,TRUE,TRUE,FALSE,FALSE
455,"B_smooth_logistic",0.8,1600,2800,TRUE,TRUE,1,TRUE,TRUE,TRUE,FALSE,FALSE
456,"B_smooth_logistic",0.8,1600,1600,TRUE,TRUE,0.822058823529412,TRUE,TRUE,TRUE,FALSE,FALSE
457,"B_smooth_logistic",0.8,1600,1600,TRUE,TRUE,0.816470588235294,TRUE,TRUE,TRUE,FALSE,FALSE
458,"B_smooth_logistic",0.8,2200,2800,TRUE,TRUE,1,TRUE,TRUE,TRUE,FALSE,FALSE
459,"B_smooth_logistic",0.8,1600,1600,TRUE,TRUE,0.636764705882353,TRUE,TRUE,TRUE,FALSE,FALSE
460,"B_smooth_logistic",0.8,1600,1600,TRUE,TRUE,1,TRUE,TRUE,TRUE,FALSE,FALSE
461,"B_smooth_logistic",0.8,1600,1600,TRUE,TRUE,0.591470588235294,TRUE,TRUE,TRUE,FALSE,FALSE
462,"B_smooth_logistic",0.8,1600,2800,TRUE,TRUE,0.795882352941176,TRUE,TRUE,TRUE,FALSE,FALSE
463,"B_smooth_logistic",0.8,1600,1600,TRUE,TRUE,0.927647058823529,TRUE,TRUE,TRUE,FALSE,FALSE
464,"B_smooth_logistic",0.8,2800,3400,TRUE,TRUE,1,TRUE,TRUE,TRUE,FALSE,FALSE
465,"B_smooth_logistic",0.8,1600,1600,TRUE,TRUE,0.869117647058824,TRUE,TRUE,TRUE,FALSE,FALSE
466,"B_smooth_logistic",0.8,NA,NA,FALSE,FALSE,0.449705882352941,FALSE,TRUE,TRUE,FALSE,FALSE
467,"B_smooth_logistic",0.8,1600,2200,TRUE,TRUE,1,TRUE,TRUE,TRUE,FALSE,FALSE
468,"B_smooth_logistic",0.8,1600,1600,TRUE,TRUE,1,TRUE,TRUE,TRUE,FALSE,FALSE
469,"B_smooth_logistic",0.8,1600,1600,TRUE,TRUE,0.993529411764706,TRUE,TRUE,TRUE,FALSE,FALSE
470,"B_smooth_logistic",0.8,1600,2200,TRUE,TRUE,0.575882352941177,TRUE,TRUE,TRUE,FALSE,FALSE
471,"B_smooth_logistic",0.8,2200,2800,TRUE,TRUE,1,TRUE,TRUE,TRUE,FALSE,FALSE
472,"B_smooth_logistic",0.8,2200,2800,TRUE,TRUE,0.712941176470588,TRUE,TRUE,TRUE,FALSE,FALSE
473,"B_smooth_logistic",0.8,1600,2200,TRUE,TRUE,0.915,TRUE,TRUE,TRUE,FALSE,FALSE
474,"B_smooth_logistic",0.8,1600,1600,TRUE,TRUE,0.549705882352941,TRUE,TRUE,TRUE,FALSE,FALSE
475,"B_smooth_logistic",0.8,1600,1600,TRUE,TRUE,1,TRUE,TRUE,TRUE,FALSE,FALSE
476,"B_smooth_logistic",0.8,1600,1600,TRUE,TRUE,1,TRUE,TRUE,TRUE,FALSE,FALSE
477,"B_smooth_logistic",0.8,1600,1600,TRUE,TRUE,0.775882352941176,TRUE,TRUE,TRUE,FALSE,FALSE
478,"B_smooth_logistic",0.8,NA,NA,FALSE,FALSE,0.451764705882353,FALSE,TRUE,TRUE,FALSE,FALSE
479,"B_smooth_logistic",0.8,1600,2200,TRUE,TRUE,1,TRUE,TRUE,TRUE,FALSE,FALSE
480,"B_smooth_logistic",0.8,1600,2200,TRUE,TRUE,0.698235294117647,TRUE,TRUE,TRUE,FALSE,FALSE
481,"B_smooth_logistic",0.8,1600,1600,TRUE,TRUE,1,TRUE,TRUE,TRUE,FALSE,FALSE
482,"B_smooth_logistic",0.8,1600,2200,TRUE,TRUE,0.941176470588235,TRUE,TRUE,TRUE,FALSE,FALSE
483,"B_smooth_logistic",0.8,1600,1600,TRUE,TRUE,0.667352941176471,TRUE,TRUE,TRUE,FALSE,FALSE
484,"B_smooth_logistic",0.8,1600,1600,TRUE,TRUE,1,TRUE,TRUE,TRUE,FALSE,FALSE
485,"B_smooth_logistic",0.8,1600,2200,TRUE,TRUE,0.636176470588235,TRUE,TRUE,TRUE,FALSE,FALSE
486,"B_smooth_logistic",0.8,1600,1600,TRUE,TRUE,0.739411764705882,TRUE,TRUE,TRUE,FALSE,FALSE
487,"B_smooth_logistic",0.8,1600,1600,TRUE,TRUE,0.722647058823529,TRUE,TRUE,TRUE,FALSE,FALSE
488,"B_smooth_logistic",0.8,1600,1600,TRUE,TRUE,1,TRUE,TRUE,TRUE,FALSE,FALSE
489,"B_smooth_logistic",0.8,1600,1600,TRUE,TRUE,0.740294117647059,TRUE,TRUE,TRUE,FALSE,FALSE
490,"B_smooth_logistic",0.8,1600,2200,TRUE,TRUE,0.803823529411765,TRUE,TRUE,TRUE,FALSE,FALSE
491,"B_smooth_logistic",0.8,1600,1600,TRUE,TRUE,1,TRUE,TRUE,TRUE,FALSE,FALSE
492,"B_smooth_logistic",0.8,1600,1600,TRUE,TRUE,0.542058823529412,TRUE,TRUE,TRUE,FALSE,FALSE
493,"B_smooth_logistic",0.8,1600,1600,TRUE,TRUE,1,TRUE,TRUE,TRUE,FALSE,FALSE
494,"B_smooth_logistic",0.8,1600,1600,TRUE,TRUE,0.662647058823529,TRUE,TRUE,TRUE,FALSE,FALSE
495,"B_smooth_logistic",0.8,1600,1600,TRUE,TRUE,1,TRUE,TRUE,TRUE,FALSE,FALSE
496,"B_smooth_logistic",0.8,1600,1600,TRUE,TRUE,1,TRUE,TRUE,TRUE,FALSE,FALSE
497,"B_smooth_logistic",0.8,1600,1600,TRUE,TRUE,0.965,TRUE,TRUE,TRUE,FALSE,FALSE
498,"B_smooth_logistic",0.8,1600,2200,TRUE,TRUE,1,TRUE,TRUE,TRUE,FALSE,FALSE
499,"B_smooth_logistic",0.8,1600,2200,TRUE,TRUE,0.643823529411765,TRUE,TRUE,TRUE,FALSE,FALSE
500,"B_smooth_logistic",0.8,1600,1600,TRUE,TRUE,0.686470588235294,TRUE,TRUE,TRUE,FALSE,FALSE
1,"A_threshold",0.9,1600,NA,TRUE,FALSE,0.222058823529412,FALSE,FALSE,TRUE,TRUE,FALSE
2,"A_threshold",0.9,NA,NA,FALSE,FALSE,0.133235294117647,FALSE,TRUE,TRUE,FALSE,FALSE
3,"A_threshold",0.9,1600,NA,TRUE,FALSE,0.356470588235294,FALSE,FALSE,TRUE,TRUE,FALSE
4,"A_threshold",0.9,NA,NA,FALSE,FALSE,0.0773529411764706,FALSE,TRUE,TRUE,FALSE,FALSE
5,"A_threshold",0.9,NA,NA,FALSE,FALSE,0,FALSE,TRUE,TRUE,FALSE,FALSE
6,"A_threshold",0.9,2200,NA,TRUE,FALSE,0.582058823529412,TRUE,TRUE,FALSE,FALSE,FALSE
7,"A_threshold",0.9,1600,NA,TRUE,FALSE,0.398235294117647,FALSE,FALSE,TRUE,TRUE,FALSE
8,"A_threshold",0.9,NA,NA,FALSE,FALSE,0.00176470588235294,FALSE,TRUE,TRUE,FALSE,FALSE
9,"A_threshold",0.9,NA,NA,FALSE,FALSE,0.118235294117647,FALSE,TRUE,TRUE,FALSE,FALSE
10,"A_threshold",0.9,2200,NA,TRUE,FALSE,0.302352941176471,FALSE,FALSE,TRUE,TRUE,FALSE
11,"A_threshold",0.9,2800,NA,TRUE,FALSE,0.569411764705882,TRUE,TRUE,FALSE,FALSE,FALSE
12,"A_threshold",0.9,NA,NA,FALSE,FALSE,0,FALSE,TRUE,TRUE,FALSE,FALSE
13,"A_threshold",0.9,NA,NA,FALSE,FALSE,0.173235294117647,FALSE,TRUE,TRUE,FALSE,FALSE
14,"A_threshold",0.9,NA,NA,FALSE,FALSE,0.0535294117647059,FALSE,TRUE,TRUE,FALSE,FALSE
15,"A_threshold",0.9,NA,NA,FALSE,FALSE,0.00117647058823529,FALSE,TRUE,TRUE,FALSE,FALSE
16,"A_threshold",0.9,NA,NA,FALSE,FALSE,0.08,FALSE,TRUE,TRUE,FALSE,FALSE
17,"A_threshold",0.9,NA,NA,FALSE,FALSE,0.286764705882353,FALSE,TRUE,TRUE,FALSE,FALSE
18,"A_threshold",0.9,4000,NA,TRUE,FALSE,0.543823529411765,TRUE,TRUE,FALSE,FALSE,FALSE
19,"A_threshold",0.9,NA,NA,FALSE,FALSE,0.0367647058823529,FALSE,TRUE,TRUE,FALSE,FALSE
20,"A_threshold",0.9,1600,NA,TRUE,FALSE,0.294705882352941,FALSE,FALSE,TRUE,TRUE,FALSE
21,"A_threshold",0.9,NA,NA,FALSE,FALSE,0.113235294117647,FALSE,TRUE,TRUE,FALSE,FALSE
22,"A_threshold",0.9,NA,NA,FALSE,FALSE,0.0288235294117647,FALSE,TRUE,TRUE,FALSE,FALSE
23,"A_threshold",0.9,NA,NA,FALSE,FALSE,0,FALSE,TRUE,TRUE,FALSE,FALSE
24,"A_threshold",0.9,NA,NA,FALSE,FALSE,0.152058823529412,FALSE,TRUE,TRUE,FALSE,FALSE
25,"A_threshold",0.9,2800,NA,TRUE,FALSE,0.357941176470588,FALSE,FALSE,TRUE,TRUE,FALSE
26,"A_threshold",0.9,1600,2200,TRUE,TRUE,0.332352941176471,FALSE,FALSE,FALSE,TRUE,TRUE
27,"A_threshold",0.9,1600,NA,TRUE,FALSE,0.223235294117647,FALSE,FALSE,TRUE,TRUE,FALSE
28,"A_threshold",0.9,NA,NA,FALSE,FALSE,0.0847058823529412,FALSE,TRUE,TRUE,FALSE,FALSE
29,"A_threshold",0.9,NA,NA,FALSE,FALSE,0.238529411764706,FALSE,TRUE,TRUE,FALSE,FALSE
30,"A_threshold",0.9,NA,NA,FALSE,FALSE,0.0814705882352941,FALSE,TRUE,TRUE,FALSE,FALSE
31,"A_threshold",0.9,NA,NA,FALSE,FALSE,0.0723529411764706,FALSE,TRUE,TRUE,FALSE,FALSE
32,"A_threshold",0.9,NA,NA,FALSE,FALSE,0.0214705882352941,FALSE,TRUE,TRUE,FALSE,FALSE
33,"A_threshold",0.9,1600,NA,TRUE,FALSE,0.00264705882352941,FALSE,FALSE,TRUE,TRUE,FALSE
34,"A_threshold",0.9,NA,NA,FALSE,FALSE,0.423529411764706,FALSE,TRUE,TRUE,FALSE,FALSE
35,"A_threshold",0.9,1600,1600,TRUE,TRUE,0.588823529411765,TRUE,TRUE,TRUE,FALSE,FALSE
36,"A_threshold",0.9,NA,NA,FALSE,FALSE,0.286176470588235,FALSE,TRUE,TRUE,FALSE,FALSE
37,"A_threshold",0.9,NA,NA,FALSE,FALSE,0.0158823529411765,FALSE,TRUE,TRUE,FALSE,FALSE
38,"A_threshold",0.9,NA,NA,FALSE,FALSE,0.190294117647059,FALSE,TRUE,TRUE,FALSE,FALSE
39,"A_threshold",0.9,1600,NA,TRUE,FALSE,0.0870588235294118,FALSE,FALSE,TRUE,TRUE,FALSE
40,"A_threshold",0.9,NA,NA,FALSE,FALSE,0.0691176470588235,FALSE,TRUE,TRUE,FALSE,FALSE
41,"A_threshold",0.9,1600,1600,TRUE,TRUE,0.412058823529412,FALSE,FALSE,FALSE,TRUE,TRUE
42,"A_threshold",0.9,NA,NA,FALSE,FALSE,0.0255882352941176,FALSE,TRUE,TRUE,FALSE,FALSE
43,"A_threshold",0.9,NA,NA,FALSE,FALSE,0.113235294117647,FALSE,TRUE,TRUE,FALSE,FALSE
44,"A_threshold",0.9,1600,2800,TRUE,TRUE,0.732352941176471,TRUE,TRUE,TRUE,FALSE,FALSE
45,"A_threshold",0.9,2800,3400,TRUE,TRUE,0.434705882352941,FALSE,FALSE,FALSE,TRUE,TRUE
46,"A_threshold",0.9,NA,NA,FALSE,FALSE,0.279705882352941,FALSE,TRUE,TRUE,FALSE,FALSE
47,"A_threshold",0.9,1600,NA,TRUE,FALSE,0.570294117647059,TRUE,TRUE,FALSE,FALSE,FALSE
48,"A_threshold",0.9,1600,2800,TRUE,TRUE,0.563823529411765,TRUE,TRUE,TRUE,FALSE,FALSE
49,"A_threshold",0.9,NA,NA,FALSE,FALSE,0.167058823529412,FALSE,TRUE,TRUE,FALSE,FALSE
50,"A_threshold",0.9,1600,NA,TRUE,FALSE,0.619411764705882,TRUE,TRUE,FALSE,FALSE,FALSE
51,"A_threshold",0.9,NA,NA,FALSE,FALSE,0.395882352941176,FALSE,TRUE,TRUE,FALSE,FALSE
52,"A_threshold",0.9,NA,NA,FALSE,FALSE,0.302941176470588,FALSE,TRUE,TRUE,FALSE,FALSE
53,"A_threshold",0.9,NA,NA,FALSE,FALSE,0.39,FALSE,TRUE,TRUE,FALSE,FALSE
54,"A_threshold",0.9,NA,NA,FALSE,FALSE,0.075,FALSE,TRUE,TRUE,FALSE,FALSE
55,"A_threshold",0.9,NA,NA,FALSE,FALSE,0.337647058823529,FALSE,TRUE,TRUE,FALSE,FALSE
56,"A_threshold",0.9,NA,NA,FALSE,FALSE,0.447647058823529,FALSE,TRUE,TRUE,FALSE,FALSE
57,"A_threshold",0.9,NA,NA,FALSE,FALSE,0.135882352941176,FALSE,TRUE,TRUE,FALSE,FALSE
58,"A_threshold",0.9,NA,NA,FALSE,FALSE,0.265,FALSE,TRUE,TRUE,FALSE,FALSE
59,"A_threshold",0.9,NA,NA,FALSE,FALSE,0.0117647058823529,FALSE,TRUE,TRUE,FALSE,FALSE
60,"A_threshold",0.9,NA,NA,FALSE,FALSE,0.327647058823529,FALSE,TRUE,TRUE,FALSE,FALSE
61,"A_threshold",0.9,NA,NA,FALSE,FALSE,0,FALSE,TRUE,TRUE,FALSE,FALSE
62,"A_threshold",0.9,NA,NA,FALSE,FALSE,0.400294117647059,FALSE,TRUE,TRUE,FALSE,FALSE
63,"A_threshold",0.9,1600,2200,TRUE,TRUE,0.447647058823529,FALSE,FALSE,FALSE,TRUE,TRUE
64,"A_threshold",0.9,1600,NA,TRUE,FALSE,0.111764705882353,FALSE,FALSE,TRUE,TRUE,FALSE
65,"A_threshold",0.9,3400,NA,TRUE,FALSE,0.468823529411765,FALSE,FALSE,TRUE,TRUE,FALSE
66,"A_threshold",0.9,NA,NA,FALSE,FALSE,0.149117647058824,FALSE,TRUE,TRUE,FALSE,FALSE
67,"A_threshold",0.9,1600,1600,TRUE,TRUE,0.377352941176471,FALSE,FALSE,FALSE,TRUE,TRUE
68,"A_threshold",0.9,1600,2200,TRUE,TRUE,0.992941176470588,TRUE,TRUE,TRUE,FALSE,FALSE
69,"A_threshold",0.9,2200,NA,TRUE,FALSE,0,FALSE,FALSE,TRUE,TRUE,FALSE
70,"A_threshold",0.9,1600,2200,TRUE,TRUE,0.409411764705882,FALSE,FALSE,FALSE,TRUE,TRUE
71,"A_threshold",0.9,1600,2800,TRUE,TRUE,0.114705882352941,FALSE,FALSE,FALSE,TRUE,TRUE
72,"A_threshold",0.9,NA,NA,FALSE,FALSE,0.305882352941176,FALSE,TRUE,TRUE,FALSE,FALSE
73,"A_threshold",0.9,NA,NA,FALSE,FALSE,0.459117647058824,FALSE,TRUE,TRUE,FALSE,FALSE
74,"A_threshold",0.9,1600,NA,TRUE,FALSE,0.420588235294118,FALSE,FALSE,TRUE,TRUE,FALSE
75,"A_threshold",0.9,NA,NA,FALSE,FALSE,0.0376470588235294,FALSE,TRUE,TRUE,FALSE,FALSE
76,"A_threshold",0.9,NA,NA,FALSE,FALSE,0.283235294117647,FALSE,TRUE,TRUE,FALSE,FALSE
77,"A_threshold",0.9,1600,4000,TRUE,TRUE,1,TRUE,TRUE,TRUE,FALSE,FALSE
78,"A_threshold",0.9,NA,NA,FALSE,FALSE,0.0126470588235294,FALSE,TRUE,TRUE,FALSE,FALSE
79,"A_threshold",0.9,1600,1600,TRUE,TRUE,0.262941176470588,FALSE,FALSE,FALSE,TRUE,TRUE
80,"A_threshold",0.9,1600,NA,TRUE,FALSE,0.389117647058824,FALSE,FALSE,TRUE,TRUE,FALSE
81,"A_threshold",0.9,NA,NA,FALSE,FALSE,0,FALSE,TRUE,TRUE,FALSE,FALSE
82,"A_threshold",0.9,1600,1600,TRUE,TRUE,0.877352941176471,TRUE,TRUE,TRUE,FALSE,FALSE
83,"A_threshold",0.9,NA,NA,FALSE,FALSE,0.397352941176471,FALSE,TRUE,TRUE,FALSE,FALSE
84,"A_threshold",0.9,2200,2800,TRUE,TRUE,0.606470588235294,TRUE,TRUE,TRUE,FALSE,FALSE
85,"A_threshold",0.9,NA,NA,FALSE,FALSE,0,FALSE,TRUE,TRUE,FALSE,FALSE
86,"A_threshold",0.9,NA,NA,FALSE,FALSE,0.321470588235294,FALSE,TRUE,TRUE,FALSE,FALSE
87,"A_threshold",0.9,2200,2800,TRUE,TRUE,0.112058823529412,FALSE,FALSE,FALSE,TRUE,TRUE
88,"A_threshold",0.9,NA,NA,FALSE,FALSE,0.268529411764706,FALSE,TRUE,TRUE,FALSE,FALSE
89,"A_threshold",0.9,NA,NA,FALSE,FALSE,0.248823529411765,FALSE,TRUE,TRUE,FALSE,FALSE
90,"A_threshold",0.9,1600,NA,TRUE,FALSE,0.532058823529412,TRUE,TRUE,FALSE,FALSE,FALSE
91,"A_threshold",0.9,NA,NA,FALSE,FALSE,0.134117647058824,FALSE,TRUE,TRUE,FALSE,FALSE
92,"A_threshold",0.9,NA,NA,FALSE,FALSE,0.189705882352941,FALSE,TRUE,TRUE,FALSE,FALSE
93,"A_threshold",0.9,NA,NA,FALSE,FALSE,0.295588235294118,FALSE,TRUE,TRUE,FALSE,FALSE
94,"A_threshold",0.9,NA,NA,FALSE,FALSE,0.442352941176471,FALSE,TRUE,TRUE,FALSE,FALSE
95,"A_threshold",0.9,1600,2200,TRUE,TRUE,0.508235294117647,TRUE,TRUE,TRUE,FALSE,FALSE
96,"A_threshold",0.9,NA,NA,FALSE,FALSE,0.192352941176471,FALSE,TRUE,TRUE,FALSE,FALSE
97,"A_threshold",0.9,NA,NA,FALSE,FALSE,0.253823529411765,FALSE,TRUE,TRUE,FALSE,FALSE
98,"A_threshold",0.9,NA,NA,FALSE,FALSE,0.326176470588235,FALSE,TRUE,TRUE,FALSE,FALSE
99,"A_threshold",0.9,NA,NA,FALSE,FALSE,0,FALSE,TRUE,TRUE,FALSE,FALSE
100,"A_threshold",0.9,NA,NA,FALSE,FALSE,0,FALSE,TRUE,TRUE,FALSE,FALSE
101,"A_threshold",0.9,1600,1600,TRUE,TRUE,0.751176470588235,TRUE,TRUE,TRUE,FALSE,FALSE
102,"A_threshold",0.9,2200,NA,TRUE,FALSE,0.452352941176471,FALSE,FALSE,TRUE,TRUE,FALSE
103,"A_threshold",0.9,NA,NA,FALSE,FALSE,0.344411764705882,FALSE,TRUE,TRUE,FALSE,FALSE
104,"A_threshold",0.9,NA,NA,FALSE,FALSE,0,FALSE,TRUE,TRUE,FALSE,FALSE
105,"A_threshold",0.9,1600,4000,TRUE,TRUE,0.611470588235294,TRUE,TRUE,TRUE,FALSE,FALSE
106,"A_threshold",0.9,2200,3400,TRUE,TRUE,0.569117647058824,TRUE,TRUE,TRUE,FALSE,FALSE
107,"A_threshold",0.9,1600,1600,TRUE,TRUE,0.610588235294118,TRUE,TRUE,TRUE,FALSE,FALSE
108,"A_threshold",0.9,NA,NA,FALSE,FALSE,0.288529411764706,FALSE,TRUE,TRUE,FALSE,FALSE
109,"A_threshold",0.9,1600,1600,TRUE,TRUE,0.562647058823529,TRUE,TRUE,TRUE,FALSE,FALSE
110,"A_threshold",0.9,NA,NA,FALSE,FALSE,0.313823529411765,FALSE,TRUE,TRUE,FALSE,FALSE
111,"A_threshold",0.9,NA,NA,FALSE,FALSE,0,FALSE,TRUE,TRUE,FALSE,FALSE
112,"A_threshold",0.9,2800,4000,TRUE,TRUE,0.946176470588235,TRUE,TRUE,TRUE,FALSE,FALSE
113,"A_threshold",0.9,NA,NA,FALSE,FALSE,0.312058823529412,FALSE,TRUE,TRUE,FALSE,FALSE
114,"A_threshold",0.9,1600,1600,TRUE,TRUE,0.474705882352941,FALSE,FALSE,FALSE,TRUE,TRUE
115,"A_threshold",0.9,NA,NA,FALSE,FALSE,0.00617647058823529,FALSE,TRUE,TRUE,FALSE,FALSE
116,"A_threshold",0.9,NA,NA,FALSE,FALSE,0.268529411764706,FALSE,TRUE,TRUE,FALSE,FALSE
117,"A_threshold",0.9,NA,NA,FALSE,FALSE,0.0644117647058823,FALSE,TRUE,TRUE,FALSE,FALSE
118,"A_threshold",0.9,NA,NA,FALSE,FALSE,0.327352941176471,FALSE,TRUE,TRUE,FALSE,FALSE
119,"A_threshold",0.9,NA,NA,FALSE,FALSE,0,FALSE,TRUE,TRUE,FALSE,FALSE
120,"A_threshold",0.9,NA,NA,FALSE,FALSE,0.325294117647059,FALSE,TRUE,TRUE,FALSE,FALSE
121,"A_threshold",0.9,NA,NA,FALSE,FALSE,0.262647058823529,FALSE,TRUE,TRUE,FALSE,FALSE
122,"A_threshold",0.9,1600,2200,TRUE,TRUE,0.606764705882353,TRUE,TRUE,TRUE,FALSE,FALSE
123,"A_threshold",0.9,NA,NA,FALSE,FALSE,0,FALSE,TRUE,TRUE,FALSE,FALSE
124,"A_threshold",0.9,1600,1600,TRUE,TRUE,0.140588235294118,FALSE,FALSE,FALSE,TRUE,TRUE
125,"A_threshold",0.9,NA,NA,FALSE,FALSE,0.313823529411765,FALSE,TRUE,TRUE,FALSE,FALSE
126,"A_threshold",0.9,NA,NA,FALSE,FALSE,0.238823529411765,FALSE,TRUE,TRUE,FALSE,FALSE
127,"A_threshold",0.9,1600,NA,TRUE,FALSE,0.242941176470588,FALSE,FALSE,TRUE,TRUE,FALSE
128,"A_threshold",0.9,1600,3400,TRUE,TRUE,0.677058823529412,TRUE,TRUE,TRUE,FALSE,FALSE
129,"A_threshold",0.9,NA,NA,FALSE,FALSE,0.168235294117647,FALSE,TRUE,TRUE,FALSE,FALSE
130,"A_threshold",0.9,1600,NA,TRUE,FALSE,0.314411764705882,FALSE,FALSE,TRUE,TRUE,FALSE
131,"A_threshold",0.9,NA,NA,FALSE,FALSE,0.213529411764706,FALSE,TRUE,TRUE,FALSE,FALSE
132,"A_threshold",0.9,1600,1600,TRUE,TRUE,0.690882352941177,TRUE,TRUE,TRUE,FALSE,FALSE
133,"A_threshold",0.9,3400,4000,TRUE,TRUE,0.625882352941176,TRUE,TRUE,TRUE,FALSE,FALSE
134,"A_threshold",0.9,1600,1600,TRUE,TRUE,0.350294117647059,FALSE,FALSE,FALSE,TRUE,TRUE
135,"A_threshold",0.9,1600,1600,TRUE,TRUE,0.612352941176471,TRUE,TRUE,TRUE,FALSE,FALSE
136,"A_threshold",0.9,NA,NA,FALSE,FALSE,0.0676470588235294,FALSE,TRUE,TRUE,FALSE,FALSE
137,"A_threshold",0.9,4000,4000,TRUE,TRUE,0.516764705882353,TRUE,TRUE,TRUE,FALSE,FALSE
138,"A_threshold",0.9,1600,NA,TRUE,FALSE,0.145,FALSE,FALSE,TRUE,TRUE,FALSE
139,"A_threshold",0.9,NA,NA,FALSE,FALSE,0.215294117647059,FALSE,TRUE,TRUE,FALSE,FALSE
140,"A_threshold",0.9,NA,NA,FALSE,FALSE,0.381764705882353,FALSE,TRUE,TRUE,FALSE,FALSE
141,"A_threshold",0.9,2200,2800,TRUE,TRUE,0.535,TRUE,TRUE,TRUE,FALSE,FALSE
142,"A_threshold",0.9,NA,NA,FALSE,FALSE,0,FALSE,TRUE,TRUE,FALSE,FALSE
143,"A_threshold",0.9,NA,NA,FALSE,FALSE,0.207941176470588,FALSE,TRUE,TRUE,FALSE,FALSE
144,"A_threshold",0.9,1600,2800,TRUE,TRUE,0.543235294117647,TRUE,TRUE,TRUE,FALSE,FALSE
145,"A_threshold",0.9,NA,NA,FALSE,FALSE,0.167941176470588,FALSE,TRUE,TRUE,FALSE,FALSE
146,"A_threshold",0.9,NA,NA,FALSE,FALSE,0.203529411764706,FALSE,TRUE,TRUE,FALSE,FALSE
147,"A_threshold",0.9,NA,NA,FALSE,FALSE,0.159411764705882,FALSE,TRUE,TRUE,FALSE,FALSE
148,"A_threshold",0.9,1600,3400,TRUE,TRUE,0.802647058823529,TRUE,TRUE,TRUE,FALSE,FALSE
149,"A_threshold",0.9,NA,NA,FALSE,FALSE,0.322647058823529,FALSE,TRUE,TRUE,FALSE,FALSE
150,"A_threshold",0.9,NA,NA,FALSE,FALSE,0.0238235294117647,FALSE,TRUE,TRUE,FALSE,FALSE
151,"A_threshold",0.9,NA,NA,FALSE,FALSE,0.0723529411764706,FALSE,TRUE,TRUE,FALSE,FALSE
152,"A_threshold",0.9,1600,3400,TRUE,TRUE,0.52,TRUE,TRUE,TRUE,FALSE,FALSE
153,"A_threshold",0.9,NA,NA,FALSE,FALSE,0.0552941176470588,FALSE,TRUE,TRUE,FALSE,FALSE
154,"A_threshold",0.9,2200,NA,TRUE,FALSE,0.422352941176471,FALSE,FALSE,TRUE,TRUE,FALSE
155,"A_threshold",0.9,NA,NA,FALSE,FALSE,0.0367647058823529,FALSE,TRUE,TRUE,FALSE,FALSE
156,"A_threshold",0.9,NA,NA,FALSE,FALSE,0.00558823529411765,FALSE,TRUE,TRUE,FALSE,FALSE
157,"A_threshold",0.9,2800,NA,TRUE,FALSE,0.510588235294118,TRUE,TRUE,FALSE,FALSE,FALSE
158,"A_threshold",0.9,3400,4000,TRUE,TRUE,0.638235294117647,TRUE,TRUE,TRUE,FALSE,FALSE
159,"A_threshold",0.9,1600,NA,TRUE,FALSE,0.297058823529412,FALSE,FALSE,TRUE,TRUE,FALSE
160,"A_threshold",0.9,NA,NA,FALSE,FALSE,0.211176470588235,FALSE,TRUE,TRUE,FALSE,FALSE
161,"A_threshold",0.9,NA,NA,FALSE,FALSE,0.304411764705882,FALSE,TRUE,TRUE,FALSE,FALSE
162,"A_threshold",0.9,NA,NA,FALSE,FALSE,0.257647058823529,FALSE,TRUE,TRUE,FALSE,FALSE
163,"A_threshold",0.9,NA,NA,FALSE,FALSE,0.287941176470588,FALSE,TRUE,TRUE,FALSE,FALSE
164,"A_threshold",0.9,NA,NA,FALSE,FALSE,0,FALSE,TRUE,TRUE,FALSE,FALSE
165,"A_threshold",0.9,3400,NA,TRUE,FALSE,0.447941176470588,FALSE,FALSE,TRUE,TRUE,FALSE
166,"A_threshold",0.9,NA,NA,FALSE,FALSE,0.132058823529412,FALSE,TRUE,TRUE,FALSE,FALSE
167,"A_threshold",0.9,1600,1600,TRUE,TRUE,0.400882352941176,FALSE,FALSE,FALSE,TRUE,TRUE
168,"A_threshold",0.9,NA,NA,FALSE,FALSE,0.313235294117647,FALSE,TRUE,TRUE,FALSE,FALSE
169,"A_threshold",0.9,NA,NA,FALSE,FALSE,0.256764705882353,FALSE,TRUE,TRUE,FALSE,FALSE
170,"A_threshold",0.9,1600,2200,TRUE,TRUE,0.517941176470588,TRUE,TRUE,TRUE,FALSE,FALSE
171,"A_threshold",0.9,1600,NA,TRUE,FALSE,0.405882352941176,FALSE,FALSE,TRUE,TRUE,FALSE
172,"A_threshold",0.9,3400,NA,TRUE,FALSE,0.478823529411765,FALSE,FALSE,TRUE,TRUE,FALSE
173,"A_threshold",0.9,NA,NA,FALSE,FALSE,0.00117647058823529,FALSE,TRUE,TRUE,FALSE,FALSE
174,"A_threshold",0.9,2200,NA,TRUE,FALSE,0.617941176470588,TRUE,TRUE,FALSE,FALSE,FALSE
175,"A_threshold",0.9,1600,1600,TRUE,TRUE,0.306470588235294,FALSE,FALSE,FALSE,TRUE,TRUE
176,"A_threshold",0.9,1600,2200,TRUE,TRUE,0.727058823529412,TRUE,TRUE,TRUE,FALSE,FALSE
177,"A_threshold",0.9,1600,2200,TRUE,TRUE,0.142647058823529,FALSE,FALSE,FALSE,TRUE,TRUE
178,"A_threshold",0.9,NA,NA,FALSE,FALSE,0.0929411764705882,FALSE,TRUE,TRUE,FALSE,FALSE
179,"A_threshold",0.9,NA,NA,FALSE,FALSE,0,FALSE,TRUE,TRUE,FALSE,FALSE
180,"A_threshold",0.9,NA,NA,FALSE,FALSE,0.314117647058824,FALSE,TRUE,TRUE,FALSE,FALSE
181,"A_threshold",0.9,NA,NA,FALSE,FALSE,0.0408823529411765,FALSE,TRUE,TRUE,FALSE,FALSE
182,"A_threshold",0.9,NA,NA,FALSE,FALSE,0.167058823529412,FALSE,TRUE,TRUE,FALSE,FALSE
183,"A_threshold",0.9,NA,NA,FALSE,FALSE,0.345882352941176,FALSE,TRUE,TRUE,FALSE,FALSE
184,"A_threshold",0.9,1600,NA,TRUE,FALSE,0.0161764705882353,FALSE,FALSE,TRUE,TRUE,FALSE
185,"A_threshold",0.9,NA,NA,FALSE,FALSE,0,FALSE,TRUE,TRUE,FALSE,FALSE
186,"A_threshold",0.9,NA,NA,FALSE,FALSE,0.234411764705882,FALSE,TRUE,TRUE,FALSE,FALSE
187,"A_threshold",0.9,NA,NA,FALSE,FALSE,0.0697058823529412,FALSE,TRUE,TRUE,FALSE,FALSE
188,"A_threshold",0.9,1600,1600,TRUE,TRUE,0.79,TRUE,TRUE,TRUE,FALSE,FALSE
189,"A_threshold",0.9,NA,NA,FALSE,FALSE,0.0270588235294118,FALSE,TRUE,TRUE,FALSE,FALSE
190,"A_threshold",0.9,2200,NA,TRUE,FALSE,0.317352941176471,FALSE,FALSE,TRUE,TRUE,FALSE
191,"A_threshold",0.9,NA,NA,FALSE,FALSE,0.0802941176470588,FALSE,TRUE,TRUE,FALSE,FALSE
192,"A_threshold",0.9,NA,NA,FALSE,FALSE,0.000294117647058824,FALSE,TRUE,TRUE,FALSE,FALSE
193,"A_threshold",0.9,NA,NA,FALSE,FALSE,0.0308823529411765,FALSE,TRUE,TRUE,FALSE,FALSE
194,"A_threshold",0.9,NA,NA,FALSE,FALSE,0.0664705882352941,FALSE,TRUE,TRUE,FALSE,FALSE
195,"A_threshold",0.9,1600,1600,TRUE,TRUE,0.694411764705882,TRUE,TRUE,TRUE,FALSE,FALSE
196,"A_threshold",0.9,NA,NA,FALSE,FALSE,0,FALSE,TRUE,TRUE,FALSE,FALSE
197,"A_threshold",0.9,1600,NA,TRUE,FALSE,0.717647058823529,TRUE,TRUE,FALSE,FALSE,FALSE
198,"A_threshold",0.9,NA,NA,FALSE,FALSE,0.0714705882352941,FALSE,TRUE,TRUE,FALSE,FALSE
199,"A_threshold",0.9,1600,NA,TRUE,FALSE,0.305882352941176,FALSE,FALSE,TRUE,TRUE,FALSE
200,"A_threshold",0.9,NA,NA,FALSE,FALSE,0.0841176470588235,FALSE,TRUE,TRUE,FALSE,FALSE
201,"A_threshold",0.9,NA,NA,FALSE,FALSE,0.0697058823529412,FALSE,TRUE,TRUE,FALSE,FALSE
202,"A_threshold",0.9,1600,1600,TRUE,TRUE,0.988529411764706,TRUE,TRUE,TRUE,FALSE,FALSE
203,"A_threshold",0.9,NA,NA,FALSE,FALSE,0.112941176470588,FALSE,TRUE,TRUE,FALSE,FALSE
204,"A_threshold",0.9,NA,NA,FALSE,FALSE,0,FALSE,TRUE,TRUE,FALSE,FALSE
205,"A_threshold",0.9,3400,NA,TRUE,FALSE,0.280882352941176,FALSE,FALSE,TRUE,TRUE,FALSE
206,"A_threshold",0.9,NA,NA,FALSE,FALSE,0.134705882352941,FALSE,TRUE,TRUE,FALSE,FALSE
207,"A_threshold",0.9,4000,NA,TRUE,FALSE,0.551176470588235,TRUE,TRUE,FALSE,FALSE,FALSE
208,"A_threshold",0.9,NA,NA,FALSE,FALSE,0.0585294117647059,FALSE,TRUE,TRUE,FALSE,FALSE
209,"A_threshold",0.9,2200,NA,TRUE,FALSE,0.289705882352941,FALSE,FALSE,TRUE,TRUE,FALSE
210,"A_threshold",0.9,NA,NA,FALSE,FALSE,0.184411764705882,FALSE,TRUE,TRUE,FALSE,FALSE
211,"A_threshold",0.9,NA,NA,FALSE,FALSE,0.129705882352941,FALSE,TRUE,TRUE,FALSE,FALSE
212,"A_threshold",0.9,NA,NA,FALSE,FALSE,0,FALSE,TRUE,TRUE,FALSE,FALSE
213,"A_threshold",0.9,NA,NA,FALSE,FALSE,0.309705882352941,FALSE,TRUE,TRUE,FALSE,FALSE
214,"A_threshold",0.9,NA,NA,FALSE,FALSE,0.0270588235294118,FALSE,TRUE,TRUE,FALSE,FALSE
215,"A_threshold",0.9,1600,2200,TRUE,TRUE,0.752352941176471,TRUE,TRUE,TRUE,FALSE,FALSE
216,"A_threshold",0.9,NA,NA,FALSE,FALSE,0.368823529411765,FALSE,TRUE,TRUE,FALSE,FALSE
217,"A_threshold",0.9,NA,NA,FALSE,FALSE,0,FALSE,TRUE,TRUE,FALSE,FALSE
218,"A_threshold",0.9,NA,NA,FALSE,FALSE,0.358823529411765,FALSE,TRUE,TRUE,FALSE,FALSE
219,"A_threshold",0.9,NA,NA,FALSE,FALSE,0.03,FALSE,TRUE,TRUE,FALSE,FALSE
220,"A_threshold",0.9,1600,1600,TRUE,TRUE,1,TRUE,TRUE,TRUE,FALSE,FALSE
221,"A_threshold",0.9,1600,NA,TRUE,FALSE,0.300294117647059,FALSE,FALSE,TRUE,TRUE,FALSE
222,"A_threshold",0.9,NA,NA,FALSE,FALSE,0.112647058823529,FALSE,TRUE,TRUE,FALSE,FALSE
223,"A_threshold",0.9,3400,NA,TRUE,FALSE,0.650294117647059,TRUE,TRUE,FALSE,FALSE,FALSE
224,"A_threshold",0.9,2200,NA,TRUE,FALSE,0,FALSE,FALSE,TRUE,TRUE,FALSE
225,"A_threshold",0.9,1600,1600,TRUE,TRUE,0.722352941176471,TRUE,TRUE,TRUE,FALSE,FALSE
226,"A_threshold",0.9,1600,NA,TRUE,FALSE,0.345294117647059,FALSE,FALSE,TRUE,TRUE,FALSE
227,"A_threshold",0.9,1600,2200,TRUE,TRUE,0.552647058823529,TRUE,TRUE,TRUE,FALSE,FALSE
228,"A_threshold",0.9,NA,NA,FALSE,FALSE,0.430882352941176,FALSE,TRUE,TRUE,FALSE,FALSE
229,"A_threshold",0.9,1600,NA,TRUE,FALSE,0.430294117647059,FALSE,FALSE,TRUE,TRUE,FALSE
230,"A_threshold",0.9,NA,NA,FALSE,FALSE,0.00382352941176471,FALSE,TRUE,TRUE,FALSE,FALSE
231,"A_threshold",0.9,1600,NA,TRUE,FALSE,0.855,TRUE,TRUE,FALSE,FALSE,FALSE
232,"A_threshold",0.9,NA,NA,FALSE,FALSE,0.194411764705882,FALSE,TRUE,TRUE,FALSE,FALSE
233,"A_threshold",0.9,NA,NA,FALSE,FALSE,0.0838235294117647,FALSE,TRUE,TRUE,FALSE,FALSE
234,"A_threshold",0.9,1600,NA,TRUE,FALSE,0.0694117647058824,FALSE,FALSE,TRUE,TRUE,FALSE
235,"A_threshold",0.9,NA,NA,FALSE,FALSE,0.190882352941176,FALSE,TRUE,TRUE,FALSE,FALSE
236,"A_threshold",0.9,2200,4000,TRUE,TRUE,0.895588235294118,TRUE,TRUE,TRUE,FALSE,FALSE
237,"A_threshold",0.9,1600,2200,TRUE,TRUE,0.846176470588235,TRUE,TRUE,TRUE,FALSE,FALSE
238,"A_threshold",0.9,NA,NA,FALSE,FALSE,0.123235294117647,FALSE,TRUE,TRUE,FALSE,FALSE
239,"A_threshold",0.9,NA,NA,FALSE,FALSE,0.289411764705882,FALSE,TRUE,TRUE,FALSE,FALSE
240,"A_threshold",0.9,NA,NA,FALSE,FALSE,0.383823529411765,FALSE,TRUE,TRUE,FALSE,FALSE
241,"A_threshold",0.9,NA,NA,FALSE,FALSE,0.210294117647059,FALSE,TRUE,TRUE,FALSE,FALSE
242,"A_threshold",0.9,NA,NA,FALSE,FALSE,0.358529411764706,FALSE,TRUE,TRUE,FALSE,FALSE
243,"A_threshold",0.9,NA,NA,FALSE,FALSE,0.304411764705882,FALSE,TRUE,TRUE,FALSE,FALSE
244,"A_threshold",0.9,NA,NA,FALSE,FALSE,0.0620588235294118,FALSE,TRUE,TRUE,FALSE,FALSE
245,"A_threshold",0.9,NA,NA,FALSE,FALSE,0.147647058823529,FALSE,TRUE,TRUE,FALSE,FALSE
246,"A_threshold",0.9,1600,NA,TRUE,FALSE,0.711176470588235,TRUE,TRUE,FALSE,FALSE,FALSE
247,"A_threshold",0.9,NA,NA,FALSE,FALSE,0.119411764705882,FALSE,TRUE,TRUE,FALSE,FALSE
248,"A_threshold",0.9,2200,NA,TRUE,FALSE,0.265588235294118,FALSE,FALSE,TRUE,TRUE,FALSE
249,"A_threshold",0.9,3400,NA,TRUE,FALSE,0.696470588235294,TRUE,TRUE,FALSE,FALSE,FALSE
250,"A_threshold",0.9,1600,4000,TRUE,TRUE,0.657058823529412,TRUE,TRUE,TRUE,FALSE,FALSE
251,"A_threshold",0.9,NA,NA,FALSE,FALSE,0.0164705882352941,FALSE,TRUE,TRUE,FALSE,FALSE
252,"A_threshold",0.9,NA,NA,FALSE,FALSE,0.238529411764706,FALSE,TRUE,TRUE,FALSE,FALSE
253,"A_threshold",0.9,3400,4000,TRUE,TRUE,1,TRUE,TRUE,TRUE,FALSE,FALSE
254,"A_threshold",0.9,NA,NA,FALSE,FALSE,0.0791176470588235,FALSE,TRUE,TRUE,FALSE,FALSE
255,"A_threshold",0.9,1600,NA,TRUE,FALSE,0.468529411764706,FALSE,FALSE,TRUE,TRUE,FALSE
256,"A_threshold",0.9,2200,3400,TRUE,TRUE,0.679411764705882,TRUE,TRUE,TRUE,FALSE,FALSE
257,"A_threshold",0.9,1600,1600,TRUE,TRUE,0.260588235294118,FALSE,FALSE,FALSE,TRUE,TRUE
258,"A_threshold",0.9,2800,NA,TRUE,FALSE,0.45,FALSE,FALSE,TRUE,TRUE,FALSE
259,"A_threshold",0.9,4000,NA,TRUE,FALSE,0.529705882352941,TRUE,TRUE,FALSE,FALSE,FALSE
260,"A_threshold",0.9,NA,NA,FALSE,FALSE,0.115588235294118,FALSE,TRUE,TRUE,FALSE,FALSE
261,"A_threshold",0.9,NA,NA,FALSE,FALSE,0.167352941176471,FALSE,TRUE,TRUE,FALSE,FALSE
262,"A_threshold",0.9,1600,1600,TRUE,TRUE,1,TRUE,TRUE,TRUE,FALSE,FALSE
263,"A_threshold",0.9,NA,NA,FALSE,FALSE,0,FALSE,TRUE,TRUE,FALSE,FALSE
264,"A_threshold",0.9,NA,NA,FALSE,FALSE,0.310294117647059,FALSE,TRUE,TRUE,FALSE,FALSE
265,"A_threshold",0.9,1600,1600,TRUE,TRUE,0.85,TRUE,TRUE,TRUE,FALSE,FALSE
266,"A_threshold",0.9,3400,4000,TRUE,TRUE,0.571176470588235,TRUE,TRUE,TRUE,FALSE,FALSE
267,"A_threshold",0.9,NA,NA,FALSE,FALSE,0.399411764705882,FALSE,TRUE,TRUE,FALSE,FALSE
268,"A_threshold",0.9,NA,NA,FALSE,FALSE,0.0120588235294118,FALSE,TRUE,TRUE,FALSE,FALSE
269,"A_threshold",0.9,1600,NA,TRUE,FALSE,0,FALSE,FALSE,TRUE,TRUE,FALSE
270,"A_threshold",0.9,2200,3400,TRUE,TRUE,0.406470588235294,FALSE,FALSE,FALSE,TRUE,TRUE
271,"A_threshold",0.9,2800,NA,TRUE,FALSE,0.527058823529412,TRUE,TRUE,FALSE,FALSE,FALSE
272,"A_threshold",0.9,NA,NA,FALSE,FALSE,0.262941176470588,FALSE,TRUE,TRUE,FALSE,FALSE
273,"A_threshold",0.9,NA,NA,FALSE,FALSE,0,FALSE,TRUE,TRUE,FALSE,FALSE
274,"A_threshold",0.9,NA,NA,FALSE,FALSE,0.155588235294118,FALSE,TRUE,TRUE,FALSE,FALSE
275,"A_threshold",0.9,NA,NA,FALSE,FALSE,0.347647058823529,FALSE,TRUE,TRUE,FALSE,FALSE
276,"A_threshold",0.9,NA,NA,FALSE,FALSE,0.397058823529412,FALSE,TRUE,TRUE,FALSE,FALSE
277,"A_threshold",0.9,2200,3400,TRUE,TRUE,0.609705882352941,TRUE,TRUE,TRUE,FALSE,FALSE
278,"A_threshold",0.9,NA,NA,FALSE,FALSE,0,FALSE,TRUE,TRUE,FALSE,FALSE
279,"A_threshold",0.9,1600,2200,TRUE,TRUE,0.496764705882353,FALSE,FALSE,FALSE,TRUE,TRUE
280,"A_threshold",0.9,NA,NA,FALSE,FALSE,0,FALSE,TRUE,TRUE,FALSE,FALSE
281,"A_threshold",0.9,NA,NA,FALSE,FALSE,0,FALSE,TRUE,TRUE,FALSE,FALSE
282,"A_threshold",0.9,NA,NA,FALSE,FALSE,0,FALSE,TRUE,TRUE,FALSE,FALSE
283,"A_threshold",0.9,2200,2800,TRUE,TRUE,0.687352941176471,TRUE,TRUE,TRUE,FALSE,FALSE
284,"A_threshold",0.9,NA,NA,FALSE,FALSE,0.075,FALSE,TRUE,TRUE,FALSE,FALSE
285,"A_threshold",0.9,NA,NA,FALSE,FALSE,0,FALSE,TRUE,TRUE,FALSE,FALSE
286,"A_threshold",0.9,NA,NA,FALSE,FALSE,0,FALSE,TRUE,TRUE,FALSE,FALSE
287,"A_threshold",0.9,NA,NA,FALSE,FALSE,0,FALSE,TRUE,TRUE,FALSE,FALSE
288,"A_threshold",0.9,NA,NA,FALSE,FALSE,0.257352941176471,FALSE,TRUE,TRUE,FALSE,FALSE
289,"A_threshold",0.9,NA,NA,FALSE,FALSE,0.242647058823529,FALSE,TRUE,TRUE,FALSE,FALSE
290,"A_threshold",0.9,NA,NA,FALSE,FALSE,0,FALSE,TRUE,TRUE,FALSE,FALSE
291,"A_threshold",0.9,NA,NA,FALSE,FALSE,0.12,FALSE,TRUE,TRUE,FALSE,FALSE
292,"A_threshold",0.9,NA,NA,FALSE,FALSE,0.196764705882353,FALSE,TRUE,TRUE,FALSE,FALSE
293,"A_threshold",0.9,3400,NA,TRUE,FALSE,0.442941176470588,FALSE,FALSE,TRUE,TRUE,FALSE
294,"A_threshold",0.9,NA,NA,FALSE,FALSE,0.0926470588235294,FALSE,TRUE,TRUE,FALSE,FALSE
295,"A_threshold",0.9,NA,NA,FALSE,FALSE,0.0176470588235294,FALSE,TRUE,TRUE,FALSE,FALSE
296,"A_threshold",0.9,1600,2200,TRUE,TRUE,0.862941176470588,TRUE,TRUE,TRUE,FALSE,FALSE
297,"A_threshold",0.9,2200,NA,TRUE,FALSE,0.417647058823529,FALSE,FALSE,TRUE,TRUE,FALSE
298,"A_threshold",0.9,NA,NA,FALSE,FALSE,0.184411764705882,FALSE,TRUE,TRUE,FALSE,FALSE
299,"A_threshold",0.9,NA,NA,FALSE,FALSE,0,FALSE,TRUE,TRUE,FALSE,FALSE
300,"A_threshold",0.9,3400,NA,TRUE,FALSE,0.868529411764706,TRUE,TRUE,FALSE,FALSE,FALSE
301,"A_threshold",0.9,3400,NA,TRUE,FALSE,0.450588235294118,FALSE,FALSE,TRUE,TRUE,FALSE
302,"A_threshold",0.9,1600,2800,TRUE,TRUE,0.312647058823529,FALSE,FALSE,FALSE,TRUE,TRUE
303,"A_threshold",0.9,NA,NA,FALSE,FALSE,0.201176470588235,FALSE,TRUE,TRUE,FALSE,FALSE
304,"A_threshold",0.9,NA,NA,FALSE,FALSE,0.00470588235294118,FALSE,TRUE,TRUE,FALSE,FALSE
305,"A_threshold",0.9,NA,NA,FALSE,FALSE,0.140882352941176,FALSE,TRUE,TRUE,FALSE,FALSE
306,"A_threshold",0.9,1600,NA,TRUE,FALSE,0.357941176470588,FALSE,FALSE,TRUE,TRUE,FALSE
307,"A_threshold",0.9,1600,NA,TRUE,FALSE,0.343529411764706,FALSE,FALSE,TRUE,TRUE,FALSE
308,"A_threshold",0.9,2800,NA,TRUE,FALSE,0.692647058823529,TRUE,TRUE,FALSE,FALSE,FALSE
309,"A_threshold",0.9,2800,NA,TRUE,FALSE,0.375882352941176,FALSE,FALSE,TRUE,TRUE,FALSE
310,"A_threshold",0.9,NA,NA,FALSE,FALSE,0,FALSE,TRUE,TRUE,FALSE,FALSE
311,"A_threshold",0.9,NA,NA,FALSE,FALSE,0.383235294117647,FALSE,TRUE,TRUE,FALSE,FALSE
312,"A_threshold",0.9,NA,NA,FALSE,FALSE,0.0361764705882353,FALSE,TRUE,TRUE,FALSE,FALSE
313,"A_threshold",0.9,NA,NA,FALSE,FALSE,0,FALSE,TRUE,TRUE,FALSE,FALSE
314,"A_threshold",0.9,NA,NA,FALSE,FALSE,0.195,FALSE,TRUE,TRUE,FALSE,FALSE
315,"A_threshold",0.9,NA,NA,FALSE,FALSE,0.371764705882353,FALSE,TRUE,TRUE,FALSE,FALSE
316,"A_threshold",0.9,1600,2200,TRUE,TRUE,0.410882352941176,FALSE,FALSE,FALSE,TRUE,TRUE
317,"A_threshold",0.9,NA,NA,FALSE,FALSE,0.175294117647059,FALSE,TRUE,TRUE,FALSE,FALSE
318,"A_threshold",0.9,NA,NA,FALSE,FALSE,0.351176470588235,FALSE,TRUE,TRUE,FALSE,FALSE
319,"A_threshold",0.9,NA,NA,FALSE,FALSE,0.000294117647058824,FALSE,TRUE,TRUE,FALSE,FALSE
320,"A_threshold",0.9,1600,1600,TRUE,TRUE,0.961470588235294,TRUE,TRUE,TRUE,FALSE,FALSE
321,"A_threshold",0.9,NA,NA,FALSE,FALSE,0.0197058823529412,FALSE,TRUE,TRUE,FALSE,FALSE
322,"A_threshold",0.9,NA,NA,FALSE,FALSE,0.393529411764706,FALSE,TRUE,TRUE,FALSE,FALSE
323,"A_threshold",0.9,NA,NA,FALSE,FALSE,0.33,FALSE,TRUE,TRUE,FALSE,FALSE
324,"A_threshold",0.9,1600,2800,TRUE,TRUE,0.535882352941176,TRUE,TRUE,TRUE,FALSE,FALSE
325,"A_threshold",0.9,2800,NA,TRUE,FALSE,0,FALSE,FALSE,TRUE,TRUE,FALSE
326,"A_threshold",0.9,NA,NA,FALSE,FALSE,0.208823529411765,FALSE,TRUE,TRUE,FALSE,FALSE
327,"A_threshold",0.9,2800,NA,TRUE,FALSE,0.211470588235294,FALSE,FALSE,TRUE,TRUE,FALSE
328,"A_threshold",0.9,2200,2800,TRUE,TRUE,0.278235294117647,FALSE,FALSE,FALSE,TRUE,TRUE
329,"A_threshold",0.9,NA,NA,FALSE,FALSE,0.0220588235294118,FALSE,TRUE,TRUE,FALSE,FALSE
330,"A_threshold",0.9,NA,NA,FALSE,FALSE,0.178529411764706,FALSE,TRUE,TRUE,FALSE,FALSE
331,"A_threshold",0.9,1600,3400,TRUE,TRUE,0.592352941176471,TRUE,TRUE,TRUE,FALSE,FALSE
332,"A_threshold",0.9,NA,NA,FALSE,FALSE,0.04,FALSE,TRUE,TRUE,FALSE,FALSE
333,"A_threshold",0.9,1600,1600,TRUE,TRUE,0.00117647058823529,FALSE,FALSE,FALSE,TRUE,TRUE
334,"A_threshold",0.9,NA,NA,FALSE,FALSE,0,FALSE,TRUE,TRUE,FALSE,FALSE
335,"A_threshold",0.9,NA,NA,FALSE,FALSE,0.281764705882353,FALSE,TRUE,TRUE,FALSE,FALSE
336,"A_threshold",0.9,NA,NA,FALSE,FALSE,0.000294117647058824,FALSE,TRUE,TRUE,FALSE,FALSE
337,"A_threshold",0.9,1600,2800,TRUE,TRUE,0.465294117647059,FALSE,FALSE,FALSE,TRUE,TRUE
338,"A_threshold",0.9,NA,NA,FALSE,FALSE,0.202352941176471,FALSE,TRUE,TRUE,FALSE,FALSE
339,"A_threshold",0.9,2200,4000,TRUE,TRUE,0.634705882352941,TRUE,TRUE,TRUE,FALSE,FALSE
340,"A_threshold",0.9,NA,NA,FALSE,FALSE,0,FALSE,TRUE,TRUE,FALSE,FALSE
341,"A_threshold",0.9,2200,NA,TRUE,FALSE,0.328529411764706,FALSE,FALSE,TRUE,TRUE,FALSE
342,"A_threshold",0.9,1600,NA,TRUE,FALSE,0.361764705882353,FALSE,FALSE,TRUE,TRUE,FALSE
343,"A_threshold",0.9,NA,NA,FALSE,FALSE,0.0320588235294118,FALSE,TRUE,TRUE,FALSE,FALSE
344,"A_threshold",0.9,2200,NA,TRUE,FALSE,0.230294117647059,FALSE,FALSE,TRUE,TRUE,FALSE
345,"A_threshold",0.9,NA,NA,FALSE,FALSE,0,FALSE,TRUE,TRUE,FALSE,FALSE
346,"A_threshold",0.9,NA,NA,FALSE,FALSE,0,FALSE,TRUE,TRUE,FALSE,FALSE
347,"A_threshold",0.9,1600,NA,TRUE,FALSE,0,FALSE,FALSE,TRUE,TRUE,FALSE
348,"A_threshold",0.9,NA,NA,FALSE,FALSE,0.378823529411765,FALSE,TRUE,TRUE,FALSE,FALSE
349,"A_threshold",0.9,1600,NA,TRUE,FALSE,0.341176470588235,FALSE,FALSE,TRUE,TRUE,FALSE
350,"A_threshold",0.9,1600,1600,TRUE,TRUE,0.942941176470588,TRUE,TRUE,TRUE,FALSE,FALSE
351,"A_threshold",0.9,2200,2800,TRUE,TRUE,0.719117647058824,TRUE,TRUE,TRUE,FALSE,FALSE
352,"A_threshold",0.9,NA,NA,FALSE,FALSE,0.101176470588235,FALSE,TRUE,TRUE,FALSE,FALSE
353,"A_threshold",0.9,NA,NA,FALSE,FALSE,0,FALSE,TRUE,TRUE,FALSE,FALSE
354,"A_threshold",0.9,NA,NA,FALSE,FALSE,0,FALSE,TRUE,TRUE,FALSE,FALSE
355,"A_threshold",0.9,NA,NA,FALSE,FALSE,0,FALSE,TRUE,TRUE,FALSE,FALSE
356,"A_threshold",0.9,NA,NA,FALSE,FALSE,0.358529411764706,FALSE,TRUE,TRUE,FALSE,FALSE
357,"A_threshold",0.9,NA,NA,FALSE,FALSE,0.035,FALSE,TRUE,TRUE,FALSE,FALSE
358,"A_threshold",0.9,1600,2200,TRUE,TRUE,0.234117647058824,FALSE,FALSE,FALSE,TRUE,TRUE
359,"A_threshold",0.9,NA,NA,FALSE,FALSE,0.00352941176470588,FALSE,TRUE,TRUE,FALSE,FALSE
360,"A_threshold",0.9,1600,2200,TRUE,TRUE,0.416176470588235,FALSE,FALSE,FALSE,TRUE,TRUE
361,"A_threshold",0.9,1600,NA,TRUE,FALSE,0.409117647058824,FALSE,FALSE,TRUE,TRUE,FALSE
362,"A_threshold",0.9,1600,NA,TRUE,FALSE,0.337058823529412,FALSE,FALSE,TRUE,TRUE,FALSE
363,"A_threshold",0.9,1600,NA,TRUE,FALSE,0.515,TRUE,TRUE,FALSE,FALSE,FALSE
364,"A_threshold",0.9,NA,NA,FALSE,FALSE,0.169117647058824,FALSE,TRUE,TRUE,FALSE,FALSE
365,"A_threshold",0.9,NA,NA,FALSE,FALSE,0.275,FALSE,TRUE,TRUE,FALSE,FALSE
366,"A_threshold",0.9,2200,NA,TRUE,FALSE,0.465882352941176,FALSE,FALSE,TRUE,TRUE,FALSE
367,"A_threshold",0.9,1600,1600,TRUE,TRUE,0.368823529411765,FALSE,FALSE,FALSE,TRUE,TRUE
368,"A_threshold",0.9,NA,NA,FALSE,FALSE,0.211176470588235,FALSE,TRUE,TRUE,FALSE,FALSE
369,"A_threshold",0.9,3400,NA,TRUE,FALSE,0.360588235294118,FALSE,FALSE,TRUE,TRUE,FALSE
370,"A_threshold",0.9,NA,NA,FALSE,FALSE,0.177058823529412,FALSE,TRUE,TRUE,FALSE,FALSE
371,"A_threshold",0.9,NA,NA,FALSE,FALSE,0.297941176470588,FALSE,TRUE,TRUE,FALSE,FALSE
372,"A_threshold",0.9,2200,4000,TRUE,TRUE,0.537352941176471,TRUE,TRUE,TRUE,FALSE,FALSE
373,"A_threshold",0.9,NA,NA,FALSE,FALSE,0,FALSE,TRUE,TRUE,FALSE,FALSE
374,"A_threshold",0.9,1600,2200,TRUE,TRUE,0.294411764705882,FALSE,FALSE,FALSE,TRUE,TRUE
375,"A_threshold",0.9,1600,NA,TRUE,FALSE,0.326764705882353,FALSE,FALSE,TRUE,TRUE,FALSE
376,"A_threshold",0.9,NA,NA,FALSE,FALSE,0,FALSE,TRUE,TRUE,FALSE,FALSE
377,"A_threshold",0.9,NA,NA,FALSE,FALSE,0.0123529411764706,FALSE,TRUE,TRUE,FALSE,FALSE
378,"A_threshold",0.9,NA,NA,FALSE,FALSE,0.211176470588235,FALSE,TRUE,TRUE,FALSE,FALSE
379,"A_threshold",0.9,NA,NA,FALSE,FALSE,0.07,FALSE,TRUE,TRUE,FALSE,FALSE
380,"A_threshold",0.9,1600,2800,TRUE,TRUE,0.708823529411765,TRUE,TRUE,TRUE,FALSE,FALSE
381,"A_threshold",0.9,1600,1600,TRUE,TRUE,0.122058823529412,FALSE,FALSE,FALSE,TRUE,TRUE
382,"A_threshold",0.9,1600,1600,TRUE,TRUE,0.310588235294118,FALSE,FALSE,FALSE,TRUE,TRUE
383,"A_threshold",0.9,NA,NA,FALSE,FALSE,0.0179411764705882,FALSE,TRUE,TRUE,FALSE,FALSE
384,"A_threshold",0.9,NA,NA,FALSE,FALSE,0.371470588235294,FALSE,TRUE,TRUE,FALSE,FALSE
385,"A_threshold",0.9,NA,NA,FALSE,FALSE,0.158529411764706,FALSE,TRUE,TRUE,FALSE,FALSE
386,"A_threshold",0.9,NA,NA,FALSE,FALSE,0.00205882352941176,FALSE,TRUE,TRUE,FALSE,FALSE
387,"A_threshold",0.9,1600,2800,TRUE,TRUE,0.580588235294118,TRUE,TRUE,TRUE,FALSE,FALSE
388,"A_threshold",0.9,NA,NA,FALSE,FALSE,0.421470588235294,FALSE,TRUE,TRUE,FALSE,FALSE
389,"A_threshold",0.9,NA,NA,FALSE,FALSE,0.399411764705882,FALSE,TRUE,TRUE,FALSE,FALSE
390,"A_threshold",0.9,1600,NA,TRUE,FALSE,0.251470588235294,FALSE,FALSE,TRUE,TRUE,FALSE
391,"A_threshold",0.9,NA,NA,FALSE,FALSE,0.314117647058824,FALSE,TRUE,TRUE,FALSE,FALSE
392,"A_threshold",0.9,1600,3400,TRUE,TRUE,0.559411764705882,TRUE,TRUE,TRUE,FALSE,FALSE
393,"A_threshold",0.9,NA,NA,FALSE,FALSE,0.179411764705882,FALSE,TRUE,TRUE,FALSE,FALSE
394,"A_threshold",0.9,1600,NA,TRUE,FALSE,0.513235294117647,TRUE,TRUE,FALSE,FALSE,FALSE
395,"A_threshold",0.9,1600,NA,TRUE,FALSE,0.424705882352941,FALSE,FALSE,TRUE,TRUE,FALSE
396,"A_threshold",0.9,2800,NA,TRUE,FALSE,0.513235294117647,TRUE,TRUE,FALSE,FALSE,FALSE
397,"A_threshold",0.9,NA,NA,FALSE,FALSE,0.11,FALSE,TRUE,TRUE,FALSE,FALSE
398,"A_threshold",0.9,NA,NA,FALSE,FALSE,0.0738235294117647,FALSE,TRUE,TRUE,FALSE,FALSE
399,"A_threshold",0.9,NA,NA,FALSE,FALSE,0.0717647058823529,FALSE,TRUE,TRUE,FALSE,FALSE
400,"A_threshold",0.9,NA,NA,FALSE,FALSE,0.0535294117647059,FALSE,TRUE,TRUE,FALSE,FALSE
401,"A_threshold",0.9,NA,NA,FALSE,FALSE,0.00117647058823529,FALSE,TRUE,TRUE,FALSE,FALSE
402,"A_threshold",0.9,2200,2200,TRUE,TRUE,0.632058823529412,TRUE,TRUE,TRUE,FALSE,FALSE
403,"A_threshold",0.9,NA,NA,FALSE,FALSE,0.290588235294118,FALSE,TRUE,TRUE,FALSE,FALSE
404,"A_threshold",0.9,1600,NA,TRUE,FALSE,0.0208823529411765,FALSE,FALSE,TRUE,TRUE,FALSE
405,"A_threshold",0.9,NA,NA,FALSE,FALSE,0.245588235294118,FALSE,TRUE,TRUE,FALSE,FALSE
406,"A_threshold",0.9,NA,NA,FALSE,FALSE,0.226470588235294,FALSE,TRUE,TRUE,FALSE,FALSE
407,"A_threshold",0.9,NA,NA,FALSE,FALSE,0.0617647058823529,FALSE,TRUE,TRUE,FALSE,FALSE
408,"A_threshold",0.9,NA,NA,FALSE,FALSE,0,FALSE,TRUE,TRUE,FALSE,FALSE
409,"A_threshold",0.9,1600,NA,TRUE,FALSE,0.555882352941176,TRUE,TRUE,FALSE,FALSE,FALSE
410,"A_threshold",0.9,1600,4000,TRUE,TRUE,1,TRUE,TRUE,TRUE,FALSE,FALSE
411,"A_threshold",0.9,1600,NA,TRUE,FALSE,0.321176470588235,FALSE,FALSE,TRUE,TRUE,FALSE
412,"A_threshold",0.9,1600,2800,TRUE,TRUE,0.0808823529411765,FALSE,FALSE,FALSE,TRUE,TRUE
413,"A_threshold",0.9,1600,2200,TRUE,TRUE,0.634705882352941,TRUE,TRUE,TRUE,FALSE,FALSE
414,"A_threshold",0.9,2800,NA,TRUE,FALSE,0.607647058823529,TRUE,TRUE,FALSE,FALSE,FALSE
415,"A_threshold",0.9,NA,NA,FALSE,FALSE,0.0341176470588235,FALSE,TRUE,TRUE,FALSE,FALSE
416,"A_threshold",0.9,NA,NA,FALSE,FALSE,0.469705882352941,FALSE,TRUE,TRUE,FALSE,FALSE
417,"A_threshold",0.9,1600,NA,TRUE,FALSE,0.366764705882353,FALSE,FALSE,TRUE,TRUE,FALSE
418,"A_threshold",0.9,NA,NA,FALSE,FALSE,0.498823529411765,FALSE,TRUE,TRUE,FALSE,FALSE
419,"A_threshold",0.9,NA,NA,FALSE,FALSE,0,FALSE,TRUE,TRUE,FALSE,FALSE
420,"A_threshold",0.9,NA,NA,FALSE,FALSE,0.0873529411764706,FALSE,TRUE,TRUE,FALSE,FALSE
421,"A_threshold",0.9,NA,NA,FALSE,FALSE,0.463529411764706,FALSE,TRUE,TRUE,FALSE,FALSE
422,"A_threshold",0.9,NA,NA,FALSE,FALSE,0.130882352941176,FALSE,TRUE,TRUE,FALSE,FALSE
423,"A_threshold",0.9,2800,NA,TRUE,FALSE,0.0532352941176471,FALSE,FALSE,TRUE,TRUE,FALSE
424,"A_threshold",0.9,NA,NA,FALSE,FALSE,0,FALSE,TRUE,TRUE,FALSE,FALSE
425,"A_threshold",0.9,NA,NA,FALSE,FALSE,0.235294117647059,FALSE,TRUE,TRUE,FALSE,FALSE
426,"A_threshold",0.9,NA,NA,FALSE,FALSE,0.208529411764706,FALSE,TRUE,TRUE,FALSE,FALSE
427,"A_threshold",0.9,NA,NA,FALSE,FALSE,0.348529411764706,FALSE,TRUE,TRUE,FALSE,FALSE
428,"A_threshold",0.9,NA,NA,FALSE,FALSE,0.0161764705882353,FALSE,TRUE,TRUE,FALSE,FALSE
429,"A_threshold",0.9,NA,NA,FALSE,FALSE,0.24,FALSE,TRUE,TRUE,FALSE,FALSE
430,"A_threshold",0.9,2800,2800,TRUE,TRUE,0.376176470588235,FALSE,FALSE,FALSE,TRUE,TRUE
431,"A_threshold",0.9,NA,NA,FALSE,FALSE,0,FALSE,TRUE,TRUE,FALSE,FALSE
432,"A_threshold",0.9,4000,NA,TRUE,FALSE,0.758823529411765,TRUE,TRUE,FALSE,FALSE,FALSE
433,"A_threshold",0.9,1600,1600,TRUE,TRUE,0.722058823529412,TRUE,TRUE,TRUE,FALSE,FALSE
434,"A_threshold",0.9,NA,NA,FALSE,FALSE,0.374411764705882,FALSE,TRUE,TRUE,FALSE,FALSE
435,"A_threshold",0.9,NA,NA,FALSE,FALSE,0,FALSE,TRUE,TRUE,FALSE,FALSE
436,"A_threshold",0.9,NA,NA,FALSE,FALSE,0.290588235294118,FALSE,TRUE,TRUE,FALSE,FALSE
437,"A_threshold",0.9,NA,NA,FALSE,FALSE,0.0247058823529412,FALSE,TRUE,TRUE,FALSE,FALSE
438,"A_threshold",0.9,NA,NA,FALSE,FALSE,0.31,FALSE,TRUE,TRUE,FALSE,FALSE
439,"A_threshold",0.9,2200,2800,TRUE,TRUE,0.492647058823529,FALSE,FALSE,FALSE,TRUE,TRUE
440,"A_threshold",0.9,NA,NA,FALSE,FALSE,0,FALSE,TRUE,TRUE,FALSE,FALSE
441,"A_threshold",0.9,NA,NA,FALSE,FALSE,0.240882352941176,FALSE,TRUE,TRUE,FALSE,FALSE
442,"A_threshold",0.9,2200,3400,TRUE,TRUE,0.880588235294118,TRUE,TRUE,TRUE,FALSE,FALSE
443,"A_threshold",0.9,NA,NA,FALSE,FALSE,0,FALSE,TRUE,TRUE,FALSE,FALSE
444,"A_threshold",0.9,1600,NA,TRUE,FALSE,0.206470588235294,FALSE,FALSE,TRUE,TRUE,FALSE
445,"A_threshold",0.9,NA,NA,FALSE,FALSE,0.294411764705882,FALSE,TRUE,TRUE,FALSE,FALSE
446,"A_threshold",0.9,1600,1600,TRUE,TRUE,0.660882352941176,TRUE,TRUE,TRUE,FALSE,FALSE
447,"A_threshold",0.9,1600,1600,TRUE,TRUE,0.750294117647059,TRUE,TRUE,TRUE,FALSE,FALSE
448,"A_threshold",0.9,NA,NA,FALSE,FALSE,0.0264705882352941,FALSE,TRUE,TRUE,FALSE,FALSE
449,"A_threshold",0.9,1600,1600,TRUE,TRUE,1,TRUE,TRUE,TRUE,FALSE,FALSE
450,"A_threshold",0.9,NA,NA,FALSE,FALSE,0.242941176470588,FALSE,TRUE,TRUE,FALSE,FALSE
451,"A_threshold",0.9,NA,NA,FALSE,FALSE,0.0576470588235294,FALSE,TRUE,TRUE,FALSE,FALSE
452,"A_threshold",0.9,NA,NA,FALSE,FALSE,0.105294117647059,FALSE,TRUE,TRUE,FALSE,FALSE
453,"A_threshold",0.9,2200,NA,TRUE,FALSE,0.342352941176471,FALSE,FALSE,TRUE,TRUE,FALSE
454,"A_threshold",0.9,NA,NA,FALSE,FALSE,0,FALSE,TRUE,TRUE,FALSE,FALSE
455,"A_threshold",0.9,NA,NA,FALSE,FALSE,0.472647058823529,FALSE,TRUE,TRUE,FALSE,FALSE
456,"A_threshold",0.9,NA,NA,FALSE,FALSE,0,FALSE,TRUE,TRUE,FALSE,FALSE
457,"A_threshold",0.9,NA,NA,FALSE,FALSE,0.00588235294117647,FALSE,TRUE,TRUE,FALSE,FALSE
458,"A_threshold",0.9,1600,2800,TRUE,TRUE,0.689705882352941,TRUE,TRUE,TRUE,FALSE,FALSE
459,"A_threshold",0.9,1600,NA,TRUE,FALSE,0.148823529411765,FALSE,FALSE,TRUE,TRUE,FALSE
460,"A_threshold",0.9,NA,NA,FALSE,FALSE,0,FALSE,TRUE,TRUE,FALSE,FALSE
461,"A_threshold",0.9,NA,NA,FALSE,FALSE,0.00205882352941176,FALSE,TRUE,TRUE,FALSE,FALSE
462,"A_threshold",0.9,NA,NA,FALSE,FALSE,0.212352941176471,FALSE,TRUE,TRUE,FALSE,FALSE
463,"A_threshold",0.9,NA,NA,FALSE,FALSE,0,FALSE,TRUE,TRUE,FALSE,FALSE
464,"A_threshold",0.9,NA,NA,FALSE,FALSE,0.0561764705882353,FALSE,TRUE,TRUE,FALSE,FALSE
465,"A_threshold",0.9,NA,NA,FALSE,FALSE,0.0229411764705882,FALSE,TRUE,TRUE,FALSE,FALSE
466,"A_threshold",0.9,NA,NA,FALSE,FALSE,0.276764705882353,FALSE,TRUE,TRUE,FALSE,FALSE
467,"A_threshold",0.9,NA,NA,FALSE,FALSE,0.0555882352941176,FALSE,TRUE,TRUE,FALSE,FALSE
468,"A_threshold",0.9,NA,NA,FALSE,FALSE,0.234705882352941,FALSE,TRUE,TRUE,FALSE,FALSE
469,"A_threshold",0.9,NA,NA,FALSE,FALSE,0.00117647058823529,FALSE,TRUE,TRUE,FALSE,FALSE
470,"A_threshold",0.9,NA,NA,FALSE,FALSE,0.0105882352941176,FALSE,TRUE,TRUE,FALSE,FALSE
471,"A_threshold",0.9,NA,NA,FALSE,FALSE,0.0958823529411765,FALSE,TRUE,TRUE,FALSE,FALSE
472,"A_threshold",0.9,NA,NA,FALSE,FALSE,0.365,FALSE,TRUE,TRUE,FALSE,FALSE
473,"A_threshold",0.9,NA,NA,FALSE,FALSE,0.194411764705882,FALSE,TRUE,TRUE,FALSE,FALSE
474,"A_threshold",0.9,1600,NA,TRUE,FALSE,0.0182352941176471,FALSE,FALSE,TRUE,TRUE,FALSE
475,"A_threshold",0.9,2200,NA,TRUE,FALSE,0.396470588235294,FALSE,FALSE,TRUE,TRUE,FALSE
476,"A_threshold",0.9,NA,NA,FALSE,FALSE,0.136470588235294,FALSE,TRUE,TRUE,FALSE,FALSE
477,"A_threshold",0.9,NA,NA,FALSE,FALSE,0,FALSE,TRUE,TRUE,FALSE,FALSE
478,"A_threshold",0.9,2200,2800,TRUE,TRUE,0.460294117647059,FALSE,FALSE,FALSE,TRUE,TRUE
479,"A_threshold",0.9,NA,NA,FALSE,FALSE,0.18,FALSE,TRUE,TRUE,FALSE,FALSE
480,"A_threshold",0.9,NA,NA,FALSE,FALSE,0.304411764705882,FALSE,TRUE,TRUE,FALSE,FALSE
481,"A_threshold",0.9,NA,NA,FALSE,FALSE,0.0444117647058824,FALSE,TRUE,TRUE,FALSE,FALSE
482,"A_threshold",0.9,1600,3400,TRUE,TRUE,0.553529411764706,TRUE,TRUE,TRUE,FALSE,FALSE
483,"A_threshold",0.9,NA,NA,FALSE,FALSE,0,FALSE,TRUE,TRUE,FALSE,FALSE
484,"A_threshold",0.9,NA,NA,FALSE,FALSE,0.0229411764705882,FALSE,TRUE,TRUE,FALSE,FALSE
485,"A_threshold",0.9,1600,1600,TRUE,TRUE,0.520882352941176,TRUE,TRUE,TRUE,FALSE,FALSE
486,"A_threshold",0.9,NA,NA,FALSE,FALSE,0.296764705882353,FALSE,TRUE,TRUE,FALSE,FALSE
487,"A_threshold",0.9,1600,1600,TRUE,TRUE,0.518235294117647,TRUE,TRUE,TRUE,FALSE,FALSE
488,"A_threshold",0.9,NA,NA,FALSE,FALSE,0.0844117647058824,FALSE,TRUE,TRUE,FALSE,FALSE
489,"A_threshold",0.9,NA,NA,FALSE,FALSE,0.157058823529412,FALSE,TRUE,TRUE,FALSE,FALSE
490,"A_threshold",0.9,NA,NA,FALSE,FALSE,0.226176470588235,FALSE,TRUE,TRUE,FALSE,FALSE
491,"A_threshold",0.9,NA,NA,FALSE,FALSE,0.0385294117647059,FALSE,TRUE,TRUE,FALSE,FALSE
492,"A_threshold",0.9,1600,1600,TRUE,TRUE,0.473823529411765,FALSE,FALSE,FALSE,TRUE,TRUE
493,"A_threshold",0.9,1600,NA,TRUE,FALSE,0.597647058823529,TRUE,TRUE,FALSE,FALSE,FALSE
494,"A_threshold",0.9,NA,NA,FALSE,FALSE,0.0988235294117647,FALSE,TRUE,TRUE,FALSE,FALSE
495,"A_threshold",0.9,1600,1600,TRUE,TRUE,0.000294117647058824,FALSE,FALSE,FALSE,TRUE,TRUE
496,"A_threshold",0.9,1600,NA,TRUE,FALSE,0.395294117647059,FALSE,FALSE,TRUE,TRUE,FALSE
497,"A_threshold",0.9,2200,NA,TRUE,FALSE,0.00676470588235294,FALSE,FALSE,TRUE,TRUE,FALSE
498,"A_threshold",0.9,NA,NA,FALSE,FALSE,0.356470588235294,FALSE,TRUE,TRUE,FALSE,FALSE
499,"A_threshold",0.9,NA,NA,FALSE,FALSE,0,FALSE,TRUE,TRUE,FALSE,FALSE
500,"A_threshold",0.9,1600,NA,TRUE,FALSE,0.200882352941176,FALSE,FALSE,TRUE,TRUE,FALSE
1,"B_smooth_logistic",0.9,1600,1600,TRUE,TRUE,0.813235294117647,TRUE,TRUE,TRUE,FALSE,FALSE
2,"B_smooth_logistic",0.9,1600,1600,TRUE,TRUE,1,TRUE,TRUE,TRUE,FALSE,FALSE
3,"B_smooth_logistic",0.9,1600,1600,TRUE,TRUE,1,TRUE,TRUE,TRUE,FALSE,FALSE
4,"B_smooth_logistic",0.9,1600,3400,TRUE,TRUE,0.694705882352941,TRUE,TRUE,TRUE,FALSE,FALSE
5,"B_smooth_logistic",0.9,1600,1600,TRUE,TRUE,0.839705882352941,TRUE,TRUE,TRUE,FALSE,FALSE
6,"B_smooth_logistic",0.9,1600,1600,TRUE,TRUE,0.779117647058824,TRUE,TRUE,TRUE,FALSE,FALSE
7,"B_smooth_logistic",0.9,2800,3400,TRUE,TRUE,0.573823529411765,TRUE,TRUE,TRUE,FALSE,FALSE
8,"B_smooth_logistic",0.9,3400,NA,TRUE,FALSE,0.653823529411765,TRUE,TRUE,FALSE,FALSE,FALSE
9,"B_smooth_logistic",0.9,1600,1600,TRUE,TRUE,0.924411764705882,TRUE,TRUE,TRUE,FALSE,FALSE
10,"B_smooth_logistic",0.9,1600,1600,TRUE,TRUE,1,TRUE,TRUE,TRUE,FALSE,FALSE
11,"B_smooth_logistic",0.9,1600,1600,TRUE,TRUE,0.898235294117647,TRUE,TRUE,TRUE,FALSE,FALSE
12,"B_smooth_logistic",0.9,3400,NA,TRUE,FALSE,0.587352941176471,TRUE,TRUE,FALSE,FALSE,FALSE
13,"B_smooth_logistic",0.9,1600,4000,TRUE,TRUE,0.852352941176471,TRUE,TRUE,TRUE,FALSE,FALSE
14,"B_smooth_logistic",0.9,1600,2200,TRUE,TRUE,0.623235294117647,TRUE,TRUE,TRUE,FALSE,FALSE
15,"B_smooth_logistic",0.9,1600,1600,TRUE,TRUE,0.945,TRUE,TRUE,TRUE,FALSE,FALSE
16,"B_smooth_logistic",0.9,1600,2200,TRUE,TRUE,1,TRUE,TRUE,TRUE,FALSE,FALSE
17,"B_smooth_logistic",0.9,1600,1600,TRUE,TRUE,0.734705882352941,TRUE,TRUE,TRUE,FALSE,FALSE
18,"B_smooth_logistic",0.9,1600,1600,TRUE,TRUE,0.882647058823529,TRUE,TRUE,TRUE,FALSE,FALSE
19,"B_smooth_logistic",0.9,1600,2800,TRUE,TRUE,1,TRUE,TRUE,TRUE,FALSE,FALSE
20,"B_smooth_logistic",0.9,1600,2800,TRUE,TRUE,0.770588235294118,TRUE,TRUE,TRUE,FALSE,FALSE
21,"B_smooth_logistic",0.9,1600,2800,TRUE,TRUE,1,TRUE,TRUE,TRUE,FALSE,FALSE
22,"B_smooth_logistic",0.9,2200,2800,TRUE,TRUE,0.746764705882353,TRUE,TRUE,TRUE,FALSE,FALSE
23,"B_smooth_logistic",0.9,3400,NA,TRUE,FALSE,0.784117647058823,TRUE,TRUE,FALSE,FALSE,FALSE
24,"B_smooth_logistic",0.9,1600,1600,TRUE,TRUE,1,TRUE,TRUE,TRUE,FALSE,FALSE
25,"B_smooth_logistic",0.9,1600,1600,TRUE,TRUE,1,TRUE,TRUE,TRUE,FALSE,FALSE
26,"B_smooth_logistic",0.9,1600,3400,TRUE,TRUE,1,TRUE,TRUE,TRUE,FALSE,FALSE
27,"B_smooth_logistic",0.9,1600,2800,TRUE,TRUE,1,TRUE,TRUE,TRUE,FALSE,FALSE
28,"B_smooth_logistic",0.9,1600,2200,TRUE,TRUE,1,TRUE,TRUE,TRUE,FALSE,FALSE
29,"B_smooth_logistic",0.9,1600,2800,TRUE,TRUE,1,TRUE,TRUE,TRUE,FALSE,FALSE
30,"B_smooth_logistic",0.9,1600,1600,TRUE,TRUE,0.841764705882353,TRUE,TRUE,TRUE,FALSE,FALSE
31,"B_smooth_logistic",0.9,2200,2800,TRUE,TRUE,0.434117647058824,FALSE,FALSE,FALSE,TRUE,TRUE
32,"B_smooth_logistic",0.9,1600,1600,TRUE,TRUE,0.972941176470588,TRUE,TRUE,TRUE,FALSE,FALSE
33,"B_smooth_logistic",0.9,1600,1600,TRUE,TRUE,0.772058823529412,TRUE,TRUE,TRUE,FALSE,FALSE
34,"B_smooth_logistic",0.9,1600,1600,TRUE,TRUE,0.643823529411765,TRUE,TRUE,TRUE,FALSE,FALSE
35,"B_smooth_logistic",0.9,2200,2800,TRUE,TRUE,0.585294117647059,TRUE,TRUE,TRUE,FALSE,FALSE
36,"B_smooth_logistic",0.9,1600,3400,TRUE,TRUE,1,TRUE,TRUE,TRUE,FALSE,FALSE
37,"B_smooth_logistic",0.9,1600,1600,TRUE,TRUE,0.718529411764706,TRUE,TRUE,TRUE,FALSE,FALSE
38,"B_smooth_logistic",0.9,1600,1600,TRUE,TRUE,1,TRUE,TRUE,TRUE,FALSE,FALSE
39,"B_smooth_logistic",0.9,1600,1600,TRUE,TRUE,0.644705882352941,TRUE,TRUE,TRUE,FALSE,FALSE
40,"B_smooth_logistic",0.9,1600,1600,TRUE,TRUE,1,TRUE,TRUE,TRUE,FALSE,FALSE
41,"B_smooth_logistic",0.9,1600,2200,TRUE,TRUE,0.545,TRUE,TRUE,TRUE,FALSE,FALSE
42,"B_smooth_logistic",0.9,2200,2800,TRUE,TRUE,0.630588235294118,TRUE,TRUE,TRUE,FALSE,FALSE
43,"B_smooth_logistic",0.9,1600,2800,TRUE,TRUE,0.818823529411765,TRUE,TRUE,TRUE,FALSE,FALSE
44,"B_smooth_logistic",0.9,1600,4000,TRUE,TRUE,0.958235294117647,TRUE,TRUE,TRUE,FALSE,FALSE
45,"B_smooth_logistic",0.9,1600,2200,TRUE,TRUE,1,TRUE,TRUE,TRUE,FALSE,FALSE
46,"B_smooth_logistic",0.9,1600,1600,TRUE,TRUE,0.655,TRUE,TRUE,TRUE,FALSE,FALSE
47,"B_smooth_logistic",0.9,1600,1600,TRUE,TRUE,0.791176470588235,TRUE,TRUE,TRUE,FALSE,FALSE
48,"B_smooth_logistic",0.9,1600,1600,TRUE,TRUE,1,TRUE,TRUE,TRUE,FALSE,FALSE
49,"B_smooth_logistic",0.9,2200,NA,TRUE,FALSE,0.675588235294118,TRUE,TRUE,FALSE,FALSE,FALSE
50,"B_smooth_logistic",0.9,1600,1600,TRUE,TRUE,1,TRUE,TRUE,TRUE,FALSE,FALSE
51,"B_smooth_logistic",0.9,1600,3400,TRUE,TRUE,0.497058823529412,FALSE,FALSE,FALSE,TRUE,TRUE
52,"B_smooth_logistic",0.9,1600,2200,TRUE,TRUE,1,TRUE,TRUE,TRUE,FALSE,FALSE
53,"B_smooth_logistic",0.9,NA,NA,FALSE,FALSE,0.469411764705882,FALSE,TRUE,TRUE,FALSE,FALSE
54,"B_smooth_logistic",0.9,1600,1600,TRUE,TRUE,0.669705882352941,TRUE,TRUE,TRUE,FALSE,FALSE
55,"B_smooth_logistic",0.9,1600,4000,TRUE,TRUE,0.626176470588235,TRUE,TRUE,TRUE,FALSE,FALSE
56,"B_smooth_logistic",0.9,1600,2200,TRUE,TRUE,0.851176470588235,TRUE,TRUE,TRUE,FALSE,FALSE
57,"B_smooth_logistic",0.9,1600,1600,TRUE,TRUE,0.642941176470588,TRUE,TRUE,TRUE,FALSE,FALSE
58,"B_smooth_logistic",0.9,1600,1600,TRUE,TRUE,1,TRUE,TRUE,TRUE,FALSE,FALSE
59,"B_smooth_logistic",0.9,2800,3400,TRUE,TRUE,0.994705882352941,TRUE,TRUE,TRUE,FALSE,FALSE
60,"B_smooth_logistic",0.9,1600,1600,TRUE,TRUE,1,TRUE,TRUE,TRUE,FALSE,FALSE
61,"B_smooth_logistic",0.9,1600,2200,TRUE,TRUE,0.898529411764706,TRUE,TRUE,TRUE,FALSE,FALSE
62,"B_smooth_logistic",0.9,1600,3400,TRUE,TRUE,0.749411764705882,TRUE,TRUE,TRUE,FALSE,FALSE
63,"B_smooth_logistic",0.9,1600,1600,TRUE,TRUE,0.875,TRUE,TRUE,TRUE,FALSE,FALSE
64,"B_smooth_logistic",0.9,1600,3400,TRUE,TRUE,0.865588235294118,TRUE,TRUE,TRUE,FALSE,FALSE
65,"B_smooth_logistic",0.9,1600,2200,TRUE,TRUE,0.749117647058824,TRUE,TRUE,TRUE,FALSE,FALSE
66,"B_smooth_logistic",0.9,4000,NA,TRUE,FALSE,0.540294117647059,TRUE,TRUE,FALSE,FALSE,FALSE
67,"B_smooth_logistic",0.9,1600,2200,TRUE,TRUE,0.892941176470588,TRUE,TRUE,TRUE,FALSE,FALSE
68,"B_smooth_logistic",0.9,1600,2200,TRUE,TRUE,1,TRUE,TRUE,TRUE,FALSE,FALSE
69,"B_smooth_logistic",0.9,1600,1600,TRUE,TRUE,0.605588235294118,TRUE,TRUE,TRUE,FALSE,FALSE
70,"B_smooth_logistic",0.9,1600,1600,TRUE,TRUE,1,TRUE,TRUE,TRUE,FALSE,FALSE
71,"B_smooth_logistic",0.9,1600,2200,TRUE,TRUE,0.682058823529412,TRUE,TRUE,TRUE,FALSE,FALSE
72,"B_smooth_logistic",0.9,1600,1600,TRUE,TRUE,0.726176470588235,TRUE,TRUE,TRUE,FALSE,FALSE
73,"B_smooth_logistic",0.9,1600,2800,TRUE,TRUE,0.636470588235294,TRUE,TRUE,TRUE,FALSE,FALSE
74,"B_smooth_logistic",0.9,1600,1600,TRUE,TRUE,0.894117647058824,TRUE,TRUE,TRUE,FALSE,FALSE
75,"B_smooth_logistic",0.9,1600,2200,TRUE,TRUE,0.656176470588235,TRUE,TRUE,TRUE,FALSE,FALSE
76,"B_smooth_logistic",0.9,2200,NA,TRUE,FALSE,0.547058823529412,TRUE,TRUE,FALSE,FALSE,FALSE
77,"B_smooth_logistic",0.9,1600,1600,TRUE,TRUE,0.998823529411765,TRUE,TRUE,TRUE,FALSE,FALSE
78,"B_smooth_logistic",0.9,1600,1600,TRUE,TRUE,0.762941176470588,TRUE,TRUE,TRUE,FALSE,FALSE
79,"B_smooth_logistic",0.9,1600,1600,TRUE,TRUE,1,TRUE,TRUE,TRUE,FALSE,FALSE
80,"B_smooth_logistic",0.9,1600,2800,TRUE,TRUE,0.737352941176471,TRUE,TRUE,TRUE,FALSE,FALSE
81,"B_smooth_logistic",0.9,1600,1600,TRUE,TRUE,1,TRUE,TRUE,TRUE,FALSE,FALSE
82,"B_smooth_logistic",0.9,1600,2200,TRUE,TRUE,1,TRUE,TRUE,TRUE,FALSE,FALSE
83,"B_smooth_logistic",0.9,1600,2800,TRUE,TRUE,1,TRUE,TRUE,TRUE,FALSE,FALSE
84,"B_smooth_logistic",0.9,1600,2200,TRUE,TRUE,0.890882352941176,TRUE,TRUE,TRUE,FALSE,FALSE
85,"B_smooth_logistic",0.9,1600,1600,TRUE,TRUE,0.921176470588235,TRUE,TRUE,TRUE,FALSE,FALSE
86,"B_smooth_logistic",0.9,1600,2800,TRUE,TRUE,1,TRUE,TRUE,TRUE,FALSE,FALSE
87,"B_smooth_logistic",0.9,1600,1600,TRUE,TRUE,1,TRUE,TRUE,TRUE,FALSE,FALSE
88,"B_smooth_logistic",0.9,1600,2200,TRUE,TRUE,0.807352941176471,TRUE,TRUE,TRUE,FALSE,FALSE
89,"B_smooth_logistic",0.9,1600,2800,TRUE,TRUE,1,TRUE,TRUE,TRUE,FALSE,FALSE
90,"B_smooth_logistic",0.9,1600,2200,TRUE,TRUE,0.828235294117647,TRUE,TRUE,TRUE,FALSE,FALSE
91,"B_smooth_logistic",0.9,1600,3400,TRUE,TRUE,0.763235294117647,TRUE,TRUE,TRUE,FALSE,FALSE
92,"B_smooth_logistic",0.9,1600,2800,TRUE,TRUE,1,TRUE,TRUE,TRUE,FALSE,FALSE
93,"B_smooth_logistic",0.9,1600,2200,TRUE,TRUE,0.885294117647059,TRUE,TRUE,TRUE,FALSE,FALSE
94,"B_smooth_logistic",0.9,1600,2800,TRUE,TRUE,1,TRUE,TRUE,TRUE,FALSE,FALSE
95,"B_smooth_logistic",0.9,1600,2800,TRUE,TRUE,1,TRUE,TRUE,TRUE,FALSE,FALSE
96,"B_smooth_logistic",0.9,1600,2200,TRUE,TRUE,1,TRUE,TRUE,TRUE,FALSE,FALSE
97,"B_smooth_logistic",0.9,1600,1600,TRUE,TRUE,0.634705882352941,TRUE,TRUE,TRUE,FALSE,FALSE
98,"B_smooth_logistic",0.9,1600,1600,TRUE,TRUE,0.931176470588235,TRUE,TRUE,TRUE,FALSE,FALSE
99,"B_smooth_logistic",0.9,1600,1600,TRUE,TRUE,1,TRUE,TRUE,TRUE,FALSE,FALSE
100,"B_smooth_logistic",0.9,1600,2200,TRUE,TRUE,0.902352941176471,TRUE,TRUE,TRUE,FALSE,FALSE
101,"B_smooth_logistic",0.9,1600,1600,TRUE,TRUE,1,TRUE,TRUE,TRUE,FALSE,FALSE
102,"B_smooth_logistic",0.9,1600,2200,TRUE,TRUE,0.840294117647059,TRUE,TRUE,TRUE,FALSE,FALSE
103,"B_smooth_logistic",0.9,1600,1600,TRUE,TRUE,0.958823529411765,TRUE,TRUE,TRUE,FALSE,FALSE
104,"B_smooth_logistic",0.9,1600,2200,TRUE,TRUE,0.854705882352941,TRUE,TRUE,TRUE,FALSE,FALSE
105,"B_smooth_logistic",0.9,1600,1600,TRUE,TRUE,0.862352941176471,TRUE,TRUE,TRUE,FALSE,FALSE
106,"B_smooth_logistic",0.9,1600,2200,TRUE,TRUE,0.755,TRUE,TRUE,TRUE,FALSE,FALSE
107,"B_smooth_logistic",0.9,1600,2800,TRUE,TRUE,0.644411764705882,TRUE,TRUE,TRUE,FALSE,FALSE
108,"B_smooth_logistic",0.9,1600,1600,TRUE,TRUE,1,TRUE,TRUE,TRUE,FALSE,FALSE
109,"B_smooth_logistic",0.9,1600,2200,TRUE,TRUE,1,TRUE,TRUE,TRUE,FALSE,FALSE
110,"B_smooth_logistic",0.9,1600,1600,TRUE,TRUE,0.681470588235294,TRUE,TRUE,TRUE,FALSE,FALSE
111,"B_smooth_logistic",0.9,1600,1600,TRUE,TRUE,0.888823529411765,TRUE,TRUE,TRUE,FALSE,FALSE
112,"B_smooth_logistic",0.9,1600,2200,TRUE,TRUE,0.72,TRUE,TRUE,TRUE,FALSE,FALSE
113,"B_smooth_logistic",0.9,1600,4000,TRUE,TRUE,1,TRUE,TRUE,TRUE,FALSE,FALSE
114,"B_smooth_logistic",0.9,1600,1600,TRUE,TRUE,1,TRUE,TRUE,TRUE,FALSE,FALSE
115,"B_smooth_logistic",0.9,1600,2200,TRUE,TRUE,0.800588235294118,TRUE,TRUE,TRUE,FALSE,FALSE
116,"B_smooth_logistic",0.9,1600,1600,TRUE,TRUE,1,TRUE,TRUE,TRUE,FALSE,FALSE
117,"B_smooth_logistic",0.9,1600,1600,TRUE,TRUE,1,TRUE,TRUE,TRUE,FALSE,FALSE
118,"B_smooth_logistic",0.9,1600,1600,TRUE,TRUE,1,TRUE,TRUE,TRUE,FALSE,FALSE
119,"B_smooth_logistic",0.9,1600,2200,TRUE,TRUE,0.830882352941177,TRUE,TRUE,TRUE,FALSE,FALSE
120,"B_smooth_logistic",0.9,1600,2800,TRUE,TRUE,0.695588235294118,TRUE,TRUE,TRUE,FALSE,FALSE
121,"B_smooth_logistic",0.9,1600,1600,TRUE,TRUE,1,TRUE,TRUE,TRUE,FALSE,FALSE
122,"B_smooth_logistic",0.9,2800,NA,TRUE,FALSE,0.691176470588235,TRUE,TRUE,FALSE,FALSE,FALSE
123,"B_smooth_logistic",0.9,1600,1600,TRUE,TRUE,0.680882352941176,TRUE,TRUE,TRUE,FALSE,FALSE
124,"B_smooth_logistic",0.9,1600,4000,TRUE,TRUE,0.762941176470588,TRUE,TRUE,TRUE,FALSE,FALSE
125,"B_smooth_logistic",0.9,1600,2200,TRUE,TRUE,0.716764705882353,TRUE,TRUE,TRUE,FALSE,FALSE
126,"B_smooth_logistic",0.9,1600,NA,TRUE,FALSE,0.742647058823529,TRUE,TRUE,FALSE,FALSE,FALSE
127,"B_smooth_logistic",0.9,1600,1600,TRUE,TRUE,0.881176470588235,TRUE,TRUE,TRUE,FALSE,FALSE
128,"B_smooth_logistic",0.9,2200,3400,TRUE,TRUE,1,TRUE,TRUE,TRUE,FALSE,FALSE
129,"B_smooth_logistic",0.9,1600,1600,TRUE,TRUE,1,TRUE,TRUE,TRUE,FALSE,FALSE
130,"B_smooth_logistic",0.9,1600,1600,TRUE,TRUE,0.667352941176471,TRUE,TRUE,TRUE,FALSE,FALSE
131,"B_smooth_logistic",0.9,2200,2800,TRUE,TRUE,0.633823529411765,TRUE,TRUE,TRUE,FALSE,FALSE
132,"B_smooth_logistic",0.9,1600,1600,TRUE,TRUE,1,TRUE,TRUE,TRUE,FALSE,FALSE
133,"B_smooth_logistic",0.9,1600,2200,TRUE,TRUE,0.606176470588235,TRUE,TRUE,TRUE,FALSE,FALSE
134,"B_smooth_logistic",0.9,1600,1600,TRUE,TRUE,0.748823529411765,TRUE,TRUE,TRUE,FALSE,FALSE
135,"B_smooth_logistic",0.9,1600,1600,TRUE,TRUE,0.827941176470588,TRUE,TRUE,TRUE,FALSE,FALSE
136,"B_smooth_logistic",0.9,1600,4000,TRUE,TRUE,0.872352941176471,TRUE,TRUE,TRUE,FALSE,FALSE
137,"B_smooth_logistic",0.9,1600,1600,TRUE,TRUE,0.898235294117647,TRUE,TRUE,TRUE,FALSE,FALSE
138,"B_smooth_logistic",0.9,1600,1600,TRUE,TRUE,1,TRUE,TRUE,TRUE,FALSE,FALSE
139,"B_smooth_logistic",0.9,1600,1600,TRUE,TRUE,0.790294117647059,TRUE,TRUE,TRUE,FALSE,FALSE
140,"B_smooth_logistic",0.9,1600,2200,TRUE,TRUE,0.650588235294118,TRUE,TRUE,TRUE,FALSE,FALSE
141,"B_smooth_logistic",0.9,1600,2200,TRUE,TRUE,1,TRUE,TRUE,TRUE,FALSE,FALSE
142,"B_smooth_logistic",0.9,1600,3400,TRUE,TRUE,0.852058823529412,TRUE,TRUE,TRUE,FALSE,FALSE
143,"B_smooth_logistic",0.9,1600,2200,TRUE,TRUE,1,TRUE,TRUE,TRUE,FALSE,FALSE
144,"B_smooth_logistic",0.9,2200,2800,TRUE,TRUE,0.613529411764706,TRUE,TRUE,TRUE,FALSE,FALSE
145,"B_smooth_logistic",0.9,1600,1600,TRUE,TRUE,1,TRUE,TRUE,TRUE,FALSE,FALSE
146,"B_smooth_logistic",0.9,1600,1600,TRUE,TRUE,1,TRUE,TRUE,TRUE,FALSE,FALSE
147,"B_smooth_logistic",0.9,1600,2200,TRUE,TRUE,1,TRUE,TRUE,TRUE,FALSE,FALSE
148,"B_smooth_logistic",0.9,1600,2200,TRUE,TRUE,0.630882352941176,TRUE,TRUE,TRUE,FALSE,FALSE
149,"B_smooth_logistic",0.9,1600,1600,TRUE,TRUE,0.680588235294118,TRUE,TRUE,TRUE,FALSE,FALSE
150,"B_smooth_logistic",0.9,1600,2200,TRUE,TRUE,0.998235294117647,TRUE,TRUE,TRUE,FALSE,FALSE
151,"B_smooth_logistic",0.9,1600,1600,TRUE,TRUE,1,TRUE,TRUE,TRUE,FALSE,FALSE
152,"B_smooth_logistic",0.9,1600,1600,TRUE,TRUE,0.560294117647059,TRUE,TRUE,TRUE,FALSE,FALSE
153,"B_smooth_logistic",0.9,1600,1600,TRUE,TRUE,0.808529411764706,TRUE,TRUE,TRUE,FALSE,FALSE
154,"B_smooth_logistic",0.9,1600,2200,TRUE,TRUE,0.665294117647059,TRUE,TRUE,TRUE,FALSE,FALSE
155,"B_smooth_logistic",0.9,1600,2200,TRUE,TRUE,1,TRUE,TRUE,TRUE,FALSE,FALSE
156,"B_smooth_logistic",0.9,1600,2800,TRUE,TRUE,0.660882352941176,TRUE,TRUE,TRUE,FALSE,FALSE
157,"B_smooth_logistic",0.9,1600,2800,TRUE,TRUE,0.704411764705882,TRUE,TRUE,TRUE,FALSE,FALSE
158,"B_smooth_logistic",0.9,1600,1600,TRUE,TRUE,1,TRUE,TRUE,TRUE,FALSE,FALSE
159,"B_smooth_logistic",0.9,1600,1600,TRUE,TRUE,0.719117647058824,TRUE,TRUE,TRUE,FALSE,FALSE
160,"B_smooth_logistic",0.9,1600,4000,TRUE,TRUE,0.867647058823529,TRUE,TRUE,TRUE,FALSE,FALSE
161,"B_smooth_logistic",0.9,1600,2200,TRUE,TRUE,0.541470588235294,TRUE,TRUE,TRUE,FALSE,FALSE
162,"B_smooth_logistic",0.9,1600,1600,TRUE,TRUE,1,TRUE,TRUE,TRUE,FALSE,FALSE
163,"B_smooth_logistic",0.9,1600,1600,TRUE,TRUE,1,TRUE,TRUE,TRUE,FALSE,FALSE
164,"B_smooth_logistic",0.9,2200,3400,TRUE,TRUE,0.697647058823529,TRUE,TRUE,TRUE,FALSE,FALSE
165,"B_smooth_logistic",0.9,1600,2200,TRUE,TRUE,1,TRUE,TRUE,TRUE,FALSE,FALSE
166,"B_smooth_logistic",0.9,1600,2200,TRUE,TRUE,0.682647058823529,TRUE,TRUE,TRUE,FALSE,FALSE
167,"B_smooth_logistic",0.9,1600,NA,TRUE,FALSE,0.951176470588235,TRUE,TRUE,FALSE,FALSE,FALSE
168,"B_smooth_logistic",0.9,1600,1600,TRUE,TRUE,1,TRUE,TRUE,TRUE,FALSE,FALSE
169,"B_smooth_logistic",0.9,1600,2200,TRUE,TRUE,1,TRUE,TRUE,TRUE,FALSE,FALSE
170,"B_smooth_logistic",0.9,1600,1600,TRUE,TRUE,0.768235294117647,TRUE,TRUE,TRUE,FALSE,FALSE
171,"B_smooth_logistic",0.9,1600,NA,TRUE,FALSE,1,TRUE,TRUE,FALSE,FALSE,FALSE
172,"B_smooth_logistic",0.9,1600,1600,TRUE,TRUE,0.496764705882353,FALSE,FALSE,FALSE,TRUE,TRUE
173,"B_smooth_logistic",0.9,1600,1600,TRUE,TRUE,1,TRUE,TRUE,TRUE,FALSE,FALSE
174,"B_smooth_logistic",0.9,1600,2200,TRUE,TRUE,0.856470588235294,TRUE,TRUE,TRUE,FALSE,FALSE
175,"B_smooth_logistic",0.9,1600,2200,TRUE,TRUE,0.749411764705882,TRUE,TRUE,TRUE,FALSE,FALSE
176,"B_smooth_logistic",0.9,1600,2800,TRUE,TRUE,0.943823529411765,TRUE,TRUE,TRUE,FALSE,FALSE
177,"B_smooth_logistic",0.9,1600,1600,TRUE,TRUE,0.585294117647059,TRUE,TRUE,TRUE,FALSE,FALSE
178,"B_smooth_logistic",0.9,1600,1600,TRUE,TRUE,0.737352941176471,TRUE,TRUE,TRUE,FALSE,FALSE
179,"B_smooth_logistic",0.9,1600,2800,TRUE,TRUE,0.663529411764706,TRUE,TRUE,TRUE,FALSE,FALSE
180,"B_smooth_logistic",0.9,1600,1600,TRUE,TRUE,1,TRUE,TRUE,TRUE,FALSE,FALSE
181,"B_smooth_logistic",0.9,1600,1600,TRUE,TRUE,0.668823529411765,TRUE,TRUE,TRUE,FALSE,FALSE
182,"B_smooth_logistic",0.9,1600,1600,TRUE,TRUE,1,TRUE,TRUE,TRUE,FALSE,FALSE
183,"B_smooth_logistic",0.9,1600,1600,TRUE,TRUE,0.836764705882353,TRUE,TRUE,TRUE,FALSE,FALSE
184,"B_smooth_logistic",0.9,1600,1600,TRUE,TRUE,1,TRUE,TRUE,TRUE,FALSE,FALSE
185,"B_smooth_logistic",0.9,1600,1600,TRUE,TRUE,1,TRUE,TRUE,TRUE,FALSE,FALSE
186,"B_smooth_logistic",0.9,1600,1600,TRUE,TRUE,0.531176470588235,TRUE,TRUE,TRUE,FALSE,FALSE
187,"B_smooth_logistic",0.9,1600,1600,TRUE,TRUE,1,TRUE,TRUE,TRUE,FALSE,FALSE
188,"B_smooth_logistic",0.9,1600,2800,TRUE,TRUE,1,TRUE,TRUE,TRUE,FALSE,FALSE
189,"B_smooth_logistic",0.9,1600,1600,TRUE,TRUE,0.646764705882353,TRUE,TRUE,TRUE,FALSE,FALSE
190,"B_smooth_logistic",0.9,1600,NA,TRUE,FALSE,0.619117647058824,TRUE,TRUE,FALSE,FALSE,FALSE
191,"B_smooth_logistic",0.9,1600,2200,TRUE,TRUE,0.798529411764706,TRUE,TRUE,TRUE,FALSE,FALSE
192,"B_smooth_logistic",0.9,1600,1600,TRUE,TRUE,0.784117647058823,TRUE,TRUE,TRUE,FALSE,FALSE
193,"B_smooth_logistic",0.9,1600,3400,TRUE,TRUE,1,TRUE,TRUE,TRUE,FALSE,FALSE
194,"B_smooth_logistic",0.9,1600,1600,TRUE,TRUE,1,TRUE,TRUE,TRUE,FALSE,FALSE
195,"B_smooth_logistic",0.9,1600,2200,TRUE,TRUE,1,TRUE,TRUE,TRUE,FALSE,FALSE
196,"B_smooth_logistic",0.9,2200,2800,TRUE,TRUE,0.94,TRUE,TRUE,TRUE,FALSE,FALSE
197,"B_smooth_logistic",0.9,1600,2200,TRUE,TRUE,0.622352941176471,TRUE,TRUE,TRUE,FALSE,FALSE
198,"B_smooth_logistic",0.9,1600,2200,TRUE,TRUE,1,TRUE,TRUE,TRUE,FALSE,FALSE
199,"B_smooth_logistic",0.9,1600,1600,TRUE,TRUE,1,TRUE,TRUE,TRUE,FALSE,FALSE
200,"B_smooth_logistic",0.9,1600,2200,TRUE,TRUE,1,TRUE,TRUE,TRUE,FALSE,FALSE
201,"B_smooth_logistic",0.9,1600,2200,TRUE,TRUE,0.983529411764706,TRUE,TRUE,TRUE,FALSE,FALSE
202,"B_smooth_logistic",0.9,2200,2200,TRUE,TRUE,0.587058823529412,TRUE,TRUE,TRUE,FALSE,FALSE
203,"B_smooth_logistic",0.9,1600,1600,TRUE,TRUE,0.640294117647059,TRUE,TRUE,TRUE,FALSE,FALSE
204,"B_smooth_logistic",0.9,1600,1600,TRUE,TRUE,1,TRUE,TRUE,TRUE,FALSE,FALSE
205,"B_smooth_logistic",0.9,1600,2200,TRUE,TRUE,0.667352941176471,TRUE,TRUE,TRUE,FALSE,FALSE
206,"B_smooth_logistic",0.9,1600,4000,TRUE,TRUE,0.610588235294118,TRUE,TRUE,TRUE,FALSE,FALSE
207,"B_smooth_logistic",0.9,1600,2200,TRUE,TRUE,0.682941176470588,TRUE,TRUE,TRUE,FALSE,FALSE
208,"B_smooth_logistic",0.9,3400,NA,TRUE,FALSE,0.645588235294118,TRUE,TRUE,FALSE,FALSE,FALSE
209,"B_smooth_logistic",0.9,1600,2800,TRUE,TRUE,0.741176470588235,TRUE,TRUE,TRUE,FALSE,FALSE
210,"B_smooth_logistic",0.9,1600,1600,TRUE,TRUE,1,TRUE,TRUE,TRUE,FALSE,FALSE
211,"B_smooth_logistic",0.9,1600,1600,TRUE,TRUE,1,TRUE,TRUE,TRUE,FALSE,FALSE
212,"B_smooth_logistic",0.9,1600,2800,TRUE,TRUE,0.683529411764706,TRUE,TRUE,TRUE,FALSE,FALSE
213,"B_smooth_logistic",0.9,1600,2200,TRUE,TRUE,1,TRUE,TRUE,TRUE,FALSE,FALSE
214,"B_smooth_logistic",0.9,1600,2200,TRUE,TRUE,0.775588235294118,TRUE,TRUE,TRUE,FALSE,FALSE
215,"B_smooth_logistic",0.9,1600,1600,TRUE,TRUE,0.924117647058823,TRUE,TRUE,TRUE,FALSE,FALSE
216,"B_smooth_logistic",0.9,1600,1600,TRUE,TRUE,1,TRUE,TRUE,TRUE,FALSE,FALSE
217,"B_smooth_logistic",0.9,1600,2200,TRUE,TRUE,0.765882352941176,TRUE,TRUE,TRUE,FALSE,FALSE
218,"B_smooth_logistic",0.9,1600,NA,TRUE,FALSE,0.756176470588235,TRUE,TRUE,FALSE,FALSE,FALSE
219,"B_smooth_logistic",0.9,1600,NA,TRUE,FALSE,0.810294117647059,TRUE,TRUE,FALSE,FALSE,FALSE
220,"B_smooth_logistic",0.9,1600,1600,TRUE,TRUE,0.819705882352941,TRUE,TRUE,TRUE,FALSE,FALSE
221,"B_smooth_logistic",0.9,1600,2800,TRUE,TRUE,1,TRUE,TRUE,TRUE,FALSE,FALSE
222,"B_smooth_logistic",0.9,2200,2800,TRUE,TRUE,0.732352941176471,TRUE,TRUE,TRUE,FALSE,FALSE
223,"B_smooth_logistic",0.9,2200,3400,TRUE,TRUE,0.670588235294118,TRUE,TRUE,TRUE,FALSE,FALSE
224,"B_smooth_logistic",0.9,1600,1600,TRUE,TRUE,1,TRUE,TRUE,TRUE,FALSE,FALSE
225,"B_smooth_logistic",0.9,2200,4000,TRUE,TRUE,0.803235294117647,TRUE,TRUE,TRUE,FALSE,FALSE
226,"B_smooth_logistic",0.9,1600,1600,TRUE,TRUE,0.598823529411765,TRUE,TRUE,TRUE,FALSE,FALSE
227,"B_smooth_logistic",0.9,1600,1600,TRUE,TRUE,1,TRUE,TRUE,TRUE,FALSE,FALSE
228,"B_smooth_logistic",0.9,1600,1600,TRUE,TRUE,0.865,TRUE,TRUE,TRUE,FALSE,FALSE
229,"B_smooth_logistic",0.9,1600,2200,TRUE,TRUE,0.896470588235294,TRUE,TRUE,TRUE,FALSE,FALSE
230,"B_smooth_logistic",0.9,1600,2800,TRUE,TRUE,0.960882352941177,TRUE,TRUE,TRUE,FALSE,FALSE
231,"B_smooth_logistic",0.9,1600,2200,TRUE,TRUE,0.751764705882353,TRUE,TRUE,TRUE,FALSE,FALSE
232,"B_smooth_logistic",0.9,2200,3400,TRUE,TRUE,0.793823529411765,TRUE,TRUE,TRUE,FALSE,FALSE
233,"B_smooth_logistic",0.9,1600,2200,TRUE,TRUE,0.841176470588235,TRUE,TRUE,TRUE,FALSE,FALSE
234,"B_smooth_logistic",0.9,1600,2200,TRUE,TRUE,0.615,TRUE,TRUE,TRUE,FALSE,FALSE
235,"B_smooth_logistic",0.9,1600,1600,TRUE,TRUE,1,TRUE,TRUE,TRUE,FALSE,FALSE
236,"B_smooth_logistic",0.9,1600,2800,TRUE,TRUE,0.884705882352941,TRUE,TRUE,TRUE,FALSE,FALSE
237,"B_smooth_logistic",0.9,1600,4000,TRUE,TRUE,1,TRUE,TRUE,TRUE,FALSE,FALSE
238,"B_smooth_logistic",0.9,1600,1600,TRUE,TRUE,1,TRUE,TRUE,TRUE,FALSE,FALSE
239,"B_smooth_logistic",0.9,1600,2200,TRUE,TRUE,0.542058823529412,TRUE,TRUE,TRUE,FALSE,FALSE
240,"B_smooth_logistic",0.9,1600,1600,TRUE,TRUE,0.900882352941176,TRUE,TRUE,TRUE,FALSE,FALSE
241,"B_smooth_logistic",0.9,1600,4000,TRUE,TRUE,0.747941176470588,TRUE,TRUE,TRUE,FALSE,FALSE
242,"B_smooth_logistic",0.9,NA,NA,FALSE,FALSE,0.468235294117647,FALSE,TRUE,TRUE,FALSE,FALSE
243,"B_smooth_logistic",0.9,1600,1600,TRUE,TRUE,0.636470588235294,TRUE,TRUE,TRUE,FALSE,FALSE
244,"B_smooth_logistic",0.9,1600,1600,TRUE,TRUE,1,TRUE,TRUE,TRUE,FALSE,FALSE
245,"B_smooth_logistic",0.9,2200,2800,TRUE,TRUE,0.722058823529412,TRUE,TRUE,TRUE,FALSE,FALSE
246,"B_smooth_logistic",0.9,1600,1600,TRUE,TRUE,0.747352941176471,TRUE,TRUE,TRUE,FALSE,FALSE
247,"B_smooth_logistic",0.9,1600,3400,TRUE,TRUE,0.912647058823529,TRUE,TRUE,TRUE,FALSE,FALSE
248,"B_smooth_logistic",0.9,1600,2800,TRUE,TRUE,1,TRUE,TRUE,TRUE,FALSE,FALSE
249,"B_smooth_logistic",0.9,1600,2200,TRUE,TRUE,0.714705882352941,TRUE,TRUE,TRUE,FALSE,FALSE
250,"B_smooth_logistic",0.9,1600,2200,TRUE,TRUE,0.920294117647059,TRUE,TRUE,TRUE,FALSE,FALSE
251,"B_smooth_logistic",0.9,1600,2200,TRUE,TRUE,1,TRUE,TRUE,TRUE,FALSE,FALSE
252,"B_smooth_logistic",0.9,1600,1600,TRUE,TRUE,0.702058823529412,TRUE,TRUE,TRUE,FALSE,FALSE
253,"B_smooth_logistic",0.9,1600,2200,TRUE,TRUE,0.803529411764706,TRUE,TRUE,TRUE,FALSE,FALSE
254,"B_smooth_logistic",0.9,1600,2800,TRUE,TRUE,0.768235294117647,TRUE,TRUE,TRUE,FALSE,FALSE
255,"B_smooth_logistic",0.9,1600,1600,TRUE,TRUE,0.642941176470588,TRUE,TRUE,TRUE,FALSE,FALSE
256,"B_smooth_logistic",0.9,1600,2800,TRUE,TRUE,1,TRUE,TRUE,TRUE,FALSE,FALSE
257,"B_smooth_logistic",0.9,1600,2200,TRUE,TRUE,1,TRUE,TRUE,TRUE,FALSE,FALSE
258,"B_smooth_logistic",0.9,1600,1600,TRUE,TRUE,1,TRUE,TRUE,TRUE,FALSE,FALSE
259,"B_smooth_logistic",0.9,1600,2800,TRUE,TRUE,1,TRUE,TRUE,TRUE,FALSE,FALSE
260,"B_smooth_logistic",0.9,1600,1600,TRUE,TRUE,0.852352941176471,TRUE,TRUE,TRUE,FALSE,FALSE
261,"B_smooth_logistic",0.9,1600,2200,TRUE,TRUE,1,TRUE,TRUE,TRUE,FALSE,FALSE
262,"B_smooth_logistic",0.9,2200,2800,TRUE,TRUE,0.871470588235294,TRUE,TRUE,TRUE,FALSE,FALSE
263,"B_smooth_logistic",0.9,NA,NA,FALSE,FALSE,0,FALSE,TRUE,TRUE,FALSE,FALSE
264,"B_smooth_logistic",0.9,1600,3400,TRUE,TRUE,0.640882352941176,TRUE,TRUE,TRUE,FALSE,FALSE
265,"B_smooth_logistic",0.9,1600,2200,TRUE,TRUE,0.729705882352941,TRUE,TRUE,TRUE,FALSE,FALSE
266,"B_smooth_logistic",0.9,1600,1600,TRUE,TRUE,0.502647058823529,TRUE,TRUE,TRUE,FALSE,FALSE
267,"B_smooth_logistic",0.9,1600,2800,TRUE,TRUE,0.765,TRUE,TRUE,TRUE,FALSE,FALSE
268,"B_smooth_logistic",0.9,1600,3400,TRUE,TRUE,0.555588235294118,TRUE,TRUE,TRUE,FALSE,FALSE
269,"B_smooth_logistic",0.9,2200,3400,TRUE,TRUE,0.731176470588235,TRUE,TRUE,TRUE,FALSE,FALSE
270,"B_smooth_logistic",0.9,1600,2800,TRUE,TRUE,1,TRUE,TRUE,TRUE,FALSE,FALSE
271,"B_smooth_logistic",0.9,1600,1600,TRUE,TRUE,0.452647058823529,FALSE,FALSE,FALSE,TRUE,TRUE
272,"B_smooth_logistic",0.9,1600,1600,TRUE,TRUE,1,TRUE,TRUE,TRUE,FALSE,FALSE
273,"B_smooth_logistic",0.9,1600,1600,TRUE,TRUE,1,TRUE,TRUE,TRUE,FALSE,FALSE
274,"B_smooth_logistic",0.9,1600,NA,TRUE,FALSE,0.477647058823529,FALSE,FALSE,TRUE,TRUE,FALSE
275,"B_smooth_logistic",0.9,4000,NA,TRUE,FALSE,0.547647058823529,TRUE,TRUE,FALSE,FALSE,FALSE
276,"B_smooth_logistic",0.9,1600,3400,TRUE,TRUE,0.977352941176471,TRUE,TRUE,TRUE,FALSE,FALSE
277,"B_smooth_logistic",0.9,1600,1600,TRUE,TRUE,0.574117647058824,TRUE,TRUE,TRUE,FALSE,FALSE
278,"B_smooth_logistic",0.9,1600,2200,TRUE,TRUE,0.823235294117647,TRUE,TRUE,TRUE,FALSE,FALSE
279,"B_smooth_logistic",0.9,1600,2200,TRUE,TRUE,0.680294117647059,TRUE,TRUE,TRUE,FALSE,FALSE
280,"B_smooth_logistic",0.9,1600,2200,TRUE,TRUE,1,TRUE,TRUE,TRUE,FALSE,FALSE
281,"B_smooth_logistic",0.9,1600,2200,TRUE,TRUE,0.740882352941176,TRUE,TRUE,TRUE,FALSE,FALSE
282,"B_smooth_logistic",0.9,1600,1600,TRUE,TRUE,0.984117647058824,TRUE,TRUE,TRUE,FALSE,FALSE
283,"B_smooth_logistic",0.9,1600,NA,TRUE,FALSE,0.496470588235294,FALSE,FALSE,TRUE,TRUE,FALSE
284,"B_smooth_logistic",0.9,1600,2200,TRUE,TRUE,0.761176470588235,TRUE,TRUE,TRUE,FALSE,FALSE
285,"B_smooth_logistic",0.9,1600,1600,TRUE,TRUE,1,TRUE,TRUE,TRUE,FALSE,FALSE
286,"B_smooth_logistic",0.9,1600,4000,TRUE,TRUE,0.869411764705882,TRUE,TRUE,TRUE,FALSE,FALSE
287,"B_smooth_logistic",0.9,1600,2200,TRUE,TRUE,0.678823529411765,TRUE,TRUE,TRUE,FALSE,FALSE
288,"B_smooth_logistic",0.9,1600,1600,TRUE,TRUE,1,TRUE,TRUE,TRUE,FALSE,FALSE
289,"B_smooth_logistic",0.9,1600,1600,TRUE,TRUE,0.885294117647059,TRUE,TRUE,TRUE,FALSE,FALSE
290,"B_smooth_logistic",0.9,1600,2200,TRUE,TRUE,1,TRUE,TRUE,TRUE,FALSE,FALSE
291,"B_smooth_logistic",0.9,1600,2200,TRUE,TRUE,0.793823529411765,TRUE,TRUE,TRUE,FALSE,FALSE
292,"B_smooth_logistic",0.9,1600,1600,TRUE,TRUE,0.799705882352941,TRUE,TRUE,TRUE,FALSE,FALSE
293,"B_smooth_logistic",0.9,1600,1600,TRUE,TRUE,0.678823529411765,TRUE,TRUE,TRUE,FALSE,FALSE
294,"B_smooth_logistic",0.9,1600,1600,TRUE,TRUE,1,TRUE,TRUE,TRUE,FALSE,FALSE
295,"B_smooth_logistic",0.9,1600,2200,TRUE,TRUE,0.627058823529412,TRUE,TRUE,TRUE,FALSE,FALSE
296,"B_smooth_logistic",0.9,1600,2200,TRUE,TRUE,0.700588235294118,TRUE,TRUE,TRUE,FALSE,FALSE
297,"B_smooth_logistic",0.9,1600,2800,TRUE,TRUE,0.779411764705882,TRUE,TRUE,TRUE,FALSE,FALSE
298,"B_smooth_logistic",0.9,1600,1600,TRUE,TRUE,0.883235294117647,TRUE,TRUE,TRUE,FALSE,FALSE
299,"B_smooth_logistic",0.9,1600,1600,TRUE,TRUE,1,TRUE,TRUE,TRUE,FALSE,FALSE
300,"B_smooth_logistic",0.9,1600,1600,TRUE,TRUE,0.763529411764706,TRUE,TRUE,TRUE,FALSE,FALSE
301,"B_smooth_logistic",0.9,1600,2800,TRUE,TRUE,0.724117647058824,TRUE,TRUE,TRUE,FALSE,FALSE
302,"B_smooth_logistic",0.9,1600,1600,TRUE,TRUE,0.953235294117647,TRUE,TRUE,TRUE,FALSE,FALSE
303,"B_smooth_logistic",0.9,1600,2200,TRUE,TRUE,0.727352941176471,TRUE,TRUE,TRUE,FALSE,FALSE
304,"B_smooth_logistic",0.9,1600,1600,TRUE,TRUE,1,TRUE,TRUE,TRUE,FALSE,FALSE
305,"B_smooth_logistic",0.9,1600,1600,TRUE,TRUE,0.971470588235294,TRUE,TRUE,TRUE,FALSE,FALSE
306,"B_smooth_logistic",0.9,1600,2200,TRUE,TRUE,0.722058823529412,TRUE,TRUE,TRUE,FALSE,FALSE
307,"B_smooth_logistic",0.9,1600,2200,TRUE,TRUE,0.725,TRUE,TRUE,TRUE,FALSE,FALSE
308,"B_smooth_logistic",0.9,1600,1600,TRUE,TRUE,0.698823529411765,TRUE,TRUE,TRUE,FALSE,FALSE
309,"B_smooth_logistic",0.9,1600,3400,TRUE,TRUE,1,TRUE,TRUE,TRUE,FALSE,FALSE
310,"B_smooth_logistic",0.9,1600,1600,TRUE,TRUE,1,TRUE,TRUE,TRUE,FALSE,FALSE
311,"B_smooth_logistic",0.9,1600,2200,TRUE,TRUE,0.647941176470588,TRUE,TRUE,TRUE,FALSE,FALSE
312,"B_smooth_logistic",0.9,1600,2800,TRUE,TRUE,0.767647058823529,TRUE,TRUE,TRUE,FALSE,FALSE
313,"B_smooth_logistic",0.9,1600,2200,TRUE,TRUE,0.687352941176471,TRUE,TRUE,TRUE,FALSE,FALSE
314,"B_smooth_logistic",0.9,1600,2200,TRUE,TRUE,1,TRUE,TRUE,TRUE,FALSE,FALSE
315,"B_smooth_logistic",0.9,1600,1600,TRUE,TRUE,1,TRUE,TRUE,TRUE,FALSE,FALSE
316,"B_smooth_logistic",0.9,1600,1600,TRUE,TRUE,0.997352941176471,TRUE,TRUE,TRUE,FALSE,FALSE
317,"B_smooth_logistic",0.9,1600,2800,TRUE,TRUE,1,TRUE,TRUE,TRUE,FALSE,FALSE
318,"B_smooth_logistic",0.9,1600,1600,TRUE,TRUE,1,TRUE,TRUE,TRUE,FALSE,FALSE
319,"B_smooth_logistic",0.9,1600,1600,TRUE,TRUE,0.967352941176471,TRUE,TRUE,TRUE,FALSE,FALSE
320,"B_smooth_logistic",0.9,1600,NA,TRUE,FALSE,0.975882352941176,TRUE,TRUE,FALSE,FALSE,FALSE
321,"B_smooth_logistic",0.9,1600,2200,TRUE,TRUE,0.916176470588235,TRUE,TRUE,TRUE,FALSE,FALSE
322,"B_smooth_logistic",0.9,1600,2200,TRUE,TRUE,0.851176470588235,TRUE,TRUE,TRUE,FALSE,FALSE
323,"B_smooth_logistic",0.9,1600,1600,TRUE,TRUE,0.719411764705882,TRUE,TRUE,TRUE,FALSE,FALSE
324,"B_smooth_logistic",0.9,1600,2200,TRUE,TRUE,0.743823529411765,TRUE,TRUE,TRUE,FALSE,FALSE
325,"B_smooth_logistic",0.9,1600,1600,TRUE,TRUE,0.846470588235294,TRUE,TRUE,TRUE,FALSE,FALSE
326,"B_smooth_logistic",0.9,1600,1600,TRUE,TRUE,0.660588235294118,TRUE,TRUE,TRUE,FALSE,FALSE
327,"B_smooth_logistic",0.9,2200,3400,TRUE,TRUE,0.733235294117647,TRUE,TRUE,TRUE,FALSE,FALSE
328,"B_smooth_logistic",0.9,2200,3400,TRUE,TRUE,0.660882352941176,TRUE,TRUE,TRUE,FALSE,FALSE
329,"B_smooth_logistic",0.9,1600,1600,TRUE,TRUE,0.647352941176471,TRUE,TRUE,TRUE,FALSE,FALSE
330,"B_smooth_logistic",0.9,1600,1600,TRUE,TRUE,1,TRUE,TRUE,TRUE,FALSE,FALSE
331,"B_smooth_logistic",0.9,1600,2800,TRUE,TRUE,1,TRUE,TRUE,TRUE,FALSE,FALSE
332,"B_smooth_logistic",0.9,1600,3400,TRUE,TRUE,1,TRUE,TRUE,TRUE,FALSE,FALSE
333,"B_smooth_logistic",0.9,1600,1600,TRUE,TRUE,0.741470588235294,TRUE,TRUE,TRUE,FALSE,FALSE
334,"B_smooth_logistic",0.9,1600,1600,TRUE,TRUE,0.948529411764706,TRUE,TRUE,TRUE,FALSE,FALSE
335,"B_smooth_logistic",0.9,1600,3400,TRUE,TRUE,0.687352941176471,TRUE,TRUE,TRUE,FALSE,FALSE
336,"B_smooth_logistic",0.9,1600,2200,TRUE,TRUE,0.659705882352941,TRUE,TRUE,TRUE,FALSE,FALSE
337,"B_smooth_logistic",0.9,1600,1600,TRUE,TRUE,1,TRUE,TRUE,TRUE,FALSE,FALSE
338,"B_smooth_logistic",0.9,1600,2800,TRUE,TRUE,0.784411764705882,TRUE,TRUE,TRUE,FALSE,FALSE
339,"B_smooth_logistic",0.9,2200,2800,TRUE,TRUE,1,TRUE,TRUE,TRUE,FALSE,FALSE
340,"B_smooth_logistic",0.9,1600,1600,TRUE,TRUE,0.705294117647059,TRUE,TRUE,TRUE,FALSE,FALSE
341,"B_smooth_logistic",0.9,1600,4000,TRUE,TRUE,1,TRUE,TRUE,TRUE,FALSE,FALSE
342,"B_smooth_logistic",0.9,1600,1600,TRUE,TRUE,0.723823529411765,TRUE,TRUE,TRUE,FALSE,FALSE
343,"B_smooth_logistic",0.9,1600,1600,TRUE,TRUE,1,TRUE,TRUE,TRUE,FALSE,FALSE
344,"B_smooth_logistic",0.9,1600,1600,TRUE,TRUE,1,TRUE,TRUE,TRUE,FALSE,FALSE
345,"B_smooth_logistic",0.9,1600,1600,TRUE,TRUE,0.651176470588235,TRUE,TRUE,TRUE,FALSE,FALSE
346,"B_smooth_logistic",0.9,1600,2800,TRUE,TRUE,0.812941176470588,TRUE,TRUE,TRUE,FALSE,FALSE
347,"B_smooth_logistic",0.9,1600,1600,TRUE,TRUE,0.660588235294118,TRUE,TRUE,TRUE,FALSE,FALSE
348,"B_smooth_logistic",0.9,1600,1600,TRUE,TRUE,1,TRUE,TRUE,TRUE,FALSE,FALSE
349,"B_smooth_logistic",0.9,1600,2800,TRUE,TRUE,0.795294117647059,TRUE,TRUE,TRUE,FALSE,FALSE
350,"B_smooth_logistic",0.9,1600,1600,TRUE,TRUE,0.961764705882353,TRUE,TRUE,TRUE,FALSE,FALSE
351,"B_smooth_logistic",0.9,1600,1600,TRUE,TRUE,0.925588235294118,TRUE,TRUE,TRUE,FALSE,FALSE
352,"B_smooth_logistic",0.9,1600,2200,TRUE,TRUE,0.658529411764706,TRUE,TRUE,TRUE,FALSE,FALSE
353,"B_smooth_logistic",0.9,2200,NA,TRUE,FALSE,0.883823529411765,TRUE,TRUE,FALSE,FALSE,FALSE
354,"B_smooth_logistic",0.9,1600,1600,TRUE,TRUE,1,TRUE,TRUE,TRUE,FALSE,FALSE
355,"B_smooth_logistic",0.9,1600,1600,TRUE,TRUE,0.951176470588235,TRUE,TRUE,TRUE,FALSE,FALSE
356,"B_smooth_logistic",0.9,1600,3400,TRUE,TRUE,0.78,TRUE,TRUE,TRUE,FALSE,FALSE
357,"B_smooth_logistic",0.9,1600,2200,TRUE,TRUE,1,TRUE,TRUE,TRUE,FALSE,FALSE
358,"B_smooth_logistic",0.9,1600,NA,TRUE,FALSE,1,TRUE,TRUE,FALSE,FALSE,FALSE
359,"B_smooth_logistic",0.9,1600,2800,TRUE,TRUE,1,TRUE,TRUE,TRUE,FALSE,FALSE
360,"B_smooth_logistic",0.9,1600,3400,TRUE,TRUE,0.578823529411765,TRUE,TRUE,TRUE,FALSE,FALSE
361,"B_smooth_logistic",0.9,1600,2200,TRUE,TRUE,0.912941176470588,TRUE,TRUE,TRUE,FALSE,FALSE
362,"B_smooth_logistic",0.9,1600,1600,TRUE,TRUE,0.959117647058824,TRUE,TRUE,TRUE,FALSE,FALSE
363,"B_smooth_logistic",0.9,1600,2800,TRUE,TRUE,0.615294117647059,TRUE,TRUE,TRUE,FALSE,FALSE
364,"B_smooth_logistic",0.9,1600,1600,TRUE,TRUE,1,TRUE,TRUE,TRUE,FALSE,FALSE
365,"B_smooth_logistic",0.9,1600,1600,TRUE,TRUE,0.812941176470588,TRUE,TRUE,TRUE,FALSE,FALSE
366,"B_smooth_logistic",0.9,1600,2200,TRUE,TRUE,0.649705882352941,TRUE,TRUE,TRUE,FALSE,FALSE
367,"B_smooth_logistic",0.9,1600,2200,TRUE,TRUE,1,TRUE,TRUE,TRUE,FALSE,FALSE
368,"B_smooth_logistic",0.9,1600,1600,TRUE,TRUE,0.596176470588235,TRUE,TRUE,TRUE,FALSE,FALSE
369,"B_smooth_logistic",0.9,1600,2200,TRUE,TRUE,0.821470588235294,TRUE,TRUE,TRUE,FALSE,FALSE
370,"B_smooth_logistic",0.9,2200,3400,TRUE,TRUE,1,TRUE,TRUE,TRUE,FALSE,FALSE
371,"B_smooth_logistic",0.9,2800,3400,TRUE,TRUE,0.511176470588235,TRUE,TRUE,TRUE,FALSE,FALSE
372,"B_smooth_logistic",0.9,2200,NA,TRUE,FALSE,1,TRUE,TRUE,FALSE,FALSE,FALSE
373,"B_smooth_logistic",0.9,1600,2800,TRUE,TRUE,0.916470588235294,TRUE,TRUE,TRUE,FALSE,FALSE
374,"B_smooth_logistic",0.9,1600,2800,TRUE,TRUE,1,TRUE,TRUE,TRUE,FALSE,FALSE
375,"B_smooth_logistic",0.9,1600,1600,TRUE,TRUE,0.772352941176471,TRUE,TRUE,TRUE,FALSE,FALSE
376,"B_smooth_logistic",0.9,1600,4000,TRUE,TRUE,0.582647058823529,TRUE,TRUE,TRUE,FALSE,FALSE
377,"B_smooth_logistic",0.9,1600,2200,TRUE,TRUE,0.868235294117647,TRUE,TRUE,TRUE,FALSE,FALSE
378,"B_smooth_logistic",0.9,1600,2200,TRUE,TRUE,0.673823529411765,TRUE,TRUE,TRUE,FALSE,FALSE
379,"B_smooth_logistic",0.9,1600,2200,TRUE,TRUE,1,TRUE,TRUE,TRUE,FALSE,FALSE
380,"B_smooth_logistic",0.9,1600,2800,TRUE,TRUE,0.68,TRUE,TRUE,TRUE,FALSE,FALSE
381,"B_smooth_logistic",0.9,1600,1600,TRUE,TRUE,1,TRUE,TRUE,TRUE,FALSE,FALSE
382,"B_smooth_logistic",0.9,1600,1600,TRUE,TRUE,0.722647058823529,TRUE,TRUE,TRUE,FALSE,FALSE
383,"B_smooth_logistic",0.9,1600,2800,TRUE,TRUE,0.933529411764706,TRUE,TRUE,TRUE,FALSE,FALSE
384,"B_smooth_logistic",0.9,1600,1600,TRUE,TRUE,1,TRUE,TRUE,TRUE,FALSE,FALSE
385,"B_smooth_logistic",0.9,2800,NA,TRUE,FALSE,0.701764705882353,TRUE,TRUE,FALSE,FALSE,FALSE
386,"B_smooth_logistic",0.9,1600,2200,TRUE,TRUE,0.879705882352941,TRUE,TRUE,TRUE,FALSE,FALSE
387,"B_smooth_logistic",0.9,1600,1600,TRUE,TRUE,0.997647058823529,TRUE,TRUE,TRUE,FALSE,FALSE
388,"B_smooth_logistic",0.9,1600,2800,TRUE,TRUE,0.57,TRUE,TRUE,TRUE,FALSE,FALSE
389,"B_smooth_logistic",0.9,1600,1600,TRUE,TRUE,1,TRUE,TRUE,TRUE,FALSE,FALSE
390,"B_smooth_logistic",0.9,1600,1600,TRUE,TRUE,0.845588235294118,TRUE,TRUE,TRUE,FALSE,FALSE
391,"B_smooth_logistic",0.9,1600,1600,TRUE,TRUE,0.926764705882353,TRUE,TRUE,TRUE,FALSE,FALSE
392,"B_smooth_logistic",0.9,1600,2800,TRUE,TRUE,0.509117647058824,TRUE,TRUE,TRUE,FALSE,FALSE
393,"B_smooth_logistic",0.9,1600,1600,TRUE,TRUE,1,TRUE,TRUE,TRUE,FALSE,FALSE
394,"B_smooth_logistic",0.9,2200,2800,TRUE,TRUE,0.848235294117647,TRUE,TRUE,TRUE,FALSE,FALSE
395,"B_smooth_logistic",0.9,1600,1600,TRUE,TRUE,0.802352941176471,TRUE,TRUE,TRUE,FALSE,FALSE
396,"B_smooth_logistic",0.9,1600,1600,TRUE,TRUE,1,TRUE,TRUE,TRUE,FALSE,FALSE
397,"B_smooth_logistic",0.9,1600,2800,TRUE,TRUE,1,TRUE,TRUE,TRUE,FALSE,FALSE
398,"B_smooth_logistic",0.9,1600,1600,TRUE,TRUE,1,TRUE,TRUE,TRUE,FALSE,FALSE
399,"B_smooth_logistic",0.9,1600,1600,TRUE,TRUE,0.811470588235294,TRUE,TRUE,TRUE,FALSE,FALSE
400,"B_smooth_logistic",0.9,1600,2200,TRUE,TRUE,0.821470588235294,TRUE,TRUE,TRUE,FALSE,FALSE
401,"B_smooth_logistic",0.9,1600,1600,TRUE,TRUE,1,TRUE,TRUE,TRUE,FALSE,FALSE
402,"B_smooth_logistic",0.9,1600,1600,TRUE,TRUE,1,TRUE,TRUE,TRUE,FALSE,FALSE
403,"B_smooth_logistic",0.9,1600,3400,TRUE,TRUE,0.829705882352941,TRUE,TRUE,TRUE,FALSE,FALSE
404,"B_smooth_logistic",0.9,1600,1600,TRUE,TRUE,1,TRUE,TRUE,TRUE,FALSE,FALSE
405,"B_smooth_logistic",0.9,1600,1600,TRUE,TRUE,1,TRUE,TRUE,TRUE,FALSE,FALSE
406,"B_smooth_logistic",0.9,1600,1600,TRUE,TRUE,1,TRUE,TRUE,TRUE,FALSE,FALSE
407,"B_smooth_logistic",0.9,1600,2200,TRUE,TRUE,1,TRUE,TRUE,TRUE,FALSE,FALSE
408,"B_smooth_logistic",0.9,1600,2800,TRUE,TRUE,1,TRUE,TRUE,TRUE,FALSE,FALSE
409,"B_smooth_logistic",0.9,1600,1600,TRUE,TRUE,0.692058823529412,TRUE,TRUE,TRUE,FALSE,FALSE
410,"B_smooth_logistic",0.9,1600,1600,TRUE,TRUE,0.618235294117647,TRUE,TRUE,TRUE,FALSE,FALSE
411,"B_smooth_logistic",0.9,1600,3400,TRUE,TRUE,0.557647058823529,TRUE,TRUE,TRUE,FALSE,FALSE
412,"B_smooth_logistic",0.9,1600,2200,TRUE,TRUE,0.812058823529412,TRUE,TRUE,TRUE,FALSE,FALSE
413,"B_smooth_logistic",0.9,1600,1600,TRUE,TRUE,1,TRUE,TRUE,TRUE,FALSE,FALSE
414,"B_smooth_logistic",0.9,1600,2800,TRUE,TRUE,0.851176470588235,TRUE,TRUE,TRUE,FALSE,FALSE
415,"B_smooth_logistic",0.9,1600,2200,TRUE,TRUE,0.859411764705882,TRUE,TRUE,TRUE,FALSE,FALSE
416,"B_smooth_logistic",0.9,1600,2200,TRUE,TRUE,0.900882352941176,TRUE,TRUE,TRUE,FALSE,FALSE
417,"B_smooth_logistic",0.9,1600,1600,TRUE,TRUE,1,TRUE,TRUE,TRUE,FALSE,FALSE
418,"B_smooth_logistic",0.9,1600,1600,TRUE,TRUE,0.577647058823529,TRUE,TRUE,TRUE,FALSE,FALSE
419,"B_smooth_logistic",0.9,1600,2200,TRUE,TRUE,1,TRUE,TRUE,TRUE,FALSE,FALSE
420,"B_smooth_logistic",0.9,1600,2200,TRUE,TRUE,0.832058823529412,TRUE,TRUE,TRUE,FALSE,FALSE
421,"B_smooth_logistic",0.9,1600,2200,TRUE,TRUE,0.910294117647059,TRUE,TRUE,TRUE,FALSE,FALSE
422,"B_smooth_logistic",0.9,1600,2200,TRUE,TRUE,0.751176470588235,TRUE,TRUE,TRUE,FALSE,FALSE
423,"B_smooth_logistic",0.9,1600,1600,TRUE,TRUE,1,TRUE,TRUE,TRUE,FALSE,FALSE
424,"B_smooth_logistic",0.9,3400,NA,TRUE,FALSE,0.627941176470588,TRUE,TRUE,FALSE,FALSE,FALSE
425,"B_smooth_logistic",0.9,2800,4000,TRUE,TRUE,0.544117647058823,TRUE,TRUE,TRUE,FALSE,FALSE
426,"B_smooth_logistic",0.9,1600,1600,TRUE,TRUE,0.944117647058824,TRUE,TRUE,TRUE,FALSE,FALSE
427,"B_smooth_logistic",0.9,1600,1600,TRUE,TRUE,1,TRUE,TRUE,TRUE,FALSE,FALSE
428,"B_smooth_logistic",0.9,1600,2200,TRUE,TRUE,0.640294117647059,TRUE,TRUE,TRUE,FALSE,FALSE
429,"B_smooth_logistic",0.9,1600,1600,TRUE,TRUE,0.883235294117647,TRUE,TRUE,TRUE,FALSE,FALSE
430,"B_smooth_logistic",0.9,1600,2800,TRUE,TRUE,0.709705882352941,TRUE,TRUE,TRUE,FALSE,FALSE
431,"B_smooth_logistic",0.9,1600,1600,TRUE,TRUE,0.588823529411765,TRUE,TRUE,TRUE,FALSE,FALSE
432,"B_smooth_logistic",0.9,1600,1600,TRUE,TRUE,1,TRUE,TRUE,TRUE,FALSE,FALSE
433,"B_smooth_logistic",0.9,1600,3400,TRUE,TRUE,0.924117647058823,TRUE,TRUE,TRUE,FALSE,FALSE
434,"B_smooth_logistic",0.9,1600,2800,TRUE,TRUE,0.669411764705882,TRUE,TRUE,TRUE,FALSE,FALSE
435,"B_smooth_logistic",0.9,1600,1600,TRUE,TRUE,1,TRUE,TRUE,TRUE,FALSE,FALSE
436,"B_smooth_logistic",0.9,1600,4000,TRUE,TRUE,0.835882352941177,TRUE,TRUE,TRUE,FALSE,FALSE
437,"B_smooth_logistic",0.9,1600,2200,TRUE,TRUE,1,TRUE,TRUE,TRUE,FALSE,FALSE
438,"B_smooth_logistic",0.9,1600,2200,TRUE,TRUE,0.850882352941176,TRUE,TRUE,TRUE,FALSE,FALSE
439,"B_smooth_logistic",0.9,1600,1600,TRUE,TRUE,0.746764705882353,TRUE,TRUE,TRUE,FALSE,FALSE
440,"B_smooth_logistic",0.9,1600,1600,TRUE,TRUE,1,TRUE,TRUE,TRUE,FALSE,FALSE
441,"B_smooth_logistic",0.9,1600,2800,TRUE,TRUE,0.699117647058824,TRUE,TRUE,TRUE,FALSE,FALSE
442,"B_smooth_logistic",0.9,1600,1600,TRUE,TRUE,1,TRUE,TRUE,TRUE,FALSE,FALSE
443,"B_smooth_logistic",0.9,1600,1600,TRUE,TRUE,1,TRUE,TRUE,TRUE,FALSE,FALSE
444,"B_smooth_logistic",0.9,1600,2200,TRUE,TRUE,0.707647058823529,TRUE,TRUE,TRUE,FALSE,FALSE
445,"B_smooth_logistic",0.9,1600,1600,TRUE,TRUE,1,TRUE,TRUE,TRUE,FALSE,FALSE
446,"B_smooth_logistic",0.9,1600,2200,TRUE,TRUE,0.950588235294118,TRUE,TRUE,TRUE,FALSE,FALSE
447,"B_smooth_logistic",0.9,1600,2200,TRUE,TRUE,0.748823529411765,TRUE,TRUE,TRUE,FALSE,FALSE
448,"B_smooth_logistic",0.9,1600,2200,TRUE,TRUE,0.781176470588235,TRUE,TRUE,TRUE,FALSE,FALSE
449,"B_smooth_logistic",0.9,1600,3400,TRUE,TRUE,1,TRUE,TRUE,TRUE,FALSE,FALSE
450,"B_smooth_logistic",0.9,1600,1600,TRUE,TRUE,1,TRUE,TRUE,TRUE,FALSE,FALSE
451,"B_smooth_logistic",0.9,1600,2200,TRUE,TRUE,0.739411764705882,TRUE,TRUE,TRUE,FALSE,FALSE
452,"B_smooth_logistic",0.9,1600,2200,TRUE,TRUE,0.811764705882353,TRUE,TRUE,TRUE,FALSE,FALSE
453,"B_smooth_logistic",0.9,1600,1600,TRUE,TRUE,0.832941176470588,TRUE,TRUE,TRUE,FALSE,FALSE
454,"B_smooth_logistic",0.9,1600,1600,TRUE,TRUE,0.837352941176471,TRUE,TRUE,TRUE,FALSE,FALSE
455,"B_smooth_logistic",0.9,1600,2800,TRUE,TRUE,1,TRUE,TRUE,TRUE,FALSE,FALSE
456,"B_smooth_logistic",0.9,1600,1600,TRUE,TRUE,0.822058823529412,TRUE,TRUE,TRUE,FALSE,FALSE
457,"B_smooth_logistic",0.9,1600,1600,TRUE,TRUE,0.816470588235294,TRUE,TRUE,TRUE,FALSE,FALSE
458,"B_smooth_logistic",0.9,2200,2800,TRUE,TRUE,1,TRUE,TRUE,TRUE,FALSE,FALSE
459,"B_smooth_logistic",0.9,1600,1600,TRUE,TRUE,0.636764705882353,TRUE,TRUE,TRUE,FALSE,FALSE
460,"B_smooth_logistic",0.9,1600,1600,TRUE,TRUE,1,TRUE,TRUE,TRUE,FALSE,FALSE
461,"B_smooth_logistic",0.9,1600,1600,TRUE,TRUE,0.591470588235294,TRUE,TRUE,TRUE,FALSE,FALSE
462,"B_smooth_logistic",0.9,1600,2800,TRUE,TRUE,0.795882352941176,TRUE,TRUE,TRUE,FALSE,FALSE
463,"B_smooth_logistic",0.9,1600,1600,TRUE,TRUE,0.927647058823529,TRUE,TRUE,TRUE,FALSE,FALSE
464,"B_smooth_logistic",0.9,2800,3400,TRUE,TRUE,1,TRUE,TRUE,TRUE,FALSE,FALSE
465,"B_smooth_logistic",0.9,1600,1600,TRUE,TRUE,0.869117647058824,TRUE,TRUE,TRUE,FALSE,FALSE
466,"B_smooth_logistic",0.9,NA,NA,FALSE,FALSE,0.449705882352941,FALSE,TRUE,TRUE,FALSE,FALSE
467,"B_smooth_logistic",0.9,1600,2200,TRUE,TRUE,1,TRUE,TRUE,TRUE,FALSE,FALSE
468,"B_smooth_logistic",0.9,1600,2200,TRUE,TRUE,1,TRUE,TRUE,TRUE,FALSE,FALSE
469,"B_smooth_logistic",0.9,1600,2200,TRUE,TRUE,0.993529411764706,TRUE,TRUE,TRUE,FALSE,FALSE
470,"B_smooth_logistic",0.9,1600,2200,TRUE,TRUE,0.575882352941177,TRUE,TRUE,TRUE,FALSE,FALSE
471,"B_smooth_logistic",0.9,2200,2800,TRUE,TRUE,1,TRUE,TRUE,TRUE,FALSE,FALSE
472,"B_smooth_logistic",0.9,2200,3400,TRUE,TRUE,0.712941176470588,TRUE,TRUE,TRUE,FALSE,FALSE
473,"B_smooth_logistic",0.9,1600,2200,TRUE,TRUE,0.915,TRUE,TRUE,TRUE,FALSE,FALSE
474,"B_smooth_logistic",0.9,1600,2200,TRUE,TRUE,0.549705882352941,TRUE,TRUE,TRUE,FALSE,FALSE
475,"B_smooth_logistic",0.9,1600,2800,TRUE,TRUE,1,TRUE,TRUE,TRUE,FALSE,FALSE
476,"B_smooth_logistic",0.9,1600,4000,TRUE,TRUE,1,TRUE,TRUE,TRUE,FALSE,FALSE
477,"B_smooth_logistic",0.9,1600,2200,TRUE,TRUE,0.775882352941176,TRUE,TRUE,TRUE,FALSE,FALSE
478,"B_smooth_logistic",0.9,NA,NA,FALSE,FALSE,0.451764705882353,FALSE,TRUE,TRUE,FALSE,FALSE
479,"B_smooth_logistic",0.9,1600,2200,TRUE,TRUE,1,TRUE,TRUE,TRUE,FALSE,FALSE
480,"B_smooth_logistic",0.9,1600,2800,TRUE,TRUE,0.698235294117647,TRUE,TRUE,TRUE,FALSE,FALSE
481,"B_smooth_logistic",0.9,1600,1600,TRUE,TRUE,1,TRUE,TRUE,TRUE,FALSE,FALSE
482,"B_smooth_logistic",0.9,1600,2200,TRUE,TRUE,0.941176470588235,TRUE,TRUE,TRUE,FALSE,FALSE
483,"B_smooth_logistic",0.9,1600,1600,TRUE,TRUE,0.667352941176471,TRUE,TRUE,TRUE,FALSE,FALSE
484,"B_smooth_logistic",0.9,1600,1600,TRUE,TRUE,1,TRUE,TRUE,TRUE,FALSE,FALSE
485,"B_smooth_logistic",0.9,1600,3400,TRUE,TRUE,0.636176470588235,TRUE,TRUE,TRUE,FALSE,FALSE
486,"B_smooth_logistic",0.9,1600,1600,TRUE,TRUE,0.739411764705882,TRUE,TRUE,TRUE,FALSE,FALSE
487,"B_smooth_logistic",0.9,1600,1600,TRUE,TRUE,0.722647058823529,TRUE,TRUE,TRUE,FALSE,FALSE
488,"B_smooth_logistic",0.9,1600,1600,TRUE,TRUE,1,TRUE,TRUE,TRUE,FALSE,FALSE
489,"B_smooth_logistic",0.9,1600,1600,TRUE,TRUE,0.740294117647059,TRUE,TRUE,TRUE,FALSE,FALSE
490,"B_smooth_logistic",0.9,1600,2800,TRUE,TRUE,0.803823529411765,TRUE,TRUE,TRUE,FALSE,FALSE
491,"B_smooth_logistic",0.9,1600,1600,TRUE,TRUE,1,TRUE,TRUE,TRUE,FALSE,FALSE
492,"B_smooth_logistic",0.9,1600,1600,TRUE,TRUE,0.542058823529412,TRUE,TRUE,TRUE,FALSE,FALSE
493,"B_smooth_logistic",0.9,1600,1600,TRUE,TRUE,1,TRUE,TRUE,TRUE,FALSE,FALSE
494,"B_smooth_logistic",0.9,1600,1600,TRUE,TRUE,0.662647058823529,TRUE,TRUE,TRUE,FALSE,FALSE
495,"B_smooth_logistic",0.9,1600,1600,TRUE,TRUE,1,TRUE,TRUE,TRUE,FALSE,FALSE
496,"B_smooth_logistic",0.9,1600,1600,TRUE,TRUE,1,TRUE,TRUE,TRUE,FALSE,FALSE
497,"B_smooth_logistic",0.9,1600,1600,TRUE,TRUE,0.965,TRUE,TRUE,TRUE,FALSE,FALSE
498,"B_smooth_logistic",0.9,1600,2200,TRUE,TRUE,1,TRUE,TRUE,TRUE,FALSE,FALSE
499,"B_smooth_logistic",0.9,1600,2800,TRUE,TRUE,0.643823529411765,TRUE,TRUE,TRUE,FALSE,FALSE
500,"B_smooth_logistic",0.9,1600,1600,TRUE,TRUE,0.686470588235294,TRUE,TRUE,TRUE,FALSE,FALSE
